ISO-10303-21;
HEADER;
FILE_DESCRIPTION(('FreeCAD Model'),'2;1');
FILE_NAME('Open CASCADE Shape Model','2026-09-10T18:29:39',('FreeCAD'),(
    'FreeCAD'),'Open CASCADE STEP processor 7.8','FreeCAD','Unknown');
FILE_SCHEMA(('AUTOMOTIVE_DESIGN { 1 0 10303 214 1 1 1 1 }'));
ENDSEC;
DATA;
#1 = APPLICATION_PROTOCOL_DEFINITION('international standard',
  'automotive_design',2000,#2);
#2 = APPLICATION_CONTEXT(
  'core data for automotive mechanical design processes');
#3 = SHAPE_DEFINITION_REPRESENTATION(#4,#10);
#4 = PRODUCT_DEFINITION_SHAPE('','',#5);
#5 = PRODUCT_DEFINITION('design','',#6,#9);
#6 = PRODUCT_DEFINITION_FORMATION('','',#7);
#7 = PRODUCT('Open CASCADE STEP translator 7.8 4',
  'Open CASCADE STEP translator 7.8 4','',(#8));
#8 = PRODUCT_CONTEXT('',#2,'mechanical');
#9 = PRODUCT_DEFINITION_CONTEXT('part definition',#2,'design');
#10 = SHAPE_REPRESENTATION('',(#11,#15,#9447,#9456,#9465,#9474,#9483,
    #9492,#9501,#9510,#9519,#9528,#9537,#9546,#9555,#9563),#9571);
#11 = AXIS2_PLACEMENT_3D('',#12,#13,#14);
#12 = CARTESIAN_POINT('',(0.,0.,0.));
#13 = DIRECTION('',(0.,0.,1.));
#14 = DIRECTION('',(1.,0.,-0.));
#15 = MANIFOLD_SOLID_BREP('',#16);
#16 = CLOSED_SHELL('',(#17,#59,#101,#143,#185,#227,#260,#302,#335,#407,
    #454,#494,#534,#645,#685,#716,#818,#842,#866,#883,#907,#939,#1084,
    #1147,#1178,#1242,#1273,#1304,#1360,#1407,#1437,#1461,#1485,#1502,
    #1526,#1550,#1581,#1621,#1692,#1732,#1763,#1821,#1852,#1890,#1922,
    #1955,#1979,#2054,#2071,#2097,#2121,#2140,#2157,#2190,#2212,#2229,
    #2246,#2270,#2294,#2446,#2477,#2494,#2712,#2736,#2793,#2852,#2869,
    #2893,#2910,#2941,#2958,#2980,#2992,#3014,#3031,#3056,#3089,#3114,
    #3162,#3186,#3234,#3259,#3285,#3310,#3343,#3360,#3392,#3416,#3449,
    #3474,#3496,#3520,#3545,#3562,#3594,#3625,#3656,#3668,#3686,#3832,
    #3863,#3888,#3906,#3932,#3950,#3963,#3988,#4006,#4029,#4042,#4066,
    #4083,#4101,#4113,#4137,#4168,#4192,#4299,#4389,#4455,#4479,#4579,
    #4669,#4735,#4784,#4840,#4864,#4954,#5044,#5110,#5203,#5227,#5251,
    #5275,#5314,#5353,#5419,#5485,#5550,#5581,#5638,#5704,#5769,#5786,
    #5803,#5820,#5837,#5849,#5932,#5998,#6057,#6122,#6227,#6251,#6276,
    #6300,#6325,#6349,#6423,#6447,#6472,#6507,#6566,#6631,#6648,#6665,
    #6677,#6694,#6711,#6728,#6745,#6762,#6774,#6878,#6982,#6994,#7011,
    #7115,#7214,#7231,#7248,#7260,#7272,#7289,#7306,#7323,#7340,#7357,
    #7374,#7391,#7408,#7420,#7432,#7449,#7466,#7478,#7490,#7507,#7524,
    #7541,#7558,#7575,#7592,#7609,#7626,#7638,#7650,#7667,#7684,#7701,
    #7718,#7730,#7747,#7764,#7781,#7798,#7810,#7859,#7877,#7889,#7913,
    #7955,#7978,#7990,#8002,#8019,#8036,#8048,#8124,#8139,#8232,#8249,
    #8266,#8283,#8300,#8317,#8334,#8351,#8363,#8380,#8397,#8414,#8431,
    #8448,#8465,#8482,#8499,#8516,#8528,#8545,#8562,#8579,#8596,#8613,
    #8630,#8647,#8659,#8676,#8693,#8710,#8727,#8744,#8761,#8778,#8795,
    #8807,#8819,#8836,#8866,#8883,#8900,#8917,#8929,#8953,#8979,#9019,
    #9050,#9073,#9087,#9105,#9122,#9140,#9153,#9170,#9182,#9206,#9239,
    #9256,#9273,#9285,#9302,#9314,#9338,#9355,#9377,#9389,#9401,#9418,
    #9435));
#17 = ADVANCED_FACE('',(#18),#54,.F.);
#18 = FACE_BOUND('',#19,.F.);
#19 = EDGE_LOOP('',(#20,#31,#39,#48));
#20 = ORIENTED_EDGE('',*,*,#21,.T.);
#21 = EDGE_CURVE('',#22,#24,#26,.T.);
#22 = VERTEX_POINT('',#23);
#23 = CARTESIAN_POINT('',(3.27500025,0.25,-1.45));
#24 = VERTEX_POINT('',#25);
#25 = CARTESIAN_POINT('',(3.254328756577,0.25,-1.389114960424));
#26 = CIRCLE('',#27,0.1);
#27 = AXIS2_PLACEMENT_3D('',#28,#29,#30);
#28 = CARTESIAN_POINT('',(3.17500025,0.25,-1.45));
#29 = DIRECTION('',(-1.224646799147E-16,-1.,-1.110223024625E-16));
#30 = DIRECTION('',(0.956926807341,-8.495671106395E-17,-0.290329270642)
  );
#31 = ORIENTED_EDGE('',*,*,#32,.F.);
#32 = EDGE_CURVE('',#33,#24,#35,.T.);
#33 = VERTEX_POINT('',#34);
#34 = CARTESIAN_POINT('',(3.254328756577,-0.25,-1.389114960424));
#35 = LINE('',#36,#37);
#36 = CARTESIAN_POINT('',(3.254328756577,-0.25,-1.389114960424));
#37 = VECTOR('',#38,1.);
#38 = DIRECTION('',(1.224646799147E-16,1.,1.110223024625E-16));
#39 = ORIENTED_EDGE('',*,*,#40,.T.);
#40 = EDGE_CURVE('',#33,#41,#43,.T.);
#41 = VERTEX_POINT('',#42);
#42 = CARTESIAN_POINT('',(3.27500025,-0.25,-1.45));
#43 = CIRCLE('',#44,0.1);
#44 = AXIS2_PLACEMENT_3D('',#45,#46,#47);
#45 = CARTESIAN_POINT('',(3.17500025,-0.25,-1.45));
#46 = DIRECTION('',(1.224646799147E-16,1.,1.110223024625E-16));
#47 = DIRECTION('',(0.793285065773,-1.647453744539E-16,0.608850395763));
#48 = ORIENTED_EDGE('',*,*,#49,.T.);
#49 = EDGE_CURVE('',#41,#22,#50,.T.);
#50 = LINE('',#51,#52);
#51 = CARTESIAN_POINT('',(3.27500025,-4.440892098501E-16,-1.45));
#52 = VECTOR('',#53,1.);
#53 = DIRECTION('',(1.224646799147E-16,1.,1.110223024625E-16));
#54 = CYLINDRICAL_SURFACE('',#55,0.1);
#55 = AXIS2_PLACEMENT_3D('',#56,#57,#58);
#56 = CARTESIAN_POINT('',(3.17500025,0.25,-1.45));
#57 = DIRECTION('',(1.224646799147E-16,1.,1.110223024625E-16));
#58 = DIRECTION('',(1.,-1.224646799147E-16,0.));
#59 = ADVANCED_FACE('',(#60),#96,.T.);
#60 = FACE_BOUND('',#61,.T.);
#61 = EDGE_LOOP('',(#62,#72,#81,#89));
#62 = ORIENTED_EDGE('',*,*,#63,.F.);
#63 = EDGE_CURVE('',#64,#66,#68,.T.);
#64 = VERTEX_POINT('',#65);
#65 = CARTESIAN_POINT('',(3.52500025,0.25,-1.45));
#66 = VERTEX_POINT('',#67);
#67 = CARTESIAN_POINT('',(3.52500025,-0.25,-1.45));
#68 = LINE('',#69,#70);
#69 = CARTESIAN_POINT('',(3.52500025,-4.440892098501E-16,-1.45));
#70 = VECTOR('',#71,1.);
#71 = DIRECTION('',(-1.224646799147E-16,-1.,-1.110223024625E-16));
#72 = ORIENTED_EDGE('',*,*,#73,.F.);
#73 = EDGE_CURVE('',#74,#64,#76,.T.);
#74 = VERTEX_POINT('',#75);
#75 = CARTESIAN_POINT('',(3.452650023021,0.25,-1.236902361483));
#76 = CIRCLE('',#77,0.35);
#77 = AXIS2_PLACEMENT_3D('',#78,#79,#80);
#78 = CARTESIAN_POINT('',(3.17500025,0.25,-1.45));
#79 = DIRECTION('',(1.224646799147E-16,1.,1.110223024625E-16));
#80 = DIRECTION('',(0.793285065773,-1.647453744539E-16,0.608850395763));
#81 = ORIENTED_EDGE('',*,*,#82,.F.);
#82 = EDGE_CURVE('',#83,#74,#85,.T.);
#83 = VERTEX_POINT('',#84);
#84 = CARTESIAN_POINT('',(3.452650023021,-0.25,-1.236902361483));
#85 = LINE('',#86,#87);
#86 = CARTESIAN_POINT('',(3.452650023021,-0.25,-1.236902361483));
#87 = VECTOR('',#88,1.);
#88 = DIRECTION('',(1.224646799147E-16,1.,1.110223024625E-16));
#89 = ORIENTED_EDGE('',*,*,#90,.F.);
#90 = EDGE_CURVE('',#66,#83,#91,.T.);
#91 = CIRCLE('',#92,0.35);
#92 = AXIS2_PLACEMENT_3D('',#93,#94,#95);
#93 = CARTESIAN_POINT('',(3.17500025,-0.25,-1.45));
#94 = DIRECTION('',(-1.224646799147E-16,-1.,-1.110223024625E-16));
#95 = DIRECTION('',(0.956926807341,-8.495671106395E-17,-0.290329270642)
  );
#96 = CYLINDRICAL_SURFACE('',#97,0.35);
#97 = AXIS2_PLACEMENT_3D('',#98,#99,#100);
#98 = CARTESIAN_POINT('',(3.17500025,0.25,-1.45));
#99 = DIRECTION('',(1.224646799147E-16,1.,1.110223024625E-16));
#100 = DIRECTION('',(1.,-1.224646799147E-16,0.));
#101 = ADVANCED_FACE('',(#102),#138,.T.);
#102 = FACE_BOUND('',#103,.T.);
#103 = EDGE_LOOP('',(#104,#114,#123,#131));
#104 = ORIENTED_EDGE('',*,*,#105,.F.);
#105 = EDGE_CURVE('',#106,#108,#110,.T.);
#106 = VERTEX_POINT('',#107);
#107 = CARTESIAN_POINT('',(-0.52499975,-0.25,-1.45));
#108 = VERTEX_POINT('',#109);
#109 = CARTESIAN_POINT('',(-0.52499975,0.25,-1.45));
#110 = LINE('',#111,#112);
#111 = CARTESIAN_POINT('',(-0.52499975,0.,-1.45));
#112 = VECTOR('',#113,1.);
#113 = DIRECTION('',(1.224646799147E-16,1.,1.110223024625E-16));
#114 = ORIENTED_EDGE('',*,*,#115,.F.);
#115 = EDGE_CURVE('',#116,#106,#118,.T.);
#116 = VERTEX_POINT('',#117);
#117 = CARTESIAN_POINT('',(-0.452649523021,-0.25,-1.236902361483));
#118 = CIRCLE('',#119,0.35);
#119 = AXIS2_PLACEMENT_3D('',#120,#121,#122);
#120 = CARTESIAN_POINT('',(-0.17499975,-0.25,-1.45));
#121 = DIRECTION('',(-1.224646799147E-16,-1.,-1.110223024625E-16));
#122 = DIRECTION('',(-0.793285065773,2.955342886816E-17,0.608850395763)
  );
#123 = ORIENTED_EDGE('',*,*,#124,.T.);
#124 = EDGE_CURVE('',#116,#125,#127,.T.);
#125 = VERTEX_POINT('',#126);
#126 = CARTESIAN_POINT('',(-0.452649523021,0.25,-1.236902361483));
#127 = LINE('',#128,#129);
#128 = CARTESIAN_POINT('',(-0.452649523021,-0.25,-1.236902361483));
#129 = VECTOR('',#130,1.);
#130 = DIRECTION('',(1.224646799147E-16,1.,1.110223024625E-16));
#131 = ORIENTED_EDGE('',*,*,#132,.F.);
#132 = EDGE_CURVE('',#108,#125,#133,.T.);
#133 = CIRCLE('',#134,0.35);
#134 = AXIS2_PLACEMENT_3D('',#135,#136,#137);
#135 = CARTESIAN_POINT('',(-0.17499975,0.25,-1.45));
#136 = DIRECTION('',(1.224646799147E-16,1.,1.110223024625E-16));
#137 = DIRECTION('',(-0.956926807341,1.494227592618E-16,-0.290329270642)
  );
#138 = CYLINDRICAL_SURFACE('',#139,0.35);
#139 = AXIS2_PLACEMENT_3D('',#140,#141,#142);
#140 = CARTESIAN_POINT('',(-0.17499975,0.25,-1.45));
#141 = DIRECTION('',(1.224646799147E-16,1.,1.110223024625E-16));
#142 = DIRECTION('',(1.,-1.224646799147E-16,0.));
#143 = ADVANCED_FACE('',(#144),#180,.F.);
#144 = FACE_BOUND('',#145,.F.);
#145 = EDGE_LOOP('',(#146,#157,#165,#174));
#146 = ORIENTED_EDGE('',*,*,#147,.T.);
#147 = EDGE_CURVE('',#148,#150,#152,.T.);
#148 = VERTEX_POINT('',#149);
#149 = CARTESIAN_POINT('',(-0.27499975,-0.25,-1.45));
#150 = VERTEX_POINT('',#151);
#151 = CARTESIAN_POINT('',(-0.254328256577,-0.25,-1.389114960424));
#152 = CIRCLE('',#153,0.1);
#153 = AXIS2_PLACEMENT_3D('',#154,#155,#156);
#154 = CARTESIAN_POINT('',(-0.17499975,-0.25,-1.45));
#155 = DIRECTION('',(1.224646799147E-16,1.,1.110223024625E-16));
#156 = DIRECTION('',(-0.956926807341,1.494227592618E-16,-0.290329270642)
  );
#157 = ORIENTED_EDGE('',*,*,#158,.T.);
#158 = EDGE_CURVE('',#150,#159,#161,.T.);
#159 = VERTEX_POINT('',#160);
#160 = CARTESIAN_POINT('',(-0.254328256577,0.25,-1.389114960424));
#161 = LINE('',#162,#163);
#162 = CARTESIAN_POINT('',(-0.254328256577,-0.25,-1.389114960424));
#163 = VECTOR('',#164,1.);
#164 = DIRECTION('',(1.224646799147E-16,1.,1.110223024625E-16));
#165 = ORIENTED_EDGE('',*,*,#166,.T.);
#166 = EDGE_CURVE('',#159,#167,#169,.T.);
#167 = VERTEX_POINT('',#168);
#168 = CARTESIAN_POINT('',(-0.27499975,0.25,-1.45));
#169 = CIRCLE('',#170,0.1);
#170 = AXIS2_PLACEMENT_3D('',#171,#172,#173);
#171 = CARTESIAN_POINT('',(-0.17499975,0.25,-1.45));
#172 = DIRECTION('',(-1.224646799147E-16,-1.,-1.110223024625E-16));
#173 = DIRECTION('',(-0.793285065773,2.955342886816E-17,0.608850395763)
  );
#174 = ORIENTED_EDGE('',*,*,#175,.T.);
#175 = EDGE_CURVE('',#167,#148,#176,.T.);
#176 = LINE('',#177,#178);
#177 = CARTESIAN_POINT('',(-0.27499975,0.,-1.45));
#178 = VECTOR('',#179,1.);
#179 = DIRECTION('',(-1.224646799147E-16,-1.,-1.110223024625E-16));
#180 = CYLINDRICAL_SURFACE('',#181,0.1);
#181 = AXIS2_PLACEMENT_3D('',#182,#183,#184);
#182 = CARTESIAN_POINT('',(-0.17499975,0.25,-1.45));
#183 = DIRECTION('',(1.224646799147E-16,1.,1.110223024625E-16));
#184 = DIRECTION('',(1.,-1.224646799147E-16,0.));
#185 = ADVANCED_FACE('',(#186),#222,.T.);
#186 = FACE_BOUND('',#187,.T.);
#187 = EDGE_LOOP('',(#188,#198,#207,#215));
#188 = ORIENTED_EDGE('',*,*,#189,.F.);
#189 = EDGE_CURVE('',#190,#192,#194,.T.);
#190 = VERTEX_POINT('',#191);
#191 = CARTESIAN_POINT('',(6.05000025,-2.199993216114,-0.749994934615));
#192 = VERTEX_POINT('',#193);
#193 = CARTESIAN_POINT('',(6.05000025,-2.35,-0.59999753195));
#194 = LINE('',#195,#196);
#195 = CARTESIAN_POINT('',(6.05000025,-2.274994201043,-0.674991410474));
#196 = VECTOR('',#197,1.);
#197 = DIRECTION('',(-8.659413975782E-17,-0.707094811484,0.707118750686)
  );
#198 = ORIENTED_EDGE('',*,*,#199,.F.);
#199 = EDGE_CURVE('',#200,#190,#202,.T.);
#200 = VERTEX_POINT('',#201);
#201 = CARTESIAN_POINT('',(6.399993466114,-1.85,-0.749994934615));
#202 = CIRCLE('',#203,0.349993216114);
#203 = AXIS2_PLACEMENT_3D('',#204,#205,#206);
#204 = CARTESIAN_POINT('',(6.05000025,-1.85,-0.749994934615));
#205 = DIRECTION('',(1.359631073447E-32,1.110223024625E-16,-1.));
#206 = DIRECTION('',(1.,-1.224646799147E-16,0.));
#207 = ORIENTED_EDGE('',*,*,#208,.T.);
#208 = EDGE_CURVE('',#200,#209,#211,.T.);
#209 = VERTEX_POINT('',#210);
#210 = CARTESIAN_POINT('',(6.55000025,-1.85,-0.59999753195));
#211 = LINE('',#212,#213);
#212 = CARTESIAN_POINT('',(6.399996299567,-1.849999998174,
    -0.749996050899));
#213 = VECTOR('',#214,1.);
#214 = DIRECTION('',(0.70710545123,6.149391072769E-10,0.707108111141));
#215 = ORIENTED_EDGE('',*,*,#216,.T.);
#216 = EDGE_CURVE('',#209,#192,#217,.T.);
#217 = CIRCLE('',#218,0.5);
#218 = AXIS2_PLACEMENT_3D('',#219,#220,#221);
#219 = CARTESIAN_POINT('',(6.05000025,-1.85,-0.59999753195));
#220 = DIRECTION('',(1.359631073447E-32,1.110223024625E-16,-1.));
#221 = DIRECTION('',(1.,-1.224646799147E-16,0.));
#222 = CONICAL_SURFACE('',#223,0.424994201043,0.785381235826);
#223 = AXIS2_PLACEMENT_3D('',#224,#225,#226);
#224 = CARTESIAN_POINT('',(6.05000025,-1.85,-0.674991410474));
#225 = DIRECTION('',(-1.359631073447E-32,-1.110223024625E-16,1.));
#226 = DIRECTION('',(-1.224646799147E-16,-1.,-1.110223024625E-16));
#227 = ADVANCED_FACE('',(#228),#255,.T.);
#228 = FACE_BOUND('',#229,.T.);
#229 = EDGE_LOOP('',(#230,#240,#247,#248));
#230 = ORIENTED_EDGE('',*,*,#231,.F.);
#231 = EDGE_CURVE('',#232,#234,#236,.T.);
#232 = VERTEX_POINT('',#233);
#233 = CARTESIAN_POINT('',(6.05000025,-1.35,-0.59999753195));
#234 = VERTEX_POINT('',#235);
#235 = CARTESIAN_POINT('',(6.05000025,-1.500006783886,-0.749994934615));
#236 = LINE('',#237,#238);
#237 = CARTESIAN_POINT('',(6.05000025,-1.425005798957,-0.674991410474));
#238 = VECTOR('',#239,1.);
#239 = DIRECTION('',(-8.659413975782E-17,-0.707094811484,-0.707118750686
    ));
#240 = ORIENTED_EDGE('',*,*,#241,.T.);
#241 = EDGE_CURVE('',#232,#209,#242,.T.);
#242 = CIRCLE('',#243,0.5);
#243 = AXIS2_PLACEMENT_3D('',#244,#245,#246);
#244 = CARTESIAN_POINT('',(6.05000025,-1.85,-0.59999753195));
#245 = DIRECTION('',(1.359631073447E-32,1.110223024625E-16,-1.));
#246 = DIRECTION('',(-1.,1.224646799147E-16,0.));
#247 = ORIENTED_EDGE('',*,*,#208,.F.);
#248 = ORIENTED_EDGE('',*,*,#249,.F.);
#249 = EDGE_CURVE('',#234,#200,#250,.T.);
#250 = CIRCLE('',#251,0.349993216114);
#251 = AXIS2_PLACEMENT_3D('',#252,#253,#254);
#252 = CARTESIAN_POINT('',(6.05000025,-1.85,-0.749994934615));
#253 = DIRECTION('',(1.359631073447E-32,1.110223024625E-16,-1.));
#254 = DIRECTION('',(-1.,1.224646799147E-16,0.));
#255 = CONICAL_SURFACE('',#256,0.424994201043,0.785381235826);
#256 = AXIS2_PLACEMENT_3D('',#257,#258,#259);
#257 = CARTESIAN_POINT('',(6.05000025,-1.85,-0.674991410474));
#258 = DIRECTION('',(-1.359631073447E-32,-1.110223024625E-16,1.));
#259 = DIRECTION('',(-1.224646799147E-16,-1.,-1.110223024625E-16));
#260 = ADVANCED_FACE('',(#261),#297,.T.);
#261 = FACE_BOUND('',#262,.T.);
#262 = EDGE_LOOP('',(#263,#273,#282,#290));
#263 = ORIENTED_EDGE('',*,*,#264,.F.);
#264 = EDGE_CURVE('',#265,#267,#269,.T.);
#265 = VERTEX_POINT('',#266);
#266 = CARTESIAN_POINT('',(-1.54999975,-1.35,-0.59999753195));
#267 = VERTEX_POINT('',#268);
#268 = CARTESIAN_POINT('',(-1.54999975,-1.500006783886,-0.749994934615)
  );
#269 = LINE('',#270,#271);
#270 = CARTESIAN_POINT('',(-1.54999975,-1.425005798957,-0.674991410474)
  );
#271 = VECTOR('',#272,1.);
#272 = DIRECTION('',(-8.659413975782E-17,-0.707094811484,-0.707118750686
    ));
#273 = ORIENTED_EDGE('',*,*,#274,.T.);
#274 = EDGE_CURVE('',#265,#275,#277,.T.);
#275 = VERTEX_POINT('',#276);
#276 = CARTESIAN_POINT('',(-1.04999975,-1.85,-0.59999753195));
#277 = CIRCLE('',#278,0.5);
#278 = AXIS2_PLACEMENT_3D('',#279,#280,#281);
#279 = CARTESIAN_POINT('',(-1.54999975,-1.85,-0.59999753195));
#280 = DIRECTION('',(1.359631073447E-32,1.110223024625E-16,-1.));
#281 = DIRECTION('',(-1.,1.224646799147E-16,0.));
#282 = ORIENTED_EDGE('',*,*,#283,.F.);
#283 = EDGE_CURVE('',#284,#275,#286,.T.);
#284 = VERTEX_POINT('',#285);
#285 = CARTESIAN_POINT('',(-1.200006533886,-1.85,-0.749994934615));
#286 = LINE('',#287,#288);
#287 = CARTESIAN_POINT('',(-1.200003700433,-1.849999998174,
    -0.749996050899));
#288 = VECTOR('',#289,1.);
#289 = DIRECTION('',(0.70710545123,6.149370138203E-10,0.707108111141));
#290 = ORIENTED_EDGE('',*,*,#291,.F.);
#291 = EDGE_CURVE('',#267,#284,#292,.T.);
#292 = CIRCLE('',#293,0.349993216114);
#293 = AXIS2_PLACEMENT_3D('',#294,#295,#296);
#294 = CARTESIAN_POINT('',(-1.54999975,-1.85,-0.749994934615));
#295 = DIRECTION('',(1.359631073447E-32,1.110223024625E-16,-1.));
#296 = DIRECTION('',(-1.,1.224646799147E-16,0.));
#297 = CONICAL_SURFACE('',#298,0.424994201043,0.785381235826);
#298 = AXIS2_PLACEMENT_3D('',#299,#300,#301);
#299 = CARTESIAN_POINT('',(-1.54999975,-1.85,-0.674991410474));
#300 = DIRECTION('',(-1.359631073447E-32,-1.110223024625E-16,1.));
#301 = DIRECTION('',(-1.224646799147E-16,-1.,-1.110223024625E-16));
#302 = ADVANCED_FACE('',(#303),#330,.T.);
#303 = FACE_BOUND('',#304,.T.);
#304 = EDGE_LOOP('',(#305,#315,#322,#323));
#305 = ORIENTED_EDGE('',*,*,#306,.F.);
#306 = EDGE_CURVE('',#307,#309,#311,.T.);
#307 = VERTEX_POINT('',#308);
#308 = CARTESIAN_POINT('',(-1.54999975,-2.199993216114,-0.749994934615)
  );
#309 = VERTEX_POINT('',#310);
#310 = CARTESIAN_POINT('',(-1.54999975,-2.35,-0.59999753195));
#311 = LINE('',#312,#313);
#312 = CARTESIAN_POINT('',(-1.54999975,-2.274994201043,-0.674991410474)
  );
#313 = VECTOR('',#314,1.);
#314 = DIRECTION('',(-8.659413975782E-17,-0.707094811484,0.707118750686)
  );
#315 = ORIENTED_EDGE('',*,*,#316,.F.);
#316 = EDGE_CURVE('',#284,#307,#317,.T.);
#317 = CIRCLE('',#318,0.349993216114);
#318 = AXIS2_PLACEMENT_3D('',#319,#320,#321);
#319 = CARTESIAN_POINT('',(-1.54999975,-1.85,-0.749994934615));
#320 = DIRECTION('',(1.359631073447E-32,1.110223024625E-16,-1.));
#321 = DIRECTION('',(1.,-1.224646799147E-16,0.));
#322 = ORIENTED_EDGE('',*,*,#283,.T.);
#323 = ORIENTED_EDGE('',*,*,#324,.T.);
#324 = EDGE_CURVE('',#275,#309,#325,.T.);
#325 = CIRCLE('',#326,0.5);
#326 = AXIS2_PLACEMENT_3D('',#327,#328,#329);
#327 = CARTESIAN_POINT('',(-1.54999975,-1.85,-0.59999753195));
#328 = DIRECTION('',(1.359631073447E-32,1.110223024625E-16,-1.));
#329 = DIRECTION('',(1.,-1.224646799147E-16,0.));
#330 = CONICAL_SURFACE('',#331,0.424994201043,0.785381235826);
#331 = AXIS2_PLACEMENT_3D('',#332,#333,#334);
#332 = CARTESIAN_POINT('',(-1.54999975,-1.85,-0.674991410474));
#333 = DIRECTION('',(-1.359631073447E-32,-1.110223024625E-16,1.));
#334 = DIRECTION('',(-1.224646799147E-16,-1.,-1.110223024625E-16));
#335 = ADVANCED_FACE('',(#336),#402,.F.);
#336 = FACE_BOUND('',#337,.T.);
#337 = EDGE_LOOP('',(#338,#348,#356,#364,#372,#380,#388,#396));
#338 = ORIENTED_EDGE('',*,*,#339,.T.);
#339 = EDGE_CURVE('',#340,#342,#344,.T.);
#340 = VERTEX_POINT('',#341);
#341 = CARTESIAN_POINT('',(-1.99999975,0.45,5.25));
#342 = VERTEX_POINT('',#343);
#343 = CARTESIAN_POINT('',(6.50000025,0.45,5.25));
#344 = LINE('',#345,#346);
#345 = CARTESIAN_POINT('',(-1.99999975,0.45,5.25));
#346 = VECTOR('',#347,1.);
#347 = DIRECTION('',(1.,-1.224646799147E-16,0.));
#348 = ORIENTED_EDGE('',*,*,#349,.T.);
#349 = EDGE_CURVE('',#342,#350,#352,.T.);
#350 = VERTEX_POINT('',#351);
#351 = CARTESIAN_POINT('',(6.50000025,0.45,0.15));
#352 = LINE('',#353,#354);
#353 = CARTESIAN_POINT('',(6.50000025,0.45,5.25));
#354 = VECTOR('',#355,1.);
#355 = DIRECTION('',(1.359631073447E-32,1.110223024625E-16,-1.));
#356 = ORIENTED_EDGE('',*,*,#357,.T.);
#357 = EDGE_CURVE('',#350,#358,#360,.T.);
#358 = VERTEX_POINT('',#359);
#359 = CARTESIAN_POINT('',(5.25000025,0.45,0.15));
#360 = LINE('',#361,#362);
#361 = CARTESIAN_POINT('',(6.50000025,0.45,0.15));
#362 = VECTOR('',#363,1.);
#363 = DIRECTION('',(-1.,1.224646799147E-16,0.));
#364 = ORIENTED_EDGE('',*,*,#365,.T.);
#365 = EDGE_CURVE('',#358,#366,#368,.T.);
#366 = VERTEX_POINT('',#367);
#367 = CARTESIAN_POINT('',(5.25000025,0.45,3.54));
#368 = LINE('',#369,#370);
#369 = CARTESIAN_POINT('',(5.25000025,0.45,0.15));
#370 = VECTOR('',#371,1.);
#371 = DIRECTION('',(-1.359631073447E-32,-1.110223024625E-16,1.));
#372 = ORIENTED_EDGE('',*,*,#373,.F.);
#373 = EDGE_CURVE('',#374,#366,#376,.T.);
#374 = VERTEX_POINT('',#375);
#375 = CARTESIAN_POINT('',(-0.74999975,0.45,3.54));
#376 = LINE('',#377,#378);
#377 = CARTESIAN_POINT('',(-0.74999975,0.45,3.54));
#378 = VECTOR('',#379,1.);
#379 = DIRECTION('',(1.,-1.224646799147E-16,0.));
#380 = ORIENTED_EDGE('',*,*,#381,.F.);
#381 = EDGE_CURVE('',#382,#374,#384,.T.);
#382 = VERTEX_POINT('',#383);
#383 = CARTESIAN_POINT('',(-0.74999975,0.45,0.15));
#384 = LINE('',#385,#386);
#385 = CARTESIAN_POINT('',(-0.74999975,0.45,0.15));
#386 = VECTOR('',#387,1.);
#387 = DIRECTION('',(-1.359631073447E-32,-1.110223024625E-16,1.));
#388 = ORIENTED_EDGE('',*,*,#389,.T.);
#389 = EDGE_CURVE('',#382,#390,#392,.T.);
#390 = VERTEX_POINT('',#391);
#391 = CARTESIAN_POINT('',(-1.99999975,0.45,0.15));
#392 = LINE('',#393,#394);
#393 = CARTESIAN_POINT('',(-0.74999975,0.45,0.15));
#394 = VECTOR('',#395,1.);
#395 = DIRECTION('',(-1.,1.224646799147E-16,0.));
#396 = ORIENTED_EDGE('',*,*,#397,.T.);
#397 = EDGE_CURVE('',#390,#340,#398,.T.);
#398 = LINE('',#399,#400);
#399 = CARTESIAN_POINT('',(-1.99999975,0.45,0.15));
#400 = VECTOR('',#401,1.);
#401 = DIRECTION('',(-1.359631073447E-32,-1.110223024625E-16,1.));
#402 = PLANE('',#403);
#403 = AXIS2_PLACEMENT_3D('',#404,#405,#406);
#404 = CARTESIAN_POINT('',(2.25000025,0.45,4.3));
#405 = DIRECTION('',(-1.224646799147E-16,-1.,-1.110223024625E-16));
#406 = DIRECTION('',(1.359631073447E-32,1.110223024625E-16,-1.));
#407 = ADVANCED_FACE('',(#408),#449,.T.);
#408 = FACE_BOUND('',#409,.T.);
#409 = EDGE_LOOP('',(#410,#418,#426,#434,#442,#448));
#410 = ORIENTED_EDGE('',*,*,#411,.T.);
#411 = EDGE_CURVE('',#390,#412,#414,.T.);
#412 = VERTEX_POINT('',#413);
#413 = CARTESIAN_POINT('',(-2.14999975,0.3,1.24344978758E-14));
#414 = LINE('',#415,#416);
#415 = CARTESIAN_POINT('',(-1.99999975,0.45,0.15));
#416 = VECTOR('',#417,1.);
#417 = DIRECTION('',(-0.57735026919,-0.57735026919,-0.57735026919));
#418 = ORIENTED_EDGE('',*,*,#419,.T.);
#419 = EDGE_CURVE('',#412,#420,#422,.T.);
#420 = VERTEX_POINT('',#421);
#421 = CARTESIAN_POINT('',(-2.19999975,0.25,5.000000000001E-02));
#422 = LINE('',#423,#424);
#423 = CARTESIAN_POINT('',(-2.14999975,0.3,1.24344978758E-14));
#424 = VECTOR('',#425,1.);
#425 = DIRECTION('',(-0.57735026919,-0.57735026919,0.57735026919));
#426 = ORIENTED_EDGE('',*,*,#427,.T.);
#427 = EDGE_CURVE('',#420,#428,#430,.T.);
#428 = VERTEX_POINT('',#429);
#429 = CARTESIAN_POINT('',(-2.19999975,0.25,5.25));
#430 = LINE('',#431,#432);
#431 = CARTESIAN_POINT('',(-2.19999975,0.25,5.000000000001E-02));
#432 = VECTOR('',#433,1.);
#433 = DIRECTION('',(-1.359631073447E-32,-1.110223024625E-16,1.));
#434 = ORIENTED_EDGE('',*,*,#435,.T.);
#435 = EDGE_CURVE('',#428,#436,#438,.T.);
#436 = VERTEX_POINT('',#437);
#437 = CARTESIAN_POINT('',(-2.09999975,0.35,5.35));
#438 = LINE('',#439,#440);
#439 = CARTESIAN_POINT('',(-2.19999975,0.25,5.25));
#440 = VECTOR('',#441,1.);
#441 = DIRECTION('',(0.57735026919,0.57735026919,0.57735026919));
#442 = ORIENTED_EDGE('',*,*,#443,.T.);
#443 = EDGE_CURVE('',#436,#340,#444,.T.);
#444 = LINE('',#445,#446);
#445 = CARTESIAN_POINT('',(-2.09999975,0.35,5.35));
#446 = VECTOR('',#447,1.);
#447 = DIRECTION('',(0.57735026919,0.57735026919,-0.57735026919));
#448 = ORIENTED_EDGE('',*,*,#397,.F.);
#449 = PLANE('',#450);
#450 = AXIS2_PLACEMENT_3D('',#451,#452,#453);
#451 = CARTESIAN_POINT('',(-2.09999975,0.35,2.7));
#452 = DIRECTION('',(-0.707106781187,0.707106781187,7.850462293419E-17)
  );
#453 = DIRECTION('',(1.359631073447E-32,1.110223024625E-16,-1.));
#454 = ADVANCED_FACE('',(#455),#489,.T.);
#455 = FACE_BOUND('',#456,.T.);
#456 = EDGE_LOOP('',(#457,#458,#466,#474,#482,#488));
#457 = ORIENTED_EDGE('',*,*,#443,.F.);
#458 = ORIENTED_EDGE('',*,*,#459,.T.);
#459 = EDGE_CURVE('',#436,#460,#462,.T.);
#460 = VERTEX_POINT('',#461);
#461 = CARTESIAN_POINT('',(-1.99999975,0.25,5.45));
#462 = LINE('',#463,#464);
#463 = CARTESIAN_POINT('',(-2.09999975,0.35,5.35));
#464 = VECTOR('',#465,1.);
#465 = DIRECTION('',(0.57735026919,-0.57735026919,0.57735026919));
#466 = ORIENTED_EDGE('',*,*,#467,.T.);
#467 = EDGE_CURVE('',#460,#468,#470,.T.);
#468 = VERTEX_POINT('',#469);
#469 = CARTESIAN_POINT('',(6.50000025,0.25,5.45));
#470 = LINE('',#471,#472);
#471 = CARTESIAN_POINT('',(-1.99999975,0.25,5.45));
#472 = VECTOR('',#473,1.);
#473 = DIRECTION('',(1.,-1.224646799147E-16,0.));
#474 = ORIENTED_EDGE('',*,*,#475,.F.);
#475 = EDGE_CURVE('',#476,#468,#478,.T.);
#476 = VERTEX_POINT('',#477);
#477 = CARTESIAN_POINT('',(6.60000025,0.35,5.35));
#478 = LINE('',#479,#480);
#479 = CARTESIAN_POINT('',(6.60000025,0.35,5.35));
#480 = VECTOR('',#481,1.);
#481 = DIRECTION('',(-0.57735026919,-0.57735026919,0.57735026919));
#482 = ORIENTED_EDGE('',*,*,#483,.F.);
#483 = EDGE_CURVE('',#342,#476,#484,.T.);
#484 = LINE('',#485,#486);
#485 = CARTESIAN_POINT('',(6.50000025,0.45,5.25));
#486 = VECTOR('',#487,1.);
#487 = DIRECTION('',(0.57735026919,-0.57735026919,0.57735026919));
#488 = ORIENTED_EDGE('',*,*,#339,.F.);
#489 = PLANE('',#490);
#490 = AXIS2_PLACEMENT_3D('',#491,#492,#493);
#491 = CARTESIAN_POINT('',(2.25000025,0.35,5.35));
#492 = DIRECTION('',(8.659560562355E-17,0.707106781187,0.707106781187));
#493 = DIRECTION('',(-1.,1.224646799147E-16,0.));
#494 = ADVANCED_FACE('',(#495),#529,.T.);
#495 = FACE_BOUND('',#496,.T.);
#496 = EDGE_LOOP('',(#497,#507,#513,#514,#515,#523));
#497 = ORIENTED_EDGE('',*,*,#498,.F.);
#498 = EDGE_CURVE('',#499,#501,#503,.T.);
#499 = VERTEX_POINT('',#500);
#500 = CARTESIAN_POINT('',(6.65000025,0.3,1.24344978758E-14));
#501 = VERTEX_POINT('',#502);
#502 = CARTESIAN_POINT('',(6.70000025,0.25,5.000000000001E-02));
#503 = LINE('',#504,#505);
#504 = CARTESIAN_POINT('',(6.65000025,0.3,1.24344978758E-14));
#505 = VECTOR('',#506,1.);
#506 = DIRECTION('',(0.57735026919,-0.57735026919,0.57735026919));
#507 = ORIENTED_EDGE('',*,*,#508,.F.);
#508 = EDGE_CURVE('',#350,#499,#509,.T.);
#509 = LINE('',#510,#511);
#510 = CARTESIAN_POINT('',(6.50000025,0.45,0.15));
#511 = VECTOR('',#512,1.);
#512 = DIRECTION('',(0.57735026919,-0.57735026919,-0.57735026919));
#513 = ORIENTED_EDGE('',*,*,#349,.F.);
#514 = ORIENTED_EDGE('',*,*,#483,.T.);
#515 = ORIENTED_EDGE('',*,*,#516,.T.);
#516 = EDGE_CURVE('',#476,#517,#519,.T.);
#517 = VERTEX_POINT('',#518);
#518 = CARTESIAN_POINT('',(6.70000025,0.25,5.25));
#519 = LINE('',#520,#521);
#520 = CARTESIAN_POINT('',(6.60000025,0.35,5.35));
#521 = VECTOR('',#522,1.);
#522 = DIRECTION('',(0.57735026919,-0.57735026919,-0.57735026919));
#523 = ORIENTED_EDGE('',*,*,#524,.T.);
#524 = EDGE_CURVE('',#517,#501,#525,.T.);
#525 = LINE('',#526,#527);
#526 = CARTESIAN_POINT('',(6.70000025,0.25,5.25));
#527 = VECTOR('',#528,1.);
#528 = DIRECTION('',(1.359631073447E-32,1.110223024625E-16,-1.));
#529 = PLANE('',#530);
#530 = AXIS2_PLACEMENT_3D('',#531,#532,#533);
#531 = CARTESIAN_POINT('',(6.60000025,0.35,2.7));
#532 = DIRECTION('',(0.707106781187,0.707106781187,7.850462293419E-17));
#533 = DIRECTION('',(-1.359631073447E-32,-1.110223024625E-16,1.));
#534 = ADVANCED_FACE('',(#535),#640,.T.);
#535 = FACE_BOUND('',#536,.T.);
#536 = EDGE_LOOP('',(#537,#547,#555,#563,#571,#579,#587,#593,#594,#602,
    #610,#618,#626,#634));
#537 = ORIENTED_EDGE('',*,*,#538,.T.);
#538 = EDGE_CURVE('',#539,#541,#543,.T.);
#539 = VERTEX_POINT('',#540);
#540 = CARTESIAN_POINT('',(6.70000025,-1.85,2.675));
#541 = VERTEX_POINT('',#542);
#542 = CARTESIAN_POINT('',(6.70000025,-5.8,2.675));
#543 = LINE('',#544,#545);
#544 = CARTESIAN_POINT('',(6.70000025,-1.85,2.675));
#545 = VECTOR('',#546,1.);
#546 = DIRECTION('',(-1.224646799147E-16,-1.,-1.110223024625E-16));
#547 = ORIENTED_EDGE('',*,*,#548,.T.);
#548 = EDGE_CURVE('',#541,#549,#551,.T.);
#549 = VERTEX_POINT('',#550);
#550 = CARTESIAN_POINT('',(6.70000025,-5.8,2.307157287525));
#551 = LINE('',#552,#553);
#552 = CARTESIAN_POINT('',(6.70000025,-5.8,2.675));
#553 = VECTOR('',#554,1.);
#554 = DIRECTION('',(1.359631073447E-32,1.110223024625E-16,-1.));
#555 = ORIENTED_EDGE('',*,*,#556,.T.);
#556 = EDGE_CURVE('',#549,#557,#559,.T.);
#557 = VERTEX_POINT('',#558);
#558 = CARTESIAN_POINT('',(6.70000025,-6.117157287525,1.99));
#559 = LINE('',#560,#561);
#560 = CARTESIAN_POINT('',(6.70000025,-5.8,2.307157287525));
#561 = VECTOR('',#562,1.);
#562 = DIRECTION('',(-8.659560562355E-17,-0.707106781187,-0.707106781187
    ));
#563 = ORIENTED_EDGE('',*,*,#564,.T.);
#564 = EDGE_CURVE('',#557,#565,#567,.T.);
#565 = VERTEX_POINT('',#566);
#566 = CARTESIAN_POINT('',(6.70000025,-6.517157287525,1.99));
#567 = LINE('',#568,#569);
#568 = CARTESIAN_POINT('',(6.70000025,-6.117157287525,1.99));
#569 = VECTOR('',#570,1.);
#570 = DIRECTION('',(-1.224646799147E-16,-1.,-1.110223024625E-16));
#571 = ORIENTED_EDGE('',*,*,#572,.T.);
#572 = EDGE_CURVE('',#565,#573,#575,.T.);
#573 = VERTEX_POINT('',#574);
#574 = CARTESIAN_POINT('',(6.70000025,-6.6,1.907157287525));
#575 = LINE('',#576,#577);
#576 = CARTESIAN_POINT('',(6.70000025,-6.517157287525,1.99));
#577 = VECTOR('',#578,1.);
#578 = DIRECTION('',(-8.659560562355E-17,-0.707106781187,-0.707106781187
    ));
#579 = ORIENTED_EDGE('',*,*,#580,.F.);
#580 = EDGE_CURVE('',#581,#573,#583,.T.);
#581 = VERTEX_POINT('',#582);
#582 = CARTESIAN_POINT('',(6.70000025,-6.6,5.000000000001E-02));
#583 = LINE('',#584,#585);
#584 = CARTESIAN_POINT('',(6.70000025,-6.6,5.000000000001E-02));
#585 = VECTOR('',#586,1.);
#586 = DIRECTION('',(-1.359631073447E-32,-1.110223024625E-16,1.));
#587 = ORIENTED_EDGE('',*,*,#588,.T.);
#588 = EDGE_CURVE('',#581,#501,#589,.T.);
#589 = LINE('',#590,#591);
#590 = CARTESIAN_POINT('',(6.70000025,-6.6,5.000000000001E-02));
#591 = VECTOR('',#592,1.);
#592 = DIRECTION('',(1.224646799147E-16,1.,1.110223024625E-16));
#593 = ORIENTED_EDGE('',*,*,#524,.F.);
#594 = ORIENTED_EDGE('',*,*,#595,.T.);
#595 = EDGE_CURVE('',#517,#596,#598,.T.);
#596 = VERTEX_POINT('',#597);
#597 = CARTESIAN_POINT('',(6.70000025,-0.4,5.25));
#598 = LINE('',#599,#600);
#599 = CARTESIAN_POINT('',(6.70000025,0.25,5.25));
#600 = VECTOR('',#601,1.);
#601 = DIRECTION('',(-1.224646799147E-16,-1.,-1.110223024625E-16));
#602 = ORIENTED_EDGE('',*,*,#603,.T.);
#603 = EDGE_CURVE('',#596,#604,#606,.T.);
#604 = VERTEX_POINT('',#605);
#605 = CARTESIAN_POINT('',(6.70000025,-0.4,6.7));
#606 = LINE('',#607,#608);
#607 = CARTESIAN_POINT('',(6.70000025,-0.4,5.25));
#608 = VECTOR('',#609,1.);
#609 = DIRECTION('',(-1.359631073447E-32,-1.110223024625E-16,1.));
#610 = ORIENTED_EDGE('',*,*,#611,.F.);
#611 = EDGE_CURVE('',#612,#604,#614,.T.);
#612 = VERTEX_POINT('',#613);
#613 = CARTESIAN_POINT('',(6.70000025,-5.8,6.7));
#614 = LINE('',#615,#616);
#615 = CARTESIAN_POINT('',(6.70000025,-5.8,6.7));
#616 = VECTOR('',#617,1.);
#617 = DIRECTION('',(1.224646799147E-16,1.,1.110223024625E-16));
#618 = ORIENTED_EDGE('',*,*,#619,.T.);
#619 = EDGE_CURVE('',#612,#620,#622,.T.);
#620 = VERTEX_POINT('',#621);
#621 = CARTESIAN_POINT('',(6.70000025,-5.8,4.175));
#622 = LINE('',#623,#624);
#623 = CARTESIAN_POINT('',(6.70000025,-5.8,6.7));
#624 = VECTOR('',#625,1.);
#625 = DIRECTION('',(1.359631073447E-32,1.110223024625E-16,-1.));
#626 = ORIENTED_EDGE('',*,*,#627,.F.);
#627 = EDGE_CURVE('',#628,#620,#630,.T.);
#628 = VERTEX_POINT('',#629);
#629 = CARTESIAN_POINT('',(6.70000025,-1.85,4.175));
#630 = LINE('',#631,#632);
#631 = CARTESIAN_POINT('',(6.70000025,-1.85,4.175));
#632 = VECTOR('',#633,1.);
#633 = DIRECTION('',(-1.224646799147E-16,-1.,-1.110223024625E-16));
#634 = ORIENTED_EDGE('',*,*,#635,.F.);
#635 = EDGE_CURVE('',#539,#628,#636,.T.);
#636 = LINE('',#637,#638);
#637 = CARTESIAN_POINT('',(6.70000025,-1.85,2.675));
#638 = VECTOR('',#639,1.);
#639 = DIRECTION('',(-1.359631073447E-32,-1.110223024625E-16,1.));
#640 = PLANE('',#641);
#641 = AXIS2_PLACEMENT_3D('',#642,#643,#644);
#642 = CARTESIAN_POINT('',(6.70000025,0.45,-4.999999999999E-02));
#643 = DIRECTION('',(1.,-1.224646799147E-16,0.));
#644 = DIRECTION('',(1.224646799147E-16,1.,1.110223024625E-16));
#645 = ADVANCED_FACE('',(#646),#680,.T.);
#646 = FACE_BOUND('',#647,.T.);
#647 = EDGE_LOOP('',(#648,#658,#666,#674));
#648 = ORIENTED_EDGE('',*,*,#649,.T.);
#649 = EDGE_CURVE('',#650,#652,#654,.T.);
#650 = VERTEX_POINT('',#651);
#651 = CARTESIAN_POINT('',(-2.19999975,-1.85,2.675));
#652 = VERTEX_POINT('',#653);
#653 = CARTESIAN_POINT('',(-1.99999975,-1.85,2.675));
#654 = LINE('',#655,#656);
#655 = CARTESIAN_POINT('',(-2.19999975,-1.85,2.675));
#656 = VECTOR('',#657,1.);
#657 = DIRECTION('',(1.,-1.224646799147E-16,0.));
#658 = ORIENTED_EDGE('',*,*,#659,.T.);
#659 = EDGE_CURVE('',#652,#660,#662,.T.);
#660 = VERTEX_POINT('',#661);
#661 = CARTESIAN_POINT('',(-1.99999975,-1.85,4.175));
#662 = LINE('',#663,#664);
#663 = CARTESIAN_POINT('',(-1.99999975,-1.85,2.675));
#664 = VECTOR('',#665,1.);
#665 = DIRECTION('',(-1.359631073447E-32,-1.110223024625E-16,1.));
#666 = ORIENTED_EDGE('',*,*,#667,.T.);
#667 = EDGE_CURVE('',#660,#668,#670,.T.);
#668 = VERTEX_POINT('',#669);
#669 = CARTESIAN_POINT('',(-2.19999975,-1.85,4.175));
#670 = LINE('',#671,#672);
#671 = CARTESIAN_POINT('',(-1.99999975,-1.85,4.175));
#672 = VECTOR('',#673,1.);
#673 = DIRECTION('',(-1.,1.224646799147E-16,0.));
#674 = ORIENTED_EDGE('',*,*,#675,.F.);
#675 = EDGE_CURVE('',#650,#668,#676,.T.);
#676 = LINE('',#677,#678);
#677 = CARTESIAN_POINT('',(-2.19999975,-1.85,2.675));
#678 = VECTOR('',#679,1.);
#679 = DIRECTION('',(-1.359631073447E-32,-1.110223024625E-16,1.));
#680 = PLANE('',#681);
#681 = AXIS2_PLACEMENT_3D('',#682,#683,#684);
#682 = CARTESIAN_POINT('',(6.70000025,-1.85,4.3));
#683 = DIRECTION('',(-1.224646799147E-16,-1.,-1.110223024625E-16));
#684 = DIRECTION('',(1.359631073447E-32,1.110223024625E-16,-1.));
#685 = ADVANCED_FACE('',(#686),#711,.T.);
#686 = FACE_BOUND('',#687,.T.);
#687 = EDGE_LOOP('',(#688,#696,#704,#710));
#688 = ORIENTED_EDGE('',*,*,#689,.T.);
#689 = EDGE_CURVE('',#628,#690,#692,.T.);
#690 = VERTEX_POINT('',#691);
#691 = CARTESIAN_POINT('',(6.50000025,-1.85,4.175));
#692 = LINE('',#693,#694);
#693 = CARTESIAN_POINT('',(6.70000025,-1.85,4.175));
#694 = VECTOR('',#695,1.);
#695 = DIRECTION('',(-1.,1.224646799147E-16,0.));
#696 = ORIENTED_EDGE('',*,*,#697,.T.);
#697 = EDGE_CURVE('',#690,#698,#700,.T.);
#698 = VERTEX_POINT('',#699);
#699 = CARTESIAN_POINT('',(6.50000025,-1.85,2.675));
#700 = LINE('',#701,#702);
#701 = CARTESIAN_POINT('',(6.50000025,-1.85,4.175));
#702 = VECTOR('',#703,1.);
#703 = DIRECTION('',(1.359631073447E-32,1.110223024625E-16,-1.));
#704 = ORIENTED_EDGE('',*,*,#705,.T.);
#705 = EDGE_CURVE('',#698,#539,#706,.T.);
#706 = LINE('',#707,#708);
#707 = CARTESIAN_POINT('',(6.50000025,-1.85,2.675));
#708 = VECTOR('',#709,1.);
#709 = DIRECTION('',(1.,-1.224646799147E-16,0.));
#710 = ORIENTED_EDGE('',*,*,#635,.T.);
#711 = PLANE('',#712);
#712 = AXIS2_PLACEMENT_3D('',#713,#714,#715);
#713 = CARTESIAN_POINT('',(6.70000025,-1.85,4.3));
#714 = DIRECTION('',(-1.224646799147E-16,-1.,-1.110223024625E-16));
#715 = DIRECTION('',(1.359631073447E-32,1.110223024625E-16,-1.));
#716 = ADVANCED_FACE('',(#717),#813,.T.);
#717 = FACE_BOUND('',#718,.T.);
#718 = EDGE_LOOP('',(#719,#727,#735,#743,#751,#757,#758,#766,#774,#782,
    #790,#798,#806,#812));
#719 = ORIENTED_EDGE('',*,*,#720,.T.);
#720 = EDGE_CURVE('',#668,#721,#723,.T.);
#721 = VERTEX_POINT('',#722);
#722 = CARTESIAN_POINT('',(-2.19999975,-5.8,4.175));
#723 = LINE('',#724,#725);
#724 = CARTESIAN_POINT('',(-2.19999975,-1.85,4.175));
#725 = VECTOR('',#726,1.);
#726 = DIRECTION('',(-1.224646799147E-16,-1.,-1.110223024625E-16));
#727 = ORIENTED_EDGE('',*,*,#728,.T.);
#728 = EDGE_CURVE('',#721,#729,#731,.T.);
#729 = VERTEX_POINT('',#730);
#730 = CARTESIAN_POINT('',(-2.19999975,-5.8,6.7));
#731 = LINE('',#732,#733);
#732 = CARTESIAN_POINT('',(-2.19999975,-5.8,4.175));
#733 = VECTOR('',#734,1.);
#734 = DIRECTION('',(-1.359631073447E-32,-1.110223024625E-16,1.));
#735 = ORIENTED_EDGE('',*,*,#736,.T.);
#736 = EDGE_CURVE('',#729,#737,#739,.T.);
#737 = VERTEX_POINT('',#738);
#738 = CARTESIAN_POINT('',(-2.19999975,-0.4,6.7));
#739 = LINE('',#740,#741);
#740 = CARTESIAN_POINT('',(-2.19999975,-5.8,6.7));
#741 = VECTOR('',#742,1.);
#742 = DIRECTION('',(1.224646799147E-16,1.,1.110223024625E-16));
#743 = ORIENTED_EDGE('',*,*,#744,.T.);
#744 = EDGE_CURVE('',#737,#745,#747,.T.);
#745 = VERTEX_POINT('',#746);
#746 = CARTESIAN_POINT('',(-2.19999975,-0.4,5.25));
#747 = LINE('',#748,#749);
#748 = CARTESIAN_POINT('',(-2.19999975,-0.4,6.7));
#749 = VECTOR('',#750,1.);
#750 = DIRECTION('',(1.359631073447E-32,1.110223024625E-16,-1.));
#751 = ORIENTED_EDGE('',*,*,#752,.T.);
#752 = EDGE_CURVE('',#745,#428,#753,.T.);
#753 = LINE('',#754,#755);
#754 = CARTESIAN_POINT('',(-2.19999975,-0.4,5.25));
#755 = VECTOR('',#756,1.);
#756 = DIRECTION('',(1.224646799147E-16,1.,1.110223024625E-16));
#757 = ORIENTED_EDGE('',*,*,#427,.F.);
#758 = ORIENTED_EDGE('',*,*,#759,.F.);
#759 = EDGE_CURVE('',#760,#420,#762,.T.);
#760 = VERTEX_POINT('',#761);
#761 = CARTESIAN_POINT('',(-2.19999975,-6.6,5.000000000001E-02));
#762 = LINE('',#763,#764);
#763 = CARTESIAN_POINT('',(-2.19999975,-6.6,5.000000000001E-02));
#764 = VECTOR('',#765,1.);
#765 = DIRECTION('',(1.224646799147E-16,1.,1.110223024625E-16));
#766 = ORIENTED_EDGE('',*,*,#767,.F.);
#767 = EDGE_CURVE('',#768,#760,#770,.T.);
#768 = VERTEX_POINT('',#769);
#769 = CARTESIAN_POINT('',(-2.19999975,-6.6,1.907157287525));
#770 = LINE('',#771,#772);
#771 = CARTESIAN_POINT('',(-2.19999975,-6.6,1.907157287525));
#772 = VECTOR('',#773,1.);
#773 = DIRECTION('',(1.359631073447E-32,1.110223024625E-16,-1.));
#774 = ORIENTED_EDGE('',*,*,#775,.T.);
#775 = EDGE_CURVE('',#768,#776,#778,.T.);
#776 = VERTEX_POINT('',#777);
#777 = CARTESIAN_POINT('',(-2.19999975,-6.517157287525,1.99));
#778 = LINE('',#779,#780);
#779 = CARTESIAN_POINT('',(-2.19999975,-6.6,1.907157287525));
#780 = VECTOR('',#781,1.);
#781 = DIRECTION('',(8.659560562356E-17,0.707106781187,0.707106781186));
#782 = ORIENTED_EDGE('',*,*,#783,.T.);
#783 = EDGE_CURVE('',#776,#784,#786,.T.);
#784 = VERTEX_POINT('',#785);
#785 = CARTESIAN_POINT('',(-2.19999975,-6.117157287525,1.99));
#786 = LINE('',#787,#788);
#787 = CARTESIAN_POINT('',(-2.19999975,-6.517157287525,1.99));
#788 = VECTOR('',#789,1.);
#789 = DIRECTION('',(1.224646799147E-16,1.,1.110223024625E-16));
#790 = ORIENTED_EDGE('',*,*,#791,.T.);
#791 = EDGE_CURVE('',#784,#792,#794,.T.);
#792 = VERTEX_POINT('',#793);
#793 = CARTESIAN_POINT('',(-2.19999975,-5.8,2.307157287525));
#794 = LINE('',#795,#796);
#795 = CARTESIAN_POINT('',(-2.19999975,-6.117157287525,1.99));
#796 = VECTOR('',#797,1.);
#797 = DIRECTION('',(8.659560562355E-17,0.707106781187,0.707106781187));
#798 = ORIENTED_EDGE('',*,*,#799,.T.);
#799 = EDGE_CURVE('',#792,#800,#802,.T.);
#800 = VERTEX_POINT('',#801);
#801 = CARTESIAN_POINT('',(-2.19999975,-5.8,2.675));
#802 = LINE('',#803,#804);
#803 = CARTESIAN_POINT('',(-2.19999975,-5.8,2.307157287525));
#804 = VECTOR('',#805,1.);
#805 = DIRECTION('',(-1.359631073447E-32,-1.110223024625E-16,1.));
#806 = ORIENTED_EDGE('',*,*,#807,.F.);
#807 = EDGE_CURVE('',#650,#800,#808,.T.);
#808 = LINE('',#809,#810);
#809 = CARTESIAN_POINT('',(-2.19999975,-1.85,2.675));
#810 = VECTOR('',#811,1.);
#811 = DIRECTION('',(-1.224646799147E-16,-1.,-1.110223024625E-16));
#812 = ORIENTED_EDGE('',*,*,#675,.T.);
#813 = PLANE('',#814);
#814 = AXIS2_PLACEMENT_3D('',#815,#816,#817);
#815 = CARTESIAN_POINT('',(-2.19999975,0.45,6.9));
#816 = DIRECTION('',(-1.,1.224646799147E-16,0.));
#817 = DIRECTION('',(-1.359631073447E-32,-1.110223024625E-16,1.));
#818 = ADVANCED_FACE('',(#819),#837,.F.);
#819 = FACE_BOUND('',#820,.T.);
#820 = EDGE_LOOP('',(#821,#829,#835,#836));
#821 = ORIENTED_EDGE('',*,*,#822,.T.);
#822 = EDGE_CURVE('',#800,#823,#825,.T.);
#823 = VERTEX_POINT('',#824);
#824 = CARTESIAN_POINT('',(-1.99999975,-6.,2.675));
#825 = LINE('',#826,#827);
#826 = CARTESIAN_POINT('',(-2.19999975,-5.8,2.675));
#827 = VECTOR('',#828,1.);
#828 = DIRECTION('',(0.707106781187,-0.707106781187,-7.850462293419E-17)
  );
#829 = ORIENTED_EDGE('',*,*,#830,.T.);
#830 = EDGE_CURVE('',#823,#652,#831,.T.);
#831 = LINE('',#832,#833);
#832 = CARTESIAN_POINT('',(-1.99999975,-6.,2.675));
#833 = VECTOR('',#834,1.);
#834 = DIRECTION('',(1.224646799147E-16,1.,1.110223024625E-16));
#835 = ORIENTED_EDGE('',*,*,#649,.F.);
#836 = ORIENTED_EDGE('',*,*,#807,.T.);
#837 = PLANE('',#838);
#838 = AXIS2_PLACEMENT_3D('',#839,#840,#841);
#839 = CARTESIAN_POINT('',(-2.19999975,-6.,2.675));
#840 = DIRECTION('',(1.359631073447E-32,1.110223024625E-16,-1.));
#841 = DIRECTION('',(-1.224646799147E-16,-1.,-1.110223024625E-16));
#842 = ADVANCED_FACE('',(#843),#861,.F.);
#843 = FACE_BOUND('',#844,.T.);
#844 = EDGE_LOOP('',(#845,#853,#859,#860));
#845 = ORIENTED_EDGE('',*,*,#846,.T.);
#846 = EDGE_CURVE('',#823,#847,#849,.T.);
#847 = VERTEX_POINT('',#848);
#848 = CARTESIAN_POINT('',(-1.99999975,-6.,4.175));
#849 = LINE('',#850,#851);
#850 = CARTESIAN_POINT('',(-1.99999975,-6.,2.675));
#851 = VECTOR('',#852,1.);
#852 = DIRECTION('',(-1.359631073447E-32,-1.110223024625E-16,1.));
#853 = ORIENTED_EDGE('',*,*,#854,.T.);
#854 = EDGE_CURVE('',#847,#660,#855,.T.);
#855 = LINE('',#856,#857);
#856 = CARTESIAN_POINT('',(-1.99999975,-6.,4.175));
#857 = VECTOR('',#858,1.);
#858 = DIRECTION('',(1.224646799147E-16,1.,1.110223024625E-16));
#859 = ORIENTED_EDGE('',*,*,#659,.F.);
#860 = ORIENTED_EDGE('',*,*,#830,.F.);
#861 = PLANE('',#862);
#862 = AXIS2_PLACEMENT_3D('',#863,#864,#865);
#863 = CARTESIAN_POINT('',(-1.99999975,-6.,2.675));
#864 = DIRECTION('',(1.,-1.224646799147E-16,0.));
#865 = DIRECTION('',(1.224646799147E-16,1.,1.110223024625E-16));
#866 = ADVANCED_FACE('',(#867),#878,.F.);
#867 = FACE_BOUND('',#868,.T.);
#868 = EDGE_LOOP('',(#869,#870,#871,#877));
#869 = ORIENTED_EDGE('',*,*,#667,.F.);
#870 = ORIENTED_EDGE('',*,*,#854,.F.);
#871 = ORIENTED_EDGE('',*,*,#872,.F.);
#872 = EDGE_CURVE('',#721,#847,#873,.T.);
#873 = LINE('',#874,#875);
#874 = CARTESIAN_POINT('',(-2.19999975,-5.8,4.175));
#875 = VECTOR('',#876,1.);
#876 = DIRECTION('',(0.707106781187,-0.707106781187,-7.850462293419E-17)
  );
#877 = ORIENTED_EDGE('',*,*,#720,.F.);
#878 = PLANE('',#879);
#879 = AXIS2_PLACEMENT_3D('',#880,#881,#882);
#880 = CARTESIAN_POINT('',(-1.99999975,-6.,4.175));
#881 = DIRECTION('',(-1.359631073447E-32,-1.110223024625E-16,1.));
#882 = DIRECTION('',(-1.,1.224646799147E-16,0.));
#883 = ADVANCED_FACE('',(#884),#902,.T.);
#884 = FACE_BOUND('',#885,.T.);
#885 = EDGE_LOOP('',(#886,#887,#895,#901));
#886 = ORIENTED_EDGE('',*,*,#799,.F.);
#887 = ORIENTED_EDGE('',*,*,#888,.T.);
#888 = EDGE_CURVE('',#792,#889,#891,.T.);
#889 = VERTEX_POINT('',#890);
#890 = CARTESIAN_POINT('',(-1.99999975,-6.,2.39));
#891 = LINE('',#892,#893);
#892 = CARTESIAN_POINT('',(-2.19999975,-5.8,2.307157287525));
#893 = VECTOR('',#894,1.);
#894 = DIRECTION('',(0.678598344546,-0.678598344546,0.281084637715));
#895 = ORIENTED_EDGE('',*,*,#896,.T.);
#896 = EDGE_CURVE('',#889,#823,#897,.T.);
#897 = LINE('',#898,#899);
#898 = CARTESIAN_POINT('',(-1.99999975,-6.,2.39));
#899 = VECTOR('',#900,1.);
#900 = DIRECTION('',(-1.359631073447E-32,-1.110223024625E-16,1.));
#901 = ORIENTED_EDGE('',*,*,#822,.F.);
#902 = PLANE('',#903);
#903 = AXIS2_PLACEMENT_3D('',#904,#905,#906);
#904 = CARTESIAN_POINT('',(-2.09999975,-5.9,4.645));
#905 = DIRECTION('',(-0.707106781187,-0.707106781187,-7.850462293419E-17
    ));
#906 = DIRECTION('',(1.359631073447E-32,1.110223024625E-16,-1.));
#907 = ADVANCED_FACE('',(#908),#934,.T.);
#908 = FACE_BOUND('',#909,.T.);
#909 = EDGE_LOOP('',(#910,#918,#926,#932,#933));
#910 = ORIENTED_EDGE('',*,*,#911,.T.);
#911 = EDGE_CURVE('',#847,#912,#914,.T.);
#912 = VERTEX_POINT('',#913);
#913 = CARTESIAN_POINT('',(-1.99999975,-6.,6.8));
#914 = LINE('',#915,#916);
#915 = CARTESIAN_POINT('',(-1.99999975,-6.,4.175));
#916 = VECTOR('',#917,1.);
#917 = DIRECTION('',(-1.359631073447E-32,-1.110223024625E-16,1.));
#918 = ORIENTED_EDGE('',*,*,#919,.F.);
#919 = EDGE_CURVE('',#920,#912,#922,.T.);
#920 = VERTEX_POINT('',#921);
#921 = CARTESIAN_POINT('',(-2.04999975,-5.95,6.85));
#922 = LINE('',#923,#924);
#923 = CARTESIAN_POINT('',(-2.04999975,-5.95,6.85));
#924 = VECTOR('',#925,1.);
#925 = DIRECTION('',(0.57735026919,-0.57735026919,-0.57735026919));
#926 = ORIENTED_EDGE('',*,*,#927,.F.);
#927 = EDGE_CURVE('',#729,#920,#928,.T.);
#928 = LINE('',#929,#930);
#929 = CARTESIAN_POINT('',(-2.19999975,-5.8,6.7));
#930 = VECTOR('',#931,1.);
#931 = DIRECTION('',(0.57735026919,-0.57735026919,0.57735026919));
#932 = ORIENTED_EDGE('',*,*,#728,.F.);
#933 = ORIENTED_EDGE('',*,*,#872,.T.);
#934 = PLANE('',#935);
#935 = AXIS2_PLACEMENT_3D('',#936,#937,#938);
#936 = CARTESIAN_POINT('',(-2.09999975,-5.9,4.645));
#937 = DIRECTION('',(-0.707106781187,-0.707106781187,-7.850462293419E-17
    ));
#938 = DIRECTION('',(1.359631073447E-32,1.110223024625E-16,-1.));
#939 = ADVANCED_FACE('',(#940),#1079,.F.);
#940 = FACE_BOUND('',#941,.T.);
#941 = EDGE_LOOP('',(#942,#952,#960,#968,#976,#982,#983,#984,#985,#993,
    #1001,#1009,#1017,#1025,#1033,#1041,#1049,#1057,#1065,#1073));
#942 = ORIENTED_EDGE('',*,*,#943,.F.);
#943 = EDGE_CURVE('',#944,#946,#948,.T.);
#944 = VERTEX_POINT('',#945);
#945 = CARTESIAN_POINT('',(6.50000025,-6.,2.39));
#946 = VERTEX_POINT('',#947);
#947 = CARTESIAN_POINT('',(6.15000025,-6.,2.39));
#948 = LINE('',#949,#950);
#949 = CARTESIAN_POINT('',(6.50000025,-6.,2.39));
#950 = VECTOR('',#951,1.);
#951 = DIRECTION('',(-1.,1.224646799147E-16,0.));
#952 = ORIENTED_EDGE('',*,*,#953,.F.);
#953 = EDGE_CURVE('',#954,#944,#956,.T.);
#954 = VERTEX_POINT('',#955);
#955 = CARTESIAN_POINT('',(6.50000025,-6.,2.675));
#956 = LINE('',#957,#958);
#957 = CARTESIAN_POINT('',(6.50000025,-6.,2.675));
#958 = VECTOR('',#959,1.);
#959 = DIRECTION('',(1.359631073447E-32,1.110223024625E-16,-1.));
#960 = ORIENTED_EDGE('',*,*,#961,.F.);
#961 = EDGE_CURVE('',#962,#954,#964,.T.);
#962 = VERTEX_POINT('',#963);
#963 = CARTESIAN_POINT('',(6.50000025,-6.,4.175));
#964 = LINE('',#965,#966);
#965 = CARTESIAN_POINT('',(6.50000025,-6.,4.175));
#966 = VECTOR('',#967,1.);
#967 = DIRECTION('',(1.359631073447E-32,1.110223024625E-16,-1.));
#968 = ORIENTED_EDGE('',*,*,#969,.F.);
#969 = EDGE_CURVE('',#970,#962,#972,.T.);
#970 = VERTEX_POINT('',#971);
#971 = CARTESIAN_POINT('',(6.50000025,-6.,6.8));
#972 = LINE('',#973,#974);
#973 = CARTESIAN_POINT('',(6.50000025,-6.,6.8));
#974 = VECTOR('',#975,1.);
#975 = DIRECTION('',(1.359631073447E-32,1.110223024625E-16,-1.));
#976 = ORIENTED_EDGE('',*,*,#977,.F.);
#977 = EDGE_CURVE('',#912,#970,#978,.T.);
#978 = LINE('',#979,#980);
#979 = CARTESIAN_POINT('',(-1.99999975,-6.,6.8));
#980 = VECTOR('',#981,1.);
#981 = DIRECTION('',(1.,-1.224646799147E-16,0.));
#982 = ORIENTED_EDGE('',*,*,#911,.F.);
#983 = ORIENTED_EDGE('',*,*,#846,.F.);
#984 = ORIENTED_EDGE('',*,*,#896,.F.);
#985 = ORIENTED_EDGE('',*,*,#986,.F.);
#986 = EDGE_CURVE('',#987,#889,#989,.T.);
#987 = VERTEX_POINT('',#988);
#988 = CARTESIAN_POINT('',(-1.64999975,-6.,2.39));
#989 = LINE('',#990,#991);
#990 = CARTESIAN_POINT('',(-1.64999975,-6.,2.39));
#991 = VECTOR('',#992,1.);
#992 = DIRECTION('',(-1.,1.224646799147E-16,0.));
#993 = ORIENTED_EDGE('',*,*,#994,.T.);
#994 = EDGE_CURVE('',#987,#995,#997,.T.);
#995 = VERTEX_POINT('',#996);
#996 = CARTESIAN_POINT('',(-1.64999975,-6.,6.19));
#997 = LINE('',#998,#999);
#998 = CARTESIAN_POINT('',(-1.64999975,-6.,2.39));
#999 = VECTOR('',#1000,1.);
#1000 = DIRECTION('',(-1.359631073447E-32,-1.110223024625E-16,1.));
#1001 = ORIENTED_EDGE('',*,*,#1002,.F.);
#1002 = EDGE_CURVE('',#1003,#995,#1005,.T.);
#1003 = VERTEX_POINT('',#1004);
#1004 = CARTESIAN_POINT('',(2.499999998129E-07,-6.,6.19));
#1005 = LINE('',#1006,#1007);
#1006 = CARTESIAN_POINT('',(2.499999998129E-07,-6.,6.19));
#1007 = VECTOR('',#1008,1.);
#1008 = DIRECTION('',(-1.,1.224646799147E-16,0.));
#1009 = ORIENTED_EDGE('',*,*,#1010,.T.);
#1010 = EDGE_CURVE('',#1003,#1011,#1013,.T.);
#1011 = VERTEX_POINT('',#1012);
#1012 = CARTESIAN_POINT('',(2.499999998129E-07,-6.,5.19));
#1013 = LINE('',#1014,#1015);
#1014 = CARTESIAN_POINT('',(2.499999998129E-07,-6.,6.19));
#1015 = VECTOR('',#1016,1.);
#1016 = DIRECTION('',(1.359631073447E-32,1.110223024625E-16,-1.));
#1017 = ORIENTED_EDGE('',*,*,#1018,.T.);
#1018 = EDGE_CURVE('',#1011,#1019,#1021,.T.);
#1019 = VERTEX_POINT('',#1020);
#1020 = CARTESIAN_POINT('',(0.40000025,-6.,5.19));
#1021 = LINE('',#1022,#1023);
#1022 = CARTESIAN_POINT('',(2.499999998129E-07,-6.,5.19));
#1023 = VECTOR('',#1024,1.);
#1024 = DIRECTION('',(1.,-1.224646799147E-16,0.));
#1025 = ORIENTED_EDGE('',*,*,#1026,.T.);
#1026 = EDGE_CURVE('',#1019,#1027,#1029,.T.);
#1027 = VERTEX_POINT('',#1028);
#1028 = CARTESIAN_POINT('',(0.40000025,-6.,6.19));
#1029 = LINE('',#1030,#1031);
#1030 = CARTESIAN_POINT('',(0.40000025,-6.,5.19));
#1031 = VECTOR('',#1032,1.);
#1032 = DIRECTION('',(-1.359631073447E-32,-1.110223024625E-16,1.));
#1033 = ORIENTED_EDGE('',*,*,#1034,.F.);
#1034 = EDGE_CURVE('',#1035,#1027,#1037,.T.);
#1035 = VERTEX_POINT('',#1036);
#1036 = CARTESIAN_POINT('',(4.10000025,-6.,6.19));
#1037 = LINE('',#1038,#1039);
#1038 = CARTESIAN_POINT('',(4.10000025,-6.,6.19));
#1039 = VECTOR('',#1040,1.);
#1040 = DIRECTION('',(-1.,1.224646799147E-16,0.));
#1041 = ORIENTED_EDGE('',*,*,#1042,.T.);
#1042 = EDGE_CURVE('',#1035,#1043,#1045,.T.);
#1043 = VERTEX_POINT('',#1044);
#1044 = CARTESIAN_POINT('',(4.10000025,-6.,5.19));
#1045 = LINE('',#1046,#1047);
#1046 = CARTESIAN_POINT('',(4.10000025,-6.,6.19));
#1047 = VECTOR('',#1048,1.);
#1048 = DIRECTION('',(1.359631073447E-32,1.110223024625E-16,-1.));
#1049 = ORIENTED_EDGE('',*,*,#1050,.T.);
#1050 = EDGE_CURVE('',#1043,#1051,#1053,.T.);
#1051 = VERTEX_POINT('',#1052);
#1052 = CARTESIAN_POINT('',(4.50000025,-6.,5.19));
#1053 = LINE('',#1054,#1055);
#1054 = CARTESIAN_POINT('',(4.10000025,-6.,5.19));
#1055 = VECTOR('',#1056,1.);
#1056 = DIRECTION('',(1.,-1.224646799147E-16,0.));
#1057 = ORIENTED_EDGE('',*,*,#1058,.T.);
#1058 = EDGE_CURVE('',#1051,#1059,#1061,.T.);
#1059 = VERTEX_POINT('',#1060);
#1060 = CARTESIAN_POINT('',(4.50000025,-6.,6.19));
#1061 = LINE('',#1062,#1063);
#1062 = CARTESIAN_POINT('',(4.50000025,-6.,5.19));
#1063 = VECTOR('',#1064,1.);
#1064 = DIRECTION('',(-1.359631073447E-32,-1.110223024625E-16,1.));
#1065 = ORIENTED_EDGE('',*,*,#1066,.F.);
#1066 = EDGE_CURVE('',#1067,#1059,#1069,.T.);
#1067 = VERTEX_POINT('',#1068);
#1068 = CARTESIAN_POINT('',(6.15000025,-6.,6.19));
#1069 = LINE('',#1070,#1071);
#1070 = CARTESIAN_POINT('',(6.15000025,-6.,6.19));
#1071 = VECTOR('',#1072,1.);
#1072 = DIRECTION('',(-1.,1.224646799147E-16,0.));
#1073 = ORIENTED_EDGE('',*,*,#1074,.T.);
#1074 = EDGE_CURVE('',#1067,#946,#1075,.T.);
#1075 = LINE('',#1076,#1077);
#1076 = CARTESIAN_POINT('',(6.15000025,-6.,6.19));
#1077 = VECTOR('',#1078,1.);
#1078 = DIRECTION('',(1.359631073447E-32,1.110223024625E-16,-1.));
#1079 = PLANE('',#1080);
#1080 = AXIS2_PLACEMENT_3D('',#1081,#1082,#1083);
#1081 = CARTESIAN_POINT('',(6.70000025,-6.,2.39));
#1082 = DIRECTION('',(1.224646799147E-16,1.,1.110223024625E-16));
#1083 = DIRECTION('',(-1.,1.224646799147E-16,0.));
#1084 = ADVANCED_FACE('',(#1085),#1142,.T.);
#1085 = FACE_BOUND('',#1086,.T.);
#1086 = EDGE_LOOP('',(#1087,#1095,#1103,#1111,#1119,#1127,#1135,#1141));
#1087 = ORIENTED_EDGE('',*,*,#1088,.T.);
#1088 = EDGE_CURVE('',#1067,#1089,#1091,.T.);
#1089 = VERTEX_POINT('',#1090);
#1090 = CARTESIAN_POINT('',(5.95000025,-5.8,5.99));
#1091 = LINE('',#1092,#1093);
#1092 = CARTESIAN_POINT('',(6.15000025,-6.,6.19));
#1093 = VECTOR('',#1094,1.);
#1094 = DIRECTION('',(-0.57735026919,0.57735026919,-0.57735026919));
#1095 = ORIENTED_EDGE('',*,*,#1096,.F.);
#1096 = EDGE_CURVE('',#1097,#1089,#1099,.T.);
#1097 = VERTEX_POINT('',#1098);
#1098 = CARTESIAN_POINT('',(5.95000025,-5.8,3.05));
#1099 = LINE('',#1100,#1101);
#1100 = CARTESIAN_POINT('',(5.95000025,-5.8,3.05));
#1101 = VECTOR('',#1102,1.);
#1102 = DIRECTION('',(-1.359631073447E-32,-1.110223024625E-16,1.));
#1103 = ORIENTED_EDGE('',*,*,#1104,.F.);
#1104 = EDGE_CURVE('',#1105,#1097,#1107,.T.);
#1105 = VERTEX_POINT('',#1106);
#1106 = CARTESIAN_POINT('',(5.89000025,-5.74,3.05));
#1107 = LINE('',#1108,#1109);
#1108 = CARTESIAN_POINT('',(5.89000025,-5.74,3.05));
#1109 = VECTOR('',#1110,1.);
#1110 = DIRECTION('',(0.707106781187,-0.707106781186,-7.850462293418E-17
    ));
#1111 = ORIENTED_EDGE('',*,*,#1112,.T.);
#1112 = EDGE_CURVE('',#1105,#1113,#1115,.T.);
#1113 = VERTEX_POINT('',#1114);
#1114 = CARTESIAN_POINT('',(5.89000025,-5.74,2.75));
#1115 = LINE('',#1116,#1117);
#1116 = CARTESIAN_POINT('',(5.89000025,-5.74,3.05));
#1117 = VECTOR('',#1118,1.);
#1118 = DIRECTION('',(1.359631073447E-32,1.110223024625E-16,-1.));
#1119 = ORIENTED_EDGE('',*,*,#1120,.F.);
#1120 = EDGE_CURVE('',#1121,#1113,#1123,.T.);
#1121 = VERTEX_POINT('',#1122);
#1122 = CARTESIAN_POINT('',(5.95000025,-5.8,2.75));
#1123 = LINE('',#1124,#1125);
#1124 = CARTESIAN_POINT('',(5.95000025,-5.8,2.75));
#1125 = VECTOR('',#1126,1.);
#1126 = DIRECTION('',(-0.707106781186,0.707106781187,7.850462293419E-17)
  );
#1127 = ORIENTED_EDGE('',*,*,#1128,.F.);
#1128 = EDGE_CURVE('',#1129,#1121,#1131,.T.);
#1129 = VERTEX_POINT('',#1130);
#1130 = CARTESIAN_POINT('',(5.95000025,-5.8,2.307157287525));
#1131 = LINE('',#1132,#1133);
#1132 = CARTESIAN_POINT('',(5.95000025,-5.8,2.307157287525));
#1133 = VECTOR('',#1134,1.);
#1134 = DIRECTION('',(-1.359631073447E-32,-1.110223024625E-16,1.));
#1135 = ORIENTED_EDGE('',*,*,#1136,.F.);
#1136 = EDGE_CURVE('',#946,#1129,#1137,.T.);
#1137 = LINE('',#1138,#1139);
#1138 = CARTESIAN_POINT('',(6.15000025,-6.,2.39));
#1139 = VECTOR('',#1140,1.);
#1140 = DIRECTION('',(-0.678598344546,0.678598344546,-0.281084637715));
#1141 = ORIENTED_EDGE('',*,*,#1074,.F.);
#1142 = PLANE('',#1143);
#1143 = AXIS2_PLACEMENT_3D('',#1144,#1145,#1146);
#1144 = CARTESIAN_POINT('',(6.02000025,-5.87,2.9));
#1145 = DIRECTION('',(-0.707106781187,-0.707106781187,
    -7.850462293419E-17));
#1146 = DIRECTION('',(1.359631073447E-32,1.110223024625E-16,-1.));
#1147 = ADVANCED_FACE('',(#1148),#1173,.T.);
#1148 = FACE_BOUND('',#1149,.T.);
#1149 = EDGE_LOOP('',(#1150,#1160,#1166,#1167));
#1150 = ORIENTED_EDGE('',*,*,#1151,.F.);
#1151 = EDGE_CURVE('',#1152,#1154,#1156,.T.);
#1152 = VERTEX_POINT('',#1153);
#1153 = CARTESIAN_POINT('',(6.15000025,-6.2,2.19));
#1154 = VERTEX_POINT('',#1155);
#1155 = CARTESIAN_POINT('',(5.95000025,-6.117157287525,1.99));
#1156 = LINE('',#1157,#1158);
#1157 = CARTESIAN_POINT('',(6.15000025,-6.2,2.19));
#1158 = VECTOR('',#1159,1.);
#1159 = DIRECTION('',(-0.678598344546,0.281084637715,-0.678598344546));
#1160 = ORIENTED_EDGE('',*,*,#1161,.F.);
#1161 = EDGE_CURVE('',#946,#1152,#1162,.T.);
#1162 = LINE('',#1163,#1164);
#1163 = CARTESIAN_POINT('',(6.15000025,-6.,2.39));
#1164 = VECTOR('',#1165,1.);
#1165 = DIRECTION('',(-8.659560562355E-17,-0.707106781187,
    -0.707106781187));
#1166 = ORIENTED_EDGE('',*,*,#1136,.T.);
#1167 = ORIENTED_EDGE('',*,*,#1168,.T.);
#1168 = EDGE_CURVE('',#1129,#1154,#1169,.T.);
#1169 = LINE('',#1170,#1171);
#1170 = CARTESIAN_POINT('',(5.95000025,-5.8,2.307157287525));
#1171 = VECTOR('',#1172,1.);
#1172 = DIRECTION('',(-8.659560562355E-17,-0.707106781187,
    -0.707106781187));
#1173 = PLANE('',#1174);
#1174 = AXIS2_PLACEMENT_3D('',#1175,#1176,#1177);
#1175 = CARTESIAN_POINT('',(6.05000025,-6.029289321881,2.219289321881));
#1176 = DIRECTION('',(-0.707106781187,-0.5,0.5));
#1177 = DIRECTION('',(-8.659560562355E-17,-0.707106781187,
    -0.707106781187));
#1178 = ADVANCED_FACE('',(#1179),#1237,.F.);
#1179 = FACE_BOUND('',#1180,.T.);
#1180 = EDGE_LOOP('',(#1181,#1191,#1197,#1198,#1199,#1207,#1215,#1223,
    #1231));
#1181 = ORIENTED_EDGE('',*,*,#1182,.F.);
#1182 = EDGE_CURVE('',#1183,#1185,#1187,.T.);
#1183 = VERTEX_POINT('',#1184);
#1184 = CARTESIAN_POINT('',(5.95000025,-6.517157287525,1.99));
#1185 = VERTEX_POINT('',#1186);
#1186 = CARTESIAN_POINT('',(5.95000025,-6.6,1.907157287525));
#1187 = LINE('',#1188,#1189);
#1188 = CARTESIAN_POINT('',(5.95000025,-6.517157287525,1.99));
#1189 = VECTOR('',#1190,1.);
#1190 = DIRECTION('',(-8.659560562355E-17,-0.707106781187,
    -0.707106781187));
#1191 = ORIENTED_EDGE('',*,*,#1192,.F.);
#1192 = EDGE_CURVE('',#1154,#1183,#1193,.T.);
#1193 = LINE('',#1194,#1195);
#1194 = CARTESIAN_POINT('',(5.95000025,-6.117157287525,1.99));
#1195 = VECTOR('',#1196,1.);
#1196 = DIRECTION('',(-1.224646799147E-16,-1.,-1.110223024625E-16));
#1197 = ORIENTED_EDGE('',*,*,#1168,.F.);
#1198 = ORIENTED_EDGE('',*,*,#1128,.T.);
#1199 = ORIENTED_EDGE('',*,*,#1200,.F.);
#1200 = EDGE_CURVE('',#1201,#1121,#1203,.T.);
#1201 = VERTEX_POINT('',#1202);
#1202 = CARTESIAN_POINT('',(5.95000025,-0.6,2.75));
#1203 = LINE('',#1204,#1205);
#1204 = CARTESIAN_POINT('',(5.95000025,-0.6,2.75));
#1205 = VECTOR('',#1206,1.);
#1206 = DIRECTION('',(-1.224646799147E-16,-1.,-1.110223024625E-16));
#1207 = ORIENTED_EDGE('',*,*,#1208,.T.);
#1208 = EDGE_CURVE('',#1201,#1209,#1211,.T.);
#1209 = VERTEX_POINT('',#1210);
#1210 = CARTESIAN_POINT('',(5.95000025,-0.6,1.39));
#1211 = LINE('',#1212,#1213);
#1212 = CARTESIAN_POINT('',(5.95000025,-0.6,2.75));
#1213 = VECTOR('',#1214,1.);
#1214 = DIRECTION('',(1.359631073447E-32,1.110223024625E-16,-1.));
#1215 = ORIENTED_EDGE('',*,*,#1216,.F.);
#1216 = EDGE_CURVE('',#1217,#1209,#1219,.T.);
#1217 = VERTEX_POINT('',#1218);
#1218 = CARTESIAN_POINT('',(5.95000025,-6.097777777778,1.39));
#1219 = LINE('',#1220,#1221);
#1220 = CARTESIAN_POINT('',(5.95000025,-6.097777777778,1.39));
#1221 = VECTOR('',#1222,1.);
#1222 = DIRECTION('',(1.224646799147E-16,1.,1.110223024625E-16));
#1223 = ORIENTED_EDGE('',*,*,#1224,.F.);
#1224 = EDGE_CURVE('',#1225,#1217,#1227,.T.);
#1225 = VERTEX_POINT('',#1226);
#1226 = CARTESIAN_POINT('',(5.95000025,-6.6,1.103924050633));
#1227 = LINE('',#1228,#1229);
#1228 = CARTESIAN_POINT('',(5.95000025,-6.6,1.103924050633));
#1229 = VECTOR('',#1230,1.);
#1230 = DIRECTION('',(1.064119109983E-16,0.868919194272,0.494953971421)
  );
#1231 = ORIENTED_EDGE('',*,*,#1232,.T.);
#1232 = EDGE_CURVE('',#1225,#1185,#1233,.T.);
#1233 = LINE('',#1234,#1235);
#1234 = CARTESIAN_POINT('',(5.95000025,-6.6,1.103924050633));
#1235 = VECTOR('',#1236,1.);
#1236 = DIRECTION('',(-1.359631073447E-32,-1.110223024625E-16,1.));
#1237 = PLANE('',#1238);
#1238 = AXIS2_PLACEMENT_3D('',#1239,#1240,#1241);
#1239 = CARTESIAN_POINT('',(5.95000025,-3.62,3.425));
#1240 = DIRECTION('',(1.,-1.224646799147E-16,0.));
#1241 = DIRECTION('',(1.224646799147E-16,1.,1.110223024625E-16));
#1242 = ADVANCED_FACE('',(#1243),#1268,.F.);
#1243 = FACE_BOUND('',#1244,.T.);
#1244 = EDGE_LOOP('',(#1245,#1255,#1261,#1262));
#1245 = ORIENTED_EDGE('',*,*,#1246,.T.);
#1246 = EDGE_CURVE('',#1247,#1249,#1251,.T.);
#1247 = VERTEX_POINT('',#1248);
#1248 = CARTESIAN_POINT('',(5.95000025,-0.6,5.99));
#1249 = VERTEX_POINT('',#1250);
#1250 = CARTESIAN_POINT('',(5.95000025,-0.6,3.05));
#1251 = LINE('',#1252,#1253);
#1252 = CARTESIAN_POINT('',(5.95000025,-0.6,5.99));
#1253 = VECTOR('',#1254,1.);
#1254 = DIRECTION('',(1.359631073447E-32,1.110223024625E-16,-1.));
#1255 = ORIENTED_EDGE('',*,*,#1256,.T.);
#1256 = EDGE_CURVE('',#1249,#1097,#1257,.T.);
#1257 = LINE('',#1258,#1259);
#1258 = CARTESIAN_POINT('',(5.95000025,-0.6,3.05));
#1259 = VECTOR('',#1260,1.);
#1260 = DIRECTION('',(-1.224646799147E-16,-1.,-1.110223024625E-16));
#1261 = ORIENTED_EDGE('',*,*,#1096,.T.);
#1262 = ORIENTED_EDGE('',*,*,#1263,.T.);
#1263 = EDGE_CURVE('',#1089,#1247,#1264,.T.);
#1264 = LINE('',#1265,#1266);
#1265 = CARTESIAN_POINT('',(5.95000025,-5.8,5.99));
#1266 = VECTOR('',#1267,1.);
#1267 = DIRECTION('',(1.224646799147E-16,1.,1.110223024625E-16));
#1268 = PLANE('',#1269);
#1269 = AXIS2_PLACEMENT_3D('',#1270,#1271,#1272);
#1270 = CARTESIAN_POINT('',(5.95000025,-3.62,3.425));
#1271 = DIRECTION('',(1.,-1.224646799147E-16,0.));
#1272 = DIRECTION('',(1.224646799147E-16,1.,1.110223024625E-16));
#1273 = ADVANCED_FACE('',(#1274),#1299,.T.);
#1274 = FACE_BOUND('',#1275,.T.);
#1275 = EDGE_LOOP('',(#1276,#1284,#1285,#1293));
#1276 = ORIENTED_EDGE('',*,*,#1277,.T.);
#1277 = EDGE_CURVE('',#1278,#1185,#1280,.T.);
#1278 = VERTEX_POINT('',#1279);
#1279 = CARTESIAN_POINT('',(6.15000025,-6.8,1.99));
#1280 = LINE('',#1281,#1282);
#1281 = CARTESIAN_POINT('',(6.15000025,-6.8,1.99));
#1282 = VECTOR('',#1283,1.);
#1283 = DIRECTION('',(-0.678598344546,0.678598344546,-0.281084637715));
#1284 = ORIENTED_EDGE('',*,*,#1232,.F.);
#1285 = ORIENTED_EDGE('',*,*,#1286,.F.);
#1286 = EDGE_CURVE('',#1287,#1225,#1289,.T.);
#1287 = VERTEX_POINT('',#1288);
#1288 = CARTESIAN_POINT('',(6.15000025,-6.8,0.99));
#1289 = LINE('',#1290,#1291);
#1290 = CARTESIAN_POINT('',(6.15000025,-6.8,0.99));
#1291 = VECTOR('',#1292,1.);
#1292 = DIRECTION('',(-0.655900989019,0.655900989019,0.373614487416));
#1293 = ORIENTED_EDGE('',*,*,#1294,.T.);
#1294 = EDGE_CURVE('',#1287,#1278,#1295,.T.);
#1295 = LINE('',#1296,#1297);
#1296 = CARTESIAN_POINT('',(6.15000025,-6.8,0.99));
#1297 = VECTOR('',#1298,1.);
#1298 = DIRECTION('',(-1.359631073447E-32,-1.110223024625E-16,1.));
#1299 = PLANE('',#1300);
#1300 = AXIS2_PLACEMENT_3D('',#1301,#1302,#1303);
#1301 = CARTESIAN_POINT('',(6.05000025,-6.7,1.546962025316));
#1302 = DIRECTION('',(-0.707106781187,-0.707106781187,
    -7.850462293419E-17));
#1303 = DIRECTION('',(1.359631073447E-32,1.110223024625E-16,-1.));
#1304 = ADVANCED_FACE('',(#1305),#1355,.T.);
#1305 = FACE_BOUND('',#1306,.T.);
#1306 = EDGE_LOOP('',(#1307,#1317,#1325,#1333,#1341,#1349));
#1307 = ORIENTED_EDGE('',*,*,#1308,.T.);
#1308 = EDGE_CURVE('',#1309,#1311,#1313,.T.);
#1309 = VERTEX_POINT('',#1310);
#1310 = CARTESIAN_POINT('',(-1.99999975,-6.8,0.15));
#1311 = VERTEX_POINT('',#1312);
#1312 = CARTESIAN_POINT('',(0.330000249624,-6.800001230735,
    0.149998769107));
#1313 = LINE('',#1314,#1315);
#1314 = CARTESIAN_POINT('',(-1.99999975,-6.8,0.15));
#1315 = VECTOR('',#1316,1.);
#1316 = DIRECTION('',(1.,-5.28212608243E-07,-5.282803486881E-07));
#1317 = ORIENTED_EDGE('',*,*,#1318,.F.);
#1318 = EDGE_CURVE('',#1319,#1311,#1321,.T.);
#1319 = VERTEX_POINT('',#1320);
#1320 = CARTESIAN_POINT('',(0.33000025,-6.8,0.99));
#1321 = LINE('',#1322,#1323);
#1322 = CARTESIAN_POINT('',(0.33000025,-6.8,0.99));
#1323 = VECTOR('',#1324,1.);
#1324 = DIRECTION('',(-4.474186946215E-10,-1.465159015683E-06,
    -0.999999999999));
#1325 = ORIENTED_EDGE('',*,*,#1326,.T.);
#1326 = EDGE_CURVE('',#1319,#1327,#1329,.T.);
#1327 = VERTEX_POINT('',#1328);
#1328 = CARTESIAN_POINT('',(-1.64999975,-6.8,0.99));
#1329 = LINE('',#1330,#1331);
#1330 = CARTESIAN_POINT('',(0.33000025,-6.8,0.99));
#1331 = VECTOR('',#1332,1.);
#1332 = DIRECTION('',(-1.,1.224646799147E-16,0.));
#1333 = ORIENTED_EDGE('',*,*,#1334,.F.);
#1334 = EDGE_CURVE('',#1335,#1327,#1337,.T.);
#1335 = VERTEX_POINT('',#1336);
#1336 = CARTESIAN_POINT('',(-1.64999975,-6.8,1.99));
#1337 = LINE('',#1338,#1339);
#1338 = CARTESIAN_POINT('',(-1.64999975,-6.8,1.99));
#1339 = VECTOR('',#1340,1.);
#1340 = DIRECTION('',(1.359631073447E-32,1.110223024625E-16,-1.));
#1341 = ORIENTED_EDGE('',*,*,#1342,.F.);
#1342 = EDGE_CURVE('',#1343,#1335,#1345,.T.);
#1343 = VERTEX_POINT('',#1344);
#1344 = CARTESIAN_POINT('',(-1.99999975,-6.8,1.99));
#1345 = LINE('',#1346,#1347);
#1346 = CARTESIAN_POINT('',(-1.99999975,-6.8,1.99));
#1347 = VECTOR('',#1348,1.);
#1348 = DIRECTION('',(1.,-1.224646799147E-16,0.));
#1349 = ORIENTED_EDGE('',*,*,#1350,.T.);
#1350 = EDGE_CURVE('',#1343,#1309,#1351,.T.);
#1351 = LINE('',#1352,#1353);
#1352 = CARTESIAN_POINT('',(-1.99999975,-6.8,1.99));
#1353 = VECTOR('',#1354,1.);
#1354 = DIRECTION('',(1.359631073447E-32,1.110223024625E-16,-1.));
#1355 = PLANE('',#1356);
#1356 = AXIS2_PLACEMENT_3D('',#1357,#1358,#1359);
#1357 = CARTESIAN_POINT('',(2.25000025,-6.8,4.3));
#1358 = DIRECTION('',(-1.224646799147E-16,-1.,-1.110223024625E-16));
#1359 = DIRECTION('',(1.359631073447E-32,1.110223024625E-16,-1.));
#1360 = ADVANCED_FACE('',(#1361),#1402,.T.);
#1361 = FACE_BOUND('',#1362,.T.);
#1362 = EDGE_LOOP('',(#1363,#1371,#1372,#1380,#1388,#1396));
#1363 = ORIENTED_EDGE('',*,*,#1364,.F.);
#1364 = EDGE_CURVE('',#1278,#1365,#1367,.T.);
#1365 = VERTEX_POINT('',#1366);
#1366 = CARTESIAN_POINT('',(6.50000025,-6.8,1.99));
#1367 = LINE('',#1368,#1369);
#1368 = CARTESIAN_POINT('',(6.15000025,-6.8,1.99));
#1369 = VECTOR('',#1370,1.);
#1370 = DIRECTION('',(1.,-1.224646799147E-16,0.));
#1371 = ORIENTED_EDGE('',*,*,#1294,.F.);
#1372 = ORIENTED_EDGE('',*,*,#1373,.T.);
#1373 = EDGE_CURVE('',#1287,#1374,#1376,.T.);
#1374 = VERTEX_POINT('',#1375);
#1375 = CARTESIAN_POINT('',(4.17000025,-6.8,0.99));
#1376 = LINE('',#1377,#1378);
#1377 = CARTESIAN_POINT('',(6.15000025,-6.8,0.99));
#1378 = VECTOR('',#1379,1.);
#1379 = DIRECTION('',(-1.,1.224646799147E-16,0.));
#1380 = ORIENTED_EDGE('',*,*,#1381,.T.);
#1381 = EDGE_CURVE('',#1374,#1382,#1384,.T.);
#1382 = VERTEX_POINT('',#1383);
#1383 = CARTESIAN_POINT('',(4.17000025,-6.8,0.150002919808));
#1384 = LINE('',#1385,#1386);
#1385 = CARTESIAN_POINT('',(4.17000025,-6.8,0.99));
#1386 = VECTOR('',#1387,1.);
#1387 = DIRECTION('',(7.875329051153E-11,-1.465157614687E-06,
    -0.999999999999));
#1388 = ORIENTED_EDGE('',*,*,#1389,.T.);
#1389 = EDGE_CURVE('',#1382,#1390,#1392,.T.);
#1390 = VERTEX_POINT('',#1391);
#1391 = CARTESIAN_POINT('',(6.50000025,-6.8,0.15));
#1392 = LINE('',#1393,#1394);
#1393 = CARTESIAN_POINT('',(4.170000250066,-6.800001230734,
    0.149998769106));
#1394 = VECTOR('',#1395,1.);
#1395 = DIRECTION('',(1.,5.282121028478E-07,5.282808533167E-07));
#1396 = ORIENTED_EDGE('',*,*,#1397,.T.);
#1397 = EDGE_CURVE('',#1390,#1365,#1398,.T.);
#1398 = LINE('',#1399,#1400);
#1399 = CARTESIAN_POINT('',(6.50000025,-6.8,0.15));
#1400 = VECTOR('',#1401,1.);
#1401 = DIRECTION('',(-1.359631073447E-32,-1.110223024625E-16,1.));
#1402 = PLANE('',#1403);
#1403 = AXIS2_PLACEMENT_3D('',#1404,#1405,#1406);
#1404 = CARTESIAN_POINT('',(2.25000025,-6.8,4.3));
#1405 = DIRECTION('',(-1.224646799147E-16,-1.,-1.110223024625E-16));
#1406 = DIRECTION('',(1.359631073447E-32,1.110223024625E-16,-1.));
#1407 = ADVANCED_FACE('',(#1408),#1432,.T.);
#1408 = FACE_BOUND('',#1409,.T.);
#1409 = EDGE_LOOP('',(#1410,#1418,#1424,#1425,#1431));
#1410 = ORIENTED_EDGE('',*,*,#1411,.T.);
#1411 = EDGE_CURVE('',#760,#1412,#1414,.T.);
#1412 = VERTEX_POINT('',#1413);
#1413 = CARTESIAN_POINT('',(-2.14999975,-6.65,1.24344978758E-14));
#1414 = LINE('',#1415,#1416);
#1415 = CARTESIAN_POINT('',(-2.19999975,-6.6,5.000000000001E-02));
#1416 = VECTOR('',#1417,1.);
#1417 = DIRECTION('',(0.57735026919,-0.57735026919,-0.57735026919));
#1418 = ORIENTED_EDGE('',*,*,#1419,.T.);
#1419 = EDGE_CURVE('',#1412,#1309,#1420,.T.);
#1420 = LINE('',#1421,#1422);
#1421 = CARTESIAN_POINT('',(-2.14999975,-6.65,1.24344978758E-14));
#1422 = VECTOR('',#1423,1.);
#1423 = DIRECTION('',(0.57735026919,-0.57735026919,0.57735026919));
#1424 = ORIENTED_EDGE('',*,*,#1350,.F.);
#1425 = ORIENTED_EDGE('',*,*,#1426,.T.);
#1426 = EDGE_CURVE('',#1343,#768,#1427,.T.);
#1427 = LINE('',#1428,#1429);
#1428 = CARTESIAN_POINT('',(-1.99999975,-6.8,1.99));
#1429 = VECTOR('',#1430,1.);
#1430 = DIRECTION('',(-0.678598344546,0.678598344546,-0.281084637715));
#1431 = ORIENTED_EDGE('',*,*,#767,.T.);
#1432 = PLANE('',#1433);
#1433 = AXIS2_PLACEMENT_3D('',#1434,#1435,#1436);
#1434 = CARTESIAN_POINT('',(-2.09999975,-6.7,0.97));
#1435 = DIRECTION('',(-0.707106781187,-0.707106781187,
    -7.850462293419E-17));
#1436 = DIRECTION('',(1.359631073447E-32,1.110223024625E-16,-1.));
#1437 = ADVANCED_FACE('',(#1438),#1456,.T.);
#1438 = FACE_BOUND('',#1439,.T.);
#1439 = EDGE_LOOP('',(#1440,#1441,#1449,#1455));
#1440 = ORIENTED_EDGE('',*,*,#1426,.F.);
#1441 = ORIENTED_EDGE('',*,*,#1442,.T.);
#1442 = EDGE_CURVE('',#1343,#1443,#1445,.T.);
#1443 = VERTEX_POINT('',#1444);
#1444 = CARTESIAN_POINT('',(-1.99999975,-6.6,2.19));
#1445 = LINE('',#1446,#1447);
#1446 = CARTESIAN_POINT('',(-1.99999975,-6.8,1.99));
#1447 = VECTOR('',#1448,1.);
#1448 = DIRECTION('',(8.659560562355E-17,0.707106781187,0.707106781187)
  );
#1449 = ORIENTED_EDGE('',*,*,#1450,.F.);
#1450 = EDGE_CURVE('',#776,#1443,#1451,.T.);
#1451 = LINE('',#1452,#1453);
#1452 = CARTESIAN_POINT('',(-2.19999975,-6.517157287525,1.99));
#1453 = VECTOR('',#1454,1.);
#1454 = DIRECTION('',(0.678598344546,-0.281084637715,0.678598344546));
#1455 = ORIENTED_EDGE('',*,*,#775,.F.);
#1456 = PLANE('',#1457);
#1457 = AXIS2_PLACEMENT_3D('',#1458,#1459,#1460);
#1458 = CARTESIAN_POINT('',(-2.09999975,-6.629289321881,2.019289321881)
  );
#1459 = DIRECTION('',(-0.707106781187,-0.5,0.5));
#1460 = DIRECTION('',(-8.659560562355E-17,-0.707106781187,
    -0.707106781187));
#1461 = ADVANCED_FACE('',(#1462),#1480,.T.);
#1462 = FACE_BOUND('',#1463,.T.);
#1463 = EDGE_LOOP('',(#1464,#1465,#1473,#1479));
#1464 = ORIENTED_EDGE('',*,*,#1450,.T.);
#1465 = ORIENTED_EDGE('',*,*,#1466,.T.);
#1466 = EDGE_CURVE('',#1443,#1467,#1469,.T.);
#1467 = VERTEX_POINT('',#1468);
#1468 = CARTESIAN_POINT('',(-1.99999975,-6.2,2.19));
#1469 = LINE('',#1470,#1471);
#1470 = CARTESIAN_POINT('',(-1.99999975,-6.6,2.19));
#1471 = VECTOR('',#1472,1.);
#1472 = DIRECTION('',(1.224646799147E-16,1.,1.110223024625E-16));
#1473 = ORIENTED_EDGE('',*,*,#1474,.F.);
#1474 = EDGE_CURVE('',#784,#1467,#1475,.T.);
#1475 = LINE('',#1476,#1477);
#1476 = CARTESIAN_POINT('',(-2.19999975,-6.117157287525,1.99));
#1477 = VECTOR('',#1478,1.);
#1478 = DIRECTION('',(0.678598344546,-0.281084637715,0.678598344546));
#1479 = ORIENTED_EDGE('',*,*,#783,.F.);
#1480 = PLANE('',#1481);
#1481 = AXIS2_PLACEMENT_3D('',#1482,#1483,#1484);
#1482 = CARTESIAN_POINT('',(-2.09999975,-6.4,2.09));
#1483 = DIRECTION('',(-0.707106781187,8.090982689361E-18,0.707106781187)
  );
#1484 = DIRECTION('',(-1.224646799147E-16,-1.,-1.110223024625E-16));
#1485 = ADVANCED_FACE('',(#1486),#1497,.T.);
#1486 = FACE_BOUND('',#1487,.T.);
#1487 = EDGE_LOOP('',(#1488,#1489,#1495,#1496));
#1488 = ORIENTED_EDGE('',*,*,#1474,.T.);
#1489 = ORIENTED_EDGE('',*,*,#1490,.T.);
#1490 = EDGE_CURVE('',#1467,#889,#1491,.T.);
#1491 = LINE('',#1492,#1493);
#1492 = CARTESIAN_POINT('',(-1.99999975,-6.2,2.19));
#1493 = VECTOR('',#1494,1.);
#1494 = DIRECTION('',(8.659560562355E-17,0.707106781187,0.707106781187)
  );
#1495 = ORIENTED_EDGE('',*,*,#888,.F.);
#1496 = ORIENTED_EDGE('',*,*,#791,.F.);
#1497 = PLANE('',#1498);
#1498 = AXIS2_PLACEMENT_3D('',#1499,#1500,#1501);
#1499 = CARTESIAN_POINT('',(-2.09999975,-6.029289321881,2.219289321881)
  );
#1500 = DIRECTION('',(-0.707106781187,-0.5,0.5));
#1501 = DIRECTION('',(-8.659560562355E-17,-0.707106781187,
    -0.707106781187));
#1502 = ADVANCED_FACE('',(#1503),#1521,.F.);
#1503 = FACE_BOUND('',#1504,.T.);
#1504 = EDGE_LOOP('',(#1505,#1513,#1519,#1520));
#1505 = ORIENTED_EDGE('',*,*,#1506,.F.);
#1506 = EDGE_CURVE('',#1507,#1467,#1509,.T.);
#1507 = VERTEX_POINT('',#1508);
#1508 = CARTESIAN_POINT('',(-1.64999975,-6.2,2.19));
#1509 = LINE('',#1510,#1511);
#1510 = CARTESIAN_POINT('',(-1.64999975,-6.2,2.19));
#1511 = VECTOR('',#1512,1.);
#1512 = DIRECTION('',(-1.,1.224646799147E-16,0.));
#1513 = ORIENTED_EDGE('',*,*,#1514,.T.);
#1514 = EDGE_CURVE('',#1507,#987,#1515,.T.);
#1515 = LINE('',#1516,#1517);
#1516 = CARTESIAN_POINT('',(-1.64999975,-6.2,2.19));
#1517 = VECTOR('',#1518,1.);
#1518 = DIRECTION('',(8.659560562355E-17,0.707106781187,0.707106781187)
  );
#1519 = ORIENTED_EDGE('',*,*,#986,.T.);
#1520 = ORIENTED_EDGE('',*,*,#1490,.F.);
#1521 = PLANE('',#1522);
#1522 = AXIS2_PLACEMENT_3D('',#1523,#1524,#1525);
#1523 = CARTESIAN_POINT('',(6.70000025,-6.2,2.19));
#1524 = DIRECTION('',(8.659560562355E-17,0.707106781187,-0.707106781187)
  );
#1525 = DIRECTION('',(1.,-1.224646799147E-16,0.));
#1526 = ADVANCED_FACE('',(#1527),#1545,.F.);
#1527 = FACE_BOUND('',#1528,.T.);
#1528 = EDGE_LOOP('',(#1529,#1530,#1531,#1539));
#1529 = ORIENTED_EDGE('',*,*,#943,.T.);
#1530 = ORIENTED_EDGE('',*,*,#1161,.T.);
#1531 = ORIENTED_EDGE('',*,*,#1532,.F.);
#1532 = EDGE_CURVE('',#1533,#1152,#1535,.T.);
#1533 = VERTEX_POINT('',#1534);
#1534 = CARTESIAN_POINT('',(6.50000025,-6.2,2.19));
#1535 = LINE('',#1536,#1537);
#1536 = CARTESIAN_POINT('',(6.50000025,-6.2,2.19));
#1537 = VECTOR('',#1538,1.);
#1538 = DIRECTION('',(-1.,1.224646799147E-16,0.));
#1539 = ORIENTED_EDGE('',*,*,#1540,.F.);
#1540 = EDGE_CURVE('',#944,#1533,#1541,.T.);
#1541 = LINE('',#1542,#1543);
#1542 = CARTESIAN_POINT('',(6.50000025,-6.,2.39));
#1543 = VECTOR('',#1544,1.);
#1544 = DIRECTION('',(-8.659560562355E-17,-0.707106781187,
    -0.707106781187));
#1545 = PLANE('',#1546);
#1546 = AXIS2_PLACEMENT_3D('',#1547,#1548,#1549);
#1547 = CARTESIAN_POINT('',(6.70000025,-6.2,2.19));
#1548 = DIRECTION('',(8.659560562355E-17,0.707106781187,-0.707106781187)
  );
#1549 = DIRECTION('',(1.,-1.224646799147E-16,0.));
#1550 = ADVANCED_FACE('',(#1551),#1576,.T.);
#1551 = FACE_BOUND('',#1552,.T.);
#1552 = EDGE_LOOP('',(#1553,#1561,#1562,#1570));
#1553 = ORIENTED_EDGE('',*,*,#1554,.F.);
#1554 = EDGE_CURVE('',#987,#1555,#1557,.T.);
#1555 = VERTEX_POINT('',#1556);
#1556 = CARTESIAN_POINT('',(-1.44999975,-5.8,2.307157287525));
#1557 = LINE('',#1558,#1559);
#1558 = CARTESIAN_POINT('',(-1.64999975,-6.,2.39));
#1559 = VECTOR('',#1560,1.);
#1560 = DIRECTION('',(0.678598344546,0.678598344546,-0.281084637715));
#1561 = ORIENTED_EDGE('',*,*,#1514,.F.);
#1562 = ORIENTED_EDGE('',*,*,#1563,.T.);
#1563 = EDGE_CURVE('',#1507,#1564,#1566,.T.);
#1564 = VERTEX_POINT('',#1565);
#1565 = CARTESIAN_POINT('',(-1.44999975,-6.117157287525,1.99));
#1566 = LINE('',#1567,#1568);
#1567 = CARTESIAN_POINT('',(-1.64999975,-6.2,2.19));
#1568 = VECTOR('',#1569,1.);
#1569 = DIRECTION('',(0.678598344546,0.281084637715,-0.678598344546));
#1570 = ORIENTED_EDGE('',*,*,#1571,.T.);
#1571 = EDGE_CURVE('',#1564,#1555,#1572,.T.);
#1572 = LINE('',#1573,#1574);
#1573 = CARTESIAN_POINT('',(-1.44999975,-6.117157287525,1.99));
#1574 = VECTOR('',#1575,1.);
#1575 = DIRECTION('',(8.659560562355E-17,0.707106781187,0.707106781187)
  );
#1576 = PLANE('',#1577);
#1577 = AXIS2_PLACEMENT_3D('',#1578,#1579,#1580);
#1578 = CARTESIAN_POINT('',(-1.54999975,-6.029289321881,2.219289321881)
  );
#1579 = DIRECTION('',(0.707106781187,-0.5,0.5));
#1580 = DIRECTION('',(0.57735026919,0.816496580928,-4.812854771078E-17)
  );
#1581 = ADVANCED_FACE('',(#1582),#1616,.T.);
#1582 = FACE_BOUND('',#1583,.T.);
#1583 = EDGE_LOOP('',(#1584,#1594,#1602,#1610));
#1584 = ORIENTED_EDGE('',*,*,#1585,.T.);
#1585 = EDGE_CURVE('',#1586,#1588,#1590,.T.);
#1586 = VERTEX_POINT('',#1587);
#1587 = CARTESIAN_POINT('',(-1.44999975,-5.8,5.99));
#1588 = VERTEX_POINT('',#1589);
#1589 = CARTESIAN_POINT('',(-1.44999975,-5.8,3.05));
#1590 = LINE('',#1591,#1592);
#1591 = CARTESIAN_POINT('',(-1.44999975,-5.8,5.99));
#1592 = VECTOR('',#1593,1.);
#1593 = DIRECTION('',(1.359631073447E-32,1.110223024625E-16,-1.));
#1594 = ORIENTED_EDGE('',*,*,#1595,.F.);
#1595 = EDGE_CURVE('',#1596,#1588,#1598,.T.);
#1596 = VERTEX_POINT('',#1597);
#1597 = CARTESIAN_POINT('',(-1.44999975,-0.6,3.05));
#1598 = LINE('',#1599,#1600);
#1599 = CARTESIAN_POINT('',(-1.44999975,-0.6,3.05));
#1600 = VECTOR('',#1601,1.);
#1601 = DIRECTION('',(-1.224646799147E-16,-1.,-1.110223024625E-16));
#1602 = ORIENTED_EDGE('',*,*,#1603,.T.);
#1603 = EDGE_CURVE('',#1596,#1604,#1606,.T.);
#1604 = VERTEX_POINT('',#1605);
#1605 = CARTESIAN_POINT('',(-1.44999975,-0.6,5.99));
#1606 = LINE('',#1607,#1608);
#1607 = CARTESIAN_POINT('',(-1.44999975,-0.6,3.05));
#1608 = VECTOR('',#1609,1.);
#1609 = DIRECTION('',(-1.359631073447E-32,-1.110223024625E-16,1.));
#1610 = ORIENTED_EDGE('',*,*,#1611,.F.);
#1611 = EDGE_CURVE('',#1586,#1604,#1612,.T.);
#1612 = LINE('',#1613,#1614);
#1613 = CARTESIAN_POINT('',(-1.44999975,-5.8,5.99));
#1614 = VECTOR('',#1615,1.);
#1615 = DIRECTION('',(1.224646799147E-16,1.,1.110223024625E-16));
#1616 = PLANE('',#1617);
#1617 = AXIS2_PLACEMENT_3D('',#1618,#1619,#1620);
#1618 = CARTESIAN_POINT('',(-1.44999975,-3.62,3.425));
#1619 = DIRECTION('',(1.,-1.224646799147E-16,0.));
#1620 = DIRECTION('',(1.224646799147E-16,1.,1.110223024625E-16));
#1621 = ADVANCED_FACE('',(#1622),#1687,.T.);
#1622 = FACE_BOUND('',#1623,.T.);
#1623 = EDGE_LOOP('',(#1624,#1625,#1633,#1641,#1649,#1657,#1665,#1673,
    #1681));
#1624 = ORIENTED_EDGE('',*,*,#1571,.F.);
#1625 = ORIENTED_EDGE('',*,*,#1626,.F.);
#1626 = EDGE_CURVE('',#1627,#1564,#1629,.T.);
#1627 = VERTEX_POINT('',#1628);
#1628 = CARTESIAN_POINT('',(-1.44999975,-6.517157287525,1.99));
#1629 = LINE('',#1630,#1631);
#1630 = CARTESIAN_POINT('',(-1.44999975,-6.517157287525,1.99));
#1631 = VECTOR('',#1632,1.);
#1632 = DIRECTION('',(1.224646799147E-16,1.,1.110223024625E-16));
#1633 = ORIENTED_EDGE('',*,*,#1634,.F.);
#1634 = EDGE_CURVE('',#1635,#1627,#1637,.T.);
#1635 = VERTEX_POINT('',#1636);
#1636 = CARTESIAN_POINT('',(-1.44999975,-6.6,1.907157287525));
#1637 = LINE('',#1638,#1639);
#1638 = CARTESIAN_POINT('',(-1.44999975,-6.6,1.907157287525));
#1639 = VECTOR('',#1640,1.);
#1640 = DIRECTION('',(8.659560562355E-17,0.707106781187,0.707106781187)
  );
#1641 = ORIENTED_EDGE('',*,*,#1642,.T.);
#1642 = EDGE_CURVE('',#1635,#1643,#1645,.T.);
#1643 = VERTEX_POINT('',#1644);
#1644 = CARTESIAN_POINT('',(-1.44999975,-6.6,1.103924050633));
#1645 = LINE('',#1646,#1647);
#1646 = CARTESIAN_POINT('',(-1.44999975,-6.6,1.907157287525));
#1647 = VECTOR('',#1648,1.);
#1648 = DIRECTION('',(1.359631073447E-32,1.110223024625E-16,-1.));
#1649 = ORIENTED_EDGE('',*,*,#1650,.T.);
#1650 = EDGE_CURVE('',#1643,#1651,#1653,.T.);
#1651 = VERTEX_POINT('',#1652);
#1652 = CARTESIAN_POINT('',(-1.44999975,-6.097777777778,1.39));
#1653 = LINE('',#1654,#1655);
#1654 = CARTESIAN_POINT('',(-1.44999975,-6.6,1.103924050633));
#1655 = VECTOR('',#1656,1.);
#1656 = DIRECTION('',(1.064119109983E-16,0.868919194272,0.494953971421)
  );
#1657 = ORIENTED_EDGE('',*,*,#1658,.T.);
#1658 = EDGE_CURVE('',#1651,#1659,#1661,.T.);
#1659 = VERTEX_POINT('',#1660);
#1660 = CARTESIAN_POINT('',(-1.44999975,-0.6,1.39));
#1661 = LINE('',#1662,#1663);
#1662 = CARTESIAN_POINT('',(-1.44999975,-6.097777777778,1.39));
#1663 = VECTOR('',#1664,1.);
#1664 = DIRECTION('',(1.224646799147E-16,1.,1.110223024625E-16));
#1665 = ORIENTED_EDGE('',*,*,#1666,.T.);
#1666 = EDGE_CURVE('',#1659,#1667,#1669,.T.);
#1667 = VERTEX_POINT('',#1668);
#1668 = CARTESIAN_POINT('',(-1.44999975,-0.6,2.75));
#1669 = LINE('',#1670,#1671);
#1670 = CARTESIAN_POINT('',(-1.44999975,-0.6,1.39));
#1671 = VECTOR('',#1672,1.);
#1672 = DIRECTION('',(-1.359631073447E-32,-1.110223024625E-16,1.));
#1673 = ORIENTED_EDGE('',*,*,#1674,.T.);
#1674 = EDGE_CURVE('',#1667,#1675,#1677,.T.);
#1675 = VERTEX_POINT('',#1676);
#1676 = CARTESIAN_POINT('',(-1.44999975,-5.8,2.75));
#1677 = LINE('',#1678,#1679);
#1678 = CARTESIAN_POINT('',(-1.44999975,-0.6,2.75));
#1679 = VECTOR('',#1680,1.);
#1680 = DIRECTION('',(-1.224646799147E-16,-1.,-1.110223024625E-16));
#1681 = ORIENTED_EDGE('',*,*,#1682,.T.);
#1682 = EDGE_CURVE('',#1675,#1555,#1683,.T.);
#1683 = LINE('',#1684,#1685);
#1684 = CARTESIAN_POINT('',(-1.44999975,-5.8,2.75));
#1685 = VECTOR('',#1686,1.);
#1686 = DIRECTION('',(1.359631073447E-32,1.110223024625E-16,-1.));
#1687 = PLANE('',#1688);
#1688 = AXIS2_PLACEMENT_3D('',#1689,#1690,#1691);
#1689 = CARTESIAN_POINT('',(-1.44999975,-3.62,3.425));
#1690 = DIRECTION('',(1.,-1.224646799147E-16,0.));
#1691 = DIRECTION('',(1.224646799147E-16,1.,1.110223024625E-16));
#1692 = ADVANCED_FACE('',(#1693),#1727,.F.);
#1693 = FACE_BOUND('',#1694,.T.);
#1694 = EDGE_LOOP('',(#1695,#1705,#1713,#1721));
#1695 = ORIENTED_EDGE('',*,*,#1696,.T.);
#1696 = EDGE_CURVE('',#1697,#1699,#1701,.T.);
#1697 = VERTEX_POINT('',#1698);
#1698 = CARTESIAN_POINT('',(0.60000025,-0.6,5.99));
#1699 = VERTEX_POINT('',#1700);
#1700 = CARTESIAN_POINT('',(3.90000025,-0.6,5.99));
#1701 = LINE('',#1702,#1703);
#1702 = CARTESIAN_POINT('',(0.60000025,-0.6,5.99));
#1703 = VECTOR('',#1704,1.);
#1704 = DIRECTION('',(1.,-1.224646799147E-16,0.));
#1705 = ORIENTED_EDGE('',*,*,#1706,.T.);
#1706 = EDGE_CURVE('',#1699,#1707,#1709,.T.);
#1707 = VERTEX_POINT('',#1708);
#1708 = CARTESIAN_POINT('',(3.90000025,-2.85,5.99));
#1709 = LINE('',#1710,#1711);
#1710 = CARTESIAN_POINT('',(3.90000025,-0.6,5.99));
#1711 = VECTOR('',#1712,1.);
#1712 = DIRECTION('',(-1.224646799147E-16,-1.,-1.110223024625E-16));
#1713 = ORIENTED_EDGE('',*,*,#1714,.T.);
#1714 = EDGE_CURVE('',#1707,#1715,#1717,.T.);
#1715 = VERTEX_POINT('',#1716);
#1716 = CARTESIAN_POINT('',(0.60000025,-2.85,5.99));
#1717 = LINE('',#1718,#1719);
#1718 = CARTESIAN_POINT('',(3.90000025,-2.85,5.99));
#1719 = VECTOR('',#1720,1.);
#1720 = DIRECTION('',(-1.,1.224646799147E-16,0.));
#1721 = ORIENTED_EDGE('',*,*,#1722,.F.);
#1722 = EDGE_CURVE('',#1697,#1715,#1723,.T.);
#1723 = LINE('',#1724,#1725);
#1724 = CARTESIAN_POINT('',(0.60000025,-0.6,5.99));
#1725 = VECTOR('',#1726,1.);
#1726 = DIRECTION('',(-1.224646799147E-16,-1.,-1.110223024625E-16));
#1727 = PLANE('',#1728);
#1728 = AXIS2_PLACEMENT_3D('',#1729,#1730,#1731);
#1729 = CARTESIAN_POINT('',(0.60000025,-0.6,5.99));
#1730 = DIRECTION('',(-1.359631073447E-32,-1.110223024625E-16,1.));
#1731 = DIRECTION('',(-1.,1.224646799147E-16,0.));
#1732 = ADVANCED_FACE('',(#1733),#1758,.F.);
#1733 = FACE_BOUND('',#1734,.T.);
#1734 = EDGE_LOOP('',(#1735,#1736,#1744,#1752));
#1735 = ORIENTED_EDGE('',*,*,#1611,.T.);
#1736 = ORIENTED_EDGE('',*,*,#1737,.T.);
#1737 = EDGE_CURVE('',#1604,#1738,#1740,.T.);
#1738 = VERTEX_POINT('',#1739);
#1739 = CARTESIAN_POINT('',(-0.19999975,-0.6,5.99));
#1740 = LINE('',#1741,#1742);
#1741 = CARTESIAN_POINT('',(-1.44999975,-0.6,5.99));
#1742 = VECTOR('',#1743,1.);
#1743 = DIRECTION('',(1.,-1.224646799147E-16,0.));
#1744 = ORIENTED_EDGE('',*,*,#1745,.T.);
#1745 = EDGE_CURVE('',#1738,#1746,#1748,.T.);
#1746 = VERTEX_POINT('',#1747);
#1747 = CARTESIAN_POINT('',(-0.19999975,-5.8,5.99));
#1748 = LINE('',#1749,#1750);
#1749 = CARTESIAN_POINT('',(-0.19999975,-0.6,5.99));
#1750 = VECTOR('',#1751,1.);
#1751 = DIRECTION('',(-1.224646799147E-16,-1.,-1.110223024625E-16));
#1752 = ORIENTED_EDGE('',*,*,#1753,.T.);
#1753 = EDGE_CURVE('',#1746,#1586,#1754,.T.);
#1754 = LINE('',#1755,#1756);
#1755 = CARTESIAN_POINT('',(-0.19999975,-5.8,5.99));
#1756 = VECTOR('',#1757,1.);
#1757 = DIRECTION('',(-1.,1.224646799147E-16,0.));
#1758 = PLANE('',#1759);
#1759 = AXIS2_PLACEMENT_3D('',#1760,#1761,#1762);
#1760 = CARTESIAN_POINT('',(0.60000025,-0.6,5.99));
#1761 = DIRECTION('',(-1.359631073447E-32,-1.110223024625E-16,1.));
#1762 = DIRECTION('',(-1.,1.224646799147E-16,0.));
#1763 = ADVANCED_FACE('',(#1764),#1816,.F.);
#1764 = FACE_BOUND('',#1765,.T.);
#1765 = EDGE_LOOP('',(#1766,#1776,#1785,#1793,#1802,#1810));
#1766 = ORIENTED_EDGE('',*,*,#1767,.F.);
#1767 = EDGE_CURVE('',#1768,#1770,#1772,.T.);
#1768 = VERTEX_POINT('',#1769);
#1769 = CARTESIAN_POINT('',(0.60000025,-4.429807621135,5.99));
#1770 = VERTEX_POINT('',#1771);
#1771 = CARTESIAN_POINT('',(0.60000025,-5.8,5.99));
#1772 = LINE('',#1773,#1774);
#1773 = CARTESIAN_POINT('',(0.60000025,-4.429807621135,5.99));
#1774 = VECTOR('',#1775,1.);
#1775 = DIRECTION('',(-1.224646799147E-16,-1.,-1.110223024625E-16));
#1776 = ORIENTED_EDGE('',*,*,#1777,.T.);
#1777 = EDGE_CURVE('',#1768,#1778,#1780,.T.);
#1778 = VERTEX_POINT('',#1779);
#1779 = CARTESIAN_POINT('',(0.75000025,-4.47,5.99));
#1780 = CIRCLE('',#1781,0.3);
#1781 = AXIS2_PLACEMENT_3D('',#1782,#1783,#1784);
#1782 = CARTESIAN_POINT('',(0.75000025,-4.17,5.99));
#1783 = DIRECTION('',(-1.848892746612E-32,-1.110223024625E-16,1.));
#1784 = DIRECTION('',(-0.5,-0.866025403784,-9.614813431918E-17));
#1785 = ORIENTED_EDGE('',*,*,#1786,.T.);
#1786 = EDGE_CURVE('',#1778,#1787,#1789,.T.);
#1787 = VERTEX_POINT('',#1788);
#1788 = CARTESIAN_POINT('',(3.75000025,-4.47,5.99));
#1789 = LINE('',#1790,#1791);
#1790 = CARTESIAN_POINT('',(0.75000025,-4.47,5.99));
#1791 = VECTOR('',#1792,1.);
#1792 = DIRECTION('',(1.,-1.224646799147E-16,0.));
#1793 = ORIENTED_EDGE('',*,*,#1794,.T.);
#1794 = EDGE_CURVE('',#1787,#1795,#1797,.T.);
#1795 = VERTEX_POINT('',#1796);
#1796 = CARTESIAN_POINT('',(3.90000025,-4.429807621135,5.99));
#1797 = CIRCLE('',#1798,0.3);
#1798 = AXIS2_PLACEMENT_3D('',#1799,#1800,#1801);
#1799 = CARTESIAN_POINT('',(3.75000025,-4.17,5.99));
#1800 = DIRECTION('',(-1.359631073447E-32,-1.110223024625E-16,1.));
#1801 = DIRECTION('',(-1.224646799147E-16,-1.,-1.110223024625E-16));
#1802 = ORIENTED_EDGE('',*,*,#1803,.T.);
#1803 = EDGE_CURVE('',#1795,#1804,#1806,.T.);
#1804 = VERTEX_POINT('',#1805);
#1805 = CARTESIAN_POINT('',(3.90000025,-5.8,5.99));
#1806 = LINE('',#1807,#1808);
#1807 = CARTESIAN_POINT('',(3.90000025,-4.429807621135,5.99));
#1808 = VECTOR('',#1809,1.);
#1809 = DIRECTION('',(-1.224646799147E-16,-1.,-1.110223024625E-16));
#1810 = ORIENTED_EDGE('',*,*,#1811,.T.);
#1811 = EDGE_CURVE('',#1804,#1770,#1812,.T.);
#1812 = LINE('',#1813,#1814);
#1813 = CARTESIAN_POINT('',(3.90000025,-5.8,5.99));
#1814 = VECTOR('',#1815,1.);
#1815 = DIRECTION('',(-1.,1.224646799147E-16,0.));
#1816 = PLANE('',#1817);
#1817 = AXIS2_PLACEMENT_3D('',#1818,#1819,#1820);
#1818 = CARTESIAN_POINT('',(0.60000025,-0.6,5.99));
#1819 = DIRECTION('',(-1.359631073447E-32,-1.110223024625E-16,1.));
#1820 = DIRECTION('',(-1.,1.224646799147E-16,0.));
#1821 = ADVANCED_FACE('',(#1822),#1847,.F.);
#1822 = FACE_BOUND('',#1823,.T.);
#1823 = EDGE_LOOP('',(#1824,#1834,#1840,#1841));
#1824 = ORIENTED_EDGE('',*,*,#1825,.F.);
#1825 = EDGE_CURVE('',#1826,#1828,#1830,.T.);
#1826 = VERTEX_POINT('',#1827);
#1827 = CARTESIAN_POINT('',(4.70000025,-0.6,5.99));
#1828 = VERTEX_POINT('',#1829);
#1829 = CARTESIAN_POINT('',(4.70000025,-5.8,5.99));
#1830 = LINE('',#1831,#1832);
#1831 = CARTESIAN_POINT('',(4.70000025,-0.6,5.99));
#1832 = VECTOR('',#1833,1.);
#1833 = DIRECTION('',(-1.224646799147E-16,-1.,-1.110223024625E-16));
#1834 = ORIENTED_EDGE('',*,*,#1835,.T.);
#1835 = EDGE_CURVE('',#1826,#1247,#1836,.T.);
#1836 = LINE('',#1837,#1838);
#1837 = CARTESIAN_POINT('',(4.70000025,-0.6,5.99));
#1838 = VECTOR('',#1839,1.);
#1839 = DIRECTION('',(1.,-1.224646799147E-16,0.));
#1840 = ORIENTED_EDGE('',*,*,#1263,.F.);
#1841 = ORIENTED_EDGE('',*,*,#1842,.T.);
#1842 = EDGE_CURVE('',#1089,#1828,#1843,.T.);
#1843 = LINE('',#1844,#1845);
#1844 = CARTESIAN_POINT('',(5.95000025,-5.8,5.99));
#1845 = VECTOR('',#1846,1.);
#1846 = DIRECTION('',(-1.,1.224646799147E-16,0.));
#1847 = PLANE('',#1848);
#1848 = AXIS2_PLACEMENT_3D('',#1849,#1850,#1851);
#1849 = CARTESIAN_POINT('',(0.60000025,-0.6,5.99));
#1850 = DIRECTION('',(-1.359631073447E-32,-1.110223024625E-16,1.));
#1851 = DIRECTION('',(-1.,1.224646799147E-16,0.));
#1852 = ADVANCED_FACE('',(#1853),#1885,.T.);
#1853 = FACE_BOUND('',#1854,.T.);
#1854 = EDGE_LOOP('',(#1855,#1863,#1871,#1877,#1878,#1884));
#1855 = ORIENTED_EDGE('',*,*,#1856,.F.);
#1856 = EDGE_CURVE('',#1857,#1770,#1859,.T.);
#1857 = VERTEX_POINT('',#1858);
#1858 = CARTESIAN_POINT('',(0.60000025,-5.8,4.99));
#1859 = LINE('',#1860,#1861);
#1860 = CARTESIAN_POINT('',(0.60000025,-5.8,4.99));
#1861 = VECTOR('',#1862,1.);
#1862 = DIRECTION('',(-1.359631073447E-32,-1.110223024625E-16,1.));
#1863 = ORIENTED_EDGE('',*,*,#1864,.F.);
#1864 = EDGE_CURVE('',#1865,#1857,#1867,.T.);
#1865 = VERTEX_POINT('',#1866);
#1866 = CARTESIAN_POINT('',(0.60000025,-0.6,4.99));
#1867 = LINE('',#1868,#1869);
#1868 = CARTESIAN_POINT('',(0.60000025,-0.6,4.99));
#1869 = VECTOR('',#1870,1.);
#1870 = DIRECTION('',(-1.224646799147E-16,-1.,-1.110223024625E-16));
#1871 = ORIENTED_EDGE('',*,*,#1872,.F.);
#1872 = EDGE_CURVE('',#1697,#1865,#1873,.T.);
#1873 = LINE('',#1874,#1875);
#1874 = CARTESIAN_POINT('',(0.60000025,-0.6,5.99));
#1875 = VECTOR('',#1876,1.);
#1876 = DIRECTION('',(1.359631073447E-32,1.110223024625E-16,-1.));
#1877 = ORIENTED_EDGE('',*,*,#1722,.T.);
#1878 = ORIENTED_EDGE('',*,*,#1879,.T.);
#1879 = EDGE_CURVE('',#1715,#1768,#1880,.T.);
#1880 = LINE('',#1881,#1882);
#1881 = CARTESIAN_POINT('',(0.60000025,-2.85,5.99));
#1882 = VECTOR('',#1883,1.);
#1883 = DIRECTION('',(-1.224646799147E-16,-1.,-1.110223024625E-16));
#1884 = ORIENTED_EDGE('',*,*,#1767,.T.);
#1885 = PLANE('',#1886);
#1886 = AXIS2_PLACEMENT_3D('',#1887,#1888,#1889);
#1887 = CARTESIAN_POINT('',(0.60000025,-0.6,4.99));
#1888 = DIRECTION('',(1.,-1.224646799147E-16,0.));
#1889 = DIRECTION('',(1.224646799147E-16,1.,1.110223024625E-16));
#1890 = ADVANCED_FACE('',(#1891),#1917,.T.);
#1891 = FACE_BOUND('',#1892,.T.);
#1892 = EDGE_LOOP('',(#1893,#1901,#1909,#1916));
#1893 = ORIENTED_EDGE('',*,*,#1894,.T.);
#1894 = EDGE_CURVE('',#1715,#1895,#1897,.T.);
#1895 = VERTEX_POINT('',#1896);
#1896 = CARTESIAN_POINT('',(0.45000025,-2.85,5.99));
#1897 = LINE('',#1898,#1899);
#1898 = CARTESIAN_POINT('',(0.60000025,-2.85,5.99));
#1899 = VECTOR('',#1900,1.);
#1900 = DIRECTION('',(-1.,1.224646799147E-16,0.));
#1901 = ORIENTED_EDGE('',*,*,#1902,.T.);
#1902 = EDGE_CURVE('',#1895,#1903,#1905,.T.);
#1903 = VERTEX_POINT('',#1904);
#1904 = CARTESIAN_POINT('',(0.45000025,-4.17,5.99));
#1905 = LINE('',#1906,#1907);
#1906 = CARTESIAN_POINT('',(0.45000025,-2.85,5.99));
#1907 = VECTOR('',#1908,1.);
#1908 = DIRECTION('',(-1.224646799147E-16,-1.,-1.110223024625E-16));
#1909 = ORIENTED_EDGE('',*,*,#1910,.T.);
#1910 = EDGE_CURVE('',#1903,#1768,#1911,.T.);
#1911 = CIRCLE('',#1912,0.3);
#1912 = AXIS2_PLACEMENT_3D('',#1913,#1914,#1915);
#1913 = CARTESIAN_POINT('',(0.75000025,-4.17,5.99));
#1914 = DIRECTION('',(-1.359631073447E-32,-1.110223024625E-16,1.));
#1915 = DIRECTION('',(-1.,1.224646799147E-16,0.));
#1916 = ORIENTED_EDGE('',*,*,#1879,.F.);
#1917 = PLANE('',#1918);
#1918 = AXIS2_PLACEMENT_3D('',#1919,#1920,#1921);
#1919 = CARTESIAN_POINT('',(0.60000025,-0.6,5.99));
#1920 = DIRECTION('',(-1.359631073447E-32,-1.110223024625E-16,1.));
#1921 = DIRECTION('',(-1.,1.224646799147E-16,0.));
#1922 = ADVANCED_FACE('',(#1923),#1950,.F.);
#1923 = FACE_BOUND('',#1924,.F.);
#1924 = EDGE_LOOP('',(#1925,#1926,#1927,#1935,#1944));
#1925 = ORIENTED_EDGE('',*,*,#1910,.T.);
#1926 = ORIENTED_EDGE('',*,*,#1777,.T.);
#1927 = ORIENTED_EDGE('',*,*,#1928,.F.);
#1928 = EDGE_CURVE('',#1929,#1778,#1931,.T.);
#1929 = VERTEX_POINT('',#1930);
#1930 = CARTESIAN_POINT('',(0.75000025,-4.47,6.9));
#1931 = LINE('',#1932,#1933);
#1932 = CARTESIAN_POINT('',(0.75000025,-4.47,6.9));
#1933 = VECTOR('',#1934,1.);
#1934 = DIRECTION('',(1.359631073447E-32,1.110223024625E-16,-1.));
#1935 = ORIENTED_EDGE('',*,*,#1936,.F.);
#1936 = EDGE_CURVE('',#1937,#1929,#1939,.T.);
#1937 = VERTEX_POINT('',#1938);
#1938 = CARTESIAN_POINT('',(0.45000025,-4.17,6.9));
#1939 = CIRCLE('',#1940,0.3);
#1940 = AXIS2_PLACEMENT_3D('',#1941,#1942,#1943);
#1941 = CARTESIAN_POINT('',(0.75000025,-4.17,6.9));
#1942 = DIRECTION('',(-1.359631073447E-32,-1.110223024625E-16,1.));
#1943 = DIRECTION('',(-1.,1.224646799147E-16,0.));
#1944 = ORIENTED_EDGE('',*,*,#1945,.T.);
#1945 = EDGE_CURVE('',#1937,#1903,#1946,.T.);
#1946 = LINE('',#1947,#1948);
#1947 = CARTESIAN_POINT('',(0.45000025,-4.17,6.9));
#1948 = VECTOR('',#1949,1.);
#1949 = DIRECTION('',(1.359631073447E-32,1.110223024625E-16,-1.));
#1950 = CYLINDRICAL_SURFACE('',#1951,0.3);
#1951 = AXIS2_PLACEMENT_3D('',#1952,#1953,#1954);
#1952 = CARTESIAN_POINT('',(0.75000025,-4.17,6.9));
#1953 = DIRECTION('',(1.359631073447E-32,1.110223024625E-16,-1.));
#1954 = DIRECTION('',(1.,-1.224646799147E-16,0.));
#1955 = ADVANCED_FACE('',(#1956),#1974,.F.);
#1956 = FACE_BOUND('',#1957,.T.);
#1957 = EDGE_LOOP('',(#1958,#1966,#1967,#1968));
#1958 = ORIENTED_EDGE('',*,*,#1959,.T.);
#1959 = EDGE_CURVE('',#1960,#1787,#1962,.T.);
#1960 = VERTEX_POINT('',#1961);
#1961 = CARTESIAN_POINT('',(3.75000025,-4.47,6.9));
#1962 = LINE('',#1963,#1964);
#1963 = CARTESIAN_POINT('',(3.75000025,-4.47,6.9));
#1964 = VECTOR('',#1965,1.);
#1965 = DIRECTION('',(1.359631073447E-32,1.110223024625E-16,-1.));
#1966 = ORIENTED_EDGE('',*,*,#1786,.F.);
#1967 = ORIENTED_EDGE('',*,*,#1928,.F.);
#1968 = ORIENTED_EDGE('',*,*,#1969,.T.);
#1969 = EDGE_CURVE('',#1929,#1960,#1970,.T.);
#1970 = LINE('',#1971,#1972);
#1971 = CARTESIAN_POINT('',(0.75000025,-4.47,6.9));
#1972 = VECTOR('',#1973,1.);
#1973 = DIRECTION('',(1.,-1.224646799147E-16,0.));
#1974 = PLANE('',#1975);
#1975 = AXIS2_PLACEMENT_3D('',#1976,#1977,#1978);
#1976 = CARTESIAN_POINT('',(0.75000025,-4.47,6.9));
#1977 = DIRECTION('',(-1.224646799147E-16,-1.,-1.110223024625E-16));
#1978 = DIRECTION('',(1.359631073447E-32,1.110223024625E-16,-1.));
#1979 = ADVANCED_FACE('',(#1980,#2014),#2049,.T.);
#1980 = FACE_BOUND('',#1981,.T.);
#1981 = EDGE_LOOP('',(#1982,#1992,#2000,#2008));
#1982 = ORIENTED_EDGE('',*,*,#1983,.T.);
#1983 = EDGE_CURVE('',#1984,#1986,#1988,.T.);
#1984 = VERTEX_POINT('',#1985);
#1985 = CARTESIAN_POINT('',(-1.99999975,-5.9,6.9));
#1986 = VERTEX_POINT('',#1987);
#1987 = CARTESIAN_POINT('',(6.50000025,-5.9,6.9));
#1988 = LINE('',#1989,#1990);
#1989 = CARTESIAN_POINT('',(-1.99999975,-5.9,6.9));
#1990 = VECTOR('',#1991,1.);
#1991 = DIRECTION('',(1.,-1.224646799147E-16,0.));
#1992 = ORIENTED_EDGE('',*,*,#1993,.T.);
#1993 = EDGE_CURVE('',#1986,#1994,#1996,.T.);
#1994 = VERTEX_POINT('',#1995);
#1995 = CARTESIAN_POINT('',(6.50000025,-0.4,6.9));
#1996 = LINE('',#1997,#1998);
#1997 = CARTESIAN_POINT('',(6.50000025,-5.9,6.9));
#1998 = VECTOR('',#1999,1.);
#1999 = DIRECTION('',(1.224646799147E-16,1.,1.110223024625E-16));
#2000 = ORIENTED_EDGE('',*,*,#2001,.T.);
#2001 = EDGE_CURVE('',#1994,#2002,#2004,.T.);
#2002 = VERTEX_POINT('',#2003);
#2003 = CARTESIAN_POINT('',(-1.99999975,-0.4,6.9));
#2004 = LINE('',#2005,#2006);
#2005 = CARTESIAN_POINT('',(6.50000025,-0.4,6.9));
#2006 = VECTOR('',#2007,1.);
#2007 = DIRECTION('',(-1.,1.224646799147E-16,0.));
#2008 = ORIENTED_EDGE('',*,*,#2009,.F.);
#2009 = EDGE_CURVE('',#1984,#2002,#2010,.T.);
#2010 = LINE('',#2011,#2012);
#2011 = CARTESIAN_POINT('',(-1.99999975,-5.9,6.9));
#2012 = VECTOR('',#2013,1.);
#2013 = DIRECTION('',(1.224646799147E-16,1.,1.110223024625E-16));
#2014 = FACE_BOUND('',#2015,.T.);
#2015 = EDGE_LOOP('',(#2016,#2026,#2034,#2041,#2042,#2043));
#2016 = ORIENTED_EDGE('',*,*,#2017,.F.);
#2017 = EDGE_CURVE('',#2018,#2020,#2022,.T.);
#2018 = VERTEX_POINT('',#2019);
#2019 = CARTESIAN_POINT('',(4.05000025,-2.85,6.9));
#2020 = VERTEX_POINT('',#2021);
#2021 = CARTESIAN_POINT('',(0.45000025,-2.85,6.9));
#2022 = LINE('',#2023,#2024);
#2023 = CARTESIAN_POINT('',(4.05000025,-2.85,6.9));
#2024 = VECTOR('',#2025,1.);
#2025 = DIRECTION('',(-1.,1.224646799147E-16,0.));
#2026 = ORIENTED_EDGE('',*,*,#2027,.F.);
#2027 = EDGE_CURVE('',#2028,#2018,#2030,.T.);
#2028 = VERTEX_POINT('',#2029);
#2029 = CARTESIAN_POINT('',(4.05000025,-4.17,6.9));
#2030 = LINE('',#2031,#2032);
#2031 = CARTESIAN_POINT('',(4.05000025,-4.17,6.9));
#2032 = VECTOR('',#2033,1.);
#2033 = DIRECTION('',(1.224646799147E-16,1.,1.110223024625E-16));
#2034 = ORIENTED_EDGE('',*,*,#2035,.F.);
#2035 = EDGE_CURVE('',#1960,#2028,#2036,.T.);
#2036 = CIRCLE('',#2037,0.3);
#2037 = AXIS2_PLACEMENT_3D('',#2038,#2039,#2040);
#2038 = CARTESIAN_POINT('',(3.75000025,-4.17,6.9));
#2039 = DIRECTION('',(-1.359631073447E-32,-1.110223024625E-16,1.));
#2040 = DIRECTION('',(-1.224646799147E-16,-1.,-1.110223024625E-16));
#2041 = ORIENTED_EDGE('',*,*,#1969,.F.);
#2042 = ORIENTED_EDGE('',*,*,#1936,.F.);
#2043 = ORIENTED_EDGE('',*,*,#2044,.F.);
#2044 = EDGE_CURVE('',#2020,#1937,#2045,.T.);
#2045 = LINE('',#2046,#2047);
#2046 = CARTESIAN_POINT('',(0.45000025,-2.85,6.9));
#2047 = VECTOR('',#2048,1.);
#2048 = DIRECTION('',(-1.224646799147E-16,-1.,-1.110223024625E-16));
#2049 = PLANE('',#2050);
#2050 = AXIS2_PLACEMENT_3D('',#2051,#2052,#2053);
#2051 = CARTESIAN_POINT('',(6.70000025,0.45,6.9));
#2052 = DIRECTION('',(-1.359631073447E-32,-1.110223024625E-16,1.));
#2053 = DIRECTION('',(-1.,1.224646799147E-16,0.));
#2054 = ADVANCED_FACE('',(#2055),#2066,.F.);
#2055 = FACE_BOUND('',#2056,.T.);
#2056 = EDGE_LOOP('',(#2057,#2063,#2064,#2065));
#2057 = ORIENTED_EDGE('',*,*,#2058,.F.);
#2058 = EDGE_CURVE('',#2020,#1895,#2059,.T.);
#2059 = LINE('',#2060,#2061);
#2060 = CARTESIAN_POINT('',(0.45000025,-2.85,6.9));
#2061 = VECTOR('',#2062,1.);
#2062 = DIRECTION('',(1.359631073447E-32,1.110223024625E-16,-1.));
#2063 = ORIENTED_EDGE('',*,*,#2044,.T.);
#2064 = ORIENTED_EDGE('',*,*,#1945,.T.);
#2065 = ORIENTED_EDGE('',*,*,#1902,.F.);
#2066 = PLANE('',#2067);
#2067 = AXIS2_PLACEMENT_3D('',#2068,#2069,#2070);
#2068 = CARTESIAN_POINT('',(0.45000025,-2.85,6.9));
#2069 = DIRECTION('',(-1.,1.224646799147E-16,0.));
#2070 = DIRECTION('',(-1.359631073447E-32,-1.110223024625E-16,1.));
#2071 = ADVANCED_FACE('',(#2072),#2092,.F.);
#2072 = FACE_BOUND('',#2073,.T.);
#2073 = EDGE_LOOP('',(#2074,#2082,#2088,#2089,#2090,#2091));
#2074 = ORIENTED_EDGE('',*,*,#2075,.F.);
#2075 = EDGE_CURVE('',#2076,#1707,#2078,.T.);
#2076 = VERTEX_POINT('',#2077);
#2077 = CARTESIAN_POINT('',(4.05000025,-2.85,5.99));
#2078 = LINE('',#2079,#2080);
#2079 = CARTESIAN_POINT('',(4.05000025,-2.85,5.99));
#2080 = VECTOR('',#2081,1.);
#2081 = DIRECTION('',(-1.,1.224646799147E-16,0.));
#2082 = ORIENTED_EDGE('',*,*,#2083,.F.);
#2083 = EDGE_CURVE('',#2018,#2076,#2084,.T.);
#2084 = LINE('',#2085,#2086);
#2085 = CARTESIAN_POINT('',(4.05000025,-2.85,6.9));
#2086 = VECTOR('',#2087,1.);
#2087 = DIRECTION('',(1.359631073447E-32,1.110223024625E-16,-1.));
#2088 = ORIENTED_EDGE('',*,*,#2017,.T.);
#2089 = ORIENTED_EDGE('',*,*,#2058,.T.);
#2090 = ORIENTED_EDGE('',*,*,#1894,.F.);
#2091 = ORIENTED_EDGE('',*,*,#1714,.F.);
#2092 = PLANE('',#2093);
#2093 = AXIS2_PLACEMENT_3D('',#2094,#2095,#2096);
#2094 = CARTESIAN_POINT('',(4.05000025,-2.85,6.9));
#2095 = DIRECTION('',(1.224646799147E-16,1.,1.110223024625E-16));
#2096 = DIRECTION('',(-1.,1.224646799147E-16,0.));
#2097 = ADVANCED_FACE('',(#2098),#2116,.F.);
#2098 = FACE_BOUND('',#2099,.T.);
#2099 = EDGE_LOOP('',(#2100,#2101,#2102,#2110));
#2100 = ORIENTED_EDGE('',*,*,#2027,.T.);
#2101 = ORIENTED_EDGE('',*,*,#2083,.T.);
#2102 = ORIENTED_EDGE('',*,*,#2103,.F.);
#2103 = EDGE_CURVE('',#2104,#2076,#2106,.T.);
#2104 = VERTEX_POINT('',#2105);
#2105 = CARTESIAN_POINT('',(4.05000025,-4.17,5.99));
#2106 = LINE('',#2107,#2108);
#2107 = CARTESIAN_POINT('',(4.05000025,-4.17,5.99));
#2108 = VECTOR('',#2109,1.);
#2109 = DIRECTION('',(1.224646799147E-16,1.,1.110223024625E-16));
#2110 = ORIENTED_EDGE('',*,*,#2111,.F.);
#2111 = EDGE_CURVE('',#2028,#2104,#2112,.T.);
#2112 = LINE('',#2113,#2114);
#2113 = CARTESIAN_POINT('',(4.05000025,-4.17,6.9));
#2114 = VECTOR('',#2115,1.);
#2115 = DIRECTION('',(1.359631073447E-32,1.110223024625E-16,-1.));
#2116 = PLANE('',#2117);
#2117 = AXIS2_PLACEMENT_3D('',#2118,#2119,#2120);
#2118 = CARTESIAN_POINT('',(4.05000025,-4.17,6.9));
#2119 = DIRECTION('',(1.,-1.224646799147E-16,0.));
#2120 = DIRECTION('',(1.224646799147E-16,1.,1.110223024625E-16));
#2121 = ADVANCED_FACE('',(#2122),#2135,.F.);
#2122 = FACE_BOUND('',#2123,.F.);
#2123 = EDGE_LOOP('',(#2124,#2125,#2132,#2133,#2134));
#2124 = ORIENTED_EDGE('',*,*,#1794,.T.);
#2125 = ORIENTED_EDGE('',*,*,#2126,.T.);
#2126 = EDGE_CURVE('',#1795,#2104,#2127,.T.);
#2127 = CIRCLE('',#2128,0.3);
#2128 = AXIS2_PLACEMENT_3D('',#2129,#2130,#2131);
#2129 = CARTESIAN_POINT('',(3.75000025,-4.17,5.99));
#2130 = DIRECTION('',(-1.848892746612E-32,-1.110223024625E-16,1.));
#2131 = DIRECTION('',(0.5,-0.866025403784,-9.614813431918E-17));
#2132 = ORIENTED_EDGE('',*,*,#2111,.F.);
#2133 = ORIENTED_EDGE('',*,*,#2035,.F.);
#2134 = ORIENTED_EDGE('',*,*,#1959,.T.);
#2135 = CYLINDRICAL_SURFACE('',#2136,0.3);
#2136 = AXIS2_PLACEMENT_3D('',#2137,#2138,#2139);
#2137 = CARTESIAN_POINT('',(3.75000025,-4.17,6.9));
#2138 = DIRECTION('',(1.359631073447E-32,1.110223024625E-16,-1.));
#2139 = DIRECTION('',(1.,-1.224646799147E-16,0.));
#2140 = ADVANCED_FACE('',(#2141),#2152,.T.);
#2141 = FACE_BOUND('',#2142,.T.);
#2142 = EDGE_LOOP('',(#2143,#2144,#2145,#2146));
#2143 = ORIENTED_EDGE('',*,*,#2126,.T.);
#2144 = ORIENTED_EDGE('',*,*,#2103,.T.);
#2145 = ORIENTED_EDGE('',*,*,#2075,.T.);
#2146 = ORIENTED_EDGE('',*,*,#2147,.T.);
#2147 = EDGE_CURVE('',#1707,#1795,#2148,.T.);
#2148 = LINE('',#2149,#2150);
#2149 = CARTESIAN_POINT('',(3.90000025,-2.85,5.99));
#2150 = VECTOR('',#2151,1.);
#2151 = DIRECTION('',(-1.224646799147E-16,-1.,-1.110223024625E-16));
#2152 = PLANE('',#2153);
#2153 = AXIS2_PLACEMENT_3D('',#2154,#2155,#2156);
#2154 = CARTESIAN_POINT('',(4.70000025,-0.6,5.99));
#2155 = DIRECTION('',(-1.359631073447E-32,-1.110223024625E-16,1.));
#2156 = DIRECTION('',(-1.,1.224646799147E-16,0.));
#2157 = ADVANCED_FACE('',(#2158),#2185,.T.);
#2158 = FACE_BOUND('',#2159,.T.);
#2159 = EDGE_LOOP('',(#2160,#2161,#2162,#2170,#2178,#2184));
#2160 = ORIENTED_EDGE('',*,*,#2147,.F.);
#2161 = ORIENTED_EDGE('',*,*,#1706,.F.);
#2162 = ORIENTED_EDGE('',*,*,#2163,.T.);
#2163 = EDGE_CURVE('',#1699,#2164,#2166,.T.);
#2164 = VERTEX_POINT('',#2165);
#2165 = CARTESIAN_POINT('',(3.90000025,-0.6,4.99));
#2166 = LINE('',#2167,#2168);
#2167 = CARTESIAN_POINT('',(3.90000025,-0.6,5.99));
#2168 = VECTOR('',#2169,1.);
#2169 = DIRECTION('',(1.359631073447E-32,1.110223024625E-16,-1.));
#2170 = ORIENTED_EDGE('',*,*,#2171,.T.);
#2171 = EDGE_CURVE('',#2164,#2172,#2174,.T.);
#2172 = VERTEX_POINT('',#2173);
#2173 = CARTESIAN_POINT('',(3.90000025,-5.8,4.99));
#2174 = LINE('',#2175,#2176);
#2175 = CARTESIAN_POINT('',(3.90000025,-0.6,4.99));
#2176 = VECTOR('',#2177,1.);
#2177 = DIRECTION('',(-1.224646799147E-16,-1.,-1.110223024625E-16));
#2178 = ORIENTED_EDGE('',*,*,#2179,.F.);
#2179 = EDGE_CURVE('',#1804,#2172,#2180,.T.);
#2180 = LINE('',#2181,#2182);
#2181 = CARTESIAN_POINT('',(3.90000025,-5.8,5.99));
#2182 = VECTOR('',#2183,1.);
#2183 = DIRECTION('',(1.359631073447E-32,1.110223024625E-16,-1.));
#2184 = ORIENTED_EDGE('',*,*,#1803,.F.);
#2185 = PLANE('',#2186);
#2186 = AXIS2_PLACEMENT_3D('',#2187,#2188,#2189);
#2187 = CARTESIAN_POINT('',(3.90000025,-0.6,5.99));
#2188 = DIRECTION('',(-1.,1.224646799147E-16,0.));
#2189 = DIRECTION('',(-1.359631073447E-32,-1.110223024625E-16,1.));
#2190 = ADVANCED_FACE('',(#2191),#2207,.T.);
#2191 = FACE_BOUND('',#2192,.T.);
#2192 = EDGE_LOOP('',(#2193,#2194,#2200,#2201));
#2193 = ORIENTED_EDGE('',*,*,#2179,.T.);
#2194 = ORIENTED_EDGE('',*,*,#2195,.F.);
#2195 = EDGE_CURVE('',#1043,#2172,#2196,.T.);
#2196 = LINE('',#2197,#2198);
#2197 = CARTESIAN_POINT('',(4.10000025,-6.,5.19));
#2198 = VECTOR('',#2199,1.);
#2199 = DIRECTION('',(-0.57735026919,0.57735026919,-0.57735026919));
#2200 = ORIENTED_EDGE('',*,*,#1042,.F.);
#2201 = ORIENTED_EDGE('',*,*,#2202,.T.);
#2202 = EDGE_CURVE('',#1035,#1804,#2203,.T.);
#2203 = LINE('',#2204,#2205);
#2204 = CARTESIAN_POINT('',(4.10000025,-6.,6.19));
#2205 = VECTOR('',#2206,1.);
#2206 = DIRECTION('',(-0.57735026919,0.57735026919,-0.57735026919));
#2207 = PLANE('',#2208);
#2208 = AXIS2_PLACEMENT_3D('',#2209,#2210,#2211);
#2209 = CARTESIAN_POINT('',(4.00000025,-5.9,5.49));
#2210 = DIRECTION('',(-0.707106781187,-0.707106781187,
    -7.850462293419E-17));
#2211 = DIRECTION('',(1.359631073447E-32,1.110223024625E-16,-1.));
#2212 = ADVANCED_FACE('',(#2213),#2224,.T.);
#2213 = FACE_BOUND('',#2214,.T.);
#2214 = EDGE_LOOP('',(#2215,#2221,#2222,#2223));
#2215 = ORIENTED_EDGE('',*,*,#2216,.T.);
#2216 = EDGE_CURVE('',#1027,#1770,#2217,.T.);
#2217 = LINE('',#2218,#2219);
#2218 = CARTESIAN_POINT('',(0.40000025,-6.,6.19));
#2219 = VECTOR('',#2220,1.);
#2220 = DIRECTION('',(0.57735026919,0.57735026919,-0.57735026919));
#2221 = ORIENTED_EDGE('',*,*,#1811,.F.);
#2222 = ORIENTED_EDGE('',*,*,#2202,.F.);
#2223 = ORIENTED_EDGE('',*,*,#1034,.T.);
#2224 = PLANE('',#2225);
#2225 = AXIS2_PLACEMENT_3D('',#2226,#2227,#2228);
#2226 = CARTESIAN_POINT('',(2.25000025,-5.9,6.09));
#2227 = DIRECTION('',(-8.659560562355E-17,-0.707106781187,
    -0.707106781187));
#2228 = DIRECTION('',(8.659560562355E-17,0.707106781187,-0.707106781187)
  );
#2229 = ADVANCED_FACE('',(#2230),#2241,.T.);
#2230 = FACE_BOUND('',#2231,.T.);
#2231 = EDGE_LOOP('',(#2232,#2233,#2234,#2235));
#2232 = ORIENTED_EDGE('',*,*,#1856,.T.);
#2233 = ORIENTED_EDGE('',*,*,#2216,.F.);
#2234 = ORIENTED_EDGE('',*,*,#1026,.F.);
#2235 = ORIENTED_EDGE('',*,*,#2236,.T.);
#2236 = EDGE_CURVE('',#1019,#1857,#2237,.T.);
#2237 = LINE('',#2238,#2239);
#2238 = CARTESIAN_POINT('',(0.40000025,-6.,5.19));
#2239 = VECTOR('',#2240,1.);
#2240 = DIRECTION('',(0.57735026919,0.57735026919,-0.57735026919));
#2241 = PLANE('',#2242);
#2242 = AXIS2_PLACEMENT_3D('',#2243,#2244,#2245);
#2243 = CARTESIAN_POINT('',(0.50000025,-5.9,5.49));
#2244 = DIRECTION('',(0.707106781187,-0.707106781187,-7.850462293419E-17
    ));
#2245 = DIRECTION('',(0.707106781187,0.707106781187,7.850462293419E-17)
  );
#2246 = ADVANCED_FACE('',(#2247),#2265,.T.);
#2247 = FACE_BOUND('',#2248,.T.);
#2248 = EDGE_LOOP('',(#2249,#2250,#2258,#2264));
#2249 = ORIENTED_EDGE('',*,*,#1018,.F.);
#2250 = ORIENTED_EDGE('',*,*,#2251,.T.);
#2251 = EDGE_CURVE('',#1011,#2252,#2254,.T.);
#2252 = VERTEX_POINT('',#2253);
#2253 = CARTESIAN_POINT('',(-0.19999975,-5.8,4.99));
#2254 = LINE('',#2255,#2256);
#2255 = CARTESIAN_POINT('',(2.499999998129E-07,-6.,5.19));
#2256 = VECTOR('',#2257,1.);
#2257 = DIRECTION('',(-0.57735026919,0.57735026919,-0.57735026919));
#2258 = ORIENTED_EDGE('',*,*,#2259,.T.);
#2259 = EDGE_CURVE('',#2252,#1857,#2260,.T.);
#2260 = LINE('',#2261,#2262);
#2261 = CARTESIAN_POINT('',(-0.19999975,-5.8,4.99));
#2262 = VECTOR('',#2263,1.);
#2263 = DIRECTION('',(1.,-1.224646799147E-16,0.));
#2264 = ORIENTED_EDGE('',*,*,#2236,.F.);
#2265 = PLANE('',#2266);
#2266 = AXIS2_PLACEMENT_3D('',#2267,#2268,#2269);
#2267 = CARTESIAN_POINT('',(0.20000025,-5.9,5.09));
#2268 = DIRECTION('',(-8.659560562355E-17,-0.707106781187,
    -0.707106781187));
#2269 = DIRECTION('',(8.659560562355E-17,0.707106781187,-0.707106781187)
  );
#2270 = ADVANCED_FACE('',(#2271),#2289,.T.);
#2271 = FACE_BOUND('',#2272,.T.);
#2272 = EDGE_LOOP('',(#2273,#2281,#2287,#2288));
#2273 = ORIENTED_EDGE('',*,*,#2274,.F.);
#2274 = EDGE_CURVE('',#2275,#2252,#2277,.T.);
#2275 = VERTEX_POINT('',#2276);
#2276 = CARTESIAN_POINT('',(-0.19999975,-0.6,4.99));
#2277 = LINE('',#2278,#2279);
#2278 = CARTESIAN_POINT('',(-0.19999975,-0.6,4.99));
#2279 = VECTOR('',#2280,1.);
#2280 = DIRECTION('',(-1.224646799147E-16,-1.,-1.110223024625E-16));
#2281 = ORIENTED_EDGE('',*,*,#2282,.T.);
#2282 = EDGE_CURVE('',#2275,#1865,#2283,.T.);
#2283 = LINE('',#2284,#2285);
#2284 = CARTESIAN_POINT('',(-0.19999975,-0.6,4.99));
#2285 = VECTOR('',#2286,1.);
#2286 = DIRECTION('',(1.,-1.224646799147E-16,0.));
#2287 = ORIENTED_EDGE('',*,*,#1864,.T.);
#2288 = ORIENTED_EDGE('',*,*,#2259,.F.);
#2289 = PLANE('',#2290);
#2290 = AXIS2_PLACEMENT_3D('',#2291,#2292,#2293);
#2291 = CARTESIAN_POINT('',(-0.19999975,-0.6,4.99));
#2292 = DIRECTION('',(1.359631073447E-32,1.110223024625E-16,-1.));
#2293 = DIRECTION('',(-1.224646799147E-16,-1.,-1.110223024625E-16));
#2294 = ADVANCED_FACE('',(#2295),#2441,.F.);
#2295 = FACE_BOUND('',#2296,.T.);
#2296 = EDGE_LOOP('',(#2297,#2307,#2315,#2323,#2331,#2339,#2347,#2353,
    #2354,#2362,#2370,#2376,#2377,#2378,#2386,#2392,#2393,#2394,#2395,
    #2396,#2402,#2403,#2404,#2412,#2420,#2426,#2427,#2435));
#2297 = ORIENTED_EDGE('',*,*,#2298,.F.);
#2298 = EDGE_CURVE('',#2299,#2301,#2303,.T.);
#2299 = VERTEX_POINT('',#2300);
#2300 = CARTESIAN_POINT('',(-0.59999975,-0.6,1.44));
#2301 = VERTEX_POINT('',#2302);
#2302 = CARTESIAN_POINT('',(-0.89999975,-0.6,1.44));
#2303 = LINE('',#2304,#2305);
#2304 = CARTESIAN_POINT('',(-0.59999975,-0.6,1.44));
#2305 = VECTOR('',#2306,1.);
#2306 = DIRECTION('',(-1.,1.224646799147E-16,0.));
#2307 = ORIENTED_EDGE('',*,*,#2308,.T.);
#2308 = EDGE_CURVE('',#2299,#2309,#2311,.T.);
#2309 = VERTEX_POINT('',#2310);
#2310 = CARTESIAN_POINT('',(-0.59999975,-0.6,3.8));
#2311 = LINE('',#2312,#2313);
#2312 = CARTESIAN_POINT('',(-0.59999975,-0.6,1.44));
#2313 = VECTOR('',#2314,1.);
#2314 = DIRECTION('',(-1.359631073447E-32,-1.110223024625E-16,1.));
#2315 = ORIENTED_EDGE('',*,*,#2316,.F.);
#2316 = EDGE_CURVE('',#2317,#2309,#2319,.T.);
#2317 = VERTEX_POINT('',#2318);
#2318 = CARTESIAN_POINT('',(5.10000025,-0.6,3.8));
#2319 = LINE('',#2320,#2321);
#2320 = CARTESIAN_POINT('',(5.10000025,-0.6,3.8));
#2321 = VECTOR('',#2322,1.);
#2322 = DIRECTION('',(-1.,1.224646799147E-16,0.));
#2323 = ORIENTED_EDGE('',*,*,#2324,.T.);
#2324 = EDGE_CURVE('',#2317,#2325,#2327,.T.);
#2325 = VERTEX_POINT('',#2326);
#2326 = CARTESIAN_POINT('',(5.10000025,-0.6,1.44));
#2327 = LINE('',#2328,#2329);
#2328 = CARTESIAN_POINT('',(5.10000025,-0.6,3.8));
#2329 = VECTOR('',#2330,1.);
#2330 = DIRECTION('',(1.359631073447E-32,1.110223024625E-16,-1.));
#2331 = ORIENTED_EDGE('',*,*,#2332,.F.);
#2332 = EDGE_CURVE('',#2333,#2325,#2335,.T.);
#2333 = VERTEX_POINT('',#2334);
#2334 = CARTESIAN_POINT('',(5.40000025,-0.6,1.44));
#2335 = LINE('',#2336,#2337);
#2336 = CARTESIAN_POINT('',(5.40000025,-0.6,1.44));
#2337 = VECTOR('',#2338,1.);
#2338 = DIRECTION('',(-1.,1.224646799147E-16,0.));
#2339 = ORIENTED_EDGE('',*,*,#2340,.F.);
#2340 = EDGE_CURVE('',#2341,#2333,#2343,.T.);
#2341 = VERTEX_POINT('',#2342);
#2342 = CARTESIAN_POINT('',(5.40000025,-0.6,1.39));
#2343 = LINE('',#2344,#2345);
#2344 = CARTESIAN_POINT('',(5.40000025,-0.6,1.39));
#2345 = VECTOR('',#2346,1.);
#2346 = DIRECTION('',(-1.359631073447E-32,-1.110223024625E-16,1.));
#2347 = ORIENTED_EDGE('',*,*,#2348,.T.);
#2348 = EDGE_CURVE('',#2341,#1209,#2349,.T.);
#2349 = LINE('',#2350,#2351);
#2350 = CARTESIAN_POINT('',(5.40000025,-0.6,1.39));
#2351 = VECTOR('',#2352,1.);
#2352 = DIRECTION('',(1.,-1.224646799147E-16,0.));
#2353 = ORIENTED_EDGE('',*,*,#1208,.F.);
#2354 = ORIENTED_EDGE('',*,*,#2355,.T.);
#2355 = EDGE_CURVE('',#1201,#2356,#2358,.T.);
#2356 = VERTEX_POINT('',#2357);
#2357 = CARTESIAN_POINT('',(5.89000025,-0.6,2.75));
#2358 = LINE('',#2359,#2360);
#2359 = CARTESIAN_POINT('',(5.95000025,-0.6,2.75));
#2360 = VECTOR('',#2361,1.);
#2361 = DIRECTION('',(-1.,1.224646799147E-16,0.));
#2362 = ORIENTED_EDGE('',*,*,#2363,.F.);
#2363 = EDGE_CURVE('',#2364,#2356,#2366,.T.);
#2364 = VERTEX_POINT('',#2365);
#2365 = CARTESIAN_POINT('',(5.89000025,-0.6,3.05));
#2366 = LINE('',#2367,#2368);
#2367 = CARTESIAN_POINT('',(5.89000025,-0.6,3.05));
#2368 = VECTOR('',#2369,1.);
#2369 = DIRECTION('',(1.359631073447E-32,1.110223024625E-16,-1.));
#2370 = ORIENTED_EDGE('',*,*,#2371,.F.);
#2371 = EDGE_CURVE('',#1249,#2364,#2372,.T.);
#2372 = LINE('',#2373,#2374);
#2373 = CARTESIAN_POINT('',(5.95000025,-0.6,3.05));
#2374 = VECTOR('',#2375,1.);
#2375 = DIRECTION('',(-1.,1.224646799147E-16,0.));
#2376 = ORIENTED_EDGE('',*,*,#1246,.F.);
#2377 = ORIENTED_EDGE('',*,*,#1835,.F.);
#2378 = ORIENTED_EDGE('',*,*,#2379,.T.);
#2379 = EDGE_CURVE('',#1826,#2380,#2382,.T.);
#2380 = VERTEX_POINT('',#2381);
#2381 = CARTESIAN_POINT('',(4.70000025,-0.6,4.99));
#2382 = LINE('',#2383,#2384);
#2383 = CARTESIAN_POINT('',(4.70000025,-0.6,5.99));
#2384 = VECTOR('',#2385,1.);
#2385 = DIRECTION('',(1.359631073447E-32,1.110223024625E-16,-1.));
#2386 = ORIENTED_EDGE('',*,*,#2387,.F.);
#2387 = EDGE_CURVE('',#2164,#2380,#2388,.T.);
#2388 = LINE('',#2389,#2390);
#2389 = CARTESIAN_POINT('',(3.90000025,-0.6,4.99));
#2390 = VECTOR('',#2391,1.);
#2391 = DIRECTION('',(1.,-1.224646799147E-16,0.));
#2392 = ORIENTED_EDGE('',*,*,#2163,.F.);
#2393 = ORIENTED_EDGE('',*,*,#1696,.F.);
#2394 = ORIENTED_EDGE('',*,*,#1872,.T.);
#2395 = ORIENTED_EDGE('',*,*,#2282,.F.);
#2396 = ORIENTED_EDGE('',*,*,#2397,.F.);
#2397 = EDGE_CURVE('',#1738,#2275,#2398,.T.);
#2398 = LINE('',#2399,#2400);
#2399 = CARTESIAN_POINT('',(-0.19999975,-0.6,5.99));
#2400 = VECTOR('',#2401,1.);
#2401 = DIRECTION('',(1.359631073447E-32,1.110223024625E-16,-1.));
#2402 = ORIENTED_EDGE('',*,*,#1737,.F.);
#2403 = ORIENTED_EDGE('',*,*,#1603,.F.);
#2404 = ORIENTED_EDGE('',*,*,#2405,.T.);
#2405 = EDGE_CURVE('',#1596,#2406,#2408,.T.);
#2406 = VERTEX_POINT('',#2407);
#2407 = CARTESIAN_POINT('',(-1.38999975,-0.6,3.05));
#2408 = LINE('',#2409,#2410);
#2409 = CARTESIAN_POINT('',(-1.44999975,-0.6,3.05));
#2410 = VECTOR('',#2411,1.);
#2411 = DIRECTION('',(1.,-1.224646799147E-16,0.));
#2412 = ORIENTED_EDGE('',*,*,#2413,.F.);
#2413 = EDGE_CURVE('',#2414,#2406,#2416,.T.);
#2414 = VERTEX_POINT('',#2415);
#2415 = CARTESIAN_POINT('',(-1.38999975,-0.6,2.75));
#2416 = LINE('',#2417,#2418);
#2417 = CARTESIAN_POINT('',(-1.38999975,-0.6,2.75));
#2418 = VECTOR('',#2419,1.);
#2419 = DIRECTION('',(-1.359631073447E-32,-1.110223024625E-16,1.));
#2420 = ORIENTED_EDGE('',*,*,#2421,.F.);
#2421 = EDGE_CURVE('',#1667,#2414,#2422,.T.);
#2422 = LINE('',#2423,#2424);
#2423 = CARTESIAN_POINT('',(-1.44999975,-0.6,2.75));
#2424 = VECTOR('',#2425,1.);
#2425 = DIRECTION('',(1.,-1.224646799147E-16,0.));
#2426 = ORIENTED_EDGE('',*,*,#1666,.F.);
#2427 = ORIENTED_EDGE('',*,*,#2428,.T.);
#2428 = EDGE_CURVE('',#1659,#2429,#2431,.T.);
#2429 = VERTEX_POINT('',#2430);
#2430 = CARTESIAN_POINT('',(-0.89999975,-0.6,1.39));
#2431 = LINE('',#2432,#2433);
#2432 = CARTESIAN_POINT('',(-1.44999975,-0.6,1.39));
#2433 = VECTOR('',#2434,1.);
#2434 = DIRECTION('',(1.,-1.224646799147E-16,0.));
#2435 = ORIENTED_EDGE('',*,*,#2436,.F.);
#2436 = EDGE_CURVE('',#2301,#2429,#2437,.T.);
#2437 = LINE('',#2438,#2439);
#2438 = CARTESIAN_POINT('',(-0.89999975,-0.6,1.44));
#2439 = VECTOR('',#2440,1.);
#2440 = DIRECTION('',(1.359631073447E-32,1.110223024625E-16,-1.));
#2441 = PLANE('',#2442);
#2442 = AXIS2_PLACEMENT_3D('',#2443,#2444,#2445);
#2443 = CARTESIAN_POINT('',(0.60000025,-0.6,3.8));
#2444 = DIRECTION('',(1.224646799147E-16,1.,1.110223024625E-16));
#2445 = DIRECTION('',(-1.,1.224646799147E-16,0.));
#2446 = ADVANCED_FACE('',(#2447),#2472,.T.);
#2447 = FACE_BOUND('',#2448,.T.);
#2448 = EDGE_LOOP('',(#2449,#2459,#2465,#2466));
#2449 = ORIENTED_EDGE('',*,*,#2450,.T.);
#2450 = EDGE_CURVE('',#2451,#2453,#2455,.T.);
#2451 = VERTEX_POINT('',#2452);
#2452 = CARTESIAN_POINT('',(-0.89999975,-6.097777777778,1.39));
#2453 = VERTEX_POINT('',#2454);
#2454 = CARTESIAN_POINT('',(-0.89999975,-6.01,1.44));
#2455 = LINE('',#2456,#2457);
#2456 = CARTESIAN_POINT('',(-0.89999975,-6.097777777778,1.39));
#2457 = VECTOR('',#2458,1.);
#2458 = DIRECTION('',(1.064119109983E-16,0.868919194272,0.494953971421)
  );
#2459 = ORIENTED_EDGE('',*,*,#2460,.T.);
#2460 = EDGE_CURVE('',#2453,#2301,#2461,.T.);
#2461 = LINE('',#2462,#2463);
#2462 = CARTESIAN_POINT('',(-0.89999975,-6.01,1.44));
#2463 = VECTOR('',#2464,1.);
#2464 = DIRECTION('',(1.224646799147E-16,1.,1.110223024625E-16));
#2465 = ORIENTED_EDGE('',*,*,#2436,.T.);
#2466 = ORIENTED_EDGE('',*,*,#2467,.F.);
#2467 = EDGE_CURVE('',#2451,#2429,#2468,.T.);
#2468 = LINE('',#2469,#2470);
#2469 = CARTESIAN_POINT('',(-0.89999975,-6.097777777778,1.39));
#2470 = VECTOR('',#2471,1.);
#2471 = DIRECTION('',(1.224646799147E-16,1.,1.110223024625E-16));
#2472 = PLANE('',#2473);
#2473 = AXIS2_PLACEMENT_3D('',#2474,#2475,#2476);
#2474 = CARTESIAN_POINT('',(-0.89999975,-6.8,1.44));
#2475 = DIRECTION('',(-1.,1.224646799147E-16,0.));
#2476 = DIRECTION('',(-1.359631073447E-32,-1.110223024625E-16,1.));
#2477 = ADVANCED_FACE('',(#2478),#2489,.F.);
#2478 = FACE_BOUND('',#2479,.T.);
#2479 = EDGE_LOOP('',(#2480,#2481,#2482,#2483));
#2480 = ORIENTED_EDGE('',*,*,#2467,.T.);
#2481 = ORIENTED_EDGE('',*,*,#2428,.F.);
#2482 = ORIENTED_EDGE('',*,*,#1658,.F.);
#2483 = ORIENTED_EDGE('',*,*,#2484,.T.);
#2484 = EDGE_CURVE('',#1651,#2451,#2485,.T.);
#2485 = LINE('',#2486,#2487);
#2486 = CARTESIAN_POINT('',(-1.44999975,-6.097777777778,1.39));
#2487 = VECTOR('',#2488,1.);
#2488 = DIRECTION('',(1.,-1.224646799147E-16,0.));
#2489 = PLANE('',#2490);
#2490 = AXIS2_PLACEMENT_3D('',#2491,#2492,#2493);
#2491 = CARTESIAN_POINT('',(0.60000025,-6.8,1.39));
#2492 = DIRECTION('',(1.359631073447E-32,1.110223024625E-16,-1.));
#2493 = DIRECTION('',(-1.224646799147E-16,-1.,-1.110223024625E-16));
#2494 = ADVANCED_FACE('',(#2495),#2707,.F.);
#2495 = FACE_BOUND('',#2496,.F.);
#2496 = EDGE_LOOP('',(#2497,#2507,#2515,#2523,#2531,#2539,#2547,#2555,
    #2563,#2571,#2579,#2587,#2595,#2603,#2611,#2619,#2627,#2635,#2643,
    #2651,#2659,#2667,#2675,#2684,#2692,#2701));
#2497 = ORIENTED_EDGE('',*,*,#2498,.F.);
#2498 = EDGE_CURVE('',#2499,#2501,#2503,.T.);
#2499 = VERTEX_POINT('',#2500);
#2500 = CARTESIAN_POINT('',(-0.59999975,-6.097777777778,1.39));
#2501 = VERTEX_POINT('',#2502);
#2502 = CARTESIAN_POINT('',(0.834231196238,-6.097777777778,1.39));
#2503 = LINE('',#2504,#2505);
#2504 = CARTESIAN_POINT('',(-0.59999975,-6.097777777778,1.39));
#2505 = VECTOR('',#2506,1.);
#2506 = DIRECTION('',(1.,-1.224646799147E-16,0.));
#2507 = ORIENTED_EDGE('',*,*,#2508,.T.);
#2508 = EDGE_CURVE('',#2499,#2509,#2511,.T.);
#2509 = VERTEX_POINT('',#2510);
#2510 = CARTESIAN_POINT('',(-0.59999975,-1.63,1.39));
#2511 = LINE('',#2512,#2513);
#2512 = CARTESIAN_POINT('',(-0.59999975,-6.097777777778,1.39));
#2513 = VECTOR('',#2514,1.);
#2514 = DIRECTION('',(1.224646799147E-16,1.,1.110223024625E-16));
#2515 = ORIENTED_EDGE('',*,*,#2516,.T.);
#2516 = EDGE_CURVE('',#2509,#2517,#2519,.T.);
#2517 = VERTEX_POINT('',#2518);
#2518 = CARTESIAN_POINT('',(-0.12499975,-1.63,1.39));
#2519 = LINE('',#2520,#2521);
#2520 = CARTESIAN_POINT('',(-0.59999975,-1.63,1.39));
#2521 = VECTOR('',#2522,1.);
#2522 = DIRECTION('',(1.,-1.224646799147E-16,0.));
#2523 = ORIENTED_EDGE('',*,*,#2524,.T.);
#2524 = EDGE_CURVE('',#2517,#2525,#2527,.T.);
#2525 = VERTEX_POINT('',#2526);
#2526 = CARTESIAN_POINT('',(-0.12499975,-4.045393920142,1.39));
#2527 = LINE('',#2528,#2529);
#2528 = CARTESIAN_POINT('',(-0.12499975,-1.63,1.39));
#2529 = VECTOR('',#2530,1.);
#2530 = DIRECTION('',(-1.224646799147E-16,-1.,-1.110223024625E-16));
#2531 = ORIENTED_EDGE('',*,*,#2532,.T.);
#2532 = EDGE_CURVE('',#2525,#2533,#2535,.T.);
#2533 = VERTEX_POINT('',#2534);
#2534 = CARTESIAN_POINT('',(0.12500025,-4.045393920142,1.39));
#2535 = LINE('',#2536,#2537);
#2536 = CARTESIAN_POINT('',(-0.12499975,-4.045393920142,1.39));
#2537 = VECTOR('',#2538,1.);
#2538 = DIRECTION('',(1.,-1.224646799147E-16,0.));
#2539 = ORIENTED_EDGE('',*,*,#2540,.F.);
#2540 = EDGE_CURVE('',#2541,#2533,#2543,.T.);
#2541 = VERTEX_POINT('',#2542);
#2542 = CARTESIAN_POINT('',(0.12500025,-1.63,1.39));
#2543 = LINE('',#2544,#2545);
#2544 = CARTESIAN_POINT('',(0.12500025,-1.63,1.39));
#2545 = VECTOR('',#2546,1.);
#2546 = DIRECTION('',(-1.224646799147E-16,-1.,-1.110223024625E-16));
#2547 = ORIENTED_EDGE('',*,*,#2548,.T.);
#2548 = EDGE_CURVE('',#2541,#2549,#2551,.T.);
#2549 = VERTEX_POINT('',#2550);
#2550 = CARTESIAN_POINT('',(1.37500025,-1.63,1.39));
#2551 = LINE('',#2552,#2553);
#2552 = CARTESIAN_POINT('',(0.12500025,-1.63,1.39));
#2553 = VECTOR('',#2554,1.);
#2554 = DIRECTION('',(1.,-1.224646799147E-16,0.));
#2555 = ORIENTED_EDGE('',*,*,#2556,.T.);
#2556 = EDGE_CURVE('',#2549,#2557,#2559,.T.);
#2557 = VERTEX_POINT('',#2558);
#2558 = CARTESIAN_POINT('',(1.37500025,-4.045393920141,1.39));
#2559 = LINE('',#2560,#2561);
#2560 = CARTESIAN_POINT('',(1.37500025,-1.63,1.39));
#2561 = VECTOR('',#2562,1.);
#2562 = DIRECTION('',(-1.224646799147E-16,-1.,-1.110223024625E-16));
#2563 = ORIENTED_EDGE('',*,*,#2564,.T.);
#2564 = EDGE_CURVE('',#2557,#2565,#2567,.T.);
#2565 = VERTEX_POINT('',#2566);
#2566 = CARTESIAN_POINT('',(1.62500025,-4.045393920141,1.39));
#2567 = LINE('',#2568,#2569);
#2568 = CARTESIAN_POINT('',(1.37500025,-4.045393920141,1.39));
#2569 = VECTOR('',#2570,1.);
#2570 = DIRECTION('',(1.,-1.224646799147E-16,0.));
#2571 = ORIENTED_EDGE('',*,*,#2572,.F.);
#2572 = EDGE_CURVE('',#2573,#2565,#2575,.T.);
#2573 = VERTEX_POINT('',#2574);
#2574 = CARTESIAN_POINT('',(1.62500025,-1.63,1.39));
#2575 = LINE('',#2576,#2577);
#2576 = CARTESIAN_POINT('',(1.62500025,-1.63,1.39));
#2577 = VECTOR('',#2578,1.);
#2578 = DIRECTION('',(-1.224646799147E-16,-1.,-1.110223024625E-16));
#2579 = ORIENTED_EDGE('',*,*,#2580,.T.);
#2580 = EDGE_CURVE('',#2573,#2581,#2583,.T.);
#2581 = VERTEX_POINT('',#2582);
#2582 = CARTESIAN_POINT('',(2.87500025,-1.63,1.39));
#2583 = LINE('',#2584,#2585);
#2584 = CARTESIAN_POINT('',(1.62500025,-1.63,1.39));
#2585 = VECTOR('',#2586,1.);
#2586 = DIRECTION('',(1.,-1.224646799147E-16,0.));
#2587 = ORIENTED_EDGE('',*,*,#2588,.T.);
#2588 = EDGE_CURVE('',#2581,#2589,#2591,.T.);
#2589 = VERTEX_POINT('',#2590);
#2590 = CARTESIAN_POINT('',(2.87500025,-4.045393920142,1.39));
#2591 = LINE('',#2592,#2593);
#2592 = CARTESIAN_POINT('',(2.87500025,-1.63,1.39));
#2593 = VECTOR('',#2594,1.);
#2594 = DIRECTION('',(-1.224646799147E-16,-1.,-1.110223024625E-16));
#2595 = ORIENTED_EDGE('',*,*,#2596,.T.);
#2596 = EDGE_CURVE('',#2589,#2597,#2599,.T.);
#2597 = VERTEX_POINT('',#2598);
#2598 = CARTESIAN_POINT('',(3.12500025,-4.045393920142,1.39));
#2599 = LINE('',#2600,#2601);
#2600 = CARTESIAN_POINT('',(2.87500025,-4.045393920142,1.39));
#2601 = VECTOR('',#2602,1.);
#2602 = DIRECTION('',(1.,-1.224646799147E-16,0.));
#2603 = ORIENTED_EDGE('',*,*,#2604,.F.);
#2604 = EDGE_CURVE('',#2605,#2597,#2607,.T.);
#2605 = VERTEX_POINT('',#2606);
#2606 = CARTESIAN_POINT('',(3.12500025,-1.63,1.39));
#2607 = LINE('',#2608,#2609);
#2608 = CARTESIAN_POINT('',(3.12500025,-1.63,1.39));
#2609 = VECTOR('',#2610,1.);
#2610 = DIRECTION('',(-1.224646799147E-16,-1.,-1.110223024625E-16));
#2611 = ORIENTED_EDGE('',*,*,#2612,.T.);
#2612 = EDGE_CURVE('',#2605,#2613,#2615,.T.);
#2613 = VERTEX_POINT('',#2614);
#2614 = CARTESIAN_POINT('',(4.37500025,-1.63,1.39));
#2615 = LINE('',#2616,#2617);
#2616 = CARTESIAN_POINT('',(3.12500025,-1.63,1.39));
#2617 = VECTOR('',#2618,1.);
#2618 = DIRECTION('',(1.,-1.224646799147E-16,0.));
#2619 = ORIENTED_EDGE('',*,*,#2620,.T.);
#2620 = EDGE_CURVE('',#2613,#2621,#2623,.T.);
#2621 = VERTEX_POINT('',#2622);
#2622 = CARTESIAN_POINT('',(4.37500025,-4.045393920141,1.39));
#2623 = LINE('',#2624,#2625);
#2624 = CARTESIAN_POINT('',(4.37500025,-1.63,1.39));
#2625 = VECTOR('',#2626,1.);
#2626 = DIRECTION('',(-1.224646799147E-16,-1.,-1.110223024625E-16));
#2627 = ORIENTED_EDGE('',*,*,#2628,.T.);
#2628 = EDGE_CURVE('',#2621,#2629,#2631,.T.);
#2629 = VERTEX_POINT('',#2630);
#2630 = CARTESIAN_POINT('',(4.62500025,-4.045393920141,1.39));
#2631 = LINE('',#2632,#2633);
#2632 = CARTESIAN_POINT('',(4.37500025,-4.045393920141,1.39));
#2633 = VECTOR('',#2634,1.);
#2634 = DIRECTION('',(1.,-1.224646799147E-16,0.));
#2635 = ORIENTED_EDGE('',*,*,#2636,.F.);
#2636 = EDGE_CURVE('',#2637,#2629,#2639,.T.);
#2637 = VERTEX_POINT('',#2638);
#2638 = CARTESIAN_POINT('',(4.62500025,-1.63,1.39));
#2639 = LINE('',#2640,#2641);
#2640 = CARTESIAN_POINT('',(4.62500025,-1.63,1.39));
#2641 = VECTOR('',#2642,1.);
#2642 = DIRECTION('',(-1.224646799147E-16,-1.,-1.110223024625E-16));
#2643 = ORIENTED_EDGE('',*,*,#2644,.T.);
#2644 = EDGE_CURVE('',#2637,#2645,#2647,.T.);
#2645 = VERTEX_POINT('',#2646);
#2646 = CARTESIAN_POINT('',(5.10000025,-1.63,1.39));
#2647 = LINE('',#2648,#2649);
#2648 = CARTESIAN_POINT('',(4.62500025,-1.63,1.39));
#2649 = VECTOR('',#2650,1.);
#2650 = DIRECTION('',(1.,-1.224646799147E-16,0.));
#2651 = ORIENTED_EDGE('',*,*,#2652,.F.);
#2652 = EDGE_CURVE('',#2653,#2645,#2655,.T.);
#2653 = VERTEX_POINT('',#2654);
#2654 = CARTESIAN_POINT('',(5.10000025,-6.097777777778,1.39));
#2655 = LINE('',#2656,#2657);
#2656 = CARTESIAN_POINT('',(5.10000025,-6.097777777778,1.39));
#2657 = VECTOR('',#2658,1.);
#2658 = DIRECTION('',(1.224646799147E-16,1.,1.110223024625E-16));
#2659 = ORIENTED_EDGE('',*,*,#2660,.F.);
#2660 = EDGE_CURVE('',#2661,#2653,#2663,.T.);
#2661 = VERTEX_POINT('',#2662);
#2662 = CARTESIAN_POINT('',(3.665769303762,-6.097777777778,1.39));
#2663 = LINE('',#2664,#2665);
#2664 = CARTESIAN_POINT('',(3.665769303762,-6.097777777778,1.39));
#2665 = VECTOR('',#2666,1.);
#2666 = DIRECTION('',(1.,-1.224646799147E-16,0.));
#2667 = ORIENTED_EDGE('',*,*,#2668,.F.);
#2668 = EDGE_CURVE('',#2669,#2661,#2671,.T.);
#2669 = VERTEX_POINT('',#2670);
#2670 = CARTESIAN_POINT('',(3.654114720986,-6.08005105904,1.389973403344
    ));
#2671 = LINE('',#2672,#2673);
#2672 = CARTESIAN_POINT('',(3.65410969875,-6.080054346146,1.389993478743
    ));
#2673 = VECTOR('',#2674,1.);
#2674 = DIRECTION('',(0.549598467796,-0.835428889677,3.073922883656E-04)
  );
#2675 = ORIENTED_EDGE('',*,*,#2676,.F.);
#2676 = EDGE_CURVE('',#2677,#2669,#2679,.T.);
#2677 = VERTEX_POINT('',#2678);
#2678 = CARTESIAN_POINT('',(3.32000025,-5.899987479757,1.389973403344));
#2679 = CIRCLE('',#2680,0.400012520243);
#2680 = AXIS2_PLACEMENT_3D('',#2681,#2682,#2683);
#2681 = CARTESIAN_POINT('',(3.32000025,-6.3,1.389973403344));
#2682 = DIRECTION('',(1.359631073447E-32,1.110223024625E-16,-1.));
#2683 = DIRECTION('',(1.224646799147E-16,1.,1.110223024625E-16));
#2684 = ORIENTED_EDGE('',*,*,#2685,.F.);
#2685 = EDGE_CURVE('',#2686,#2677,#2688,.T.);
#2686 = VERTEX_POINT('',#2687);
#2687 = CARTESIAN_POINT('',(1.18000025,-5.899987479757,1.389973403344));
#2688 = LINE('',#2689,#2690);
#2689 = CARTESIAN_POINT('',(1.180000234086,-5.899987479757,
    1.389973403344));
#2690 = VECTOR('',#2691,1.);
#2691 = DIRECTION('',(1.,-3.788611994201E-11,-3.788226214754E-11));
#2692 = ORIENTED_EDGE('',*,*,#2693,.F.);
#2693 = EDGE_CURVE('',#2694,#2686,#2696,.T.);
#2694 = VERTEX_POINT('',#2695);
#2695 = CARTESIAN_POINT('',(0.845885779014,-6.08005105904,1.389973403344
    ));
#2696 = CIRCLE('',#2697,0.400012520243);
#2697 = AXIS2_PLACEMENT_3D('',#2698,#2699,#2700);
#2698 = CARTESIAN_POINT('',(1.18000025,-6.3,1.389973403344));
#2699 = DIRECTION('',(1.848892746612E-32,1.110223024625E-16,-1.));
#2700 = DIRECTION('',(-0.835260033317,0.549855141599,6.104618384115E-17)
  );
#2701 = ORIENTED_EDGE('',*,*,#2702,.F.);
#2702 = EDGE_CURVE('',#2501,#2694,#2703,.T.);
#2703 = LINE('',#2704,#2705);
#2704 = CARTESIAN_POINT('',(0.834231196238,-6.097777777778,1.39));
#2705 = VECTOR('',#2706,1.);
#2706 = DIRECTION('',(0.549598470658,0.835428887792,-3.073965045863E-04)
  );
#2707 = PLANE('',#2708);
#2708 = AXIS2_PLACEMENT_3D('',#2709,#2710,#2711);
#2709 = CARTESIAN_POINT('',(0.60000025,-6.8,1.39));
#2710 = DIRECTION('',(1.359631073447E-32,1.110223024625E-16,-1.));
#2711 = DIRECTION('',(-1.224646799147E-16,-1.,-1.110223024625E-16));
#2712 = ADVANCED_FACE('',(#2713),#2731,.F.);
#2713 = FACE_BOUND('',#2714,.T.);
#2714 = EDGE_LOOP('',(#2715,#2716,#2717,#2725));
#2715 = ORIENTED_EDGE('',*,*,#1216,.T.);
#2716 = ORIENTED_EDGE('',*,*,#2348,.F.);
#2717 = ORIENTED_EDGE('',*,*,#2718,.F.);
#2718 = EDGE_CURVE('',#2719,#2341,#2721,.T.);
#2719 = VERTEX_POINT('',#2720);
#2720 = CARTESIAN_POINT('',(5.40000025,-6.097777777778,1.39));
#2721 = LINE('',#2722,#2723);
#2722 = CARTESIAN_POINT('',(5.40000025,-6.097777777778,1.39));
#2723 = VECTOR('',#2724,1.);
#2724 = DIRECTION('',(1.224646799147E-16,1.,1.110223024625E-16));
#2725 = ORIENTED_EDGE('',*,*,#2726,.T.);
#2726 = EDGE_CURVE('',#2719,#1217,#2727,.T.);
#2727 = LINE('',#2728,#2729);
#2728 = CARTESIAN_POINT('',(5.40000025,-6.097777777778,1.39));
#2729 = VECTOR('',#2730,1.);
#2730 = DIRECTION('',(1.,-1.224646799147E-16,0.));
#2731 = PLANE('',#2732);
#2732 = AXIS2_PLACEMENT_3D('',#2733,#2734,#2735);
#2733 = CARTESIAN_POINT('',(0.60000025,-6.8,1.39));
#2734 = DIRECTION('',(1.359631073447E-32,1.110223024625E-16,-1.));
#2735 = DIRECTION('',(-1.224646799147E-16,-1.,-1.110223024625E-16));
#2736 = ADVANCED_FACE('',(#2737),#2788,.F.);
#2737 = FACE_BOUND('',#2738,.T.);
#2738 = EDGE_LOOP('',(#2739,#2749,#2757,#2763,#2764,#2772,#2778,#2779,
    #2780,#2781,#2787));
#2739 = ORIENTED_EDGE('',*,*,#2740,.F.);
#2740 = EDGE_CURVE('',#2741,#1319,#2743,.T.);
#2741 = VERTEX_POINT('',#2742);
#2742 = CARTESIAN_POINT('',(0.580578259995,-6.66495654248,1.066923488461
    ));
#2743 = B_SPLINE_CURVE_WITH_KNOTS('',3,(#2744,#2745,#2746,#2747,#2748),
  .UNSPECIFIED.,.F.,.F.,(4,1,4),(0.,0.5,1.),.QUASI_UNIFORM_KNOTS.);
#2744 = CARTESIAN_POINT('',(0.580578259995,-6.66495654248,1.066923488461
    ));
#2745 = CARTESIAN_POINT('',(0.552382189635,-6.707787915485,
    1.042525870926));
#2746 = CARTESIAN_POINT('',(0.481024484955,-6.771031290318,
    1.006501163743));
#2747 = CARTESIAN_POINT('',(0.386787472495,-6.8,0.99));
#2748 = CARTESIAN_POINT('',(0.33000025,-6.8,0.99));
#2749 = ORIENTED_EDGE('',*,*,#2750,.T.);
#2750 = EDGE_CURVE('',#2741,#2751,#2753,.T.);
#2751 = VERTEX_POINT('',#2752);
#2752 = CARTESIAN_POINT('',(0.838385441626,-6.273333333333,1.29));
#2753 = LINE('',#2754,#2755);
#2754 = CARTESIAN_POINT('',(0.580578259995,-6.66495654248,1.066923488461
    ));
#2755 = VECTOR('',#2756,1.);
#2756 = DIRECTION('',(0.496521384949,0.754243139983,0.429632168345));
#2757 = ORIENTED_EDGE('',*,*,#2758,.T.);
#2758 = EDGE_CURVE('',#2751,#2501,#2759,.T.);
#2759 = LINE('',#2760,#2761);
#2760 = CARTESIAN_POINT('',(0.838385441626,-6.273333333333,1.29));
#2761 = VECTOR('',#2762,1.);
#2762 = DIRECTION('',(-2.055725739827E-02,0.868735571883,0.494849376389)
  );
#2763 = ORIENTED_EDGE('',*,*,#2498,.F.);
#2764 = ORIENTED_EDGE('',*,*,#2765,.T.);
#2765 = EDGE_CURVE('',#2499,#2766,#2768,.T.);
#2766 = VERTEX_POINT('',#2767);
#2767 = CARTESIAN_POINT('',(-0.59999975,-6.01,1.44));
#2768 = LINE('',#2769,#2770);
#2769 = CARTESIAN_POINT('',(-0.59999975,-6.097777777778,1.39));
#2770 = VECTOR('',#2771,1.);
#2771 = DIRECTION('',(1.064119109983E-16,0.868919194272,0.494953971421)
  );
#2772 = ORIENTED_EDGE('',*,*,#2773,.T.);
#2773 = EDGE_CURVE('',#2766,#2453,#2774,.T.);
#2774 = LINE('',#2775,#2776);
#2775 = CARTESIAN_POINT('',(-0.59999975,-6.01,1.44));
#2776 = VECTOR('',#2777,1.);
#2777 = DIRECTION('',(-1.,1.224646799147E-16,0.));
#2778 = ORIENTED_EDGE('',*,*,#2450,.F.);
#2779 = ORIENTED_EDGE('',*,*,#2484,.F.);
#2780 = ORIENTED_EDGE('',*,*,#1650,.F.);
#2781 = ORIENTED_EDGE('',*,*,#2782,.T.);
#2782 = EDGE_CURVE('',#1643,#1327,#2783,.T.);
#2783 = LINE('',#2784,#2785);
#2784 = CARTESIAN_POINT('',(-1.44999975,-6.6,1.103924050633));
#2785 = VECTOR('',#2786,1.);
#2786 = DIRECTION('',(-0.655900989019,-0.655900989019,-0.373614487416));
#2787 = ORIENTED_EDGE('',*,*,#1326,.F.);
#2788 = PLANE('',#2789);
#2789 = AXIS2_PLACEMENT_3D('',#2790,#2791,#2792);
#2790 = CARTESIAN_POINT('',(-1.44999975,-6.8,0.99));
#2791 = DIRECTION('',(6.061437968259E-17,0.494953971421,-0.868919194272)
  );
#2792 = DIRECTION('',(1.,-1.224646799147E-16,0.));
#2793 = ADVANCED_FACE('',(#2794),#2847,.F.);
#2794 = FACE_BOUND('',#2795,.T.);
#2795 = EDGE_LOOP('',(#2796,#2797,#2805,#2813,#2819,#2820,#2828,#2836,
    #2844,#2845,#2846));
#2796 = ORIENTED_EDGE('',*,*,#2726,.F.);
#2797 = ORIENTED_EDGE('',*,*,#2798,.T.);
#2798 = EDGE_CURVE('',#2719,#2799,#2801,.T.);
#2799 = VERTEX_POINT('',#2800);
#2800 = CARTESIAN_POINT('',(5.40000025,-6.01,1.44));
#2801 = LINE('',#2802,#2803);
#2802 = CARTESIAN_POINT('',(5.40000025,-6.097777777778,1.39));
#2803 = VECTOR('',#2804,1.);
#2804 = DIRECTION('',(1.064119109983E-16,0.868919194272,0.494953971421)
  );
#2805 = ORIENTED_EDGE('',*,*,#2806,.T.);
#2806 = EDGE_CURVE('',#2799,#2807,#2809,.T.);
#2807 = VERTEX_POINT('',#2808);
#2808 = CARTESIAN_POINT('',(5.10000025,-6.01,1.44));
#2809 = LINE('',#2810,#2811);
#2810 = CARTESIAN_POINT('',(5.40000025,-6.01,1.44));
#2811 = VECTOR('',#2812,1.);
#2812 = DIRECTION('',(-1.,1.224646799147E-16,0.));
#2813 = ORIENTED_EDGE('',*,*,#2814,.F.);
#2814 = EDGE_CURVE('',#2653,#2807,#2815,.T.);
#2815 = LINE('',#2816,#2817);
#2816 = CARTESIAN_POINT('',(5.10000025,-6.097777777778,1.39));
#2817 = VECTOR('',#2818,1.);
#2818 = DIRECTION('',(1.064119109983E-16,0.868919194272,0.494953971421)
  );
#2819 = ORIENTED_EDGE('',*,*,#2660,.F.);
#2820 = ORIENTED_EDGE('',*,*,#2821,.F.);
#2821 = EDGE_CURVE('',#2822,#2661,#2824,.T.);
#2822 = VERTEX_POINT('',#2823);
#2823 = CARTESIAN_POINT('',(3.661615058374,-6.273333333333,1.29));
#2824 = LINE('',#2825,#2826);
#2825 = CARTESIAN_POINT('',(3.661615058374,-6.273333333333,1.29));
#2826 = VECTOR('',#2827,1.);
#2827 = DIRECTION('',(2.055725739827E-02,0.868735571883,0.494849376389)
  );
#2828 = ORIENTED_EDGE('',*,*,#2829,.T.);
#2829 = EDGE_CURVE('',#2822,#2830,#2832,.T.);
#2830 = VERTEX_POINT('',#2831);
#2831 = CARTESIAN_POINT('',(3.919422240005,-6.66495654248,1.066923488461
    ));
#2832 = LINE('',#2833,#2834);
#2833 = CARTESIAN_POINT('',(3.661615058374,-6.273333333333,1.29));
#2834 = VECTOR('',#2835,1.);
#2835 = DIRECTION('',(0.496521384949,-0.754243139983,-0.429632168345));
#2836 = ORIENTED_EDGE('',*,*,#2837,.F.);
#2837 = EDGE_CURVE('',#1374,#2830,#2838,.T.);
#2838 = B_SPLINE_CURVE_WITH_KNOTS('',3,(#2839,#2840,#2841,#2842,#2843),
  .UNSPECIFIED.,.F.,.F.,(4,1,4),(0.,0.5,1.),.QUASI_UNIFORM_KNOTS.);
#2839 = CARTESIAN_POINT('',(4.17000025,-6.8,0.99));
#2840 = CARTESIAN_POINT('',(4.113213027505,-6.8,0.99));
#2841 = CARTESIAN_POINT('',(4.018976015045,-6.771031290318,
    1.006501163743));
#2842 = CARTESIAN_POINT('',(3.947618310365,-6.707787915485,
    1.042525870926));
#2843 = CARTESIAN_POINT('',(3.919422240005,-6.66495654248,1.066923488461
    ));
#2844 = ORIENTED_EDGE('',*,*,#1373,.F.);
#2845 = ORIENTED_EDGE('',*,*,#1286,.T.);
#2846 = ORIENTED_EDGE('',*,*,#1224,.T.);
#2847 = PLANE('',#2848);
#2848 = AXIS2_PLACEMENT_3D('',#2849,#2850,#2851);
#2849 = CARTESIAN_POINT('',(-1.44999975,-6.8,0.99));
#2850 = DIRECTION('',(6.061437968259E-17,0.494953971421,-0.868919194272)
  );
#2851 = DIRECTION('',(1.,-1.224646799147E-16,0.));
#2852 = ADVANCED_FACE('',(#2853),#2864,.T.);
#2853 = FACE_BOUND('',#2854,.T.);
#2854 = EDGE_LOOP('',(#2855,#2856,#2857,#2863));
#2855 = ORIENTED_EDGE('',*,*,#2782,.F.);
#2856 = ORIENTED_EDGE('',*,*,#1642,.F.);
#2857 = ORIENTED_EDGE('',*,*,#2858,.F.);
#2858 = EDGE_CURVE('',#1335,#1635,#2859,.T.);
#2859 = LINE('',#2860,#2861);
#2860 = CARTESIAN_POINT('',(-1.64999975,-6.8,1.99));
#2861 = VECTOR('',#2862,1.);
#2862 = DIRECTION('',(0.678598344546,0.678598344546,-0.281084637715));
#2863 = ORIENTED_EDGE('',*,*,#1334,.T.);
#2864 = PLANE('',#2865);
#2865 = AXIS2_PLACEMENT_3D('',#2866,#2867,#2868);
#2866 = CARTESIAN_POINT('',(-1.54999975,-6.7,1.546962025316));
#2867 = DIRECTION('',(0.707106781187,-0.707106781187,-7.850462293419E-17
    ));
#2868 = DIRECTION('',(0.707106781187,0.707106781187,7.850462293419E-17)
  );
#2869 = ADVANCED_FACE('',(#2870),#2888,.T.);
#2870 = FACE_BOUND('',#2871,.T.);
#2871 = EDGE_LOOP('',(#2872,#2880,#2886,#2887));
#2872 = ORIENTED_EDGE('',*,*,#2873,.F.);
#2873 = EDGE_CURVE('',#2874,#1627,#2876,.T.);
#2874 = VERTEX_POINT('',#2875);
#2875 = CARTESIAN_POINT('',(-1.64999975,-6.6,2.19));
#2876 = LINE('',#2877,#2878);
#2877 = CARTESIAN_POINT('',(-1.64999975,-6.6,2.19));
#2878 = VECTOR('',#2879,1.);
#2879 = DIRECTION('',(0.678598344546,0.281084637715,-0.678598344546));
#2880 = ORIENTED_EDGE('',*,*,#2881,.F.);
#2881 = EDGE_CURVE('',#1335,#2874,#2882,.T.);
#2882 = LINE('',#2883,#2884);
#2883 = CARTESIAN_POINT('',(-1.64999975,-6.8,1.99));
#2884 = VECTOR('',#2885,1.);
#2885 = DIRECTION('',(8.659560562355E-17,0.707106781187,0.707106781187)
  );
#2886 = ORIENTED_EDGE('',*,*,#2858,.T.);
#2887 = ORIENTED_EDGE('',*,*,#1634,.T.);
#2888 = PLANE('',#2889);
#2889 = AXIS2_PLACEMENT_3D('',#2890,#2891,#2892);
#2890 = CARTESIAN_POINT('',(-1.54999975,-6.629289321881,2.019289321881)
  );
#2891 = DIRECTION('',(0.707106781187,-0.5,0.5));
#2892 = DIRECTION('',(0.57735026919,0.816496580928,-4.812854771078E-17)
  );
#2893 = ADVANCED_FACE('',(#2894),#2905,.F.);
#2894 = FACE_BOUND('',#2895,.T.);
#2895 = EDGE_LOOP('',(#2896,#2897,#2898,#2904));
#2896 = ORIENTED_EDGE('',*,*,#1342,.T.);
#2897 = ORIENTED_EDGE('',*,*,#2881,.T.);
#2898 = ORIENTED_EDGE('',*,*,#2899,.T.);
#2899 = EDGE_CURVE('',#2874,#1443,#2900,.T.);
#2900 = LINE('',#2901,#2902);
#2901 = CARTESIAN_POINT('',(-1.64999975,-6.6,2.19));
#2902 = VECTOR('',#2903,1.);
#2903 = DIRECTION('',(-1.,1.224646799147E-16,0.));
#2904 = ORIENTED_EDGE('',*,*,#1442,.F.);
#2905 = PLANE('',#2906);
#2906 = AXIS2_PLACEMENT_3D('',#2907,#2908,#2909);
#2907 = CARTESIAN_POINT('',(6.70000025,-6.8,1.99));
#2908 = DIRECTION('',(8.659560562355E-17,0.707106781187,-0.707106781187)
  );
#2909 = DIRECTION('',(1.,-1.224646799147E-16,0.));
#2910 = ADVANCED_FACE('',(#2911),#2936,.F.);
#2911 = FACE_BOUND('',#2912,.T.);
#2912 = EDGE_LOOP('',(#2913,#2923,#2929,#2930));
#2913 = ORIENTED_EDGE('',*,*,#2914,.T.);
#2914 = EDGE_CURVE('',#2915,#2917,#2919,.T.);
#2915 = VERTEX_POINT('',#2916);
#2916 = CARTESIAN_POINT('',(6.50000025,-6.6,2.19));
#2917 = VERTEX_POINT('',#2918);
#2918 = CARTESIAN_POINT('',(6.15000025,-6.6,2.19));
#2919 = LINE('',#2920,#2921);
#2920 = CARTESIAN_POINT('',(6.50000025,-6.6,2.19));
#2921 = VECTOR('',#2922,1.);
#2922 = DIRECTION('',(-1.,1.224646799147E-16,0.));
#2923 = ORIENTED_EDGE('',*,*,#2924,.T.);
#2924 = EDGE_CURVE('',#2917,#1278,#2925,.T.);
#2925 = LINE('',#2926,#2927);
#2926 = CARTESIAN_POINT('',(6.15000025,-6.6,2.19));
#2927 = VECTOR('',#2928,1.);
#2928 = DIRECTION('',(-8.659560562355E-17,-0.707106781187,
    -0.707106781187));
#2929 = ORIENTED_EDGE('',*,*,#1364,.T.);
#2930 = ORIENTED_EDGE('',*,*,#2931,.F.);
#2931 = EDGE_CURVE('',#2915,#1365,#2932,.T.);
#2932 = LINE('',#2933,#2934);
#2933 = CARTESIAN_POINT('',(6.50000025,-6.6,2.19));
#2934 = VECTOR('',#2935,1.);
#2935 = DIRECTION('',(-8.659560562355E-17,-0.707106781187,
    -0.707106781187));
#2936 = PLANE('',#2937);
#2937 = AXIS2_PLACEMENT_3D('',#2938,#2939,#2940);
#2938 = CARTESIAN_POINT('',(6.70000025,-6.8,1.99));
#2939 = DIRECTION('',(8.659560562355E-17,0.707106781187,-0.707106781187)
  );
#2940 = DIRECTION('',(1.,-1.224646799147E-16,0.));
#2941 = ADVANCED_FACE('',(#2942),#2953,.F.);
#2942 = FACE_BOUND('',#2943,.T.);
#2943 = EDGE_LOOP('',(#2944,#2945,#2951,#2952));
#2944 = ORIENTED_EDGE('',*,*,#2899,.F.);
#2945 = ORIENTED_EDGE('',*,*,#2946,.T.);
#2946 = EDGE_CURVE('',#2874,#1507,#2947,.T.);
#2947 = LINE('',#2948,#2949);
#2948 = CARTESIAN_POINT('',(-1.64999975,-6.6,2.19));
#2949 = VECTOR('',#2950,1.);
#2950 = DIRECTION('',(1.224646799147E-16,1.,1.110223024625E-16));
#2951 = ORIENTED_EDGE('',*,*,#1506,.T.);
#2952 = ORIENTED_EDGE('',*,*,#1466,.F.);
#2953 = PLANE('',#2954);
#2954 = AXIS2_PLACEMENT_3D('',#2955,#2956,#2957);
#2955 = CARTESIAN_POINT('',(6.70000025,-6.6,2.19));
#2956 = DIRECTION('',(1.359631073447E-32,1.110223024625E-16,-1.));
#2957 = DIRECTION('',(-1.224646799147E-16,-1.,-1.110223024625E-16));
#2958 = ADVANCED_FACE('',(#2959),#2975,.F.);
#2959 = FACE_BOUND('',#2960,.T.);
#2960 = EDGE_LOOP('',(#2961,#2962,#2968,#2969));
#2961 = ORIENTED_EDGE('',*,*,#1532,.T.);
#2962 = ORIENTED_EDGE('',*,*,#2963,.T.);
#2963 = EDGE_CURVE('',#1152,#2917,#2964,.T.);
#2964 = LINE('',#2965,#2966);
#2965 = CARTESIAN_POINT('',(6.15000025,-6.2,2.19));
#2966 = VECTOR('',#2967,1.);
#2967 = DIRECTION('',(-1.224646799147E-16,-1.,-1.110223024625E-16));
#2968 = ORIENTED_EDGE('',*,*,#2914,.F.);
#2969 = ORIENTED_EDGE('',*,*,#2970,.F.);
#2970 = EDGE_CURVE('',#1533,#2915,#2971,.T.);
#2971 = LINE('',#2972,#2973);
#2972 = CARTESIAN_POINT('',(6.50000025,-6.2,2.19));
#2973 = VECTOR('',#2974,1.);
#2974 = DIRECTION('',(-1.224646799147E-16,-1.,-1.110223024625E-16));
#2975 = PLANE('',#2976);
#2976 = AXIS2_PLACEMENT_3D('',#2977,#2978,#2979);
#2977 = CARTESIAN_POINT('',(6.70000025,-6.6,2.19));
#2978 = DIRECTION('',(1.359631073447E-32,1.110223024625E-16,-1.));
#2979 = DIRECTION('',(-1.224646799147E-16,-1.,-1.110223024625E-16));
#2980 = ADVANCED_FACE('',(#2981),#2987,.T.);
#2981 = FACE_BOUND('',#2982,.T.);
#2982 = EDGE_LOOP('',(#2983,#2984,#2985,#2986));
#2983 = ORIENTED_EDGE('',*,*,#1563,.F.);
#2984 = ORIENTED_EDGE('',*,*,#2946,.F.);
#2985 = ORIENTED_EDGE('',*,*,#2873,.T.);
#2986 = ORIENTED_EDGE('',*,*,#1626,.T.);
#2987 = PLANE('',#2988);
#2988 = AXIS2_PLACEMENT_3D('',#2989,#2990,#2991);
#2989 = CARTESIAN_POINT('',(-1.54999975,-6.4,2.09));
#2990 = DIRECTION('',(0.707106781187,-1.651002285577E-16,0.707106781187)
  );
#2991 = DIRECTION('',(1.224646799147E-16,1.,1.110223024625E-16));
#2992 = ADVANCED_FACE('',(#2993),#3009,.T.);
#2993 = FACE_BOUND('',#2994,.T.);
#2994 = EDGE_LOOP('',(#2995,#3001,#3002,#3008));
#2995 = ORIENTED_EDGE('',*,*,#2996,.T.);
#2996 = EDGE_CURVE('',#557,#1533,#2997,.T.);
#2997 = LINE('',#2998,#2999);
#2998 = CARTESIAN_POINT('',(6.70000025,-6.117157287525,1.99));
#2999 = VECTOR('',#3000,1.);
#3000 = DIRECTION('',(-0.678598344546,-0.281084637715,0.678598344546));
#3001 = ORIENTED_EDGE('',*,*,#2970,.T.);
#3002 = ORIENTED_EDGE('',*,*,#3003,.F.);
#3003 = EDGE_CURVE('',#565,#2915,#3004,.T.);
#3004 = LINE('',#3005,#3006);
#3005 = CARTESIAN_POINT('',(6.70000025,-6.517157287525,1.99));
#3006 = VECTOR('',#3007,1.);
#3007 = DIRECTION('',(-0.678598344546,-0.281084637715,0.678598344546));
#3008 = ORIENTED_EDGE('',*,*,#564,.F.);
#3009 = PLANE('',#3010);
#3010 = AXIS2_PLACEMENT_3D('',#3011,#3012,#3013);
#3011 = CARTESIAN_POINT('',(6.60000025,-6.4,2.09));
#3012 = DIRECTION('',(0.707106781187,-1.651002285577E-16,0.707106781187)
  );
#3013 = DIRECTION('',(1.224646799147E-16,1.,1.110223024625E-16));
#3014 = ADVANCED_FACE('',(#3015),#3026,.T.);
#3015 = FACE_BOUND('',#3016,.T.);
#3016 = EDGE_LOOP('',(#3017,#3018,#3019,#3025));
#3017 = ORIENTED_EDGE('',*,*,#3003,.T.);
#3018 = ORIENTED_EDGE('',*,*,#2931,.T.);
#3019 = ORIENTED_EDGE('',*,*,#3020,.F.);
#3020 = EDGE_CURVE('',#573,#1365,#3021,.T.);
#3021 = LINE('',#3022,#3023);
#3022 = CARTESIAN_POINT('',(6.70000025,-6.6,1.907157287525));
#3023 = VECTOR('',#3024,1.);
#3024 = DIRECTION('',(-0.678598344546,-0.678598344546,0.281084637715));
#3025 = ORIENTED_EDGE('',*,*,#572,.F.);
#3026 = PLANE('',#3027);
#3027 = AXIS2_PLACEMENT_3D('',#3028,#3029,#3030);
#3028 = CARTESIAN_POINT('',(6.60000025,-6.629289321881,2.019289321881));
#3029 = DIRECTION('',(0.707106781187,-0.5,0.5));
#3030 = DIRECTION('',(0.57735026919,0.816496580928,-4.812854771078E-17)
  );
#3031 = ADVANCED_FACE('',(#3032),#3051,.T.);
#3032 = FACE_BOUND('',#3033,.T.);
#3033 = EDGE_LOOP('',(#3034,#3035,#3036,#3044,#3050));
#3034 = ORIENTED_EDGE('',*,*,#3020,.T.);
#3035 = ORIENTED_EDGE('',*,*,#1397,.F.);
#3036 = ORIENTED_EDGE('',*,*,#3037,.F.);
#3037 = EDGE_CURVE('',#3038,#1390,#3040,.T.);
#3038 = VERTEX_POINT('',#3039);
#3039 = CARTESIAN_POINT('',(6.65000025,-6.65,1.24344978758E-14));
#3040 = LINE('',#3041,#3042);
#3041 = CARTESIAN_POINT('',(6.65000025,-6.65,1.24344978758E-14));
#3042 = VECTOR('',#3043,1.);
#3043 = DIRECTION('',(-0.57735026919,-0.57735026919,0.57735026919));
#3044 = ORIENTED_EDGE('',*,*,#3045,.T.);
#3045 = EDGE_CURVE('',#3038,#581,#3046,.T.);
#3046 = LINE('',#3047,#3048);
#3047 = CARTESIAN_POINT('',(6.65000025,-6.65,1.24344978758E-14));
#3048 = VECTOR('',#3049,1.);
#3049 = DIRECTION('',(0.57735026919,0.57735026919,0.57735026919));
#3050 = ORIENTED_EDGE('',*,*,#580,.T.);
#3051 = PLANE('',#3052);
#3052 = AXIS2_PLACEMENT_3D('',#3053,#3054,#3055);
#3053 = CARTESIAN_POINT('',(6.60000025,-6.7,0.97));
#3054 = DIRECTION('',(0.707106781187,-0.707106781187,-7.850462293419E-17
    ));
#3055 = DIRECTION('',(0.707106781187,0.707106781187,7.850462293419E-17)
  );
#3056 = ADVANCED_FACE('',(#3057),#3084,.T.);
#3057 = FACE_BOUND('',#3058,.T.);
#3058 = EDGE_LOOP('',(#3059,#3060,#3068,#3076,#3082,#3083));
#3059 = ORIENTED_EDGE('',*,*,#3045,.F.);
#3060 = ORIENTED_EDGE('',*,*,#3061,.F.);
#3061 = EDGE_CURVE('',#3062,#3038,#3064,.T.);
#3062 = VERTEX_POINT('',#3063);
#3063 = CARTESIAN_POINT('',(6.60000025,-6.6,-4.999999999999E-02));
#3064 = LINE('',#3065,#3066);
#3065 = CARTESIAN_POINT('',(6.60000025,-6.6,-4.999999999999E-02));
#3066 = VECTOR('',#3067,1.);
#3067 = DIRECTION('',(0.57735026919,-0.57735026919,0.57735026919));
#3068 = ORIENTED_EDGE('',*,*,#3069,.T.);
#3069 = EDGE_CURVE('',#3062,#3070,#3072,.T.);
#3070 = VERTEX_POINT('',#3071);
#3071 = CARTESIAN_POINT('',(6.60000025,0.25,-4.999999999999E-02));
#3072 = LINE('',#3073,#3074);
#3073 = CARTESIAN_POINT('',(6.60000025,-6.6,-4.999999999999E-02));
#3074 = VECTOR('',#3075,1.);
#3075 = DIRECTION('',(1.224646799147E-16,1.,1.110223024625E-16));
#3076 = ORIENTED_EDGE('',*,*,#3077,.F.);
#3077 = EDGE_CURVE('',#499,#3070,#3078,.T.);
#3078 = LINE('',#3079,#3080);
#3079 = CARTESIAN_POINT('',(6.65000025,0.3,1.24344978758E-14));
#3080 = VECTOR('',#3081,1.);
#3081 = DIRECTION('',(-0.57735026919,-0.57735026919,-0.57735026919));
#3082 = ORIENTED_EDGE('',*,*,#498,.T.);
#3083 = ORIENTED_EDGE('',*,*,#588,.F.);
#3084 = PLANE('',#3085);
#3085 = AXIS2_PLACEMENT_3D('',#3086,#3087,#3088);
#3086 = CARTESIAN_POINT('',(6.65000025,-3.175,1.24344978758E-14));
#3087 = DIRECTION('',(0.707106781187,-8.090982689361E-18,-0.707106781187
    ));
#3088 = DIRECTION('',(0.707106781187,-1.651002285577E-16,0.707106781187)
  );
#3089 = ADVANCED_FACE('',(#3090),#3109,.T.);
#3090 = FACE_BOUND('',#3091,.T.);
#3091 = EDGE_LOOP('',(#3092,#3100,#3106,#3107,#3108));
#3092 = ORIENTED_EDGE('',*,*,#3093,.T.);
#3093 = EDGE_CURVE('',#3070,#3094,#3096,.T.);
#3094 = VERTEX_POINT('',#3095);
#3095 = CARTESIAN_POINT('',(5.25000025,0.25,-4.999999999999E-02));
#3096 = LINE('',#3097,#3098);
#3097 = CARTESIAN_POINT('',(6.60000025,0.25,-4.999999999999E-02));
#3098 = VECTOR('',#3099,1.);
#3099 = DIRECTION('',(-1.,1.224646799147E-16,0.));
#3100 = ORIENTED_EDGE('',*,*,#3101,.F.);
#3101 = EDGE_CURVE('',#358,#3094,#3102,.T.);
#3102 = LINE('',#3103,#3104);
#3103 = CARTESIAN_POINT('',(5.25000025,0.45,0.15));
#3104 = VECTOR('',#3105,1.);
#3105 = DIRECTION('',(-8.659560562355E-17,-0.707106781187,
    -0.707106781187));
#3106 = ORIENTED_EDGE('',*,*,#357,.F.);
#3107 = ORIENTED_EDGE('',*,*,#508,.T.);
#3108 = ORIENTED_EDGE('',*,*,#3077,.T.);
#3109 = PLANE('',#3110);
#3110 = AXIS2_PLACEMENT_3D('',#3111,#3112,#3113);
#3111 = CARTESIAN_POINT('',(5.97500025,0.35,5.000000000001E-02));
#3112 = DIRECTION('',(8.659560562355E-17,0.707106781187,-0.707106781187)
  );
#3113 = DIRECTION('',(1.,-1.224646799147E-16,0.));
#3114 = ADVANCED_FACE('',(#3115),#3157,.F.);
#3115 = FACE_BOUND('',#3116,.T.);
#3116 = EDGE_LOOP('',(#3117,#3125,#3133,#3141,#3149,#3155,#3156));
#3117 = ORIENTED_EDGE('',*,*,#3118,.F.);
#3118 = EDGE_CURVE('',#3119,#3094,#3121,.T.);
#3119 = VERTEX_POINT('',#3120);
#3120 = CARTESIAN_POINT('',(5.25000025,-3.5,-4.999999999999E-02));
#3121 = LINE('',#3122,#3123);
#3122 = CARTESIAN_POINT('',(5.25000025,-3.5,-4.999999999999E-02));
#3123 = VECTOR('',#3124,1.);
#3124 = DIRECTION('',(1.224646799147E-16,1.,1.110223024625E-16));
#3125 = ORIENTED_EDGE('',*,*,#3126,.T.);
#3126 = EDGE_CURVE('',#3119,#3127,#3129,.T.);
#3127 = VERTEX_POINT('',#3128);
#3128 = CARTESIAN_POINT('',(5.25000025,-3.5,0.25));
#3129 = LINE('',#3130,#3131);
#3130 = CARTESIAN_POINT('',(5.25000025,-3.5,-4.999999999999E-02));
#3131 = VECTOR('',#3132,1.);
#3132 = DIRECTION('',(-1.359631073447E-32,-1.110223024625E-16,1.));
#3133 = ORIENTED_EDGE('',*,*,#3134,.F.);
#3134 = EDGE_CURVE('',#3135,#3127,#3137,.T.);
#3135 = VERTEX_POINT('',#3136);
#3136 = CARTESIAN_POINT('',(5.25000025,0.15,0.25));
#3137 = LINE('',#3138,#3139);
#3138 = CARTESIAN_POINT('',(5.25000025,0.15,0.25));
#3139 = VECTOR('',#3140,1.);
#3140 = DIRECTION('',(-1.224646799147E-16,-1.,-1.110223024625E-16));
#3141 = ORIENTED_EDGE('',*,*,#3142,.F.);
#3142 = EDGE_CURVE('',#3143,#3135,#3145,.T.);
#3143 = VERTEX_POINT('',#3144);
#3144 = CARTESIAN_POINT('',(5.25000025,0.15,3.54));
#3145 = LINE('',#3146,#3147);
#3146 = CARTESIAN_POINT('',(5.25000025,0.15,3.54));
#3147 = VECTOR('',#3148,1.);
#3148 = DIRECTION('',(1.359631073447E-32,1.110223024625E-16,-1.));
#3149 = ORIENTED_EDGE('',*,*,#3150,.F.);
#3150 = EDGE_CURVE('',#366,#3143,#3151,.T.);
#3151 = LINE('',#3152,#3153);
#3152 = CARTESIAN_POINT('',(5.25000025,0.45,3.54));
#3153 = VECTOR('',#3154,1.);
#3154 = DIRECTION('',(-1.224646799147E-16,-1.,-1.110223024625E-16));
#3155 = ORIENTED_EDGE('',*,*,#365,.F.);
#3156 = ORIENTED_EDGE('',*,*,#3101,.T.);
#3157 = PLANE('',#3158);
#3158 = AXIS2_PLACEMENT_3D('',#3159,#3160,#3161);
#3159 = CARTESIAN_POINT('',(5.25000025,0.45,3.54));
#3160 = DIRECTION('',(1.,-1.224646799147E-16,0.));
#3161 = DIRECTION('',(1.224646799147E-16,1.,1.110223024625E-16));
#3162 = ADVANCED_FACE('',(#3163),#3181,.F.);
#3163 = FACE_BOUND('',#3164,.T.);
#3164 = EDGE_LOOP('',(#3165,#3166,#3174,#3180));
#3165 = ORIENTED_EDGE('',*,*,#3150,.T.);
#3166 = ORIENTED_EDGE('',*,*,#3167,.F.);
#3167 = EDGE_CURVE('',#3168,#3143,#3170,.T.);
#3168 = VERTEX_POINT('',#3169);
#3169 = CARTESIAN_POINT('',(-0.74999975,0.15,3.54));
#3170 = LINE('',#3171,#3172);
#3171 = CARTESIAN_POINT('',(-0.74999975,0.15,3.54));
#3172 = VECTOR('',#3173,1.);
#3173 = DIRECTION('',(1.,-1.224646799147E-16,0.));
#3174 = ORIENTED_EDGE('',*,*,#3175,.F.);
#3175 = EDGE_CURVE('',#374,#3168,#3176,.T.);
#3176 = LINE('',#3177,#3178);
#3177 = CARTESIAN_POINT('',(-0.74999975,0.45,3.54));
#3178 = VECTOR('',#3179,1.);
#3179 = DIRECTION('',(-1.224646799147E-16,-1.,-1.110223024625E-16));
#3180 = ORIENTED_EDGE('',*,*,#373,.T.);
#3181 = PLANE('',#3182);
#3182 = AXIS2_PLACEMENT_3D('',#3183,#3184,#3185);
#3183 = CARTESIAN_POINT('',(-0.74999975,0.45,3.54));
#3184 = DIRECTION('',(-1.359631073447E-32,-1.110223024625E-16,1.));
#3185 = DIRECTION('',(-1.,1.224646799147E-16,0.));
#3186 = ADVANCED_FACE('',(#3187),#3229,.F.);
#3187 = FACE_BOUND('',#3188,.T.);
#3188 = EDGE_LOOP('',(#3189,#3190,#3191,#3199,#3207,#3215,#3223));
#3189 = ORIENTED_EDGE('',*,*,#381,.T.);
#3190 = ORIENTED_EDGE('',*,*,#3175,.T.);
#3191 = ORIENTED_EDGE('',*,*,#3192,.F.);
#3192 = EDGE_CURVE('',#3193,#3168,#3195,.T.);
#3193 = VERTEX_POINT('',#3194);
#3194 = CARTESIAN_POINT('',(-0.74999975,0.15,0.25));
#3195 = LINE('',#3196,#3197);
#3196 = CARTESIAN_POINT('',(-0.74999975,0.15,0.25));
#3197 = VECTOR('',#3198,1.);
#3198 = DIRECTION('',(-1.359631073447E-32,-1.110223024625E-16,1.));
#3199 = ORIENTED_EDGE('',*,*,#3200,.F.);
#3200 = EDGE_CURVE('',#3201,#3193,#3203,.T.);
#3201 = VERTEX_POINT('',#3202);
#3202 = CARTESIAN_POINT('',(-0.74999975,-3.5,0.25));
#3203 = LINE('',#3204,#3205);
#3204 = CARTESIAN_POINT('',(-0.74999975,-3.5,0.25));
#3205 = VECTOR('',#3206,1.);
#3206 = DIRECTION('',(1.224646799147E-16,1.,1.110223024625E-16));
#3207 = ORIENTED_EDGE('',*,*,#3208,.F.);
#3208 = EDGE_CURVE('',#3209,#3201,#3211,.T.);
#3209 = VERTEX_POINT('',#3210);
#3210 = CARTESIAN_POINT('',(-0.74999975,-3.5,-4.999999999999E-02));
#3211 = LINE('',#3212,#3213);
#3212 = CARTESIAN_POINT('',(-0.74999975,-3.5,-4.999999999999E-02));
#3213 = VECTOR('',#3214,1.);
#3214 = DIRECTION('',(-1.359631073447E-32,-1.110223024625E-16,1.));
#3215 = ORIENTED_EDGE('',*,*,#3216,.F.);
#3216 = EDGE_CURVE('',#3217,#3209,#3219,.T.);
#3217 = VERTEX_POINT('',#3218);
#3218 = CARTESIAN_POINT('',(-0.74999975,0.25,-4.999999999999E-02));
#3219 = LINE('',#3220,#3221);
#3220 = CARTESIAN_POINT('',(-0.74999975,0.25,-4.999999999999E-02));
#3221 = VECTOR('',#3222,1.);
#3222 = DIRECTION('',(-1.224646799147E-16,-1.,-1.110223024625E-16));
#3223 = ORIENTED_EDGE('',*,*,#3224,.T.);
#3224 = EDGE_CURVE('',#3217,#382,#3225,.T.);
#3225 = LINE('',#3226,#3227);
#3226 = CARTESIAN_POINT('',(-0.74999975,0.25,-4.999999999999E-02));
#3227 = VECTOR('',#3228,1.);
#3228 = DIRECTION('',(8.659560562355E-17,0.707106781187,0.707106781187)
  );
#3229 = PLANE('',#3230);
#3230 = AXIS2_PLACEMENT_3D('',#3231,#3232,#3233);
#3231 = CARTESIAN_POINT('',(-0.74999975,0.45,-4.999999999999E-02));
#3232 = DIRECTION('',(-1.,1.224646799147E-16,0.));
#3233 = DIRECTION('',(-1.359631073447E-32,-1.110223024625E-16,1.));
#3234 = ADVANCED_FACE('',(#3235),#3254,.T.);
#3235 = FACE_BOUND('',#3236,.T.);
#3236 = EDGE_LOOP('',(#3237,#3238,#3239,#3247,#3253));
#3237 = ORIENTED_EDGE('',*,*,#389,.F.);
#3238 = ORIENTED_EDGE('',*,*,#3224,.F.);
#3239 = ORIENTED_EDGE('',*,*,#3240,.T.);
#3240 = EDGE_CURVE('',#3217,#3241,#3243,.T.);
#3241 = VERTEX_POINT('',#3242);
#3242 = CARTESIAN_POINT('',(-2.09999975,0.25,-4.999999999999E-02));
#3243 = LINE('',#3244,#3245);
#3244 = CARTESIAN_POINT('',(-0.74999975,0.25,-4.999999999999E-02));
#3245 = VECTOR('',#3246,1.);
#3246 = DIRECTION('',(-1.,1.224646799147E-16,0.));
#3247 = ORIENTED_EDGE('',*,*,#3248,.F.);
#3248 = EDGE_CURVE('',#412,#3241,#3249,.T.);
#3249 = LINE('',#3250,#3251);
#3250 = CARTESIAN_POINT('',(-2.14999975,0.3,1.24344978758E-14));
#3251 = VECTOR('',#3252,1.);
#3252 = DIRECTION('',(0.57735026919,-0.57735026919,-0.57735026919));
#3253 = ORIENTED_EDGE('',*,*,#411,.F.);
#3254 = PLANE('',#3255);
#3255 = AXIS2_PLACEMENT_3D('',#3256,#3257,#3258);
#3256 = CARTESIAN_POINT('',(-1.47499975,0.35,5.000000000001E-02));
#3257 = DIRECTION('',(8.659560562355E-17,0.707106781187,-0.707106781187)
  );
#3258 = DIRECTION('',(1.,-1.224646799147E-16,0.));
#3259 = ADVANCED_FACE('',(#3260),#3280,.T.);
#3260 = FACE_BOUND('',#3261,.T.);
#3261 = EDGE_LOOP('',(#3262,#3263,#3264,#3272,#3278,#3279));
#3262 = ORIENTED_EDGE('',*,*,#419,.F.);
#3263 = ORIENTED_EDGE('',*,*,#3248,.T.);
#3264 = ORIENTED_EDGE('',*,*,#3265,.F.);
#3265 = EDGE_CURVE('',#3266,#3241,#3268,.T.);
#3266 = VERTEX_POINT('',#3267);
#3267 = CARTESIAN_POINT('',(-2.09999975,-6.6,-4.999999999999E-02));
#3268 = LINE('',#3269,#3270);
#3269 = CARTESIAN_POINT('',(-2.09999975,-6.6,-4.999999999999E-02));
#3270 = VECTOR('',#3271,1.);
#3271 = DIRECTION('',(1.224646799147E-16,1.,1.110223024625E-16));
#3272 = ORIENTED_EDGE('',*,*,#3273,.F.);
#3273 = EDGE_CURVE('',#1412,#3266,#3274,.T.);
#3274 = LINE('',#3275,#3276);
#3275 = CARTESIAN_POINT('',(-2.14999975,-6.65,1.24344978758E-14));
#3276 = VECTOR('',#3277,1.);
#3277 = DIRECTION('',(0.57735026919,0.57735026919,-0.57735026919));
#3278 = ORIENTED_EDGE('',*,*,#1411,.F.);
#3279 = ORIENTED_EDGE('',*,*,#759,.T.);
#3280 = PLANE('',#3281);
#3281 = AXIS2_PLACEMENT_3D('',#3282,#3283,#3284);
#3282 = CARTESIAN_POINT('',(-2.14999975,-3.175,1.24344978758E-14));
#3283 = DIRECTION('',(-0.707106781186,1.651002285577E-16,-0.707106781187
    ));
#3284 = DIRECTION('',(-1.224646799147E-16,-1.,-1.110223024625E-16));
#3285 = ADVANCED_FACE('',(#3286),#3305,.T.);
#3286 = FACE_BOUND('',#3287,.T.);
#3287 = EDGE_LOOP('',(#3288,#3296,#3302,#3303,#3304));
#3288 = ORIENTED_EDGE('',*,*,#3289,.T.);
#3289 = EDGE_CURVE('',#3266,#3290,#3292,.T.);
#3290 = VERTEX_POINT('',#3291);
#3291 = CARTESIAN_POINT('',(0.330000249833,-6.600000546994,
    -5.000054706399E-02));
#3292 = LINE('',#3293,#3294);
#3293 = CARTESIAN_POINT('',(-2.09999975,-6.6,-4.999999999999E-02));
#3294 = VECTOR('',#3295,1.);
#3295 = DIRECTION('',(1.,-2.251002061941E-07,-2.25129074246E-07));
#3296 = ORIENTED_EDGE('',*,*,#3297,.F.);
#3297 = EDGE_CURVE('',#1311,#3290,#3298,.T.);
#3298 = LINE('',#3299,#3300);
#3299 = CARTESIAN_POINT('',(0.330000249624,-6.800001230735,
    0.149998769107));
#3300 = VECTOR('',#3301,1.);
#3301 = DIRECTION('',(7.382057477754E-10,0.70710919873,-0.707104363635)
  );
#3302 = ORIENTED_EDGE('',*,*,#1308,.F.);
#3303 = ORIENTED_EDGE('',*,*,#1419,.F.);
#3304 = ORIENTED_EDGE('',*,*,#3273,.T.);
#3305 = PLANE('',#3306);
#3306 = AXIS2_PLACEMENT_3D('',#3307,#3308,#3309);
#3307 = CARTESIAN_POINT('',(-0.93499975,-6.7,5.000000000001E-02));
#3308 = DIRECTION('',(-8.659560562355E-17,-0.707106781187,
    -0.707106781187));
#3309 = DIRECTION('',(8.659560562355E-17,0.707106781187,-0.707106781187)
  );
#3310 = ADVANCED_FACE('',(#3311),#3338,.T.);
#3311 = FACE_BOUND('',#3312,.T.);
#3312 = EDGE_LOOP('',(#3313,#3314,#3323,#3331));
#3313 = ORIENTED_EDGE('',*,*,#3297,.T.);
#3314 = ORIENTED_EDGE('',*,*,#3315,.T.);
#3315 = EDGE_CURVE('',#3290,#3316,#3318,.T.);
#3316 = VERTEX_POINT('',#3317);
#3317 = CARTESIAN_POINT('',(0.413527218644,-6.554986149629,
    -5.000212645199E-02));
#3318 = CIRCLE('',#3319,0.100001155703);
#3319 = AXIS2_PLACEMENT_3D('',#3320,#3321,#3322);
#3320 = CARTESIAN_POINT('',(0.33000025,-6.5,-5.000212645199E-02));
#3321 = DIRECTION('',(-1.359631073447E-32,-1.110223024625E-16,1.));
#3322 = DIRECTION('',(-1.224646799147E-16,-1.,-1.110223024625E-16));
#3323 = ORIENTED_EDGE('',*,*,#3324,.F.);
#3324 = EDGE_CURVE('',#3325,#3316,#3327,.T.);
#3325 = VERTEX_POINT('',#3326);
#3326 = CARTESIAN_POINT('',(0.580578259995,-6.66495654248,0.150002919808
    ));
#3327 = LINE('',#3328,#3329);
#3328 = CARTESIAN_POINT('',(0.580579288015,-6.66495721915,0.149998769106
    ));
#3329 = VECTOR('',#3330,1.);
#3330 = DIRECTION('',(-0.590620052962,0.388807628485,-0.707104363635));
#3331 = ORIENTED_EDGE('',*,*,#3332,.F.);
#3332 = EDGE_CURVE('',#1311,#3325,#3333,.T.);
#3333 = CIRCLE('',#3334,0.3);
#3334 = AXIS2_PLACEMENT_3D('',#3335,#3336,#3337);
#3335 = CARTESIAN_POINT('',(0.33000025,-6.5,0.150002919808));
#3336 = DIRECTION('',(-1.359631073447E-32,-1.110223024625E-16,1.));
#3337 = DIRECTION('',(-1.224646799147E-16,-1.,-1.110223024625E-16));
#3338 = CONICAL_SURFACE('',#3339,0.200004409408,0.785414574255);
#3339 = AXIS2_PLACEMENT_3D('',#3340,#3341,#3342);
#3340 = CARTESIAN_POINT('',(0.33000025,-6.5,4.999784502801E-02));
#3341 = DIRECTION('',(-1.359631073447E-32,-1.110223024625E-16,1.));
#3342 = DIRECTION('',(-1.224646799147E-16,-1.,-1.110223024625E-16));
#3343 = ADVANCED_FACE('',(#3344),#3355,.T.);
#3344 = FACE_BOUND('',#3345,.T.);
#3345 = EDGE_LOOP('',(#3346,#3352,#3353,#3354));
#3346 = ORIENTED_EDGE('',*,*,#3347,.T.);
#3347 = EDGE_CURVE('',#3325,#2741,#3348,.T.);
#3348 = LINE('',#3349,#3350);
#3349 = CARTESIAN_POINT('',(0.580579288015,-6.66495721915,0.149998769106
    ));
#3350 = VECTOR('',#3351,1.);
#3351 = DIRECTION('',(-1.121160158116E-06,7.379780027317E-07,
    0.999999999999));
#3352 = ORIENTED_EDGE('',*,*,#2740,.T.);
#3353 = ORIENTED_EDGE('',*,*,#1318,.T.);
#3354 = ORIENTED_EDGE('',*,*,#3332,.T.);
#3355 = CYLINDRICAL_SURFACE('',#3356,0.3);
#3356 = AXIS2_PLACEMENT_3D('',#3357,#3358,#3359);
#3357 = CARTESIAN_POINT('',(0.33000025,-6.5,-4.999999999999E-02));
#3358 = DIRECTION('',(-1.359631073447E-32,-1.110223024625E-16,1.));
#3359 = DIRECTION('',(1.,-1.224646799147E-16,0.));
#3360 = ADVANCED_FACE('',(#3361),#3387,.F.);
#3361 = FACE_BOUND('',#3362,.F.);
#3362 = EDGE_LOOP('',(#3363,#3371,#3372,#3373,#3381));
#3363 = ORIENTED_EDGE('',*,*,#3364,.F.);
#3364 = EDGE_CURVE('',#3325,#3365,#3367,.T.);
#3365 = VERTEX_POINT('',#3366);
#3366 = CARTESIAN_POINT('',(0.929419111999,-6.135041395604,
    0.150003748303));
#3367 = LINE('',#3368,#3369);
#3368 = CARTESIAN_POINT('',(0.580579288015,-6.66495721915,0.149998769106
    ));
#3369 = VECTOR('',#3370,1.);
#3370 = DIRECTION('',(0.549848588827,0.835264346961,7.848315242313E-06)
  );
#3371 = ORIENTED_EDGE('',*,*,#3347,.T.);
#3372 = ORIENTED_EDGE('',*,*,#2750,.T.);
#3373 = ORIENTED_EDGE('',*,*,#3374,.T.);
#3374 = EDGE_CURVE('',#2751,#3375,#3377,.T.);
#3375 = VERTEX_POINT('',#3376);
#3376 = CARTESIAN_POINT('',(0.929422240005,-6.13504345752,1.290010578733
    ));
#3377 = LINE('',#3378,#3379);
#3378 = CARTESIAN_POINT('',(0.838385441626,-6.273333333333,1.29));
#3379 = VECTOR('',#3380,1.);
#3380 = DIRECTION('',(0.549836645217,0.835272208975,-2.215595883592E-05)
  );
#3381 = ORIENTED_EDGE('',*,*,#3382,.F.);
#3382 = EDGE_CURVE('',#3365,#3375,#3383,.T.);
#3383 = LINE('',#3384,#3385);
#3384 = CARTESIAN_POINT('',(0.929419111999,-6.135041395604,
    0.150003748303));
#3385 = VECTOR('',#3386,1.);
#3386 = DIRECTION('',(5.455155373959E-08,-4.501276194863E-08,1.));
#3387 = PLANE('',#3388);
#3388 = AXIS2_PLACEMENT_3D('',#3389,#3390,#3391);
#3389 = CARTESIAN_POINT('',(0.580578259995,-6.66495654248,
    -4.999999999999E-02));
#3390 = DIRECTION('',(-0.835260033317,0.549855141599,6.104618384115E-17)
  );
#3391 = DIRECTION('',(1.359631073447E-32,1.110223024625E-16,-1.));
#3392 = ADVANCED_FACE('',(#3393),#3411,.T.);
#3393 = FACE_BOUND('',#3394,.T.);
#3394 = EDGE_LOOP('',(#3395,#3396,#3404,#3410));
#3395 = ORIENTED_EDGE('',*,*,#3324,.T.);
#3396 = ORIENTED_EDGE('',*,*,#3397,.T.);
#3397 = EDGE_CURVE('',#3316,#3398,#3400,.T.);
#3398 = VERTEX_POINT('',#3399);
#3399 = CARTESIAN_POINT('',(0.762363282216,-6.025067847164,
    -4.999167043699E-02));
#3400 = LINE('',#3401,#3402);
#3401 = CARTESIAN_POINT('',(0.413526710229,-6.554985814902,
    -5.000054706399E-02));
#3402 = VECTOR('',#3403,1.);
#3403 = DIRECTION('',(0.549843460435,0.835267722842,1.399152475563E-05)
  );
#3404 = ORIENTED_EDGE('',*,*,#3405,.F.);
#3405 = EDGE_CURVE('',#3365,#3398,#3406,.T.);
#3406 = LINE('',#3407,#3408);
#3407 = CARTESIAN_POINT('',(0.929419111999,-6.135041395604,
    0.150003748303));
#3408 = VECTOR('',#3409,1.);
#3409 = DIRECTION('',(-0.590631553562,0.38881521136,-0.707090587798));
#3410 = ORIENTED_EDGE('',*,*,#3364,.F.);
#3411 = PLANE('',#3412);
#3412 = AXIS2_PLACEMENT_3D('',#3413,#3414,#3415);
#3413 = CARTESIAN_POINT('',(0.671474246668,-6.34501448584,
    5.000000000001E-02));
#3414 = DIRECTION('',(0.590618033613,-0.388806299295,-0.707106781187));
#3415 = DIRECTION('',(0.767493539752,-2.484291661056E-16,0.641056679584)
  );
#3416 = ADVANCED_FACE('',(#3417),#3444,.F.);
#3417 = FACE_BOUND('',#3418,.F.);
#3418 = EDGE_LOOP('',(#3419,#3428,#3436,#3443));
#3419 = ORIENTED_EDGE('',*,*,#3420,.T.);
#3420 = EDGE_CURVE('',#3365,#3421,#3423,.T.);
#3421 = VERTEX_POINT('',#3422);
#3422 = CARTESIAN_POINT('',(1.18000025,-6.,0.149989942251));
#3423 = CIRCLE('',#3424,0.3);
#3424 = AXIS2_PLACEMENT_3D('',#3425,#3426,#3427);
#3425 = CARTESIAN_POINT('',(1.18000025,-6.3,0.149989942251));
#3426 = DIRECTION('',(1.848892746612E-32,1.110223024625E-16,-1.));
#3427 = DIRECTION('',(-0.835260033317,0.549855141599,6.104618384115E-17)
  );
#3428 = ORIENTED_EDGE('',*,*,#3429,.T.);
#3429 = EDGE_CURVE('',#3421,#3430,#3432,.T.);
#3430 = VERTEX_POINT('',#3431);
#3431 = CARTESIAN_POINT('',(1.18000025,-5.799983382136,
    -4.996665364899E-02));
#3432 = LINE('',#3433,#3434);
#3433 = CARTESIAN_POINT('',(1.180000251388,-5.999996253549,
    0.150003748306));
#3434 = VECTOR('',#3435,1.);
#3435 = DIRECTION('',(5.998172525877E-09,0.707122974204,-0.707090587798)
  );
#3436 = ORIENTED_EDGE('',*,*,#3437,.F.);
#3437 = EDGE_CURVE('',#3398,#3430,#3438,.T.);
#3438 = CIRCLE('',#3439,0.500016617864);
#3439 = AXIS2_PLACEMENT_3D('',#3440,#3441,#3442);
#3440 = CARTESIAN_POINT('',(1.18000025,-6.3,-4.996665364899E-02));
#3441 = DIRECTION('',(1.848892746612E-32,1.110223024625E-16,-1.));
#3442 = DIRECTION('',(-0.835260033317,0.549855141599,6.104618384115E-17)
  );
#3443 = ORIENTED_EDGE('',*,*,#3405,.F.);
#3444 = CONICAL_SURFACE('',#3445,0.400020744463,0.785448128447);
#3445 = AXIS2_PLACEMENT_3D('',#3446,#3447,#3448);
#3446 = CARTESIAN_POINT('',(1.18000025,-6.3,5.001922765301E-02));
#3447 = DIRECTION('',(1.359631073447E-32,1.110223024625E-16,-1.));
#3448 = DIRECTION('',(-1.224646799147E-16,-1.,-1.110223024625E-16));
#3449 = ADVANCED_FACE('',(#3450),#3469,.F.);
#3450 = FACE_BOUND('',#3451,.F.);
#3451 = EDGE_LOOP('',(#3452,#3453,#3454,#3463));
#3452 = ORIENTED_EDGE('',*,*,#3420,.F.);
#3453 = ORIENTED_EDGE('',*,*,#3382,.T.);
#3454 = ORIENTED_EDGE('',*,*,#3455,.T.);
#3455 = EDGE_CURVE('',#3375,#3456,#3458,.T.);
#3456 = VERTEX_POINT('',#3457);
#3457 = CARTESIAN_POINT('',(1.18000025,-6.,1.290010578733));
#3458 = CIRCLE('',#3459,0.3);
#3459 = AXIS2_PLACEMENT_3D('',#3460,#3461,#3462);
#3460 = CARTESIAN_POINT('',(1.18000025,-6.3,1.290010578733));
#3461 = DIRECTION('',(1.848892746612E-32,1.110223024625E-16,-1.));
#3462 = DIRECTION('',(-0.835260033317,0.549855141599,6.104618384115E-17)
  );
#3463 = ORIENTED_EDGE('',*,*,#3464,.F.);
#3464 = EDGE_CURVE('',#3421,#3456,#3465,.T.);
#3465 = LINE('',#3466,#3467);
#3466 = CARTESIAN_POINT('',(1.18000025,-6.000000000001,0.150003748306));
#3467 = VECTOR('',#3468,1.);
#3468 = DIRECTION('',(-9.070019384237E-09,-7.027289077255E-08,1.));
#3469 = CYLINDRICAL_SURFACE('',#3470,0.3);
#3470 = AXIS2_PLACEMENT_3D('',#3471,#3472,#3473);
#3471 = CARTESIAN_POINT('',(1.18000025,-6.3,-4.999999999999E-02));
#3472 = DIRECTION('',(-1.359631073447E-32,-1.110223024625E-16,1.));
#3473 = DIRECTION('',(1.,-1.224646799147E-16,0.));
#3474 = ADVANCED_FACE('',(#3475),#3491,.F.);
#3475 = FACE_BOUND('',#3476,.F.);
#3476 = EDGE_LOOP('',(#3477,#3478,#3484,#3485));
#3477 = ORIENTED_EDGE('',*,*,#2693,.T.);
#3478 = ORIENTED_EDGE('',*,*,#3479,.T.);
#3479 = EDGE_CURVE('',#2686,#3456,#3480,.T.);
#3480 = LINE('',#3481,#3482);
#3481 = CARTESIAN_POINT('',(1.180000234086,-5.899993482061,
    1.389993478743));
#3482 = VECTOR('',#3483,1.);
#3483 = DIRECTION('',(4.923171418895E-08,-0.707126949876,-0.707086611922
    ));
#3484 = ORIENTED_EDGE('',*,*,#3455,.F.);
#3485 = ORIENTED_EDGE('',*,*,#3486,.F.);
#3486 = EDGE_CURVE('',#2694,#3375,#3487,.T.);
#3487 = LINE('',#3488,#3489);
#3488 = CARTESIAN_POINT('',(0.84589078633,-6.080054368957,1.389993478662
    ));
#3489 = VECTOR('',#3490,1.);
#3490 = DIRECTION('',(0.590634899007,-0.388817359844,-0.707086611922));
#3491 = CONICAL_SURFACE('',#3492,0.350017471668,0.785447060382);
#3492 = AXIS2_PLACEMENT_3D('',#3493,#3494,#3495);
#3493 = CARTESIAN_POINT('',(1.18000025,-6.3,1.339983243744));
#3494 = DIRECTION('',(-1.359631073447E-32,-1.110223024625E-16,1.));
#3495 = DIRECTION('',(-1.224646799147E-16,-1.,-1.110223024625E-16));
#3496 = ADVANCED_FACE('',(#3497),#3515,.T.);
#3497 = FACE_BOUND('',#3498,.T.);
#3498 = EDGE_LOOP('',(#3499,#3500,#3501,#3509));
#3499 = ORIENTED_EDGE('',*,*,#2685,.F.);
#3500 = ORIENTED_EDGE('',*,*,#3479,.T.);
#3501 = ORIENTED_EDGE('',*,*,#3502,.T.);
#3502 = EDGE_CURVE('',#3456,#3503,#3505,.T.);
#3503 = VERTEX_POINT('',#3504);
#3504 = CARTESIAN_POINT('',(3.32000025,-6.,1.290010578733));
#3505 = LINE('',#3506,#3507);
#3506 = CARTESIAN_POINT('',(1.180000241048,-6.,1.290010578733));
#3507 = VECTOR('',#3508,1.);
#3508 = DIRECTION('',(1.,-2.131100903549E-11,-2.130839635095E-11));
#3509 = ORIENTED_EDGE('',*,*,#3510,.F.);
#3510 = EDGE_CURVE('',#2677,#3503,#3511,.T.);
#3511 = LINE('',#3512,#3513);
#3512 = CARTESIAN_POINT('',(3.320000238658,-5.899993482142,
    1.389993478662));
#3513 = VECTOR('',#3514,1.);
#3514 = DIRECTION('',(3.508882523637E-08,-0.707126949876,-0.707086611922
    ));
#3515 = PLANE('',#3516);
#3516 = AXIS2_PLACEMENT_3D('',#3517,#3518,#3519);
#3517 = CARTESIAN_POINT('',(2.25000025,-5.95,1.34));
#3518 = DIRECTION('',(-8.659560562355E-17,-0.707106781187,0.707106781187
    ));
#3519 = DIRECTION('',(1.,-1.224646799147E-16,0.));
#3520 = ADVANCED_FACE('',(#3521),#3540,.F.);
#3521 = FACE_BOUND('',#3522,.F.);
#3522 = EDGE_LOOP('',(#3523,#3524,#3532,#3539));
#3523 = ORIENTED_EDGE('',*,*,#2676,.T.);
#3524 = ORIENTED_EDGE('',*,*,#3525,.T.);
#3525 = EDGE_CURVE('',#2669,#3526,#3528,.T.);
#3526 = VERTEX_POINT('',#3527);
#3527 = CARTESIAN_POINT('',(3.570578259995,-6.13504345752,1.290010578733
    ));
#3528 = LINE('',#3529,#3530);
#3529 = CARTESIAN_POINT('',(3.65410969875,-6.080054346146,1.389993478743
    ));
#3530 = VECTOR('',#3531,1.);
#3531 = DIRECTION('',(-0.590634852643,-0.388817430274,-0.707086611922));
#3532 = ORIENTED_EDGE('',*,*,#3533,.F.);
#3533 = EDGE_CURVE('',#3503,#3526,#3534,.T.);
#3534 = CIRCLE('',#3535,0.3);
#3535 = AXIS2_PLACEMENT_3D('',#3536,#3537,#3538);
#3536 = CARTESIAN_POINT('',(3.32000025,-6.3,1.290010578733));
#3537 = DIRECTION('',(1.359631073447E-32,1.110223024625E-16,-1.));
#3538 = DIRECTION('',(1.224646799147E-16,1.,1.110223024625E-16));
#3539 = ORIENTED_EDGE('',*,*,#3510,.F.);
#3540 = CONICAL_SURFACE('',#3541,0.350017471668,0.785447060382);
#3541 = AXIS2_PLACEMENT_3D('',#3542,#3543,#3544);
#3542 = CARTESIAN_POINT('',(3.32000025,-6.3,1.339983243744));
#3543 = DIRECTION('',(-1.359631073447E-32,-1.110223024625E-16,1.));
#3544 = DIRECTION('',(-1.224646799147E-16,-1.,-1.110223024625E-16));
#3545 = ADVANCED_FACE('',(#3546),#3557,.T.);
#3546 = FACE_BOUND('',#3547,.T.);
#3547 = EDGE_LOOP('',(#3548,#3549,#3550,#3556));
#3548 = ORIENTED_EDGE('',*,*,#2668,.F.);
#3549 = ORIENTED_EDGE('',*,*,#3525,.T.);
#3550 = ORIENTED_EDGE('',*,*,#3551,.T.);
#3551 = EDGE_CURVE('',#3526,#2822,#3552,.T.);
#3552 = LINE('',#3553,#3554);
#3553 = CARTESIAN_POINT('',(3.570581317421,-6.135041434087,
    1.289996331793));
#3554 = VECTOR('',#3555,1.);
#3555 = DIRECTION('',(0.549836644989,-0.835272209125,2.215568136936E-05)
  );
#3556 = ORIENTED_EDGE('',*,*,#2821,.T.);
#3557 = PLANE('',#3558);
#3558 = AXIS2_PLACEMENT_3D('',#3559,#3560,#3561);
#3559 = CARTESIAN_POINT('',(3.786763251666,-6.37250724292,1.34));
#3560 = DIRECTION('',(-0.590618033613,-0.388806299295,0.707106781187));
#3561 = DIRECTION('',(0.549855141599,-0.835260033317,1.570676884868E-16)
  );
#3562 = ADVANCED_FACE('',(#3563),#3589,.F.);
#3563 = FACE_BOUND('',#3564,.F.);
#3564 = EDGE_LOOP('',(#3565,#3575,#3581,#3582,#3583));
#3565 = ORIENTED_EDGE('',*,*,#3566,.F.);
#3566 = EDGE_CURVE('',#3567,#3569,#3571,.T.);
#3567 = VERTEX_POINT('',#3568);
#3568 = CARTESIAN_POINT('',(3.570578259995,-6.13504345752,0.149989942251
    ));
#3569 = VERTEX_POINT('',#3570);
#3570 = CARTESIAN_POINT('',(3.919421211814,-6.664957218892,
    0.149998769107));
#3571 = LINE('',#3572,#3573);
#3572 = CARTESIAN_POINT('',(3.570581390019,-6.135041398674,
    0.150003748306));
#3573 = VECTOR('',#3574,1.);
#3574 = DIRECTION('',(0.549848588829,-0.835264346959,-7.848317636537E-06
    ));
#3575 = ORIENTED_EDGE('',*,*,#3576,.T.);
#3576 = EDGE_CURVE('',#3567,#3526,#3577,.T.);
#3577 = LINE('',#3578,#3579);
#3578 = CARTESIAN_POINT('',(3.570578259994,-6.13504345752,0.150003748306
    ));
#3579 = VECTOR('',#3580,1.);
#3580 = DIRECTION('',(-6.3683333867E-08,-3.106408544463E-08,1.));
#3581 = ORIENTED_EDGE('',*,*,#3551,.T.);
#3582 = ORIENTED_EDGE('',*,*,#2829,.T.);
#3583 = ORIENTED_EDGE('',*,*,#3584,.F.);
#3584 = EDGE_CURVE('',#3569,#2830,#3585,.T.);
#3585 = LINE('',#3586,#3587);
#3586 = CARTESIAN_POINT('',(3.919421211814,-6.664957218892,
    0.149998769107));
#3587 = VECTOR('',#3588,1.);
#3588 = DIRECTION('',(1.121346935967E-06,7.376966106168E-07,
    0.999999999999));
#3589 = PLANE('',#3590);
#3590 = AXIS2_PLACEMENT_3D('',#3591,#3592,#3593);
#3591 = CARTESIAN_POINT('',(3.570578259995,-6.13504345752,
    -4.999999999999E-02));
#3592 = DIRECTION('',(0.835260033317,0.549855141599,6.104618384115E-17)
  );
#3593 = DIRECTION('',(-1.359631073447E-32,-1.110223024625E-16,1.));
#3594 = ADVANCED_FACE('',(#3595),#3620,.T.);
#3595 = FACE_BOUND('',#3596,.T.);
#3596 = EDGE_LOOP('',(#3597,#3605,#3613,#3619));
#3597 = ORIENTED_EDGE('',*,*,#3598,.T.);
#3598 = EDGE_CURVE('',#3567,#3599,#3601,.T.);
#3599 = VERTEX_POINT('',#3600);
#3600 = CARTESIAN_POINT('',(3.737644146896,-6.025063291783,
    -4.996665364899E-02));
#3601 = LINE('',#3602,#3603);
#3602 = CARTESIAN_POINT('',(3.570581390019,-6.135041398674,
    0.150003748306));
#3603 = VECTOR('',#3604,1.);
#3604 = DIRECTION('',(0.590631562292,0.388815198099,-0.707090587798));
#3605 = ORIENTED_EDGE('',*,*,#3606,.T.);
#3606 = EDGE_CURVE('',#3599,#3607,#3609,.T.);
#3607 = VERTEX_POINT('',#3608);
#3608 = CARTESIAN_POINT('',(4.086473789695,-6.554985814788,
    -5.000054706399E-02));
#3609 = LINE('',#3610,#3611);
#3610 = CARTESIAN_POINT('',(3.737637222268,-6.025067853987,
    -4.999167043099E-02));
#3611 = VECTOR('',#3612,1.);
#3612 = DIRECTION('',(0.549843460441,-0.835267722837,-1.399153343792E-05
    ));
#3613 = ORIENTED_EDGE('',*,*,#3614,.F.);
#3614 = EDGE_CURVE('',#3569,#3607,#3615,.T.);
#3615 = LINE('',#3616,#3617);
#3616 = CARTESIAN_POINT('',(3.919421211814,-6.664957218892,
    0.149998769107));
#3617 = VECTOR('',#3618,1.);
#3618 = DIRECTION('',(0.590620053296,0.388807627977,-0.707104363635));
#3619 = ORIENTED_EDGE('',*,*,#3566,.F.);
#3620 = PLANE('',#3621);
#3621 = AXIS2_PLACEMENT_3D('',#3622,#3623,#3624);
#3622 = CARTESIAN_POINT('',(3.828526253332,-6.34501448584,
    5.000000000001E-02));
#3623 = DIRECTION('',(-0.590618033613,-0.388806299295,-0.707106781187));
#3624 = DIRECTION('',(-2.738455179527E-16,-0.876269503449,0.481821291898
    ));
#3625 = ADVANCED_FACE('',(#3626),#3651,.T.);
#3626 = FACE_BOUND('',#3627,.T.);
#3627 = EDGE_LOOP('',(#3628,#3629,#3638,#3644));
#3628 = ORIENTED_EDGE('',*,*,#3614,.T.);
#3629 = ORIENTED_EDGE('',*,*,#3630,.T.);
#3630 = EDGE_CURVE('',#3607,#3631,#3633,.T.);
#3631 = VERTEX_POINT('',#3632);
#3632 = CARTESIAN_POINT('',(4.17000025,-6.600001155703,
    -5.000212645199E-02));
#3633 = CIRCLE('',#3634,0.100001155703);
#3634 = AXIS2_PLACEMENT_3D('',#3635,#3636,#3637);
#3635 = CARTESIAN_POINT('',(4.17000025,-6.5,-5.000212645199E-02));
#3636 = DIRECTION('',(-1.848892746612E-32,-1.110223024625E-16,1.));
#3637 = DIRECTION('',(-0.835260033317,-0.549855141599,
    -6.104618384115E-17));
#3638 = ORIENTED_EDGE('',*,*,#3639,.F.);
#3639 = EDGE_CURVE('',#1382,#3631,#3640,.T.);
#3640 = LINE('',#3641,#3642);
#3641 = CARTESIAN_POINT('',(4.170000250066,-6.800001230734,
    0.149998769106));
#3642 = VECTOR('',#3643,1.);
#3643 = DIRECTION('',(-1.29937625128E-10,0.70710919873,-0.707104363635)
  );
#3644 = ORIENTED_EDGE('',*,*,#3645,.F.);
#3645 = EDGE_CURVE('',#3569,#1382,#3646,.T.);
#3646 = CIRCLE('',#3647,0.3);
#3647 = AXIS2_PLACEMENT_3D('',#3648,#3649,#3650);
#3648 = CARTESIAN_POINT('',(4.17000025,-6.5,0.150002919808));
#3649 = DIRECTION('',(-1.848892746612E-32,-1.110223024625E-16,1.));
#3650 = DIRECTION('',(-0.835260033317,-0.549855141599,
    -6.104618384115E-17));
#3651 = CONICAL_SURFACE('',#3652,0.200004409408,0.785414574255);
#3652 = AXIS2_PLACEMENT_3D('',#3653,#3654,#3655);
#3653 = CARTESIAN_POINT('',(4.17000025,-6.5,4.999784502801E-02));
#3654 = DIRECTION('',(-1.359631073447E-32,-1.110223024625E-16,1.));
#3655 = DIRECTION('',(-1.224646799147E-16,-1.,-1.110223024625E-16));
#3656 = ADVANCED_FACE('',(#3657),#3663,.T.);
#3657 = FACE_BOUND('',#3658,.T.);
#3658 = EDGE_LOOP('',(#3659,#3660,#3661,#3662));
#3659 = ORIENTED_EDGE('',*,*,#1381,.F.);
#3660 = ORIENTED_EDGE('',*,*,#2837,.T.);
#3661 = ORIENTED_EDGE('',*,*,#3584,.F.);
#3662 = ORIENTED_EDGE('',*,*,#3645,.T.);
#3663 = CYLINDRICAL_SURFACE('',#3664,0.3);
#3664 = AXIS2_PLACEMENT_3D('',#3665,#3666,#3667);
#3665 = CARTESIAN_POINT('',(4.17000025,-6.5,-4.999999999999E-02));
#3666 = DIRECTION('',(-1.359631073447E-32,-1.110223024625E-16,1.));
#3667 = DIRECTION('',(1.,-1.224646799147E-16,0.));
#3668 = ADVANCED_FACE('',(#3669),#3681,.T.);
#3669 = FACE_BOUND('',#3670,.T.);
#3670 = EDGE_LOOP('',(#3671,#3672,#3673,#3674,#3675));
#3671 = ORIENTED_EDGE('',*,*,#3061,.T.);
#3672 = ORIENTED_EDGE('',*,*,#3037,.T.);
#3673 = ORIENTED_EDGE('',*,*,#1389,.F.);
#3674 = ORIENTED_EDGE('',*,*,#3639,.T.);
#3675 = ORIENTED_EDGE('',*,*,#3676,.T.);
#3676 = EDGE_CURVE('',#3631,#3062,#3677,.T.);
#3677 = LINE('',#3678,#3679);
#3678 = CARTESIAN_POINT('',(4.170000250029,-6.600000546993,
    -5.000054706399E-02));
#3679 = VECTOR('',#3680,1.);
#3680 = DIRECTION('',(1.,2.250999912018E-07,2.25129288785E-07));
#3681 = PLANE('',#3682);
#3682 = AXIS2_PLACEMENT_3D('',#3683,#3684,#3685);
#3683 = CARTESIAN_POINT('',(5.43500025,-6.7,5.000000000001E-02));
#3684 = DIRECTION('',(-8.659560562355E-17,-0.707106781187,
    -0.707106781187));
#3685 = DIRECTION('',(8.659560562355E-17,0.707106781187,-0.707106781187)
  );
#3686 = ADVANCED_FACE('',(#3687,#3787,#3807),#3827,.T.);
#3687 = FACE_BOUND('',#3688,.T.);
#3688 = EDGE_LOOP('',(#3689,#3690,#3691,#3699,#3707,#3715,#3723,#3731,
    #3739,#3747,#3755,#3761,#3762,#3763,#3764,#3765,#3766,#3767,#3776,
    #3782,#3783,#3784,#3785,#3786));
#3689 = ORIENTED_EDGE('',*,*,#3240,.F.);
#3690 = ORIENTED_EDGE('',*,*,#3216,.T.);
#3691 = ORIENTED_EDGE('',*,*,#3692,.F.);
#3692 = EDGE_CURVE('',#3693,#3209,#3695,.T.);
#3693 = VERTEX_POINT('',#3694);
#3694 = CARTESIAN_POINT('',(1.37500025,-3.5,-4.999999999999E-02));
#3695 = LINE('',#3696,#3697);
#3696 = CARTESIAN_POINT('',(1.37500025,-3.5,-4.999999999999E-02));
#3697 = VECTOR('',#3698,1.);
#3698 = DIRECTION('',(-1.,1.224646799147E-16,0.));
#3699 = ORIENTED_EDGE('',*,*,#3700,.F.);
#3700 = EDGE_CURVE('',#3701,#3693,#3703,.T.);
#3701 = VERTEX_POINT('',#3702);
#3702 = CARTESIAN_POINT('',(1.37500025,-3.95,-4.999999999999E-02));
#3703 = LINE('',#3704,#3705);
#3704 = CARTESIAN_POINT('',(1.37500025,-3.95,-4.999999999999E-02));
#3705 = VECTOR('',#3706,1.);
#3706 = DIRECTION('',(1.224646799147E-16,1.,1.110223024625E-16));
#3707 = ORIENTED_EDGE('',*,*,#3708,.T.);
#3708 = EDGE_CURVE('',#3701,#3709,#3711,.T.);
#3709 = VERTEX_POINT('',#3710);
#3710 = CARTESIAN_POINT('',(1.62500025,-3.95,-4.999999999999E-02));
#3711 = LINE('',#3712,#3713);
#3712 = CARTESIAN_POINT('',(1.37500025,-3.95,-4.999999999999E-02));
#3713 = VECTOR('',#3714,1.);
#3714 = DIRECTION('',(1.,-1.224646799147E-16,0.));
#3715 = ORIENTED_EDGE('',*,*,#3716,.T.);
#3716 = EDGE_CURVE('',#3709,#3717,#3719,.T.);
#3717 = VERTEX_POINT('',#3718);
#3718 = CARTESIAN_POINT('',(1.62500025,-3.5,-4.999999999999E-02));
#3719 = LINE('',#3720,#3721);
#3720 = CARTESIAN_POINT('',(1.62500025,-3.95,-4.999999999999E-02));
#3721 = VECTOR('',#3722,1.);
#3722 = DIRECTION('',(1.224646799147E-16,1.,1.110223024625E-16));
#3723 = ORIENTED_EDGE('',*,*,#3724,.F.);
#3724 = EDGE_CURVE('',#3725,#3717,#3727,.T.);
#3725 = VERTEX_POINT('',#3726);
#3726 = CARTESIAN_POINT('',(4.37500025,-3.5,-4.999999999999E-02));
#3727 = LINE('',#3728,#3729);
#3728 = CARTESIAN_POINT('',(4.37500025,-3.5,-4.999999999999E-02));
#3729 = VECTOR('',#3730,1.);
#3730 = DIRECTION('',(-1.,1.224646799147E-16,0.));
#3731 = ORIENTED_EDGE('',*,*,#3732,.F.);
#3732 = EDGE_CURVE('',#3733,#3725,#3735,.T.);
#3733 = VERTEX_POINT('',#3734);
#3734 = CARTESIAN_POINT('',(4.37500025,-3.95,-4.999999999999E-02));
#3735 = LINE('',#3736,#3737);
#3736 = CARTESIAN_POINT('',(4.37500025,-3.95,-4.999999999999E-02));
#3737 = VECTOR('',#3738,1.);
#3738 = DIRECTION('',(1.224646799147E-16,1.,1.110223024625E-16));
#3739 = ORIENTED_EDGE('',*,*,#3740,.T.);
#3740 = EDGE_CURVE('',#3733,#3741,#3743,.T.);
#3741 = VERTEX_POINT('',#3742);
#3742 = CARTESIAN_POINT('',(4.62500025,-3.95,-4.999999999999E-02));
#3743 = LINE('',#3744,#3745);
#3744 = CARTESIAN_POINT('',(4.37500025,-3.95,-4.999999999999E-02));
#3745 = VECTOR('',#3746,1.);
#3746 = DIRECTION('',(1.,-1.224646799147E-16,0.));
#3747 = ORIENTED_EDGE('',*,*,#3748,.T.);
#3748 = EDGE_CURVE('',#3741,#3749,#3751,.T.);
#3749 = VERTEX_POINT('',#3750);
#3750 = CARTESIAN_POINT('',(4.62500025,-3.5,-4.999999999999E-02));
#3751 = LINE('',#3752,#3753);
#3752 = CARTESIAN_POINT('',(4.62500025,-3.95,-4.999999999999E-02));
#3753 = VECTOR('',#3754,1.);
#3754 = DIRECTION('',(1.224646799147E-16,1.,1.110223024625E-16));
#3755 = ORIENTED_EDGE('',*,*,#3756,.F.);
#3756 = EDGE_CURVE('',#3119,#3749,#3757,.T.);
#3757 = LINE('',#3758,#3759);
#3758 = CARTESIAN_POINT('',(5.25000025,-3.5,-4.999999999999E-02));
#3759 = VECTOR('',#3760,1.);
#3760 = DIRECTION('',(-1.,1.224646799147E-16,0.));
#3761 = ORIENTED_EDGE('',*,*,#3118,.T.);
#3762 = ORIENTED_EDGE('',*,*,#3093,.F.);
#3763 = ORIENTED_EDGE('',*,*,#3069,.F.);
#3764 = ORIENTED_EDGE('',*,*,#3676,.F.);
#3765 = ORIENTED_EDGE('',*,*,#3630,.F.);
#3766 = ORIENTED_EDGE('',*,*,#3606,.F.);
#3767 = ORIENTED_EDGE('',*,*,#3768,.F.);
#3768 = EDGE_CURVE('',#3769,#3599,#3771,.T.);
#3769 = VERTEX_POINT('',#3770);
#3770 = CARTESIAN_POINT('',(3.32000025508,-5.799991674547,
    -4.999167043699E-02));
#3771 = CIRCLE('',#3772,0.500016617864);
#3772 = AXIS2_PLACEMENT_3D('',#3773,#3774,#3775);
#3773 = CARTESIAN_POINT('',(3.32000025,-6.3,-4.996665364899E-02));
#3774 = DIRECTION('',(1.359631073447E-32,1.110223024625E-16,-1.));
#3775 = DIRECTION('',(1.224646799147E-16,1.,1.110223024625E-16));
#3776 = ORIENTED_EDGE('',*,*,#3777,.F.);
#3777 = EDGE_CURVE('',#3430,#3769,#3778,.T.);
#3778 = LINE('',#3779,#3780);
#3779 = CARTESIAN_POINT('',(1.180000253085,-5.799991674553,
    -4.999167043099E-02));
#3780 = VECTOR('',#3781,1.);
#3781 = DIRECTION('',(1.,2.76443662322E-12,-2.764144051256E-12));
#3782 = ORIENTED_EDGE('',*,*,#3437,.F.);
#3783 = ORIENTED_EDGE('',*,*,#3397,.F.);
#3784 = ORIENTED_EDGE('',*,*,#3315,.F.);
#3785 = ORIENTED_EDGE('',*,*,#3289,.F.);
#3786 = ORIENTED_EDGE('',*,*,#3265,.T.);
#3787 = FACE_BOUND('',#3788,.T.);
#3788 = EDGE_LOOP('',(#3789,#3800));
#3789 = ORIENTED_EDGE('',*,*,#3790,.F.);
#3790 = EDGE_CURVE('',#3791,#3793,#3795,.T.);
#3791 = VERTEX_POINT('',#3792);
#3792 = CARTESIAN_POINT('',(5.55000025,-1.85,-4.999999999999E-02));
#3793 = VERTEX_POINT('',#3794);
#3794 = CARTESIAN_POINT('',(6.55000025,-1.85,-4.999999999999E-02));
#3795 = CIRCLE('',#3796,0.5);
#3796 = AXIS2_PLACEMENT_3D('',#3797,#3798,#3799);
#3797 = CARTESIAN_POINT('',(6.05000025,-1.85,-4.999999999999E-02));
#3798 = DIRECTION('',(1.359631073447E-32,1.110223024625E-16,-1.));
#3799 = DIRECTION('',(-1.,1.224646799147E-16,0.));
#3800 = ORIENTED_EDGE('',*,*,#3801,.F.);
#3801 = EDGE_CURVE('',#3793,#3791,#3802,.T.);
#3802 = CIRCLE('',#3803,0.5);
#3803 = AXIS2_PLACEMENT_3D('',#3804,#3805,#3806);
#3804 = CARTESIAN_POINT('',(6.05000025,-1.85,-4.999999999999E-02));
#3805 = DIRECTION('',(1.359631073447E-32,1.110223024625E-16,-1.));
#3806 = DIRECTION('',(1.,-1.224646799147E-16,0.));
#3807 = FACE_BOUND('',#3808,.T.);
#3808 = EDGE_LOOP('',(#3809,#3820));
#3809 = ORIENTED_EDGE('',*,*,#3810,.F.);
#3810 = EDGE_CURVE('',#3811,#3813,#3815,.T.);
#3811 = VERTEX_POINT('',#3812);
#3812 = CARTESIAN_POINT('',(-2.04999975,-1.85,-4.999999999999E-02));
#3813 = VERTEX_POINT('',#3814);
#3814 = CARTESIAN_POINT('',(-1.04999975,-1.85,-4.999999999999E-02));
#3815 = CIRCLE('',#3816,0.5);
#3816 = AXIS2_PLACEMENT_3D('',#3817,#3818,#3819);
#3817 = CARTESIAN_POINT('',(-1.54999975,-1.85,-4.999999999999E-02));
#3818 = DIRECTION('',(1.359631073447E-32,1.110223024625E-16,-1.));
#3819 = DIRECTION('',(-1.,1.224646799147E-16,0.));
#3820 = ORIENTED_EDGE('',*,*,#3821,.F.);
#3821 = EDGE_CURVE('',#3813,#3811,#3822,.T.);
#3822 = CIRCLE('',#3823,0.5);
#3823 = AXIS2_PLACEMENT_3D('',#3824,#3825,#3826);
#3824 = CARTESIAN_POINT('',(-1.54999975,-1.85,-4.999999999999E-02));
#3825 = DIRECTION('',(1.359631073447E-32,1.110223024625E-16,-1.));
#3826 = DIRECTION('',(1.,-1.224646799147E-16,0.));
#3827 = PLANE('',#3828);
#3828 = AXIS2_PLACEMENT_3D('',#3829,#3830,#3831);
#3829 = CARTESIAN_POINT('',(-2.19999975,0.45,-4.999999999999E-02));
#3830 = DIRECTION('',(1.359631073447E-32,1.110223024625E-16,-1.));
#3831 = DIRECTION('',(-1.224646799147E-16,-1.,-1.110223024625E-16));
#3832 = ADVANCED_FACE('',(#3833),#3858,.T.);
#3833 = FACE_BOUND('',#3834,.T.);
#3834 = EDGE_LOOP('',(#3835,#3841,#3842,#3850,#3857));
#3835 = ORIENTED_EDGE('',*,*,#3836,.F.);
#3836 = EDGE_CURVE('',#3813,#275,#3837,.T.);
#3837 = LINE('',#3838,#3839);
#3838 = CARTESIAN_POINT('',(-1.04999975,-1.85,-4.999999999999E-02));
#3839 = VECTOR('',#3840,1.);
#3840 = DIRECTION('',(-7.695707529524E-06,3.557700828338E-09,
    -0.99999999997));
#3841 = ORIENTED_EDGE('',*,*,#3821,.T.);
#3842 = ORIENTED_EDGE('',*,*,#3843,.T.);
#3843 = EDGE_CURVE('',#3811,#3844,#3846,.T.);
#3844 = VERTEX_POINT('',#3845);
#3845 = CARTESIAN_POINT('',(-2.04999975,-1.85,-0.59999753195));
#3846 = LINE('',#3847,#3848);
#3847 = CARTESIAN_POINT('',(-2.04999975,-1.85,-4.999999999999E-02));
#3848 = VECTOR('',#3849,1.);
#3849 = DIRECTION('',(7.695707528717E-06,-3.557701010014E-09,
    -0.99999999997));
#3850 = ORIENTED_EDGE('',*,*,#3851,.F.);
#3851 = EDGE_CURVE('',#309,#3844,#3852,.T.);
#3852 = CIRCLE('',#3853,0.5);
#3853 = AXIS2_PLACEMENT_3D('',#3854,#3855,#3856);
#3854 = CARTESIAN_POINT('',(-1.54999975,-1.85,-0.59999753195));
#3855 = DIRECTION('',(1.359631073447E-32,1.110223024625E-16,-1.));
#3856 = DIRECTION('',(1.,-1.224646799147E-16,0.));
#3857 = ORIENTED_EDGE('',*,*,#324,.F.);
#3858 = CYLINDRICAL_SURFACE('',#3859,0.5);
#3859 = AXIS2_PLACEMENT_3D('',#3860,#3861,#3862);
#3860 = CARTESIAN_POINT('',(-1.54999975,-1.85,-4.999999999999E-02));
#3861 = DIRECTION('',(-1.359631073447E-32,-1.110223024625E-16,1.));
#3862 = DIRECTION('',(1.,-1.224646799147E-16,0.));
#3863 = ADVANCED_FACE('',(#3864),#3883,.T.);
#3864 = FACE_BOUND('',#3865,.T.);
#3865 = EDGE_LOOP('',(#3866,#3867,#3868,#3876));
#3866 = ORIENTED_EDGE('',*,*,#306,.T.);
#3867 = ORIENTED_EDGE('',*,*,#3851,.T.);
#3868 = ORIENTED_EDGE('',*,*,#3869,.F.);
#3869 = EDGE_CURVE('',#3870,#3844,#3872,.T.);
#3870 = VERTEX_POINT('',#3871);
#3871 = CARTESIAN_POINT('',(-1.899992966114,-1.85,-0.749994934615));
#3872 = LINE('',#3873,#3874);
#3873 = CARTESIAN_POINT('',(-1.899995799567,-1.850000001826,
    -0.749996050899));
#3874 = VECTOR('',#3875,1.);
#3875 = DIRECTION('',(-0.70710545123,-6.149361241015E-10,0.707108111141)
  );
#3876 = ORIENTED_EDGE('',*,*,#3877,.F.);
#3877 = EDGE_CURVE('',#307,#3870,#3878,.T.);
#3878 = CIRCLE('',#3879,0.349993216114);
#3879 = AXIS2_PLACEMENT_3D('',#3880,#3881,#3882);
#3880 = CARTESIAN_POINT('',(-1.54999975,-1.85,-0.749994934615));
#3881 = DIRECTION('',(1.359631073447E-32,1.110223024625E-16,-1.));
#3882 = DIRECTION('',(1.,-1.224646799147E-16,0.));
#3883 = CONICAL_SURFACE('',#3884,0.424994201043,0.785381235826);
#3884 = AXIS2_PLACEMENT_3D('',#3885,#3886,#3887);
#3885 = CARTESIAN_POINT('',(-1.54999975,-1.85,-0.674991410474));
#3886 = DIRECTION('',(-1.359631073447E-32,-1.110223024625E-16,1.));
#3887 = DIRECTION('',(-1.224646799147E-16,-1.,-1.110223024625E-16));
#3888 = ADVANCED_FACE('',(#3889),#3901,.T.);
#3889 = FACE_BOUND('',#3890,.T.);
#3890 = EDGE_LOOP('',(#3891,#3898,#3899,#3900));
#3891 = ORIENTED_EDGE('',*,*,#3892,.T.);
#3892 = EDGE_CURVE('',#3870,#267,#3893,.T.);
#3893 = CIRCLE('',#3894,0.349993216114);
#3894 = AXIS2_PLACEMENT_3D('',#3895,#3896,#3897);
#3895 = CARTESIAN_POINT('',(-1.54999975,-1.85,-0.749994934615));
#3896 = DIRECTION('',(1.359631073447E-32,1.110223024625E-16,-1.));
#3897 = DIRECTION('',(-1.,1.224646799147E-16,0.));
#3898 = ORIENTED_EDGE('',*,*,#291,.T.);
#3899 = ORIENTED_EDGE('',*,*,#316,.T.);
#3900 = ORIENTED_EDGE('',*,*,#3877,.T.);
#3901 = PLANE('',#3902);
#3902 = AXIS2_PLACEMENT_3D('',#3903,#3904,#3905);
#3903 = CARTESIAN_POINT('',(2.25000025,-3.62,-0.75));
#3904 = DIRECTION('',(1.359631073447E-32,1.110223024625E-16,-1.));
#3905 = DIRECTION('',(-1.224646799147E-16,-1.,-1.110223024625E-16));
#3906 = ADVANCED_FACE('',(#3907),#3927,.T.);
#3907 = FACE_BOUND('',#3908,.T.);
#3908 = EDGE_LOOP('',(#3909,#3910,#3919,#3926));
#3909 = ORIENTED_EDGE('',*,*,#199,.T.);
#3910 = ORIENTED_EDGE('',*,*,#3911,.T.);
#3911 = EDGE_CURVE('',#190,#3912,#3914,.T.);
#3912 = VERTEX_POINT('',#3913);
#3913 = CARTESIAN_POINT('',(5.700007033886,-1.85,-0.749994934615));
#3914 = CIRCLE('',#3915,0.349993216114);
#3915 = AXIS2_PLACEMENT_3D('',#3916,#3917,#3918);
#3916 = CARTESIAN_POINT('',(6.05000025,-1.85,-0.749994934615));
#3917 = DIRECTION('',(1.359631073447E-32,1.110223024625E-16,-1.));
#3918 = DIRECTION('',(1.,-1.224646799147E-16,0.));
#3919 = ORIENTED_EDGE('',*,*,#3920,.T.);
#3920 = EDGE_CURVE('',#3912,#234,#3921,.T.);
#3921 = CIRCLE('',#3922,0.349993216114);
#3922 = AXIS2_PLACEMENT_3D('',#3923,#3924,#3925);
#3923 = CARTESIAN_POINT('',(6.05000025,-1.85,-0.749994934615));
#3924 = DIRECTION('',(1.359631073447E-32,1.110223024625E-16,-1.));
#3925 = DIRECTION('',(-1.,1.224646799147E-16,0.));
#3926 = ORIENTED_EDGE('',*,*,#249,.T.);
#3927 = PLANE('',#3928);
#3928 = AXIS2_PLACEMENT_3D('',#3929,#3930,#3931);
#3929 = CARTESIAN_POINT('',(2.25000025,-3.62,-0.75));
#3930 = DIRECTION('',(1.359631073447E-32,1.110223024625E-16,-1.));
#3931 = DIRECTION('',(-1.224646799147E-16,-1.,-1.110223024625E-16));
#3932 = ADVANCED_FACE('',(#3933),#3945,.T.);
#3933 = FACE_BOUND('',#3934,.T.);
#3934 = EDGE_LOOP('',(#3935,#3936,#3937,#3938));
#3935 = ORIENTED_EDGE('',*,*,#264,.T.);
#3936 = ORIENTED_EDGE('',*,*,#3892,.F.);
#3937 = ORIENTED_EDGE('',*,*,#3869,.T.);
#3938 = ORIENTED_EDGE('',*,*,#3939,.T.);
#3939 = EDGE_CURVE('',#3844,#265,#3940,.T.);
#3940 = CIRCLE('',#3941,0.5);
#3941 = AXIS2_PLACEMENT_3D('',#3942,#3943,#3944);
#3942 = CARTESIAN_POINT('',(-1.54999975,-1.85,-0.59999753195));
#3943 = DIRECTION('',(1.359631073447E-32,1.110223024625E-16,-1.));
#3944 = DIRECTION('',(-1.,1.224646799147E-16,0.));
#3945 = CONICAL_SURFACE('',#3946,0.424994201043,0.785381235826);
#3946 = AXIS2_PLACEMENT_3D('',#3947,#3948,#3949);
#3947 = CARTESIAN_POINT('',(-1.54999975,-1.85,-0.674991410474));
#3948 = DIRECTION('',(-1.359631073447E-32,-1.110223024625E-16,1.));
#3949 = DIRECTION('',(-1.224646799147E-16,-1.,-1.110223024625E-16));
#3950 = ADVANCED_FACE('',(#3951),#3958,.T.);
#3951 = FACE_BOUND('',#3952,.T.);
#3952 = EDGE_LOOP('',(#3953,#3954,#3955,#3956,#3957));
#3953 = ORIENTED_EDGE('',*,*,#3843,.F.);
#3954 = ORIENTED_EDGE('',*,*,#3810,.T.);
#3955 = ORIENTED_EDGE('',*,*,#3836,.T.);
#3956 = ORIENTED_EDGE('',*,*,#274,.F.);
#3957 = ORIENTED_EDGE('',*,*,#3939,.F.);
#3958 = CYLINDRICAL_SURFACE('',#3959,0.5);
#3959 = AXIS2_PLACEMENT_3D('',#3960,#3961,#3962);
#3960 = CARTESIAN_POINT('',(-1.54999975,-1.85,-4.999999999999E-02));
#3961 = DIRECTION('',(-1.359631073447E-32,-1.110223024625E-16,1.));
#3962 = DIRECTION('',(1.,-1.224646799147E-16,0.));
#3963 = ADVANCED_FACE('',(#3964),#3983,.T.);
#3964 = FACE_BOUND('',#3965,.T.);
#3965 = EDGE_LOOP('',(#3966,#3967,#3968,#3976));
#3966 = ORIENTED_EDGE('',*,*,#231,.T.);
#3967 = ORIENTED_EDGE('',*,*,#3920,.F.);
#3968 = ORIENTED_EDGE('',*,*,#3969,.T.);
#3969 = EDGE_CURVE('',#3912,#3970,#3972,.T.);
#3970 = VERTEX_POINT('',#3971);
#3971 = CARTESIAN_POINT('',(5.55000025,-1.85,-0.59999753195));
#3972 = LINE('',#3973,#3974);
#3973 = CARTESIAN_POINT('',(5.700004200433,-1.850000001826,
    -0.749996050899));
#3974 = VECTOR('',#3975,1.);
#3975 = DIRECTION('',(-0.70710545123,-6.149382175581E-10,0.707108111141)
  );
#3976 = ORIENTED_EDGE('',*,*,#3977,.T.);
#3977 = EDGE_CURVE('',#3970,#232,#3978,.T.);
#3978 = CIRCLE('',#3979,0.5);
#3979 = AXIS2_PLACEMENT_3D('',#3980,#3981,#3982);
#3980 = CARTESIAN_POINT('',(6.05000025,-1.85,-0.59999753195));
#3981 = DIRECTION('',(1.359631073447E-32,1.110223024625E-16,-1.));
#3982 = DIRECTION('',(-1.,1.224646799147E-16,0.));
#3983 = CONICAL_SURFACE('',#3984,0.424994201043,0.785381235826);
#3984 = AXIS2_PLACEMENT_3D('',#3985,#3986,#3987);
#3985 = CARTESIAN_POINT('',(6.05000025,-1.85,-0.674991410474));
#3986 = DIRECTION('',(-1.359631073447E-32,-1.110223024625E-16,1.));
#3987 = DIRECTION('',(-1.224646799147E-16,-1.,-1.110223024625E-16));
#3988 = ADVANCED_FACE('',(#3989),#4001,.T.);
#3989 = FACE_BOUND('',#3990,.T.);
#3990 = EDGE_LOOP('',(#3991,#3992,#3999,#4000));
#3991 = ORIENTED_EDGE('',*,*,#189,.T.);
#3992 = ORIENTED_EDGE('',*,*,#3993,.T.);
#3993 = EDGE_CURVE('',#192,#3970,#3994,.T.);
#3994 = CIRCLE('',#3995,0.5);
#3995 = AXIS2_PLACEMENT_3D('',#3996,#3997,#3998);
#3996 = CARTESIAN_POINT('',(6.05000025,-1.85,-0.59999753195));
#3997 = DIRECTION('',(1.359631073447E-32,1.110223024625E-16,-1.));
#3998 = DIRECTION('',(1.,-1.224646799147E-16,0.));
#3999 = ORIENTED_EDGE('',*,*,#3969,.F.);
#4000 = ORIENTED_EDGE('',*,*,#3911,.F.);
#4001 = CONICAL_SURFACE('',#4002,0.424994201043,0.785381235826);
#4002 = AXIS2_PLACEMENT_3D('',#4003,#4004,#4005);
#4003 = CARTESIAN_POINT('',(6.05000025,-1.85,-0.674991410474));
#4004 = DIRECTION('',(-1.359631073447E-32,-1.110223024625E-16,1.));
#4005 = DIRECTION('',(-1.224646799147E-16,-1.,-1.110223024625E-16));
#4006 = ADVANCED_FACE('',(#4007),#4024,.T.);
#4007 = FACE_BOUND('',#4008,.T.);
#4008 = EDGE_LOOP('',(#4009,#4015,#4016,#4022,#4023));
#4009 = ORIENTED_EDGE('',*,*,#4010,.F.);
#4010 = EDGE_CURVE('',#3793,#209,#4011,.T.);
#4011 = LINE('',#4012,#4013);
#4012 = CARTESIAN_POINT('',(6.55000025,-1.85,-4.999999999999E-02));
#4013 = VECTOR('',#4014,1.);
#4014 = DIRECTION('',(-7.695707527102E-06,3.557700424617E-09,
    -0.99999999997));
#4015 = ORIENTED_EDGE('',*,*,#3801,.T.);
#4016 = ORIENTED_EDGE('',*,*,#4017,.T.);
#4017 = EDGE_CURVE('',#3791,#3970,#4018,.T.);
#4018 = LINE('',#4019,#4020);
#4019 = CARTESIAN_POINT('',(5.55000025,-1.85,-4.999999999999E-02));
#4020 = VECTOR('',#4021,1.);
#4021 = DIRECTION('',(7.695707529524E-06,-3.557701010014E-09,
    -0.99999999997));
#4022 = ORIENTED_EDGE('',*,*,#3993,.F.);
#4023 = ORIENTED_EDGE('',*,*,#216,.F.);
#4024 = CYLINDRICAL_SURFACE('',#4025,0.5);
#4025 = AXIS2_PLACEMENT_3D('',#4026,#4027,#4028);
#4026 = CARTESIAN_POINT('',(6.05000025,-1.85,-4.999999999999E-02));
#4027 = DIRECTION('',(-1.359631073447E-32,-1.110223024625E-16,1.));
#4028 = DIRECTION('',(1.,-1.224646799147E-16,0.));
#4029 = ADVANCED_FACE('',(#4030),#4037,.T.);
#4030 = FACE_BOUND('',#4031,.T.);
#4031 = EDGE_LOOP('',(#4032,#4033,#4034,#4035,#4036));
#4032 = ORIENTED_EDGE('',*,*,#4017,.F.);
#4033 = ORIENTED_EDGE('',*,*,#3790,.T.);
#4034 = ORIENTED_EDGE('',*,*,#4010,.T.);
#4035 = ORIENTED_EDGE('',*,*,#241,.F.);
#4036 = ORIENTED_EDGE('',*,*,#3977,.F.);
#4037 = CYLINDRICAL_SURFACE('',#4038,0.5);
#4038 = AXIS2_PLACEMENT_3D('',#4039,#4040,#4041);
#4039 = CARTESIAN_POINT('',(6.05000025,-1.85,-4.999999999999E-02));
#4040 = DIRECTION('',(-1.359631073447E-32,-1.110223024625E-16,1.));
#4041 = DIRECTION('',(1.,-1.224646799147E-16,0.));
#4042 = ADVANCED_FACE('',(#4043),#4061,.T.);
#4043 = FACE_BOUND('',#4044,.T.);
#4044 = EDGE_LOOP('',(#4045,#4046,#4047,#4055));
#4045 = ORIENTED_EDGE('',*,*,#3429,.T.);
#4046 = ORIENTED_EDGE('',*,*,#3777,.T.);
#4047 = ORIENTED_EDGE('',*,*,#4048,.F.);
#4048 = EDGE_CURVE('',#4049,#3769,#4051,.T.);
#4049 = VERTEX_POINT('',#4050);
#4050 = CARTESIAN_POINT('',(3.320000252286,-5.999996253546,
    0.150003748303));
#4051 = LINE('',#4052,#4053);
#4052 = CARTESIAN_POINT('',(3.320000252286,-5.999996253546,
    0.150003748303));
#4053 = VECTOR('',#4054,1.);
#4054 = DIRECTION('',(9.878311423032E-09,0.707122974204,-0.707090587798)
  );
#4055 = ORIENTED_EDGE('',*,*,#4056,.F.);
#4056 = EDGE_CURVE('',#3421,#4049,#4057,.T.);
#4057 = LINE('',#4058,#4059);
#4058 = CARTESIAN_POINT('',(1.180000251388,-5.999996253549,
    0.150003748306));
#4059 = VECTOR('',#4060,1.);
#4060 = DIRECTION('',(1.,1.243949877345E-12,-1.243864823703E-12));
#4061 = PLANE('',#4062);
#4062 = AXIS2_PLACEMENT_3D('',#4063,#4064,#4065);
#4063 = CARTESIAN_POINT('',(2.25000025,-5.9,5.000000000001E-02));
#4064 = DIRECTION('',(-8.659560562355E-17,-0.707106781187,
    -0.707106781187));
#4065 = DIRECTION('',(8.659560562355E-17,0.707106781187,-0.707106781187)
  );
#4066 = ADVANCED_FACE('',(#4067),#4078,.F.);
#4067 = FACE_BOUND('',#4068,.T.);
#4068 = EDGE_LOOP('',(#4069,#4075,#4076,#4077));
#4069 = ORIENTED_EDGE('',*,*,#4070,.T.);
#4070 = EDGE_CURVE('',#4049,#3503,#4071,.T.);
#4071 = LINE('',#4072,#4073);
#4072 = CARTESIAN_POINT('',(3.320000252286,-5.999996253546,
    0.150003748303));
#4073 = VECTOR('',#4074,1.);
#4074 = DIRECTION('',(-7.601908169783E-09,-7.031523067174E-08,1.));
#4075 = ORIENTED_EDGE('',*,*,#3502,.F.);
#4076 = ORIENTED_EDGE('',*,*,#3464,.F.);
#4077 = ORIENTED_EDGE('',*,*,#4056,.T.);
#4078 = PLANE('',#4079);
#4079 = AXIS2_PLACEMENT_3D('',#4080,#4081,#4082);
#4080 = CARTESIAN_POINT('',(1.18000025,-6.,-4.999999999999E-02));
#4081 = DIRECTION('',(1.224646799147E-16,1.,1.110223024625E-16));
#4082 = DIRECTION('',(-1.,1.224646799147E-16,0.));
#4083 = ADVANCED_FACE('',(#4084),#4096,.F.);
#4084 = FACE_BOUND('',#4085,.F.);
#4085 = EDGE_LOOP('',(#4086,#4093,#4094,#4095));
#4086 = ORIENTED_EDGE('',*,*,#4087,.F.);
#4087 = EDGE_CURVE('',#4049,#3567,#4088,.T.);
#4088 = CIRCLE('',#4089,0.3);
#4089 = AXIS2_PLACEMENT_3D('',#4090,#4091,#4092);
#4090 = CARTESIAN_POINT('',(3.32000025,-6.3,0.149989942251));
#4091 = DIRECTION('',(1.359631073447E-32,1.110223024625E-16,-1.));
#4092 = DIRECTION('',(1.224646799147E-16,1.,1.110223024625E-16));
#4093 = ORIENTED_EDGE('',*,*,#4070,.T.);
#4094 = ORIENTED_EDGE('',*,*,#3533,.T.);
#4095 = ORIENTED_EDGE('',*,*,#3576,.F.);
#4096 = CYLINDRICAL_SURFACE('',#4097,0.3);
#4097 = AXIS2_PLACEMENT_3D('',#4098,#4099,#4100);
#4098 = CARTESIAN_POINT('',(3.32000025,-6.3,-4.999999999999E-02));
#4099 = DIRECTION('',(-1.359631073447E-32,-1.110223024625E-16,1.));
#4100 = DIRECTION('',(1.,-1.224646799147E-16,0.));
#4101 = ADVANCED_FACE('',(#4102),#4108,.F.);
#4102 = FACE_BOUND('',#4103,.F.);
#4103 = EDGE_LOOP('',(#4104,#4105,#4106,#4107));
#4104 = ORIENTED_EDGE('',*,*,#4087,.T.);
#4105 = ORIENTED_EDGE('',*,*,#3598,.T.);
#4106 = ORIENTED_EDGE('',*,*,#3768,.F.);
#4107 = ORIENTED_EDGE('',*,*,#4048,.F.);
#4108 = CONICAL_SURFACE('',#4109,0.400020744463,0.785448128447);
#4109 = AXIS2_PLACEMENT_3D('',#4110,#4111,#4112);
#4110 = CARTESIAN_POINT('',(3.32000025,-6.3,5.001922765301E-02));
#4111 = DIRECTION('',(1.359631073447E-32,1.110223024625E-16,-1.));
#4112 = DIRECTION('',(-1.224646799147E-16,-1.,-1.110223024625E-16));
#4113 = ADVANCED_FACE('',(#4114),#4132,.F.);
#4114 = FACE_BOUND('',#4115,.T.);
#4115 = EDGE_LOOP('',(#4116,#4117,#4118,#4126));
#4116 = ORIENTED_EDGE('',*,*,#3692,.T.);
#4117 = ORIENTED_EDGE('',*,*,#3208,.T.);
#4118 = ORIENTED_EDGE('',*,*,#4119,.F.);
#4119 = EDGE_CURVE('',#4120,#3201,#4122,.T.);
#4120 = VERTEX_POINT('',#4121);
#4121 = CARTESIAN_POINT('',(1.37500025,-3.5,0.25));
#4122 = LINE('',#4123,#4124);
#4123 = CARTESIAN_POINT('',(1.37500025,-3.5,0.25));
#4124 = VECTOR('',#4125,1.);
#4125 = DIRECTION('',(-1.,1.224646799147E-16,0.));
#4126 = ORIENTED_EDGE('',*,*,#4127,.T.);
#4127 = EDGE_CURVE('',#4120,#3693,#4128,.T.);
#4128 = LINE('',#4129,#4130);
#4129 = CARTESIAN_POINT('',(1.37500025,-3.5,0.25));
#4130 = VECTOR('',#4131,1.);
#4131 = DIRECTION('',(1.359631073447E-32,1.110223024625E-16,-1.));
#4132 = PLANE('',#4133);
#4133 = AXIS2_PLACEMENT_3D('',#4134,#4135,#4136);
#4134 = CARTESIAN_POINT('',(5.25000025,-3.5,-4.999999999999E-02));
#4135 = DIRECTION('',(-1.224646799147E-16,-1.,-1.110223024625E-16));
#4136 = DIRECTION('',(1.359631073447E-32,1.110223024625E-16,-1.));
#4137 = ADVANCED_FACE('',(#4138),#4163,.F.);
#4138 = FACE_BOUND('',#4139,.T.);
#4139 = EDGE_LOOP('',(#4140,#4141,#4149,#4157));
#4140 = ORIENTED_EDGE('',*,*,#3724,.T.);
#4141 = ORIENTED_EDGE('',*,*,#4142,.F.);
#4142 = EDGE_CURVE('',#4143,#3717,#4145,.T.);
#4143 = VERTEX_POINT('',#4144);
#4144 = CARTESIAN_POINT('',(1.62500025,-3.5,0.25));
#4145 = LINE('',#4146,#4147);
#4146 = CARTESIAN_POINT('',(1.62500025,-3.5,0.25));
#4147 = VECTOR('',#4148,1.);
#4148 = DIRECTION('',(1.359631073447E-32,1.110223024625E-16,-1.));
#4149 = ORIENTED_EDGE('',*,*,#4150,.F.);
#4150 = EDGE_CURVE('',#4151,#4143,#4153,.T.);
#4151 = VERTEX_POINT('',#4152);
#4152 = CARTESIAN_POINT('',(4.37500025,-3.5,0.25));
#4153 = LINE('',#4154,#4155);
#4154 = CARTESIAN_POINT('',(4.37500025,-3.5,0.25));
#4155 = VECTOR('',#4156,1.);
#4156 = DIRECTION('',(-1.,1.224646799147E-16,0.));
#4157 = ORIENTED_EDGE('',*,*,#4158,.T.);
#4158 = EDGE_CURVE('',#4151,#3725,#4159,.T.);
#4159 = LINE('',#4160,#4161);
#4160 = CARTESIAN_POINT('',(4.37500025,-3.5,0.25));
#4161 = VECTOR('',#4162,1.);
#4162 = DIRECTION('',(1.359631073447E-32,1.110223024625E-16,-1.));
#4163 = PLANE('',#4164);
#4164 = AXIS2_PLACEMENT_3D('',#4165,#4166,#4167);
#4165 = CARTESIAN_POINT('',(5.25000025,-3.5,-4.999999999999E-02));
#4166 = DIRECTION('',(-1.224646799147E-16,-1.,-1.110223024625E-16));
#4167 = DIRECTION('',(1.359631073447E-32,1.110223024625E-16,-1.));
#4168 = ADVANCED_FACE('',(#4169),#4187,.F.);
#4169 = FACE_BOUND('',#4170,.T.);
#4170 = EDGE_LOOP('',(#4171,#4179,#4180,#4181));
#4171 = ORIENTED_EDGE('',*,*,#4172,.F.);
#4172 = EDGE_CURVE('',#3127,#4173,#4175,.T.);
#4173 = VERTEX_POINT('',#4174);
#4174 = CARTESIAN_POINT('',(4.62500025,-3.5,0.25));
#4175 = LINE('',#4176,#4177);
#4176 = CARTESIAN_POINT('',(5.25000025,-3.5,0.25));
#4177 = VECTOR('',#4178,1.);
#4178 = DIRECTION('',(-1.,1.224646799147E-16,0.));
#4179 = ORIENTED_EDGE('',*,*,#3126,.F.);
#4180 = ORIENTED_EDGE('',*,*,#3756,.T.);
#4181 = ORIENTED_EDGE('',*,*,#4182,.F.);
#4182 = EDGE_CURVE('',#4173,#3749,#4183,.T.);
#4183 = LINE('',#4184,#4185);
#4184 = CARTESIAN_POINT('',(4.62500025,-3.5,0.25));
#4185 = VECTOR('',#4186,1.);
#4186 = DIRECTION('',(1.359631073447E-32,1.110223024625E-16,-1.));
#4187 = PLANE('',#4188);
#4188 = AXIS2_PLACEMENT_3D('',#4189,#4190,#4191);
#4189 = CARTESIAN_POINT('',(5.25000025,-3.5,-4.999999999999E-02));
#4190 = DIRECTION('',(-1.224646799147E-16,-1.,-1.110223024625E-16));
#4191 = DIRECTION('',(1.359631073447E-32,1.110223024625E-16,-1.));
#4192 = ADVANCED_FACE('',(#4193),#4294,.F.);
#4193 = FACE_BOUND('',#4194,.T.);
#4194 = EDGE_LOOP('',(#4195,#4196,#4204,#4212,#4220,#4228,#4237,#4245,
    #4254,#4262,#4270,#4279,#4287,#4293));
#4195 = ORIENTED_EDGE('',*,*,#4127,.F.);
#4196 = ORIENTED_EDGE('',*,*,#4197,.F.);
#4197 = EDGE_CURVE('',#4198,#4120,#4200,.T.);
#4198 = VERTEX_POINT('',#4199);
#4199 = CARTESIAN_POINT('',(1.37500025,0.15,0.25));
#4200 = LINE('',#4201,#4202);
#4201 = CARTESIAN_POINT('',(1.37500025,0.15,0.25));
#4202 = VECTOR('',#4203,1.);
#4203 = DIRECTION('',(-1.224646799147E-16,-1.,-1.110223024625E-16));
#4204 = ORIENTED_EDGE('',*,*,#4205,.T.);
#4205 = EDGE_CURVE('',#4198,#4206,#4208,.T.);
#4206 = VERTEX_POINT('',#4207);
#4207 = CARTESIAN_POINT('',(1.37500025,0.15,2.159999999999));
#4208 = LINE('',#4209,#4210);
#4209 = CARTESIAN_POINT('',(1.37500025,0.15,0.25));
#4210 = VECTOR('',#4211,1.);
#4211 = DIRECTION('',(-1.359631073447E-32,-1.110223024625E-16,1.));
#4212 = ORIENTED_EDGE('',*,*,#4213,.F.);
#4213 = EDGE_CURVE('',#4214,#4206,#4216,.T.);
#4214 = VERTEX_POINT('',#4215);
#4215 = CARTESIAN_POINT('',(1.37500025,0.25,2.059999999999));
#4216 = LINE('',#4217,#4218);
#4217 = CARTESIAN_POINT('',(1.37500025,0.25,2.059999999999));
#4218 = VECTOR('',#4219,1.);
#4219 = DIRECTION('',(-8.659560562354E-17,-0.707106781186,0.707106781187
    ));
#4220 = ORIENTED_EDGE('',*,*,#4221,.F.);
#4221 = EDGE_CURVE('',#4222,#4214,#4224,.T.);
#4222 = VERTEX_POINT('',#4223);
#4223 = CARTESIAN_POINT('',(1.37500025,0.25,0.249999999999));
#4224 = LINE('',#4225,#4226);
#4225 = CARTESIAN_POINT('',(1.37500025,0.25,0.249999999999));
#4226 = VECTOR('',#4227,1.);
#4227 = DIRECTION('',(-1.359631073447E-32,-1.110223024625E-16,1.));
#4228 = ORIENTED_EDGE('',*,*,#4229,.F.);
#4229 = EDGE_CURVE('',#4230,#4222,#4232,.T.);
#4230 = VERTEX_POINT('',#4231);
#4231 = CARTESIAN_POINT('',(1.37500025,0.15,0.149999999999));
#4232 = CIRCLE('',#4233,0.1);
#4233 = AXIS2_PLACEMENT_3D('',#4234,#4235,#4236);
#4234 = CARTESIAN_POINT('',(1.37500025,0.15,0.249999999999));
#4235 = DIRECTION('',(1.,-1.224646799147E-16,0.));
#4236 = DIRECTION('',(2.732858457628E-30,2.231548279496E-14,-1.));
#4237 = ORIENTED_EDGE('',*,*,#4238,.F.);
#4238 = EDGE_CURVE('',#4239,#4230,#4241,.T.);
#4239 = VERTEX_POINT('',#4240);
#4240 = CARTESIAN_POINT('',(1.37500025,-3.35,0.149999999999));
#4241 = LINE('',#4242,#4243);
#4242 = CARTESIAN_POINT('',(1.37500025,-3.35,0.149999999999));
#4243 = VECTOR('',#4244,1.);
#4244 = DIRECTION('',(1.224646799147E-16,1.,1.110223024625E-16));
#4245 = ORIENTED_EDGE('',*,*,#4246,.F.);
#4246 = EDGE_CURVE('',#4247,#4239,#4249,.T.);
#4247 = VERTEX_POINT('',#4248);
#4248 = CARTESIAN_POINT('',(1.37500025,-3.45,4.999999999901E-02));
#4249 = CIRCLE('',#4250,0.1);
#4250 = AXIS2_PLACEMENT_3D('',#4251,#4252,#4253);
#4251 = CARTESIAN_POINT('',(1.37500025,-3.35,4.999999999901E-02));
#4252 = DIRECTION('',(-1.,1.224646799147E-16,0.));
#4253 = DIRECTION('',(-1.224646799147E-16,-1.,-1.110223024625E-16));
#4254 = ORIENTED_EDGE('',*,*,#4255,.F.);
#4255 = EDGE_CURVE('',#4256,#4247,#4258,.T.);
#4256 = VERTEX_POINT('',#4257);
#4257 = CARTESIAN_POINT('',(1.37500025,-3.45,-3.15));
#4258 = LINE('',#4259,#4260);
#4259 = CARTESIAN_POINT('',(1.37500025,-3.45,-3.15));
#4260 = VECTOR('',#4261,1.);
#4261 = DIRECTION('',(-1.359631073447E-32,-1.110223024625E-16,1.));
#4262 = ORIENTED_EDGE('',*,*,#4263,.F.);
#4263 = EDGE_CURVE('',#4264,#4256,#4266,.T.);
#4264 = VERTEX_POINT('',#4265);
#4265 = CARTESIAN_POINT('',(1.37500025,-3.567647058824,-3.370588235294)
  );
#4266 = LINE('',#4267,#4268);
#4267 = CARTESIAN_POINT('',(1.37500025,-3.567647058824,-3.370588235294)
  );
#4268 = VECTOR('',#4269,1.);
#4269 = DIRECTION('',(5.763043760693E-17,0.470588235294,0.882352941176)
  );
#4270 = ORIENTED_EDGE('',*,*,#4271,.F.);
#4271 = EDGE_CURVE('',#4272,#4264,#4274,.T.);
#4272 = VERTEX_POINT('',#4273);
#4273 = CARTESIAN_POINT('',(1.37500025,-3.832352941177,-3.370588235294)
  );
#4274 = CIRCLE('',#4275,0.15);
#4275 = AXIS2_PLACEMENT_3D('',#4276,#4277,#4278);
#4276 = CARTESIAN_POINT('',(1.37500025,-3.7,-3.3));
#4277 = DIRECTION('',(1.,-1.224646799147E-16,6.162975822039E-33));
#4278 = DIRECTION('',(-1.08057070513E-16,-0.882352941176,-0.470588235294
    ));
#4279 = ORIENTED_EDGE('',*,*,#4280,.F.);
#4280 = EDGE_CURVE('',#4281,#4272,#4283,.T.);
#4281 = VERTEX_POINT('',#4282);
#4282 = CARTESIAN_POINT('',(1.37500025,-3.95,-3.15));
#4283 = LINE('',#4284,#4285);
#4284 = CARTESIAN_POINT('',(1.37500025,-3.95,-3.15));
#4285 = VECTOR('',#4286,1.);
#4286 = DIRECTION('',(5.763043760693E-17,0.470588235294,-0.882352941176)
  );
#4287 = ORIENTED_EDGE('',*,*,#4288,.F.);
#4288 = EDGE_CURVE('',#3701,#4281,#4289,.T.);
#4289 = LINE('',#4290,#4291);
#4290 = CARTESIAN_POINT('',(1.37500025,-3.95,-4.999999999999E-02));
#4291 = VECTOR('',#4292,1.);
#4292 = DIRECTION('',(1.359631073447E-32,1.110223024625E-16,-1.));
#4293 = ORIENTED_EDGE('',*,*,#3700,.T.);
#4294 = PLANE('',#4295);
#4295 = AXIS2_PLACEMENT_3D('',#4296,#4297,#4298);
#4296 = CARTESIAN_POINT('',(1.37500025,-3.62,3.425));
#4297 = DIRECTION('',(1.,-1.224646799147E-16,0.));
#4298 = DIRECTION('',(1.224646799147E-16,1.,1.110223024625E-16));
#4299 = ADVANCED_FACE('',(#4300),#4384,.F.);
#4300 = FACE_BOUND('',#4301,.T.);
#4301 = EDGE_LOOP('',(#4302,#4310,#4311,#4320,#4328,#4337,#4345,#4353,
    #4361,#4370,#4378));
#4302 = ORIENTED_EDGE('',*,*,#4303,.F.);
#4303 = EDGE_CURVE('',#2549,#4304,#4306,.T.);
#4304 = VERTEX_POINT('',#4305);
#4305 = CARTESIAN_POINT('',(1.37500025,-1.45,1.51));
#4306 = LINE('',#4307,#4308);
#4307 = CARTESIAN_POINT('',(1.37500025,-1.63,1.39));
#4308 = VECTOR('',#4309,1.);
#4309 = DIRECTION('',(1.01896772969E-16,0.832050294338,0.554700196225));
#4310 = ORIENTED_EDGE('',*,*,#2556,.T.);
#4311 = ORIENTED_EDGE('',*,*,#4312,.F.);
#4312 = EDGE_CURVE('',#4313,#2557,#4315,.T.);
#4313 = VERTEX_POINT('',#4314);
#4314 = CARTESIAN_POINT('',(1.37500025,-3.998507413678,1.447447303093));
#4315 = CIRCLE('',#4316,0.1);
#4316 = AXIS2_PLACEMENT_3D('',#4317,#4318,#4319);
#4317 = CARTESIAN_POINT('',(1.37500025,-3.95,1.359999999999));
#4318 = DIRECTION('',(1.,-1.224646799147E-16,0.));
#4319 = DIRECTION('',(-5.940444889499E-17,-0.485074136774,0.874473030935
    ));
#4320 = ORIENTED_EDGE('',*,*,#4321,.F.);
#4321 = EDGE_CURVE('',#4322,#4313,#4324,.T.);
#4322 = VERTEX_POINT('',#4323);
#4323 = CARTESIAN_POINT('',(1.37500025,-3.374253706839,1.793723651546));
#4324 = LINE('',#4325,#4326);
#4325 = CARTESIAN_POINT('',(1.37500025,-3.374253706839,1.793723651546));
#4326 = VECTOR('',#4327,1.);
#4327 = DIRECTION('',(-1.070920598275E-16,-0.874473030935,
    -0.485074136774));
#4328 = ORIENTED_EDGE('',*,*,#4329,.F.);
#4329 = EDGE_CURVE('',#4330,#4322,#4332,.T.);
#4330 = VERTEX_POINT('',#4331);
#4331 = CARTESIAN_POINT('',(1.37500025,-3.32358490566,1.792452830188));
#4332 = CIRCLE('',#4333,5.E-02);
#4333 = AXIS2_PLACEMENT_3D('',#4334,#4335,#4336);
#4334 = CARTESIAN_POINT('',(1.37500025,-3.35,1.749999999999));
#4335 = DIRECTION('',(1.,-1.224646799147E-16,0.));
#4336 = DIRECTION('',(6.469832146439E-17,0.528301886792,0.849056603774)
  );
#4337 = ORIENTED_EDGE('',*,*,#4338,.F.);
#4338 = EDGE_CURVE('',#4339,#4330,#4341,.T.);
#4339 = VERTEX_POINT('',#4340);
#4340 = CARTESIAN_POINT('',(1.37500025,-3.110714285714,1.659999999999));
#4341 = LINE('',#4342,#4343);
#4342 = CARTESIAN_POINT('',(1.37500025,-3.110714285714,1.659999999999));
#4343 = VECTOR('',#4344,1.);
#4344 = DIRECTION('',(-1.039794452106E-16,-0.849056603774,0.528301886792
    ));
#4345 = ORIENTED_EDGE('',*,*,#4346,.F.);
#4346 = EDGE_CURVE('',#4347,#4339,#4349,.T.);
#4347 = VERTEX_POINT('',#4348);
#4348 = CARTESIAN_POINT('',(1.37500025,-1.81,1.659999999999));
#4349 = LINE('',#4350,#4351);
#4350 = CARTESIAN_POINT('',(1.37500025,-1.81,1.659999999999));
#4351 = VECTOR('',#4352,1.);
#4352 = DIRECTION('',(-1.224646799147E-16,-1.,-1.110223024625E-16));
#4353 = ORIENTED_EDGE('',*,*,#4354,.F.);
#4354 = EDGE_CURVE('',#4355,#4347,#4357,.T.);
#4355 = VERTEX_POINT('',#4356);
#4356 = CARTESIAN_POINT('',(1.37500025,-1.564355484065,1.866540000461));
#4357 = LINE('',#4358,#4359);
#4358 = CARTESIAN_POINT('',(1.37500025,-1.564355484065,1.866540000461));
#4359 = VECTOR('',#4360,1.);
#4360 = DIRECTION('',(-9.373446657296E-17,-0.765400004624,
    -0.643554840649));
#4361 = ORIENTED_EDGE('',*,*,#4362,.F.);
#4362 = EDGE_CURVE('',#4363,#4355,#4365,.T.);
#4363 = VERTEX_POINT('',#4364);
#4364 = CARTESIAN_POINT('',(1.37500025,-1.5,1.889999999999));
#4365 = CIRCLE('',#4366,0.1);
#4366 = AXIS2_PLACEMENT_3D('',#4367,#4368,#4369);
#4367 = CARTESIAN_POINT('',(1.37500025,-1.5,1.789999999999));
#4368 = DIRECTION('',(1.,-1.224646799147E-16,0.));
#4369 = DIRECTION('',(-1.359631073447E-32,-1.110223024625E-16,1.));
#4370 = ORIENTED_EDGE('',*,*,#4371,.F.);
#4371 = EDGE_CURVE('',#4372,#4363,#4374,.T.);
#4372 = VERTEX_POINT('',#4373);
#4373 = CARTESIAN_POINT('',(1.37500025,-1.45,1.889999999999));
#4374 = LINE('',#4375,#4376);
#4375 = CARTESIAN_POINT('',(1.37500025,-1.45,1.889999999999));
#4376 = VECTOR('',#4377,1.);
#4377 = DIRECTION('',(-1.224646799147E-16,-1.,-1.110223024625E-16));
#4378 = ORIENTED_EDGE('',*,*,#4379,.F.);
#4379 = EDGE_CURVE('',#4304,#4372,#4380,.T.);
#4380 = LINE('',#4381,#4382);
#4381 = CARTESIAN_POINT('',(1.37500025,-1.45,1.51));
#4382 = VECTOR('',#4383,1.);
#4383 = DIRECTION('',(-1.359631073447E-32,-1.110223024625E-16,1.));
#4384 = PLANE('',#4385);
#4385 = AXIS2_PLACEMENT_3D('',#4386,#4387,#4388);
#4386 = CARTESIAN_POINT('',(1.37500025,-3.62,3.425));
#4387 = DIRECTION('',(1.,-1.224646799147E-16,0.));
#4388 = DIRECTION('',(1.224646799147E-16,1.,1.110223024625E-16));
#4389 = ADVANCED_FACE('',(#4390),#4450,.F.);
#4390 = FACE_BOUND('',#4391,.T.);
#4391 = EDGE_LOOP('',(#4392,#4402,#4411,#4419,#4428,#4436,#4444));
#4392 = ORIENTED_EDGE('',*,*,#4393,.F.);
#4393 = EDGE_CURVE('',#4394,#4396,#4398,.T.);
#4394 = VERTEX_POINT('',#4395);
#4395 = CARTESIAN_POINT('',(1.37500025,-2.837621903203,2.739999999999));
#4396 = VERTEX_POINT('',#4397);
#4397 = CARTESIAN_POINT('',(1.37500025,-1.683333333332,2.739999999999));
#4398 = LINE('',#4399,#4400);
#4399 = CARTESIAN_POINT('',(1.37500025,-2.837621903203,2.739999999999));
#4400 = VECTOR('',#4401,1.);
#4401 = DIRECTION('',(1.224646799147E-16,1.,1.110223024625E-16));
#4402 = ORIENTED_EDGE('',*,*,#4403,.F.);
#4403 = EDGE_CURVE('',#4404,#4394,#4406,.T.);
#4404 = VERTEX_POINT('',#4405);
#4405 = CARTESIAN_POINT('',(1.37500025,-3.05,2.678962452198));
#4406 = CIRCLE('',#4407,0.4);
#4407 = AXIS2_PLACEMENT_3D('',#4408,#4409,#4410);
#4408 = CARTESIAN_POINT('',(1.37500025,-2.837621903203,2.339999999999));
#4409 = DIRECTION('',(-1.,1.224646799147E-16,6.162975822039E-33));
#4410 = DIRECTION('',(-6.502203911284E-17,-0.530945241992,0.847406130498
    ));
#4411 = ORIENTED_EDGE('',*,*,#4412,.F.);
#4412 = EDGE_CURVE('',#4413,#4404,#4415,.T.);
#4413 = VERTEX_POINT('',#4414);
#4414 = CARTESIAN_POINT('',(1.37500025,-3.3234527379,2.507629693474));
#4415 = LINE('',#4416,#4417);
#4416 = CARTESIAN_POINT('',(1.37500025,-3.3234527379,2.507629693474));
#4417 = VECTOR('',#4418,1.);
#4418 = DIRECTION('',(1.037773205292E-16,0.847406130498,0.530945241992)
  );
#4419 = ORIENTED_EDGE('',*,*,#4420,.F.);
#4420 = EDGE_CURVE('',#4421,#4413,#4423,.T.);
#4421 = VERTEX_POINT('',#4422);
#4422 = CARTESIAN_POINT('',(1.37500025,-3.37641509434,2.50754716981));
#4423 = CIRCLE('',#4424,5.E-02);
#4424 = AXIS2_PLACEMENT_3D('',#4425,#4426,#4427);
#4425 = CARTESIAN_POINT('',(1.37500025,-3.35,2.549999999999));
#4426 = DIRECTION('',(1.,-1.224646799147E-16,0.));
#4427 = DIRECTION('',(-6.469832146439E-17,-0.528301886792,
    -0.849056603774));
#4428 = ORIENTED_EDGE('',*,*,#4429,.F.);
#4429 = EDGE_CURVE('',#4430,#4421,#4432,.T.);
#4430 = VERTEX_POINT('',#4431);
#4431 = CARTESIAN_POINT('',(1.37500025,-3.766071428573,2.75));
#4432 = LINE('',#4433,#4434);
#4433 = CARTESIAN_POINT('',(1.37500025,-3.766071428573,2.75));
#4434 = VECTOR('',#4435,1.);
#4435 = DIRECTION('',(1.039794452106E-16,0.849056603774,-0.528301886792)
  );
#4436 = ORIENTED_EDGE('',*,*,#4437,.F.);
#4437 = EDGE_CURVE('',#4438,#4430,#4440,.T.);
#4438 = VERTEX_POINT('',#4439);
#4439 = CARTESIAN_POINT('',(1.37500025,-1.7,2.75));
#4440 = LINE('',#4441,#4442);
#4441 = CARTESIAN_POINT('',(1.37500025,-1.7,2.75));
#4442 = VECTOR('',#4443,1.);
#4443 = DIRECTION('',(-1.224646799147E-16,-1.,-1.110223024625E-16));
#4444 = ORIENTED_EDGE('',*,*,#4445,.F.);
#4445 = EDGE_CURVE('',#4396,#4438,#4446,.T.);
#4446 = LINE('',#4447,#4448);
#4447 = CARTESIAN_POINT('',(1.37500025,-1.683333333332,2.739999999999));
#4448 = VECTOR('',#4449,1.);
#4449 = DIRECTION('',(-1.050125966765E-16,-0.857492925713,0.514495755428
    ));
#4450 = PLANE('',#4451);
#4451 = AXIS2_PLACEMENT_3D('',#4452,#4453,#4454);
#4452 = CARTESIAN_POINT('',(1.37500025,-3.62,3.425));
#4453 = DIRECTION('',(1.,-1.224646799147E-16,0.));
#4454 = DIRECTION('',(1.224646799147E-16,1.,1.110223024625E-16));
#4455 = ADVANCED_FACE('',(#4456),#4474,.T.);
#4456 = FACE_BOUND('',#4457,.T.);
#4457 = EDGE_LOOP('',(#4458,#4459,#4467,#4473));
#4458 = ORIENTED_EDGE('',*,*,#4288,.T.);
#4459 = ORIENTED_EDGE('',*,*,#4460,.T.);
#4460 = EDGE_CURVE('',#4281,#4461,#4463,.T.);
#4461 = VERTEX_POINT('',#4462);
#4462 = CARTESIAN_POINT('',(1.62500025,-3.95,-3.15));
#4463 = LINE('',#4464,#4465);
#4464 = CARTESIAN_POINT('',(1.37500025,-3.95,-3.15));
#4465 = VECTOR('',#4466,1.);
#4466 = DIRECTION('',(1.,-1.224646799147E-16,0.));
#4467 = ORIENTED_EDGE('',*,*,#4468,.F.);
#4468 = EDGE_CURVE('',#3709,#4461,#4469,.T.);
#4469 = LINE('',#4470,#4471);
#4470 = CARTESIAN_POINT('',(1.62500025,-3.95,-4.999999999999E-02));
#4471 = VECTOR('',#4472,1.);
#4472 = DIRECTION('',(1.359631073447E-32,1.110223024625E-16,-1.));
#4473 = ORIENTED_EDGE('',*,*,#3708,.F.);
#4474 = PLANE('',#4475);
#4475 = AXIS2_PLACEMENT_3D('',#4476,#4477,#4478);
#4476 = CARTESIAN_POINT('',(1.37500025,-3.95,0.149999999999));
#4477 = DIRECTION('',(-1.224646799147E-16,-1.,-1.110223024625E-16));
#4478 = DIRECTION('',(1.359631073447E-32,1.110223024625E-16,-1.));
#4479 = ADVANCED_FACE('',(#4480),#4574,.T.);
#4480 = FACE_BOUND('',#4481,.T.);
#4481 = EDGE_LOOP('',(#4482,#4483,#4491,#4500,#4508,#4516,#4525,#4533,
    #4542,#4550,#4558,#4566,#4572,#4573));
#4482 = ORIENTED_EDGE('',*,*,#4468,.T.);
#4483 = ORIENTED_EDGE('',*,*,#4484,.T.);
#4484 = EDGE_CURVE('',#4461,#4485,#4487,.T.);
#4485 = VERTEX_POINT('',#4486);
#4486 = CARTESIAN_POINT('',(1.62500025,-3.832352941177,-3.370588235294)
  );
#4487 = LINE('',#4488,#4489);
#4488 = CARTESIAN_POINT('',(1.62500025,-3.95,-3.15));
#4489 = VECTOR('',#4490,1.);
#4490 = DIRECTION('',(5.763043760693E-17,0.470588235294,-0.882352941176)
  );
#4491 = ORIENTED_EDGE('',*,*,#4492,.T.);
#4492 = EDGE_CURVE('',#4485,#4493,#4495,.T.);
#4493 = VERTEX_POINT('',#4494);
#4494 = CARTESIAN_POINT('',(1.62500025,-3.567647058824,-3.370588235294)
  );
#4495 = CIRCLE('',#4496,0.15);
#4496 = AXIS2_PLACEMENT_3D('',#4497,#4498,#4499);
#4497 = CARTESIAN_POINT('',(1.62500025,-3.7,-3.3));
#4498 = DIRECTION('',(1.,-1.224646799147E-16,6.162975822039E-33));
#4499 = DIRECTION('',(-1.08057070513E-16,-0.882352941176,-0.470588235294
    ));
#4500 = ORIENTED_EDGE('',*,*,#4501,.T.);
#4501 = EDGE_CURVE('',#4493,#4502,#4504,.T.);
#4502 = VERTEX_POINT('',#4503);
#4503 = CARTESIAN_POINT('',(1.62500025,-3.45,-3.15));
#4504 = LINE('',#4505,#4506);
#4505 = CARTESIAN_POINT('',(1.62500025,-3.567647058824,-3.370588235294)
  );
#4506 = VECTOR('',#4507,1.);
#4507 = DIRECTION('',(5.763043760693E-17,0.470588235294,0.882352941176)
  );
#4508 = ORIENTED_EDGE('',*,*,#4509,.T.);
#4509 = EDGE_CURVE('',#4502,#4510,#4512,.T.);
#4510 = VERTEX_POINT('',#4511);
#4511 = CARTESIAN_POINT('',(1.62500025,-3.45,4.999999999901E-02));
#4512 = LINE('',#4513,#4514);
#4513 = CARTESIAN_POINT('',(1.62500025,-3.45,-3.15));
#4514 = VECTOR('',#4515,1.);
#4515 = DIRECTION('',(-1.359631073447E-32,-1.110223024625E-16,1.));
#4516 = ORIENTED_EDGE('',*,*,#4517,.T.);
#4517 = EDGE_CURVE('',#4510,#4518,#4520,.T.);
#4518 = VERTEX_POINT('',#4519);
#4519 = CARTESIAN_POINT('',(1.62500025,-3.35,0.149999999999));
#4520 = CIRCLE('',#4521,0.1);
#4521 = AXIS2_PLACEMENT_3D('',#4522,#4523,#4524);
#4522 = CARTESIAN_POINT('',(1.62500025,-3.35,4.999999999901E-02));
#4523 = DIRECTION('',(-1.,1.224646799147E-16,0.));
#4524 = DIRECTION('',(-1.224646799147E-16,-1.,-1.110223024625E-16));
#4525 = ORIENTED_EDGE('',*,*,#4526,.T.);
#4526 = EDGE_CURVE('',#4518,#4527,#4529,.T.);
#4527 = VERTEX_POINT('',#4528);
#4528 = CARTESIAN_POINT('',(1.62500025,0.15,0.149999999999));
#4529 = LINE('',#4530,#4531);
#4530 = CARTESIAN_POINT('',(1.62500025,-3.35,0.149999999999));
#4531 = VECTOR('',#4532,1.);
#4532 = DIRECTION('',(1.224646799147E-16,1.,1.110223024625E-16));
#4533 = ORIENTED_EDGE('',*,*,#4534,.T.);
#4534 = EDGE_CURVE('',#4527,#4535,#4537,.T.);
#4535 = VERTEX_POINT('',#4536);
#4536 = CARTESIAN_POINT('',(1.62500025,0.25,0.249999999999));
#4537 = CIRCLE('',#4538,0.1);
#4538 = AXIS2_PLACEMENT_3D('',#4539,#4540,#4541);
#4539 = CARTESIAN_POINT('',(1.62500025,0.15,0.249999999999));
#4540 = DIRECTION('',(1.,-1.224646799147E-16,0.));
#4541 = DIRECTION('',(2.732858457628E-30,2.231548279496E-14,-1.));
#4542 = ORIENTED_EDGE('',*,*,#4543,.T.);
#4543 = EDGE_CURVE('',#4535,#4544,#4546,.T.);
#4544 = VERTEX_POINT('',#4545);
#4545 = CARTESIAN_POINT('',(1.62500025,0.25,2.059999999999));
#4546 = LINE('',#4547,#4548);
#4547 = CARTESIAN_POINT('',(1.62500025,0.25,0.249999999999));
#4548 = VECTOR('',#4549,1.);
#4549 = DIRECTION('',(-1.359631073447E-32,-1.110223024625E-16,1.));
#4550 = ORIENTED_EDGE('',*,*,#4551,.T.);
#4551 = EDGE_CURVE('',#4544,#4552,#4554,.T.);
#4552 = VERTEX_POINT('',#4553);
#4553 = CARTESIAN_POINT('',(1.62500025,0.15,2.159999999999));
#4554 = LINE('',#4555,#4556);
#4555 = CARTESIAN_POINT('',(1.62500025,0.25,2.059999999999));
#4556 = VECTOR('',#4557,1.);
#4557 = DIRECTION('',(-8.659560562354E-17,-0.707106781186,0.707106781187
    ));
#4558 = ORIENTED_EDGE('',*,*,#4559,.F.);
#4559 = EDGE_CURVE('',#4560,#4552,#4562,.T.);
#4560 = VERTEX_POINT('',#4561);
#4561 = CARTESIAN_POINT('',(1.62500025,0.15,0.25));
#4562 = LINE('',#4563,#4564);
#4563 = CARTESIAN_POINT('',(1.62500025,0.15,0.25));
#4564 = VECTOR('',#4565,1.);
#4565 = DIRECTION('',(-1.359631073447E-32,-1.110223024625E-16,1.));
#4566 = ORIENTED_EDGE('',*,*,#4567,.T.);
#4567 = EDGE_CURVE('',#4560,#4143,#4568,.T.);
#4568 = LINE('',#4569,#4570);
#4569 = CARTESIAN_POINT('',(1.62500025,0.15,0.25));
#4570 = VECTOR('',#4571,1.);
#4571 = DIRECTION('',(-1.224646799147E-16,-1.,-1.110223024625E-16));
#4572 = ORIENTED_EDGE('',*,*,#4142,.T.);
#4573 = ORIENTED_EDGE('',*,*,#3716,.F.);
#4574 = PLANE('',#4575);
#4575 = AXIS2_PLACEMENT_3D('',#4576,#4577,#4578);
#4576 = CARTESIAN_POINT('',(1.62500025,-3.62,3.425));
#4577 = DIRECTION('',(1.,-1.224646799147E-16,0.));
#4578 = DIRECTION('',(1.224646799147E-16,1.,1.110223024625E-16));
#4579 = ADVANCED_FACE('',(#4580),#4664,.T.);
#4580 = FACE_BOUND('',#4581,.T.);
#4581 = EDGE_LOOP('',(#4582,#4592,#4601,#4609,#4617,#4625,#4634,#4642,
    #4649,#4650,#4658));
#4582 = ORIENTED_EDGE('',*,*,#4583,.T.);
#4583 = EDGE_CURVE('',#4584,#4586,#4588,.T.);
#4584 = VERTEX_POINT('',#4585);
#4585 = CARTESIAN_POINT('',(1.62500025,-1.45,1.889999999999));
#4586 = VERTEX_POINT('',#4587);
#4587 = CARTESIAN_POINT('',(1.62500025,-1.5,1.889999999999));
#4588 = LINE('',#4589,#4590);
#4589 = CARTESIAN_POINT('',(1.62500025,-1.45,1.889999999999));
#4590 = VECTOR('',#4591,1.);
#4591 = DIRECTION('',(-1.224646799147E-16,-1.,-1.110223024625E-16));
#4592 = ORIENTED_EDGE('',*,*,#4593,.T.);
#4593 = EDGE_CURVE('',#4586,#4594,#4596,.T.);
#4594 = VERTEX_POINT('',#4595);
#4595 = CARTESIAN_POINT('',(1.62500025,-1.564355484065,1.866540000461));
#4596 = CIRCLE('',#4597,0.1);
#4597 = AXIS2_PLACEMENT_3D('',#4598,#4599,#4600);
#4598 = CARTESIAN_POINT('',(1.62500025,-1.5,1.789999999999));
#4599 = DIRECTION('',(1.,-1.224646799147E-16,0.));
#4600 = DIRECTION('',(-1.359631073447E-32,-1.110223024625E-16,1.));
#4601 = ORIENTED_EDGE('',*,*,#4602,.T.);
#4602 = EDGE_CURVE('',#4594,#4603,#4605,.T.);
#4603 = VERTEX_POINT('',#4604);
#4604 = CARTESIAN_POINT('',(1.62500025,-1.81,1.659999999999));
#4605 = LINE('',#4606,#4607);
#4606 = CARTESIAN_POINT('',(1.62500025,-1.564355484065,1.866540000461));
#4607 = VECTOR('',#4608,1.);
#4608 = DIRECTION('',(-9.373446657296E-17,-0.765400004624,
    -0.643554840649));
#4609 = ORIENTED_EDGE('',*,*,#4610,.T.);
#4610 = EDGE_CURVE('',#4603,#4611,#4613,.T.);
#4611 = VERTEX_POINT('',#4612);
#4612 = CARTESIAN_POINT('',(1.62500025,-3.110714285714,1.659999999999));
#4613 = LINE('',#4614,#4615);
#4614 = CARTESIAN_POINT('',(1.62500025,-1.81,1.659999999999));
#4615 = VECTOR('',#4616,1.);
#4616 = DIRECTION('',(-1.224646799147E-16,-1.,-1.110223024625E-16));
#4617 = ORIENTED_EDGE('',*,*,#4618,.T.);
#4618 = EDGE_CURVE('',#4611,#4619,#4621,.T.);
#4619 = VERTEX_POINT('',#4620);
#4620 = CARTESIAN_POINT('',(1.62500025,-3.32358490566,1.792452830188));
#4621 = LINE('',#4622,#4623);
#4622 = CARTESIAN_POINT('',(1.62500025,-3.110714285714,1.659999999999));
#4623 = VECTOR('',#4624,1.);
#4624 = DIRECTION('',(-1.039794452106E-16,-0.849056603774,0.528301886792
    ));
#4625 = ORIENTED_EDGE('',*,*,#4626,.T.);
#4626 = EDGE_CURVE('',#4619,#4627,#4629,.T.);
#4627 = VERTEX_POINT('',#4628);
#4628 = CARTESIAN_POINT('',(1.62500025,-3.374253706839,1.793723651546));
#4629 = CIRCLE('',#4630,5.E-02);
#4630 = AXIS2_PLACEMENT_3D('',#4631,#4632,#4633);
#4631 = CARTESIAN_POINT('',(1.62500025,-3.35,1.749999999999));
#4632 = DIRECTION('',(1.,-1.224646799147E-16,0.));
#4633 = DIRECTION('',(6.469832146439E-17,0.528301886792,0.849056603774)
  );
#4634 = ORIENTED_EDGE('',*,*,#4635,.T.);
#4635 = EDGE_CURVE('',#4627,#4636,#4638,.T.);
#4636 = VERTEX_POINT('',#4637);
#4637 = CARTESIAN_POINT('',(1.62500025,-3.998507413678,1.447447303093));
#4638 = LINE('',#4639,#4640);
#4639 = CARTESIAN_POINT('',(1.62500025,-3.374253706839,1.793723651546));
#4640 = VECTOR('',#4641,1.);
#4641 = DIRECTION('',(-1.070920598275E-16,-0.874473030935,
    -0.485074136774));
#4642 = ORIENTED_EDGE('',*,*,#4643,.T.);
#4643 = EDGE_CURVE('',#4636,#2565,#4644,.T.);
#4644 = CIRCLE('',#4645,0.1);
#4645 = AXIS2_PLACEMENT_3D('',#4646,#4647,#4648);
#4646 = CARTESIAN_POINT('',(1.62500025,-3.95,1.359999999999));
#4647 = DIRECTION('',(1.,-1.224646799147E-16,0.));
#4648 = DIRECTION('',(-5.940444889499E-17,-0.485074136774,0.874473030935
    ));
#4649 = ORIENTED_EDGE('',*,*,#2572,.F.);
#4650 = ORIENTED_EDGE('',*,*,#4651,.T.);
#4651 = EDGE_CURVE('',#2573,#4652,#4654,.T.);
#4652 = VERTEX_POINT('',#4653);
#4653 = CARTESIAN_POINT('',(1.62500025,-1.45,1.51));
#4654 = LINE('',#4655,#4656);
#4655 = CARTESIAN_POINT('',(1.62500025,-1.63,1.39));
#4656 = VECTOR('',#4657,1.);
#4657 = DIRECTION('',(1.01896772969E-16,0.832050294338,0.554700196225));
#4658 = ORIENTED_EDGE('',*,*,#4659,.T.);
#4659 = EDGE_CURVE('',#4652,#4584,#4660,.T.);
#4660 = LINE('',#4661,#4662);
#4661 = CARTESIAN_POINT('',(1.62500025,-1.45,1.51));
#4662 = VECTOR('',#4663,1.);
#4663 = DIRECTION('',(-1.359631073447E-32,-1.110223024625E-16,1.));
#4664 = PLANE('',#4665);
#4665 = AXIS2_PLACEMENT_3D('',#4666,#4667,#4668);
#4666 = CARTESIAN_POINT('',(1.62500025,-3.62,3.425));
#4667 = DIRECTION('',(1.,-1.224646799147E-16,0.));
#4668 = DIRECTION('',(1.224646799147E-16,1.,1.110223024625E-16));
#4669 = ADVANCED_FACE('',(#4670),#4730,.T.);
#4670 = FACE_BOUND('',#4671,.T.);
#4671 = EDGE_LOOP('',(#4672,#4682,#4690,#4699,#4707,#4716,#4724));
#4672 = ORIENTED_EDGE('',*,*,#4673,.T.);
#4673 = EDGE_CURVE('',#4674,#4676,#4678,.T.);
#4674 = VERTEX_POINT('',#4675);
#4675 = CARTESIAN_POINT('',(1.62500025,-1.7,2.75));
#4676 = VERTEX_POINT('',#4677);
#4677 = CARTESIAN_POINT('',(1.62500025,-3.766071428573,2.75));
#4678 = LINE('',#4679,#4680);
#4679 = CARTESIAN_POINT('',(1.62500025,-1.7,2.75));
#4680 = VECTOR('',#4681,1.);
#4681 = DIRECTION('',(-1.224646799147E-16,-1.,-1.110223024625E-16));
#4682 = ORIENTED_EDGE('',*,*,#4683,.T.);
#4683 = EDGE_CURVE('',#4676,#4684,#4686,.T.);
#4684 = VERTEX_POINT('',#4685);
#4685 = CARTESIAN_POINT('',(1.62500025,-3.37641509434,2.50754716981));
#4686 = LINE('',#4687,#4688);
#4687 = CARTESIAN_POINT('',(1.62500025,-3.766071428573,2.75));
#4688 = VECTOR('',#4689,1.);
#4689 = DIRECTION('',(1.039794452106E-16,0.849056603774,-0.528301886792)
  );
#4690 = ORIENTED_EDGE('',*,*,#4691,.T.);
#4691 = EDGE_CURVE('',#4684,#4692,#4694,.T.);
#4692 = VERTEX_POINT('',#4693);
#4693 = CARTESIAN_POINT('',(1.62500025,-3.3234527379,2.507629693474));
#4694 = CIRCLE('',#4695,5.E-02);
#4695 = AXIS2_PLACEMENT_3D('',#4696,#4697,#4698);
#4696 = CARTESIAN_POINT('',(1.62500025,-3.35,2.549999999999));
#4697 = DIRECTION('',(1.,-1.224646799147E-16,0.));
#4698 = DIRECTION('',(-6.469832146439E-17,-0.528301886792,
    -0.849056603774));
#4699 = ORIENTED_EDGE('',*,*,#4700,.T.);
#4700 = EDGE_CURVE('',#4692,#4701,#4703,.T.);
#4701 = VERTEX_POINT('',#4702);
#4702 = CARTESIAN_POINT('',(1.62500025,-3.05,2.678962452198));
#4703 = LINE('',#4704,#4705);
#4704 = CARTESIAN_POINT('',(1.62500025,-3.3234527379,2.507629693474));
#4705 = VECTOR('',#4706,1.);
#4706 = DIRECTION('',(1.037773205292E-16,0.847406130498,0.530945241992)
  );
#4707 = ORIENTED_EDGE('',*,*,#4708,.T.);
#4708 = EDGE_CURVE('',#4701,#4709,#4711,.T.);
#4709 = VERTEX_POINT('',#4710);
#4710 = CARTESIAN_POINT('',(1.62500025,-2.837621903203,2.739999999999));
#4711 = CIRCLE('',#4712,0.4);
#4712 = AXIS2_PLACEMENT_3D('',#4713,#4714,#4715);
#4713 = CARTESIAN_POINT('',(1.62500025,-2.837621903203,2.339999999999));
#4714 = DIRECTION('',(-1.,1.224646799147E-16,6.162975822039E-33));
#4715 = DIRECTION('',(-6.502203911284E-17,-0.530945241992,0.847406130498
    ));
#4716 = ORIENTED_EDGE('',*,*,#4717,.T.);
#4717 = EDGE_CURVE('',#4709,#4718,#4720,.T.);
#4718 = VERTEX_POINT('',#4719);
#4719 = CARTESIAN_POINT('',(1.62500025,-1.683333333332,2.739999999999));
#4720 = LINE('',#4721,#4722);
#4721 = CARTESIAN_POINT('',(1.62500025,-2.837621903203,2.739999999999));
#4722 = VECTOR('',#4723,1.);
#4723 = DIRECTION('',(1.224646799147E-16,1.,1.110223024625E-16));
#4724 = ORIENTED_EDGE('',*,*,#4725,.T.);
#4725 = EDGE_CURVE('',#4718,#4674,#4726,.T.);
#4726 = LINE('',#4727,#4728);
#4727 = CARTESIAN_POINT('',(1.62500025,-1.683333333332,2.739999999999));
#4728 = VECTOR('',#4729,1.);
#4729 = DIRECTION('',(-1.050125966765E-16,-0.857492925713,0.514495755428
    ));
#4730 = PLANE('',#4731);
#4731 = AXIS2_PLACEMENT_3D('',#4732,#4733,#4734);
#4732 = CARTESIAN_POINT('',(1.62500025,-3.62,3.425));
#4733 = DIRECTION('',(1.,-1.224646799147E-16,0.));
#4734 = DIRECTION('',(1.224646799147E-16,1.,1.110223024625E-16));
#4735 = ADVANCED_FACE('',(#4736),#4779,.T.);
#4736 = FACE_BOUND('',#4737,.T.);
#4737 = EDGE_LOOP('',(#4738,#4739,#4740,#4748,#4756,#4764,#4772,#4778));
#4738 = ORIENTED_EDGE('',*,*,#4119,.T.);
#4739 = ORIENTED_EDGE('',*,*,#3200,.T.);
#4740 = ORIENTED_EDGE('',*,*,#4741,.F.);
#4741 = EDGE_CURVE('',#4742,#3193,#4744,.T.);
#4742 = VERTEX_POINT('',#4743);
#4743 = CARTESIAN_POINT('',(-0.12499975,0.15,0.25));
#4744 = LINE('',#4745,#4746);
#4745 = CARTESIAN_POINT('',(-0.12499975,0.15,0.25));
#4746 = VECTOR('',#4747,1.);
#4747 = DIRECTION('',(-1.,1.224646799147E-16,0.));
#4748 = ORIENTED_EDGE('',*,*,#4749,.T.);
#4749 = EDGE_CURVE('',#4742,#4750,#4752,.T.);
#4750 = VERTEX_POINT('',#4751);
#4751 = CARTESIAN_POINT('',(-0.12499975,-3.28,0.25));
#4752 = LINE('',#4753,#4754);
#4753 = CARTESIAN_POINT('',(-0.12499975,0.15,0.25));
#4754 = VECTOR('',#4755,1.);
#4755 = DIRECTION('',(-1.224646799147E-16,-1.,-1.110223024625E-16));
#4756 = ORIENTED_EDGE('',*,*,#4757,.T.);
#4757 = EDGE_CURVE('',#4750,#4758,#4760,.T.);
#4758 = VERTEX_POINT('',#4759);
#4759 = CARTESIAN_POINT('',(0.12500025,-3.28,0.25));
#4760 = LINE('',#4761,#4762);
#4761 = CARTESIAN_POINT('',(-0.12499975,-3.28,0.25));
#4762 = VECTOR('',#4763,1.);
#4763 = DIRECTION('',(1.,-1.224646799147E-16,0.));
#4764 = ORIENTED_EDGE('',*,*,#4765,.F.);
#4765 = EDGE_CURVE('',#4766,#4758,#4768,.T.);
#4766 = VERTEX_POINT('',#4767);
#4767 = CARTESIAN_POINT('',(0.12500025,0.15,0.25));
#4768 = LINE('',#4769,#4770);
#4769 = CARTESIAN_POINT('',(0.12500025,0.15,0.25));
#4770 = VECTOR('',#4771,1.);
#4771 = DIRECTION('',(-1.224646799147E-16,-1.,-1.110223024625E-16));
#4772 = ORIENTED_EDGE('',*,*,#4773,.F.);
#4773 = EDGE_CURVE('',#4198,#4766,#4774,.T.);
#4774 = LINE('',#4775,#4776);
#4775 = CARTESIAN_POINT('',(1.37500025,0.15,0.25));
#4776 = VECTOR('',#4777,1.);
#4777 = DIRECTION('',(-1.,1.224646799147E-16,0.));
#4778 = ORIENTED_EDGE('',*,*,#4197,.T.);
#4779 = PLANE('',#4780);
#4780 = AXIS2_PLACEMENT_3D('',#4781,#4782,#4783);
#4781 = CARTESIAN_POINT('',(2.25000025,0.45,0.25));
#4782 = DIRECTION('',(1.359631073447E-32,1.110223024625E-16,-1.));
#4783 = DIRECTION('',(-1.224646799147E-16,-1.,-1.110223024625E-16));
#4784 = ADVANCED_FACE('',(#4785),#4835,.T.);
#4785 = FACE_BOUND('',#4786,.T.);
#4786 = EDGE_LOOP('',(#4787,#4788,#4789,#4797,#4805,#4813,#4821,#4829));
#4787 = ORIENTED_EDGE('',*,*,#4150,.T.);
#4788 = ORIENTED_EDGE('',*,*,#4567,.F.);
#4789 = ORIENTED_EDGE('',*,*,#4790,.F.);
#4790 = EDGE_CURVE('',#4791,#4560,#4793,.T.);
#4791 = VERTEX_POINT('',#4792);
#4792 = CARTESIAN_POINT('',(2.87500025,0.15,0.25));
#4793 = LINE('',#4794,#4795);
#4794 = CARTESIAN_POINT('',(2.87500025,0.15,0.25));
#4795 = VECTOR('',#4796,1.);
#4796 = DIRECTION('',(-1.,1.224646799147E-16,0.));
#4797 = ORIENTED_EDGE('',*,*,#4798,.T.);
#4798 = EDGE_CURVE('',#4791,#4799,#4801,.T.);
#4799 = VERTEX_POINT('',#4800);
#4800 = CARTESIAN_POINT('',(2.87500025,-3.28,0.25));
#4801 = LINE('',#4802,#4803);
#4802 = CARTESIAN_POINT('',(2.87500025,0.15,0.25));
#4803 = VECTOR('',#4804,1.);
#4804 = DIRECTION('',(-1.224646799147E-16,-1.,-1.110223024625E-16));
#4805 = ORIENTED_EDGE('',*,*,#4806,.T.);
#4806 = EDGE_CURVE('',#4799,#4807,#4809,.T.);
#4807 = VERTEX_POINT('',#4808);
#4808 = CARTESIAN_POINT('',(3.12500025,-3.28,0.25));
#4809 = LINE('',#4810,#4811);
#4810 = CARTESIAN_POINT('',(2.87500025,-3.28,0.25));
#4811 = VECTOR('',#4812,1.);
#4812 = DIRECTION('',(1.,-1.224646799147E-16,0.));
#4813 = ORIENTED_EDGE('',*,*,#4814,.F.);
#4814 = EDGE_CURVE('',#4815,#4807,#4817,.T.);
#4815 = VERTEX_POINT('',#4816);
#4816 = CARTESIAN_POINT('',(3.12500025,0.15,0.25));
#4817 = LINE('',#4818,#4819);
#4818 = CARTESIAN_POINT('',(3.12500025,0.15,0.25));
#4819 = VECTOR('',#4820,1.);
#4820 = DIRECTION('',(-1.224646799147E-16,-1.,-1.110223024625E-16));
#4821 = ORIENTED_EDGE('',*,*,#4822,.F.);
#4822 = EDGE_CURVE('',#4823,#4815,#4825,.T.);
#4823 = VERTEX_POINT('',#4824);
#4824 = CARTESIAN_POINT('',(4.37500025,0.15,0.25));
#4825 = LINE('',#4826,#4827);
#4826 = CARTESIAN_POINT('',(4.37500025,0.15,0.25));
#4827 = VECTOR('',#4828,1.);
#4828 = DIRECTION('',(-1.,1.224646799147E-16,0.));
#4829 = ORIENTED_EDGE('',*,*,#4830,.T.);
#4830 = EDGE_CURVE('',#4823,#4151,#4831,.T.);
#4831 = LINE('',#4832,#4833);
#4832 = CARTESIAN_POINT('',(4.37500025,0.15,0.25));
#4833 = VECTOR('',#4834,1.);
#4834 = DIRECTION('',(-1.224646799147E-16,-1.,-1.110223024625E-16));
#4835 = PLANE('',#4836);
#4836 = AXIS2_PLACEMENT_3D('',#4837,#4838,#4839);
#4837 = CARTESIAN_POINT('',(2.25000025,0.45,0.25));
#4838 = DIRECTION('',(1.359631073447E-32,1.110223024625E-16,-1.));
#4839 = DIRECTION('',(-1.224646799147E-16,-1.,-1.110223024625E-16));
#4840 = ADVANCED_FACE('',(#4841),#4859,.T.);
#4841 = FACE_BOUND('',#4842,.T.);
#4842 = EDGE_LOOP('',(#4843,#4851,#4852,#4853));
#4843 = ORIENTED_EDGE('',*,*,#4844,.F.);
#4844 = EDGE_CURVE('',#3135,#4845,#4847,.T.);
#4845 = VERTEX_POINT('',#4846);
#4846 = CARTESIAN_POINT('',(4.62500025,0.15,0.25));
#4847 = LINE('',#4848,#4849);
#4848 = CARTESIAN_POINT('',(5.25000025,0.15,0.25));
#4849 = VECTOR('',#4850,1.);
#4850 = DIRECTION('',(-1.,1.224646799147E-16,0.));
#4851 = ORIENTED_EDGE('',*,*,#3134,.T.);
#4852 = ORIENTED_EDGE('',*,*,#4172,.T.);
#4853 = ORIENTED_EDGE('',*,*,#4854,.F.);
#4854 = EDGE_CURVE('',#4845,#4173,#4855,.T.);
#4855 = LINE('',#4856,#4857);
#4856 = CARTESIAN_POINT('',(4.62500025,0.15,0.25));
#4857 = VECTOR('',#4858,1.);
#4858 = DIRECTION('',(-1.224646799147E-16,-1.,-1.110223024625E-16));
#4859 = PLANE('',#4860);
#4860 = AXIS2_PLACEMENT_3D('',#4861,#4862,#4863);
#4861 = CARTESIAN_POINT('',(2.25000025,0.45,0.25));
#4862 = DIRECTION('',(1.359631073447E-32,1.110223024625E-16,-1.));
#4863 = DIRECTION('',(-1.224646799147E-16,-1.,-1.110223024625E-16));
#4864 = ADVANCED_FACE('',(#4865),#4949,.T.);
#4865 = FACE_BOUND('',#4866,.T.);
#4866 = EDGE_LOOP('',(#4867,#4868,#4876,#4884,#4890,#4891,#4892,#4898,
    #4899,#4900,#4908,#4916,#4922,#4923,#4924,#4925,#4926,#4927,#4935,
    #4943));
#4867 = ORIENTED_EDGE('',*,*,#4822,.T.);
#4868 = ORIENTED_EDGE('',*,*,#4869,.T.);
#4869 = EDGE_CURVE('',#4815,#4870,#4872,.T.);
#4870 = VERTEX_POINT('',#4871);
#4871 = CARTESIAN_POINT('',(3.12500025,0.15,2.16));
#4872 = LINE('',#4873,#4874);
#4873 = CARTESIAN_POINT('',(3.12500025,0.15,0.25));
#4874 = VECTOR('',#4875,1.);
#4875 = DIRECTION('',(-1.359631073447E-32,-1.110223024625E-16,1.));
#4876 = ORIENTED_EDGE('',*,*,#4877,.F.);
#4877 = EDGE_CURVE('',#4878,#4870,#4880,.T.);
#4878 = VERTEX_POINT('',#4879);
#4879 = CARTESIAN_POINT('',(2.87500025,0.15,2.16));
#4880 = LINE('',#4881,#4882);
#4881 = CARTESIAN_POINT('',(2.87500025,0.15,2.16));
#4882 = VECTOR('',#4883,1.);
#4883 = DIRECTION('',(1.,-1.224646799147E-16,0.));
#4884 = ORIENTED_EDGE('',*,*,#4885,.F.);
#4885 = EDGE_CURVE('',#4791,#4878,#4886,.T.);
#4886 = LINE('',#4887,#4888);
#4887 = CARTESIAN_POINT('',(2.87500025,0.15,0.25));
#4888 = VECTOR('',#4889,1.);
#4889 = DIRECTION('',(-1.359631073447E-32,-1.110223024625E-16,1.));
#4890 = ORIENTED_EDGE('',*,*,#4790,.T.);
#4891 = ORIENTED_EDGE('',*,*,#4559,.T.);
#4892 = ORIENTED_EDGE('',*,*,#4893,.F.);
#4893 = EDGE_CURVE('',#4206,#4552,#4894,.T.);
#4894 = LINE('',#4895,#4896);
#4895 = CARTESIAN_POINT('',(1.37500025,0.15,2.159999999999));
#4896 = VECTOR('',#4897,1.);
#4897 = DIRECTION('',(1.,-1.224646799147E-16,0.));
#4898 = ORIENTED_EDGE('',*,*,#4205,.F.);
#4899 = ORIENTED_EDGE('',*,*,#4773,.T.);
#4900 = ORIENTED_EDGE('',*,*,#4901,.T.);
#4901 = EDGE_CURVE('',#4766,#4902,#4904,.T.);
#4902 = VERTEX_POINT('',#4903);
#4903 = CARTESIAN_POINT('',(0.12500025,0.15,2.16));
#4904 = LINE('',#4905,#4906);
#4905 = CARTESIAN_POINT('',(0.12500025,0.15,0.25));
#4906 = VECTOR('',#4907,1.);
#4907 = DIRECTION('',(-1.359631073447E-32,-1.110223024625E-16,1.));
#4908 = ORIENTED_EDGE('',*,*,#4909,.F.);
#4909 = EDGE_CURVE('',#4910,#4902,#4912,.T.);
#4910 = VERTEX_POINT('',#4911);
#4911 = CARTESIAN_POINT('',(-0.12499975,0.15,2.16));
#4912 = LINE('',#4913,#4914);
#4913 = CARTESIAN_POINT('',(-0.12499975,0.15,2.16));
#4914 = VECTOR('',#4915,1.);
#4915 = DIRECTION('',(1.,-1.224646799147E-16,0.));
#4916 = ORIENTED_EDGE('',*,*,#4917,.F.);
#4917 = EDGE_CURVE('',#4742,#4910,#4918,.T.);
#4918 = LINE('',#4919,#4920);
#4919 = CARTESIAN_POINT('',(-0.12499975,0.15,0.25));
#4920 = VECTOR('',#4921,1.);
#4921 = DIRECTION('',(-1.359631073447E-32,-1.110223024625E-16,1.));
#4922 = ORIENTED_EDGE('',*,*,#4741,.T.);
#4923 = ORIENTED_EDGE('',*,*,#3192,.T.);
#4924 = ORIENTED_EDGE('',*,*,#3167,.T.);
#4925 = ORIENTED_EDGE('',*,*,#3142,.T.);
#4926 = ORIENTED_EDGE('',*,*,#4844,.T.);
#4927 = ORIENTED_EDGE('',*,*,#4928,.T.);
#4928 = EDGE_CURVE('',#4845,#4929,#4931,.T.);
#4929 = VERTEX_POINT('',#4930);
#4930 = CARTESIAN_POINT('',(4.62500025,0.15,2.159999999999));
#4931 = LINE('',#4932,#4933);
#4932 = CARTESIAN_POINT('',(4.62500025,0.15,0.25));
#4933 = VECTOR('',#4934,1.);
#4934 = DIRECTION('',(-1.359631073447E-32,-1.110223024625E-16,1.));
#4935 = ORIENTED_EDGE('',*,*,#4936,.F.);
#4936 = EDGE_CURVE('',#4937,#4929,#4939,.T.);
#4937 = VERTEX_POINT('',#4938);
#4938 = CARTESIAN_POINT('',(4.37500025,0.15,2.159999999999));
#4939 = LINE('',#4940,#4941);
#4940 = CARTESIAN_POINT('',(4.37500025,0.15,2.159999999999));
#4941 = VECTOR('',#4942,1.);
#4942 = DIRECTION('',(1.,-1.224646799147E-16,0.));
#4943 = ORIENTED_EDGE('',*,*,#4944,.F.);
#4944 = EDGE_CURVE('',#4823,#4937,#4945,.T.);
#4945 = LINE('',#4946,#4947);
#4946 = CARTESIAN_POINT('',(4.37500025,0.15,0.25));
#4947 = VECTOR('',#4948,1.);
#4948 = DIRECTION('',(-1.359631073447E-32,-1.110223024625E-16,1.));
#4949 = PLANE('',#4950);
#4950 = AXIS2_PLACEMENT_3D('',#4951,#4952,#4953);
#4951 = CARTESIAN_POINT('',(2.25000025,0.15,4.3));
#4952 = DIRECTION('',(1.224646799147E-16,1.,1.110223024625E-16));
#4953 = DIRECTION('',(-1.,1.224646799147E-16,0.));
#4954 = ADVANCED_FACE('',(#4955),#5039,.F.);
#4955 = FACE_BOUND('',#4956,.T.);
#4956 = EDGE_LOOP('',(#4957,#4966,#4974,#4983,#4991,#4999,#5007,#5016,
    #5024,#5032,#5038));
#4957 = ORIENTED_EDGE('',*,*,#4958,.F.);
#4958 = EDGE_CURVE('',#4959,#2621,#4961,.T.);
#4959 = VERTEX_POINT('',#4960);
#4960 = CARTESIAN_POINT('',(4.37500025,-3.998507413678,1.447447303093));
#4961 = CIRCLE('',#4962,0.1);
#4962 = AXIS2_PLACEMENT_3D('',#4963,#4964,#4965);
#4963 = CARTESIAN_POINT('',(4.37500025,-3.95,1.359999999999));
#4964 = DIRECTION('',(1.,-1.224646799147E-16,0.));
#4965 = DIRECTION('',(-5.940444889499E-17,-0.485074136774,0.874473030935
    ));
#4966 = ORIENTED_EDGE('',*,*,#4967,.F.);
#4967 = EDGE_CURVE('',#4968,#4959,#4970,.T.);
#4968 = VERTEX_POINT('',#4969);
#4969 = CARTESIAN_POINT('',(4.37500025,-3.374253706839,1.793723651546));
#4970 = LINE('',#4971,#4972);
#4971 = CARTESIAN_POINT('',(4.37500025,-3.374253706839,1.793723651546));
#4972 = VECTOR('',#4973,1.);
#4973 = DIRECTION('',(-1.070920598275E-16,-0.874473030935,
    -0.485074136774));
#4974 = ORIENTED_EDGE('',*,*,#4975,.F.);
#4975 = EDGE_CURVE('',#4976,#4968,#4978,.T.);
#4976 = VERTEX_POINT('',#4977);
#4977 = CARTESIAN_POINT('',(4.37500025,-3.32358490566,1.792452830188));
#4978 = CIRCLE('',#4979,5.E-02);
#4979 = AXIS2_PLACEMENT_3D('',#4980,#4981,#4982);
#4980 = CARTESIAN_POINT('',(4.37500025,-3.35,1.749999999999));
#4981 = DIRECTION('',(1.,-1.224646799147E-16,0.));
#4982 = DIRECTION('',(6.469832146439E-17,0.528301886792,0.849056603774)
  );
#4983 = ORIENTED_EDGE('',*,*,#4984,.F.);
#4984 = EDGE_CURVE('',#4985,#4976,#4987,.T.);
#4985 = VERTEX_POINT('',#4986);
#4986 = CARTESIAN_POINT('',(4.37500025,-3.110714285714,1.659999999999));
#4987 = LINE('',#4988,#4989);
#4988 = CARTESIAN_POINT('',(4.37500025,-3.110714285714,1.659999999999));
#4989 = VECTOR('',#4990,1.);
#4990 = DIRECTION('',(-1.039794452106E-16,-0.849056603774,0.528301886792
    ));
#4991 = ORIENTED_EDGE('',*,*,#4992,.F.);
#4992 = EDGE_CURVE('',#4993,#4985,#4995,.T.);
#4993 = VERTEX_POINT('',#4994);
#4994 = CARTESIAN_POINT('',(4.37500025,-1.81,1.659999999999));
#4995 = LINE('',#4996,#4997);
#4996 = CARTESIAN_POINT('',(4.37500025,-1.81,1.659999999999));
#4997 = VECTOR('',#4998,1.);
#4998 = DIRECTION('',(-1.224646799147E-16,-1.,-1.110223024625E-16));
#4999 = ORIENTED_EDGE('',*,*,#5000,.F.);
#5000 = EDGE_CURVE('',#5001,#4993,#5003,.T.);
#5001 = VERTEX_POINT('',#5002);
#5002 = CARTESIAN_POINT('',(4.37500025,-1.564355484065,1.866540000461));
#5003 = LINE('',#5004,#5005);
#5004 = CARTESIAN_POINT('',(4.37500025,-1.564355484065,1.866540000461));
#5005 = VECTOR('',#5006,1.);
#5006 = DIRECTION('',(-9.373446657296E-17,-0.765400004624,
    -0.643554840649));
#5007 = ORIENTED_EDGE('',*,*,#5008,.F.);
#5008 = EDGE_CURVE('',#5009,#5001,#5011,.T.);
#5009 = VERTEX_POINT('',#5010);
#5010 = CARTESIAN_POINT('',(4.37500025,-1.5,1.889999999999));
#5011 = CIRCLE('',#5012,0.1);
#5012 = AXIS2_PLACEMENT_3D('',#5013,#5014,#5015);
#5013 = CARTESIAN_POINT('',(4.37500025,-1.5,1.789999999999));
#5014 = DIRECTION('',(1.,-1.224646799147E-16,0.));
#5015 = DIRECTION('',(-1.359631073447E-32,-1.110223024625E-16,1.));
#5016 = ORIENTED_EDGE('',*,*,#5017,.F.);
#5017 = EDGE_CURVE('',#5018,#5009,#5020,.T.);
#5018 = VERTEX_POINT('',#5019);
#5019 = CARTESIAN_POINT('',(4.37500025,-1.45,1.889999999999));
#5020 = LINE('',#5021,#5022);
#5021 = CARTESIAN_POINT('',(4.37500025,-1.45,1.889999999999));
#5022 = VECTOR('',#5023,1.);
#5023 = DIRECTION('',(-1.224646799147E-16,-1.,-1.110223024625E-16));
#5024 = ORIENTED_EDGE('',*,*,#5025,.F.);
#5025 = EDGE_CURVE('',#5026,#5018,#5028,.T.);
#5026 = VERTEX_POINT('',#5027);
#5027 = CARTESIAN_POINT('',(4.37500025,-1.45,1.51));
#5028 = LINE('',#5029,#5030);
#5029 = CARTESIAN_POINT('',(4.37500025,-1.45,1.51));
#5030 = VECTOR('',#5031,1.);
#5031 = DIRECTION('',(-1.359631073447E-32,-1.110223024625E-16,1.));
#5032 = ORIENTED_EDGE('',*,*,#5033,.F.);
#5033 = EDGE_CURVE('',#2613,#5026,#5034,.T.);
#5034 = LINE('',#5035,#5036);
#5035 = CARTESIAN_POINT('',(4.37500025,-1.63,1.39));
#5036 = VECTOR('',#5037,1.);
#5037 = DIRECTION('',(1.01896772969E-16,0.832050294338,0.554700196225));
#5038 = ORIENTED_EDGE('',*,*,#2620,.T.);
#5039 = PLANE('',#5040);
#5040 = AXIS2_PLACEMENT_3D('',#5041,#5042,#5043);
#5041 = CARTESIAN_POINT('',(4.37500025,-3.62,3.425));
#5042 = DIRECTION('',(1.,-1.224646799147E-16,0.));
#5043 = DIRECTION('',(1.224646799147E-16,1.,1.110223024625E-16));
#5044 = ADVANCED_FACE('',(#5045),#5105,.F.);
#5045 = FACE_BOUND('',#5046,.T.);
#5046 = EDGE_LOOP('',(#5047,#5057,#5065,#5074,#5082,#5091,#5099));
#5047 = ORIENTED_EDGE('',*,*,#5048,.F.);
#5048 = EDGE_CURVE('',#5049,#5051,#5053,.T.);
#5049 = VERTEX_POINT('',#5050);
#5050 = CARTESIAN_POINT('',(4.37500025,-1.683333333332,2.739999999999));
#5051 = VERTEX_POINT('',#5052);
#5052 = CARTESIAN_POINT('',(4.37500025,-1.7,2.75));
#5053 = LINE('',#5054,#5055);
#5054 = CARTESIAN_POINT('',(4.37500025,-1.683333333332,2.739999999999));
#5055 = VECTOR('',#5056,1.);
#5056 = DIRECTION('',(-1.050125966765E-16,-0.857492925713,0.514495755428
    ));
#5057 = ORIENTED_EDGE('',*,*,#5058,.F.);
#5058 = EDGE_CURVE('',#5059,#5049,#5061,.T.);
#5059 = VERTEX_POINT('',#5060);
#5060 = CARTESIAN_POINT('',(4.37500025,-2.837621903203,2.739999999999));
#5061 = LINE('',#5062,#5063);
#5062 = CARTESIAN_POINT('',(4.37500025,-2.837621903203,2.739999999999));
#5063 = VECTOR('',#5064,1.);
#5064 = DIRECTION('',(1.224646799147E-16,1.,1.110223024625E-16));
#5065 = ORIENTED_EDGE('',*,*,#5066,.F.);
#5066 = EDGE_CURVE('',#5067,#5059,#5069,.T.);
#5067 = VERTEX_POINT('',#5068);
#5068 = CARTESIAN_POINT('',(4.37500025,-3.05,2.678962452198));
#5069 = CIRCLE('',#5070,0.4);
#5070 = AXIS2_PLACEMENT_3D('',#5071,#5072,#5073);
#5071 = CARTESIAN_POINT('',(4.37500025,-2.837621903203,2.339999999999));
#5072 = DIRECTION('',(-1.,1.224646799147E-16,6.162975822039E-33));
#5073 = DIRECTION('',(-6.502203911284E-17,-0.530945241992,0.847406130498
    ));
#5074 = ORIENTED_EDGE('',*,*,#5075,.F.);
#5075 = EDGE_CURVE('',#5076,#5067,#5078,.T.);
#5076 = VERTEX_POINT('',#5077);
#5077 = CARTESIAN_POINT('',(4.37500025,-3.3234527379,2.507629693474));
#5078 = LINE('',#5079,#5080);
#5079 = CARTESIAN_POINT('',(4.37500025,-3.3234527379,2.507629693474));
#5080 = VECTOR('',#5081,1.);
#5081 = DIRECTION('',(1.037773205292E-16,0.847406130498,0.530945241992)
  );
#5082 = ORIENTED_EDGE('',*,*,#5083,.F.);
#5083 = EDGE_CURVE('',#5084,#5076,#5086,.T.);
#5084 = VERTEX_POINT('',#5085);
#5085 = CARTESIAN_POINT('',(4.37500025,-3.37641509434,2.50754716981));
#5086 = CIRCLE('',#5087,5.E-02);
#5087 = AXIS2_PLACEMENT_3D('',#5088,#5089,#5090);
#5088 = CARTESIAN_POINT('',(4.37500025,-3.35,2.549999999999));
#5089 = DIRECTION('',(1.,-1.224646799147E-16,0.));
#5090 = DIRECTION('',(-6.469832146439E-17,-0.528301886792,
    -0.849056603774));
#5091 = ORIENTED_EDGE('',*,*,#5092,.F.);
#5092 = EDGE_CURVE('',#5093,#5084,#5095,.T.);
#5093 = VERTEX_POINT('',#5094);
#5094 = CARTESIAN_POINT('',(4.37500025,-3.766071428573,2.75));
#5095 = LINE('',#5096,#5097);
#5096 = CARTESIAN_POINT('',(4.37500025,-3.766071428573,2.75));
#5097 = VECTOR('',#5098,1.);
#5098 = DIRECTION('',(1.039794452106E-16,0.849056603774,-0.528301886792)
  );
#5099 = ORIENTED_EDGE('',*,*,#5100,.F.);
#5100 = EDGE_CURVE('',#5051,#5093,#5101,.T.);
#5101 = LINE('',#5102,#5103);
#5102 = CARTESIAN_POINT('',(4.37500025,-1.7,2.75));
#5103 = VECTOR('',#5104,1.);
#5104 = DIRECTION('',(-1.224646799147E-16,-1.,-1.110223024625E-16));
#5105 = PLANE('',#5106);
#5106 = AXIS2_PLACEMENT_3D('',#5107,#5108,#5109);
#5107 = CARTESIAN_POINT('',(4.37500025,-3.62,3.425));
#5108 = DIRECTION('',(1.,-1.224646799147E-16,0.));
#5109 = DIRECTION('',(1.224646799147E-16,1.,1.110223024625E-16));
#5110 = ADVANCED_FACE('',(#5111),#5198,.F.);
#5111 = FACE_BOUND('',#5112,.T.);
#5112 = EDGE_LOOP('',(#5113,#5114,#5115,#5116,#5124,#5132,#5141,#5149,
    #5158,#5166,#5174,#5183,#5191,#5197));
#5113 = ORIENTED_EDGE('',*,*,#4158,.F.);
#5114 = ORIENTED_EDGE('',*,*,#4830,.F.);
#5115 = ORIENTED_EDGE('',*,*,#4944,.T.);
#5116 = ORIENTED_EDGE('',*,*,#5117,.F.);
#5117 = EDGE_CURVE('',#5118,#4937,#5120,.T.);
#5118 = VERTEX_POINT('',#5119);
#5119 = CARTESIAN_POINT('',(4.37500025,0.25,2.059999999999));
#5120 = LINE('',#5121,#5122);
#5121 = CARTESIAN_POINT('',(4.37500025,0.25,2.059999999999));
#5122 = VECTOR('',#5123,1.);
#5123 = DIRECTION('',(-8.659560562354E-17,-0.707106781186,0.707106781187
    ));
#5124 = ORIENTED_EDGE('',*,*,#5125,.F.);
#5125 = EDGE_CURVE('',#5126,#5118,#5128,.T.);
#5126 = VERTEX_POINT('',#5127);
#5127 = CARTESIAN_POINT('',(4.37500025,0.25,0.249999999999));
#5128 = LINE('',#5129,#5130);
#5129 = CARTESIAN_POINT('',(4.37500025,0.25,0.249999999999));
#5130 = VECTOR('',#5131,1.);
#5131 = DIRECTION('',(-1.359631073447E-32,-1.110223024625E-16,1.));
#5132 = ORIENTED_EDGE('',*,*,#5133,.F.);
#5133 = EDGE_CURVE('',#5134,#5126,#5136,.T.);
#5134 = VERTEX_POINT('',#5135);
#5135 = CARTESIAN_POINT('',(4.37500025,0.15,0.149999999999));
#5136 = CIRCLE('',#5137,0.1);
#5137 = AXIS2_PLACEMENT_3D('',#5138,#5139,#5140);
#5138 = CARTESIAN_POINT('',(4.37500025,0.15,0.249999999999));
#5139 = DIRECTION('',(1.,-1.224646799147E-16,0.));
#5140 = DIRECTION('',(2.732858457628E-30,2.231548279496E-14,-1.));
#5141 = ORIENTED_EDGE('',*,*,#5142,.F.);
#5142 = EDGE_CURVE('',#5143,#5134,#5145,.T.);
#5143 = VERTEX_POINT('',#5144);
#5144 = CARTESIAN_POINT('',(4.37500025,-3.35,0.149999999999));
#5145 = LINE('',#5146,#5147);
#5146 = CARTESIAN_POINT('',(4.37500025,-3.35,0.149999999999));
#5147 = VECTOR('',#5148,1.);
#5148 = DIRECTION('',(1.224646799147E-16,1.,1.110223024625E-16));
#5149 = ORIENTED_EDGE('',*,*,#5150,.F.);
#5150 = EDGE_CURVE('',#5151,#5143,#5153,.T.);
#5151 = VERTEX_POINT('',#5152);
#5152 = CARTESIAN_POINT('',(4.37500025,-3.45,4.999999999901E-02));
#5153 = CIRCLE('',#5154,0.1);
#5154 = AXIS2_PLACEMENT_3D('',#5155,#5156,#5157);
#5155 = CARTESIAN_POINT('',(4.37500025,-3.35,4.999999999901E-02));
#5156 = DIRECTION('',(-1.,1.224646799147E-16,0.));
#5157 = DIRECTION('',(-1.224646799147E-16,-1.,-1.110223024625E-16));
#5158 = ORIENTED_EDGE('',*,*,#5159,.F.);
#5159 = EDGE_CURVE('',#5160,#5151,#5162,.T.);
#5160 = VERTEX_POINT('',#5161);
#5161 = CARTESIAN_POINT('',(4.37500025,-3.45,-3.15));
#5162 = LINE('',#5163,#5164);
#5163 = CARTESIAN_POINT('',(4.37500025,-3.45,-3.15));
#5164 = VECTOR('',#5165,1.);
#5165 = DIRECTION('',(-1.359631073447E-32,-1.110223024625E-16,1.));
#5166 = ORIENTED_EDGE('',*,*,#5167,.F.);
#5167 = EDGE_CURVE('',#5168,#5160,#5170,.T.);
#5168 = VERTEX_POINT('',#5169);
#5169 = CARTESIAN_POINT('',(4.37500025,-3.567647058824,-3.370588235294)
  );
#5170 = LINE('',#5171,#5172);
#5171 = CARTESIAN_POINT('',(4.37500025,-3.567647058824,-3.370588235294)
  );
#5172 = VECTOR('',#5173,1.);
#5173 = DIRECTION('',(5.763043760693E-17,0.470588235294,0.882352941176)
  );
#5174 = ORIENTED_EDGE('',*,*,#5175,.F.);
#5175 = EDGE_CURVE('',#5176,#5168,#5178,.T.);
#5176 = VERTEX_POINT('',#5177);
#5177 = CARTESIAN_POINT('',(4.37500025,-3.832352941177,-3.370588235294)
  );
#5178 = CIRCLE('',#5179,0.15);
#5179 = AXIS2_PLACEMENT_3D('',#5180,#5181,#5182);
#5180 = CARTESIAN_POINT('',(4.37500025,-3.7,-3.3));
#5181 = DIRECTION('',(1.,-1.224646799147E-16,6.162975822039E-33));
#5182 = DIRECTION('',(-1.08057070513E-16,-0.882352941176,-0.470588235294
    ));
#5183 = ORIENTED_EDGE('',*,*,#5184,.F.);
#5184 = EDGE_CURVE('',#5185,#5176,#5187,.T.);
#5185 = VERTEX_POINT('',#5186);
#5186 = CARTESIAN_POINT('',(4.37500025,-3.95,-3.15));
#5187 = LINE('',#5188,#5189);
#5188 = CARTESIAN_POINT('',(4.37500025,-3.95,-3.15));
#5189 = VECTOR('',#5190,1.);
#5190 = DIRECTION('',(5.763043760693E-17,0.470588235294,-0.882352941176)
  );
#5191 = ORIENTED_EDGE('',*,*,#5192,.F.);
#5192 = EDGE_CURVE('',#3733,#5185,#5193,.T.);
#5193 = LINE('',#5194,#5195);
#5194 = CARTESIAN_POINT('',(4.37500025,-3.95,-4.999999999999E-02));
#5195 = VECTOR('',#5196,1.);
#5196 = DIRECTION('',(1.359631073447E-32,1.110223024625E-16,-1.));
#5197 = ORIENTED_EDGE('',*,*,#3732,.T.);
#5198 = PLANE('',#5199);
#5199 = AXIS2_PLACEMENT_3D('',#5200,#5201,#5202);
#5200 = CARTESIAN_POINT('',(4.37500025,-3.62,3.425));
#5201 = DIRECTION('',(1.,-1.224646799147E-16,0.));
#5202 = DIRECTION('',(1.224646799147E-16,1.,1.110223024625E-16));
#5203 = ADVANCED_FACE('',(#5204),#5222,.F.);
#5204 = FACE_BOUND('',#5205,.T.);
#5205 = EDGE_LOOP('',(#5206,#5214,#5220,#5221));
#5206 = ORIENTED_EDGE('',*,*,#5207,.T.);
#5207 = EDGE_CURVE('',#4304,#5208,#5210,.T.);
#5208 = VERTEX_POINT('',#5209);
#5209 = CARTESIAN_POINT('',(0.12500025,-1.45,1.51));
#5210 = LINE('',#5211,#5212);
#5211 = CARTESIAN_POINT('',(1.37500025,-1.45,1.51));
#5212 = VECTOR('',#5213,1.);
#5213 = DIRECTION('',(-1.,1.224646799147E-16,0.));
#5214 = ORIENTED_EDGE('',*,*,#5215,.F.);
#5215 = EDGE_CURVE('',#2541,#5208,#5216,.T.);
#5216 = LINE('',#5217,#5218);
#5217 = CARTESIAN_POINT('',(0.12500025,-1.63,1.39));
#5218 = VECTOR('',#5219,1.);
#5219 = DIRECTION('',(1.01896772969E-16,0.832050294338,0.554700196225));
#5220 = ORIENTED_EDGE('',*,*,#2548,.T.);
#5221 = ORIENTED_EDGE('',*,*,#4303,.T.);
#5222 = PLANE('',#5223);
#5223 = AXIS2_PLACEMENT_3D('',#5224,#5225,#5226);
#5224 = CARTESIAN_POINT('',(0.60000025,-1.63,1.39));
#5225 = DIRECTION('',(6.793118197936E-17,0.554700196225,-0.832050294338)
  );
#5226 = DIRECTION('',(1.,-1.224646799147E-16,0.));
#5227 = ADVANCED_FACE('',(#5228),#5246,.F.);
#5228 = FACE_BOUND('',#5229,.T.);
#5229 = EDGE_LOOP('',(#5230,#5231,#5239,#5245));
#5230 = ORIENTED_EDGE('',*,*,#2580,.T.);
#5231 = ORIENTED_EDGE('',*,*,#5232,.T.);
#5232 = EDGE_CURVE('',#2581,#5233,#5235,.T.);
#5233 = VERTEX_POINT('',#5234);
#5234 = CARTESIAN_POINT('',(2.87500025,-1.45,1.51));
#5235 = LINE('',#5236,#5237);
#5236 = CARTESIAN_POINT('',(2.87500025,-1.63,1.39));
#5237 = VECTOR('',#5238,1.);
#5238 = DIRECTION('',(1.01896772969E-16,0.832050294338,0.554700196225));
#5239 = ORIENTED_EDGE('',*,*,#5240,.T.);
#5240 = EDGE_CURVE('',#5233,#4652,#5241,.T.);
#5241 = LINE('',#5242,#5243);
#5242 = CARTESIAN_POINT('',(2.87500025,-1.45,1.51));
#5243 = VECTOR('',#5244,1.);
#5244 = DIRECTION('',(-1.,1.224646799147E-16,0.));
#5245 = ORIENTED_EDGE('',*,*,#4651,.F.);
#5246 = PLANE('',#5247);
#5247 = AXIS2_PLACEMENT_3D('',#5248,#5249,#5250);
#5248 = CARTESIAN_POINT('',(0.60000025,-1.63,1.39));
#5249 = DIRECTION('',(6.793118197936E-17,0.554700196225,-0.832050294338)
  );
#5250 = DIRECTION('',(1.,-1.224646799147E-16,0.));
#5251 = ADVANCED_FACE('',(#5252),#5270,.F.);
#5252 = FACE_BOUND('',#5253,.T.);
#5253 = EDGE_LOOP('',(#5254,#5262,#5268,#5269));
#5254 = ORIENTED_EDGE('',*,*,#5255,.T.);
#5255 = EDGE_CURVE('',#5026,#5256,#5258,.T.);
#5256 = VERTEX_POINT('',#5257);
#5257 = CARTESIAN_POINT('',(3.12500025,-1.45,1.51));
#5258 = LINE('',#5259,#5260);
#5259 = CARTESIAN_POINT('',(4.37500025,-1.45,1.51));
#5260 = VECTOR('',#5261,1.);
#5261 = DIRECTION('',(-1.,1.224646799147E-16,0.));
#5262 = ORIENTED_EDGE('',*,*,#5263,.F.);
#5263 = EDGE_CURVE('',#2605,#5256,#5264,.T.);
#5264 = LINE('',#5265,#5266);
#5265 = CARTESIAN_POINT('',(3.12500025,-1.63,1.39));
#5266 = VECTOR('',#5267,1.);
#5267 = DIRECTION('',(1.01896772969E-16,0.832050294338,0.554700196225));
#5268 = ORIENTED_EDGE('',*,*,#2612,.T.);
#5269 = ORIENTED_EDGE('',*,*,#5033,.T.);
#5270 = PLANE('',#5271);
#5271 = AXIS2_PLACEMENT_3D('',#5272,#5273,#5274);
#5272 = CARTESIAN_POINT('',(0.60000025,-1.63,1.39));
#5273 = DIRECTION('',(6.793118197936E-17,0.554700196225,-0.832050294338)
  );
#5274 = DIRECTION('',(1.,-1.224646799147E-16,0.));
#5275 = ADVANCED_FACE('',(#5276),#5309,.F.);
#5276 = FACE_BOUND('',#5277,.T.);
#5277 = EDGE_LOOP('',(#5278,#5286,#5287,#5295,#5303));
#5278 = ORIENTED_EDGE('',*,*,#5279,.F.);
#5279 = EDGE_CURVE('',#2509,#5280,#5282,.T.);
#5280 = VERTEX_POINT('',#5281);
#5281 = CARTESIAN_POINT('',(-0.59999975,-1.555,1.44));
#5282 = LINE('',#5283,#5284);
#5283 = CARTESIAN_POINT('',(-0.59999975,-1.63,1.39));
#5284 = VECTOR('',#5285,1.);
#5285 = DIRECTION('',(1.01896772969E-16,0.832050294338,0.554700196225));
#5286 = ORIENTED_EDGE('',*,*,#2516,.T.);
#5287 = ORIENTED_EDGE('',*,*,#5288,.T.);
#5288 = EDGE_CURVE('',#2517,#5289,#5291,.T.);
#5289 = VERTEX_POINT('',#5290);
#5290 = CARTESIAN_POINT('',(-0.12499975,-1.45,1.51));
#5291 = LINE('',#5292,#5293);
#5292 = CARTESIAN_POINT('',(-0.12499975,-1.63,1.39));
#5293 = VECTOR('',#5294,1.);
#5294 = DIRECTION('',(1.01896772969E-16,0.832050294338,0.554700196225));
#5295 = ORIENTED_EDGE('',*,*,#5296,.T.);
#5296 = EDGE_CURVE('',#5289,#5297,#5299,.T.);
#5297 = VERTEX_POINT('',#5298);
#5298 = CARTESIAN_POINT('',(-0.59999975,-1.45,1.51));
#5299 = LINE('',#5300,#5301);
#5300 = CARTESIAN_POINT('',(-0.12499975,-1.45,1.51));
#5301 = VECTOR('',#5302,1.);
#5302 = DIRECTION('',(-1.,1.224646799147E-16,0.));
#5303 = ORIENTED_EDGE('',*,*,#5304,.F.);
#5304 = EDGE_CURVE('',#5280,#5297,#5305,.T.);
#5305 = LINE('',#5306,#5307);
#5306 = CARTESIAN_POINT('',(-0.59999975,-1.555,1.44));
#5307 = VECTOR('',#5308,1.);
#5308 = DIRECTION('',(1.01896772969E-16,0.832050294338,0.554700196225));
#5309 = PLANE('',#5310);
#5310 = AXIS2_PLACEMENT_3D('',#5311,#5312,#5313);
#5311 = CARTESIAN_POINT('',(0.60000025,-1.63,1.39));
#5312 = DIRECTION('',(6.793118197936E-17,0.554700196225,-0.832050294338)
  );
#5313 = DIRECTION('',(1.,-1.224646799147E-16,0.));
#5314 = ADVANCED_FACE('',(#5315),#5348,.F.);
#5315 = FACE_BOUND('',#5316,.T.);
#5316 = EDGE_LOOP('',(#5317,#5325,#5333,#5341,#5347));
#5317 = ORIENTED_EDGE('',*,*,#5318,.T.);
#5318 = EDGE_CURVE('',#2645,#5319,#5321,.T.);
#5319 = VERTEX_POINT('',#5320);
#5320 = CARTESIAN_POINT('',(5.10000025,-1.555,1.44));
#5321 = LINE('',#5322,#5323);
#5322 = CARTESIAN_POINT('',(5.10000025,-1.63,1.39));
#5323 = VECTOR('',#5324,1.);
#5324 = DIRECTION('',(1.01896772969E-16,0.832050294338,0.554700196225));
#5325 = ORIENTED_EDGE('',*,*,#5326,.T.);
#5326 = EDGE_CURVE('',#5319,#5327,#5329,.T.);
#5327 = VERTEX_POINT('',#5328);
#5328 = CARTESIAN_POINT('',(5.10000025,-1.45,1.51));
#5329 = LINE('',#5330,#5331);
#5330 = CARTESIAN_POINT('',(5.10000025,-1.555,1.44));
#5331 = VECTOR('',#5332,1.);
#5332 = DIRECTION('',(1.01896772969E-16,0.832050294338,0.554700196225));
#5333 = ORIENTED_EDGE('',*,*,#5334,.T.);
#5334 = EDGE_CURVE('',#5327,#5335,#5337,.T.);
#5335 = VERTEX_POINT('',#5336);
#5336 = CARTESIAN_POINT('',(4.62500025,-1.45,1.51));
#5337 = LINE('',#5338,#5339);
#5338 = CARTESIAN_POINT('',(5.10000025,-1.45,1.51));
#5339 = VECTOR('',#5340,1.);
#5340 = DIRECTION('',(-1.,1.224646799147E-16,0.));
#5341 = ORIENTED_EDGE('',*,*,#5342,.F.);
#5342 = EDGE_CURVE('',#2637,#5335,#5343,.T.);
#5343 = LINE('',#5344,#5345);
#5344 = CARTESIAN_POINT('',(4.62500025,-1.63,1.39));
#5345 = VECTOR('',#5346,1.);
#5346 = DIRECTION('',(1.01896772969E-16,0.832050294338,0.554700196225));
#5347 = ORIENTED_EDGE('',*,*,#2644,.T.);
#5348 = PLANE('',#5349);
#5349 = AXIS2_PLACEMENT_3D('',#5350,#5351,#5352);
#5350 = CARTESIAN_POINT('',(0.60000025,-1.63,1.39));
#5351 = DIRECTION('',(6.793118197936E-17,0.554700196225,-0.832050294338)
  );
#5352 = DIRECTION('',(1.,-1.224646799147E-16,0.));
#5353 = ADVANCED_FACE('',(#5354),#5414,.T.);
#5354 = FACE_BOUND('',#5355,.T.);
#5355 = EDGE_LOOP('',(#5356,#5366,#5374,#5383,#5391,#5398,#5399,#5400,
    #5408));
#5356 = ORIENTED_EDGE('',*,*,#5357,.T.);
#5357 = EDGE_CURVE('',#5358,#5360,#5362,.T.);
#5358 = VERTEX_POINT('',#5359);
#5359 = CARTESIAN_POINT('',(0.12500025,-1.46,1.66));
#5360 = VERTEX_POINT('',#5361);
#5361 = CARTESIAN_POINT('',(0.12500025,-3.110714285714,1.66));
#5362 = LINE('',#5363,#5364);
#5363 = CARTESIAN_POINT('',(0.12500025,-1.46,1.66));
#5364 = VECTOR('',#5365,1.);
#5365 = DIRECTION('',(-1.224646799147E-16,-1.,-1.110223024625E-16));
#5366 = ORIENTED_EDGE('',*,*,#5367,.T.);
#5367 = EDGE_CURVE('',#5360,#5368,#5370,.T.);
#5368 = VERTEX_POINT('',#5369);
#5369 = CARTESIAN_POINT('',(0.12500025,-3.32358490566,1.792452830189));
#5370 = LINE('',#5371,#5372);
#5371 = CARTESIAN_POINT('',(0.12500025,-3.110714285714,1.66));
#5372 = VECTOR('',#5373,1.);
#5373 = DIRECTION('',(-1.039794452106E-16,-0.849056603774,0.528301886792
    ));
#5374 = ORIENTED_EDGE('',*,*,#5375,.T.);
#5375 = EDGE_CURVE('',#5368,#5376,#5378,.T.);
#5376 = VERTEX_POINT('',#5377);
#5377 = CARTESIAN_POINT('',(0.12500025,-3.374253706839,1.793723651547));
#5378 = CIRCLE('',#5379,5.E-02);
#5379 = AXIS2_PLACEMENT_3D('',#5380,#5381,#5382);
#5380 = CARTESIAN_POINT('',(0.12500025,-3.35,1.75));
#5381 = DIRECTION('',(1.,-1.224646799147E-16,0.));
#5382 = DIRECTION('',(6.46983214644E-17,0.528301886793,0.849056603774));
#5383 = ORIENTED_EDGE('',*,*,#5384,.T.);
#5384 = EDGE_CURVE('',#5376,#5385,#5387,.T.);
#5385 = VERTEX_POINT('',#5386);
#5386 = CARTESIAN_POINT('',(0.12500025,-3.998507413677,1.447447303093));
#5387 = LINE('',#5388,#5389);
#5388 = CARTESIAN_POINT('',(0.12500025,-3.374253706839,1.793723651547));
#5389 = VECTOR('',#5390,1.);
#5390 = DIRECTION('',(-1.070920598275E-16,-0.874473030935,
    -0.485074136774));
#5391 = ORIENTED_EDGE('',*,*,#5392,.T.);
#5392 = EDGE_CURVE('',#5385,#2533,#5393,.T.);
#5393 = CIRCLE('',#5394,0.1);
#5394 = AXIS2_PLACEMENT_3D('',#5395,#5396,#5397);
#5395 = CARTESIAN_POINT('',(0.12500025,-3.95,1.36));
#5396 = DIRECTION('',(1.,-1.224646799147E-16,0.));
#5397 = DIRECTION('',(-5.940444889499E-17,-0.485074136774,0.874473030935
    ));
#5398 = ORIENTED_EDGE('',*,*,#2540,.F.);
#5399 = ORIENTED_EDGE('',*,*,#5215,.T.);
#5400 = ORIENTED_EDGE('',*,*,#5401,.T.);
#5401 = EDGE_CURVE('',#5208,#5402,#5404,.T.);
#5402 = VERTEX_POINT('',#5403);
#5403 = CARTESIAN_POINT('',(0.12500025,-1.45,1.668408085142));
#5404 = LINE('',#5405,#5406);
#5405 = CARTESIAN_POINT('',(0.12500025,-1.45,1.51));
#5406 = VECTOR('',#5407,1.);
#5407 = DIRECTION('',(-1.359631073447E-32,-1.110223024625E-16,1.));
#5408 = ORIENTED_EDGE('',*,*,#5409,.T.);
#5409 = EDGE_CURVE('',#5402,#5358,#5410,.T.);
#5410 = LINE('',#5411,#5412);
#5411 = CARTESIAN_POINT('',(0.12500025,-1.45,1.668408085142));
#5412 = VECTOR('',#5413,1.);
#5413 = DIRECTION('',(-9.373446657296E-17,-0.765400004624,
    -0.643554840649));
#5414 = PLANE('',#5415);
#5415 = AXIS2_PLACEMENT_3D('',#5416,#5417,#5418);
#5416 = CARTESIAN_POINT('',(0.12500025,-3.62,3.425));
#5417 = DIRECTION('',(1.,-1.224646799147E-16,0.));
#5418 = DIRECTION('',(1.224646799147E-16,1.,1.110223024625E-16));
#5419 = ADVANCED_FACE('',(#5420),#5480,.T.);
#5420 = FACE_BOUND('',#5421,.T.);
#5421 = EDGE_LOOP('',(#5422,#5433,#5441,#5450,#5458,#5466,#5474));
#5422 = ORIENTED_EDGE('',*,*,#5423,.T.);
#5423 = EDGE_CURVE('',#5424,#5426,#5428,.T.);
#5424 = VERTEX_POINT('',#5425);
#5425 = CARTESIAN_POINT('',(0.12500025,-3.37641509434,2.507547169811));
#5426 = VERTEX_POINT('',#5427);
#5427 = CARTESIAN_POINT('',(0.12500025,-3.3234527379,2.507629693475));
#5428 = CIRCLE('',#5429,5.E-02);
#5429 = AXIS2_PLACEMENT_3D('',#5430,#5431,#5432);
#5430 = CARTESIAN_POINT('',(0.12500025,-3.35,2.55));
#5431 = DIRECTION('',(1.,-1.224646799147E-16,6.162975822039E-33));
#5432 = DIRECTION('',(-6.469832146438E-17,-0.528301886792,
    -0.849056603774));
#5433 = ORIENTED_EDGE('',*,*,#5434,.T.);
#5434 = EDGE_CURVE('',#5426,#5435,#5437,.T.);
#5435 = VERTEX_POINT('',#5436);
#5436 = CARTESIAN_POINT('',(0.12500025,-3.05,2.678962452199));
#5437 = LINE('',#5438,#5439);
#5438 = CARTESIAN_POINT('',(0.12500025,-3.3234527379,2.507629693475));
#5439 = VECTOR('',#5440,1.);
#5440 = DIRECTION('',(1.037773205292E-16,0.847406130498,0.530945241992)
  );
#5441 = ORIENTED_EDGE('',*,*,#5442,.T.);
#5442 = EDGE_CURVE('',#5435,#5443,#5445,.T.);
#5443 = VERTEX_POINT('',#5444);
#5444 = CARTESIAN_POINT('',(0.12500025,-2.837621903203,2.74));
#5445 = CIRCLE('',#5446,0.4);
#5446 = AXIS2_PLACEMENT_3D('',#5447,#5448,#5449);
#5447 = CARTESIAN_POINT('',(0.12500025,-2.837621903203,2.34));
#5448 = DIRECTION('',(-1.,1.224646799147E-16,6.162975822039E-33));
#5449 = DIRECTION('',(-6.502203911284E-17,-0.530945241992,0.847406130498
    ));
#5450 = ORIENTED_EDGE('',*,*,#5451,.T.);
#5451 = EDGE_CURVE('',#5443,#5452,#5454,.T.);
#5452 = VERTEX_POINT('',#5453);
#5453 = CARTESIAN_POINT('',(0.12500025,-1.683333333333,2.74));
#5454 = LINE('',#5455,#5456);
#5455 = CARTESIAN_POINT('',(0.12500025,-2.837621903203,2.74));
#5456 = VECTOR('',#5457,1.);
#5457 = DIRECTION('',(1.224646799147E-16,1.,1.110223024625E-16));
#5458 = ORIENTED_EDGE('',*,*,#5459,.T.);
#5459 = EDGE_CURVE('',#5452,#5460,#5462,.T.);
#5460 = VERTEX_POINT('',#5461);
#5461 = CARTESIAN_POINT('',(0.12500025,-1.7,2.75));
#5462 = LINE('',#5463,#5464);
#5463 = CARTESIAN_POINT('',(0.12500025,-1.683333333333,2.74));
#5464 = VECTOR('',#5465,1.);
#5465 = DIRECTION('',(-1.050125966765E-16,-0.857492925713,0.514495755428
    ));
#5466 = ORIENTED_EDGE('',*,*,#5467,.T.);
#5467 = EDGE_CURVE('',#5460,#5468,#5470,.T.);
#5468 = VERTEX_POINT('',#5469);
#5469 = CARTESIAN_POINT('',(0.12500025,-3.766071428571,2.75));
#5470 = LINE('',#5471,#5472);
#5471 = CARTESIAN_POINT('',(0.12500025,-1.7,2.75));
#5472 = VECTOR('',#5473,1.);
#5473 = DIRECTION('',(-1.224646799147E-16,-1.,-1.110223024625E-16));
#5474 = ORIENTED_EDGE('',*,*,#5475,.T.);
#5475 = EDGE_CURVE('',#5468,#5424,#5476,.T.);
#5476 = LINE('',#5477,#5478);
#5477 = CARTESIAN_POINT('',(0.12500025,-3.766071428571,2.75));
#5478 = VECTOR('',#5479,1.);
#5479 = DIRECTION('',(1.039794452106E-16,0.849056603774,-0.528301886792)
  );
#5480 = PLANE('',#5481);
#5481 = AXIS2_PLACEMENT_3D('',#5482,#5483,#5484);
#5482 = CARTESIAN_POINT('',(0.12500025,-3.62,3.425));
#5483 = DIRECTION('',(1.,-1.224646799147E-16,0.));
#5484 = DIRECTION('',(1.224646799147E-16,1.,1.110223024625E-16));
#5485 = ADVANCED_FACE('',(#5486),#5545,.T.);
#5486 = FACE_BOUND('',#5487,.T.);
#5487 = EDGE_LOOP('',(#5488,#5496,#5497,#5498,#5506,#5514,#5523,#5531,
    #5539));
#5488 = ORIENTED_EDGE('',*,*,#5489,.T.);
#5489 = EDGE_CURVE('',#5490,#4902,#5492,.T.);
#5490 = VERTEX_POINT('',#5491);
#5491 = CARTESIAN_POINT('',(0.12500025,0.25,2.06));
#5492 = LINE('',#5493,#5494);
#5493 = CARTESIAN_POINT('',(0.12500025,0.25,2.06));
#5494 = VECTOR('',#5495,1.);
#5495 = DIRECTION('',(-8.659560562356E-17,-0.707106781187,0.707106781186
    ));
#5496 = ORIENTED_EDGE('',*,*,#4901,.F.);
#5497 = ORIENTED_EDGE('',*,*,#4765,.T.);
#5498 = ORIENTED_EDGE('',*,*,#5499,.T.);
#5499 = EDGE_CURVE('',#4758,#5500,#5502,.T.);
#5500 = VERTEX_POINT('',#5501);
#5501 = CARTESIAN_POINT('',(0.12500025,-3.17,0.15));
#5502 = LINE('',#5503,#5504);
#5503 = CARTESIAN_POINT('',(0.12500025,-3.28,0.25));
#5504 = VECTOR('',#5505,1.);
#5505 = DIRECTION('',(9.061652424452E-17,0.739940073396,-0.672672793996)
  );
#5506 = ORIENTED_EDGE('',*,*,#5507,.T.);
#5507 = EDGE_CURVE('',#5500,#5508,#5510,.T.);
#5508 = VERTEX_POINT('',#5509);
#5509 = CARTESIAN_POINT('',(0.12500025,-0.45,0.15));
#5510 = LINE('',#5511,#5512);
#5511 = CARTESIAN_POINT('',(0.12500025,-3.17,0.15));
#5512 = VECTOR('',#5513,1.);
#5513 = DIRECTION('',(1.224646799147E-16,1.,1.110223024625E-16));
#5514 = ORIENTED_EDGE('',*,*,#5515,.T.);
#5515 = EDGE_CURVE('',#5508,#5516,#5518,.T.);
#5516 = VERTEX_POINT('',#5517);
#5517 = CARTESIAN_POINT('',(0.12500025,-0.25,-4.999999999999E-02));
#5518 = CIRCLE('',#5519,0.2);
#5519 = AXIS2_PLACEMENT_3D('',#5520,#5521,#5522);
#5520 = CARTESIAN_POINT('',(0.12500025,-0.45,-4.999999999999E-02));
#5521 = DIRECTION('',(-1.,1.224646799147E-16,0.));
#5522 = DIRECTION('',(-1.359631073447E-32,-1.110223024625E-16,1.));
#5523 = ORIENTED_EDGE('',*,*,#5524,.F.);
#5524 = EDGE_CURVE('',#5525,#5516,#5527,.T.);
#5525 = VERTEX_POINT('',#5526);
#5526 = CARTESIAN_POINT('',(0.12500025,-0.25,-0.894879198431));
#5527 = LINE('',#5528,#5529);
#5528 = CARTESIAN_POINT('',(0.12500025,-0.25,-0.894879198431));
#5529 = VECTOR('',#5530,1.);
#5530 = DIRECTION('',(-1.359631073447E-32,-1.110223024625E-16,1.));
#5531 = ORIENTED_EDGE('',*,*,#5532,.T.);
#5532 = EDGE_CURVE('',#5525,#5533,#5535,.T.);
#5533 = VERTEX_POINT('',#5534);
#5534 = CARTESIAN_POINT('',(0.12500025,0.25,-0.894879198431));
#5535 = LINE('',#5536,#5537);
#5536 = CARTESIAN_POINT('',(0.12500025,-0.25,-0.894879198431));
#5537 = VECTOR('',#5538,1.);
#5538 = DIRECTION('',(1.224646799147E-16,1.,1.110223024625E-16));
#5539 = ORIENTED_EDGE('',*,*,#5540,.F.);
#5540 = EDGE_CURVE('',#5490,#5533,#5541,.T.);
#5541 = LINE('',#5542,#5543);
#5542 = CARTESIAN_POINT('',(0.12500025,0.25,2.06));
#5543 = VECTOR('',#5544,1.);
#5544 = DIRECTION('',(1.359631073447E-32,1.110223024625E-16,-1.));
#5545 = PLANE('',#5546);
#5546 = AXIS2_PLACEMENT_3D('',#5547,#5548,#5549);
#5547 = CARTESIAN_POINT('',(0.12500025,-3.62,3.425));
#5548 = DIRECTION('',(1.,-1.224646799147E-16,0.));
#5549 = DIRECTION('',(1.224646799147E-16,1.,1.110223024625E-16));
#5550 = ADVANCED_FACE('',(#5551),#5576,.T.);
#5551 = FACE_BOUND('',#5552,.T.);
#5552 = EDGE_LOOP('',(#5553,#5561,#5562,#5570));
#5553 = ORIENTED_EDGE('',*,*,#5554,.T.);
#5554 = EDGE_CURVE('',#5555,#5358,#5557,.T.);
#5555 = VERTEX_POINT('',#5556);
#5556 = CARTESIAN_POINT('',(-0.12499975,-1.46,1.66));
#5557 = LINE('',#5558,#5559);
#5558 = CARTESIAN_POINT('',(-0.12499975,-1.46,1.66));
#5559 = VECTOR('',#5560,1.);
#5560 = DIRECTION('',(1.,-1.224646799147E-16,0.));
#5561 = ORIENTED_EDGE('',*,*,#5409,.F.);
#5562 = ORIENTED_EDGE('',*,*,#5563,.F.);
#5563 = EDGE_CURVE('',#5564,#5402,#5566,.T.);
#5564 = VERTEX_POINT('',#5565);
#5565 = CARTESIAN_POINT('',(-0.12499975,-1.45,1.668408085142));
#5566 = LINE('',#5567,#5568);
#5567 = CARTESIAN_POINT('',(-0.12499975,-1.45,1.668408085142));
#5568 = VECTOR('',#5569,1.);
#5569 = DIRECTION('',(1.,-1.224646799147E-16,0.));
#5570 = ORIENTED_EDGE('',*,*,#5571,.T.);
#5571 = EDGE_CURVE('',#5564,#5555,#5572,.T.);
#5572 = LINE('',#5573,#5574);
#5573 = CARTESIAN_POINT('',(-0.12499975,-1.45,1.668408085142));
#5574 = VECTOR('',#5575,1.);
#5575 = DIRECTION('',(-9.373446657296E-17,-0.765400004624,
    -0.643554840649));
#5576 = PLANE('',#5577);
#5577 = AXIS2_PLACEMENT_3D('',#5578,#5579,#5580);
#5578 = CARTESIAN_POINT('',(-0.12499975,-1.214355484065,1.866540000462)
  );
#5579 = DIRECTION('',(-7.881273756761E-17,-0.643554840649,0.765400004624
    ));
#5580 = DIRECTION('',(1.,-1.224646799147E-16,0.));
#5581 = ADVANCED_FACE('',(#5582),#5633,.F.);
#5582 = FACE_BOUND('',#5583,.T.);
#5583 = EDGE_LOOP('',(#5584,#5590,#5591,#5592,#5601,#5609,#5618,#5626,
    #5632));
#5584 = ORIENTED_EDGE('',*,*,#5585,.F.);
#5585 = EDGE_CURVE('',#5289,#5564,#5586,.T.);
#5586 = LINE('',#5587,#5588);
#5587 = CARTESIAN_POINT('',(-0.12499975,-1.45,1.51));
#5588 = VECTOR('',#5589,1.);
#5589 = DIRECTION('',(-1.359631073447E-32,-1.110223024625E-16,1.));
#5590 = ORIENTED_EDGE('',*,*,#5288,.F.);
#5591 = ORIENTED_EDGE('',*,*,#2524,.T.);
#5592 = ORIENTED_EDGE('',*,*,#5593,.F.);
#5593 = EDGE_CURVE('',#5594,#2525,#5596,.T.);
#5594 = VERTEX_POINT('',#5595);
#5595 = CARTESIAN_POINT('',(-0.12499975,-3.998507413677,1.447447303093)
  );
#5596 = CIRCLE('',#5597,0.1);
#5597 = AXIS2_PLACEMENT_3D('',#5598,#5599,#5600);
#5598 = CARTESIAN_POINT('',(-0.12499975,-3.95,1.36));
#5599 = DIRECTION('',(1.,-1.224646799147E-16,0.));
#5600 = DIRECTION('',(-5.940444889499E-17,-0.485074136774,0.874473030935
    ));
#5601 = ORIENTED_EDGE('',*,*,#5602,.F.);
#5602 = EDGE_CURVE('',#5603,#5594,#5605,.T.);
#5603 = VERTEX_POINT('',#5604);
#5604 = CARTESIAN_POINT('',(-0.12499975,-3.374253706839,1.793723651547)
  );
#5605 = LINE('',#5606,#5607);
#5606 = CARTESIAN_POINT('',(-0.12499975,-3.374253706839,1.793723651547)
  );
#5607 = VECTOR('',#5608,1.);
#5608 = DIRECTION('',(-1.070920598275E-16,-0.874473030935,
    -0.485074136774));
#5609 = ORIENTED_EDGE('',*,*,#5610,.F.);
#5610 = EDGE_CURVE('',#5611,#5603,#5613,.T.);
#5611 = VERTEX_POINT('',#5612);
#5612 = CARTESIAN_POINT('',(-0.12499975,-3.32358490566,1.792452830189));
#5613 = CIRCLE('',#5614,5.E-02);
#5614 = AXIS2_PLACEMENT_3D('',#5615,#5616,#5617);
#5615 = CARTESIAN_POINT('',(-0.12499975,-3.35,1.75));
#5616 = DIRECTION('',(1.,-1.224646799147E-16,0.));
#5617 = DIRECTION('',(6.46983214644E-17,0.528301886793,0.849056603774));
#5618 = ORIENTED_EDGE('',*,*,#5619,.F.);
#5619 = EDGE_CURVE('',#5620,#5611,#5622,.T.);
#5620 = VERTEX_POINT('',#5621);
#5621 = CARTESIAN_POINT('',(-0.12499975,-3.110714285714,1.66));
#5622 = LINE('',#5623,#5624);
#5623 = CARTESIAN_POINT('',(-0.12499975,-3.110714285714,1.66));
#5624 = VECTOR('',#5625,1.);
#5625 = DIRECTION('',(-1.039794452106E-16,-0.849056603774,0.528301886792
    ));
#5626 = ORIENTED_EDGE('',*,*,#5627,.F.);
#5627 = EDGE_CURVE('',#5555,#5620,#5628,.T.);
#5628 = LINE('',#5629,#5630);
#5629 = CARTESIAN_POINT('',(-0.12499975,-1.46,1.66));
#5630 = VECTOR('',#5631,1.);
#5631 = DIRECTION('',(-1.224646799147E-16,-1.,-1.110223024625E-16));
#5632 = ORIENTED_EDGE('',*,*,#5571,.F.);
#5633 = PLANE('',#5634);
#5634 = AXIS2_PLACEMENT_3D('',#5635,#5636,#5637);
#5635 = CARTESIAN_POINT('',(-0.12499975,-3.62,3.425));
#5636 = DIRECTION('',(1.,-1.224646799147E-16,0.));
#5637 = DIRECTION('',(1.224646799147E-16,1.,1.110223024625E-16));
#5638 = ADVANCED_FACE('',(#5639),#5699,.F.);
#5639 = FACE_BOUND('',#5640,.T.);
#5640 = EDGE_LOOP('',(#5641,#5651,#5659,#5668,#5676,#5685,#5693));
#5641 = ORIENTED_EDGE('',*,*,#5642,.F.);
#5642 = EDGE_CURVE('',#5643,#5645,#5647,.T.);
#5643 = VERTEX_POINT('',#5644);
#5644 = CARTESIAN_POINT('',(-0.12499975,-1.683333333333,2.74));
#5645 = VERTEX_POINT('',#5646);
#5646 = CARTESIAN_POINT('',(-0.12499975,-1.7,2.75));
#5647 = LINE('',#5648,#5649);
#5648 = CARTESIAN_POINT('',(-0.12499975,-1.683333333333,2.74));
#5649 = VECTOR('',#5650,1.);
#5650 = DIRECTION('',(-1.050125966765E-16,-0.857492925713,0.514495755428
    ));
#5651 = ORIENTED_EDGE('',*,*,#5652,.F.);
#5652 = EDGE_CURVE('',#5653,#5643,#5655,.T.);
#5653 = VERTEX_POINT('',#5654);
#5654 = CARTESIAN_POINT('',(-0.12499975,-2.837621903203,2.74));
#5655 = LINE('',#5656,#5657);
#5656 = CARTESIAN_POINT('',(-0.12499975,-2.837621903203,2.74));
#5657 = VECTOR('',#5658,1.);
#5658 = DIRECTION('',(1.224646799147E-16,1.,1.110223024625E-16));
#5659 = ORIENTED_EDGE('',*,*,#5660,.F.);
#5660 = EDGE_CURVE('',#5661,#5653,#5663,.T.);
#5661 = VERTEX_POINT('',#5662);
#5662 = CARTESIAN_POINT('',(-0.12499975,-3.05,2.678962452199));
#5663 = CIRCLE('',#5664,0.4);
#5664 = AXIS2_PLACEMENT_3D('',#5665,#5666,#5667);
#5665 = CARTESIAN_POINT('',(-0.12499975,-2.837621903203,2.34));
#5666 = DIRECTION('',(-1.,1.224646799147E-16,6.162975822039E-33));
#5667 = DIRECTION('',(-6.502203911284E-17,-0.530945241992,0.847406130498
    ));
#5668 = ORIENTED_EDGE('',*,*,#5669,.F.);
#5669 = EDGE_CURVE('',#5670,#5661,#5672,.T.);
#5670 = VERTEX_POINT('',#5671);
#5671 = CARTESIAN_POINT('',(-0.12499975,-3.3234527379,2.507629693475));
#5672 = LINE('',#5673,#5674);
#5673 = CARTESIAN_POINT('',(-0.12499975,-3.3234527379,2.507629693475));
#5674 = VECTOR('',#5675,1.);
#5675 = DIRECTION('',(1.037773205292E-16,0.847406130498,0.530945241992)
  );
#5676 = ORIENTED_EDGE('',*,*,#5677,.F.);
#5677 = EDGE_CURVE('',#5678,#5670,#5680,.T.);
#5678 = VERTEX_POINT('',#5679);
#5679 = CARTESIAN_POINT('',(-0.12499975,-3.37641509434,2.507547169811));
#5680 = CIRCLE('',#5681,5.E-02);
#5681 = AXIS2_PLACEMENT_3D('',#5682,#5683,#5684);
#5682 = CARTESIAN_POINT('',(-0.12499975,-3.35,2.55));
#5683 = DIRECTION('',(1.,-1.224646799147E-16,6.162975822039E-33));
#5684 = DIRECTION('',(-6.469832146438E-17,-0.528301886792,
    -0.849056603774));
#5685 = ORIENTED_EDGE('',*,*,#5686,.F.);
#5686 = EDGE_CURVE('',#5687,#5678,#5689,.T.);
#5687 = VERTEX_POINT('',#5688);
#5688 = CARTESIAN_POINT('',(-0.12499975,-3.766071428571,2.75));
#5689 = LINE('',#5690,#5691);
#5690 = CARTESIAN_POINT('',(-0.12499975,-3.766071428571,2.75));
#5691 = VECTOR('',#5692,1.);
#5692 = DIRECTION('',(1.039794452106E-16,0.849056603774,-0.528301886792)
  );
#5693 = ORIENTED_EDGE('',*,*,#5694,.F.);
#5694 = EDGE_CURVE('',#5645,#5687,#5695,.T.);
#5695 = LINE('',#5696,#5697);
#5696 = CARTESIAN_POINT('',(-0.12499975,-1.7,2.75));
#5697 = VECTOR('',#5698,1.);
#5698 = DIRECTION('',(-1.224646799147E-16,-1.,-1.110223024625E-16));
#5699 = PLANE('',#5700);
#5700 = AXIS2_PLACEMENT_3D('',#5701,#5702,#5703);
#5701 = CARTESIAN_POINT('',(-0.12499975,-3.62,3.425));
#5702 = DIRECTION('',(1.,-1.224646799147E-16,0.));
#5703 = DIRECTION('',(1.224646799147E-16,1.,1.110223024625E-16));
#5704 = ADVANCED_FACE('',(#5705),#5764,.F.);
#5705 = FACE_BOUND('',#5706,.T.);
#5706 = EDGE_LOOP('',(#5707,#5717,#5723,#5724,#5725,#5733,#5741,#5749,
    #5757));
#5707 = ORIENTED_EDGE('',*,*,#5708,.F.);
#5708 = EDGE_CURVE('',#5709,#5711,#5713,.T.);
#5709 = VERTEX_POINT('',#5710);
#5710 = CARTESIAN_POINT('',(-0.12499975,-3.17,0.15));
#5711 = VERTEX_POINT('',#5712);
#5712 = CARTESIAN_POINT('',(-0.12499975,-0.45,0.15));
#5713 = LINE('',#5714,#5715);
#5714 = CARTESIAN_POINT('',(-0.12499975,-3.17,0.15));
#5715 = VECTOR('',#5716,1.);
#5716 = DIRECTION('',(1.224646799147E-16,1.,1.110223024625E-16));
#5717 = ORIENTED_EDGE('',*,*,#5718,.F.);
#5718 = EDGE_CURVE('',#4750,#5709,#5719,.T.);
#5719 = LINE('',#5720,#5721);
#5720 = CARTESIAN_POINT('',(-0.12499975,-3.28,0.25));
#5721 = VECTOR('',#5722,1.);
#5722 = DIRECTION('',(9.061652424452E-17,0.739940073396,-0.672672793996)
  );
#5723 = ORIENTED_EDGE('',*,*,#4749,.F.);
#5724 = ORIENTED_EDGE('',*,*,#4917,.T.);
#5725 = ORIENTED_EDGE('',*,*,#5726,.F.);
#5726 = EDGE_CURVE('',#5727,#4910,#5729,.T.);
#5727 = VERTEX_POINT('',#5728);
#5728 = CARTESIAN_POINT('',(-0.12499975,0.25,2.06));
#5729 = LINE('',#5730,#5731);
#5730 = CARTESIAN_POINT('',(-0.12499975,0.25,2.06));
#5731 = VECTOR('',#5732,1.);
#5732 = DIRECTION('',(-8.659560562356E-17,-0.707106781187,0.707106781186
    ));
#5733 = ORIENTED_EDGE('',*,*,#5734,.F.);
#5734 = EDGE_CURVE('',#5735,#5727,#5737,.T.);
#5735 = VERTEX_POINT('',#5736);
#5736 = CARTESIAN_POINT('',(-0.12499975,0.25,-0.81));
#5737 = LINE('',#5738,#5739);
#5738 = CARTESIAN_POINT('',(-0.12499975,0.25,-0.81));
#5739 = VECTOR('',#5740,1.);
#5740 = DIRECTION('',(-1.359631073447E-32,-1.110223024625E-16,1.));
#5741 = ORIENTED_EDGE('',*,*,#5742,.F.);
#5742 = EDGE_CURVE('',#5743,#5735,#5745,.T.);
#5743 = VERTEX_POINT('',#5744);
#5744 = CARTESIAN_POINT('',(-0.12499975,-0.25,-0.81));
#5745 = LINE('',#5746,#5747);
#5746 = CARTESIAN_POINT('',(-0.12499975,-0.25,-0.81));
#5747 = VECTOR('',#5748,1.);
#5748 = DIRECTION('',(1.224646799147E-16,1.,1.110223024625E-16));
#5749 = ORIENTED_EDGE('',*,*,#5750,.F.);
#5750 = EDGE_CURVE('',#5751,#5743,#5753,.T.);
#5751 = VERTEX_POINT('',#5752);
#5752 = CARTESIAN_POINT('',(-0.12499975,-0.25,-4.999999999999E-02));
#5753 = LINE('',#5754,#5755);
#5754 = CARTESIAN_POINT('',(-0.12499975,-0.25,-4.999999999999E-02));
#5755 = VECTOR('',#5756,1.);
#5756 = DIRECTION('',(1.359631073447E-32,1.110223024625E-16,-1.));
#5757 = ORIENTED_EDGE('',*,*,#5758,.F.);
#5758 = EDGE_CURVE('',#5711,#5751,#5759,.T.);
#5759 = CIRCLE('',#5760,0.2);
#5760 = AXIS2_PLACEMENT_3D('',#5761,#5762,#5763);
#5761 = CARTESIAN_POINT('',(-0.12499975,-0.45,-4.999999999999E-02));
#5762 = DIRECTION('',(-1.,1.224646799147E-16,0.));
#5763 = DIRECTION('',(-1.359631073447E-32,-1.110223024625E-16,1.));
#5764 = PLANE('',#5765);
#5765 = AXIS2_PLACEMENT_3D('',#5766,#5767,#5768);
#5766 = CARTESIAN_POINT('',(-0.12499975,-3.62,3.425));
#5767 = DIRECTION('',(1.,-1.224646799147E-16,0.));
#5768 = DIRECTION('',(1.224646799147E-16,1.,1.110223024625E-16));
#5769 = ADVANCED_FACE('',(#5770),#5781,.T.);
#5770 = FACE_BOUND('',#5771,.T.);
#5771 = EDGE_LOOP('',(#5772,#5778,#5779,#5780));
#5772 = ORIENTED_EDGE('',*,*,#5773,.T.);
#5773 = EDGE_CURVE('',#5620,#5360,#5774,.T.);
#5774 = LINE('',#5775,#5776);
#5775 = CARTESIAN_POINT('',(-0.12499975,-3.110714285714,1.66));
#5776 = VECTOR('',#5777,1.);
#5777 = DIRECTION('',(1.,-1.224646799147E-16,0.));
#5778 = ORIENTED_EDGE('',*,*,#5357,.F.);
#5779 = ORIENTED_EDGE('',*,*,#5554,.F.);
#5780 = ORIENTED_EDGE('',*,*,#5627,.T.);
#5781 = PLANE('',#5782);
#5782 = AXIS2_PLACEMENT_3D('',#5783,#5784,#5785);
#5783 = CARTESIAN_POINT('',(-0.12499975,-1.46,1.66));
#5784 = DIRECTION('',(-1.359631073447E-32,-1.110223024625E-16,1.));
#5785 = DIRECTION('',(-1.,1.224646799147E-16,0.));
#5786 = ADVANCED_FACE('',(#5787),#5798,.T.);
#5787 = FACE_BOUND('',#5788,.T.);
#5788 = EDGE_LOOP('',(#5789,#5795,#5796,#5797));
#5789 = ORIENTED_EDGE('',*,*,#5790,.T.);
#5790 = EDGE_CURVE('',#5611,#5368,#5791,.T.);
#5791 = LINE('',#5792,#5793);
#5792 = CARTESIAN_POINT('',(-0.12499975,-3.32358490566,1.792452830189));
#5793 = VECTOR('',#5794,1.);
#5794 = DIRECTION('',(1.,-1.224646799147E-16,0.));
#5795 = ORIENTED_EDGE('',*,*,#5367,.F.);
#5796 = ORIENTED_EDGE('',*,*,#5773,.F.);
#5797 = ORIENTED_EDGE('',*,*,#5619,.T.);
#5798 = PLANE('',#5799);
#5799 = AXIS2_PLACEMENT_3D('',#5800,#5801,#5802);
#5800 = CARTESIAN_POINT('',(-0.12499975,-3.110714285714,1.66));
#5801 = DIRECTION('',(6.469832146439E-17,0.528301886792,0.849056603774)
  );
#5802 = DIRECTION('',(-1.,1.224646799147E-16,0.));
#5803 = ADVANCED_FACE('',(#5804),#5815,.T.);
#5804 = FACE_BOUND('',#5805,.T.);
#5805 = EDGE_LOOP('',(#5806,#5812,#5813,#5814));
#5806 = ORIENTED_EDGE('',*,*,#5807,.T.);
#5807 = EDGE_CURVE('',#5603,#5376,#5808,.T.);
#5808 = LINE('',#5809,#5810);
#5809 = CARTESIAN_POINT('',(-0.12499975,-3.374253706839,1.793723651547)
  );
#5810 = VECTOR('',#5811,1.);
#5811 = DIRECTION('',(1.,-1.224646799147E-16,0.));
#5812 = ORIENTED_EDGE('',*,*,#5375,.F.);
#5813 = ORIENTED_EDGE('',*,*,#5790,.F.);
#5814 = ORIENTED_EDGE('',*,*,#5610,.T.);
#5815 = CYLINDRICAL_SURFACE('',#5816,5.E-02);
#5816 = AXIS2_PLACEMENT_3D('',#5817,#5818,#5819);
#5817 = CARTESIAN_POINT('',(-0.12499975,-3.35,1.75));
#5818 = DIRECTION('',(-1.,1.224646799147E-16,0.));
#5819 = DIRECTION('',(1.224646799147E-16,1.,1.110223024625E-16));
#5820 = ADVANCED_FACE('',(#5821),#5832,.T.);
#5821 = FACE_BOUND('',#5822,.T.);
#5822 = EDGE_LOOP('',(#5823,#5829,#5830,#5831));
#5823 = ORIENTED_EDGE('',*,*,#5824,.T.);
#5824 = EDGE_CURVE('',#5594,#5385,#5825,.T.);
#5825 = LINE('',#5826,#5827);
#5826 = CARTESIAN_POINT('',(-0.12499975,-3.998507413677,1.447447303093)
  );
#5827 = VECTOR('',#5828,1.);
#5828 = DIRECTION('',(1.,-1.224646799147E-16,0.));
#5829 = ORIENTED_EDGE('',*,*,#5384,.F.);
#5830 = ORIENTED_EDGE('',*,*,#5807,.F.);
#5831 = ORIENTED_EDGE('',*,*,#5602,.T.);
#5832 = PLANE('',#5833);
#5833 = AXIS2_PLACEMENT_3D('',#5834,#5835,#5836);
#5834 = CARTESIAN_POINT('',(-0.12499975,-3.374253706839,1.793723651547)
  );
#5835 = DIRECTION('',(-5.940444889499E-17,-0.485074136774,0.874473030935
    ));
#5836 = DIRECTION('',(1.,-1.224646799147E-16,0.));
#5837 = ADVANCED_FACE('',(#5838),#5844,.T.);
#5838 = FACE_BOUND('',#5839,.T.);
#5839 = EDGE_LOOP('',(#5840,#5841,#5842,#5843));
#5840 = ORIENTED_EDGE('',*,*,#5392,.F.);
#5841 = ORIENTED_EDGE('',*,*,#5824,.F.);
#5842 = ORIENTED_EDGE('',*,*,#5593,.T.);
#5843 = ORIENTED_EDGE('',*,*,#2532,.T.);
#5844 = CYLINDRICAL_SURFACE('',#5845,0.1);
#5845 = AXIS2_PLACEMENT_3D('',#5846,#5847,#5848);
#5846 = CARTESIAN_POINT('',(-0.12499975,-3.95,1.36));
#5847 = DIRECTION('',(-1.,1.224646799147E-16,0.));
#5848 = DIRECTION('',(1.224646799147E-16,1.,1.110223024625E-16));
#5849 = ADVANCED_FACE('',(#5850),#5927,.F.);
#5850 = FACE_BOUND('',#5851,.T.);
#5851 = EDGE_LOOP('',(#5852,#5860,#5866,#5867,#5875,#5883,#5889,#5890,
    #5891,#5892,#5893,#5894,#5895,#5901,#5902,#5903,#5911,#5919,#5925,
    #5926));
#5852 = ORIENTED_EDGE('',*,*,#5853,.T.);
#5853 = EDGE_CURVE('',#5018,#5854,#5856,.T.);
#5854 = VERTEX_POINT('',#5855);
#5855 = CARTESIAN_POINT('',(4.62500025,-1.45,1.889999999999));
#5856 = LINE('',#5857,#5858);
#5857 = CARTESIAN_POINT('',(4.37500025,-1.45,1.889999999999));
#5858 = VECTOR('',#5859,1.);
#5859 = DIRECTION('',(1.,-1.224646799147E-16,0.));
#5860 = ORIENTED_EDGE('',*,*,#5861,.F.);
#5861 = EDGE_CURVE('',#5335,#5854,#5862,.T.);
#5862 = LINE('',#5863,#5864);
#5863 = CARTESIAN_POINT('',(4.62500025,-1.45,1.51));
#5864 = VECTOR('',#5865,1.);
#5865 = DIRECTION('',(-1.359631073447E-32,-1.110223024625E-16,1.));
#5866 = ORIENTED_EDGE('',*,*,#5334,.F.);
#5867 = ORIENTED_EDGE('',*,*,#5868,.T.);
#5868 = EDGE_CURVE('',#5327,#5869,#5871,.T.);
#5869 = VERTEX_POINT('',#5870);
#5870 = CARTESIAN_POINT('',(5.10000025,-1.45,2.6));
#5871 = LINE('',#5872,#5873);
#5872 = CARTESIAN_POINT('',(5.10000025,-1.45,1.51));
#5873 = VECTOR('',#5874,1.);
#5874 = DIRECTION('',(-1.359631073447E-32,-1.110223024625E-16,1.));
#5875 = ORIENTED_EDGE('',*,*,#5876,.T.);
#5876 = EDGE_CURVE('',#5869,#5877,#5879,.T.);
#5877 = VERTEX_POINT('',#5878);
#5878 = CARTESIAN_POINT('',(-0.59999975,-1.45,2.6));
#5879 = LINE('',#5880,#5881);
#5880 = CARTESIAN_POINT('',(5.10000025,-1.45,2.6));
#5881 = VECTOR('',#5882,1.);
#5882 = DIRECTION('',(-1.,1.224646799147E-16,0.));
#5883 = ORIENTED_EDGE('',*,*,#5884,.F.);
#5884 = EDGE_CURVE('',#5297,#5877,#5885,.T.);
#5885 = LINE('',#5886,#5887);
#5886 = CARTESIAN_POINT('',(-0.59999975,-1.45,1.51));
#5887 = VECTOR('',#5888,1.);
#5888 = DIRECTION('',(-1.359631073447E-32,-1.110223024625E-16,1.));
#5889 = ORIENTED_EDGE('',*,*,#5296,.F.);
#5890 = ORIENTED_EDGE('',*,*,#5585,.T.);
#5891 = ORIENTED_EDGE('',*,*,#5563,.T.);
#5892 = ORIENTED_EDGE('',*,*,#5401,.F.);
#5893 = ORIENTED_EDGE('',*,*,#5207,.F.);
#5894 = ORIENTED_EDGE('',*,*,#4379,.T.);
#5895 = ORIENTED_EDGE('',*,*,#5896,.T.);
#5896 = EDGE_CURVE('',#4372,#4584,#5897,.T.);
#5897 = LINE('',#5898,#5899);
#5898 = CARTESIAN_POINT('',(1.37500025,-1.45,1.889999999999));
#5899 = VECTOR('',#5900,1.);
#5900 = DIRECTION('',(1.,-1.224646799147E-16,0.));
#5901 = ORIENTED_EDGE('',*,*,#4659,.F.);
#5902 = ORIENTED_EDGE('',*,*,#5240,.F.);
#5903 = ORIENTED_EDGE('',*,*,#5904,.T.);
#5904 = EDGE_CURVE('',#5233,#5905,#5907,.T.);
#5905 = VERTEX_POINT('',#5906);
#5906 = CARTESIAN_POINT('',(2.87500025,-1.45,1.668408085142));
#5907 = LINE('',#5908,#5909);
#5908 = CARTESIAN_POINT('',(2.87500025,-1.45,1.51));
#5909 = VECTOR('',#5910,1.);
#5910 = DIRECTION('',(-1.359631073447E-32,-1.110223024625E-16,1.));
#5911 = ORIENTED_EDGE('',*,*,#5912,.T.);
#5912 = EDGE_CURVE('',#5905,#5913,#5915,.T.);
#5913 = VERTEX_POINT('',#5914);
#5914 = CARTESIAN_POINT('',(3.12500025,-1.45,1.668408085142));
#5915 = LINE('',#5916,#5917);
#5916 = CARTESIAN_POINT('',(2.87500025,-1.45,1.668408085142));
#5917 = VECTOR('',#5918,1.);
#5918 = DIRECTION('',(1.,-1.224646799147E-16,0.));
#5919 = ORIENTED_EDGE('',*,*,#5920,.F.);
#5920 = EDGE_CURVE('',#5256,#5913,#5921,.T.);
#5921 = LINE('',#5922,#5923);
#5922 = CARTESIAN_POINT('',(3.12500025,-1.45,1.51));
#5923 = VECTOR('',#5924,1.);
#5924 = DIRECTION('',(-1.359631073447E-32,-1.110223024625E-16,1.));
#5925 = ORIENTED_EDGE('',*,*,#5255,.F.);
#5926 = ORIENTED_EDGE('',*,*,#5025,.T.);
#5927 = PLANE('',#5928);
#5928 = AXIS2_PLACEMENT_3D('',#5929,#5930,#5931);
#5929 = CARTESIAN_POINT('',(0.60000025,-1.45,1.51));
#5930 = DIRECTION('',(1.224646799147E-16,1.,1.110223024625E-16));
#5931 = DIRECTION('',(-1.,1.224646799147E-16,0.));
#5932 = ADVANCED_FACE('',(#5933),#5993,.T.);
#5933 = FACE_BOUND('',#5934,.T.);
#5934 = EDGE_LOOP('',(#5935,#5945,#5953,#5962,#5970,#5979,#5987));
#5935 = ORIENTED_EDGE('',*,*,#5936,.T.);
#5936 = EDGE_CURVE('',#5937,#5939,#5941,.T.);
#5937 = VERTEX_POINT('',#5938);
#5938 = CARTESIAN_POINT('',(3.12500025,-1.7,2.75));
#5939 = VERTEX_POINT('',#5940);
#5940 = CARTESIAN_POINT('',(3.12500025,-3.766071428571,2.75));
#5941 = LINE('',#5942,#5943);
#5942 = CARTESIAN_POINT('',(3.12500025,-1.7,2.75));
#5943 = VECTOR('',#5944,1.);
#5944 = DIRECTION('',(-1.224646799147E-16,-1.,-1.110223024625E-16));
#5945 = ORIENTED_EDGE('',*,*,#5946,.T.);
#5946 = EDGE_CURVE('',#5939,#5947,#5949,.T.);
#5947 = VERTEX_POINT('',#5948);
#5948 = CARTESIAN_POINT('',(3.12500025,-3.37641509434,2.507547169811));
#5949 = LINE('',#5950,#5951);
#5950 = CARTESIAN_POINT('',(3.12500025,-3.766071428571,2.75));
#5951 = VECTOR('',#5952,1.);
#5952 = DIRECTION('',(1.039794452106E-16,0.849056603774,-0.528301886792)
  );
#5953 = ORIENTED_EDGE('',*,*,#5954,.T.);
#5954 = EDGE_CURVE('',#5947,#5955,#5957,.T.);
#5955 = VERTEX_POINT('',#5956);
#5956 = CARTESIAN_POINT('',(3.12500025,-3.3234527379,2.507629693475));
#5957 = CIRCLE('',#5958,5.E-02);
#5958 = AXIS2_PLACEMENT_3D('',#5959,#5960,#5961);
#5959 = CARTESIAN_POINT('',(3.12500025,-3.35,2.55));
#5960 = DIRECTION('',(1.,-1.224646799147E-16,6.162975822039E-33));
#5961 = DIRECTION('',(-6.469832146438E-17,-0.528301886792,
    -0.849056603774));
#5962 = ORIENTED_EDGE('',*,*,#5963,.T.);
#5963 = EDGE_CURVE('',#5955,#5964,#5966,.T.);
#5964 = VERTEX_POINT('',#5965);
#5965 = CARTESIAN_POINT('',(3.12500025,-3.05,2.678962452199));
#5966 = LINE('',#5967,#5968);
#5967 = CARTESIAN_POINT('',(3.12500025,-3.3234527379,2.507629693475));
#5968 = VECTOR('',#5969,1.);
#5969 = DIRECTION('',(1.037773205292E-16,0.847406130498,0.530945241992)
  );
#5970 = ORIENTED_EDGE('',*,*,#5971,.T.);
#5971 = EDGE_CURVE('',#5964,#5972,#5974,.T.);
#5972 = VERTEX_POINT('',#5973);
#5973 = CARTESIAN_POINT('',(3.12500025,-2.837621903203,2.74));
#5974 = CIRCLE('',#5975,0.4);
#5975 = AXIS2_PLACEMENT_3D('',#5976,#5977,#5978);
#5976 = CARTESIAN_POINT('',(3.12500025,-2.837621903203,2.34));
#5977 = DIRECTION('',(-1.,1.224646799147E-16,6.162975822039E-33));
#5978 = DIRECTION('',(-6.502203911284E-17,-0.530945241992,0.847406130498
    ));
#5979 = ORIENTED_EDGE('',*,*,#5980,.T.);
#5980 = EDGE_CURVE('',#5972,#5981,#5983,.T.);
#5981 = VERTEX_POINT('',#5982);
#5982 = CARTESIAN_POINT('',(3.12500025,-1.683333333333,2.74));
#5983 = LINE('',#5984,#5985);
#5984 = CARTESIAN_POINT('',(3.12500025,-2.837621903203,2.74));
#5985 = VECTOR('',#5986,1.);
#5986 = DIRECTION('',(1.224646799147E-16,1.,1.110223024625E-16));
#5987 = ORIENTED_EDGE('',*,*,#5988,.T.);
#5988 = EDGE_CURVE('',#5981,#5937,#5989,.T.);
#5989 = LINE('',#5990,#5991);
#5990 = CARTESIAN_POINT('',(3.12500025,-1.683333333333,2.74));
#5991 = VECTOR('',#5992,1.);
#5992 = DIRECTION('',(-1.050125966765E-16,-0.857492925713,0.514495755427
    ));
#5993 = PLANE('',#5994);
#5994 = AXIS2_PLACEMENT_3D('',#5995,#5996,#5997);
#5995 = CARTESIAN_POINT('',(3.12500025,0.25,-0.81));
#5996 = DIRECTION('',(1.,-1.224646799147E-16,0.));
#5997 = DIRECTION('',(1.224646799147E-16,1.,1.110223024625E-16));
#5998 = ADVANCED_FACE('',(#5999),#6052,.T.);
#5999 = FACE_BOUND('',#6000,.T.);
#6000 = EDGE_LOOP('',(#6001,#6011,#6019,#6028,#6036,#6043,#6044,#6045,
    #6046));
#6001 = ORIENTED_EDGE('',*,*,#6002,.T.);
#6002 = EDGE_CURVE('',#6003,#6005,#6007,.T.);
#6003 = VERTEX_POINT('',#6004);
#6004 = CARTESIAN_POINT('',(3.12500025,-1.46,1.66));
#6005 = VERTEX_POINT('',#6006);
#6006 = CARTESIAN_POINT('',(3.12500025,-3.110714285714,1.66));
#6007 = LINE('',#6008,#6009);
#6008 = CARTESIAN_POINT('',(3.12500025,-1.46,1.66));
#6009 = VECTOR('',#6010,1.);
#6010 = DIRECTION('',(-1.224646799147E-16,-1.,-1.110223024625E-16));
#6011 = ORIENTED_EDGE('',*,*,#6012,.T.);
#6012 = EDGE_CURVE('',#6005,#6013,#6015,.T.);
#6013 = VERTEX_POINT('',#6014);
#6014 = CARTESIAN_POINT('',(3.12500025,-3.32358490566,1.792452830189));
#6015 = LINE('',#6016,#6017);
#6016 = CARTESIAN_POINT('',(3.12500025,-3.110714285714,1.66));
#6017 = VECTOR('',#6018,1.);
#6018 = DIRECTION('',(-1.039794452106E-16,-0.849056603774,0.528301886792
    ));
#6019 = ORIENTED_EDGE('',*,*,#6020,.T.);
#6020 = EDGE_CURVE('',#6013,#6021,#6023,.T.);
#6021 = VERTEX_POINT('',#6022);
#6022 = CARTESIAN_POINT('',(3.12500025,-3.374253706839,1.793723651547));
#6023 = CIRCLE('',#6024,5.E-02);
#6024 = AXIS2_PLACEMENT_3D('',#6025,#6026,#6027);
#6025 = CARTESIAN_POINT('',(3.12500025,-3.35,1.75));
#6026 = DIRECTION('',(1.,-1.224646799147E-16,0.));
#6027 = DIRECTION('',(6.46983214644E-17,0.528301886793,0.849056603774));
#6028 = ORIENTED_EDGE('',*,*,#6029,.T.);
#6029 = EDGE_CURVE('',#6021,#6030,#6032,.T.);
#6030 = VERTEX_POINT('',#6031);
#6031 = CARTESIAN_POINT('',(3.12500025,-3.998507413677,1.447447303093));
#6032 = LINE('',#6033,#6034);
#6033 = CARTESIAN_POINT('',(3.12500025,-3.374253706839,1.793723651547));
#6034 = VECTOR('',#6035,1.);
#6035 = DIRECTION('',(-1.070920598275E-16,-0.874473030935,
    -0.485074136774));
#6036 = ORIENTED_EDGE('',*,*,#6037,.T.);
#6037 = EDGE_CURVE('',#6030,#2597,#6038,.T.);
#6038 = CIRCLE('',#6039,0.1);
#6039 = AXIS2_PLACEMENT_3D('',#6040,#6041,#6042);
#6040 = CARTESIAN_POINT('',(3.12500025,-3.95,1.36));
#6041 = DIRECTION('',(1.,-1.224646799147E-16,0.));
#6042 = DIRECTION('',(-5.940444889499E-17,-0.485074136774,0.874473030935
    ));
#6043 = ORIENTED_EDGE('',*,*,#2604,.F.);
#6044 = ORIENTED_EDGE('',*,*,#5263,.T.);
#6045 = ORIENTED_EDGE('',*,*,#5920,.T.);
#6046 = ORIENTED_EDGE('',*,*,#6047,.T.);
#6047 = EDGE_CURVE('',#5913,#6003,#6048,.T.);
#6048 = LINE('',#6049,#6050);
#6049 = CARTESIAN_POINT('',(3.12500025,-1.45,1.668408085142));
#6050 = VECTOR('',#6051,1.);
#6051 = DIRECTION('',(-9.373446657296E-17,-0.765400004624,
    -0.643554840649));
#6052 = PLANE('',#6053);
#6053 = AXIS2_PLACEMENT_3D('',#6054,#6055,#6056);
#6054 = CARTESIAN_POINT('',(3.12500025,0.25,-0.81));
#6055 = DIRECTION('',(1.,-1.224646799147E-16,0.));
#6056 = DIRECTION('',(1.224646799147E-16,1.,1.110223024625E-16));
#6057 = ADVANCED_FACE('',(#6058),#6117,.T.);
#6058 = FACE_BOUND('',#6059,.T.);
#6059 = EDGE_LOOP('',(#6060,#6070,#6078,#6084,#6085,#6086,#6094,#6102,
    #6111));
#6060 = ORIENTED_EDGE('',*,*,#6061,.T.);
#6061 = EDGE_CURVE('',#6062,#6064,#6066,.T.);
#6062 = VERTEX_POINT('',#6063);
#6063 = CARTESIAN_POINT('',(3.12500025,-0.25,-0.81));
#6064 = VERTEX_POINT('',#6065);
#6065 = CARTESIAN_POINT('',(3.12500025,0.25,-0.81));
#6066 = LINE('',#6067,#6068);
#6067 = CARTESIAN_POINT('',(3.12500025,-0.25,-0.81));
#6068 = VECTOR('',#6069,1.);
#6069 = DIRECTION('',(1.224646799147E-16,1.,1.110223024625E-16));
#6070 = ORIENTED_EDGE('',*,*,#6071,.F.);
#6071 = EDGE_CURVE('',#6072,#6064,#6074,.T.);
#6072 = VERTEX_POINT('',#6073);
#6073 = CARTESIAN_POINT('',(3.12500025,0.25,2.06));
#6074 = LINE('',#6075,#6076);
#6075 = CARTESIAN_POINT('',(3.12500025,0.25,2.06));
#6076 = VECTOR('',#6077,1.);
#6077 = DIRECTION('',(1.359631073447E-32,1.110223024625E-16,-1.));
#6078 = ORIENTED_EDGE('',*,*,#6079,.T.);
#6079 = EDGE_CURVE('',#6072,#4870,#6080,.T.);
#6080 = LINE('',#6081,#6082);
#6081 = CARTESIAN_POINT('',(3.12500025,0.25,2.06));
#6082 = VECTOR('',#6083,1.);
#6083 = DIRECTION('',(-8.659560562356E-17,-0.707106781187,0.707106781186
    ));
#6084 = ORIENTED_EDGE('',*,*,#4869,.F.);
#6085 = ORIENTED_EDGE('',*,*,#4814,.T.);
#6086 = ORIENTED_EDGE('',*,*,#6087,.T.);
#6087 = EDGE_CURVE('',#4807,#6088,#6090,.T.);
#6088 = VERTEX_POINT('',#6089);
#6089 = CARTESIAN_POINT('',(3.12500025,-3.17,0.15));
#6090 = LINE('',#6091,#6092);
#6091 = CARTESIAN_POINT('',(3.12500025,-3.28,0.25));
#6092 = VECTOR('',#6093,1.);
#6093 = DIRECTION('',(9.061652424452E-17,0.739940073396,-0.672672793996)
  );
#6094 = ORIENTED_EDGE('',*,*,#6095,.T.);
#6095 = EDGE_CURVE('',#6088,#6096,#6098,.T.);
#6096 = VERTEX_POINT('',#6097);
#6097 = CARTESIAN_POINT('',(3.12500025,-0.45,0.15));
#6098 = LINE('',#6099,#6100);
#6099 = CARTESIAN_POINT('',(3.12500025,-3.17,0.15));
#6100 = VECTOR('',#6101,1.);
#6101 = DIRECTION('',(1.224646799147E-16,1.,1.110223024625E-16));
#6102 = ORIENTED_EDGE('',*,*,#6103,.T.);
#6103 = EDGE_CURVE('',#6096,#6104,#6106,.T.);
#6104 = VERTEX_POINT('',#6105);
#6105 = CARTESIAN_POINT('',(3.12500025,-0.25,-4.999999999999E-02));
#6106 = CIRCLE('',#6107,0.2);
#6107 = AXIS2_PLACEMENT_3D('',#6108,#6109,#6110);
#6108 = CARTESIAN_POINT('',(3.12500025,-0.45,-4.999999999999E-02));
#6109 = DIRECTION('',(-1.,1.224646799147E-16,0.));
#6110 = DIRECTION('',(-1.359631073447E-32,-1.110223024625E-16,1.));
#6111 = ORIENTED_EDGE('',*,*,#6112,.F.);
#6112 = EDGE_CURVE('',#6062,#6104,#6113,.T.);
#6113 = LINE('',#6114,#6115);
#6114 = CARTESIAN_POINT('',(3.12500025,-0.25,-0.81));
#6115 = VECTOR('',#6116,1.);
#6116 = DIRECTION('',(-1.359631073447E-32,-1.110223024625E-16,1.));
#6117 = PLANE('',#6118);
#6118 = AXIS2_PLACEMENT_3D('',#6119,#6120,#6121);
#6119 = CARTESIAN_POINT('',(3.12500025,0.25,-0.81));
#6120 = DIRECTION('',(1.,-1.224646799147E-16,0.));
#6121 = DIRECTION('',(1.224646799147E-16,1.,1.110223024625E-16));
#6122 = ADVANCED_FACE('',(#6123),#6222,.F.);
#6123 = FACE_BOUND('',#6124,.T.);
#6124 = EDGE_LOOP('',(#6125,#6131,#6132,#6140,#6148,#6154,#6155,#6161,
    #6162,#6168,#6169,#6175,#6176,#6184,#6190,#6191,#6199,#6207,#6215,
    #6221));
#6125 = ORIENTED_EDGE('',*,*,#6126,.T.);
#6126 = EDGE_CURVE('',#5051,#5937,#6127,.T.);
#6127 = LINE('',#6128,#6129);
#6128 = CARTESIAN_POINT('',(4.37500025,-1.7,2.75));
#6129 = VECTOR('',#6130,1.);
#6130 = DIRECTION('',(-1.,1.224646799147E-16,0.));
#6131 = ORIENTED_EDGE('',*,*,#5988,.F.);
#6132 = ORIENTED_EDGE('',*,*,#6133,.F.);
#6133 = EDGE_CURVE('',#6134,#5981,#6136,.T.);
#6134 = VERTEX_POINT('',#6135);
#6135 = CARTESIAN_POINT('',(2.87500025,-1.683333333333,2.74));
#6136 = LINE('',#6137,#6138);
#6137 = CARTESIAN_POINT('',(2.87500025,-1.683333333333,2.74));
#6138 = VECTOR('',#6139,1.);
#6139 = DIRECTION('',(1.,-1.224646799147E-16,0.));
#6140 = ORIENTED_EDGE('',*,*,#6141,.T.);
#6141 = EDGE_CURVE('',#6134,#6142,#6144,.T.);
#6142 = VERTEX_POINT('',#6143);
#6143 = CARTESIAN_POINT('',(2.87500025,-1.7,2.75));
#6144 = LINE('',#6145,#6146);
#6145 = CARTESIAN_POINT('',(2.87500025,-1.683333333333,2.74));
#6146 = VECTOR('',#6147,1.);
#6147 = DIRECTION('',(-1.050125966765E-16,-0.857492925713,0.514495755428
    ));
#6148 = ORIENTED_EDGE('',*,*,#6149,.T.);
#6149 = EDGE_CURVE('',#6142,#4674,#6150,.T.);
#6150 = LINE('',#6151,#6152);
#6151 = CARTESIAN_POINT('',(2.87500025,-1.7,2.75));
#6152 = VECTOR('',#6153,1.);
#6153 = DIRECTION('',(-1.,1.224646799147E-16,0.));
#6154 = ORIENTED_EDGE('',*,*,#4725,.F.);
#6155 = ORIENTED_EDGE('',*,*,#6156,.F.);
#6156 = EDGE_CURVE('',#4396,#4718,#6157,.T.);
#6157 = LINE('',#6158,#6159);
#6158 = CARTESIAN_POINT('',(1.37500025,-1.683333333332,2.739999999999));
#6159 = VECTOR('',#6160,1.);
#6160 = DIRECTION('',(1.,-1.224646799147E-16,0.));
#6161 = ORIENTED_EDGE('',*,*,#4445,.T.);
#6162 = ORIENTED_EDGE('',*,*,#6163,.T.);
#6163 = EDGE_CURVE('',#4438,#5460,#6164,.T.);
#6164 = LINE('',#6165,#6166);
#6165 = CARTESIAN_POINT('',(1.37500025,-1.7,2.75));
#6166 = VECTOR('',#6167,1.);
#6167 = DIRECTION('',(-1.,1.224646799147E-16,0.));
#6168 = ORIENTED_EDGE('',*,*,#5459,.F.);
#6169 = ORIENTED_EDGE('',*,*,#6170,.F.);
#6170 = EDGE_CURVE('',#5643,#5452,#6171,.T.);
#6171 = LINE('',#6172,#6173);
#6172 = CARTESIAN_POINT('',(-0.12499975,-1.683333333333,2.74));
#6173 = VECTOR('',#6174,1.);
#6174 = DIRECTION('',(1.,-1.224646799147E-16,0.));
#6175 = ORIENTED_EDGE('',*,*,#5642,.T.);
#6176 = ORIENTED_EDGE('',*,*,#6177,.T.);
#6177 = EDGE_CURVE('',#5645,#6178,#6180,.T.);
#6178 = VERTEX_POINT('',#6179);
#6179 = CARTESIAN_POINT('',(-0.59999975,-1.7,2.75));
#6180 = LINE('',#6181,#6182);
#6181 = CARTESIAN_POINT('',(-0.12499975,-1.7,2.75));
#6182 = VECTOR('',#6183,1.);
#6183 = DIRECTION('',(-1.,1.224646799147E-16,0.));
#6184 = ORIENTED_EDGE('',*,*,#6185,.F.);
#6185 = EDGE_CURVE('',#5877,#6178,#6186,.T.);
#6186 = LINE('',#6187,#6188);
#6187 = CARTESIAN_POINT('',(-0.59999975,-1.45,2.6));
#6188 = VECTOR('',#6189,1.);
#6189 = DIRECTION('',(-1.050125966765E-16,-0.857492925713,0.514495755428
    ));
#6190 = ORIENTED_EDGE('',*,*,#5876,.F.);
#6191 = ORIENTED_EDGE('',*,*,#6192,.T.);
#6192 = EDGE_CURVE('',#5869,#6193,#6195,.T.);
#6193 = VERTEX_POINT('',#6194);
#6194 = CARTESIAN_POINT('',(5.10000025,-1.7,2.75));
#6195 = LINE('',#6196,#6197);
#6196 = CARTESIAN_POINT('',(5.10000025,-1.45,2.6));
#6197 = VECTOR('',#6198,1.);
#6198 = DIRECTION('',(-1.050125966765E-16,-0.857492925713,0.514495755428
    ));
#6199 = ORIENTED_EDGE('',*,*,#6200,.T.);
#6200 = EDGE_CURVE('',#6193,#6201,#6203,.T.);
#6201 = VERTEX_POINT('',#6202);
#6202 = CARTESIAN_POINT('',(4.62500025,-1.7,2.75));
#6203 = LINE('',#6204,#6205);
#6204 = CARTESIAN_POINT('',(5.10000025,-1.7,2.75));
#6205 = VECTOR('',#6206,1.);
#6206 = DIRECTION('',(-1.,1.224646799147E-16,0.));
#6207 = ORIENTED_EDGE('',*,*,#6208,.F.);
#6208 = EDGE_CURVE('',#6209,#6201,#6211,.T.);
#6209 = VERTEX_POINT('',#6210);
#6210 = CARTESIAN_POINT('',(4.62500025,-1.683333333332,2.739999999999));
#6211 = LINE('',#6212,#6213);
#6212 = CARTESIAN_POINT('',(4.62500025,-1.683333333332,2.739999999999));
#6213 = VECTOR('',#6214,1.);
#6214 = DIRECTION('',(-1.050125966765E-16,-0.857492925713,0.514495755428
    ));
#6215 = ORIENTED_EDGE('',*,*,#6216,.F.);
#6216 = EDGE_CURVE('',#5049,#6209,#6217,.T.);
#6217 = LINE('',#6218,#6219);
#6218 = CARTESIAN_POINT('',(4.37500025,-1.683333333332,2.739999999999));
#6219 = VECTOR('',#6220,1.);
#6220 = DIRECTION('',(1.,-1.224646799147E-16,0.));
#6221 = ORIENTED_EDGE('',*,*,#5048,.T.);
#6222 = PLANE('',#6223);
#6223 = AXIS2_PLACEMENT_3D('',#6224,#6225,#6226);
#6224 = CARTESIAN_POINT('',(0.60000025,-1.45,2.6));
#6225 = DIRECTION('',(6.300755800592E-17,0.514495755428,0.857492925713)
  );
#6226 = DIRECTION('',(-1.,1.224646799147E-16,0.));
#6227 = ADVANCED_FACE('',(#6228),#6246,.T.);
#6228 = FACE_BOUND('',#6229,.T.);
#6229 = EDGE_LOOP('',(#6230,#6238,#6244,#6245));
#6230 = ORIENTED_EDGE('',*,*,#6231,.F.);
#6231 = EDGE_CURVE('',#6232,#6209,#6234,.T.);
#6232 = VERTEX_POINT('',#6233);
#6233 = CARTESIAN_POINT('',(4.62500025,-2.837621903203,2.739999999999));
#6234 = LINE('',#6235,#6236);
#6235 = CARTESIAN_POINT('',(4.62500025,-2.837621903203,2.739999999999));
#6236 = VECTOR('',#6237,1.);
#6237 = DIRECTION('',(1.224646799147E-16,1.,1.110223024625E-16));
#6238 = ORIENTED_EDGE('',*,*,#6239,.F.);
#6239 = EDGE_CURVE('',#5059,#6232,#6240,.T.);
#6240 = LINE('',#6241,#6242);
#6241 = CARTESIAN_POINT('',(4.37500025,-2.837621903203,2.739999999999));
#6242 = VECTOR('',#6243,1.);
#6243 = DIRECTION('',(1.,-1.224646799147E-16,0.));
#6244 = ORIENTED_EDGE('',*,*,#5058,.T.);
#6245 = ORIENTED_EDGE('',*,*,#6216,.T.);
#6246 = PLANE('',#6247);
#6247 = AXIS2_PLACEMENT_3D('',#6248,#6249,#6250);
#6248 = CARTESIAN_POINT('',(4.37500025,-2.837621903203,2.739999999999));
#6249 = DIRECTION('',(1.359631073447E-32,1.110223024625E-16,-1.));
#6250 = DIRECTION('',(-1.224646799147E-16,-1.,-1.110223024625E-16));
#6251 = ADVANCED_FACE('',(#6252),#6271,.F.);
#6252 = FACE_BOUND('',#6253,.F.);
#6253 = EDGE_LOOP('',(#6254,#6255,#6263,#6270));
#6254 = ORIENTED_EDGE('',*,*,#5066,.F.);
#6255 = ORIENTED_EDGE('',*,*,#6256,.T.);
#6256 = EDGE_CURVE('',#5067,#6257,#6259,.T.);
#6257 = VERTEX_POINT('',#6258);
#6258 = CARTESIAN_POINT('',(4.62500025,-3.05,2.678962452198));
#6259 = LINE('',#6260,#6261);
#6260 = CARTESIAN_POINT('',(4.37500025,-3.05,2.678962452198));
#6261 = VECTOR('',#6262,1.);
#6262 = DIRECTION('',(1.,-1.224646799147E-16,0.));
#6263 = ORIENTED_EDGE('',*,*,#6264,.T.);
#6264 = EDGE_CURVE('',#6257,#6232,#6265,.T.);
#6265 = CIRCLE('',#6266,0.4);
#6266 = AXIS2_PLACEMENT_3D('',#6267,#6268,#6269);
#6267 = CARTESIAN_POINT('',(4.62500025,-2.837621903203,2.339999999999));
#6268 = DIRECTION('',(-1.,1.224646799147E-16,6.162975822039E-33));
#6269 = DIRECTION('',(-6.502203911284E-17,-0.530945241992,0.847406130498
    ));
#6270 = ORIENTED_EDGE('',*,*,#6239,.F.);
#6271 = CYLINDRICAL_SURFACE('',#6272,0.4);
#6272 = AXIS2_PLACEMENT_3D('',#6273,#6274,#6275);
#6273 = CARTESIAN_POINT('',(4.37500025,-2.837621903203,2.339999999999));
#6274 = DIRECTION('',(-1.,1.224646799147E-16,0.));
#6275 = DIRECTION('',(1.224646799147E-16,1.,1.110223024625E-16));
#6276 = ADVANCED_FACE('',(#6277),#6295,.T.);
#6277 = FACE_BOUND('',#6278,.T.);
#6278 = EDGE_LOOP('',(#6279,#6280,#6288,#6294));
#6279 = ORIENTED_EDGE('',*,*,#6256,.T.);
#6280 = ORIENTED_EDGE('',*,*,#6281,.F.);
#6281 = EDGE_CURVE('',#6282,#6257,#6284,.T.);
#6282 = VERTEX_POINT('',#6283);
#6283 = CARTESIAN_POINT('',(4.62500025,-3.3234527379,2.507629693474));
#6284 = LINE('',#6285,#6286);
#6285 = CARTESIAN_POINT('',(4.62500025,-3.3234527379,2.507629693474));
#6286 = VECTOR('',#6287,1.);
#6287 = DIRECTION('',(1.037773205292E-16,0.847406130498,0.530945241992)
  );
#6288 = ORIENTED_EDGE('',*,*,#6289,.F.);
#6289 = EDGE_CURVE('',#5076,#6282,#6290,.T.);
#6290 = LINE('',#6291,#6292);
#6291 = CARTESIAN_POINT('',(4.37500025,-3.3234527379,2.507629693474));
#6292 = VECTOR('',#6293,1.);
#6293 = DIRECTION('',(1.,-1.224646799147E-16,0.));
#6294 = ORIENTED_EDGE('',*,*,#5075,.T.);
#6295 = PLANE('',#6296);
#6296 = AXIS2_PLACEMENT_3D('',#6297,#6298,#6299);
#6297 = CARTESIAN_POINT('',(4.37500025,-3.3234527379,2.507629693474));
#6298 = DIRECTION('',(6.502203911284E-17,0.530945241992,-0.847406130498)
  );
#6299 = DIRECTION('',(1.,-1.224646799147E-16,0.));
#6300 = ADVANCED_FACE('',(#6301),#6320,.T.);
#6301 = FACE_BOUND('',#6302,.T.);
#6302 = EDGE_LOOP('',(#6303,#6304,#6313,#6319));
#6303 = ORIENTED_EDGE('',*,*,#6289,.T.);
#6304 = ORIENTED_EDGE('',*,*,#6305,.F.);
#6305 = EDGE_CURVE('',#6306,#6282,#6308,.T.);
#6306 = VERTEX_POINT('',#6307);
#6307 = CARTESIAN_POINT('',(4.62500025,-3.37641509434,2.50754716981));
#6308 = CIRCLE('',#6309,5.E-02);
#6309 = AXIS2_PLACEMENT_3D('',#6310,#6311,#6312);
#6310 = CARTESIAN_POINT('',(4.62500025,-3.35,2.549999999999));
#6311 = DIRECTION('',(1.,-1.224646799147E-16,0.));
#6312 = DIRECTION('',(-6.469832146439E-17,-0.528301886792,
    -0.849056603774));
#6313 = ORIENTED_EDGE('',*,*,#6314,.F.);
#6314 = EDGE_CURVE('',#5084,#6306,#6315,.T.);
#6315 = LINE('',#6316,#6317);
#6316 = CARTESIAN_POINT('',(4.37500025,-3.37641509434,2.50754716981));
#6317 = VECTOR('',#6318,1.);
#6318 = DIRECTION('',(1.,-1.224646799147E-16,0.));
#6319 = ORIENTED_EDGE('',*,*,#5083,.T.);
#6320 = CYLINDRICAL_SURFACE('',#6321,5.E-02);
#6321 = AXIS2_PLACEMENT_3D('',#6322,#6323,#6324);
#6322 = CARTESIAN_POINT('',(4.37500025,-3.35,2.549999999999));
#6323 = DIRECTION('',(-1.,1.224646799147E-16,0.));
#6324 = DIRECTION('',(1.224646799147E-16,1.,1.110223024625E-16));
#6325 = ADVANCED_FACE('',(#6326),#6344,.T.);
#6326 = FACE_BOUND('',#6327,.T.);
#6327 = EDGE_LOOP('',(#6328,#6329,#6330,#6338));
#6328 = ORIENTED_EDGE('',*,*,#5092,.T.);
#6329 = ORIENTED_EDGE('',*,*,#6314,.T.);
#6330 = ORIENTED_EDGE('',*,*,#6331,.F.);
#6331 = EDGE_CURVE('',#6332,#6306,#6334,.T.);
#6332 = VERTEX_POINT('',#6333);
#6333 = CARTESIAN_POINT('',(4.62500025,-3.766071428573,2.75));
#6334 = LINE('',#6335,#6336);
#6335 = CARTESIAN_POINT('',(4.62500025,-3.766071428573,2.75));
#6336 = VECTOR('',#6337,1.);
#6337 = DIRECTION('',(1.039794452106E-16,0.849056603774,-0.528301886792)
  );
#6338 = ORIENTED_EDGE('',*,*,#6339,.F.);
#6339 = EDGE_CURVE('',#5093,#6332,#6340,.T.);
#6340 = LINE('',#6341,#6342);
#6341 = CARTESIAN_POINT('',(4.37500025,-3.766071428573,2.75));
#6342 = VECTOR('',#6343,1.);
#6343 = DIRECTION('',(1.,-1.224646799147E-16,0.));
#6344 = PLANE('',#6345);
#6345 = AXIS2_PLACEMENT_3D('',#6346,#6347,#6348);
#6346 = CARTESIAN_POINT('',(4.37500025,-3.902830188679,2.835094339622));
#6347 = DIRECTION('',(-6.469832146439E-17,-0.528301886792,
    -0.849056603774));
#6348 = DIRECTION('',(-1.039794452106E-16,-0.849056603774,0.528301886792
    ));
#6349 = ADVANCED_FACE('',(#6350),#6418,.F.);
#6350 = FACE_BOUND('',#6351,.T.);
#6351 = EDGE_LOOP('',(#6352,#6353,#6359,#6360,#6368,#6376,#6382,#6383,
    #6384,#6390,#6391,#6392,#6393,#6399,#6400,#6401,#6409,#6415,#6416,
    #6417));
#6352 = ORIENTED_EDGE('',*,*,#6339,.T.);
#6353 = ORIENTED_EDGE('',*,*,#6354,.F.);
#6354 = EDGE_CURVE('',#6201,#6332,#6355,.T.);
#6355 = LINE('',#6356,#6357);
#6356 = CARTESIAN_POINT('',(4.62500025,-1.7,2.75));
#6357 = VECTOR('',#6358,1.);
#6358 = DIRECTION('',(-1.224646799147E-16,-1.,-1.110223024625E-16));
#6359 = ORIENTED_EDGE('',*,*,#6200,.F.);
#6360 = ORIENTED_EDGE('',*,*,#6361,.T.);
#6361 = EDGE_CURVE('',#6193,#6362,#6364,.T.);
#6362 = VERTEX_POINT('',#6363);
#6363 = CARTESIAN_POINT('',(5.10000025,-4.1,2.75));
#6364 = LINE('',#6365,#6366);
#6365 = CARTESIAN_POINT('',(5.10000025,-1.7,2.75));
#6366 = VECTOR('',#6367,1.);
#6367 = DIRECTION('',(-1.224646799147E-16,-1.,-1.110223024625E-16));
#6368 = ORIENTED_EDGE('',*,*,#6369,.T.);
#6369 = EDGE_CURVE('',#6362,#6370,#6372,.T.);
#6370 = VERTEX_POINT('',#6371);
#6371 = CARTESIAN_POINT('',(-0.59999975,-4.1,2.75));
#6372 = LINE('',#6373,#6374);
#6373 = CARTESIAN_POINT('',(5.10000025,-4.1,2.75));
#6374 = VECTOR('',#6375,1.);
#6375 = DIRECTION('',(-1.,1.224646799147E-16,0.));
#6376 = ORIENTED_EDGE('',*,*,#6377,.F.);
#6377 = EDGE_CURVE('',#6178,#6370,#6378,.T.);
#6378 = LINE('',#6379,#6380);
#6379 = CARTESIAN_POINT('',(-0.59999975,-1.7,2.75));
#6380 = VECTOR('',#6381,1.);
#6381 = DIRECTION('',(-1.224646799147E-16,-1.,-1.110223024625E-16));
#6382 = ORIENTED_EDGE('',*,*,#6177,.F.);
#6383 = ORIENTED_EDGE('',*,*,#5694,.T.);
#6384 = ORIENTED_EDGE('',*,*,#6385,.T.);
#6385 = EDGE_CURVE('',#5687,#5468,#6386,.T.);
#6386 = LINE('',#6387,#6388);
#6387 = CARTESIAN_POINT('',(-0.12499975,-3.766071428571,2.75));
#6388 = VECTOR('',#6389,1.);
#6389 = DIRECTION('',(1.,-1.224646799147E-16,0.));
#6390 = ORIENTED_EDGE('',*,*,#5467,.F.);
#6391 = ORIENTED_EDGE('',*,*,#6163,.F.);
#6392 = ORIENTED_EDGE('',*,*,#4437,.T.);
#6393 = ORIENTED_EDGE('',*,*,#6394,.T.);
#6394 = EDGE_CURVE('',#4430,#4676,#6395,.T.);
#6395 = LINE('',#6396,#6397);
#6396 = CARTESIAN_POINT('',(1.37500025,-3.766071428573,2.75));
#6397 = VECTOR('',#6398,1.);
#6398 = DIRECTION('',(1.,-1.224646799147E-16,0.));
#6399 = ORIENTED_EDGE('',*,*,#4673,.F.);
#6400 = ORIENTED_EDGE('',*,*,#6149,.F.);
#6401 = ORIENTED_EDGE('',*,*,#6402,.T.);
#6402 = EDGE_CURVE('',#6142,#6403,#6405,.T.);
#6403 = VERTEX_POINT('',#6404);
#6404 = CARTESIAN_POINT('',(2.87500025,-3.766071428571,2.75));
#6405 = LINE('',#6406,#6407);
#6406 = CARTESIAN_POINT('',(2.87500025,-1.7,2.75));
#6407 = VECTOR('',#6408,1.);
#6408 = DIRECTION('',(-1.224646799147E-16,-1.,-1.110223024625E-16));
#6409 = ORIENTED_EDGE('',*,*,#6410,.T.);
#6410 = EDGE_CURVE('',#6403,#5939,#6411,.T.);
#6411 = LINE('',#6412,#6413);
#6412 = CARTESIAN_POINT('',(2.87500025,-3.766071428571,2.75));
#6413 = VECTOR('',#6414,1.);
#6414 = DIRECTION('',(1.,-1.224646799147E-16,0.));
#6415 = ORIENTED_EDGE('',*,*,#5936,.F.);
#6416 = ORIENTED_EDGE('',*,*,#6126,.F.);
#6417 = ORIENTED_EDGE('',*,*,#5100,.T.);
#6418 = PLANE('',#6419);
#6419 = AXIS2_PLACEMENT_3D('',#6420,#6421,#6422);
#6420 = CARTESIAN_POINT('',(0.60000025,-1.7,2.75));
#6421 = DIRECTION('',(-1.359631073447E-32,-1.110223024625E-16,1.));
#6422 = DIRECTION('',(-1.,1.224646799147E-16,0.));
#6423 = ADVANCED_FACE('',(#6424),#6442,.T.);
#6424 = FACE_BOUND('',#6425,.T.);
#6425 = EDGE_LOOP('',(#6426,#6434,#6440,#6441));
#6426 = ORIENTED_EDGE('',*,*,#6427,.T.);
#6427 = EDGE_CURVE('',#6403,#6428,#6430,.T.);
#6428 = VERTEX_POINT('',#6429);
#6429 = CARTESIAN_POINT('',(2.87500025,-3.37641509434,2.507547169811));
#6430 = LINE('',#6431,#6432);
#6431 = CARTESIAN_POINT('',(2.87500025,-3.766071428571,2.75));
#6432 = VECTOR('',#6433,1.);
#6433 = DIRECTION('',(1.039794452106E-16,0.849056603774,-0.528301886792)
  );
#6434 = ORIENTED_EDGE('',*,*,#6435,.T.);
#6435 = EDGE_CURVE('',#6428,#5947,#6436,.T.);
#6436 = LINE('',#6437,#6438);
#6437 = CARTESIAN_POINT('',(2.87500025,-3.37641509434,2.507547169811));
#6438 = VECTOR('',#6439,1.);
#6439 = DIRECTION('',(1.,-1.224646799147E-16,0.));
#6440 = ORIENTED_EDGE('',*,*,#5946,.F.);
#6441 = ORIENTED_EDGE('',*,*,#6410,.F.);
#6442 = PLANE('',#6443);
#6443 = AXIS2_PLACEMENT_3D('',#6444,#6445,#6446);
#6444 = CARTESIAN_POINT('',(2.87500025,-3.902830188679,2.835094339623));
#6445 = DIRECTION('',(-6.469832146439E-17,-0.528301886792,
    -0.849056603774));
#6446 = DIRECTION('',(-1.039794452106E-16,-0.849056603774,0.528301886792
    ));
#6447 = ADVANCED_FACE('',(#6448),#6467,.T.);
#6448 = FACE_BOUND('',#6449,.T.);
#6449 = EDGE_LOOP('',(#6450,#6458,#6459,#6460));
#6450 = ORIENTED_EDGE('',*,*,#6451,.T.);
#6451 = EDGE_CURVE('',#6452,#5955,#6454,.T.);
#6452 = VERTEX_POINT('',#6453);
#6453 = CARTESIAN_POINT('',(2.87500025,-3.3234527379,2.507629693475));
#6454 = LINE('',#6455,#6456);
#6455 = CARTESIAN_POINT('',(2.87500025,-3.3234527379,2.507629693475));
#6456 = VECTOR('',#6457,1.);
#6457 = DIRECTION('',(1.,-1.224646799147E-16,0.));
#6458 = ORIENTED_EDGE('',*,*,#5954,.F.);
#6459 = ORIENTED_EDGE('',*,*,#6435,.F.);
#6460 = ORIENTED_EDGE('',*,*,#6461,.T.);
#6461 = EDGE_CURVE('',#6428,#6452,#6462,.T.);
#6462 = CIRCLE('',#6463,5.E-02);
#6463 = AXIS2_PLACEMENT_3D('',#6464,#6465,#6466);
#6464 = CARTESIAN_POINT('',(2.87500025,-3.35,2.55));
#6465 = DIRECTION('',(1.,-1.224646799147E-16,6.162975822039E-33));
#6466 = DIRECTION('',(-6.469832146438E-17,-0.528301886792,
    -0.849056603774));
#6467 = CYLINDRICAL_SURFACE('',#6468,5.E-02);
#6468 = AXIS2_PLACEMENT_3D('',#6469,#6470,#6471);
#6469 = CARTESIAN_POINT('',(2.87500025,-3.35,2.55));
#6470 = DIRECTION('',(-1.,1.224646799147E-16,0.));
#6471 = DIRECTION('',(1.224646799147E-16,1.,1.110223024625E-16));
#6472 = ADVANCED_FACE('',(#6473),#6502,.T.);
#6473 = FACE_BOUND('',#6474,.T.);
#6474 = EDGE_LOOP('',(#6475,#6483,#6492,#6498,#6499,#6500,#6501));
#6475 = ORIENTED_EDGE('',*,*,#6476,.F.);
#6476 = EDGE_CURVE('',#6477,#6134,#6479,.T.);
#6477 = VERTEX_POINT('',#6478);
#6478 = CARTESIAN_POINT('',(2.87500025,-2.837621903203,2.74));
#6479 = LINE('',#6480,#6481);
#6480 = CARTESIAN_POINT('',(2.87500025,-2.837621903203,2.74));
#6481 = VECTOR('',#6482,1.);
#6482 = DIRECTION('',(1.224646799147E-16,1.,1.110223024625E-16));
#6483 = ORIENTED_EDGE('',*,*,#6484,.F.);
#6484 = EDGE_CURVE('',#6485,#6477,#6487,.T.);
#6485 = VERTEX_POINT('',#6486);
#6486 = CARTESIAN_POINT('',(2.87500025,-3.05,2.678962452199));
#6487 = CIRCLE('',#6488,0.4);
#6488 = AXIS2_PLACEMENT_3D('',#6489,#6490,#6491);
#6489 = CARTESIAN_POINT('',(2.87500025,-2.837621903203,2.34));
#6490 = DIRECTION('',(-1.,1.224646799147E-16,6.162975822039E-33));
#6491 = DIRECTION('',(-6.502203911284E-17,-0.530945241992,0.847406130498
    ));
#6492 = ORIENTED_EDGE('',*,*,#6493,.F.);
#6493 = EDGE_CURVE('',#6452,#6485,#6494,.T.);
#6494 = LINE('',#6495,#6496);
#6495 = CARTESIAN_POINT('',(2.87500025,-3.3234527379,2.507629693475));
#6496 = VECTOR('',#6497,1.);
#6497 = DIRECTION('',(1.037773205292E-16,0.847406130498,0.530945241992)
  );
#6498 = ORIENTED_EDGE('',*,*,#6461,.F.);
#6499 = ORIENTED_EDGE('',*,*,#6427,.F.);
#6500 = ORIENTED_EDGE('',*,*,#6402,.F.);
#6501 = ORIENTED_EDGE('',*,*,#6141,.F.);
#6502 = PLANE('',#6503);
#6503 = AXIS2_PLACEMENT_3D('',#6504,#6505,#6506);
#6504 = CARTESIAN_POINT('',(2.87500025,0.25,-4.999999999999E-02));
#6505 = DIRECTION('',(-1.,1.224646799147E-16,0.));
#6506 = DIRECTION('',(-1.359631073447E-32,-1.110223024625E-16,1.));
#6507 = ADVANCED_FACE('',(#6508),#6561,.T.);
#6508 = FACE_BOUND('',#6509,.T.);
#6509 = EDGE_LOOP('',(#6510,#6511,#6512,#6513,#6522,#6530,#6539,#6547,
    #6555));
#6510 = ORIENTED_EDGE('',*,*,#5904,.F.);
#6511 = ORIENTED_EDGE('',*,*,#5232,.F.);
#6512 = ORIENTED_EDGE('',*,*,#2588,.T.);
#6513 = ORIENTED_EDGE('',*,*,#6514,.F.);
#6514 = EDGE_CURVE('',#6515,#2589,#6517,.T.);
#6515 = VERTEX_POINT('',#6516);
#6516 = CARTESIAN_POINT('',(2.87500025,-3.998507413677,1.447447303093));
#6517 = CIRCLE('',#6518,0.1);
#6518 = AXIS2_PLACEMENT_3D('',#6519,#6520,#6521);
#6519 = CARTESIAN_POINT('',(2.87500025,-3.95,1.36));
#6520 = DIRECTION('',(1.,-1.224646799147E-16,0.));
#6521 = DIRECTION('',(-5.940444889499E-17,-0.485074136774,0.874473030935
    ));
#6522 = ORIENTED_EDGE('',*,*,#6523,.F.);
#6523 = EDGE_CURVE('',#6524,#6515,#6526,.T.);
#6524 = VERTEX_POINT('',#6525);
#6525 = CARTESIAN_POINT('',(2.87500025,-3.374253706839,1.793723651547));
#6526 = LINE('',#6527,#6528);
#6527 = CARTESIAN_POINT('',(2.87500025,-3.374253706839,1.793723651547));
#6528 = VECTOR('',#6529,1.);
#6529 = DIRECTION('',(-1.070920598275E-16,-0.874473030935,
    -0.485074136774));
#6530 = ORIENTED_EDGE('',*,*,#6531,.F.);
#6531 = EDGE_CURVE('',#6532,#6524,#6534,.T.);
#6532 = VERTEX_POINT('',#6533);
#6533 = CARTESIAN_POINT('',(2.87500025,-3.32358490566,1.792452830189));
#6534 = CIRCLE('',#6535,5.E-02);
#6535 = AXIS2_PLACEMENT_3D('',#6536,#6537,#6538);
#6536 = CARTESIAN_POINT('',(2.87500025,-3.35,1.75));
#6537 = DIRECTION('',(1.,-1.224646799147E-16,0.));
#6538 = DIRECTION('',(6.46983214644E-17,0.528301886793,0.849056603774));
#6539 = ORIENTED_EDGE('',*,*,#6540,.F.);
#6540 = EDGE_CURVE('',#6541,#6532,#6543,.T.);
#6541 = VERTEX_POINT('',#6542);
#6542 = CARTESIAN_POINT('',(2.87500025,-3.110714285714,1.66));
#6543 = LINE('',#6544,#6545);
#6544 = CARTESIAN_POINT('',(2.87500025,-3.110714285714,1.66));
#6545 = VECTOR('',#6546,1.);
#6546 = DIRECTION('',(-1.039794452106E-16,-0.849056603774,0.528301886792
    ));
#6547 = ORIENTED_EDGE('',*,*,#6548,.F.);
#6548 = EDGE_CURVE('',#6549,#6541,#6551,.T.);
#6549 = VERTEX_POINT('',#6550);
#6550 = CARTESIAN_POINT('',(2.87500025,-1.46,1.66));
#6551 = LINE('',#6552,#6553);
#6552 = CARTESIAN_POINT('',(2.87500025,-1.46,1.66));
#6553 = VECTOR('',#6554,1.);
#6554 = DIRECTION('',(-1.224646799147E-16,-1.,-1.110223024625E-16));
#6555 = ORIENTED_EDGE('',*,*,#6556,.F.);
#6556 = EDGE_CURVE('',#5905,#6549,#6557,.T.);
#6557 = LINE('',#6558,#6559);
#6558 = CARTESIAN_POINT('',(2.87500025,-1.45,1.668408085142));
#6559 = VECTOR('',#6560,1.);
#6560 = DIRECTION('',(-9.373446657296E-17,-0.765400004624,
    -0.643554840649));
#6561 = PLANE('',#6562);
#6562 = AXIS2_PLACEMENT_3D('',#6563,#6564,#6565);
#6563 = CARTESIAN_POINT('',(2.87500025,0.25,-4.999999999999E-02));
#6564 = DIRECTION('',(-1.,1.224646799147E-16,0.));
#6565 = DIRECTION('',(-1.359631073447E-32,-1.110223024625E-16,1.));
#6566 = ADVANCED_FACE('',(#6567),#6626,.T.);
#6567 = FACE_BOUND('',#6568,.T.);
#6568 = EDGE_LOOP('',(#6569,#6579,#6587,#6596,#6604,#6610,#6611,#6612,
    #6620));
#6569 = ORIENTED_EDGE('',*,*,#6570,.T.);
#6570 = EDGE_CURVE('',#6571,#6573,#6575,.T.);
#6571 = VERTEX_POINT('',#6572);
#6572 = CARTESIAN_POINT('',(2.87500025,0.25,-0.894879198431));
#6573 = VERTEX_POINT('',#6574);
#6574 = CARTESIAN_POINT('',(2.87500025,-0.25,-0.894879198431));
#6575 = LINE('',#6576,#6577);
#6576 = CARTESIAN_POINT('',(2.87500025,0.25,-0.894879198431));
#6577 = VECTOR('',#6578,1.);
#6578 = DIRECTION('',(-1.224646799147E-16,-1.,-1.110223024625E-16));
#6579 = ORIENTED_EDGE('',*,*,#6580,.F.);
#6580 = EDGE_CURVE('',#6581,#6573,#6583,.T.);
#6581 = VERTEX_POINT('',#6582);
#6582 = CARTESIAN_POINT('',(2.87500025,-0.25,-4.999999999999E-02));
#6583 = LINE('',#6584,#6585);
#6584 = CARTESIAN_POINT('',(2.87500025,-0.25,-4.999999999999E-02));
#6585 = VECTOR('',#6586,1.);
#6586 = DIRECTION('',(1.359631073447E-32,1.110223024625E-16,-1.));
#6587 = ORIENTED_EDGE('',*,*,#6588,.F.);
#6588 = EDGE_CURVE('',#6589,#6581,#6591,.T.);
#6589 = VERTEX_POINT('',#6590);
#6590 = CARTESIAN_POINT('',(2.87500025,-0.45,0.15));
#6591 = CIRCLE('',#6592,0.2);
#6592 = AXIS2_PLACEMENT_3D('',#6593,#6594,#6595);
#6593 = CARTESIAN_POINT('',(2.87500025,-0.45,-4.999999999999E-02));
#6594 = DIRECTION('',(-1.,1.224646799147E-16,0.));
#6595 = DIRECTION('',(-1.359631073447E-32,-1.110223024625E-16,1.));
#6596 = ORIENTED_EDGE('',*,*,#6597,.F.);
#6597 = EDGE_CURVE('',#6598,#6589,#6600,.T.);
#6598 = VERTEX_POINT('',#6599);
#6599 = CARTESIAN_POINT('',(2.87500025,-3.17,0.15));
#6600 = LINE('',#6601,#6602);
#6601 = CARTESIAN_POINT('',(2.87500025,-3.17,0.15));
#6602 = VECTOR('',#6603,1.);
#6603 = DIRECTION('',(1.224646799147E-16,1.,1.110223024625E-16));
#6604 = ORIENTED_EDGE('',*,*,#6605,.F.);
#6605 = EDGE_CURVE('',#4799,#6598,#6606,.T.);
#6606 = LINE('',#6607,#6608);
#6607 = CARTESIAN_POINT('',(2.87500025,-3.28,0.25));
#6608 = VECTOR('',#6609,1.);
#6609 = DIRECTION('',(9.061652424452E-17,0.739940073396,-0.672672793996)
  );
#6610 = ORIENTED_EDGE('',*,*,#4798,.F.);
#6611 = ORIENTED_EDGE('',*,*,#4885,.T.);
#6612 = ORIENTED_EDGE('',*,*,#6613,.F.);
#6613 = EDGE_CURVE('',#6614,#4878,#6616,.T.);
#6614 = VERTEX_POINT('',#6615);
#6615 = CARTESIAN_POINT('',(2.87500025,0.25,2.06));
#6616 = LINE('',#6617,#6618);
#6617 = CARTESIAN_POINT('',(2.87500025,0.25,2.06));
#6618 = VECTOR('',#6619,1.);
#6619 = DIRECTION('',(-8.659560562356E-17,-0.707106781187,0.707106781186
    ));
#6620 = ORIENTED_EDGE('',*,*,#6621,.F.);
#6621 = EDGE_CURVE('',#6571,#6614,#6622,.T.);
#6622 = LINE('',#6623,#6624);
#6623 = CARTESIAN_POINT('',(2.87500025,0.25,-0.894879198431));
#6624 = VECTOR('',#6625,1.);
#6625 = DIRECTION('',(-1.359631073447E-32,-1.110223024625E-16,1.));
#6626 = PLANE('',#6627);
#6627 = AXIS2_PLACEMENT_3D('',#6628,#6629,#6630);
#6628 = CARTESIAN_POINT('',(2.87500025,0.25,-4.999999999999E-02));
#6629 = DIRECTION('',(-1.,1.224646799147E-16,0.));
#6630 = DIRECTION('',(-1.359631073447E-32,-1.110223024625E-16,1.));
#6631 = ADVANCED_FACE('',(#6632),#6643,.T.);
#6632 = FACE_BOUND('',#6633,.T.);
#6633 = EDGE_LOOP('',(#6634,#6640,#6641,#6642));
#6634 = ORIENTED_EDGE('',*,*,#6635,.T.);
#6635 = EDGE_CURVE('',#6485,#5964,#6636,.T.);
#6636 = LINE('',#6637,#6638);
#6637 = CARTESIAN_POINT('',(2.87500025,-3.05,2.678962452199));
#6638 = VECTOR('',#6639,1.);
#6639 = DIRECTION('',(1.,-1.224646799147E-16,0.));
#6640 = ORIENTED_EDGE('',*,*,#5963,.F.);
#6641 = ORIENTED_EDGE('',*,*,#6451,.F.);
#6642 = ORIENTED_EDGE('',*,*,#6493,.T.);
#6643 = PLANE('',#6644);
#6644 = AXIS2_PLACEMENT_3D('',#6645,#6646,#6647);
#6645 = CARTESIAN_POINT('',(2.87500025,-3.3234527379,2.507629693475));
#6646 = DIRECTION('',(6.502203911284E-17,0.530945241992,-0.847406130498)
  );
#6647 = DIRECTION('',(1.,-1.224646799147E-16,0.));
#6648 = ADVANCED_FACE('',(#6649),#6660,.F.);
#6649 = FACE_BOUND('',#6650,.F.);
#6650 = EDGE_LOOP('',(#6651,#6652,#6653,#6654));
#6651 = ORIENTED_EDGE('',*,*,#6484,.F.);
#6652 = ORIENTED_EDGE('',*,*,#6635,.T.);
#6653 = ORIENTED_EDGE('',*,*,#5971,.T.);
#6654 = ORIENTED_EDGE('',*,*,#6655,.F.);
#6655 = EDGE_CURVE('',#6477,#5972,#6656,.T.);
#6656 = LINE('',#6657,#6658);
#6657 = CARTESIAN_POINT('',(2.87500025,-2.837621903203,2.74));
#6658 = VECTOR('',#6659,1.);
#6659 = DIRECTION('',(1.,-1.224646799147E-16,0.));
#6660 = CYLINDRICAL_SURFACE('',#6661,0.4);
#6661 = AXIS2_PLACEMENT_3D('',#6662,#6663,#6664);
#6662 = CARTESIAN_POINT('',(2.87500025,-2.837621903203,2.34));
#6663 = DIRECTION('',(-1.,1.224646799147E-16,0.));
#6664 = DIRECTION('',(1.224646799147E-16,1.,1.110223024625E-16));
#6665 = ADVANCED_FACE('',(#6666),#6672,.T.);
#6666 = FACE_BOUND('',#6667,.T.);
#6667 = EDGE_LOOP('',(#6668,#6669,#6670,#6671));
#6668 = ORIENTED_EDGE('',*,*,#5980,.F.);
#6669 = ORIENTED_EDGE('',*,*,#6655,.F.);
#6670 = ORIENTED_EDGE('',*,*,#6476,.T.);
#6671 = ORIENTED_EDGE('',*,*,#6133,.T.);
#6672 = PLANE('',#6673);
#6673 = AXIS2_PLACEMENT_3D('',#6674,#6675,#6676);
#6674 = CARTESIAN_POINT('',(2.87500025,-2.837621903203,2.74));
#6675 = DIRECTION('',(1.359631073447E-32,1.110223024625E-16,-1.));
#6676 = DIRECTION('',(-1.224646799147E-16,-1.,-1.110223024625E-16));
#6677 = ADVANCED_FACE('',(#6678),#6689,.T.);
#6678 = FACE_BOUND('',#6679,.T.);
#6679 = EDGE_LOOP('',(#6680,#6686,#6687,#6688));
#6680 = ORIENTED_EDGE('',*,*,#6681,.T.);
#6681 = EDGE_CURVE('',#6549,#6003,#6682,.T.);
#6682 = LINE('',#6683,#6684);
#6683 = CARTESIAN_POINT('',(2.87500025,-1.46,1.66));
#6684 = VECTOR('',#6685,1.);
#6685 = DIRECTION('',(1.,-1.224646799147E-16,0.));
#6686 = ORIENTED_EDGE('',*,*,#6047,.F.);
#6687 = ORIENTED_EDGE('',*,*,#5912,.F.);
#6688 = ORIENTED_EDGE('',*,*,#6556,.T.);
#6689 = PLANE('',#6690);
#6690 = AXIS2_PLACEMENT_3D('',#6691,#6692,#6693);
#6691 = CARTESIAN_POINT('',(2.87500025,-1.214355484065,1.866540000462));
#6692 = DIRECTION('',(-7.881273756761E-17,-0.643554840649,0.765400004624
    ));
#6693 = DIRECTION('',(1.,-1.224646799147E-16,0.));
#6694 = ADVANCED_FACE('',(#6695),#6706,.T.);
#6695 = FACE_BOUND('',#6696,.T.);
#6696 = EDGE_LOOP('',(#6697,#6703,#6704,#6705));
#6697 = ORIENTED_EDGE('',*,*,#6698,.T.);
#6698 = EDGE_CURVE('',#6541,#6005,#6699,.T.);
#6699 = LINE('',#6700,#6701);
#6700 = CARTESIAN_POINT('',(2.87500025,-3.110714285714,1.66));
#6701 = VECTOR('',#6702,1.);
#6702 = DIRECTION('',(1.,-1.224646799147E-16,0.));
#6703 = ORIENTED_EDGE('',*,*,#6002,.F.);
#6704 = ORIENTED_EDGE('',*,*,#6681,.F.);
#6705 = ORIENTED_EDGE('',*,*,#6548,.T.);
#6706 = PLANE('',#6707);
#6707 = AXIS2_PLACEMENT_3D('',#6708,#6709,#6710);
#6708 = CARTESIAN_POINT('',(2.87500025,-1.46,1.66));
#6709 = DIRECTION('',(-1.359631073447E-32,-1.110223024625E-16,1.));
#6710 = DIRECTION('',(-1.,1.224646799147E-16,0.));
#6711 = ADVANCED_FACE('',(#6712),#6723,.T.);
#6712 = FACE_BOUND('',#6713,.T.);
#6713 = EDGE_LOOP('',(#6714,#6720,#6721,#6722));
#6714 = ORIENTED_EDGE('',*,*,#6715,.T.);
#6715 = EDGE_CURVE('',#6532,#6013,#6716,.T.);
#6716 = LINE('',#6717,#6718);
#6717 = CARTESIAN_POINT('',(2.87500025,-3.32358490566,1.792452830189));
#6718 = VECTOR('',#6719,1.);
#6719 = DIRECTION('',(1.,-1.224646799147E-16,0.));
#6720 = ORIENTED_EDGE('',*,*,#6012,.F.);
#6721 = ORIENTED_EDGE('',*,*,#6698,.F.);
#6722 = ORIENTED_EDGE('',*,*,#6540,.T.);
#6723 = PLANE('',#6724);
#6724 = AXIS2_PLACEMENT_3D('',#6725,#6726,#6727);
#6725 = CARTESIAN_POINT('',(2.87500025,-3.110714285714,1.66));
#6726 = DIRECTION('',(6.469832146439E-17,0.528301886792,0.849056603774)
  );
#6727 = DIRECTION('',(-1.,1.224646799147E-16,0.));
#6728 = ADVANCED_FACE('',(#6729),#6740,.T.);
#6729 = FACE_BOUND('',#6730,.T.);
#6730 = EDGE_LOOP('',(#6731,#6737,#6738,#6739));
#6731 = ORIENTED_EDGE('',*,*,#6732,.T.);
#6732 = EDGE_CURVE('',#6524,#6021,#6733,.T.);
#6733 = LINE('',#6734,#6735);
#6734 = CARTESIAN_POINT('',(2.87500025,-3.374253706839,1.793723651547));
#6735 = VECTOR('',#6736,1.);
#6736 = DIRECTION('',(1.,-1.224646799147E-16,0.));
#6737 = ORIENTED_EDGE('',*,*,#6020,.F.);
#6738 = ORIENTED_EDGE('',*,*,#6715,.F.);
#6739 = ORIENTED_EDGE('',*,*,#6531,.T.);
#6740 = CYLINDRICAL_SURFACE('',#6741,5.E-02);
#6741 = AXIS2_PLACEMENT_3D('',#6742,#6743,#6744);
#6742 = CARTESIAN_POINT('',(2.87500025,-3.35,1.75));
#6743 = DIRECTION('',(-1.,1.224646799147E-16,0.));
#6744 = DIRECTION('',(1.224646799147E-16,1.,1.110223024625E-16));
#6745 = ADVANCED_FACE('',(#6746),#6757,.T.);
#6746 = FACE_BOUND('',#6747,.T.);
#6747 = EDGE_LOOP('',(#6748,#6754,#6755,#6756));
#6748 = ORIENTED_EDGE('',*,*,#6749,.T.);
#6749 = EDGE_CURVE('',#6515,#6030,#6750,.T.);
#6750 = LINE('',#6751,#6752);
#6751 = CARTESIAN_POINT('',(2.87500025,-3.998507413677,1.447447303093));
#6752 = VECTOR('',#6753,1.);
#6753 = DIRECTION('',(1.,-1.224646799147E-16,0.));
#6754 = ORIENTED_EDGE('',*,*,#6029,.F.);
#6755 = ORIENTED_EDGE('',*,*,#6732,.F.);
#6756 = ORIENTED_EDGE('',*,*,#6523,.T.);
#6757 = PLANE('',#6758);
#6758 = AXIS2_PLACEMENT_3D('',#6759,#6760,#6761);
#6759 = CARTESIAN_POINT('',(2.87500025,-3.374253706839,1.793723651547));
#6760 = DIRECTION('',(-5.940444889499E-17,-0.485074136774,0.874473030935
    ));
#6761 = DIRECTION('',(1.,-1.224646799147E-16,0.));
#6762 = ADVANCED_FACE('',(#6763),#6769,.T.);
#6763 = FACE_BOUND('',#6764,.T.);
#6764 = EDGE_LOOP('',(#6765,#6766,#6767,#6768));
#6765 = ORIENTED_EDGE('',*,*,#6037,.F.);
#6766 = ORIENTED_EDGE('',*,*,#6749,.F.);
#6767 = ORIENTED_EDGE('',*,*,#6514,.T.);
#6768 = ORIENTED_EDGE('',*,*,#2596,.T.);
#6769 = CYLINDRICAL_SURFACE('',#6770,0.1);
#6770 = AXIS2_PLACEMENT_3D('',#6771,#6772,#6773);
#6771 = CARTESIAN_POINT('',(2.87500025,-3.95,1.36));
#6772 = DIRECTION('',(-1.,1.224646799147E-16,0.));
#6773 = DIRECTION('',(1.224646799147E-16,1.,1.110223024625E-16));
#6774 = ADVANCED_FACE('',(#6775),#6873,.T.);
#6775 = FACE_BOUND('',#6776,.T.);
#6776 = EDGE_LOOP('',(#6777,#6783,#6784,#6793,#6801,#6810,#6818,#6826,
    #6834,#6843,#6851,#6858,#6859,#6865,#6866,#6872));
#6777 = ORIENTED_EDGE('',*,*,#6778,.T.);
#6778 = EDGE_CURVE('',#6064,#74,#6779,.T.);
#6779 = LINE('',#6780,#6781);
#6780 = CARTESIAN_POINT('',(3.12500025,0.25,-0.81));
#6781 = VECTOR('',#6782,1.);
#6782 = DIRECTION('',(0.608850395763,1.350966567812E-17,-0.793285065773)
  );
#6783 = ORIENTED_EDGE('',*,*,#73,.T.);
#6784 = ORIENTED_EDGE('',*,*,#6785,.T.);
#6785 = EDGE_CURVE('',#64,#6786,#6788,.T.);
#6786 = VERTEX_POINT('',#6787);
#6787 = CARTESIAN_POINT('',(3.509924632569,0.25,-1.551615244725));
#6788 = CIRCLE('',#6789,0.35);
#6789 = AXIS2_PLACEMENT_3D('',#6790,#6791,#6792);
#6790 = CARTESIAN_POINT('',(3.17500025,0.25,-1.45));
#6791 = DIRECTION('',(1.224646799147E-16,1.,1.110223024625E-16));
#6792 = DIRECTION('',(0.793285065773,-1.647453744539E-16,0.608850395763)
  );
#6793 = ORIENTED_EDGE('',*,*,#6794,.T.);
#6794 = EDGE_CURVE('',#6786,#6795,#6797,.T.);
#6795 = VERTEX_POINT('',#6796);
#6796 = CARTESIAN_POINT('',(3.133614888532,0.25,-2.791934145872));
#6797 = LINE('',#6798,#6799);
#6798 = CARTESIAN_POINT('',(3.509924632569,0.25,-1.551615244725));
#6799 = VECTOR('',#6800,1.);
#6800 = DIRECTION('',(-0.290329270642,1.417952986382E-16,-0.956926807341
    ));
#6801 = ORIENTED_EDGE('',*,*,#6802,.T.);
#6802 = EDGE_CURVE('',#6795,#6803,#6805,.T.);
#6803 = VERTEX_POINT('',#6804);
#6804 = CARTESIAN_POINT('',(3.12500025,0.25,-2.85));
#6805 = CIRCLE('',#6806,0.2);
#6806 = AXIS2_PLACEMENT_3D('',#6807,#6808,#6809);
#6807 = CARTESIAN_POINT('',(3.32500025,0.25,-2.85));
#6808 = DIRECTION('',(-1.224646799147E-16,-1.,-1.110223024625E-16));
#6809 = DIRECTION('',(-0.956926807341,8.495671106395E-17,0.290329270642)
  );
#6810 = ORIENTED_EDGE('',*,*,#6811,.T.);
#6811 = EDGE_CURVE('',#6803,#6812,#6814,.T.);
#6812 = VERTEX_POINT('',#6813);
#6813 = CARTESIAN_POINT('',(3.12500025,0.25,-3.45));
#6814 = LINE('',#6815,#6816);
#6815 = CARTESIAN_POINT('',(3.12500025,0.25,-2.85));
#6816 = VECTOR('',#6817,1.);
#6817 = DIRECTION('',(1.359631073447E-32,1.110223024625E-16,-1.));
#6818 = ORIENTED_EDGE('',*,*,#6819,.T.);
#6819 = EDGE_CURVE('',#6812,#6820,#6822,.T.);
#6820 = VERTEX_POINT('',#6821);
#6821 = CARTESIAN_POINT('',(2.87500025,0.25,-3.45));
#6822 = LINE('',#6823,#6824);
#6823 = CARTESIAN_POINT('',(3.12500025,0.25,-3.45));
#6824 = VECTOR('',#6825,1.);
#6825 = DIRECTION('',(-1.,1.224646799147E-16,0.));
#6826 = ORIENTED_EDGE('',*,*,#6827,.T.);
#6827 = EDGE_CURVE('',#6820,#6828,#6830,.T.);
#6828 = VERTEX_POINT('',#6829);
#6829 = CARTESIAN_POINT('',(2.87500025,0.25,-2.85));
#6830 = LINE('',#6831,#6832);
#6831 = CARTESIAN_POINT('',(2.87500025,0.25,-3.45));
#6832 = VECTOR('',#6833,1.);
#6833 = DIRECTION('',(-1.359631073447E-32,-1.110223024625E-16,1.));
#6834 = ORIENTED_EDGE('',*,*,#6835,.T.);
#6835 = EDGE_CURVE('',#6828,#6836,#6838,.T.);
#6836 = VERTEX_POINT('',#6837);
#6837 = CARTESIAN_POINT('',(2.894383186696,0.25,-2.719351828211));
#6838 = CIRCLE('',#6839,0.45);
#6839 = AXIS2_PLACEMENT_3D('',#6840,#6841,#6842);
#6840 = CARTESIAN_POINT('',(3.32500025,0.25,-2.85));
#6841 = DIRECTION('',(1.224646799147E-16,1.,1.110223024625E-16));
#6842 = DIRECTION('',(-1.,1.224646799147E-16,-1.973729821556E-14));
#6843 = ORIENTED_EDGE('',*,*,#6844,.T.);
#6844 = EDGE_CURVE('',#6836,#6845,#6847,.T.);
#6845 = VERTEX_POINT('',#6846);
#6846 = CARTESIAN_POINT('',(3.270692930734,0.25,-1.479032927064));
#6847 = LINE('',#6848,#6849);
#6848 = CARTESIAN_POINT('',(2.894383186696,0.25,-2.719351828211));
#6849 = VECTOR('',#6850,1.);
#6850 = DIRECTION('',(0.290329270642,-1.417952986382E-16,0.956926807341)
  );
#6851 = ORIENTED_EDGE('',*,*,#6852,.T.);
#6852 = EDGE_CURVE('',#6845,#22,#6853,.T.);
#6853 = CIRCLE('',#6854,0.1);
#6854 = AXIS2_PLACEMENT_3D('',#6855,#6856,#6857);
#6855 = CARTESIAN_POINT('',(3.17500025,0.25,-1.45));
#6856 = DIRECTION('',(-1.224646799147E-16,-1.,-1.110223024625E-16));
#6857 = DIRECTION('',(0.956926807341,-8.495671106395E-17,-0.290329270642
    ));
#6858 = ORIENTED_EDGE('',*,*,#21,.T.);
#6859 = ORIENTED_EDGE('',*,*,#6860,.T.);
#6860 = EDGE_CURVE('',#24,#6571,#6861,.T.);
#6861 = LINE('',#6862,#6863);
#6862 = CARTESIAN_POINT('',(3.254328756577,0.25,-1.389114960424));
#6863 = VECTOR('',#6864,1.);
#6864 = DIRECTION('',(-0.608850395763,-1.350966567812E-17,0.793285065773
    ));
#6865 = ORIENTED_EDGE('',*,*,#6621,.T.);
#6866 = ORIENTED_EDGE('',*,*,#6867,.T.);
#6867 = EDGE_CURVE('',#6614,#6072,#6868,.T.);
#6868 = LINE('',#6869,#6870);
#6869 = CARTESIAN_POINT('',(2.87500025,0.25,2.06));
#6870 = VECTOR('',#6871,1.);
#6871 = DIRECTION('',(1.,-1.224646799147E-16,0.));
#6872 = ORIENTED_EDGE('',*,*,#6071,.T.);
#6873 = PLANE('',#6874);
#6874 = AXIS2_PLACEMENT_3D('',#6875,#6876,#6877);
#6875 = CARTESIAN_POINT('',(-0.12499975,0.25,-3.15));
#6876 = DIRECTION('',(1.224646799147E-16,1.,1.110223024625E-16));
#6877 = DIRECTION('',(-1.,1.224646799147E-16,0.));
#6878 = ADVANCED_FACE('',(#6879),#6977,.T.);
#6879 = FACE_BOUND('',#6880,.T.);
#6880 = EDGE_LOOP('',(#6881,#6887,#6888,#6894,#6895,#6904,#6912,#6921,
    #6929,#6937,#6945,#6954,#6962,#6969,#6970,#6976));
#6881 = ORIENTED_EDGE('',*,*,#6882,.T.);
#6882 = EDGE_CURVE('',#5727,#5490,#6883,.T.);
#6883 = LINE('',#6884,#6885);
#6884 = CARTESIAN_POINT('',(-0.12499975,0.25,2.06));
#6885 = VECTOR('',#6886,1.);
#6886 = DIRECTION('',(1.,-1.224646799147E-16,0.));
#6887 = ORIENTED_EDGE('',*,*,#5540,.T.);
#6888 = ORIENTED_EDGE('',*,*,#6889,.T.);
#6889 = EDGE_CURVE('',#5533,#159,#6890,.T.);
#6890 = LINE('',#6891,#6892);
#6891 = CARTESIAN_POINT('',(0.12500025,0.25,-0.894879198431));
#6892 = VECTOR('',#6893,1.);
#6893 = DIRECTION('',(-0.608850395763,1.626350033444E-16,-0.793285065773
    ));
#6894 = ORIENTED_EDGE('',*,*,#166,.T.);
#6895 = ORIENTED_EDGE('',*,*,#6896,.T.);
#6896 = EDGE_CURVE('',#167,#6897,#6899,.T.);
#6897 = VERTEX_POINT('',#6898);
#6898 = CARTESIAN_POINT('',(-0.270692430734,0.25,-1.479032927064));
#6899 = CIRCLE('',#6900,0.1);
#6900 = AXIS2_PLACEMENT_3D('',#6901,#6902,#6903);
#6901 = CARTESIAN_POINT('',(-0.17499975,0.25,-1.45));
#6902 = DIRECTION('',(-1.224646799147E-16,-1.,-1.110223024625E-16));
#6903 = DIRECTION('',(-0.793285065773,2.955342886816E-17,0.608850395763)
  );
#6904 = ORIENTED_EDGE('',*,*,#6905,.T.);
#6905 = EDGE_CURVE('',#6897,#6906,#6908,.T.);
#6906 = VERTEX_POINT('',#6907);
#6907 = CARTESIAN_POINT('',(0.105617313304,0.25,-2.719351828211));
#6908 = LINE('',#6909,#6910);
#6909 = CARTESIAN_POINT('',(-0.270692430734,0.25,-1.479032927064));
#6910 = VECTOR('',#6911,1.);
#6911 = DIRECTION('',(0.290329270642,7.068513624009E-17,-0.956926807341)
  );
#6912 = ORIENTED_EDGE('',*,*,#6913,.T.);
#6913 = EDGE_CURVE('',#6906,#6914,#6916,.T.);
#6914 = VERTEX_POINT('',#6915);
#6915 = CARTESIAN_POINT('',(0.12500025,0.25,-2.85));
#6916 = CIRCLE('',#6917,0.45);
#6917 = AXIS2_PLACEMENT_3D('',#6918,#6919,#6920);
#6918 = CARTESIAN_POINT('',(-0.32499975,0.25,-2.85));
#6919 = DIRECTION('',(1.224646799147E-16,1.,1.110223024625E-16));
#6920 = DIRECTION('',(0.956926807341,-1.494227592618E-16,0.290329270642)
  );
#6921 = ORIENTED_EDGE('',*,*,#6922,.T.);
#6922 = EDGE_CURVE('',#6914,#6923,#6925,.T.);
#6923 = VERTEX_POINT('',#6924);
#6924 = CARTESIAN_POINT('',(0.12500025,0.25,-3.45));
#6925 = LINE('',#6926,#6927);
#6926 = CARTESIAN_POINT('',(0.12500025,0.25,-2.85));
#6927 = VECTOR('',#6928,1.);
#6928 = DIRECTION('',(1.359631073447E-32,1.110223024625E-16,-1.));
#6929 = ORIENTED_EDGE('',*,*,#6930,.T.);
#6930 = EDGE_CURVE('',#6923,#6931,#6933,.T.);
#6931 = VERTEX_POINT('',#6932);
#6932 = CARTESIAN_POINT('',(-0.12499975,0.25,-3.45));
#6933 = LINE('',#6934,#6935);
#6934 = CARTESIAN_POINT('',(0.12500025,0.25,-3.45));
#6935 = VECTOR('',#6936,1.);
#6936 = DIRECTION('',(-1.,1.224646799147E-16,0.));
#6937 = ORIENTED_EDGE('',*,*,#6938,.T.);
#6938 = EDGE_CURVE('',#6931,#6939,#6941,.T.);
#6939 = VERTEX_POINT('',#6940);
#6940 = CARTESIAN_POINT('',(-0.12499975,0.25,-2.85));
#6941 = LINE('',#6942,#6943);
#6942 = CARTESIAN_POINT('',(-0.12499975,0.25,-3.45));
#6943 = VECTOR('',#6944,1.);
#6944 = DIRECTION('',(-1.359631073447E-32,-1.110223024625E-16,1.));
#6945 = ORIENTED_EDGE('',*,*,#6946,.T.);
#6946 = EDGE_CURVE('',#6939,#6947,#6949,.T.);
#6947 = VERTEX_POINT('',#6948);
#6948 = CARTESIAN_POINT('',(-0.133614388532,0.25,-2.791934145872));
#6949 = CIRCLE('',#6950,0.2);
#6950 = AXIS2_PLACEMENT_3D('',#6951,#6952,#6953);
#6951 = CARTESIAN_POINT('',(-0.32499975,0.25,-2.85));
#6952 = DIRECTION('',(-1.224646799147E-16,-1.,-1.110223024625E-16));
#6953 = DIRECTION('',(1.,-1.224646799147E-16,0.));
#6954 = ORIENTED_EDGE('',*,*,#6955,.T.);
#6955 = EDGE_CURVE('',#6947,#6956,#6958,.T.);
#6956 = VERTEX_POINT('',#6957);
#6957 = CARTESIAN_POINT('',(-0.509924132569,0.25,-1.551615244725));
#6958 = LINE('',#6959,#6960);
#6959 = CARTESIAN_POINT('',(-0.133614388532,0.25,-2.791934145872));
#6960 = VECTOR('',#6961,1.);
#6961 = DIRECTION('',(-0.290329270642,-7.068513624009E-17,0.956926807341
    ));
#6962 = ORIENTED_EDGE('',*,*,#6963,.T.);
#6963 = EDGE_CURVE('',#6956,#108,#6964,.T.);
#6964 = CIRCLE('',#6965,0.35);
#6965 = AXIS2_PLACEMENT_3D('',#6966,#6967,#6968);
#6966 = CARTESIAN_POINT('',(-0.17499975,0.25,-1.45));
#6967 = DIRECTION('',(1.224646799147E-16,1.,1.110223024625E-16));
#6968 = DIRECTION('',(-0.956926807341,1.494227592618E-16,-0.290329270642
    ));
#6969 = ORIENTED_EDGE('',*,*,#132,.T.);
#6970 = ORIENTED_EDGE('',*,*,#6971,.T.);
#6971 = EDGE_CURVE('',#125,#5735,#6972,.T.);
#6972 = LINE('',#6973,#6974);
#6973 = CARTESIAN_POINT('',(-0.452649523021,0.25,-1.236902361483));
#6974 = VECTOR('',#6975,1.);
#6975 = DIRECTION('',(0.608850395763,-1.626350033444E-16,0.793285065773)
  );
#6976 = ORIENTED_EDGE('',*,*,#5734,.T.);
#6977 = PLANE('',#6978);
#6978 = AXIS2_PLACEMENT_3D('',#6979,#6980,#6981);
#6979 = CARTESIAN_POINT('',(-0.12499975,0.25,-3.15));
#6980 = DIRECTION('',(1.224646799147E-16,1.,1.110223024625E-16));
#6981 = DIRECTION('',(-1.,1.224646799147E-16,0.));
#6982 = ADVANCED_FACE('',(#6983),#6989,.T.);
#6983 = FACE_BOUND('',#6984,.T.);
#6984 = EDGE_LOOP('',(#6985,#6986,#6987,#6988));
#6985 = ORIENTED_EDGE('',*,*,#6079,.F.);
#6986 = ORIENTED_EDGE('',*,*,#6867,.F.);
#6987 = ORIENTED_EDGE('',*,*,#6613,.T.);
#6988 = ORIENTED_EDGE('',*,*,#4877,.T.);
#6989 = PLANE('',#6990);
#6990 = AXIS2_PLACEMENT_3D('',#6991,#6992,#6993);
#6991 = CARTESIAN_POINT('',(2.87500025,0.25,2.06));
#6992 = DIRECTION('',(8.659560562355E-17,0.707106781187,0.707106781187)
  );
#6993 = DIRECTION('',(-1.,1.224646799147E-16,0.));
#6994 = ADVANCED_FACE('',(#6995),#7006,.T.);
#6995 = FACE_BOUND('',#6996,.T.);
#6996 = EDGE_LOOP('',(#6997,#6998,#7004,#7005));
#6997 = ORIENTED_EDGE('',*,*,#32,.F.);
#6998 = ORIENTED_EDGE('',*,*,#6999,.F.);
#6999 = EDGE_CURVE('',#6573,#33,#7000,.T.);
#7000 = LINE('',#7001,#7002);
#7001 = CARTESIAN_POINT('',(2.87500025,-0.25,-0.894879198431));
#7002 = VECTOR('',#7003,1.);
#7003 = DIRECTION('',(0.608850395763,1.350966567812E-17,-0.793285065773)
  );
#7004 = ORIENTED_EDGE('',*,*,#6570,.F.);
#7005 = ORIENTED_EDGE('',*,*,#6860,.F.);
#7006 = PLANE('',#7007);
#7007 = AXIS2_PLACEMENT_3D('',#7008,#7009,#7010);
#7008 = CARTESIAN_POINT('',(2.87500025,0.25,-0.894879198431));
#7009 = DIRECTION('',(-0.793285065773,1.647453744539E-16,-0.608850395763
    ));
#7010 = DIRECTION('',(-1.224646799147E-16,-1.,-1.110223024625E-16));
#7011 = ADVANCED_FACE('',(#7012),#7110,.T.);
#7012 = FACE_BOUND('',#7013,.T.);
#7013 = EDGE_LOOP('',(#7014,#7020,#7021,#7030,#7038,#7047,#7055,#7063,
    #7071,#7080,#7088,#7095,#7096,#7102,#7103,#7109));
#7014 = ORIENTED_EDGE('',*,*,#7015,.T.);
#7015 = EDGE_CURVE('',#5743,#116,#7016,.T.);
#7016 = LINE('',#7017,#7018);
#7017 = CARTESIAN_POINT('',(-0.12499975,-0.25,-0.81));
#7018 = VECTOR('',#7019,1.);
#7019 = DIRECTION('',(-0.608850395763,1.626350033444E-16,-0.793285065773
    ));
#7020 = ORIENTED_EDGE('',*,*,#115,.T.);
#7021 = ORIENTED_EDGE('',*,*,#7022,.T.);
#7022 = EDGE_CURVE('',#106,#7023,#7025,.T.);
#7023 = VERTEX_POINT('',#7024);
#7024 = CARTESIAN_POINT('',(-0.509924132569,-0.25,-1.551615244725));
#7025 = CIRCLE('',#7026,0.35);
#7026 = AXIS2_PLACEMENT_3D('',#7027,#7028,#7029);
#7027 = CARTESIAN_POINT('',(-0.17499975,-0.25,-1.45));
#7028 = DIRECTION('',(-1.224646799147E-16,-1.,-1.110223024625E-16));
#7029 = DIRECTION('',(-0.793285065773,2.955342886816E-17,0.608850395763)
  );
#7030 = ORIENTED_EDGE('',*,*,#7031,.T.);
#7031 = EDGE_CURVE('',#7023,#7032,#7034,.T.);
#7032 = VERTEX_POINT('',#7033);
#7033 = CARTESIAN_POINT('',(-0.133614388532,-0.25,-2.791934145872));
#7034 = LINE('',#7035,#7036);
#7035 = CARTESIAN_POINT('',(-0.509924132569,-0.25,-1.551615244725));
#7036 = VECTOR('',#7037,1.);
#7037 = DIRECTION('',(0.290329270642,7.068513624009E-17,-0.956926807341)
  );
#7038 = ORIENTED_EDGE('',*,*,#7039,.T.);
#7039 = EDGE_CURVE('',#7032,#7040,#7042,.T.);
#7040 = VERTEX_POINT('',#7041);
#7041 = CARTESIAN_POINT('',(-0.12499975,-0.25,-2.85));
#7042 = CIRCLE('',#7043,0.2);
#7043 = AXIS2_PLACEMENT_3D('',#7044,#7045,#7046);
#7044 = CARTESIAN_POINT('',(-0.32499975,-0.25,-2.85));
#7045 = DIRECTION('',(1.224646799147E-16,1.,1.110223024625E-16));
#7046 = DIRECTION('',(0.956926807341,-1.494227592618E-16,0.290329270642)
  );
#7047 = ORIENTED_EDGE('',*,*,#7048,.T.);
#7048 = EDGE_CURVE('',#7040,#7049,#7051,.T.);
#7049 = VERTEX_POINT('',#7050);
#7050 = CARTESIAN_POINT('',(-0.12499975,-0.25,-3.45));
#7051 = LINE('',#7052,#7053);
#7052 = CARTESIAN_POINT('',(-0.12499975,-0.25,-2.85));
#7053 = VECTOR('',#7054,1.);
#7054 = DIRECTION('',(1.359631073447E-32,1.110223024625E-16,-1.));
#7055 = ORIENTED_EDGE('',*,*,#7056,.T.);
#7056 = EDGE_CURVE('',#7049,#7057,#7059,.T.);
#7057 = VERTEX_POINT('',#7058);
#7058 = CARTESIAN_POINT('',(0.12500025,-0.25,-3.45));
#7059 = LINE('',#7060,#7061);
#7060 = CARTESIAN_POINT('',(-0.12499975,-0.25,-3.45));
#7061 = VECTOR('',#7062,1.);
#7062 = DIRECTION('',(1.,-1.224646799147E-16,0.));
#7063 = ORIENTED_EDGE('',*,*,#7064,.T.);
#7064 = EDGE_CURVE('',#7057,#7065,#7067,.T.);
#7065 = VERTEX_POINT('',#7066);
#7066 = CARTESIAN_POINT('',(0.12500025,-0.25,-2.85));
#7067 = LINE('',#7068,#7069);
#7068 = CARTESIAN_POINT('',(0.12500025,-0.25,-3.45));
#7069 = VECTOR('',#7070,1.);
#7070 = DIRECTION('',(-1.359631073447E-32,-1.110223024625E-16,1.));
#7071 = ORIENTED_EDGE('',*,*,#7072,.T.);
#7072 = EDGE_CURVE('',#7065,#7073,#7075,.T.);
#7073 = VERTEX_POINT('',#7074);
#7074 = CARTESIAN_POINT('',(0.105617313304,-0.25,-2.719351828211));
#7075 = CIRCLE('',#7076,0.45);
#7076 = AXIS2_PLACEMENT_3D('',#7077,#7078,#7079);
#7077 = CARTESIAN_POINT('',(-0.32499975,-0.25,-2.85));
#7078 = DIRECTION('',(-1.224646799147E-16,-1.,-1.110223024625E-16));
#7079 = DIRECTION('',(1.,-1.224646799147E-16,0.));
#7080 = ORIENTED_EDGE('',*,*,#7081,.T.);
#7081 = EDGE_CURVE('',#7073,#7082,#7084,.T.);
#7082 = VERTEX_POINT('',#7083);
#7083 = CARTESIAN_POINT('',(-0.270692430734,-0.25,-1.479032927064));
#7084 = LINE('',#7085,#7086);
#7085 = CARTESIAN_POINT('',(0.105617313304,-0.25,-2.719351828211));
#7086 = VECTOR('',#7087,1.);
#7087 = DIRECTION('',(-0.290329270642,-7.068513624009E-17,0.956926807341
    ));
#7088 = ORIENTED_EDGE('',*,*,#7089,.T.);
#7089 = EDGE_CURVE('',#7082,#148,#7090,.T.);
#7090 = CIRCLE('',#7091,0.1);
#7091 = AXIS2_PLACEMENT_3D('',#7092,#7093,#7094);
#7092 = CARTESIAN_POINT('',(-0.17499975,-0.25,-1.45));
#7093 = DIRECTION('',(1.224646799147E-16,1.,1.110223024625E-16));
#7094 = DIRECTION('',(-0.956926807341,1.494227592618E-16,-0.290329270642
    ));
#7095 = ORIENTED_EDGE('',*,*,#147,.T.);
#7096 = ORIENTED_EDGE('',*,*,#7097,.T.);
#7097 = EDGE_CURVE('',#150,#5525,#7098,.T.);
#7098 = LINE('',#7099,#7100);
#7099 = CARTESIAN_POINT('',(-0.254328256577,-0.25,-1.389114960424));
#7100 = VECTOR('',#7101,1.);
#7101 = DIRECTION('',(0.608850395763,-1.626350033444E-16,0.793285065773)
  );
#7102 = ORIENTED_EDGE('',*,*,#5524,.T.);
#7103 = ORIENTED_EDGE('',*,*,#7104,.F.);
#7104 = EDGE_CURVE('',#5751,#5516,#7105,.T.);
#7105 = LINE('',#7106,#7107);
#7106 = CARTESIAN_POINT('',(-0.12499975,-0.25,-4.999999999999E-02));
#7107 = VECTOR('',#7108,1.);
#7108 = DIRECTION('',(1.,-1.224646799147E-16,0.));
#7109 = ORIENTED_EDGE('',*,*,#5750,.T.);
#7110 = PLANE('',#7111);
#7111 = AXIS2_PLACEMENT_3D('',#7112,#7113,#7114);
#7112 = CARTESIAN_POINT('',(-0.12499975,-0.25,3.425));
#7113 = DIRECTION('',(-1.224646799147E-16,-1.,-1.110223024625E-16));
#7114 = DIRECTION('',(1.359631073447E-32,1.110223024625E-16,-1.));
#7115 = ADVANCED_FACE('',(#7116),#7209,.T.);
#7116 = FACE_BOUND('',#7117,.T.);
#7117 = EDGE_LOOP('',(#7118,#7119,#7120,#7129,#7137,#7146,#7154,#7162,
    #7170,#7179,#7187,#7194,#7195,#7201,#7202,#7208));
#7118 = ORIENTED_EDGE('',*,*,#6999,.T.);
#7119 = ORIENTED_EDGE('',*,*,#40,.T.);
#7120 = ORIENTED_EDGE('',*,*,#7121,.T.);
#7121 = EDGE_CURVE('',#41,#7122,#7124,.T.);
#7122 = VERTEX_POINT('',#7123);
#7123 = CARTESIAN_POINT('',(3.270692930734,-0.25,-1.479032927064));
#7124 = CIRCLE('',#7125,0.1);
#7125 = AXIS2_PLACEMENT_3D('',#7126,#7127,#7128);
#7126 = CARTESIAN_POINT('',(3.17500025,-0.25,-1.45));
#7127 = DIRECTION('',(1.224646799147E-16,1.,1.110223024625E-16));
#7128 = DIRECTION('',(0.793285065773,-1.647453744539E-16,0.608850395763)
  );
#7129 = ORIENTED_EDGE('',*,*,#7130,.T.);
#7130 = EDGE_CURVE('',#7122,#7131,#7133,.T.);
#7131 = VERTEX_POINT('',#7132);
#7132 = CARTESIAN_POINT('',(2.894383186696,-0.25,-2.719351828211));
#7133 = LINE('',#7134,#7135);
#7134 = CARTESIAN_POINT('',(3.270692930734,-0.25,-1.479032927064));
#7135 = VECTOR('',#7136,1.);
#7136 = DIRECTION('',(-0.290329270642,1.417952986382E-16,-0.956926807341
    ));
#7137 = ORIENTED_EDGE('',*,*,#7138,.T.);
#7138 = EDGE_CURVE('',#7131,#7139,#7141,.T.);
#7139 = VERTEX_POINT('',#7140);
#7140 = CARTESIAN_POINT('',(2.87500025,-0.25,-2.85));
#7141 = CIRCLE('',#7142,0.45);
#7142 = AXIS2_PLACEMENT_3D('',#7143,#7144,#7145);
#7143 = CARTESIAN_POINT('',(3.32500025,-0.25,-2.85));
#7144 = DIRECTION('',(-1.224646799147E-16,-1.,-1.110223024625E-16));
#7145 = DIRECTION('',(-0.956926807341,8.495671106395E-17,0.290329270642)
  );
#7146 = ORIENTED_EDGE('',*,*,#7147,.T.);
#7147 = EDGE_CURVE('',#7139,#7148,#7150,.T.);
#7148 = VERTEX_POINT('',#7149);
#7149 = CARTESIAN_POINT('',(2.87500025,-0.25,-3.45));
#7150 = LINE('',#7151,#7152);
#7151 = CARTESIAN_POINT('',(2.87500025,-0.25,-2.85));
#7152 = VECTOR('',#7153,1.);
#7153 = DIRECTION('',(1.359631073447E-32,1.110223024625E-16,-1.));
#7154 = ORIENTED_EDGE('',*,*,#7155,.T.);
#7155 = EDGE_CURVE('',#7148,#7156,#7158,.T.);
#7156 = VERTEX_POINT('',#7157);
#7157 = CARTESIAN_POINT('',(3.12500025,-0.25,-3.45));
#7158 = LINE('',#7159,#7160);
#7159 = CARTESIAN_POINT('',(2.87500025,-0.25,-3.45));
#7160 = VECTOR('',#7161,1.);
#7161 = DIRECTION('',(1.,-1.224646799147E-16,0.));
#7162 = ORIENTED_EDGE('',*,*,#7163,.T.);
#7163 = EDGE_CURVE('',#7156,#7164,#7166,.T.);
#7164 = VERTEX_POINT('',#7165);
#7165 = CARTESIAN_POINT('',(3.12500025,-0.25,-2.85));
#7166 = LINE('',#7167,#7168);
#7167 = CARTESIAN_POINT('',(3.12500025,-0.25,-3.45));
#7168 = VECTOR('',#7169,1.);
#7169 = DIRECTION('',(-1.359631073447E-32,-1.110223024625E-16,1.));
#7170 = ORIENTED_EDGE('',*,*,#7171,.T.);
#7171 = EDGE_CURVE('',#7164,#7172,#7174,.T.);
#7172 = VERTEX_POINT('',#7173);
#7173 = CARTESIAN_POINT('',(3.133614888532,-0.25,-2.791934145872));
#7174 = CIRCLE('',#7175,0.2);
#7175 = AXIS2_PLACEMENT_3D('',#7176,#7177,#7178);
#7176 = CARTESIAN_POINT('',(3.32500025,-0.25,-2.85));
#7177 = DIRECTION('',(1.224646799147E-16,1.,1.110223024625E-16));
#7178 = DIRECTION('',(-1.,1.224646799147E-16,4.440892098501E-14));
#7179 = ORIENTED_EDGE('',*,*,#7180,.T.);
#7180 = EDGE_CURVE('',#7172,#7181,#7183,.T.);
#7181 = VERTEX_POINT('',#7182);
#7182 = CARTESIAN_POINT('',(3.509924632569,-0.25,-1.551615244725));
#7183 = LINE('',#7184,#7185);
#7184 = CARTESIAN_POINT('',(3.133614888532,-0.25,-2.791934145872));
#7185 = VECTOR('',#7186,1.);
#7186 = DIRECTION('',(0.290329270642,-1.417952986382E-16,0.956926807341)
  );
#7187 = ORIENTED_EDGE('',*,*,#7188,.T.);
#7188 = EDGE_CURVE('',#7181,#66,#7189,.T.);
#7189 = CIRCLE('',#7190,0.35);
#7190 = AXIS2_PLACEMENT_3D('',#7191,#7192,#7193);
#7191 = CARTESIAN_POINT('',(3.17500025,-0.25,-1.45));
#7192 = DIRECTION('',(-1.224646799147E-16,-1.,-1.110223024625E-16));
#7193 = DIRECTION('',(0.956926807341,-8.495671106395E-17,-0.290329270642
    ));
#7194 = ORIENTED_EDGE('',*,*,#90,.T.);
#7195 = ORIENTED_EDGE('',*,*,#7196,.T.);
#7196 = EDGE_CURVE('',#83,#6062,#7197,.T.);
#7197 = LINE('',#7198,#7199);
#7198 = CARTESIAN_POINT('',(3.452650023021,-0.25,-1.236902361483));
#7199 = VECTOR('',#7200,1.);
#7200 = DIRECTION('',(-0.608850395763,-1.350966567812E-17,0.793285065773
    ));
#7201 = ORIENTED_EDGE('',*,*,#6112,.T.);
#7202 = ORIENTED_EDGE('',*,*,#7203,.F.);
#7203 = EDGE_CURVE('',#6581,#6104,#7204,.T.);
#7204 = LINE('',#7205,#7206);
#7205 = CARTESIAN_POINT('',(2.87500025,-0.25,-4.999999999999E-02));
#7206 = VECTOR('',#7207,1.);
#7207 = DIRECTION('',(1.,-1.224646799147E-16,0.));
#7208 = ORIENTED_EDGE('',*,*,#6580,.T.);
#7209 = PLANE('',#7210);
#7210 = AXIS2_PLACEMENT_3D('',#7211,#7212,#7213);
#7211 = CARTESIAN_POINT('',(-0.12499975,-0.25,3.425));
#7212 = DIRECTION('',(-1.224646799147E-16,-1.,-1.110223024625E-16));
#7213 = DIRECTION('',(1.359631073447E-32,1.110223024625E-16,-1.));
#7214 = ADVANCED_FACE('',(#7215),#7226,.F.);
#7215 = FACE_BOUND('',#7216,.F.);
#7216 = EDGE_LOOP('',(#7217,#7218,#7219,#7225));
#7217 = ORIENTED_EDGE('',*,*,#7104,.F.);
#7218 = ORIENTED_EDGE('',*,*,#5758,.F.);
#7219 = ORIENTED_EDGE('',*,*,#7220,.T.);
#7220 = EDGE_CURVE('',#5711,#5508,#7221,.T.);
#7221 = LINE('',#7222,#7223);
#7222 = CARTESIAN_POINT('',(-0.12499975,-0.45,0.15));
#7223 = VECTOR('',#7224,1.);
#7224 = DIRECTION('',(1.,-1.224646799147E-16,0.));
#7225 = ORIENTED_EDGE('',*,*,#5515,.T.);
#7226 = CYLINDRICAL_SURFACE('',#7227,0.2);
#7227 = AXIS2_PLACEMENT_3D('',#7228,#7229,#7230);
#7228 = CARTESIAN_POINT('',(-0.12499975,-0.45,-4.999999999999E-02));
#7229 = DIRECTION('',(-1.,1.224646799147E-16,0.));
#7230 = DIRECTION('',(1.224646799147E-16,1.,1.110223024625E-16));
#7231 = ADVANCED_FACE('',(#7232),#7243,.T.);
#7232 = FACE_BOUND('',#7233,.T.);
#7233 = EDGE_LOOP('',(#7234,#7235,#7236,#7242));
#7234 = ORIENTED_EDGE('',*,*,#7220,.T.);
#7235 = ORIENTED_EDGE('',*,*,#5507,.F.);
#7236 = ORIENTED_EDGE('',*,*,#7237,.F.);
#7237 = EDGE_CURVE('',#5709,#5500,#7238,.T.);
#7238 = LINE('',#7239,#7240);
#7239 = CARTESIAN_POINT('',(-0.12499975,-3.17,0.15));
#7240 = VECTOR('',#7241,1.);
#7241 = DIRECTION('',(1.,-1.224646799147E-16,0.));
#7242 = ORIENTED_EDGE('',*,*,#5708,.T.);
#7243 = PLANE('',#7244);
#7244 = AXIS2_PLACEMENT_3D('',#7245,#7246,#7247);
#7245 = CARTESIAN_POINT('',(-0.12499975,-3.17,0.15));
#7246 = DIRECTION('',(1.359631073447E-32,1.110223024625E-16,-1.));
#7247 = DIRECTION('',(-1.224646799147E-16,-1.,-1.110223024625E-16));
#7248 = ADVANCED_FACE('',(#7249),#7255,.T.);
#7249 = FACE_BOUND('',#7250,.T.);
#7250 = EDGE_LOOP('',(#7251,#7252,#7253,#7254));
#7251 = ORIENTED_EDGE('',*,*,#5718,.T.);
#7252 = ORIENTED_EDGE('',*,*,#7237,.T.);
#7253 = ORIENTED_EDGE('',*,*,#5499,.F.);
#7254 = ORIENTED_EDGE('',*,*,#4757,.F.);
#7255 = PLANE('',#7256);
#7256 = AXIS2_PLACEMENT_3D('',#7257,#7258,#7259);
#7257 = CARTESIAN_POINT('',(-0.12499975,-3.39,0.35));
#7258 = DIRECTION('',(-8.237865840411E-17,-0.672672793996,
    -0.739940073396));
#7259 = DIRECTION('',(-9.061652424452E-17,-0.739940073396,0.672672793996
    ));
#7260 = ADVANCED_FACE('',(#7261),#7267,.T.);
#7261 = FACE_BOUND('',#7262,.T.);
#7262 = EDGE_LOOP('',(#7263,#7264,#7265,#7266));
#7263 = ORIENTED_EDGE('',*,*,#5532,.F.);
#7264 = ORIENTED_EDGE('',*,*,#7097,.F.);
#7265 = ORIENTED_EDGE('',*,*,#158,.T.);
#7266 = ORIENTED_EDGE('',*,*,#6889,.F.);
#7267 = PLANE('',#7268);
#7268 = AXIS2_PLACEMENT_3D('',#7269,#7270,#7271);
#7269 = CARTESIAN_POINT('',(-0.254328256577,0.25,-1.389114960424));
#7270 = DIRECTION('',(0.793285065773,-2.955342886816E-17,-0.608850395763
    ));
#7271 = DIRECTION('',(0.608850395763,-1.626350033444E-16,0.793285065773)
  );
#7272 = ADVANCED_FACE('',(#7273),#7284,.F.);
#7273 = FACE_BOUND('',#7274,.F.);
#7274 = EDGE_LOOP('',(#7275,#7276,#7282,#7283));
#7275 = ORIENTED_EDGE('',*,*,#6896,.T.);
#7276 = ORIENTED_EDGE('',*,*,#7277,.F.);
#7277 = EDGE_CURVE('',#7082,#6897,#7278,.T.);
#7278 = LINE('',#7279,#7280);
#7279 = CARTESIAN_POINT('',(-0.270692430734,-0.25,-1.479032927064));
#7280 = VECTOR('',#7281,1.);
#7281 = DIRECTION('',(1.224646799147E-16,1.,1.110223024625E-16));
#7282 = ORIENTED_EDGE('',*,*,#7089,.T.);
#7283 = ORIENTED_EDGE('',*,*,#175,.F.);
#7284 = CYLINDRICAL_SURFACE('',#7285,0.1);
#7285 = AXIS2_PLACEMENT_3D('',#7286,#7287,#7288);
#7286 = CARTESIAN_POINT('',(-0.17499975,0.25,-1.45));
#7287 = DIRECTION('',(1.224646799147E-16,1.,1.110223024625E-16));
#7288 = DIRECTION('',(1.,-1.224646799147E-16,0.));
#7289 = ADVANCED_FACE('',(#7290),#7301,.T.);
#7290 = FACE_BOUND('',#7291,.T.);
#7291 = EDGE_LOOP('',(#7292,#7293,#7294,#7300));
#7292 = ORIENTED_EDGE('',*,*,#7277,.F.);
#7293 = ORIENTED_EDGE('',*,*,#7081,.F.);
#7294 = ORIENTED_EDGE('',*,*,#7295,.T.);
#7295 = EDGE_CURVE('',#7073,#6906,#7296,.T.);
#7296 = LINE('',#7297,#7298);
#7297 = CARTESIAN_POINT('',(0.105617313304,-0.25,-2.719351828211));
#7298 = VECTOR('',#7299,1.);
#7299 = DIRECTION('',(1.224646799147E-16,1.,1.110223024625E-16));
#7300 = ORIENTED_EDGE('',*,*,#6905,.F.);
#7301 = PLANE('',#7302);
#7302 = AXIS2_PLACEMENT_3D('',#7303,#7304,#7305);
#7303 = CARTESIAN_POINT('',(0.105617313304,0.25,-2.719351828211));
#7304 = DIRECTION('',(0.956926807341,-1.494227592618E-16,0.290329270642)
  );
#7305 = DIRECTION('',(1.224646799147E-16,1.,1.110223024625E-16));
#7306 = ADVANCED_FACE('',(#7307),#7318,.T.);
#7307 = FACE_BOUND('',#7308,.T.);
#7308 = EDGE_LOOP('',(#7309,#7310,#7311,#7317));
#7309 = ORIENTED_EDGE('',*,*,#7295,.F.);
#7310 = ORIENTED_EDGE('',*,*,#7072,.F.);
#7311 = ORIENTED_EDGE('',*,*,#7312,.T.);
#7312 = EDGE_CURVE('',#7065,#6914,#7313,.T.);
#7313 = LINE('',#7314,#7315);
#7314 = CARTESIAN_POINT('',(0.12500025,-0.25,-2.85));
#7315 = VECTOR('',#7316,1.);
#7316 = DIRECTION('',(1.224646799147E-16,1.,1.110223024625E-16));
#7317 = ORIENTED_EDGE('',*,*,#6913,.F.);
#7318 = CYLINDRICAL_SURFACE('',#7319,0.45);
#7319 = AXIS2_PLACEMENT_3D('',#7320,#7321,#7322);
#7320 = CARTESIAN_POINT('',(-0.32499975,0.25,-2.85));
#7321 = DIRECTION('',(1.224646799147E-16,1.,1.110223024625E-16));
#7322 = DIRECTION('',(1.,-1.224646799147E-16,0.));
#7323 = ADVANCED_FACE('',(#7324),#7335,.T.);
#7324 = FACE_BOUND('',#7325,.T.);
#7325 = EDGE_LOOP('',(#7326,#7327,#7328,#7334));
#7326 = ORIENTED_EDGE('',*,*,#7312,.F.);
#7327 = ORIENTED_EDGE('',*,*,#7064,.F.);
#7328 = ORIENTED_EDGE('',*,*,#7329,.T.);
#7329 = EDGE_CURVE('',#7057,#6923,#7330,.T.);
#7330 = LINE('',#7331,#7332);
#7331 = CARTESIAN_POINT('',(0.12500025,-0.25,-3.45));
#7332 = VECTOR('',#7333,1.);
#7333 = DIRECTION('',(1.224646799147E-16,1.,1.110223024625E-16));
#7334 = ORIENTED_EDGE('',*,*,#6922,.F.);
#7335 = PLANE('',#7336);
#7336 = AXIS2_PLACEMENT_3D('',#7337,#7338,#7339);
#7337 = CARTESIAN_POINT('',(0.12500025,0.25,-3.45));
#7338 = DIRECTION('',(1.,-1.224646799147E-16,0.));
#7339 = DIRECTION('',(1.224646799147E-16,1.,1.110223024625E-16));
#7340 = ADVANCED_FACE('',(#7341),#7352,.T.);
#7341 = FACE_BOUND('',#7342,.T.);
#7342 = EDGE_LOOP('',(#7343,#7344,#7345,#7351));
#7343 = ORIENTED_EDGE('',*,*,#7329,.F.);
#7344 = ORIENTED_EDGE('',*,*,#7056,.F.);
#7345 = ORIENTED_EDGE('',*,*,#7346,.T.);
#7346 = EDGE_CURVE('',#7049,#6931,#7347,.T.);
#7347 = LINE('',#7348,#7349);
#7348 = CARTESIAN_POINT('',(-0.12499975,-0.25,-3.45));
#7349 = VECTOR('',#7350,1.);
#7350 = DIRECTION('',(1.224646799147E-16,1.,1.110223024625E-16));
#7351 = ORIENTED_EDGE('',*,*,#6930,.F.);
#7352 = PLANE('',#7353);
#7353 = AXIS2_PLACEMENT_3D('',#7354,#7355,#7356);
#7354 = CARTESIAN_POINT('',(-0.12499975,0.25,-3.45));
#7355 = DIRECTION('',(1.359631073447E-32,1.110223024625E-16,-1.));
#7356 = DIRECTION('',(-1.224646799147E-16,-1.,-1.110223024625E-16));
#7357 = ADVANCED_FACE('',(#7358),#7369,.T.);
#7358 = FACE_BOUND('',#7359,.T.);
#7359 = EDGE_LOOP('',(#7360,#7361,#7362,#7368));
#7360 = ORIENTED_EDGE('',*,*,#7346,.F.);
#7361 = ORIENTED_EDGE('',*,*,#7048,.F.);
#7362 = ORIENTED_EDGE('',*,*,#7363,.T.);
#7363 = EDGE_CURVE('',#7040,#6939,#7364,.T.);
#7364 = LINE('',#7365,#7366);
#7365 = CARTESIAN_POINT('',(-0.12499975,-0.25,-2.85));
#7366 = VECTOR('',#7367,1.);
#7367 = DIRECTION('',(1.224646799147E-16,1.,1.110223024625E-16));
#7368 = ORIENTED_EDGE('',*,*,#6938,.F.);
#7369 = PLANE('',#7370);
#7370 = AXIS2_PLACEMENT_3D('',#7371,#7372,#7373);
#7371 = CARTESIAN_POINT('',(-0.12499975,0.25,-2.85));
#7372 = DIRECTION('',(-1.,1.224646799147E-16,0.));
#7373 = DIRECTION('',(-1.359631073447E-32,-1.110223024625E-16,1.));
#7374 = ADVANCED_FACE('',(#7375),#7386,.F.);
#7375 = FACE_BOUND('',#7376,.F.);
#7376 = EDGE_LOOP('',(#7377,#7378,#7384,#7385));
#7377 = ORIENTED_EDGE('',*,*,#6946,.T.);
#7378 = ORIENTED_EDGE('',*,*,#7379,.F.);
#7379 = EDGE_CURVE('',#7032,#6947,#7380,.T.);
#7380 = LINE('',#7381,#7382);
#7381 = CARTESIAN_POINT('',(-0.133614388532,-0.25,-2.791934145872));
#7382 = VECTOR('',#7383,1.);
#7383 = DIRECTION('',(1.224646799147E-16,1.,1.110223024625E-16));
#7384 = ORIENTED_EDGE('',*,*,#7039,.T.);
#7385 = ORIENTED_EDGE('',*,*,#7363,.T.);
#7386 = CYLINDRICAL_SURFACE('',#7387,0.2);
#7387 = AXIS2_PLACEMENT_3D('',#7388,#7389,#7390);
#7388 = CARTESIAN_POINT('',(-0.32499975,0.25,-2.85));
#7389 = DIRECTION('',(1.224646799147E-16,1.,1.110223024625E-16));
#7390 = DIRECTION('',(1.,-1.224646799147E-16,0.));
#7391 = ADVANCED_FACE('',(#7392),#7403,.T.);
#7392 = FACE_BOUND('',#7393,.T.);
#7393 = EDGE_LOOP('',(#7394,#7395,#7396,#7402));
#7394 = ORIENTED_EDGE('',*,*,#7379,.F.);
#7395 = ORIENTED_EDGE('',*,*,#7031,.F.);
#7396 = ORIENTED_EDGE('',*,*,#7397,.T.);
#7397 = EDGE_CURVE('',#7023,#6956,#7398,.T.);
#7398 = LINE('',#7399,#7400);
#7399 = CARTESIAN_POINT('',(-0.509924132569,-0.25,-1.551615244725));
#7400 = VECTOR('',#7401,1.);
#7401 = DIRECTION('',(1.224646799147E-16,1.,1.110223024625E-16));
#7402 = ORIENTED_EDGE('',*,*,#6955,.F.);
#7403 = PLANE('',#7404);
#7404 = AXIS2_PLACEMENT_3D('',#7405,#7406,#7407);
#7405 = CARTESIAN_POINT('',(-0.509924132569,0.25,-1.551615244725));
#7406 = DIRECTION('',(-0.956926807341,1.494227592618E-16,-0.290329270642
    ));
#7407 = DIRECTION('',(-1.224646799147E-16,-1.,-1.110223024625E-16));
#7408 = ADVANCED_FACE('',(#7409),#7415,.T.);
#7409 = FACE_BOUND('',#7410,.T.);
#7410 = EDGE_LOOP('',(#7411,#7412,#7413,#7414));
#7411 = ORIENTED_EDGE('',*,*,#105,.T.);
#7412 = ORIENTED_EDGE('',*,*,#6963,.F.);
#7413 = ORIENTED_EDGE('',*,*,#7397,.F.);
#7414 = ORIENTED_EDGE('',*,*,#7022,.F.);
#7415 = CYLINDRICAL_SURFACE('',#7416,0.35);
#7416 = AXIS2_PLACEMENT_3D('',#7417,#7418,#7419);
#7417 = CARTESIAN_POINT('',(-0.17499975,0.25,-1.45));
#7418 = DIRECTION('',(1.224646799147E-16,1.,1.110223024625E-16));
#7419 = DIRECTION('',(1.,-1.224646799147E-16,0.));
#7420 = ADVANCED_FACE('',(#7421),#7427,.T.);
#7421 = FACE_BOUND('',#7422,.T.);
#7422 = EDGE_LOOP('',(#7423,#7424,#7425,#7426));
#7423 = ORIENTED_EDGE('',*,*,#124,.F.);
#7424 = ORIENTED_EDGE('',*,*,#7015,.F.);
#7425 = ORIENTED_EDGE('',*,*,#5742,.T.);
#7426 = ORIENTED_EDGE('',*,*,#6971,.F.);
#7427 = PLANE('',#7428);
#7428 = AXIS2_PLACEMENT_3D('',#7429,#7430,#7431);
#7429 = CARTESIAN_POINT('',(-0.12499975,0.25,-0.81));
#7430 = DIRECTION('',(-0.793285065773,2.955342886816E-17,0.608850395763)
  );
#7431 = DIRECTION('',(-1.224646799147E-16,-1.,-1.110223024625E-16));
#7432 = ADVANCED_FACE('',(#7433),#7444,.F.);
#7433 = FACE_BOUND('',#7434,.F.);
#7434 = EDGE_LOOP('',(#7435,#7436,#7437,#7443));
#7435 = ORIENTED_EDGE('',*,*,#7203,.F.);
#7436 = ORIENTED_EDGE('',*,*,#6588,.F.);
#7437 = ORIENTED_EDGE('',*,*,#7438,.T.);
#7438 = EDGE_CURVE('',#6589,#6096,#7439,.T.);
#7439 = LINE('',#7440,#7441);
#7440 = CARTESIAN_POINT('',(2.87500025,-0.45,0.15));
#7441 = VECTOR('',#7442,1.);
#7442 = DIRECTION('',(1.,-1.224646799147E-16,0.));
#7443 = ORIENTED_EDGE('',*,*,#6103,.T.);
#7444 = CYLINDRICAL_SURFACE('',#7445,0.2);
#7445 = AXIS2_PLACEMENT_3D('',#7446,#7447,#7448);
#7446 = CARTESIAN_POINT('',(2.87500025,-0.45,-4.999999999999E-02));
#7447 = DIRECTION('',(-1.,1.224646799147E-16,0.));
#7448 = DIRECTION('',(1.224646799147E-16,1.,1.110223024625E-16));
#7449 = ADVANCED_FACE('',(#7450),#7461,.T.);
#7450 = FACE_BOUND('',#7451,.T.);
#7451 = EDGE_LOOP('',(#7452,#7453,#7454,#7460));
#7452 = ORIENTED_EDGE('',*,*,#7438,.T.);
#7453 = ORIENTED_EDGE('',*,*,#6095,.F.);
#7454 = ORIENTED_EDGE('',*,*,#7455,.F.);
#7455 = EDGE_CURVE('',#6598,#6088,#7456,.T.);
#7456 = LINE('',#7457,#7458);
#7457 = CARTESIAN_POINT('',(2.87500025,-3.17,0.15));
#7458 = VECTOR('',#7459,1.);
#7459 = DIRECTION('',(1.,-1.224646799147E-16,0.));
#7460 = ORIENTED_EDGE('',*,*,#6597,.T.);
#7461 = PLANE('',#7462);
#7462 = AXIS2_PLACEMENT_3D('',#7463,#7464,#7465);
#7463 = CARTESIAN_POINT('',(2.87500025,-3.17,0.15));
#7464 = DIRECTION('',(1.359631073447E-32,1.110223024625E-16,-1.));
#7465 = DIRECTION('',(-1.224646799147E-16,-1.,-1.110223024625E-16));
#7466 = ADVANCED_FACE('',(#7467),#7473,.T.);
#7467 = FACE_BOUND('',#7468,.T.);
#7468 = EDGE_LOOP('',(#7469,#7470,#7471,#7472));
#7469 = ORIENTED_EDGE('',*,*,#6605,.T.);
#7470 = ORIENTED_EDGE('',*,*,#7455,.T.);
#7471 = ORIENTED_EDGE('',*,*,#6087,.F.);
#7472 = ORIENTED_EDGE('',*,*,#4806,.F.);
#7473 = PLANE('',#7474);
#7474 = AXIS2_PLACEMENT_3D('',#7475,#7476,#7477);
#7475 = CARTESIAN_POINT('',(2.87500025,-3.39,0.35));
#7476 = DIRECTION('',(-8.237865840411E-17,-0.672672793996,
    -0.739940073396));
#7477 = DIRECTION('',(-9.061652424452E-17,-0.739940073396,0.672672793996
    ));
#7478 = ADVANCED_FACE('',(#7479),#7485,.T.);
#7479 = FACE_BOUND('',#7480,.T.);
#7480 = EDGE_LOOP('',(#7481,#7482,#7483,#7484));
#7481 = ORIENTED_EDGE('',*,*,#6061,.F.);
#7482 = ORIENTED_EDGE('',*,*,#7196,.F.);
#7483 = ORIENTED_EDGE('',*,*,#82,.T.);
#7484 = ORIENTED_EDGE('',*,*,#6778,.F.);
#7485 = PLANE('',#7486);
#7486 = AXIS2_PLACEMENT_3D('',#7487,#7488,#7489);
#7487 = CARTESIAN_POINT('',(3.452650023021,0.25,-1.236902361483));
#7488 = DIRECTION('',(0.793285065773,-1.647453744539E-16,0.608850395763)
  );
#7489 = DIRECTION('',(1.224646799147E-16,1.,1.110223024625E-16));
#7490 = ADVANCED_FACE('',(#7491),#7502,.T.);
#7491 = FACE_BOUND('',#7492,.T.);
#7492 = EDGE_LOOP('',(#7493,#7494,#7495,#7501));
#7493 = ORIENTED_EDGE('',*,*,#63,.T.);
#7494 = ORIENTED_EDGE('',*,*,#7188,.F.);
#7495 = ORIENTED_EDGE('',*,*,#7496,.T.);
#7496 = EDGE_CURVE('',#7181,#6786,#7497,.T.);
#7497 = LINE('',#7498,#7499);
#7498 = CARTESIAN_POINT('',(3.509924632569,-0.25,-1.551615244725));
#7499 = VECTOR('',#7500,1.);
#7500 = DIRECTION('',(1.224646799147E-16,1.,1.110223024625E-16));
#7501 = ORIENTED_EDGE('',*,*,#6785,.F.);
#7502 = CYLINDRICAL_SURFACE('',#7503,0.35);
#7503 = AXIS2_PLACEMENT_3D('',#7504,#7505,#7506);
#7504 = CARTESIAN_POINT('',(3.17500025,0.25,-1.45));
#7505 = DIRECTION('',(1.224646799147E-16,1.,1.110223024625E-16));
#7506 = DIRECTION('',(1.,-1.224646799147E-16,0.));
#7507 = ADVANCED_FACE('',(#7508),#7519,.T.);
#7508 = FACE_BOUND('',#7509,.T.);
#7509 = EDGE_LOOP('',(#7510,#7511,#7512,#7518));
#7510 = ORIENTED_EDGE('',*,*,#7496,.F.);
#7511 = ORIENTED_EDGE('',*,*,#7180,.F.);
#7512 = ORIENTED_EDGE('',*,*,#7513,.T.);
#7513 = EDGE_CURVE('',#7172,#6795,#7514,.T.);
#7514 = LINE('',#7515,#7516);
#7515 = CARTESIAN_POINT('',(3.133614888532,-0.25,-2.791934145872));
#7516 = VECTOR('',#7517,1.);
#7517 = DIRECTION('',(1.224646799147E-16,1.,1.110223024625E-16));
#7518 = ORIENTED_EDGE('',*,*,#6794,.F.);
#7519 = PLANE('',#7520);
#7520 = AXIS2_PLACEMENT_3D('',#7521,#7522,#7523);
#7521 = CARTESIAN_POINT('',(3.133614888532,0.25,-2.791934145872));
#7522 = DIRECTION('',(0.956926807341,-8.495671106395E-17,-0.290329270642
    ));
#7523 = DIRECTION('',(0.290329270642,-1.417952986382E-16,0.956926807341)
  );
#7524 = ADVANCED_FACE('',(#7525),#7536,.F.);
#7525 = FACE_BOUND('',#7526,.F.);
#7526 = EDGE_LOOP('',(#7527,#7528,#7534,#7535));
#7527 = ORIENTED_EDGE('',*,*,#6802,.T.);
#7528 = ORIENTED_EDGE('',*,*,#7529,.F.);
#7529 = EDGE_CURVE('',#7164,#6803,#7530,.T.);
#7530 = LINE('',#7531,#7532);
#7531 = CARTESIAN_POINT('',(3.12500025,-0.25,-2.85));
#7532 = VECTOR('',#7533,1.);
#7533 = DIRECTION('',(1.224646799147E-16,1.,1.110223024625E-16));
#7534 = ORIENTED_EDGE('',*,*,#7171,.T.);
#7535 = ORIENTED_EDGE('',*,*,#7513,.T.);
#7536 = CYLINDRICAL_SURFACE('',#7537,0.2);
#7537 = AXIS2_PLACEMENT_3D('',#7538,#7539,#7540);
#7538 = CARTESIAN_POINT('',(3.32500025,0.25,-2.85));
#7539 = DIRECTION('',(1.224646799147E-16,1.,1.110223024625E-16));
#7540 = DIRECTION('',(1.,-1.224646799147E-16,0.));
#7541 = ADVANCED_FACE('',(#7542),#7553,.T.);
#7542 = FACE_BOUND('',#7543,.T.);
#7543 = EDGE_LOOP('',(#7544,#7545,#7546,#7552));
#7544 = ORIENTED_EDGE('',*,*,#7529,.F.);
#7545 = ORIENTED_EDGE('',*,*,#7163,.F.);
#7546 = ORIENTED_EDGE('',*,*,#7547,.T.);
#7547 = EDGE_CURVE('',#7156,#6812,#7548,.T.);
#7548 = LINE('',#7549,#7550);
#7549 = CARTESIAN_POINT('',(3.12500025,-0.25,-3.45));
#7550 = VECTOR('',#7551,1.);
#7551 = DIRECTION('',(1.224646799147E-16,1.,1.110223024625E-16));
#7552 = ORIENTED_EDGE('',*,*,#6811,.F.);
#7553 = PLANE('',#7554);
#7554 = AXIS2_PLACEMENT_3D('',#7555,#7556,#7557);
#7555 = CARTESIAN_POINT('',(3.12500025,0.25,-3.45));
#7556 = DIRECTION('',(1.,-1.224646799147E-16,0.));
#7557 = DIRECTION('',(1.224646799147E-16,1.,1.110223024625E-16));
#7558 = ADVANCED_FACE('',(#7559),#7570,.T.);
#7559 = FACE_BOUND('',#7560,.T.);
#7560 = EDGE_LOOP('',(#7561,#7562,#7563,#7569));
#7561 = ORIENTED_EDGE('',*,*,#7547,.F.);
#7562 = ORIENTED_EDGE('',*,*,#7155,.F.);
#7563 = ORIENTED_EDGE('',*,*,#7564,.T.);
#7564 = EDGE_CURVE('',#7148,#6820,#7565,.T.);
#7565 = LINE('',#7566,#7567);
#7566 = CARTESIAN_POINT('',(2.87500025,-0.25,-3.45));
#7567 = VECTOR('',#7568,1.);
#7568 = DIRECTION('',(1.224646799147E-16,1.,1.110223024625E-16));
#7569 = ORIENTED_EDGE('',*,*,#6819,.F.);
#7570 = PLANE('',#7571);
#7571 = AXIS2_PLACEMENT_3D('',#7572,#7573,#7574);
#7572 = CARTESIAN_POINT('',(2.87500025,0.25,-3.45));
#7573 = DIRECTION('',(1.359631073447E-32,1.110223024625E-16,-1.));
#7574 = DIRECTION('',(-1.224646799147E-16,-1.,-1.110223024625E-16));
#7575 = ADVANCED_FACE('',(#7576),#7587,.T.);
#7576 = FACE_BOUND('',#7577,.T.);
#7577 = EDGE_LOOP('',(#7578,#7579,#7580,#7586));
#7578 = ORIENTED_EDGE('',*,*,#7564,.F.);
#7579 = ORIENTED_EDGE('',*,*,#7147,.F.);
#7580 = ORIENTED_EDGE('',*,*,#7581,.T.);
#7581 = EDGE_CURVE('',#7139,#6828,#7582,.T.);
#7582 = LINE('',#7583,#7584);
#7583 = CARTESIAN_POINT('',(2.87500025,-0.25,-2.85));
#7584 = VECTOR('',#7585,1.);
#7585 = DIRECTION('',(1.224646799147E-16,1.,1.110223024625E-16));
#7586 = ORIENTED_EDGE('',*,*,#6827,.F.);
#7587 = PLANE('',#7588);
#7588 = AXIS2_PLACEMENT_3D('',#7589,#7590,#7591);
#7589 = CARTESIAN_POINT('',(2.87500025,0.25,-2.85));
#7590 = DIRECTION('',(-1.,1.224646799147E-16,0.));
#7591 = DIRECTION('',(-1.359631073447E-32,-1.110223024625E-16,1.));
#7592 = ADVANCED_FACE('',(#7593),#7604,.T.);
#7593 = FACE_BOUND('',#7594,.T.);
#7594 = EDGE_LOOP('',(#7595,#7596,#7597,#7603));
#7595 = ORIENTED_EDGE('',*,*,#7581,.F.);
#7596 = ORIENTED_EDGE('',*,*,#7138,.F.);
#7597 = ORIENTED_EDGE('',*,*,#7598,.T.);
#7598 = EDGE_CURVE('',#7131,#6836,#7599,.T.);
#7599 = LINE('',#7600,#7601);
#7600 = CARTESIAN_POINT('',(2.894383186696,-0.25,-2.719351828211));
#7601 = VECTOR('',#7602,1.);
#7602 = DIRECTION('',(1.224646799147E-16,1.,1.110223024625E-16));
#7603 = ORIENTED_EDGE('',*,*,#6835,.F.);
#7604 = CYLINDRICAL_SURFACE('',#7605,0.45);
#7605 = AXIS2_PLACEMENT_3D('',#7606,#7607,#7608);
#7606 = CARTESIAN_POINT('',(3.32500025,0.25,-2.85));
#7607 = DIRECTION('',(1.224646799147E-16,1.,1.110223024625E-16));
#7608 = DIRECTION('',(1.,-1.224646799147E-16,0.));
#7609 = ADVANCED_FACE('',(#7610),#7621,.T.);
#7610 = FACE_BOUND('',#7611,.T.);
#7611 = EDGE_LOOP('',(#7612,#7613,#7614,#7620));
#7612 = ORIENTED_EDGE('',*,*,#7598,.F.);
#7613 = ORIENTED_EDGE('',*,*,#7130,.F.);
#7614 = ORIENTED_EDGE('',*,*,#7615,.T.);
#7615 = EDGE_CURVE('',#7122,#6845,#7616,.T.);
#7616 = LINE('',#7617,#7618);
#7617 = CARTESIAN_POINT('',(3.270692930734,-0.25,-1.479032927064));
#7618 = VECTOR('',#7619,1.);
#7619 = DIRECTION('',(1.224646799147E-16,1.,1.110223024625E-16));
#7620 = ORIENTED_EDGE('',*,*,#6844,.F.);
#7621 = PLANE('',#7622);
#7622 = AXIS2_PLACEMENT_3D('',#7623,#7624,#7625);
#7623 = CARTESIAN_POINT('',(3.270692930734,0.25,-1.479032927064));
#7624 = DIRECTION('',(-0.956926807341,8.495671106395E-17,0.290329270642)
  );
#7625 = DIRECTION('',(-1.224646799147E-16,-1.,-1.110223024625E-16));
#7626 = ADVANCED_FACE('',(#7627),#7633,.F.);
#7627 = FACE_BOUND('',#7628,.F.);
#7628 = EDGE_LOOP('',(#7629,#7630,#7631,#7632));
#7629 = ORIENTED_EDGE('',*,*,#7121,.T.);
#7630 = ORIENTED_EDGE('',*,*,#7615,.T.);
#7631 = ORIENTED_EDGE('',*,*,#6852,.T.);
#7632 = ORIENTED_EDGE('',*,*,#49,.F.);
#7633 = CYLINDRICAL_SURFACE('',#7634,0.1);
#7634 = AXIS2_PLACEMENT_3D('',#7635,#7636,#7637);
#7635 = CARTESIAN_POINT('',(3.17500025,0.25,-1.45));
#7636 = DIRECTION('',(1.224646799147E-16,1.,1.110223024625E-16));
#7637 = DIRECTION('',(1.,-1.224646799147E-16,0.));
#7638 = ADVANCED_FACE('',(#7639),#7645,.T.);
#7639 = FACE_BOUND('',#7640,.T.);
#7640 = EDGE_LOOP('',(#7641,#7642,#7643,#7644));
#7641 = ORIENTED_EDGE('',*,*,#5489,.F.);
#7642 = ORIENTED_EDGE('',*,*,#6882,.F.);
#7643 = ORIENTED_EDGE('',*,*,#5726,.T.);
#7644 = ORIENTED_EDGE('',*,*,#4909,.T.);
#7645 = PLANE('',#7646);
#7646 = AXIS2_PLACEMENT_3D('',#7647,#7648,#7649);
#7647 = CARTESIAN_POINT('',(-0.12499975,0.25,2.06));
#7648 = DIRECTION('',(8.659560562355E-17,0.707106781187,0.707106781187)
  );
#7649 = DIRECTION('',(-1.,1.224646799147E-16,0.));
#7650 = ADVANCED_FACE('',(#7651),#7662,.T.);
#7651 = FACE_BOUND('',#7652,.T.);
#7652 = EDGE_LOOP('',(#7653,#7654,#7660,#7661));
#7653 = ORIENTED_EDGE('',*,*,#4429,.T.);
#7654 = ORIENTED_EDGE('',*,*,#7655,.T.);
#7655 = EDGE_CURVE('',#4421,#4684,#7656,.T.);
#7656 = LINE('',#7657,#7658);
#7657 = CARTESIAN_POINT('',(1.37500025,-3.37641509434,2.50754716981));
#7658 = VECTOR('',#7659,1.);
#7659 = DIRECTION('',(1.,-1.224646799147E-16,0.));
#7660 = ORIENTED_EDGE('',*,*,#4683,.F.);
#7661 = ORIENTED_EDGE('',*,*,#6394,.F.);
#7662 = PLANE('',#7663);
#7663 = AXIS2_PLACEMENT_3D('',#7664,#7665,#7666);
#7664 = CARTESIAN_POINT('',(1.37500025,-3.902830188679,2.835094339622));
#7665 = DIRECTION('',(-6.469832146439E-17,-0.528301886792,
    -0.849056603774));
#7666 = DIRECTION('',(-1.039794452106E-16,-0.849056603774,0.528301886792
    ));
#7667 = ADVANCED_FACE('',(#7668),#7679,.T.);
#7668 = FACE_BOUND('',#7669,.T.);
#7669 = EDGE_LOOP('',(#7670,#7676,#7677,#7678));
#7670 = ORIENTED_EDGE('',*,*,#7671,.T.);
#7671 = EDGE_CURVE('',#4413,#4692,#7672,.T.);
#7672 = LINE('',#7673,#7674);
#7673 = CARTESIAN_POINT('',(1.37500025,-3.3234527379,2.507629693474));
#7674 = VECTOR('',#7675,1.);
#7675 = DIRECTION('',(1.,-1.224646799147E-16,0.));
#7676 = ORIENTED_EDGE('',*,*,#4691,.F.);
#7677 = ORIENTED_EDGE('',*,*,#7655,.F.);
#7678 = ORIENTED_EDGE('',*,*,#4420,.T.);
#7679 = CYLINDRICAL_SURFACE('',#7680,5.E-02);
#7680 = AXIS2_PLACEMENT_3D('',#7681,#7682,#7683);
#7681 = CARTESIAN_POINT('',(1.37500025,-3.35,2.549999999999));
#7682 = DIRECTION('',(-1.,1.224646799147E-16,0.));
#7683 = DIRECTION('',(1.224646799147E-16,1.,1.110223024625E-16));
#7684 = ADVANCED_FACE('',(#7685),#7696,.T.);
#7685 = FACE_BOUND('',#7686,.T.);
#7686 = EDGE_LOOP('',(#7687,#7693,#7694,#7695));
#7687 = ORIENTED_EDGE('',*,*,#7688,.T.);
#7688 = EDGE_CURVE('',#4404,#4701,#7689,.T.);
#7689 = LINE('',#7690,#7691);
#7690 = CARTESIAN_POINT('',(1.37500025,-3.05,2.678962452198));
#7691 = VECTOR('',#7692,1.);
#7692 = DIRECTION('',(1.,-1.224646799147E-16,0.));
#7693 = ORIENTED_EDGE('',*,*,#4700,.F.);
#7694 = ORIENTED_EDGE('',*,*,#7671,.F.);
#7695 = ORIENTED_EDGE('',*,*,#4412,.T.);
#7696 = PLANE('',#7697);
#7697 = AXIS2_PLACEMENT_3D('',#7698,#7699,#7700);
#7698 = CARTESIAN_POINT('',(1.37500025,-3.3234527379,2.507629693474));
#7699 = DIRECTION('',(6.502203911284E-17,0.530945241992,-0.847406130498)
  );
#7700 = DIRECTION('',(1.,-1.224646799147E-16,0.));
#7701 = ADVANCED_FACE('',(#7702),#7713,.F.);
#7702 = FACE_BOUND('',#7703,.F.);
#7703 = EDGE_LOOP('',(#7704,#7705,#7706,#7707));
#7704 = ORIENTED_EDGE('',*,*,#4403,.F.);
#7705 = ORIENTED_EDGE('',*,*,#7688,.T.);
#7706 = ORIENTED_EDGE('',*,*,#4708,.T.);
#7707 = ORIENTED_EDGE('',*,*,#7708,.F.);
#7708 = EDGE_CURVE('',#4394,#4709,#7709,.T.);
#7709 = LINE('',#7710,#7711);
#7710 = CARTESIAN_POINT('',(1.37500025,-2.837621903203,2.739999999999));
#7711 = VECTOR('',#7712,1.);
#7712 = DIRECTION('',(1.,-1.224646799147E-16,0.));
#7713 = CYLINDRICAL_SURFACE('',#7714,0.4);
#7714 = AXIS2_PLACEMENT_3D('',#7715,#7716,#7717);
#7715 = CARTESIAN_POINT('',(1.37500025,-2.837621903203,2.339999999999));
#7716 = DIRECTION('',(-1.,1.224646799147E-16,0.));
#7717 = DIRECTION('',(1.224646799147E-16,1.,1.110223024625E-16));
#7718 = ADVANCED_FACE('',(#7719),#7725,.T.);
#7719 = FACE_BOUND('',#7720,.T.);
#7720 = EDGE_LOOP('',(#7721,#7722,#7723,#7724));
#7721 = ORIENTED_EDGE('',*,*,#4717,.F.);
#7722 = ORIENTED_EDGE('',*,*,#7708,.F.);
#7723 = ORIENTED_EDGE('',*,*,#4393,.T.);
#7724 = ORIENTED_EDGE('',*,*,#6156,.T.);
#7725 = PLANE('',#7726);
#7726 = AXIS2_PLACEMENT_3D('',#7727,#7728,#7729);
#7727 = CARTESIAN_POINT('',(1.37500025,-2.837621903203,2.739999999999));
#7728 = DIRECTION('',(1.359631073447E-32,1.110223024625E-16,-1.));
#7729 = DIRECTION('',(-1.224646799147E-16,-1.,-1.110223024625E-16));
#7730 = ADVANCED_FACE('',(#7731),#7742,.T.);
#7731 = FACE_BOUND('',#7732,.T.);
#7732 = EDGE_LOOP('',(#7733,#7734,#7735,#7741));
#7733 = ORIENTED_EDGE('',*,*,#6385,.F.);
#7734 = ORIENTED_EDGE('',*,*,#5686,.T.);
#7735 = ORIENTED_EDGE('',*,*,#7736,.T.);
#7736 = EDGE_CURVE('',#5678,#5424,#7737,.T.);
#7737 = LINE('',#7738,#7739);
#7738 = CARTESIAN_POINT('',(-0.12499975,-3.37641509434,2.507547169811));
#7739 = VECTOR('',#7740,1.);
#7740 = DIRECTION('',(1.,-1.224646799147E-16,0.));
#7741 = ORIENTED_EDGE('',*,*,#5475,.F.);
#7742 = PLANE('',#7743);
#7743 = AXIS2_PLACEMENT_3D('',#7744,#7745,#7746);
#7744 = CARTESIAN_POINT('',(-0.12499975,-3.902830188679,2.835094339623)
  );
#7745 = DIRECTION('',(-6.469832146439E-17,-0.528301886792,
    -0.849056603774));
#7746 = DIRECTION('',(-1.039794452106E-16,-0.849056603774,0.528301886792
    ));
#7747 = ADVANCED_FACE('',(#7748),#7759,.T.);
#7748 = FACE_BOUND('',#7749,.T.);
#7749 = EDGE_LOOP('',(#7750,#7756,#7757,#7758));
#7750 = ORIENTED_EDGE('',*,*,#7751,.T.);
#7751 = EDGE_CURVE('',#5670,#5426,#7752,.T.);
#7752 = LINE('',#7753,#7754);
#7753 = CARTESIAN_POINT('',(-0.12499975,-3.3234527379,2.507629693475));
#7754 = VECTOR('',#7755,1.);
#7755 = DIRECTION('',(1.,-1.224646799147E-16,0.));
#7756 = ORIENTED_EDGE('',*,*,#5423,.F.);
#7757 = ORIENTED_EDGE('',*,*,#7736,.F.);
#7758 = ORIENTED_EDGE('',*,*,#5677,.T.);
#7759 = CYLINDRICAL_SURFACE('',#7760,5.E-02);
#7760 = AXIS2_PLACEMENT_3D('',#7761,#7762,#7763);
#7761 = CARTESIAN_POINT('',(-0.12499975,-3.35,2.55));
#7762 = DIRECTION('',(-1.,1.224646799147E-16,0.));
#7763 = DIRECTION('',(1.224646799147E-16,1.,1.110223024625E-16));
#7764 = ADVANCED_FACE('',(#7765),#7776,.T.);
#7765 = FACE_BOUND('',#7766,.T.);
#7766 = EDGE_LOOP('',(#7767,#7773,#7774,#7775));
#7767 = ORIENTED_EDGE('',*,*,#7768,.T.);
#7768 = EDGE_CURVE('',#5661,#5435,#7769,.T.);
#7769 = LINE('',#7770,#7771);
#7770 = CARTESIAN_POINT('',(-0.12499975,-3.05,2.678962452199));
#7771 = VECTOR('',#7772,1.);
#7772 = DIRECTION('',(1.,-1.224646799147E-16,0.));
#7773 = ORIENTED_EDGE('',*,*,#5434,.F.);
#7774 = ORIENTED_EDGE('',*,*,#7751,.F.);
#7775 = ORIENTED_EDGE('',*,*,#5669,.T.);
#7776 = PLANE('',#7777);
#7777 = AXIS2_PLACEMENT_3D('',#7778,#7779,#7780);
#7778 = CARTESIAN_POINT('',(-0.12499975,-3.3234527379,2.507629693475));
#7779 = DIRECTION('',(6.502203911284E-17,0.530945241992,-0.847406130498)
  );
#7780 = DIRECTION('',(1.,-1.224646799147E-16,0.));
#7781 = ADVANCED_FACE('',(#7782),#7793,.F.);
#7782 = FACE_BOUND('',#7783,.F.);
#7783 = EDGE_LOOP('',(#7784,#7785,#7786,#7787));
#7784 = ORIENTED_EDGE('',*,*,#5660,.F.);
#7785 = ORIENTED_EDGE('',*,*,#7768,.T.);
#7786 = ORIENTED_EDGE('',*,*,#5442,.T.);
#7787 = ORIENTED_EDGE('',*,*,#7788,.F.);
#7788 = EDGE_CURVE('',#5653,#5443,#7789,.T.);
#7789 = LINE('',#7790,#7791);
#7790 = CARTESIAN_POINT('',(-0.12499975,-2.837621903203,2.74));
#7791 = VECTOR('',#7792,1.);
#7792 = DIRECTION('',(1.,-1.224646799147E-16,0.));
#7793 = CYLINDRICAL_SURFACE('',#7794,0.4);
#7794 = AXIS2_PLACEMENT_3D('',#7795,#7796,#7797);
#7795 = CARTESIAN_POINT('',(-0.12499975,-2.837621903203,2.34));
#7796 = DIRECTION('',(-1.,1.224646799147E-16,0.));
#7797 = DIRECTION('',(1.224646799147E-16,1.,1.110223024625E-16));
#7798 = ADVANCED_FACE('',(#7799),#7805,.T.);
#7799 = FACE_BOUND('',#7800,.T.);
#7800 = EDGE_LOOP('',(#7801,#7802,#7803,#7804));
#7801 = ORIENTED_EDGE('',*,*,#5451,.F.);
#7802 = ORIENTED_EDGE('',*,*,#7788,.F.);
#7803 = ORIENTED_EDGE('',*,*,#5652,.T.);
#7804 = ORIENTED_EDGE('',*,*,#6170,.T.);
#7805 = PLANE('',#7806);
#7806 = AXIS2_PLACEMENT_3D('',#7807,#7808,#7809);
#7807 = CARTESIAN_POINT('',(-0.12499975,-2.837621903203,2.74));
#7808 = DIRECTION('',(1.359631073447E-32,1.110223024625E-16,-1.));
#7809 = DIRECTION('',(-1.224646799147E-16,-1.,-1.110223024625E-16));
#7810 = ADVANCED_FACE('',(#7811),#7854,.F.);
#7811 = FACE_BOUND('',#7812,.T.);
#7812 = EDGE_LOOP('',(#7813,#7814,#7815,#7816,#7817,#7825,#7833,#7841,
    #7847,#7848));
#7813 = ORIENTED_EDGE('',*,*,#5304,.T.);
#7814 = ORIENTED_EDGE('',*,*,#5884,.T.);
#7815 = ORIENTED_EDGE('',*,*,#6185,.T.);
#7816 = ORIENTED_EDGE('',*,*,#6377,.T.);
#7817 = ORIENTED_EDGE('',*,*,#7818,.T.);
#7818 = EDGE_CURVE('',#6370,#7819,#7821,.T.);
#7819 = VERTEX_POINT('',#7820);
#7820 = CARTESIAN_POINT('',(-0.59999975,-4.4,3.05));
#7821 = LINE('',#7822,#7823);
#7822 = CARTESIAN_POINT('',(-0.59999975,-4.1,2.75));
#7823 = VECTOR('',#7824,1.);
#7824 = DIRECTION('',(-8.659560562355E-17,-0.707106781187,0.707106781187
    ));
#7825 = ORIENTED_EDGE('',*,*,#7826,.T.);
#7826 = EDGE_CURVE('',#7819,#7827,#7829,.T.);
#7827 = VERTEX_POINT('',#7828);
#7828 = CARTESIAN_POINT('',(-0.59999975,-4.4,3.5));
#7829 = LINE('',#7830,#7831);
#7830 = CARTESIAN_POINT('',(-0.59999975,-4.4,3.05));
#7831 = VECTOR('',#7832,1.);
#7832 = DIRECTION('',(-1.359631073447E-32,-1.110223024625E-16,1.));
#7833 = ORIENTED_EDGE('',*,*,#7834,.T.);
#7834 = EDGE_CURVE('',#7827,#7835,#7837,.T.);
#7835 = VERTEX_POINT('',#7836);
#7836 = CARTESIAN_POINT('',(-0.59999975,-4.05,3.8));
#7837 = LINE('',#7838,#7839);
#7838 = CARTESIAN_POINT('',(-0.59999975,-4.4,3.5));
#7839 = VECTOR('',#7840,1.);
#7840 = DIRECTION('',(9.298211678181E-17,0.759256602365,0.650791373456)
  );
#7841 = ORIENTED_EDGE('',*,*,#7842,.T.);
#7842 = EDGE_CURVE('',#7835,#2309,#7843,.T.);
#7843 = LINE('',#7844,#7845);
#7844 = CARTESIAN_POINT('',(-0.59999975,-4.05,3.8));
#7845 = VECTOR('',#7846,1.);
#7846 = DIRECTION('',(1.224646799147E-16,1.,1.110223024625E-16));
#7847 = ORIENTED_EDGE('',*,*,#2308,.F.);
#7848 = ORIENTED_EDGE('',*,*,#7849,.T.);
#7849 = EDGE_CURVE('',#2299,#5280,#7850,.T.);
#7850 = LINE('',#7851,#7852);
#7851 = CARTESIAN_POINT('',(-0.59999975,-0.6,1.44));
#7852 = VECTOR('',#7853,1.);
#7853 = DIRECTION('',(-1.224646799147E-16,-1.,-1.110223024625E-16));
#7854 = PLANE('',#7855);
#7855 = AXIS2_PLACEMENT_3D('',#7856,#7857,#7858);
#7856 = CARTESIAN_POINT('',(-0.59999975,-4.4,1.39));
#7857 = DIRECTION('',(1.,-1.224646799147E-16,0.));
#7858 = DIRECTION('',(1.224646799147E-16,1.,1.110223024625E-16));
#7859 = ADVANCED_FACE('',(#7860),#7872,.T.);
#7860 = FACE_BOUND('',#7861,.T.);
#7861 = EDGE_LOOP('',(#7862,#7868,#7869,#7870,#7871));
#7862 = ORIENTED_EDGE('',*,*,#7863,.T.);
#7863 = EDGE_CURVE('',#2766,#5280,#7864,.T.);
#7864 = LINE('',#7865,#7866);
#7865 = CARTESIAN_POINT('',(-0.59999975,-6.01,1.44));
#7866 = VECTOR('',#7867,1.);
#7867 = DIRECTION('',(1.224646799147E-16,1.,1.110223024625E-16));
#7868 = ORIENTED_EDGE('',*,*,#7849,.F.);
#7869 = ORIENTED_EDGE('',*,*,#2298,.T.);
#7870 = ORIENTED_EDGE('',*,*,#2460,.F.);
#7871 = ORIENTED_EDGE('',*,*,#2773,.F.);
#7872 = PLANE('',#7873);
#7873 = AXIS2_PLACEMENT_3D('',#7874,#7875,#7876);
#7874 = CARTESIAN_POINT('',(-0.59999975,-6.8,1.44));
#7875 = DIRECTION('',(-1.359631073447E-32,-1.110223024625E-16,1.));
#7876 = DIRECTION('',(-1.,1.224646799147E-16,0.));
#7877 = ADVANCED_FACE('',(#7878),#7884,.T.);
#7878 = FACE_BOUND('',#7879,.T.);
#7879 = EDGE_LOOP('',(#7880,#7881,#7882,#7883));
#7880 = ORIENTED_EDGE('',*,*,#5279,.T.);
#7881 = ORIENTED_EDGE('',*,*,#7863,.F.);
#7882 = ORIENTED_EDGE('',*,*,#2765,.F.);
#7883 = ORIENTED_EDGE('',*,*,#2508,.T.);
#7884 = PLANE('',#7885);
#7885 = AXIS2_PLACEMENT_3D('',#7886,#7887,#7888);
#7886 = CARTESIAN_POINT('',(-0.59999975,-6.8,1.39));
#7887 = DIRECTION('',(1.,-1.224646799147E-16,0.));
#7888 = DIRECTION('',(1.224646799147E-16,1.,1.110223024625E-16));
#7889 = ADVANCED_FACE('',(#7890),#7908,.F.);
#7890 = FACE_BOUND('',#7891,.T.);
#7891 = EDGE_LOOP('',(#7892,#7900,#7906,#7907));
#7892 = ORIENTED_EDGE('',*,*,#7893,.F.);
#7893 = EDGE_CURVE('',#7894,#7835,#7896,.T.);
#7894 = VERTEX_POINT('',#7895);
#7895 = CARTESIAN_POINT('',(5.10000025,-4.05,3.8));
#7896 = LINE('',#7897,#7898);
#7897 = CARTESIAN_POINT('',(5.10000025,-4.05,3.8));
#7898 = VECTOR('',#7899,1.);
#7899 = DIRECTION('',(-1.,1.224646799147E-16,0.));
#7900 = ORIENTED_EDGE('',*,*,#7901,.T.);
#7901 = EDGE_CURVE('',#7894,#2317,#7902,.T.);
#7902 = LINE('',#7903,#7904);
#7903 = CARTESIAN_POINT('',(5.10000025,-4.05,3.8));
#7904 = VECTOR('',#7905,1.);
#7905 = DIRECTION('',(1.224646799147E-16,1.,1.110223024625E-16));
#7906 = ORIENTED_EDGE('',*,*,#2316,.T.);
#7907 = ORIENTED_EDGE('',*,*,#7842,.F.);
#7908 = PLANE('',#7909);
#7909 = AXIS2_PLACEMENT_3D('',#7910,#7911,#7912);
#7910 = CARTESIAN_POINT('',(0.60000025,-4.05,3.8));
#7911 = DIRECTION('',(1.359631073447E-32,1.110223024625E-16,-1.));
#7912 = DIRECTION('',(-1.224646799147E-16,-1.,-1.110223024625E-16));
#7913 = ADVANCED_FACE('',(#7914),#7950,.F.);
#7914 = FACE_BOUND('',#7915,.T.);
#7915 = EDGE_LOOP('',(#7916,#7917,#7918,#7926,#7934,#7940,#7941,#7942,
    #7943,#7944));
#7916 = ORIENTED_EDGE('',*,*,#2324,.F.);
#7917 = ORIENTED_EDGE('',*,*,#7901,.F.);
#7918 = ORIENTED_EDGE('',*,*,#7919,.F.);
#7919 = EDGE_CURVE('',#7920,#7894,#7922,.T.);
#7920 = VERTEX_POINT('',#7921);
#7921 = CARTESIAN_POINT('',(5.10000025,-4.4,3.5));
#7922 = LINE('',#7923,#7924);
#7923 = CARTESIAN_POINT('',(5.10000025,-4.4,3.5));
#7924 = VECTOR('',#7925,1.);
#7925 = DIRECTION('',(9.298211678181E-17,0.759256602365,0.650791373456)
  );
#7926 = ORIENTED_EDGE('',*,*,#7927,.F.);
#7927 = EDGE_CURVE('',#7928,#7920,#7930,.T.);
#7928 = VERTEX_POINT('',#7929);
#7929 = CARTESIAN_POINT('',(5.10000025,-4.4,3.05));
#7930 = LINE('',#7931,#7932);
#7931 = CARTESIAN_POINT('',(5.10000025,-4.4,3.05));
#7932 = VECTOR('',#7933,1.);
#7933 = DIRECTION('',(-1.359631073447E-32,-1.110223024625E-16,1.));
#7934 = ORIENTED_EDGE('',*,*,#7935,.F.);
#7935 = EDGE_CURVE('',#6362,#7928,#7936,.T.);
#7936 = LINE('',#7937,#7938);
#7937 = CARTESIAN_POINT('',(5.10000025,-4.1,2.75));
#7938 = VECTOR('',#7939,1.);
#7939 = DIRECTION('',(-8.659560562355E-17,-0.707106781187,0.707106781187
    ));
#7940 = ORIENTED_EDGE('',*,*,#6361,.F.);
#7941 = ORIENTED_EDGE('',*,*,#6192,.F.);
#7942 = ORIENTED_EDGE('',*,*,#5868,.F.);
#7943 = ORIENTED_EDGE('',*,*,#5326,.F.);
#7944 = ORIENTED_EDGE('',*,*,#7945,.F.);
#7945 = EDGE_CURVE('',#2325,#5319,#7946,.T.);
#7946 = LINE('',#7947,#7948);
#7947 = CARTESIAN_POINT('',(5.10000025,-0.6,1.44));
#7948 = VECTOR('',#7949,1.);
#7949 = DIRECTION('',(-1.224646799147E-16,-1.,-1.110223024625E-16));
#7950 = PLANE('',#7951);
#7951 = AXIS2_PLACEMENT_3D('',#7952,#7953,#7954);
#7952 = CARTESIAN_POINT('',(5.10000025,-4.4,3.8));
#7953 = DIRECTION('',(-1.,1.224646799147E-16,0.));
#7954 = DIRECTION('',(-1.359631073447E-32,-1.110223024625E-16,1.));
#7955 = ADVANCED_FACE('',(#7956),#7973,.T.);
#7956 = FACE_BOUND('',#7957,.T.);
#7957 = EDGE_LOOP('',(#7958,#7964,#7965,#7966,#7972));
#7958 = ORIENTED_EDGE('',*,*,#7959,.T.);
#7959 = EDGE_CURVE('',#2799,#2333,#7960,.T.);
#7960 = LINE('',#7961,#7962);
#7961 = CARTESIAN_POINT('',(5.40000025,-6.01,1.44));
#7962 = VECTOR('',#7963,1.);
#7963 = DIRECTION('',(1.224646799147E-16,1.,1.110223024625E-16));
#7964 = ORIENTED_EDGE('',*,*,#2332,.T.);
#7965 = ORIENTED_EDGE('',*,*,#7945,.T.);
#7966 = ORIENTED_EDGE('',*,*,#7967,.F.);
#7967 = EDGE_CURVE('',#2807,#5319,#7968,.T.);
#7968 = LINE('',#7969,#7970);
#7969 = CARTESIAN_POINT('',(5.10000025,-6.01,1.44));
#7970 = VECTOR('',#7971,1.);
#7971 = DIRECTION('',(1.224646799147E-16,1.,1.110223024625E-16));
#7972 = ORIENTED_EDGE('',*,*,#2806,.F.);
#7973 = PLANE('',#7974);
#7974 = AXIS2_PLACEMENT_3D('',#7975,#7976,#7977);
#7975 = CARTESIAN_POINT('',(5.40000025,-6.8,1.44));
#7976 = DIRECTION('',(-1.359631073447E-32,-1.110223024625E-16,1.));
#7977 = DIRECTION('',(-1.,1.224646799147E-16,0.));
#7978 = ADVANCED_FACE('',(#7979),#7985,.T.);
#7979 = FACE_BOUND('',#7980,.T.);
#7980 = EDGE_LOOP('',(#7981,#7982,#7983,#7984));
#7981 = ORIENTED_EDGE('',*,*,#2814,.T.);
#7982 = ORIENTED_EDGE('',*,*,#7967,.T.);
#7983 = ORIENTED_EDGE('',*,*,#5318,.F.);
#7984 = ORIENTED_EDGE('',*,*,#2652,.F.);
#7985 = PLANE('',#7986);
#7986 = AXIS2_PLACEMENT_3D('',#7987,#7988,#7989);
#7987 = CARTESIAN_POINT('',(5.10000025,-6.8,1.44));
#7988 = DIRECTION('',(-1.,1.224646799147E-16,0.));
#7989 = DIRECTION('',(-1.359631073447E-32,-1.110223024625E-16,1.));
#7990 = ADVANCED_FACE('',(#7991),#7997,.T.);
#7991 = FACE_BOUND('',#7992,.T.);
#7992 = EDGE_LOOP('',(#7993,#7994,#7995,#7996));
#7993 = ORIENTED_EDGE('',*,*,#2340,.T.);
#7994 = ORIENTED_EDGE('',*,*,#7959,.F.);
#7995 = ORIENTED_EDGE('',*,*,#2798,.F.);
#7996 = ORIENTED_EDGE('',*,*,#2718,.T.);
#7997 = PLANE('',#7998);
#7998 = AXIS2_PLACEMENT_3D('',#7999,#8000,#8001);
#7999 = CARTESIAN_POINT('',(5.40000025,-6.8,1.39));
#8000 = DIRECTION('',(1.,-1.224646799147E-16,0.));
#8001 = DIRECTION('',(1.224646799147E-16,1.,1.110223024625E-16));
#8002 = ADVANCED_FACE('',(#8003),#8014,.F.);
#8003 = FACE_BOUND('',#8004,.T.);
#8004 = EDGE_LOOP('',(#8005,#8006,#8007,#8013));
#8005 = ORIENTED_EDGE('',*,*,#6369,.F.);
#8006 = ORIENTED_EDGE('',*,*,#7935,.T.);
#8007 = ORIENTED_EDGE('',*,*,#8008,.T.);
#8008 = EDGE_CURVE('',#7928,#7819,#8009,.T.);
#8009 = LINE('',#8010,#8011);
#8010 = CARTESIAN_POINT('',(5.10000025,-4.4,3.05));
#8011 = VECTOR('',#8012,1.);
#8012 = DIRECTION('',(-1.,1.224646799147E-16,0.));
#8013 = ORIENTED_EDGE('',*,*,#7818,.F.);
#8014 = PLANE('',#8015);
#8015 = AXIS2_PLACEMENT_3D('',#8016,#8017,#8018);
#8016 = CARTESIAN_POINT('',(0.60000025,-4.1,2.75));
#8017 = DIRECTION('',(8.659560562355E-17,0.707106781187,0.707106781187)
  );
#8018 = DIRECTION('',(-1.,1.224646799147E-16,0.));
#8019 = ADVANCED_FACE('',(#8020),#8031,.F.);
#8020 = FACE_BOUND('',#8021,.T.);
#8021 = EDGE_LOOP('',(#8022,#8023,#8024,#8030));
#8022 = ORIENTED_EDGE('',*,*,#8008,.F.);
#8023 = ORIENTED_EDGE('',*,*,#7927,.T.);
#8024 = ORIENTED_EDGE('',*,*,#8025,.T.);
#8025 = EDGE_CURVE('',#7920,#7827,#8026,.T.);
#8026 = LINE('',#8027,#8028);
#8027 = CARTESIAN_POINT('',(5.10000025,-4.4,3.5));
#8028 = VECTOR('',#8029,1.);
#8029 = DIRECTION('',(-1.,1.224646799147E-16,0.));
#8030 = ORIENTED_EDGE('',*,*,#7826,.F.);
#8031 = PLANE('',#8032);
#8032 = AXIS2_PLACEMENT_3D('',#8033,#8034,#8035);
#8033 = CARTESIAN_POINT('',(0.60000025,-4.4,3.05));
#8034 = DIRECTION('',(1.224646799147E-16,1.,1.110223024625E-16));
#8035 = DIRECTION('',(-1.,1.224646799147E-16,0.));
#8036 = ADVANCED_FACE('',(#8037),#8043,.F.);
#8037 = FACE_BOUND('',#8038,.T.);
#8038 = EDGE_LOOP('',(#8039,#8040,#8041,#8042));
#8039 = ORIENTED_EDGE('',*,*,#8025,.F.);
#8040 = ORIENTED_EDGE('',*,*,#7919,.T.);
#8041 = ORIENTED_EDGE('',*,*,#7893,.T.);
#8042 = ORIENTED_EDGE('',*,*,#7834,.F.);
#8043 = PLANE('',#8044);
#8044 = AXIS2_PLACEMENT_3D('',#8045,#8046,#8047);
#8045 = CARTESIAN_POINT('',(0.60000025,-4.4,3.5));
#8046 = DIRECTION('',(7.969895724156E-17,0.650791373456,-0.759256602365)
  );
#8047 = DIRECTION('',(1.,-1.224646799147E-16,0.));
#8048 = ADVANCED_FACE('',(#8049),#8119,.T.);
#8049 = FACE_BOUND('',#8050,.T.);
#8050 = EDGE_LOOP('',(#8051,#8052,#8053,#8061,#8070,#8078,#8086,#8094,
    #8103,#8111,#8118));
#8051 = ORIENTED_EDGE('',*,*,#5342,.T.);
#8052 = ORIENTED_EDGE('',*,*,#5861,.T.);
#8053 = ORIENTED_EDGE('',*,*,#8054,.T.);
#8054 = EDGE_CURVE('',#5854,#8055,#8057,.T.);
#8055 = VERTEX_POINT('',#8056);
#8056 = CARTESIAN_POINT('',(4.62500025,-1.5,1.889999999999));
#8057 = LINE('',#8058,#8059);
#8058 = CARTESIAN_POINT('',(4.62500025,-1.45,1.889999999999));
#8059 = VECTOR('',#8060,1.);
#8060 = DIRECTION('',(-1.224646799147E-16,-1.,-1.110223024625E-16));
#8061 = ORIENTED_EDGE('',*,*,#8062,.T.);
#8062 = EDGE_CURVE('',#8055,#8063,#8065,.T.);
#8063 = VERTEX_POINT('',#8064);
#8064 = CARTESIAN_POINT('',(4.62500025,-1.564355484065,1.866540000461));
#8065 = CIRCLE('',#8066,0.1);
#8066 = AXIS2_PLACEMENT_3D('',#8067,#8068,#8069);
#8067 = CARTESIAN_POINT('',(4.62500025,-1.5,1.789999999999));
#8068 = DIRECTION('',(1.,-1.224646799147E-16,0.));
#8069 = DIRECTION('',(-1.359631073447E-32,-1.110223024625E-16,1.));
#8070 = ORIENTED_EDGE('',*,*,#8071,.T.);
#8071 = EDGE_CURVE('',#8063,#8072,#8074,.T.);
#8072 = VERTEX_POINT('',#8073);
#8073 = CARTESIAN_POINT('',(4.62500025,-1.81,1.659999999999));
#8074 = LINE('',#8075,#8076);
#8075 = CARTESIAN_POINT('',(4.62500025,-1.564355484065,1.866540000461));
#8076 = VECTOR('',#8077,1.);
#8077 = DIRECTION('',(-9.373446657296E-17,-0.765400004624,
    -0.643554840649));
#8078 = ORIENTED_EDGE('',*,*,#8079,.T.);
#8079 = EDGE_CURVE('',#8072,#8080,#8082,.T.);
#8080 = VERTEX_POINT('',#8081);
#8081 = CARTESIAN_POINT('',(4.62500025,-3.110714285714,1.659999999999));
#8082 = LINE('',#8083,#8084);
#8083 = CARTESIAN_POINT('',(4.62500025,-1.81,1.659999999999));
#8084 = VECTOR('',#8085,1.);
#8085 = DIRECTION('',(-1.224646799147E-16,-1.,-1.110223024625E-16));
#8086 = ORIENTED_EDGE('',*,*,#8087,.T.);
#8087 = EDGE_CURVE('',#8080,#8088,#8090,.T.);
#8088 = VERTEX_POINT('',#8089);
#8089 = CARTESIAN_POINT('',(4.62500025,-3.32358490566,1.792452830188));
#8090 = LINE('',#8091,#8092);
#8091 = CARTESIAN_POINT('',(4.62500025,-3.110714285714,1.659999999999));
#8092 = VECTOR('',#8093,1.);
#8093 = DIRECTION('',(-1.039794452106E-16,-0.849056603774,0.528301886792
    ));
#8094 = ORIENTED_EDGE('',*,*,#8095,.T.);
#8095 = EDGE_CURVE('',#8088,#8096,#8098,.T.);
#8096 = VERTEX_POINT('',#8097);
#8097 = CARTESIAN_POINT('',(4.62500025,-3.374253706839,1.793723651546));
#8098 = CIRCLE('',#8099,5.E-02);
#8099 = AXIS2_PLACEMENT_3D('',#8100,#8101,#8102);
#8100 = CARTESIAN_POINT('',(4.62500025,-3.35,1.749999999999));
#8101 = DIRECTION('',(1.,-1.224646799147E-16,0.));
#8102 = DIRECTION('',(6.469832146439E-17,0.528301886792,0.849056603774)
  );
#8103 = ORIENTED_EDGE('',*,*,#8104,.T.);
#8104 = EDGE_CURVE('',#8096,#8105,#8107,.T.);
#8105 = VERTEX_POINT('',#8106);
#8106 = CARTESIAN_POINT('',(4.62500025,-3.998507413678,1.447447303093));
#8107 = LINE('',#8108,#8109);
#8108 = CARTESIAN_POINT('',(4.62500025,-3.374253706839,1.793723651546));
#8109 = VECTOR('',#8110,1.);
#8110 = DIRECTION('',(-1.070920598275E-16,-0.874473030935,
    -0.485074136774));
#8111 = ORIENTED_EDGE('',*,*,#8112,.T.);
#8112 = EDGE_CURVE('',#8105,#2629,#8113,.T.);
#8113 = CIRCLE('',#8114,0.1);
#8114 = AXIS2_PLACEMENT_3D('',#8115,#8116,#8117);
#8115 = CARTESIAN_POINT('',(4.62500025,-3.95,1.359999999999));
#8116 = DIRECTION('',(1.,-1.224646799147E-16,0.));
#8117 = DIRECTION('',(-5.940444889499E-17,-0.485074136774,0.874473030935
    ));
#8118 = ORIENTED_EDGE('',*,*,#2636,.F.);
#8119 = PLANE('',#8120);
#8120 = AXIS2_PLACEMENT_3D('',#8121,#8122,#8123);
#8121 = CARTESIAN_POINT('',(4.62500025,-3.62,3.425));
#8122 = DIRECTION('',(1.,-1.224646799147E-16,0.));
#8123 = DIRECTION('',(1.224646799147E-16,1.,1.110223024625E-16));
#8124 = ADVANCED_FACE('',(#8125),#8134,.T.);
#8125 = FACE_BOUND('',#8126,.T.);
#8126 = EDGE_LOOP('',(#8127,#8128,#8129,#8130,#8131,#8132,#8133));
#8127 = ORIENTED_EDGE('',*,*,#6331,.T.);
#8128 = ORIENTED_EDGE('',*,*,#6305,.T.);
#8129 = ORIENTED_EDGE('',*,*,#6281,.T.);
#8130 = ORIENTED_EDGE('',*,*,#6264,.T.);
#8131 = ORIENTED_EDGE('',*,*,#6231,.T.);
#8132 = ORIENTED_EDGE('',*,*,#6208,.T.);
#8133 = ORIENTED_EDGE('',*,*,#6354,.T.);
#8134 = PLANE('',#8135);
#8135 = AXIS2_PLACEMENT_3D('',#8136,#8137,#8138);
#8136 = CARTESIAN_POINT('',(4.62500025,-3.62,3.425));
#8137 = DIRECTION('',(1.,-1.224646799147E-16,0.));
#8138 = DIRECTION('',(1.224646799147E-16,1.,1.110223024625E-16));
#8139 = ADVANCED_FACE('',(#8140),#8227,.T.);
#8140 = FACE_BOUND('',#8141,.T.);
#8141 = EDGE_LOOP('',(#8142,#8150,#8158,#8167,#8175,#8183,#8192,#8200,
    #8209,#8217,#8223,#8224,#8225,#8226));
#8142 = ORIENTED_EDGE('',*,*,#8143,.T.);
#8143 = EDGE_CURVE('',#3741,#8144,#8146,.T.);
#8144 = VERTEX_POINT('',#8145);
#8145 = CARTESIAN_POINT('',(4.62500025,-3.95,-3.15));
#8146 = LINE('',#8147,#8148);
#8147 = CARTESIAN_POINT('',(4.62500025,-3.95,-4.999999999999E-02));
#8148 = VECTOR('',#8149,1.);
#8149 = DIRECTION('',(1.359631073447E-32,1.110223024625E-16,-1.));
#8150 = ORIENTED_EDGE('',*,*,#8151,.T.);
#8151 = EDGE_CURVE('',#8144,#8152,#8154,.T.);
#8152 = VERTEX_POINT('',#8153);
#8153 = CARTESIAN_POINT('',(4.62500025,-3.832352941177,-3.370588235294)
  );
#8154 = LINE('',#8155,#8156);
#8155 = CARTESIAN_POINT('',(4.62500025,-3.95,-3.15));
#8156 = VECTOR('',#8157,1.);
#8157 = DIRECTION('',(5.763043760693E-17,0.470588235294,-0.882352941176)
  );
#8158 = ORIENTED_EDGE('',*,*,#8159,.T.);
#8159 = EDGE_CURVE('',#8152,#8160,#8162,.T.);
#8160 = VERTEX_POINT('',#8161);
#8161 = CARTESIAN_POINT('',(4.62500025,-3.567647058824,-3.370588235294)
  );
#8162 = CIRCLE('',#8163,0.15);
#8163 = AXIS2_PLACEMENT_3D('',#8164,#8165,#8166);
#8164 = CARTESIAN_POINT('',(4.62500025,-3.7,-3.3));
#8165 = DIRECTION('',(1.,-1.224646799147E-16,6.162975822039E-33));
#8166 = DIRECTION('',(-1.08057070513E-16,-0.882352941176,-0.470588235294
    ));
#8167 = ORIENTED_EDGE('',*,*,#8168,.T.);
#8168 = EDGE_CURVE('',#8160,#8169,#8171,.T.);
#8169 = VERTEX_POINT('',#8170);
#8170 = CARTESIAN_POINT('',(4.62500025,-3.45,-3.15));
#8171 = LINE('',#8172,#8173);
#8172 = CARTESIAN_POINT('',(4.62500025,-3.567647058824,-3.370588235294)
  );
#8173 = VECTOR('',#8174,1.);
#8174 = DIRECTION('',(5.763043760693E-17,0.470588235294,0.882352941176)
  );
#8175 = ORIENTED_EDGE('',*,*,#8176,.T.);
#8176 = EDGE_CURVE('',#8169,#8177,#8179,.T.);
#8177 = VERTEX_POINT('',#8178);
#8178 = CARTESIAN_POINT('',(4.62500025,-3.45,4.999999999901E-02));
#8179 = LINE('',#8180,#8181);
#8180 = CARTESIAN_POINT('',(4.62500025,-3.45,-3.15));
#8181 = VECTOR('',#8182,1.);
#8182 = DIRECTION('',(-1.359631073447E-32,-1.110223024625E-16,1.));
#8183 = ORIENTED_EDGE('',*,*,#8184,.T.);
#8184 = EDGE_CURVE('',#8177,#8185,#8187,.T.);
#8185 = VERTEX_POINT('',#8186);
#8186 = CARTESIAN_POINT('',(4.62500025,-3.35,0.149999999999));
#8187 = CIRCLE('',#8188,0.1);
#8188 = AXIS2_PLACEMENT_3D('',#8189,#8190,#8191);
#8189 = CARTESIAN_POINT('',(4.62500025,-3.35,4.999999999901E-02));
#8190 = DIRECTION('',(-1.,1.224646799147E-16,0.));
#8191 = DIRECTION('',(-1.224646799147E-16,-1.,-1.110223024625E-16));
#8192 = ORIENTED_EDGE('',*,*,#8193,.T.);
#8193 = EDGE_CURVE('',#8185,#8194,#8196,.T.);
#8194 = VERTEX_POINT('',#8195);
#8195 = CARTESIAN_POINT('',(4.62500025,0.15,0.149999999999));
#8196 = LINE('',#8197,#8198);
#8197 = CARTESIAN_POINT('',(4.62500025,-3.35,0.149999999999));
#8198 = VECTOR('',#8199,1.);
#8199 = DIRECTION('',(1.224646799147E-16,1.,1.110223024625E-16));
#8200 = ORIENTED_EDGE('',*,*,#8201,.T.);
#8201 = EDGE_CURVE('',#8194,#8202,#8204,.T.);
#8202 = VERTEX_POINT('',#8203);
#8203 = CARTESIAN_POINT('',(4.62500025,0.25,0.249999999999));
#8204 = CIRCLE('',#8205,0.1);
#8205 = AXIS2_PLACEMENT_3D('',#8206,#8207,#8208);
#8206 = CARTESIAN_POINT('',(4.62500025,0.15,0.249999999999));
#8207 = DIRECTION('',(1.,-1.224646799147E-16,0.));
#8208 = DIRECTION('',(2.732858457628E-30,2.231548279496E-14,-1.));
#8209 = ORIENTED_EDGE('',*,*,#8210,.T.);
#8210 = EDGE_CURVE('',#8202,#8211,#8213,.T.);
#8211 = VERTEX_POINT('',#8212);
#8212 = CARTESIAN_POINT('',(4.62500025,0.25,2.059999999999));
#8213 = LINE('',#8214,#8215);
#8214 = CARTESIAN_POINT('',(4.62500025,0.25,0.249999999999));
#8215 = VECTOR('',#8216,1.);
#8216 = DIRECTION('',(-1.359631073447E-32,-1.110223024625E-16,1.));
#8217 = ORIENTED_EDGE('',*,*,#8218,.T.);
#8218 = EDGE_CURVE('',#8211,#4929,#8219,.T.);
#8219 = LINE('',#8220,#8221);
#8220 = CARTESIAN_POINT('',(4.62500025,0.25,2.059999999999));
#8221 = VECTOR('',#8222,1.);
#8222 = DIRECTION('',(-8.659560562354E-17,-0.707106781186,0.707106781187
    ));
#8223 = ORIENTED_EDGE('',*,*,#4928,.F.);
#8224 = ORIENTED_EDGE('',*,*,#4854,.T.);
#8225 = ORIENTED_EDGE('',*,*,#4182,.T.);
#8226 = ORIENTED_EDGE('',*,*,#3748,.F.);
#8227 = PLANE('',#8228);
#8228 = AXIS2_PLACEMENT_3D('',#8229,#8230,#8231);
#8229 = CARTESIAN_POINT('',(4.62500025,-3.62,3.425));
#8230 = DIRECTION('',(1.,-1.224646799147E-16,0.));
#8231 = DIRECTION('',(1.224646799147E-16,1.,1.110223024625E-16));
#8232 = ADVANCED_FACE('',(#8233),#8244,.T.);
#8233 = FACE_BOUND('',#8234,.T.);
#8234 = EDGE_LOOP('',(#8235,#8236,#8242,#8243));
#8235 = ORIENTED_EDGE('',*,*,#8112,.F.);
#8236 = ORIENTED_EDGE('',*,*,#8237,.F.);
#8237 = EDGE_CURVE('',#4959,#8105,#8238,.T.);
#8238 = LINE('',#8239,#8240);
#8239 = CARTESIAN_POINT('',(4.37500025,-3.998507413678,1.447447303093));
#8240 = VECTOR('',#8241,1.);
#8241 = DIRECTION('',(1.,-1.224646799147E-16,0.));
#8242 = ORIENTED_EDGE('',*,*,#4958,.T.);
#8243 = ORIENTED_EDGE('',*,*,#2628,.T.);
#8244 = CYLINDRICAL_SURFACE('',#8245,0.1);
#8245 = AXIS2_PLACEMENT_3D('',#8246,#8247,#8248);
#8246 = CARTESIAN_POINT('',(4.37500025,-3.95,1.359999999999));
#8247 = DIRECTION('',(-1.,1.224646799147E-16,0.));
#8248 = DIRECTION('',(1.224646799147E-16,1.,1.110223024625E-16));
#8249 = ADVANCED_FACE('',(#8250),#8261,.T.);
#8250 = FACE_BOUND('',#8251,.T.);
#8251 = EDGE_LOOP('',(#8252,#8253,#8254,#8260));
#8252 = ORIENTED_EDGE('',*,*,#8237,.T.);
#8253 = ORIENTED_EDGE('',*,*,#8104,.F.);
#8254 = ORIENTED_EDGE('',*,*,#8255,.F.);
#8255 = EDGE_CURVE('',#4968,#8096,#8256,.T.);
#8256 = LINE('',#8257,#8258);
#8257 = CARTESIAN_POINT('',(4.37500025,-3.374253706839,1.793723651546));
#8258 = VECTOR('',#8259,1.);
#8259 = DIRECTION('',(1.,-1.224646799147E-16,0.));
#8260 = ORIENTED_EDGE('',*,*,#4967,.T.);
#8261 = PLANE('',#8262);
#8262 = AXIS2_PLACEMENT_3D('',#8263,#8264,#8265);
#8263 = CARTESIAN_POINT('',(4.37500025,-3.374253706839,1.793723651546));
#8264 = DIRECTION('',(-5.940444889499E-17,-0.485074136774,0.874473030935
    ));
#8265 = DIRECTION('',(1.,-1.224646799147E-16,0.));
#8266 = ADVANCED_FACE('',(#8267),#8278,.T.);
#8267 = FACE_BOUND('',#8268,.T.);
#8268 = EDGE_LOOP('',(#8269,#8270,#8271,#8277));
#8269 = ORIENTED_EDGE('',*,*,#8255,.T.);
#8270 = ORIENTED_EDGE('',*,*,#8095,.F.);
#8271 = ORIENTED_EDGE('',*,*,#8272,.F.);
#8272 = EDGE_CURVE('',#4976,#8088,#8273,.T.);
#8273 = LINE('',#8274,#8275);
#8274 = CARTESIAN_POINT('',(4.37500025,-3.32358490566,1.792452830188));
#8275 = VECTOR('',#8276,1.);
#8276 = DIRECTION('',(1.,-1.224646799147E-16,0.));
#8277 = ORIENTED_EDGE('',*,*,#4975,.T.);
#8278 = CYLINDRICAL_SURFACE('',#8279,5.E-02);
#8279 = AXIS2_PLACEMENT_3D('',#8280,#8281,#8282);
#8280 = CARTESIAN_POINT('',(4.37500025,-3.35,1.749999999999));
#8281 = DIRECTION('',(-1.,1.224646799147E-16,0.));
#8282 = DIRECTION('',(1.224646799147E-16,1.,1.110223024625E-16));
#8283 = ADVANCED_FACE('',(#8284),#8295,.T.);
#8284 = FACE_BOUND('',#8285,.T.);
#8285 = EDGE_LOOP('',(#8286,#8287,#8288,#8294));
#8286 = ORIENTED_EDGE('',*,*,#8272,.T.);
#8287 = ORIENTED_EDGE('',*,*,#8087,.F.);
#8288 = ORIENTED_EDGE('',*,*,#8289,.F.);
#8289 = EDGE_CURVE('',#4985,#8080,#8290,.T.);
#8290 = LINE('',#8291,#8292);
#8291 = CARTESIAN_POINT('',(4.37500025,-3.110714285714,1.659999999999));
#8292 = VECTOR('',#8293,1.);
#8293 = DIRECTION('',(1.,-1.224646799147E-16,0.));
#8294 = ORIENTED_EDGE('',*,*,#4984,.T.);
#8295 = PLANE('',#8296);
#8296 = AXIS2_PLACEMENT_3D('',#8297,#8298,#8299);
#8297 = CARTESIAN_POINT('',(4.37500025,-3.110714285714,1.659999999999));
#8298 = DIRECTION('',(6.469832146439E-17,0.528301886792,0.849056603774)
  );
#8299 = DIRECTION('',(-1.,1.224646799147E-16,0.));
#8300 = ADVANCED_FACE('',(#8301),#8312,.T.);
#8301 = FACE_BOUND('',#8302,.T.);
#8302 = EDGE_LOOP('',(#8303,#8304,#8305,#8311));
#8303 = ORIENTED_EDGE('',*,*,#8289,.T.);
#8304 = ORIENTED_EDGE('',*,*,#8079,.F.);
#8305 = ORIENTED_EDGE('',*,*,#8306,.F.);
#8306 = EDGE_CURVE('',#4993,#8072,#8307,.T.);
#8307 = LINE('',#8308,#8309);
#8308 = CARTESIAN_POINT('',(4.37500025,-1.81,1.659999999999));
#8309 = VECTOR('',#8310,1.);
#8310 = DIRECTION('',(1.,-1.224646799147E-16,0.));
#8311 = ORIENTED_EDGE('',*,*,#4992,.T.);
#8312 = PLANE('',#8313);
#8313 = AXIS2_PLACEMENT_3D('',#8314,#8315,#8316);
#8314 = CARTESIAN_POINT('',(4.37500025,-1.81,1.659999999999));
#8315 = DIRECTION('',(-1.359631073447E-32,-1.110223024625E-16,1.));
#8316 = DIRECTION('',(-1.,1.224646799147E-16,0.));
#8317 = ADVANCED_FACE('',(#8318),#8329,.T.);
#8318 = FACE_BOUND('',#8319,.T.);
#8319 = EDGE_LOOP('',(#8320,#8321,#8322,#8328));
#8320 = ORIENTED_EDGE('',*,*,#8306,.T.);
#8321 = ORIENTED_EDGE('',*,*,#8071,.F.);
#8322 = ORIENTED_EDGE('',*,*,#8323,.F.);
#8323 = EDGE_CURVE('',#5001,#8063,#8324,.T.);
#8324 = LINE('',#8325,#8326);
#8325 = CARTESIAN_POINT('',(4.37500025,-1.564355484065,1.866540000461));
#8326 = VECTOR('',#8327,1.);
#8327 = DIRECTION('',(1.,-1.224646799147E-16,0.));
#8328 = ORIENTED_EDGE('',*,*,#5000,.T.);
#8329 = PLANE('',#8330);
#8330 = AXIS2_PLACEMENT_3D('',#8331,#8332,#8333);
#8331 = CARTESIAN_POINT('',(4.37500025,-1.564355484065,1.866540000461));
#8332 = DIRECTION('',(-7.881273756761E-17,-0.643554840649,0.765400004624
    ));
#8333 = DIRECTION('',(1.,-1.224646799147E-16,0.));
#8334 = ADVANCED_FACE('',(#8335),#8346,.T.);
#8335 = FACE_BOUND('',#8336,.T.);
#8336 = EDGE_LOOP('',(#8337,#8338,#8339,#8345));
#8337 = ORIENTED_EDGE('',*,*,#8323,.T.);
#8338 = ORIENTED_EDGE('',*,*,#8062,.F.);
#8339 = ORIENTED_EDGE('',*,*,#8340,.F.);
#8340 = EDGE_CURVE('',#5009,#8055,#8341,.T.);
#8341 = LINE('',#8342,#8343);
#8342 = CARTESIAN_POINT('',(4.37500025,-1.5,1.889999999999));
#8343 = VECTOR('',#8344,1.);
#8344 = DIRECTION('',(1.,-1.224646799147E-16,0.));
#8345 = ORIENTED_EDGE('',*,*,#5008,.T.);
#8346 = CYLINDRICAL_SURFACE('',#8347,0.1);
#8347 = AXIS2_PLACEMENT_3D('',#8348,#8349,#8350);
#8348 = CARTESIAN_POINT('',(4.37500025,-1.5,1.789999999999));
#8349 = DIRECTION('',(-1.,1.224646799147E-16,0.));
#8350 = DIRECTION('',(1.224646799147E-16,1.,1.110223024625E-16));
#8351 = ADVANCED_FACE('',(#8352),#8358,.T.);
#8352 = FACE_BOUND('',#8353,.T.);
#8353 = EDGE_LOOP('',(#8354,#8355,#8356,#8357));
#8354 = ORIENTED_EDGE('',*,*,#8340,.T.);
#8355 = ORIENTED_EDGE('',*,*,#8054,.F.);
#8356 = ORIENTED_EDGE('',*,*,#5853,.F.);
#8357 = ORIENTED_EDGE('',*,*,#5017,.T.);
#8358 = PLANE('',#8359);
#8359 = AXIS2_PLACEMENT_3D('',#8360,#8361,#8362);
#8360 = CARTESIAN_POINT('',(4.37500025,-0.5,1.889999999999));
#8361 = DIRECTION('',(-1.359631073447E-32,-1.110223024625E-16,1.));
#8362 = DIRECTION('',(-1.,1.224646799147E-16,0.));
#8363 = ADVANCED_FACE('',(#8364),#8375,.T.);
#8364 = FACE_BOUND('',#8365,.T.);
#8365 = EDGE_LOOP('',(#8366,#8367,#8373,#8374));
#8366 = ORIENTED_EDGE('',*,*,#8218,.F.);
#8367 = ORIENTED_EDGE('',*,*,#8368,.F.);
#8368 = EDGE_CURVE('',#5118,#8211,#8369,.T.);
#8369 = LINE('',#8370,#8371);
#8370 = CARTESIAN_POINT('',(4.37500025,0.25,2.059999999999));
#8371 = VECTOR('',#8372,1.);
#8372 = DIRECTION('',(1.,-1.224646799147E-16,0.));
#8373 = ORIENTED_EDGE('',*,*,#5117,.T.);
#8374 = ORIENTED_EDGE('',*,*,#4936,.T.);
#8375 = PLANE('',#8376);
#8376 = AXIS2_PLACEMENT_3D('',#8377,#8378,#8379);
#8377 = CARTESIAN_POINT('',(4.37500025,0.25,2.059999999999));
#8378 = DIRECTION('',(8.659560562356E-17,0.707106781187,0.707106781186)
  );
#8379 = DIRECTION('',(-1.,1.224646799147E-16,0.));
#8380 = ADVANCED_FACE('',(#8381),#8392,.T.);
#8381 = FACE_BOUND('',#8382,.T.);
#8382 = EDGE_LOOP('',(#8383,#8384,#8385,#8391));
#8383 = ORIENTED_EDGE('',*,*,#8368,.T.);
#8384 = ORIENTED_EDGE('',*,*,#8210,.F.);
#8385 = ORIENTED_EDGE('',*,*,#8386,.F.);
#8386 = EDGE_CURVE('',#5126,#8202,#8387,.T.);
#8387 = LINE('',#8388,#8389);
#8388 = CARTESIAN_POINT('',(4.37500025,0.25,0.249999999999));
#8389 = VECTOR('',#8390,1.);
#8390 = DIRECTION('',(1.,-1.224646799147E-16,0.));
#8391 = ORIENTED_EDGE('',*,*,#5125,.T.);
#8392 = PLANE('',#8393);
#8393 = AXIS2_PLACEMENT_3D('',#8394,#8395,#8396);
#8394 = CARTESIAN_POINT('',(4.37500025,0.25,0.249999999999));
#8395 = DIRECTION('',(1.224646799147E-16,1.,1.110223024625E-16));
#8396 = DIRECTION('',(-1.,1.224646799147E-16,0.));
#8397 = ADVANCED_FACE('',(#8398),#8409,.T.);
#8398 = FACE_BOUND('',#8399,.T.);
#8399 = EDGE_LOOP('',(#8400,#8401,#8402,#8408));
#8400 = ORIENTED_EDGE('',*,*,#8386,.T.);
#8401 = ORIENTED_EDGE('',*,*,#8201,.F.);
#8402 = ORIENTED_EDGE('',*,*,#8403,.F.);
#8403 = EDGE_CURVE('',#5134,#8194,#8404,.T.);
#8404 = LINE('',#8405,#8406);
#8405 = CARTESIAN_POINT('',(4.37500025,0.15,0.149999999999));
#8406 = VECTOR('',#8407,1.);
#8407 = DIRECTION('',(1.,-1.224646799147E-16,0.));
#8408 = ORIENTED_EDGE('',*,*,#5133,.T.);
#8409 = CYLINDRICAL_SURFACE('',#8410,0.1);
#8410 = AXIS2_PLACEMENT_3D('',#8411,#8412,#8413);
#8411 = CARTESIAN_POINT('',(4.37500025,0.15,0.249999999999));
#8412 = DIRECTION('',(-1.,1.224646799147E-16,0.));
#8413 = DIRECTION('',(1.224646799147E-16,1.,1.110223024625E-16));
#8414 = ADVANCED_FACE('',(#8415),#8426,.T.);
#8415 = FACE_BOUND('',#8416,.T.);
#8416 = EDGE_LOOP('',(#8417,#8418,#8419,#8425));
#8417 = ORIENTED_EDGE('',*,*,#8403,.T.);
#8418 = ORIENTED_EDGE('',*,*,#8193,.F.);
#8419 = ORIENTED_EDGE('',*,*,#8420,.F.);
#8420 = EDGE_CURVE('',#5143,#8185,#8421,.T.);
#8421 = LINE('',#8422,#8423);
#8422 = CARTESIAN_POINT('',(4.37500025,-3.35,0.149999999999));
#8423 = VECTOR('',#8424,1.);
#8424 = DIRECTION('',(1.,-1.224646799147E-16,0.));
#8425 = ORIENTED_EDGE('',*,*,#5142,.T.);
#8426 = PLANE('',#8427);
#8427 = AXIS2_PLACEMENT_3D('',#8428,#8429,#8430);
#8428 = CARTESIAN_POINT('',(4.37500025,-3.35,0.149999999999));
#8429 = DIRECTION('',(1.359631073447E-32,1.110223024625E-16,-1.));
#8430 = DIRECTION('',(-1.224646799147E-16,-1.,-1.110223024625E-16));
#8431 = ADVANCED_FACE('',(#8432),#8443,.F.);
#8432 = FACE_BOUND('',#8433,.F.);
#8433 = EDGE_LOOP('',(#8434,#8435,#8441,#8442));
#8434 = ORIENTED_EDGE('',*,*,#5150,.F.);
#8435 = ORIENTED_EDGE('',*,*,#8436,.T.);
#8436 = EDGE_CURVE('',#5151,#8177,#8437,.T.);
#8437 = LINE('',#8438,#8439);
#8438 = CARTESIAN_POINT('',(4.37500025,-3.45,4.999999999901E-02));
#8439 = VECTOR('',#8440,1.);
#8440 = DIRECTION('',(1.,-1.224646799147E-16,0.));
#8441 = ORIENTED_EDGE('',*,*,#8184,.T.);
#8442 = ORIENTED_EDGE('',*,*,#8420,.F.);
#8443 = CYLINDRICAL_SURFACE('',#8444,0.1);
#8444 = AXIS2_PLACEMENT_3D('',#8445,#8446,#8447);
#8445 = CARTESIAN_POINT('',(4.37500025,-3.35,4.999999999901E-02));
#8446 = DIRECTION('',(-1.,1.224646799147E-16,0.));
#8447 = DIRECTION('',(1.224646799147E-16,1.,1.110223024625E-16));
#8448 = ADVANCED_FACE('',(#8449),#8460,.T.);
#8449 = FACE_BOUND('',#8450,.T.);
#8450 = EDGE_LOOP('',(#8451,#8452,#8453,#8459));
#8451 = ORIENTED_EDGE('',*,*,#8436,.T.);
#8452 = ORIENTED_EDGE('',*,*,#8176,.F.);
#8453 = ORIENTED_EDGE('',*,*,#8454,.F.);
#8454 = EDGE_CURVE('',#5160,#8169,#8455,.T.);
#8455 = LINE('',#8456,#8457);
#8456 = CARTESIAN_POINT('',(4.37500025,-3.45,-3.15));
#8457 = VECTOR('',#8458,1.);
#8458 = DIRECTION('',(1.,-1.224646799147E-16,0.));
#8459 = ORIENTED_EDGE('',*,*,#5159,.T.);
#8460 = PLANE('',#8461);
#8461 = AXIS2_PLACEMENT_3D('',#8462,#8463,#8464);
#8462 = CARTESIAN_POINT('',(4.37500025,-3.45,-3.15));
#8463 = DIRECTION('',(1.224646799147E-16,1.,1.110223024625E-16));
#8464 = DIRECTION('',(-1.,1.224646799147E-16,0.));
#8465 = ADVANCED_FACE('',(#8466),#8477,.T.);
#8466 = FACE_BOUND('',#8467,.T.);
#8467 = EDGE_LOOP('',(#8468,#8469,#8470,#8476));
#8468 = ORIENTED_EDGE('',*,*,#8454,.T.);
#8469 = ORIENTED_EDGE('',*,*,#8168,.F.);
#8470 = ORIENTED_EDGE('',*,*,#8471,.F.);
#8471 = EDGE_CURVE('',#5168,#8160,#8472,.T.);
#8472 = LINE('',#8473,#8474);
#8473 = CARTESIAN_POINT('',(4.37500025,-3.567647058824,-3.370588235294)
  );
#8474 = VECTOR('',#8475,1.);
#8475 = DIRECTION('',(1.,-1.224646799147E-16,0.));
#8476 = ORIENTED_EDGE('',*,*,#5167,.T.);
#8477 = PLANE('',#8478);
#8478 = AXIS2_PLACEMENT_3D('',#8479,#8480,#8481);
#8479 = CARTESIAN_POINT('',(4.37500025,-3.567647058824,-3.370588235294)
  );
#8480 = DIRECTION('',(1.08057070513E-16,0.882352941176,-0.470588235294)
  );
#8481 = DIRECTION('',(1.,-1.224646799147E-16,0.));
#8482 = ADVANCED_FACE('',(#8483),#8494,.T.);
#8483 = FACE_BOUND('',#8484,.T.);
#8484 = EDGE_LOOP('',(#8485,#8486,#8487,#8493));
#8485 = ORIENTED_EDGE('',*,*,#8471,.T.);
#8486 = ORIENTED_EDGE('',*,*,#8159,.F.);
#8487 = ORIENTED_EDGE('',*,*,#8488,.F.);
#8488 = EDGE_CURVE('',#5176,#8152,#8489,.T.);
#8489 = LINE('',#8490,#8491);
#8490 = CARTESIAN_POINT('',(4.37500025,-3.832352941177,-3.370588235294)
  );
#8491 = VECTOR('',#8492,1.);
#8492 = DIRECTION('',(1.,-1.224646799147E-16,0.));
#8493 = ORIENTED_EDGE('',*,*,#5175,.T.);
#8494 = CYLINDRICAL_SURFACE('',#8495,0.15);
#8495 = AXIS2_PLACEMENT_3D('',#8496,#8497,#8498);
#8496 = CARTESIAN_POINT('',(4.37500025,-3.7,-3.3));
#8497 = DIRECTION('',(-1.,1.224646799147E-16,0.));
#8498 = DIRECTION('',(1.224646799147E-16,1.,1.110223024625E-16));
#8499 = ADVANCED_FACE('',(#8500),#8511,.T.);
#8500 = FACE_BOUND('',#8501,.T.);
#8501 = EDGE_LOOP('',(#8502,#8503,#8504,#8510));
#8502 = ORIENTED_EDGE('',*,*,#8488,.T.);
#8503 = ORIENTED_EDGE('',*,*,#8151,.F.);
#8504 = ORIENTED_EDGE('',*,*,#8505,.F.);
#8505 = EDGE_CURVE('',#5185,#8144,#8506,.T.);
#8506 = LINE('',#8507,#8508);
#8507 = CARTESIAN_POINT('',(4.37500025,-3.95,-3.15));
#8508 = VECTOR('',#8509,1.);
#8509 = DIRECTION('',(1.,-1.224646799147E-16,0.));
#8510 = ORIENTED_EDGE('',*,*,#5184,.T.);
#8511 = PLANE('',#8512);
#8512 = AXIS2_PLACEMENT_3D('',#8513,#8514,#8515);
#8513 = CARTESIAN_POINT('',(4.37500025,-3.95,-3.15));
#8514 = DIRECTION('',(-1.08057070513E-16,-0.882352941176,-0.470588235294
    ));
#8515 = DIRECTION('',(5.763043760693E-17,0.470588235294,-0.882352941176)
  );
#8516 = ADVANCED_FACE('',(#8517),#8523,.T.);
#8517 = FACE_BOUND('',#8518,.T.);
#8518 = EDGE_LOOP('',(#8519,#8520,#8521,#8522));
#8519 = ORIENTED_EDGE('',*,*,#5192,.T.);
#8520 = ORIENTED_EDGE('',*,*,#8505,.T.);
#8521 = ORIENTED_EDGE('',*,*,#8143,.F.);
#8522 = ORIENTED_EDGE('',*,*,#3740,.F.);
#8523 = PLANE('',#8524);
#8524 = AXIS2_PLACEMENT_3D('',#8525,#8526,#8527);
#8525 = CARTESIAN_POINT('',(4.37500025,-3.95,0.149999999999));
#8526 = DIRECTION('',(-1.224646799147E-16,-1.,-1.110223024625E-16));
#8527 = DIRECTION('',(1.359631073447E-32,1.110223024625E-16,-1.));
#8528 = ADVANCED_FACE('',(#8529),#8540,.T.);
#8529 = FACE_BOUND('',#8530,.T.);
#8530 = EDGE_LOOP('',(#8531,#8537,#8538,#8539));
#8531 = ORIENTED_EDGE('',*,*,#8532,.T.);
#8532 = EDGE_CURVE('',#4363,#4586,#8533,.T.);
#8533 = LINE('',#8534,#8535);
#8534 = CARTESIAN_POINT('',(1.37500025,-1.5,1.889999999999));
#8535 = VECTOR('',#8536,1.);
#8536 = DIRECTION('',(1.,-1.224646799147E-16,0.));
#8537 = ORIENTED_EDGE('',*,*,#4583,.F.);
#8538 = ORIENTED_EDGE('',*,*,#5896,.F.);
#8539 = ORIENTED_EDGE('',*,*,#4371,.T.);
#8540 = PLANE('',#8541);
#8541 = AXIS2_PLACEMENT_3D('',#8542,#8543,#8544);
#8542 = CARTESIAN_POINT('',(1.37500025,-0.5,1.889999999999));
#8543 = DIRECTION('',(-1.359631073447E-32,-1.110223024625E-16,1.));
#8544 = DIRECTION('',(-1.,1.224646799147E-16,0.));
#8545 = ADVANCED_FACE('',(#8546),#8557,.T.);
#8546 = FACE_BOUND('',#8547,.T.);
#8547 = EDGE_LOOP('',(#8548,#8554,#8555,#8556));
#8548 = ORIENTED_EDGE('',*,*,#8549,.T.);
#8549 = EDGE_CURVE('',#4355,#4594,#8550,.T.);
#8550 = LINE('',#8551,#8552);
#8551 = CARTESIAN_POINT('',(1.37500025,-1.564355484065,1.866540000461));
#8552 = VECTOR('',#8553,1.);
#8553 = DIRECTION('',(1.,-1.224646799147E-16,0.));
#8554 = ORIENTED_EDGE('',*,*,#4593,.F.);
#8555 = ORIENTED_EDGE('',*,*,#8532,.F.);
#8556 = ORIENTED_EDGE('',*,*,#4362,.T.);
#8557 = CYLINDRICAL_SURFACE('',#8558,0.1);
#8558 = AXIS2_PLACEMENT_3D('',#8559,#8560,#8561);
#8559 = CARTESIAN_POINT('',(1.37500025,-1.5,1.789999999999));
#8560 = DIRECTION('',(-1.,1.224646799147E-16,0.));
#8561 = DIRECTION('',(1.224646799147E-16,1.,1.110223024625E-16));
#8562 = ADVANCED_FACE('',(#8563),#8574,.T.);
#8563 = FACE_BOUND('',#8564,.T.);
#8564 = EDGE_LOOP('',(#8565,#8571,#8572,#8573));
#8565 = ORIENTED_EDGE('',*,*,#8566,.T.);
#8566 = EDGE_CURVE('',#4347,#4603,#8567,.T.);
#8567 = LINE('',#8568,#8569);
#8568 = CARTESIAN_POINT('',(1.37500025,-1.81,1.659999999999));
#8569 = VECTOR('',#8570,1.);
#8570 = DIRECTION('',(1.,-1.224646799147E-16,0.));
#8571 = ORIENTED_EDGE('',*,*,#4602,.F.);
#8572 = ORIENTED_EDGE('',*,*,#8549,.F.);
#8573 = ORIENTED_EDGE('',*,*,#4354,.T.);
#8574 = PLANE('',#8575);
#8575 = AXIS2_PLACEMENT_3D('',#8576,#8577,#8578);
#8576 = CARTESIAN_POINT('',(1.37500025,-1.564355484065,1.866540000461));
#8577 = DIRECTION('',(-7.881273756761E-17,-0.643554840649,0.765400004624
    ));
#8578 = DIRECTION('',(1.,-1.224646799147E-16,0.));
#8579 = ADVANCED_FACE('',(#8580),#8591,.T.);
#8580 = FACE_BOUND('',#8581,.T.);
#8581 = EDGE_LOOP('',(#8582,#8588,#8589,#8590));
#8582 = ORIENTED_EDGE('',*,*,#8583,.T.);
#8583 = EDGE_CURVE('',#4339,#4611,#8584,.T.);
#8584 = LINE('',#8585,#8586);
#8585 = CARTESIAN_POINT('',(1.37500025,-3.110714285714,1.659999999999));
#8586 = VECTOR('',#8587,1.);
#8587 = DIRECTION('',(1.,-1.224646799147E-16,0.));
#8588 = ORIENTED_EDGE('',*,*,#4610,.F.);
#8589 = ORIENTED_EDGE('',*,*,#8566,.F.);
#8590 = ORIENTED_EDGE('',*,*,#4346,.T.);
#8591 = PLANE('',#8592);
#8592 = AXIS2_PLACEMENT_3D('',#8593,#8594,#8595);
#8593 = CARTESIAN_POINT('',(1.37500025,-1.81,1.659999999999));
#8594 = DIRECTION('',(-1.359631073447E-32,-1.110223024625E-16,1.));
#8595 = DIRECTION('',(-1.,1.224646799147E-16,0.));
#8596 = ADVANCED_FACE('',(#8597),#8608,.T.);
#8597 = FACE_BOUND('',#8598,.T.);
#8598 = EDGE_LOOP('',(#8599,#8605,#8606,#8607));
#8599 = ORIENTED_EDGE('',*,*,#8600,.T.);
#8600 = EDGE_CURVE('',#4330,#4619,#8601,.T.);
#8601 = LINE('',#8602,#8603);
#8602 = CARTESIAN_POINT('',(1.37500025,-3.32358490566,1.792452830188));
#8603 = VECTOR('',#8604,1.);
#8604 = DIRECTION('',(1.,-1.224646799147E-16,0.));
#8605 = ORIENTED_EDGE('',*,*,#4618,.F.);
#8606 = ORIENTED_EDGE('',*,*,#8583,.F.);
#8607 = ORIENTED_EDGE('',*,*,#4338,.T.);
#8608 = PLANE('',#8609);
#8609 = AXIS2_PLACEMENT_3D('',#8610,#8611,#8612);
#8610 = CARTESIAN_POINT('',(1.37500025,-3.110714285714,1.659999999999));
#8611 = DIRECTION('',(6.469832146439E-17,0.528301886792,0.849056603774)
  );
#8612 = DIRECTION('',(-1.,1.224646799147E-16,0.));
#8613 = ADVANCED_FACE('',(#8614),#8625,.T.);
#8614 = FACE_BOUND('',#8615,.T.);
#8615 = EDGE_LOOP('',(#8616,#8622,#8623,#8624));
#8616 = ORIENTED_EDGE('',*,*,#8617,.T.);
#8617 = EDGE_CURVE('',#4322,#4627,#8618,.T.);
#8618 = LINE('',#8619,#8620);
#8619 = CARTESIAN_POINT('',(1.37500025,-3.374253706839,1.793723651546));
#8620 = VECTOR('',#8621,1.);
#8621 = DIRECTION('',(1.,-1.224646799147E-16,0.));
#8622 = ORIENTED_EDGE('',*,*,#4626,.F.);
#8623 = ORIENTED_EDGE('',*,*,#8600,.F.);
#8624 = ORIENTED_EDGE('',*,*,#4329,.T.);
#8625 = CYLINDRICAL_SURFACE('',#8626,5.E-02);
#8626 = AXIS2_PLACEMENT_3D('',#8627,#8628,#8629);
#8627 = CARTESIAN_POINT('',(1.37500025,-3.35,1.749999999999));
#8628 = DIRECTION('',(-1.,1.224646799147E-16,0.));
#8629 = DIRECTION('',(1.224646799147E-16,1.,1.110223024625E-16));
#8630 = ADVANCED_FACE('',(#8631),#8642,.T.);
#8631 = FACE_BOUND('',#8632,.T.);
#8632 = EDGE_LOOP('',(#8633,#8639,#8640,#8641));
#8633 = ORIENTED_EDGE('',*,*,#8634,.T.);
#8634 = EDGE_CURVE('',#4313,#4636,#8635,.T.);
#8635 = LINE('',#8636,#8637);
#8636 = CARTESIAN_POINT('',(1.37500025,-3.998507413678,1.447447303093));
#8637 = VECTOR('',#8638,1.);
#8638 = DIRECTION('',(1.,-1.224646799147E-16,0.));
#8639 = ORIENTED_EDGE('',*,*,#4635,.F.);
#8640 = ORIENTED_EDGE('',*,*,#8617,.F.);
#8641 = ORIENTED_EDGE('',*,*,#4321,.T.);
#8642 = PLANE('',#8643);
#8643 = AXIS2_PLACEMENT_3D('',#8644,#8645,#8646);
#8644 = CARTESIAN_POINT('',(1.37500025,-3.374253706839,1.793723651546));
#8645 = DIRECTION('',(-5.940444889499E-17,-0.485074136774,0.874473030935
    ));
#8646 = DIRECTION('',(1.,-1.224646799147E-16,0.));
#8647 = ADVANCED_FACE('',(#8648),#8654,.T.);
#8648 = FACE_BOUND('',#8649,.T.);
#8649 = EDGE_LOOP('',(#8650,#8651,#8652,#8653));
#8650 = ORIENTED_EDGE('',*,*,#4643,.F.);
#8651 = ORIENTED_EDGE('',*,*,#8634,.F.);
#8652 = ORIENTED_EDGE('',*,*,#4312,.T.);
#8653 = ORIENTED_EDGE('',*,*,#2564,.T.);
#8654 = CYLINDRICAL_SURFACE('',#8655,0.1);
#8655 = AXIS2_PLACEMENT_3D('',#8656,#8657,#8658);
#8656 = CARTESIAN_POINT('',(1.37500025,-3.95,1.359999999999));
#8657 = DIRECTION('',(-1.,1.224646799147E-16,0.));
#8658 = DIRECTION('',(1.224646799147E-16,1.,1.110223024625E-16));
#8659 = ADVANCED_FACE('',(#8660),#8671,.T.);
#8660 = FACE_BOUND('',#8661,.T.);
#8661 = EDGE_LOOP('',(#8662,#8663,#8669,#8670));
#8662 = ORIENTED_EDGE('',*,*,#4551,.F.);
#8663 = ORIENTED_EDGE('',*,*,#8664,.F.);
#8664 = EDGE_CURVE('',#4214,#4544,#8665,.T.);
#8665 = LINE('',#8666,#8667);
#8666 = CARTESIAN_POINT('',(1.37500025,0.25,2.059999999999));
#8667 = VECTOR('',#8668,1.);
#8668 = DIRECTION('',(1.,-1.224646799147E-16,0.));
#8669 = ORIENTED_EDGE('',*,*,#4213,.T.);
#8670 = ORIENTED_EDGE('',*,*,#4893,.T.);
#8671 = PLANE('',#8672);
#8672 = AXIS2_PLACEMENT_3D('',#8673,#8674,#8675);
#8673 = CARTESIAN_POINT('',(1.37500025,0.25,2.059999999999));
#8674 = DIRECTION('',(8.659560562356E-17,0.707106781187,0.707106781186)
  );
#8675 = DIRECTION('',(-1.,1.224646799147E-16,0.));
#8676 = ADVANCED_FACE('',(#8677),#8688,.T.);
#8677 = FACE_BOUND('',#8678,.T.);
#8678 = EDGE_LOOP('',(#8679,#8680,#8681,#8687));
#8679 = ORIENTED_EDGE('',*,*,#8664,.T.);
#8680 = ORIENTED_EDGE('',*,*,#4543,.F.);
#8681 = ORIENTED_EDGE('',*,*,#8682,.F.);
#8682 = EDGE_CURVE('',#4222,#4535,#8683,.T.);
#8683 = LINE('',#8684,#8685);
#8684 = CARTESIAN_POINT('',(1.37500025,0.25,0.249999999999));
#8685 = VECTOR('',#8686,1.);
#8686 = DIRECTION('',(1.,-1.224646799147E-16,0.));
#8687 = ORIENTED_EDGE('',*,*,#4221,.T.);
#8688 = PLANE('',#8689);
#8689 = AXIS2_PLACEMENT_3D('',#8690,#8691,#8692);
#8690 = CARTESIAN_POINT('',(1.37500025,0.25,0.249999999999));
#8691 = DIRECTION('',(1.224646799147E-16,1.,1.110223024625E-16));
#8692 = DIRECTION('',(-1.,1.224646799147E-16,0.));
#8693 = ADVANCED_FACE('',(#8694),#8705,.T.);
#8694 = FACE_BOUND('',#8695,.T.);
#8695 = EDGE_LOOP('',(#8696,#8697,#8698,#8704));
#8696 = ORIENTED_EDGE('',*,*,#8682,.T.);
#8697 = ORIENTED_EDGE('',*,*,#4534,.F.);
#8698 = ORIENTED_EDGE('',*,*,#8699,.F.);
#8699 = EDGE_CURVE('',#4230,#4527,#8700,.T.);
#8700 = LINE('',#8701,#8702);
#8701 = CARTESIAN_POINT('',(1.37500025,0.15,0.149999999999));
#8702 = VECTOR('',#8703,1.);
#8703 = DIRECTION('',(1.,-1.224646799147E-16,0.));
#8704 = ORIENTED_EDGE('',*,*,#4229,.T.);
#8705 = CYLINDRICAL_SURFACE('',#8706,0.1);
#8706 = AXIS2_PLACEMENT_3D('',#8707,#8708,#8709);
#8707 = CARTESIAN_POINT('',(1.37500025,0.15,0.249999999999));
#8708 = DIRECTION('',(-1.,1.224646799147E-16,0.));
#8709 = DIRECTION('',(1.224646799147E-16,1.,1.110223024625E-16));
#8710 = ADVANCED_FACE('',(#8711),#8722,.T.);
#8711 = FACE_BOUND('',#8712,.T.);
#8712 = EDGE_LOOP('',(#8713,#8714,#8715,#8721));
#8713 = ORIENTED_EDGE('',*,*,#8699,.T.);
#8714 = ORIENTED_EDGE('',*,*,#4526,.F.);
#8715 = ORIENTED_EDGE('',*,*,#8716,.F.);
#8716 = EDGE_CURVE('',#4239,#4518,#8717,.T.);
#8717 = LINE('',#8718,#8719);
#8718 = CARTESIAN_POINT('',(1.37500025,-3.35,0.149999999999));
#8719 = VECTOR('',#8720,1.);
#8720 = DIRECTION('',(1.,-1.224646799147E-16,0.));
#8721 = ORIENTED_EDGE('',*,*,#4238,.T.);
#8722 = PLANE('',#8723);
#8723 = AXIS2_PLACEMENT_3D('',#8724,#8725,#8726);
#8724 = CARTESIAN_POINT('',(1.37500025,-3.35,0.149999999999));
#8725 = DIRECTION('',(1.359631073447E-32,1.110223024625E-16,-1.));
#8726 = DIRECTION('',(-1.224646799147E-16,-1.,-1.110223024625E-16));
#8727 = ADVANCED_FACE('',(#8728),#8739,.F.);
#8728 = FACE_BOUND('',#8729,.F.);
#8729 = EDGE_LOOP('',(#8730,#8731,#8737,#8738));
#8730 = ORIENTED_EDGE('',*,*,#4246,.F.);
#8731 = ORIENTED_EDGE('',*,*,#8732,.T.);
#8732 = EDGE_CURVE('',#4247,#4510,#8733,.T.);
#8733 = LINE('',#8734,#8735);
#8734 = CARTESIAN_POINT('',(1.37500025,-3.45,4.999999999901E-02));
#8735 = VECTOR('',#8736,1.);
#8736 = DIRECTION('',(1.,-1.224646799147E-16,0.));
#8737 = ORIENTED_EDGE('',*,*,#4517,.T.);
#8738 = ORIENTED_EDGE('',*,*,#8716,.F.);
#8739 = CYLINDRICAL_SURFACE('',#8740,0.1);
#8740 = AXIS2_PLACEMENT_3D('',#8741,#8742,#8743);
#8741 = CARTESIAN_POINT('',(1.37500025,-3.35,4.999999999901E-02));
#8742 = DIRECTION('',(-1.,1.224646799147E-16,0.));
#8743 = DIRECTION('',(1.224646799147E-16,1.,1.110223024625E-16));
#8744 = ADVANCED_FACE('',(#8745),#8756,.T.);
#8745 = FACE_BOUND('',#8746,.T.);
#8746 = EDGE_LOOP('',(#8747,#8748,#8749,#8755));
#8747 = ORIENTED_EDGE('',*,*,#8732,.T.);
#8748 = ORIENTED_EDGE('',*,*,#4509,.F.);
#8749 = ORIENTED_EDGE('',*,*,#8750,.F.);
#8750 = EDGE_CURVE('',#4256,#4502,#8751,.T.);
#8751 = LINE('',#8752,#8753);
#8752 = CARTESIAN_POINT('',(1.37500025,-3.45,-3.15));
#8753 = VECTOR('',#8754,1.);
#8754 = DIRECTION('',(1.,-1.224646799147E-16,0.));
#8755 = ORIENTED_EDGE('',*,*,#4255,.T.);
#8756 = PLANE('',#8757);
#8757 = AXIS2_PLACEMENT_3D('',#8758,#8759,#8760);
#8758 = CARTESIAN_POINT('',(1.37500025,-3.45,-3.15));
#8759 = DIRECTION('',(1.224646799147E-16,1.,1.110223024625E-16));
#8760 = DIRECTION('',(-1.,1.224646799147E-16,0.));
#8761 = ADVANCED_FACE('',(#8762),#8773,.T.);
#8762 = FACE_BOUND('',#8763,.T.);
#8763 = EDGE_LOOP('',(#8764,#8765,#8766,#8772));
#8764 = ORIENTED_EDGE('',*,*,#8750,.T.);
#8765 = ORIENTED_EDGE('',*,*,#4501,.F.);
#8766 = ORIENTED_EDGE('',*,*,#8767,.F.);
#8767 = EDGE_CURVE('',#4264,#4493,#8768,.T.);
#8768 = LINE('',#8769,#8770);
#8769 = CARTESIAN_POINT('',(1.37500025,-3.567647058824,-3.370588235294)
  );
#8770 = VECTOR('',#8771,1.);
#8771 = DIRECTION('',(1.,-1.224646799147E-16,0.));
#8772 = ORIENTED_EDGE('',*,*,#4263,.T.);
#8773 = PLANE('',#8774);
#8774 = AXIS2_PLACEMENT_3D('',#8775,#8776,#8777);
#8775 = CARTESIAN_POINT('',(1.37500025,-3.567647058824,-3.370588235294)
  );
#8776 = DIRECTION('',(1.08057070513E-16,0.882352941176,-0.470588235294)
  );
#8777 = DIRECTION('',(1.,-1.224646799147E-16,0.));
#8778 = ADVANCED_FACE('',(#8779),#8790,.T.);
#8779 = FACE_BOUND('',#8780,.T.);
#8780 = EDGE_LOOP('',(#8781,#8782,#8783,#8789));
#8781 = ORIENTED_EDGE('',*,*,#8767,.T.);
#8782 = ORIENTED_EDGE('',*,*,#4492,.F.);
#8783 = ORIENTED_EDGE('',*,*,#8784,.F.);
#8784 = EDGE_CURVE('',#4272,#4485,#8785,.T.);
#8785 = LINE('',#8786,#8787);
#8786 = CARTESIAN_POINT('',(1.37500025,-3.832352941177,-3.370588235294)
  );
#8787 = VECTOR('',#8788,1.);
#8788 = DIRECTION('',(1.,-1.224646799147E-16,0.));
#8789 = ORIENTED_EDGE('',*,*,#4271,.T.);
#8790 = CYLINDRICAL_SURFACE('',#8791,0.15);
#8791 = AXIS2_PLACEMENT_3D('',#8792,#8793,#8794);
#8792 = CARTESIAN_POINT('',(1.37500025,-3.7,-3.3));
#8793 = DIRECTION('',(-1.,1.224646799147E-16,0.));
#8794 = DIRECTION('',(1.224646799147E-16,1.,1.110223024625E-16));
#8795 = ADVANCED_FACE('',(#8796),#8802,.T.);
#8796 = FACE_BOUND('',#8797,.T.);
#8797 = EDGE_LOOP('',(#8798,#8799,#8800,#8801));
#8798 = ORIENTED_EDGE('',*,*,#8784,.T.);
#8799 = ORIENTED_EDGE('',*,*,#4484,.F.);
#8800 = ORIENTED_EDGE('',*,*,#4460,.F.);
#8801 = ORIENTED_EDGE('',*,*,#4280,.T.);
#8802 = PLANE('',#8803);
#8803 = AXIS2_PLACEMENT_3D('',#8804,#8805,#8806);
#8804 = CARTESIAN_POINT('',(1.37500025,-3.95,-3.15));
#8805 = DIRECTION('',(-1.08057070513E-16,-0.882352941176,-0.470588235294
    ));
#8806 = DIRECTION('',(5.763043760693E-17,0.470588235294,-0.882352941176)
  );
#8807 = ADVANCED_FACE('',(#8808),#8814,.T.);
#8808 = FACE_BOUND('',#8809,.T.);
#8809 = EDGE_LOOP('',(#8810,#8811,#8812,#8813));
#8810 = ORIENTED_EDGE('',*,*,#3374,.T.);
#8811 = ORIENTED_EDGE('',*,*,#3486,.F.);
#8812 = ORIENTED_EDGE('',*,*,#2702,.F.);
#8813 = ORIENTED_EDGE('',*,*,#2758,.F.);
#8814 = PLANE('',#8815);
#8815 = AXIS2_PLACEMENT_3D('',#8816,#8817,#8818);
#8816 = CARTESIAN_POINT('',(0.713237248334,-6.37250724292,1.34));
#8817 = DIRECTION('',(0.590618033613,-0.388806299295,0.707106781187));
#8818 = DIRECTION('',(0.549855141599,0.835260033317,-1.570676884868E-16)
  );
#8819 = ADVANCED_FACE('',(#8820),#8831,.T.);
#8820 = FACE_BOUND('',#8821,.T.);
#8821 = EDGE_LOOP('',(#8822,#8828,#8829,#8830));
#8822 = ORIENTED_EDGE('',*,*,#8823,.T.);
#8823 = EDGE_CURVE('',#549,#944,#8824,.T.);
#8824 = LINE('',#8825,#8826);
#8825 = CARTESIAN_POINT('',(6.70000025,-5.8,2.307157287525));
#8826 = VECTOR('',#8827,1.);
#8827 = DIRECTION('',(-0.678598344546,-0.678598344546,0.281084637715));
#8828 = ORIENTED_EDGE('',*,*,#1540,.T.);
#8829 = ORIENTED_EDGE('',*,*,#2996,.F.);
#8830 = ORIENTED_EDGE('',*,*,#556,.F.);
#8831 = PLANE('',#8832);
#8832 = AXIS2_PLACEMENT_3D('',#8833,#8834,#8835);
#8833 = CARTESIAN_POINT('',(6.60000025,-6.029289321881,2.219289321881));
#8834 = DIRECTION('',(0.707106781187,-0.5,0.5));
#8835 = DIRECTION('',(0.57735026919,0.816496580928,-4.812854771078E-17)
  );
#8836 = ADVANCED_FACE('',(#8837),#8861,.T.);
#8837 = FACE_BOUND('',#8838,.T.);
#8838 = EDGE_LOOP('',(#8839,#8840,#8848,#8854,#8855));
#8839 = ORIENTED_EDGE('',*,*,#619,.F.);
#8840 = ORIENTED_EDGE('',*,*,#8841,.F.);
#8841 = EDGE_CURVE('',#8842,#612,#8844,.T.);
#8842 = VERTEX_POINT('',#8843);
#8843 = CARTESIAN_POINT('',(6.55000025,-5.95,6.85));
#8844 = LINE('',#8845,#8846);
#8845 = CARTESIAN_POINT('',(6.55000025,-5.95,6.85));
#8846 = VECTOR('',#8847,1.);
#8847 = DIRECTION('',(0.57735026919,0.57735026919,-0.57735026919));
#8848 = ORIENTED_EDGE('',*,*,#8849,.T.);
#8849 = EDGE_CURVE('',#8842,#970,#8850,.T.);
#8850 = LINE('',#8851,#8852);
#8851 = CARTESIAN_POINT('',(6.55000025,-5.95,6.85));
#8852 = VECTOR('',#8853,1.);
#8853 = DIRECTION('',(-0.57735026919,-0.57735026919,-0.57735026919));
#8854 = ORIENTED_EDGE('',*,*,#969,.T.);
#8855 = ORIENTED_EDGE('',*,*,#8856,.T.);
#8856 = EDGE_CURVE('',#962,#620,#8857,.T.);
#8857 = LINE('',#8858,#8859);
#8858 = CARTESIAN_POINT('',(6.50000025,-6.,4.175));
#8859 = VECTOR('',#8860,1.);
#8860 = DIRECTION('',(0.707106781187,0.707106781187,7.850462293419E-17)
  );
#8861 = PLANE('',#8862);
#8862 = AXIS2_PLACEMENT_3D('',#8863,#8864,#8865);
#8863 = CARTESIAN_POINT('',(6.60000025,-5.9,4.645));
#8864 = DIRECTION('',(0.707106781187,-0.707106781187,-7.850462293419E-17
    ));
#8865 = DIRECTION('',(0.707106781187,0.707106781187,7.850462293419E-17)
  );
#8866 = ADVANCED_FACE('',(#8867),#8878,.T.);
#8867 = FACE_BOUND('',#8868,.T.);
#8868 = EDGE_LOOP('',(#8869,#8870,#8871,#8872));
#8869 = ORIENTED_EDGE('',*,*,#953,.T.);
#8870 = ORIENTED_EDGE('',*,*,#8823,.F.);
#8871 = ORIENTED_EDGE('',*,*,#548,.F.);
#8872 = ORIENTED_EDGE('',*,*,#8873,.F.);
#8873 = EDGE_CURVE('',#954,#541,#8874,.T.);
#8874 = LINE('',#8875,#8876);
#8875 = CARTESIAN_POINT('',(6.50000025,-6.,2.675));
#8876 = VECTOR('',#8877,1.);
#8877 = DIRECTION('',(0.707106781187,0.707106781187,7.850462293419E-17)
  );
#8878 = PLANE('',#8879);
#8879 = AXIS2_PLACEMENT_3D('',#8880,#8881,#8882);
#8880 = CARTESIAN_POINT('',(6.60000025,-5.9,4.645));
#8881 = DIRECTION('',(0.707106781187,-0.707106781187,-7.850462293419E-17
    ));
#8882 = DIRECTION('',(0.707106781187,0.707106781187,7.850462293419E-17)
  );
#8883 = ADVANCED_FACE('',(#8884),#8895,.F.);
#8884 = FACE_BOUND('',#8885,.T.);
#8885 = EDGE_LOOP('',(#8886,#8887,#8893,#8894));
#8886 = ORIENTED_EDGE('',*,*,#8856,.F.);
#8887 = ORIENTED_EDGE('',*,*,#8888,.T.);
#8888 = EDGE_CURVE('',#962,#690,#8889,.T.);
#8889 = LINE('',#8890,#8891);
#8890 = CARTESIAN_POINT('',(6.50000025,-6.,4.175));
#8891 = VECTOR('',#8892,1.);
#8892 = DIRECTION('',(1.224646799147E-16,1.,1.110223024625E-16));
#8893 = ORIENTED_EDGE('',*,*,#689,.F.);
#8894 = ORIENTED_EDGE('',*,*,#627,.T.);
#8895 = PLANE('',#8896);
#8896 = AXIS2_PLACEMENT_3D('',#8897,#8898,#8899);
#8897 = CARTESIAN_POINT('',(6.70000025,-6.,4.175));
#8898 = DIRECTION('',(-1.359631073447E-32,-1.110223024625E-16,1.));
#8899 = DIRECTION('',(-1.,1.224646799147E-16,0.));
#8900 = ADVANCED_FACE('',(#8901),#8912,.F.);
#8901 = FACE_BOUND('',#8902,.T.);
#8902 = EDGE_LOOP('',(#8903,#8904,#8910,#8911));
#8903 = ORIENTED_EDGE('',*,*,#961,.T.);
#8904 = ORIENTED_EDGE('',*,*,#8905,.T.);
#8905 = EDGE_CURVE('',#954,#698,#8906,.T.);
#8906 = LINE('',#8907,#8908);
#8907 = CARTESIAN_POINT('',(6.50000025,-6.,2.675));
#8908 = VECTOR('',#8909,1.);
#8909 = DIRECTION('',(1.224646799147E-16,1.,1.110223024625E-16));
#8910 = ORIENTED_EDGE('',*,*,#697,.F.);
#8911 = ORIENTED_EDGE('',*,*,#8888,.F.);
#8912 = PLANE('',#8913);
#8913 = AXIS2_PLACEMENT_3D('',#8914,#8915,#8916);
#8914 = CARTESIAN_POINT('',(6.50000025,-6.,4.175));
#8915 = DIRECTION('',(-1.,1.224646799147E-16,0.));
#8916 = DIRECTION('',(-1.359631073447E-32,-1.110223024625E-16,1.));
#8917 = ADVANCED_FACE('',(#8918),#8924,.F.);
#8918 = FACE_BOUND('',#8919,.T.);
#8919 = EDGE_LOOP('',(#8920,#8921,#8922,#8923));
#8920 = ORIENTED_EDGE('',*,*,#705,.F.);
#8921 = ORIENTED_EDGE('',*,*,#8905,.F.);
#8922 = ORIENTED_EDGE('',*,*,#8873,.T.);
#8923 = ORIENTED_EDGE('',*,*,#538,.F.);
#8924 = PLANE('',#8925);
#8925 = AXIS2_PLACEMENT_3D('',#8926,#8927,#8928);
#8926 = CARTESIAN_POINT('',(6.50000025,-6.,2.675));
#8927 = DIRECTION('',(1.359631073447E-32,1.110223024625E-16,-1.));
#8928 = DIRECTION('',(-1.224646799147E-16,-1.,-1.110223024625E-16));
#8929 = ADVANCED_FACE('',(#8930),#8948,.T.);
#8930 = FACE_BOUND('',#8931,.T.);
#8931 = EDGE_LOOP('',(#8932,#8933,#8939,#8940,#8941,#8942));
#8932 = ORIENTED_EDGE('',*,*,#1983,.F.);
#8933 = ORIENTED_EDGE('',*,*,#8934,.F.);
#8934 = EDGE_CURVE('',#920,#1984,#8935,.T.);
#8935 = LINE('',#8936,#8937);
#8936 = CARTESIAN_POINT('',(-2.04999975,-5.95,6.85));
#8937 = VECTOR('',#8938,1.);
#8938 = DIRECTION('',(0.57735026919,0.57735026919,0.57735026919));
#8939 = ORIENTED_EDGE('',*,*,#919,.T.);
#8940 = ORIENTED_EDGE('',*,*,#977,.T.);
#8941 = ORIENTED_EDGE('',*,*,#8849,.F.);
#8942 = ORIENTED_EDGE('',*,*,#8943,.F.);
#8943 = EDGE_CURVE('',#1986,#8842,#8944,.T.);
#8944 = LINE('',#8945,#8946);
#8945 = CARTESIAN_POINT('',(6.50000025,-5.9,6.9));
#8946 = VECTOR('',#8947,1.);
#8947 = DIRECTION('',(0.57735026919,-0.57735026919,-0.57735026919));
#8948 = PLANE('',#8949);
#8949 = AXIS2_PLACEMENT_3D('',#8950,#8951,#8952);
#8950 = CARTESIAN_POINT('',(2.25000025,-5.95,6.85));
#8951 = DIRECTION('',(-8.659560562355E-17,-0.707106781187,0.707106781187
    ));
#8952 = DIRECTION('',(1.,-1.224646799147E-16,0.));
#8953 = ADVANCED_FACE('',(#8954),#8974,.T.);
#8954 = FACE_BOUND('',#8955,.T.);
#8955 = EDGE_LOOP('',(#8956,#8957,#8958,#8959,#8967,#8973));
#8956 = ORIENTED_EDGE('',*,*,#8943,.T.);
#8957 = ORIENTED_EDGE('',*,*,#8841,.T.);
#8958 = ORIENTED_EDGE('',*,*,#611,.T.);
#8959 = ORIENTED_EDGE('',*,*,#8960,.T.);
#8960 = EDGE_CURVE('',#604,#8961,#8963,.T.);
#8961 = VERTEX_POINT('',#8962);
#8962 = CARTESIAN_POINT('',(6.60000025,-0.3,6.8));
#8963 = LINE('',#8964,#8965);
#8964 = CARTESIAN_POINT('',(6.70000025,-0.4,6.7));
#8965 = VECTOR('',#8966,1.);
#8966 = DIRECTION('',(-0.57735026919,0.57735026919,0.57735026919));
#8967 = ORIENTED_EDGE('',*,*,#8968,.T.);
#8968 = EDGE_CURVE('',#8961,#1994,#8969,.T.);
#8969 = LINE('',#8970,#8971);
#8970 = CARTESIAN_POINT('',(6.60000025,-0.3,6.8));
#8971 = VECTOR('',#8972,1.);
#8972 = DIRECTION('',(-0.57735026919,-0.57735026919,0.57735026919));
#8973 = ORIENTED_EDGE('',*,*,#1993,.F.);
#8974 = PLANE('',#8975);
#8975 = AXIS2_PLACEMENT_3D('',#8976,#8977,#8978);
#8976 = CARTESIAN_POINT('',(6.60000025,-3.1,6.8));
#8977 = DIRECTION('',(0.707106781187,-1.651002285577E-16,0.707106781187)
  );
#8978 = DIRECTION('',(1.224646799147E-16,1.,1.110223024625E-16));
#8979 = ADVANCED_FACE('',(#8980),#9014,.T.);
#8980 = FACE_BOUND('',#8981,.T.);
#8981 = EDGE_LOOP('',(#8982,#8992,#8998,#8999,#9000,#9008));
#8982 = ORIENTED_EDGE('',*,*,#8983,.T.);
#8983 = EDGE_CURVE('',#8984,#8986,#8988,.T.);
#8984 = VERTEX_POINT('',#8985);
#8985 = CARTESIAN_POINT('',(-1.99999975,-0.2,6.7));
#8986 = VERTEX_POINT('',#8987);
#8987 = CARTESIAN_POINT('',(-2.09999975,-0.3,6.8));
#8988 = LINE('',#8989,#8990);
#8989 = CARTESIAN_POINT('',(-1.99999975,-0.2,6.7));
#8990 = VECTOR('',#8991,1.);
#8991 = DIRECTION('',(-0.57735026919,-0.57735026919,0.57735026919));
#8992 = ORIENTED_EDGE('',*,*,#8993,.F.);
#8993 = EDGE_CURVE('',#2002,#8986,#8994,.T.);
#8994 = LINE('',#8995,#8996);
#8995 = CARTESIAN_POINT('',(-1.99999975,-0.4,6.9));
#8996 = VECTOR('',#8997,1.);
#8997 = DIRECTION('',(-0.57735026919,0.57735026919,-0.57735026919));
#8998 = ORIENTED_EDGE('',*,*,#2001,.F.);
#8999 = ORIENTED_EDGE('',*,*,#8968,.F.);
#9000 = ORIENTED_EDGE('',*,*,#9001,.F.);
#9001 = EDGE_CURVE('',#9002,#8961,#9004,.T.);
#9002 = VERTEX_POINT('',#9003);
#9003 = CARTESIAN_POINT('',(6.50000025,-0.2,6.7));
#9004 = LINE('',#9005,#9006);
#9005 = CARTESIAN_POINT('',(6.50000025,-0.2,6.7));
#9006 = VECTOR('',#9007,1.);
#9007 = DIRECTION('',(0.57735026919,-0.57735026919,0.57735026919));
#9008 = ORIENTED_EDGE('',*,*,#9009,.T.);
#9009 = EDGE_CURVE('',#9002,#8984,#9010,.T.);
#9010 = LINE('',#9011,#9012);
#9011 = CARTESIAN_POINT('',(6.50000025,-0.2,6.7));
#9012 = VECTOR('',#9013,1.);
#9013 = DIRECTION('',(-1.,1.224646799147E-16,0.));
#9014 = PLANE('',#9015);
#9015 = AXIS2_PLACEMENT_3D('',#9016,#9017,#9018);
#9016 = CARTESIAN_POINT('',(2.25000025,-0.3,6.8));
#9017 = DIRECTION('',(8.659560562355E-17,0.707106781187,0.707106781187)
  );
#9018 = DIRECTION('',(-1.,1.224646799147E-16,0.));
#9019 = ADVANCED_FACE('',(#9020),#9045,.F.);
#9020 = FACE_BOUND('',#9021,.T.);
#9021 = EDGE_LOOP('',(#9022,#9023,#9031,#9039));
#9022 = ORIENTED_EDGE('',*,*,#9009,.F.);
#9023 = ORIENTED_EDGE('',*,*,#9024,.F.);
#9024 = EDGE_CURVE('',#9025,#9002,#9027,.T.);
#9025 = VERTEX_POINT('',#9026);
#9026 = CARTESIAN_POINT('',(6.50000025,-0.2,5.45));
#9027 = LINE('',#9028,#9029);
#9028 = CARTESIAN_POINT('',(6.50000025,-0.2,5.45));
#9029 = VECTOR('',#9030,1.);
#9030 = DIRECTION('',(-1.359631073447E-32,-1.110223024625E-16,1.));
#9031 = ORIENTED_EDGE('',*,*,#9032,.T.);
#9032 = EDGE_CURVE('',#9025,#9033,#9035,.T.);
#9033 = VERTEX_POINT('',#9034);
#9034 = CARTESIAN_POINT('',(-1.99999975,-0.2,5.45));
#9035 = LINE('',#9036,#9037);
#9036 = CARTESIAN_POINT('',(6.50000025,-0.2,5.45));
#9037 = VECTOR('',#9038,1.);
#9038 = DIRECTION('',(-1.,1.224646799147E-16,0.));
#9039 = ORIENTED_EDGE('',*,*,#9040,.F.);
#9040 = EDGE_CURVE('',#8984,#9033,#9041,.T.);
#9041 = LINE('',#9042,#9043);
#9042 = CARTESIAN_POINT('',(-1.99999975,-0.2,6.7));
#9043 = VECTOR('',#9044,1.);
#9044 = DIRECTION('',(1.359631073447E-32,1.110223024625E-16,-1.));
#9045 = PLANE('',#9046);
#9046 = AXIS2_PLACEMENT_3D('',#9047,#9048,#9049);
#9047 = CARTESIAN_POINT('',(6.70000025,-0.2,6.9));
#9048 = DIRECTION('',(-1.224646799147E-16,-1.,-1.110223024625E-16));
#9049 = DIRECTION('',(1.359631073447E-32,1.110223024625E-16,-1.));
#9050 = ADVANCED_FACE('',(#9051),#9068,.T.);
#9051 = FACE_BOUND('',#9052,.T.);
#9052 = EDGE_LOOP('',(#9053,#9059,#9060,#9066,#9067));
#9053 = ORIENTED_EDGE('',*,*,#9054,.F.);
#9054 = EDGE_CURVE('',#745,#9033,#9055,.T.);
#9055 = LINE('',#9056,#9057);
#9056 = CARTESIAN_POINT('',(-2.19999975,-0.4,5.25));
#9057 = VECTOR('',#9058,1.);
#9058 = DIRECTION('',(0.57735026919,0.57735026919,0.57735026919));
#9059 = ORIENTED_EDGE('',*,*,#744,.F.);
#9060 = ORIENTED_EDGE('',*,*,#9061,.F.);
#9061 = EDGE_CURVE('',#8986,#737,#9062,.T.);
#9062 = LINE('',#9063,#9064);
#9063 = CARTESIAN_POINT('',(-2.09999975,-0.3,6.8));
#9064 = VECTOR('',#9065,1.);
#9065 = DIRECTION('',(-0.57735026919,-0.57735026919,-0.57735026919));
#9066 = ORIENTED_EDGE('',*,*,#8983,.F.);
#9067 = ORIENTED_EDGE('',*,*,#9040,.T.);
#9068 = PLANE('',#9069);
#9069 = AXIS2_PLACEMENT_3D('',#9070,#9071,#9072);
#9070 = CARTESIAN_POINT('',(-2.09999975,-0.3,6.175));
#9071 = DIRECTION('',(-0.707106781187,0.707106781187,7.850462293419E-17)
  );
#9072 = DIRECTION('',(1.359631073447E-32,1.110223024625E-16,-1.));
#9073 = ADVANCED_FACE('',(#9074),#9082,.T.);
#9074 = FACE_BOUND('',#9075,.T.);
#9075 = EDGE_LOOP('',(#9076,#9077,#9078,#9079,#9080,#9081));
#9076 = ORIENTED_EDGE('',*,*,#927,.T.);
#9077 = ORIENTED_EDGE('',*,*,#8934,.T.);
#9078 = ORIENTED_EDGE('',*,*,#2009,.T.);
#9079 = ORIENTED_EDGE('',*,*,#8993,.T.);
#9080 = ORIENTED_EDGE('',*,*,#9061,.T.);
#9081 = ORIENTED_EDGE('',*,*,#736,.F.);
#9082 = PLANE('',#9083);
#9083 = AXIS2_PLACEMENT_3D('',#9084,#9085,#9086);
#9084 = CARTESIAN_POINT('',(-2.09999975,-3.1,6.8));
#9085 = DIRECTION('',(-0.707106781187,8.090982689361E-18,0.707106781187)
  );
#9086 = DIRECTION('',(-1.224646799147E-16,-1.,-1.110223024625E-16));
#9087 = ADVANCED_FACE('',(#9088),#9100,.T.);
#9088 = FACE_BOUND('',#9089,.T.);
#9089 = EDGE_LOOP('',(#9090,#9091,#9092,#9093,#9094));
#9090 = ORIENTED_EDGE('',*,*,#459,.F.);
#9091 = ORIENTED_EDGE('',*,*,#435,.F.);
#9092 = ORIENTED_EDGE('',*,*,#752,.F.);
#9093 = ORIENTED_EDGE('',*,*,#9054,.T.);
#9094 = ORIENTED_EDGE('',*,*,#9095,.T.);
#9095 = EDGE_CURVE('',#9033,#460,#9096,.T.);
#9096 = LINE('',#9097,#9098);
#9097 = CARTESIAN_POINT('',(-1.99999975,-0.2,5.45));
#9098 = VECTOR('',#9099,1.);
#9099 = DIRECTION('',(1.224646799147E-16,1.,1.110223024625E-16));
#9100 = PLANE('',#9101);
#9101 = AXIS2_PLACEMENT_3D('',#9102,#9103,#9104);
#9102 = CARTESIAN_POINT('',(-2.09999975,0.125,5.35));
#9103 = DIRECTION('',(-0.707106781187,8.090982689361E-18,0.707106781187)
  );
#9104 = DIRECTION('',(-1.224646799147E-16,-1.,-1.110223024625E-16));
#9105 = ADVANCED_FACE('',(#9106),#9117,.F.);
#9106 = FACE_BOUND('',#9107,.T.);
#9107 = EDGE_LOOP('',(#9108,#9109,#9110,#9116));
#9108 = ORIENTED_EDGE('',*,*,#9095,.F.);
#9109 = ORIENTED_EDGE('',*,*,#9032,.F.);
#9110 = ORIENTED_EDGE('',*,*,#9111,.F.);
#9111 = EDGE_CURVE('',#468,#9025,#9112,.T.);
#9112 = LINE('',#9113,#9114);
#9113 = CARTESIAN_POINT('',(6.50000025,0.25,5.45));
#9114 = VECTOR('',#9115,1.);
#9115 = DIRECTION('',(-1.224646799147E-16,-1.,-1.110223024625E-16));
#9116 = ORIENTED_EDGE('',*,*,#467,.F.);
#9117 = PLANE('',#9118);
#9118 = AXIS2_PLACEMENT_3D('',#9119,#9120,#9121);
#9119 = CARTESIAN_POINT('',(6.70000025,-0.2,5.45));
#9120 = DIRECTION('',(1.359631073447E-32,1.110223024625E-16,-1.));
#9121 = DIRECTION('',(-1.224646799147E-16,-1.,-1.110223024625E-16));
#9122 = ADVANCED_FACE('',(#9123),#9135,.T.);
#9123 = FACE_BOUND('',#9124,.T.);
#9124 = EDGE_LOOP('',(#9125,#9126,#9127,#9128,#9134));
#9125 = ORIENTED_EDGE('',*,*,#516,.F.);
#9126 = ORIENTED_EDGE('',*,*,#475,.T.);
#9127 = ORIENTED_EDGE('',*,*,#9111,.T.);
#9128 = ORIENTED_EDGE('',*,*,#9129,.F.);
#9129 = EDGE_CURVE('',#596,#9025,#9130,.T.);
#9130 = LINE('',#9131,#9132);
#9131 = CARTESIAN_POINT('',(6.70000025,-0.4,5.25));
#9132 = VECTOR('',#9133,1.);
#9133 = DIRECTION('',(-0.57735026919,0.57735026919,0.57735026919));
#9134 = ORIENTED_EDGE('',*,*,#595,.F.);
#9135 = PLANE('',#9136);
#9136 = AXIS2_PLACEMENT_3D('',#9137,#9138,#9139);
#9137 = CARTESIAN_POINT('',(6.60000025,0.125,5.35));
#9138 = DIRECTION('',(0.707106781187,-1.651002285577E-16,0.707106781187)
  );
#9139 = DIRECTION('',(1.224646799147E-16,1.,1.110223024625E-16));
#9140 = ADVANCED_FACE('',(#9141),#9148,.T.);
#9141 = FACE_BOUND('',#9142,.T.);
#9142 = EDGE_LOOP('',(#9143,#9144,#9145,#9146,#9147));
#9143 = ORIENTED_EDGE('',*,*,#9001,.T.);
#9144 = ORIENTED_EDGE('',*,*,#8960,.F.);
#9145 = ORIENTED_EDGE('',*,*,#603,.F.);
#9146 = ORIENTED_EDGE('',*,*,#9129,.T.);
#9147 = ORIENTED_EDGE('',*,*,#9024,.T.);
#9148 = PLANE('',#9149);
#9149 = AXIS2_PLACEMENT_3D('',#9150,#9151,#9152);
#9150 = CARTESIAN_POINT('',(6.60000025,-0.3,6.175));
#9151 = DIRECTION('',(0.707106781187,0.707106781187,7.850462293419E-17)
  );
#9152 = DIRECTION('',(-1.359631073447E-32,-1.110223024625E-16,1.));
#9153 = ADVANCED_FACE('',(#9154),#9165,.T.);
#9154 = FACE_BOUND('',#9155,.T.);
#9155 = EDGE_LOOP('',(#9156,#9162,#9163,#9164));
#9156 = ORIENTED_EDGE('',*,*,#9157,.F.);
#9157 = EDGE_CURVE('',#2917,#1183,#9158,.T.);
#9158 = LINE('',#9159,#9160);
#9159 = CARTESIAN_POINT('',(6.15000025,-6.6,2.19));
#9160 = VECTOR('',#9161,1.);
#9161 = DIRECTION('',(-0.678598344546,0.281084637715,-0.678598344546));
#9162 = ORIENTED_EDGE('',*,*,#2963,.F.);
#9163 = ORIENTED_EDGE('',*,*,#1151,.T.);
#9164 = ORIENTED_EDGE('',*,*,#1192,.T.);
#9165 = PLANE('',#9166);
#9166 = AXIS2_PLACEMENT_3D('',#9167,#9168,#9169);
#9167 = CARTESIAN_POINT('',(6.05000025,-6.4,2.09));
#9168 = DIRECTION('',(-0.707106781187,8.090982689361E-18,0.707106781187)
  );
#9169 = DIRECTION('',(-1.224646799147E-16,-1.,-1.110223024625E-16));
#9170 = ADVANCED_FACE('',(#9171),#9177,.T.);
#9171 = FACE_BOUND('',#9172,.T.);
#9172 = EDGE_LOOP('',(#9173,#9174,#9175,#9176));
#9173 = ORIENTED_EDGE('',*,*,#9157,.T.);
#9174 = ORIENTED_EDGE('',*,*,#1182,.T.);
#9175 = ORIENTED_EDGE('',*,*,#1277,.F.);
#9176 = ORIENTED_EDGE('',*,*,#2924,.F.);
#9177 = PLANE('',#9178);
#9178 = AXIS2_PLACEMENT_3D('',#9179,#9180,#9181);
#9179 = CARTESIAN_POINT('',(6.05000025,-6.629289321881,2.019289321881));
#9180 = DIRECTION('',(-0.707106781187,-0.5,0.5));
#9181 = DIRECTION('',(-8.659560562355E-17,-0.707106781187,
    -0.707106781187));
#9182 = ADVANCED_FACE('',(#9183),#9201,.T.);
#9183 = FACE_BOUND('',#9184,.T.);
#9184 = EDGE_LOOP('',(#9185,#9186,#9187,#9195));
#9185 = ORIENTED_EDGE('',*,*,#1674,.F.);
#9186 = ORIENTED_EDGE('',*,*,#2421,.T.);
#9187 = ORIENTED_EDGE('',*,*,#9188,.F.);
#9188 = EDGE_CURVE('',#9189,#2414,#9191,.T.);
#9189 = VERTEX_POINT('',#9190);
#9190 = CARTESIAN_POINT('',(-1.38999975,-5.74,2.75));
#9191 = LINE('',#9192,#9193);
#9192 = CARTESIAN_POINT('',(-1.38999975,-5.74,2.75));
#9193 = VECTOR('',#9194,1.);
#9194 = DIRECTION('',(1.224646799147E-16,1.,1.110223024625E-16));
#9195 = ORIENTED_EDGE('',*,*,#9196,.T.);
#9196 = EDGE_CURVE('',#9189,#1675,#9197,.T.);
#9197 = LINE('',#9198,#9199);
#9198 = CARTESIAN_POINT('',(-1.38999975,-5.74,2.75));
#9199 = VECTOR('',#9200,1.);
#9200 = DIRECTION('',(-0.707106781186,-0.707106781187,
    -7.850462293419E-17));
#9201 = PLANE('',#9202);
#9202 = AXIS2_PLACEMENT_3D('',#9203,#9204,#9205);
#9203 = CARTESIAN_POINT('',(-1.44999975,-6.,2.75));
#9204 = DIRECTION('',(1.359631073447E-32,1.110223024625E-16,-1.));
#9205 = DIRECTION('',(-1.224646799147E-16,-1.,-1.110223024625E-16));
#9206 = ADVANCED_FACE('',(#9207),#9234,.T.);
#9207 = FACE_BOUND('',#9208,.T.);
#9208 = EDGE_LOOP('',(#9209,#9210,#9211,#9212,#9220,#9226,#9227,#9233));
#9209 = ORIENTED_EDGE('',*,*,#1554,.T.);
#9210 = ORIENTED_EDGE('',*,*,#1682,.F.);
#9211 = ORIENTED_EDGE('',*,*,#9196,.F.);
#9212 = ORIENTED_EDGE('',*,*,#9213,.T.);
#9213 = EDGE_CURVE('',#9189,#9214,#9216,.T.);
#9214 = VERTEX_POINT('',#9215);
#9215 = CARTESIAN_POINT('',(-1.38999975,-5.74,3.05));
#9216 = LINE('',#9217,#9218);
#9217 = CARTESIAN_POINT('',(-1.38999975,-5.74,2.75));
#9218 = VECTOR('',#9219,1.);
#9219 = DIRECTION('',(-1.359631073447E-32,-1.110223024625E-16,1.));
#9220 = ORIENTED_EDGE('',*,*,#9221,.F.);
#9221 = EDGE_CURVE('',#1588,#9214,#9222,.T.);
#9222 = LINE('',#9223,#9224);
#9223 = CARTESIAN_POINT('',(-1.44999975,-5.8,3.05));
#9224 = VECTOR('',#9225,1.);
#9225 = DIRECTION('',(0.707106781186,0.707106781187,7.850462293419E-17)
  );
#9226 = ORIENTED_EDGE('',*,*,#1585,.F.);
#9227 = ORIENTED_EDGE('',*,*,#9228,.F.);
#9228 = EDGE_CURVE('',#995,#1586,#9229,.T.);
#9229 = LINE('',#9230,#9231);
#9230 = CARTESIAN_POINT('',(-1.64999975,-6.,6.19));
#9231 = VECTOR('',#9232,1.);
#9232 = DIRECTION('',(0.57735026919,0.57735026919,-0.57735026919));
#9233 = ORIENTED_EDGE('',*,*,#994,.F.);
#9234 = PLANE('',#9235);
#9235 = AXIS2_PLACEMENT_3D('',#9236,#9237,#9238);
#9236 = CARTESIAN_POINT('',(-1.51999975,-5.87,2.9));
#9237 = DIRECTION('',(0.707106781187,-0.707106781187,-7.850462293419E-17
    ));
#9238 = DIRECTION('',(0.707106781187,0.707106781187,7.850462293419E-17)
  );
#9239 = ADVANCED_FACE('',(#9240),#9251,.T.);
#9240 = FACE_BOUND('',#9241,.T.);
#9241 = EDGE_LOOP('',(#9242,#9243,#9244,#9250));
#9242 = ORIENTED_EDGE('',*,*,#9228,.T.);
#9243 = ORIENTED_EDGE('',*,*,#1753,.F.);
#9244 = ORIENTED_EDGE('',*,*,#9245,.F.);
#9245 = EDGE_CURVE('',#1003,#1746,#9246,.T.);
#9246 = LINE('',#9247,#9248);
#9247 = CARTESIAN_POINT('',(2.499999998129E-07,-6.,6.19));
#9248 = VECTOR('',#9249,1.);
#9249 = DIRECTION('',(-0.57735026919,0.57735026919,-0.57735026919));
#9250 = ORIENTED_EDGE('',*,*,#1002,.T.);
#9251 = PLANE('',#9252);
#9252 = AXIS2_PLACEMENT_3D('',#9253,#9254,#9255);
#9253 = CARTESIAN_POINT('',(-0.82499975,-5.9,6.09));
#9254 = DIRECTION('',(-8.659560562355E-17,-0.707106781187,
    -0.707106781187));
#9255 = DIRECTION('',(8.659560562355E-17,0.707106781187,-0.707106781187)
  );
#9256 = ADVANCED_FACE('',(#9257),#9268,.T.);
#9257 = FACE_BOUND('',#9258,.T.);
#9258 = EDGE_LOOP('',(#9259,#9265,#9266,#9267));
#9259 = ORIENTED_EDGE('',*,*,#9260,.T.);
#9260 = EDGE_CURVE('',#1746,#2252,#9261,.T.);
#9261 = LINE('',#9262,#9263);
#9262 = CARTESIAN_POINT('',(-0.19999975,-5.8,5.99));
#9263 = VECTOR('',#9264,1.);
#9264 = DIRECTION('',(1.359631073447E-32,1.110223024625E-16,-1.));
#9265 = ORIENTED_EDGE('',*,*,#2251,.F.);
#9266 = ORIENTED_EDGE('',*,*,#1010,.F.);
#9267 = ORIENTED_EDGE('',*,*,#9245,.T.);
#9268 = PLANE('',#9269);
#9269 = AXIS2_PLACEMENT_3D('',#9270,#9271,#9272);
#9270 = CARTESIAN_POINT('',(-9.999975E-02,-5.9,5.49));
#9271 = DIRECTION('',(-0.707106781187,-0.707106781187,
    -7.850462293419E-17));
#9272 = DIRECTION('',(1.359631073447E-32,1.110223024625E-16,-1.));
#9273 = ADVANCED_FACE('',(#9274),#9280,.T.);
#9274 = FACE_BOUND('',#9275,.T.);
#9275 = EDGE_LOOP('',(#9276,#9277,#9278,#9279));
#9276 = ORIENTED_EDGE('',*,*,#2397,.T.);
#9277 = ORIENTED_EDGE('',*,*,#2274,.T.);
#9278 = ORIENTED_EDGE('',*,*,#9260,.F.);
#9279 = ORIENTED_EDGE('',*,*,#1745,.F.);
#9280 = PLANE('',#9281);
#9281 = AXIS2_PLACEMENT_3D('',#9282,#9283,#9284);
#9282 = CARTESIAN_POINT('',(-0.19999975,-0.6,5.99));
#9283 = DIRECTION('',(-1.,1.224646799147E-16,0.));
#9284 = DIRECTION('',(-1.359631073447E-32,-1.110223024625E-16,1.));
#9285 = ADVANCED_FACE('',(#9286),#9297,.T.);
#9286 = FACE_BOUND('',#9287,.T.);
#9287 = EDGE_LOOP('',(#9288,#9289,#9295,#9296));
#9288 = ORIENTED_EDGE('',*,*,#9221,.T.);
#9289 = ORIENTED_EDGE('',*,*,#9290,.T.);
#9290 = EDGE_CURVE('',#9214,#2406,#9291,.T.);
#9291 = LINE('',#9292,#9293);
#9292 = CARTESIAN_POINT('',(-1.38999975,-5.74,3.05));
#9293 = VECTOR('',#9294,1.);
#9294 = DIRECTION('',(1.224646799147E-16,1.,1.110223024625E-16));
#9295 = ORIENTED_EDGE('',*,*,#2405,.F.);
#9296 = ORIENTED_EDGE('',*,*,#1595,.T.);
#9297 = PLANE('',#9298);
#9298 = AXIS2_PLACEMENT_3D('',#9299,#9300,#9301);
#9299 = CARTESIAN_POINT('',(-1.38999975,-6.,3.05));
#9300 = DIRECTION('',(-1.359631073447E-32,-1.110223024625E-16,1.));
#9301 = DIRECTION('',(-1.,1.224646799147E-16,0.));
#9302 = ADVANCED_FACE('',(#9303),#9309,.T.);
#9303 = FACE_BOUND('',#9304,.T.);
#9304 = EDGE_LOOP('',(#9305,#9306,#9307,#9308));
#9305 = ORIENTED_EDGE('',*,*,#9188,.T.);
#9306 = ORIENTED_EDGE('',*,*,#2413,.T.);
#9307 = ORIENTED_EDGE('',*,*,#9290,.F.);
#9308 = ORIENTED_EDGE('',*,*,#9213,.F.);
#9309 = PLANE('',#9310);
#9310 = AXIS2_PLACEMENT_3D('',#9311,#9312,#9313);
#9311 = CARTESIAN_POINT('',(-1.38999975,-6.,2.75));
#9312 = DIRECTION('',(1.,-1.224646799147E-16,0.));
#9313 = DIRECTION('',(1.224646799147E-16,1.,1.110223024625E-16));
#9314 = ADVANCED_FACE('',(#9315),#9333,.T.);
#9315 = FACE_BOUND('',#9316,.T.);
#9316 = EDGE_LOOP('',(#9317,#9318,#9319,#9327));
#9317 = ORIENTED_EDGE('',*,*,#2171,.F.);
#9318 = ORIENTED_EDGE('',*,*,#2387,.T.);
#9319 = ORIENTED_EDGE('',*,*,#9320,.T.);
#9320 = EDGE_CURVE('',#2380,#9321,#9323,.T.);
#9321 = VERTEX_POINT('',#9322);
#9322 = CARTESIAN_POINT('',(4.70000025,-5.8,4.99));
#9323 = LINE('',#9324,#9325);
#9324 = CARTESIAN_POINT('',(4.70000025,-0.6,4.99));
#9325 = VECTOR('',#9326,1.);
#9326 = DIRECTION('',(-1.224646799147E-16,-1.,-1.110223024625E-16));
#9327 = ORIENTED_EDGE('',*,*,#9328,.F.);
#9328 = EDGE_CURVE('',#2172,#9321,#9329,.T.);
#9329 = LINE('',#9330,#9331);
#9330 = CARTESIAN_POINT('',(3.90000025,-5.8,4.99));
#9331 = VECTOR('',#9332,1.);
#9332 = DIRECTION('',(1.,-1.224646799147E-16,0.));
#9333 = PLANE('',#9334);
#9334 = AXIS2_PLACEMENT_3D('',#9335,#9336,#9337);
#9335 = CARTESIAN_POINT('',(3.90000025,-0.6,4.99));
#9336 = DIRECTION('',(1.359631073447E-32,1.110223024625E-16,-1.));
#9337 = DIRECTION('',(-1.224646799147E-16,-1.,-1.110223024625E-16));
#9338 = ADVANCED_FACE('',(#9339),#9350,.T.);
#9339 = FACE_BOUND('',#9340,.T.);
#9340 = EDGE_LOOP('',(#9341,#9342,#9348,#9349));
#9341 = ORIENTED_EDGE('',*,*,#9328,.T.);
#9342 = ORIENTED_EDGE('',*,*,#9343,.F.);
#9343 = EDGE_CURVE('',#1051,#9321,#9344,.T.);
#9344 = LINE('',#9345,#9346);
#9345 = CARTESIAN_POINT('',(4.50000025,-6.,5.19));
#9346 = VECTOR('',#9347,1.);
#9347 = DIRECTION('',(0.57735026919,0.57735026919,-0.57735026919));
#9348 = ORIENTED_EDGE('',*,*,#1050,.F.);
#9349 = ORIENTED_EDGE('',*,*,#2195,.T.);
#9350 = PLANE('',#9351);
#9351 = AXIS2_PLACEMENT_3D('',#9352,#9353,#9354);
#9352 = CARTESIAN_POINT('',(4.30000025,-5.9,5.09));
#9353 = DIRECTION('',(-8.659560562355E-17,-0.707106781187,
    -0.707106781187));
#9354 = DIRECTION('',(8.659560562355E-17,0.707106781187,-0.707106781187)
  );
#9355 = ADVANCED_FACE('',(#9356),#9372,.T.);
#9356 = FACE_BOUND('',#9357,.T.);
#9357 = EDGE_LOOP('',(#9358,#9364,#9370,#9371));
#9358 = ORIENTED_EDGE('',*,*,#9359,.T.);
#9359 = EDGE_CURVE('',#9321,#1828,#9360,.T.);
#9360 = LINE('',#9361,#9362);
#9361 = CARTESIAN_POINT('',(4.70000025,-5.8,4.99));
#9362 = VECTOR('',#9363,1.);
#9363 = DIRECTION('',(-1.359631073447E-32,-1.110223024625E-16,1.));
#9364 = ORIENTED_EDGE('',*,*,#9365,.F.);
#9365 = EDGE_CURVE('',#1059,#1828,#9366,.T.);
#9366 = LINE('',#9367,#9368);
#9367 = CARTESIAN_POINT('',(4.50000025,-6.,6.19));
#9368 = VECTOR('',#9369,1.);
#9369 = DIRECTION('',(0.57735026919,0.57735026919,-0.57735026919));
#9370 = ORIENTED_EDGE('',*,*,#1058,.F.);
#9371 = ORIENTED_EDGE('',*,*,#9343,.T.);
#9372 = PLANE('',#9373);
#9373 = AXIS2_PLACEMENT_3D('',#9374,#9375,#9376);
#9374 = CARTESIAN_POINT('',(4.60000025,-5.9,5.49));
#9375 = DIRECTION('',(0.707106781187,-0.707106781187,-7.850462293419E-17
    ));
#9376 = DIRECTION('',(0.707106781187,0.707106781187,7.850462293419E-17)
  );
#9377 = ADVANCED_FACE('',(#9378),#9384,.T.);
#9378 = FACE_BOUND('',#9379,.T.);
#9379 = EDGE_LOOP('',(#9380,#9381,#9382,#9383));
#9380 = ORIENTED_EDGE('',*,*,#9365,.T.);
#9381 = ORIENTED_EDGE('',*,*,#1842,.F.);
#9382 = ORIENTED_EDGE('',*,*,#1088,.F.);
#9383 = ORIENTED_EDGE('',*,*,#1066,.T.);
#9384 = PLANE('',#9385);
#9385 = AXIS2_PLACEMENT_3D('',#9386,#9387,#9388);
#9386 = CARTESIAN_POINT('',(5.32500025,-5.9,6.09));
#9387 = DIRECTION('',(-8.659560562355E-17,-0.707106781187,
    -0.707106781187));
#9388 = DIRECTION('',(8.659560562355E-17,0.707106781187,-0.707106781187)
  );
#9389 = ADVANCED_FACE('',(#9390),#9396,.T.);
#9390 = FACE_BOUND('',#9391,.T.);
#9391 = EDGE_LOOP('',(#9392,#9393,#9394,#9395));
#9392 = ORIENTED_EDGE('',*,*,#9359,.F.);
#9393 = ORIENTED_EDGE('',*,*,#9320,.F.);
#9394 = ORIENTED_EDGE('',*,*,#2379,.F.);
#9395 = ORIENTED_EDGE('',*,*,#1825,.T.);
#9396 = PLANE('',#9397);
#9397 = AXIS2_PLACEMENT_3D('',#9398,#9399,#9400);
#9398 = CARTESIAN_POINT('',(4.70000025,-0.6,4.99));
#9399 = DIRECTION('',(1.,-1.224646799147E-16,0.));
#9400 = DIRECTION('',(1.224646799147E-16,1.,1.110223024625E-16));
#9401 = ADVANCED_FACE('',(#9402),#9413,.T.);
#9402 = FACE_BOUND('',#9403,.T.);
#9403 = EDGE_LOOP('',(#9404,#9405,#9406,#9412));
#9404 = ORIENTED_EDGE('',*,*,#1256,.F.);
#9405 = ORIENTED_EDGE('',*,*,#2371,.T.);
#9406 = ORIENTED_EDGE('',*,*,#9407,.F.);
#9407 = EDGE_CURVE('',#1105,#2364,#9408,.T.);
#9408 = LINE('',#9409,#9410);
#9409 = CARTESIAN_POINT('',(5.89000025,-5.74,3.05));
#9410 = VECTOR('',#9411,1.);
#9411 = DIRECTION('',(1.224646799147E-16,1.,1.110223024625E-16));
#9412 = ORIENTED_EDGE('',*,*,#1104,.T.);
#9413 = PLANE('',#9414);
#9414 = AXIS2_PLACEMENT_3D('',#9415,#9416,#9417);
#9415 = CARTESIAN_POINT('',(5.95000025,-6.,3.05));
#9416 = DIRECTION('',(-1.359631073447E-32,-1.110223024625E-16,1.));
#9417 = DIRECTION('',(-1.,1.224646799147E-16,0.));
#9418 = ADVANCED_FACE('',(#9419),#9430,.T.);
#9419 = FACE_BOUND('',#9420,.T.);
#9420 = EDGE_LOOP('',(#9421,#9422,#9423,#9429));
#9421 = ORIENTED_EDGE('',*,*,#9407,.T.);
#9422 = ORIENTED_EDGE('',*,*,#2363,.T.);
#9423 = ORIENTED_EDGE('',*,*,#9424,.F.);
#9424 = EDGE_CURVE('',#1113,#2356,#9425,.T.);
#9425 = LINE('',#9426,#9427);
#9426 = CARTESIAN_POINT('',(5.89000025,-5.74,2.75));
#9427 = VECTOR('',#9428,1.);
#9428 = DIRECTION('',(1.224646799147E-16,1.,1.110223024625E-16));
#9429 = ORIENTED_EDGE('',*,*,#1112,.F.);
#9430 = PLANE('',#9431);
#9431 = AXIS2_PLACEMENT_3D('',#9432,#9433,#9434);
#9432 = CARTESIAN_POINT('',(5.89000025,-6.,3.05));
#9433 = DIRECTION('',(-1.,1.224646799147E-16,0.));
#9434 = DIRECTION('',(-1.359631073447E-32,-1.110223024625E-16,1.));
#9435 = ADVANCED_FACE('',(#9436),#9442,.T.);
#9436 = FACE_BOUND('',#9437,.T.);
#9437 = EDGE_LOOP('',(#9438,#9439,#9440,#9441));
#9438 = ORIENTED_EDGE('',*,*,#1120,.T.);
#9439 = ORIENTED_EDGE('',*,*,#9424,.T.);
#9440 = ORIENTED_EDGE('',*,*,#2355,.F.);
#9441 = ORIENTED_EDGE('',*,*,#1200,.T.);
#9442 = PLANE('',#9443);
#9443 = AXIS2_PLACEMENT_3D('',#9444,#9445,#9446);
#9444 = CARTESIAN_POINT('',(5.89000025,-6.,2.75));
#9445 = DIRECTION('',(1.359631073447E-32,1.110223024625E-16,-1.));
#9446 = DIRECTION('',(-1.224646799147E-16,-1.,-1.110223024625E-16));
#9447 = GEOMETRIC_CURVE_SET('',(#9448));
#9448 = TRIMMED_CURVE('',#9449,(#9454,PARAMETER_VALUE(0.)),(#9455,
    PARAMETER_VALUE(3.141592653589)),.T.,.PARAMETER.);
#9449 = CIRCLE('',#9450,0.55);
#9450 = AXIS2_PLACEMENT_3D('',#9451,#9452,#9453);
#9451 = CARTESIAN_POINT('',(-1.54999975,-1.85,-4.999999999999E-02));
#9452 = DIRECTION('',(1.359631073447E-32,1.110223024625E-16,-1.));
#9453 = DIRECTION('',(-1.,1.224646799147E-16,0.));
#9454 = CARTESIAN_POINT('',(-2.09999975,-1.85,-4.999999999999E-02));
#9455 = CARTESIAN_POINT('',(-0.99999975,-1.85,-4.999999999999E-02));
#9456 = GEOMETRIC_CURVE_SET('',(#9457));
#9457 = TRIMMED_CURVE('',#9458,(#9463,PARAMETER_VALUE(0.)),(#9464,
    PARAMETER_VALUE(3.141592653589)),.T.,.PARAMETER.);
#9458 = CIRCLE('',#9459,0.55);
#9459 = AXIS2_PLACEMENT_3D('',#9460,#9461,#9462);
#9460 = CARTESIAN_POINT('',(-1.54999975,-1.85,-4.999999999999E-02));
#9461 = DIRECTION('',(1.359631073447E-32,1.110223024625E-16,-1.));
#9462 = DIRECTION('',(1.,-1.224646799147E-16,0.));
#9463 = CARTESIAN_POINT('',(-0.99999975,-1.85,-4.999999999999E-02));
#9464 = CARTESIAN_POINT('',(-2.09999975,-1.85,-4.999999999999E-02));
#9465 = GEOMETRIC_CURVE_SET('',(#9466));
#9466 = TRIMMED_CURVE('',#9467,(#9472,PARAMETER_VALUE(0.)),(#9473,
    PARAMETER_VALUE(3.141592653589)),.T.,.PARAMETER.);
#9467 = CIRCLE('',#9468,0.55);
#9468 = AXIS2_PLACEMENT_3D('',#9469,#9470,#9471);
#9469 = CARTESIAN_POINT('',(6.05000025,-1.85,-4.999999999999E-02));
#9470 = DIRECTION('',(1.359631073447E-32,1.110223024625E-16,-1.));
#9471 = DIRECTION('',(-1.,1.224646799147E-16,0.));
#9472 = CARTESIAN_POINT('',(5.50000025,-1.85,-4.999999999999E-02));
#9473 = CARTESIAN_POINT('',(6.60000025,-1.85,-4.999999999999E-02));
#9474 = GEOMETRIC_CURVE_SET('',(#9475));
#9475 = TRIMMED_CURVE('',#9476,(#9481,PARAMETER_VALUE(0.)),(#9482,
    PARAMETER_VALUE(3.141592653589)),.T.,.PARAMETER.);
#9476 = CIRCLE('',#9477,0.55);
#9477 = AXIS2_PLACEMENT_3D('',#9478,#9479,#9480);
#9478 = CARTESIAN_POINT('',(6.05000025,-1.85,-4.999999999999E-02));
#9479 = DIRECTION('',(1.359631073447E-32,1.110223024625E-16,-1.));
#9480 = DIRECTION('',(1.,-1.224646799147E-16,0.));
#9481 = CARTESIAN_POINT('',(6.60000025,-1.85,-4.999999999999E-02));
#9482 = CARTESIAN_POINT('',(5.50000025,-1.85,-4.999999999999E-02));
#9483 = GEOMETRIC_CURVE_SET('',(#9484));
#9484 = TRIMMED_CURVE('',#9485,(#9490,PARAMETER_VALUE(0.)),(#9491,
    PARAMETER_VALUE(3.141592653589)),.T.,.PARAMETER.);
#9485 = CIRCLE('',#9486,0.35);
#9486 = AXIS2_PLACEMENT_3D('',#9487,#9488,#9489);
#9487 = CARTESIAN_POINT('',(1.50000025,-3.7,-4.999999999999E-02));
#9488 = DIRECTION('',(1.359631073447E-32,1.110223024625E-16,-1.));
#9489 = DIRECTION('',(-1.,1.224646799147E-16,0.));
#9490 = CARTESIAN_POINT('',(1.15000025,-3.7,-4.999999999999E-02));
#9491 = CARTESIAN_POINT('',(1.85000025,-3.7,-4.999999999999E-02));
#9492 = GEOMETRIC_CURVE_SET('',(#9493));
#9493 = TRIMMED_CURVE('',#9494,(#9499,PARAMETER_VALUE(0.)),(#9500,
    PARAMETER_VALUE(3.141592653589)),.T.,.PARAMETER.);
#9494 = CIRCLE('',#9495,0.35);
#9495 = AXIS2_PLACEMENT_3D('',#9496,#9497,#9498);
#9496 = CARTESIAN_POINT('',(1.50000025,-3.7,-4.999999999999E-02));
#9497 = DIRECTION('',(1.359631073447E-32,1.110223024625E-16,-1.));
#9498 = DIRECTION('',(1.,-1.224646799147E-16,0.));
#9499 = CARTESIAN_POINT('',(1.85000025,-3.7,-4.999999999999E-02));
#9500 = CARTESIAN_POINT('',(1.15000025,-3.7,-4.999999999999E-02));
#9501 = GEOMETRIC_CURVE_SET('',(#9502));
#9502 = TRIMMED_CURVE('',#9503,(#9508,PARAMETER_VALUE(0.)),(#9509,
    PARAMETER_VALUE(3.141592653589)),.T.,.PARAMETER.);
#9503 = CIRCLE('',#9504,0.35);
#9504 = AXIS2_PLACEMENT_3D('',#9505,#9506,#9507);
#9505 = CARTESIAN_POINT('',(4.50000025,-3.7,-4.999999999999E-02));
#9506 = DIRECTION('',(1.359631073447E-32,1.110223024625E-16,-1.));
#9507 = DIRECTION('',(-1.,1.224646799147E-16,0.));
#9508 = CARTESIAN_POINT('',(4.15000025,-3.7,-4.999999999999E-02));
#9509 = CARTESIAN_POINT('',(4.85000025,-3.7,-4.999999999999E-02));
#9510 = GEOMETRIC_CURVE_SET('',(#9511));
#9511 = TRIMMED_CURVE('',#9512,(#9517,PARAMETER_VALUE(0.)),(#9518,
    PARAMETER_VALUE(3.141592653589)),.T.,.PARAMETER.);
#9512 = CIRCLE('',#9513,0.35);
#9513 = AXIS2_PLACEMENT_3D('',#9514,#9515,#9516);
#9514 = CARTESIAN_POINT('',(4.50000025,-3.7,-4.999999999999E-02));
#9515 = DIRECTION('',(1.359631073447E-32,1.110223024625E-16,-1.));
#9516 = DIRECTION('',(1.,-1.224646799147E-16,0.));
#9517 = CARTESIAN_POINT('',(4.85000025,-3.7,-4.999999999999E-02));
#9518 = CARTESIAN_POINT('',(4.15000025,-3.7,-4.999999999999E-02));
#9519 = GEOMETRIC_CURVE_SET('',(#9520));
#9520 = TRIMMED_CURVE('',#9521,(#9526,PARAMETER_VALUE(0.)),(#9527,
    PARAMETER_VALUE(3.141592653589)),.T.,.PARAMETER.);
#9521 = CIRCLE('',#9522,0.35);
#9522 = AXIS2_PLACEMENT_3D('',#9523,#9524,#9525);
#9523 = CARTESIAN_POINT('',(2.500000007011E-07,0.,-4.999999999999E-02));
#9524 = DIRECTION('',(1.359631073447E-32,1.110223024625E-16,-1.));
#9525 = DIRECTION('',(-1.,1.224646799147E-16,0.));
#9526 = CARTESIAN_POINT('',(-0.34999975,0.,-4.999999999999E-02));
#9527 = CARTESIAN_POINT('',(0.35000025,2.078337502098E-13,
    -4.999999999999E-02));
#9528 = GEOMETRIC_CURVE_SET('',(#9529));
#9529 = TRIMMED_CURVE('',#9530,(#9535,PARAMETER_VALUE(0.)),(#9536,
    PARAMETER_VALUE(3.141592653589)),.T.,.PARAMETER.);
#9530 = CIRCLE('',#9531,0.35);
#9531 = AXIS2_PLACEMENT_3D('',#9532,#9533,#9534);
#9532 = CARTESIAN_POINT('',(2.500000007011E-07,0.,-4.999999999999E-02));
#9533 = DIRECTION('',(1.359631073447E-32,1.110223024625E-16,-1.));
#9534 = DIRECTION('',(1.,-1.224646799147E-16,0.));
#9535 = CARTESIAN_POINT('',(0.35000025,0.,-4.999999999999E-02));
#9536 = CARTESIAN_POINT('',(-0.34999975,-2.078337502098E-13,
    -4.999999999999E-02));
#9537 = GEOMETRIC_CURVE_SET('',(#9538));
#9538 = TRIMMED_CURVE('',#9539,(#9544,PARAMETER_VALUE(0.)),(#9545,
    PARAMETER_VALUE(3.141592653589)),.T.,.PARAMETER.);
#9539 = CIRCLE('',#9540,0.35);
#9540 = AXIS2_PLACEMENT_3D('',#9541,#9542,#9543);
#9541 = CARTESIAN_POINT('',(3.00000025,-4.440892098501E-16,
    -4.999999999999E-02));
#9542 = DIRECTION('',(1.359631073447E-32,1.110223024625E-16,-1.));
#9543 = DIRECTION('',(-1.,1.224646799147E-16,0.));
#9544 = CARTESIAN_POINT('',(2.65000025,-4.440892098501E-16,
    -4.999999999999E-02));
#9545 = CARTESIAN_POINT('',(3.35000025,2.07389661E-13,
    -4.999999999999E-02));
#9546 = GEOMETRIC_CURVE_SET('',(#9547));
#9547 = TRIMMED_CURVE('',#9548,(#9553,PARAMETER_VALUE(0.)),(#9554,
    PARAMETER_VALUE(3.141592653589)),.T.,.PARAMETER.);
#9548 = CIRCLE('',#9549,0.35);
#9549 = AXIS2_PLACEMENT_3D('',#9550,#9551,#9552);
#9550 = CARTESIAN_POINT('',(3.00000025,-4.440892098501E-16,
    -4.999999999999E-02));
#9551 = DIRECTION('',(1.359631073447E-32,1.110223024625E-16,-1.));
#9552 = DIRECTION('',(1.,-1.224646799147E-16,0.));
#9553 = CARTESIAN_POINT('',(3.35000025,-4.440892098501E-16,
    -4.999999999999E-02));
#9554 = CARTESIAN_POINT('',(2.65000025,-2.082778394197E-13,
    -4.999999999999E-02));
#9555 = GEOMETRIC_CURVE_SET('',(#9556));
#9556 = TRIMMED_CURVE('',#9557,(#9561,PARAMETER_VALUE(0.)),(#9562,
    PARAMETER_VALUE(0.550001074762)),.T.,.PARAMETER.);
#9557 = LINE('',#9558,#9559);
#9558 = CARTESIAN_POINT('',(-1.54999975,-1.85,-4.999999999999E-02));
#9559 = VECTOR('',#9560,1.);
#9560 = DIRECTION('',(1.359631073447E-32,1.110223024625E-16,-1.));
#9561 = CARTESIAN_POINT('',(-1.54999975,-1.85,-4.999999999999E-02));
#9562 = CARTESIAN_POINT('',(-1.54999975,-1.85,-0.600001074762));
#9563 = GEOMETRIC_CURVE_SET('',(#9564));
#9564 = TRIMMED_CURVE('',#9565,(#9569,PARAMETER_VALUE(0.)),(#9570,
    PARAMETER_VALUE(0.550001074762)),.T.,.PARAMETER.);
#9565 = LINE('',#9566,#9567);
#9566 = CARTESIAN_POINT('',(6.05000025,-1.85,-4.999999999999E-02));
#9567 = VECTOR('',#9568,1.);
#9568 = DIRECTION('',(1.359631073447E-32,1.110223024625E-16,-1.));
#9569 = CARTESIAN_POINT('',(6.05000025,-1.85,-4.999999999999E-02));
#9570 = CARTESIAN_POINT('',(6.05000025,-1.85,-0.600001074762));
#9571 = ( GEOMETRIC_REPRESENTATION_CONTEXT(3) 
GLOBAL_UNCERTAINTY_ASSIGNED_CONTEXT((#9575)) 
GLOBAL_UNIT_ASSIGNED_CONTEXT((#9572,#9573,#9574)) REPRESENTATION_CONTEXT
('Context #1','3D Context with UNIT and UNCERTAINTY') );
#9572 = ( LENGTH_UNIT() NAMED_UNIT(*) SI_UNIT(.MILLI.,.METRE.) );
#9573 = ( NAMED_UNIT(*) PLANE_ANGLE_UNIT() SI_UNIT($,.RADIAN.) );
#9574 = ( NAMED_UNIT(*) SI_UNIT($,.STERADIAN.) SOLID_ANGLE_UNIT() );
#9575 = UNCERTAINTY_MEASURE_WITH_UNIT(LENGTH_MEASURE(2.E-06),#9572,
  'distance_accuracy_value','confusion accuracy');
#9576 = PRODUCT_RELATED_PRODUCT_CATEGORY('part',$,(#7));
ENDSEC;
END-ISO-10303-21;
