#VRML V2.0 utf8
# Molex_CLIK-Mate_503175-0200_1x02-2MP_P1.50mm_Horizontal - Natural housing
# Generated by tools/molex_3d.py from the TraceParts STEP

Shape { # housing
  appearance Appearance { material Material {
    diffuseColor 0.870 0.810 0.670
    specularColor 1.000 1.000 0.920
    shininess 0.4
    ambientIntensity 0.3
  } }
  geometry IndexedFaceSet {
    coord Coordinate { point [
0.8056 -1.5551 -0.3763,
0.8046 -1.5551 -0.3817,
0.8046 -1.3583 -0.3817,
0.8056 -1.3583 -0.3763,
0.8064 -1.5551 -0.3708,
0.8064 -1.3583 -0.3708,
0.8069 -1.5551 -0.3654,
0.8069 -1.3583 -0.3654,
0.8072 -1.5551 -0.3598,
0.8072 -1.3583 -0.3598,
0.8073 -1.5551 -0.3543,
0.8073 -1.3583 -0.3543,
-0.2182 -0.0984 -0.3582,
-0.2182 0.0984 -0.3582,
-0.2181 0.0984 -0.3637,
-0.2181 -0.0984 -0.3637,
-0.2178 0.0984 -0.3693,
-0.2178 -0.0984 -0.3693,
-0.2172 0.0984 -0.3748,
-0.2172 -0.0984 -0.3748,
-0.2165 0.0984 -0.3803,
-0.2165 -0.0984 -0.3803,
-0.2155 0.0984 -0.3857,
-0.2155 -0.0984 -0.3857,
1.2165 -0.8851 -0.2756,
1.2146 -0.8655 -0.2953,
1.2213 -0.8646 -0.2953,
1.2078 -0.8660 -0.2953,
1.2011 -0.8661 -0.2953,
1.2318 -0.8828 -0.2756,
1.2279 -0.8635 -0.2953,
1.2345 -0.8620 -0.2953,
1.2184 -0.9047 -0.2559,
1.2011 -0.9252 -0.2362,
1.2299 -0.9231 -0.2362,
1.2203 -0.9242 -0.2362,
1.2107 -0.9250 -0.2362,
1.2468 -0.8790 -0.2756,
1.2410 -0.8602 -0.2953,
1.2475 -0.8581 -0.2953,
1.2356 -0.9021 -0.2559,
1.2489 -0.9193 -0.2362,
1.2395 -0.9214 -0.2362,
1.2613 -0.8738 -0.2756,
1.2538 -0.8557 -0.2953,
1.2600 -0.8529 -0.2953,
1.2525 -0.8979 -0.2559,
1.2674 -0.9137 -0.2362,
1.2582 -0.9167 -0.2362,
1.2753 -0.8672 -0.2756,
1.2660 -0.8499 -0.2953,
1.2719 -0.8465 -0.2953,
1.2688 -0.8920 -0.2559,
1.2852 -0.9063 -0.2362,
1.2764 -0.9102 -0.2362,
1.2885 -0.8593 -0.2756,
1.2776 -0.8429 -0.2953,
1.2831 -0.8390 -0.2953,
1.2846 -0.8846 -0.2559,
1.3023 -0.8972 -0.2362,
1.2938 -0.9020 -0.2362,
1.3010 -0.8501 -0.2756,
1.2885 -0.8349 -0.2953,
1.2936 -0.8304 -0.2953,
1.2995 -0.8757 -0.2559,
1.3183 -0.8865 -0.2362,
1.3104 -0.8920 -0.2362,
1.3124 -0.8397 -0.2756,
1.2985 -0.8258 -0.2953,
1.3031 -0.8209 -0.2953,
1.3134 -0.8653 -0.2559,
1.3332 -0.8742 -0.2362,
1.3259 -0.8805 -0.2362,
1.3228 -0.8282 -0.2756,
1.3076 -0.8158 -0.2953,
1.3117 -0.8104 -0.2953,
1.3263 -0.8536 -0.2559,
1.3469 -0.8605 -0.2362,
1.3402 -0.8675 -0.2362,
1.3320 -0.8158 -0.2756,
1.3156 -0.8049 -0.2953,
1.3192 -0.7992 -0.2953,
1.3380 -0.8407 -0.2559,
1.3592 -0.8456 -0.2362,
1.3532 -0.8532 -0.2362,
1.3399 -0.8026 -0.2756,
1.3226 -0.7933 -0.2953,
1.3256 -0.7873 -0.2953,
1.3484 -0.8268 -0.2559,
1.3699 -0.8295 -0.2362,
1.3647 -0.8377 -0.2362,
1.3465 -0.7886 -0.2756,
1.3284 -0.7811 -0.2953,
1.3308 -0.7748 -0.2953,
1.3573 -0.8119 -0.2559,
1.3790 -0.8125 -0.2362,
1.3747 -0.8211 -0.2362,
1.3517 -0.7741 -0.2756,
1.3329 -0.7683 -0.2953,
1.3347 -0.7618 -0.2953,
1.3647 -0.7961 -0.2559,
1.3864 -0.7947 -0.2362,
1.3829 -0.8037 -0.2362,
1.3555 -0.7591 -0.2756,
1.3362 -0.7552 -0.2953,
1.3374 -0.7486 -0.2953,
1.3706 -0.7798 -0.2559,
1.3920 -0.7762 -0.2362,
1.3894 -0.7855 -0.2362,
1.3578 -0.7438 -0.2756,
1.3387 -0.7351 -0.2953,
1.3388 -0.7283 -0.2953,
1.3382 -0.7419 -0.2953,
1.3748 -0.7629 -0.2559,
1.3958 -0.7572 -0.2362,
1.3941 -0.7668 -0.2362,
1.3774 -0.7457 -0.2559,
1.3979 -0.7283 -0.2362,
1.3977 -0.7380 -0.2362,
1.3970 -0.7476 -0.2362,
1.3578 -0.7129 -0.2756,
1.3382 -0.7148 -0.2953,
1.3374 -0.7081 -0.2953,
1.3387 -0.7216 -0.2953,
1.3388 -0.7283 -0.2953,
1.3555 -0.6976 -0.2756,
1.3362 -0.7015 -0.2953,
1.3347 -0.6949 -0.2953,
1.3774 -0.7110 -0.2559,
1.3958 -0.6995 -0.2362,
1.3970 -0.7091 -0.2362,
1.3977 -0.7187 -0.2362,
1.3979 -0.7283 -0.2362,
1.3517 -0.6826 -0.2756,
1.3329 -0.6883 -0.2953,
1.3308 -0.6819 -0.2953,
1.3748 -0.6938 -0.2559,
1.3920 -0.6805 -0.2362,
1.3941 -0.6899 -0.2362,
1.3465 -0.6681 -0.2756,
1.3284 -0.6756 -0.2953,
1.3256 -0.6694 -0.2953,
1.3706 -0.6769 -0.2559,
1.3864 -0.6620 -0.2362,
1.3894 -0.6712 -0.2362,
1.3399 -0.6541 -0.2756,
1.3226 -0.6634 -0.2953,
1.3192 -0.6575 -0.2953,
1.3647 -0.6605 -0.2559,
1.3790 -0.6442 -0.2362,
1.3829 -0.6530 -0.2362,
1.3320 -0.6409 -0.2756,
1.3156 -0.6518 -0.2953,
1.3117 -0.6463 -0.2953,
1.3573 -0.6448 -0.2559,
1.3699 -0.6271 -0.2362,
1.3747 -0.6356 -0.2362,
1.3228 -0.6284 -0.2756,
1.3076 -0.6409 -0.2953,
1.3031 -0.6358 -0.2953,
1.3484 -0.6299 -0.2559,
1.3592 -0.6111 -0.2362,
1.3647 -0.6190 -0.2362,
1.3124 -0.6170 -0.2756,
1.2985 -0.6309 -0.2953,
1.2936 -0.6262 -0.2953,
1.3380 -0.6160 -0.2559,
1.3469 -0.5961 -0.2362,
1.3532 -0.6035 -0.2362,
1.3010 -0.6066 -0.2756,
1.2885 -0.6218 -0.2953,
1.2831 -0.6177 -0.2953,
1.3263 -0.6031 -0.2559,
1.3332 -0.5825 -0.2362,
1.3402 -0.5892 -0.2362,
1.2885 -0.5974 -0.2756,
1.2776 -0.6138 -0.2953,
1.2719 -0.6102 -0.2953,
1.3134 -0.5914 -0.2559,
1.3183 -0.5702 -0.2362,
1.3259 -0.5762 -0.2362,
1.2753 -0.5895 -0.2756,
1.2660 -0.6068 -0.2953,
1.2600 -0.6038 -0.2953,
1.2995 -0.5810 -0.2559,
1.3023 -0.5595 -0.2362,
1.3104 -0.5647 -0.2362,
1.2613 -0.5829 -0.2756,
1.2538 -0.6010 -0.2953,
1.2475 -0.5986 -0.2953,
1.2846 -0.5721 -0.2559,
1.2852 -0.5504 -0.2362,
1.2938 -0.5547 -0.2362,
1.2468 -0.5776 -0.2756,
1.2410 -0.5965 -0.2953,
1.2345 -0.5947 -0.2953,
1.2688 -0.5647 -0.2559,
1.2674 -0.5430 -0.2362,
1.2764 -0.5465 -0.2362,
1.2318 -0.5739 -0.2756,
1.2279 -0.5932 -0.2953,
1.2213 -0.5920 -0.2953,
1.2525 -0.5588 -0.2559,
1.2489 -0.5374 -0.2362,
1.2582 -0.5400 -0.2362,
1.2165 -0.5716 -0.2756,
1.2011 -0.5906 -0.2953,
1.2011 -0.5315 -0.2362,
1.2078 -0.5907 -0.2953,
1.2146 -0.5912 -0.2953,
1.2356 -0.5546 -0.2559,
1.2299 -0.5336 -0.2362,
1.2395 -0.5353 -0.2362,
1.2184 -0.5520 -0.2559,
1.2107 -0.5317 -0.2362,
1.2203 -0.5324 -0.2362,
-0.4533 -0.7129 -0.2756,
-0.4728 -0.7148 -0.2953,
-0.4737 -0.7081 -0.2953,
-0.4723 -0.7216 -0.2953,
-0.4722 -0.7283 -0.2953,
-0.4555 -0.6976 -0.2756,
-0.4748 -0.7015 -0.2953,
-0.4763 -0.6949 -0.2953,
-0.4337 -0.7110 -0.2559,
-0.4153 -0.6995 -0.2362,
-0.4141 -0.7091 -0.2362,
-0.4134 -0.7187 -0.2362,
-0.4131 -0.7283 -0.2362,
-0.4593 -0.6826 -0.2756,
-0.4781 -0.6883 -0.2953,
-0.4802 -0.6819 -0.2953,
-0.4362 -0.6938 -0.2559,
-0.4190 -0.6805 -0.2362,
-0.4169 -0.6899 -0.2362,
-0.4645 -0.6681 -0.2756,
-0.4827 -0.6756 -0.2953,
-0.4854 -0.6694 -0.2953,
-0.4404 -0.6769 -0.2559,
-0.4246 -0.6620 -0.2362,
-0.4216 -0.6712 -0.2362,
-0.4711 -0.6541 -0.2756,
-0.4885 -0.6634 -0.2953,
-0.4918 -0.6575 -0.2953,
-0.4463 -0.6605 -0.2559,
-0.4320 -0.6442 -0.2362,
-0.4281 -0.6530 -0.2362,
-0.4790 -0.6409 -0.2756,
-0.4954 -0.6518 -0.2953,
-0.4993 -0.6463 -0.2953,
-0.4537 -0.6448 -0.2559,
-0.4411 -0.6271 -0.2362,
-0.4364 -0.6356 -0.2362,
-0.4882 -0.6284 -0.2756,
-0.5035 -0.6409 -0.2953,
-0.5079 -0.6358 -0.2953,
-0.4627 -0.6299 -0.2559,
-0.4519 -0.6111 -0.2362,
-0.4463 -0.6190 -0.2362,
-0.4986 -0.6170 -0.2756,
-0.5125 -0.6309 -0.2953,
-0.5174 -0.6262 -0.2953,
-0.4730 -0.6160 -0.2559,
-0.4641 -0.5961 -0.2362,
-0.4578 -0.6035 -0.2362,
-0.5101 -0.6066 -0.2756,
-0.5226 -0.6218 -0.2953,
-0.5279 -0.6177 -0.2953,
-0.4847 -0.6031 -0.2559,
-0.4778 -0.5825 -0.2362,
-0.4708 -0.5892 -0.2362,
-0.5225 -0.5974 -0.2756,
-0.5334 -0.6138 -0.2953,
-0.5391 -0.6102 -0.2953,
-0.4976 -0.5914 -0.2559,
-0.4927 -0.5702 -0.2362,
-0.4851 -0.5762 -0.2362,
-0.5357 -0.5895 -0.2756,
-0.5450 -0.6068 -0.2953,
-0.5511 -0.6038 -0.2953,
-0.5115 -0.5810 -0.2559,
-0.5088 -0.5595 -0.2362,
-0.5006 -0.5647 -0.2362,
-0.5497 -0.5829 -0.2756,
-0.5572 -0.6010 -0.2953,
-0.5636 -0.5986 -0.2953,
-0.5265 -0.5721 -0.2559,
-0.5258 -0.5504 -0.2362,
-0.5172 -0.5547 -0.2362,
-0.5643 -0.5776 -0.2756,
-0.5700 -0.5965 -0.2953,
-0.5765 -0.5947 -0.2953,
-0.5422 -0.5647 -0.2559,
-0.5437 -0.5430 -0.2362,
-0.5346 -0.5465 -0.2362,
-0.5793 -0.5739 -0.2756,
-0.5831 -0.5932 -0.2953,
-0.5898 -0.5920 -0.2953,
-0.5585 -0.5588 -0.2559,
-0.5621 -0.5374 -0.2362,
-0.5528 -0.5400 -0.2362,
-0.5945 -0.5716 -0.2756,
-0.6100 -0.5906 -0.2953,
-0.6100 -0.5315 -0.2362,
-0.6032 -0.5907 -0.2953,
-0.5965 -0.5912 -0.2953,
-0.5754 -0.5546 -0.2559,
-0.5811 -0.5336 -0.2362,
-0.5716 -0.5353 -0.2362,
-0.5926 -0.5520 -0.2559,
-0.6003 -0.5317 -0.2362,
-0.5907 -0.5324 -0.2362,
-0.5945 -0.8851 -0.2756,
-0.5965 -0.8655 -0.2953,
-0.5898 -0.8646 -0.2953,
-0.6032 -0.8660 -0.2953,
-0.6100 -0.8661 -0.2953,
-0.5793 -0.8828 -0.2756,
-0.5831 -0.8635 -0.2953,
-0.5765 -0.8620 -0.2953,
-0.5926 -0.9047 -0.2559,
-0.6100 -0.9252 -0.2362,
-0.5811 -0.9231 -0.2362,
-0.5907 -0.9242 -0.2362,
-0.6003 -0.9250 -0.2362,
-0.5643 -0.8790 -0.2756,
-0.5700 -0.8602 -0.2953,
-0.5636 -0.8581 -0.2953,
-0.5754 -0.9021 -0.2559,
-0.5621 -0.9193 -0.2362,
-0.5716 -0.9214 -0.2362,
-0.5497 -0.8738 -0.2756,
-0.5572 -0.8557 -0.2953,
-0.5511 -0.8529 -0.2953,
-0.5585 -0.8979 -0.2559,
-0.5437 -0.9137 -0.2362,
-0.5528 -0.9167 -0.2362,
-0.5357 -0.8672 -0.2756,
-0.5450 -0.8499 -0.2953,
-0.5391 -0.8465 -0.2953,
-0.5422 -0.8920 -0.2559,
-0.5258 -0.9063 -0.2362,
-0.5346 -0.9102 -0.2362,
-0.5225 -0.8593 -0.2756,
-0.5334 -0.8429 -0.2953,
-0.5279 -0.8390 -0.2953,
-0.5265 -0.8846 -0.2559,
-0.5088 -0.8972 -0.2362,
-0.5172 -0.9020 -0.2362,
-0.5101 -0.8501 -0.2756,
-0.5226 -0.8349 -0.2953,
-0.5174 -0.8304 -0.2953,
-0.5115 -0.8757 -0.2559,
-0.4927 -0.8865 -0.2362,
-0.5006 -0.8920 -0.2362,
-0.4986 -0.8397 -0.2756,
-0.5125 -0.8258 -0.2953,
-0.5079 -0.8209 -0.2953,
-0.4976 -0.8653 -0.2559,
-0.4778 -0.8742 -0.2362,
-0.4851 -0.8805 -0.2362,
-0.4882 -0.8282 -0.2756,
-0.5035 -0.8158 -0.2953,
-0.4993 -0.8104 -0.2953,
-0.4847 -0.8536 -0.2559,
-0.4641 -0.8605 -0.2362,
-0.4708 -0.8675 -0.2362,
-0.4790 -0.8158 -0.2756,
-0.4954 -0.8049 -0.2953,
-0.4918 -0.7992 -0.2953,
-0.4730 -0.8407 -0.2559,
-0.4519 -0.8456 -0.2362,
-0.4578 -0.8532 -0.2362,
-0.4711 -0.8026 -0.2756,
-0.4885 -0.7933 -0.2953,
-0.4854 -0.7873 -0.2953,
-0.4627 -0.8268 -0.2559,
-0.4411 -0.8295 -0.2362,
-0.4463 -0.8377 -0.2362,
-0.4645 -0.7886 -0.2756,
-0.4827 -0.7811 -0.2953,
-0.4802 -0.7748 -0.2953,
-0.4537 -0.8119 -0.2559,
-0.4320 -0.8125 -0.2362,
-0.4364 -0.8211 -0.2362,
-0.4593 -0.7741 -0.2756,
-0.4781 -0.7683 -0.2953,
-0.4763 -0.7618 -0.2953,
-0.4463 -0.7961 -0.2559,
-0.4246 -0.7947 -0.2362,
-0.4281 -0.8037 -0.2362,
-0.4555 -0.7591 -0.2756,
-0.4748 -0.7552 -0.2953,
-0.4737 -0.7486 -0.2953,
-0.4404 -0.7798 -0.2559,
-0.4190 -0.7762 -0.2362,
-0.4216 -0.7855 -0.2362,
-0.4533 -0.7438 -0.2756,
-0.4723 -0.7351 -0.2953,
-0.4722 -0.7283 -0.2953,
-0.4728 -0.7419 -0.2953,
-0.4362 -0.7629 -0.2559,
-0.4153 -0.7572 -0.2362,
-0.4169 -0.7668 -0.2362,
-0.4337 -0.7457 -0.2559,
-0.4131 -0.7283 -0.2362,
-0.4134 -0.7380 -0.2362,
-0.4141 -0.7476 -0.2362,
-0.2950 0.1772 1.3937,
-0.8659 0.1772 -0.0197,
-0.8659 0.1772 2.1457,
1.4570 0.1772 2.1457,
0.8861 0.1772 1.3937,
-0.2950 0.1772 -0.0197,
1.4570 0.1772 -0.0197,
0.8861 0.1772 -0.0197,
-0.8659 0.1772 2.1457,
-0.8659 -0.0787 2.1457,
1.4570 0.1772 2.1457,
1.4570 -0.0787 2.1457,
1.4570 -2.4409 0.8622,
1.4570 -2.5984 0.8622,
1.4570 -2.6772 0.7835,
1.4570 -2.6772 -0.0197,
1.4570 -2.3622 0.9409,
1.4570 -0.7283 1.0531,
1.4570 -2.3622 1.0531,
1.4570 0.1772 -0.0197,
1.4570 -0.7283 1.6437,
1.4570 -2.3622 2.7165,
1.4570 -2.3622 1.6437,
1.4570 -0.0787 2.1457,
1.4570 0.1772 2.1457,
1.4570 -0.0787 2.7165,
-0.7871 -0.7283 1.0531,
-0.7871 -0.7283 1.6437,
-0.8659 -0.7283 1.6437,
-0.8659 -0.7283 1.0531,
1.4570 -0.7283 1.0531,
1.4570 -0.7283 1.6437,
1.3782 -0.7283 1.6437,
1.3782 -0.7283 1.0531,
-0.8659 -2.4409 0.8622,
-0.8659 -2.6772 -0.0197,
-0.8659 -2.6772 0.7835,
-0.8659 -2.5984 0.8622,
-0.8659 -2.3622 0.9409,
-0.8659 -0.7283 1.0531,
-0.8659 0.1772 -0.0197,
-0.8659 -2.3622 1.0531,
-0.8659 -0.7283 1.6437,
-0.8659 -2.3622 1.6437,
-0.8659 -2.3622 2.7165,
-0.8659 -0.0787 2.1457,
-0.8659 0.1772 2.1457,
-0.8659 -0.0787 2.7165,
-0.8659 -0.7283 1.0531,
-0.8659 -2.3622 1.0531,
-0.7871 -0.7283 1.0531,
-0.7871 -2.3622 1.0531,
-0.7871 -2.3622 1.6437,
-0.7871 -0.7283 1.6437,
-0.7871 -2.3622 1.0531,
-0.7871 -0.7283 1.0531,
1.4570 -2.3622 1.0531,
1.3782 -2.3622 1.0531,
1.4570 -2.3622 0.9409,
1.1617 -2.3622 0.9409,
1.2404 -2.3622 1.0827,
1.1617 -2.3622 1.0827,
1.2404 -2.3622 1.2008,
1.3782 -2.3622 1.6437,
1.1617 -2.3622 1.2008,
1.4570 -2.3622 1.6437,
1.1617 -2.3622 2.3583,
1.4570 -2.3622 2.7165,
0.8664 -2.3622 2.3583,
-0.5706 -2.3622 1.0827,
-0.6493 -2.3622 1.0827,
-0.5706 -2.3622 0.9409,
0.5514 -2.3622 2.3583,
0.8664 -2.3622 1.9646,
0.5514 -2.3622 1.9646,
-0.7871 -2.3622 1.0531,
-0.8659 -2.3622 0.9409,
-0.6493 -2.3622 1.2008,
-0.8659 -2.3622 1.0531,
0.0396 -2.3622 1.9646,
0.0396 -2.3622 2.3583,
-0.2753 -2.3622 1.9646,
-0.5706 -2.3622 1.2008,
-0.7871 -2.3622 1.6437,
-0.2753 -2.3622 2.3583,
-0.5706 -2.3622 2.3583,
-0.8659 -2.3622 1.6437,
-0.8659 -2.3622 2.7165,
1.1617 -2.2835 1.0827,
1.1617 -2.2835 1.2008,
1.1381 -2.2598 1.2008,
1.1381 -2.2598 1.0827,
1.2404 -2.3622 1.0827,
1.2404 -2.3622 1.2008,
1.1381 -2.2598 1.0827,
1.1381 -0.2362 1.0827,
1.1617 -0.2362 1.0827,
1.1617 -2.2835 1.0827,
1.1617 -2.3622 1.2008,
1.1617 -2.3622 2.3583,
1.1617 -2.2835 1.2008,
1.1617 -0.2362 2.3583,
1.1617 -0.2362 1.2008,
1.1617 -2.6772 0.7835,
1.1617 -2.4007 0.5472,
1.1617 -2.6772 0.3898,
1.1617 -2.5984 0.8622,
1.1617 -2.4409 0.8622,
1.1617 -2.3622 0.9409,
1.1617 -2.3622 1.0827,
1.1617 -2.2835 1.0827,
1.1617 -0.2362 0.5472,
1.1617 -0.2362 1.0827,
1.2404 -2.3622 1.2008,
1.1617 -2.3622 1.2008,
1.1617 -2.2835 1.2008,
1.1381 -2.2598 1.2008,
1.1617 -0.2362 1.2008,
1.1381 -0.2362 1.2008,
1.1617 -2.2835 1.2008,
1.1381 -0.2362 1.2008,
1.1381 -0.2362 1.0827,
1.1381 -2.2598 1.0827,
1.1381 -2.2598 1.2008,
1.1617 -0.2362 0.5472,
0.9451 -0.2362 0.5669,
0.9451 -0.2362 0.5472,
1.1617 -0.2362 1.0827,
1.1381 -0.2362 1.0827,
0.8270 -0.2362 0.5669,
1.1617 -0.2362 1.2008,
0.8270 -0.2362 1.4961,
1.1381 -0.2362 1.2008,
0.8664 -0.2362 1.9646,
-0.3541 -0.2362 0.5669,
-0.5706 -0.2362 0.5472,
-0.3541 -0.2362 0.5472,
1.1617 -0.2362 2.3583,
0.5514 -0.2362 1.9646,
0.8664 -0.2362 2.3583,
-0.2360 -0.2362 0.5669,
-0.5470 -0.2362 1.0827,
-0.5706 -0.2362 1.0827,
-0.2360 -0.2362 1.4961,
-0.5470 -0.2362 1.2008,
-0.5706 -0.2362 1.2008,
0.0396 -0.2362 1.9646,
-0.2753 -0.2362 1.9646,
0.5514 -0.2362 2.3583,
0.0396 -0.2362 2.3583,
-0.2753 -0.2362 2.3583,
-0.5706 -0.2362 2.3583,
-0.3541 -0.2362 0.5669,
-0.3541 -0.2362 0.5472,
-0.3541 -2.3661 0.5669,
-0.3541 -2.4007 0.5472,
-0.5706 -0.2362 0.5472,
-0.5706 -2.4007 0.5472,
-0.3541 -0.2362 0.5472,
-0.3541 -2.4007 0.5472,
0.6400 -0.6417 0.5472,
0.6400 -1.5927 0.5472,
0.8270 -0.6417 0.5472,
0.0495 -0.6417 0.5472,
0.5416 -1.5927 0.5472,
0.5416 -0.6417 0.5472,
0.0495 -1.5927 0.5472,
0.8270 -2.4007 0.5472,
-0.2360 -0.6417 0.5472,
-0.0489 -1.5927 0.5472,
-0.0489 -0.6417 0.5472,
-0.2360 -2.4007 0.5472,
0.9451 -0.2362 0.5472,
0.9451 -2.4007 0.5472,
1.1617 -0.2362 0.5472,
1.1617 -2.4007 0.5472,
-0.5706 -2.4007 0.5472,
-0.5706 -2.6772 0.3898,
-0.3541 -2.4007 0.5472,
-0.2360 -2.4007 0.5472,
-0.3541 -2.3661 0.5669,
-0.2360 -2.3661 0.5669,
0.8270 -2.4007 0.5472,
0.9451 -2.3661 0.5669,
0.8270 -2.3661 0.5669,
0.9451 -2.4007 0.5472,
1.1617 -2.6772 0.3898,
1.1617 -2.4007 0.5472,
-0.5706 -2.6772 0.3898,
-0.5706 -2.6772 0.7835,
-0.8659 -2.6772 0.7835,
-0.8659 -2.6772 -0.0197,
1.1617 -2.6772 0.3898,
1.4570 -2.6772 0.7835,
1.1617 -2.6772 0.7835,
1.4570 -2.6772 -0.0197,
-0.8659 -2.6772 0.7835,
-0.5706 -2.6772 0.7835,
-0.8659 -2.5984 0.8622,
-0.5706 -2.5984 0.8622,
1.1617 -2.6772 0.7835,
1.4570 -2.6772 0.7835,
1.1617 -2.5984 0.8622,
1.4570 -2.5984 0.8622,
-0.5706 -2.4007 0.5472,
-0.5706 -2.6772 0.7835,
-0.5706 -2.6772 0.3898,
-0.5706 -2.4409 0.8622,
-0.5706 -2.5984 0.8622,
-0.5706 -2.3622 0.9409,
-0.5706 -2.2835 1.0827,
-0.5706 -2.3622 1.0827,
-0.5706 -0.2362 0.5472,
-0.5706 -0.2362 1.0827,
-0.5706 -2.3622 2.3583,
-0.5706 -2.3622 1.2008,
-0.5706 -2.2835 1.2008,
-0.5706 -0.2362 2.3583,
-0.5706 -0.2362 1.2008,
-0.5706 -2.2835 1.0827,
-0.6493 -2.3622 1.0827,
-0.5706 -2.3622 1.0827,
-0.5706 -2.2835 1.2008,
-0.6493 -2.3622 1.2008,
-0.6493 -2.3622 1.0827,
-0.5706 -2.2835 1.0827,
-0.5470 -2.2598 1.2008,
-0.5470 -2.2598 1.0827,
-0.5470 -2.2598 1.2008,
-0.5470 -0.2362 1.2008,
-0.5706 -0.2362 1.2008,
-0.5706 -2.2835 1.2008,
-0.5470 -0.2362 1.2008,
-0.5470 -2.2598 1.0827,
-0.5470 -0.2362 1.0827,
-0.5470 -2.2598 1.2008,
-0.5470 -2.2598 1.0827,
-0.5706 -0.2362 1.0827,
-0.5470 -0.2362 1.0827,
-0.5706 -2.2835 1.0827,
-0.5706 -2.3622 1.2008,
-0.6493 -2.3622 1.2008,
-0.5706 -2.2835 1.2008,
-0.5706 -2.4409 0.8622,
-0.8659 -2.5984 0.8622,
-0.5706 -2.5984 0.8622,
-0.8659 -2.4409 0.8622,
1.1617 -2.4409 0.8622,
1.1617 -2.5984 0.8622,
1.4570 -2.4409 0.8622,
1.4570 -2.5984 0.8622,
-0.8659 -2.4409 0.8622,
-0.5706 -2.4409 0.8622,
-0.8659 -2.3622 0.9409,
-0.5706 -2.3622 0.9409,
1.1617 -2.4409 0.8622,
1.4570 -2.4409 0.8622,
1.1617 -2.3622 0.9409,
1.4570 -2.3622 0.9409,
-0.2753 -1.1220 2.3583,
-0.4131 -1.1220 2.3583,
-0.2753 -0.2362 2.3583,
-0.5706 -0.2362 2.3583,
-0.2753 -1.7598 2.3583,
-0.2753 -2.3622 2.3583,
-0.2950 -1.7598 2.3583,
-0.3237 -1.7563 2.3583,
-0.3293 -1.7548 2.3583,
-0.3181 -1.7576 2.3583,
-0.3123 -1.7586 2.3583,
-0.3066 -1.7593 2.3583,
-0.3008 -1.7597 2.3583,
-0.4130 -1.6475 2.3583,
-0.5706 -2.3622 2.3583,
-0.4131 -1.6417 2.3583,
-0.4126 -1.6533 2.3583,
-0.4118 -1.6591 2.3583,
-0.4109 -1.6648 2.3583,
-0.4096 -1.6704 2.3583,
-0.4080 -1.6760 2.3583,
-0.4062 -1.6815 2.3583,
-0.4041 -1.6869 2.3583,
-0.4018 -1.6922 2.3583,
-0.3992 -1.6974 2.3583,
-0.3963 -1.7025 2.3583,
-0.3932 -1.7074 2.3583,
-0.3899 -1.7121 2.3583,
-0.3863 -1.7167 2.3583,
-0.3825 -1.7211 2.3583,
-0.3785 -1.7252 2.3583,
-0.3743 -1.7292 2.3583,
-0.3699 -1.7330 2.3583,
-0.3654 -1.7366 2.3583,
-0.3606 -1.7399 2.3583,
-0.3557 -1.7430 2.3583,
-0.3507 -1.7459 2.3583,
-0.3455 -1.7485 2.3583,
-0.3402 -1.7509 2.3583,
-0.3348 -1.7529 2.3583,
0.5514 -1.1220 2.3583,
0.0396 -1.1220 2.3583,
0.5514 -0.2362 2.3583,
0.0396 -0.2362 2.3583,
1.1617 -0.2362 2.3583,
1.0042 -1.1220 2.3583,
0.8664 -0.2362 2.3583,
0.8664 -1.1220 2.3583,
0.9259 -1.7529 2.3583,
1.1617 -2.3622 2.3583,
0.9204 -1.7548 2.3583,
0.9313 -1.7509 2.3583,
0.9366 -1.7485 2.3583,
0.9418 -1.7459 2.3583,
0.9468 -1.7430 2.3583,
0.9517 -1.7399 2.3583,
0.9564 -1.7366 2.3583,
0.9610 -1.7330 2.3583,
0.9654 -1.7292 2.3583,
0.9696 -1.7252 2.3583,
0.9736 -1.7211 2.3583,
0.9774 -1.7167 2.3583,
0.9810 -1.7121 2.3583,
0.9843 -1.7074 2.3583,
0.9874 -1.7025 2.3583,
0.9903 -1.6974 2.3583,
0.9929 -1.6922 2.3583,
0.9952 -1.6869 2.3583,
0.9973 -1.6815 2.3583,
0.9991 -1.6760 2.3583,
1.0007 -1.6704 2.3583,
1.0019 -1.6648 2.3583,
1.0029 -1.6591 2.3583,
1.0036 -1.6533 2.3583,
1.0041 -1.6475 2.3583,
1.0042 -1.6417 2.3583,
0.8919 -1.7597 2.3583,
0.8664 -2.3622 2.3583,
0.8861 -1.7598 2.3583,
0.8977 -1.7593 2.3583,
0.9034 -1.7586 2.3583,
0.9091 -1.7576 2.3583,
0.9148 -1.7563 2.3583,
0.8664 -1.7598 2.3583,
0.5514 -2.3622 2.3583,
0.0396 -2.3622 2.3583,
0.5514 -1.7598 2.3583,
0.0396 -1.7598 2.3583,
-0.2753 -1.7598 2.3583,
-0.2753 -2.3622 1.9646,
-0.2753 -2.3622 2.3583,
-0.2753 -1.1220 2.3583,
-0.2753 -0.2362 1.9646,
-0.2753 -0.2362 2.3583,
-0.2753 -1.7598 2.3583,
0.0396 -1.7598 2.3583,
0.0396 -1.1220 2.3583,
-0.2753 -1.1220 2.3583,
1.0042 -1.1220 2.3583,
1.0042 -1.1220 2.7165,
0.8664 -1.1220 2.3583,
0.5514 -1.1220 2.3583,
-0.4131 -1.1220 2.7165,
0.0396 -1.1220 2.3583,
-0.2753 -1.1220 2.3583,
-0.4131 -1.1220 2.3583,
0.5514 -1.7598 2.3583,
0.8664 -1.1220 2.3583,
0.5514 -1.1220 2.3583,
0.8664 -1.7598 2.3583,
0.8664 -1.7598 2.3583,
0.8664 -2.3622 2.3583,
0.8664 -2.3622 1.9646,
0.8664 -1.1220 2.3583,
0.8664 -0.2362 1.9646,
0.8664 -0.2362 2.3583,
0.5514 -2.3622 1.9646,
0.8664 -0.2362 1.9646,
0.8664 -2.3622 1.9646,
0.5514 -0.2362 1.9646,
-0.2950 -1.7598 2.7165,
-0.2753 -1.7598 2.3583,
-0.2950 -1.7598 2.3583,
0.0396 -1.7598 2.3583,
0.8861 -1.7598 2.7165,
0.5514 -1.7598 2.3583,
0.8664 -1.7598 2.3583,
0.8861 -1.7598 2.3583,
1.0042 -1.6417 2.7165,
1.0041 -1.6475 2.3583,
1.0041 -1.6475 2.7165,
1.0042 -1.6417 2.3583,
1.0036 -1.6533 2.3583,
1.0036 -1.6533 2.7165,
1.0029 -1.6591 2.3583,
1.0029 -1.6591 2.7165,
1.0019 -1.6648 2.3583,
1.0019 -1.6648 2.7165,
1.0007 -1.6704 2.7165,
1.0007 -1.6704 2.3583,
0.9991 -1.6760 2.7165,
0.9991 -1.6760 2.3583,
0.9973 -1.6815 2.3583,
0.9973 -1.6815 2.7165,
0.9952 -1.6869 2.3583,
0.9952 -1.6869 2.7165,
0.9929 -1.6922 2.3583,
0.9929 -1.6922 2.7165,
0.9903 -1.6974 2.3583,
0.9903 -1.6974 2.7165,
0.9874 -1.7025 2.7165,
0.9874 -1.7025 2.3583,
0.9843 -1.7074 2.7165,
0.9843 -1.7074 2.3583,
0.9810 -1.7121 2.7165,
0.9810 -1.7121 2.3583,
0.9774 -1.7167 2.7165,
0.9774 -1.7167 2.3583,
0.9736 -1.7211 2.7165,
0.9736 -1.7211 2.3583,
0.9696 -1.7252 2.7165,
0.9696 -1.7252 2.3583,
0.9654 -1.7292 2.3583,
0.9654 -1.7292 2.7165,
0.9610 -1.7330 2.3583,
0.9610 -1.7330 2.7165,
0.9564 -1.7366 2.3583,
0.9564 -1.7366 2.7165,
0.9517 -1.7399 2.3583,
0.9517 -1.7399 2.7165,
0.9468 -1.7430 2.3583,
0.9468 -1.7430 2.7165,
0.9418 -1.7459 2.3583,
0.9418 -1.7459 2.7165,
0.9366 -1.7485 2.3583,
0.9366 -1.7485 2.7165,
0.9313 -1.7509 2.3583,
0.9313 -1.7509 2.7165,
0.9259 -1.7529 2.3583,
0.9259 -1.7529 2.7165,
0.9204 -1.7548 2.3583,
0.9204 -1.7548 2.7165,
0.9148 -1.7563 2.3583,
0.9148 -1.7563 2.7165,
0.9091 -1.7576 2.3583,
0.9091 -1.7576 2.7165,
0.9034 -1.7586 2.3583,
0.9034 -1.7586 2.7165,
0.8977 -1.7593 2.3583,
0.8977 -1.7593 2.7165,
0.8919 -1.7597 2.3583,
0.8919 -1.7597 2.7165,
0.8861 -1.7598 2.3583,
0.8861 -1.7598 2.7165,
1.4570 -2.3622 2.7165,
1.0042 -1.1220 2.7165,
1.0042 -1.6417 2.7165,
0.8919 -1.7597 2.7165,
0.8861 -1.7598 2.7165,
0.8977 -1.7593 2.7165,
0.9034 -1.7586 2.7165,
0.9091 -1.7576 2.7165,
0.9148 -1.7563 2.7165,
0.9204 -1.7548 2.7165,
0.9259 -1.7529 2.7165,
0.9313 -1.7509 2.7165,
0.9366 -1.7485 2.7165,
0.9418 -1.7459 2.7165,
0.9468 -1.7430 2.7165,
0.9517 -1.7399 2.7165,
0.9564 -1.7366 2.7165,
0.9610 -1.7330 2.7165,
0.9654 -1.7292 2.7165,
0.9696 -1.7252 2.7165,
0.9736 -1.7211 2.7165,
0.9774 -1.7167 2.7165,
0.9810 -1.7121 2.7165,
0.9843 -1.7074 2.7165,
0.9874 -1.7025 2.7165,
0.9903 -1.6974 2.7165,
0.9929 -1.6922 2.7165,
0.9952 -1.6869 2.7165,
0.9973 -1.6815 2.7165,
0.9991 -1.6760 2.7165,
1.0007 -1.6704 2.7165,
1.0019 -1.6648 2.7165,
1.0029 -1.6591 2.7165,
1.0036 -1.6533 2.7165,
1.0041 -1.6475 2.7165,
1.4570 -0.0787 2.7165,
-0.4131 -1.1220 2.7165,
-0.8659 -0.0787 2.7165,
-0.8659 -2.3622 2.7165,
-0.2950 -1.7598 2.7165,
-0.4130 -1.6475 2.7165,
-0.4131 -1.6417 2.7165,
-0.4126 -1.6533 2.7165,
-0.4118 -1.6591 2.7165,
-0.4109 -1.6648 2.7165,
-0.4096 -1.6704 2.7165,
-0.4080 -1.6760 2.7165,
-0.4062 -1.6815 2.7165,
-0.4041 -1.6869 2.7165,
-0.4018 -1.6922 2.7165,
-0.3992 -1.6974 2.7165,
-0.3963 -1.7025 2.7165,
-0.3932 -1.7074 2.7165,
-0.3899 -1.7121 2.7165,
-0.3863 -1.7167 2.7165,
-0.3825 -1.7211 2.7165,
-0.3785 -1.7252 2.7165,
-0.3743 -1.7292 2.7165,
-0.3699 -1.7330 2.7165,
-0.3654 -1.7366 2.7165,
-0.3606 -1.7399 2.7165,
-0.3557 -1.7430 2.7165,
-0.3507 -1.7459 2.7165,
-0.3455 -1.7485 2.7165,
-0.3402 -1.7509 2.7165,
-0.3348 -1.7529 2.7165,
-0.3293 -1.7548 2.7165,
-0.3237 -1.7563 2.7165,
-0.3181 -1.7576 2.7165,
-0.3123 -1.7586 2.7165,
-0.3066 -1.7593 2.7165,
-0.3008 -1.7597 2.7165,
-0.4131 -1.1220 2.3583,
-0.4131 -1.1220 2.7165,
-0.4131 -1.6417 2.3583,
-0.4131 -1.6417 2.7165,
-0.2950 -1.7598 2.7165,
-0.3008 -1.7597 2.3583,
-0.3008 -1.7597 2.7165,
-0.2950 -1.7598 2.3583,
-0.3066 -1.7593 2.3583,
-0.3066 -1.7593 2.7165,
-0.3123 -1.7586 2.3583,
-0.3123 -1.7586 2.7165,
-0.3181 -1.7576 2.3583,
-0.3181 -1.7576 2.7165,
-0.3237 -1.7563 2.7165,
-0.3237 -1.7563 2.3583,
-0.3293 -1.7548 2.7165,
-0.3293 -1.7548 2.3583,
-0.3348 -1.7529 2.3583,
-0.3348 -1.7529 2.7165,
-0.3402 -1.7509 2.3583,
-0.3402 -1.7509 2.7165,
-0.3455 -1.7485 2.3583,
-0.3455 -1.7485 2.7165,
-0.3507 -1.7459 2.7165,
-0.3507 -1.7459 2.3583,
-0.3557 -1.7430 2.3583,
-0.3557 -1.7430 2.7165,
-0.3606 -1.7399 2.7165,
-0.3606 -1.7399 2.3583,
-0.3654 -1.7366 2.7165,
-0.3654 -1.7366 2.3583,
-0.3699 -1.7330 2.3583,
-0.3699 -1.7330 2.7165,
-0.3743 -1.7292 2.3583,
-0.3743 -1.7292 2.7165,
-0.3785 -1.7252 2.7165,
-0.3785 -1.7252 2.3583,
-0.3825 -1.7211 2.7165,
-0.3825 -1.7211 2.3583,
-0.3863 -1.7167 2.3583,
-0.3863 -1.7167 2.7165,
-0.3899 -1.7121 2.3583,
-0.3899 -1.7121 2.7165,
-0.3932 -1.7074 2.3583,
-0.3932 -1.7074 2.7165,
-0.3963 -1.7025 2.3583,
-0.3963 -1.7025 2.7165,
-0.3992 -1.6974 2.3583,
-0.3992 -1.6974 2.7165,
-0.4018 -1.6922 2.3583,
-0.4018 -1.6922 2.7165,
-0.4041 -1.6869 2.3583,
-0.4041 -1.6869 2.7165,
-0.4062 -1.6815 2.3583,
-0.4062 -1.6815 2.7165,
-0.4080 -1.6760 2.3583,
-0.4080 -1.6760 2.7165,
-0.4096 -1.6704 2.3583,
-0.4096 -1.6704 2.7165,
-0.4109 -1.6648 2.7165,
-0.4109 -1.6648 2.3583,
-0.4118 -1.6591 2.7165,
-0.4118 -1.6591 2.3583,
-0.4126 -1.6533 2.3583,
-0.4126 -1.6533 2.7165,
-0.4130 -1.6475 2.3583,
-0.4130 -1.6475 2.7165,
-0.4131 -1.6417 2.3583,
-0.4131 -1.6417 2.7165,
1.0042 -1.6417 2.7165,
1.0042 -1.1220 2.7165,
1.0042 -1.6417 2.3583,
1.0042 -1.1220 2.3583,
-0.8659 -0.0787 2.7165,
1.4570 -0.0787 2.1457,
-0.8659 -0.0787 2.1457,
1.4570 -0.0787 2.7165,
-0.2753 -2.3622 1.9646,
0.0396 -0.2362 1.9646,
0.0396 -2.3622 1.9646,
-0.2753 -0.2362 1.9646,
1.3454 -0.5945 -0.0197,
1.3385 -0.5874 -0.0197,
1.4570 0.1772 -0.0197,
1.3313 -0.5808 -0.0197,
1.3518 -0.6018 -0.0197,
1.3238 -0.5744 -0.0197,
1.3580 -0.6095 -0.0197,
1.3160 -0.5685 -0.0197,
1.3637 -0.6175 -0.0197,
1.3079 -0.5630 -0.0197,
1.3690 -0.6257 -0.0197,
1.2995 -0.5579 -0.0197,
1.3739 -0.6342 -0.0197,
1.2909 -0.5532 -0.0197,
1.3784 -0.6429 -0.0197,
1.2820 -0.5489 -0.0197,
1.3824 -0.6519 -0.0197,
1.2730 -0.5451 -0.0197,
1.3860 -0.6610 -0.0197,
1.2637 -0.5417 -0.0197,
1.3892 -0.6703 -0.0197,
1.2544 -0.5389 -0.0197,
1.3918 -0.6798 -0.0197,
1.2449 -0.5364 -0.0197,
1.3940 -0.6893 -0.0197,
1.2352 -0.5345 -0.0197,
1.3957 -0.6990 -0.0197,
1.2255 -0.5330 -0.0197,
1.3969 -0.7087 -0.0197,
1.2158 -0.5320 -0.0197,
1.3977 -0.7185 -0.0197,
1.2060 -0.5316 -0.0197,
1.3979 -0.7283 -0.0197,
1.1961 -0.5316 -0.0197,
0.8861 0.1772 -0.0197,
1.1863 -0.5320 -0.0197,
1.1766 -0.5330 -0.0197,
1.1669 -0.5345 -0.0197,
1.1572 -0.5364 -0.0197,
1.1477 -0.5389 -0.0197,
1.1384 -0.5417 -0.0197,
1.1291 -0.5451 -0.0197,
1.1201 -0.5489 -0.0197,
1.1112 -0.5532 -0.0197,
1.1026 -0.5579 -0.0197,
1.0942 -0.5630 -0.0197,
1.0861 -0.5685 -0.0197,
1.0783 -0.5744 -0.0197,
1.0708 -0.5808 -0.0197,
1.0636 -0.5874 -0.0197,
1.0567 -0.5945 -0.0197,
1.0503 -0.6018 -0.0197,
1.0441 -0.6095 -0.0197,
1.0384 -0.6175 -0.0197,
1.0331 -0.6257 -0.0197,
1.0282 -0.6342 -0.0197,
1.0237 -0.6429 -0.0197,
1.0197 -0.6519 -0.0197,
0.8861 -1.3780 -0.0197,
1.2544 -0.9178 -0.0197,
1.2637 -0.9149 -0.0197,
1.2449 -0.9203 -0.0197,
1.2352 -0.9222 -0.0197,
1.2255 -0.9237 -0.0197,
1.2158 -0.9246 -0.0197,
1.2060 -0.9251 -0.0197,
1.1961 -0.9251 -0.0197,
1.1863 -0.9246 -0.0197,
1.1766 -0.9237 -0.0197,
1.1669 -0.9222 -0.0197,
1.1572 -0.9203 -0.0197,
1.1477 -0.9178 -0.0197,
1.1384 -0.9149 -0.0197,
1.1291 -0.9116 -0.0197,
1.1201 -0.9078 -0.0197,
1.1112 -0.9035 -0.0197,
1.1026 -0.8988 -0.0197,
1.0942 -0.8937 -0.0197,
1.0861 -0.8882 -0.0197,
1.0783 -0.8823 -0.0197,
1.0708 -0.8759 -0.0197,
1.0636 -0.8693 -0.0197,
1.0567 -0.8622 -0.0197,
1.0503 -0.8549 -0.0197,
1.0441 -0.8472 -0.0197,
1.2909 -0.9035 -0.0197,
1.2995 -0.8988 -0.0197,
1.2820 -0.9078 -0.0197,
1.2730 -0.9116 -0.0197,
0.6400 -1.5551 -0.0197,
0.6400 -1.3780 -0.0197,
-0.4657 -0.5945 -0.0197,
-0.4725 -0.5874 -0.0197,
-0.2950 0.1772 -0.0197,
-0.4797 -0.5808 -0.0197,
-0.4592 -0.6018 -0.0197,
-0.4872 -0.5744 -0.0197,
-0.4531 -0.6095 -0.0197,
-0.4951 -0.5685 -0.0197,
-0.4473 -0.6175 -0.0197,
-0.5032 -0.5630 -0.0197,
-0.4420 -0.6257 -0.0197,
-0.5115 -0.5579 -0.0197,
-0.4371 -0.6342 -0.0197,
-0.5202 -0.5532 -0.0197,
-0.4326 -0.6429 -0.0197,
-0.5290 -0.5489 -0.0197,
-0.4286 -0.6519 -0.0197,
-0.5381 -0.5451 -0.0197,
-0.5473 -0.5417 -0.0197,
-0.5567 -0.5389 -0.0197,
-0.5662 -0.5364 -0.0197,
-0.5758 -0.5345 -0.0197,
-0.5855 -0.5330 -0.0197,
-0.5953 -0.5320 -0.0197,
-0.6051 -0.5316 -0.0197,
-0.8659 0.1772 -0.0197,
-0.6149 -0.5316 -0.0197,
-0.6247 -0.5320 -0.0197,
-0.6345 -0.5330 -0.0197,
-0.6442 -0.5345 -0.0197,
-0.6538 -0.5364 -0.0197,
-0.6633 -0.5389 -0.0197,
-0.6727 -0.5417 -0.0197,
1.4570 -2.6772 -0.0197,
0.5416 -1.5551 -0.0197,
1.3969 -0.7479 -0.0197,
1.3977 -0.7382 -0.0197,
1.3957 -0.7577 -0.0197,
1.3940 -0.7674 -0.0197,
1.3918 -0.7769 -0.0197,
1.3892 -0.7864 -0.0197,
1.3860 -0.7957 -0.0197,
1.3824 -0.8048 -0.0197,
1.3784 -0.8138 -0.0197,
1.3739 -0.8225 -0.0197,
1.3690 -0.8310 -0.0197,
1.3637 -0.8392 -0.0197,
1.3580 -0.8472 -0.0197,
1.3518 -0.8549 -0.0197,
1.3454 -0.8622 -0.0197,
1.3385 -0.8693 -0.0197,
1.3313 -0.8759 -0.0197,
1.3238 -0.8823 -0.0197,
1.3160 -0.8882 -0.0197,
1.3079 -0.8937 -0.0197,
-0.6819 -0.5451 -0.0197,
-0.6909 -0.5489 -0.0197,
-0.6998 -0.5532 -0.0197,
-0.7084 -0.5579 -0.0197,
-0.7168 -0.5630 -0.0197,
-0.7249 -0.5685 -0.0197,
-0.7327 -0.5744 -0.0197,
-0.7402 -0.5808 -0.0197,
-0.7474 -0.5874 -0.0197,
-0.7543 -0.5945 -0.0197,
-0.7608 -0.6018 -0.0197,
-0.7669 -0.6095 -0.0197,
-0.7726 -0.6175 -0.0197,
-0.7779 -0.6257 -0.0197,
-0.7829 -0.6342 -0.0197,
-0.7873 -0.6429 -0.0197,
-0.7914 -0.6519 -0.0197,
-0.7950 -0.6610 -0.0197,
-0.7981 -0.6703 -0.0197,
-0.8007 -0.6798 -0.0197,
-0.8029 -0.6893 -0.0197,
-0.2950 -1.3780 -0.0197,
-0.4286 -0.8048 -0.0197,
-0.4250 -0.7957 -0.0197,
-0.4326 -0.8138 -0.0197,
-0.4371 -0.8225 -0.0197,
-0.4420 -0.8310 -0.0197,
-0.4473 -0.8392 -0.0197,
0.5416 -1.3780 -0.0197,
-0.4531 -0.8472 -0.0197,
-0.4592 -0.8549 -0.0197,
-0.4657 -0.8622 -0.0197,
-0.4725 -0.8693 -0.0197,
-0.4797 -0.8759 -0.0197,
-0.4872 -0.8823 -0.0197,
-0.4951 -0.8882 -0.0197,
-0.5032 -0.8937 -0.0197,
-0.5115 -0.8988 -0.0197,
-0.5202 -0.9035 -0.0197,
-0.5290 -0.9078 -0.0197,
-0.5381 -0.9116 -0.0197,
-0.5473 -0.9149 -0.0197,
-0.5567 -0.9178 -0.0197,
-0.5662 -0.9203 -0.0197,
-0.5758 -0.9222 -0.0197,
-0.5855 -0.9237 -0.0197,
-0.5953 -0.9246 -0.0197,
-0.6051 -0.9251 -0.0197,
-0.6149 -0.9251 -0.0197,
-0.6247 -0.9246 -0.0197,
-0.6345 -0.9237 -0.0197,
-0.6442 -0.9222 -0.0197,
-0.6538 -0.9203 -0.0197,
-0.6633 -0.9178 -0.0197,
-0.6727 -0.9149 -0.0197,
-0.6819 -0.9116 -0.0197,
-0.6909 -0.9078 -0.0197,
-0.6998 -0.9035 -0.0197,
-0.7084 -0.8988 -0.0197,
-0.8659 -2.6772 -0.0197,
-0.7168 -0.8937 -0.0197,
-0.7249 -0.8882 -0.0197,
-0.7327 -0.8823 -0.0197,
-0.7402 -0.8759 -0.0197,
-0.7474 -0.8693 -0.0197,
-0.7543 -0.8622 -0.0197,
-0.7608 -0.8549 -0.0197,
-0.7669 -0.8472 -0.0197,
-0.7726 -0.8392 -0.0197,
-0.7779 -0.8310 -0.0197,
1.0042 -0.7283 -0.0197,
1.0044 -0.7185 -0.0197,
1.0052 -0.7087 -0.0197,
1.0064 -0.6990 -0.0197,
1.0081 -0.6893 -0.0197,
1.0103 -0.6798 -0.0197,
1.0129 -0.6703 -0.0197,
1.0161 -0.6610 -0.0197,
1.0044 -0.7382 -0.0197,
1.0052 -0.7479 -0.0197,
1.0064 -0.7577 -0.0197,
1.0081 -0.7674 -0.0197,
1.0103 -0.7769 -0.0197,
1.0129 -0.7864 -0.0197,
1.0161 -0.7957 -0.0197,
1.0197 -0.8048 -0.0197,
1.0237 -0.8138 -0.0197,
1.0282 -0.8225 -0.0197,
1.0331 -0.8310 -0.0197,
1.0384 -0.8392 -0.0197,
-0.8068 -0.7283 -0.0197,
-0.8066 -0.7185 -0.0197,
-0.8058 -0.7087 -0.0197,
-0.8046 -0.6990 -0.0197,
-0.8066 -0.7382 -0.0197,
-0.8058 -0.7479 -0.0197,
-0.8046 -0.7577 -0.0197,
-0.8029 -0.7674 -0.0197,
-0.8007 -0.7769 -0.0197,
-0.7981 -0.7864 -0.0197,
-0.7950 -0.7957 -0.0197,
-0.7914 -0.8048 -0.0197,
-0.7873 -0.8138 -0.0197,
-0.7829 -0.8225 -0.0197,
-0.4131 -0.7283 -0.0197,
-0.4134 -0.7382 -0.0197,
-0.4141 -0.7479 -0.0197,
-0.4153 -0.7577 -0.0197,
-0.4170 -0.7674 -0.0197,
-0.4192 -0.7769 -0.0197,
-0.4219 -0.7864 -0.0197,
-0.4134 -0.7185 -0.0197,
-0.4141 -0.7087 -0.0197,
-0.4153 -0.6990 -0.0197,
-0.4170 -0.6893 -0.0197,
-0.4192 -0.6798 -0.0197,
-0.4219 -0.6703 -0.0197,
-0.4250 -0.6610 -0.0197,
-0.8068 -0.7283 -0.0197,
-0.8068 -0.7283 -0.2362,
-0.8066 -0.7380 -0.2362,
-0.8066 -0.7382 -0.0197,
-0.8059 -0.7476 -0.2362,
-0.8058 -0.7479 -0.0197,
-0.8047 -0.7572 -0.2362,
-0.8046 -0.7577 -0.0197,
-0.8030 -0.7668 -0.2362,
-0.8029 -0.7674 -0.0197,
-0.8009 -0.7762 -0.2362,
-0.8007 -0.7769 -0.0197,
-0.7983 -0.7855 -0.2362,
-0.7981 -0.7864 -0.0197,
-0.7953 -0.7947 -0.2362,
-0.7950 -0.7957 -0.0197,
-0.7918 -0.8037 -0.2362,
-0.7914 -0.8048 -0.0197,
-0.7879 -0.8125 -0.2362,
-0.7873 -0.8138 -0.0197,
-0.7836 -0.8211 -0.2362,
-0.7829 -0.8225 -0.0197,
-0.7788 -0.8295 -0.2362,
-0.7779 -0.8310 -0.0197,
-0.7736 -0.8377 -0.2362,
-0.7726 -0.8392 -0.0197,
-0.7681 -0.8456 -0.2362,
-0.7669 -0.8472 -0.0197,
-0.7621 -0.8532 -0.2362,
-0.7608 -0.8549 -0.0197,
-0.7558 -0.8605 -0.2362,
-0.7543 -0.8622 -0.0197,
-0.7492 -0.8675 -0.2362,
-0.7474 -0.8693 -0.0197,
-0.7422 -0.8742 -0.2362,
-0.7402 -0.8759 -0.0197,
-0.7349 -0.8805 -0.2362,
-0.7327 -0.8823 -0.0197,
-0.7272 -0.8865 -0.2362,
-0.7249 -0.8882 -0.0197,
-0.7193 -0.8920 -0.2362,
-0.7168 -0.8937 -0.0197,
-0.7112 -0.8972 -0.2362,
-0.7084 -0.8988 -0.0197,
-0.7028 -0.9020 -0.2362,
-0.6998 -0.9035 -0.0197,
-0.6941 -0.9063 -0.2362,
-0.6909 -0.9078 -0.0197,
-0.6853 -0.9102 -0.2362,
-0.6819 -0.9116 -0.0197,
-0.6763 -0.9137 -0.2362,
-0.6727 -0.9149 -0.0197,
-0.6671 -0.9167 -0.2362,
-0.6633 -0.9178 -0.0197,
-0.6578 -0.9193 -0.2362,
-0.6538 -0.9203 -0.0197,
-0.6484 -0.9214 -0.2362,
-0.6442 -0.9222 -0.0197,
-0.6389 -0.9231 -0.2362,
-0.6345 -0.9237 -0.0197,
-0.6293 -0.9242 -0.2362,
-0.6247 -0.9246 -0.0197,
-0.6196 -0.9250 -0.2362,
-0.6149 -0.9251 -0.0197,
-0.6100 -0.9252 -0.2362,
-0.6051 -0.9251 -0.0197,
-0.6003 -0.9250 -0.2362,
-0.5953 -0.9246 -0.0197,
-0.5907 -0.9242 -0.2362,
-0.5855 -0.9237 -0.0197,
-0.5811 -0.9231 -0.2362,
-0.5758 -0.9222 -0.0197,
-0.5716 -0.9214 -0.2362,
-0.5662 -0.9203 -0.0197,
-0.5621 -0.9193 -0.2362,
-0.5567 -0.9178 -0.0197,
-0.5528 -0.9167 -0.2362,
-0.5473 -0.9149 -0.0197,
-0.5437 -0.9137 -0.2362,
-0.5381 -0.9116 -0.0197,
-0.5346 -0.9102 -0.2362,
-0.5290 -0.9078 -0.0197,
-0.5258 -0.9063 -0.2362,
-0.5202 -0.9035 -0.0197,
-0.5172 -0.9020 -0.2362,
-0.5115 -0.8988 -0.0197,
-0.5088 -0.8972 -0.2362,
-0.5032 -0.8937 -0.0197,
-0.5006 -0.8920 -0.2362,
-0.4951 -0.8882 -0.0197,
-0.4927 -0.8865 -0.2362,
-0.4872 -0.8823 -0.0197,
-0.4851 -0.8805 -0.2362,
-0.4797 -0.8759 -0.0197,
-0.4778 -0.8742 -0.2362,
-0.4725 -0.8693 -0.0197,
-0.4708 -0.8675 -0.2362,
-0.4657 -0.8622 -0.0197,
-0.4641 -0.8605 -0.2362,
-0.4592 -0.8549 -0.0197,
-0.4578 -0.8532 -0.2362,
-0.4531 -0.8472 -0.0197,
-0.4519 -0.8456 -0.2362,
-0.4473 -0.8392 -0.0197,
-0.4463 -0.8377 -0.2362,
-0.4420 -0.8310 -0.0197,
-0.4411 -0.8295 -0.2362,
-0.4371 -0.8225 -0.0197,
-0.4364 -0.8211 -0.2362,
-0.4326 -0.8138 -0.0197,
-0.4320 -0.8125 -0.2362,
-0.4286 -0.8048 -0.0197,
-0.4281 -0.8037 -0.2362,
-0.4250 -0.7957 -0.0197,
-0.4246 -0.7947 -0.2362,
-0.4219 -0.7864 -0.0197,
-0.4216 -0.7855 -0.2362,
-0.4192 -0.7769 -0.0197,
-0.4190 -0.7762 -0.2362,
-0.4170 -0.7674 -0.0197,
-0.4169 -0.7668 -0.2362,
-0.4153 -0.7577 -0.0197,
-0.4153 -0.7572 -0.2362,
-0.4141 -0.7479 -0.0197,
-0.4141 -0.7476 -0.2362,
-0.4134 -0.7382 -0.0197,
-0.4134 -0.7380 -0.2362,
-0.4131 -0.7283 -0.0197,
-0.4131 -0.7283 -0.2362,
-0.7667 -0.7438 -0.2756,
-0.7471 -0.7419 -0.2953,
-0.7463 -0.7486 -0.2953,
-0.7476 -0.7351 -0.2953,
-0.7478 -0.7283 -0.2953,
-0.7644 -0.7591 -0.2756,
-0.7451 -0.7552 -0.2953,
-0.7436 -0.7618 -0.2953,
-0.7863 -0.7457 -0.2559,
-0.8047 -0.7572 -0.2362,
-0.8059 -0.7476 -0.2362,
-0.8066 -0.7380 -0.2362,
-0.8068 -0.7283 -0.2362,
-0.7607 -0.7741 -0.2756,
-0.7418 -0.7683 -0.2953,
-0.7397 -0.7748 -0.2953,
-0.7837 -0.7629 -0.2559,
-0.8009 -0.7762 -0.2362,
-0.8030 -0.7668 -0.2362,
-0.7555 -0.7886 -0.2756,
-0.7373 -0.7811 -0.2953,
-0.7345 -0.7873 -0.2953,
-0.7795 -0.7798 -0.2559,
-0.7953 -0.7947 -0.2362,
-0.7983 -0.7855 -0.2362,
-0.7489 -0.8026 -0.2756,
-0.7315 -0.7933 -0.2953,
-0.7282 -0.7992 -0.2953,
-0.7737 -0.7961 -0.2559,
-0.7879 -0.8125 -0.2362,
-0.7918 -0.8037 -0.2362,
-0.7409 -0.8158 -0.2756,
-0.7245 -0.8049 -0.2953,
-0.7207 -0.8104 -0.2953,
-0.7662 -0.8119 -0.2559,
-0.7788 -0.8295 -0.2362,
-0.7836 -0.8211 -0.2362,
-0.7317 -0.8282 -0.2756,
-0.7165 -0.8158 -0.2953,
-0.7121 -0.8209 -0.2953,
-0.7573 -0.8268 -0.2559,
-0.7681 -0.8456 -0.2362,
-0.7736 -0.8377 -0.2362,
-0.7213 -0.8397 -0.2756,
-0.7074 -0.8258 -0.2953,
-0.7025 -0.8304 -0.2953,
-0.7469 -0.8407 -0.2559,
-0.7558 -0.8605 -0.2362,
-0.7621 -0.8532 -0.2362,
-0.7099 -0.8501 -0.2756,
-0.6974 -0.8349 -0.2953,
-0.6921 -0.8390 -0.2953,
-0.7352 -0.8536 -0.2559,
-0.7422 -0.8742 -0.2362,
-0.7492 -0.8675 -0.2362,
-0.6975 -0.8593 -0.2756,
-0.6865 -0.8429 -0.2953,
-0.6808 -0.8465 -0.2953,
-0.7224 -0.8653 -0.2559,
-0.7272 -0.8865 -0.2362,
-0.7349 -0.8805 -0.2362,
-0.6842 -0.8672 -0.2756,
-0.6749 -0.8499 -0.2953,
-0.6689 -0.8529 -0.2953,
-0.7084 -0.8757 -0.2559,
-0.7112 -0.8972 -0.2362,
-0.7193 -0.8920 -0.2362,
-0.6702 -0.8738 -0.2756,
-0.6627 -0.8557 -0.2953,
-0.6564 -0.8581 -0.2953,
-0.6935 -0.8846 -0.2559,
-0.6941 -0.9063 -0.2362,
-0.7028 -0.9020 -0.2362,
-0.6557 -0.8790 -0.2756,
-0.6500 -0.8602 -0.2953,
-0.6435 -0.8620 -0.2953,
-0.6778 -0.8920 -0.2559,
-0.6763 -0.9137 -0.2362,
-0.6853 -0.9102 -0.2362,
-0.6407 -0.8828 -0.2756,
-0.6369 -0.8635 -0.2953,
-0.6302 -0.8646 -0.2953,
-0.6614 -0.8979 -0.2559,
-0.6578 -0.9193 -0.2362,
-0.6671 -0.9167 -0.2362,
-0.6254 -0.8851 -0.2756,
-0.6100 -0.8661 -0.2953,
-0.6100 -0.9252 -0.2362,
-0.6167 -0.8660 -0.2953,
-0.6235 -0.8655 -0.2953,
-0.6445 -0.9021 -0.2559,
-0.6389 -0.9231 -0.2362,
-0.6484 -0.9214 -0.2362,
-0.6273 -0.9047 -0.2559,
-0.6196 -0.9250 -0.2362,
-0.6293 -0.9242 -0.2362,
-0.5226 -0.6218 -0.2953,
-0.5174 -0.6262 -0.2953,
-0.5125 -0.6309 -0.2953,
-0.5079 -0.6358 -0.2953,
-0.4954 -0.6518 -0.2953,
-0.5035 -0.6409 -0.2953,
-0.4993 -0.6463 -0.2953,
-0.5334 -0.6138 -0.2953,
-0.5279 -0.6177 -0.2953,
-0.5391 -0.6102 -0.2953,
-0.4763 -0.6949 -0.2953,
-0.4802 -0.6819 -0.2953,
-0.4781 -0.6883 -0.2953,
-0.5898 -0.5920 -0.2953,
-0.5831 -0.5932 -0.2953,
-0.5765 -0.5947 -0.2953,
-0.5700 -0.5965 -0.2953,
-0.6500 -0.5965 -0.2953,
-0.6435 -0.5947 -0.2953,
-0.6369 -0.5932 -0.2953,
-0.4827 -0.7811 -0.2953,
-0.4763 -0.7618 -0.2953,
-0.4781 -0.7683 -0.2953,
-0.4802 -0.7748 -0.2953,
-0.4854 -0.7873 -0.2953,
-0.4748 -0.7552 -0.2953,
-0.4918 -0.7992 -0.2953,
-0.4885 -0.7933 -0.2953,
-0.6865 -0.6138 -0.2953,
-0.6808 -0.6102 -0.2953,
-0.6749 -0.6068 -0.2953,
-0.6689 -0.6038 -0.2953,
-0.6627 -0.6010 -0.2953,
-0.6564 -0.5986 -0.2953,
-0.6302 -0.5920 -0.2953,
-0.6235 -0.5912 -0.2953,
-0.6167 -0.5907 -0.2953,
-0.6100 -0.5906 -0.2953,
-0.6032 -0.5907 -0.2953,
-0.5965 -0.5912 -0.2953,
-0.5636 -0.5986 -0.2953,
-0.5572 -0.6010 -0.2953,
-0.5511 -0.6038 -0.2953,
-0.5450 -0.6068 -0.2953,
-0.4954 -0.8049 -0.2953,
-0.4993 -0.8104 -0.2953,
-0.6974 -0.6218 -0.2953,
-0.6921 -0.6177 -0.2953,
-0.7025 -0.6262 -0.2953,
-0.5174 -0.8304 -0.2953,
-0.5035 -0.8158 -0.2953,
-0.5079 -0.8209 -0.2953,
-0.5125 -0.8258 -0.2953,
-0.5226 -0.8349 -0.2953,
-0.7165 -0.6409 -0.2953,
-0.7121 -0.6358 -0.2953,
-0.7074 -0.6309 -0.2953,
-0.7207 -0.6463 -0.2953,
-0.7282 -0.6575 -0.2953,
-0.7245 -0.6518 -0.2953,
-0.5391 -0.8465 -0.2953,
-0.5279 -0.8390 -0.2953,
-0.5334 -0.8429 -0.2953,
-0.5450 -0.8499 -0.2953,
-0.7345 -0.6694 -0.2953,
-0.7315 -0.6634 -0.2953,
-0.5511 -0.8529 -0.2953,
-0.5636 -0.8581 -0.2953,
-0.5572 -0.8557 -0.2953,
-0.7418 -0.6883 -0.2953,
-0.7397 -0.6819 -0.2953,
-0.7373 -0.6756 -0.2953,
-0.7451 -0.7015 -0.2953,
-0.7436 -0.6949 -0.2953,
-0.7471 -0.7148 -0.2953,
-0.7463 -0.7081 -0.2953,
-0.5965 -0.8655 -0.2953,
-0.5831 -0.8635 -0.2953,
-0.5898 -0.8646 -0.2953,
-0.6100 -0.8661 -0.2953,
-0.5700 -0.8602 -0.2953,
-0.5765 -0.8620 -0.2953,
-0.6032 -0.8660 -0.2953,
-0.6302 -0.8646 -0.2953,
-0.6167 -0.8660 -0.2953,
-0.6235 -0.8655 -0.2953,
-0.7463 -0.7486 -0.2953,
-0.7471 -0.7419 -0.2953,
-0.7476 -0.7351 -0.2953,
-0.7478 -0.7283 -0.2953,
-0.6500 -0.8602 -0.2953,
-0.6369 -0.8635 -0.2953,
-0.6435 -0.8620 -0.2953,
-0.7418 -0.7683 -0.2953,
-0.7436 -0.7618 -0.2953,
-0.7451 -0.7552 -0.2953,
-0.6689 -0.8529 -0.2953,
-0.6564 -0.8581 -0.2953,
-0.6627 -0.8557 -0.2953,
-0.7345 -0.7873 -0.2953,
-0.7373 -0.7811 -0.2953,
-0.7397 -0.7748 -0.2953,
-0.6808 -0.8465 -0.2953,
-0.6749 -0.8499 -0.2953,
-0.7282 -0.7992 -0.2953,
-0.7315 -0.7933 -0.2953,
-0.7245 -0.8049 -0.2953,
-0.7165 -0.8158 -0.2953,
-0.7207 -0.8104 -0.2953,
-0.7121 -0.8209 -0.2953,
-0.7476 -0.7216 -0.2953,
-0.7074 -0.8258 -0.2953,
-0.6865 -0.8429 -0.2953,
-0.6921 -0.8390 -0.2953,
-0.6974 -0.8349 -0.2953,
-0.7025 -0.8304 -0.2953,
-0.4918 -0.6575 -0.2953,
-0.4885 -0.6634 -0.2953,
-0.4854 -0.6694 -0.2953,
-0.4827 -0.6756 -0.2953,
-0.4748 -0.7015 -0.2953,
-0.4737 -0.7081 -0.2953,
-0.4728 -0.7148 -0.2953,
-0.4723 -0.7216 -0.2953,
-0.4722 -0.7283 -0.2953,
-0.4723 -0.7351 -0.2953,
-0.4728 -0.7419 -0.2953,
-0.4737 -0.7486 -0.2953,
1.3031 -0.6358 -0.2953,
1.2936 -0.6262 -0.2953,
1.2985 -0.6309 -0.2953,
1.2885 -0.6218 -0.2953,
1.2776 -0.6138 -0.2953,
1.2831 -0.6177 -0.2953,
1.3156 -0.6518 -0.2953,
1.3076 -0.6409 -0.2953,
1.3117 -0.6463 -0.2953,
1.2719 -0.6102 -0.2953,
1.3226 -0.6634 -0.2953,
1.3192 -0.6575 -0.2953,
1.3374 -0.7081 -0.2953,
1.3256 -0.6694 -0.2953,
1.3284 -0.6756 -0.2953,
1.3308 -0.6819 -0.2953,
1.3329 -0.6883 -0.2953,
1.3347 -0.6949 -0.2953,
1.3362 -0.7015 -0.2953,
1.2213 -0.5920 -0.2953,
1.2279 -0.5932 -0.2953,
1.2345 -0.5947 -0.2953,
1.2410 -0.5965 -0.2953,
1.2475 -0.5986 -0.2953,
1.2538 -0.6010 -0.2953,
1.2600 -0.6038 -0.2953,
1.1875 -0.5912 -0.2953,
1.1943 -0.5907 -0.2953,
1.2011 -0.5906 -0.2953,
1.2078 -0.5907 -0.2953,
1.2146 -0.5912 -0.2953,
1.3362 -0.7552 -0.2953,
1.3388 -0.7283 -0.2953,
1.3387 -0.7351 -0.2953,
1.3382 -0.7419 -0.2953,
1.3374 -0.7486 -0.2953,
1.3382 -0.7148 -0.2953,
1.3387 -0.7216 -0.2953,
1.1611 -0.5965 -0.2953,
1.1676 -0.5947 -0.2953,
1.1742 -0.5932 -0.2953,
1.3329 -0.7683 -0.2953,
1.3347 -0.7618 -0.2953,
1.1421 -0.6038 -0.2953,
1.1483 -0.6010 -0.2953,
1.1546 -0.5986 -0.2953,
1.3256 -0.7873 -0.2953,
1.3308 -0.7748 -0.2953,
1.3284 -0.7811 -0.2953,
1.3192 -0.7992 -0.2953,
1.3226 -0.7933 -0.2953,
1.1245 -0.6138 -0.2953,
1.2660 -0.6068 -0.2953,
1.1302 -0.6102 -0.2953,
1.1361 -0.6068 -0.2953,
1.1808 -0.5920 -0.2953,
1.3117 -0.8104 -0.2953,
1.3156 -0.8049 -0.2953,
1.1085 -0.6262 -0.2953,
1.1136 -0.6218 -0.2953,
1.1190 -0.6177 -0.2953,
1.3031 -0.8209 -0.2953,
1.3076 -0.8158 -0.2953,
1.1036 -0.6309 -0.2953,
1.2936 -0.8304 -0.2953,
1.2985 -0.8258 -0.2953,
1.0945 -0.6409 -0.2953,
1.0990 -0.6358 -0.2953,
1.0904 -0.6463 -0.2953,
1.0829 -0.6575 -0.2953,
1.0865 -0.6518 -0.2953,
1.2719 -0.8465 -0.2953,
1.2885 -0.8349 -0.2953,
1.2831 -0.8390 -0.2953,
1.2776 -0.8429 -0.2953,
1.2660 -0.8499 -0.2953,
1.2600 -0.8529 -0.2953,
1.0737 -0.6756 -0.2953,
1.0765 -0.6694 -0.2953,
1.0795 -0.6634 -0.2953,
1.0692 -0.6883 -0.2953,
1.0713 -0.6819 -0.2953,
1.2345 -0.8620 -0.2953,
1.2475 -0.8581 -0.2953,
1.2410 -0.8602 -0.2953,
1.0659 -0.7015 -0.2953,
1.0674 -0.6949 -0.2953,
1.2279 -0.8635 -0.2953,
1.2538 -0.8557 -0.2953,
1.2213 -0.8646 -0.2953,
1.2146 -0.8655 -0.2953,
1.2011 -0.8661 -0.2953,
1.2078 -0.8660 -0.2953,
1.1808 -0.8646 -0.2953,
1.1943 -0.8660 -0.2953,
1.1875 -0.8655 -0.2953,
1.0647 -0.7486 -0.2953,
1.0639 -0.7419 -0.2953,
1.0634 -0.7351 -0.2953,
1.0633 -0.7283 -0.2953,
1.1742 -0.8635 -0.2953,
1.0674 -0.7618 -0.2953,
1.0659 -0.7552 -0.2953,
1.1611 -0.8602 -0.2953,
1.1676 -0.8620 -0.2953,
1.0713 -0.7748 -0.2953,
1.0692 -0.7683 -0.2953,
1.1483 -0.8557 -0.2953,
1.1546 -0.8581 -0.2953,
1.0737 -0.7811 -0.2953,
1.1361 -0.8499 -0.2953,
1.1421 -0.8529 -0.2953,
1.0865 -0.8049 -0.2953,
1.0829 -0.7992 -0.2953,
1.0795 -0.7933 -0.2953,
1.0765 -0.7873 -0.2953,
1.1245 -0.8429 -0.2953,
1.1302 -0.8465 -0.2953,
1.0945 -0.8158 -0.2953,
1.0904 -0.8104 -0.2953,
1.1036 -0.8258 -0.2953,
1.1190 -0.8390 -0.2953,
1.1136 -0.8349 -0.2953,
1.1085 -0.8304 -0.2953,
1.0990 -0.8209 -0.2953,
1.0634 -0.7216 -0.2953,
1.0639 -0.7148 -0.2953,
1.0647 -0.7081 -0.2953,
-0.6254 -0.5716 -0.2756,
-0.6235 -0.5912 -0.2953,
-0.6302 -0.5920 -0.2953,
-0.6167 -0.5907 -0.2953,
-0.6100 -0.5906 -0.2953,
-0.6407 -0.5739 -0.2756,
-0.6369 -0.5932 -0.2953,
-0.6435 -0.5947 -0.2953,
-0.6273 -0.5520 -0.2559,
-0.6100 -0.5315 -0.2362,
-0.6389 -0.5336 -0.2362,
-0.6293 -0.5324 -0.2362,
-0.6196 -0.5317 -0.2362,
-0.6557 -0.5776 -0.2756,
-0.6500 -0.5965 -0.2953,
-0.6564 -0.5986 -0.2953,
-0.6445 -0.5546 -0.2559,
-0.6578 -0.5374 -0.2362,
-0.6484 -0.5353 -0.2362,
-0.6702 -0.5829 -0.2756,
-0.6627 -0.6010 -0.2953,
-0.6689 -0.6038 -0.2953,
-0.6614 -0.5588 -0.2559,
-0.6763 -0.5430 -0.2362,
-0.6671 -0.5400 -0.2362,
-0.6842 -0.5895 -0.2756,
-0.6749 -0.6068 -0.2953,
-0.6808 -0.6102 -0.2953,
-0.6778 -0.5647 -0.2559,
-0.6941 -0.5504 -0.2362,
-0.6853 -0.5465 -0.2362,
-0.6975 -0.5974 -0.2756,
-0.6865 -0.6138 -0.2953,
-0.6921 -0.6177 -0.2953,
-0.6935 -0.5721 -0.2559,
-0.7112 -0.5595 -0.2362,
-0.7028 -0.5547 -0.2362,
-0.7099 -0.6066 -0.2756,
-0.6974 -0.6218 -0.2953,
-0.7025 -0.6262 -0.2953,
-0.7084 -0.5810 -0.2559,
-0.7272 -0.5702 -0.2362,
-0.7193 -0.5647 -0.2362,
-0.7213 -0.6170 -0.2756,
-0.7074 -0.6309 -0.2953,
-0.7121 -0.6358 -0.2953,
-0.7224 -0.5914 -0.2559,
-0.7422 -0.5825 -0.2362,
-0.7349 -0.5762 -0.2362,
-0.7317 -0.6284 -0.2756,
-0.7165 -0.6409 -0.2953,
-0.7207 -0.6463 -0.2953,
-0.7352 -0.6031 -0.2559,
-0.7558 -0.5961 -0.2362,
-0.7492 -0.5892 -0.2362,
-0.7409 -0.6409 -0.2756,
-0.7245 -0.6518 -0.2953,
-0.7282 -0.6575 -0.2953,
-0.7469 -0.6160 -0.2559,
-0.7681 -0.6111 -0.2362,
-0.7621 -0.6035 -0.2362,
-0.7489 -0.6541 -0.2756,
-0.7315 -0.6634 -0.2953,
-0.7345 -0.6694 -0.2953,
-0.7573 -0.6299 -0.2559,
-0.7788 -0.6271 -0.2362,
-0.7736 -0.6190 -0.2362,
-0.7555 -0.6681 -0.2756,
-0.7373 -0.6756 -0.2953,
-0.7397 -0.6819 -0.2953,
-0.7662 -0.6448 -0.2559,
-0.7879 -0.6442 -0.2362,
-0.7836 -0.6356 -0.2362,
-0.7607 -0.6826 -0.2756,
-0.7418 -0.6883 -0.2953,
-0.7436 -0.6949 -0.2953,
-0.7737 -0.6605 -0.2559,
-0.7953 -0.6620 -0.2362,
-0.7918 -0.6530 -0.2362,
-0.7644 -0.6976 -0.2756,
-0.7451 -0.7015 -0.2953,
-0.7463 -0.7081 -0.2953,
-0.7795 -0.6769 -0.2559,
-0.8009 -0.6805 -0.2362,
-0.7983 -0.6712 -0.2362,
-0.7667 -0.7129 -0.2756,
-0.7476 -0.7216 -0.2953,
-0.7478 -0.7283 -0.2953,
-0.7471 -0.7148 -0.2953,
-0.7837 -0.6938 -0.2559,
-0.8047 -0.6995 -0.2362,
-0.8030 -0.6899 -0.2362,
-0.7863 -0.7110 -0.2559,
-0.8068 -0.7283 -0.2362,
-0.8066 -0.7187 -0.2362,
-0.8059 -0.7091 -0.2362,
-0.4131 -0.7283 -0.0197,
-0.4131 -0.7283 -0.2362,
-0.4134 -0.7187 -0.2362,
-0.4134 -0.7185 -0.0197,
-0.4141 -0.7091 -0.2362,
-0.4141 -0.7087 -0.0197,
-0.4153 -0.6995 -0.2362,
-0.4153 -0.6990 -0.0197,
-0.4169 -0.6899 -0.2362,
-0.4170 -0.6893 -0.0197,
-0.4190 -0.6805 -0.2362,
-0.4192 -0.6798 -0.0197,
-0.4216 -0.6712 -0.2362,
-0.4219 -0.6703 -0.0197,
-0.4246 -0.6620 -0.2362,
-0.4250 -0.6610 -0.0197,
-0.4281 -0.6530 -0.2362,
-0.4286 -0.6519 -0.0197,
-0.4320 -0.6442 -0.2362,
-0.4326 -0.6429 -0.0197,
-0.4364 -0.6356 -0.2362,
-0.4371 -0.6342 -0.0197,
-0.4411 -0.6271 -0.2362,
-0.4420 -0.6257 -0.0197,
-0.4463 -0.6190 -0.2362,
-0.4473 -0.6175 -0.0197,
-0.4519 -0.6111 -0.2362,
-0.4531 -0.6095 -0.0197,
-0.4578 -0.6035 -0.2362,
-0.4592 -0.6018 -0.0197,
-0.4641 -0.5961 -0.2362,
-0.4657 -0.5945 -0.0197,
-0.4708 -0.5892 -0.2362,
-0.4725 -0.5874 -0.0197,
-0.4778 -0.5825 -0.2362,
-0.4797 -0.5808 -0.0197,
-0.4851 -0.5762 -0.2362,
-0.4872 -0.5744 -0.0197,
-0.4927 -0.5702 -0.2362,
-0.4951 -0.5685 -0.0197,
-0.5006 -0.5647 -0.2362,
-0.5032 -0.5630 -0.0197,
-0.5088 -0.5595 -0.2362,
-0.5115 -0.5579 -0.0197,
-0.5172 -0.5547 -0.2362,
-0.5202 -0.5532 -0.0197,
-0.5258 -0.5504 -0.2362,
-0.5290 -0.5489 -0.0197,
-0.5346 -0.5465 -0.2362,
-0.5381 -0.5451 -0.0197,
-0.5437 -0.5430 -0.2362,
-0.5473 -0.5417 -0.0197,
-0.5528 -0.5400 -0.2362,
-0.5567 -0.5389 -0.0197,
-0.5621 -0.5374 -0.2362,
-0.5662 -0.5364 -0.0197,
-0.5716 -0.5353 -0.2362,
-0.5758 -0.5345 -0.0197,
-0.5811 -0.5336 -0.2362,
-0.5855 -0.5330 -0.0197,
-0.5907 -0.5324 -0.2362,
-0.5953 -0.5320 -0.0197,
-0.6003 -0.5317 -0.2362,
-0.6051 -0.5316 -0.0197,
-0.6100 -0.5315 -0.2362,
-0.6149 -0.5316 -0.0197,
-0.6196 -0.5317 -0.2362,
-0.6247 -0.5320 -0.0197,
-0.6293 -0.5324 -0.2362,
-0.6345 -0.5330 -0.0197,
-0.6389 -0.5336 -0.2362,
-0.6442 -0.5345 -0.0197,
-0.6484 -0.5353 -0.2362,
-0.6538 -0.5364 -0.0197,
-0.6578 -0.5374 -0.2362,
-0.6633 -0.5389 -0.0197,
-0.6671 -0.5400 -0.2362,
-0.6727 -0.5417 -0.0197,
-0.6763 -0.5430 -0.2362,
-0.6819 -0.5451 -0.0197,
-0.6853 -0.5465 -0.2362,
-0.6909 -0.5489 -0.0197,
-0.6941 -0.5504 -0.2362,
-0.6998 -0.5532 -0.0197,
-0.7028 -0.5547 -0.2362,
-0.7084 -0.5579 -0.0197,
-0.7112 -0.5595 -0.2362,
-0.7168 -0.5630 -0.0197,
-0.7193 -0.5647 -0.2362,
-0.7249 -0.5685 -0.0197,
-0.7272 -0.5702 -0.2362,
-0.7327 -0.5744 -0.0197,
-0.7349 -0.5762 -0.2362,
-0.7402 -0.5808 -0.0197,
-0.7422 -0.5825 -0.2362,
-0.7474 -0.5874 -0.0197,
-0.7492 -0.5892 -0.2362,
-0.7543 -0.5945 -0.0197,
-0.7558 -0.5961 -0.2362,
-0.7608 -0.6018 -0.0197,
-0.7621 -0.6035 -0.2362,
-0.7669 -0.6095 -0.0197,
-0.7681 -0.6111 -0.2362,
-0.7726 -0.6175 -0.0197,
-0.7736 -0.6190 -0.2362,
-0.7779 -0.6257 -0.0197,
-0.7788 -0.6271 -0.2362,
-0.7829 -0.6342 -0.0197,
-0.7836 -0.6356 -0.2362,
-0.7873 -0.6429 -0.0197,
-0.7879 -0.6442 -0.2362,
-0.7914 -0.6519 -0.0197,
-0.7918 -0.6530 -0.2362,
-0.7950 -0.6610 -0.0197,
-0.7953 -0.6620 -0.2362,
-0.7981 -0.6703 -0.0197,
-0.7983 -0.6712 -0.2362,
-0.8007 -0.6798 -0.0197,
-0.8009 -0.6805 -0.2362,
-0.8029 -0.6893 -0.0197,
-0.8030 -0.6899 -0.2362,
-0.8046 -0.6990 -0.0197,
-0.8047 -0.6995 -0.2362,
-0.8058 -0.7087 -0.0197,
-0.8059 -0.7091 -0.2362,
-0.8066 -0.7185 -0.0197,
-0.8066 -0.7187 -0.2362,
-0.8068 -0.7283 -0.0197,
-0.8068 -0.7283 -0.2362,
1.1856 -0.5716 -0.2756,
1.1875 -0.5912 -0.2953,
1.1808 -0.5920 -0.2953,
1.1943 -0.5907 -0.2953,
1.2011 -0.5906 -0.2953,
1.1703 -0.5739 -0.2756,
1.1742 -0.5932 -0.2953,
1.1676 -0.5947 -0.2953,
1.1837 -0.5520 -0.2559,
1.2011 -0.5315 -0.2362,
1.1722 -0.5336 -0.2362,
1.1818 -0.5324 -0.2362,
1.1914 -0.5317 -0.2362,
1.1553 -0.5776 -0.2756,
1.1611 -0.5965 -0.2953,
1.1546 -0.5986 -0.2953,
1.1665 -0.5546 -0.2559,
1.1532 -0.5374 -0.2362,
1.1626 -0.5353 -0.2362,
1.1408 -0.5829 -0.2756,
1.1483 -0.6010 -0.2953,
1.1421 -0.6038 -0.2953,
1.1496 -0.5588 -0.2559,
1.1347 -0.5430 -0.2362,
1.1439 -0.5400 -0.2362,
1.1268 -0.5895 -0.2756,
1.1361 -0.6068 -0.2953,
1.1302 -0.6102 -0.2953,
1.1333 -0.5647 -0.2559,
1.1169 -0.5504 -0.2362,
1.1257 -0.5465 -0.2362,
1.1136 -0.5974 -0.2756,
1.1245 -0.6138 -0.2953,
1.1190 -0.6177 -0.2953,
1.1175 -0.5721 -0.2559,
1.0998 -0.5595 -0.2362,
1.1083 -0.5547 -0.2362,
1.1011 -0.6066 -0.2756,
1.1136 -0.6218 -0.2953,
1.1085 -0.6262 -0.2953,
1.1026 -0.5810 -0.2559,
1.0838 -0.5702 -0.2362,
1.0917 -0.5647 -0.2362,
1.0897 -0.6170 -0.2756,
1.1036 -0.6309 -0.2953,
1.0990 -0.6358 -0.2953,
1.0887 -0.5914 -0.2559,
1.0689 -0.5825 -0.2362,
1.0762 -0.5762 -0.2362,
1.0793 -0.6284 -0.2756,
1.0945 -0.6409 -0.2953,
1.0904 -0.6463 -0.2953,
1.0758 -0.6031 -0.2559,
1.0552 -0.5961 -0.2362,
1.0619 -0.5892 -0.2362,
1.0701 -0.6409 -0.2756,
1.0865 -0.6518 -0.2953,
1.0829 -0.6575 -0.2953,
1.0641 -0.6160 -0.2559,
1.0429 -0.6111 -0.2362,
1.0489 -0.6035 -0.2362,
1.0622 -0.6541 -0.2756,
1.0795 -0.6634 -0.2953,
1.0765 -0.6694 -0.2953,
1.0537 -0.6299 -0.2559,
1.0322 -0.6271 -0.2362,
1.0374 -0.6190 -0.2362,
1.0556 -0.6681 -0.2756,
1.0737 -0.6756 -0.2953,
1.0713 -0.6819 -0.2953,
1.0448 -0.6448 -0.2559,
1.0231 -0.6442 -0.2362,
1.0274 -0.6356 -0.2362,
1.0504 -0.6826 -0.2756,
1.0692 -0.6883 -0.2953,
1.0674 -0.6949 -0.2953,
1.0374 -0.6605 -0.2559,
1.0157 -0.6620 -0.2362,
1.0192 -0.6530 -0.2362,
1.0466 -0.6976 -0.2756,
1.0659 -0.7015 -0.2953,
1.0647 -0.7081 -0.2953,
1.0315 -0.6769 -0.2559,
1.0101 -0.6805 -0.2362,
1.0127 -0.6712 -0.2362,
1.0443 -0.7129 -0.2756,
1.0634 -0.7216 -0.2953,
1.0633 -0.7283 -0.2953,
1.0639 -0.7148 -0.2953,
1.0273 -0.6938 -0.2559,
1.0063 -0.6995 -0.2362,
1.0080 -0.6899 -0.2362,
1.0247 -0.7110 -0.2559,
1.0042 -0.7283 -0.2362,
1.0044 -0.7187 -0.2362,
1.0051 -0.7091 -0.2362,
1.0443 -0.7438 -0.2756,
1.0639 -0.7419 -0.2953,
1.0647 -0.7486 -0.2953,
1.0634 -0.7351 -0.2953,
1.0633 -0.7283 -0.2953,
1.0466 -0.7591 -0.2756,
1.0659 -0.7552 -0.2953,
1.0674 -0.7618 -0.2953,
1.0247 -0.7457 -0.2559,
1.0063 -0.7572 -0.2362,
1.0051 -0.7476 -0.2362,
1.0044 -0.7380 -0.2362,
1.0042 -0.7283 -0.2362,
1.0504 -0.7741 -0.2756,
1.0692 -0.7683 -0.2953,
1.0713 -0.7748 -0.2953,
1.0273 -0.7629 -0.2559,
1.0101 -0.7762 -0.2362,
1.0080 -0.7668 -0.2362,
1.0556 -0.7886 -0.2756,
1.0737 -0.7811 -0.2953,
1.0765 -0.7873 -0.2953,
1.0315 -0.7798 -0.2559,
1.0157 -0.7947 -0.2362,
1.0127 -0.7855 -0.2362,
1.0622 -0.8026 -0.2756,
1.0795 -0.7933 -0.2953,
1.0829 -0.7992 -0.2953,
1.0374 -0.7961 -0.2559,
1.0231 -0.8125 -0.2362,
1.0192 -0.8037 -0.2362,
1.0701 -0.8158 -0.2756,
1.0865 -0.8049 -0.2953,
1.0904 -0.8104 -0.2953,
1.0448 -0.8119 -0.2559,
1.0322 -0.8295 -0.2362,
1.0274 -0.8211 -0.2362,
1.0793 -0.8282 -0.2756,
1.0945 -0.8158 -0.2953,
1.0990 -0.8209 -0.2953,
1.0537 -0.8268 -0.2559,
1.0429 -0.8456 -0.2362,
1.0374 -0.8377 -0.2362,
1.0897 -0.8397 -0.2756,
1.1036 -0.8258 -0.2953,
1.1085 -0.8304 -0.2953,
1.0641 -0.8407 -0.2559,
1.0552 -0.8605 -0.2362,
1.0489 -0.8532 -0.2362,
1.1011 -0.8501 -0.2756,
1.1136 -0.8349 -0.2953,
1.1190 -0.8390 -0.2953,
1.0758 -0.8536 -0.2559,
1.0689 -0.8742 -0.2362,
1.0619 -0.8675 -0.2362,
1.1136 -0.8593 -0.2756,
1.1245 -0.8429 -0.2953,
1.1302 -0.8465 -0.2953,
1.0887 -0.8653 -0.2559,
1.0838 -0.8865 -0.2362,
1.0762 -0.8805 -0.2362,
1.1268 -0.8672 -0.2756,
1.1361 -0.8499 -0.2953,
1.1421 -0.8529 -0.2953,
1.1026 -0.8757 -0.2559,
1.0998 -0.8972 -0.2362,
1.0917 -0.8920 -0.2362,
1.1408 -0.8738 -0.2756,
1.1483 -0.8557 -0.2953,
1.1546 -0.8581 -0.2953,
1.1175 -0.8846 -0.2559,
1.1169 -0.9063 -0.2362,
1.1083 -0.9020 -0.2362,
1.1553 -0.8790 -0.2756,
1.1611 -0.8602 -0.2953,
1.1676 -0.8620 -0.2953,
1.1333 -0.8920 -0.2559,
1.1347 -0.9137 -0.2362,
1.1257 -0.9102 -0.2362,
1.1703 -0.8828 -0.2756,
1.1742 -0.8635 -0.2953,
1.1808 -0.8646 -0.2953,
1.1496 -0.8979 -0.2559,
1.1532 -0.9193 -0.2362,
1.1439 -0.9167 -0.2362,
1.1856 -0.8851 -0.2756,
1.2011 -0.8661 -0.2953,
1.2011 -0.9252 -0.2362,
1.1943 -0.8660 -0.2953,
1.1875 -0.8655 -0.2953,
1.1665 -0.9021 -0.2559,
1.1722 -0.9231 -0.2362,
1.1626 -0.9214 -0.2362,
1.1837 -0.9047 -0.2559,
1.1914 -0.9250 -0.2362,
1.1818 -0.9242 -0.2362,
1.0042 -0.7283 -0.0197,
1.0042 -0.7283 -0.2362,
1.0044 -0.7380 -0.2362,
1.0044 -0.7382 -0.0197,
1.0051 -0.7476 -0.2362,
1.0052 -0.7479 -0.0197,
1.0063 -0.7572 -0.2362,
1.0064 -0.7577 -0.0197,
1.0080 -0.7668 -0.2362,
1.0081 -0.7674 -0.0197,
1.0101 -0.7762 -0.2362,
1.0103 -0.7769 -0.0197,
1.0127 -0.7855 -0.2362,
1.0129 -0.7864 -0.0197,
1.0157 -0.7947 -0.2362,
1.0161 -0.7957 -0.0197,
1.0192 -0.8037 -0.2362,
1.0197 -0.8048 -0.0197,
1.0231 -0.8125 -0.2362,
1.0237 -0.8138 -0.0197,
1.0274 -0.8211 -0.2362,
1.0282 -0.8225 -0.0197,
1.0322 -0.8295 -0.2362,
1.0331 -0.8310 -0.0197,
1.0374 -0.8377 -0.2362,
1.0384 -0.8392 -0.0197,
1.0429 -0.8456 -0.2362,
1.0441 -0.8472 -0.0197,
1.0489 -0.8532 -0.2362,
1.0503 -0.8549 -0.0197,
1.0552 -0.8605 -0.2362,
1.0567 -0.8622 -0.0197,
1.0619 -0.8675 -0.2362,
1.0636 -0.8693 -0.0197,
1.0689 -0.8742 -0.2362,
1.0708 -0.8759 -0.0197,
1.0762 -0.8805 -0.2362,
1.0783 -0.8823 -0.0197,
1.0838 -0.8865 -0.2362,
1.0861 -0.8882 -0.0197,
1.0917 -0.8920 -0.2362,
1.0942 -0.8937 -0.0197,
1.0998 -0.8972 -0.2362,
1.1026 -0.8988 -0.0197,
1.1083 -0.9020 -0.2362,
1.1112 -0.9035 -0.0197,
1.1169 -0.9063 -0.2362,
1.1201 -0.9078 -0.0197,
1.1257 -0.9102 -0.2362,
1.1291 -0.9116 -0.0197,
1.1347 -0.9137 -0.2362,
1.1384 -0.9149 -0.0197,
1.1439 -0.9167 -0.2362,
1.1477 -0.9178 -0.0197,
1.1532 -0.9193 -0.2362,
1.1572 -0.9203 -0.0197,
1.1626 -0.9214 -0.2362,
1.1669 -0.9222 -0.0197,
1.1722 -0.9231 -0.2362,
1.1766 -0.9237 -0.0197,
1.1818 -0.9242 -0.2362,
1.1863 -0.9246 -0.0197,
1.1914 -0.9250 -0.2362,
1.1961 -0.9251 -0.0197,
1.2011 -0.9252 -0.2362,
1.2060 -0.9251 -0.0197,
1.2107 -0.9250 -0.2362,
1.2158 -0.9246 -0.0197,
1.2203 -0.9242 -0.2362,
1.2255 -0.9237 -0.0197,
1.2299 -0.9231 -0.2362,
1.2352 -0.9222 -0.0197,
1.2395 -0.9214 -0.2362,
1.2449 -0.9203 -0.0197,
1.2489 -0.9193 -0.2362,
1.2544 -0.9178 -0.0197,
1.2582 -0.9167 -0.2362,
1.2637 -0.9149 -0.0197,
1.2674 -0.9137 -0.2362,
1.2730 -0.9116 -0.0197,
1.2764 -0.9102 -0.2362,
1.2820 -0.9078 -0.0197,
1.2852 -0.9063 -0.2362,
1.2909 -0.9035 -0.0197,
1.2938 -0.9020 -0.2362,
1.2995 -0.8988 -0.0197,
1.3023 -0.8972 -0.2362,
1.3079 -0.8937 -0.0197,
1.3104 -0.8920 -0.2362,
1.3160 -0.8882 -0.0197,
1.3183 -0.8865 -0.2362,
1.3238 -0.8823 -0.0197,
1.3259 -0.8805 -0.2362,
1.3313 -0.8759 -0.0197,
1.3332 -0.8742 -0.2362,
1.3385 -0.8693 -0.0197,
1.3402 -0.8675 -0.2362,
1.3454 -0.8622 -0.0197,
1.3469 -0.8605 -0.2362,
1.3518 -0.8549 -0.0197,
1.3532 -0.8532 -0.2362,
1.3580 -0.8472 -0.0197,
1.3592 -0.8456 -0.2362,
1.3637 -0.8392 -0.0197,
1.3647 -0.8377 -0.2362,
1.3690 -0.8310 -0.0197,
1.3699 -0.8295 -0.2362,
1.3739 -0.8225 -0.0197,
1.3747 -0.8211 -0.2362,
1.3784 -0.8138 -0.0197,
1.3790 -0.8125 -0.2362,
1.3824 -0.8048 -0.0197,
1.3829 -0.8037 -0.2362,
1.3860 -0.7957 -0.0197,
1.3864 -0.7947 -0.2362,
1.3892 -0.7864 -0.0197,
1.3894 -0.7855 -0.2362,
1.3918 -0.7769 -0.0197,
1.3920 -0.7762 -0.2362,
1.3940 -0.7674 -0.0197,
1.3941 -0.7668 -0.2362,
1.3957 -0.7577 -0.0197,
1.3958 -0.7572 -0.2362,
1.3969 -0.7479 -0.0197,
1.3970 -0.7476 -0.2362,
1.3977 -0.7382 -0.0197,
1.3977 -0.7380 -0.2362,
1.3979 -0.7283 -0.0197,
1.3979 -0.7283 -0.2362,
1.3979 -0.7283 -0.0197,
1.3979 -0.7283 -0.2362,
1.3977 -0.7187 -0.2362,
1.3977 -0.7185 -0.0197,
1.3970 -0.7091 -0.2362,
1.3969 -0.7087 -0.0197,
1.3958 -0.6995 -0.2362,
1.3957 -0.6990 -0.0197,
1.3941 -0.6899 -0.2362,
1.3940 -0.6893 -0.0197,
1.3920 -0.6805 -0.2362,
1.3918 -0.6798 -0.0197,
1.3894 -0.6712 -0.2362,
1.3892 -0.6703 -0.0197,
1.3864 -0.6620 -0.2362,
1.3860 -0.6610 -0.0197,
1.3829 -0.6530 -0.2362,
1.3824 -0.6519 -0.0197,
1.3790 -0.6442 -0.2362,
1.3784 -0.6429 -0.0197,
1.3747 -0.6356 -0.2362,
1.3739 -0.6342 -0.0197,
1.3699 -0.6271 -0.2362,
1.3690 -0.6257 -0.0197,
1.3647 -0.6190 -0.2362,
1.3637 -0.6175 -0.0197,
1.3592 -0.6111 -0.2362,
1.3580 -0.6095 -0.0197,
1.3532 -0.6035 -0.2362,
1.3518 -0.6018 -0.0197,
1.3469 -0.5961 -0.2362,
1.3454 -0.5945 -0.0197,
1.3402 -0.5892 -0.2362,
1.3385 -0.5874 -0.0197,
1.3332 -0.5825 -0.2362,
1.3313 -0.5808 -0.0197,
1.3259 -0.5762 -0.2362,
1.3238 -0.5744 -0.0197,
1.3183 -0.5702 -0.2362,
1.3160 -0.5685 -0.0197,
1.3104 -0.5647 -0.2362,
1.3079 -0.5630 -0.0197,
1.3023 -0.5595 -0.2362,
1.2995 -0.5579 -0.0197,
1.2938 -0.5547 -0.2362,
1.2909 -0.5532 -0.0197,
1.2852 -0.5504 -0.2362,
1.2820 -0.5489 -0.0197,
1.2764 -0.5465 -0.2362,
1.2730 -0.5451 -0.0197,
1.2674 -0.5430 -0.2362,
1.2637 -0.5417 -0.0197,
1.2582 -0.5400 -0.2362,
1.2544 -0.5389 -0.0197,
1.2489 -0.5374 -0.2362,
1.2449 -0.5364 -0.0197,
1.2395 -0.5353 -0.2362,
1.2352 -0.5345 -0.0197,
1.2299 -0.5336 -0.2362,
1.2255 -0.5330 -0.0197,
1.2203 -0.5324 -0.2362,
1.2158 -0.5320 -0.0197,
1.2107 -0.5317 -0.2362,
1.2060 -0.5316 -0.0197,
1.2011 -0.5315 -0.2362,
1.1961 -0.5316 -0.0197,
1.1914 -0.5317 -0.2362,
1.1863 -0.5320 -0.0197,
1.1818 -0.5324 -0.2362,
1.1766 -0.5330 -0.0197,
1.1722 -0.5336 -0.2362,
1.1669 -0.5345 -0.0197,
1.1626 -0.5353 -0.2362,
1.1572 -0.5364 -0.0197,
1.1532 -0.5374 -0.2362,
1.1477 -0.5389 -0.0197,
1.1439 -0.5400 -0.2362,
1.1384 -0.5417 -0.0197,
1.1347 -0.5430 -0.2362,
1.1291 -0.5451 -0.0197,
1.1257 -0.5465 -0.2362,
1.1201 -0.5489 -0.0197,
1.1169 -0.5504 -0.2362,
1.1112 -0.5532 -0.0197,
1.1083 -0.5547 -0.2362,
1.1026 -0.5579 -0.0197,
1.0998 -0.5595 -0.2362,
1.0942 -0.5630 -0.0197,
1.0917 -0.5647 -0.2362,
1.0861 -0.5685 -0.0197,
1.0838 -0.5702 -0.2362,
1.0783 -0.5744 -0.0197,
1.0762 -0.5762 -0.2362,
1.0708 -0.5808 -0.0197,
1.0689 -0.5825 -0.2362,
1.0636 -0.5874 -0.0197,
1.0619 -0.5892 -0.2362,
1.0567 -0.5945 -0.0197,
1.0552 -0.5961 -0.2362,
1.0503 -0.6018 -0.0197,
1.0489 -0.6035 -0.2362,
1.0441 -0.6095 -0.0197,
1.0429 -0.6111 -0.2362,
1.0384 -0.6175 -0.0197,
1.0374 -0.6190 -0.2362,
1.0331 -0.6257 -0.0197,
1.0322 -0.6271 -0.2362,
1.0282 -0.6342 -0.0197,
1.0274 -0.6356 -0.2362,
1.0237 -0.6429 -0.0197,
1.0231 -0.6442 -0.2362,
1.0197 -0.6519 -0.0197,
1.0192 -0.6530 -0.2362,
1.0161 -0.6610 -0.0197,
1.0157 -0.6620 -0.2362,
1.0129 -0.6703 -0.0197,
1.0127 -0.6712 -0.2362,
1.0103 -0.6798 -0.0197,
1.0101 -0.6805 -0.2362,
1.0081 -0.6893 -0.0197,
1.0080 -0.6899 -0.2362,
1.0064 -0.6990 -0.0197,
1.0063 -0.6995 -0.2362,
1.0052 -0.7087 -0.0197,
1.0051 -0.7091 -0.2362,
1.0044 -0.7185 -0.0197,
1.0044 -0.7187 -0.2362,
1.0042 -0.7283 -0.0197,
1.0042 -0.7283 -0.2362,
0.8270 -0.5709 0.5945,
0.6400 -0.5709 0.7441,
0.6400 -0.5709 0.5945,
0.8270 -0.5709 1.0236,
0.5416 -0.5709 0.7441,
0.0495 -0.5709 0.6569,
0.5416 -0.5709 0.5945,
0.0495 -0.5709 0.5945,
-0.0489 -0.5709 0.6569,
-0.2360 -0.5709 0.5945,
-0.0489 -0.5709 0.5945,
-0.2360 -0.5709 1.0236,
0.0495 -0.6417 0.5472,
0.5416 -0.6417 0.5472,
0.0495 -0.5709 0.5945,
0.5416 -0.5709 0.5945,
-0.2360 -0.6122 0.5669,
-0.0489 -0.5709 0.5945,
-0.2360 -0.5709 0.5945,
-0.2360 -0.6417 0.5472,
-0.0489 -0.6417 0.5472,
0.6400 -0.6417 0.5472,
0.8270 -0.6122 0.5669,
0.6400 -0.5709 0.5945,
0.8270 -0.5709 0.5945,
0.8270 -0.6417 0.5472,
0.8270 -1.6142 1.0827,
0.6400 -1.4827 1.0827,
0.8270 -0.6693 1.0827,
0.6400 -0.6693 1.0827,
0.5416 -1.4827 1.0827,
0.0495 -1.4827 1.0827,
0.5416 -0.6693 1.0827,
0.0495 -0.6693 1.0827,
-0.0489 -0.6693 1.0827,
-0.0489 -1.4827 1.0827,
-0.2360 -0.6693 1.0827,
-0.2360 -1.6142 1.0827,
0.8270 -0.6693 1.0827,
0.6400 -0.6627 1.0787,
0.8270 -0.5709 1.0236,
0.6400 -0.6693 1.0827,
0.5416 -0.6627 1.0787,
0.5416 -0.6693 1.0827,
0.0495 -0.6627 1.0787,
0.0495 -0.6693 1.0827,
-0.0489 -0.6627 1.0787,
-0.2360 -0.5709 1.0236,
-0.0489 -0.6693 1.0827,
-0.2360 -0.6693 1.0827,
0.8270 -1.6142 1.0827,
0.8270 -1.5945 1.4961,
0.8270 -1.7323 1.2008,
0.8270 -1.7323 1.3780,
0.8270 -0.6122 0.5669,
0.8270 -0.2362 0.5669,
0.8270 -0.5709 0.5945,
0.8270 -0.6693 1.0827,
0.8270 -0.5709 1.0236,
0.8270 -0.2362 1.4961,
0.8270 -0.6122 0.5669,
0.9451 -0.2362 0.5669,
0.8270 -0.2362 0.5669,
0.8270 -2.3661 0.5669,
0.9451 -2.3661 0.5669,
0.8270 -2.3661 0.5669,
0.8270 -0.6122 0.5669,
0.8270 -0.6417 0.5472,
0.8270 -2.4007 0.5472,
0.9451 -0.2362 0.5472,
0.9451 -2.3661 0.5669,
0.9451 -2.4007 0.5472,
0.9451 -0.2362 0.5669,
0.8270 -1.7323 1.2008,
-0.2360 -1.7323 1.2008,
0.8270 -1.6142 1.0827,
-0.2360 -1.6142 1.0827,
-0.2360 -1.7323 1.3780,
-0.2360 -1.5945 1.4961,
-0.2360 -1.7323 1.2008,
-0.2360 -1.6142 1.0827,
-0.2360 -0.5709 0.5945,
-0.2360 -0.2362 0.5669,
-0.2360 -0.6122 0.5669,
-0.2360 -0.6693 1.0827,
-0.2360 -0.5709 1.0236,
-0.2360 -0.2362 1.4961,
-0.2360 -0.6122 0.5669,
-0.2360 -0.2362 0.5669,
-0.3541 -0.2362 0.5669,
-0.3541 -2.3661 0.5669,
-0.2360 -2.3661 0.5669,
-0.2360 -0.6417 0.5472,
-0.2360 -2.3661 0.5669,
-0.2360 -2.4007 0.5472,
-0.2360 -0.6122 0.5669,
-0.2360 -0.2362 1.4961,
-0.2360 -1.5945 1.4961,
0.8270 -0.2362 1.4961,
0.8270 -1.5945 1.4961,
-0.2360 -1.7323 1.3780,
0.8270 -1.7323 1.3780,
-0.2360 -1.5945 1.4961,
0.8270 -1.5945 1.4961,
0.8270 -1.7323 1.3780,
-0.2360 -1.7323 1.3780,
0.8270 -1.7323 1.2008,
-0.2360 -1.7323 1.2008,
-0.1662 -0.0984 -0.2500,
-0.1607 -0.0984 -0.2459,
-0.1607 0.0984 -0.2459,
-0.1662 0.0984 -0.2500,
-0.1715 -0.0984 -0.2545,
-0.1715 0.0984 -0.2545,
-0.1765 -0.0984 -0.2591,
-0.1765 0.0984 -0.2591,
-0.1814 -0.0984 -0.2641,
-0.1814 0.0984 -0.2641,
-0.1859 -0.0984 -0.2693,
-0.1859 0.0984 -0.2693,
-0.1902 -0.0984 -0.2747,
-0.1902 0.0984 -0.2747,
-0.1942 -0.0984 -0.2803,
-0.1942 0.0984 -0.2803,
-0.1980 -0.0984 -0.2861,
-0.1980 0.0984 -0.2861,
-0.2014 -0.0984 -0.2920,
-0.2014 0.0984 -0.2920,
-0.2046 -0.0984 -0.2982,
-0.2046 0.0984 -0.2982,
-0.2074 -0.0984 -0.3045,
-0.2074 0.0984 -0.3045,
-0.2099 -0.0984 -0.3109,
-0.2099 0.0984 -0.3109,
-0.2121 -0.0984 -0.3174,
-0.2121 0.0984 -0.3174,
-0.2140 -0.0984 -0.3240,
-0.2140 0.0984 -0.3240,
-0.2155 -0.0984 -0.3308,
-0.2155 0.0984 -0.3308,
-0.2167 -0.0984 -0.3376,
-0.2167 0.0984 -0.3376,
-0.2176 -0.0984 -0.3444,
-0.2176 0.0984 -0.3444,
-0.2181 -0.0984 -0.3513,
-0.2181 0.0984 -0.3513,
-0.2182 -0.0984 -0.3582,
-0.2182 0.0984 -0.3582,
0.6400 0.0591 0.8504,
0.8861 0.0591 0.0984,
0.6400 0.0591 0.0984,
0.5416 0.0591 0.8504,
0.5416 0.0591 0.0984,
0.0495 0.0591 0.0984,
0.8861 0.0591 1.3937,
0.0495 0.0591 0.8504,
-0.0489 0.0591 0.8504,
-0.0489 0.0591 0.0984,
-0.2950 0.0591 0.0984,
-0.2950 0.0591 1.3937,
0.8072 -1.5551 -0.3476,
0.8073 -1.5551 -0.3543,
0.8073 -1.3583 -0.3543,
0.8072 -1.3583 -0.3476,
0.8067 -1.5551 -0.3409,
0.8067 -1.3583 -0.3409,
0.8059 -1.5551 -0.3342,
0.8059 -1.3583 -0.3342,
0.8047 -1.5551 -0.3276,
0.8047 -1.3583 -0.3276,
0.8033 -1.5551 -0.3210,
0.8033 -1.3583 -0.3210,
0.8015 -1.5551 -0.3145,
0.8015 -1.3583 -0.3145,
0.7994 -1.5551 -0.3081,
0.7994 -1.3583 -0.3081,
0.7970 -1.5551 -0.3018,
0.7970 -1.3583 -0.3018,
0.7942 -1.5551 -0.2957,
0.7942 -1.3583 -0.2957,
0.7912 -1.5551 -0.2897,
0.7912 -1.3583 -0.2897,
0.7879 -1.5551 -0.2838,
0.7879 -1.3583 -0.2838,
0.7843 -1.5551 -0.2781,
0.7843 -1.3583 -0.2781,
0.7805 -1.5551 -0.2726,
0.7805 -1.3583 -0.2726,
0.7764 -1.5551 -0.2673,
0.7764 -1.3583 -0.2673,
0.7720 -1.5551 -0.2622,
0.7720 -1.3583 -0.2622,
0.7674 -1.5551 -0.2573,
0.7674 -1.3583 -0.2573,
0.7625 -1.5551 -0.2526,
0.7625 -1.3583 -0.2526,
0.7574 -1.5551 -0.2482,
0.7574 -1.3583 -0.2482,
0.7521 -1.5551 -0.2440,
0.7521 -1.3583 -0.2440,
0.7466 -1.5551 -0.2401,
0.7466 -1.3583 -0.2401,
0.0495 -1.2913 0.0984,
0.0495 0.0591 0.0984,
0.5416 0.0591 0.0984,
0.5416 -1.3780 0.0984,
-0.0489 -1.2913 0.0984,
-0.2950 0.0591 0.0984,
-0.0489 0.0591 0.0984,
-0.2950 -1.3780 0.0984,
0.6400 -1.3780 0.0984,
0.6400 0.0591 0.0984,
0.8861 0.0591 0.0984,
0.8861 -1.3780 0.0984,
-0.2950 -1.3780 -0.0197,
-0.2950 0.0591 0.0984,
-0.2950 -1.3780 0.0984,
-0.2950 0.1772 -0.0197,
-0.2950 0.1772 1.3937,
-0.2950 0.0591 1.3937,
0.5416 -1.3780 0.0984,
0.5416 -1.3780 -0.0197,
-0.2950 -1.3780 0.0984,
-0.2950 -1.3780 -0.0197,
0.6400 -1.3780 0.0984,
0.8861 -1.3780 -0.0197,
0.6400 -1.3780 -0.0197,
0.8861 -1.3780 0.0984,
0.8861 -1.3780 0.0984,
0.8861 0.0591 0.0984,
0.8861 -1.3780 -0.0197,
0.8861 0.1772 -0.0197,
0.8861 0.0591 1.3937,
0.8861 0.1772 1.3937,
0.8861 0.1772 1.3937,
-0.2950 0.0591 1.3937,
-0.2950 0.1772 1.3937,
0.8861 0.0591 1.3937,
1.1617 -2.2835 1.0827,
1.1617 -2.3622 1.0827,
1.2404 -2.3622 1.0827,
-0.7871 -2.3622 1.6437,
-0.8659 -2.3622 1.6437,
-0.7871 -0.7283 1.6437,
-0.8659 -0.7283 1.6437,
1.4570 -2.3622 1.6437,
1.3782 -2.3622 1.6437,
1.4570 -0.7283 1.6437,
1.3782 -0.7283 1.6437,
1.3782 -2.3622 1.0531,
1.3782 -0.7283 1.6437,
1.3782 -2.3622 1.6437,
1.3782 -0.7283 1.0531,
1.4570 -0.7283 1.0531,
1.3782 -2.3622 1.0531,
1.4570 -2.3622 1.0531,
1.3782 -0.7283 1.0531,
    ] }
    coordIndex [
0,1,2,-1,
0,2,3,-1,
4,3,5,-1,
4,0,3,-1,
6,5,7,-1,
6,4,5,-1,
8,7,9,-1,
8,6,7,-1,
10,9,11,-1,
10,8,9,-1,
12,13,14,-1,
15,14,16,-1,
15,12,14,-1,
17,16,18,-1,
17,15,16,-1,
19,18,20,-1,
19,17,18,-1,
21,20,22,-1,
21,19,20,-1,
23,21,22,-1,
24,25,26,-1,
24,27,25,-1,
24,28,27,-1,
29,30,31,-1,
29,26,30,-1,
29,24,26,-1,
32,33,28,-1,
32,34,35,-1,
32,35,36,-1,
32,28,24,-1,
32,36,33,-1,
37,38,39,-1,
37,31,38,-1,
37,29,31,-1,
40,24,29,-1,
40,41,42,-1,
40,42,34,-1,
40,34,32,-1,
40,32,24,-1,
43,44,45,-1,
43,39,44,-1,
43,37,39,-1,
46,41,40,-1,
46,29,37,-1,
46,47,48,-1,
46,48,41,-1,
46,40,29,-1,
49,43,45,-1,
49,50,51,-1,
49,45,50,-1,
52,37,43,-1,
52,47,46,-1,
52,53,54,-1,
52,54,47,-1,
52,46,37,-1,
55,56,57,-1,
55,51,56,-1,
55,49,51,-1,
58,43,49,-1,
58,59,60,-1,
58,60,53,-1,
58,53,52,-1,
58,52,43,-1,
61,62,63,-1,
61,57,62,-1,
61,55,57,-1,
64,59,58,-1,
64,49,55,-1,
64,58,49,-1,
64,65,66,-1,
64,66,59,-1,
67,68,69,-1,
67,63,68,-1,
67,61,63,-1,
70,64,55,-1,
70,65,64,-1,
70,55,61,-1,
70,71,72,-1,
70,72,65,-1,
73,74,75,-1,
73,69,74,-1,
73,67,69,-1,
76,70,61,-1,
76,77,78,-1,
76,78,71,-1,
76,71,70,-1,
76,61,67,-1,
79,80,81,-1,
79,75,80,-1,
79,73,75,-1,
82,67,73,-1,
82,77,76,-1,
82,76,67,-1,
82,83,84,-1,
82,84,77,-1,
85,86,87,-1,
85,81,86,-1,
85,79,81,-1,
88,82,73,-1,
88,73,79,-1,
88,89,90,-1,
88,90,83,-1,
88,83,82,-1,
91,92,93,-1,
91,87,92,-1,
91,85,87,-1,
94,88,79,-1,
94,89,88,-1,
94,95,96,-1,
94,96,89,-1,
94,79,85,-1,
97,98,99,-1,
97,93,98,-1,
97,91,93,-1,
100,101,102,-1,
100,102,95,-1,
100,95,94,-1,
100,85,91,-1,
100,94,85,-1,
103,104,105,-1,
103,99,104,-1,
103,97,99,-1,
106,100,91,-1,
106,107,108,-1,
106,108,101,-1,
106,101,100,-1,
106,91,97,-1,
109,110,111,-1,
109,112,110,-1,
109,105,112,-1,
109,103,105,-1,
113,106,97,-1,
113,97,103,-1,
113,107,106,-1,
113,114,115,-1,
113,115,107,-1,
116,103,109,-1,
116,114,113,-1,
116,111,117,-1,
116,117,118,-1,
116,118,119,-1,
116,119,114,-1,
116,109,111,-1,
116,113,103,-1,
120,121,122,-1,
120,123,121,-1,
120,124,123,-1,
125,126,127,-1,
125,122,126,-1,
125,120,122,-1,
128,129,130,-1,
128,130,131,-1,
128,131,132,-1,
128,132,124,-1,
128,124,120,-1,
133,134,135,-1,
133,127,134,-1,
133,125,127,-1,
136,137,138,-1,
136,138,129,-1,
136,128,120,-1,
136,129,128,-1,
136,120,125,-1,
139,140,141,-1,
139,135,140,-1,
139,133,135,-1,
142,143,144,-1,
142,144,137,-1,
142,136,125,-1,
142,137,136,-1,
142,125,133,-1,
145,139,141,-1,
145,146,147,-1,
145,141,146,-1,
148,133,139,-1,
148,149,150,-1,
148,150,143,-1,
148,143,142,-1,
148,142,133,-1,
151,152,153,-1,
151,147,152,-1,
151,145,147,-1,
154,148,139,-1,
154,139,145,-1,
154,155,156,-1,
154,156,149,-1,
154,149,148,-1,
157,151,153,-1,
157,158,159,-1,
157,153,158,-1,
160,161,162,-1,
160,162,155,-1,
160,145,151,-1,
160,155,154,-1,
160,154,145,-1,
163,164,165,-1,
163,159,164,-1,
163,157,159,-1,
166,151,157,-1,
166,167,168,-1,
166,168,161,-1,
166,160,151,-1,
166,161,160,-1,
169,163,165,-1,
169,170,171,-1,
169,165,170,-1,
172,166,157,-1,
172,173,174,-1,
172,174,167,-1,
172,167,166,-1,
172,157,163,-1,
175,176,177,-1,
175,171,176,-1,
175,169,171,-1,
178,179,180,-1,
178,180,173,-1,
178,163,169,-1,
178,173,172,-1,
178,172,163,-1,
181,182,183,-1,
181,177,182,-1,
181,175,177,-1,
184,185,186,-1,
184,186,179,-1,
184,169,175,-1,
184,179,178,-1,
184,178,169,-1,
187,181,183,-1,
187,188,189,-1,
187,183,188,-1,
190,184,175,-1,
190,191,192,-1,
190,192,185,-1,
190,175,181,-1,
190,185,184,-1,
193,187,189,-1,
193,194,195,-1,
193,189,194,-1,
196,197,198,-1,
196,198,191,-1,
196,190,181,-1,
196,191,190,-1,
196,181,187,-1,
199,200,201,-1,
199,195,200,-1,
199,193,195,-1,
202,196,187,-1,
202,197,196,-1,
202,203,204,-1,
202,204,197,-1,
202,187,193,-1,
205,206,207,-1,
205,199,201,-1,
205,208,206,-1,
205,209,208,-1,
205,201,209,-1,
210,211,212,-1,
210,212,203,-1,
210,202,193,-1,
210,203,202,-1,
210,193,199,-1,
213,207,214,-1,
213,214,215,-1,
213,215,211,-1,
213,210,199,-1,
213,199,205,-1,
213,205,207,-1,
213,211,210,-1,
216,217,218,-1,
216,219,217,-1,
216,220,219,-1,
221,222,223,-1,
221,218,222,-1,
221,216,218,-1,
224,225,226,-1,
224,226,227,-1,
224,227,228,-1,
224,228,220,-1,
224,220,216,-1,
229,230,231,-1,
229,223,230,-1,
229,221,223,-1,
232,233,234,-1,
232,234,225,-1,
232,224,216,-1,
232,225,224,-1,
232,216,221,-1,
235,236,237,-1,
235,231,236,-1,
235,229,231,-1,
238,239,240,-1,
238,240,233,-1,
238,232,221,-1,
238,233,232,-1,
238,221,229,-1,
241,235,237,-1,
241,242,243,-1,
241,237,242,-1,
244,229,235,-1,
244,245,246,-1,
244,246,239,-1,
244,239,238,-1,
244,238,229,-1,
247,248,249,-1,
247,243,248,-1,
247,241,243,-1,
250,244,235,-1,
250,235,241,-1,
250,251,252,-1,
250,252,245,-1,
250,245,244,-1,
253,247,249,-1,
253,254,255,-1,
253,249,254,-1,
256,257,258,-1,
256,258,251,-1,
256,241,247,-1,
256,251,250,-1,
256,250,241,-1,
259,260,261,-1,
259,255,260,-1,
259,253,255,-1,
262,247,253,-1,
262,263,264,-1,
262,264,257,-1,
262,256,247,-1,
262,257,256,-1,
265,259,261,-1,
265,266,267,-1,
265,261,266,-1,
268,262,253,-1,
268,269,270,-1,
268,270,263,-1,
268,263,262,-1,
268,253,259,-1,
271,272,273,-1,
271,267,272,-1,
271,265,267,-1,
274,275,276,-1,
274,276,269,-1,
274,259,265,-1,
274,269,268,-1,
274,268,259,-1,
277,278,279,-1,
277,273,278,-1,
277,271,273,-1,
280,281,282,-1,
280,282,275,-1,
280,265,271,-1,
280,275,274,-1,
280,274,265,-1,
283,277,279,-1,
283,284,285,-1,
283,279,284,-1,
286,280,271,-1,
286,287,288,-1,
286,288,281,-1,
286,271,277,-1,
286,281,280,-1,
289,283,285,-1,
289,290,291,-1,
289,285,290,-1,
292,293,294,-1,
292,294,287,-1,
292,286,277,-1,
292,287,286,-1,
292,277,283,-1,
295,296,297,-1,
295,291,296,-1,
295,289,291,-1,
298,292,283,-1,
298,293,292,-1,
298,299,300,-1,
298,300,293,-1,
298,283,289,-1,
301,302,303,-1,
301,295,297,-1,
301,304,302,-1,
301,305,304,-1,
301,297,305,-1,
306,307,308,-1,
306,308,299,-1,
306,298,289,-1,
306,299,298,-1,
306,289,295,-1,
309,303,310,-1,
309,310,311,-1,
309,311,307,-1,
309,306,295,-1,
309,295,301,-1,
309,301,303,-1,
309,307,306,-1,
312,313,314,-1,
312,315,313,-1,
312,316,315,-1,
317,318,319,-1,
317,314,318,-1,
317,312,314,-1,
320,321,316,-1,
320,322,323,-1,
320,323,324,-1,
320,316,312,-1,
320,324,321,-1,
325,326,327,-1,
325,319,326,-1,
325,317,319,-1,
328,312,317,-1,
328,329,330,-1,
328,330,322,-1,
328,322,320,-1,
328,320,312,-1,
331,332,333,-1,
331,327,332,-1,
331,325,327,-1,
334,329,328,-1,
334,317,325,-1,
334,335,336,-1,
334,336,329,-1,
334,328,317,-1,
337,331,333,-1,
337,338,339,-1,
337,333,338,-1,
340,325,331,-1,
340,335,334,-1,
340,341,342,-1,
340,342,335,-1,
340,334,325,-1,
343,344,345,-1,
343,339,344,-1,
343,337,339,-1,
346,331,337,-1,
346,347,348,-1,
346,348,341,-1,
346,341,340,-1,
346,340,331,-1,
349,350,351,-1,
349,345,350,-1,
349,343,345,-1,
352,347,346,-1,
352,337,343,-1,
352,346,337,-1,
352,353,354,-1,
352,354,347,-1,
355,356,357,-1,
355,351,356,-1,
355,349,351,-1,
358,352,343,-1,
358,353,352,-1,
358,343,349,-1,
358,359,360,-1,
358,360,353,-1,
361,362,363,-1,
361,357,362,-1,
361,355,357,-1,
364,358,349,-1,
364,365,366,-1,
364,366,359,-1,
364,359,358,-1,
364,349,355,-1,
367,368,369,-1,
367,363,368,-1,
367,361,363,-1,
370,355,361,-1,
370,365,364,-1,
370,364,355,-1,
370,371,372,-1,
370,372,365,-1,
373,374,375,-1,
373,369,374,-1,
373,367,369,-1,
376,370,361,-1,
376,361,367,-1,
376,377,378,-1,
376,378,371,-1,
376,371,370,-1,
379,380,381,-1,
379,375,380,-1,
379,373,375,-1,
382,376,367,-1,
382,377,376,-1,
382,383,384,-1,
382,384,377,-1,
382,367,373,-1,
385,386,387,-1,
385,381,386,-1,
385,379,381,-1,
388,389,390,-1,
388,390,383,-1,
388,383,382,-1,
388,373,379,-1,
388,382,373,-1,
391,392,393,-1,
391,387,392,-1,
391,385,387,-1,
394,388,379,-1,
394,395,396,-1,
394,396,389,-1,
394,389,388,-1,
394,379,385,-1,
397,398,399,-1,
397,400,398,-1,
397,393,400,-1,
397,391,393,-1,
401,394,385,-1,
401,385,391,-1,
401,395,394,-1,
401,402,403,-1,
401,403,395,-1,
404,391,397,-1,
404,402,401,-1,
404,399,405,-1,
404,405,406,-1,
404,406,407,-1,
404,407,402,-1,
404,397,399,-1,
404,401,391,-1,
408,409,410,-1,
411,412,410,-1,
410,412,408,-1,
408,413,409,-1,
412,414,415,-1,
411,414,412,-1,
416,417,418,-1,
418,417,419,-1,
420,421,422,-1,
420,422,423,-1,
424,420,423,-1,
425,426,424,-1,
425,423,427,-1,
425,424,423,-1,
428,429,430,-1,
431,428,425,-1,
432,425,427,-1,
432,431,425,-1,
433,428,431,-1,
433,429,428,-1,
434,435,436,-1,
434,436,437,-1,
438,439,440,-1,
438,440,441,-1,
442,443,444,-1,
442,444,445,-1,
446,443,442,-1,
447,448,443,-1,
447,446,449,-1,
447,443,446,-1,
450,451,452,-1,
453,447,450,-1,
454,447,453,-1,
454,448,447,-1,
455,453,450,-1,
455,450,452,-1,
456,457,458,-1,
458,457,459,-1,
460,461,462,-1,
462,461,463,-1,
464,465,466,-1,
465,467,466,-1,
465,468,467,-1,
468,469,467,-1,
465,470,468,-1,
470,471,472,-1,
473,474,471,-1,
473,475,474,-1,
475,476,474,-1,
477,478,479,-1,
476,480,481,-1,
481,480,482,-1,
475,480,476,-1,
479,483,484,-1,
478,483,479,-1,
478,485,483,-1,
483,486,484,-1,
487,488,489,-1,
490,491,485,-1,
488,492,489,-1,
491,493,494,-1,
492,495,493,-1,
493,495,494,-1,
488,495,492,-1,
474,472,471,-1,
490,493,491,-1,
491,483,485,-1,
475,495,480,-1,
480,495,488,-1,
465,471,470,-1,
496,497,498,-1,
496,498,499,-1,
500,501,497,-1,
500,497,496,-1,
502,503,504,-1,
505,502,504,-1,
506,507,508,-1,
508,509,510,-1,
507,509,508,-1,
511,512,513,-1,
514,515,511,-1,
511,515,512,-1,
515,516,512,-1,
517,518,516,-1,
516,518,512,-1,
518,519,512,-1,
518,520,519,-1,
521,522,523,-1,
524,525,526,-1,
527,525,524,-1,
528,529,530,-1,
528,530,531,-1,
532,533,534,-1,
535,536,532,-1,
533,536,537,-1,
532,536,533,-1,
538,539,540,-1,
540,539,536,-1,
536,539,537,-1,
538,541,539,-1,
542,543,544,-1,
538,545,541,-1,
541,546,539,-1,
545,547,541,-1,
548,549,542,-1,
542,549,543,-1,
549,550,543,-1,
548,551,549,-1,
551,552,549,-1,
551,553,552,-1,
539,554,551,-1,
546,554,539,-1,
551,555,553,-1,
554,555,551,-1,
556,557,546,-1,
546,557,554,-1,
558,559,555,-1,
555,559,553,-1,
560,561,562,-1,
561,563,562,-1,
564,565,566,-1,
566,565,567,-1,
568,569,570,-1,
571,572,573,-1,
571,574,572,-1,
572,575,569,-1,
569,575,570,-1,
574,575,572,-1,
576,577,578,-1,
577,579,574,-1,
574,579,575,-1,
576,579,577,-1,
580,581,582,-1,
582,581,583,-1,
584,585,586,-1,
586,587,588,-1,
588,587,589,-1,
585,587,586,-1,
590,591,592,-1,
590,593,591,-1,
587,594,590,-1,
593,594,595,-1,
585,594,587,-1,
590,594,593,-1,
596,597,598,-1,
599,596,598,-1,
600,601,602,-1,
603,600,596,-1,
603,596,599,-1,
603,601,600,-1,
604,605,606,-1,
606,605,607,-1,
608,609,610,-1,
610,609,611,-1,
612,613,614,-1,
615,616,613,-1,
615,613,612,-1,
617,615,612,-1,
618,619,617,-1,
618,617,612,-1,
620,618,612,-1,
621,618,620,-1,
622,623,624,-1,
625,624,626,-1,
625,622,624,-1,
627,628,629,-1,
630,631,632,-1,
630,632,633,-1,
634,633,635,-1,
634,630,633,-1,
636,637,638,-1,
639,636,638,-1,
640,641,642,-1,
640,643,641,-1,
644,645,646,-1,
647,645,644,-1,
648,649,650,-1,
651,652,653,-1,
654,652,651,-1,
655,656,657,-1,
657,656,658,-1,
659,660,661,-1,
661,660,662,-1,
663,664,665,-1,
665,664,666,-1,
667,668,669,-1,
669,668,670,-1,
671,672,673,-1,
674,672,675,-1,
676,672,674,-1,
677,672,676,-1,
678,672,677,-1,
679,672,678,-1,
673,672,679,-1,
680,681,682,-1,
683,681,680,-1,
672,681,675,-1,
684,681,683,-1,
685,681,684,-1,
686,681,685,-1,
687,681,686,-1,
688,681,687,-1,
689,681,688,-1,
690,681,689,-1,
691,681,690,-1,
692,681,691,-1,
693,681,692,-1,
694,681,693,-1,
695,681,694,-1,
696,681,695,-1,
697,681,696,-1,
698,681,697,-1,
699,681,698,-1,
700,681,699,-1,
701,681,700,-1,
702,681,701,-1,
703,681,702,-1,
704,681,703,-1,
705,681,704,-1,
706,681,705,-1,
675,681,706,-1,
681,670,682,-1,
682,670,668,-1,
707,708,709,-1,
709,708,710,-1,
711,712,713,-1,
712,714,713,-1,
715,716,717,-1,
718,716,715,-1,
719,716,718,-1,
720,716,719,-1,
721,716,720,-1,
722,716,721,-1,
723,716,722,-1,
724,716,723,-1,
725,716,724,-1,
726,716,725,-1,
727,716,726,-1,
728,716,727,-1,
729,716,728,-1,
730,716,729,-1,
731,716,730,-1,
732,716,731,-1,
733,716,732,-1,
734,716,733,-1,
735,716,734,-1,
736,716,735,-1,
737,716,736,-1,
738,716,737,-1,
739,716,738,-1,
740,716,739,-1,
741,716,740,-1,
742,716,741,-1,
743,744,745,-1,
746,744,743,-1,
747,744,746,-1,
748,744,747,-1,
749,744,748,-1,
717,744,749,-1,
745,744,750,-1,
716,744,717,-1,
711,716,712,-1,
712,716,742,-1,
751,752,753,-1,
753,752,754,-1,
755,756,757,-1,
758,756,755,-1,
759,756,758,-1,
760,759,758,-1,
761,762,763,-1,
761,763,764,-1,
765,766,767,-1,
766,768,767,-1,
768,769,770,-1,
770,769,771,-1,
771,769,772,-1,
766,769,768,-1,
773,774,775,-1,
773,776,774,-1,
777,778,779,-1,
780,777,779,-1,
781,780,779,-1,
782,780,781,-1,
783,784,785,-1,
783,786,784,-1,
787,788,789,-1,
787,790,788,-1,
791,792,787,-1,
787,792,790,-1,
791,793,792,-1,
791,794,793,-1,
795,796,797,-1,
798,796,795,-1,
797,799,800,-1,
796,799,797,-1,
800,801,802,-1,
799,801,800,-1,
802,803,804,-1,
801,803,802,-1,
805,806,807,-1,
804,806,805,-1,
803,806,804,-1,
806,808,807,-1,
808,809,807,-1,
807,809,810,-1,
809,811,810,-1,
810,811,812,-1,
811,813,812,-1,
812,813,814,-1,
813,815,814,-1,
816,815,817,-1,
814,815,816,-1,
815,818,817,-1,
817,818,819,-1,
818,820,819,-1,
821,822,823,-1,
819,822,821,-1,
820,822,819,-1,
822,824,823,-1,
825,826,827,-1,
823,826,825,-1,
824,826,823,-1,
826,828,827,-1,
827,829,830,-1,
828,829,827,-1,
830,831,832,-1,
829,831,830,-1,
832,833,834,-1,
831,833,832,-1,
834,835,836,-1,
833,835,834,-1,
836,837,838,-1,
835,837,836,-1,
838,839,840,-1,
837,839,838,-1,
840,841,842,-1,
839,841,840,-1,
842,843,844,-1,
841,843,842,-1,
844,845,846,-1,
843,845,844,-1,
846,847,848,-1,
845,847,846,-1,
848,849,850,-1,
847,849,848,-1,
850,851,852,-1,
849,851,850,-1,
852,853,854,-1,
851,853,852,-1,
854,855,856,-1,
853,855,854,-1,
856,857,858,-1,
855,857,856,-1,
858,859,860,-1,
857,859,858,-1,
861,862,863,-1,
861,864,865,-1,
861,866,864,-1,
861,867,866,-1,
861,868,867,-1,
861,869,868,-1,
861,870,869,-1,
861,871,870,-1,
861,872,871,-1,
861,873,872,-1,
861,874,873,-1,
861,875,874,-1,
861,876,875,-1,
861,877,876,-1,
861,878,877,-1,
861,879,878,-1,
861,880,879,-1,
861,881,880,-1,
861,882,881,-1,
861,883,882,-1,
861,884,883,-1,
861,885,884,-1,
861,886,885,-1,
861,887,886,-1,
861,888,887,-1,
861,889,888,-1,
861,890,889,-1,
861,891,890,-1,
861,892,891,-1,
861,893,892,-1,
861,894,893,-1,
861,895,894,-1,
861,863,895,-1,
861,896,862,-1,
897,896,898,-1,
897,862,896,-1,
899,861,865,-1,
899,865,900,-1,
899,901,902,-1,
899,903,901,-1,
899,904,903,-1,
899,905,904,-1,
899,906,905,-1,
899,907,906,-1,
899,908,907,-1,
899,909,908,-1,
899,910,909,-1,
899,911,910,-1,
899,912,911,-1,
899,913,912,-1,
899,914,913,-1,
899,915,914,-1,
899,916,915,-1,
899,917,916,-1,
899,918,917,-1,
899,919,918,-1,
899,920,919,-1,
899,921,920,-1,
899,922,921,-1,
899,923,922,-1,
899,924,923,-1,
899,925,924,-1,
899,926,925,-1,
899,927,926,-1,
899,928,927,-1,
899,929,928,-1,
899,930,929,-1,
899,931,930,-1,
899,932,931,-1,
899,900,932,-1,
899,902,897,-1,
899,897,898,-1,
933,934,935,-1,
935,934,936,-1,
937,938,939,-1,
940,938,937,-1,
939,941,942,-1,
938,941,939,-1,
942,943,944,-1,
941,943,942,-1,
944,945,946,-1,
943,945,944,-1,
947,948,949,-1,
946,948,947,-1,
945,948,946,-1,
948,950,949,-1,
950,951,949,-1,
949,951,952,-1,
951,953,952,-1,
952,953,954,-1,
953,955,954,-1,
956,955,957,-1,
954,955,956,-1,
955,958,957,-1,
958,959,957,-1,
957,959,960,-1,
961,962,963,-1,
960,962,961,-1,
959,962,960,-1,
962,964,963,-1,
963,965,966,-1,
964,965,963,-1,
966,967,968,-1,
965,967,966,-1,
969,970,971,-1,
968,970,969,-1,
967,970,968,-1,
970,972,971,-1,
971,973,974,-1,
972,973,971,-1,
974,975,976,-1,
973,975,974,-1,
976,977,978,-1,
975,977,976,-1,
978,979,980,-1,
977,979,978,-1,
980,981,982,-1,
979,981,980,-1,
982,983,984,-1,
981,983,982,-1,
984,985,986,-1,
983,985,984,-1,
986,987,988,-1,
985,987,986,-1,
988,989,990,-1,
987,989,988,-1,
990,991,992,-1,
989,991,990,-1,
993,994,995,-1,
992,994,993,-1,
991,994,992,-1,
994,996,995,-1,
995,997,998,-1,
996,997,995,-1,
998,999,1000,-1,
997,999,998,-1,
1000,1001,1002,-1,
999,1001,1000,-1,
1003,1004,1005,-1,
1005,1004,1006,-1,
1007,1008,1009,-1,
1010,1008,1007,-1,
1011,1012,1013,-1,
1011,1014,1012,-1,
1015,1016,1017,-1,
1018,1017,1016,-1,
1019,1015,1017,-1,
1020,1017,1018,-1,
1021,1019,1017,-1,
1022,1017,1020,-1,
1023,1021,1017,-1,
1024,1017,1022,-1,
1025,1023,1017,-1,
1026,1017,1024,-1,
1027,1025,1017,-1,
1028,1017,1026,-1,
1029,1027,1017,-1,
1030,1017,1028,-1,
1031,1029,1017,-1,
1032,1017,1030,-1,
1033,1031,1017,-1,
1034,1017,1032,-1,
1035,1033,1017,-1,
1036,1017,1034,-1,
1037,1035,1017,-1,
1038,1017,1036,-1,
1039,1037,1017,-1,
1040,1017,1038,-1,
1041,1039,1017,-1,
1042,1017,1040,-1,
1043,1041,1017,-1,
1044,1017,1042,-1,
1045,1043,1017,-1,
1046,1017,1044,-1,
1047,1045,1017,-1,
1048,1049,1017,-1,
1048,1017,1046,-1,
1050,1049,1048,-1,
1051,1049,1050,-1,
1052,1049,1051,-1,
1053,1049,1052,-1,
1054,1049,1053,-1,
1055,1049,1054,-1,
1056,1049,1055,-1,
1057,1049,1056,-1,
1058,1049,1057,-1,
1059,1049,1058,-1,
1060,1049,1059,-1,
1061,1049,1060,-1,
1062,1049,1061,-1,
1063,1049,1062,-1,
1064,1049,1063,-1,
1065,1049,1064,-1,
1066,1049,1065,-1,
1067,1049,1066,-1,
1068,1049,1067,-1,
1069,1049,1068,-1,
1070,1049,1069,-1,
1071,1049,1070,-1,
1072,1049,1071,-1,
1073,1074,1075,-1,
1073,1076,1074,-1,
1073,1077,1076,-1,
1073,1078,1077,-1,
1073,1079,1078,-1,
1073,1080,1079,-1,
1073,1081,1080,-1,
1073,1082,1081,-1,
1073,1083,1082,-1,
1073,1084,1083,-1,
1073,1085,1084,-1,
1073,1086,1085,-1,
1073,1087,1086,-1,
1073,1088,1087,-1,
1073,1089,1088,-1,
1073,1090,1089,-1,
1073,1091,1090,-1,
1073,1092,1091,-1,
1073,1093,1092,-1,
1073,1094,1093,-1,
1073,1095,1094,-1,
1073,1096,1095,-1,
1073,1097,1096,-1,
1073,1098,1097,-1,
1073,1099,1098,-1,
1073,1100,1101,-1,
1073,1102,1100,-1,
1073,1103,1102,-1,
1073,1075,1103,-1,
1104,1105,1073,-1,
1106,1107,1108,-1,
1109,1108,1107,-1,
1110,1106,1108,-1,
1111,1108,1109,-1,
1112,1110,1108,-1,
1113,1108,1111,-1,
1114,1112,1108,-1,
1115,1108,1113,-1,
1116,1114,1108,-1,
1117,1108,1115,-1,
1118,1116,1108,-1,
1119,1108,1117,-1,
1120,1118,1108,-1,
1121,1108,1119,-1,
1122,1120,1108,-1,
1123,1108,1121,-1,
1124,1108,1123,-1,
1125,1108,1124,-1,
1126,1108,1125,-1,
1127,1108,1126,-1,
1128,1108,1127,-1,
1129,1108,1128,-1,
1130,1131,1108,-1,
1130,1108,1129,-1,
1132,1131,1130,-1,
1133,1131,1132,-1,
1134,1131,1133,-1,
1135,1131,1134,-1,
1136,1131,1135,-1,
1137,1131,1136,-1,
1138,1131,1137,-1,
1139,1140,1104,-1,
1139,1104,1073,-1,
1139,1141,1142,-1,
1139,1143,1141,-1,
1139,1144,1143,-1,
1139,1145,1144,-1,
1139,1146,1145,-1,
1139,1147,1146,-1,
1139,1148,1147,-1,
1139,1149,1148,-1,
1139,1150,1149,-1,
1139,1151,1150,-1,
1139,1152,1151,-1,
1139,1153,1152,-1,
1139,1154,1153,-1,
1139,1155,1154,-1,
1139,1156,1155,-1,
1139,1157,1156,-1,
1139,1158,1157,-1,
1139,1159,1158,-1,
1139,1160,1159,-1,
1139,1101,1160,-1,
1139,1073,1101,-1,
1161,1131,1138,-1,
1162,1131,1161,-1,
1163,1131,1162,-1,
1164,1131,1163,-1,
1165,1131,1164,-1,
1166,1131,1165,-1,
1167,1131,1166,-1,
1168,1131,1167,-1,
1169,1131,1168,-1,
1170,1131,1169,-1,
1171,1131,1170,-1,
1172,1131,1171,-1,
1173,1131,1172,-1,
1174,1131,1173,-1,
1175,1131,1174,-1,
1176,1131,1175,-1,
1177,1131,1176,-1,
1178,1131,1177,-1,
1179,1131,1178,-1,
1180,1131,1179,-1,
1181,1131,1180,-1,
1182,1183,1184,-1,
1182,1185,1183,-1,
1182,1186,1185,-1,
1182,1187,1186,-1,
1182,1188,1187,-1,
1182,1189,1140,-1,
1182,1190,1188,-1,
1182,1191,1190,-1,
1182,1192,1191,-1,
1182,1193,1192,-1,
1182,1194,1193,-1,
1182,1195,1194,-1,
1182,1196,1195,-1,
1182,1197,1196,-1,
1182,1198,1197,-1,
1182,1199,1198,-1,
1182,1200,1199,-1,
1182,1201,1200,-1,
1182,1202,1201,-1,
1182,1203,1202,-1,
1182,1204,1203,-1,
1182,1205,1204,-1,
1182,1206,1205,-1,
1182,1207,1206,-1,
1182,1208,1207,-1,
1182,1209,1208,-1,
1182,1210,1209,-1,
1182,1211,1210,-1,
1182,1212,1211,-1,
1182,1213,1212,-1,
1182,1214,1213,-1,
1182,1215,1214,-1,
1182,1216,1215,-1,
1182,1217,1216,-1,
1182,1218,1217,-1,
1182,1219,1218,-1,
1220,1219,1182,-1,
1220,1221,1219,-1,
1220,1222,1221,-1,
1220,1223,1222,-1,
1220,1224,1223,-1,
1220,1225,1224,-1,
1220,1226,1225,-1,
1220,1227,1226,-1,
1220,1228,1227,-1,
1220,1229,1228,-1,
1220,1230,1229,-1,
1220,1182,1140,-1,
1220,1140,1139,-1,
1073,1049,1231,-1,
1231,1049,1232,-1,
1232,1049,1233,-1,
1233,1049,1234,-1,
1234,1049,1235,-1,
1235,1049,1236,-1,
1236,1049,1237,-1,
1237,1049,1238,-1,
1238,1049,1072,-1,
1073,1231,1239,-1,
1073,1239,1240,-1,
1073,1240,1241,-1,
1073,1241,1242,-1,
1073,1242,1243,-1,
1073,1243,1244,-1,
1073,1244,1245,-1,
1073,1245,1246,-1,
1073,1246,1247,-1,
1073,1247,1248,-1,
1073,1248,1249,-1,
1073,1249,1250,-1,
1073,1250,1099,-1,
1017,1139,1047,-1,
1047,1139,1142,-1,
1220,1131,1251,-1,
1251,1131,1252,-1,
1252,1131,1253,-1,
1253,1131,1254,-1,
1254,1131,1181,-1,
1220,1251,1255,-1,
1220,1255,1256,-1,
1220,1256,1257,-1,
1220,1257,1258,-1,
1220,1258,1259,-1,
1220,1259,1260,-1,
1220,1260,1261,-1,
1220,1261,1262,-1,
1220,1262,1263,-1,
1220,1263,1264,-1,
1220,1264,1230,-1,
1108,1182,1265,-1,
1265,1182,1266,-1,
1266,1182,1267,-1,
1267,1182,1268,-1,
1268,1182,1269,-1,
1269,1182,1270,-1,
1270,1182,1271,-1,
1271,1182,1184,-1,
1108,1265,1272,-1,
1108,1272,1273,-1,
1108,1273,1274,-1,
1108,1274,1275,-1,
1108,1275,1276,-1,
1108,1276,1277,-1,
1108,1277,1278,-1,
1108,1278,1122,-1,
1279,1280,1281,-1,
1282,1279,1281,-1,
1282,1281,1283,-1,
1284,1282,1283,-1,
1284,1283,1285,-1,
1286,1284,1285,-1,
1286,1285,1287,-1,
1288,1286,1287,-1,
1288,1287,1289,-1,
1290,1288,1289,-1,
1290,1289,1291,-1,
1292,1290,1291,-1,
1292,1291,1293,-1,
1294,1292,1293,-1,
1294,1293,1295,-1,
1296,1294,1295,-1,
1296,1295,1297,-1,
1298,1296,1297,-1,
1298,1297,1299,-1,
1300,1298,1299,-1,
1300,1299,1301,-1,
1302,1300,1301,-1,
1302,1301,1303,-1,
1304,1302,1303,-1,
1304,1303,1305,-1,
1306,1305,1307,-1,
1306,1304,1305,-1,
1308,1307,1309,-1,
1308,1306,1307,-1,
1310,1309,1311,-1,
1310,1308,1309,-1,
1312,1311,1313,-1,
1312,1310,1311,-1,
1314,1312,1313,-1,
1314,1313,1315,-1,
1316,1314,1315,-1,
1316,1315,1317,-1,
1318,1316,1317,-1,
1318,1317,1319,-1,
1320,1318,1319,-1,
1320,1319,1321,-1,
1322,1320,1321,-1,
1322,1321,1323,-1,
1324,1322,1323,-1,
1324,1323,1325,-1,
1326,1324,1325,-1,
1326,1325,1327,-1,
1328,1326,1327,-1,
1328,1327,1329,-1,
1330,1328,1329,-1,
1330,1329,1331,-1,
1332,1330,1331,-1,
1332,1331,1333,-1,
1334,1332,1333,-1,
1334,1333,1335,-1,
1336,1334,1335,-1,
1336,1335,1337,-1,
1338,1336,1337,-1,
1338,1337,1339,-1,
1340,1338,1339,-1,
1340,1339,1341,-1,
1342,1340,1341,-1,
1342,1341,1343,-1,
1344,1343,1345,-1,
1344,1342,1343,-1,
1346,1345,1347,-1,
1346,1344,1345,-1,
1348,1347,1349,-1,
1348,1346,1347,-1,
1350,1349,1351,-1,
1350,1348,1349,-1,
1352,1351,1353,-1,
1352,1350,1351,-1,
1354,1353,1355,-1,
1354,1352,1353,-1,
1356,1355,1357,-1,
1356,1354,1355,-1,
1358,1357,1359,-1,
1358,1356,1357,-1,
1360,1359,1361,-1,
1360,1358,1359,-1,
1362,1361,1363,-1,
1362,1360,1361,-1,
1364,1362,1363,-1,
1364,1363,1365,-1,
1366,1364,1365,-1,
1366,1365,1367,-1,
1368,1366,1367,-1,
1368,1367,1369,-1,
1370,1368,1369,-1,
1370,1369,1371,-1,
1372,1371,1373,-1,
1372,1370,1371,-1,
1374,1373,1375,-1,
1374,1372,1373,-1,
1376,1375,1377,-1,
1376,1374,1375,-1,
1378,1377,1379,-1,
1378,1376,1377,-1,
1380,1379,1381,-1,
1380,1378,1379,-1,
1382,1381,1383,-1,
1382,1380,1381,-1,
1384,1383,1385,-1,
1384,1382,1383,-1,
1386,1385,1387,-1,
1386,1384,1385,-1,
1388,1387,1389,-1,
1388,1386,1387,-1,
1390,1389,1391,-1,
1390,1388,1389,-1,
1392,1391,1393,-1,
1392,1390,1391,-1,
1394,1393,1395,-1,
1394,1392,1393,-1,
1396,1395,1397,-1,
1396,1394,1395,-1,
1398,1397,1399,-1,
1398,1396,1397,-1,
1400,1399,1401,-1,
1400,1398,1399,-1,
1402,1400,1401,-1,
1402,1401,1403,-1,
1404,1402,1403,-1,
1404,1403,1405,-1,
1406,1404,1405,-1,
1406,1405,1407,-1,
1408,1409,1410,-1,
1408,1411,1409,-1,
1408,1412,1411,-1,
1413,1414,1415,-1,
1413,1410,1414,-1,
1413,1408,1410,-1,
1416,1417,1418,-1,
1416,1418,1419,-1,
1416,1419,1420,-1,
1416,1420,1412,-1,
1416,1412,1408,-1,
1421,1422,1423,-1,
1421,1415,1422,-1,
1421,1413,1415,-1,
1424,1425,1426,-1,
1424,1426,1417,-1,
1424,1416,1408,-1,
1424,1417,1416,-1,
1424,1408,1413,-1,
1427,1428,1429,-1,
1427,1423,1428,-1,
1427,1421,1423,-1,
1430,1431,1432,-1,
1430,1432,1425,-1,
1430,1424,1413,-1,
1430,1425,1424,-1,
1430,1413,1421,-1,
1433,1427,1429,-1,
1433,1434,1435,-1,
1433,1429,1434,-1,
1436,1421,1427,-1,
1436,1437,1438,-1,
1436,1438,1431,-1,
1436,1431,1430,-1,
1436,1430,1421,-1,
1439,1440,1441,-1,
1439,1435,1440,-1,
1439,1433,1435,-1,
1442,1436,1427,-1,
1442,1427,1433,-1,
1442,1443,1444,-1,
1442,1444,1437,-1,
1442,1437,1436,-1,
1445,1439,1441,-1,
1445,1446,1447,-1,
1445,1441,1446,-1,
1448,1449,1450,-1,
1448,1450,1443,-1,
1448,1433,1439,-1,
1448,1443,1442,-1,
1448,1442,1433,-1,
1451,1452,1453,-1,
1451,1447,1452,-1,
1451,1445,1447,-1,
1454,1439,1445,-1,
1454,1455,1456,-1,
1454,1456,1449,-1,
1454,1448,1439,-1,
1454,1449,1448,-1,
1457,1451,1453,-1,
1457,1458,1459,-1,
1457,1453,1458,-1,
1460,1454,1445,-1,
1460,1461,1462,-1,
1460,1462,1455,-1,
1460,1455,1454,-1,
1460,1445,1451,-1,
1463,1464,1465,-1,
1463,1459,1464,-1,
1463,1457,1459,-1,
1466,1467,1468,-1,
1466,1468,1461,-1,
1466,1451,1457,-1,
1466,1461,1460,-1,
1466,1460,1451,-1,
1469,1470,1471,-1,
1469,1465,1470,-1,
1469,1463,1465,-1,
1472,1473,1474,-1,
1472,1474,1467,-1,
1472,1457,1463,-1,
1472,1467,1466,-1,
1472,1466,1457,-1,
1475,1469,1471,-1,
1475,1476,1477,-1,
1475,1471,1476,-1,
1478,1472,1463,-1,
1478,1479,1480,-1,
1478,1480,1473,-1,
1478,1463,1469,-1,
1478,1473,1472,-1,
1481,1475,1477,-1,
1481,1482,1483,-1,
1481,1477,1482,-1,
1484,1485,1486,-1,
1484,1486,1479,-1,
1484,1478,1469,-1,
1484,1479,1478,-1,
1484,1469,1475,-1,
1487,1488,1489,-1,
1487,1483,1488,-1,
1487,1481,1483,-1,
1490,1484,1475,-1,
1490,1485,1484,-1,
1490,1491,1492,-1,
1490,1492,1485,-1,
1490,1475,1481,-1,
1493,1494,1495,-1,
1493,1487,1489,-1,
1493,1496,1494,-1,
1493,1497,1496,-1,
1493,1489,1497,-1,
1498,1499,1500,-1,
1498,1500,1491,-1,
1498,1490,1481,-1,
1498,1491,1490,-1,
1498,1481,1487,-1,
1501,1495,1502,-1,
1501,1502,1503,-1,
1501,1503,1499,-1,
1501,1498,1487,-1,
1501,1487,1493,-1,
1501,1493,1495,-1,
1501,1499,1498,-1,
1504,1505,1506,-1,
1504,1506,1507,-1,
1508,1509,1510,-1,
1511,1512,1504,-1,
1513,1511,1504,-1,
1514,1515,1516,-1,
1517,1518,1519,-1,
1517,1519,1520,-1,
1521,1522,1523,-1,
1524,1525,1526,-1,
1524,1526,1527,-1,
1528,1525,1524,-1,
1528,1529,1525,-1,
1530,1528,1531,-1,
1532,1521,1523,-1,
1532,1533,1534,-1,
1532,1534,1535,-1,
1532,1535,1536,-1,
1532,1536,1537,-1,
1532,1537,1521,-1,
1532,1523,1538,-1,
1532,1538,1539,-1,
1532,1539,1540,-1,
1532,1540,1541,-1,
1532,1541,1542,-1,
1532,1542,1543,-1,
1532,1543,1517,-1,
1532,1520,1544,-1,
1532,1544,1545,-1,
1532,1545,1546,-1,
1532,1546,1547,-1,
1532,1547,1513,-1,
1532,1517,1520,-1,
1548,1528,1530,-1,
1549,1528,1548,-1,
1550,1551,1532,-1,
1552,1550,1532,-1,
1553,1554,1555,-1,
1553,1555,1556,-1,
1557,1554,1553,-1,
1557,1549,1554,-1,
1558,1559,1560,-1,
1561,1560,1552,-1,
1561,1558,1560,-1,
1562,1563,1561,-1,
1564,1565,1566,-1,
1567,1565,1564,-1,
1567,1557,1565,-1,
1568,1569,1562,-1,
1570,1557,1567,-1,
1571,1570,1572,-1,
1573,1574,1575,-1,
1573,1575,1568,-1,
1576,1577,1573,-1,
1576,1568,1562,-1,
1576,1573,1568,-1,
1578,1579,1576,-1,
1580,1581,1582,-1,
1583,1581,1580,-1,
1583,1584,1585,-1,
1583,1585,1581,-1,
1583,1580,1586,-1,
1587,1583,1588,-1,
1587,1588,1589,-1,
1590,1591,1592,-1,
1590,1592,1593,-1,
1594,1595,1596,-1,
1594,1587,1595,-1,
1597,1598,1599,-1,
1597,1599,1590,-1,
1600,1601,1602,-1,
1603,1604,1605,-1,
1603,1605,1597,-1,
1606,1600,1607,-1,
1606,1601,1600,-1,
1608,1609,1603,-1,
1610,1608,1603,-1,
1610,1603,1597,-1,
1611,1612,1610,-1,
1613,1593,1614,-1,
1613,1614,1578,-1,
1613,1590,1593,-1,
1613,1611,1610,-1,
1613,1610,1597,-1,
1613,1578,1576,-1,
1613,1597,1590,-1,
1615,1561,1552,-1,
1615,1594,1601,-1,
1615,1576,1562,-1,
1615,1606,1616,-1,
1615,1616,1617,-1,
1615,1617,1618,-1,
1615,1618,1619,-1,
1615,1528,1549,-1,
1615,1583,1587,-1,
1615,1601,1606,-1,
1615,1584,1583,-1,
1615,1587,1594,-1,
1615,1529,1528,-1,
1615,1557,1570,-1,
1615,1504,1507,-1,
1615,1532,1513,-1,
1615,1513,1504,-1,
1615,1509,1508,-1,
1615,1507,1509,-1,
1615,1613,1576,-1,
1615,1508,1620,-1,
1615,1552,1532,-1,
1615,1620,1621,-1,
1615,1549,1557,-1,
1615,1621,1622,-1,
1615,1622,1623,-1,
1615,1623,1515,-1,
1615,1570,1571,-1,
1615,1514,1624,-1,
1615,1624,1625,-1,
1615,1625,1626,-1,
1615,1626,1627,-1,
1615,1627,1628,-1,
1615,1628,1629,-1,
1615,1629,1630,-1,
1615,1630,1631,-1,
1615,1631,1529,-1,
1615,1515,1514,-1,
1615,1562,1561,-1,
1615,1571,1584,-1,
1632,1633,1634,-1,
1635,1633,1632,-1,
1636,1637,1635,-1,
1638,1639,1640,-1,
1641,1636,1635,-1,
1642,1638,1643,-1,
1644,1645,1646,-1,
1644,1646,1647,-1,
1644,1647,1648,-1,
1644,1648,1649,-1,
1644,1649,1650,-1,
1651,1652,1653,-1,
1651,1653,1654,-1,
1651,1654,1655,-1,
1651,1655,1656,-1,
1651,1656,1657,-1,
1658,1659,1660,-1,
1658,1660,1661,-1,
1658,1661,1662,-1,
1658,1662,1651,-1,
1663,1664,1665,-1,
1663,1665,1666,-1,
1663,1666,1667,-1,
1663,1644,1668,-1,
1663,1668,1669,-1,
1663,1669,1664,-1,
1670,1671,1672,-1,
1673,1663,1674,-1,
1675,1676,1677,-1,
1675,1677,1670,-1,
1678,1679,1680,-1,
1681,1678,1682,-1,
1683,1657,1684,-1,
1683,1684,1641,-1,
1683,1675,1670,-1,
1683,1670,1672,-1,
1683,1651,1657,-1,
1683,1685,1686,-1,
1683,1686,1675,-1,
1683,1658,1651,-1,
1683,1672,1687,-1,
1683,1687,1658,-1,
1688,1673,1679,-1,
1688,1681,1689,-1,
1688,1679,1678,-1,
1688,1678,1681,-1,
1690,1691,1692,-1,
1693,1688,1694,-1,
1695,1690,1692,-1,
1695,1692,1683,-1,
1696,1693,1697,-1,
1696,1688,1693,-1,
1698,1699,1695,-1,
1700,1695,1683,-1,
1700,1698,1695,-1,
1701,1702,1700,-1,
1703,1696,1704,-1,
1703,1704,1705,-1,
1703,1705,1706,-1,
1707,1696,1703,-1,
1708,1696,1707,-1,
1709,1710,1711,-1,
1709,1711,1701,-1,
1709,1701,1700,-1,
1712,1713,1709,-1,
1714,1715,1716,-1,
1717,1718,1712,-1,
1719,1720,1715,-1,
1719,1715,1714,-1,
1721,1720,1719,-1,
1722,1708,1720,-1,
1722,1720,1721,-1,
1723,1722,1724,-1,
1725,1723,1726,-1,
1725,1726,1727,-1,
1728,1729,1730,-1,
1728,1730,1731,-1,
1732,1723,1725,-1,
1733,1734,1728,-1,
1735,1732,1736,-1,
1737,1738,1733,-1,
1739,1735,1740,-1,
1741,1737,1733,-1,
1742,1739,1743,-1,
1742,1735,1739,-1,
1744,1745,1746,-1,
1744,1746,1747,-1,
1744,1747,1741,-1,
1748,1742,1749,-1,
1750,1751,1744,-1,
1752,1717,1712,-1,
1752,1708,1722,-1,
1752,1632,1639,-1,
1752,1683,1641,-1,
1752,1673,1688,-1,
1752,1722,1723,-1,
1752,1642,1645,-1,
1752,1723,1732,-1,
1752,1732,1735,-1,
1752,1635,1632,-1,
1752,1638,1642,-1,
1752,1733,1728,-1,
1752,1696,1708,-1,
1752,1748,1753,-1,
1752,1639,1638,-1,
1752,1753,1754,-1,
1752,1754,1755,-1,
1752,1741,1733,-1,
1752,1750,1744,-1,
1752,1756,1750,-1,
1752,1744,1741,-1,
1752,1641,1635,-1,
1752,1735,1742,-1,
1752,1688,1696,-1,
1752,1645,1644,-1,
1752,1731,1757,-1,
1752,1757,1758,-1,
1752,1758,1759,-1,
1752,1700,1683,-1,
1752,1759,1717,-1,
1752,1742,1748,-1,
1752,1728,1731,-1,
1752,1663,1673,-1,
1752,1709,1700,-1,
1752,1644,1663,-1,
1752,1712,1709,-1,
1760,1761,1762,-1,
1760,1763,1761,-1,
1760,1764,1763,-1,
1765,1766,1767,-1,
1765,1762,1766,-1,
1765,1760,1762,-1,
1768,1769,1764,-1,
1768,1770,1771,-1,
1768,1771,1772,-1,
1768,1764,1760,-1,
1768,1772,1769,-1,
1773,1774,1775,-1,
1773,1767,1774,-1,
1773,1765,1767,-1,
1776,1760,1765,-1,
1776,1777,1778,-1,
1776,1778,1770,-1,
1776,1770,1768,-1,
1776,1768,1760,-1,
1779,1780,1781,-1,
1779,1775,1780,-1,
1779,1773,1775,-1,
1782,1777,1776,-1,
1782,1765,1773,-1,
1782,1783,1784,-1,
1782,1784,1777,-1,
1782,1776,1765,-1,
1785,1779,1781,-1,
1785,1786,1787,-1,
1785,1781,1786,-1,
1788,1773,1779,-1,
1788,1783,1782,-1,
1788,1789,1790,-1,
1788,1790,1783,-1,
1788,1782,1773,-1,
1791,1792,1793,-1,
1791,1787,1792,-1,
1791,1785,1787,-1,
1794,1779,1785,-1,
1794,1795,1796,-1,
1794,1796,1789,-1,
1794,1789,1788,-1,
1794,1788,1779,-1,
1797,1798,1799,-1,
1797,1793,1798,-1,
1797,1791,1793,-1,
1800,1795,1794,-1,
1800,1785,1791,-1,
1800,1794,1785,-1,
1800,1801,1802,-1,
1800,1802,1795,-1,
1803,1804,1805,-1,
1803,1799,1804,-1,
1803,1797,1799,-1,
1806,1800,1791,-1,
1806,1801,1800,-1,
1806,1791,1797,-1,
1806,1807,1808,-1,
1806,1808,1801,-1,
1809,1810,1811,-1,
1809,1805,1810,-1,
1809,1803,1805,-1,
1812,1806,1797,-1,
1812,1813,1814,-1,
1812,1814,1807,-1,
1812,1807,1806,-1,
1812,1797,1803,-1,
1815,1816,1817,-1,
1815,1811,1816,-1,
1815,1809,1811,-1,
1818,1803,1809,-1,
1818,1813,1812,-1,
1818,1812,1803,-1,
1818,1819,1820,-1,
1818,1820,1813,-1,
1821,1822,1823,-1,
1821,1817,1822,-1,
1821,1815,1817,-1,
1824,1818,1809,-1,
1824,1809,1815,-1,
1824,1825,1826,-1,
1824,1826,1819,-1,
1824,1819,1818,-1,
1827,1828,1829,-1,
1827,1823,1828,-1,
1827,1821,1823,-1,
1830,1824,1815,-1,
1830,1825,1824,-1,
1830,1831,1832,-1,
1830,1832,1825,-1,
1830,1815,1821,-1,
1833,1834,1835,-1,
1833,1829,1834,-1,
1833,1827,1829,-1,
1836,1837,1838,-1,
1836,1838,1831,-1,
1836,1831,1830,-1,
1836,1821,1827,-1,
1836,1830,1821,-1,
1839,1840,1841,-1,
1839,1835,1840,-1,
1839,1833,1835,-1,
1842,1836,1827,-1,
1842,1843,1844,-1,
1842,1844,1837,-1,
1842,1837,1836,-1,
1842,1827,1833,-1,
1845,1846,1847,-1,
1845,1848,1846,-1,
1845,1841,1848,-1,
1845,1839,1841,-1,
1849,1842,1833,-1,
1849,1833,1839,-1,
1849,1843,1842,-1,
1849,1850,1851,-1,
1849,1851,1843,-1,
1852,1839,1845,-1,
1852,1850,1849,-1,
1852,1847,1853,-1,
1852,1853,1854,-1,
1852,1854,1855,-1,
1852,1855,1850,-1,
1852,1845,1847,-1,
1852,1849,1839,-1,
1856,1857,1858,-1,
1859,1856,1858,-1,
1859,1858,1860,-1,
1861,1859,1860,-1,
1861,1860,1862,-1,
1863,1861,1862,-1,
1863,1862,1864,-1,
1865,1863,1864,-1,
1865,1864,1866,-1,
1867,1865,1866,-1,
1867,1866,1868,-1,
1869,1867,1868,-1,
1869,1868,1870,-1,
1871,1869,1870,-1,
1871,1870,1872,-1,
1873,1871,1872,-1,
1873,1872,1874,-1,
1875,1873,1874,-1,
1875,1874,1876,-1,
1877,1875,1876,-1,
1877,1876,1878,-1,
1879,1877,1878,-1,
1879,1878,1880,-1,
1881,1879,1880,-1,
1881,1880,1882,-1,
1883,1882,1884,-1,
1883,1881,1882,-1,
1885,1884,1886,-1,
1885,1883,1884,-1,
1887,1886,1888,-1,
1887,1885,1886,-1,
1889,1888,1890,-1,
1889,1887,1888,-1,
1891,1889,1890,-1,
1891,1890,1892,-1,
1893,1891,1892,-1,
1893,1892,1894,-1,
1895,1893,1894,-1,
1895,1894,1896,-1,
1897,1895,1896,-1,
1897,1896,1898,-1,
1899,1897,1898,-1,
1899,1898,1900,-1,
1901,1899,1900,-1,
1901,1900,1902,-1,
1903,1901,1902,-1,
1903,1902,1904,-1,
1905,1903,1904,-1,
1905,1904,1906,-1,
1907,1905,1906,-1,
1907,1906,1908,-1,
1909,1907,1908,-1,
1909,1908,1910,-1,
1911,1909,1910,-1,
1911,1910,1912,-1,
1913,1911,1912,-1,
1913,1912,1914,-1,
1915,1913,1914,-1,
1915,1914,1916,-1,
1917,1915,1916,-1,
1917,1916,1918,-1,
1919,1917,1918,-1,
1919,1918,1920,-1,
1921,1920,1922,-1,
1921,1919,1920,-1,
1923,1922,1924,-1,
1923,1921,1922,-1,
1925,1924,1926,-1,
1925,1923,1924,-1,
1927,1926,1928,-1,
1927,1925,1926,-1,
1929,1928,1930,-1,
1929,1927,1928,-1,
1931,1930,1932,-1,
1931,1929,1930,-1,
1933,1932,1934,-1,
1933,1931,1932,-1,
1935,1934,1936,-1,
1935,1933,1934,-1,
1937,1936,1938,-1,
1937,1935,1936,-1,
1939,1938,1940,-1,
1939,1937,1938,-1,
1941,1939,1940,-1,
1941,1940,1942,-1,
1943,1941,1942,-1,
1943,1942,1944,-1,
1945,1943,1944,-1,
1945,1944,1946,-1,
1947,1945,1946,-1,
1947,1946,1948,-1,
1949,1948,1950,-1,
1949,1947,1948,-1,
1951,1950,1952,-1,
1951,1949,1950,-1,
1953,1952,1954,-1,
1953,1951,1952,-1,
1955,1954,1956,-1,
1955,1953,1954,-1,
1957,1956,1958,-1,
1957,1955,1956,-1,
1959,1958,1960,-1,
1959,1957,1958,-1,
1961,1960,1962,-1,
1961,1959,1960,-1,
1963,1962,1964,-1,
1963,1961,1962,-1,
1965,1964,1966,-1,
1965,1963,1964,-1,
1967,1966,1968,-1,
1967,1965,1966,-1,
1969,1968,1970,-1,
1969,1967,1968,-1,
1971,1970,1972,-1,
1971,1969,1970,-1,
1973,1972,1974,-1,
1973,1971,1972,-1,
1975,1974,1976,-1,
1975,1973,1974,-1,
1977,1976,1978,-1,
1977,1975,1976,-1,
1979,1977,1978,-1,
1979,1978,1980,-1,
1981,1979,1980,-1,
1981,1980,1982,-1,
1983,1981,1982,-1,
1983,1982,1984,-1,
1985,1986,1987,-1,
1985,1988,1986,-1,
1985,1989,1988,-1,
1990,1991,1992,-1,
1990,1987,1991,-1,
1990,1985,1987,-1,
1993,1994,1989,-1,
1993,1995,1996,-1,
1993,1996,1997,-1,
1993,1989,1985,-1,
1993,1997,1994,-1,
1998,1999,2000,-1,
1998,1992,1999,-1,
1998,1990,1992,-1,
2001,1985,1990,-1,
2001,2002,2003,-1,
2001,2003,1995,-1,
2001,1995,1993,-1,
2001,1993,1985,-1,
2004,2005,2006,-1,
2004,2000,2005,-1,
2004,1998,2000,-1,
2007,2002,2001,-1,
2007,1990,1998,-1,
2007,2008,2009,-1,
2007,2009,2002,-1,
2007,2001,1990,-1,
2010,2004,2006,-1,
2010,2011,2012,-1,
2010,2006,2011,-1,
2013,1998,2004,-1,
2013,2008,2007,-1,
2013,2014,2015,-1,
2013,2015,2008,-1,
2013,2007,1998,-1,
2016,2017,2018,-1,
2016,2012,2017,-1,
2016,2010,2012,-1,
2019,2004,2010,-1,
2019,2020,2021,-1,
2019,2021,2014,-1,
2019,2014,2013,-1,
2019,2013,2004,-1,
2022,2023,2024,-1,
2022,2018,2023,-1,
2022,2016,2018,-1,
2025,2020,2019,-1,
2025,2010,2016,-1,
2025,2019,2010,-1,
2025,2026,2027,-1,
2025,2027,2020,-1,
2028,2029,2030,-1,
2028,2024,2029,-1,
2028,2022,2024,-1,
2031,2025,2016,-1,
2031,2026,2025,-1,
2031,2016,2022,-1,
2031,2032,2033,-1,
2031,2033,2026,-1,
2034,2035,2036,-1,
2034,2030,2035,-1,
2034,2028,2030,-1,
2037,2031,2022,-1,
2037,2038,2039,-1,
2037,2039,2032,-1,
2037,2032,2031,-1,
2037,2022,2028,-1,
2040,2041,2042,-1,
2040,2036,2041,-1,
2040,2034,2036,-1,
2043,2028,2034,-1,
2043,2038,2037,-1,
2043,2037,2028,-1,
2043,2044,2045,-1,
2043,2045,2038,-1,
2046,2047,2048,-1,
2046,2042,2047,-1,
2046,2040,2042,-1,
2049,2043,2034,-1,
2049,2034,2040,-1,
2049,2050,2051,-1,
2049,2051,2044,-1,
2049,2044,2043,-1,
2052,2053,2054,-1,
2052,2048,2053,-1,
2052,2046,2048,-1,
2055,2049,2040,-1,
2055,2050,2049,-1,
2055,2056,2057,-1,
2055,2057,2050,-1,
2055,2040,2046,-1,
2058,2059,2060,-1,
2058,2054,2059,-1,
2058,2052,2054,-1,
2061,2062,2063,-1,
2061,2063,2056,-1,
2061,2056,2055,-1,
2061,2046,2052,-1,
2061,2055,2046,-1,
2064,2065,2066,-1,
2064,2060,2065,-1,
2064,2058,2060,-1,
2067,2061,2052,-1,
2067,2058,2064,-1,
2067,2068,2069,-1,
2067,2069,2062,-1,
2067,2062,2061,-1,
2067,2052,2058,-1,
2070,2071,2072,-1,
2070,2073,2071,-1,
2070,2066,2073,-1,
2070,2064,2066,-1,
2074,2068,2067,-1,
2074,2075,2076,-1,
2074,2076,2068,-1,
2074,2067,2064,-1,
2077,2064,2070,-1,
2077,2075,2074,-1,
2077,2072,2078,-1,
2077,2078,2079,-1,
2077,2079,2080,-1,
2077,2080,2075,-1,
2077,2070,2072,-1,
2077,2074,2064,-1,
2081,2082,2083,-1,
2081,2084,2082,-1,
2081,2085,2084,-1,
2086,2087,2088,-1,
2086,2083,2087,-1,
2086,2081,2083,-1,
2089,2090,2091,-1,
2089,2091,2092,-1,
2089,2092,2093,-1,
2089,2093,2085,-1,
2089,2085,2081,-1,
2094,2095,2096,-1,
2094,2088,2095,-1,
2094,2086,2088,-1,
2097,2098,2099,-1,
2097,2099,2090,-1,
2097,2089,2081,-1,
2097,2090,2089,-1,
2097,2081,2086,-1,
2100,2101,2102,-1,
2100,2096,2101,-1,
2100,2094,2096,-1,
2103,2104,2105,-1,
2103,2105,2098,-1,
2103,2097,2086,-1,
2103,2098,2097,-1,
2103,2086,2094,-1,
2106,2100,2102,-1,
2106,2107,2108,-1,
2106,2102,2107,-1,
2109,2094,2100,-1,
2109,2110,2111,-1,
2109,2111,2104,-1,
2109,2104,2103,-1,
2109,2103,2094,-1,
2112,2113,2114,-1,
2112,2108,2113,-1,
2112,2106,2108,-1,
2115,2109,2100,-1,
2115,2100,2106,-1,
2115,2116,2117,-1,
2115,2117,2110,-1,
2115,2110,2109,-1,
2118,2112,2114,-1,
2118,2119,2120,-1,
2118,2114,2119,-1,
2121,2122,2123,-1,
2121,2123,2116,-1,
2121,2106,2112,-1,
2121,2116,2115,-1,
2121,2115,2106,-1,
2124,2125,2126,-1,
2124,2120,2125,-1,
2124,2118,2120,-1,
2127,2112,2118,-1,
2127,2128,2129,-1,
2127,2129,2122,-1,
2127,2121,2112,-1,
2127,2122,2121,-1,
2130,2124,2126,-1,
2130,2131,2132,-1,
2130,2126,2131,-1,
2133,2127,2118,-1,
2133,2134,2135,-1,
2133,2135,2128,-1,
2133,2128,2127,-1,
2133,2118,2124,-1,
2136,2137,2138,-1,
2136,2132,2137,-1,
2136,2130,2132,-1,
2139,2140,2141,-1,
2139,2141,2134,-1,
2139,2124,2130,-1,
2139,2134,2133,-1,
2139,2133,2124,-1,
2142,2143,2144,-1,
2142,2138,2143,-1,
2142,2136,2138,-1,
2145,2146,2147,-1,
2145,2147,2140,-1,
2145,2130,2136,-1,
2145,2140,2139,-1,
2145,2139,2130,-1,
2148,2142,2144,-1,
2148,2149,2150,-1,
2148,2144,2149,-1,
2151,2145,2136,-1,
2151,2152,2153,-1,
2151,2153,2146,-1,
2151,2136,2142,-1,
2151,2146,2145,-1,
2154,2148,2150,-1,
2154,2155,2156,-1,
2154,2150,2155,-1,
2157,2158,2159,-1,
2157,2159,2152,-1,
2157,2151,2142,-1,
2157,2152,2151,-1,
2157,2142,2148,-1,
2160,2161,2162,-1,
2160,2156,2161,-1,
2160,2154,2156,-1,
2163,2157,2148,-1,
2163,2158,2157,-1,
2163,2164,2165,-1,
2163,2165,2158,-1,
2163,2148,2154,-1,
2166,2167,2168,-1,
2166,2160,2162,-1,
2166,2169,2167,-1,
2166,2170,2169,-1,
2166,2162,2170,-1,
2171,2172,2173,-1,
2171,2173,2164,-1,
2171,2163,2154,-1,
2171,2164,2163,-1,
2171,2154,2160,-1,
2174,2168,2175,-1,
2174,2175,2176,-1,
2174,2176,2172,-1,
2174,2171,2160,-1,
2174,2160,2166,-1,
2174,2166,2168,-1,
2174,2172,2171,-1,
2177,2178,2179,-1,
2180,2177,2179,-1,
2180,2179,2181,-1,
2182,2180,2181,-1,
2182,2181,2183,-1,
2184,2182,2183,-1,
2184,2183,2185,-1,
2186,2184,2185,-1,
2186,2185,2187,-1,
2188,2186,2187,-1,
2188,2187,2189,-1,
2190,2188,2189,-1,
2190,2189,2191,-1,
2192,2190,2191,-1,
2192,2191,2193,-1,
2194,2192,2193,-1,
2194,2193,2195,-1,
2196,2194,2195,-1,
2196,2195,2197,-1,
2198,2196,2197,-1,
2198,2197,2199,-1,
2200,2198,2199,-1,
2200,2199,2201,-1,
2202,2200,2201,-1,
2202,2201,2203,-1,
2204,2203,2205,-1,
2204,2202,2203,-1,
2206,2205,2207,-1,
2206,2204,2205,-1,
2208,2207,2209,-1,
2208,2206,2207,-1,
2210,2209,2211,-1,
2210,2208,2209,-1,
2212,2210,2211,-1,
2212,2211,2213,-1,
2214,2212,2213,-1,
2214,2213,2215,-1,
2216,2214,2215,-1,
2216,2215,2217,-1,
2218,2216,2217,-1,
2218,2217,2219,-1,
2220,2218,2219,-1,
2220,2219,2221,-1,
2222,2220,2221,-1,
2222,2221,2223,-1,
2224,2222,2223,-1,
2224,2223,2225,-1,
2226,2224,2225,-1,
2226,2225,2227,-1,
2228,2226,2227,-1,
2228,2227,2229,-1,
2230,2228,2229,-1,
2230,2229,2231,-1,
2232,2230,2231,-1,
2232,2231,2233,-1,
2234,2232,2233,-1,
2234,2233,2235,-1,
2236,2234,2235,-1,
2236,2235,2237,-1,
2238,2236,2237,-1,
2238,2237,2239,-1,
2240,2238,2239,-1,
2240,2239,2241,-1,
2242,2241,2243,-1,
2242,2240,2241,-1,
2244,2243,2245,-1,
2244,2242,2243,-1,
2246,2245,2247,-1,
2246,2244,2245,-1,
2248,2247,2249,-1,
2248,2246,2247,-1,
2250,2249,2251,-1,
2250,2248,2249,-1,
2252,2251,2253,-1,
2252,2250,2251,-1,
2254,2253,2255,-1,
2254,2252,2253,-1,
2256,2255,2257,-1,
2256,2254,2255,-1,
2258,2257,2259,-1,
2258,2256,2257,-1,
2260,2259,2261,-1,
2260,2258,2259,-1,
2262,2260,2261,-1,
2262,2261,2263,-1,
2264,2262,2263,-1,
2264,2263,2265,-1,
2266,2264,2265,-1,
2266,2265,2267,-1,
2268,2266,2267,-1,
2268,2267,2269,-1,
2270,2269,2271,-1,
2270,2268,2269,-1,
2272,2271,2273,-1,
2272,2270,2271,-1,
2274,2273,2275,-1,
2274,2272,2273,-1,
2276,2275,2277,-1,
2276,2274,2275,-1,
2278,2277,2279,-1,
2278,2276,2277,-1,
2280,2279,2281,-1,
2280,2278,2279,-1,
2282,2281,2283,-1,
2282,2280,2281,-1,
2284,2283,2285,-1,
2284,2282,2283,-1,
2286,2285,2287,-1,
2286,2284,2285,-1,
2288,2287,2289,-1,
2288,2286,2287,-1,
2290,2289,2291,-1,
2290,2288,2289,-1,
2292,2291,2293,-1,
2292,2290,2291,-1,
2294,2293,2295,-1,
2294,2292,2293,-1,
2296,2295,2297,-1,
2296,2294,2295,-1,
2298,2297,2299,-1,
2298,2296,2297,-1,
2300,2298,2299,-1,
2300,2299,2301,-1,
2302,2300,2301,-1,
2302,2301,2303,-1,
2304,2302,2303,-1,
2304,2303,2305,-1,
2306,2307,2308,-1,
2309,2306,2308,-1,
2309,2308,2310,-1,
2311,2309,2310,-1,
2311,2310,2312,-1,
2313,2311,2312,-1,
2313,2312,2314,-1,
2315,2313,2314,-1,
2315,2314,2316,-1,
2317,2315,2316,-1,
2317,2316,2318,-1,
2319,2317,2318,-1,
2319,2318,2320,-1,
2321,2319,2320,-1,
2321,2320,2322,-1,
2323,2321,2322,-1,
2323,2322,2324,-1,
2325,2323,2324,-1,
2325,2324,2326,-1,
2327,2325,2326,-1,
2327,2326,2328,-1,
2329,2327,2328,-1,
2329,2328,2330,-1,
2331,2329,2330,-1,
2331,2330,2332,-1,
2333,2332,2334,-1,
2333,2331,2332,-1,
2335,2334,2336,-1,
2335,2333,2334,-1,
2337,2336,2338,-1,
2337,2335,2336,-1,
2339,2338,2340,-1,
2339,2337,2338,-1,
2341,2339,2340,-1,
2341,2340,2342,-1,
2343,2341,2342,-1,
2343,2342,2344,-1,
2345,2343,2344,-1,
2345,2344,2346,-1,
2347,2345,2346,-1,
2347,2346,2348,-1,
2349,2347,2348,-1,
2349,2348,2350,-1,
2351,2349,2350,-1,
2351,2350,2352,-1,
2353,2351,2352,-1,
2353,2352,2354,-1,
2355,2353,2354,-1,
2355,2354,2356,-1,
2357,2355,2356,-1,
2357,2356,2358,-1,
2359,2357,2358,-1,
2359,2358,2360,-1,
2361,2359,2360,-1,
2361,2360,2362,-1,
2363,2361,2362,-1,
2363,2362,2364,-1,
2365,2363,2364,-1,
2365,2364,2366,-1,
2367,2365,2366,-1,
2367,2366,2368,-1,
2369,2367,2368,-1,
2369,2368,2370,-1,
2371,2370,2372,-1,
2371,2369,2370,-1,
2373,2372,2374,-1,
2373,2371,2372,-1,
2375,2374,2376,-1,
2375,2373,2374,-1,
2377,2376,2378,-1,
2377,2375,2376,-1,
2379,2378,2380,-1,
2379,2377,2378,-1,
2381,2380,2382,-1,
2381,2379,2380,-1,
2383,2382,2384,-1,
2383,2381,2382,-1,
2385,2384,2386,-1,
2385,2383,2384,-1,
2387,2386,2388,-1,
2387,2385,2386,-1,
2389,2388,2390,-1,
2389,2387,2388,-1,
2391,2389,2390,-1,
2391,2390,2392,-1,
2393,2391,2392,-1,
2393,2392,2394,-1,
2395,2393,2394,-1,
2395,2394,2396,-1,
2397,2395,2396,-1,
2397,2396,2398,-1,
2399,2398,2400,-1,
2399,2397,2398,-1,
2401,2400,2402,-1,
2401,2399,2400,-1,
2403,2402,2404,-1,
2403,2401,2402,-1,
2405,2404,2406,-1,
2405,2403,2404,-1,
2407,2406,2408,-1,
2407,2405,2406,-1,
2409,2408,2410,-1,
2409,2407,2408,-1,
2411,2410,2412,-1,
2411,2409,2410,-1,
2413,2412,2414,-1,
2413,2411,2412,-1,
2415,2414,2416,-1,
2415,2413,2414,-1,
2417,2416,2418,-1,
2417,2415,2416,-1,
2419,2418,2420,-1,
2419,2417,2418,-1,
2421,2420,2422,-1,
2421,2419,2420,-1,
2423,2422,2424,-1,
2423,2421,2422,-1,
2425,2424,2426,-1,
2425,2423,2424,-1,
2427,2426,2428,-1,
2427,2425,2426,-1,
2429,2427,2428,-1,
2429,2428,2430,-1,
2431,2429,2430,-1,
2431,2430,2432,-1,
2433,2431,2432,-1,
2433,2432,2434,-1,
2435,2436,2437,-1,
2435,2438,2436,-1,
2438,2439,2436,-1,
2439,2440,2441,-1,
2441,2440,2442,-1,
2443,2444,2445,-1,
2440,2446,2443,-1,
2438,2446,2439,-1,
2439,2446,2440,-1,
2443,2446,2444,-1,
2447,2448,2449,-1,
2449,2448,2450,-1,
2451,2452,2453,-1,
2454,2455,2451,-1,
2451,2455,2452,-1,
2456,2457,2458,-1,
2458,2457,2459,-1,
2456,2460,2457,-1,
2461,2462,2463,-1,
2463,2462,2464,-1,
2461,2465,2462,-1,
2465,2466,2467,-1,
2467,2466,2468,-1,
2469,2470,2471,-1,
2466,2472,2470,-1,
2470,2472,2471,-1,
2461,2472,2465,-1,
2465,2472,2466,-1,
2473,2474,2475,-1,
2473,2476,2474,-1,
2474,2477,2475,-1,
2478,2479,2477,-1,
2478,2480,2479,-1,
2481,2482,2479,-1,
2479,2482,2477,-1,
2477,2482,2475,-1,
2483,2484,2481,-1,
2481,2484,2482,-1,
2485,2486,2487,-1,
2487,2486,2488,-1,
2489,2490,2491,-1,
2485,2492,2486,-1,
2490,2493,2491,-1,
2493,2494,2492,-1,
2490,2494,2493,-1,
2492,2494,2486,-1,
2495,2496,2497,-1,
2498,2499,2495,-1,
2499,2496,2495,-1,
2500,2501,2502,-1,
2502,2503,2500,-1,
2504,2505,2506,-1,
2507,2505,2504,-1,
2508,2509,2510,-1,
2510,2509,2511,-1,
2512,2513,2514,-1,
2514,2513,2515,-1,
2516,2517,2518,-1,
2513,2519,2515,-1,
2516,2520,2517,-1,
2519,2521,2520,-1,
2513,2521,2519,-1,
2520,2521,2517,-1,
2522,2523,2524,-1,
2525,2526,2522,-1,
2524,2525,2522,-1,
2527,2528,2529,-1,
2530,2528,2527,-1,
2531,2532,2533,-1,
2533,2532,2534,-1,
2535,2536,2537,-1,
2537,2536,2538,-1,
2539,2540,2541,-1,
2541,2540,2542,-1,
2543,2544,2545,-1,
2543,2545,2546,-1,
2547,2546,2548,-1,
2547,2543,2546,-1,
2549,2548,2550,-1,
2549,2547,2548,-1,
2551,2550,2552,-1,
2551,2549,2550,-1,
2553,2552,2554,-1,
2553,2551,2552,-1,
2555,2554,2556,-1,
2555,2553,2554,-1,
2557,2556,2558,-1,
2557,2555,2556,-1,
2559,2558,2560,-1,
2559,2557,2558,-1,
2561,2560,2562,-1,
2561,2559,2560,-1,
2563,2562,2564,-1,
2563,2561,2562,-1,
2565,2564,2566,-1,
2565,2563,2564,-1,
2567,2566,2568,-1,
2567,2565,2566,-1,
2569,2568,2570,-1,
2569,2567,2568,-1,
2571,2569,2570,-1,
2571,2570,2572,-1,
2573,2571,2572,-1,
2573,2572,2574,-1,
2575,2573,2574,-1,
2575,2574,2576,-1,
2577,2575,2576,-1,
2577,2576,2578,-1,
2579,2577,2578,-1,
2579,2578,2580,-1,
2581,2579,2580,-1,
2581,2580,2582,-1,
2583,2584,2585,-1,
2586,2587,2588,-1,
2589,2583,2586,-1,
2589,2584,2583,-1,
2590,2589,2586,-1,
2590,2586,2588,-1,
2591,2592,2593,-1,
2594,2590,2591,-1,
2594,2591,2593,-1,
2594,2589,2590,-1,
2595,2596,2597,-1,
2595,2597,2598,-1,
2599,2598,2600,-1,
2599,2595,2598,-1,
2601,2600,2602,-1,
2601,2599,2600,-1,
2603,2602,2604,-1,
2603,2601,2602,-1,
2605,2604,2606,-1,
2605,2603,2604,-1,
2607,2606,2608,-1,
2607,2605,2606,-1,
2609,2608,2610,-1,
2609,2607,2608,-1,
2611,2610,2612,-1,
2611,2609,2610,-1,
2613,2612,2614,-1,
2613,2611,2612,-1,
2615,2614,2616,-1,
2615,2613,2614,-1,
2617,2616,2618,-1,
2617,2615,2616,-1,
2619,2618,2620,-1,
2619,2617,2618,-1,
2621,2620,2622,-1,
2621,2619,2620,-1,
2623,2621,2622,-1,
2623,2622,2624,-1,
2625,2624,2626,-1,
2625,2623,2624,-1,
2627,2626,2628,-1,
2627,2625,2626,-1,
2629,2628,2630,-1,
2629,2627,2628,-1,
2631,2630,2632,-1,
2631,2629,2630,-1,
2633,2632,2634,-1,
2633,2631,2632,-1,
2635,2634,2636,-1,
2635,2633,2634,-1,
2637,2638,2639,-1,
2637,2639,2640,-1,
2641,2642,2643,-1,
2644,2641,2637,-1,
2644,2637,2640,-1,
2644,2642,2641,-1,
2645,2646,2647,-1,
2645,2647,2648,-1,
2649,2650,2651,-1,
2649,2652,2650,-1,
2650,2653,2654,-1,
2652,2653,2650,-1,
2655,2656,2657,-1,
2657,2656,2658,-1,
2659,2660,2661,-1,
2662,2660,2659,-1,
2663,2664,2665,-1,
2664,2666,2665,-1,
2667,2668,2664,-1,
2664,2668,2666,-1,
2669,2670,2671,-1,
2672,2670,2669,-1,
2673,2674,2675,-1,
2676,2677,2678,-1,
2678,2677,2679,-1,
2680,2681,2682,-1,
2682,2681,2683,-1,
2684,2685,2686,-1,
2687,2685,2684,-1,
2688,2689,2690,-1,
2691,2689,2688,-1,
    ]
    creaseAngle 0.5
  }
}
Shape { # contacts
  appearance Appearance { material Material {
    diffuseColor 0.780 0.780 0.800
    specularColor 1.000 1.000 1.000
    shininess 0.4
    ambientIntensity 0.3
  } }
  geometry IndexedFaceSet {
    coord Coordinate { point [
0.7081 -1.5551 -0.3622,
0.7084 -1.5551 -0.3606,
0.7081 -1.3583 -0.3622,
0.7084 -1.3583 -0.3606,
0.7086 -1.5551 -0.3590,
0.7086 -1.3583 -0.3590,
0.7088 -1.5551 -0.3575,
0.7088 -1.3583 -0.3575,
0.7089 -1.5551 -0.3559,
0.7089 -1.3583 -0.3559,
0.7089 -1.5551 -0.3543,
0.7089 -1.3583 -0.3543,
-0.1192 0.0984 -0.3582,
-0.1192 -0.0984 -0.3598,
-0.1192 0.0984 -0.3598,
-0.1192 -0.0984 -0.3582,
-0.1191 -0.0984 -0.3613,
-0.1191 0.0984 -0.3613,
-0.1189 -0.0984 -0.3629,
-0.1189 0.0984 -0.3629,
-0.1187 -0.0984 -0.3645,
-0.1187 0.0984 -0.3645,
-0.1184 -0.0984 -0.3660,
-0.1184 0.0984 -0.3660,
0.5514 -1.7598 2.3583,
0.5514 -2.3622 1.9646,
0.5514 -2.3622 2.3583,
0.5514 -1.1220 2.3583,
0.5514 -0.2362 1.9646,
0.5514 -0.2362 2.3583,
0.0396 -1.7598 2.3583,
0.0396 -2.3622 2.3583,
0.0396 -2.3622 1.9646,
0.0396 -1.1220 2.3583,
0.0396 -0.2362 1.9646,
0.0396 -0.2362 2.3583,
0.6400 -1.5551 -1.2008,
0.5416 -1.5551 -1.2008,
0.6400 -1.5551 -1.3583,
0.5416 -1.5551 -1.3583,
0.6401 -1.5551 -1.1976,
0.5417 -1.5551 -1.1937,
0.6403 -1.5551 -1.1945,
0.5422 -1.5551 -1.1866,
0.6406 -1.5551 -1.1914,
0.5429 -1.5551 -1.1796,
0.6410 -1.5551 -1.1882,
0.5439 -1.5551 -1.1725,
0.6416 -1.5551 -1.1851,
0.5451 -1.5551 -1.1656,
0.8046 -1.5551 -0.3817,
0.7081 -1.5551 -0.3622,
0.7084 -1.5551 -0.3606,
0.8056 -1.5551 -0.3763,
0.8064 -1.5551 -0.3708,
0.7086 -1.5551 -0.3590,
0.8069 -1.5551 -0.3654,
0.7088 -1.5551 -0.3575,
0.8072 -1.5551 -0.3598,
0.7089 -1.5551 -0.3559,
0.8073 -1.5551 -0.3543,
0.7089 -1.5551 -0.3543,
0.8072 -1.5551 -0.3476,
0.7089 -1.5551 -0.3524,
0.8067 -1.5551 -0.3409,
0.7087 -1.5551 -0.3505,
0.8059 -1.5551 -0.3342,
0.7085 -1.5551 -0.3486,
0.8047 -1.5551 -0.3276,
0.7082 -1.5551 -0.3467,
0.8033 -1.5551 -0.3210,
0.7078 -1.5551 -0.3448,
0.8015 -1.5551 -0.3145,
0.7072 -1.5551 -0.3430,
0.7066 -1.5551 -0.3411,
0.7994 -1.5551 -0.3081,
0.7970 -1.5551 -0.3018,
0.7060 -1.5551 -0.3393,
0.7942 -1.5551 -0.2957,
0.7912 -1.5551 -0.2897,
0.7052 -1.5551 -0.3376,
0.7879 -1.5551 -0.2838,
0.7043 -1.5551 -0.3359,
0.7034 -1.5551 -0.3342,
0.7843 -1.5551 -0.2781,
0.7024 -1.5551 -0.3325,
0.7805 -1.5551 -0.2726,
0.7012 -1.5551 -0.3310,
0.7764 -1.5551 -0.2673,
0.7001 -1.5551 -0.3295,
0.7720 -1.5551 -0.2622,
0.6988 -1.5551 -0.3280,
0.7674 -1.5551 -0.2573,
0.6975 -1.5551 -0.3266,
0.7625 -1.5551 -0.2526,
0.6961 -1.5551 -0.3253,
0.7574 -1.5551 -0.2482,
0.6947 -1.5551 -0.3240,
0.7521 -1.5551 -0.2440,
0.6931 -1.5551 -0.3228,
0.7466 -1.5551 -0.2401,
0.6916 -1.5551 -0.3217,
0.6400 -1.5551 -0.1682,
0.5416 -1.5551 -0.2205,
0.6400 -1.5551 -0.0197,
0.5416 -1.5551 -0.0197,
0.6400 -1.5742 0.5699,
0.6400 -1.5758 0.5689,
0.6400 -1.5774 0.5679,
0.6400 -1.5789 0.5668,
0.6400 -1.5804 0.5656,
0.6400 -1.5818 0.5644,
0.6400 -1.5831 0.5631,
0.6400 -1.5844 0.5617,
0.6400 -1.5856 0.5603,
0.6400 -1.5868 0.5589,
0.6400 -1.5878 0.5573,
0.6400 -1.5888 0.5557,
0.6400 -1.5898 0.5541,
0.6400 -1.5906 0.5525,
0.6400 -1.5914 0.5508,
0.6400 -1.5921 0.5490,
0.6400 -1.5927 0.5472,
0.6400 -1.3231 0.7082,
0.6400 -1.3250 0.7077,
0.6400 -1.3267 0.7070,
0.6400 -1.3194 0.7087,
0.6400 -1.3213 0.7085,
0.6400 -1.3175 0.7086,
0.6400 -1.3156 0.7084,
0.6400 -1.3119 0.7074,
0.6400 -1.3137 0.7080,
0.6400 -1.3085 0.7057,
0.6400 -1.3102 0.7066,
0.6400 -1.3284 0.7062,
0.6400 -1.2247 0.6535,
0.6400 -0.6417 0.5472,
0.6400 -0.7126 0.6535,
0.6400 -0.5709 0.5945,
0.6400 -0.6159 0.7349,
0.6400 -0.6111 0.7383,
0.6400 -0.6128 0.7372,
0.6400 -0.6144 0.7361,
0.6400 -0.6077 0.7402,
0.6400 -0.6094 0.7393,
0.6400 -0.6059 0.7410,
0.6400 -0.6022 0.7423,
0.6400 -0.6040 0.7417,
0.6400 -0.5984 0.7433,
0.6400 -0.6003 0.7429,
0.6400 -0.5945 0.7439,
0.6400 -0.5964 0.7437,
0.6400 -0.5906 0.7441,
0.6400 -0.5925 0.7440,
0.6400 -0.5709 0.7441,
0.6400 -1.3243 0.9850,
0.6400 -1.3277 0.9863,
0.6400 -1.3260 0.9856,
0.6400 -1.3225 0.9846,
0.6400 -1.3293 0.9872,
0.6400 -1.3207 0.9843,
0.6400 -1.3134 0.9850,
0.6400 -1.3189 0.9843,
0.6400 -1.3170 0.9843,
0.6400 -1.3152 0.9846,
0.6400 -1.3100 0.9864,
0.6400 -1.3117 0.9856,
0.6400 -1.3084 0.9873,
0.6400 -1.2008 1.0547,
0.6400 -1.4827 1.0827,
0.6400 -1.1945 1.0585,
0.6400 -1.1880 1.0619,
0.6400 -1.1814 1.0651,
0.6400 -1.1746 1.0679,
0.6400 -1.1677 1.0704,
0.6400 -0.6627 1.0787,
0.6400 -0.6693 1.0827,
0.6400 -1.1172 1.0787,
0.6400 -1.1245 1.0786,
0.6400 -1.1318 1.0781,
0.6400 -1.1391 1.0772,
0.6400 -1.1464 1.0760,
0.6400 -1.1536 1.0745,
0.6400 -1.1607 1.0726,
0.6400 -1.3780 -0.0197,
0.6400 -1.5551 -0.0197,
0.6400 -1.5551 -0.1682,
0.6400 -1.3583 -0.1682,
0.6400 -1.3582 0.0216,
0.6400 -1.3583 0.0197,
0.6400 -1.3581 0.0235,
0.6400 -1.3578 0.0255,
0.6400 -1.3780 0.0984,
0.6400 -1.3575 0.0274,
0.6400 -1.3571 0.0293,
0.6400 -1.3566 0.0311,
0.6400 -1.3560 0.0329,
0.6400 -1.3553 0.0348,
0.6400 -1.3545 0.0365,
0.6400 -1.3536 0.0382,
0.6400 -1.3527 0.0399,
0.6400 -1.3516 0.0416,
0.6400 -1.3505 0.0431,
0.6400 -1.3493 0.0447,
0.6400 -1.3481 0.0461,
0.6400 -1.3467 0.0475,
0.6400 -1.3453 0.0489,
0.6400 -1.3439 0.0501,
0.6400 -1.3424 0.0513,
0.6400 -1.3408 0.0524,
0.6400 -1.3391 0.0535,
0.6400 -1.3375 0.0544,
0.6400 -1.3357 0.0553,
0.6400 -1.3340 0.0561,
0.6400 -1.3322 0.0568,
0.6400 -1.3303 0.0574,
0.6400 -1.3285 0.0579,
0.6400 -1.3266 0.0583,
0.6400 -1.3247 0.0586,
0.6400 -1.3228 0.0589,
0.6400 -1.3208 0.0590,
0.6400 -1.3189 0.0591,
0.6400 0.0591 0.0984,
0.6400 0.0591 0.0591,
0.6400 0.0610 0.0591,
0.6400 0.0629 0.0592,
0.6400 0.0648 0.0595,
0.6400 0.0667 0.0598,
0.6400 0.0686 0.0602,
0.6400 0.0705 0.0608,
0.6400 0.0723 0.0614,
0.6400 0.0741 0.0621,
0.6400 0.0759 0.0628,
0.6400 0.0776 0.0637,
0.6400 0.0793 0.0647,
0.6400 0.0809 0.0657,
0.6400 0.0825 0.0668,
0.6400 0.0840 0.0680,
0.6400 0.0855 0.0693,
0.6400 0.0869 0.0706,
0.6400 0.0882 0.0720,
0.6400 0.0895 0.0734,
0.6400 0.0907 0.0750,
0.6400 0.0918 0.0766,
0.6400 0.0928 0.0782,
0.6400 0.0938 0.0799,
0.6400 0.0946 0.0816,
0.6400 0.0954 0.0834,
0.6400 0.0961 0.0852,
0.6400 0.0967 0.0870,
0.6400 0.0972 0.0889,
0.6400 0.0977 0.0907,
0.6400 0.0980 0.0926,
0.6400 0.0982 0.0946,
0.6400 0.0984 0.0965,
0.6400 0.0984 0.0984,
0.6400 0.0984 0.8110,
0.6400 0.0591 0.8504,
0.5416 -1.5758 0.5689,
0.5416 -1.5742 0.5699,
0.5416 -1.5774 0.5679,
0.5416 -1.5789 0.5668,
0.5416 -1.5804 0.5656,
0.5416 -1.5818 0.5644,
0.5416 -1.5831 0.5631,
0.5416 -1.5844 0.5617,
0.5416 -1.5856 0.5603,
0.5416 -1.5868 0.5589,
0.5416 -1.5878 0.5573,
0.5416 -1.5888 0.5557,
0.5416 -1.5898 0.5541,
0.5416 -1.5906 0.5525,
0.5416 -1.5914 0.5508,
0.5416 -1.5921 0.5490,
0.5416 -1.5927 0.5472,
0.5416 -1.3250 0.7077,
0.5416 -1.3231 0.7082,
0.5416 -1.3267 0.7070,
0.5416 -1.3213 0.7085,
0.5416 -1.3194 0.7087,
0.5416 -1.3175 0.7086,
0.5416 -1.3156 0.7084,
0.5416 -1.3137 0.7080,
0.5416 -1.3119 0.7074,
0.5416 -1.3085 0.7057,
0.5416 -1.3102 0.7066,
0.5416 -1.3284 0.7062,
0.5416 -1.2247 0.6535,
0.5416 -0.6417 0.5472,
0.5416 -0.7126 0.6535,
0.5416 -0.5709 0.5945,
0.5416 -0.6159 0.7349,
0.5416 -0.6128 0.7372,
0.5416 -0.6111 0.7383,
0.5416 -0.6144 0.7361,
0.5416 -0.6094 0.7393,
0.5416 -0.6077 0.7402,
0.5416 -0.6059 0.7410,
0.5416 -0.6040 0.7417,
0.5416 -0.6022 0.7423,
0.5416 -0.6003 0.7429,
0.5416 -0.5984 0.7433,
0.5416 -0.5964 0.7437,
0.5416 -0.5945 0.7439,
0.5416 -0.5925 0.7440,
0.5416 -0.5906 0.7441,
0.5416 -0.5709 0.7441,
0.5416 -1.3277 0.9863,
0.5416 -1.3243 0.9850,
0.5416 -1.3260 0.9856,
0.5416 -1.3293 0.9872,
0.5416 -1.3225 0.9846,
0.5416 -1.3207 0.9843,
0.5416 -1.3189 0.9843,
0.5416 -1.3134 0.9850,
0.5416 -1.3170 0.9843,
0.5416 -1.3152 0.9846,
0.5416 -1.3100 0.9864,
0.5416 -1.3117 0.9856,
0.5416 -1.3084 0.9873,
0.5416 -1.4827 1.0827,
0.5416 -1.2008 1.0547,
0.5416 -1.1945 1.0585,
0.5416 -1.1880 1.0619,
0.5416 -1.1814 1.0651,
0.5416 -1.1746 1.0679,
0.5416 -1.1677 1.0704,
0.5416 -0.6693 1.0827,
0.5416 -0.6627 1.0787,
0.5416 -1.1172 1.0787,
0.5416 -1.1245 1.0786,
0.5416 -1.1318 1.0781,
0.5416 -1.1391 1.0772,
0.5416 -1.1464 1.0760,
0.5416 -1.1536 1.0745,
0.5416 -1.1607 1.0726,
0.5416 -1.5551 -0.0197,
0.5416 -1.3780 -0.0197,
0.5416 -1.5551 -0.2205,
0.5416 -1.3583 -0.2205,
0.5416 -1.3582 0.0216,
0.5416 -1.3583 0.0197,
0.5416 -1.3581 0.0235,
0.5416 -1.3578 0.0255,
0.5416 -1.3780 0.0984,
0.5416 -1.3575 0.0274,
0.5416 -1.3571 0.0293,
0.5416 -1.3566 0.0311,
0.5416 -1.3560 0.0329,
0.5416 -1.3553 0.0348,
0.5416 -1.3545 0.0365,
0.5416 -1.3536 0.0382,
0.5416 -1.3527 0.0399,
0.5416 -1.3516 0.0416,
0.5416 -1.3505 0.0431,
0.5416 -1.3493 0.0447,
0.5416 -1.3481 0.0461,
0.5416 -1.3467 0.0475,
0.5416 -1.3453 0.0489,
0.5416 -1.3439 0.0501,
0.5416 -1.3424 0.0513,
0.5416 -1.3408 0.0524,
0.5416 -1.3391 0.0535,
0.5416 -1.3375 0.0544,
0.5416 -1.3357 0.0553,
0.5416 -1.3340 0.0561,
0.5416 -1.3322 0.0568,
0.5416 -1.3303 0.0574,
0.5416 -1.3285 0.0579,
0.5416 -1.3266 0.0583,
0.5416 -1.3247 0.0586,
0.5416 -1.3228 0.0589,
0.5416 -1.3208 0.0590,
0.5416 -1.3189 0.0591,
0.5416 0.0591 0.0984,
0.5416 0.0591 0.0591,
0.5416 0.0610 0.0591,
0.5416 0.0629 0.0592,
0.5416 0.0648 0.0595,
0.5416 0.0667 0.0598,
0.5416 0.0686 0.0602,
0.5416 0.0705 0.0608,
0.5416 0.0723 0.0614,
0.5416 0.0741 0.0621,
0.5416 0.0759 0.0628,
0.5416 0.0776 0.0637,
0.5416 0.0793 0.0647,
0.5416 0.0809 0.0657,
0.5416 0.0825 0.0668,
0.5416 0.0840 0.0680,
0.5416 0.0855 0.0693,
0.5416 0.0869 0.0706,
0.5416 0.0882 0.0720,
0.5416 0.0895 0.0734,
0.5416 0.0907 0.0750,
0.5416 0.0918 0.0766,
0.5416 0.0928 0.0782,
0.5416 0.0938 0.0799,
0.5416 0.0946 0.0816,
0.5416 0.0954 0.0834,
0.5416 0.0961 0.0852,
0.5416 0.0967 0.0870,
0.5416 0.0972 0.0889,
0.5416 0.0977 0.0907,
0.5416 0.0980 0.0926,
0.5416 0.0982 0.0946,
0.5416 0.0984 0.0965,
0.5416 0.0984 0.0984,
0.5416 0.0984 0.8110,
0.5416 0.0591 0.8504,
0.5416 -0.5906 0.7441,
0.6400 -0.5906 0.7441,
0.6400 -0.5709 0.7441,
0.5416 -0.5709 0.7441,
0.5416 -0.6144 0.7361,
0.5416 -0.6159 0.7349,
0.6400 -0.6159 0.7349,
0.6400 -0.6144 0.7361,
0.5416 -0.6128 0.7372,
0.6400 -0.6128 0.7372,
0.5416 -0.6111 0.7383,
0.6400 -0.6111 0.7383,
0.5416 -0.6094 0.7393,
0.6400 -0.6094 0.7393,
0.5416 -0.6077 0.7402,
0.6400 -0.6077 0.7402,
0.5416 -0.6059 0.7410,
0.6400 -0.6059 0.7410,
0.5416 -0.6040 0.7417,
0.6400 -0.6040 0.7417,
0.5416 -0.6022 0.7423,
0.6400 -0.6022 0.7423,
0.5416 -0.6003 0.7429,
0.6400 -0.6003 0.7429,
0.5416 -0.5984 0.7433,
0.6400 -0.5984 0.7433,
0.5416 -0.5964 0.7437,
0.6400 -0.5964 0.7437,
0.5416 -0.5945 0.7439,
0.6400 -0.5945 0.7439,
0.5416 -0.5925 0.7440,
0.6400 -0.5925 0.7440,
0.6400 -0.5906 0.7441,
0.5416 -0.5906 0.7441,
0.6400 -0.6159 0.7349,
0.5416 -0.7126 0.6535,
0.6400 -0.7126 0.6535,
0.5416 -0.6159 0.7349,
0.5416 -1.2247 0.6535,
0.6400 -1.2247 0.6535,
0.6400 -0.7126 0.6535,
0.5416 -0.7126 0.6535,
0.5416 -1.3085 0.7057,
0.6400 -1.3085 0.7057,
0.6400 -1.2247 0.6535,
0.5416 -1.2247 0.6535,
0.5416 -1.3267 0.7070,
0.5416 -1.3284 0.7062,
0.6400 -1.3284 0.7062,
0.6400 -1.3267 0.7070,
0.5416 -1.3250 0.7077,
0.6400 -1.3250 0.7077,
0.5416 -1.3231 0.7082,
0.6400 -1.3231 0.7082,
0.5416 -1.3213 0.7085,
0.6400 -1.3213 0.7085,
0.5416 -1.3194 0.7087,
0.6400 -1.3194 0.7087,
0.5416 -1.3175 0.7086,
0.6400 -1.3175 0.7086,
0.5416 -1.3156 0.7084,
0.6400 -1.3156 0.7084,
0.5416 -1.3137 0.7080,
0.6400 -1.3137 0.7080,
0.5416 -1.3119 0.7074,
0.6400 -1.3119 0.7074,
0.5416 -1.3102 0.7066,
0.6400 -1.3102 0.7066,
0.6400 -1.3085 0.7057,
0.5416 -1.3085 0.7057,
0.6400 -1.3284 0.7062,
0.5416 -1.5742 0.5699,
0.6400 -1.5742 0.5699,
0.5416 -1.3284 0.7062,
0.5416 -1.5921 0.5490,
0.6400 -1.5927 0.5472,
0.6400 -1.5921 0.5490,
0.5416 -1.5927 0.5472,
0.5416 -1.5914 0.5508,
0.6400 -1.5914 0.5508,
0.5416 -1.5906 0.5525,
0.6400 -1.5906 0.5525,
0.5416 -1.5898 0.5541,
0.6400 -1.5898 0.5541,
0.5416 -1.5888 0.5557,
0.6400 -1.5888 0.5557,
0.5416 -1.5878 0.5573,
0.6400 -1.5878 0.5573,
0.5416 -1.5868 0.5589,
0.6400 -1.5868 0.5589,
0.5416 -1.5856 0.5603,
0.6400 -1.5856 0.5603,
0.5416 -1.5844 0.5617,
0.6400 -1.5844 0.5617,
0.5416 -1.5831 0.5631,
0.6400 -1.5831 0.5631,
0.5416 -1.5818 0.5644,
0.6400 -1.5818 0.5644,
0.5416 -1.5804 0.5656,
0.6400 -1.5804 0.5656,
0.5416 -1.5789 0.5668,
0.6400 -1.5789 0.5668,
0.5416 -1.5774 0.5679,
0.6400 -1.5774 0.5679,
0.6400 -1.5758 0.5689,
0.5416 -1.5758 0.5689,
0.5416 -1.5742 0.5699,
0.6400 -1.5742 0.5699,
0.0495 -1.5742 0.5699,
0.0495 -1.5758 0.5689,
0.0495 -1.5774 0.5679,
0.0495 -1.5789 0.5668,
0.0495 -1.5804 0.5656,
0.0495 -1.5818 0.5644,
0.0495 -1.5831 0.5631,
0.0495 -1.5844 0.5617,
0.0495 -1.5856 0.5603,
0.0495 -1.5868 0.5589,
0.0495 -1.5878 0.5573,
0.0495 -1.5888 0.5557,
0.0495 -1.5898 0.5541,
0.0495 -1.5906 0.5525,
0.0495 -1.5914 0.5508,
0.0495 -1.5921 0.5490,
0.0495 -1.5927 0.5472,
0.0495 -1.3194 0.7087,
0.0495 -1.3213 0.7085,
0.0495 -1.3231 0.7082,
0.0495 -1.3250 0.7077,
0.0495 -1.3267 0.7070,
0.0495 -1.3156 0.7084,
0.0495 -1.3175 0.7086,
0.0495 -1.3102 0.7066,
0.0495 -1.3119 0.7074,
0.0495 -1.3137 0.7080,
0.0495 -1.3085 0.7057,
0.0495 -1.3284 0.7062,
0.0495 -1.2247 0.6535,
0.0495 -0.6417 0.5472,
0.0495 -0.5748 0.6535,
0.0495 -0.5709 0.5945,
0.0495 -0.5709 0.6569,
0.0495 -1.3260 0.9856,
0.0495 -1.3293 0.9872,
0.0495 -1.3277 0.9863,
0.0495 -1.3243 0.9850,
0.0495 -1.3225 0.9846,
0.0495 -1.3189 0.9843,
0.0495 -1.3207 0.9843,
0.0495 -1.3134 0.9850,
0.0495 -1.3170 0.9843,
0.0495 -1.3152 0.9846,
0.0495 -1.3100 0.9864,
0.0495 -1.3117 0.9856,
0.0495 -1.3084 0.9873,
0.0495 -1.2008 1.0547,
0.0495 -1.4827 1.0827,
0.0495 -1.1945 1.0585,
0.0495 -1.1880 1.0619,
0.0495 -1.1814 1.0651,
0.0495 -1.1746 1.0679,
0.0495 -1.1677 1.0704,
0.0495 -0.6627 1.0787,
0.0495 -0.6693 1.0827,
0.0495 -1.1172 1.0787,
0.0495 -1.1245 1.0786,
0.0495 -1.1318 1.0781,
0.0495 -1.1391 1.0772,
0.0495 -1.1464 1.0760,
0.0495 -1.1536 1.0745,
0.0495 -1.1607 1.0726,
0.0495 0.0984 -0.2165,
0.0495 -0.0984 -0.0197,
0.0495 -0.0984 -0.2165,
0.0495 0.0591 0.0984,
0.0495 -0.1694 0.0587,
0.0495 -0.1656 0.0582,
0.0495 -0.1618 0.0575,
0.0495 -0.1580 0.0567,
0.0495 -0.1543 0.0557,
0.0495 -0.1506 0.0545,
0.0495 -0.1470 0.0531,
0.0495 -0.1435 0.0515,
0.0495 -0.1400 0.0498,
0.0495 -0.1367 0.0479,
0.0495 -0.1334 0.0458,
0.0495 -0.1303 0.0436,
0.0495 -0.1272 0.0412,
0.0495 -0.1243 0.0387,
0.0495 -0.1215 0.0360,
0.0495 -0.1188 0.0332,
0.0495 -0.1163 0.0303,
0.0495 -0.1139 0.0272,
0.0495 -0.1117 0.0241,
0.0495 -0.1096 0.0208,
0.0495 -0.1077 0.0174,
0.0495 -0.1060 0.0140,
0.0495 -0.1044 0.0104,
0.0495 -0.1030 0.0068,
0.0495 -0.1018 0.0032,
0.0495 -0.1008 -0.0006,
0.0495 -0.0999 -0.0043,
0.0495 -0.0993 -0.0081,
0.0495 -0.0988 -0.0120,
0.0495 -0.0985 -0.0158,
0.0495 0.0591 0.8504,
0.0495 0.0984 0.8110,
0.0495 -1.2913 0.0984,
0.0495 -0.1772 0.0591,
0.0495 -1.2480 0.0591,
0.0495 -0.1733 0.0590,
0.0495 -0.5709 0.6569,
-0.0489 -0.5748 0.6535,
0.0495 -0.5748 0.6535,
-0.0489 -0.5709 0.6569,
-0.0489 -1.5758 0.5689,
-0.0489 -1.5742 0.5699,
-0.0489 -1.5774 0.5679,
-0.0489 -1.5789 0.5668,
-0.0489 -1.5804 0.5656,
-0.0489 -1.5818 0.5644,
-0.0489 -1.5831 0.5631,
-0.0489 -1.5844 0.5617,
-0.0489 -1.5856 0.5603,
-0.0489 -1.5868 0.5589,
-0.0489 -1.5878 0.5573,
-0.0489 -1.5888 0.5557,
-0.0489 -1.5898 0.5541,
-0.0489 -1.5906 0.5525,
-0.0489 -1.5914 0.5508,
-0.0489 -1.5921 0.5490,
-0.0489 -1.5927 0.5472,
-0.0489 -1.3213 0.7085,
-0.0489 -1.3194 0.7087,
-0.0489 -1.3231 0.7082,
-0.0489 -1.3250 0.7077,
-0.0489 -1.3267 0.7070,
-0.0489 -1.3175 0.7086,
-0.0489 -1.3156 0.7084,
-0.0489 -1.3119 0.7074,
-0.0489 -1.3102 0.7066,
-0.0489 -1.3137 0.7080,
-0.0489 -1.3085 0.7057,
-0.0489 -1.3284 0.7062,
-0.0489 -1.2247 0.6535,
-0.0489 -0.6417 0.5472,
-0.0489 -0.5748 0.6535,
-0.0489 -0.5709 0.5945,
-0.0489 -0.5709 0.6569,
-0.0489 -1.3293 0.9872,
-0.0489 -1.3260 0.9856,
-0.0489 -1.3277 0.9863,
-0.0489 -1.3207 0.9843,
-0.0489 -1.3243 0.9850,
-0.0489 -1.3225 0.9846,
-0.0489 -1.3189 0.9843,
-0.0489 -1.3170 0.9843,
-0.0489 -1.3134 0.9850,
-0.0489 -1.3152 0.9846,
-0.0489 -1.3117 0.9856,
-0.0489 -1.3100 0.9864,
-0.0489 -1.3084 0.9873,
-0.0489 -1.4827 1.0827,
-0.0489 -1.2008 1.0547,
-0.0489 -1.1945 1.0585,
-0.0489 -1.1880 1.0619,
-0.0489 -1.1814 1.0651,
-0.0489 -1.1746 1.0679,
-0.0489 -1.1677 1.0704,
-0.0489 -0.6693 1.0827,
-0.0489 -0.6627 1.0787,
-0.0489 -1.1172 1.0787,
-0.0489 -1.1245 1.0786,
-0.0489 -1.1318 1.0781,
-0.0489 -1.1391 1.0772,
-0.0489 -1.1464 1.0760,
-0.0489 -1.1536 1.0745,
-0.0489 -1.1607 1.0726,
-0.0489 -0.0984 -0.0197,
-0.0489 0.0984 -0.1654,
-0.0489 -0.0984 -0.1654,
-0.0489 -0.1694 0.0587,
-0.0489 0.0591 0.0984,
-0.0489 -0.1656 0.0582,
-0.0489 -0.1618 0.0575,
-0.0489 -0.1580 0.0567,
-0.0489 -0.1543 0.0557,
-0.0489 -0.1506 0.0545,
-0.0489 -0.1470 0.0531,
-0.0489 -0.1435 0.0515,
-0.0489 -0.1400 0.0498,
-0.0489 -0.1367 0.0479,
-0.0489 -0.1334 0.0458,
-0.0489 -0.1303 0.0436,
-0.0489 -0.1272 0.0412,
-0.0489 -0.1243 0.0387,
-0.0489 -0.1215 0.0360,
-0.0489 -0.1188 0.0332,
-0.0489 -0.1163 0.0303,
-0.0489 -0.1139 0.0272,
-0.0489 -0.1117 0.0241,
-0.0489 -0.1096 0.0208,
-0.0489 -0.1077 0.0174,
-0.0489 -0.1060 0.0140,
-0.0489 -0.1044 0.0104,
-0.0489 -0.1030 0.0068,
-0.0489 -0.1018 0.0032,
-0.0489 -0.1008 -0.0006,
-0.0489 -0.0999 -0.0043,
-0.0489 -0.0993 -0.0081,
-0.0489 -0.0988 -0.0120,
-0.0489 -0.0985 -0.0158,
-0.0489 0.0984 0.8110,
-0.0489 0.0591 0.8504,
-0.0489 -1.2913 0.0984,
-0.0489 -1.2480 0.0591,
-0.0489 -0.1772 0.0591,
-0.0489 -0.1733 0.0590,
-0.0489 -1.2247 0.6535,
0.0495 -1.2247 0.6535,
0.0495 -0.5748 0.6535,
-0.0489 -0.5748 0.6535,
-0.0489 -1.3085 0.7057,
0.0495 -1.3085 0.7057,
0.0495 -1.2247 0.6535,
-0.0489 -1.2247 0.6535,
-0.0489 -1.3267 0.7070,
-0.0489 -1.3284 0.7062,
0.0495 -1.3284 0.7062,
0.0495 -1.3267 0.7070,
-0.0489 -1.3250 0.7077,
0.0495 -1.3250 0.7077,
-0.0489 -1.3231 0.7082,
0.0495 -1.3231 0.7082,
-0.0489 -1.3213 0.7085,
0.0495 -1.3213 0.7085,
-0.0489 -1.3194 0.7087,
0.0495 -1.3194 0.7087,
-0.0489 -1.3175 0.7086,
0.0495 -1.3175 0.7086,
-0.0489 -1.3156 0.7084,
0.0495 -1.3156 0.7084,
-0.0489 -1.3137 0.7080,
0.0495 -1.3137 0.7080,
-0.0489 -1.3119 0.7074,
0.0495 -1.3119 0.7074,
0.0495 -1.3102 0.7066,
-0.0489 -1.3102 0.7066,
0.0495 -1.3085 0.7057,
-0.0489 -1.3085 0.7057,
0.0495 -1.3284 0.7062,
-0.0489 -1.5742 0.5699,
0.0495 -1.5742 0.5699,
-0.0489 -1.3284 0.7062,
-0.0489 -1.5921 0.5490,
0.0495 -1.5927 0.5472,
0.0495 -1.5921 0.5490,
-0.0489 -1.5927 0.5472,
-0.0489 -1.5914 0.5508,
0.0495 -1.5914 0.5508,
-0.0489 -1.5906 0.5525,
0.0495 -1.5906 0.5525,
-0.0489 -1.5898 0.5541,
0.0495 -1.5898 0.5541,
-0.0489 -1.5888 0.5557,
0.0495 -1.5888 0.5557,
-0.0489 -1.5878 0.5573,
0.0495 -1.5878 0.5573,
-0.0489 -1.5868 0.5589,
0.0495 -1.5868 0.5589,
-0.0489 -1.5856 0.5603,
0.0495 -1.5856 0.5603,
-0.0489 -1.5844 0.5617,
0.0495 -1.5844 0.5617,
-0.0489 -1.5831 0.5631,
0.0495 -1.5831 0.5631,
-0.0489 -1.5818 0.5644,
0.0495 -1.5818 0.5644,
-0.0489 -1.5804 0.5656,
0.0495 -1.5804 0.5656,
-0.0489 -1.5789 0.5668,
0.0495 -1.5789 0.5668,
-0.0489 -1.5774 0.5679,
0.0495 -1.5774 0.5679,
0.0495 -1.5758 0.5689,
-0.0489 -1.5758 0.5689,
0.0495 -1.5742 0.5699,
-0.0489 -1.5742 0.5699,
0.5416 -1.1172 1.0787,
0.6400 -0.6627 1.0787,
0.6400 -1.1172 1.0787,
0.5416 -0.6627 1.0787,
0.5416 -1.2008 1.0547,
0.5416 -1.1945 1.0585,
0.6400 -1.2008 1.0547,
0.6400 -1.1945 1.0585,
0.5416 -1.1880 1.0619,
0.6400 -1.1880 1.0619,
0.5416 -1.1814 1.0651,
0.6400 -1.1814 1.0651,
0.5416 -1.1746 1.0679,
0.6400 -1.1746 1.0679,
0.5416 -1.1677 1.0704,
0.6400 -1.1677 1.0704,
0.5416 -1.1607 1.0726,
0.6400 -1.1607 1.0726,
0.5416 -1.1536 1.0745,
0.6400 -1.1536 1.0745,
0.5416 -1.1464 1.0760,
0.6400 -1.1464 1.0760,
0.5416 -1.1391 1.0772,
0.6400 -1.1391 1.0772,
0.5416 -1.1318 1.0781,
0.6400 -1.1318 1.0781,
0.5416 -1.1245 1.0786,
0.6400 -1.1245 1.0786,
0.5416 -1.1172 1.0787,
0.6400 -1.1172 1.0787,
0.6400 -1.3084 0.9873,
0.5416 -1.2008 1.0547,
0.6400 -1.2008 1.0547,
0.5416 -1.3084 0.9873,
0.5416 -1.3100 0.9864,
0.5416 -1.3084 0.9873,
0.6400 -1.3084 0.9873,
0.6400 -1.3100 0.9864,
0.5416 -1.3117 0.9856,
0.6400 -1.3117 0.9856,
0.5416 -1.3134 0.9850,
0.6400 -1.3134 0.9850,
0.5416 -1.3152 0.9846,
0.6400 -1.3152 0.9846,
0.5416 -1.3170 0.9843,
0.6400 -1.3170 0.9843,
0.5416 -1.3189 0.9843,
0.6400 -1.3189 0.9843,
0.5416 -1.3207 0.9843,
0.6400 -1.3207 0.9843,
0.6400 -1.3225 0.9846,
0.5416 -1.3225 0.9846,
0.5416 -1.3243 0.9850,
0.6400 -1.3243 0.9850,
0.5416 -1.3260 0.9856,
0.6400 -1.3260 0.9856,
0.5416 -1.3277 0.9863,
0.6400 -1.3277 0.9863,
0.6400 -1.3293 0.9872,
0.5416 -1.3293 0.9872,
0.5416 -1.4827 1.0827,
0.5416 -1.3293 0.9872,
0.6400 -1.3293 0.9872,
0.6400 -1.4827 1.0827,
-0.0489 -1.1172 1.0787,
0.0495 -0.6627 1.0787,
0.0495 -1.1172 1.0787,
-0.0489 -0.6627 1.0787,
-0.0489 -1.2008 1.0547,
-0.0489 -1.1945 1.0585,
0.0495 -1.2008 1.0547,
0.0495 -1.1945 1.0585,
-0.0489 -1.1880 1.0619,
0.0495 -1.1880 1.0619,
-0.0489 -1.1814 1.0651,
0.0495 -1.1814 1.0651,
-0.0489 -1.1746 1.0679,
0.0495 -1.1746 1.0679,
-0.0489 -1.1677 1.0704,
0.0495 -1.1677 1.0704,
-0.0489 -1.1607 1.0726,
0.0495 -1.1607 1.0726,
-0.0489 -1.1536 1.0745,
0.0495 -1.1536 1.0745,
-0.0489 -1.1464 1.0760,
0.0495 -1.1464 1.0760,
-0.0489 -1.1391 1.0772,
0.0495 -1.1391 1.0772,
-0.0489 -1.1318 1.0781,
0.0495 -1.1318 1.0781,
-0.0489 -1.1245 1.0786,
0.0495 -1.1245 1.0786,
-0.0489 -1.1172 1.0787,
0.0495 -1.1172 1.0787,
0.0495 -1.3084 0.9873,
-0.0489 -1.2008 1.0547,
0.0495 -1.2008 1.0547,
-0.0489 -1.3084 0.9873,
-0.0489 -1.3100 0.9864,
-0.0489 -1.3084 0.9873,
0.0495 -1.3084 0.9873,
0.0495 -1.3100 0.9864,
-0.0489 -1.3117 0.9856,
0.0495 -1.3117 0.9856,
-0.0489 -1.3134 0.9850,
0.0495 -1.3134 0.9850,
-0.0489 -1.3152 0.9846,
0.0495 -1.3152 0.9846,
-0.0489 -1.3170 0.9843,
0.0495 -1.3170 0.9843,
-0.0489 -1.3189 0.9843,
0.0495 -1.3189 0.9843,
-0.0489 -1.3207 0.9843,
0.0495 -1.3207 0.9843,
-0.0489 -1.3225 0.9846,
0.0495 -1.3225 0.9846,
0.0495 -1.3243 0.9850,
-0.0489 -1.3243 0.9850,
-0.0489 -1.3260 0.9856,
0.0495 -1.3260 0.9856,
0.0495 -1.3277 0.9863,
-0.0489 -1.3277 0.9863,
0.0495 -1.3293 0.9872,
-0.0489 -1.3293 0.9872,
-0.0489 -1.4827 1.0827,
-0.0489 -1.3293 0.9872,
0.0495 -1.3293 0.9872,
0.0495 -1.4827 1.0827,
-0.0489 -0.1772 0.0591,
-0.0489 -0.1733 0.0590,
0.0495 -0.1772 0.0591,
0.0495 -0.1733 0.0590,
-0.0489 -0.1694 0.0587,
0.0495 -0.1694 0.0587,
-0.0489 -0.1656 0.0582,
0.0495 -0.1656 0.0582,
-0.0489 -0.1618 0.0575,
0.0495 -0.1618 0.0575,
-0.0489 -0.1580 0.0567,
0.0495 -0.1580 0.0567,
-0.0489 -0.1543 0.0557,
0.0495 -0.1543 0.0557,
-0.0489 -0.1506 0.0545,
0.0495 -0.1506 0.0545,
-0.0489 -0.1470 0.0531,
0.0495 -0.1470 0.0531,
-0.0489 -0.1435 0.0515,
0.0495 -0.1435 0.0515,
-0.0489 -0.1400 0.0498,
0.0495 -0.1400 0.0498,
-0.0489 -0.1367 0.0479,
0.0495 -0.1367 0.0479,
-0.0489 -0.1334 0.0458,
0.0495 -0.1334 0.0458,
-0.0489 -0.1303 0.0436,
0.0495 -0.1303 0.0436,
-0.0489 -0.1272 0.0412,
0.0495 -0.1272 0.0412,
-0.0489 -0.1243 0.0387,
0.0495 -0.1243 0.0387,
-0.0489 -0.1215 0.0360,
0.0495 -0.1215 0.0360,
-0.0489 -0.1188 0.0332,
0.0495 -0.1188 0.0332,
-0.0489 -0.1163 0.0303,
0.0495 -0.1163 0.0303,
-0.0489 -0.1139 0.0272,
0.0495 -0.1139 0.0272,
-0.0489 -0.1117 0.0241,
0.0495 -0.1117 0.0241,
-0.0489 -0.1096 0.0208,
0.0495 -0.1096 0.0208,
-0.0489 -0.1077 0.0174,
0.0495 -0.1077 0.0174,
-0.0489 -0.1060 0.0140,
0.0495 -0.1060 0.0140,
-0.0489 -0.1044 0.0104,
0.0495 -0.1044 0.0104,
-0.0489 -0.1030 0.0068,
0.0495 -0.1030 0.0068,
-0.0489 -0.1018 0.0032,
0.0495 -0.1018 0.0032,
0.0495 -0.1008 -0.0006,
-0.0489 -0.1008 -0.0006,
-0.0489 -0.0999 -0.0043,
0.0495 -0.0999 -0.0043,
-0.0489 -0.0993 -0.0081,
0.0495 -0.0993 -0.0081,
-0.0489 -0.0988 -0.0120,
0.0495 -0.0988 -0.0120,
-0.0489 -0.0985 -0.0158,
0.0495 -0.0985 -0.0158,
-0.0489 -0.0984 -0.0197,
0.0495 -0.0984 -0.0197,
0.0495 -0.0984 -1.1987,
-0.0489 -0.0984 -1.2137,
0.0495 -0.0984 -1.3583,
-0.0489 -0.0984 -1.3583,
-0.0490 -0.0984 -1.2105,
-0.0492 -0.0984 -1.2073,
0.0488 -0.0984 -1.1918,
-0.0495 -0.0984 -1.2041,
0.0478 -0.0984 -1.1849,
-0.0500 -0.0984 -1.2009,
0.0465 -0.0984 -1.1781,
-0.0506 -0.0984 -1.1978,
-0.1184 -0.0984 -0.3660,
-0.2155 -0.0984 -0.3857,
-0.2165 -0.0984 -0.3803,
-0.1187 -0.0984 -0.3645,
-0.1189 -0.0984 -0.3629,
-0.2172 -0.0984 -0.3748,
-0.2178 -0.0984 -0.3693,
-0.1191 -0.0984 -0.3613,
-0.2181 -0.0984 -0.3637,
-0.1192 -0.0984 -0.3598,
-0.2182 -0.0984 -0.3582,
-0.1191 -0.0984 -0.3562,
-0.1192 -0.0984 -0.3582,
-0.2181 -0.0984 -0.3513,
-0.1190 -0.0984 -0.3543,
-0.2176 -0.0984 -0.3444,
-0.1187 -0.0984 -0.3523,
-0.2167 -0.0984 -0.3376,
0.0495 -0.0984 -0.2165,
-0.0489 -0.0984 -0.1654,
-0.1028 -0.0984 -0.3262,
-0.1184 -0.0984 -0.3504,
-0.2155 -0.0984 -0.3308,
-0.1180 -0.0984 -0.3485,
-0.2140 -0.0984 -0.3240,
-0.1174 -0.0984 -0.3466,
-0.2121 -0.0984 -0.3174,
-0.1168 -0.0984 -0.3447,
-0.2099 -0.0984 -0.3109,
-0.1161 -0.0984 -0.3429,
-0.2074 -0.0984 -0.3045,
-0.1153 -0.0984 -0.3411,
-0.1144 -0.0984 -0.3394,
-0.2046 -0.0984 -0.2982,
-0.1134 -0.0984 -0.3377,
-0.2014 -0.0984 -0.2920,
-0.1980 -0.0984 -0.2861,
-0.1124 -0.0984 -0.3360,
-0.1942 -0.0984 -0.2803,
-0.1112 -0.0984 -0.3344,
-0.1607 -0.0984 -0.2459,
-0.1044 -0.0984 -0.3274,
-0.1100 -0.0984 -0.3329,
-0.1902 -0.0984 -0.2747,
-0.1662 -0.0984 -0.2500,
-0.1087 -0.0984 -0.3314,
-0.1859 -0.0984 -0.2693,
-0.1715 -0.0984 -0.2545,
-0.1059 -0.0984 -0.3287,
-0.1814 -0.0984 -0.2641,
-0.1073 -0.0984 -0.3300,
-0.1765 -0.0984 -0.2591,
0.0495 -0.0984 -0.0197,
-0.0489 -0.0984 -0.0197,
0.0495 -0.0984 -0.2165,
-0.1028 -0.0984 -0.3262,
-0.1028 0.0984 -0.3262,
0.0495 0.0984 -0.2165,
-0.0489 0.0984 -1.2137,
0.0495 0.0984 -1.1987,
0.0495 0.0984 -1.3583,
-0.0489 0.0984 -1.3583,
-0.0490 0.0984 -1.2105,
-0.0492 0.0984 -1.2073,
-0.0495 0.0984 -1.2041,
0.0488 0.0984 -1.1918,
-0.0500 0.0984 -1.2009,
0.0478 0.0984 -1.1849,
-0.0506 0.0984 -1.1978,
0.0465 0.0984 -1.1781,
-0.2155 0.0984 -0.3857,
-0.1184 0.0984 -0.3660,
-0.2165 0.0984 -0.3803,
-0.1189 0.0984 -0.3629,
-0.1187 0.0984 -0.3645,
-0.2172 0.0984 -0.3748,
-0.1191 0.0984 -0.3613,
-0.2178 0.0984 -0.3693,
-0.2181 0.0984 -0.3637,
-0.1192 0.0984 -0.3598,
-0.2182 0.0984 -0.3582,
-0.1191 0.0984 -0.3562,
-0.1192 0.0984 -0.3582,
-0.2181 0.0984 -0.3513,
-0.2176 0.0984 -0.3444,
-0.1190 0.0984 -0.3543,
-0.2167 0.0984 -0.3376,
-0.1184 0.0984 -0.3504,
-0.1187 0.0984 -0.3523,
-0.0489 0.0984 -0.1654,
0.0495 0.0984 -0.2165,
-0.1028 0.0984 -0.3262,
-0.2155 0.0984 -0.3308,
-0.2140 0.0984 -0.3240,
-0.1180 0.0984 -0.3485,
-0.2121 0.0984 -0.3174,
-0.1168 0.0984 -0.3447,
-0.1174 0.0984 -0.3466,
-0.2099 0.0984 -0.3109,
-0.2074 0.0984 -0.3045,
-0.1161 0.0984 -0.3429,
-0.2046 0.0984 -0.2982,
-0.1144 0.0984 -0.3394,
-0.1153 0.0984 -0.3411,
-0.2014 0.0984 -0.2920,
-0.1980 0.0984 -0.2861,
-0.1134 0.0984 -0.3377,
-0.1942 0.0984 -0.2803,
-0.1112 0.0984 -0.3344,
-0.1124 0.0984 -0.3360,
-0.1607 0.0984 -0.2459,
-0.1044 0.0984 -0.3274,
-0.1902 0.0984 -0.2747,
-0.1662 0.0984 -0.2500,
-0.1859 0.0984 -0.2693,
-0.1100 0.0984 -0.3329,
-0.1715 0.0984 -0.2545,
-0.1059 0.0984 -0.3287,
-0.1814 0.0984 -0.2641,
-0.1073 0.0984 -0.3300,
-0.1087 0.0984 -0.3314,
-0.1765 0.0984 -0.2591,
0.0495 0.0984 0.8110,
-0.0489 0.0984 0.8110,
-0.0489 -0.0984 -0.1654,
-0.1607 0.0984 -0.2459,
-0.1607 -0.0984 -0.2459,
-0.0489 0.0984 -0.1654,
-0.2155 -0.0984 -0.3857,
-0.0506 0.0984 -1.1978,
-0.0506 -0.0984 -1.1978,
-0.2155 0.0984 -0.3857,
-0.0489 0.0984 -1.2137,
-0.0489 -0.0984 -1.2137,
-0.0490 0.0984 -1.2105,
-0.0490 -0.0984 -1.2105,
-0.0492 0.0984 -1.2073,
-0.0492 -0.0984 -1.2073,
-0.0495 0.0984 -1.2041,
-0.0495 -0.0984 -1.2041,
-0.0500 0.0984 -1.2009,
-0.0500 -0.0984 -1.2009,
-0.0506 0.0984 -1.1978,
-0.0506 -0.0984 -1.1978,
-0.0489 0.0984 -1.2137,
-0.0489 0.0984 -1.3583,
-0.0489 -0.0984 -1.3583,
-0.0489 -0.0984 -1.2137,
-0.0489 -0.0984 -1.3583,
0.0495 0.0984 -1.3583,
0.0495 -0.0984 -1.3583,
-0.0489 0.0984 -1.3583,
0.0495 0.0984 -1.1987,
0.0495 -0.0984 -1.1987,
0.0495 -0.0984 -1.3583,
0.0495 0.0984 -1.3583,
0.0495 -0.0984 -1.1987,
0.0495 0.0984 -1.1987,
0.0488 0.0984 -1.1918,
0.0488 -0.0984 -1.1918,
0.0478 0.0984 -1.1849,
0.0478 -0.0984 -1.1849,
0.0465 -0.0984 -1.1781,
0.0465 0.0984 -1.1781,
-0.1184 0.0984 -0.3660,
-0.1184 -0.0984 -0.3660,
0.0465 -0.0984 -1.1781,
0.0465 0.0984 -1.1781,
-0.1028 0.0984 -0.3262,
-0.1028 -0.0984 -0.3262,
-0.1044 0.0984 -0.3274,
-0.1044 -0.0984 -0.3274,
-0.1059 0.0984 -0.3287,
-0.1059 -0.0984 -0.3287,
-0.1073 0.0984 -0.3300,
-0.1073 -0.0984 -0.3300,
-0.1087 0.0984 -0.3314,
-0.1087 -0.0984 -0.3314,
-0.1100 0.0984 -0.3329,
-0.1100 -0.0984 -0.3329,
-0.1112 0.0984 -0.3344,
-0.1112 -0.0984 -0.3344,
-0.1124 0.0984 -0.3360,
-0.1124 -0.0984 -0.3360,
-0.1134 0.0984 -0.3377,
-0.1134 -0.0984 -0.3377,
-0.1144 0.0984 -0.3394,
-0.1144 -0.0984 -0.3394,
-0.1153 0.0984 -0.3411,
-0.1153 -0.0984 -0.3411,
-0.1161 0.0984 -0.3429,
-0.1161 -0.0984 -0.3429,
-0.1168 0.0984 -0.3447,
-0.1168 -0.0984 -0.3447,
-0.1174 0.0984 -0.3466,
-0.1174 -0.0984 -0.3466,
-0.1180 0.0984 -0.3485,
-0.1180 -0.0984 -0.3485,
-0.1184 0.0984 -0.3504,
-0.1184 -0.0984 -0.3504,
-0.1187 0.0984 -0.3523,
-0.1187 -0.0984 -0.3523,
-0.1190 0.0984 -0.3543,
-0.1190 -0.0984 -0.3543,
-0.1191 0.0984 -0.3562,
-0.1191 -0.0984 -0.3562,
-0.1192 0.0984 -0.3582,
-0.1192 -0.0984 -0.3582,
-0.0489 0.0591 0.8504,
0.0495 0.0591 0.8504,
0.0495 0.0984 0.8110,
-0.0489 0.0984 0.8110,
0.5416 0.0591 0.8504,
0.6400 0.0591 0.8504,
0.6400 0.0984 0.8110,
0.5416 0.0984 0.8110,
0.5416 0.0984 0.8110,
0.6400 0.0984 0.8110,
0.6400 0.0984 0.0984,
0.5416 0.0984 0.0984,
0.5416 0.0984 0.0965,
0.5416 0.0984 0.0984,
0.6400 0.0984 0.0984,
0.6400 0.0984 0.0965,
0.5416 0.0982 0.0946,
0.6400 0.0982 0.0946,
0.5416 0.0980 0.0926,
0.6400 0.0980 0.0926,
0.5416 0.0977 0.0907,
0.6400 0.0977 0.0907,
0.5416 0.0972 0.0889,
0.6400 0.0972 0.0889,
0.5416 0.0967 0.0870,
0.6400 0.0967 0.0870,
0.5416 0.0961 0.0852,
0.6400 0.0961 0.0852,
0.5416 0.0954 0.0834,
0.6400 0.0954 0.0834,
0.5416 0.0946 0.0816,
0.6400 0.0946 0.0816,
0.5416 0.0938 0.0799,
0.6400 0.0938 0.0799,
0.5416 0.0928 0.0782,
0.6400 0.0928 0.0782,
0.5416 0.0918 0.0766,
0.6400 0.0918 0.0766,
0.6400 0.0907 0.0750,
0.5416 0.0907 0.0750,
0.5416 0.0895 0.0734,
0.6400 0.0895 0.0734,
0.5416 0.0882 0.0720,
0.6400 0.0882 0.0720,
0.5416 0.0869 0.0706,
0.6400 0.0869 0.0706,
0.5416 0.0855 0.0693,
0.6400 0.0855 0.0693,
0.5416 0.0840 0.0680,
0.6400 0.0840 0.0680,
0.5416 0.0825 0.0668,
0.6400 0.0825 0.0668,
0.5416 0.0809 0.0657,
0.6400 0.0809 0.0657,
0.5416 0.0793 0.0647,
0.6400 0.0793 0.0647,
0.5416 0.0776 0.0637,
0.6400 0.0776 0.0637,
0.5416 0.0759 0.0628,
0.6400 0.0759 0.0628,
0.5416 0.0741 0.0621,
0.6400 0.0741 0.0621,
0.5416 0.0723 0.0614,
0.6400 0.0723 0.0614,
0.5416 0.0705 0.0608,
0.6400 0.0705 0.0608,
0.5416 0.0686 0.0602,
0.6400 0.0686 0.0602,
0.5416 0.0667 0.0598,
0.6400 0.0667 0.0598,
0.5416 0.0648 0.0595,
0.6400 0.0648 0.0595,
0.5416 0.0629 0.0592,
0.6400 0.0629 0.0592,
0.5416 0.0610 0.0591,
0.6400 0.0610 0.0591,
0.5416 0.0591 0.0591,
0.6400 0.0591 0.0591,
0.5416 -1.3189 0.0591,
0.5416 0.0591 0.0591,
0.6400 0.0591 0.0591,
0.6400 -1.3189 0.0591,
0.5416 -1.3583 0.0197,
0.5416 -1.3582 0.0216,
0.6400 -1.3583 0.0197,
0.6400 -1.3582 0.0216,
0.5416 -1.3581 0.0235,
0.6400 -1.3581 0.0235,
0.5416 -1.3578 0.0255,
0.6400 -1.3578 0.0255,
0.5416 -1.3575 0.0274,
0.6400 -1.3575 0.0274,
0.5416 -1.3571 0.0293,
0.6400 -1.3571 0.0293,
0.5416 -1.3566 0.0311,
0.6400 -1.3566 0.0311,
0.5416 -1.3560 0.0329,
0.6400 -1.3560 0.0329,
0.5416 -1.3553 0.0348,
0.6400 -1.3553 0.0348,
0.5416 -1.3545 0.0365,
0.6400 -1.3545 0.0365,
0.5416 -1.3536 0.0382,
0.6400 -1.3536 0.0382,
0.5416 -1.3527 0.0399,
0.6400 -1.3527 0.0399,
0.5416 -1.3516 0.0416,
0.6400 -1.3516 0.0416,
0.5416 -1.3505 0.0431,
0.6400 -1.3505 0.0431,
0.5416 -1.3493 0.0447,
0.6400 -1.3493 0.0447,
0.5416 -1.3481 0.0461,
0.6400 -1.3481 0.0461,
0.5416 -1.3467 0.0475,
0.6400 -1.3467 0.0475,
0.5416 -1.3453 0.0489,
0.6400 -1.3453 0.0489,
0.5416 -1.3439 0.0501,
0.6400 -1.3439 0.0501,
0.5416 -1.3424 0.0513,
0.6400 -1.3424 0.0513,
0.6400 -1.3408 0.0524,
0.5416 -1.3408 0.0524,
0.5416 -1.3391 0.0535,
0.6400 -1.3391 0.0535,
0.5416 -1.3375 0.0544,
0.6400 -1.3375 0.0544,
0.5416 -1.3357 0.0553,
0.6400 -1.3357 0.0553,
0.5416 -1.3340 0.0561,
0.6400 -1.3340 0.0561,
0.5416 -1.3322 0.0568,
0.6400 -1.3322 0.0568,
0.5416 -1.3303 0.0574,
0.6400 -1.3303 0.0574,
0.6400 -1.3285 0.0579,
0.5416 -1.3285 0.0579,
0.5416 -1.3266 0.0583,
0.6400 -1.3266 0.0583,
0.6400 -1.3247 0.0586,
0.5416 -1.3247 0.0586,
0.5416 -1.3228 0.0589,
0.6400 -1.3228 0.0589,
0.5416 -1.3208 0.0590,
0.6400 -1.3208 0.0590,
0.5416 -1.3189 0.0591,
0.6400 -1.3189 0.0591,
0.5416 -1.3583 -1.2008,
0.6401 -1.3583 -1.1976,
0.6400 -1.3583 -1.2008,
0.6400 -1.3583 -1.3583,
0.5416 -1.3583 -1.3583,
0.5417 -1.3583 -1.1937,
0.6403 -1.3583 -1.1945,
0.5422 -1.3583 -1.1866,
0.6406 -1.3583 -1.1914,
0.5429 -1.3583 -1.1796,
0.6410 -1.3583 -1.1882,
0.5439 -1.3583 -1.1725,
0.6416 -1.3583 -1.1851,
0.5451 -1.3583 -1.1656,
0.7081 -1.3583 -0.3622,
0.8056 -1.3583 -0.3763,
0.8046 -1.3583 -0.3817,
0.7084 -1.3583 -0.3606,
0.7086 -1.3583 -0.3590,
0.8064 -1.3583 -0.3708,
0.7088 -1.3583 -0.3575,
0.8069 -1.3583 -0.3654,
0.7089 -1.3583 -0.3559,
0.8072 -1.3583 -0.3598,
0.7089 -1.3583 -0.3543,
0.8073 -1.3583 -0.3543,
0.7089 -1.3583 -0.3524,
0.8072 -1.3583 -0.3476,
0.7087 -1.3583 -0.3505,
0.8067 -1.3583 -0.3409,
0.7085 -1.3583 -0.3486,
0.8059 -1.3583 -0.3342,
0.7082 -1.3583 -0.3467,
0.8047 -1.3583 -0.3276,
0.7078 -1.3583 -0.3448,
0.8033 -1.3583 -0.3210,
0.7072 -1.3583 -0.3430,
0.8015 -1.3583 -0.3145,
0.7066 -1.3583 -0.3411,
0.7994 -1.3583 -0.3081,
0.7060 -1.3583 -0.3393,
0.7970 -1.3583 -0.3018,
0.7052 -1.3583 -0.3376,
0.7942 -1.3583 -0.2957,
0.7043 -1.3583 -0.3359,
0.7912 -1.3583 -0.2897,
0.7034 -1.3583 -0.3342,
0.7879 -1.3583 -0.2838,
0.7024 -1.3583 -0.3325,
0.7843 -1.3583 -0.2781,
0.7012 -1.3583 -0.3310,
0.7805 -1.3583 -0.2726,
0.7001 -1.3583 -0.3295,
0.7764 -1.3583 -0.2673,
0.6988 -1.3583 -0.3280,
0.7720 -1.3583 -0.2622,
0.6975 -1.3583 -0.3266,
0.7674 -1.3583 -0.2573,
0.6961 -1.3583 -0.3253,
0.7625 -1.3583 -0.2526,
0.7574 -1.3583 -0.2482,
0.6947 -1.3583 -0.3240,
0.6931 -1.3583 -0.3228,
0.7521 -1.3583 -0.2440,
0.7466 -1.3583 -0.2401,
0.6916 -1.3583 -0.3217,
0.6400 -1.3583 -0.1682,
0.5416 -1.3583 -0.2205,
0.5416 -1.3583 0.0197,
0.6400 -1.3583 0.0197,
0.5416 -1.5551 -0.2205,
0.6916 -1.3583 -0.3217,
0.6916 -1.5551 -0.3217,
0.5416 -1.3583 -0.2205,
0.7089 -1.3583 -0.3543,
0.7089 -1.5551 -0.3543,
0.7089 -1.3583 -0.3524,
0.7089 -1.5551 -0.3524,
0.7087 -1.3583 -0.3505,
0.7087 -1.5551 -0.3505,
0.7085 -1.3583 -0.3486,
0.7085 -1.5551 -0.3486,
0.7082 -1.3583 -0.3467,
0.7082 -1.5551 -0.3467,
0.7078 -1.3583 -0.3448,
0.7078 -1.5551 -0.3448,
0.7072 -1.3583 -0.3430,
0.7072 -1.5551 -0.3430,
0.7066 -1.3583 -0.3411,
0.7066 -1.5551 -0.3411,
0.7060 -1.3583 -0.3393,
0.7060 -1.5551 -0.3393,
0.7052 -1.3583 -0.3376,
0.7052 -1.5551 -0.3376,
0.7043 -1.3583 -0.3359,
0.7043 -1.5551 -0.3359,
0.7034 -1.3583 -0.3342,
0.7034 -1.5551 -0.3342,
0.7024 -1.3583 -0.3325,
0.7024 -1.5551 -0.3325,
0.7012 -1.3583 -0.3310,
0.7012 -1.5551 -0.3310,
0.7001 -1.3583 -0.3295,
0.7001 -1.5551 -0.3295,
0.6988 -1.3583 -0.3280,
0.6988 -1.5551 -0.3280,
0.6975 -1.3583 -0.3266,
0.6975 -1.5551 -0.3266,
0.6961 -1.3583 -0.3253,
0.6961 -1.5551 -0.3253,
0.6947 -1.3583 -0.3240,
0.6947 -1.5551 -0.3240,
0.6931 -1.3583 -0.3228,
0.6931 -1.5551 -0.3228,
0.6916 -1.3583 -0.3217,
0.6916 -1.5551 -0.3217,
0.7081 -1.3583 -0.3622,
0.5451 -1.3583 -1.1656,
0.5451 -1.5551 -1.1656,
0.7081 -1.5551 -0.3622,
0.5451 -1.5551 -1.1656,
0.5451 -1.3583 -1.1656,
0.5439 -1.3583 -1.1725,
0.5439 -1.5551 -1.1725,
0.5429 -1.3583 -1.1796,
0.5429 -1.5551 -1.1796,
0.5422 -1.3583 -1.1866,
0.5422 -1.5551 -1.1866,
0.5417 -1.3583 -1.1937,
0.5417 -1.5551 -1.1937,
0.5416 -1.3583 -1.2008,
0.5416 -1.5551 -1.2008,
0.5416 -1.3583 -1.2008,
0.5416 -1.3583 -1.3583,
0.5416 -1.5551 -1.3583,
0.5416 -1.5551 -1.2008,
0.5416 -1.5551 -1.3583,
0.6400 -1.3583 -1.3583,
0.6400 -1.5551 -1.3583,
0.5416 -1.3583 -1.3583,
0.6400 -1.3583 -1.2008,
0.6400 -1.5551 -1.2008,
0.6400 -1.5551 -1.3583,
0.6400 -1.3583 -1.3583,
0.6416 -1.3583 -1.1851,
0.6410 -1.5551 -1.1882,
0.6410 -1.3583 -1.1882,
0.6416 -1.5551 -1.1851,
0.6406 -1.5551 -1.1914,
0.6406 -1.3583 -1.1914,
0.6403 -1.5551 -1.1945,
0.6403 -1.3583 -1.1945,
0.6401 -1.5551 -1.1976,
0.6401 -1.3583 -1.1976,
0.6400 -1.5551 -1.2008,
0.6400 -1.3583 -1.2008,
0.8046 -1.5551 -0.3817,
0.6416 -1.5551 -1.1851,
0.6416 -1.3583 -1.1851,
0.8046 -1.3583 -0.3817,
0.6400 -1.3583 -0.1682,
0.6400 -1.5551 -0.1682,
0.7466 -1.5551 -0.2401,
0.7466 -1.3583 -0.2401,
-0.0489 -1.2913 0.0984,
-0.0489 -1.2480 0.0591,
0.0495 -1.2480 0.0591,
0.0495 -1.2913 0.0984,
-0.0489 -1.2480 0.0591,
-0.0489 -0.1772 0.0591,
0.0495 -0.1772 0.0591,
0.0495 -1.2480 0.0591,
    ] }
    coordIndex [
0,1,2,-1,
2,1,3,-1,
3,4,5,-1,
1,4,3,-1,
5,6,7,-1,
4,6,5,-1,
7,8,9,-1,
6,8,7,-1,
9,10,11,-1,
8,10,9,-1,
12,13,14,-1,
15,13,12,-1,
14,16,17,-1,
13,16,14,-1,
17,18,19,-1,
16,18,17,-1,
19,20,21,-1,
18,20,19,-1,
21,22,23,-1,
20,22,21,-1,
24,25,26,-1,
27,25,24,-1,
28,25,27,-1,
29,28,27,-1,
30,31,32,-1,
33,30,32,-1,
34,33,32,-1,
35,33,34,-1,
36,37,38,-1,
38,37,39,-1,
40,41,36,-1,
36,41,37,-1,
42,43,40,-1,
40,43,41,-1,
44,45,42,-1,
42,45,43,-1,
46,47,44,-1,
44,47,45,-1,
48,49,46,-1,
46,49,47,-1,
50,51,48,-1,
48,51,49,-1,
50,52,51,-1,
53,52,50,-1,
54,55,53,-1,
53,55,52,-1,
56,57,54,-1,
54,57,55,-1,
58,59,56,-1,
56,59,57,-1,
60,61,58,-1,
58,61,59,-1,
62,63,60,-1,
60,63,61,-1,
64,65,62,-1,
66,65,64,-1,
62,65,63,-1,
66,67,65,-1,
68,69,66,-1,
66,69,67,-1,
70,71,68,-1,
72,71,70,-1,
68,71,69,-1,
72,73,71,-1,
72,74,73,-1,
75,74,72,-1,
76,74,75,-1,
76,77,74,-1,
78,77,76,-1,
79,80,78,-1,
78,80,77,-1,
81,82,79,-1,
79,82,80,-1,
81,83,82,-1,
84,85,81,-1,
81,85,83,-1,
86,87,84,-1,
84,87,85,-1,
88,89,86,-1,
90,89,88,-1,
86,89,87,-1,
90,91,89,-1,
92,93,90,-1,
90,93,91,-1,
93,94,95,-1,
92,94,93,-1,
95,96,97,-1,
94,96,95,-1,
97,98,99,-1,
96,98,97,-1,
99,100,101,-1,
98,100,99,-1,
100,102,101,-1,
102,103,101,-1,
104,105,102,-1,
102,105,103,-1,
106,107,108,-1,
106,108,109,-1,
106,109,110,-1,
106,110,111,-1,
106,111,112,-1,
106,112,113,-1,
106,113,114,-1,
106,114,115,-1,
106,115,116,-1,
106,116,117,-1,
106,117,118,-1,
106,118,119,-1,
106,119,120,-1,
106,120,121,-1,
106,121,122,-1,
123,124,125,-1,
126,127,123,-1,
128,126,123,-1,
129,128,123,-1,
130,131,129,-1,
130,129,123,-1,
132,130,123,-1,
132,133,130,-1,
132,125,134,-1,
132,123,125,-1,
135,134,106,-1,
135,106,122,-1,
135,132,134,-1,
136,135,122,-1,
137,135,136,-1,
138,137,136,-1,
139,137,138,-1,
140,141,142,-1,
140,142,139,-1,
143,144,140,-1,
143,140,139,-1,
145,143,139,-1,
146,147,145,-1,
146,145,139,-1,
148,149,146,-1,
148,146,139,-1,
150,151,148,-1,
150,148,139,-1,
152,153,150,-1,
152,150,139,-1,
154,139,138,-1,
154,152,139,-1,
155,156,157,-1,
158,159,156,-1,
158,156,155,-1,
160,159,158,-1,
161,162,163,-1,
161,163,164,-1,
165,160,162,-1,
165,161,166,-1,
165,159,160,-1,
165,162,161,-1,
167,159,165,-1,
168,169,159,-1,
168,159,167,-1,
170,169,168,-1,
171,169,170,-1,
172,169,171,-1,
173,169,172,-1,
174,169,173,-1,
175,176,177,-1,
176,169,177,-1,
177,169,178,-1,
178,169,179,-1,
179,169,180,-1,
180,169,181,-1,
181,169,182,-1,
182,169,183,-1,
183,169,174,-1,
184,185,186,-1,
184,186,187,-1,
188,184,189,-1,
190,184,188,-1,
191,184,190,-1,
192,191,193,-1,
192,193,194,-1,
192,194,195,-1,
192,195,196,-1,
192,196,197,-1,
192,197,198,-1,
192,198,199,-1,
192,199,200,-1,
192,200,201,-1,
192,201,202,-1,
192,202,203,-1,
192,203,204,-1,
192,204,205,-1,
192,205,206,-1,
192,206,207,-1,
192,207,208,-1,
192,208,209,-1,
192,209,210,-1,
192,210,211,-1,
192,211,212,-1,
192,184,191,-1,
213,192,212,-1,
214,192,213,-1,
215,192,214,-1,
216,192,215,-1,
217,192,216,-1,
218,192,217,-1,
219,192,218,-1,
220,192,219,-1,
221,192,220,-1,
222,221,223,-1,
222,223,224,-1,
222,224,225,-1,
222,225,226,-1,
222,226,227,-1,
222,227,228,-1,
222,228,229,-1,
222,229,230,-1,
222,230,231,-1,
222,231,232,-1,
222,232,233,-1,
222,233,234,-1,
222,234,235,-1,
222,235,236,-1,
222,236,237,-1,
222,237,238,-1,
222,238,239,-1,
240,222,239,-1,
241,222,240,-1,
242,222,241,-1,
243,222,242,-1,
244,222,243,-1,
245,222,244,-1,
246,222,245,-1,
247,222,246,-1,
248,222,247,-1,
249,222,248,-1,
250,222,249,-1,
251,222,250,-1,
252,222,251,-1,
253,222,252,-1,
254,222,253,-1,
255,222,254,-1,
256,222,255,-1,
256,257,222,-1,
222,192,221,-1,
187,189,184,-1,
258,259,260,-1,
260,259,261,-1,
261,259,262,-1,
262,259,263,-1,
263,259,264,-1,
264,259,265,-1,
265,259,266,-1,
266,259,267,-1,
267,259,268,-1,
268,259,269,-1,
269,259,270,-1,
270,259,271,-1,
271,259,272,-1,
272,259,273,-1,
273,259,274,-1,
275,276,277,-1,
278,279,276,-1,
279,280,276,-1,
280,281,276,-1,
282,283,281,-1,
281,283,276,-1,
283,284,276,-1,
285,284,283,-1,
277,284,286,-1,
276,284,277,-1,
286,287,259,-1,
259,287,274,-1,
284,287,286,-1,
287,288,274,-1,
287,289,288,-1,
289,290,288,-1,
289,291,290,-1,
292,293,294,-1,
294,293,291,-1,
295,296,293,-1,
293,296,291,-1,
296,297,291,-1,
298,299,297,-1,
297,299,291,-1,
300,301,299,-1,
299,301,291,-1,
302,303,301,-1,
301,303,291,-1,
304,305,303,-1,
303,305,291,-1,
291,306,290,-1,
305,306,291,-1,
307,308,309,-1,
310,311,307,-1,
307,311,308,-1,
310,312,311,-1,
313,314,315,-1,
315,314,316,-1,
312,317,313,-1,
314,317,318,-1,
310,317,312,-1,
313,317,314,-1,
310,319,317,-1,
320,321,310,-1,
310,321,319,-1,
320,322,321,-1,
320,323,322,-1,
320,324,323,-1,
320,325,324,-1,
320,326,325,-1,
327,328,329,-1,
320,327,329,-1,
320,329,330,-1,
320,330,331,-1,
320,331,332,-1,
320,332,333,-1,
320,333,334,-1,
320,334,335,-1,
320,335,326,-1,
336,337,338,-1,
338,337,339,-1,
337,340,341,-1,
337,342,340,-1,
337,343,342,-1,
343,344,345,-1,
345,344,346,-1,
346,344,347,-1,
347,344,348,-1,
348,344,349,-1,
349,344,350,-1,
350,344,351,-1,
351,344,352,-1,
352,344,353,-1,
353,344,354,-1,
354,344,355,-1,
355,344,356,-1,
356,344,357,-1,
357,344,358,-1,
358,344,359,-1,
359,344,360,-1,
360,344,361,-1,
361,344,362,-1,
362,344,363,-1,
363,344,364,-1,
337,344,343,-1,
344,365,364,-1,
344,366,365,-1,
344,367,366,-1,
344,368,367,-1,
344,369,368,-1,
344,370,369,-1,
344,371,370,-1,
344,372,371,-1,
344,373,372,-1,
373,374,375,-1,
375,374,376,-1,
376,374,377,-1,
377,374,378,-1,
378,374,379,-1,
379,374,380,-1,
380,374,381,-1,
381,374,382,-1,
382,374,383,-1,
383,374,384,-1,
384,374,385,-1,
385,374,386,-1,
386,374,387,-1,
387,374,388,-1,
388,374,389,-1,
389,374,390,-1,
390,374,391,-1,
374,392,391,-1,
374,393,392,-1,
374,394,393,-1,
374,395,394,-1,
374,396,395,-1,
374,397,396,-1,
374,398,397,-1,
374,399,398,-1,
374,400,399,-1,
374,401,400,-1,
374,402,401,-1,
374,403,402,-1,
374,404,403,-1,
374,405,404,-1,
374,406,405,-1,
374,407,406,-1,
374,408,407,-1,
409,408,374,-1,
341,339,337,-1,
344,374,373,-1,
410,411,412,-1,
410,412,413,-1,
414,415,416,-1,
414,416,417,-1,
418,417,419,-1,
418,414,417,-1,
420,419,421,-1,
420,418,419,-1,
422,421,423,-1,
422,420,421,-1,
424,423,425,-1,
424,422,423,-1,
426,425,427,-1,
426,424,425,-1,
428,427,429,-1,
428,426,427,-1,
430,429,431,-1,
430,428,429,-1,
432,431,433,-1,
432,430,431,-1,
434,433,435,-1,
434,432,433,-1,
436,435,437,-1,
436,434,435,-1,
438,437,439,-1,
438,436,437,-1,
440,441,442,-1,
440,439,441,-1,
440,438,439,-1,
443,440,442,-1,
444,445,446,-1,
444,447,445,-1,
448,449,450,-1,
448,450,451,-1,
452,453,454,-1,
452,454,455,-1,
456,457,458,-1,
456,458,459,-1,
460,459,461,-1,
460,456,459,-1,
462,461,463,-1,
462,460,461,-1,
464,463,465,-1,
464,462,463,-1,
466,465,467,-1,
466,464,465,-1,
468,467,469,-1,
468,466,467,-1,
470,469,471,-1,
470,468,469,-1,
472,471,473,-1,
472,470,471,-1,
474,473,475,-1,
474,472,473,-1,
476,477,478,-1,
476,475,477,-1,
476,474,475,-1,
479,476,478,-1,
480,481,482,-1,
480,483,481,-1,
484,485,486,-1,
484,487,485,-1,
488,486,489,-1,
488,484,486,-1,
490,489,491,-1,
490,488,489,-1,
492,491,493,-1,
492,490,491,-1,
494,493,495,-1,
494,492,493,-1,
496,495,497,-1,
496,494,495,-1,
498,497,499,-1,
498,496,497,-1,
500,499,501,-1,
500,498,499,-1,
502,501,503,-1,
502,500,501,-1,
504,503,505,-1,
504,502,503,-1,
506,505,507,-1,
506,504,505,-1,
508,507,509,-1,
508,506,507,-1,
510,509,511,-1,
510,508,509,-1,
512,513,514,-1,
512,511,513,-1,
512,510,511,-1,
515,512,514,-1,
516,515,514,-1,
516,514,517,-1,
518,519,520,-1,
518,520,521,-1,
518,521,522,-1,
518,522,523,-1,
518,523,524,-1,
518,524,525,-1,
518,525,526,-1,
518,526,527,-1,
518,527,528,-1,
518,528,529,-1,
518,529,530,-1,
518,530,531,-1,
518,531,532,-1,
518,532,533,-1,
518,533,534,-1,
535,536,537,-1,
535,537,538,-1,
535,538,539,-1,
540,541,535,-1,
540,535,539,-1,
542,543,544,-1,
542,544,540,-1,
545,539,546,-1,
545,540,539,-1,
545,542,540,-1,
547,546,518,-1,
547,518,534,-1,
547,545,546,-1,
548,547,534,-1,
549,548,550,-1,
549,547,548,-1,
551,549,550,-1,
552,553,554,-1,
555,553,552,-1,
556,553,555,-1,
557,556,558,-1,
559,557,560,-1,
559,560,561,-1,
562,559,563,-1,
562,553,556,-1,
562,556,557,-1,
562,557,559,-1,
564,553,562,-1,
565,566,553,-1,
565,553,564,-1,
567,566,565,-1,
568,566,567,-1,
569,566,568,-1,
570,566,569,-1,
571,566,570,-1,
572,573,574,-1,
573,566,574,-1,
574,566,575,-1,
575,566,576,-1,
576,566,577,-1,
577,566,578,-1,
578,566,579,-1,
579,566,580,-1,
580,566,571,-1,
581,582,583,-1,
584,585,586,-1,
584,586,587,-1,
584,587,588,-1,
584,588,589,-1,
584,589,590,-1,
584,590,591,-1,
584,591,592,-1,
584,592,593,-1,
584,593,594,-1,
584,594,595,-1,
584,595,596,-1,
584,596,597,-1,
584,597,598,-1,
584,598,599,-1,
584,599,600,-1,
584,600,601,-1,
584,601,602,-1,
584,602,603,-1,
584,603,604,-1,
584,604,605,-1,
584,605,606,-1,
584,606,607,-1,
584,607,608,-1,
584,608,609,-1,
584,609,610,-1,
584,610,611,-1,
584,611,612,-1,
584,612,613,-1,
584,613,614,-1,
584,614,582,-1,
584,582,581,-1,
615,584,616,-1,
584,617,618,-1,
618,617,619,-1,
584,618,620,-1,
584,620,585,-1,
581,616,584,-1,
621,622,623,-1,
621,624,622,-1,
625,626,627,-1,
627,626,628,-1,
628,626,629,-1,
629,626,630,-1,
630,626,631,-1,
631,626,632,-1,
632,626,633,-1,
633,626,634,-1,
634,626,635,-1,
635,626,636,-1,
636,626,637,-1,
637,626,638,-1,
638,626,639,-1,
639,626,640,-1,
640,626,641,-1,
642,643,644,-1,
644,643,645,-1,
645,643,646,-1,
647,648,643,-1,
643,648,646,-1,
649,650,651,-1,
651,650,648,-1,
646,652,653,-1,
648,652,646,-1,
650,652,648,-1,
653,654,626,-1,
626,654,641,-1,
652,654,653,-1,
654,655,641,-1,
655,656,657,-1,
654,656,655,-1,
656,658,657,-1,
659,660,661,-1,
660,662,663,-1,
663,662,664,-1,
660,665,662,-1,
666,667,668,-1,
665,669,666,-1,
666,669,667,-1,
659,670,660,-1,
660,670,665,-1,
665,670,669,-1,
659,671,670,-1,
672,673,659,-1,
659,673,671,-1,
672,674,673,-1,
672,675,674,-1,
672,676,675,-1,
672,677,676,-1,
672,678,677,-1,
679,680,681,-1,
672,679,681,-1,
672,681,682,-1,
672,682,683,-1,
672,683,684,-1,
672,684,685,-1,
672,685,686,-1,
672,686,687,-1,
672,687,678,-1,
688,689,690,-1,
691,692,693,-1,
693,692,694,-1,
694,692,695,-1,
695,692,696,-1,
696,692,697,-1,
697,692,698,-1,
698,692,699,-1,
699,692,700,-1,
700,692,701,-1,
701,692,702,-1,
702,692,703,-1,
703,692,704,-1,
704,692,705,-1,
705,692,706,-1,
688,692,689,-1,
706,692,707,-1,
707,692,708,-1,
708,692,709,-1,
709,692,710,-1,
710,692,711,-1,
711,692,712,-1,
712,692,713,-1,
713,692,714,-1,
714,692,715,-1,
715,692,716,-1,
716,692,717,-1,
717,692,718,-1,
718,692,719,-1,
719,692,720,-1,
720,692,721,-1,
721,692,688,-1,
722,689,692,-1,
692,723,722,-1,
724,692,725,-1,
725,692,726,-1,
726,692,727,-1,
727,692,691,-1,
728,729,730,-1,
728,730,731,-1,
732,733,734,-1,
732,734,735,-1,
736,737,738,-1,
736,738,739,-1,
740,739,741,-1,
740,736,739,-1,
742,741,743,-1,
742,740,741,-1,
744,743,745,-1,
744,742,743,-1,
746,745,747,-1,
746,744,745,-1,
748,747,749,-1,
748,746,747,-1,
750,749,751,-1,
750,748,749,-1,
752,751,753,-1,
752,750,751,-1,
754,755,756,-1,
754,753,755,-1,
754,752,753,-1,
757,756,758,-1,
757,754,756,-1,
759,757,758,-1,
760,761,762,-1,
760,763,761,-1,
764,765,766,-1,
764,767,765,-1,
768,766,769,-1,
768,764,766,-1,
770,769,771,-1,
770,768,769,-1,
772,771,773,-1,
772,770,771,-1,
774,773,775,-1,
774,772,773,-1,
776,775,777,-1,
776,774,775,-1,
778,777,779,-1,
778,776,777,-1,
780,779,781,-1,
780,778,779,-1,
782,781,783,-1,
782,780,781,-1,
784,783,785,-1,
784,782,783,-1,
786,785,787,-1,
786,784,785,-1,
788,787,789,-1,
788,786,787,-1,
790,789,791,-1,
790,788,789,-1,
792,793,794,-1,
792,791,793,-1,
792,790,791,-1,
795,794,796,-1,
795,792,794,-1,
797,795,796,-1,
798,799,800,-1,
798,801,799,-1,
802,803,804,-1,
804,803,805,-1,
805,806,807,-1,
803,806,805,-1,
807,808,809,-1,
806,808,807,-1,
809,810,811,-1,
808,810,809,-1,
811,812,813,-1,
810,812,811,-1,
813,814,815,-1,
812,814,813,-1,
815,816,817,-1,
814,816,815,-1,
817,818,819,-1,
816,818,817,-1,
819,820,821,-1,
818,820,819,-1,
821,822,823,-1,
820,822,821,-1,
823,824,825,-1,
822,824,823,-1,
825,826,827,-1,
824,826,825,-1,
828,829,830,-1,
828,831,829,-1,
832,833,834,-1,
832,834,835,-1,
836,835,837,-1,
836,832,835,-1,
838,837,839,-1,
838,836,837,-1,
840,839,841,-1,
840,838,839,-1,
842,841,843,-1,
842,840,841,-1,
844,843,845,-1,
844,842,843,-1,
846,847,848,-1,
846,845,847,-1,
846,844,845,-1,
849,846,848,-1,
850,848,851,-1,
850,849,848,-1,
852,851,853,-1,
852,850,851,-1,
854,855,856,-1,
854,853,855,-1,
854,852,853,-1,
857,854,856,-1,
858,859,860,-1,
858,860,861,-1,
862,863,864,-1,
862,865,863,-1,
866,867,868,-1,
868,867,869,-1,
869,870,871,-1,
867,870,869,-1,
871,872,873,-1,
870,872,871,-1,
873,874,875,-1,
872,874,873,-1,
875,876,877,-1,
874,876,875,-1,
877,878,879,-1,
876,878,877,-1,
879,880,881,-1,
878,880,879,-1,
881,882,883,-1,
880,882,881,-1,
883,884,885,-1,
882,884,883,-1,
885,886,887,-1,
884,886,885,-1,
887,888,889,-1,
886,888,887,-1,
889,890,891,-1,
888,890,889,-1,
892,893,894,-1,
892,895,893,-1,
896,897,898,-1,
896,898,899,-1,
900,899,901,-1,
900,896,899,-1,
902,901,903,-1,
902,900,901,-1,
904,903,905,-1,
904,902,903,-1,
906,905,907,-1,
906,904,905,-1,
908,907,909,-1,
908,906,907,-1,
910,909,911,-1,
910,908,909,-1,
912,913,914,-1,
912,911,913,-1,
912,910,911,-1,
915,912,914,-1,
916,917,918,-1,
916,914,917,-1,
916,915,914,-1,
919,918,920,-1,
919,916,918,-1,
921,919,920,-1,
922,923,924,-1,
922,924,925,-1,
926,927,928,-1,
928,927,929,-1,
929,930,931,-1,
927,930,929,-1,
931,932,933,-1,
930,932,931,-1,
933,934,935,-1,
932,934,933,-1,
935,936,937,-1,
934,936,935,-1,
937,938,939,-1,
936,938,937,-1,
939,940,941,-1,
938,940,939,-1,
941,942,943,-1,
940,942,941,-1,
942,944,943,-1,
943,944,945,-1,
944,946,945,-1,
945,946,947,-1,
946,948,947,-1,
947,948,949,-1,
948,950,949,-1,
949,950,951,-1,
950,952,951,-1,
951,952,953,-1,
952,954,953,-1,
953,954,955,-1,
954,956,955,-1,
955,956,957,-1,
956,958,957,-1,
957,958,959,-1,
958,960,959,-1,
959,960,961,-1,
960,962,961,-1,
961,962,963,-1,
962,964,963,-1,
963,964,965,-1,
964,966,965,-1,
965,966,967,-1,
967,968,969,-1,
966,968,967,-1,
969,970,971,-1,
968,970,969,-1,
971,972,973,-1,
970,972,971,-1,
973,974,975,-1,
972,974,973,-1,
975,976,977,-1,
974,976,975,-1,
977,978,979,-1,
979,978,980,-1,
976,978,977,-1,
978,981,980,-1,
980,982,983,-1,
981,982,980,-1,
983,984,985,-1,
982,984,983,-1,
985,986,987,-1,
984,986,985,-1,
987,988,989,-1,
986,988,987,-1,
989,990,991,-1,
988,990,989,-1,
992,993,994,-1,
994,993,995,-1,
992,996,993,-1,
992,997,996,-1,
998,999,992,-1,
992,999,997,-1,
1000,1001,998,-1,
998,1001,999,-1,
1002,1003,1000,-1,
1000,1003,1001,-1,
1004,1005,1002,-1,
1002,1005,1003,-1,
1004,1006,1005,-1,
1007,1006,1004,-1,
1008,1009,1007,-1,
1007,1009,1006,-1,
1008,1010,1009,-1,
1011,1010,1008,-1,
1011,1012,1010,-1,
1013,1012,1011,-1,
1013,1014,1012,-1,
1015,1014,1016,-1,
1016,1014,1013,-1,
1015,1017,1014,-1,
1018,1019,1015,-1,
1020,1019,1018,-1,
1015,1019,1017,-1,
1020,1021,1019,-1,
1022,1023,1024,-1,
1025,1026,1020,-1,
1020,1026,1021,-1,
1027,1028,1025,-1,
1025,1028,1026,-1,
1029,1030,1027,-1,
1031,1030,1029,-1,
1027,1030,1028,-1,
1031,1032,1030,-1,
1033,1034,1031,-1,
1035,1034,1033,-1,
1031,1034,1032,-1,
1036,1037,1035,-1,
1035,1037,1034,-1,
1038,1039,1036,-1,
1036,1039,1037,-1,
1038,1040,1039,-1,
1041,1042,1038,-1,
1043,1042,1041,-1,
1038,1042,1040,-1,
1024,1044,1045,-1,
1023,1044,1024,-1,
1046,1047,1043,-1,
1043,1047,1042,-1,
1044,1048,1045,-1,
1049,1050,1046,-1,
1046,1050,1047,-1,
1045,1051,1052,-1,
1048,1051,1045,-1,
1049,1053,1050,-1,
1054,1055,1049,-1,
1052,1055,1054,-1,
1049,1055,1053,-1,
1051,1055,1052,-1,
1022,1056,1023,-1,
1056,1057,1023,-1,
1058,1059,1060,-1,
1058,1060,1061,-1,
1062,1063,1064,-1,
1062,1064,1065,-1,
1066,1063,1062,-1,
1067,1063,1066,-1,
1068,1069,1063,-1,
1068,1063,1067,-1,
1070,1071,1069,-1,
1070,1069,1068,-1,
1072,1073,1071,-1,
1072,1071,1070,-1,
1074,1075,1073,-1,
1074,1073,1072,-1,
1076,1077,1078,-1,
1076,1078,1075,-1,
1076,1075,1074,-1,
1079,1077,1076,-1,
1079,1080,1077,-1,
1081,1080,1079,-1,
1082,1083,1080,-1,
1082,1080,1081,-1,
1084,1083,1082,-1,
1084,1085,1086,-1,
1084,1086,1083,-1,
1087,1085,1084,-1,
1088,1089,1085,-1,
1088,1085,1087,-1,
1090,1089,1088,-1,
1090,1091,1092,-1,
1090,1092,1089,-1,
1093,1094,1095,-1,
1096,1091,1090,-1,
1097,1091,1096,-1,
1097,1098,1091,-1,
1099,1100,1101,-1,
1099,1101,1098,-1,
1099,1098,1097,-1,
1102,1100,1099,-1,
1103,1104,1100,-1,
1103,1100,1102,-1,
1105,1106,1107,-1,
1105,1107,1104,-1,
1105,1104,1103,-1,
1108,1106,1105,-1,
1109,1110,1106,-1,
1109,1106,1108,-1,
1111,1112,1113,-1,
1111,1113,1110,-1,
1111,1110,1109,-1,
1114,1095,1115,-1,
1114,1093,1095,-1,
1116,1112,1111,-1,
1117,1114,1115,-1,
1118,1119,1112,-1,
1118,1112,1116,-1,
1120,1115,1121,-1,
1120,1117,1115,-1,
1122,1123,1124,-1,
1122,1124,1119,-1,
1122,1119,1118,-1,
1125,1121,1123,-1,
1125,1120,1121,-1,
1125,1123,1122,-1,
1126,1094,1093,-1,
1127,1126,1093,-1,
1128,1129,1130,-1,
1128,1131,1129,-1,
1132,1133,1134,-1,
1132,1135,1133,-1,
1136,1137,1138,-1,
1138,1139,1140,-1,
1137,1139,1138,-1,
1140,1141,1142,-1,
1139,1141,1140,-1,
1142,1143,1144,-1,
1141,1143,1142,-1,
1144,1145,1146,-1,
1143,1145,1144,-1,
1145,1147,1146,-1,
1148,1149,1150,-1,
1148,1150,1151,-1,
1152,1153,1154,-1,
1152,1155,1153,-1,
1156,1157,1158,-1,
1156,1158,1159,-1,
1160,1161,1162,-1,
1163,1162,1164,-1,
1163,1160,1162,-1,
1165,1163,1164,-1,
1166,1164,1167,-1,
1166,1165,1164,-1,
1168,1169,1170,-1,
1168,1170,1171,-1,
1172,1173,1174,-1,
1174,1175,1176,-1,
1173,1175,1174,-1,
1176,1177,1178,-1,
1175,1177,1176,-1,
1178,1179,1180,-1,
1177,1179,1178,-1,
1180,1181,1182,-1,
1179,1181,1180,-1,
1182,1183,1184,-1,
1181,1183,1182,-1,
1184,1185,1186,-1,
1183,1185,1184,-1,
1186,1187,1188,-1,
1185,1187,1186,-1,
1188,1189,1190,-1,
1187,1189,1188,-1,
1190,1191,1192,-1,
1189,1191,1190,-1,
1192,1193,1194,-1,
1191,1193,1192,-1,
1194,1195,1196,-1,
1193,1195,1194,-1,
1196,1197,1198,-1,
1195,1197,1196,-1,
1198,1199,1200,-1,
1197,1199,1198,-1,
1199,1201,1200,-1,
1200,1201,1202,-1,
1201,1203,1202,-1,
1202,1203,1204,-1,
1203,1205,1204,-1,
1204,1205,1206,-1,
1205,1207,1206,-1,
1206,1207,1208,-1,
1207,1209,1208,-1,
1208,1209,1210,-1,
1209,1211,1210,-1,
1212,1213,1214,-1,
1212,1214,1215,-1,
1216,1217,1218,-1,
1216,1218,1219,-1,
1220,1221,1222,-1,
1220,1222,1223,-1,
1224,1225,1226,-1,
1224,1226,1227,-1,
1228,1227,1229,-1,
1228,1224,1227,-1,
1230,1229,1231,-1,
1230,1228,1229,-1,
1232,1231,1233,-1,
1232,1230,1231,-1,
1234,1233,1235,-1,
1234,1232,1233,-1,
1236,1235,1237,-1,
1236,1234,1235,-1,
1238,1237,1239,-1,
1238,1236,1237,-1,
1240,1238,1239,-1,
1240,1239,1241,-1,
1242,1240,1241,-1,
1242,1241,1243,-1,
1244,1242,1243,-1,
1244,1243,1245,-1,
1246,1244,1245,-1,
1246,1245,1247,-1,
1248,1246,1247,-1,
1248,1249,1250,-1,
1248,1247,1249,-1,
1251,1248,1250,-1,
1252,1250,1253,-1,
1252,1251,1250,-1,
1254,1253,1255,-1,
1254,1252,1253,-1,
1256,1255,1257,-1,
1256,1254,1255,-1,
1258,1257,1259,-1,
1258,1256,1257,-1,
1260,1259,1261,-1,
1260,1258,1259,-1,
1262,1261,1263,-1,
1262,1260,1261,-1,
1264,1263,1265,-1,
1264,1262,1263,-1,
1266,1265,1267,-1,
1266,1264,1265,-1,
1268,1267,1269,-1,
1268,1266,1267,-1,
1270,1269,1271,-1,
1270,1268,1269,-1,
1272,1271,1273,-1,
1272,1270,1271,-1,
1274,1273,1275,-1,
1274,1272,1273,-1,
1276,1275,1277,-1,
1276,1274,1275,-1,
1278,1277,1279,-1,
1278,1276,1277,-1,
1280,1279,1281,-1,
1280,1278,1279,-1,
1282,1281,1283,-1,
1282,1280,1281,-1,
1284,1283,1285,-1,
1284,1282,1283,-1,
1286,1285,1287,-1,
1286,1284,1285,-1,
1288,1287,1289,-1,
1288,1286,1287,-1,
1290,1291,1292,-1,
1290,1292,1293,-1,
1294,1295,1296,-1,
1296,1295,1297,-1,
1297,1298,1299,-1,
1295,1298,1297,-1,
1299,1300,1301,-1,
1298,1300,1299,-1,
1301,1302,1303,-1,
1300,1302,1301,-1,
1303,1304,1305,-1,
1302,1304,1303,-1,
1305,1306,1307,-1,
1304,1306,1305,-1,
1307,1308,1309,-1,
1306,1308,1307,-1,
1309,1310,1311,-1,
1308,1310,1309,-1,
1310,1312,1311,-1,
1311,1312,1313,-1,
1312,1314,1313,-1,
1313,1314,1315,-1,
1314,1316,1315,-1,
1315,1316,1317,-1,
1316,1318,1317,-1,
1317,1318,1319,-1,
1318,1320,1319,-1,
1319,1320,1321,-1,
1320,1322,1321,-1,
1321,1322,1323,-1,
1322,1324,1323,-1,
1323,1324,1325,-1,
1324,1326,1325,-1,
1325,1326,1327,-1,
1326,1328,1327,-1,
1327,1328,1329,-1,
1328,1330,1329,-1,
1329,1330,1331,-1,
1330,1332,1331,-1,
1331,1332,1333,-1,
1333,1332,1334,-1,
1332,1335,1334,-1,
1334,1336,1337,-1,
1335,1336,1334,-1,
1336,1338,1337,-1,
1337,1338,1339,-1,
1339,1340,1341,-1,
1338,1340,1339,-1,
1341,1342,1343,-1,
1340,1342,1341,-1,
1343,1344,1345,-1,
1342,1344,1343,-1,
1345,1346,1347,-1,
1347,1346,1348,-1,
1344,1346,1345,-1,
1346,1349,1348,-1,
1348,1350,1351,-1,
1351,1350,1352,-1,
1349,1350,1348,-1,
1350,1353,1352,-1,
1352,1354,1355,-1,
1353,1354,1352,-1,
1355,1356,1357,-1,
1354,1356,1355,-1,
1357,1358,1359,-1,
1356,1358,1357,-1,
1360,1361,1362,-1,
1360,1362,1363,-1,
1360,1363,1364,-1,
1365,1366,1361,-1,
1365,1361,1360,-1,
1367,1368,1366,-1,
1367,1366,1365,-1,
1369,1370,1368,-1,
1369,1368,1367,-1,
1371,1372,1370,-1,
1371,1370,1369,-1,
1373,1372,1371,-1,
1374,1372,1373,-1,
1374,1375,1376,-1,
1374,1376,1372,-1,
1377,1375,1374,-1,
1378,1379,1375,-1,
1378,1375,1377,-1,
1380,1379,1378,-1,
1380,1381,1379,-1,
1382,1381,1380,-1,
1382,1383,1381,-1,
1384,1385,1383,-1,
1384,1383,1382,-1,
1386,1387,1385,-1,
1386,1385,1384,-1,
1388,1389,1387,-1,
1388,1387,1386,-1,
1390,1389,1388,-1,
1390,1391,1389,-1,
1392,1393,1391,-1,
1392,1391,1390,-1,
1394,1395,1393,-1,
1394,1393,1392,-1,
1396,1397,1395,-1,
1396,1395,1394,-1,
1398,1399,1397,-1,
1398,1397,1396,-1,
1400,1401,1399,-1,
1400,1399,1398,-1,
1402,1403,1401,-1,
1402,1401,1400,-1,
1404,1405,1403,-1,
1404,1403,1402,-1,
1406,1407,1405,-1,
1406,1405,1404,-1,
1408,1409,1407,-1,
1408,1407,1406,-1,
1410,1411,1409,-1,
1410,1409,1408,-1,
1412,1413,1411,-1,
1412,1411,1410,-1,
1414,1415,1413,-1,
1414,1413,1412,-1,
1416,1417,1415,-1,
1416,1415,1414,-1,
1418,1417,1416,-1,
1419,1417,1418,-1,
1420,1418,1421,-1,
1420,1421,1422,-1,
1420,1419,1418,-1,
1423,1420,1422,-1,
1424,1422,1425,-1,
1424,1423,1422,-1,
1426,1424,1425,-1,
1427,1426,1425,-1,
1428,1429,1426,-1,
1428,1426,1427,-1,
1430,1431,1432,-1,
1430,1433,1431,-1,
1434,1435,1436,-1,
1436,1437,1438,-1,
1435,1437,1436,-1,
1438,1439,1440,-1,
1437,1439,1438,-1,
1440,1441,1442,-1,
1439,1441,1440,-1,
1442,1443,1444,-1,
1441,1443,1442,-1,
1444,1445,1446,-1,
1443,1445,1444,-1,
1446,1447,1448,-1,
1445,1447,1446,-1,
1448,1449,1450,-1,
1447,1449,1448,-1,
1450,1451,1452,-1,
1449,1451,1450,-1,
1452,1453,1454,-1,
1451,1453,1452,-1,
1454,1455,1456,-1,
1453,1455,1454,-1,
1456,1457,1458,-1,
1455,1457,1456,-1,
1458,1459,1460,-1,
1457,1459,1458,-1,
1460,1461,1462,-1,
1459,1461,1460,-1,
1461,1463,1462,-1,
1462,1463,1464,-1,
1463,1465,1464,-1,
1464,1465,1466,-1,
1465,1467,1466,-1,
1466,1467,1468,-1,
1467,1469,1468,-1,
1468,1469,1470,-1,
1469,1471,1470,-1,
1470,1471,1472,-1,
1472,1473,1474,-1,
1471,1473,1472,-1,
1473,1475,1474,-1,
1476,1477,1478,-1,
1479,1476,1478,-1,
1480,1481,1482,-1,
1483,1482,1484,-1,
1483,1480,1482,-1,
1485,1484,1486,-1,
1485,1483,1484,-1,
1487,1486,1488,-1,
1487,1485,1486,-1,
1489,1488,1490,-1,
1489,1487,1488,-1,
1491,1489,1490,-1,
1492,1493,1494,-1,
1492,1494,1495,-1,
1496,1497,1498,-1,
1496,1499,1497,-1,
1500,1501,1502,-1,
1500,1502,1503,-1,
1504,1505,1506,-1,
1507,1505,1504,-1,
1506,1508,1509,-1,
1505,1508,1506,-1,
1509,1510,1511,-1,
1508,1510,1509,-1,
1511,1512,1513,-1,
1510,1512,1511,-1,
1513,1514,1515,-1,
1512,1514,1513,-1,
1516,1517,1518,-1,
1516,1518,1519,-1,
1520,1521,1522,-1,
1520,1522,1523,-1,
1524,1525,1526,-1,
1524,1526,1527,-1,
1528,1529,1530,-1,
1528,1530,1531,-1,
    ]
    creaseAngle 0.5
  }
}
