ISO-10303-21;
HEADER;
FILE_DESCRIPTION(('FreeCAD Model'),'2;1');
FILE_NAME('Open CASCADE Shape Model','2026-09-10T18:12:51',('FreeCAD'),(
    'FreeCAD'),'Open CASCADE STEP processor 7.8','FreeCAD','Unknown');
FILE_SCHEMA(('AUTOMOTIVE_DESIGN { 1 0 10303 214 1 1 1 1 }'));
ENDSEC;
DATA;
#1 = APPLICATION_PROTOCOL_DEFINITION('international standard',
  'automotive_design',2000,#2);
#2 = APPLICATION_CONTEXT(
  'core data for automotive mechanical design processes');
#3 = SHAPE_DEFINITION_REPRESENTATION(#4,#10);
#4 = PRODUCT_DEFINITION_SHAPE('','',#5);
#5 = PRODUCT_DEFINITION('design','',#6,#9);
#6 = PRODUCT_DEFINITION_FORMATION('','',#7);
#7 = PRODUCT('Open CASCADE STEP translator 7.8 11',
  'Open CASCADE STEP translator 7.8 11','',(#8));
#8 = PRODUCT_CONTEXT('',#2,'mechanical');
#9 = PRODUCT_DEFINITION_CONTEXT('part definition',#2,'design');
#10 = SHAPE_REPRESENTATION('',(#11,#15,#14110,#14119,#14128,#14137,
    #14146,#14155,#14164,#14173,#14182,#14191,#14200,#14209,#14218,
    #14227,#14236,#14245,#14254,#14263,#14272,#14281,#14290,#14299,
    #14308,#14317,#14326,#14335,#14344,#14352,#14360,#14368),#14376);
#11 = AXIS2_PLACEMENT_3D('',#12,#13,#14);
#12 = CARTESIAN_POINT('',(0.,0.,0.));
#13 = DIRECTION('',(0.,0.,1.));
#14 = DIRECTION('',(1.,0.,-0.));
#15 = MANIFOLD_SOLID_BREP('',#16);
#16 = CLOSED_SHELL('',(#17,#59,#92,#134,#176,#218,#260,#890,#931,#1021,
    #1068,#1099,#1531,#1610,#1634,#1706,#1723,#1740,#1757,#1774,#2047,
    #2078,#2102,#2141,#2180,#2211,#2243,#2274,#2298,#2330,#2525,#2557,
    #2588,#2606,#2834,#2850,#2867,#2917,#2934,#2958,#2975,#2992,#3004,
    #3029,#3147,#3169,#3186,#3227,#3244,#3255,#3272,#3296,#3313,#3330,
    #3347,#3359,#3376,#3393,#3405,#3422,#3439,#3456,#3468,#3565,#3587,
    #3609,#3631,#3648,#3665,#3677,#3694,#3711,#3723,#3797,#3821,#3845,
    #3862,#3874,#3931,#3971,#4011,#4075,#4099,#4219,#4236,#4258,#4280,
    #4302,#4328,#4396,#4408,#4427,#4470,#4517,#4573,#4627,#4675,#4692,
    #4720,#4744,#5209,#5256,#5337,#5369,#5393,#5433,#5514,#5546,#5563,
    #5580,#5597,#5609,#5626,#5643,#5660,#5677,#5694,#5711,#5728,#6097,
    #6109,#6131,#6153,#6175,#6197,#6219,#6241,#6263,#6285,#6307,#6329,
    #6346,#6358,#6390,#6457,#6504,#6528,#6553,#6620,#6667,#6684,#6696,
    #6713,#6730,#6747,#6764,#6781,#6798,#6810,#6827,#6844,#6861,#6878,
    #6890,#6915,#6982,#7029,#7046,#7058,#7075,#7092,#7109,#7126,#7143,
    #7160,#7172,#7194,#7293,#7415,#7462,#7493,#7531,#7607,#7720,#7737,
    #7754,#7766,#7778,#7790,#7807,#7824,#7836,#7867,#7898,#7915,#7932,
    #7944,#7961,#8028,#8060,#8086,#8111,#8170,#8202,#8233,#8250,#8267,
    #8284,#8301,#8318,#8330,#8347,#8364,#8376,#8388,#8405,#8422,#8439,
    #8465,#8482,#8494,#8511,#8523,#8540,#8552,#8564,#8611,#8643,#8710,
    #8734,#8774,#8806,#8873,#8890,#8907,#8924,#8936,#8953,#8970,#8982,
    #8999,#9016,#9033,#9050,#9067,#9084,#9096,#9128,#9195,#9242,#9266,
    #9291,#9358,#9405,#9422,#9434,#9451,#9468,#9485,#9502,#9519,#9536,
    #9548,#9565,#9582,#9599,#9616,#9628,#9675,#9742,#9774,#9798,#9838,
    #9905,#9937,#9954,#9971,#9988,#10000,#10017,#10034,#10051,#10068,
    #10085,#10102,#10114,#10131,#10148,#10160,#10207,#10274,#10306,
    #10330,#10370,#10437,#10469,#10486,#10503,#10520,#10532,#10549,
    #10566,#10583,#10600,#10617,#10634,#10646,#10663,#10680,#10692,
    #10739,#10806,#10838,#10862,#10902,#10969,#11001,#11018,#11035,
    #11052,#11064,#11081,#11098,#11115,#11132,#11149,#11166,#11178,
    #11195,#11212,#11224,#11271,#11338,#11370,#11394,#11434,#11501,
    #11533,#11550,#11567,#11584,#11596,#11613,#11630,#11647,#11664,
    #11681,#11698,#11710,#11727,#11744,#11756,#11803,#11870,#11902,
    #11926,#11966,#12033,#12065,#12082,#12099,#12116,#12128,#12145,
    #12162,#12179,#12196,#12213,#12230,#12242,#12259,#12276,#12288,
    #12335,#12402,#12434,#12458,#12498,#12565,#12597,#12614,#12631,
    #12648,#12660,#12677,#12694,#12711,#12728,#12745,#12762,#12774,
    #12791,#12808,#12820,#12837,#12854,#12866,#12890,#12954,#12986,
    #13015,#13034,#13058,#13089,#13106,#13137,#13192,#13216,#13248,
    #13277,#13291,#13316,#13333,#13357,#13369,#13387,#13399,#13422,
    #13445,#13463,#13485,#13497,#13509,#13522,#13539,#13563,#13580,
    #13611,#13628,#13645,#13667,#13679,#13696,#13708,#13749,#13773,
    #13797,#13814,#13826,#13838,#13850,#13862,#13874,#13886,#13903,
    #13920,#13932,#13949,#13961,#13977,#13994,#14005,#14036,#14061,
    #14079,#14097));
#17 = ADVANCED_FACE('',(#18),#54,.T.);
#18 = FACE_BOUND('',#19,.T.);
#19 = EDGE_LOOP('',(#20,#30,#39,#47));
#20 = ORIENTED_EDGE('',*,*,#21,.F.);
#21 = EDGE_CURVE('',#22,#24,#26,.T.);
#22 = VERTEX_POINT('',#23);
#23 = CARTESIAN_POINT('',(-1.64999925,4.148052765254,-0.578779367052));
#24 = VERTEX_POINT('',#25);
#25 = CARTESIAN_POINT('',(-1.64999925,3.998051575424,-0.728782788176));
#26 = LINE('',#27,#28);
#27 = CARTESIAN_POINT('',(-1.64999925,4.073055753944,-0.653778344038));
#28 = VECTOR('',#29,1.);
#29 = DIRECTION('',(-8.659545228966E-17,-0.70710552912,-0.707108033251)
  );
#30 = ORIENTED_EDGE('',*,*,#31,.T.);
#31 = EDGE_CURVE('',#22,#32,#34,.T.);
#32 = VERTEX_POINT('',#33);
#33 = CARTESIAN_POINT('',(-1.29999925,3.798052765254,-0.578779367052));
#34 = CIRCLE('',#35,0.35);
#35 = AXIS2_PLACEMENT_3D('',#36,#37,#38);
#36 = CARTESIAN_POINT('',(-1.64999925,3.798052765254,-0.578779367052));
#37 = DIRECTION('',(1.499759782662E-32,1.224646799147E-16,-1.));
#38 = DIRECTION('',(-1.,1.224646799147E-16,0.));
#39 = ORIENTED_EDGE('',*,*,#40,.F.);
#40 = EDGE_CURVE('',#41,#32,#43,.T.);
#41 = VERTEX_POINT('',#42);
#42 = CARTESIAN_POINT('',(-1.45000043983,3.798052765254,-0.728782788176)
  );
#43 = LINE('',#44,#45);
#44 = CARTESIAN_POINT('',(-1.449999486491,3.798052765404,-0.728782070926
    ));
#45 = VECTOR('',#46,1.);
#46 = DIRECTION('',(0.707106433391,2.205009950691E-10,0.707107128982));
#47 = ORIENTED_EDGE('',*,*,#48,.F.);
#48 = EDGE_CURVE('',#24,#41,#49,.T.);
#49 = CIRCLE('',#50,0.19999881017);
#50 = AXIS2_PLACEMENT_3D('',#51,#52,#53);
#51 = CARTESIAN_POINT('',(-1.64999925,3.798052765254,-0.728782788176));
#52 = DIRECTION('',(1.499759782662E-32,1.224646799147E-16,-1.));
#53 = DIRECTION('',(-1.,1.224646799147E-16,0.));
#54 = CONICAL_SURFACE('',#55,0.275002988689,0.78539639271);
#55 = AXIS2_PLACEMENT_3D('',#56,#57,#58);
#56 = CARTESIAN_POINT('',(-1.64999925,3.798052765254,-0.653778344038));
#57 = DIRECTION('',(-1.499759782662E-32,-1.224646799147E-16,1.));
#58 = DIRECTION('',(-1.224646799147E-16,-1.,-1.224646799147E-16));
#59 = ADVANCED_FACE('',(#60),#87,.T.);
#60 = FACE_BOUND('',#61,.T.);
#61 = EDGE_LOOP('',(#62,#72,#79,#80));
#62 = ORIENTED_EDGE('',*,*,#63,.F.);
#63 = EDGE_CURVE('',#64,#66,#68,.T.);
#64 = VERTEX_POINT('',#65);
#65 = CARTESIAN_POINT('',(-1.64999925,3.598053955084,-0.728782788176));
#66 = VERTEX_POINT('',#67);
#67 = CARTESIAN_POINT('',(-1.64999925,3.448052765254,-0.578779367052));
#68 = LINE('',#69,#70);
#69 = CARTESIAN_POINT('',(-1.64999925,3.523049776565,-0.653778344038));
#70 = VECTOR('',#71,1.);
#71 = DIRECTION('',(-8.659545228966E-17,-0.70710552912,0.707108033251));
#72 = ORIENTED_EDGE('',*,*,#73,.F.);
#73 = EDGE_CURVE('',#41,#64,#74,.T.);
#74 = CIRCLE('',#75,0.19999881017);
#75 = AXIS2_PLACEMENT_3D('',#76,#77,#78);
#76 = CARTESIAN_POINT('',(-1.64999925,3.798052765254,-0.728782788176));
#77 = DIRECTION('',(1.499759782662E-32,1.224646799147E-16,-1.));
#78 = DIRECTION('',(1.,-1.224646799147E-16,0.));
#79 = ORIENTED_EDGE('',*,*,#40,.T.);
#80 = ORIENTED_EDGE('',*,*,#81,.T.);
#81 = EDGE_CURVE('',#32,#66,#82,.T.);
#82 = CIRCLE('',#83,0.35);
#83 = AXIS2_PLACEMENT_3D('',#84,#85,#86);
#84 = CARTESIAN_POINT('',(-1.64999925,3.798052765254,-0.578779367052));
#85 = DIRECTION('',(1.499759782662E-32,1.224646799147E-16,-1.));
#86 = DIRECTION('',(1.,-1.224646799147E-16,0.));
#87 = CONICAL_SURFACE('',#88,0.275002988689,0.78539639271);
#88 = AXIS2_PLACEMENT_3D('',#89,#90,#91);
#89 = CARTESIAN_POINT('',(-1.64999925,3.798052765254,-0.653778344038));
#90 = DIRECTION('',(-1.499759782662E-32,-1.224646799147E-16,1.));
#91 = DIRECTION('',(-1.224646799147E-16,-1.,-1.224646799147E-16));
#92 = ADVANCED_FACE('',(#93),#129,.F.);
#93 = FACE_BOUND('',#94,.F.);
#94 = EDGE_LOOP('',(#95,#106,#114,#123));
#95 = ORIENTED_EDGE('',*,*,#96,.F.);
#96 = EDGE_CURVE('',#97,#99,#101,.T.);
#97 = VERTEX_POINT('',#98);
#98 = CARTESIAN_POINT('',(15.257358393635,0.20364280471,-1.015791575051)
  );
#99 = VERTEX_POINT('',#100);
#100 = CARTESIAN_POINT('',(15.30000075,0.204188893938,-1.097704959202));
#101 = CIRCLE('',#102,0.1);
#102 = AXIS2_PLACEMENT_3D('',#103,#104,#105);
#103 = CARTESIAN_POINT('',(15.20000075,0.204188893938,-1.097704959202));
#104 = DIRECTION('',(5.390653201598E-16,0.999977778518,
    6.666518523458E-03));
#105 = DIRECTION('',(0.573576436351,-5.460892276781E-03,0.819133841517)
  );
#106 = ORIENTED_EDGE('',*,*,#107,.F.);
#107 = EDGE_CURVE('',#108,#97,#110,.T.);
#108 = VERTEX_POINT('',#109);
#109 = CARTESIAN_POINT('',(15.257358393635,-0.245347217844,
    -1.018784841868));
#110 = LINE('',#111,#112);
#111 = CARTESIAN_POINT('',(15.257358393635,-0.245347217844,
    -1.018784841868));
#112 = VECTOR('',#113,1.);
#113 = DIRECTION('',(1.224619585681E-16,0.999977778518,
    6.666518523454E-03));
#114 = ORIENTED_EDGE('',*,*,#115,.T.);
#115 = EDGE_CURVE('',#108,#116,#118,.T.);
#116 = VERTEX_POINT('',#117);
#117 = CARTESIAN_POINT('',(15.30000075,-0.244801128617,-1.100698226019)
  );
#118 = CIRCLE('',#119,0.1);
#119 = AXIS2_PLACEMENT_3D('',#120,#121,#122);
#120 = CARTESIAN_POINT('',(15.20000075,-0.244801128617,-1.100698226019)
  );
#121 = DIRECTION('',(5.390653201598E-16,0.999977778518,
    6.666518523458E-03));
#122 = DIRECTION('',(0.573576436351,-5.460892276781E-03,0.819133841517)
  );
#123 = ORIENTED_EDGE('',*,*,#124,.T.);
#124 = EDGE_CURVE('',#116,#99,#125,.T.);
#125 = LINE('',#126,#127);
#126 = CARTESIAN_POINT('',(15.30000075,-2.03061173389E-02,-1.09920159261
    ));
#127 = VECTOR('',#128,1.);
#128 = DIRECTION('',(1.224619585681E-16,0.999977778518,
    6.666518523457E-03));
#129 = CYLINDRICAL_SURFACE('',#130,0.1);
#130 = AXIS2_PLACEMENT_3D('',#131,#132,#133);
#131 = CARTESIAN_POINT('',(15.20000075,-0.244801128617,-1.100698226019)
  );
#132 = DIRECTION('',(1.224619585681E-16,0.999977778518,
    6.666518523457E-03));
#133 = DIRECTION('',(1.,-1.224646799147E-16,0.));
#134 = ADVANCED_FACE('',(#135),#171,.T.);
#135 = FACE_BOUND('',#136,.T.);
#136 = EDGE_LOOP('',(#137,#147,#156,#164));
#137 = ORIENTED_EDGE('',*,*,#138,.F.);
#138 = EDGE_CURVE('',#139,#141,#143,.T.);
#139 = VERTEX_POINT('',#140);
#140 = CARTESIAN_POINT('',(15.55000075,0.204188893938,-1.097704959202));
#141 = VERTEX_POINT('',#142);
#142 = CARTESIAN_POINT('',(15.55000075,-0.244801128617,-1.100698226019)
  );
#143 = LINE('',#144,#145);
#144 = CARTESIAN_POINT('',(15.55000075,-2.030611733917E-02,
    -1.09920159261));
#145 = VECTOR('',#146,1.);
#146 = DIRECTION('',(-1.224619585681E-16,-0.999977778518,
    -6.666518523457E-03));
#147 = ORIENTED_EDGE('',*,*,#148,.T.);
#148 = EDGE_CURVE('',#139,#149,#151,.T.);
#149 = VERTEX_POINT('',#150);
#150 = CARTESIAN_POINT('',(15.400752502723,0.202277581641,
    -0.811008114671));
#151 = CIRCLE('',#152,0.35);
#152 = AXIS2_PLACEMENT_3D('',#153,#154,#155);
#153 = CARTESIAN_POINT('',(15.20000075,0.204188893938,-1.097704959202));
#154 = DIRECTION('',(1.331400267812E-16,-0.999977778518,
    -6.666518523457E-03));
#155 = DIRECTION('',(0.976853664579,1.426026093687E-03,-0.213903914053)
  );
#156 = ORIENTED_EDGE('',*,*,#157,.F.);
#157 = EDGE_CURVE('',#158,#149,#160,.T.);
#158 = VERTEX_POINT('',#159);
#159 = CARTESIAN_POINT('',(15.400752502723,-0.246712440914,
    -0.814001381488));
#160 = LINE('',#161,#162);
#161 = CARTESIAN_POINT('',(15.400752502723,-0.246712440914,
    -0.814001381488));
#162 = VECTOR('',#163,1.);
#163 = DIRECTION('',(1.224619585681E-16,0.999977778518,
    6.666518523454E-03));
#164 = ORIENTED_EDGE('',*,*,#165,.F.);
#165 = EDGE_CURVE('',#141,#158,#166,.T.);
#166 = CIRCLE('',#167,0.35);
#167 = AXIS2_PLACEMENT_3D('',#168,#169,#170);
#168 = CARTESIAN_POINT('',(15.20000075,-0.244801128617,-1.100698226019)
  );
#169 = DIRECTION('',(1.331400267812E-16,-0.999977778518,
    -6.666518523457E-03));
#170 = DIRECTION('',(0.976853664579,1.426026093687E-03,-0.213903914053)
  );
#171 = CYLINDRICAL_SURFACE('',#172,0.35);
#172 = AXIS2_PLACEMENT_3D('',#173,#174,#175);
#173 = CARTESIAN_POINT('',(15.20000075,-0.244801128617,-1.100698226019)
  );
#174 = DIRECTION('',(1.224619585681E-16,0.999977778518,
    6.666518523457E-03));
#175 = DIRECTION('',(1.,-1.224646799147E-16,0.));
#176 = ADVANCED_FACE('',(#177),#213,.F.);
#177 = FACE_BOUND('',#178,.F.);
#178 = EDGE_LOOP('',(#179,#190,#198,#207));
#179 = ORIENTED_EDGE('',*,*,#180,.T.);
#180 = EDGE_CURVE('',#181,#183,#185,.T.);
#181 = VERTEX_POINT('',#182);
#182 = CARTESIAN_POINT('',(-0.29999925,-0.244801128617,-1.100698226019)
  );
#183 = VERTEX_POINT('',#184);
#184 = CARTESIAN_POINT('',(-0.257356893635,-0.245347217844,
    -1.018784841868));
#185 = CIRCLE('',#186,0.1);
#186 = AXIS2_PLACEMENT_3D('',#187,#188,#189);
#187 = CARTESIAN_POINT('',(-0.19999925,-0.244801128617,-1.100698226019)
  );
#188 = DIRECTION('',(-1.575562597056E-15,0.999977778518,
    6.666518523457E-03));
#189 = DIRECTION('',(-0.976853664579,1.426026093685E-03,-0.213903914053)
  );
#190 = ORIENTED_EDGE('',*,*,#191,.T.);
#191 = EDGE_CURVE('',#183,#192,#194,.T.);
#192 = VERTEX_POINT('',#193);
#193 = CARTESIAN_POINT('',(-0.257356893635,0.20364280471,-1.015791575051
    ));
#194 = LINE('',#195,#196);
#195 = CARTESIAN_POINT('',(-0.257356893635,-0.245347217844,
    -1.018784841868));
#196 = VECTOR('',#197,1.);
#197 = DIRECTION('',(1.224619585681E-16,0.999977778518,
    6.666518523456E-03));
#198 = ORIENTED_EDGE('',*,*,#199,.F.);
#199 = EDGE_CURVE('',#200,#192,#202,.T.);
#200 = VERTEX_POINT('',#201);
#201 = CARTESIAN_POINT('',(-0.29999925,0.204188893938,-1.097704959202));
#202 = CIRCLE('',#203,0.1);
#203 = AXIS2_PLACEMENT_3D('',#204,#205,#206);
#204 = CARTESIAN_POINT('',(-0.19999925,0.204188893938,-1.097704959202));
#205 = DIRECTION('',(-1.575562597056E-15,0.999977778518,
    6.666518523457E-03));
#206 = DIRECTION('',(-0.976853664579,1.426026093685E-03,-0.213903914053)
  );
#207 = ORIENTED_EDGE('',*,*,#208,.T.);
#208 = EDGE_CURVE('',#200,#181,#209,.T.);
#209 = LINE('',#210,#211);
#210 = CARTESIAN_POINT('',(-0.29999925,-2.03061173389E-02,-1.09920159261
    ));
#211 = VECTOR('',#212,1.);
#212 = DIRECTION('',(-1.224619585681E-16,-0.999977778518,
    -6.666518523457E-03));
#213 = CYLINDRICAL_SURFACE('',#214,0.1);
#214 = AXIS2_PLACEMENT_3D('',#215,#216,#217);
#215 = CARTESIAN_POINT('',(-0.19999925,-0.244801128617,-1.100698226019)
  );
#216 = DIRECTION('',(1.224619585681E-16,0.999977778518,
    6.666518523457E-03));
#217 = DIRECTION('',(1.,-1.224646799147E-16,0.));
#218 = ADVANCED_FACE('',(#219),#255,.T.);
#219 = FACE_BOUND('',#220,.T.);
#220 = EDGE_LOOP('',(#221,#231,#240,#248));
#221 = ORIENTED_EDGE('',*,*,#222,.F.);
#222 = EDGE_CURVE('',#223,#225,#227,.T.);
#223 = VERTEX_POINT('',#224);
#224 = CARTESIAN_POINT('',(-0.54999925,-0.244801128617,-1.100698226019)
  );
#225 = VERTEX_POINT('',#226);
#226 = CARTESIAN_POINT('',(-0.54999925,0.204188893938,-1.097704959202));
#227 = LINE('',#228,#229);
#228 = CARTESIAN_POINT('',(-0.54999925,-2.030611733917E-02,
    -1.09920159261));
#229 = VECTOR('',#230,1.);
#230 = DIRECTION('',(1.224619585681E-16,0.999977778518,
    6.666518523457E-03));
#231 = ORIENTED_EDGE('',*,*,#232,.F.);
#232 = EDGE_CURVE('',#233,#223,#235,.T.);
#233 = VERTEX_POINT('',#234);
#234 = CARTESIAN_POINT('',(-0.400751002723,-0.246712440914,
    -0.814001381488));
#235 = CIRCLE('',#236,0.35);
#236 = AXIS2_PLACEMENT_3D('',#237,#238,#239);
#237 = CARTESIAN_POINT('',(-0.19999925,-0.244801128617,-1.100698226019)
  );
#238 = DIRECTION('',(-2.797241605013E-16,-0.999977778518,
    -6.666518523457E-03));
#239 = DIRECTION('',(-0.573576436351,-5.46089227678E-03,0.819133841517)
  );
#240 = ORIENTED_EDGE('',*,*,#241,.T.);
#241 = EDGE_CURVE('',#233,#242,#244,.T.);
#242 = VERTEX_POINT('',#243);
#243 = CARTESIAN_POINT('',(-0.400751002723,0.202277581641,
    -0.811008114671));
#244 = LINE('',#245,#246);
#245 = CARTESIAN_POINT('',(-0.400751002723,-0.246712440914,
    -0.814001381488));
#246 = VECTOR('',#247,1.);
#247 = DIRECTION('',(1.224619585681E-16,0.999977778518,
    6.666518523456E-03));
#248 = ORIENTED_EDGE('',*,*,#249,.T.);
#249 = EDGE_CURVE('',#242,#225,#250,.T.);
#250 = CIRCLE('',#251,0.35);
#251 = AXIS2_PLACEMENT_3D('',#252,#253,#254);
#252 = CARTESIAN_POINT('',(-0.19999925,0.204188893938,-1.097704959202));
#253 = DIRECTION('',(-2.797241605013E-16,-0.999977778518,
    -6.666518523457E-03));
#254 = DIRECTION('',(-0.573576436351,-5.46089227678E-03,0.819133841517)
  );
#255 = CYLINDRICAL_SURFACE('',#256,0.35);
#256 = AXIS2_PLACEMENT_3D('',#257,#258,#259);
#257 = CARTESIAN_POINT('',(-0.19999925,-0.244801128617,-1.100698226019)
  );
#258 = DIRECTION('',(1.224619585681E-16,0.999977778518,
    6.666518523457E-03));
#259 = DIRECTION('',(1.,-1.224646799147E-16,0.));
#260 = ADVANCED_FACE('',(#261,#457,#491,#525,#559,#593,#627,#661,#695,
    #729,#763,#797,#831,#865),#885,.F.);
#261 = FACE_BOUND('',#262,.T.);
#262 = EDGE_LOOP('',(#263,#273,#281,#289,#297,#305,#313,#321,#329,#338,
    #346,#354,#362,#370,#378,#387,#395,#403,#411,#419,#427,#435,#443,
    #451));
#263 = ORIENTED_EDGE('',*,*,#264,.F.);
#264 = EDGE_CURVE('',#265,#267,#269,.T.);
#265 = VERTEX_POINT('',#266);
#266 = CARTESIAN_POINT('',(-0.49999925,-0.761947234746,
    -2.878230661791E-02));
#267 = VERTEX_POINT('',#268);
#268 = CARTESIAN_POINT('',(-0.49999925,-0.511947234746,
    -2.878230661791E-02));
#269 = LINE('',#270,#271);
#270 = CARTESIAN_POINT('',(-0.49999925,-0.761947234746,
    -2.878230661791E-02));
#271 = VECTOR('',#272,1.);
#272 = DIRECTION('',(1.224646799147E-16,1.,1.224646799147E-16));
#273 = ORIENTED_EDGE('',*,*,#274,.F.);
#274 = EDGE_CURVE('',#275,#265,#277,.T.);
#275 = VERTEX_POINT('',#276);
#276 = CARTESIAN_POINT('',(-2.19999925,-0.761947234746,
    -2.878230661791E-02));
#277 = LINE('',#278,#279);
#278 = CARTESIAN_POINT('',(-2.19999925,-0.761947234746,
    -2.878230661791E-02));
#279 = VECTOR('',#280,1.);
#280 = DIRECTION('',(1.,-1.224646799147E-16,0.));
#281 = ORIENTED_EDGE('',*,*,#282,.F.);
#282 = EDGE_CURVE('',#283,#275,#285,.T.);
#283 = VERTEX_POINT('',#284);
#284 = CARTESIAN_POINT('',(-2.19999925,0.138052765254,
    -2.878230661791E-02));
#285 = LINE('',#286,#287);
#286 = CARTESIAN_POINT('',(-2.19999925,0.138052765254,
    -2.878230661791E-02));
#287 = VECTOR('',#288,1.);
#288 = DIRECTION('',(-1.224646799147E-16,-1.,-1.224646799147E-16));
#289 = ORIENTED_EDGE('',*,*,#290,.T.);
#290 = EDGE_CURVE('',#283,#291,#293,.T.);
#291 = VERTEX_POINT('',#292);
#292 = CARTESIAN_POINT('',(-0.39999925,0.138052765254,
    -2.878230661791E-02));
#293 = LINE('',#294,#295);
#294 = CARTESIAN_POINT('',(-2.19999925,0.138052765254,
    -2.878230661791E-02));
#295 = VECTOR('',#296,1.);
#296 = DIRECTION('',(1.,-1.224646799147E-16,0.));
#297 = ORIENTED_EDGE('',*,*,#298,.T.);
#298 = EDGE_CURVE('',#291,#299,#301,.T.);
#299 = VERTEX_POINT('',#300);
#300 = CARTESIAN_POINT('',(-0.39999925,3.148052765254,
    -2.878230661791E-02));
#301 = LINE('',#302,#303);
#302 = CARTESIAN_POINT('',(-0.39999925,0.138052765254,
    -2.878230661791E-02));
#303 = VECTOR('',#304,1.);
#304 = DIRECTION('',(1.224646799147E-16,1.,1.224646799147E-16));
#305 = ORIENTED_EDGE('',*,*,#306,.F.);
#306 = EDGE_CURVE('',#307,#299,#309,.T.);
#307 = VERTEX_POINT('',#308);
#308 = CARTESIAN_POINT('',(-2.19999925,3.148052765254,
    -2.878230661791E-02));
#309 = LINE('',#310,#311);
#310 = CARTESIAN_POINT('',(-2.19999925,3.148052765254,
    -2.878230661791E-02));
#311 = VECTOR('',#312,1.);
#312 = DIRECTION('',(1.,-1.224646799147E-16,0.));
#313 = ORIENTED_EDGE('',*,*,#314,.F.);
#314 = EDGE_CURVE('',#315,#307,#317,.T.);
#315 = VERTEX_POINT('',#316);
#316 = CARTESIAN_POINT('',(-2.19999925,4.888052765254,
    -2.878230661791E-02));
#317 = LINE('',#318,#319);
#318 = CARTESIAN_POINT('',(-2.19999925,4.888052765254,
    -2.878230661791E-02));
#319 = VECTOR('',#320,1.);
#320 = DIRECTION('',(-1.224646799147E-16,-1.,-1.224646799147E-16));
#321 = ORIENTED_EDGE('',*,*,#322,.T.);
#322 = EDGE_CURVE('',#315,#323,#325,.T.);
#323 = VERTEX_POINT('',#324);
#324 = CARTESIAN_POINT('',(-0.89999925,4.888052765254,
    -2.878230661791E-02));
#325 = LINE('',#326,#327);
#326 = CARTESIAN_POINT('',(-2.19999925,4.888052765254,
    -2.878230661791E-02));
#327 = VECTOR('',#328,1.);
#328 = DIRECTION('',(1.,-1.224646799147E-16,0.));
#329 = ORIENTED_EDGE('',*,*,#330,.F.);
#330 = EDGE_CURVE('',#331,#323,#333,.T.);
#331 = VERTEX_POINT('',#332);
#332 = CARTESIAN_POINT('',(-0.69999925,4.688052765254,
    -2.878230661791E-02));
#333 = CIRCLE('',#334,0.2);
#334 = AXIS2_PLACEMENT_3D('',#335,#336,#337);
#335 = CARTESIAN_POINT('',(-0.69999925,4.888052765254,
    -2.878230661791E-02));
#336 = DIRECTION('',(1.499759782662E-32,1.224646799147E-16,-1.));
#337 = DIRECTION('',(-1.224646799147E-16,-1.,-1.224646799147E-16));
#338 = ORIENTED_EDGE('',*,*,#339,.F.);
#339 = EDGE_CURVE('',#340,#331,#342,.T.);
#340 = VERTEX_POINT('',#341);
#341 = CARTESIAN_POINT('',(7.75000075,4.688052765254,-2.878230661791E-02
    ));
#342 = LINE('',#343,#344);
#343 = CARTESIAN_POINT('',(7.75000075,4.688052765254,-2.878230661791E-02
    ));
#344 = VECTOR('',#345,1.);
#345 = DIRECTION('',(-1.,1.224646799147E-16,0.));
#346 = ORIENTED_EDGE('',*,*,#347,.F.);
#347 = EDGE_CURVE('',#348,#340,#350,.T.);
#348 = VERTEX_POINT('',#349);
#349 = CARTESIAN_POINT('',(7.75000075,4.888052765254,-2.878230661791E-02
    ));
#350 = LINE('',#351,#352);
#351 = CARTESIAN_POINT('',(7.75000075,4.888052765254,-2.878230661791E-02
    ));
#352 = VECTOR('',#353,1.);
#353 = DIRECTION('',(-1.224646799147E-16,-1.,-1.224646799147E-16));
#354 = ORIENTED_EDGE('',*,*,#355,.T.);
#355 = EDGE_CURVE('',#348,#356,#358,.T.);
#356 = VERTEX_POINT('',#357);
#357 = CARTESIAN_POINT('',(8.75000075,4.888052765254,-2.878230661791E-02
    ));
#358 = LINE('',#359,#360);
#359 = CARTESIAN_POINT('',(7.75000075,4.888052765254,-2.878230661791E-02
    ));
#360 = VECTOR('',#361,1.);
#361 = DIRECTION('',(1.,-1.224646799147E-16,0.));
#362 = ORIENTED_EDGE('',*,*,#363,.T.);
#363 = EDGE_CURVE('',#356,#364,#366,.T.);
#364 = VERTEX_POINT('',#365);
#365 = CARTESIAN_POINT('',(8.75000075,4.688052765254,-2.878230661791E-02
    ));
#366 = LINE('',#367,#368);
#367 = CARTESIAN_POINT('',(8.75000075,4.888052765254,-2.878230661791E-02
    ));
#368 = VECTOR('',#369,1.);
#369 = DIRECTION('',(-1.224646799147E-16,-1.,-1.224646799147E-16));
#370 = ORIENTED_EDGE('',*,*,#371,.F.);
#371 = EDGE_CURVE('',#372,#364,#374,.T.);
#372 = VERTEX_POINT('',#373);
#373 = CARTESIAN_POINT('',(17.20000075,4.688052765254,
    -2.878230661791E-02));
#374 = LINE('',#375,#376);
#375 = CARTESIAN_POINT('',(17.20000075,4.688052765254,
    -2.878230661791E-02));
#376 = VECTOR('',#377,1.);
#377 = DIRECTION('',(-1.,1.224646799147E-16,0.));
#378 = ORIENTED_EDGE('',*,*,#379,.F.);
#379 = EDGE_CURVE('',#380,#372,#382,.T.);
#380 = VERTEX_POINT('',#381);
#381 = CARTESIAN_POINT('',(17.40000075,4.888052765254,
    -2.878230661791E-02));
#382 = CIRCLE('',#383,0.2);
#383 = AXIS2_PLACEMENT_3D('',#384,#385,#386);
#384 = CARTESIAN_POINT('',(17.20000075,4.888052765254,
    -2.878230661791E-02));
#385 = DIRECTION('',(1.499759782662E-32,1.224646799147E-16,-1.));
#386 = DIRECTION('',(1.,-1.224646799147E-16,0.));
#387 = ORIENTED_EDGE('',*,*,#388,.T.);
#388 = EDGE_CURVE('',#380,#389,#391,.T.);
#389 = VERTEX_POINT('',#390);
#390 = CARTESIAN_POINT('',(18.70000075,4.888052765254,
    -2.878230661791E-02));
#391 = LINE('',#392,#393);
#392 = CARTESIAN_POINT('',(17.40000075,4.888052765254,
    -2.878230661791E-02));
#393 = VECTOR('',#394,1.);
#394 = DIRECTION('',(1.,-1.224646799147E-16,0.));
#395 = ORIENTED_EDGE('',*,*,#396,.F.);
#396 = EDGE_CURVE('',#397,#389,#399,.T.);
#397 = VERTEX_POINT('',#398);
#398 = CARTESIAN_POINT('',(18.70000075,3.148052765254,
    -2.878230661791E-02));
#399 = LINE('',#400,#401);
#400 = CARTESIAN_POINT('',(18.70000075,3.148052765254,
    -2.878230661791E-02));
#401 = VECTOR('',#402,1.);
#402 = DIRECTION('',(1.224646799147E-16,1.,1.224646799147E-16));
#403 = ORIENTED_EDGE('',*,*,#404,.F.);
#404 = EDGE_CURVE('',#405,#397,#407,.T.);
#405 = VERTEX_POINT('',#406);
#406 = CARTESIAN_POINT('',(16.90000075,3.148052765254,
    -2.878230661791E-02));
#407 = LINE('',#408,#409);
#408 = CARTESIAN_POINT('',(16.90000075,3.148052765254,
    -2.878230661791E-02));
#409 = VECTOR('',#410,1.);
#410 = DIRECTION('',(1.,-1.224646799147E-16,0.));
#411 = ORIENTED_EDGE('',*,*,#412,.F.);
#412 = EDGE_CURVE('',#413,#405,#415,.T.);
#413 = VERTEX_POINT('',#414);
#414 = CARTESIAN_POINT('',(16.90000075,0.138052765254,
    -2.878230661791E-02));
#415 = LINE('',#416,#417);
#416 = CARTESIAN_POINT('',(16.90000075,0.138052765254,
    -2.878230661791E-02));
#417 = VECTOR('',#418,1.);
#418 = DIRECTION('',(1.224646799147E-16,1.,1.224646799147E-16));
#419 = ORIENTED_EDGE('',*,*,#420,.T.);
#420 = EDGE_CURVE('',#413,#421,#423,.T.);
#421 = VERTEX_POINT('',#422);
#422 = CARTESIAN_POINT('',(18.70000075,0.138052765254,
    -2.878230661791E-02));
#423 = LINE('',#424,#425);
#424 = CARTESIAN_POINT('',(16.90000075,0.138052765254,
    -2.878230661791E-02));
#425 = VECTOR('',#426,1.);
#426 = DIRECTION('',(1.,-1.224646799147E-16,0.));
#427 = ORIENTED_EDGE('',*,*,#428,.F.);
#428 = EDGE_CURVE('',#429,#421,#431,.T.);
#429 = VERTEX_POINT('',#430);
#430 = CARTESIAN_POINT('',(18.70000075,-0.761947234746,
    -2.878230661791E-02));
#431 = LINE('',#432,#433);
#432 = CARTESIAN_POINT('',(18.70000075,-0.761947234746,
    -2.878230661791E-02));
#433 = VECTOR('',#434,1.);
#434 = DIRECTION('',(1.224646799147E-16,1.,1.224646799147E-16));
#435 = ORIENTED_EDGE('',*,*,#436,.F.);
#436 = EDGE_CURVE('',#437,#429,#439,.T.);
#437 = VERTEX_POINT('',#438);
#438 = CARTESIAN_POINT('',(17.00000075,-0.761947234746,
    -2.878230661791E-02));
#439 = LINE('',#440,#441);
#440 = CARTESIAN_POINT('',(17.00000075,-0.761947234746,
    -2.878230661791E-02));
#441 = VECTOR('',#442,1.);
#442 = DIRECTION('',(1.,-1.224646799147E-16,0.));
#443 = ORIENTED_EDGE('',*,*,#444,.T.);
#444 = EDGE_CURVE('',#437,#445,#447,.T.);
#445 = VERTEX_POINT('',#446);
#446 = CARTESIAN_POINT('',(17.00000075,-0.511947234746,
    -2.878230661791E-02));
#447 = LINE('',#448,#449);
#448 = CARTESIAN_POINT('',(17.00000075,-0.761947234746,
    -2.878230661791E-02));
#449 = VECTOR('',#450,1.);
#450 = DIRECTION('',(1.224646799147E-16,1.,1.224646799147E-16));
#451 = ORIENTED_EDGE('',*,*,#452,.T.);
#452 = EDGE_CURVE('',#445,#267,#453,.T.);
#453 = LINE('',#454,#455);
#454 = CARTESIAN_POINT('',(17.00000075,-0.511947234746,
    -2.878230661791E-02));
#455 = VECTOR('',#456,1.);
#456 = DIRECTION('',(-1.,1.224646799147E-16,0.));
#457 = FACE_BOUND('',#458,.T.);
#458 = EDGE_LOOP('',(#459,#469,#477,#485));
#459 = ORIENTED_EDGE('',*,*,#460,.T.);
#460 = EDGE_CURVE('',#461,#463,#465,.T.);
#461 = VERTEX_POINT('',#462);
#462 = CARTESIAN_POINT('',(2.87500075,-0.251947234746,
    -2.878230661791E-02));
#463 = VERTEX_POINT('',#464);
#464 = CARTESIAN_POINT('',(3.12500075,-0.251947234746,
    -2.878230661791E-02));
#465 = LINE('',#466,#467);
#466 = CARTESIAN_POINT('',(2.87500075,-0.251947234746,
    -2.878230661791E-02));
#467 = VECTOR('',#468,1.);
#468 = DIRECTION('',(1.,-1.224646799147E-16,0.));
#469 = ORIENTED_EDGE('',*,*,#470,.T.);
#470 = EDGE_CURVE('',#463,#471,#473,.T.);
#471 = VERTEX_POINT('',#472);
#472 = CARTESIAN_POINT('',(3.12500075,0.218052765254,-2.878230661791E-02
    ));
#473 = LINE('',#474,#475);
#474 = CARTESIAN_POINT('',(3.12500075,-0.251947234746,
    -2.878230661791E-02));
#475 = VECTOR('',#476,1.);
#476 = DIRECTION('',(1.224646799147E-16,1.,1.224646799147E-16));
#477 = ORIENTED_EDGE('',*,*,#478,.F.);
#478 = EDGE_CURVE('',#479,#471,#481,.T.);
#479 = VERTEX_POINT('',#480);
#480 = CARTESIAN_POINT('',(2.87500075,0.218052765254,-2.878230661791E-02
    ));
#481 = LINE('',#482,#483);
#482 = CARTESIAN_POINT('',(2.87500075,0.218052765254,-2.878230661791E-02
    ));
#483 = VECTOR('',#484,1.);
#484 = DIRECTION('',(1.,-1.224646799147E-16,0.));
#485 = ORIENTED_EDGE('',*,*,#486,.F.);
#486 = EDGE_CURVE('',#461,#479,#487,.T.);
#487 = LINE('',#488,#489);
#488 = CARTESIAN_POINT('',(2.87500075,-0.251947234746,
    -2.878230661791E-02));
#489 = VECTOR('',#490,1.);
#490 = DIRECTION('',(1.224646799147E-16,1.,1.224646799147E-16));
#491 = FACE_BOUND('',#492,.T.);
#492 = EDGE_LOOP('',(#493,#503,#511,#519));
#493 = ORIENTED_EDGE('',*,*,#494,.T.);
#494 = EDGE_CURVE('',#495,#497,#499,.T.);
#495 = VERTEX_POINT('',#496);
#496 = CARTESIAN_POINT('',(5.87500075,-0.251947234746,
    -2.878230661791E-02));
#497 = VERTEX_POINT('',#498);
#498 = CARTESIAN_POINT('',(6.12500075,-0.251947234746,
    -2.878230661791E-02));
#499 = LINE('',#500,#501);
#500 = CARTESIAN_POINT('',(5.87500075,-0.251947234746,
    -2.878230661791E-02));
#501 = VECTOR('',#502,1.);
#502 = DIRECTION('',(1.,-1.224646799147E-16,0.));
#503 = ORIENTED_EDGE('',*,*,#504,.T.);
#504 = EDGE_CURVE('',#497,#505,#507,.T.);
#505 = VERTEX_POINT('',#506);
#506 = CARTESIAN_POINT('',(6.12500075,0.218052765254,-2.878230661791E-02
    ));
#507 = LINE('',#508,#509);
#508 = CARTESIAN_POINT('',(6.12500075,-0.251947234746,
    -2.878230661791E-02));
#509 = VECTOR('',#510,1.);
#510 = DIRECTION('',(1.224646799147E-16,1.,1.224646799147E-16));
#511 = ORIENTED_EDGE('',*,*,#512,.F.);
#512 = EDGE_CURVE('',#513,#505,#515,.T.);
#513 = VERTEX_POINT('',#514);
#514 = CARTESIAN_POINT('',(5.87500075,0.218052765254,-2.878230661791E-02
    ));
#515 = LINE('',#516,#517);
#516 = CARTESIAN_POINT('',(5.87500075,0.218052765254,-2.878230661791E-02
    ));
#517 = VECTOR('',#518,1.);
#518 = DIRECTION('',(1.,-1.224646799147E-16,0.));
#519 = ORIENTED_EDGE('',*,*,#520,.F.);
#520 = EDGE_CURVE('',#495,#513,#521,.T.);
#521 = LINE('',#522,#523);
#522 = CARTESIAN_POINT('',(5.87500075,-0.251947234746,
    -2.878230661791E-02));
#523 = VECTOR('',#524,1.);
#524 = DIRECTION('',(1.224646799147E-16,1.,1.224646799147E-16));
#525 = FACE_BOUND('',#526,.T.);
#526 = EDGE_LOOP('',(#527,#537,#545,#553));
#527 = ORIENTED_EDGE('',*,*,#528,.T.);
#528 = EDGE_CURVE('',#529,#531,#533,.T.);
#529 = VERTEX_POINT('',#530);
#530 = CARTESIAN_POINT('',(8.87500075,-0.251947234746,
    -2.878230661791E-02));
#531 = VERTEX_POINT('',#532);
#532 = CARTESIAN_POINT('',(9.12500075,-0.251947234746,
    -2.878230661791E-02));
#533 = LINE('',#534,#535);
#534 = CARTESIAN_POINT('',(8.87500075,-0.251947234746,
    -2.878230661791E-02));
#535 = VECTOR('',#536,1.);
#536 = DIRECTION('',(1.,-1.224646799147E-16,0.));
#537 = ORIENTED_EDGE('',*,*,#538,.T.);
#538 = EDGE_CURVE('',#531,#539,#541,.T.);
#539 = VERTEX_POINT('',#540);
#540 = CARTESIAN_POINT('',(9.12500075,0.218052765254,-2.878230661791E-02
    ));
#541 = LINE('',#542,#543);
#542 = CARTESIAN_POINT('',(9.12500075,-0.251947234746,
    -2.878230661791E-02));
#543 = VECTOR('',#544,1.);
#544 = DIRECTION('',(1.224646799147E-16,1.,1.224646799147E-16));
#545 = ORIENTED_EDGE('',*,*,#546,.F.);
#546 = EDGE_CURVE('',#547,#539,#549,.T.);
#547 = VERTEX_POINT('',#548);
#548 = CARTESIAN_POINT('',(8.87500075,0.218052765254,-2.878230661791E-02
    ));
#549 = LINE('',#550,#551);
#550 = CARTESIAN_POINT('',(8.87500075,0.218052765254,-2.878230661791E-02
    ));
#551 = VECTOR('',#552,1.);
#552 = DIRECTION('',(1.,-1.224646799147E-16,0.));
#553 = ORIENTED_EDGE('',*,*,#554,.F.);
#554 = EDGE_CURVE('',#529,#547,#555,.T.);
#555 = LINE('',#556,#557);
#556 = CARTESIAN_POINT('',(8.87500075,-0.251947234746,
    -2.878230661791E-02));
#557 = VECTOR('',#558,1.);
#558 = DIRECTION('',(1.224646799147E-16,1.,1.224646799147E-16));
#559 = FACE_BOUND('',#560,.T.);
#560 = EDGE_LOOP('',(#561,#571,#579,#587));
#561 = ORIENTED_EDGE('',*,*,#562,.T.);
#562 = EDGE_CURVE('',#563,#565,#567,.T.);
#563 = VERTEX_POINT('',#564);
#564 = CARTESIAN_POINT('',(11.87500075,-0.251947234746,
    -2.878230661791E-02));
#565 = VERTEX_POINT('',#566);
#566 = CARTESIAN_POINT('',(12.12500075,-0.251947234746,
    -2.878230661791E-02));
#567 = LINE('',#568,#569);
#568 = CARTESIAN_POINT('',(11.87500075,-0.251947234746,
    -2.878230661791E-02));
#569 = VECTOR('',#570,1.);
#570 = DIRECTION('',(1.,-1.224646799147E-16,0.));
#571 = ORIENTED_EDGE('',*,*,#572,.T.);
#572 = EDGE_CURVE('',#565,#573,#575,.T.);
#573 = VERTEX_POINT('',#574);
#574 = CARTESIAN_POINT('',(12.12500075,0.218052765254,
    -2.878230661791E-02));
#575 = LINE('',#576,#577);
#576 = CARTESIAN_POINT('',(12.12500075,-0.251947234746,
    -2.878230661791E-02));
#577 = VECTOR('',#578,1.);
#578 = DIRECTION('',(1.224646799147E-16,1.,1.224646799147E-16));
#579 = ORIENTED_EDGE('',*,*,#580,.F.);
#580 = EDGE_CURVE('',#581,#573,#583,.T.);
#581 = VERTEX_POINT('',#582);
#582 = CARTESIAN_POINT('',(11.87500075,0.218052765254,
    -2.878230661791E-02));
#583 = LINE('',#584,#585);
#584 = CARTESIAN_POINT('',(11.87500075,0.218052765254,
    -2.878230661791E-02));
#585 = VECTOR('',#586,1.);
#586 = DIRECTION('',(1.,-1.224646799147E-16,0.));
#587 = ORIENTED_EDGE('',*,*,#588,.F.);
#588 = EDGE_CURVE('',#563,#581,#589,.T.);
#589 = LINE('',#590,#591);
#590 = CARTESIAN_POINT('',(11.87500075,-0.251947234746,
    -2.878230661791E-02));
#591 = VECTOR('',#592,1.);
#592 = DIRECTION('',(1.224646799147E-16,1.,1.224646799147E-16));
#593 = FACE_BOUND('',#594,.T.);
#594 = EDGE_LOOP('',(#595,#605,#613,#621));
#595 = ORIENTED_EDGE('',*,*,#596,.T.);
#596 = EDGE_CURVE('',#597,#599,#601,.T.);
#597 = VERTEX_POINT('',#598);
#598 = CARTESIAN_POINT('',(14.87500075,-0.251947234746,
    -2.878230661791E-02));
#599 = VERTEX_POINT('',#600);
#600 = CARTESIAN_POINT('',(15.12500075,-0.251947234746,
    -2.878230661791E-02));
#601 = LINE('',#602,#603);
#602 = CARTESIAN_POINT('',(14.87500075,-0.251947234746,
    -2.878230661791E-02));
#603 = VECTOR('',#604,1.);
#604 = DIRECTION('',(1.,-1.224646799147E-16,0.));
#605 = ORIENTED_EDGE('',*,*,#606,.T.);
#606 = EDGE_CURVE('',#599,#607,#609,.T.);
#607 = VERTEX_POINT('',#608);
#608 = CARTESIAN_POINT('',(15.12500075,0.218052765254,
    -2.878230661791E-02));
#609 = LINE('',#610,#611);
#610 = CARTESIAN_POINT('',(15.12500075,-0.251947234746,
    -2.878230661791E-02));
#611 = VECTOR('',#612,1.);
#612 = DIRECTION('',(1.224646799147E-16,1.,1.224646799147E-16));
#613 = ORIENTED_EDGE('',*,*,#614,.F.);
#614 = EDGE_CURVE('',#615,#607,#617,.T.);
#615 = VERTEX_POINT('',#616);
#616 = CARTESIAN_POINT('',(14.87500075,0.218052765254,
    -2.878230661791E-02));
#617 = LINE('',#618,#619);
#618 = CARTESIAN_POINT('',(14.87500075,0.218052765254,
    -2.878230661791E-02));
#619 = VECTOR('',#620,1.);
#620 = DIRECTION('',(1.,-1.224646799147E-16,0.));
#621 = ORIENTED_EDGE('',*,*,#622,.F.);
#622 = EDGE_CURVE('',#597,#615,#623,.T.);
#623 = LINE('',#624,#625);
#624 = CARTESIAN_POINT('',(14.87500075,-0.251947234746,
    -2.878230661791E-02));
#625 = VECTOR('',#626,1.);
#626 = DIRECTION('',(1.224646799147E-16,1.,1.224646799147E-16));
#627 = FACE_BOUND('',#628,.T.);
#628 = EDGE_LOOP('',(#629,#639,#647,#655));
#629 = ORIENTED_EDGE('',*,*,#630,.T.);
#630 = EDGE_CURVE('',#631,#633,#635,.T.);
#631 = VERTEX_POINT('',#632);
#632 = CARTESIAN_POINT('',(1.37500075,1.748052765254,-2.878230661791E-02
    ));
#633 = VERTEX_POINT('',#634);
#634 = CARTESIAN_POINT('',(1.62500075,1.748052765254,-2.878230661791E-02
    ));
#635 = LINE('',#636,#637);
#636 = CARTESIAN_POINT('',(1.37500075,1.748052765254,-2.878230661791E-02
    ));
#637 = VECTOR('',#638,1.);
#638 = DIRECTION('',(1.,-1.224646799147E-16,0.));
#639 = ORIENTED_EDGE('',*,*,#640,.T.);
#640 = EDGE_CURVE('',#633,#641,#643,.T.);
#641 = VERTEX_POINT('',#642);
#642 = CARTESIAN_POINT('',(1.62500075,2.248052765254,-2.878230661791E-02
    ));
#643 = LINE('',#644,#645);
#644 = CARTESIAN_POINT('',(1.62500075,1.748052765254,-2.878230661791E-02
    ));
#645 = VECTOR('',#646,1.);
#646 = DIRECTION('',(1.224646799147E-16,1.,1.224646799147E-16));
#647 = ORIENTED_EDGE('',*,*,#648,.F.);
#648 = EDGE_CURVE('',#649,#641,#651,.T.);
#649 = VERTEX_POINT('',#650);
#650 = CARTESIAN_POINT('',(1.37500075,2.248052765254,-2.878230661791E-02
    ));
#651 = LINE('',#652,#653);
#652 = CARTESIAN_POINT('',(1.37500075,2.248052765254,-2.878230661791E-02
    ));
#653 = VECTOR('',#654,1.);
#654 = DIRECTION('',(1.,-1.224646799147E-16,0.));
#655 = ORIENTED_EDGE('',*,*,#656,.F.);
#656 = EDGE_CURVE('',#631,#649,#657,.T.);
#657 = LINE('',#658,#659);
#658 = CARTESIAN_POINT('',(1.37500075,1.748052765254,-2.878230661791E-02
    ));
#659 = VECTOR('',#660,1.);
#660 = DIRECTION('',(1.224646799147E-16,1.,1.224646799147E-16));
#661 = FACE_BOUND('',#662,.T.);
#662 = EDGE_LOOP('',(#663,#673,#681,#689));
#663 = ORIENTED_EDGE('',*,*,#664,.T.);
#664 = EDGE_CURVE('',#665,#667,#669,.T.);
#665 = VERTEX_POINT('',#666);
#666 = CARTESIAN_POINT('',(4.37500075,1.748052765254,-2.878230661791E-02
    ));
#667 = VERTEX_POINT('',#668);
#668 = CARTESIAN_POINT('',(4.62500075,1.748052765254,-2.878230661791E-02
    ));
#669 = LINE('',#670,#671);
#670 = CARTESIAN_POINT('',(4.37500075,1.748052765254,-2.878230661791E-02
    ));
#671 = VECTOR('',#672,1.);
#672 = DIRECTION('',(1.,-1.224646799147E-16,0.));
#673 = ORIENTED_EDGE('',*,*,#674,.T.);
#674 = EDGE_CURVE('',#667,#675,#677,.T.);
#675 = VERTEX_POINT('',#676);
#676 = CARTESIAN_POINT('',(4.62500075,2.248052765254,-2.878230661791E-02
    ));
#677 = LINE('',#678,#679);
#678 = CARTESIAN_POINT('',(4.62500075,1.748052765254,-2.878230661791E-02
    ));
#679 = VECTOR('',#680,1.);
#680 = DIRECTION('',(1.224646799147E-16,1.,1.224646799147E-16));
#681 = ORIENTED_EDGE('',*,*,#682,.F.);
#682 = EDGE_CURVE('',#683,#675,#685,.T.);
#683 = VERTEX_POINT('',#684);
#684 = CARTESIAN_POINT('',(4.37500075,2.248052765254,-2.878230661791E-02
    ));
#685 = LINE('',#686,#687);
#686 = CARTESIAN_POINT('',(4.37500075,2.248052765254,-2.878230661791E-02
    ));
#687 = VECTOR('',#688,1.);
#688 = DIRECTION('',(1.,-1.224646799147E-16,0.));
#689 = ORIENTED_EDGE('',*,*,#690,.F.);
#690 = EDGE_CURVE('',#665,#683,#691,.T.);
#691 = LINE('',#692,#693);
#692 = CARTESIAN_POINT('',(4.37500075,1.748052765254,-2.878230661791E-02
    ));
#693 = VECTOR('',#694,1.);
#694 = DIRECTION('',(1.224646799147E-16,1.,1.224646799147E-16));
#695 = FACE_BOUND('',#696,.T.);
#696 = EDGE_LOOP('',(#697,#707,#715,#723));
#697 = ORIENTED_EDGE('',*,*,#698,.T.);
#698 = EDGE_CURVE('',#699,#701,#703,.T.);
#699 = VERTEX_POINT('',#700);
#700 = CARTESIAN_POINT('',(7.37500075,1.748052765254,-2.878230661791E-02
    ));
#701 = VERTEX_POINT('',#702);
#702 = CARTESIAN_POINT('',(7.62500075,1.748052765254,-2.878230661791E-02
    ));
#703 = LINE('',#704,#705);
#704 = CARTESIAN_POINT('',(7.37500075,1.748052765254,-2.878230661791E-02
    ));
#705 = VECTOR('',#706,1.);
#706 = DIRECTION('',(1.,-1.224646799147E-16,0.));
#707 = ORIENTED_EDGE('',*,*,#708,.T.);
#708 = EDGE_CURVE('',#701,#709,#711,.T.);
#709 = VERTEX_POINT('',#710);
#710 = CARTESIAN_POINT('',(7.62500075,2.248052765254,-2.878230661791E-02
    ));
#711 = LINE('',#712,#713);
#712 = CARTESIAN_POINT('',(7.62500075,1.748052765254,-2.878230661791E-02
    ));
#713 = VECTOR('',#714,1.);
#714 = DIRECTION('',(1.224646799147E-16,1.,1.224646799147E-16));
#715 = ORIENTED_EDGE('',*,*,#716,.F.);
#716 = EDGE_CURVE('',#717,#709,#719,.T.);
#717 = VERTEX_POINT('',#718);
#718 = CARTESIAN_POINT('',(7.37500075,2.248052765254,-2.878230661791E-02
    ));
#719 = LINE('',#720,#721);
#720 = CARTESIAN_POINT('',(7.37500075,2.248052765254,-2.878230661791E-02
    ));
#721 = VECTOR('',#722,1.);
#722 = DIRECTION('',(1.,-1.224646799147E-16,0.));
#723 = ORIENTED_EDGE('',*,*,#724,.F.);
#724 = EDGE_CURVE('',#699,#717,#725,.T.);
#725 = LINE('',#726,#727);
#726 = CARTESIAN_POINT('',(7.37500075,1.748052765254,-2.878230661791E-02
    ));
#727 = VECTOR('',#728,1.);
#728 = DIRECTION('',(1.224646799147E-16,1.,1.224646799147E-16));
#729 = FACE_BOUND('',#730,.T.);
#730 = EDGE_LOOP('',(#731,#741,#749,#757));
#731 = ORIENTED_EDGE('',*,*,#732,.T.);
#732 = EDGE_CURVE('',#733,#735,#737,.T.);
#733 = VERTEX_POINT('',#734);
#734 = CARTESIAN_POINT('',(10.37500075,1.748052765254,
    -2.878230661791E-02));
#735 = VERTEX_POINT('',#736);
#736 = CARTESIAN_POINT('',(10.62500075,1.748052765254,
    -2.878230661791E-02));
#737 = LINE('',#738,#739);
#738 = CARTESIAN_POINT('',(10.37500075,1.748052765254,
    -2.878230661791E-02));
#739 = VECTOR('',#740,1.);
#740 = DIRECTION('',(1.,-1.224646799147E-16,0.));
#741 = ORIENTED_EDGE('',*,*,#742,.T.);
#742 = EDGE_CURVE('',#735,#743,#745,.T.);
#743 = VERTEX_POINT('',#744);
#744 = CARTESIAN_POINT('',(10.62500075,2.248052765254,
    -2.878230661791E-02));
#745 = LINE('',#746,#747);
#746 = CARTESIAN_POINT('',(10.62500075,1.748052765254,
    -2.878230661791E-02));
#747 = VECTOR('',#748,1.);
#748 = DIRECTION('',(1.224646799147E-16,1.,1.224646799147E-16));
#749 = ORIENTED_EDGE('',*,*,#750,.F.);
#750 = EDGE_CURVE('',#751,#743,#753,.T.);
#751 = VERTEX_POINT('',#752);
#752 = CARTESIAN_POINT('',(10.37500075,2.248052765254,
    -2.878230661791E-02));
#753 = LINE('',#754,#755);
#754 = CARTESIAN_POINT('',(10.37500075,2.248052765254,
    -2.878230661791E-02));
#755 = VECTOR('',#756,1.);
#756 = DIRECTION('',(1.,-1.224646799147E-16,0.));
#757 = ORIENTED_EDGE('',*,*,#758,.F.);
#758 = EDGE_CURVE('',#733,#751,#759,.T.);
#759 = LINE('',#760,#761);
#760 = CARTESIAN_POINT('',(10.37500075,1.748052765254,
    -2.878230661791E-02));
#761 = VECTOR('',#762,1.);
#762 = DIRECTION('',(1.224646799147E-16,1.,1.224646799147E-16));
#763 = FACE_BOUND('',#764,.T.);
#764 = EDGE_LOOP('',(#765,#775,#783,#791));
#765 = ORIENTED_EDGE('',*,*,#766,.T.);
#766 = EDGE_CURVE('',#767,#769,#771,.T.);
#767 = VERTEX_POINT('',#768);
#768 = CARTESIAN_POINT('',(13.37500075,1.748052765254,
    -2.878230661791E-02));
#769 = VERTEX_POINT('',#770);
#770 = CARTESIAN_POINT('',(13.62500075,1.748052765254,
    -2.878230661791E-02));
#771 = LINE('',#772,#773);
#772 = CARTESIAN_POINT('',(13.37500075,1.748052765254,
    -2.878230661791E-02));
#773 = VECTOR('',#774,1.);
#774 = DIRECTION('',(1.,-1.224646799147E-16,0.));
#775 = ORIENTED_EDGE('',*,*,#776,.T.);
#776 = EDGE_CURVE('',#769,#777,#779,.T.);
#777 = VERTEX_POINT('',#778);
#778 = CARTESIAN_POINT('',(13.62500075,2.248052765254,
    -2.878230661791E-02));
#779 = LINE('',#780,#781);
#780 = CARTESIAN_POINT('',(13.62500075,1.748052765254,
    -2.878230661791E-02));
#781 = VECTOR('',#782,1.);
#782 = DIRECTION('',(1.224646799147E-16,1.,1.224646799147E-16));
#783 = ORIENTED_EDGE('',*,*,#784,.F.);
#784 = EDGE_CURVE('',#785,#777,#787,.T.);
#785 = VERTEX_POINT('',#786);
#786 = CARTESIAN_POINT('',(13.37500075,2.248052765254,
    -2.878230661791E-02));
#787 = LINE('',#788,#789);
#788 = CARTESIAN_POINT('',(13.37500075,2.248052765254,
    -2.878230661791E-02));
#789 = VECTOR('',#790,1.);
#790 = DIRECTION('',(1.,-1.224646799147E-16,0.));
#791 = ORIENTED_EDGE('',*,*,#792,.F.);
#792 = EDGE_CURVE('',#767,#785,#793,.T.);
#793 = LINE('',#794,#795);
#794 = CARTESIAN_POINT('',(13.37500075,1.748052765254,
    -2.878230661791E-02));
#795 = VECTOR('',#796,1.);
#796 = DIRECTION('',(1.224646799147E-16,1.,1.224646799147E-16));
#797 = FACE_BOUND('',#798,.T.);
#798 = EDGE_LOOP('',(#799,#809,#817,#825));
#799 = ORIENTED_EDGE('',*,*,#800,.T.);
#800 = EDGE_CURVE('',#801,#803,#805,.T.);
#801 = VERTEX_POINT('',#802);
#802 = CARTESIAN_POINT('',(16.37500075,1.748052765254,
    -2.878230661791E-02));
#803 = VERTEX_POINT('',#804);
#804 = CARTESIAN_POINT('',(16.62500075,1.748052765254,
    -2.878230661791E-02));
#805 = LINE('',#806,#807);
#806 = CARTESIAN_POINT('',(16.37500075,1.748052765254,
    -2.878230661791E-02));
#807 = VECTOR('',#808,1.);
#808 = DIRECTION('',(1.,-1.224646799147E-16,0.));
#809 = ORIENTED_EDGE('',*,*,#810,.T.);
#810 = EDGE_CURVE('',#803,#811,#813,.T.);
#811 = VERTEX_POINT('',#812);
#812 = CARTESIAN_POINT('',(16.62500075,2.248052765254,
    -2.878230661791E-02));
#813 = LINE('',#814,#815);
#814 = CARTESIAN_POINT('',(16.62500075,1.748052765254,
    -2.878230661791E-02));
#815 = VECTOR('',#816,1.);
#816 = DIRECTION('',(1.224646799147E-16,1.,1.224646799147E-16));
#817 = ORIENTED_EDGE('',*,*,#818,.F.);
#818 = EDGE_CURVE('',#819,#811,#821,.T.);
#819 = VERTEX_POINT('',#820);
#820 = CARTESIAN_POINT('',(16.37500075,2.248052765254,
    -2.878230661791E-02));
#821 = LINE('',#822,#823);
#822 = CARTESIAN_POINT('',(16.37500075,2.248052765254,
    -2.878230661791E-02));
#823 = VECTOR('',#824,1.);
#824 = DIRECTION('',(1.,-1.224646799147E-16,0.));
#825 = ORIENTED_EDGE('',*,*,#826,.F.);
#826 = EDGE_CURVE('',#801,#819,#827,.T.);
#827 = LINE('',#828,#829);
#828 = CARTESIAN_POINT('',(16.37500075,1.748052765254,
    -2.878230661791E-02));
#829 = VECTOR('',#830,1.);
#830 = DIRECTION('',(1.224646799147E-16,1.,1.224646799147E-16));
#831 = FACE_BOUND('',#832,.T.);
#832 = EDGE_LOOP('',(#833,#843,#851,#859));
#833 = ORIENTED_EDGE('',*,*,#834,.T.);
#834 = EDGE_CURVE('',#835,#837,#839,.T.);
#835 = VERTEX_POINT('',#836);
#836 = CARTESIAN_POINT('',(-0.12499925,-0.251947234746,
    -2.878230661791E-02));
#837 = VERTEX_POINT('',#838);
#838 = CARTESIAN_POINT('',(0.12500075,-0.251947234746,
    -2.878230661791E-02));
#839 = LINE('',#840,#841);
#840 = CARTESIAN_POINT('',(-0.12499925,-0.251947234746,
    -2.878230661791E-02));
#841 = VECTOR('',#842,1.);
#842 = DIRECTION('',(1.,-1.224646799147E-16,0.));
#843 = ORIENTED_EDGE('',*,*,#844,.T.);
#844 = EDGE_CURVE('',#837,#845,#847,.T.);
#845 = VERTEX_POINT('',#846);
#846 = CARTESIAN_POINT('',(0.12500075,0.218052765254,-2.878230661791E-02
    ));
#847 = LINE('',#848,#849);
#848 = CARTESIAN_POINT('',(0.12500075,-0.251947234746,
    -2.878230661791E-02));
#849 = VECTOR('',#850,1.);
#850 = DIRECTION('',(1.224646799147E-16,1.,1.224646799147E-16));
#851 = ORIENTED_EDGE('',*,*,#852,.F.);
#852 = EDGE_CURVE('',#853,#845,#855,.T.);
#853 = VERTEX_POINT('',#854);
#854 = CARTESIAN_POINT('',(-0.12499925,0.218052765254,
    -2.878230661791E-02));
#855 = LINE('',#856,#857);
#856 = CARTESIAN_POINT('',(-0.12499925,0.218052765254,
    -2.878230661791E-02));
#857 = VECTOR('',#858,1.);
#858 = DIRECTION('',(1.,-1.224646799147E-16,0.));
#859 = ORIENTED_EDGE('',*,*,#860,.F.);
#860 = EDGE_CURVE('',#835,#853,#861,.T.);
#861 = LINE('',#862,#863);
#862 = CARTESIAN_POINT('',(-0.12499925,-0.251947234746,
    -2.878230661791E-02));
#863 = VECTOR('',#864,1.);
#864 = DIRECTION('',(1.224646799147E-16,1.,1.224646799147E-16));
#865 = FACE_BOUND('',#866,.T.);
#866 = EDGE_LOOP('',(#867,#878));
#867 = ORIENTED_EDGE('',*,*,#868,.F.);
#868 = EDGE_CURVE('',#869,#871,#873,.T.);
#869 = VERTEX_POINT('',#870);
#870 = CARTESIAN_POINT('',(-1.99999925,3.798052765254,
    -2.878230661791E-02));
#871 = VERTEX_POINT('',#872);
#872 = CARTESIAN_POINT('',(-1.29999925,3.798052765254,
    -2.878230661791E-02));
#873 = CIRCLE('',#874,0.35);
#874 = AXIS2_PLACEMENT_3D('',#875,#876,#877);
#875 = CARTESIAN_POINT('',(-1.64999925,3.798052765254,
    -2.878230661791E-02));
#876 = DIRECTION('',(1.499759782662E-32,1.224646799147E-16,-1.));
#877 = DIRECTION('',(-1.,1.224646799147E-16,0.));
#878 = ORIENTED_EDGE('',*,*,#879,.F.);
#879 = EDGE_CURVE('',#871,#869,#880,.T.);
#880 = CIRCLE('',#881,0.35);
#881 = AXIS2_PLACEMENT_3D('',#882,#883,#884);
#882 = CARTESIAN_POINT('',(-1.64999925,3.798052765254,
    -2.878230661791E-02));
#883 = DIRECTION('',(1.499759782662E-32,1.224646799147E-16,-1.));
#884 = DIRECTION('',(1.,-1.224646799147E-16,0.));
#885 = PLANE('',#886);
#886 = AXIS2_PLACEMENT_3D('',#887,#888,#889);
#887 = CARTESIAN_POINT('',(8.25000075,3.188052765254,-2.878230661791E-02
    ));
#888 = DIRECTION('',(-1.499759782662E-32,-1.224646799147E-16,1.));
#889 = DIRECTION('',(-1.224646799147E-16,-1.,-1.224646799147E-16));
#890 = ADVANCED_FACE('',(#891),#926,.F.);
#891 = FACE_BOUND('',#892,.T.);
#892 = EDGE_LOOP('',(#893,#903,#911,#920));
#893 = ORIENTED_EDGE('',*,*,#894,.F.);
#894 = EDGE_CURVE('',#895,#897,#899,.T.);
#895 = VERTEX_POINT('',#896);
#896 = CARTESIAN_POINT('',(-0.12499925,1.648052765254,3.692143389766));
#897 = VERTEX_POINT('',#898);
#898 = CARTESIAN_POINT('',(-0.12499925,1.648052765254,4.944428887914));
#899 = LINE('',#900,#901);
#900 = CARTESIAN_POINT('',(-0.12499925,1.648052765254,3.692143389766));
#901 = VECTOR('',#902,1.);
#902 = DIRECTION('',(-1.499759782662E-32,-1.224646799147E-16,1.));
#903 = ORIENTED_EDGE('',*,*,#904,.F.);
#904 = EDGE_CURVE('',#905,#895,#907,.T.);
#905 = VERTEX_POINT('',#906);
#906 = CARTESIAN_POINT('',(-0.12499925,1.429913402403,4.467679270219));
#907 = LINE('',#908,#909);
#908 = CARTESIAN_POINT('',(-0.12499925,1.429913402403,4.467679270219));
#909 = VECTOR('',#910,1.);
#910 = DIRECTION('',(3.315957318415E-17,0.27076846326,-0.962644503077));
#911 = ORIENTED_EDGE('',*,*,#912,.F.);
#912 = EDGE_CURVE('',#913,#905,#915,.T.);
#913 = VERTEX_POINT('',#914);
#914 = CARTESIAN_POINT('',(-0.12499925,1.433094454873,4.503112717345));
#915 = CIRCLE('',#916,5.E-02);
#916 = AXIS2_PLACEMENT_3D('',#917,#918,#919);
#917 = CARTESIAN_POINT('',(-0.12499925,1.478045627557,4.481217693382));
#918 = DIRECTION('',(1.,-1.224646799147E-16,6.162975822039E-33));
#919 = DIRECTION('',(-1.100986194907E-16,-0.89902345368,0.437900479257)
  );
#920 = ORIENTED_EDGE('',*,*,#921,.F.);
#921 = EDGE_CURVE('',#897,#913,#922,.T.);
#922 = LINE('',#923,#924);
#923 = CARTESIAN_POINT('',(-0.12499925,1.648052765254,4.944428887914));
#924 = VECTOR('',#925,1.);
#925 = DIRECTION('',(-5.362734202678E-17,-0.437900479257,-0.89902345368)
  );
#926 = PLANE('',#927);
#927 = AXIS2_PLACEMENT_3D('',#928,#929,#930);
#928 = CARTESIAN_POINT('',(-0.12499925,2.513052765254,4.741217693382));
#929 = DIRECTION('',(1.,-1.224646799147E-16,0.));
#930 = DIRECTION('',(1.499759782662E-32,1.224646799147E-16,-1.));
#931 = ADVANCED_FACE('',(#932),#1016,.F.);
#932 = FACE_BOUND('',#933,.T.);
#933 = EDGE_LOOP('',(#934,#944,#952,#960,#969,#977,#986,#994,#1002,#1010
    ));
#934 = ORIENTED_EDGE('',*,*,#935,.F.);
#935 = EDGE_CURVE('',#936,#938,#940,.T.);
#936 = VERTEX_POINT('',#937);
#937 = CARTESIAN_POINT('',(-0.12499925,0.488052765254,2.471217693382));
#938 = VERTEX_POINT('',#939);
#939 = CARTESIAN_POINT('',(-0.12499925,1.378052765254,2.471217693382));
#940 = LINE('',#941,#942);
#941 = CARTESIAN_POINT('',(-0.12499925,0.488052765254,2.471217693382));
#942 = VECTOR('',#943,1.);
#943 = DIRECTION('',(1.224646799147E-16,1.,1.224646799147E-16));
#944 = ORIENTED_EDGE('',*,*,#945,.F.);
#945 = EDGE_CURVE('',#946,#936,#948,.T.);
#946 = VERTEX_POINT('',#947);
#947 = CARTESIAN_POINT('',(-0.12499925,0.288052765254,2.651217693382));
#948 = LINE('',#949,#950);
#949 = CARTESIAN_POINT('',(-0.12499925,0.288052765254,2.651217693382));
#950 = VECTOR('',#951,1.);
#951 = DIRECTION('',(9.102727970266E-17,0.743294146247,-0.668964731622)
  );
#952 = ORIENTED_EDGE('',*,*,#953,.T.);
#953 = EDGE_CURVE('',#946,#954,#956,.T.);
#954 = VERTEX_POINT('',#955);
#955 = CARTESIAN_POINT('',(-0.12499925,0.288052765254,5.077407590802));
#956 = LINE('',#957,#958);
#957 = CARTESIAN_POINT('',(-0.12499925,0.288052765254,2.651217693382));
#958 = VECTOR('',#959,1.);
#959 = DIRECTION('',(-1.499759782662E-32,-1.224646799147E-16,1.));
#960 = ORIENTED_EDGE('',*,*,#961,.F.);
#961 = EDGE_CURVE('',#962,#954,#964,.T.);
#962 = VERTEX_POINT('',#963);
#963 = CARTESIAN_POINT('',(-0.12499925,0.398856079879,4.971832962871));
#964 = CIRCLE('',#965,0.15);
#965 = AXIS2_PLACEMENT_3D('',#966,#967,#968);
#966 = CARTESIAN_POINT('',(-0.12499925,0.254459404418,4.931217693382));
#967 = DIRECTION('',(1.,-1.224646799147E-16,0.));
#968 = DIRECTION('',(1.17889950941E-16,0.962644503077,0.27076846326));
#969 = ORIENTED_EDGE('',*,*,#970,.F.);
#970 = EDGE_CURVE('',#971,#962,#973,.T.);
#971 = VERTEX_POINT('',#972);
#972 = CARTESIAN_POINT('',(-0.12499925,0.606177852711,4.234756116545));
#973 = LINE('',#974,#975);
#974 = CARTESIAN_POINT('',(-0.12499925,0.606177852711,4.234756116545));
#975 = VECTOR('',#976,1.);
#976 = DIRECTION('',(-3.315957318415E-17,-0.27076846326,0.962644503077)
  );
#977 = ORIENTED_EDGE('',*,*,#978,.F.);
#978 = EDGE_CURVE('',#979,#971,#981,.T.);
#979 = VERTEX_POINT('',#980);
#980 = CARTESIAN_POINT('',(-0.12499925,0.602996800241,4.199322669419));
#981 = CIRCLE('',#982,5.E-02);
#982 = AXIS2_PLACEMENT_3D('',#983,#984,#985);
#983 = CARTESIAN_POINT('',(-0.12499925,0.558045627557,4.221217693382));
#984 = DIRECTION('',(1.,-1.224646799147E-16,6.162975822039E-33));
#985 = DIRECTION('',(1.100986194907E-16,0.89902345368,-0.437900479257));
#986 = ORIENTED_EDGE('',*,*,#987,.F.);
#987 = EDGE_CURVE('',#988,#979,#990,.T.);
#988 = VERTEX_POINT('',#989);
#989 = CARTESIAN_POINT('',(-0.12499925,0.448052765254,3.881217693382));
#990 = LINE('',#991,#992);
#991 = CARTESIAN_POINT('',(-0.12499925,0.448052765254,3.881217693382));
#992 = VECTOR('',#993,1.);
#993 = DIRECTION('',(5.362734202678E-17,0.437900479257,0.89902345368));
#994 = ORIENTED_EDGE('',*,*,#995,.F.);
#995 = EDGE_CURVE('',#996,#988,#998,.T.);
#996 = VERTEX_POINT('',#997);
#997 = CARTESIAN_POINT('',(-0.12499925,0.448052765254,2.581217693382));
#998 = LINE('',#999,#1000);
#999 = CARTESIAN_POINT('',(-0.12499925,0.448052765254,2.581217693382));
#1000 = VECTOR('',#1001,1.);
#1001 = DIRECTION('',(-1.499759782662E-32,-1.224646799147E-16,1.));
#1002 = ORIENTED_EDGE('',*,*,#1003,.F.);
#1003 = EDGE_CURVE('',#1004,#996,#1006,.T.);
#1004 = VERTEX_POINT('',#1005);
#1005 = CARTESIAN_POINT('',(-0.12499925,1.378052765254,2.581217693382));
#1006 = LINE('',#1007,#1008);
#1007 = CARTESIAN_POINT('',(-0.12499925,1.378052765254,2.581217693382));
#1008 = VECTOR('',#1009,1.);
#1009 = DIRECTION('',(-1.224646799147E-16,-1.,-1.224646799147E-16));
#1010 = ORIENTED_EDGE('',*,*,#1011,.F.);
#1011 = EDGE_CURVE('',#938,#1004,#1012,.T.);
#1012 = LINE('',#1013,#1014);
#1013 = CARTESIAN_POINT('',(-0.12499925,1.378052765254,2.471217693382));
#1014 = VECTOR('',#1015,1.);
#1015 = DIRECTION('',(-1.499759782662E-32,-1.224646799147E-16,1.));
#1016 = PLANE('',#1017);
#1017 = AXIS2_PLACEMENT_3D('',#1018,#1019,#1020);
#1018 = CARTESIAN_POINT('',(-0.12499925,2.513052765254,4.741217693382));
#1019 = DIRECTION('',(1.,-1.224646799147E-16,0.));
#1020 = DIRECTION('',(1.499759782662E-32,1.224646799147E-16,-1.));
#1021 = ADVANCED_FACE('',(#1022),#1063,.F.);
#1022 = FACE_BOUND('',#1023,.T.);
#1023 = EDGE_LOOP('',(#1024,#1025,#1033,#1041,#1049,#1057));
#1024 = ORIENTED_EDGE('',*,*,#860,.T.);
#1025 = ORIENTED_EDGE('',*,*,#1026,.F.);
#1026 = EDGE_CURVE('',#1027,#853,#1029,.T.);
#1027 = VERTEX_POINT('',#1028);
#1028 = CARTESIAN_POINT('',(-0.12499925,0.218052765254,-0.401068864371)
  );
#1029 = LINE('',#1030,#1031);
#1030 = CARTESIAN_POINT('',(-0.12499925,0.218052765254,-0.401068864371)
  );
#1031 = VECTOR('',#1032,1.);
#1032 = DIRECTION('',(-1.499759782662E-32,-1.224646799147E-16,1.));
#1033 = ORIENTED_EDGE('',*,*,#1034,.F.);
#1034 = EDGE_CURVE('',#1035,#1027,#1037,.T.);
#1035 = VERTEX_POINT('',#1036);
#1036 = CARTESIAN_POINT('',(-0.12499925,0.199544653306,-0.401068864371)
  );
#1037 = LINE('',#1038,#1039);
#1038 = CARTESIAN_POINT('',(-0.12499925,0.199544653306,-0.401068864371)
  );
#1039 = VECTOR('',#1040,1.);
#1040 = DIRECTION('',(1.224646799147E-16,1.,1.224646799147E-16));
#1041 = ORIENTED_EDGE('',*,*,#1042,.T.);
#1042 = EDGE_CURVE('',#1035,#1043,#1045,.T.);
#1043 = VERTEX_POINT('',#1044);
#1044 = CARTESIAN_POINT('',(-0.12499925,0.200990387206,-0.617928949341)
  );
#1045 = LINE('',#1046,#1047);
#1046 = CARTESIAN_POINT('',(-0.12499925,0.199544653306,-0.401068864371)
  );
#1047 = VECTOR('',#1048,1.);
#1048 = DIRECTION('',(8.164130571207E-19,6.666518523456E-03,
    -0.999977778518));
#1049 = ORIENTED_EDGE('',*,*,#1050,.F.);
#1050 = EDGE_CURVE('',#1051,#1043,#1053,.T.);
#1051 = VERTEX_POINT('',#1052);
#1052 = CARTESIAN_POINT('',(-0.12499925,-0.247999635349,-0.620922216158)
  );
#1053 = LINE('',#1054,#1055);
#1054 = CARTESIAN_POINT('',(-0.12499925,-0.247999635349,-0.620922216158)
  );
#1055 = VECTOR('',#1056,1.);
#1056 = DIRECTION('',(1.224619585681E-16,0.999977778518,
    6.666518523456E-03));
#1057 = ORIENTED_EDGE('',*,*,#1058,.F.);
#1058 = EDGE_CURVE('',#835,#1051,#1059,.T.);
#1059 = LINE('',#1060,#1061);
#1060 = CARTESIAN_POINT('',(-0.12499925,-0.251947234746,
    -2.878230661791E-02));
#1061 = VECTOR('',#1062,1.);
#1062 = DIRECTION('',(8.164130571206E-19,6.666518523455E-03,
    -0.999977778518));
#1063 = PLANE('',#1064);
#1064 = AXIS2_PLACEMENT_3D('',#1065,#1066,#1067);
#1065 = CARTESIAN_POINT('',(-0.12499925,2.513052765254,4.741217693382));
#1066 = DIRECTION('',(1.,-1.224646799147E-16,0.));
#1067 = DIRECTION('',(1.499759782662E-32,1.224646799147E-16,-1.));
#1068 = ADVANCED_FACE('',(#1069),#1094,.T.);
#1069 = FACE_BOUND('',#1070,.T.);
#1070 = EDGE_LOOP('',(#1071,#1079,#1087,#1093));
#1071 = ORIENTED_EDGE('',*,*,#1072,.T.);
#1072 = EDGE_CURVE('',#913,#1073,#1075,.T.);
#1073 = VERTEX_POINT('',#1074);
#1074 = CARTESIAN_POINT('',(0.12500075,1.433094454873,4.503112717345));
#1075 = LINE('',#1076,#1077);
#1076 = CARTESIAN_POINT('',(-0.12499925,1.433094454873,4.503112717345));
#1077 = VECTOR('',#1078,1.);
#1078 = DIRECTION('',(1.,-1.224646799147E-16,0.));
#1079 = ORIENTED_EDGE('',*,*,#1080,.F.);
#1080 = EDGE_CURVE('',#1081,#1073,#1083,.T.);
#1081 = VERTEX_POINT('',#1082);
#1082 = CARTESIAN_POINT('',(0.12500075,1.648052765254,4.944428887914));
#1083 = LINE('',#1084,#1085);
#1084 = CARTESIAN_POINT('',(0.12500075,1.648052765254,4.944428887914));
#1085 = VECTOR('',#1086,1.);
#1086 = DIRECTION('',(-5.362734202678E-17,-0.437900479257,-0.89902345368
    ));
#1087 = ORIENTED_EDGE('',*,*,#1088,.F.);
#1088 = EDGE_CURVE('',#897,#1081,#1089,.T.);
#1089 = LINE('',#1090,#1091);
#1090 = CARTESIAN_POINT('',(-0.12499925,1.648052765254,4.944428887914));
#1091 = VECTOR('',#1092,1.);
#1092 = DIRECTION('',(1.,-1.224646799147E-16,0.));
#1093 = ORIENTED_EDGE('',*,*,#921,.T.);
#1094 = PLANE('',#1095);
#1095 = AXIS2_PLACEMENT_3D('',#1096,#1097,#1098);
#1096 = CARTESIAN_POINT('',(-0.12499925,1.687301483822,5.025007741308));
#1097 = DIRECTION('',(-1.100986194907E-16,-0.89902345368,0.437900479257)
  );
#1098 = DIRECTION('',(5.362734202678E-17,0.437900479257,0.89902345368));
#1099 = ADVANCED_FACE('',(#1100,#1134,#1152,#1186,#1220,#1254,#1288,
    #1322,#1356,#1390,#1424,#1458,#1492),#1526,.F.);
#1100 = FACE_BOUND('',#1101,.T.);
#1101 = EDGE_LOOP('',(#1102,#1112,#1120,#1128));
#1102 = ORIENTED_EDGE('',*,*,#1103,.F.);
#1103 = EDGE_CURVE('',#1104,#1106,#1108,.T.);
#1104 = VERTEX_POINT('',#1105);
#1105 = CARTESIAN_POINT('',(17.10000075,1.648052765254,2.721217693382));
#1106 = VERTEX_POINT('',#1107);
#1107 = CARTESIAN_POINT('',(-0.59999925,1.648052765254,2.721217693382));
#1108 = LINE('',#1109,#1110);
#1109 = CARTESIAN_POINT('',(17.10000075,1.648052765254,2.721217693382));
#1110 = VECTOR('',#1111,1.);
#1111 = DIRECTION('',(-1.,1.224646799147E-16,0.));
#1112 = ORIENTED_EDGE('',*,*,#1113,.T.);
#1113 = EDGE_CURVE('',#1104,#1114,#1116,.T.);
#1114 = VERTEX_POINT('',#1115);
#1115 = CARTESIAN_POINT('',(17.10000075,1.648052765254,5.221217693382));
#1116 = LINE('',#1117,#1118);
#1117 = CARTESIAN_POINT('',(17.10000075,1.648052765254,2.721217693382));
#1118 = VECTOR('',#1119,1.);
#1119 = DIRECTION('',(-1.499759782662E-32,-1.224646799147E-16,1.));
#1120 = ORIENTED_EDGE('',*,*,#1121,.T.);
#1121 = EDGE_CURVE('',#1114,#1122,#1124,.T.);
#1122 = VERTEX_POINT('',#1123);
#1123 = CARTESIAN_POINT('',(-0.59999925,1.648052765254,5.221217693382));
#1124 = LINE('',#1125,#1126);
#1125 = CARTESIAN_POINT('',(17.10000075,1.648052765254,5.221217693382));
#1126 = VECTOR('',#1127,1.);
#1127 = DIRECTION('',(-1.,1.224646799147E-16,0.));
#1128 = ORIENTED_EDGE('',*,*,#1129,.F.);
#1129 = EDGE_CURVE('',#1106,#1122,#1130,.T.);
#1130 = LINE('',#1131,#1132);
#1131 = CARTESIAN_POINT('',(-0.59999925,1.648052765254,2.721217693382));
#1132 = VECTOR('',#1133,1.);
#1133 = DIRECTION('',(-1.499759782662E-32,-1.224646799147E-16,1.));
#1134 = FACE_BOUND('',#1135,.T.);
#1135 = EDGE_LOOP('',(#1136,#1137,#1145,#1151));
#1136 = ORIENTED_EDGE('',*,*,#1088,.T.);
#1137 = ORIENTED_EDGE('',*,*,#1138,.F.);
#1138 = EDGE_CURVE('',#1139,#1081,#1141,.T.);
#1139 = VERTEX_POINT('',#1140);
#1140 = CARTESIAN_POINT('',(0.12500075,1.648052765254,3.692143389766));
#1141 = LINE('',#1142,#1143);
#1142 = CARTESIAN_POINT('',(0.12500075,1.648052765254,3.692143389766));
#1143 = VECTOR('',#1144,1.);
#1144 = DIRECTION('',(-1.499759782662E-32,-1.224646799147E-16,1.));
#1145 = ORIENTED_EDGE('',*,*,#1146,.F.);
#1146 = EDGE_CURVE('',#895,#1139,#1147,.T.);
#1147 = LINE('',#1148,#1149);
#1148 = CARTESIAN_POINT('',(-0.12499925,1.648052765254,3.692143389766));
#1149 = VECTOR('',#1150,1.);
#1150 = DIRECTION('',(1.,-1.224646799147E-16,0.));
#1151 = ORIENTED_EDGE('',*,*,#894,.T.);
#1152 = FACE_BOUND('',#1153,.T.);
#1153 = EDGE_LOOP('',(#1154,#1164,#1172,#1180));
#1154 = ORIENTED_EDGE('',*,*,#1155,.T.);
#1155 = EDGE_CURVE('',#1156,#1158,#1160,.T.);
#1156 = VERTEX_POINT('',#1157);
#1157 = CARTESIAN_POINT('',(2.87500075,1.648052765254,4.944428887914));
#1158 = VERTEX_POINT('',#1159);
#1159 = CARTESIAN_POINT('',(3.12500075,1.648052765254,4.944428887914));
#1160 = LINE('',#1161,#1162);
#1161 = CARTESIAN_POINT('',(2.87500075,1.648052765254,4.944428887914));
#1162 = VECTOR('',#1163,1.);
#1163 = DIRECTION('',(1.,-1.224646799147E-16,0.));
#1164 = ORIENTED_EDGE('',*,*,#1165,.F.);
#1165 = EDGE_CURVE('',#1166,#1158,#1168,.T.);
#1166 = VERTEX_POINT('',#1167);
#1167 = CARTESIAN_POINT('',(3.12500075,1.648052765254,3.692143389766));
#1168 = LINE('',#1169,#1170);
#1169 = CARTESIAN_POINT('',(3.12500075,1.648052765254,3.692143389766));
#1170 = VECTOR('',#1171,1.);
#1171 = DIRECTION('',(-1.499759782662E-32,-1.224646799147E-16,1.));
#1172 = ORIENTED_EDGE('',*,*,#1173,.F.);
#1173 = EDGE_CURVE('',#1174,#1166,#1176,.T.);
#1174 = VERTEX_POINT('',#1175);
#1175 = CARTESIAN_POINT('',(2.87500075,1.648052765254,3.692143389766));
#1176 = LINE('',#1177,#1178);
#1177 = CARTESIAN_POINT('',(2.87500075,1.648052765254,3.692143389766));
#1178 = VECTOR('',#1179,1.);
#1179 = DIRECTION('',(1.,-1.224646799147E-16,0.));
#1180 = ORIENTED_EDGE('',*,*,#1181,.T.);
#1181 = EDGE_CURVE('',#1174,#1156,#1182,.T.);
#1182 = LINE('',#1183,#1184);
#1183 = CARTESIAN_POINT('',(2.87500075,1.648052765254,3.692143389766));
#1184 = VECTOR('',#1185,1.);
#1185 = DIRECTION('',(-1.499759782662E-32,-1.224646799147E-16,1.));
#1186 = FACE_BOUND('',#1187,.T.);
#1187 = EDGE_LOOP('',(#1188,#1198,#1206,#1214));
#1188 = ORIENTED_EDGE('',*,*,#1189,.T.);
#1189 = EDGE_CURVE('',#1190,#1192,#1194,.T.);
#1190 = VERTEX_POINT('',#1191);
#1191 = CARTESIAN_POINT('',(5.87500075,1.648052765254,4.944428887914));
#1192 = VERTEX_POINT('',#1193);
#1193 = CARTESIAN_POINT('',(6.12500075,1.648052765254,4.944428887914));
#1194 = LINE('',#1195,#1196);
#1195 = CARTESIAN_POINT('',(5.87500075,1.648052765254,4.944428887914));
#1196 = VECTOR('',#1197,1.);
#1197 = DIRECTION('',(1.,-1.224646799147E-16,0.));
#1198 = ORIENTED_EDGE('',*,*,#1199,.F.);
#1199 = EDGE_CURVE('',#1200,#1192,#1202,.T.);
#1200 = VERTEX_POINT('',#1201);
#1201 = CARTESIAN_POINT('',(6.12500075,1.648052765254,3.692143389766));
#1202 = LINE('',#1203,#1204);
#1203 = CARTESIAN_POINT('',(6.12500075,1.648052765254,3.692143389766));
#1204 = VECTOR('',#1205,1.);
#1205 = DIRECTION('',(-1.499759782662E-32,-1.224646799147E-16,1.));
#1206 = ORIENTED_EDGE('',*,*,#1207,.F.);
#1207 = EDGE_CURVE('',#1208,#1200,#1210,.T.);
#1208 = VERTEX_POINT('',#1209);
#1209 = CARTESIAN_POINT('',(5.87500075,1.648052765254,3.692143389766));
#1210 = LINE('',#1211,#1212);
#1211 = CARTESIAN_POINT('',(5.87500075,1.648052765254,3.692143389766));
#1212 = VECTOR('',#1213,1.);
#1213 = DIRECTION('',(1.,-1.224646799147E-16,0.));
#1214 = ORIENTED_EDGE('',*,*,#1215,.T.);
#1215 = EDGE_CURVE('',#1208,#1190,#1216,.T.);
#1216 = LINE('',#1217,#1218);
#1217 = CARTESIAN_POINT('',(5.87500075,1.648052765254,3.692143389766));
#1218 = VECTOR('',#1219,1.);
#1219 = DIRECTION('',(-1.499759782662E-32,-1.224646799147E-16,1.));
#1220 = FACE_BOUND('',#1221,.T.);
#1221 = EDGE_LOOP('',(#1222,#1232,#1240,#1248));
#1222 = ORIENTED_EDGE('',*,*,#1223,.T.);
#1223 = EDGE_CURVE('',#1224,#1226,#1228,.T.);
#1224 = VERTEX_POINT('',#1225);
#1225 = CARTESIAN_POINT('',(8.87500075,1.648052765254,4.944428887914));
#1226 = VERTEX_POINT('',#1227);
#1227 = CARTESIAN_POINT('',(9.12500075,1.648052765254,4.944428887914));
#1228 = LINE('',#1229,#1230);
#1229 = CARTESIAN_POINT('',(8.87500075,1.648052765254,4.944428887914));
#1230 = VECTOR('',#1231,1.);
#1231 = DIRECTION('',(1.,-1.224646799147E-16,0.));
#1232 = ORIENTED_EDGE('',*,*,#1233,.F.);
#1233 = EDGE_CURVE('',#1234,#1226,#1236,.T.);
#1234 = VERTEX_POINT('',#1235);
#1235 = CARTESIAN_POINT('',(9.12500075,1.648052765254,3.692143389766));
#1236 = LINE('',#1237,#1238);
#1237 = CARTESIAN_POINT('',(9.12500075,1.648052765254,3.692143389766));
#1238 = VECTOR('',#1239,1.);
#1239 = DIRECTION('',(-1.499759782662E-32,-1.224646799147E-16,1.));
#1240 = ORIENTED_EDGE('',*,*,#1241,.F.);
#1241 = EDGE_CURVE('',#1242,#1234,#1244,.T.);
#1242 = VERTEX_POINT('',#1243);
#1243 = CARTESIAN_POINT('',(8.87500075,1.648052765254,3.692143389766));
#1244 = LINE('',#1245,#1246);
#1245 = CARTESIAN_POINT('',(8.87500075,1.648052765254,3.692143389766));
#1246 = VECTOR('',#1247,1.);
#1247 = DIRECTION('',(1.,-1.224646799147E-16,0.));
#1248 = ORIENTED_EDGE('',*,*,#1249,.T.);
#1249 = EDGE_CURVE('',#1242,#1224,#1250,.T.);
#1250 = LINE('',#1251,#1252);
#1251 = CARTESIAN_POINT('',(8.87500075,1.648052765254,3.692143389766));
#1252 = VECTOR('',#1253,1.);
#1253 = DIRECTION('',(-1.499759782662E-32,-1.224646799147E-16,1.));
#1254 = FACE_BOUND('',#1255,.T.);
#1255 = EDGE_LOOP('',(#1256,#1266,#1274,#1282));
#1256 = ORIENTED_EDGE('',*,*,#1257,.T.);
#1257 = EDGE_CURVE('',#1258,#1260,#1262,.T.);
#1258 = VERTEX_POINT('',#1259);
#1259 = CARTESIAN_POINT('',(11.87500075,1.648052765254,4.944428887914));
#1260 = VERTEX_POINT('',#1261);
#1261 = CARTESIAN_POINT('',(12.12500075,1.648052765254,4.944428887914));
#1262 = LINE('',#1263,#1264);
#1263 = CARTESIAN_POINT('',(11.87500075,1.648052765254,4.944428887914));
#1264 = VECTOR('',#1265,1.);
#1265 = DIRECTION('',(1.,-1.224646799147E-16,0.));
#1266 = ORIENTED_EDGE('',*,*,#1267,.F.);
#1267 = EDGE_CURVE('',#1268,#1260,#1270,.T.);
#1268 = VERTEX_POINT('',#1269);
#1269 = CARTESIAN_POINT('',(12.12500075,1.648052765254,3.692143389766));
#1270 = LINE('',#1271,#1272);
#1271 = CARTESIAN_POINT('',(12.12500075,1.648052765254,3.692143389766));
#1272 = VECTOR('',#1273,1.);
#1273 = DIRECTION('',(-1.499759782662E-32,-1.224646799147E-16,1.));
#1274 = ORIENTED_EDGE('',*,*,#1275,.F.);
#1275 = EDGE_CURVE('',#1276,#1268,#1278,.T.);
#1276 = VERTEX_POINT('',#1277);
#1277 = CARTESIAN_POINT('',(11.87500075,1.648052765254,3.692143389766));
#1278 = LINE('',#1279,#1280);
#1279 = CARTESIAN_POINT('',(11.87500075,1.648052765254,3.692143389766));
#1280 = VECTOR('',#1281,1.);
#1281 = DIRECTION('',(1.,-1.224646799147E-16,0.));
#1282 = ORIENTED_EDGE('',*,*,#1283,.T.);
#1283 = EDGE_CURVE('',#1276,#1258,#1284,.T.);
#1284 = LINE('',#1285,#1286);
#1285 = CARTESIAN_POINT('',(11.87500075,1.648052765254,3.692143389766));
#1286 = VECTOR('',#1287,1.);
#1287 = DIRECTION('',(-1.499759782662E-32,-1.224646799147E-16,1.));
#1288 = FACE_BOUND('',#1289,.T.);
#1289 = EDGE_LOOP('',(#1290,#1300,#1308,#1316));
#1290 = ORIENTED_EDGE('',*,*,#1291,.T.);
#1291 = EDGE_CURVE('',#1292,#1294,#1296,.T.);
#1292 = VERTEX_POINT('',#1293);
#1293 = CARTESIAN_POINT('',(14.87500075,1.648052765254,4.944428887914));
#1294 = VERTEX_POINT('',#1295);
#1295 = CARTESIAN_POINT('',(15.12500075,1.648052765254,4.944428887914));
#1296 = LINE('',#1297,#1298);
#1297 = CARTESIAN_POINT('',(14.87500075,1.648052765254,4.944428887914));
#1298 = VECTOR('',#1299,1.);
#1299 = DIRECTION('',(1.,-1.224646799147E-16,0.));
#1300 = ORIENTED_EDGE('',*,*,#1301,.F.);
#1301 = EDGE_CURVE('',#1302,#1294,#1304,.T.);
#1302 = VERTEX_POINT('',#1303);
#1303 = CARTESIAN_POINT('',(15.12500075,1.648052765254,3.692143389766));
#1304 = LINE('',#1305,#1306);
#1305 = CARTESIAN_POINT('',(15.12500075,1.648052765254,3.692143389766));
#1306 = VECTOR('',#1307,1.);
#1307 = DIRECTION('',(-1.499759782662E-32,-1.224646799147E-16,1.));
#1308 = ORIENTED_EDGE('',*,*,#1309,.F.);
#1309 = EDGE_CURVE('',#1310,#1302,#1312,.T.);
#1310 = VERTEX_POINT('',#1311);
#1311 = CARTESIAN_POINT('',(14.87500075,1.648052765254,3.692143389766));
#1312 = LINE('',#1313,#1314);
#1313 = CARTESIAN_POINT('',(14.87500075,1.648052765254,3.692143389766));
#1314 = VECTOR('',#1315,1.);
#1315 = DIRECTION('',(1.,-1.224646799147E-16,0.));
#1316 = ORIENTED_EDGE('',*,*,#1317,.T.);
#1317 = EDGE_CURVE('',#1310,#1292,#1318,.T.);
#1318 = LINE('',#1319,#1320);
#1319 = CARTESIAN_POINT('',(14.87500075,1.648052765254,3.692143389766));
#1320 = VECTOR('',#1321,1.);
#1321 = DIRECTION('',(-1.499759782662E-32,-1.224646799147E-16,1.));
#1322 = FACE_BOUND('',#1323,.T.);
#1323 = EDGE_LOOP('',(#1324,#1334,#1342,#1350));
#1324 = ORIENTED_EDGE('',*,*,#1325,.T.);
#1325 = EDGE_CURVE('',#1326,#1328,#1330,.T.);
#1326 = VERTEX_POINT('',#1327);
#1327 = CARTESIAN_POINT('',(1.37500075,1.648052765254,4.944428887914));
#1328 = VERTEX_POINT('',#1329);
#1329 = CARTESIAN_POINT('',(1.62500075,1.648052765254,4.944428887914));
#1330 = LINE('',#1331,#1332);
#1331 = CARTESIAN_POINT('',(1.37500075,1.648052765254,4.944428887914));
#1332 = VECTOR('',#1333,1.);
#1333 = DIRECTION('',(1.,-1.224646799147E-16,0.));
#1334 = ORIENTED_EDGE('',*,*,#1335,.F.);
#1335 = EDGE_CURVE('',#1336,#1328,#1338,.T.);
#1336 = VERTEX_POINT('',#1337);
#1337 = CARTESIAN_POINT('',(1.62500075,1.648052765254,3.692143389766));
#1338 = LINE('',#1339,#1340);
#1339 = CARTESIAN_POINT('',(1.62500075,1.648052765254,3.692143389766));
#1340 = VECTOR('',#1341,1.);
#1341 = DIRECTION('',(-1.499759782662E-32,-1.224646799147E-16,1.));
#1342 = ORIENTED_EDGE('',*,*,#1343,.F.);
#1343 = EDGE_CURVE('',#1344,#1336,#1346,.T.);
#1344 = VERTEX_POINT('',#1345);
#1345 = CARTESIAN_POINT('',(1.37500075,1.648052765254,3.692143389766));
#1346 = LINE('',#1347,#1348);
#1347 = CARTESIAN_POINT('',(1.37500075,1.648052765254,3.692143389766));
#1348 = VECTOR('',#1349,1.);
#1349 = DIRECTION('',(1.,-1.224646799147E-16,0.));
#1350 = ORIENTED_EDGE('',*,*,#1351,.T.);
#1351 = EDGE_CURVE('',#1344,#1326,#1352,.T.);
#1352 = LINE('',#1353,#1354);
#1353 = CARTESIAN_POINT('',(1.37500075,1.648052765254,3.692143389766));
#1354 = VECTOR('',#1355,1.);
#1355 = DIRECTION('',(-1.499759782662E-32,-1.224646799147E-16,1.));
#1356 = FACE_BOUND('',#1357,.T.);
#1357 = EDGE_LOOP('',(#1358,#1368,#1376,#1384));
#1358 = ORIENTED_EDGE('',*,*,#1359,.T.);
#1359 = EDGE_CURVE('',#1360,#1362,#1364,.T.);
#1360 = VERTEX_POINT('',#1361);
#1361 = CARTESIAN_POINT('',(4.37500075,1.648052765254,4.944428887914));
#1362 = VERTEX_POINT('',#1363);
#1363 = CARTESIAN_POINT('',(4.62500075,1.648052765254,4.944428887914));
#1364 = LINE('',#1365,#1366);
#1365 = CARTESIAN_POINT('',(4.37500075,1.648052765254,4.944428887914));
#1366 = VECTOR('',#1367,1.);
#1367 = DIRECTION('',(1.,-1.224646799147E-16,0.));
#1368 = ORIENTED_EDGE('',*,*,#1369,.F.);
#1369 = EDGE_CURVE('',#1370,#1362,#1372,.T.);
#1370 = VERTEX_POINT('',#1371);
#1371 = CARTESIAN_POINT('',(4.62500075,1.648052765254,3.692143389766));
#1372 = LINE('',#1373,#1374);
#1373 = CARTESIAN_POINT('',(4.62500075,1.648052765254,3.692143389766));
#1374 = VECTOR('',#1375,1.);
#1375 = DIRECTION('',(-1.499759782662E-32,-1.224646799147E-16,1.));
#1376 = ORIENTED_EDGE('',*,*,#1377,.F.);
#1377 = EDGE_CURVE('',#1378,#1370,#1380,.T.);
#1378 = VERTEX_POINT('',#1379);
#1379 = CARTESIAN_POINT('',(4.37500075,1.648052765254,3.692143389766));
#1380 = LINE('',#1381,#1382);
#1381 = CARTESIAN_POINT('',(4.37500075,1.648052765254,3.692143389766));
#1382 = VECTOR('',#1383,1.);
#1383 = DIRECTION('',(1.,-1.224646799147E-16,0.));
#1384 = ORIENTED_EDGE('',*,*,#1385,.T.);
#1385 = EDGE_CURVE('',#1378,#1360,#1386,.T.);
#1386 = LINE('',#1387,#1388);
#1387 = CARTESIAN_POINT('',(4.37500075,1.648052765254,3.692143389766));
#1388 = VECTOR('',#1389,1.);
#1389 = DIRECTION('',(-1.499759782662E-32,-1.224646799147E-16,1.));
#1390 = FACE_BOUND('',#1391,.T.);
#1391 = EDGE_LOOP('',(#1392,#1402,#1410,#1418));
#1392 = ORIENTED_EDGE('',*,*,#1393,.T.);
#1393 = EDGE_CURVE('',#1394,#1396,#1398,.T.);
#1394 = VERTEX_POINT('',#1395);
#1395 = CARTESIAN_POINT('',(7.37500075,1.648052765254,4.944428887914));
#1396 = VERTEX_POINT('',#1397);
#1397 = CARTESIAN_POINT('',(7.62500075,1.648052765254,4.944428887914));
#1398 = LINE('',#1399,#1400);
#1399 = CARTESIAN_POINT('',(7.37500075,1.648052765254,4.944428887914));
#1400 = VECTOR('',#1401,1.);
#1401 = DIRECTION('',(1.,-1.224646799147E-16,0.));
#1402 = ORIENTED_EDGE('',*,*,#1403,.F.);
#1403 = EDGE_CURVE('',#1404,#1396,#1406,.T.);
#1404 = VERTEX_POINT('',#1405);
#1405 = CARTESIAN_POINT('',(7.62500075,1.648052765254,3.692143389766));
#1406 = LINE('',#1407,#1408);
#1407 = CARTESIAN_POINT('',(7.62500075,1.648052765254,3.692143389766));
#1408 = VECTOR('',#1409,1.);
#1409 = DIRECTION('',(-1.499759782662E-32,-1.224646799147E-16,1.));
#1410 = ORIENTED_EDGE('',*,*,#1411,.F.);
#1411 = EDGE_CURVE('',#1412,#1404,#1414,.T.);
#1412 = VERTEX_POINT('',#1413);
#1413 = CARTESIAN_POINT('',(7.37500075,1.648052765254,3.692143389766));
#1414 = LINE('',#1415,#1416);
#1415 = CARTESIAN_POINT('',(7.37500075,1.648052765254,3.692143389766));
#1416 = VECTOR('',#1417,1.);
#1417 = DIRECTION('',(1.,-1.224646799147E-16,0.));
#1418 = ORIENTED_EDGE('',*,*,#1419,.T.);
#1419 = EDGE_CURVE('',#1412,#1394,#1420,.T.);
#1420 = LINE('',#1421,#1422);
#1421 = CARTESIAN_POINT('',(7.37500075,1.648052765254,3.692143389766));
#1422 = VECTOR('',#1423,1.);
#1423 = DIRECTION('',(-1.499759782662E-32,-1.224646799147E-16,1.));
#1424 = FACE_BOUND('',#1425,.T.);
#1425 = EDGE_LOOP('',(#1426,#1436,#1444,#1452));
#1426 = ORIENTED_EDGE('',*,*,#1427,.T.);
#1427 = EDGE_CURVE('',#1428,#1430,#1432,.T.);
#1428 = VERTEX_POINT('',#1429);
#1429 = CARTESIAN_POINT('',(10.37500075,1.648052765254,4.944428887914));
#1430 = VERTEX_POINT('',#1431);
#1431 = CARTESIAN_POINT('',(10.62500075,1.648052765254,4.944428887914));
#1432 = LINE('',#1433,#1434);
#1433 = CARTESIAN_POINT('',(10.37500075,1.648052765254,4.944428887914));
#1434 = VECTOR('',#1435,1.);
#1435 = DIRECTION('',(1.,-1.224646799147E-16,0.));
#1436 = ORIENTED_EDGE('',*,*,#1437,.F.);
#1437 = EDGE_CURVE('',#1438,#1430,#1440,.T.);
#1438 = VERTEX_POINT('',#1439);
#1439 = CARTESIAN_POINT('',(10.62500075,1.648052765254,3.692143389766));
#1440 = LINE('',#1441,#1442);
#1441 = CARTESIAN_POINT('',(10.62500075,1.648052765254,3.692143389766));
#1442 = VECTOR('',#1443,1.);
#1443 = DIRECTION('',(-1.499759782662E-32,-1.224646799147E-16,1.));
#1444 = ORIENTED_EDGE('',*,*,#1445,.F.);
#1445 = EDGE_CURVE('',#1446,#1438,#1448,.T.);
#1446 = VERTEX_POINT('',#1447);
#1447 = CARTESIAN_POINT('',(10.37500075,1.648052765254,3.692143389766));
#1448 = LINE('',#1449,#1450);
#1449 = CARTESIAN_POINT('',(10.37500075,1.648052765254,3.692143389766));
#1450 = VECTOR('',#1451,1.);
#1451 = DIRECTION('',(1.,-1.224646799147E-16,0.));
#1452 = ORIENTED_EDGE('',*,*,#1453,.T.);
#1453 = EDGE_CURVE('',#1446,#1428,#1454,.T.);
#1454 = LINE('',#1455,#1456);
#1455 = CARTESIAN_POINT('',(10.37500075,1.648052765254,3.692143389766));
#1456 = VECTOR('',#1457,1.);
#1457 = DIRECTION('',(-1.499759782662E-32,-1.224646799147E-16,1.));
#1458 = FACE_BOUND('',#1459,.T.);
#1459 = EDGE_LOOP('',(#1460,#1470,#1478,#1486));
#1460 = ORIENTED_EDGE('',*,*,#1461,.T.);
#1461 = EDGE_CURVE('',#1462,#1464,#1466,.T.);
#1462 = VERTEX_POINT('',#1463);
#1463 = CARTESIAN_POINT('',(13.37500075,1.648052765254,4.944428887914));
#1464 = VERTEX_POINT('',#1465);
#1465 = CARTESIAN_POINT('',(13.62500075,1.648052765254,4.944428887914));
#1466 = LINE('',#1467,#1468);
#1467 = CARTESIAN_POINT('',(13.37500075,1.648052765254,4.944428887914));
#1468 = VECTOR('',#1469,1.);
#1469 = DIRECTION('',(1.,-1.224646799147E-16,0.));
#1470 = ORIENTED_EDGE('',*,*,#1471,.F.);
#1471 = EDGE_CURVE('',#1472,#1464,#1474,.T.);
#1472 = VERTEX_POINT('',#1473);
#1473 = CARTESIAN_POINT('',(13.62500075,1.648052765254,3.692143389766));
#1474 = LINE('',#1475,#1476);
#1475 = CARTESIAN_POINT('',(13.62500075,1.648052765254,3.692143389766));
#1476 = VECTOR('',#1477,1.);
#1477 = DIRECTION('',(-1.499759782662E-32,-1.224646799147E-16,1.));
#1478 = ORIENTED_EDGE('',*,*,#1479,.F.);
#1479 = EDGE_CURVE('',#1480,#1472,#1482,.T.);
#1480 = VERTEX_POINT('',#1481);
#1481 = CARTESIAN_POINT('',(13.37500075,1.648052765254,3.692143389766));
#1482 = LINE('',#1483,#1484);
#1483 = CARTESIAN_POINT('',(13.37500075,1.648052765254,3.692143389766));
#1484 = VECTOR('',#1485,1.);
#1485 = DIRECTION('',(1.,-1.224646799147E-16,0.));
#1486 = ORIENTED_EDGE('',*,*,#1487,.T.);
#1487 = EDGE_CURVE('',#1480,#1462,#1488,.T.);
#1488 = LINE('',#1489,#1490);
#1489 = CARTESIAN_POINT('',(13.37500075,1.648052765254,3.692143389766));
#1490 = VECTOR('',#1491,1.);
#1491 = DIRECTION('',(-1.499759782662E-32,-1.224646799147E-16,1.));
#1492 = FACE_BOUND('',#1493,.T.);
#1493 = EDGE_LOOP('',(#1494,#1504,#1512,#1520));
#1494 = ORIENTED_EDGE('',*,*,#1495,.T.);
#1495 = EDGE_CURVE('',#1496,#1498,#1500,.T.);
#1496 = VERTEX_POINT('',#1497);
#1497 = CARTESIAN_POINT('',(16.37500075,1.648052765254,4.944428887914));
#1498 = VERTEX_POINT('',#1499);
#1499 = CARTESIAN_POINT('',(16.62500075,1.648052765254,4.944428887914));
#1500 = LINE('',#1501,#1502);
#1501 = CARTESIAN_POINT('',(16.37500075,1.648052765254,4.944428887914));
#1502 = VECTOR('',#1503,1.);
#1503 = DIRECTION('',(1.,-1.224646799147E-16,0.));
#1504 = ORIENTED_EDGE('',*,*,#1505,.F.);
#1505 = EDGE_CURVE('',#1506,#1498,#1508,.T.);
#1506 = VERTEX_POINT('',#1507);
#1507 = CARTESIAN_POINT('',(16.62500075,1.648052765254,3.692143389766));
#1508 = LINE('',#1509,#1510);
#1509 = CARTESIAN_POINT('',(16.62500075,1.648052765254,3.692143389766));
#1510 = VECTOR('',#1511,1.);
#1511 = DIRECTION('',(-1.499759782662E-32,-1.224646799147E-16,1.));
#1512 = ORIENTED_EDGE('',*,*,#1513,.F.);
#1513 = EDGE_CURVE('',#1514,#1506,#1516,.T.);
#1514 = VERTEX_POINT('',#1515);
#1515 = CARTESIAN_POINT('',(16.37500075,1.648052765254,3.692143389766));
#1516 = LINE('',#1517,#1518);
#1517 = CARTESIAN_POINT('',(16.37500075,1.648052765254,3.692143389766));
#1518 = VECTOR('',#1519,1.);
#1519 = DIRECTION('',(1.,-1.224646799147E-16,0.));
#1520 = ORIENTED_EDGE('',*,*,#1521,.T.);
#1521 = EDGE_CURVE('',#1514,#1496,#1522,.T.);
#1522 = LINE('',#1523,#1524);
#1523 = CARTESIAN_POINT('',(16.37500075,1.648052765254,3.692143389766));
#1524 = VECTOR('',#1525,1.);
#1525 = DIRECTION('',(-1.499759782662E-32,-1.224646799147E-16,1.));
#1526 = PLANE('',#1527);
#1527 = AXIS2_PLACEMENT_3D('',#1528,#1529,#1530);
#1528 = CARTESIAN_POINT('',(-0.24999925,1.648052765254,2.721217693382));
#1529 = DIRECTION('',(1.224646799147E-16,1.,1.224646799147E-16));
#1530 = DIRECTION('',(-1.,1.224646799147E-16,0.));
#1531 = ADVANCED_FACE('',(#1532),#1605,.F.);
#1532 = FACE_BOUND('',#1533,.T.);
#1533 = EDGE_LOOP('',(#1534,#1542,#1550,#1558,#1566,#1574,#1582,#1590,
    #1598,#1604));
#1534 = ORIENTED_EDGE('',*,*,#1535,.T.);
#1535 = EDGE_CURVE('',#1122,#1536,#1538,.T.);
#1536 = VERTEX_POINT('',#1537);
#1537 = CARTESIAN_POINT('',(-0.59999925,1.948052765254,5.521217693382));
#1538 = LINE('',#1539,#1540);
#1539 = CARTESIAN_POINT('',(-0.59999925,1.648052765254,5.221217693382));
#1540 = VECTOR('',#1541,1.);
#1541 = DIRECTION('',(8.659560562355E-17,0.707106781187,0.707106781187)
  );
#1542 = ORIENTED_EDGE('',*,*,#1543,.T.);
#1543 = EDGE_CURVE('',#1536,#1544,#1546,.T.);
#1544 = VERTEX_POINT('',#1545);
#1545 = CARTESIAN_POINT('',(-0.59999925,2.498052765254,5.521217693382));
#1546 = LINE('',#1547,#1548);
#1547 = CARTESIAN_POINT('',(-0.59999925,1.948052765254,5.521217693382));
#1548 = VECTOR('',#1549,1.);
#1549 = DIRECTION('',(1.224646799147E-16,1.,1.224646799147E-16));
#1550 = ORIENTED_EDGE('',*,*,#1551,.T.);
#1551 = EDGE_CURVE('',#1544,#1552,#1554,.T.);
#1552 = VERTEX_POINT('',#1553);
#1553 = CARTESIAN_POINT('',(-0.59999925,2.698052765254,5.171217693382));
#1554 = LINE('',#1555,#1556);
#1555 = CARTESIAN_POINT('',(-0.59999925,2.498052765254,5.521217693382));
#1556 = VECTOR('',#1557,1.);
#1557 = DIRECTION('',(6.07594962791E-17,0.496138938357,-0.868243142124)
  );
#1558 = ORIENTED_EDGE('',*,*,#1559,.T.);
#1559 = EDGE_CURVE('',#1552,#1560,#1562,.T.);
#1560 = VERTEX_POINT('',#1561);
#1561 = CARTESIAN_POINT('',(-0.59999925,2.698052765254,1.721217693382));
#1562 = LINE('',#1563,#1564);
#1563 = CARTESIAN_POINT('',(-0.59999925,2.698052765254,5.171217693382));
#1564 = VECTOR('',#1565,1.);
#1565 = DIRECTION('',(1.499759782662E-32,1.224646799147E-16,-1.));
#1566 = ORIENTED_EDGE('',*,*,#1567,.F.);
#1567 = EDGE_CURVE('',#1568,#1560,#1570,.T.);
#1568 = VERTEX_POINT('',#1569);
#1569 = CARTESIAN_POINT('',(-0.59999925,0.288052765254,1.721217693382));
#1570 = LINE('',#1571,#1572);
#1571 = CARTESIAN_POINT('',(-0.59999925,0.288052765254,1.721217693382));
#1572 = VECTOR('',#1573,1.);
#1573 = DIRECTION('',(1.224646799147E-16,1.,1.224646799147E-16));
#1574 = ORIENTED_EDGE('',*,*,#1575,.F.);
#1575 = EDGE_CURVE('',#1576,#1568,#1578,.T.);
#1576 = VERTEX_POINT('',#1577);
#1577 = CARTESIAN_POINT('',(-0.59999925,0.288052765254,2.651217693382));
#1578 = LINE('',#1579,#1580);
#1579 = CARTESIAN_POINT('',(-0.59999925,0.288052765254,2.651217693382));
#1580 = VECTOR('',#1581,1.);
#1581 = DIRECTION('',(1.499759782662E-32,1.224646799147E-16,-1.));
#1582 = ORIENTED_EDGE('',*,*,#1583,.T.);
#1583 = EDGE_CURVE('',#1576,#1584,#1586,.T.);
#1584 = VERTEX_POINT('',#1585);
#1585 = CARTESIAN_POINT('',(-0.59999925,0.488052765254,2.471217693382));
#1586 = LINE('',#1587,#1588);
#1587 = CARTESIAN_POINT('',(-0.59999925,0.288052765254,2.651217693382));
#1588 = VECTOR('',#1589,1.);
#1589 = DIRECTION('',(9.102727970266E-17,0.743294146247,-0.668964731622)
  );
#1590 = ORIENTED_EDGE('',*,*,#1591,.T.);
#1591 = EDGE_CURVE('',#1584,#1592,#1594,.T.);
#1592 = VERTEX_POINT('',#1593);
#1593 = CARTESIAN_POINT('',(-0.59999925,1.498052765254,2.471217693382));
#1594 = LINE('',#1595,#1596);
#1595 = CARTESIAN_POINT('',(-0.59999925,0.488052765254,2.471217693382));
#1596 = VECTOR('',#1597,1.);
#1597 = DIRECTION('',(1.224646799147E-16,1.,1.224646799147E-16));
#1598 = ORIENTED_EDGE('',*,*,#1599,.T.);
#1599 = EDGE_CURVE('',#1592,#1106,#1600,.T.);
#1600 = LINE('',#1601,#1602);
#1601 = CARTESIAN_POINT('',(-0.59999925,1.498052765254,2.471217693382));
#1602 = VECTOR('',#1603,1.);
#1603 = DIRECTION('',(6.300755800592E-17,0.514495755428,0.857492925713)
  );
#1604 = ORIENTED_EDGE('',*,*,#1129,.T.);
#1605 = PLANE('',#1606);
#1606 = AXIS2_PLACEMENT_3D('',#1607,#1608,#1609);
#1607 = CARTESIAN_POINT('',(-0.59999925,0.288052765254,5.521217693382));
#1608 = DIRECTION('',(1.,-1.224646799147E-16,0.));
#1609 = DIRECTION('',(1.499759782662E-32,1.224646799147E-16,-1.));
#1610 = ADVANCED_FACE('',(#1611),#1629,.F.);
#1611 = FACE_BOUND('',#1612,.T.);
#1612 = EDGE_LOOP('',(#1613,#1614,#1622,#1628));
#1613 = ORIENTED_EDGE('',*,*,#1599,.F.);
#1614 = ORIENTED_EDGE('',*,*,#1615,.F.);
#1615 = EDGE_CURVE('',#1616,#1592,#1618,.T.);
#1616 = VERTEX_POINT('',#1617);
#1617 = CARTESIAN_POINT('',(17.10000075,1.498052765254,2.471217693382));
#1618 = LINE('',#1619,#1620);
#1619 = CARTESIAN_POINT('',(17.10000075,1.498052765254,2.471217693382));
#1620 = VECTOR('',#1621,1.);
#1621 = DIRECTION('',(-1.,1.224646799147E-16,0.));
#1622 = ORIENTED_EDGE('',*,*,#1623,.T.);
#1623 = EDGE_CURVE('',#1616,#1104,#1624,.T.);
#1624 = LINE('',#1625,#1626);
#1625 = CARTESIAN_POINT('',(17.10000075,1.498052765254,2.471217693382));
#1626 = VECTOR('',#1627,1.);
#1627 = DIRECTION('',(6.300755800592E-17,0.514495755428,0.857492925713)
  );
#1628 = ORIENTED_EDGE('',*,*,#1103,.T.);
#1629 = PLANE('',#1630);
#1630 = AXIS2_PLACEMENT_3D('',#1631,#1632,#1633);
#1631 = CARTESIAN_POINT('',(-0.24999925,1.498052765254,2.471217693382));
#1632 = DIRECTION('',(1.050125966765E-16,0.857492925713,-0.514495755428)
  );
#1633 = DIRECTION('',(-1.,1.224646799147E-16,0.));
#1634 = ADVANCED_FACE('',(#1635),#1701,.F.);
#1635 = FACE_BOUND('',#1636,.T.);
#1636 = EDGE_LOOP('',(#1637,#1638,#1646,#1654,#1662,#1670,#1678,#1686,
    #1694,#1700));
#1637 = ORIENTED_EDGE('',*,*,#1623,.F.);
#1638 = ORIENTED_EDGE('',*,*,#1639,.F.);
#1639 = EDGE_CURVE('',#1640,#1616,#1642,.T.);
#1640 = VERTEX_POINT('',#1641);
#1641 = CARTESIAN_POINT('',(17.10000075,0.488052765254,2.471217693382));
#1642 = LINE('',#1643,#1644);
#1643 = CARTESIAN_POINT('',(17.10000075,0.488052765254,2.471217693382));
#1644 = VECTOR('',#1645,1.);
#1645 = DIRECTION('',(1.224646799147E-16,1.,1.224646799147E-16));
#1646 = ORIENTED_EDGE('',*,*,#1647,.F.);
#1647 = EDGE_CURVE('',#1648,#1640,#1650,.T.);
#1648 = VERTEX_POINT('',#1649);
#1649 = CARTESIAN_POINT('',(17.10000075,0.288052765254,2.651217693382));
#1650 = LINE('',#1651,#1652);
#1651 = CARTESIAN_POINT('',(17.10000075,0.288052765254,2.651217693382));
#1652 = VECTOR('',#1653,1.);
#1653 = DIRECTION('',(9.102727970266E-17,0.743294146247,-0.668964731622)
  );
#1654 = ORIENTED_EDGE('',*,*,#1655,.T.);
#1655 = EDGE_CURVE('',#1648,#1656,#1658,.T.);
#1656 = VERTEX_POINT('',#1657);
#1657 = CARTESIAN_POINT('',(17.10000075,0.288052765254,1.721217693382));
#1658 = LINE('',#1659,#1660);
#1659 = CARTESIAN_POINT('',(17.10000075,0.288052765254,2.651217693382));
#1660 = VECTOR('',#1661,1.);
#1661 = DIRECTION('',(1.499759782662E-32,1.224646799147E-16,-1.));
#1662 = ORIENTED_EDGE('',*,*,#1663,.F.);
#1663 = EDGE_CURVE('',#1664,#1656,#1666,.T.);
#1664 = VERTEX_POINT('',#1665);
#1665 = CARTESIAN_POINT('',(17.10000075,2.698052765254,1.721217693382));
#1666 = LINE('',#1667,#1668);
#1667 = CARTESIAN_POINT('',(17.10000075,2.698052765254,1.721217693382));
#1668 = VECTOR('',#1669,1.);
#1669 = DIRECTION('',(-1.224646799147E-16,-1.,-1.224646799147E-16));
#1670 = ORIENTED_EDGE('',*,*,#1671,.F.);
#1671 = EDGE_CURVE('',#1672,#1664,#1674,.T.);
#1672 = VERTEX_POINT('',#1673);
#1673 = CARTESIAN_POINT('',(17.10000075,2.698052765254,5.171217693382));
#1674 = LINE('',#1675,#1676);
#1675 = CARTESIAN_POINT('',(17.10000075,2.698052765254,5.171217693382));
#1676 = VECTOR('',#1677,1.);
#1677 = DIRECTION('',(1.499759782662E-32,1.224646799147E-16,-1.));
#1678 = ORIENTED_EDGE('',*,*,#1679,.F.);
#1679 = EDGE_CURVE('',#1680,#1672,#1682,.T.);
#1680 = VERTEX_POINT('',#1681);
#1681 = CARTESIAN_POINT('',(17.10000075,2.498052765254,5.521217693382));
#1682 = LINE('',#1683,#1684);
#1683 = CARTESIAN_POINT('',(17.10000075,2.498052765254,5.521217693382));
#1684 = VECTOR('',#1685,1.);
#1685 = DIRECTION('',(6.07594962791E-17,0.496138938357,-0.868243142124)
  );
#1686 = ORIENTED_EDGE('',*,*,#1687,.F.);
#1687 = EDGE_CURVE('',#1688,#1680,#1690,.T.);
#1688 = VERTEX_POINT('',#1689);
#1689 = CARTESIAN_POINT('',(17.10000075,1.948052765254,5.521217693382));
#1690 = LINE('',#1691,#1692);
#1691 = CARTESIAN_POINT('',(17.10000075,1.948052765254,5.521217693382));
#1692 = VECTOR('',#1693,1.);
#1693 = DIRECTION('',(1.224646799147E-16,1.,1.224646799147E-16));
#1694 = ORIENTED_EDGE('',*,*,#1695,.F.);
#1695 = EDGE_CURVE('',#1114,#1688,#1696,.T.);
#1696 = LINE('',#1697,#1698);
#1697 = CARTESIAN_POINT('',(17.10000075,1.648052765254,5.221217693382));
#1698 = VECTOR('',#1699,1.);
#1699 = DIRECTION('',(8.659560562355E-17,0.707106781187,0.707106781187)
  );
#1700 = ORIENTED_EDGE('',*,*,#1113,.F.);
#1701 = PLANE('',#1702);
#1702 = AXIS2_PLACEMENT_3D('',#1703,#1704,#1705);
#1703 = CARTESIAN_POINT('',(17.10000075,2.698052765254,5.521217693382));
#1704 = DIRECTION('',(-1.,1.224646799147E-16,0.));
#1705 = DIRECTION('',(1.224646799147E-16,1.,1.224646799147E-16));
#1706 = ADVANCED_FACE('',(#1707),#1718,.F.);
#1707 = FACE_BOUND('',#1708,.T.);
#1708 = EDGE_LOOP('',(#1709,#1710,#1711,#1717));
#1709 = ORIENTED_EDGE('',*,*,#1121,.F.);
#1710 = ORIENTED_EDGE('',*,*,#1695,.T.);
#1711 = ORIENTED_EDGE('',*,*,#1712,.T.);
#1712 = EDGE_CURVE('',#1688,#1536,#1713,.T.);
#1713 = LINE('',#1714,#1715);
#1714 = CARTESIAN_POINT('',(17.10000075,1.948052765254,5.521217693382));
#1715 = VECTOR('',#1716,1.);
#1716 = DIRECTION('',(-1.,1.224646799147E-16,0.));
#1717 = ORIENTED_EDGE('',*,*,#1535,.F.);
#1718 = PLANE('',#1719);
#1719 = AXIS2_PLACEMENT_3D('',#1720,#1721,#1722);
#1720 = CARTESIAN_POINT('',(-0.24999925,1.648052765254,5.221217693382));
#1721 = DIRECTION('',(8.659560562355E-17,0.707106781187,-0.707106781187)
  );
#1722 = DIRECTION('',(-1.,1.224646799147E-16,0.));
#1723 = ADVANCED_FACE('',(#1724),#1735,.F.);
#1724 = FACE_BOUND('',#1725,.T.);
#1725 = EDGE_LOOP('',(#1726,#1727,#1728,#1734));
#1726 = ORIENTED_EDGE('',*,*,#1712,.F.);
#1727 = ORIENTED_EDGE('',*,*,#1687,.T.);
#1728 = ORIENTED_EDGE('',*,*,#1729,.T.);
#1729 = EDGE_CURVE('',#1680,#1544,#1730,.T.);
#1730 = LINE('',#1731,#1732);
#1731 = CARTESIAN_POINT('',(17.10000075,2.498052765254,5.521217693382));
#1732 = VECTOR('',#1733,1.);
#1733 = DIRECTION('',(-1.,1.224646799147E-16,0.));
#1734 = ORIENTED_EDGE('',*,*,#1543,.F.);
#1735 = PLANE('',#1736);
#1736 = AXIS2_PLACEMENT_3D('',#1737,#1738,#1739);
#1737 = CARTESIAN_POINT('',(-0.24999925,1.948052765254,5.521217693382));
#1738 = DIRECTION('',(1.499759782662E-32,1.224646799147E-16,-1.));
#1739 = DIRECTION('',(-1.,1.224646799147E-16,0.));
#1740 = ADVANCED_FACE('',(#1741),#1752,.F.);
#1741 = FACE_BOUND('',#1742,.T.);
#1742 = EDGE_LOOP('',(#1743,#1744,#1745,#1751));
#1743 = ORIENTED_EDGE('',*,*,#1729,.F.);
#1744 = ORIENTED_EDGE('',*,*,#1679,.T.);
#1745 = ORIENTED_EDGE('',*,*,#1746,.T.);
#1746 = EDGE_CURVE('',#1672,#1552,#1747,.T.);
#1747 = LINE('',#1748,#1749);
#1748 = CARTESIAN_POINT('',(17.10000075,2.698052765254,5.171217693382));
#1749 = VECTOR('',#1750,1.);
#1750 = DIRECTION('',(-1.,1.224646799147E-16,0.));
#1751 = ORIENTED_EDGE('',*,*,#1551,.F.);
#1752 = PLANE('',#1753);
#1753 = AXIS2_PLACEMENT_3D('',#1754,#1755,#1756);
#1754 = CARTESIAN_POINT('',(-0.24999925,2.498052765254,5.521217693382));
#1755 = DIRECTION('',(-1.063291184884E-16,-0.868243142124,
    -0.496138938357));
#1756 = DIRECTION('',(1.,-1.224646799147E-16,0.));
#1757 = ADVANCED_FACE('',(#1758),#1769,.F.);
#1758 = FACE_BOUND('',#1759,.T.);
#1759 = EDGE_LOOP('',(#1760,#1761,#1762,#1768));
#1760 = ORIENTED_EDGE('',*,*,#1746,.F.);
#1761 = ORIENTED_EDGE('',*,*,#1671,.T.);
#1762 = ORIENTED_EDGE('',*,*,#1763,.T.);
#1763 = EDGE_CURVE('',#1664,#1560,#1764,.T.);
#1764 = LINE('',#1765,#1766);
#1765 = CARTESIAN_POINT('',(17.10000075,2.698052765254,1.721217693382));
#1766 = VECTOR('',#1767,1.);
#1767 = DIRECTION('',(-1.,1.224646799147E-16,0.));
#1768 = ORIENTED_EDGE('',*,*,#1559,.F.);
#1769 = PLANE('',#1770);
#1770 = AXIS2_PLACEMENT_3D('',#1771,#1772,#1773);
#1771 = CARTESIAN_POINT('',(-0.24999925,2.698052765254,5.171217693382));
#1772 = DIRECTION('',(-1.224646799147E-16,-1.,-1.224646799147E-16));
#1773 = DIRECTION('',(-1.499759782662E-32,-1.224646799147E-16,1.));
#1774 = ADVANCED_FACE('',(#1775),#2042,.F.);
#1775 = FACE_BOUND('',#1776,.T.);
#1776 = EDGE_LOOP('',(#1777,#1787,#1795,#1803,#1811,#1819,#1827,#1835,
    #1843,#1851,#1859,#1867,#1875,#1883,#1891,#1899,#1907,#1915,#1923,
    #1931,#1939,#1947,#1955,#1961,#1962,#1963,#1964,#1972,#1980,#1988,
    #1996,#2004,#2012,#2020,#2028,#2036));
#1777 = ORIENTED_EDGE('',*,*,#1778,.F.);
#1778 = EDGE_CURVE('',#1779,#1781,#1783,.T.);
#1779 = VERTEX_POINT('',#1780);
#1780 = CARTESIAN_POINT('',(16.75000075,3.408052765254,1.721217693382));
#1781 = VERTEX_POINT('',#1782);
#1782 = CARTESIAN_POINT('',(17.15000075,3.408052765254,1.721217693382));
#1783 = LINE('',#1784,#1785);
#1784 = CARTESIAN_POINT('',(16.75000075,3.408052765254,1.721217693382));
#1785 = VECTOR('',#1786,1.);
#1786 = DIRECTION('',(1.,-1.224646799147E-16,0.));
#1787 = ORIENTED_EDGE('',*,*,#1788,.F.);
#1788 = EDGE_CURVE('',#1789,#1779,#1791,.T.);
#1789 = VERTEX_POINT('',#1790);
#1790 = CARTESIAN_POINT('',(16.75000075,4.888052765254,1.721217693382));
#1791 = LINE('',#1792,#1793);
#1792 = CARTESIAN_POINT('',(16.75000075,4.888052765254,1.721217693382));
#1793 = VECTOR('',#1794,1.);
#1794 = DIRECTION('',(-1.224646799147E-16,-1.,-1.224646799147E-16));
#1795 = ORIENTED_EDGE('',*,*,#1796,.T.);
#1796 = EDGE_CURVE('',#1789,#1797,#1799,.T.);
#1797 = VERTEX_POINT('',#1798);
#1798 = CARTESIAN_POINT('',(15.25000075,4.888052765254,1.721217693382));
#1799 = LINE('',#1800,#1801);
#1800 = CARTESIAN_POINT('',(16.75000075,4.888052765254,1.721217693382));
#1801 = VECTOR('',#1802,1.);
#1802 = DIRECTION('',(-1.,1.224646799147E-16,0.));
#1803 = ORIENTED_EDGE('',*,*,#1804,.T.);
#1804 = EDGE_CURVE('',#1797,#1805,#1807,.T.);
#1805 = VERTEX_POINT('',#1806);
#1806 = CARTESIAN_POINT('',(15.25000075,3.888052765254,1.721217693382));
#1807 = LINE('',#1808,#1809);
#1808 = CARTESIAN_POINT('',(15.25000075,4.888052765254,1.721217693382));
#1809 = VECTOR('',#1810,1.);
#1810 = DIRECTION('',(-1.224646799147E-16,-1.,-1.224646799147E-16));
#1811 = ORIENTED_EDGE('',*,*,#1812,.F.);
#1812 = EDGE_CURVE('',#1813,#1805,#1815,.T.);
#1813 = VERTEX_POINT('',#1814);
#1814 = CARTESIAN_POINT('',(14.50000075,3.888052765254,1.721217693382));
#1815 = LINE('',#1816,#1817);
#1816 = CARTESIAN_POINT('',(14.50000075,3.888052765254,1.721217693382));
#1817 = VECTOR('',#1818,1.);
#1818 = DIRECTION('',(1.,-1.224646799147E-16,0.));
#1819 = ORIENTED_EDGE('',*,*,#1820,.F.);
#1820 = EDGE_CURVE('',#1821,#1813,#1823,.T.);
#1821 = VERTEX_POINT('',#1822);
#1822 = CARTESIAN_POINT('',(14.50000075,4.888052765254,1.721217693382));
#1823 = LINE('',#1824,#1825);
#1824 = CARTESIAN_POINT('',(14.50000075,4.888052765254,1.721217693382));
#1825 = VECTOR('',#1826,1.);
#1826 = DIRECTION('',(-1.224646799147E-16,-1.,-1.224646799147E-16));
#1827 = ORIENTED_EDGE('',*,*,#1828,.T.);
#1828 = EDGE_CURVE('',#1821,#1829,#1831,.T.);
#1829 = VERTEX_POINT('',#1830);
#1830 = CARTESIAN_POINT('',(2.00000075,4.888052765254,1.721217693382));
#1831 = LINE('',#1832,#1833);
#1832 = CARTESIAN_POINT('',(14.50000075,4.888052765254,1.721217693382));
#1833 = VECTOR('',#1834,1.);
#1834 = DIRECTION('',(-1.,1.224646799147E-16,0.));
#1835 = ORIENTED_EDGE('',*,*,#1836,.T.);
#1836 = EDGE_CURVE('',#1829,#1837,#1839,.T.);
#1837 = VERTEX_POINT('',#1838);
#1838 = CARTESIAN_POINT('',(2.00000075,3.888052765254,1.721217693382));
#1839 = LINE('',#1840,#1841);
#1840 = CARTESIAN_POINT('',(2.00000075,4.888052765254,1.721217693382));
#1841 = VECTOR('',#1842,1.);
#1842 = DIRECTION('',(-1.224646799147E-16,-1.,-1.224646799147E-16));
#1843 = ORIENTED_EDGE('',*,*,#1844,.F.);
#1844 = EDGE_CURVE('',#1845,#1837,#1847,.T.);
#1845 = VERTEX_POINT('',#1846);
#1846 = CARTESIAN_POINT('',(1.25000075,3.888052765254,1.721217693382));
#1847 = LINE('',#1848,#1849);
#1848 = CARTESIAN_POINT('',(1.25000075,3.888052765254,1.721217693382));
#1849 = VECTOR('',#1850,1.);
#1850 = DIRECTION('',(1.,-1.224646799147E-16,0.));
#1851 = ORIENTED_EDGE('',*,*,#1852,.F.);
#1852 = EDGE_CURVE('',#1853,#1845,#1855,.T.);
#1853 = VERTEX_POINT('',#1854);
#1854 = CARTESIAN_POINT('',(1.25000075,4.888052765254,1.721217693382));
#1855 = LINE('',#1856,#1857);
#1856 = CARTESIAN_POINT('',(1.25000075,4.888052765254,1.721217693382));
#1857 = VECTOR('',#1858,1.);
#1858 = DIRECTION('',(-1.224646799147E-16,-1.,-1.224646799147E-16));
#1859 = ORIENTED_EDGE('',*,*,#1860,.T.);
#1860 = EDGE_CURVE('',#1853,#1861,#1863,.T.);
#1861 = VERTEX_POINT('',#1862);
#1862 = CARTESIAN_POINT('',(-0.24999925,4.888052765254,1.721217693382));
#1863 = LINE('',#1864,#1865);
#1864 = CARTESIAN_POINT('',(1.25000075,4.888052765254,1.721217693382));
#1865 = VECTOR('',#1866,1.);
#1866 = DIRECTION('',(-1.,1.224646799147E-16,0.));
#1867 = ORIENTED_EDGE('',*,*,#1868,.T.);
#1868 = EDGE_CURVE('',#1861,#1869,#1871,.T.);
#1869 = VERTEX_POINT('',#1870);
#1870 = CARTESIAN_POINT('',(-0.24999925,3.408052765254,1.721217693382));
#1871 = LINE('',#1872,#1873);
#1872 = CARTESIAN_POINT('',(-0.24999925,4.888052765254,1.721217693382));
#1873 = VECTOR('',#1874,1.);
#1874 = DIRECTION('',(-1.224646799147E-16,-1.,-1.224646799147E-16));
#1875 = ORIENTED_EDGE('',*,*,#1876,.F.);
#1876 = EDGE_CURVE('',#1877,#1869,#1879,.T.);
#1877 = VERTEX_POINT('',#1878);
#1878 = CARTESIAN_POINT('',(-0.64999925,3.408052765254,1.721217693382));
#1879 = LINE('',#1880,#1881);
#1880 = CARTESIAN_POINT('',(-0.64999925,3.408052765254,1.721217693382));
#1881 = VECTOR('',#1882,1.);
#1882 = DIRECTION('',(1.,-1.224646799147E-16,0.));
#1883 = ORIENTED_EDGE('',*,*,#1884,.F.);
#1884 = EDGE_CURVE('',#1885,#1877,#1887,.T.);
#1885 = VERTEX_POINT('',#1886);
#1886 = CARTESIAN_POINT('',(-0.64999925,3.378052765254,1.721217693382));
#1887 = LINE('',#1888,#1889);
#1888 = CARTESIAN_POINT('',(-0.64999925,3.378052765254,1.721217693382));
#1889 = VECTOR('',#1890,1.);
#1890 = DIRECTION('',(1.224646799147E-16,1.,1.224646799147E-16));
#1891 = ORIENTED_EDGE('',*,*,#1892,.F.);
#1892 = EDGE_CURVE('',#1893,#1885,#1895,.T.);
#1893 = VERTEX_POINT('',#1894);
#1894 = CARTESIAN_POINT('',(-0.94999925,3.378052765254,1.721217693382));
#1895 = LINE('',#1896,#1897);
#1896 = CARTESIAN_POINT('',(-0.94999925,3.378052765254,1.721217693382));
#1897 = VECTOR('',#1898,1.);
#1898 = DIRECTION('',(1.,-1.224646799147E-16,0.));
#1899 = ORIENTED_EDGE('',*,*,#1900,.F.);
#1900 = EDGE_CURVE('',#1901,#1893,#1903,.T.);
#1901 = VERTEX_POINT('',#1902);
#1902 = CARTESIAN_POINT('',(-0.94999925,3.408052765254,1.721217693382));
#1903 = LINE('',#1904,#1905);
#1904 = CARTESIAN_POINT('',(-0.94999925,3.408052765254,1.721217693382));
#1905 = VECTOR('',#1906,1.);
#1906 = DIRECTION('',(-1.224646799147E-16,-1.,-1.224646799147E-16));
#1907 = ORIENTED_EDGE('',*,*,#1908,.F.);
#1908 = EDGE_CURVE('',#1909,#1901,#1911,.T.);
#1909 = VERTEX_POINT('',#1910);
#1910 = CARTESIAN_POINT('',(-1.44999925,3.408052765254,1.721217693382));
#1911 = LINE('',#1912,#1913);
#1912 = CARTESIAN_POINT('',(-1.44999925,3.408052765254,1.721217693382));
#1913 = VECTOR('',#1914,1.);
#1914 = DIRECTION('',(1.,-1.224646799147E-16,0.));
#1915 = ORIENTED_EDGE('',*,*,#1916,.F.);
#1916 = EDGE_CURVE('',#1917,#1909,#1919,.T.);
#1917 = VERTEX_POINT('',#1918);
#1918 = CARTESIAN_POINT('',(-1.44999925,1.948052765254,1.721217693382));
#1919 = LINE('',#1920,#1921);
#1920 = CARTESIAN_POINT('',(-1.44999925,1.948052765254,1.721217693382));
#1921 = VECTOR('',#1922,1.);
#1922 = DIRECTION('',(1.224646799147E-16,1.,1.224646799147E-16));
#1923 = ORIENTED_EDGE('',*,*,#1924,.T.);
#1924 = EDGE_CURVE('',#1917,#1925,#1927,.T.);
#1925 = VERTEX_POINT('',#1926);
#1926 = CARTESIAN_POINT('',(-1.38999925,1.948052765254,1.721217693382));
#1927 = LINE('',#1928,#1929);
#1928 = CARTESIAN_POINT('',(-1.44999925,1.948052765254,1.721217693382));
#1929 = VECTOR('',#1930,1.);
#1930 = DIRECTION('',(1.,-1.224646799147E-16,0.));
#1931 = ORIENTED_EDGE('',*,*,#1932,.F.);
#1932 = EDGE_CURVE('',#1933,#1925,#1935,.T.);
#1933 = VERTEX_POINT('',#1934);
#1934 = CARTESIAN_POINT('',(-1.38999925,1.648052765254,1.721217693382));
#1935 = LINE('',#1936,#1937);
#1936 = CARTESIAN_POINT('',(-1.38999925,1.648052765254,1.721217693382));
#1937 = VECTOR('',#1938,1.);
#1938 = DIRECTION('',(1.224646799147E-16,1.,1.224646799147E-16));
#1939 = ORIENTED_EDGE('',*,*,#1940,.F.);
#1940 = EDGE_CURVE('',#1941,#1933,#1943,.T.);
#1941 = VERTEX_POINT('',#1942);
#1942 = CARTESIAN_POINT('',(-1.44999925,1.648052765254,1.721217693382));
#1943 = LINE('',#1944,#1945);
#1944 = CARTESIAN_POINT('',(-1.44999925,1.648052765254,1.721217693382));
#1945 = VECTOR('',#1946,1.);
#1946 = DIRECTION('',(1.,-1.224646799147E-16,0.));
#1947 = ORIENTED_EDGE('',*,*,#1948,.F.);
#1948 = EDGE_CURVE('',#1949,#1941,#1951,.T.);
#1949 = VERTEX_POINT('',#1950);
#1950 = CARTESIAN_POINT('',(-1.44999925,0.288052765254,1.721217693382));
#1951 = LINE('',#1952,#1953);
#1952 = CARTESIAN_POINT('',(-1.44999925,0.288052765254,1.721217693382));
#1953 = VECTOR('',#1954,1.);
#1954 = DIRECTION('',(1.224646799147E-16,1.,1.224646799147E-16));
#1955 = ORIENTED_EDGE('',*,*,#1956,.T.);
#1956 = EDGE_CURVE('',#1949,#1568,#1957,.T.);
#1957 = LINE('',#1958,#1959);
#1958 = CARTESIAN_POINT('',(-1.44999925,0.288052765254,1.721217693382));
#1959 = VECTOR('',#1960,1.);
#1960 = DIRECTION('',(1.,-1.224646799147E-16,0.));
#1961 = ORIENTED_EDGE('',*,*,#1567,.T.);
#1962 = ORIENTED_EDGE('',*,*,#1763,.F.);
#1963 = ORIENTED_EDGE('',*,*,#1663,.T.);
#1964 = ORIENTED_EDGE('',*,*,#1965,.T.);
#1965 = EDGE_CURVE('',#1656,#1966,#1968,.T.);
#1966 = VERTEX_POINT('',#1967);
#1967 = CARTESIAN_POINT('',(17.95000075,0.288052765254,1.721217693382));
#1968 = LINE('',#1969,#1970);
#1969 = CARTESIAN_POINT('',(17.10000075,0.288052765254,1.721217693382));
#1970 = VECTOR('',#1971,1.);
#1971 = DIRECTION('',(1.,-1.224646799147E-16,0.));
#1972 = ORIENTED_EDGE('',*,*,#1973,.F.);
#1973 = EDGE_CURVE('',#1974,#1966,#1976,.T.);
#1974 = VERTEX_POINT('',#1975);
#1975 = CARTESIAN_POINT('',(17.95000075,1.648052765254,1.721217693382));
#1976 = LINE('',#1977,#1978);
#1977 = CARTESIAN_POINT('',(17.95000075,1.648052765254,1.721217693382));
#1978 = VECTOR('',#1979,1.);
#1979 = DIRECTION('',(-1.224646799147E-16,-1.,-1.224646799147E-16));
#1980 = ORIENTED_EDGE('',*,*,#1981,.T.);
#1981 = EDGE_CURVE('',#1974,#1982,#1984,.T.);
#1982 = VERTEX_POINT('',#1983);
#1983 = CARTESIAN_POINT('',(17.89000075,1.648052765254,1.721217693382));
#1984 = LINE('',#1985,#1986);
#1985 = CARTESIAN_POINT('',(17.95000075,1.648052765254,1.721217693382));
#1986 = VECTOR('',#1987,1.);
#1987 = DIRECTION('',(-1.,1.224646799147E-16,0.));
#1988 = ORIENTED_EDGE('',*,*,#1989,.F.);
#1989 = EDGE_CURVE('',#1990,#1982,#1992,.T.);
#1990 = VERTEX_POINT('',#1991);
#1991 = CARTESIAN_POINT('',(17.89000075,1.948052765254,1.721217693382));
#1992 = LINE('',#1993,#1994);
#1993 = CARTESIAN_POINT('',(17.89000075,1.948052765254,1.721217693382));
#1994 = VECTOR('',#1995,1.);
#1995 = DIRECTION('',(-1.224646799147E-16,-1.,-1.224646799147E-16));
#1996 = ORIENTED_EDGE('',*,*,#1997,.F.);
#1997 = EDGE_CURVE('',#1998,#1990,#2000,.T.);
#1998 = VERTEX_POINT('',#1999);
#1999 = CARTESIAN_POINT('',(17.95000075,1.948052765254,1.721217693382));
#2000 = LINE('',#2001,#2002);
#2001 = CARTESIAN_POINT('',(17.95000075,1.948052765254,1.721217693382));
#2002 = VECTOR('',#2003,1.);
#2003 = DIRECTION('',(-1.,1.224646799147E-16,0.));
#2004 = ORIENTED_EDGE('',*,*,#2005,.F.);
#2005 = EDGE_CURVE('',#2006,#1998,#2008,.T.);
#2006 = VERTEX_POINT('',#2007);
#2007 = CARTESIAN_POINT('',(17.95000075,3.408052765254,1.721217693382));
#2008 = LINE('',#2009,#2010);
#2009 = CARTESIAN_POINT('',(17.95000075,3.408052765254,1.721217693382));
#2010 = VECTOR('',#2011,1.);
#2011 = DIRECTION('',(-1.224646799147E-16,-1.,-1.224646799147E-16));
#2012 = ORIENTED_EDGE('',*,*,#2013,.F.);
#2013 = EDGE_CURVE('',#2014,#2006,#2016,.T.);
#2014 = VERTEX_POINT('',#2015);
#2015 = CARTESIAN_POINT('',(17.45000075,3.408052765254,1.721217693382));
#2016 = LINE('',#2017,#2018);
#2017 = CARTESIAN_POINT('',(17.45000075,3.408052765254,1.721217693382));
#2018 = VECTOR('',#2019,1.);
#2019 = DIRECTION('',(1.,-1.224646799147E-16,0.));
#2020 = ORIENTED_EDGE('',*,*,#2021,.F.);
#2021 = EDGE_CURVE('',#2022,#2014,#2024,.T.);
#2022 = VERTEX_POINT('',#2023);
#2023 = CARTESIAN_POINT('',(17.45000075,3.378052765254,1.721217693382));
#2024 = LINE('',#2025,#2026);
#2025 = CARTESIAN_POINT('',(17.45000075,3.378052765254,1.721217693382));
#2026 = VECTOR('',#2027,1.);
#2027 = DIRECTION('',(1.224646799147E-16,1.,1.224646799147E-16));
#2028 = ORIENTED_EDGE('',*,*,#2029,.F.);
#2029 = EDGE_CURVE('',#2030,#2022,#2032,.T.);
#2030 = VERTEX_POINT('',#2031);
#2031 = CARTESIAN_POINT('',(17.15000075,3.378052765254,1.721217693382));
#2032 = LINE('',#2033,#2034);
#2033 = CARTESIAN_POINT('',(17.15000075,3.378052765254,1.721217693382));
#2034 = VECTOR('',#2035,1.);
#2035 = DIRECTION('',(1.,-1.224646799147E-16,0.));
#2036 = ORIENTED_EDGE('',*,*,#2037,.F.);
#2037 = EDGE_CURVE('',#1781,#2030,#2038,.T.);
#2038 = LINE('',#2039,#2040);
#2039 = CARTESIAN_POINT('',(17.15000075,3.408052765254,1.721217693382));
#2040 = VECTOR('',#2041,1.);
#2041 = DIRECTION('',(-1.224646799147E-16,-1.,-1.224646799147E-16));
#2042 = PLANE('',#2043);
#2043 = AXIS2_PLACEMENT_3D('',#2044,#2045,#2046);
#2044 = CARTESIAN_POINT('',(-0.24999925,2.698052765254,1.721217693382));
#2045 = DIRECTION('',(1.499759782662E-32,1.224646799147E-16,-1.));
#2046 = DIRECTION('',(-1.,1.224646799147E-16,0.));
#2047 = ADVANCED_FACE('',(#2048),#2073,.T.);
#2048 = FACE_BOUND('',#2049,.T.);
#2049 = EDGE_LOOP('',(#2050,#2058,#2066,#2072));
#2050 = ORIENTED_EDGE('',*,*,#2051,.F.);
#2051 = EDGE_CURVE('',#2052,#2030,#2054,.T.);
#2052 = VERTEX_POINT('',#2053);
#2053 = CARTESIAN_POINT('',(17.15000075,3.378052765254,7.121217693382));
#2054 = LINE('',#2055,#2056);
#2055 = CARTESIAN_POINT('',(17.15000075,3.378052765254,7.121217693382));
#2056 = VECTOR('',#2057,1.);
#2057 = DIRECTION('',(1.499759782662E-32,1.224646799147E-16,-1.));
#2058 = ORIENTED_EDGE('',*,*,#2059,.F.);
#2059 = EDGE_CURVE('',#2060,#2052,#2062,.T.);
#2060 = VERTEX_POINT('',#2061);
#2061 = CARTESIAN_POINT('',(17.15000075,3.408052765254,7.121217693382));
#2062 = LINE('',#2063,#2064);
#2063 = CARTESIAN_POINT('',(17.15000075,3.408052765254,7.121217693382));
#2064 = VECTOR('',#2065,1.);
#2065 = DIRECTION('',(-1.224646799147E-16,-1.,-1.224646799147E-16));
#2066 = ORIENTED_EDGE('',*,*,#2067,.F.);
#2067 = EDGE_CURVE('',#1781,#2060,#2068,.T.);
#2068 = LINE('',#2069,#2070);
#2069 = CARTESIAN_POINT('',(17.15000075,3.408052765254,1.721217693382));
#2070 = VECTOR('',#2071,1.);
#2071 = DIRECTION('',(-1.499759782662E-32,-1.224646799147E-16,1.));
#2072 = ORIENTED_EDGE('',*,*,#2037,.T.);
#2073 = PLANE('',#2074);
#2074 = AXIS2_PLACEMENT_3D('',#2075,#2076,#2077);
#2075 = CARTESIAN_POINT('',(17.15000075,3.408052765254,7.121217693382));
#2076 = DIRECTION('',(-1.,1.224646799147E-16,0.));
#2077 = DIRECTION('',(1.224646799147E-16,1.,1.224646799147E-16));
#2078 = ADVANCED_FACE('',(#2079),#2097,.F.);
#2079 = FACE_BOUND('',#2080,.T.);
#2080 = EDGE_LOOP('',(#2081,#2089,#2095,#2096));
#2081 = ORIENTED_EDGE('',*,*,#2082,.F.);
#2082 = EDGE_CURVE('',#2083,#2060,#2085,.T.);
#2083 = VERTEX_POINT('',#2084);
#2084 = CARTESIAN_POINT('',(16.75000075,3.408052765254,7.121217693382));
#2085 = LINE('',#2086,#2087);
#2086 = CARTESIAN_POINT('',(16.75000075,3.408052765254,7.121217693382));
#2087 = VECTOR('',#2088,1.);
#2088 = DIRECTION('',(1.,-1.224646799147E-16,0.));
#2089 = ORIENTED_EDGE('',*,*,#2090,.T.);
#2090 = EDGE_CURVE('',#2083,#1779,#2091,.T.);
#2091 = LINE('',#2092,#2093);
#2092 = CARTESIAN_POINT('',(16.75000075,3.408052765254,7.121217693382));
#2093 = VECTOR('',#2094,1.);
#2094 = DIRECTION('',(1.499759782662E-32,1.224646799147E-16,-1.));
#2095 = ORIENTED_EDGE('',*,*,#1778,.T.);
#2096 = ORIENTED_EDGE('',*,*,#2067,.T.);
#2097 = PLANE('',#2098);
#2098 = AXIS2_PLACEMENT_3D('',#2099,#2100,#2101);
#2099 = CARTESIAN_POINT('',(-1.44999925,3.408052765254,1.721217693382));
#2100 = DIRECTION('',(1.224646799147E-16,1.,1.224646799147E-16));
#2101 = DIRECTION('',(-1.,1.224646799147E-16,0.));
#2102 = ADVANCED_FACE('',(#2103),#2136,.F.);
#2103 = FACE_BOUND('',#2104,.T.);
#2104 = EDGE_LOOP('',(#2105,#2106,#2114,#2122,#2130));
#2105 = ORIENTED_EDGE('',*,*,#2013,.T.);
#2106 = ORIENTED_EDGE('',*,*,#2107,.T.);
#2107 = EDGE_CURVE('',#2006,#2108,#2110,.T.);
#2108 = VERTEX_POINT('',#2109);
#2109 = CARTESIAN_POINT('',(17.95000075,3.408052765254,7.021217693382));
#2110 = LINE('',#2111,#2112);
#2111 = CARTESIAN_POINT('',(17.95000075,3.408052765254,1.721217693382));
#2112 = VECTOR('',#2113,1.);
#2113 = DIRECTION('',(-1.499759782662E-32,-1.224646799147E-16,1.));
#2114 = ORIENTED_EDGE('',*,*,#2115,.T.);
#2115 = EDGE_CURVE('',#2108,#2116,#2118,.T.);
#2116 = VERTEX_POINT('',#2117);
#2117 = CARTESIAN_POINT('',(18.05000075,3.408052765254,7.121217693382));
#2118 = LINE('',#2119,#2120);
#2119 = CARTESIAN_POINT('',(17.95000075,3.408052765254,7.021217693382));
#2120 = VECTOR('',#2121,1.);
#2121 = DIRECTION('',(0.707106781187,-1.731912112471E-16,0.707106781186)
  );
#2122 = ORIENTED_EDGE('',*,*,#2123,.F.);
#2123 = EDGE_CURVE('',#2124,#2116,#2126,.T.);
#2124 = VERTEX_POINT('',#2125);
#2125 = CARTESIAN_POINT('',(17.45000075,3.408052765254,7.121217693382));
#2126 = LINE('',#2127,#2128);
#2127 = CARTESIAN_POINT('',(17.45000075,3.408052765254,7.121217693382));
#2128 = VECTOR('',#2129,1.);
#2129 = DIRECTION('',(1.,-1.224646799147E-16,0.));
#2130 = ORIENTED_EDGE('',*,*,#2131,.F.);
#2131 = EDGE_CURVE('',#2014,#2124,#2132,.T.);
#2132 = LINE('',#2133,#2134);
#2133 = CARTESIAN_POINT('',(17.45000075,3.408052765254,1.721217693382));
#2134 = VECTOR('',#2135,1.);
#2135 = DIRECTION('',(-1.499759782662E-32,-1.224646799147E-16,1.));
#2136 = PLANE('',#2137);
#2137 = AXIS2_PLACEMENT_3D('',#2138,#2139,#2140);
#2138 = CARTESIAN_POINT('',(-1.44999925,3.408052765254,1.721217693382));
#2139 = DIRECTION('',(1.224646799147E-16,1.,1.224646799147E-16));
#2140 = DIRECTION('',(-1.,1.224646799147E-16,0.));
#2141 = ADVANCED_FACE('',(#2142),#2175,.F.);
#2142 = FACE_BOUND('',#2143,.T.);
#2143 = EDGE_LOOP('',(#2144,#2154,#2162,#2168,#2169));
#2144 = ORIENTED_EDGE('',*,*,#2145,.F.);
#2145 = EDGE_CURVE('',#2146,#2148,#2150,.T.);
#2146 = VERTEX_POINT('',#2147);
#2147 = CARTESIAN_POINT('',(-1.54999925,3.408052765254,7.121217693382));
#2148 = VERTEX_POINT('',#2149);
#2149 = CARTESIAN_POINT('',(-0.94999925,3.408052765254,7.121217693382));
#2150 = LINE('',#2151,#2152);
#2151 = CARTESIAN_POINT('',(-1.54999925,3.408052765254,7.121217693382));
#2152 = VECTOR('',#2153,1.);
#2153 = DIRECTION('',(1.,-1.224646799147E-16,0.));
#2154 = ORIENTED_EDGE('',*,*,#2155,.T.);
#2155 = EDGE_CURVE('',#2146,#2156,#2158,.T.);
#2156 = VERTEX_POINT('',#2157);
#2157 = CARTESIAN_POINT('',(-1.44999925,3.408052765254,7.021217693382));
#2158 = LINE('',#2159,#2160);
#2159 = CARTESIAN_POINT('',(-1.54999925,3.408052765254,7.121217693382));
#2160 = VECTOR('',#2161,1.);
#2161 = DIRECTION('',(0.707106781187,0.,-0.707106781187));
#2162 = ORIENTED_EDGE('',*,*,#2163,.F.);
#2163 = EDGE_CURVE('',#1909,#2156,#2164,.T.);
#2164 = LINE('',#2165,#2166);
#2165 = CARTESIAN_POINT('',(-1.44999925,3.408052765254,1.721217693382));
#2166 = VECTOR('',#2167,1.);
#2167 = DIRECTION('',(-1.499759782662E-32,-1.224646799147E-16,1.));
#2168 = ORIENTED_EDGE('',*,*,#1908,.T.);
#2169 = ORIENTED_EDGE('',*,*,#2170,.T.);
#2170 = EDGE_CURVE('',#1901,#2148,#2171,.T.);
#2171 = LINE('',#2172,#2173);
#2172 = CARTESIAN_POINT('',(-0.94999925,3.408052765254,1.721217693382));
#2173 = VECTOR('',#2174,1.);
#2174 = DIRECTION('',(-1.499759782662E-32,-1.224646799147E-16,1.));
#2175 = PLANE('',#2176);
#2176 = AXIS2_PLACEMENT_3D('',#2177,#2178,#2179);
#2177 = CARTESIAN_POINT('',(-1.44999925,3.408052765254,1.721217693382));
#2178 = DIRECTION('',(1.224646799147E-16,1.,1.224646799147E-16));
#2179 = DIRECTION('',(-1.,1.224646799147E-16,0.));
#2180 = ADVANCED_FACE('',(#2181),#2206,.F.);
#2181 = FACE_BOUND('',#2182,.T.);
#2182 = EDGE_LOOP('',(#2183,#2184,#2192,#2200));
#2183 = ORIENTED_EDGE('',*,*,#1876,.T.);
#2184 = ORIENTED_EDGE('',*,*,#2185,.F.);
#2185 = EDGE_CURVE('',#2186,#1869,#2188,.T.);
#2186 = VERTEX_POINT('',#2187);
#2187 = CARTESIAN_POINT('',(-0.24999925,3.408052765254,7.121217693382));
#2188 = LINE('',#2189,#2190);
#2189 = CARTESIAN_POINT('',(-0.24999925,3.408052765254,7.121217693382));
#2190 = VECTOR('',#2191,1.);
#2191 = DIRECTION('',(1.499759782662E-32,1.224646799147E-16,-1.));
#2192 = ORIENTED_EDGE('',*,*,#2193,.F.);
#2193 = EDGE_CURVE('',#2194,#2186,#2196,.T.);
#2194 = VERTEX_POINT('',#2195);
#2195 = CARTESIAN_POINT('',(-0.64999925,3.408052765254,7.121217693382));
#2196 = LINE('',#2197,#2198);
#2197 = CARTESIAN_POINT('',(-0.64999925,3.408052765254,7.121217693382));
#2198 = VECTOR('',#2199,1.);
#2199 = DIRECTION('',(1.,-1.224646799147E-16,0.));
#2200 = ORIENTED_EDGE('',*,*,#2201,.F.);
#2201 = EDGE_CURVE('',#1877,#2194,#2202,.T.);
#2202 = LINE('',#2203,#2204);
#2203 = CARTESIAN_POINT('',(-0.64999925,3.408052765254,1.721217693382));
#2204 = VECTOR('',#2205,1.);
#2205 = DIRECTION('',(-1.499759782662E-32,-1.224646799147E-16,1.));
#2206 = PLANE('',#2207);
#2207 = AXIS2_PLACEMENT_3D('',#2208,#2209,#2210);
#2208 = CARTESIAN_POINT('',(-1.44999925,3.408052765254,1.721217693382));
#2209 = DIRECTION('',(1.224646799147E-16,1.,1.224646799147E-16));
#2210 = DIRECTION('',(-1.,1.224646799147E-16,0.));
#2211 = ADVANCED_FACE('',(#2212),#2238,.F.);
#2212 = FACE_BOUND('',#2213,.T.);
#2213 = EDGE_LOOP('',(#2214,#2215,#2216,#2224,#2232));
#2214 = ORIENTED_EDGE('',*,*,#1788,.T.);
#2215 = ORIENTED_EDGE('',*,*,#2090,.F.);
#2216 = ORIENTED_EDGE('',*,*,#2217,.F.);
#2217 = EDGE_CURVE('',#2218,#2083,#2220,.T.);
#2218 = VERTEX_POINT('',#2219);
#2219 = CARTESIAN_POINT('',(16.75000075,4.988052765254,7.121217693382));
#2220 = LINE('',#2221,#2222);
#2221 = CARTESIAN_POINT('',(16.75000075,4.988052765254,7.121217693382));
#2222 = VECTOR('',#2223,1.);
#2223 = DIRECTION('',(-1.224646799147E-16,-1.,-1.224646799147E-16));
#2224 = ORIENTED_EDGE('',*,*,#2225,.T.);
#2225 = EDGE_CURVE('',#2218,#2226,#2228,.T.);
#2226 = VERTEX_POINT('',#2227);
#2227 = CARTESIAN_POINT('',(16.75000075,4.888052765254,7.021217693382));
#2228 = LINE('',#2229,#2230);
#2229 = CARTESIAN_POINT('',(16.75000075,4.988052765254,7.121217693382));
#2230 = VECTOR('',#2231,1.);
#2231 = DIRECTION('',(-8.659560562356E-17,-0.707106781187,
    -0.707106781186));
#2232 = ORIENTED_EDGE('',*,*,#2233,.F.);
#2233 = EDGE_CURVE('',#1789,#2226,#2234,.T.);
#2234 = LINE('',#2235,#2236);
#2235 = CARTESIAN_POINT('',(16.75000075,4.888052765254,1.721217693382));
#2236 = VECTOR('',#2237,1.);
#2237 = DIRECTION('',(-1.499759782662E-32,-1.224646799147E-16,1.));
#2238 = PLANE('',#2239);
#2239 = AXIS2_PLACEMENT_3D('',#2240,#2241,#2242);
#2240 = CARTESIAN_POINT('',(16.75000075,2.513052765254,4.741217693382));
#2241 = DIRECTION('',(1.,-1.224646799147E-16,0.));
#2242 = DIRECTION('',(1.499759782662E-32,1.224646799147E-16,-1.));
#2243 = ADVANCED_FACE('',(#2244),#2269,.F.);
#2244 = FACE_BOUND('',#2245,.T.);
#2245 = EDGE_LOOP('',(#2246,#2254,#2255,#2263));
#2246 = ORIENTED_EDGE('',*,*,#2247,.F.);
#2247 = EDGE_CURVE('',#1861,#2248,#2250,.T.);
#2248 = VERTEX_POINT('',#2249);
#2249 = CARTESIAN_POINT('',(-0.24999925,4.888052765254,7.021217693382));
#2250 = LINE('',#2251,#2252);
#2251 = CARTESIAN_POINT('',(-0.24999925,4.888052765254,1.721217693382));
#2252 = VECTOR('',#2253,1.);
#2253 = DIRECTION('',(-1.499759782662E-32,-1.224646799147E-16,1.));
#2254 = ORIENTED_EDGE('',*,*,#1860,.F.);
#2255 = ORIENTED_EDGE('',*,*,#2256,.T.);
#2256 = EDGE_CURVE('',#1853,#2257,#2259,.T.);
#2257 = VERTEX_POINT('',#2258);
#2258 = CARTESIAN_POINT('',(1.25000075,4.888052765254,7.021217693382));
#2259 = LINE('',#2260,#2261);
#2260 = CARTESIAN_POINT('',(1.25000075,4.888052765254,1.721217693382));
#2261 = VECTOR('',#2262,1.);
#2262 = DIRECTION('',(-1.499759782662E-32,-1.224646799147E-16,1.));
#2263 = ORIENTED_EDGE('',*,*,#2264,.F.);
#2264 = EDGE_CURVE('',#2248,#2257,#2265,.T.);
#2265 = LINE('',#2266,#2267);
#2266 = CARTESIAN_POINT('',(-0.24999925,4.888052765254,7.021217693382));
#2267 = VECTOR('',#2268,1.);
#2268 = DIRECTION('',(1.,-1.224646799147E-16,0.));
#2269 = PLANE('',#2270);
#2270 = AXIS2_PLACEMENT_3D('',#2271,#2272,#2273);
#2271 = CARTESIAN_POINT('',(-0.24999925,4.888052765254,1.721217693382));
#2272 = DIRECTION('',(1.224646799147E-16,1.,1.224646799147E-16));
#2273 = DIRECTION('',(-1.,1.224646799147E-16,0.));
#2274 = ADVANCED_FACE('',(#2275),#2293,.F.);
#2275 = FACE_BOUND('',#2276,.T.);
#2276 = EDGE_LOOP('',(#2277,#2285,#2286,#2287));
#2277 = ORIENTED_EDGE('',*,*,#2278,.F.);
#2278 = EDGE_CURVE('',#1797,#2279,#2281,.T.);
#2279 = VERTEX_POINT('',#2280);
#2280 = CARTESIAN_POINT('',(15.25000075,4.888052765254,7.021217693382));
#2281 = LINE('',#2282,#2283);
#2282 = CARTESIAN_POINT('',(15.25000075,4.888052765254,1.721217693382));
#2283 = VECTOR('',#2284,1.);
#2284 = DIRECTION('',(-1.499759782662E-32,-1.224646799147E-16,1.));
#2285 = ORIENTED_EDGE('',*,*,#1796,.F.);
#2286 = ORIENTED_EDGE('',*,*,#2233,.T.);
#2287 = ORIENTED_EDGE('',*,*,#2288,.F.);
#2288 = EDGE_CURVE('',#2279,#2226,#2289,.T.);
#2289 = LINE('',#2290,#2291);
#2290 = CARTESIAN_POINT('',(15.25000075,4.888052765254,7.021217693382));
#2291 = VECTOR('',#2292,1.);
#2292 = DIRECTION('',(1.,-1.224646799147E-16,0.));
#2293 = PLANE('',#2294);
#2294 = AXIS2_PLACEMENT_3D('',#2295,#2296,#2297);
#2295 = CARTESIAN_POINT('',(-0.24999925,4.888052765254,1.721217693382));
#2296 = DIRECTION('',(1.224646799147E-16,1.,1.224646799147E-16));
#2297 = DIRECTION('',(-1.,1.224646799147E-16,0.));
#2298 = ADVANCED_FACE('',(#2299),#2325,.F.);
#2299 = FACE_BOUND('',#2300,.T.);
#2300 = EDGE_LOOP('',(#2301,#2311,#2319));
#2301 = ORIENTED_EDGE('',*,*,#2302,.T.);
#2302 = EDGE_CURVE('',#2303,#2305,#2307,.T.);
#2303 = VERTEX_POINT('',#2304);
#2304 = CARTESIAN_POINT('',(14.50000075,4.888052765254,7.021217693382));
#2305 = VERTEX_POINT('',#2306);
#2306 = CARTESIAN_POINT('',(14.60000075,4.888052765254,7.121217693382));
#2307 = LINE('',#2308,#2309);
#2308 = CARTESIAN_POINT('',(14.50000075,4.888052765254,7.021217693382));
#2309 = VECTOR('',#2310,1.);
#2310 = DIRECTION('',(0.707106781187,-1.731912112471E-16,0.707106781187)
  );
#2311 = ORIENTED_EDGE('',*,*,#2312,.F.);
#2312 = EDGE_CURVE('',#2313,#2305,#2315,.T.);
#2313 = VERTEX_POINT('',#2314);
#2314 = CARTESIAN_POINT('',(14.50000075,4.888052765254,7.121217693382));
#2315 = LINE('',#2316,#2317);
#2316 = CARTESIAN_POINT('',(14.50000075,4.888052765254,7.121217693382));
#2317 = VECTOR('',#2318,1.);
#2318 = DIRECTION('',(1.,-1.224646799147E-16,0.));
#2319 = ORIENTED_EDGE('',*,*,#2320,.T.);
#2320 = EDGE_CURVE('',#2313,#2303,#2321,.T.);
#2321 = LINE('',#2322,#2323);
#2322 = CARTESIAN_POINT('',(14.50000075,4.888052765254,7.121217693382));
#2323 = VECTOR('',#2324,1.);
#2324 = DIRECTION('',(1.499759782662E-32,1.224646799147E-16,-1.));
#2325 = PLANE('',#2326);
#2326 = AXIS2_PLACEMENT_3D('',#2327,#2328,#2329);
#2327 = CARTESIAN_POINT('',(-0.24999925,4.888052765254,1.721217693382));
#2328 = DIRECTION('',(1.224646799147E-16,1.,1.224646799147E-16));
#2329 = DIRECTION('',(-1.,1.224646799147E-16,0.));
#2330 = ADVANCED_FACE('',(#2331),#2520,.F.);
#2331 = FACE_BOUND('',#2332,.T.);
#2332 = EDGE_LOOP('',(#2333,#2343,#2351,#2360,#2368,#2377,#2385,#2393,
    #2399,#2400,#2408,#2416,#2424,#2433,#2441,#2450,#2458,#2466,#2474,
    #2482,#2490,#2498,#2506,#2514));
#2333 = ORIENTED_EDGE('',*,*,#2334,.T.);
#2334 = EDGE_CURVE('',#2335,#2337,#2339,.T.);
#2335 = VERTEX_POINT('',#2336);
#2336 = CARTESIAN_POINT('',(5.65000075,4.888052765254,6.121217693382));
#2337 = VERTEX_POINT('',#2338);
#2338 = CARTESIAN_POINT('',(2.00000075,4.888052765254,6.121217693382));
#2339 = LINE('',#2340,#2341);
#2340 = CARTESIAN_POINT('',(5.65000075,4.888052765254,6.121217693382));
#2341 = VECTOR('',#2342,1.);
#2342 = DIRECTION('',(-1.,1.224646799147E-16,0.));
#2343 = ORIENTED_EDGE('',*,*,#2344,.F.);
#2344 = EDGE_CURVE('',#2345,#2337,#2347,.T.);
#2345 = VERTEX_POINT('',#2346);
#2346 = CARTESIAN_POINT('',(2.00000075,4.888052765254,5.341217693382));
#2347 = LINE('',#2348,#2349);
#2348 = CARTESIAN_POINT('',(2.00000075,4.888052765254,5.341217693382));
#2349 = VECTOR('',#2350,1.);
#2350 = DIRECTION('',(-1.499759782662E-32,-1.224646799147E-16,1.));
#2351 = ORIENTED_EDGE('',*,*,#2352,.T.);
#2352 = EDGE_CURVE('',#2345,#2353,#2355,.T.);
#2353 = VERTEX_POINT('',#2354);
#2354 = CARTESIAN_POINT('',(2.25000075,4.888052765254,5.591217693382));
#2355 = CIRCLE('',#2356,0.25);
#2356 = AXIS2_PLACEMENT_3D('',#2357,#2358,#2359);
#2357 = CARTESIAN_POINT('',(2.25000075,4.888052765254,5.341217693382));
#2358 = DIRECTION('',(1.224646799147E-16,1.,1.224646799147E-16));
#2359 = DIRECTION('',(-1.,1.224646799147E-16,0.));
#2360 = ORIENTED_EDGE('',*,*,#2361,.T.);
#2361 = EDGE_CURVE('',#2353,#2362,#2364,.T.);
#2362 = VERTEX_POINT('',#2363);
#2363 = CARTESIAN_POINT('',(5.40000075,4.888052765254,5.591217693382));
#2364 = LINE('',#2365,#2366);
#2365 = CARTESIAN_POINT('',(2.25000075,4.888052765254,5.591217693382));
#2366 = VECTOR('',#2367,1.);
#2367 = DIRECTION('',(1.,-1.224646799147E-16,0.));
#2368 = ORIENTED_EDGE('',*,*,#2369,.T.);
#2369 = EDGE_CURVE('',#2362,#2370,#2372,.T.);
#2370 = VERTEX_POINT('',#2371);
#2371 = CARTESIAN_POINT('',(5.65000075,4.888052765254,5.341217693382));
#2372 = CIRCLE('',#2373,0.25);
#2373 = AXIS2_PLACEMENT_3D('',#2374,#2375,#2376);
#2374 = CARTESIAN_POINT('',(5.40000075,4.888052765254,5.341217693382));
#2375 = DIRECTION('',(1.224646799147E-16,1.,1.224646799147E-16));
#2376 = DIRECTION('',(-1.499759782662E-32,-1.224646799147E-16,1.));
#2377 = ORIENTED_EDGE('',*,*,#2378,.T.);
#2378 = EDGE_CURVE('',#2370,#2379,#2381,.T.);
#2379 = VERTEX_POINT('',#2380);
#2380 = CARTESIAN_POINT('',(5.65000075,4.888052765254,3.971217693382));
#2381 = LINE('',#2382,#2383);
#2382 = CARTESIAN_POINT('',(5.65000075,4.888052765254,5.341217693382));
#2383 = VECTOR('',#2384,1.);
#2384 = DIRECTION('',(1.499759782662E-32,1.224646799147E-16,-1.));
#2385 = ORIENTED_EDGE('',*,*,#2386,.T.);
#2386 = EDGE_CURVE('',#2379,#2387,#2389,.T.);
#2387 = VERTEX_POINT('',#2388);
#2388 = CARTESIAN_POINT('',(2.00000075,4.888052765254,3.971217693382));
#2389 = LINE('',#2390,#2391);
#2390 = CARTESIAN_POINT('',(5.65000075,4.888052765254,3.971217693382));
#2391 = VECTOR('',#2392,1.);
#2392 = DIRECTION('',(-1.,1.224646799147E-16,0.));
#2393 = ORIENTED_EDGE('',*,*,#2394,.F.);
#2394 = EDGE_CURVE('',#1829,#2387,#2395,.T.);
#2395 = LINE('',#2396,#2397);
#2396 = CARTESIAN_POINT('',(2.00000075,4.888052765254,1.721217693382));
#2397 = VECTOR('',#2398,1.);
#2398 = DIRECTION('',(-1.499759782662E-32,-1.224646799147E-16,1.));
#2399 = ORIENTED_EDGE('',*,*,#1828,.F.);
#2400 = ORIENTED_EDGE('',*,*,#2401,.T.);
#2401 = EDGE_CURVE('',#1821,#2402,#2404,.T.);
#2402 = VERTEX_POINT('',#2403);
#2403 = CARTESIAN_POINT('',(14.50000075,4.888052765254,3.971217693382));
#2404 = LINE('',#2405,#2406);
#2405 = CARTESIAN_POINT('',(14.50000075,4.888052765254,1.721217693382));
#2406 = VECTOR('',#2407,1.);
#2407 = DIRECTION('',(-1.499759782662E-32,-1.224646799147E-16,1.));
#2408 = ORIENTED_EDGE('',*,*,#2409,.T.);
#2409 = EDGE_CURVE('',#2402,#2410,#2412,.T.);
#2410 = VERTEX_POINT('',#2411);
#2411 = CARTESIAN_POINT('',(10.85000075,4.888052765254,3.971217693382));
#2412 = LINE('',#2413,#2414);
#2413 = CARTESIAN_POINT('',(14.50000075,4.888052765254,3.971217693382));
#2414 = VECTOR('',#2415,1.);
#2415 = DIRECTION('',(-1.,1.224646799147E-16,0.));
#2416 = ORIENTED_EDGE('',*,*,#2417,.T.);
#2417 = EDGE_CURVE('',#2410,#2418,#2420,.T.);
#2418 = VERTEX_POINT('',#2419);
#2419 = CARTESIAN_POINT('',(10.85000075,4.888052765254,5.341217693382));
#2420 = LINE('',#2421,#2422);
#2421 = CARTESIAN_POINT('',(10.85000075,4.888052765254,3.971217693382));
#2422 = VECTOR('',#2423,1.);
#2423 = DIRECTION('',(-1.499759782662E-32,-1.224646799147E-16,1.));
#2424 = ORIENTED_EDGE('',*,*,#2425,.T.);
#2425 = EDGE_CURVE('',#2418,#2426,#2428,.T.);
#2426 = VERTEX_POINT('',#2427);
#2427 = CARTESIAN_POINT('',(11.10000075,4.888052765254,5.591217693382));
#2428 = CIRCLE('',#2429,0.25);
#2429 = AXIS2_PLACEMENT_3D('',#2430,#2431,#2432);
#2430 = CARTESIAN_POINT('',(11.10000075,4.888052765254,5.341217693382));
#2431 = DIRECTION('',(1.224646799147E-16,1.,1.224646799147E-16));
#2432 = DIRECTION('',(-1.,1.224646799147E-16,0.));
#2433 = ORIENTED_EDGE('',*,*,#2434,.T.);
#2434 = EDGE_CURVE('',#2426,#2435,#2437,.T.);
#2435 = VERTEX_POINT('',#2436);
#2436 = CARTESIAN_POINT('',(14.25000075,4.888052765254,5.591217693382));
#2437 = LINE('',#2438,#2439);
#2438 = CARTESIAN_POINT('',(11.10000075,4.888052765254,5.591217693382));
#2439 = VECTOR('',#2440,1.);
#2440 = DIRECTION('',(1.,-1.224646799147E-16,0.));
#2441 = ORIENTED_EDGE('',*,*,#2442,.T.);
#2442 = EDGE_CURVE('',#2435,#2443,#2445,.T.);
#2443 = VERTEX_POINT('',#2444);
#2444 = CARTESIAN_POINT('',(14.50000075,4.888052765254,5.341217693382));
#2445 = CIRCLE('',#2446,0.25);
#2446 = AXIS2_PLACEMENT_3D('',#2447,#2448,#2449);
#2447 = CARTESIAN_POINT('',(14.25000075,4.888052765254,5.341217693382));
#2448 = DIRECTION('',(1.224646799147E-16,1.,1.224646799147E-16));
#2449 = DIRECTION('',(-1.499759782662E-32,-1.224646799147E-16,1.));
#2450 = ORIENTED_EDGE('',*,*,#2451,.T.);
#2451 = EDGE_CURVE('',#2443,#2452,#2454,.T.);
#2452 = VERTEX_POINT('',#2453);
#2453 = CARTESIAN_POINT('',(14.50000075,4.888052765254,6.121217693382));
#2454 = LINE('',#2455,#2456);
#2455 = CARTESIAN_POINT('',(14.50000075,4.888052765254,5.341217693382));
#2456 = VECTOR('',#2457,1.);
#2457 = DIRECTION('',(-1.499759782662E-32,-1.224646799147E-16,1.));
#2458 = ORIENTED_EDGE('',*,*,#2459,.T.);
#2459 = EDGE_CURVE('',#2452,#2460,#2462,.T.);
#2460 = VERTEX_POINT('',#2461);
#2461 = CARTESIAN_POINT('',(10.85000075,4.888052765254,6.121217693382));
#2462 = LINE('',#2463,#2464);
#2463 = CARTESIAN_POINT('',(14.50000075,4.888052765254,6.121217693382));
#2464 = VECTOR('',#2465,1.);
#2465 = DIRECTION('',(-1.,1.224646799147E-16,0.));
#2466 = ORIENTED_EDGE('',*,*,#2467,.F.);
#2467 = EDGE_CURVE('',#2468,#2460,#2470,.T.);
#2468 = VERTEX_POINT('',#2469);
#2469 = CARTESIAN_POINT('',(10.85000075,4.888052765254,7.121217693382));
#2470 = LINE('',#2471,#2472);
#2471 = CARTESIAN_POINT('',(10.85000075,4.888052765254,7.121217693382));
#2472 = VECTOR('',#2473,1.);
#2473 = DIRECTION('',(1.499759782662E-32,1.224646799147E-16,-1.));
#2474 = ORIENTED_EDGE('',*,*,#2475,.F.);
#2475 = EDGE_CURVE('',#2476,#2468,#2478,.T.);
#2476 = VERTEX_POINT('',#2477);
#2477 = CARTESIAN_POINT('',(10.35000075,4.888052765254,7.121217693382));
#2478 = LINE('',#2479,#2480);
#2479 = CARTESIAN_POINT('',(10.35000075,4.888052765254,7.121217693382));
#2480 = VECTOR('',#2481,1.);
#2481 = DIRECTION('',(1.,-1.224646799147E-16,0.));
#2482 = ORIENTED_EDGE('',*,*,#2483,.T.);
#2483 = EDGE_CURVE('',#2476,#2484,#2486,.T.);
#2484 = VERTEX_POINT('',#2485);
#2485 = CARTESIAN_POINT('',(10.35000075,4.888052765254,7.021217693382));
#2486 = LINE('',#2487,#2488);
#2487 = CARTESIAN_POINT('',(10.35000075,4.888052765254,7.121217693382));
#2488 = VECTOR('',#2489,1.);
#2489 = DIRECTION('',(1.499759782662E-32,1.224646799147E-16,-1.));
#2490 = ORIENTED_EDGE('',*,*,#2491,.F.);
#2491 = EDGE_CURVE('',#2492,#2484,#2494,.T.);
#2492 = VERTEX_POINT('',#2493);
#2493 = CARTESIAN_POINT('',(6.15000075,4.888052765254,7.021217693382));
#2494 = LINE('',#2495,#2496);
#2495 = CARTESIAN_POINT('',(6.15000075,4.888052765254,7.021217693382));
#2496 = VECTOR('',#2497,1.);
#2497 = DIRECTION('',(1.,-1.224646799147E-16,0.));
#2498 = ORIENTED_EDGE('',*,*,#2499,.F.);
#2499 = EDGE_CURVE('',#2500,#2492,#2502,.T.);
#2500 = VERTEX_POINT('',#2501);
#2501 = CARTESIAN_POINT('',(6.15000075,4.888052765254,7.121217693382));
#2502 = LINE('',#2503,#2504);
#2503 = CARTESIAN_POINT('',(6.15000075,4.888052765254,7.121217693382));
#2504 = VECTOR('',#2505,1.);
#2505 = DIRECTION('',(1.499759782662E-32,1.224646799147E-16,-1.));
#2506 = ORIENTED_EDGE('',*,*,#2507,.F.);
#2507 = EDGE_CURVE('',#2508,#2500,#2510,.T.);
#2508 = VERTEX_POINT('',#2509);
#2509 = CARTESIAN_POINT('',(5.65000075,4.888052765254,7.121217693382));
#2510 = LINE('',#2511,#2512);
#2511 = CARTESIAN_POINT('',(5.65000075,4.888052765254,7.121217693382));
#2512 = VECTOR('',#2513,1.);
#2513 = DIRECTION('',(1.,-1.224646799147E-16,0.));
#2514 = ORIENTED_EDGE('',*,*,#2515,.T.);
#2515 = EDGE_CURVE('',#2508,#2335,#2516,.T.);
#2516 = LINE('',#2517,#2518);
#2517 = CARTESIAN_POINT('',(5.65000075,4.888052765254,7.121217693382));
#2518 = VECTOR('',#2519,1.);
#2519 = DIRECTION('',(1.499759782662E-32,1.224646799147E-16,-1.));
#2520 = PLANE('',#2521);
#2521 = AXIS2_PLACEMENT_3D('',#2522,#2523,#2524);
#2522 = CARTESIAN_POINT('',(-0.24999925,4.888052765254,1.721217693382));
#2523 = DIRECTION('',(1.224646799147E-16,1.,1.224646799147E-16));
#2524 = DIRECTION('',(-1.,1.224646799147E-16,0.));
#2525 = ADVANCED_FACE('',(#2526),#2552,.F.);
#2526 = FACE_BOUND('',#2527,.T.);
#2527 = EDGE_LOOP('',(#2528,#2538,#2546));
#2528 = ORIENTED_EDGE('',*,*,#2529,.F.);
#2529 = EDGE_CURVE('',#2530,#2532,#2534,.T.);
#2530 = VERTEX_POINT('',#2531);
#2531 = CARTESIAN_POINT('',(1.90000075,4.888052765254,7.121217693382));
#2532 = VERTEX_POINT('',#2533);
#2533 = CARTESIAN_POINT('',(2.00000075,4.888052765254,7.121217693382));
#2534 = LINE('',#2535,#2536);
#2535 = CARTESIAN_POINT('',(1.90000075,4.888052765254,7.121217693382));
#2536 = VECTOR('',#2537,1.);
#2537 = DIRECTION('',(1.,-1.224646799147E-16,0.));
#2538 = ORIENTED_EDGE('',*,*,#2539,.T.);
#2539 = EDGE_CURVE('',#2530,#2540,#2542,.T.);
#2540 = VERTEX_POINT('',#2541);
#2541 = CARTESIAN_POINT('',(2.00000075,4.888052765254,7.021217693382));
#2542 = LINE('',#2543,#2544);
#2543 = CARTESIAN_POINT('',(1.90000075,4.888052765254,7.121217693382));
#2544 = VECTOR('',#2545,1.);
#2545 = DIRECTION('',(0.707106781187,-1.212873641777E-29,-0.707106781186
    ));
#2546 = ORIENTED_EDGE('',*,*,#2547,.F.);
#2547 = EDGE_CURVE('',#2532,#2540,#2548,.T.);
#2548 = LINE('',#2549,#2550);
#2549 = CARTESIAN_POINT('',(2.00000075,4.888052765254,7.121217693382));
#2550 = VECTOR('',#2551,1.);
#2551 = DIRECTION('',(1.499759782662E-32,1.224646799147E-16,-1.));
#2552 = PLANE('',#2553);
#2553 = AXIS2_PLACEMENT_3D('',#2554,#2555,#2556);
#2554 = CARTESIAN_POINT('',(-0.24999925,4.888052765254,1.721217693382));
#2555 = DIRECTION('',(1.224646799147E-16,1.,1.224646799147E-16));
#2556 = DIRECTION('',(-1.,1.224646799147E-16,0.));
#2557 = ADVANCED_FACE('',(#2558),#2583,.T.);
#2558 = FACE_BOUND('',#2559,.T.);
#2559 = EDGE_LOOP('',(#2560,#2568,#2576,#2582));
#2560 = ORIENTED_EDGE('',*,*,#2561,.F.);
#2561 = EDGE_CURVE('',#2562,#2257,#2564,.T.);
#2562 = VERTEX_POINT('',#2563);
#2563 = CARTESIAN_POINT('',(1.35000075,4.988052765254,7.121217693382));
#2564 = LINE('',#2565,#2566);
#2565 = CARTESIAN_POINT('',(1.35000075,4.988052765254,7.121217693382));
#2566 = VECTOR('',#2567,1.);
#2567 = DIRECTION('',(-0.57735026919,-0.57735026919,-0.57735026919));
#2568 = ORIENTED_EDGE('',*,*,#2569,.F.);
#2569 = EDGE_CURVE('',#2570,#2562,#2572,.T.);
#2570 = VERTEX_POINT('',#2571);
#2571 = CARTESIAN_POINT('',(-0.24999925,4.988052765254,7.121217693382));
#2572 = LINE('',#2573,#2574);
#2573 = CARTESIAN_POINT('',(-0.24999925,4.988052765254,7.121217693382));
#2574 = VECTOR('',#2575,1.);
#2575 = DIRECTION('',(1.,-1.224646799147E-16,0.));
#2576 = ORIENTED_EDGE('',*,*,#2577,.F.);
#2577 = EDGE_CURVE('',#2248,#2570,#2578,.T.);
#2578 = LINE('',#2579,#2580);
#2579 = CARTESIAN_POINT('',(-0.24999925,4.888052765254,7.021217693382));
#2580 = VECTOR('',#2581,1.);
#2581 = DIRECTION('',(8.659560562356E-17,0.707106781187,0.707106781186)
  );
#2582 = ORIENTED_EDGE('',*,*,#2264,.T.);
#2583 = PLANE('',#2584);
#2584 = AXIS2_PLACEMENT_3D('',#2585,#2586,#2587);
#2585 = CARTESIAN_POINT('',(0.50000075,4.938052765254,7.071217693382));
#2586 = DIRECTION('',(-8.659560562355E-17,-0.707106781187,0.707106781187
    ));
#2587 = DIRECTION('',(-8.659560562355E-17,-0.707106781187,
    -0.707106781187));
#2588 = ADVANCED_FACE('',(#2589),#2601,.T.);
#2589 = FACE_BOUND('',#2590,.T.);
#2590 = EDGE_LOOP('',(#2591,#2592,#2593,#2594,#2595));
#2591 = ORIENTED_EDGE('',*,*,#2185,.T.);
#2592 = ORIENTED_EDGE('',*,*,#1868,.F.);
#2593 = ORIENTED_EDGE('',*,*,#2247,.T.);
#2594 = ORIENTED_EDGE('',*,*,#2577,.T.);
#2595 = ORIENTED_EDGE('',*,*,#2596,.F.);
#2596 = EDGE_CURVE('',#2186,#2570,#2597,.T.);
#2597 = LINE('',#2598,#2599);
#2598 = CARTESIAN_POINT('',(-0.24999925,3.408052765254,7.121217693382));
#2599 = VECTOR('',#2600,1.);
#2600 = DIRECTION('',(1.224646799147E-16,1.,1.224646799147E-16));
#2601 = PLANE('',#2602);
#2602 = AXIS2_PLACEMENT_3D('',#2603,#2604,#2605);
#2603 = CARTESIAN_POINT('',(-0.24999925,2.513052765254,4.741217693382));
#2604 = DIRECTION('',(1.,-1.224646799147E-16,0.));
#2605 = DIRECTION('',(1.499759782662E-32,1.224646799147E-16,-1.));
#2606 = ADVANCED_FACE('',(#2607),#2829,.F.);
#2607 = FACE_BOUND('',#2608,.T.);
#2608 = EDGE_LOOP('',(#2609,#2610,#2618,#2626,#2632,#2633,#2641,#2649,
    #2655,#2656,#2664,#2672,#2680,#2686,#2687,#2688,#2689,#2697,#2703,
    #2704,#2712,#2720,#2728,#2736,#2744,#2752,#2758,#2759,#2767,#2775,
    #2781,#2782,#2783,#2784,#2792,#2800,#2806,#2807,#2815,#2823));
#2609 = ORIENTED_EDGE('',*,*,#2507,.T.);
#2610 = ORIENTED_EDGE('',*,*,#2611,.T.);
#2611 = EDGE_CURVE('',#2500,#2612,#2614,.T.);
#2612 = VERTEX_POINT('',#2613);
#2613 = CARTESIAN_POINT('',(6.15000075,4.988052765254,7.121217693382));
#2614 = LINE('',#2615,#2616);
#2615 = CARTESIAN_POINT('',(6.15000075,4.888052765254,7.121217693382));
#2616 = VECTOR('',#2617,1.);
#2617 = DIRECTION('',(1.224646799147E-16,1.,1.224646799147E-16));
#2618 = ORIENTED_EDGE('',*,*,#2619,.T.);
#2619 = EDGE_CURVE('',#2612,#2620,#2622,.T.);
#2620 = VERTEX_POINT('',#2621);
#2621 = CARTESIAN_POINT('',(10.35000075,4.988052765254,7.121217693382));
#2622 = LINE('',#2623,#2624);
#2623 = CARTESIAN_POINT('',(6.15000075,4.988052765254,7.121217693382));
#2624 = VECTOR('',#2625,1.);
#2625 = DIRECTION('',(1.,-1.224646799147E-16,0.));
#2626 = ORIENTED_EDGE('',*,*,#2627,.F.);
#2627 = EDGE_CURVE('',#2476,#2620,#2628,.T.);
#2628 = LINE('',#2629,#2630);
#2629 = CARTESIAN_POINT('',(10.35000075,4.888052765254,7.121217693382));
#2630 = VECTOR('',#2631,1.);
#2631 = DIRECTION('',(1.224646799147E-16,1.,1.224646799147E-16));
#2632 = ORIENTED_EDGE('',*,*,#2475,.T.);
#2633 = ORIENTED_EDGE('',*,*,#2634,.T.);
#2634 = EDGE_CURVE('',#2468,#2635,#2637,.T.);
#2635 = VERTEX_POINT('',#2636);
#2636 = CARTESIAN_POINT('',(10.85000075,5.438052765254,7.121217693382));
#2637 = LINE('',#2638,#2639);
#2638 = CARTESIAN_POINT('',(10.85000075,4.888052765254,7.121217693382));
#2639 = VECTOR('',#2640,1.);
#2640 = DIRECTION('',(1.224646799147E-16,1.,1.224646799147E-16));
#2641 = ORIENTED_EDGE('',*,*,#2642,.T.);
#2642 = EDGE_CURVE('',#2635,#2643,#2645,.T.);
#2643 = VERTEX_POINT('',#2644);
#2644 = CARTESIAN_POINT('',(14.50000075,5.438052765254,7.121217693382));
#2645 = LINE('',#2646,#2647);
#2646 = CARTESIAN_POINT('',(10.85000075,5.438052765254,7.121217693382));
#2647 = VECTOR('',#2648,1.);
#2648 = DIRECTION('',(1.,-1.224646799147E-16,0.));
#2649 = ORIENTED_EDGE('',*,*,#2650,.F.);
#2650 = EDGE_CURVE('',#2313,#2643,#2651,.T.);
#2651 = LINE('',#2652,#2653);
#2652 = CARTESIAN_POINT('',(14.50000075,4.888052765254,7.121217693382));
#2653 = VECTOR('',#2654,1.);
#2654 = DIRECTION('',(1.224646799147E-16,1.,1.224646799147E-16));
#2655 = ORIENTED_EDGE('',*,*,#2312,.T.);
#2656 = ORIENTED_EDGE('',*,*,#2657,.T.);
#2657 = EDGE_CURVE('',#2305,#2658,#2660,.T.);
#2658 = VERTEX_POINT('',#2659);
#2659 = CARTESIAN_POINT('',(14.60000075,3.988052765254,7.121217693382));
#2660 = LINE('',#2661,#2662);
#2661 = CARTESIAN_POINT('',(14.60000075,4.888052765254,7.121217693382));
#2662 = VECTOR('',#2663,1.);
#2663 = DIRECTION('',(-1.224646799147E-16,-1.,-1.224646799147E-16));
#2664 = ORIENTED_EDGE('',*,*,#2665,.T.);
#2665 = EDGE_CURVE('',#2658,#2666,#2668,.T.);
#2666 = VERTEX_POINT('',#2667);
#2667 = CARTESIAN_POINT('',(15.15000075,3.988052765254,7.121217693382));
#2668 = LINE('',#2669,#2670);
#2669 = CARTESIAN_POINT('',(14.60000075,3.988052765254,7.121217693382));
#2670 = VECTOR('',#2671,1.);
#2671 = DIRECTION('',(1.,-1.224646799147E-16,0.));
#2672 = ORIENTED_EDGE('',*,*,#2673,.T.);
#2673 = EDGE_CURVE('',#2666,#2674,#2676,.T.);
#2674 = VERTEX_POINT('',#2675);
#2675 = CARTESIAN_POINT('',(15.15000075,4.988052765254,7.121217693382));
#2676 = LINE('',#2677,#2678);
#2677 = CARTESIAN_POINT('',(15.15000075,3.988052765254,7.121217693382));
#2678 = VECTOR('',#2679,1.);
#2679 = DIRECTION('',(1.224646799147E-16,1.,1.224646799147E-16));
#2680 = ORIENTED_EDGE('',*,*,#2681,.T.);
#2681 = EDGE_CURVE('',#2674,#2218,#2682,.T.);
#2682 = LINE('',#2683,#2684);
#2683 = CARTESIAN_POINT('',(15.15000075,4.988052765254,7.121217693382));
#2684 = VECTOR('',#2685,1.);
#2685 = DIRECTION('',(1.,-1.224646799147E-16,0.));
#2686 = ORIENTED_EDGE('',*,*,#2217,.T.);
#2687 = ORIENTED_EDGE('',*,*,#2082,.T.);
#2688 = ORIENTED_EDGE('',*,*,#2059,.T.);
#2689 = ORIENTED_EDGE('',*,*,#2690,.T.);
#2690 = EDGE_CURVE('',#2052,#2691,#2693,.T.);
#2691 = VERTEX_POINT('',#2692);
#2692 = CARTESIAN_POINT('',(17.45000075,3.378052765254,7.121217693382));
#2693 = LINE('',#2694,#2695);
#2694 = CARTESIAN_POINT('',(17.15000075,3.378052765254,7.121217693382));
#2695 = VECTOR('',#2696,1.);
#2696 = DIRECTION('',(1.,-1.224646799147E-16,0.));
#2697 = ORIENTED_EDGE('',*,*,#2698,.T.);
#2698 = EDGE_CURVE('',#2691,#2124,#2699,.T.);
#2699 = LINE('',#2700,#2701);
#2700 = CARTESIAN_POINT('',(17.45000075,3.378052765254,7.121217693382));
#2701 = VECTOR('',#2702,1.);
#2702 = DIRECTION('',(1.224646799147E-16,1.,1.224646799147E-16));
#2703 = ORIENTED_EDGE('',*,*,#2123,.T.);
#2704 = ORIENTED_EDGE('',*,*,#2705,.T.);
#2705 = EDGE_CURVE('',#2116,#2706,#2708,.T.);
#2706 = VERTEX_POINT('',#2707);
#2707 = CARTESIAN_POINT('',(18.05000075,1.278052765254,7.121217693382));
#2708 = LINE('',#2709,#2710);
#2709 = CARTESIAN_POINT('',(18.05000075,3.408052765254,7.121217693382));
#2710 = VECTOR('',#2711,1.);
#2711 = DIRECTION('',(-1.224646799147E-16,-1.,-1.224646799147E-16));
#2712 = ORIENTED_EDGE('',*,*,#2713,.F.);
#2713 = EDGE_CURVE('',#2714,#2706,#2716,.T.);
#2714 = VERTEX_POINT('',#2715);
#2715 = CARTESIAN_POINT('',(18.70000075,1.278052765254,7.121217693382));
#2716 = LINE('',#2717,#2718);
#2717 = CARTESIAN_POINT('',(18.70000075,1.278052765254,7.121217693382));
#2718 = VECTOR('',#2719,1.);
#2719 = DIRECTION('',(-1.,1.224646799147E-16,0.));
#2720 = ORIENTED_EDGE('',*,*,#2721,.F.);
#2721 = EDGE_CURVE('',#2722,#2714,#2724,.T.);
#2722 = VERTEX_POINT('',#2723);
#2723 = CARTESIAN_POINT('',(18.70000075,5.788052765254,7.121217693382));
#2724 = LINE('',#2725,#2726);
#2725 = CARTESIAN_POINT('',(18.70000075,5.788052765254,7.121217693382));
#2726 = VECTOR('',#2727,1.);
#2727 = DIRECTION('',(-1.224646799147E-16,-1.,-1.224646799147E-16));
#2728 = ORIENTED_EDGE('',*,*,#2729,.T.);
#2729 = EDGE_CURVE('',#2722,#2730,#2732,.T.);
#2730 = VERTEX_POINT('',#2731);
#2731 = CARTESIAN_POINT('',(-2.19999925,5.788052765254,7.121217693382));
#2732 = LINE('',#2733,#2734);
#2733 = CARTESIAN_POINT('',(18.70000075,5.788052765254,7.121217693382));
#2734 = VECTOR('',#2735,1.);
#2735 = DIRECTION('',(-1.,1.224646799147E-16,0.));
#2736 = ORIENTED_EDGE('',*,*,#2737,.T.);
#2737 = EDGE_CURVE('',#2730,#2738,#2740,.T.);
#2738 = VERTEX_POINT('',#2739);
#2739 = CARTESIAN_POINT('',(-2.19999925,1.278052765254,7.121217693382));
#2740 = LINE('',#2741,#2742);
#2741 = CARTESIAN_POINT('',(-2.19999925,5.788052765254,7.121217693382));
#2742 = VECTOR('',#2743,1.);
#2743 = DIRECTION('',(-1.224646799147E-16,-1.,-1.224646799147E-16));
#2744 = ORIENTED_EDGE('',*,*,#2745,.F.);
#2745 = EDGE_CURVE('',#2746,#2738,#2748,.T.);
#2746 = VERTEX_POINT('',#2747);
#2747 = CARTESIAN_POINT('',(-1.54999925,1.278052765254,7.121217693382));
#2748 = LINE('',#2749,#2750);
#2749 = CARTESIAN_POINT('',(-1.54999925,1.278052765254,7.121217693382));
#2750 = VECTOR('',#2751,1.);
#2751 = DIRECTION('',(-1.,1.224646799147E-16,0.));
#2752 = ORIENTED_EDGE('',*,*,#2753,.T.);
#2753 = EDGE_CURVE('',#2746,#2146,#2754,.T.);
#2754 = LINE('',#2755,#2756);
#2755 = CARTESIAN_POINT('',(-1.54999925,1.278052765254,7.121217693382));
#2756 = VECTOR('',#2757,1.);
#2757 = DIRECTION('',(1.224646799147E-16,1.,1.224646799147E-16));
#2758 = ORIENTED_EDGE('',*,*,#2145,.T.);
#2759 = ORIENTED_EDGE('',*,*,#2760,.T.);
#2760 = EDGE_CURVE('',#2148,#2761,#2763,.T.);
#2761 = VERTEX_POINT('',#2762);
#2762 = CARTESIAN_POINT('',(-0.94999925,3.378052765254,7.121217693382));
#2763 = LINE('',#2764,#2765);
#2764 = CARTESIAN_POINT('',(-0.94999925,3.408052765254,7.121217693382));
#2765 = VECTOR('',#2766,1.);
#2766 = DIRECTION('',(-1.224646799147E-16,-1.,-1.224646799147E-16));
#2767 = ORIENTED_EDGE('',*,*,#2768,.T.);
#2768 = EDGE_CURVE('',#2761,#2769,#2771,.T.);
#2769 = VERTEX_POINT('',#2770);
#2770 = CARTESIAN_POINT('',(-0.64999925,3.378052765254,7.121217693382));
#2771 = LINE('',#2772,#2773);
#2772 = CARTESIAN_POINT('',(-0.94999925,3.378052765254,7.121217693382));
#2773 = VECTOR('',#2774,1.);
#2774 = DIRECTION('',(1.,-1.224646799147E-16,0.));
#2775 = ORIENTED_EDGE('',*,*,#2776,.T.);
#2776 = EDGE_CURVE('',#2769,#2194,#2777,.T.);
#2777 = LINE('',#2778,#2779);
#2778 = CARTESIAN_POINT('',(-0.64999925,3.378052765254,7.121217693382));
#2779 = VECTOR('',#2780,1.);
#2780 = DIRECTION('',(1.224646799147E-16,1.,1.224646799147E-16));
#2781 = ORIENTED_EDGE('',*,*,#2193,.T.);
#2782 = ORIENTED_EDGE('',*,*,#2596,.T.);
#2783 = ORIENTED_EDGE('',*,*,#2569,.T.);
#2784 = ORIENTED_EDGE('',*,*,#2785,.T.);
#2785 = EDGE_CURVE('',#2562,#2786,#2788,.T.);
#2786 = VERTEX_POINT('',#2787);
#2787 = CARTESIAN_POINT('',(1.35000075,3.988052765254,7.121217693382));
#2788 = LINE('',#2789,#2790);
#2789 = CARTESIAN_POINT('',(1.35000075,4.988052765254,7.121217693382));
#2790 = VECTOR('',#2791,1.);
#2791 = DIRECTION('',(-1.224646799147E-16,-1.,-1.224646799147E-16));
#2792 = ORIENTED_EDGE('',*,*,#2793,.T.);
#2793 = EDGE_CURVE('',#2786,#2794,#2796,.T.);
#2794 = VERTEX_POINT('',#2795);
#2795 = CARTESIAN_POINT('',(1.90000075,3.988052765254,7.121217693382));
#2796 = LINE('',#2797,#2798);
#2797 = CARTESIAN_POINT('',(1.35000075,3.988052765254,7.121217693382));
#2798 = VECTOR('',#2799,1.);
#2799 = DIRECTION('',(1.,-1.224646799147E-16,0.));
#2800 = ORIENTED_EDGE('',*,*,#2801,.T.);
#2801 = EDGE_CURVE('',#2794,#2530,#2802,.T.);
#2802 = LINE('',#2803,#2804);
#2803 = CARTESIAN_POINT('',(1.90000075,3.988052765254,7.121217693382));
#2804 = VECTOR('',#2805,1.);
#2805 = DIRECTION('',(1.224646799147E-16,1.,1.224646799147E-16));
#2806 = ORIENTED_EDGE('',*,*,#2529,.T.);
#2807 = ORIENTED_EDGE('',*,*,#2808,.T.);
#2808 = EDGE_CURVE('',#2532,#2809,#2811,.T.);
#2809 = VERTEX_POINT('',#2810);
#2810 = CARTESIAN_POINT('',(2.00000075,5.438052765254,7.121217693382));
#2811 = LINE('',#2812,#2813);
#2812 = CARTESIAN_POINT('',(2.00000075,4.888052765254,7.121217693382));
#2813 = VECTOR('',#2814,1.);
#2814 = DIRECTION('',(1.224646799147E-16,1.,1.224646799147E-16));
#2815 = ORIENTED_EDGE('',*,*,#2816,.F.);
#2816 = EDGE_CURVE('',#2817,#2809,#2819,.T.);
#2817 = VERTEX_POINT('',#2818);
#2818 = CARTESIAN_POINT('',(5.65000075,5.438052765254,7.121217693382));
#2819 = LINE('',#2820,#2821);
#2820 = CARTESIAN_POINT('',(5.65000075,5.438052765254,7.121217693382));
#2821 = VECTOR('',#2822,1.);
#2822 = DIRECTION('',(-1.,1.224646799147E-16,0.));
#2823 = ORIENTED_EDGE('',*,*,#2824,.F.);
#2824 = EDGE_CURVE('',#2508,#2817,#2825,.T.);
#2825 = LINE('',#2826,#2827);
#2826 = CARTESIAN_POINT('',(5.65000075,4.888052765254,7.121217693382));
#2827 = VECTOR('',#2828,1.);
#2828 = DIRECTION('',(1.224646799147E-16,1.,1.224646799147E-16));
#2829 = PLANE('',#2830);
#2830 = AXIS2_PLACEMENT_3D('',#2831,#2832,#2833);
#2831 = CARTESIAN_POINT('',(18.70000075,1.278052765254,7.121217693382));
#2832 = DIRECTION('',(1.499759782662E-32,1.224646799147E-16,-1.));
#2833 = DIRECTION('',(-1.,1.224646799147E-16,0.));
#2834 = ADVANCED_FACE('',(#2835),#2845,.F.);
#2835 = FACE_BOUND('',#2836,.T.);
#2836 = EDGE_LOOP('',(#2837,#2843,#2844));
#2837 = ORIENTED_EDGE('',*,*,#2838,.F.);
#2838 = EDGE_CURVE('',#2335,#2817,#2839,.T.);
#2839 = LINE('',#2840,#2841);
#2840 = CARTESIAN_POINT('',(5.65000075,4.888052765254,6.121217693382));
#2841 = VECTOR('',#2842,1.);
#2842 = DIRECTION('',(5.901802543576E-17,0.481918749772,0.876215908677)
  );
#2843 = ORIENTED_EDGE('',*,*,#2515,.F.);
#2844 = ORIENTED_EDGE('',*,*,#2824,.T.);
#2845 = PLANE('',#2846);
#2846 = AXIS2_PLACEMENT_3D('',#2847,#2848,#2849);
#2847 = CARTESIAN_POINT('',(5.65000075,2.513052765254,4.741217693382));
#2848 = DIRECTION('',(1.,-1.224646799147E-16,0.));
#2849 = DIRECTION('',(1.499759782662E-32,1.224646799147E-16,-1.));
#2850 = ADVANCED_FACE('',(#2851),#2862,.T.);
#2851 = FACE_BOUND('',#2852,.T.);
#2852 = EDGE_LOOP('',(#2853,#2859,#2860,#2861));
#2853 = ORIENTED_EDGE('',*,*,#2854,.F.);
#2854 = EDGE_CURVE('',#2337,#2809,#2855,.T.);
#2855 = LINE('',#2856,#2857);
#2856 = CARTESIAN_POINT('',(2.00000075,4.888052765254,6.121217693382));
#2857 = VECTOR('',#2858,1.);
#2858 = DIRECTION('',(5.901802543576E-17,0.481918749772,0.876215908677)
  );
#2859 = ORIENTED_EDGE('',*,*,#2334,.F.);
#2860 = ORIENTED_EDGE('',*,*,#2838,.T.);
#2861 = ORIENTED_EDGE('',*,*,#2816,.T.);
#2862 = PLANE('',#2863);
#2863 = AXIS2_PLACEMENT_3D('',#2864,#2865,#2866);
#2864 = CARTESIAN_POINT('',(5.65000075,4.888052765254,6.121217693382));
#2865 = DIRECTION('',(-1.073055007923E-16,-0.876215908677,0.481918749772
    ));
#2866 = DIRECTION('',(5.901802543576E-17,0.481918749772,0.876215908677)
  );
#2867 = ADVANCED_FACE('',(#2868),#2912,.T.);
#2868 = FACE_BOUND('',#2869,.T.);
#2869 = EDGE_LOOP('',(#2870,#2878,#2879,#2880,#2888,#2896,#2902,#2903,
    #2904,#2905,#2906));
#2870 = ORIENTED_EDGE('',*,*,#2871,.F.);
#2871 = EDGE_CURVE('',#1837,#2872,#2874,.T.);
#2872 = VERTEX_POINT('',#2873);
#2873 = CARTESIAN_POINT('',(2.00000075,3.888052765254,7.021217693382));
#2874 = LINE('',#2875,#2876);
#2875 = CARTESIAN_POINT('',(2.00000075,3.888052765254,1.721217693382));
#2876 = VECTOR('',#2877,1.);
#2877 = DIRECTION('',(-1.499759782662E-32,-1.224646799147E-16,1.));
#2878 = ORIENTED_EDGE('',*,*,#1836,.F.);
#2879 = ORIENTED_EDGE('',*,*,#2394,.T.);
#2880 = ORIENTED_EDGE('',*,*,#2881,.F.);
#2881 = EDGE_CURVE('',#2882,#2387,#2884,.T.);
#2882 = VERTEX_POINT('',#2883);
#2883 = CARTESIAN_POINT('',(2.00000075,5.788052765254,3.971217693382));
#2884 = LINE('',#2885,#2886);
#2885 = CARTESIAN_POINT('',(2.00000075,5.788052765254,3.971217693382));
#2886 = VECTOR('',#2887,1.);
#2887 = DIRECTION('',(-1.224646799147E-16,-1.,-1.224646799147E-16));
#2888 = ORIENTED_EDGE('',*,*,#2889,.T.);
#2889 = EDGE_CURVE('',#2882,#2890,#2892,.T.);
#2890 = VERTEX_POINT('',#2891);
#2891 = CARTESIAN_POINT('',(2.00000075,5.788052765254,5.341217693382));
#2892 = LINE('',#2893,#2894);
#2893 = CARTESIAN_POINT('',(2.00000075,5.788052765254,3.971217693382));
#2894 = VECTOR('',#2895,1.);
#2895 = DIRECTION('',(-1.499759782662E-32,-1.224646799147E-16,1.));
#2896 = ORIENTED_EDGE('',*,*,#2897,.T.);
#2897 = EDGE_CURVE('',#2890,#2345,#2898,.T.);
#2898 = LINE('',#2899,#2900);
#2899 = CARTESIAN_POINT('',(2.00000075,5.788052765254,5.341217693382));
#2900 = VECTOR('',#2901,1.);
#2901 = DIRECTION('',(-1.224646799147E-16,-1.,-1.224646799147E-16));
#2902 = ORIENTED_EDGE('',*,*,#2344,.T.);
#2903 = ORIENTED_EDGE('',*,*,#2854,.T.);
#2904 = ORIENTED_EDGE('',*,*,#2808,.F.);
#2905 = ORIENTED_EDGE('',*,*,#2547,.T.);
#2906 = ORIENTED_EDGE('',*,*,#2907,.F.);
#2907 = EDGE_CURVE('',#2872,#2540,#2908,.T.);
#2908 = LINE('',#2909,#2910);
#2909 = CARTESIAN_POINT('',(2.00000075,3.888052765254,7.021217693382));
#2910 = VECTOR('',#2911,1.);
#2911 = DIRECTION('',(1.224646799147E-16,1.,1.224646799147E-16));
#2912 = PLANE('',#2913);
#2913 = AXIS2_PLACEMENT_3D('',#2914,#2915,#2916);
#2914 = CARTESIAN_POINT('',(2.00000075,3.888052765254,1.721217693382));
#2915 = DIRECTION('',(1.,-1.224646799147E-16,0.));
#2916 = DIRECTION('',(1.499759782662E-32,1.224646799147E-16,-1.));
#2917 = ADVANCED_FACE('',(#2918),#2929,.T.);
#2918 = FACE_BOUND('',#2919,.T.);
#2919 = EDGE_LOOP('',(#2920,#2921,#2922,#2928));
#2920 = ORIENTED_EDGE('',*,*,#2539,.F.);
#2921 = ORIENTED_EDGE('',*,*,#2801,.F.);
#2922 = ORIENTED_EDGE('',*,*,#2923,.T.);
#2923 = EDGE_CURVE('',#2794,#2872,#2924,.T.);
#2924 = LINE('',#2925,#2926);
#2925 = CARTESIAN_POINT('',(1.90000075,3.988052765254,7.121217693382));
#2926 = VECTOR('',#2927,1.);
#2927 = DIRECTION('',(0.57735026919,-0.57735026919,-0.57735026919));
#2928 = ORIENTED_EDGE('',*,*,#2907,.T.);
#2929 = PLANE('',#2930);
#2930 = AXIS2_PLACEMENT_3D('',#2931,#2932,#2933);
#2931 = CARTESIAN_POINT('',(1.95000075,4.388052765254,7.071217693382));
#2932 = DIRECTION('',(0.707106781186,-1.731912112471E-16,0.707106781187)
  );
#2933 = DIRECTION('',(0.707106781187,-1.225199593421E-29,-0.707106781186
    ));
#2934 = ADVANCED_FACE('',(#2935),#2953,.T.);
#2935 = FACE_BOUND('',#2936,.T.);
#2936 = EDGE_LOOP('',(#2937,#2938,#2939,#2947));
#2937 = ORIENTED_EDGE('',*,*,#2923,.F.);
#2938 = ORIENTED_EDGE('',*,*,#2793,.F.);
#2939 = ORIENTED_EDGE('',*,*,#2940,.T.);
#2940 = EDGE_CURVE('',#2786,#2941,#2943,.T.);
#2941 = VERTEX_POINT('',#2942);
#2942 = CARTESIAN_POINT('',(1.25000075,3.888052765254,7.021217693382));
#2943 = LINE('',#2944,#2945);
#2944 = CARTESIAN_POINT('',(1.35000075,3.988052765254,7.121217693382));
#2945 = VECTOR('',#2946,1.);
#2946 = DIRECTION('',(-0.57735026919,-0.57735026919,-0.57735026919));
#2947 = ORIENTED_EDGE('',*,*,#2948,.T.);
#2948 = EDGE_CURVE('',#2941,#2872,#2949,.T.);
#2949 = LINE('',#2950,#2951);
#2950 = CARTESIAN_POINT('',(1.25000075,3.888052765254,7.021217693382));
#2951 = VECTOR('',#2952,1.);
#2952 = DIRECTION('',(1.,-1.224646799147E-16,0.));
#2953 = PLANE('',#2954);
#2954 = AXIS2_PLACEMENT_3D('',#2955,#2956,#2957);
#2955 = CARTESIAN_POINT('',(1.62500075,3.938052765254,7.071217693382));
#2956 = DIRECTION('',(-8.659560562355E-17,-0.707106781187,0.707106781187
    ));
#2957 = DIRECTION('',(-8.659560562355E-17,-0.707106781187,
    -0.707106781187));
#2958 = ADVANCED_FACE('',(#2959),#2970,.T.);
#2959 = FACE_BOUND('',#2960,.T.);
#2960 = EDGE_LOOP('',(#2961,#2967,#2968,#2969));
#2961 = ORIENTED_EDGE('',*,*,#2962,.F.);
#2962 = EDGE_CURVE('',#1845,#2941,#2963,.T.);
#2963 = LINE('',#2964,#2965);
#2964 = CARTESIAN_POINT('',(1.25000075,3.888052765254,1.721217693382));
#2965 = VECTOR('',#2966,1.);
#2966 = DIRECTION('',(-1.499759782662E-32,-1.224646799147E-16,1.));
#2967 = ORIENTED_EDGE('',*,*,#1844,.T.);
#2968 = ORIENTED_EDGE('',*,*,#2871,.T.);
#2969 = ORIENTED_EDGE('',*,*,#2948,.F.);
#2970 = PLANE('',#2971);
#2971 = AXIS2_PLACEMENT_3D('',#2972,#2973,#2974);
#2972 = CARTESIAN_POINT('',(1.25000075,3.888052765254,1.721217693382));
#2973 = DIRECTION('',(-1.224646799147E-16,-1.,-1.224646799147E-16));
#2974 = DIRECTION('',(-1.499759782662E-32,-1.224646799147E-16,1.));
#2975 = ADVANCED_FACE('',(#2976),#2987,.T.);
#2976 = FACE_BOUND('',#2977,.T.);
#2977 = EDGE_LOOP('',(#2978,#2979,#2980,#2981));
#2978 = ORIENTED_EDGE('',*,*,#2256,.F.);
#2979 = ORIENTED_EDGE('',*,*,#1852,.T.);
#2980 = ORIENTED_EDGE('',*,*,#2962,.T.);
#2981 = ORIENTED_EDGE('',*,*,#2982,.F.);
#2982 = EDGE_CURVE('',#2257,#2941,#2983,.T.);
#2983 = LINE('',#2984,#2985);
#2984 = CARTESIAN_POINT('',(1.25000075,4.888052765254,7.021217693382));
#2985 = VECTOR('',#2986,1.);
#2986 = DIRECTION('',(-1.224646799147E-16,-1.,-1.224646799147E-16));
#2987 = PLANE('',#2988);
#2988 = AXIS2_PLACEMENT_3D('',#2989,#2990,#2991);
#2989 = CARTESIAN_POINT('',(1.25000075,4.888052765254,1.721217693382));
#2990 = DIRECTION('',(-1.,1.224646799147E-16,0.));
#2991 = DIRECTION('',(1.224646799147E-16,1.,1.224646799147E-16));
#2992 = ADVANCED_FACE('',(#2993),#2999,.T.);
#2993 = FACE_BOUND('',#2994,.T.);
#2994 = EDGE_LOOP('',(#2995,#2996,#2997,#2998));
#2995 = ORIENTED_EDGE('',*,*,#2940,.F.);
#2996 = ORIENTED_EDGE('',*,*,#2785,.F.);
#2997 = ORIENTED_EDGE('',*,*,#2561,.T.);
#2998 = ORIENTED_EDGE('',*,*,#2982,.T.);
#2999 = PLANE('',#3000);
#3000 = AXIS2_PLACEMENT_3D('',#3001,#3002,#3003);
#3001 = CARTESIAN_POINT('',(1.30000075,4.388052765254,7.071217693382));
#3002 = DIRECTION('',(-0.707106781186,-1.225199593421E-29,0.707106781187
    ));
#3003 = DIRECTION('',(-1.224646799147E-16,-1.,-1.224646799147E-16));
#3004 = ADVANCED_FACE('',(#3005),#3024,.F.);
#3005 = FACE_BOUND('',#3006,.F.);
#3006 = EDGE_LOOP('',(#3007,#3016,#3017,#3018));
#3007 = ORIENTED_EDGE('',*,*,#3008,.F.);
#3008 = EDGE_CURVE('',#2890,#3009,#3011,.T.);
#3009 = VERTEX_POINT('',#3010);
#3010 = CARTESIAN_POINT('',(2.25000075,5.788052765254,5.591217693382));
#3011 = CIRCLE('',#3012,0.25);
#3012 = AXIS2_PLACEMENT_3D('',#3013,#3014,#3015);
#3013 = CARTESIAN_POINT('',(2.25000075,5.788052765254,5.341217693382));
#3014 = DIRECTION('',(1.224646799147E-16,1.,1.224646799147E-16));
#3015 = DIRECTION('',(-1.,1.224646799147E-16,0.));
#3016 = ORIENTED_EDGE('',*,*,#2897,.T.);
#3017 = ORIENTED_EDGE('',*,*,#2352,.T.);
#3018 = ORIENTED_EDGE('',*,*,#3019,.F.);
#3019 = EDGE_CURVE('',#3009,#2353,#3020,.T.);
#3020 = LINE('',#3021,#3022);
#3021 = CARTESIAN_POINT('',(2.25000075,5.788052765254,5.591217693382));
#3022 = VECTOR('',#3023,1.);
#3023 = DIRECTION('',(-1.224646799147E-16,-1.,-1.224646799147E-16));
#3024 = CYLINDRICAL_SURFACE('',#3025,0.25);
#3025 = AXIS2_PLACEMENT_3D('',#3026,#3027,#3028);
#3026 = CARTESIAN_POINT('',(2.25000075,5.788052765254,5.341217693382));
#3027 = DIRECTION('',(-1.224646799147E-16,-1.,-1.224646799147E-16));
#3028 = DIRECTION('',(1.,-1.224646799147E-16,0.));
#3029 = ADVANCED_FACE('',(#3030,#3055,#3090),#3142,.T.);
#3030 = FACE_BOUND('',#3031,.T.);
#3031 = EDGE_LOOP('',(#3032,#3040,#3041,#3049));
#3032 = ORIENTED_EDGE('',*,*,#3033,.T.);
#3033 = EDGE_CURVE('',#3034,#2730,#3036,.T.);
#3034 = VERTEX_POINT('',#3035);
#3035 = CARTESIAN_POINT('',(-2.19999925,5.788052765254,0.921217693382));
#3036 = LINE('',#3037,#3038);
#3037 = CARTESIAN_POINT('',(-2.19999925,5.788052765254,0.921217693382));
#3038 = VECTOR('',#3039,1.);
#3039 = DIRECTION('',(-1.499759782662E-32,-1.224646799147E-16,1.));
#3040 = ORIENTED_EDGE('',*,*,#2729,.F.);
#3041 = ORIENTED_EDGE('',*,*,#3042,.F.);
#3042 = EDGE_CURVE('',#3043,#2722,#3045,.T.);
#3043 = VERTEX_POINT('',#3044);
#3044 = CARTESIAN_POINT('',(18.70000075,5.788052765254,0.921217693382));
#3045 = LINE('',#3046,#3047);
#3046 = CARTESIAN_POINT('',(18.70000075,5.788052765254,0.921217693382));
#3047 = VECTOR('',#3048,1.);
#3048 = DIRECTION('',(-1.499759782662E-32,-1.224646799147E-16,1.));
#3049 = ORIENTED_EDGE('',*,*,#3050,.T.);
#3050 = EDGE_CURVE('',#3043,#3034,#3051,.T.);
#3051 = LINE('',#3052,#3053);
#3052 = CARTESIAN_POINT('',(18.70000075,5.788052765254,0.921217693382));
#3053 = VECTOR('',#3054,1.);
#3054 = DIRECTION('',(-1.,1.224646799147E-16,0.));
#3055 = FACE_BOUND('',#3056,.T.);
#3056 = EDGE_LOOP('',(#3057,#3067,#3076,#3082,#3083,#3084));
#3057 = ORIENTED_EDGE('',*,*,#3058,.F.);
#3058 = EDGE_CURVE('',#3059,#3061,#3063,.T.);
#3059 = VERTEX_POINT('',#3060);
#3060 = CARTESIAN_POINT('',(5.65000075,5.788052765254,5.341217693382));
#3061 = VERTEX_POINT('',#3062);
#3062 = CARTESIAN_POINT('',(5.65000075,5.788052765254,3.971217693382));
#3063 = LINE('',#3064,#3065);
#3064 = CARTESIAN_POINT('',(5.65000075,5.788052765254,5.341217693382));
#3065 = VECTOR('',#3066,1.);
#3066 = DIRECTION('',(1.499759782662E-32,1.224646799147E-16,-1.));
#3067 = ORIENTED_EDGE('',*,*,#3068,.F.);
#3068 = EDGE_CURVE('',#3069,#3059,#3071,.T.);
#3069 = VERTEX_POINT('',#3070);
#3070 = CARTESIAN_POINT('',(5.40000075,5.788052765254,5.591217693382));
#3071 = CIRCLE('',#3072,0.25);
#3072 = AXIS2_PLACEMENT_3D('',#3073,#3074,#3075);
#3073 = CARTESIAN_POINT('',(5.40000075,5.788052765254,5.341217693382));
#3074 = DIRECTION('',(1.224646799147E-16,1.,1.224646799147E-16));
#3075 = DIRECTION('',(-1.499759782662E-32,-1.224646799147E-16,1.));
#3076 = ORIENTED_EDGE('',*,*,#3077,.F.);
#3077 = EDGE_CURVE('',#3009,#3069,#3078,.T.);
#3078 = LINE('',#3079,#3080);
#3079 = CARTESIAN_POINT('',(2.25000075,5.788052765254,5.591217693382));
#3080 = VECTOR('',#3081,1.);
#3081 = DIRECTION('',(1.,-1.224646799147E-16,0.));
#3082 = ORIENTED_EDGE('',*,*,#3008,.F.);
#3083 = ORIENTED_EDGE('',*,*,#2889,.F.);
#3084 = ORIENTED_EDGE('',*,*,#3085,.F.);
#3085 = EDGE_CURVE('',#3061,#2882,#3086,.T.);
#3086 = LINE('',#3087,#3088);
#3087 = CARTESIAN_POINT('',(5.65000075,5.788052765254,3.971217693382));
#3088 = VECTOR('',#3089,1.);
#3089 = DIRECTION('',(-1.,1.224646799147E-16,0.));
#3090 = FACE_BOUND('',#3091,.T.);
#3091 = EDGE_LOOP('',(#3092,#3102,#3110,#3119,#3127,#3136));
#3092 = ORIENTED_EDGE('',*,*,#3093,.F.);
#3093 = EDGE_CURVE('',#3094,#3096,#3098,.T.);
#3094 = VERTEX_POINT('',#3095);
#3095 = CARTESIAN_POINT('',(14.50000075,5.788052765254,3.971217693382));
#3096 = VERTEX_POINT('',#3097);
#3097 = CARTESIAN_POINT('',(10.85000075,5.788052765254,3.971217693382));
#3098 = LINE('',#3099,#3100);
#3099 = CARTESIAN_POINT('',(14.50000075,5.788052765254,3.971217693382));
#3100 = VECTOR('',#3101,1.);
#3101 = DIRECTION('',(-1.,1.224646799147E-16,0.));
#3102 = ORIENTED_EDGE('',*,*,#3103,.F.);
#3103 = EDGE_CURVE('',#3104,#3094,#3106,.T.);
#3104 = VERTEX_POINT('',#3105);
#3105 = CARTESIAN_POINT('',(14.50000075,5.788052765254,5.341217693382));
#3106 = LINE('',#3107,#3108);
#3107 = CARTESIAN_POINT('',(14.50000075,5.788052765254,5.341217693382));
#3108 = VECTOR('',#3109,1.);
#3109 = DIRECTION('',(1.499759782662E-32,1.224646799147E-16,-1.));
#3110 = ORIENTED_EDGE('',*,*,#3111,.F.);
#3111 = EDGE_CURVE('',#3112,#3104,#3114,.T.);
#3112 = VERTEX_POINT('',#3113);
#3113 = CARTESIAN_POINT('',(14.25000075,5.788052765254,5.591217693382));
#3114 = CIRCLE('',#3115,0.25);
#3115 = AXIS2_PLACEMENT_3D('',#3116,#3117,#3118);
#3116 = CARTESIAN_POINT('',(14.25000075,5.788052765254,5.341217693382));
#3117 = DIRECTION('',(1.224646799147E-16,1.,1.224646799147E-16));
#3118 = DIRECTION('',(-1.499759782662E-32,-1.224646799147E-16,1.));
#3119 = ORIENTED_EDGE('',*,*,#3120,.F.);
#3120 = EDGE_CURVE('',#3121,#3112,#3123,.T.);
#3121 = VERTEX_POINT('',#3122);
#3122 = CARTESIAN_POINT('',(11.10000075,5.788052765254,5.591217693382));
#3123 = LINE('',#3124,#3125);
#3124 = CARTESIAN_POINT('',(11.10000075,5.788052765254,5.591217693382));
#3125 = VECTOR('',#3126,1.);
#3126 = DIRECTION('',(1.,-1.224646799147E-16,0.));
#3127 = ORIENTED_EDGE('',*,*,#3128,.F.);
#3128 = EDGE_CURVE('',#3129,#3121,#3131,.T.);
#3129 = VERTEX_POINT('',#3130);
#3130 = CARTESIAN_POINT('',(10.85000075,5.788052765254,5.341217693382));
#3131 = CIRCLE('',#3132,0.25);
#3132 = AXIS2_PLACEMENT_3D('',#3133,#3134,#3135);
#3133 = CARTESIAN_POINT('',(11.10000075,5.788052765254,5.341217693382));
#3134 = DIRECTION('',(1.224646799147E-16,1.,1.224646799147E-16));
#3135 = DIRECTION('',(-1.,1.224646799147E-16,0.));
#3136 = ORIENTED_EDGE('',*,*,#3137,.F.);
#3137 = EDGE_CURVE('',#3096,#3129,#3138,.T.);
#3138 = LINE('',#3139,#3140);
#3139 = CARTESIAN_POINT('',(10.85000075,5.788052765254,3.971217693382));
#3140 = VECTOR('',#3141,1.);
#3141 = DIRECTION('',(-1.499759782662E-32,-1.224646799147E-16,1.));
#3142 = PLANE('',#3143);
#3143 = AXIS2_PLACEMENT_3D('',#3144,#3145,#3146);
#3144 = CARTESIAN_POINT('',(18.70000075,5.788052765254,
    -2.878230661791E-02));
#3145 = DIRECTION('',(1.224646799147E-16,1.,1.224646799147E-16));
#3146 = DIRECTION('',(-1.,1.224646799147E-16,0.));
#3147 = ADVANCED_FACE('',(#3148),#3164,.F.);
#3148 = FACE_BOUND('',#3149,.T.);
#3149 = EDGE_LOOP('',(#3150,#3156,#3157,#3163));
#3150 = ORIENTED_EDGE('',*,*,#3151,.T.);
#3151 = EDGE_CURVE('',#3129,#2418,#3152,.T.);
#3152 = LINE('',#3153,#3154);
#3153 = CARTESIAN_POINT('',(10.85000075,5.788052765254,5.341217693382));
#3154 = VECTOR('',#3155,1.);
#3155 = DIRECTION('',(-1.224646799147E-16,-1.,-1.224646799147E-16));
#3156 = ORIENTED_EDGE('',*,*,#2417,.F.);
#3157 = ORIENTED_EDGE('',*,*,#3158,.F.);
#3158 = EDGE_CURVE('',#3096,#2410,#3159,.T.);
#3159 = LINE('',#3160,#3161);
#3160 = CARTESIAN_POINT('',(10.85000075,5.788052765254,3.971217693382));
#3161 = VECTOR('',#3162,1.);
#3162 = DIRECTION('',(-1.224646799147E-16,-1.,-1.224646799147E-16));
#3163 = ORIENTED_EDGE('',*,*,#3137,.T.);
#3164 = PLANE('',#3165);
#3165 = AXIS2_PLACEMENT_3D('',#3166,#3167,#3168);
#3166 = CARTESIAN_POINT('',(10.85000075,5.788052765254,3.971217693382));
#3167 = DIRECTION('',(-1.,1.224646799147E-16,0.));
#3168 = DIRECTION('',(1.224646799147E-16,1.,1.224646799147E-16));
#3169 = ADVANCED_FACE('',(#3170),#3181,.F.);
#3170 = FACE_BOUND('',#3171,.T.);
#3171 = EDGE_LOOP('',(#3172,#3173,#3174,#3180));
#3172 = ORIENTED_EDGE('',*,*,#3158,.T.);
#3173 = ORIENTED_EDGE('',*,*,#2409,.F.);
#3174 = ORIENTED_EDGE('',*,*,#3175,.F.);
#3175 = EDGE_CURVE('',#3094,#2402,#3176,.T.);
#3176 = LINE('',#3177,#3178);
#3177 = CARTESIAN_POINT('',(14.50000075,5.788052765254,3.971217693382));
#3178 = VECTOR('',#3179,1.);
#3179 = DIRECTION('',(-1.224646799147E-16,-1.,-1.224646799147E-16));
#3180 = ORIENTED_EDGE('',*,*,#3093,.T.);
#3181 = PLANE('',#3182);
#3182 = AXIS2_PLACEMENT_3D('',#3183,#3184,#3185);
#3183 = CARTESIAN_POINT('',(14.50000075,5.788052765254,3.971217693382));
#3184 = DIRECTION('',(1.499759782662E-32,1.224646799147E-16,-1.));
#3185 = DIRECTION('',(-1.,1.224646799147E-16,0.));
#3186 = ADVANCED_FACE('',(#3187),#3222,.T.);
#3187 = FACE_BOUND('',#3188,.T.);
#3188 = EDGE_LOOP('',(#3189,#3195,#3196,#3197,#3198,#3199,#3207,#3213,
    #3214,#3215,#3221));
#3189 = ORIENTED_EDGE('',*,*,#3190,.F.);
#3190 = EDGE_CURVE('',#3104,#2443,#3191,.T.);
#3191 = LINE('',#3192,#3193);
#3192 = CARTESIAN_POINT('',(14.50000075,5.788052765254,5.341217693382));
#3193 = VECTOR('',#3194,1.);
#3194 = DIRECTION('',(-1.224646799147E-16,-1.,-1.224646799147E-16));
#3195 = ORIENTED_EDGE('',*,*,#3103,.T.);
#3196 = ORIENTED_EDGE('',*,*,#3175,.T.);
#3197 = ORIENTED_EDGE('',*,*,#2401,.F.);
#3198 = ORIENTED_EDGE('',*,*,#1820,.T.);
#3199 = ORIENTED_EDGE('',*,*,#3200,.T.);
#3200 = EDGE_CURVE('',#1813,#3201,#3203,.T.);
#3201 = VERTEX_POINT('',#3202);
#3202 = CARTESIAN_POINT('',(14.50000075,3.888052765254,7.021217693382));
#3203 = LINE('',#3204,#3205);
#3204 = CARTESIAN_POINT('',(14.50000075,3.888052765254,1.721217693382));
#3205 = VECTOR('',#3206,1.);
#3206 = DIRECTION('',(-1.499759782662E-32,-1.224646799147E-16,1.));
#3207 = ORIENTED_EDGE('',*,*,#3208,.F.);
#3208 = EDGE_CURVE('',#2303,#3201,#3209,.T.);
#3209 = LINE('',#3210,#3211);
#3210 = CARTESIAN_POINT('',(14.50000075,4.888052765254,7.021217693382));
#3211 = VECTOR('',#3212,1.);
#3212 = DIRECTION('',(-1.224646799147E-16,-1.,-1.224646799147E-16));
#3213 = ORIENTED_EDGE('',*,*,#2320,.F.);
#3214 = ORIENTED_EDGE('',*,*,#2650,.T.);
#3215 = ORIENTED_EDGE('',*,*,#3216,.F.);
#3216 = EDGE_CURVE('',#2452,#2643,#3217,.T.);
#3217 = LINE('',#3218,#3219);
#3218 = CARTESIAN_POINT('',(14.50000075,4.888052765254,6.121217693382));
#3219 = VECTOR('',#3220,1.);
#3220 = DIRECTION('',(5.901802543576E-17,0.481918749772,0.876215908677)
  );
#3221 = ORIENTED_EDGE('',*,*,#2451,.F.);
#3222 = PLANE('',#3223);
#3223 = AXIS2_PLACEMENT_3D('',#3224,#3225,#3226);
#3224 = CARTESIAN_POINT('',(14.50000075,4.888052765254,1.721217693382));
#3225 = DIRECTION('',(-1.,1.224646799147E-16,0.));
#3226 = DIRECTION('',(1.224646799147E-16,1.,1.224646799147E-16));
#3227 = ADVANCED_FACE('',(#3228),#3239,.F.);
#3228 = FACE_BOUND('',#3229,.T.);
#3229 = EDGE_LOOP('',(#3230,#3236,#3237,#3238));
#3230 = ORIENTED_EDGE('',*,*,#3231,.F.);
#3231 = EDGE_CURVE('',#2460,#2635,#3232,.T.);
#3232 = LINE('',#3233,#3234);
#3233 = CARTESIAN_POINT('',(10.85000075,4.888052765254,6.121217693382));
#3234 = VECTOR('',#3235,1.);
#3235 = DIRECTION('',(5.901802543576E-17,0.481918749772,0.876215908677)
  );
#3236 = ORIENTED_EDGE('',*,*,#2459,.F.);
#3237 = ORIENTED_EDGE('',*,*,#3216,.T.);
#3238 = ORIENTED_EDGE('',*,*,#2642,.F.);
#3239 = PLANE('',#3240);
#3240 = AXIS2_PLACEMENT_3D('',#3241,#3242,#3243);
#3241 = CARTESIAN_POINT('',(10.85000075,4.888052765254,6.121217693382));
#3242 = DIRECTION('',(1.073055007923E-16,0.876215908677,-0.481918749772)
  );
#3243 = DIRECTION('',(-1.,1.224646799147E-16,0.));
#3244 = ADVANCED_FACE('',(#3245),#3250,.T.);
#3245 = FACE_BOUND('',#3246,.T.);
#3246 = EDGE_LOOP('',(#3247,#3248,#3249));
#3247 = ORIENTED_EDGE('',*,*,#2467,.T.);
#3248 = ORIENTED_EDGE('',*,*,#3231,.T.);
#3249 = ORIENTED_EDGE('',*,*,#2634,.F.);
#3250 = PLANE('',#3251);
#3251 = AXIS2_PLACEMENT_3D('',#3252,#3253,#3254);
#3252 = CARTESIAN_POINT('',(10.85000075,2.513052765254,4.741217693382));
#3253 = DIRECTION('',(1.,-1.224646799147E-16,0.));
#3254 = DIRECTION('',(1.499759782662E-32,1.224646799147E-16,-1.));
#3255 = ADVANCED_FACE('',(#3256),#3267,.T.);
#3256 = FACE_BOUND('',#3257,.T.);
#3257 = EDGE_LOOP('',(#3258,#3264,#3265,#3266));
#3258 = ORIENTED_EDGE('',*,*,#3259,.F.);
#3259 = EDGE_CURVE('',#2658,#3201,#3260,.T.);
#3260 = LINE('',#3261,#3262);
#3261 = CARTESIAN_POINT('',(14.60000075,3.988052765254,7.121217693382));
#3262 = VECTOR('',#3263,1.);
#3263 = DIRECTION('',(-0.57735026919,-0.57735026919,-0.57735026919));
#3264 = ORIENTED_EDGE('',*,*,#2657,.F.);
#3265 = ORIENTED_EDGE('',*,*,#2302,.F.);
#3266 = ORIENTED_EDGE('',*,*,#3208,.T.);
#3267 = PLANE('',#3268);
#3268 = AXIS2_PLACEMENT_3D('',#3269,#3270,#3271);
#3269 = CARTESIAN_POINT('',(14.55000075,4.388052765254,7.071217693382));
#3270 = DIRECTION('',(-0.707106781187,0.,0.707106781187));
#3271 = DIRECTION('',(-1.224646799147E-16,-1.,-1.224646799147E-16));
#3272 = ADVANCED_FACE('',(#3273),#3291,.T.);
#3273 = FACE_BOUND('',#3274,.T.);
#3274 = EDGE_LOOP('',(#3275,#3283,#3284,#3285));
#3275 = ORIENTED_EDGE('',*,*,#3276,.F.);
#3276 = EDGE_CURVE('',#2666,#3277,#3279,.T.);
#3277 = VERTEX_POINT('',#3278);
#3278 = CARTESIAN_POINT('',(15.25000075,3.888052765254,7.021217693382));
#3279 = LINE('',#3280,#3281);
#3280 = CARTESIAN_POINT('',(15.15000075,3.988052765254,7.121217693382));
#3281 = VECTOR('',#3282,1.);
#3282 = DIRECTION('',(0.57735026919,-0.57735026919,-0.57735026919));
#3283 = ORIENTED_EDGE('',*,*,#2665,.F.);
#3284 = ORIENTED_EDGE('',*,*,#3259,.T.);
#3285 = ORIENTED_EDGE('',*,*,#3286,.T.);
#3286 = EDGE_CURVE('',#3201,#3277,#3287,.T.);
#3287 = LINE('',#3288,#3289);
#3288 = CARTESIAN_POINT('',(14.50000075,3.888052765254,7.021217693382));
#3289 = VECTOR('',#3290,1.);
#3290 = DIRECTION('',(1.,-1.224646799147E-16,0.));
#3291 = PLANE('',#3292);
#3292 = AXIS2_PLACEMENT_3D('',#3293,#3294,#3295);
#3293 = CARTESIAN_POINT('',(14.87500075,3.938052765254,7.071217693382));
#3294 = DIRECTION('',(-8.659560562355E-17,-0.707106781187,0.707106781187
    ));
#3295 = DIRECTION('',(-8.659560562355E-17,-0.707106781187,
    -0.707106781187));
#3296 = ADVANCED_FACE('',(#3297),#3308,.T.);
#3297 = FACE_BOUND('',#3298,.T.);
#3298 = EDGE_LOOP('',(#3299,#3300,#3301,#3307));
#3299 = ORIENTED_EDGE('',*,*,#3200,.F.);
#3300 = ORIENTED_EDGE('',*,*,#1812,.T.);
#3301 = ORIENTED_EDGE('',*,*,#3302,.T.);
#3302 = EDGE_CURVE('',#1805,#3277,#3303,.T.);
#3303 = LINE('',#3304,#3305);
#3304 = CARTESIAN_POINT('',(15.25000075,3.888052765254,1.721217693382));
#3305 = VECTOR('',#3306,1.);
#3306 = DIRECTION('',(-1.499759782662E-32,-1.224646799147E-16,1.));
#3307 = ORIENTED_EDGE('',*,*,#3286,.F.);
#3308 = PLANE('',#3309);
#3309 = AXIS2_PLACEMENT_3D('',#3310,#3311,#3312);
#3310 = CARTESIAN_POINT('',(14.50000075,3.888052765254,1.721217693382));
#3311 = DIRECTION('',(-1.224646799147E-16,-1.,-1.224646799147E-16));
#3312 = DIRECTION('',(-1.499759782662E-32,-1.224646799147E-16,1.));
#3313 = ADVANCED_FACE('',(#3314),#3325,.T.);
#3314 = FACE_BOUND('',#3315,.T.);
#3315 = EDGE_LOOP('',(#3316,#3317,#3318,#3319));
#3316 = ORIENTED_EDGE('',*,*,#3302,.F.);
#3317 = ORIENTED_EDGE('',*,*,#1804,.F.);
#3318 = ORIENTED_EDGE('',*,*,#2278,.T.);
#3319 = ORIENTED_EDGE('',*,*,#3320,.F.);
#3320 = EDGE_CURVE('',#3277,#2279,#3321,.T.);
#3321 = LINE('',#3322,#3323);
#3322 = CARTESIAN_POINT('',(15.25000075,3.888052765254,7.021217693382));
#3323 = VECTOR('',#3324,1.);
#3324 = DIRECTION('',(1.224646799147E-16,1.,1.224646799147E-16));
#3325 = PLANE('',#3326);
#3326 = AXIS2_PLACEMENT_3D('',#3327,#3328,#3329);
#3327 = CARTESIAN_POINT('',(15.25000075,3.888052765254,1.721217693382));
#3328 = DIRECTION('',(1.,-1.224646799147E-16,0.));
#3329 = DIRECTION('',(1.499759782662E-32,1.224646799147E-16,-1.));
#3330 = ADVANCED_FACE('',(#3331),#3342,.T.);
#3331 = FACE_BOUND('',#3332,.T.);
#3332 = EDGE_LOOP('',(#3333,#3339,#3340,#3341));
#3333 = ORIENTED_EDGE('',*,*,#3334,.F.);
#3334 = EDGE_CURVE('',#2674,#2279,#3335,.T.);
#3335 = LINE('',#3336,#3337);
#3336 = CARTESIAN_POINT('',(15.15000075,4.988052765254,7.121217693382));
#3337 = VECTOR('',#3338,1.);
#3338 = DIRECTION('',(0.57735026919,-0.57735026919,-0.57735026919));
#3339 = ORIENTED_EDGE('',*,*,#2673,.F.);
#3340 = ORIENTED_EDGE('',*,*,#3276,.T.);
#3341 = ORIENTED_EDGE('',*,*,#3320,.T.);
#3342 = PLANE('',#3343);
#3343 = AXIS2_PLACEMENT_3D('',#3344,#3345,#3346);
#3344 = CARTESIAN_POINT('',(15.20000075,4.388052765254,7.071217693382));
#3345 = DIRECTION('',(0.707106781187,-1.731912112471E-16,0.707106781187)
  );
#3346 = DIRECTION('',(0.707106781187,0.,-0.707106781187));
#3347 = ADVANCED_FACE('',(#3348),#3354,.T.);
#3348 = FACE_BOUND('',#3349,.T.);
#3349 = EDGE_LOOP('',(#3350,#3351,#3352,#3353));
#3350 = ORIENTED_EDGE('',*,*,#2225,.F.);
#3351 = ORIENTED_EDGE('',*,*,#2681,.F.);
#3352 = ORIENTED_EDGE('',*,*,#3334,.T.);
#3353 = ORIENTED_EDGE('',*,*,#2288,.T.);
#3354 = PLANE('',#3355);
#3355 = AXIS2_PLACEMENT_3D('',#3356,#3357,#3358);
#3356 = CARTESIAN_POINT('',(16.00000075,4.938052765254,7.071217693382));
#3357 = DIRECTION('',(-8.659560562355E-17,-0.707106781187,0.707106781187
    ));
#3358 = DIRECTION('',(-8.659560562355E-17,-0.707106781187,
    -0.707106781187));
#3359 = ADVANCED_FACE('',(#3360),#3371,.F.);
#3360 = FACE_BOUND('',#3361,.F.);
#3361 = EDGE_LOOP('',(#3362,#3363,#3369,#3370));
#3362 = ORIENTED_EDGE('',*,*,#3111,.F.);
#3363 = ORIENTED_EDGE('',*,*,#3364,.T.);
#3364 = EDGE_CURVE('',#3112,#2435,#3365,.T.);
#3365 = LINE('',#3366,#3367);
#3366 = CARTESIAN_POINT('',(14.25000075,5.788052765254,5.591217693382));
#3367 = VECTOR('',#3368,1.);
#3368 = DIRECTION('',(-1.224646799147E-16,-1.,-1.224646799147E-16));
#3369 = ORIENTED_EDGE('',*,*,#2442,.T.);
#3370 = ORIENTED_EDGE('',*,*,#3190,.F.);
#3371 = CYLINDRICAL_SURFACE('',#3372,0.25);
#3372 = AXIS2_PLACEMENT_3D('',#3373,#3374,#3375);
#3373 = CARTESIAN_POINT('',(14.25000075,5.788052765254,5.341217693382));
#3374 = DIRECTION('',(-1.224646799147E-16,-1.,-1.224646799147E-16));
#3375 = DIRECTION('',(1.,-1.224646799147E-16,0.));
#3376 = ADVANCED_FACE('',(#3377),#3388,.F.);
#3377 = FACE_BOUND('',#3378,.T.);
#3378 = EDGE_LOOP('',(#3379,#3380,#3381,#3387));
#3379 = ORIENTED_EDGE('',*,*,#3364,.T.);
#3380 = ORIENTED_EDGE('',*,*,#2434,.F.);
#3381 = ORIENTED_EDGE('',*,*,#3382,.F.);
#3382 = EDGE_CURVE('',#3121,#2426,#3383,.T.);
#3383 = LINE('',#3384,#3385);
#3384 = CARTESIAN_POINT('',(11.10000075,5.788052765254,5.591217693382));
#3385 = VECTOR('',#3386,1.);
#3386 = DIRECTION('',(-1.224646799147E-16,-1.,-1.224646799147E-16));
#3387 = ORIENTED_EDGE('',*,*,#3120,.T.);
#3388 = PLANE('',#3389);
#3389 = AXIS2_PLACEMENT_3D('',#3390,#3391,#3392);
#3390 = CARTESIAN_POINT('',(11.10000075,5.788052765254,5.591217693382));
#3391 = DIRECTION('',(-1.499759782662E-32,-1.224646799147E-16,1.));
#3392 = DIRECTION('',(-1.224646799147E-16,-1.,-1.224646799147E-16));
#3393 = ADVANCED_FACE('',(#3394),#3400,.F.);
#3394 = FACE_BOUND('',#3395,.F.);
#3395 = EDGE_LOOP('',(#3396,#3397,#3398,#3399));
#3396 = ORIENTED_EDGE('',*,*,#3128,.F.);
#3397 = ORIENTED_EDGE('',*,*,#3151,.T.);
#3398 = ORIENTED_EDGE('',*,*,#2425,.T.);
#3399 = ORIENTED_EDGE('',*,*,#3382,.F.);
#3400 = CYLINDRICAL_SURFACE('',#3401,0.25);
#3401 = AXIS2_PLACEMENT_3D('',#3402,#3403,#3404);
#3402 = CARTESIAN_POINT('',(11.10000075,5.788052765254,5.341217693382));
#3403 = DIRECTION('',(-1.224646799147E-16,-1.,-1.224646799147E-16));
#3404 = DIRECTION('',(1.,-1.224646799147E-16,0.));
#3405 = ADVANCED_FACE('',(#3406),#3417,.F.);
#3406 = FACE_BOUND('',#3407,.T.);
#3407 = EDGE_LOOP('',(#3408,#3409,#3410,#3416));
#3408 = ORIENTED_EDGE('',*,*,#2881,.T.);
#3409 = ORIENTED_EDGE('',*,*,#2386,.F.);
#3410 = ORIENTED_EDGE('',*,*,#3411,.F.);
#3411 = EDGE_CURVE('',#3061,#2379,#3412,.T.);
#3412 = LINE('',#3413,#3414);
#3413 = CARTESIAN_POINT('',(5.65000075,5.788052765254,3.971217693382));
#3414 = VECTOR('',#3415,1.);
#3415 = DIRECTION('',(-1.224646799147E-16,-1.,-1.224646799147E-16));
#3416 = ORIENTED_EDGE('',*,*,#3085,.T.);
#3417 = PLANE('',#3418);
#3418 = AXIS2_PLACEMENT_3D('',#3419,#3420,#3421);
#3419 = CARTESIAN_POINT('',(5.65000075,5.788052765254,3.971217693382));
#3420 = DIRECTION('',(1.499759782662E-32,1.224646799147E-16,-1.));
#3421 = DIRECTION('',(-1.,1.224646799147E-16,0.));
#3422 = ADVANCED_FACE('',(#3423),#3434,.F.);
#3423 = FACE_BOUND('',#3424,.T.);
#3424 = EDGE_LOOP('',(#3425,#3426,#3427,#3433));
#3425 = ORIENTED_EDGE('',*,*,#3411,.T.);
#3426 = ORIENTED_EDGE('',*,*,#2378,.F.);
#3427 = ORIENTED_EDGE('',*,*,#3428,.F.);
#3428 = EDGE_CURVE('',#3059,#2370,#3429,.T.);
#3429 = LINE('',#3430,#3431);
#3430 = CARTESIAN_POINT('',(5.65000075,5.788052765254,5.341217693382));
#3431 = VECTOR('',#3432,1.);
#3432 = DIRECTION('',(-1.224646799147E-16,-1.,-1.224646799147E-16));
#3433 = ORIENTED_EDGE('',*,*,#3058,.T.);
#3434 = PLANE('',#3435);
#3435 = AXIS2_PLACEMENT_3D('',#3436,#3437,#3438);
#3436 = CARTESIAN_POINT('',(5.65000075,5.788052765254,5.341217693382));
#3437 = DIRECTION('',(1.,-1.224646799147E-16,0.));
#3438 = DIRECTION('',(1.499759782662E-32,1.224646799147E-16,-1.));
#3439 = ADVANCED_FACE('',(#3440),#3451,.F.);
#3440 = FACE_BOUND('',#3441,.F.);
#3441 = EDGE_LOOP('',(#3442,#3443,#3449,#3450));
#3442 = ORIENTED_EDGE('',*,*,#3068,.F.);
#3443 = ORIENTED_EDGE('',*,*,#3444,.T.);
#3444 = EDGE_CURVE('',#3069,#2362,#3445,.T.);
#3445 = LINE('',#3446,#3447);
#3446 = CARTESIAN_POINT('',(5.40000075,5.788052765254,5.591217693382));
#3447 = VECTOR('',#3448,1.);
#3448 = DIRECTION('',(-1.224646799147E-16,-1.,-1.224646799147E-16));
#3449 = ORIENTED_EDGE('',*,*,#2369,.T.);
#3450 = ORIENTED_EDGE('',*,*,#3428,.F.);
#3451 = CYLINDRICAL_SURFACE('',#3452,0.25);
#3452 = AXIS2_PLACEMENT_3D('',#3453,#3454,#3455);
#3453 = CARTESIAN_POINT('',(5.40000075,5.788052765254,5.341217693382));
#3454 = DIRECTION('',(-1.224646799147E-16,-1.,-1.224646799147E-16));
#3455 = DIRECTION('',(1.,-1.224646799147E-16,0.));
#3456 = ADVANCED_FACE('',(#3457),#3463,.F.);
#3457 = FACE_BOUND('',#3458,.T.);
#3458 = EDGE_LOOP('',(#3459,#3460,#3461,#3462));
#3459 = ORIENTED_EDGE('',*,*,#3444,.T.);
#3460 = ORIENTED_EDGE('',*,*,#2361,.F.);
#3461 = ORIENTED_EDGE('',*,*,#3019,.F.);
#3462 = ORIENTED_EDGE('',*,*,#3077,.T.);
#3463 = PLANE('',#3464);
#3464 = AXIS2_PLACEMENT_3D('',#3465,#3466,#3467);
#3465 = CARTESIAN_POINT('',(2.25000075,5.788052765254,5.591217693382));
#3466 = DIRECTION('',(-1.499759782662E-32,-1.224646799147E-16,1.));
#3467 = DIRECTION('',(-1.224646799147E-16,-1.,-1.224646799147E-16));
#3468 = ADVANCED_FACE('',(#3469),#3560,.F.);
#3469 = FACE_BOUND('',#3470,.T.);
#3470 = EDGE_LOOP('',(#3471,#3479,#3480,#3488,#3496,#3505,#3513,#3521,
    #3529,#3537,#3545,#3554));
#3471 = ORIENTED_EDGE('',*,*,#3472,.F.);
#3472 = EDGE_CURVE('',#3034,#3473,#3475,.T.);
#3473 = VERTEX_POINT('',#3474);
#3474 = CARTESIAN_POINT('',(-2.19999925,4.888052765254,0.921217693382));
#3475 = LINE('',#3476,#3477);
#3476 = CARTESIAN_POINT('',(-2.19999925,5.788052765254,0.921217693382));
#3477 = VECTOR('',#3478,1.);
#3478 = DIRECTION('',(-1.224646799147E-16,-1.,-1.224646799147E-16));
#3479 = ORIENTED_EDGE('',*,*,#3050,.F.);
#3480 = ORIENTED_EDGE('',*,*,#3481,.T.);
#3481 = EDGE_CURVE('',#3043,#3482,#3484,.T.);
#3482 = VERTEX_POINT('',#3483);
#3483 = CARTESIAN_POINT('',(18.70000075,4.888052765254,0.921217693382));
#3484 = LINE('',#3485,#3486);
#3485 = CARTESIAN_POINT('',(18.70000075,5.788052765254,0.921217693382));
#3486 = VECTOR('',#3487,1.);
#3487 = DIRECTION('',(-1.224646799147E-16,-1.,-1.224646799147E-16));
#3488 = ORIENTED_EDGE('',*,*,#3489,.T.);
#3489 = EDGE_CURVE('',#3482,#3490,#3492,.T.);
#3490 = VERTEX_POINT('',#3491);
#3491 = CARTESIAN_POINT('',(17.40000075,4.888052765254,0.921217693382));
#3492 = LINE('',#3493,#3494);
#3493 = CARTESIAN_POINT('',(18.70000075,4.888052765254,0.921217693382));
#3494 = VECTOR('',#3495,1.);
#3495 = DIRECTION('',(-1.,1.224646799147E-16,0.));
#3496 = ORIENTED_EDGE('',*,*,#3497,.T.);
#3497 = EDGE_CURVE('',#3490,#3498,#3500,.T.);
#3498 = VERTEX_POINT('',#3499);
#3499 = CARTESIAN_POINT('',(17.20000075,4.688052765254,0.921217693382));
#3500 = CIRCLE('',#3501,0.2);
#3501 = AXIS2_PLACEMENT_3D('',#3502,#3503,#3504);
#3502 = CARTESIAN_POINT('',(17.20000075,4.888052765254,0.921217693382));
#3503 = DIRECTION('',(1.499759782662E-32,1.224646799147E-16,-1.));
#3504 = DIRECTION('',(1.,-1.224646799147E-16,0.));
#3505 = ORIENTED_EDGE('',*,*,#3506,.T.);
#3506 = EDGE_CURVE('',#3498,#3507,#3509,.T.);
#3507 = VERTEX_POINT('',#3508);
#3508 = CARTESIAN_POINT('',(8.75000075,4.688052765254,0.921217693382));
#3509 = LINE('',#3510,#3511);
#3510 = CARTESIAN_POINT('',(17.20000075,4.688052765254,0.921217693382));
#3511 = VECTOR('',#3512,1.);
#3512 = DIRECTION('',(-1.,1.224646799147E-16,0.));
#3513 = ORIENTED_EDGE('',*,*,#3514,.T.);
#3514 = EDGE_CURVE('',#3507,#3515,#3517,.T.);
#3515 = VERTEX_POINT('',#3516);
#3516 = CARTESIAN_POINT('',(8.75000075,4.888052765254,0.921217693382));
#3517 = LINE('',#3518,#3519);
#3518 = CARTESIAN_POINT('',(8.75000075,4.688052765254,0.921217693382));
#3519 = VECTOR('',#3520,1.);
#3520 = DIRECTION('',(1.224646799147E-16,1.,1.224646799147E-16));
#3521 = ORIENTED_EDGE('',*,*,#3522,.T.);
#3522 = EDGE_CURVE('',#3515,#3523,#3525,.T.);
#3523 = VERTEX_POINT('',#3524);
#3524 = CARTESIAN_POINT('',(7.75000075,4.888052765254,0.921217693382));
#3525 = LINE('',#3526,#3527);
#3526 = CARTESIAN_POINT('',(8.75000075,4.888052765254,0.921217693382));
#3527 = VECTOR('',#3528,1.);
#3528 = DIRECTION('',(-1.,1.224646799147E-16,0.));
#3529 = ORIENTED_EDGE('',*,*,#3530,.T.);
#3530 = EDGE_CURVE('',#3523,#3531,#3533,.T.);
#3531 = VERTEX_POINT('',#3532);
#3532 = CARTESIAN_POINT('',(7.75000075,4.688052765254,0.921217693382));
#3533 = LINE('',#3534,#3535);
#3534 = CARTESIAN_POINT('',(7.75000075,4.888052765254,0.921217693382));
#3535 = VECTOR('',#3536,1.);
#3536 = DIRECTION('',(-1.224646799147E-16,-1.,-1.224646799147E-16));
#3537 = ORIENTED_EDGE('',*,*,#3538,.T.);
#3538 = EDGE_CURVE('',#3531,#3539,#3541,.T.);
#3539 = VERTEX_POINT('',#3540);
#3540 = CARTESIAN_POINT('',(-0.69999925,4.688052765254,0.921217693382));
#3541 = LINE('',#3542,#3543);
#3542 = CARTESIAN_POINT('',(7.75000075,4.688052765254,0.921217693382));
#3543 = VECTOR('',#3544,1.);
#3544 = DIRECTION('',(-1.,1.224646799147E-16,0.));
#3545 = ORIENTED_EDGE('',*,*,#3546,.T.);
#3546 = EDGE_CURVE('',#3539,#3547,#3549,.T.);
#3547 = VERTEX_POINT('',#3548);
#3548 = CARTESIAN_POINT('',(-0.89999925,4.888052765254,0.921217693382));
#3549 = CIRCLE('',#3550,0.2);
#3550 = AXIS2_PLACEMENT_3D('',#3551,#3552,#3553);
#3551 = CARTESIAN_POINT('',(-0.69999925,4.888052765254,0.921217693382));
#3552 = DIRECTION('',(1.499759782662E-32,1.224646799147E-16,-1.));
#3553 = DIRECTION('',(-1.224646799147E-16,-1.,-1.224646799147E-16));
#3554 = ORIENTED_EDGE('',*,*,#3555,.T.);
#3555 = EDGE_CURVE('',#3547,#3473,#3556,.T.);
#3556 = LINE('',#3557,#3558);
#3557 = CARTESIAN_POINT('',(-0.89999925,4.888052765254,0.921217693382));
#3558 = VECTOR('',#3559,1.);
#3559 = DIRECTION('',(-1.,1.224646799147E-16,0.));
#3560 = PLANE('',#3561);
#3561 = AXIS2_PLACEMENT_3D('',#3562,#3563,#3564);
#3562 = CARTESIAN_POINT('',(18.70000075,5.788052765254,0.921217693382));
#3563 = DIRECTION('',(-1.499759782662E-32,-1.224646799147E-16,1.));
#3564 = DIRECTION('',(-1.224646799147E-16,-1.,-1.224646799147E-16));
#3565 = ADVANCED_FACE('',(#3566),#3582,.F.);
#3566 = FACE_BOUND('',#3567,.T.);
#3567 = EDGE_LOOP('',(#3568,#3569,#3575,#3576));
#3568 = ORIENTED_EDGE('',*,*,#355,.F.);
#3569 = ORIENTED_EDGE('',*,*,#3570,.F.);
#3570 = EDGE_CURVE('',#3523,#348,#3571,.T.);
#3571 = LINE('',#3572,#3573);
#3572 = CARTESIAN_POINT('',(7.75000075,4.888052765254,0.921217693382));
#3573 = VECTOR('',#3574,1.);
#3574 = DIRECTION('',(1.499759782662E-32,1.224646799147E-16,-1.));
#3575 = ORIENTED_EDGE('',*,*,#3522,.F.);
#3576 = ORIENTED_EDGE('',*,*,#3577,.T.);
#3577 = EDGE_CURVE('',#3515,#356,#3578,.T.);
#3578 = LINE('',#3579,#3580);
#3579 = CARTESIAN_POINT('',(8.75000075,4.888052765254,0.921217693382));
#3580 = VECTOR('',#3581,1.);
#3581 = DIRECTION('',(1.499759782662E-32,1.224646799147E-16,-1.));
#3582 = PLANE('',#3583);
#3583 = AXIS2_PLACEMENT_3D('',#3584,#3585,#3586);
#3584 = CARTESIAN_POINT('',(18.70000075,4.888052765254,0.921217693382));
#3585 = DIRECTION('',(-1.224646799147E-16,-1.,-1.224646799147E-16));
#3586 = DIRECTION('',(-1.499759782662E-32,-1.224646799147E-16,1.));
#3587 = ADVANCED_FACE('',(#3588),#3604,.F.);
#3588 = FACE_BOUND('',#3589,.T.);
#3589 = EDGE_LOOP('',(#3590,#3591,#3597,#3598));
#3590 = ORIENTED_EDGE('',*,*,#3489,.F.);
#3591 = ORIENTED_EDGE('',*,*,#3592,.F.);
#3592 = EDGE_CURVE('',#389,#3482,#3593,.T.);
#3593 = LINE('',#3594,#3595);
#3594 = CARTESIAN_POINT('',(18.70000075,4.888052765254,
    -2.878230661791E-02));
#3595 = VECTOR('',#3596,1.);
#3596 = DIRECTION('',(-1.499759782662E-32,-1.224646799147E-16,1.));
#3597 = ORIENTED_EDGE('',*,*,#388,.F.);
#3598 = ORIENTED_EDGE('',*,*,#3599,.F.);
#3599 = EDGE_CURVE('',#3490,#380,#3600,.T.);
#3600 = LINE('',#3601,#3602);
#3601 = CARTESIAN_POINT('',(17.40000075,4.888052765254,0.921217693382));
#3602 = VECTOR('',#3603,1.);
#3603 = DIRECTION('',(1.499759782662E-32,1.224646799147E-16,-1.));
#3604 = PLANE('',#3605);
#3605 = AXIS2_PLACEMENT_3D('',#3606,#3607,#3608);
#3606 = CARTESIAN_POINT('',(18.70000075,4.888052765254,0.921217693382));
#3607 = DIRECTION('',(-1.224646799147E-16,-1.,-1.224646799147E-16));
#3608 = DIRECTION('',(-1.499759782662E-32,-1.224646799147E-16,1.));
#3609 = ADVANCED_FACE('',(#3610),#3626,.F.);
#3610 = FACE_BOUND('',#3611,.T.);
#3611 = EDGE_LOOP('',(#3612,#3613,#3619,#3620));
#3612 = ORIENTED_EDGE('',*,*,#322,.F.);
#3613 = ORIENTED_EDGE('',*,*,#3614,.T.);
#3614 = EDGE_CURVE('',#315,#3473,#3615,.T.);
#3615 = LINE('',#3616,#3617);
#3616 = CARTESIAN_POINT('',(-2.19999925,4.888052765254,
    -2.878230661791E-02));
#3617 = VECTOR('',#3618,1.);
#3618 = DIRECTION('',(-1.499759782662E-32,-1.224646799147E-16,1.));
#3619 = ORIENTED_EDGE('',*,*,#3555,.F.);
#3620 = ORIENTED_EDGE('',*,*,#3621,.T.);
#3621 = EDGE_CURVE('',#3547,#323,#3622,.T.);
#3622 = LINE('',#3623,#3624);
#3623 = CARTESIAN_POINT('',(-0.89999925,4.888052765254,0.921217693382));
#3624 = VECTOR('',#3625,1.);
#3625 = DIRECTION('',(1.499759782662E-32,1.224646799147E-16,-1.));
#3626 = PLANE('',#3627);
#3627 = AXIS2_PLACEMENT_3D('',#3628,#3629,#3630);
#3628 = CARTESIAN_POINT('',(18.70000075,4.888052765254,0.921217693382));
#3629 = DIRECTION('',(-1.224646799147E-16,-1.,-1.224646799147E-16));
#3630 = DIRECTION('',(-1.499759782662E-32,-1.224646799147E-16,1.));
#3631 = ADVANCED_FACE('',(#3632),#3643,.F.);
#3632 = FACE_BOUND('',#3633,.T.);
#3633 = EDGE_LOOP('',(#3634,#3635,#3636,#3642));
#3634 = ORIENTED_EDGE('',*,*,#3577,.F.);
#3635 = ORIENTED_EDGE('',*,*,#3514,.F.);
#3636 = ORIENTED_EDGE('',*,*,#3637,.F.);
#3637 = EDGE_CURVE('',#364,#3507,#3638,.T.);
#3638 = LINE('',#3639,#3640);
#3639 = CARTESIAN_POINT('',(8.75000075,4.688052765254,
    -2.878230661791E-02));
#3640 = VECTOR('',#3641,1.);
#3641 = DIRECTION('',(-1.499759782662E-32,-1.224646799147E-16,1.));
#3642 = ORIENTED_EDGE('',*,*,#363,.F.);
#3643 = PLANE('',#3644);
#3644 = AXIS2_PLACEMENT_3D('',#3645,#3646,#3647);
#3645 = CARTESIAN_POINT('',(8.75000075,4.688052765254,
    -2.878230661791E-02));
#3646 = DIRECTION('',(-1.,1.224646799147E-16,0.));
#3647 = DIRECTION('',(1.224646799147E-16,1.,1.224646799147E-16));
#3648 = ADVANCED_FACE('',(#3649),#3660,.F.);
#3649 = FACE_BOUND('',#3650,.T.);
#3650 = EDGE_LOOP('',(#3651,#3652,#3653,#3659));
#3651 = ORIENTED_EDGE('',*,*,#3637,.T.);
#3652 = ORIENTED_EDGE('',*,*,#3506,.F.);
#3653 = ORIENTED_EDGE('',*,*,#3654,.F.);
#3654 = EDGE_CURVE('',#372,#3498,#3655,.T.);
#3655 = LINE('',#3656,#3657);
#3656 = CARTESIAN_POINT('',(17.20000075,4.688052765254,
    -2.878230661791E-02));
#3657 = VECTOR('',#3658,1.);
#3658 = DIRECTION('',(-1.499759782662E-32,-1.224646799147E-16,1.));
#3659 = ORIENTED_EDGE('',*,*,#371,.T.);
#3660 = PLANE('',#3661);
#3661 = AXIS2_PLACEMENT_3D('',#3662,#3663,#3664);
#3662 = CARTESIAN_POINT('',(17.20000075,4.688052765254,
    -2.878230661791E-02));
#3663 = DIRECTION('',(-1.224646799147E-16,-1.,-1.224646799147E-16));
#3664 = DIRECTION('',(-1.499759782662E-32,-1.224646799147E-16,1.));
#3665 = ADVANCED_FACE('',(#3666),#3672,.F.);
#3666 = FACE_BOUND('',#3667,.F.);
#3667 = EDGE_LOOP('',(#3668,#3669,#3670,#3671));
#3668 = ORIENTED_EDGE('',*,*,#379,.F.);
#3669 = ORIENTED_EDGE('',*,*,#3599,.F.);
#3670 = ORIENTED_EDGE('',*,*,#3497,.T.);
#3671 = ORIENTED_EDGE('',*,*,#3654,.F.);
#3672 = CYLINDRICAL_SURFACE('',#3673,0.2);
#3673 = AXIS2_PLACEMENT_3D('',#3674,#3675,#3676);
#3674 = CARTESIAN_POINT('',(17.20000075,4.888052765254,
    -2.878230661791E-02));
#3675 = DIRECTION('',(-1.499759782662E-32,-1.224646799147E-16,1.));
#3676 = DIRECTION('',(-1.,1.224646799147E-16,0.));
#3677 = ADVANCED_FACE('',(#3678),#3689,.F.);
#3678 = FACE_BOUND('',#3679,.T.);
#3679 = EDGE_LOOP('',(#3680,#3686,#3687,#3688));
#3680 = ORIENTED_EDGE('',*,*,#3681,.T.);
#3681 = EDGE_CURVE('',#340,#3531,#3682,.T.);
#3682 = LINE('',#3683,#3684);
#3683 = CARTESIAN_POINT('',(7.75000075,4.688052765254,
    -2.878230661791E-02));
#3684 = VECTOR('',#3685,1.);
#3685 = DIRECTION('',(-1.499759782662E-32,-1.224646799147E-16,1.));
#3686 = ORIENTED_EDGE('',*,*,#3530,.F.);
#3687 = ORIENTED_EDGE('',*,*,#3570,.T.);
#3688 = ORIENTED_EDGE('',*,*,#347,.T.);
#3689 = PLANE('',#3690);
#3690 = AXIS2_PLACEMENT_3D('',#3691,#3692,#3693);
#3691 = CARTESIAN_POINT('',(7.75000075,4.888052765254,
    -2.878230661791E-02));
#3692 = DIRECTION('',(1.,-1.224646799147E-16,0.));
#3693 = DIRECTION('',(1.499759782662E-32,1.224646799147E-16,-1.));
#3694 = ADVANCED_FACE('',(#3695),#3706,.F.);
#3695 = FACE_BOUND('',#3696,.T.);
#3696 = EDGE_LOOP('',(#3697,#3703,#3704,#3705));
#3697 = ORIENTED_EDGE('',*,*,#3698,.T.);
#3698 = EDGE_CURVE('',#331,#3539,#3699,.T.);
#3699 = LINE('',#3700,#3701);
#3700 = CARTESIAN_POINT('',(-0.69999925,4.688052765254,
    -2.878230661791E-02));
#3701 = VECTOR('',#3702,1.);
#3702 = DIRECTION('',(-1.499759782662E-32,-1.224646799147E-16,1.));
#3703 = ORIENTED_EDGE('',*,*,#3538,.F.);
#3704 = ORIENTED_EDGE('',*,*,#3681,.F.);
#3705 = ORIENTED_EDGE('',*,*,#339,.T.);
#3706 = PLANE('',#3707);
#3707 = AXIS2_PLACEMENT_3D('',#3708,#3709,#3710);
#3708 = CARTESIAN_POINT('',(7.75000075,4.688052765254,
    -2.878230661791E-02));
#3709 = DIRECTION('',(-1.224646799147E-16,-1.,-1.224646799147E-16));
#3710 = DIRECTION('',(-1.499759782662E-32,-1.224646799147E-16,1.));
#3711 = ADVANCED_FACE('',(#3712),#3718,.F.);
#3712 = FACE_BOUND('',#3713,.F.);
#3713 = EDGE_LOOP('',(#3714,#3715,#3716,#3717));
#3714 = ORIENTED_EDGE('',*,*,#330,.F.);
#3715 = ORIENTED_EDGE('',*,*,#3698,.T.);
#3716 = ORIENTED_EDGE('',*,*,#3546,.T.);
#3717 = ORIENTED_EDGE('',*,*,#3621,.T.);
#3718 = CYLINDRICAL_SURFACE('',#3719,0.2);
#3719 = AXIS2_PLACEMENT_3D('',#3720,#3721,#3722);
#3720 = CARTESIAN_POINT('',(-0.69999925,4.888052765254,
    -2.878230661791E-02));
#3721 = DIRECTION('',(-1.499759782662E-32,-1.224646799147E-16,1.));
#3722 = DIRECTION('',(-1.,1.224646799147E-16,0.));
#3723 = ADVANCED_FACE('',(#3724),#3792,.T.);
#3724 = FACE_BOUND('',#3725,.T.);
#3725 = EDGE_LOOP('',(#3726,#3727,#3728,#3736,#3744,#3752,#3760,#3766,
    #3767,#3775,#3783,#3789,#3790,#3791));
#3726 = ORIENTED_EDGE('',*,*,#3042,.T.);
#3727 = ORIENTED_EDGE('',*,*,#2721,.T.);
#3728 = ORIENTED_EDGE('',*,*,#3729,.F.);
#3729 = EDGE_CURVE('',#3730,#2714,#3732,.T.);
#3730 = VERTEX_POINT('',#3731);
#3731 = CARTESIAN_POINT('',(18.70000075,1.078052765254,7.321217693382));
#3732 = LINE('',#3733,#3734);
#3733 = CARTESIAN_POINT('',(18.70000075,1.078052765254,7.321217693382));
#3734 = VECTOR('',#3735,1.);
#3735 = DIRECTION('',(8.659560562355E-17,0.707106781187,-0.707106781187)
  );
#3736 = ORIENTED_EDGE('',*,*,#3737,.F.);
#3737 = EDGE_CURVE('',#3738,#3730,#3740,.T.);
#3738 = VERTEX_POINT('',#3739);
#3739 = CARTESIAN_POINT('',(18.70000075,1.078052765254,7.721217693382));
#3740 = LINE('',#3741,#3742);
#3741 = CARTESIAN_POINT('',(18.70000075,1.078052765254,7.721217693382));
#3742 = VECTOR('',#3743,1.);
#3743 = DIRECTION('',(1.499759782662E-32,1.224646799147E-16,-1.));
#3744 = ORIENTED_EDGE('',*,*,#3745,.F.);
#3745 = EDGE_CURVE('',#3746,#3738,#3748,.T.);
#3746 = VERTEX_POINT('',#3747);
#3747 = CARTESIAN_POINT('',(18.70000075,0.878052765254,7.921217693382));
#3748 = LINE('',#3749,#3750);
#3749 = CARTESIAN_POINT('',(18.70000075,0.878052765254,7.921217693382));
#3750 = VECTOR('',#3751,1.);
#3751 = DIRECTION('',(8.659560562355E-17,0.707106781187,-0.707106781187)
  );
#3752 = ORIENTED_EDGE('',*,*,#3753,.F.);
#3753 = EDGE_CURVE('',#3754,#3746,#3756,.T.);
#3754 = VERTEX_POINT('',#3755);
#3755 = CARTESIAN_POINT('',(18.70000075,-0.761947234746,7.921217693382)
  );
#3756 = LINE('',#3757,#3758);
#3757 = CARTESIAN_POINT('',(18.70000075,-0.761947234746,7.921217693382)
  );
#3758 = VECTOR('',#3759,1.);
#3759 = DIRECTION('',(1.224646799147E-16,1.,1.224646799147E-16));
#3760 = ORIENTED_EDGE('',*,*,#3761,.F.);
#3761 = EDGE_CURVE('',#429,#3754,#3762,.T.);
#3762 = LINE('',#3763,#3764);
#3763 = CARTESIAN_POINT('',(18.70000075,-0.761947234746,
    -2.878230661791E-02));
#3764 = VECTOR('',#3765,1.);
#3765 = DIRECTION('',(-1.499759782662E-32,-1.224646799147E-16,1.));
#3766 = ORIENTED_EDGE('',*,*,#428,.T.);
#3767 = ORIENTED_EDGE('',*,*,#3768,.T.);
#3768 = EDGE_CURVE('',#421,#3769,#3771,.T.);
#3769 = VERTEX_POINT('',#3770);
#3770 = CARTESIAN_POINT('',(18.70000075,0.138052765254,0.221217693382));
#3771 = LINE('',#3772,#3773);
#3772 = CARTESIAN_POINT('',(18.70000075,0.138052765254,
    -2.878230661791E-02));
#3773 = VECTOR('',#3774,1.);
#3774 = DIRECTION('',(-1.499759782662E-32,-1.224646799147E-16,1.));
#3775 = ORIENTED_EDGE('',*,*,#3776,.F.);
#3776 = EDGE_CURVE('',#3777,#3769,#3779,.T.);
#3777 = VERTEX_POINT('',#3778);
#3778 = CARTESIAN_POINT('',(18.70000075,3.148052765254,0.221217693382));
#3779 = LINE('',#3780,#3781);
#3780 = CARTESIAN_POINT('',(18.70000075,3.148052765254,0.221217693382));
#3781 = VECTOR('',#3782,1.);
#3782 = DIRECTION('',(-1.224646799147E-16,-1.,-1.224646799147E-16));
#3783 = ORIENTED_EDGE('',*,*,#3784,.F.);
#3784 = EDGE_CURVE('',#397,#3777,#3785,.T.);
#3785 = LINE('',#3786,#3787);
#3786 = CARTESIAN_POINT('',(18.70000075,3.148052765254,
    -2.878230661791E-02));
#3787 = VECTOR('',#3788,1.);
#3788 = DIRECTION('',(-1.499759782662E-32,-1.224646799147E-16,1.));
#3789 = ORIENTED_EDGE('',*,*,#396,.T.);
#3790 = ORIENTED_EDGE('',*,*,#3592,.T.);
#3791 = ORIENTED_EDGE('',*,*,#3481,.F.);
#3792 = PLANE('',#3793);
#3793 = AXIS2_PLACEMENT_3D('',#3794,#3795,#3796);
#3794 = CARTESIAN_POINT('',(18.70000075,-0.761947234746,
    -2.878230661791E-02));
#3795 = DIRECTION('',(1.,-1.224646799147E-16,0.));
#3796 = DIRECTION('',(1.499759782662E-32,1.224646799147E-16,-1.));
#3797 = ADVANCED_FACE('',(#3798),#3816,.F.);
#3798 = FACE_BOUND('',#3799,.T.);
#3799 = EDGE_LOOP('',(#3800,#3801,#3809,#3815));
#3800 = ORIENTED_EDGE('',*,*,#3784,.T.);
#3801 = ORIENTED_EDGE('',*,*,#3802,.T.);
#3802 = EDGE_CURVE('',#3777,#3803,#3805,.T.);
#3803 = VERTEX_POINT('',#3804);
#3804 = CARTESIAN_POINT('',(16.90000075,3.148052765254,0.221217693382));
#3805 = LINE('',#3806,#3807);
#3806 = CARTESIAN_POINT('',(18.70000075,3.148052765254,0.221217693382));
#3807 = VECTOR('',#3808,1.);
#3808 = DIRECTION('',(-1.,1.224646799147E-16,0.));
#3809 = ORIENTED_EDGE('',*,*,#3810,.F.);
#3810 = EDGE_CURVE('',#405,#3803,#3811,.T.);
#3811 = LINE('',#3812,#3813);
#3812 = CARTESIAN_POINT('',(16.90000075,3.148052765254,
    -2.878230661791E-02));
#3813 = VECTOR('',#3814,1.);
#3814 = DIRECTION('',(-1.499759782662E-32,-1.224646799147E-16,1.));
#3815 = ORIENTED_EDGE('',*,*,#404,.T.);
#3816 = PLANE('',#3817);
#3817 = AXIS2_PLACEMENT_3D('',#3818,#3819,#3820);
#3818 = CARTESIAN_POINT('',(18.70000075,3.148052765254,
    -2.878230661791E-02));
#3819 = DIRECTION('',(1.224646799147E-16,1.,1.224646799147E-16));
#3820 = DIRECTION('',(-1.,1.224646799147E-16,0.));
#3821 = ADVANCED_FACE('',(#3822),#3840,.T.);
#3822 = FACE_BOUND('',#3823,.T.);
#3823 = EDGE_LOOP('',(#3824,#3825,#3833,#3839));
#3824 = ORIENTED_EDGE('',*,*,#3810,.T.);
#3825 = ORIENTED_EDGE('',*,*,#3826,.T.);
#3826 = EDGE_CURVE('',#3803,#3827,#3829,.T.);
#3827 = VERTEX_POINT('',#3828);
#3828 = CARTESIAN_POINT('',(16.90000075,0.138052765254,0.221217693382));
#3829 = LINE('',#3830,#3831);
#3830 = CARTESIAN_POINT('',(16.90000075,3.148052765254,0.221217693382));
#3831 = VECTOR('',#3832,1.);
#3832 = DIRECTION('',(-1.224646799147E-16,-1.,-1.224646799147E-16));
#3833 = ORIENTED_EDGE('',*,*,#3834,.T.);
#3834 = EDGE_CURVE('',#3827,#413,#3835,.T.);
#3835 = LINE('',#3836,#3837);
#3836 = CARTESIAN_POINT('',(16.90000075,0.138052765254,0.221217693382));
#3837 = VECTOR('',#3838,1.);
#3838 = DIRECTION('',(1.499759782662E-32,1.224646799147E-16,-1.));
#3839 = ORIENTED_EDGE('',*,*,#412,.T.);
#3840 = PLANE('',#3841);
#3841 = AXIS2_PLACEMENT_3D('',#3842,#3843,#3844);
#3842 = CARTESIAN_POINT('',(16.90000075,3.188052765254,
    -2.878230661791E-02));
#3843 = DIRECTION('',(1.,-1.224646799147E-16,0.));
#3844 = DIRECTION('',(1.499759782662E-32,1.224646799147E-16,-1.));
#3845 = ADVANCED_FACE('',(#3846),#3857,.F.);
#3846 = FACE_BOUND('',#3847,.T.);
#3847 = EDGE_LOOP('',(#3848,#3849,#3855,#3856));
#3848 = ORIENTED_EDGE('',*,*,#3834,.F.);
#3849 = ORIENTED_EDGE('',*,*,#3850,.F.);
#3850 = EDGE_CURVE('',#3769,#3827,#3851,.T.);
#3851 = LINE('',#3852,#3853);
#3852 = CARTESIAN_POINT('',(18.70000075,0.138052765254,0.221217693382));
#3853 = VECTOR('',#3854,1.);
#3854 = DIRECTION('',(-1.,1.224646799147E-16,0.));
#3855 = ORIENTED_EDGE('',*,*,#3768,.F.);
#3856 = ORIENTED_EDGE('',*,*,#420,.F.);
#3857 = PLANE('',#3858);
#3858 = AXIS2_PLACEMENT_3D('',#3859,#3860,#3861);
#3859 = CARTESIAN_POINT('',(18.70000075,0.138052765254,0.221217693382));
#3860 = DIRECTION('',(-1.224646799147E-16,-1.,-1.224646799147E-16));
#3861 = DIRECTION('',(-1.499759782662E-32,-1.224646799147E-16,1.));
#3862 = ADVANCED_FACE('',(#3863),#3869,.F.);
#3863 = FACE_BOUND('',#3864,.T.);
#3864 = EDGE_LOOP('',(#3865,#3866,#3867,#3868));
#3865 = ORIENTED_EDGE('',*,*,#3850,.T.);
#3866 = ORIENTED_EDGE('',*,*,#3826,.F.);
#3867 = ORIENTED_EDGE('',*,*,#3802,.F.);
#3868 = ORIENTED_EDGE('',*,*,#3776,.T.);
#3869 = PLANE('',#3870);
#3870 = AXIS2_PLACEMENT_3D('',#3871,#3872,#3873);
#3871 = CARTESIAN_POINT('',(18.70000075,3.148052765254,0.221217693382));
#3872 = DIRECTION('',(-1.499759782662E-32,-1.224646799147E-16,1.));
#3873 = DIRECTION('',(-1.224646799147E-16,-1.,-1.224646799147E-16));
#3874 = ADVANCED_FACE('',(#3875),#3926,.T.);
#3875 = FACE_BOUND('',#3876,.T.);
#3876 = EDGE_LOOP('',(#3877,#3878,#3879,#3887,#3895,#3904,#3912,#3920));
#3877 = ORIENTED_EDGE('',*,*,#436,.T.);
#3878 = ORIENTED_EDGE('',*,*,#3761,.T.);
#3879 = ORIENTED_EDGE('',*,*,#3880,.F.);
#3880 = EDGE_CURVE('',#3881,#3754,#3883,.T.);
#3881 = VERTEX_POINT('',#3882);
#3882 = CARTESIAN_POINT('',(15.85000075,-0.761947234746,7.921217693382)
  );
#3883 = LINE('',#3884,#3885);
#3884 = CARTESIAN_POINT('',(15.85000075,-0.761947234746,7.921217693382)
  );
#3885 = VECTOR('',#3886,1.);
#3886 = DIRECTION('',(1.,-1.224646799147E-16,0.));
#3887 = ORIENTED_EDGE('',*,*,#3888,.F.);
#3888 = EDGE_CURVE('',#3889,#3881,#3891,.T.);
#3889 = VERTEX_POINT('',#3890);
#3890 = CARTESIAN_POINT('',(15.496876081249,-0.761947234746,
    7.35621822338));
#3891 = LINE('',#3892,#3893);
#3892 = CARTESIAN_POINT('',(15.496876081249,-0.761947234746,
    7.35621822338));
#3893 = VECTOR('',#3894,1.);
#3894 = DIRECTION('',(0.529998940003,-1.687559914109E-16,0.847998304005)
  );
#3895 = ORIENTED_EDGE('',*,*,#3896,.F.);
#3896 = EDGE_CURVE('',#3897,#3889,#3899,.T.);
#3897 = VERTEX_POINT('',#3898);
#3898 = CARTESIAN_POINT('',(15.20000075,-0.761947234746,7.137648118039)
  );
#3899 = CIRCLE('',#3900,0.5);
#3900 = AXIS2_PLACEMENT_3D('',#3901,#3902,#3903);
#3901 = CARTESIAN_POINT('',(15.072876929246,-0.761947234746,
    7.621217693382));
#3902 = DIRECTION('',(-1.224646799147E-16,-1.,-1.224646799147E-16));
#3903 = DIRECTION('',(0.254247641507,8.730403048543E-17,-0.967139150685)
  );
#3904 = ORIENTED_EDGE('',*,*,#3905,.F.);
#3905 = EDGE_CURVE('',#3906,#3897,#3908,.T.);
#3906 = VERTEX_POINT('',#3907);
#3907 = CARTESIAN_POINT('',(15.20000075,-0.761947234746,0.221217693382)
  );
#3908 = LINE('',#3909,#3910);
#3909 = CARTESIAN_POINT('',(15.20000075,-0.761947234746,0.221217693382)
  );
#3910 = VECTOR('',#3911,1.);
#3911 = DIRECTION('',(-1.499759782662E-32,-1.224646799147E-16,1.));
#3912 = ORIENTED_EDGE('',*,*,#3913,.F.);
#3913 = EDGE_CURVE('',#3914,#3906,#3916,.T.);
#3914 = VERTEX_POINT('',#3915);
#3915 = CARTESIAN_POINT('',(17.00000075,-0.761947234746,0.221217693382)
  );
#3916 = LINE('',#3917,#3918);
#3917 = CARTESIAN_POINT('',(17.00000075,-0.761947234746,0.221217693382)
  );
#3918 = VECTOR('',#3919,1.);
#3919 = DIRECTION('',(-1.,1.224646799147E-16,0.));
#3920 = ORIENTED_EDGE('',*,*,#3921,.F.);
#3921 = EDGE_CURVE('',#437,#3914,#3922,.T.);
#3922 = LINE('',#3923,#3924);
#3923 = CARTESIAN_POINT('',(17.00000075,-0.761947234746,
    -2.878230661791E-02));
#3924 = VECTOR('',#3925,1.);
#3925 = DIRECTION('',(-1.499759782662E-32,-1.224646799147E-16,1.));
#3926 = PLANE('',#3927);
#3927 = AXIS2_PLACEMENT_3D('',#3928,#3929,#3930);
#3928 = CARTESIAN_POINT('',(-2.19999925,-0.761947234746,
    -2.878230661791E-02));
#3929 = DIRECTION('',(-1.224646799147E-16,-1.,-1.224646799147E-16));
#3930 = DIRECTION('',(-1.499759782662E-32,-1.224646799147E-16,1.));
#3931 = ADVANCED_FACE('',(#3932),#3966,.T.);
#3932 = FACE_BOUND('',#3933,.T.);
#3933 = EDGE_LOOP('',(#3934,#3944,#3952,#3960));
#3934 = ORIENTED_EDGE('',*,*,#3935,.T.);
#3935 = EDGE_CURVE('',#3936,#3938,#3940,.T.);
#3936 = VERTEX_POINT('',#3937);
#3937 = CARTESIAN_POINT('',(12.95000075,-0.761947234746,0.221217693382)
  );
#3938 = VERTEX_POINT('',#3939);
#3939 = CARTESIAN_POINT('',(12.95000075,-0.761947234746,7.121217693382)
  );
#3940 = LINE('',#3941,#3942);
#3941 = CARTESIAN_POINT('',(12.95000075,-0.761947234746,0.221217693382)
  );
#3942 = VECTOR('',#3943,1.);
#3943 = DIRECTION('',(-1.499759782662E-32,-1.224646799147E-16,1.));
#3944 = ORIENTED_EDGE('',*,*,#3945,.F.);
#3945 = EDGE_CURVE('',#3946,#3938,#3948,.T.);
#3946 = VERTEX_POINT('',#3947);
#3947 = CARTESIAN_POINT('',(9.50000075,-0.761947234746,7.121217693382));
#3948 = LINE('',#3949,#3950);
#3949 = CARTESIAN_POINT('',(9.50000075,-0.761947234746,7.121217693382));
#3950 = VECTOR('',#3951,1.);
#3951 = DIRECTION('',(1.,-1.224646799147E-16,0.));
#3952 = ORIENTED_EDGE('',*,*,#3953,.F.);
#3953 = EDGE_CURVE('',#3954,#3946,#3956,.T.);
#3954 = VERTEX_POINT('',#3955);
#3955 = CARTESIAN_POINT('',(9.50000075,-0.761947234746,0.221217693382));
#3956 = LINE('',#3957,#3958);
#3957 = CARTESIAN_POINT('',(9.50000075,-0.761947234746,0.221217693382));
#3958 = VECTOR('',#3959,1.);
#3959 = DIRECTION('',(-1.499759782662E-32,-1.224646799147E-16,1.));
#3960 = ORIENTED_EDGE('',*,*,#3961,.F.);
#3961 = EDGE_CURVE('',#3936,#3954,#3962,.T.);
#3962 = LINE('',#3963,#3964);
#3963 = CARTESIAN_POINT('',(12.95000075,-0.761947234746,0.221217693382)
  );
#3964 = VECTOR('',#3965,1.);
#3965 = DIRECTION('',(-1.,1.224646799147E-16,0.));
#3966 = PLANE('',#3967);
#3967 = AXIS2_PLACEMENT_3D('',#3968,#3969,#3970);
#3968 = CARTESIAN_POINT('',(-2.19999925,-0.761947234746,
    -2.878230661791E-02));
#3969 = DIRECTION('',(-1.224646799147E-16,-1.,-1.224646799147E-16));
#3970 = DIRECTION('',(-1.499759782662E-32,-1.224646799147E-16,1.));
#3971 = ADVANCED_FACE('',(#3972),#4006,.T.);
#3972 = FACE_BOUND('',#3973,.T.);
#3973 = EDGE_LOOP('',(#3974,#3984,#3992,#4000));
#3974 = ORIENTED_EDGE('',*,*,#3975,.T.);
#3975 = EDGE_CURVE('',#3976,#3978,#3980,.T.);
#3976 = VERTEX_POINT('',#3977);
#3977 = CARTESIAN_POINT('',(7.00000075,-0.761947234746,0.221217693382));
#3978 = VERTEX_POINT('',#3979);
#3979 = CARTESIAN_POINT('',(7.00000075,-0.761947234746,7.121217693382));
#3980 = LINE('',#3981,#3982);
#3981 = CARTESIAN_POINT('',(7.00000075,-0.761947234746,0.221217693382));
#3982 = VECTOR('',#3983,1.);
#3983 = DIRECTION('',(-1.499759782662E-32,-1.224646799147E-16,1.));
#3984 = ORIENTED_EDGE('',*,*,#3985,.F.);
#3985 = EDGE_CURVE('',#3986,#3978,#3988,.T.);
#3986 = VERTEX_POINT('',#3987);
#3987 = CARTESIAN_POINT('',(3.55000075,-0.761947234746,7.121217693382));
#3988 = LINE('',#3989,#3990);
#3989 = CARTESIAN_POINT('',(3.55000075,-0.761947234746,7.121217693382));
#3990 = VECTOR('',#3991,1.);
#3991 = DIRECTION('',(1.,-1.224646799147E-16,0.));
#3992 = ORIENTED_EDGE('',*,*,#3993,.F.);
#3993 = EDGE_CURVE('',#3994,#3986,#3996,.T.);
#3994 = VERTEX_POINT('',#3995);
#3995 = CARTESIAN_POINT('',(3.55000075,-0.761947234746,0.221217693382));
#3996 = LINE('',#3997,#3998);
#3997 = CARTESIAN_POINT('',(3.55000075,-0.761947234746,0.221217693382));
#3998 = VECTOR('',#3999,1.);
#3999 = DIRECTION('',(-1.499759782662E-32,-1.224646799147E-16,1.));
#4000 = ORIENTED_EDGE('',*,*,#4001,.F.);
#4001 = EDGE_CURVE('',#3976,#3994,#4002,.T.);
#4002 = LINE('',#4003,#4004);
#4003 = CARTESIAN_POINT('',(7.00000075,-0.761947234746,0.221217693382));
#4004 = VECTOR('',#4005,1.);
#4005 = DIRECTION('',(-1.,1.224646799147E-16,0.));
#4006 = PLANE('',#4007);
#4007 = AXIS2_PLACEMENT_3D('',#4008,#4009,#4010);
#4008 = CARTESIAN_POINT('',(-2.19999925,-0.761947234746,
    -2.878230661791E-02));
#4009 = DIRECTION('',(-1.224646799147E-16,-1.,-1.224646799147E-16));
#4010 = DIRECTION('',(-1.499759782662E-32,-1.224646799147E-16,1.));
#4011 = ADVANCED_FACE('',(#4012),#4070,.T.);
#4012 = FACE_BOUND('',#4013,.T.);
#4013 = EDGE_LOOP('',(#4014,#4024,#4033,#4041,#4049,#4055,#4056,#4064));
#4014 = ORIENTED_EDGE('',*,*,#4015,.T.);
#4015 = EDGE_CURVE('',#4016,#4018,#4020,.T.);
#4016 = VERTEX_POINT('',#4017);
#4017 = CARTESIAN_POINT('',(1.30000075,-0.761947234746,0.221217693382));
#4018 = VERTEX_POINT('',#4019);
#4019 = CARTESIAN_POINT('',(1.30000075,-0.761947234746,7.137648118039));
#4020 = LINE('',#4021,#4022);
#4021 = CARTESIAN_POINT('',(1.30000075,-0.761947234746,0.221217693382));
#4022 = VECTOR('',#4023,1.);
#4023 = DIRECTION('',(-1.499759782662E-32,-1.224646799147E-16,1.));
#4024 = ORIENTED_EDGE('',*,*,#4025,.F.);
#4025 = EDGE_CURVE('',#4026,#4018,#4028,.T.);
#4026 = VERTEX_POINT('',#4027);
#4027 = CARTESIAN_POINT('',(1.003125418751,-0.761947234746,7.35621822338
    ));
#4028 = CIRCLE('',#4029,0.5);
#4029 = AXIS2_PLACEMENT_3D('',#4030,#4031,#4032);
#4030 = CARTESIAN_POINT('',(1.427124570754,-0.761947234746,
    7.621217693382));
#4031 = DIRECTION('',(-1.224646799147E-16,-1.,-1.224646799147E-16));
#4032 = DIRECTION('',(-0.847998304005,1.687559914109E-16,-0.529998940003
    ));
#4033 = ORIENTED_EDGE('',*,*,#4034,.F.);
#4034 = EDGE_CURVE('',#4035,#4026,#4037,.T.);
#4035 = VERTEX_POINT('',#4036);
#4036 = CARTESIAN_POINT('',(0.65000075,-0.761947234746,7.921217693382));
#4037 = LINE('',#4038,#4039);
#4038 = CARTESIAN_POINT('',(0.65000075,-0.761947234746,7.921217693382));
#4039 = VECTOR('',#4040,1.);
#4040 = DIRECTION('',(0.529998940003,3.894369032558E-17,-0.847998304005)
  );
#4041 = ORIENTED_EDGE('',*,*,#4042,.F.);
#4042 = EDGE_CURVE('',#4043,#4035,#4045,.T.);
#4043 = VERTEX_POINT('',#4044);
#4044 = CARTESIAN_POINT('',(-2.19999925,-0.761947234746,7.921217693382)
  );
#4045 = LINE('',#4046,#4047);
#4046 = CARTESIAN_POINT('',(-2.19999925,-0.761947234746,7.921217693382)
  );
#4047 = VECTOR('',#4048,1.);
#4048 = DIRECTION('',(1.,-1.224646799147E-16,0.));
#4049 = ORIENTED_EDGE('',*,*,#4050,.F.);
#4050 = EDGE_CURVE('',#275,#4043,#4051,.T.);
#4051 = LINE('',#4052,#4053);
#4052 = CARTESIAN_POINT('',(-2.19999925,-0.761947234746,
    -2.878230661791E-02));
#4053 = VECTOR('',#4054,1.);
#4054 = DIRECTION('',(-1.499759782662E-32,-1.224646799147E-16,1.));
#4055 = ORIENTED_EDGE('',*,*,#274,.T.);
#4056 = ORIENTED_EDGE('',*,*,#4057,.T.);
#4057 = EDGE_CURVE('',#265,#4058,#4060,.T.);
#4058 = VERTEX_POINT('',#4059);
#4059 = CARTESIAN_POINT('',(-0.49999925,-0.761947234746,0.221217693382)
  );
#4060 = LINE('',#4061,#4062);
#4061 = CARTESIAN_POINT('',(-0.49999925,-0.761947234746,
    -2.878230661791E-02));
#4062 = VECTOR('',#4063,1.);
#4063 = DIRECTION('',(-1.499759782662E-32,-1.224646799147E-16,1.));
#4064 = ORIENTED_EDGE('',*,*,#4065,.F.);
#4065 = EDGE_CURVE('',#4016,#4058,#4066,.T.);
#4066 = LINE('',#4067,#4068);
#4067 = CARTESIAN_POINT('',(1.30000075,-0.761947234746,0.221217693382));
#4068 = VECTOR('',#4069,1.);
#4069 = DIRECTION('',(-1.,1.224646799147E-16,0.));
#4070 = PLANE('',#4071);
#4071 = AXIS2_PLACEMENT_3D('',#4072,#4073,#4074);
#4072 = CARTESIAN_POINT('',(-2.19999925,-0.761947234746,
    -2.878230661791E-02));
#4073 = DIRECTION('',(-1.224646799147E-16,-1.,-1.224646799147E-16));
#4074 = DIRECTION('',(-1.499759782662E-32,-1.224646799147E-16,1.));
#4075 = ADVANCED_FACE('',(#4076),#4094,.F.);
#4076 = FACE_BOUND('',#4077,.T.);
#4077 = EDGE_LOOP('',(#4078,#4079,#4087,#4093));
#4078 = ORIENTED_EDGE('',*,*,#3921,.T.);
#4079 = ORIENTED_EDGE('',*,*,#4080,.T.);
#4080 = EDGE_CURVE('',#3914,#4081,#4083,.T.);
#4081 = VERTEX_POINT('',#4082);
#4082 = CARTESIAN_POINT('',(17.00000075,-0.511947234746,0.221217693382)
  );
#4083 = LINE('',#4084,#4085);
#4084 = CARTESIAN_POINT('',(17.00000075,-0.761947234746,0.221217693382)
  );
#4085 = VECTOR('',#4086,1.);
#4086 = DIRECTION('',(1.224646799147E-16,1.,1.224646799147E-16));
#4087 = ORIENTED_EDGE('',*,*,#4088,.F.);
#4088 = EDGE_CURVE('',#445,#4081,#4089,.T.);
#4089 = LINE('',#4090,#4091);
#4090 = CARTESIAN_POINT('',(17.00000075,-0.511947234746,
    -2.878230661791E-02));
#4091 = VECTOR('',#4092,1.);
#4092 = DIRECTION('',(-1.499759782662E-32,-1.224646799147E-16,1.));
#4093 = ORIENTED_EDGE('',*,*,#444,.F.);
#4094 = PLANE('',#4095);
#4095 = AXIS2_PLACEMENT_3D('',#4096,#4097,#4098);
#4096 = CARTESIAN_POINT('',(17.00000075,-0.761947234746,
    -2.878230661791E-02));
#4097 = DIRECTION('',(1.,-1.224646799147E-16,0.));
#4098 = DIRECTION('',(1.499759782662E-32,1.224646799147E-16,-1.));
#4099 = ADVANCED_FACE('',(#4100),#4214,.F.);
#4100 = FACE_BOUND('',#4101,.T.);
#4101 = EDGE_LOOP('',(#4102,#4112,#4120,#4128,#4136,#4144,#4152,#4160,
    #4168,#4174,#4175,#4176,#4184,#4192,#4200,#4208));
#4102 = ORIENTED_EDGE('',*,*,#4103,.T.);
#4103 = EDGE_CURVE('',#4104,#4106,#4108,.T.);
#4104 = VERTEX_POINT('',#4105);
#4105 = CARTESIAN_POINT('',(9.25000075,-0.511947234746,0.221217693382));
#4106 = VERTEX_POINT('',#4107);
#4107 = CARTESIAN_POINT('',(9.25000075,-0.511947234746,7.121217693382));
#4108 = LINE('',#4109,#4110);
#4109 = CARTESIAN_POINT('',(9.25000075,-0.511947234746,0.221217693382));
#4110 = VECTOR('',#4111,1.);
#4111 = DIRECTION('',(-1.499759782662E-32,-1.224646799147E-16,1.));
#4112 = ORIENTED_EDGE('',*,*,#4113,.F.);
#4113 = EDGE_CURVE('',#4114,#4106,#4116,.T.);
#4114 = VERTEX_POINT('',#4115);
#4115 = CARTESIAN_POINT('',(7.25000075,-0.511947234746,7.121217693382));
#4116 = LINE('',#4117,#4118);
#4117 = CARTESIAN_POINT('',(7.25000075,-0.511947234746,7.121217693382));
#4118 = VECTOR('',#4119,1.);
#4119 = DIRECTION('',(1.,-1.224646799147E-16,0.));
#4120 = ORIENTED_EDGE('',*,*,#4121,.F.);
#4121 = EDGE_CURVE('',#4122,#4114,#4124,.T.);
#4122 = VERTEX_POINT('',#4123);
#4123 = CARTESIAN_POINT('',(7.25000075,-0.511947234746,0.221217693382));
#4124 = LINE('',#4125,#4126);
#4125 = CARTESIAN_POINT('',(7.25000075,-0.511947234746,0.221217693382));
#4126 = VECTOR('',#4127,1.);
#4127 = DIRECTION('',(-1.499759782662E-32,-1.224646799147E-16,1.));
#4128 = ORIENTED_EDGE('',*,*,#4129,.T.);
#4129 = EDGE_CURVE('',#4122,#4130,#4132,.T.);
#4130 = VERTEX_POINT('',#4131);
#4131 = CARTESIAN_POINT('',(3.55000075,-0.511947234746,0.221217693382));
#4132 = LINE('',#4133,#4134);
#4133 = CARTESIAN_POINT('',(7.25000075,-0.511947234746,0.221217693382));
#4134 = VECTOR('',#4135,1.);
#4135 = DIRECTION('',(-1.,1.224646799147E-16,0.));
#4136 = ORIENTED_EDGE('',*,*,#4137,.F.);
#4137 = EDGE_CURVE('',#4138,#4130,#4140,.T.);
#4138 = VERTEX_POINT('',#4139);
#4139 = CARTESIAN_POINT('',(3.55000075,-0.511947234746,7.121217693382));
#4140 = LINE('',#4141,#4142);
#4141 = CARTESIAN_POINT('',(3.55000075,-0.511947234746,7.121217693382));
#4142 = VECTOR('',#4143,1.);
#4143 = DIRECTION('',(1.499759782662E-32,1.224646799147E-16,-1.));
#4144 = ORIENTED_EDGE('',*,*,#4145,.F.);
#4145 = EDGE_CURVE('',#4146,#4138,#4148,.T.);
#4146 = VERTEX_POINT('',#4147);
#4147 = CARTESIAN_POINT('',(1.55000075,-0.511947234746,7.121217693382));
#4148 = LINE('',#4149,#4150);
#4149 = CARTESIAN_POINT('',(1.55000075,-0.511947234746,7.121217693382));
#4150 = VECTOR('',#4151,1.);
#4151 = DIRECTION('',(1.,-1.224646799147E-16,0.));
#4152 = ORIENTED_EDGE('',*,*,#4153,.T.);
#4153 = EDGE_CURVE('',#4146,#4154,#4156,.T.);
#4154 = VERTEX_POINT('',#4155);
#4155 = CARTESIAN_POINT('',(1.55000075,-0.511947234746,0.221217693382));
#4156 = LINE('',#4157,#4158);
#4157 = CARTESIAN_POINT('',(1.55000075,-0.511947234746,7.121217693382));
#4158 = VECTOR('',#4159,1.);
#4159 = DIRECTION('',(1.499759782662E-32,1.224646799147E-16,-1.));
#4160 = ORIENTED_EDGE('',*,*,#4161,.T.);
#4161 = EDGE_CURVE('',#4154,#4162,#4164,.T.);
#4162 = VERTEX_POINT('',#4163);
#4163 = CARTESIAN_POINT('',(-0.49999925,-0.511947234746,0.221217693382)
  );
#4164 = LINE('',#4165,#4166);
#4165 = CARTESIAN_POINT('',(1.55000075,-0.511947234746,0.221217693382));
#4166 = VECTOR('',#4167,1.);
#4167 = DIRECTION('',(-1.,1.224646799147E-16,0.));
#4168 = ORIENTED_EDGE('',*,*,#4169,.T.);
#4169 = EDGE_CURVE('',#4162,#267,#4170,.T.);
#4170 = LINE('',#4171,#4172);
#4171 = CARTESIAN_POINT('',(-0.49999925,-0.511947234746,0.221217693382)
  );
#4172 = VECTOR('',#4173,1.);
#4173 = DIRECTION('',(1.499759782662E-32,1.224646799147E-16,-1.));
#4174 = ORIENTED_EDGE('',*,*,#452,.F.);
#4175 = ORIENTED_EDGE('',*,*,#4088,.T.);
#4176 = ORIENTED_EDGE('',*,*,#4177,.T.);
#4177 = EDGE_CURVE('',#4081,#4178,#4180,.T.);
#4178 = VERTEX_POINT('',#4179);
#4179 = CARTESIAN_POINT('',(14.95000075,-0.511947234746,0.221217693382)
  );
#4180 = LINE('',#4181,#4182);
#4181 = CARTESIAN_POINT('',(17.00000075,-0.511947234746,0.221217693382)
  );
#4182 = VECTOR('',#4183,1.);
#4183 = DIRECTION('',(-1.,1.224646799147E-16,0.));
#4184 = ORIENTED_EDGE('',*,*,#4185,.F.);
#4185 = EDGE_CURVE('',#4186,#4178,#4188,.T.);
#4186 = VERTEX_POINT('',#4187);
#4187 = CARTESIAN_POINT('',(14.95000075,-0.511947234746,7.121217693382)
  );
#4188 = LINE('',#4189,#4190);
#4189 = CARTESIAN_POINT('',(14.95000075,-0.511947234746,7.121217693382)
  );
#4190 = VECTOR('',#4191,1.);
#4191 = DIRECTION('',(1.499759782662E-32,1.224646799147E-16,-1.));
#4192 = ORIENTED_EDGE('',*,*,#4193,.F.);
#4193 = EDGE_CURVE('',#4194,#4186,#4196,.T.);
#4194 = VERTEX_POINT('',#4195);
#4195 = CARTESIAN_POINT('',(12.95000075,-0.511947234746,7.121217693382)
  );
#4196 = LINE('',#4197,#4198);
#4197 = CARTESIAN_POINT('',(12.95000075,-0.511947234746,7.121217693382)
  );
#4198 = VECTOR('',#4199,1.);
#4199 = DIRECTION('',(1.,-1.224646799147E-16,0.));
#4200 = ORIENTED_EDGE('',*,*,#4201,.T.);
#4201 = EDGE_CURVE('',#4194,#4202,#4204,.T.);
#4202 = VERTEX_POINT('',#4203);
#4203 = CARTESIAN_POINT('',(12.95000075,-0.511947234746,0.221217693382)
  );
#4204 = LINE('',#4205,#4206);
#4205 = CARTESIAN_POINT('',(12.95000075,-0.511947234746,7.121217693382)
  );
#4206 = VECTOR('',#4207,1.);
#4207 = DIRECTION('',(1.499759782662E-32,1.224646799147E-16,-1.));
#4208 = ORIENTED_EDGE('',*,*,#4209,.T.);
#4209 = EDGE_CURVE('',#4202,#4104,#4210,.T.);
#4210 = LINE('',#4211,#4212);
#4211 = CARTESIAN_POINT('',(12.95000075,-0.511947234746,0.221217693382)
  );
#4212 = VECTOR('',#4213,1.);
#4213 = DIRECTION('',(-1.,1.224646799147E-16,0.));
#4214 = PLANE('',#4215);
#4215 = AXIS2_PLACEMENT_3D('',#4216,#4217,#4218);
#4216 = CARTESIAN_POINT('',(1.55000075,-0.511947234746,
    -2.878230661791E-02));
#4217 = DIRECTION('',(1.224646799147E-16,1.,1.224646799147E-16));
#4218 = DIRECTION('',(-1.,1.224646799147E-16,0.));
#4219 = ADVANCED_FACE('',(#4220),#4231,.F.);
#4220 = FACE_BOUND('',#4221,.T.);
#4221 = EDGE_LOOP('',(#4222,#4228,#4229,#4230));
#4222 = ORIENTED_EDGE('',*,*,#4223,.F.);
#4223 = EDGE_CURVE('',#4178,#3906,#4224,.T.);
#4224 = LINE('',#4225,#4226);
#4225 = CARTESIAN_POINT('',(14.95000075,-0.511947234746,0.221217693382)
  );
#4226 = VECTOR('',#4227,1.);
#4227 = DIRECTION('',(0.707106781187,-0.707106781187,-8.659560562355E-17
    ));
#4228 = ORIENTED_EDGE('',*,*,#4177,.F.);
#4229 = ORIENTED_EDGE('',*,*,#4080,.F.);
#4230 = ORIENTED_EDGE('',*,*,#3913,.T.);
#4231 = PLANE('',#4232);
#4232 = AXIS2_PLACEMENT_3D('',#4233,#4234,#4235);
#4233 = CARTESIAN_POINT('',(17.00000075,-0.761947234746,0.221217693382)
  );
#4234 = DIRECTION('',(-1.499759782662E-32,-1.224646799147E-16,1.));
#4235 = DIRECTION('',(-1.224646799147E-16,-1.,-1.224646799147E-16));
#4236 = ADVANCED_FACE('',(#4237),#4253,.F.);
#4237 = FACE_BOUND('',#4238,.T.);
#4238 = EDGE_LOOP('',(#4239,#4245,#4246,#4252));
#4239 = ORIENTED_EDGE('',*,*,#4240,.F.);
#4240 = EDGE_CURVE('',#4104,#3954,#4241,.T.);
#4241 = LINE('',#4242,#4243);
#4242 = CARTESIAN_POINT('',(9.25000075,-0.511947234746,0.221217693382));
#4243 = VECTOR('',#4244,1.);
#4244 = DIRECTION('',(0.707106781187,-0.707106781187,-8.659560562355E-17
    ));
#4245 = ORIENTED_EDGE('',*,*,#4209,.F.);
#4246 = ORIENTED_EDGE('',*,*,#4247,.F.);
#4247 = EDGE_CURVE('',#3936,#4202,#4248,.T.);
#4248 = LINE('',#4249,#4250);
#4249 = CARTESIAN_POINT('',(12.95000075,-0.761947234746,0.221217693382)
  );
#4250 = VECTOR('',#4251,1.);
#4251 = DIRECTION('',(1.224646799147E-16,1.,1.224646799147E-16));
#4252 = ORIENTED_EDGE('',*,*,#3961,.T.);
#4253 = PLANE('',#4254);
#4254 = AXIS2_PLACEMENT_3D('',#4255,#4256,#4257);
#4255 = CARTESIAN_POINT('',(17.00000075,-0.761947234746,0.221217693382)
  );
#4256 = DIRECTION('',(-1.499759782662E-32,-1.224646799147E-16,1.));
#4257 = DIRECTION('',(-1.224646799147E-16,-1.,-1.224646799147E-16));
#4258 = ADVANCED_FACE('',(#4259),#4275,.F.);
#4259 = FACE_BOUND('',#4260,.T.);
#4260 = EDGE_LOOP('',(#4261,#4267,#4268,#4274));
#4261 = ORIENTED_EDGE('',*,*,#4262,.F.);
#4262 = EDGE_CURVE('',#4130,#3994,#4263,.T.);
#4263 = LINE('',#4264,#4265);
#4264 = CARTESIAN_POINT('',(3.55000075,-0.511947234746,0.221217693382));
#4265 = VECTOR('',#4266,1.);
#4266 = DIRECTION('',(-1.224646799147E-16,-1.,-1.224646799147E-16));
#4267 = ORIENTED_EDGE('',*,*,#4129,.F.);
#4268 = ORIENTED_EDGE('',*,*,#4269,.F.);
#4269 = EDGE_CURVE('',#3976,#4122,#4270,.T.);
#4270 = LINE('',#4271,#4272);
#4271 = CARTESIAN_POINT('',(7.00000075,-0.761947234746,0.221217693382));
#4272 = VECTOR('',#4273,1.);
#4273 = DIRECTION('',(0.707106781187,0.707106781187,8.659560562355E-17)
  );
#4274 = ORIENTED_EDGE('',*,*,#4001,.T.);
#4275 = PLANE('',#4276);
#4276 = AXIS2_PLACEMENT_3D('',#4277,#4278,#4279);
#4277 = CARTESIAN_POINT('',(17.00000075,-0.761947234746,0.221217693382)
  );
#4278 = DIRECTION('',(-1.499759782662E-32,-1.224646799147E-16,1.));
#4279 = DIRECTION('',(-1.224646799147E-16,-1.,-1.224646799147E-16));
#4280 = ADVANCED_FACE('',(#4281),#4297,.F.);
#4281 = FACE_BOUND('',#4282,.T.);
#4282 = EDGE_LOOP('',(#4283,#4289,#4290,#4296));
#4283 = ORIENTED_EDGE('',*,*,#4284,.T.);
#4284 = EDGE_CURVE('',#4058,#4162,#4285,.T.);
#4285 = LINE('',#4286,#4287);
#4286 = CARTESIAN_POINT('',(-0.49999925,-0.761947234746,0.221217693382)
  );
#4287 = VECTOR('',#4288,1.);
#4288 = DIRECTION('',(1.224646799147E-16,1.,1.224646799147E-16));
#4289 = ORIENTED_EDGE('',*,*,#4161,.F.);
#4290 = ORIENTED_EDGE('',*,*,#4291,.F.);
#4291 = EDGE_CURVE('',#4016,#4154,#4292,.T.);
#4292 = LINE('',#4293,#4294);
#4293 = CARTESIAN_POINT('',(1.30000075,-0.761947234746,0.221217693382));
#4294 = VECTOR('',#4295,1.);
#4295 = DIRECTION('',(0.707106781187,0.707106781187,8.659560562355E-17)
  );
#4296 = ORIENTED_EDGE('',*,*,#4065,.T.);
#4297 = PLANE('',#4298);
#4298 = AXIS2_PLACEMENT_3D('',#4299,#4300,#4301);
#4299 = CARTESIAN_POINT('',(17.00000075,-0.761947234746,0.221217693382)
  );
#4300 = DIRECTION('',(-1.499759782662E-32,-1.224646799147E-16,1.));
#4301 = DIRECTION('',(-1.224646799147E-16,-1.,-1.224646799147E-16));
#4302 = ADVANCED_FACE('',(#4303),#4323,.F.);
#4303 = FACE_BOUND('',#4304,.T.);
#4304 = EDGE_LOOP('',(#4305,#4306,#4315,#4321,#4322));
#4305 = ORIENTED_EDGE('',*,*,#3905,.T.);
#4306 = ORIENTED_EDGE('',*,*,#4307,.F.);
#4307 = EDGE_CURVE('',#4308,#3897,#4310,.T.);
#4308 = VERTEX_POINT('',#4309);
#4309 = CARTESIAN_POINT('',(15.072876929246,-0.634823413992,
    7.121217693382));
#4310 = B_SPLINE_CURVE_WITH_KNOTS('',3,(#4311,#4312,#4313,#4314),
  .UNSPECIFIED.,.F.,.F.,(4,4),(0.,1.),.PIECEWISE_BEZIER_KNOTS.);
#4311 = CARTESIAN_POINT('',(15.072876929246,-0.634823413992,
    7.121217693382));
#4312 = CARTESIAN_POINT('',(15.115608423794,-0.67755490854,
    7.121217693382));
#4313 = CARTESIAN_POINT('',(15.157988941865,-0.719935426611,
    7.126603788869));
#4314 = CARTESIAN_POINT('',(15.20000075,-0.761947234746,7.137648118039)
  );
#4315 = ORIENTED_EDGE('',*,*,#4316,.F.);
#4316 = EDGE_CURVE('',#4186,#4308,#4317,.T.);
#4317 = LINE('',#4318,#4319);
#4318 = CARTESIAN_POINT('',(14.95000075,-0.511947234746,7.121217693382)
  );
#4319 = VECTOR('',#4320,1.);
#4320 = DIRECTION('',(0.707106781186,-0.707106781187,-8.659560562356E-17
    ));
#4321 = ORIENTED_EDGE('',*,*,#4185,.T.);
#4322 = ORIENTED_EDGE('',*,*,#4223,.T.);
#4323 = PLANE('',#4324);
#4324 = AXIS2_PLACEMENT_3D('',#4325,#4326,#4327);
#4325 = CARTESIAN_POINT('',(14.95000075,-0.511947234746,
    -2.878230661791E-02));
#4326 = DIRECTION('',(0.707106781187,0.707106781187,8.659560562355E-17)
  );
#4327 = DIRECTION('',(1.499759782662E-32,1.224646799147E-16,-1.));
#4328 = ADVANCED_FACE('',(#4329),#4391,.F.);
#4329 = FACE_BOUND('',#4330,.T.);
#4330 = EDGE_LOOP('',(#4331,#4337,#4338,#4344,#4345,#4351,#4352,#4353,
    #4361,#4369,#4377,#4383,#4384,#4390));
#4331 = ORIENTED_EDGE('',*,*,#4332,.T.);
#4332 = EDGE_CURVE('',#3978,#4114,#4333,.T.);
#4333 = LINE('',#4334,#4335);
#4334 = CARTESIAN_POINT('',(7.00000075,-0.761947234746,7.121217693382));
#4335 = VECTOR('',#4336,1.);
#4336 = DIRECTION('',(0.707106781187,0.707106781187,8.659560562355E-17)
  );
#4337 = ORIENTED_EDGE('',*,*,#4113,.T.);
#4338 = ORIENTED_EDGE('',*,*,#4339,.T.);
#4339 = EDGE_CURVE('',#4106,#3946,#4340,.T.);
#4340 = LINE('',#4341,#4342);
#4341 = CARTESIAN_POINT('',(9.25000075,-0.511947234746,7.121217693382));
#4342 = VECTOR('',#4343,1.);
#4343 = DIRECTION('',(0.707106781187,-0.707106781187,-8.659560562355E-17
    ));
#4344 = ORIENTED_EDGE('',*,*,#3945,.T.);
#4345 = ORIENTED_EDGE('',*,*,#4346,.T.);
#4346 = EDGE_CURVE('',#3938,#4194,#4347,.T.);
#4347 = LINE('',#4348,#4349);
#4348 = CARTESIAN_POINT('',(12.95000075,-0.761947234746,7.121217693382)
  );
#4349 = VECTOR('',#4350,1.);
#4350 = DIRECTION('',(1.224646799147E-16,1.,1.224646799147E-16));
#4351 = ORIENTED_EDGE('',*,*,#4193,.T.);
#4352 = ORIENTED_EDGE('',*,*,#4316,.T.);
#4353 = ORIENTED_EDGE('',*,*,#4354,.T.);
#4354 = EDGE_CURVE('',#4308,#4355,#4357,.T.);
#4355 = VERTEX_POINT('',#4356);
#4356 = CARTESIAN_POINT('',(15.072876929246,0.288052765254,
    7.121217693382));
#4357 = LINE('',#4358,#4359);
#4358 = CARTESIAN_POINT('',(15.072876929246,-0.634823413992,
    7.121217693382));
#4359 = VECTOR('',#4360,1.);
#4360 = DIRECTION('',(1.224646799147E-16,1.,1.224646799147E-16));
#4361 = ORIENTED_EDGE('',*,*,#4362,.F.);
#4362 = EDGE_CURVE('',#4363,#4355,#4365,.T.);
#4363 = VERTEX_POINT('',#4364);
#4364 = CARTESIAN_POINT('',(1.427124570754,0.288052765254,7.121217693382
    ));
#4365 = LINE('',#4366,#4367);
#4366 = CARTESIAN_POINT('',(1.427124570754,0.288052765254,7.121217693382
    ));
#4367 = VECTOR('',#4368,1.);
#4368 = DIRECTION('',(1.,-1.224646799147E-16,0.));
#4369 = ORIENTED_EDGE('',*,*,#4370,.F.);
#4370 = EDGE_CURVE('',#4371,#4363,#4373,.T.);
#4371 = VERTEX_POINT('',#4372);
#4372 = CARTESIAN_POINT('',(1.427124570754,-0.634823413992,
    7.121217693382));
#4373 = LINE('',#4374,#4375);
#4374 = CARTESIAN_POINT('',(1.427124570754,-0.634823413992,
    7.121217693382));
#4375 = VECTOR('',#4376,1.);
#4376 = DIRECTION('',(1.224646799147E-16,1.,1.224646799147E-16));
#4377 = ORIENTED_EDGE('',*,*,#4378,.F.);
#4378 = EDGE_CURVE('',#4146,#4371,#4379,.T.);
#4379 = LINE('',#4380,#4381);
#4380 = CARTESIAN_POINT('',(1.55000075,-0.511947234746,7.121217693382));
#4381 = VECTOR('',#4382,1.);
#4382 = DIRECTION('',(-0.707106781186,-0.707106781187,
    -8.659560562356E-17));
#4383 = ORIENTED_EDGE('',*,*,#4145,.T.);
#4384 = ORIENTED_EDGE('',*,*,#4385,.T.);
#4385 = EDGE_CURVE('',#4138,#3986,#4386,.T.);
#4386 = LINE('',#4387,#4388);
#4387 = CARTESIAN_POINT('',(3.55000075,-0.511947234746,7.121217693382));
#4388 = VECTOR('',#4389,1.);
#4389 = DIRECTION('',(-1.224646799147E-16,-1.,-1.224646799147E-16));
#4390 = ORIENTED_EDGE('',*,*,#3985,.T.);
#4391 = PLANE('',#4392);
#4392 = AXIS2_PLACEMENT_3D('',#4393,#4394,#4395);
#4393 = CARTESIAN_POINT('',(1.427124570754,-0.761947234746,
    7.121217693382));
#4394 = DIRECTION('',(1.499759782662E-32,1.224646799147E-16,-1.));
#4395 = DIRECTION('',(-1.,1.224646799147E-16,0.));
#4396 = ADVANCED_FACE('',(#4397),#4403,.F.);
#4397 = FACE_BOUND('',#4398,.T.);
#4398 = EDGE_LOOP('',(#4399,#4400,#4401,#4402));
#4399 = ORIENTED_EDGE('',*,*,#3993,.T.);
#4400 = ORIENTED_EDGE('',*,*,#4385,.F.);
#4401 = ORIENTED_EDGE('',*,*,#4137,.T.);
#4402 = ORIENTED_EDGE('',*,*,#4262,.T.);
#4403 = PLANE('',#4404);
#4404 = AXIS2_PLACEMENT_3D('',#4405,#4406,#4407);
#4405 = CARTESIAN_POINT('',(3.55000075,-0.511947234746,
    -2.878230661791E-02));
#4406 = DIRECTION('',(1.,-1.224646799147E-16,0.));
#4407 = DIRECTION('',(1.499759782662E-32,1.224646799147E-16,-1.));
#4408 = ADVANCED_FACE('',(#4409),#4422,.F.);
#4409 = FACE_BOUND('',#4410,.T.);
#4410 = EDGE_LOOP('',(#4411,#4412,#4413,#4420,#4421));
#4411 = ORIENTED_EDGE('',*,*,#4153,.F.);
#4412 = ORIENTED_EDGE('',*,*,#4378,.T.);
#4413 = ORIENTED_EDGE('',*,*,#4414,.F.);
#4414 = EDGE_CURVE('',#4018,#4371,#4415,.T.);
#4415 = B_SPLINE_CURVE_WITH_KNOTS('',3,(#4416,#4417,#4418,#4419),
  .UNSPECIFIED.,.F.,.F.,(4,4),(0.,1.),.PIECEWISE_BEZIER_KNOTS.);
#4416 = CARTESIAN_POINT('',(1.30000075,-0.761947234746,7.137648118039));
#4417 = CARTESIAN_POINT('',(1.342012558135,-0.719935426611,
    7.126603788869));
#4418 = CARTESIAN_POINT('',(1.384393076206,-0.67755490854,7.121217693382
    ));
#4419 = CARTESIAN_POINT('',(1.427124570754,-0.634823413992,
    7.121217693382));
#4420 = ORIENTED_EDGE('',*,*,#4015,.F.);
#4421 = ORIENTED_EDGE('',*,*,#4291,.T.);
#4422 = PLANE('',#4423);
#4423 = AXIS2_PLACEMENT_3D('',#4424,#4425,#4426);
#4424 = CARTESIAN_POINT('',(1.30000075,-0.761947234746,
    -2.878230661791E-02));
#4425 = DIRECTION('',(-0.707106781187,0.707106781187,8.659560562355E-17)
  );
#4426 = DIRECTION('',(-1.499759782662E-32,-1.224646799147E-16,1.));
#4427 = ADVANCED_FACE('',(#4428),#4465,.F.);
#4428 = FACE_BOUND('',#4429,.F.);
#4429 = EDGE_LOOP('',(#4430,#4441,#4449,#4456,#4457,#4458,#4459));
#4430 = ORIENTED_EDGE('',*,*,#4431,.T.);
#4431 = EDGE_CURVE('',#4432,#4434,#4436,.T.);
#4432 = VERTEX_POINT('',#4433);
#4433 = CARTESIAN_POINT('',(1.003125418751,-0.461947234746,7.35621822338
    ));
#4434 = VERTEX_POINT('',#4435);
#4435 = CARTESIAN_POINT('',(1.30000075,-0.461947234746,7.137648118039));
#4436 = CIRCLE('',#4437,0.5);
#4437 = AXIS2_PLACEMENT_3D('',#4438,#4439,#4440);
#4438 = CARTESIAN_POINT('',(1.427124570754,-0.461947234746,
    7.621217693382));
#4439 = DIRECTION('',(-1.224646799147E-16,-1.,-1.224646799147E-16));
#4440 = DIRECTION('',(-0.847998304005,1.687559914109E-16,-0.529998940003
    ));
#4441 = ORIENTED_EDGE('',*,*,#4442,.F.);
#4442 = EDGE_CURVE('',#4443,#4434,#4445,.T.);
#4443 = VERTEX_POINT('',#4444);
#4444 = CARTESIAN_POINT('',(1.30000075,0.288052765254,7.137648118039));
#4445 = LINE('',#4446,#4447);
#4446 = CARTESIAN_POINT('',(1.30000075,0.288052765254,7.137648118039));
#4447 = VECTOR('',#4448,1.);
#4448 = DIRECTION('',(-1.224646799147E-16,-1.,-1.224646799147E-16));
#4449 = ORIENTED_EDGE('',*,*,#4450,.T.);
#4450 = EDGE_CURVE('',#4443,#4363,#4451,.T.);
#4451 = CIRCLE('',#4452,0.5);
#4452 = AXIS2_PLACEMENT_3D('',#4453,#4454,#4455);
#4453 = CARTESIAN_POINT('',(1.427124570754,0.288052765254,7.621217693382
    ));
#4454 = DIRECTION('',(-1.224646799147E-16,-1.,-1.224646799147E-16));
#4455 = DIRECTION('',(-0.254247641507,1.495767425579E-16,-0.967139150685
    ));
#4456 = ORIENTED_EDGE('',*,*,#4370,.F.);
#4457 = ORIENTED_EDGE('',*,*,#4414,.F.);
#4458 = ORIENTED_EDGE('',*,*,#4025,.F.);
#4459 = ORIENTED_EDGE('',*,*,#4460,.T.);
#4460 = EDGE_CURVE('',#4026,#4432,#4461,.T.);
#4461 = LINE('',#4462,#4463);
#4462 = CARTESIAN_POINT('',(1.003125418751,-0.761947234746,7.35621822338
    ));
#4463 = VECTOR('',#4464,1.);
#4464 = DIRECTION('',(1.224646799147E-16,1.,1.224646799147E-16));
#4465 = CYLINDRICAL_SURFACE('',#4466,0.5);
#4466 = AXIS2_PLACEMENT_3D('',#4467,#4468,#4469);
#4467 = CARTESIAN_POINT('',(1.427124570754,-0.761947234746,
    7.621217693382));
#4468 = DIRECTION('',(1.224646799147E-16,1.,1.224646799147E-16));
#4469 = DIRECTION('',(1.,-1.224646799147E-16,0.));
#4470 = ADVANCED_FACE('',(#4471),#4512,.F.);
#4471 = FACE_BOUND('',#4472,.T.);
#4472 = EDGE_LOOP('',(#4473,#4481,#4482,#4490,#4498,#4506));
#4473 = ORIENTED_EDGE('',*,*,#4474,.T.);
#4474 = EDGE_CURVE('',#4475,#4432,#4477,.T.);
#4475 = VERTEX_POINT('',#4476);
#4476 = CARTESIAN_POINT('',(0.65000075,-0.461947234746,7.921217693382));
#4477 = LINE('',#4478,#4479);
#4478 = CARTESIAN_POINT('',(0.65000075,-0.461947234746,7.921217693382));
#4479 = VECTOR('',#4480,1.);
#4480 = DIRECTION('',(0.529998940003,3.894369032558E-17,-0.847998304005)
  );
#4481 = ORIENTED_EDGE('',*,*,#4431,.T.);
#4482 = ORIENTED_EDGE('',*,*,#4483,.T.);
#4483 = EDGE_CURVE('',#4434,#4484,#4486,.T.);
#4484 = VERTEX_POINT('',#4485);
#4485 = CARTESIAN_POINT('',(1.30000075,-0.461947234746,7.121217693382));
#4486 = LINE('',#4487,#4488);
#4487 = CARTESIAN_POINT('',(1.30000075,-0.461947234746,7.137648118039));
#4488 = VECTOR('',#4489,1.);
#4489 = DIRECTION('',(1.499759782662E-32,1.224646799147E-16,-1.));
#4490 = ORIENTED_EDGE('',*,*,#4491,.F.);
#4491 = EDGE_CURVE('',#4492,#4484,#4494,.T.);
#4492 = VERTEX_POINT('',#4493);
#4493 = CARTESIAN_POINT('',(0.55000075,-0.461947234746,7.121217693382));
#4494 = LINE('',#4495,#4496);
#4495 = CARTESIAN_POINT('',(0.55000075,-0.461947234746,7.121217693382));
#4496 = VECTOR('',#4497,1.);
#4497 = DIRECTION('',(1.,-1.224646799147E-16,0.));
#4498 = ORIENTED_EDGE('',*,*,#4499,.F.);
#4499 = EDGE_CURVE('',#4500,#4492,#4502,.T.);
#4500 = VERTEX_POINT('',#4501);
#4501 = CARTESIAN_POINT('',(0.55000075,-0.461947234746,7.921217693382));
#4502 = LINE('',#4503,#4504);
#4503 = CARTESIAN_POINT('',(0.55000075,-0.461947234746,7.921217693382));
#4504 = VECTOR('',#4505,1.);
#4505 = DIRECTION('',(1.499759782662E-32,1.224646799147E-16,-1.));
#4506 = ORIENTED_EDGE('',*,*,#4507,.T.);
#4507 = EDGE_CURVE('',#4500,#4475,#4508,.T.);
#4508 = LINE('',#4509,#4510);
#4509 = CARTESIAN_POINT('',(0.55000075,-0.461947234746,7.921217693382));
#4510 = VECTOR('',#4511,1.);
#4511 = DIRECTION('',(1.,-1.224646799147E-16,0.));
#4512 = PLANE('',#4513);
#4513 = AXIS2_PLACEMENT_3D('',#4514,#4515,#4516);
#4514 = CARTESIAN_POINT('',(0.55000075,-0.461947234746,7.921217693382));
#4515 = DIRECTION('',(-1.224646799147E-16,-1.,-1.224646799147E-16));
#4516 = DIRECTION('',(-1.499759782662E-32,-1.224646799147E-16,1.));
#4517 = ADVANCED_FACE('',(#4518),#4568,.T.);
#4518 = FACE_BOUND('',#4519,.T.);
#4519 = EDGE_LOOP('',(#4520,#4528,#4529,#4530,#4538,#4546,#4554,#4562));
#4520 = ORIENTED_EDGE('',*,*,#4521,.F.);
#4521 = EDGE_CURVE('',#3881,#4522,#4524,.T.);
#4522 = VERTEX_POINT('',#4523);
#4523 = CARTESIAN_POINT('',(15.85000075,-0.461947234746,7.921217693382)
  );
#4524 = LINE('',#4525,#4526);
#4525 = CARTESIAN_POINT('',(15.85000075,-0.761947234746,7.921217693382)
  );
#4526 = VECTOR('',#4527,1.);
#4527 = DIRECTION('',(1.224646799147E-16,1.,1.224646799147E-16));
#4528 = ORIENTED_EDGE('',*,*,#3880,.T.);
#4529 = ORIENTED_EDGE('',*,*,#3753,.T.);
#4530 = ORIENTED_EDGE('',*,*,#4531,.F.);
#4531 = EDGE_CURVE('',#4532,#3746,#4534,.T.);
#4532 = VERTEX_POINT('',#4533);
#4533 = CARTESIAN_POINT('',(18.05000075,0.878052765254,7.921217693382));
#4534 = LINE('',#4535,#4536);
#4535 = CARTESIAN_POINT('',(18.05000075,0.878052765254,7.921217693382));
#4536 = VECTOR('',#4537,1.);
#4537 = DIRECTION('',(1.,-1.224646799147E-16,0.));
#4538 = ORIENTED_EDGE('',*,*,#4539,.T.);
#4539 = EDGE_CURVE('',#4532,#4540,#4542,.T.);
#4540 = VERTEX_POINT('',#4541);
#4541 = CARTESIAN_POINT('',(18.05000075,8.805276525429E-02,
    7.921217693382));
#4542 = LINE('',#4543,#4544);
#4543 = CARTESIAN_POINT('',(18.05000075,0.878052765254,7.921217693382));
#4544 = VECTOR('',#4545,1.);
#4545 = DIRECTION('',(-1.224646799147E-16,-1.,-1.224646799147E-16));
#4546 = ORIENTED_EDGE('',*,*,#4547,.F.);
#4547 = EDGE_CURVE('',#4548,#4540,#4550,.T.);
#4548 = VERTEX_POINT('',#4549);
#4549 = CARTESIAN_POINT('',(15.95000075,8.805276525429E-02,
    7.921217693382));
#4550 = LINE('',#4551,#4552);
#4551 = CARTESIAN_POINT('',(15.95000075,8.805276525429E-02,
    7.921217693382));
#4552 = VECTOR('',#4553,1.);
#4553 = DIRECTION('',(1.,-1.224646799147E-16,0.));
#4554 = ORIENTED_EDGE('',*,*,#4555,.F.);
#4555 = EDGE_CURVE('',#4556,#4548,#4558,.T.);
#4556 = VERTEX_POINT('',#4557);
#4557 = CARTESIAN_POINT('',(15.95000075,-0.461947234746,7.921217693382)
  );
#4558 = LINE('',#4559,#4560);
#4559 = CARTESIAN_POINT('',(15.95000075,-0.461947234746,7.921217693382)
  );
#4560 = VECTOR('',#4561,1.);
#4561 = DIRECTION('',(1.224646799147E-16,1.,1.224646799147E-16));
#4562 = ORIENTED_EDGE('',*,*,#4563,.F.);
#4563 = EDGE_CURVE('',#4522,#4556,#4564,.T.);
#4564 = LINE('',#4565,#4566);
#4565 = CARTESIAN_POINT('',(15.85000075,-0.461947234746,7.921217693382)
  );
#4566 = VECTOR('',#4567,1.);
#4567 = DIRECTION('',(1.,-1.224646799147E-16,0.));
#4568 = PLANE('',#4569);
#4569 = AXIS2_PLACEMENT_3D('',#4570,#4571,#4572);
#4570 = CARTESIAN_POINT('',(8.25000075,3.188052765254,7.921217693382));
#4571 = DIRECTION('',(-1.499759782662E-32,-1.224646799147E-16,1.));
#4572 = DIRECTION('',(-1.224646799147E-16,-1.,-1.224646799147E-16));
#4573 = ADVANCED_FACE('',(#4574),#4622,.T.);
#4574 = FACE_BOUND('',#4575,.T.);
#4575 = EDGE_LOOP('',(#4576,#4586,#4594,#4602,#4608,#4609,#4615,#4616));
#4576 = ORIENTED_EDGE('',*,*,#4577,.F.);
#4577 = EDGE_CURVE('',#4578,#4580,#4582,.T.);
#4578 = VERTEX_POINT('',#4579);
#4579 = CARTESIAN_POINT('',(-1.54999925,8.805276525429E-02,
    7.921217693382));
#4580 = VERTEX_POINT('',#4581);
#4581 = CARTESIAN_POINT('',(0.55000075,8.805276525429E-02,7.921217693382
    ));
#4582 = LINE('',#4583,#4584);
#4583 = CARTESIAN_POINT('',(-1.54999925,8.805276525429E-02,
    7.921217693382));
#4584 = VECTOR('',#4585,1.);
#4585 = DIRECTION('',(1.,-1.224646799147E-16,0.));
#4586 = ORIENTED_EDGE('',*,*,#4587,.T.);
#4587 = EDGE_CURVE('',#4578,#4588,#4590,.T.);
#4588 = VERTEX_POINT('',#4589);
#4589 = CARTESIAN_POINT('',(-1.54999925,0.878052765254,7.921217693382));
#4590 = LINE('',#4591,#4592);
#4591 = CARTESIAN_POINT('',(-1.54999925,8.805276525429E-02,
    7.921217693382));
#4592 = VECTOR('',#4593,1.);
#4593 = DIRECTION('',(1.224646799147E-16,1.,1.224646799147E-16));
#4594 = ORIENTED_EDGE('',*,*,#4595,.F.);
#4595 = EDGE_CURVE('',#4596,#4588,#4598,.T.);
#4596 = VERTEX_POINT('',#4597);
#4597 = CARTESIAN_POINT('',(-2.19999925,0.878052765254,7.921217693382));
#4598 = LINE('',#4599,#4600);
#4599 = CARTESIAN_POINT('',(-2.19999925,0.878052765254,7.921217693382));
#4600 = VECTOR('',#4601,1.);
#4601 = DIRECTION('',(1.,-1.224646799147E-16,0.));
#4602 = ORIENTED_EDGE('',*,*,#4603,.T.);
#4603 = EDGE_CURVE('',#4596,#4043,#4604,.T.);
#4604 = LINE('',#4605,#4606);
#4605 = CARTESIAN_POINT('',(-2.19999925,0.878052765254,7.921217693382));
#4606 = VECTOR('',#4607,1.);
#4607 = DIRECTION('',(-1.224646799147E-16,-1.,-1.224646799147E-16));
#4608 = ORIENTED_EDGE('',*,*,#4042,.T.);
#4609 = ORIENTED_EDGE('',*,*,#4610,.T.);
#4610 = EDGE_CURVE('',#4035,#4475,#4611,.T.);
#4611 = LINE('',#4612,#4613);
#4612 = CARTESIAN_POINT('',(0.65000075,-0.761947234746,7.921217693382));
#4613 = VECTOR('',#4614,1.);
#4614 = DIRECTION('',(1.224646799147E-16,1.,1.224646799147E-16));
#4615 = ORIENTED_EDGE('',*,*,#4507,.F.);
#4616 = ORIENTED_EDGE('',*,*,#4617,.F.);
#4617 = EDGE_CURVE('',#4580,#4500,#4618,.T.);
#4618 = LINE('',#4619,#4620);
#4619 = CARTESIAN_POINT('',(0.55000075,8.805276525429E-02,7.921217693382
    ));
#4620 = VECTOR('',#4621,1.);
#4621 = DIRECTION('',(-1.224646799147E-16,-1.,-1.224646799147E-16));
#4622 = PLANE('',#4623);
#4623 = AXIS2_PLACEMENT_3D('',#4624,#4625,#4626);
#4624 = CARTESIAN_POINT('',(8.25000075,3.188052765254,7.921217693382));
#4625 = DIRECTION('',(-1.499759782662E-32,-1.224646799147E-16,1.));
#4626 = DIRECTION('',(-1.224646799147E-16,-1.,-1.224646799147E-16));
#4627 = ADVANCED_FACE('',(#4628),#4670,.F.);
#4628 = FACE_BOUND('',#4629,.T.);
#4629 = EDGE_LOOP('',(#4630,#4638,#4646,#4654,#4663,#4669));
#4630 = ORIENTED_EDGE('',*,*,#4631,.T.);
#4631 = EDGE_CURVE('',#4556,#4632,#4634,.T.);
#4632 = VERTEX_POINT('',#4633);
#4633 = CARTESIAN_POINT('',(15.95000075,-0.461947234746,7.121217693382)
  );
#4634 = LINE('',#4635,#4636);
#4635 = CARTESIAN_POINT('',(15.95000075,-0.461947234746,7.921217693382)
  );
#4636 = VECTOR('',#4637,1.);
#4637 = DIRECTION('',(1.499759782662E-32,1.224646799147E-16,-1.));
#4638 = ORIENTED_EDGE('',*,*,#4639,.F.);
#4639 = EDGE_CURVE('',#4640,#4632,#4642,.T.);
#4640 = VERTEX_POINT('',#4641);
#4641 = CARTESIAN_POINT('',(15.20000075,-0.461947234746,7.121217693382)
  );
#4642 = LINE('',#4643,#4644);
#4643 = CARTESIAN_POINT('',(15.20000075,-0.461947234746,7.121217693382)
  );
#4644 = VECTOR('',#4645,1.);
#4645 = DIRECTION('',(1.,-1.224646799147E-16,0.));
#4646 = ORIENTED_EDGE('',*,*,#4647,.F.);
#4647 = EDGE_CURVE('',#4648,#4640,#4650,.T.);
#4648 = VERTEX_POINT('',#4649);
#4649 = CARTESIAN_POINT('',(15.20000075,-0.461947234746,7.137648118039)
  );
#4650 = LINE('',#4651,#4652);
#4651 = CARTESIAN_POINT('',(15.20000075,-0.461947234746,7.137648118039)
  );
#4652 = VECTOR('',#4653,1.);
#4653 = DIRECTION('',(1.499759782662E-32,1.224646799147E-16,-1.));
#4654 = ORIENTED_EDGE('',*,*,#4655,.T.);
#4655 = EDGE_CURVE('',#4648,#4656,#4658,.T.);
#4656 = VERTEX_POINT('',#4657);
#4657 = CARTESIAN_POINT('',(15.496876081249,-0.461947234746,
    7.35621822338));
#4658 = CIRCLE('',#4659,0.5);
#4659 = AXIS2_PLACEMENT_3D('',#4660,#4661,#4662);
#4660 = CARTESIAN_POINT('',(15.072876929246,-0.461947234746,
    7.621217693382));
#4661 = DIRECTION('',(-1.224646799147E-16,-1.,-1.224646799147E-16));
#4662 = DIRECTION('',(0.254247641507,8.730403048543E-17,-0.967139150685)
  );
#4663 = ORIENTED_EDGE('',*,*,#4664,.T.);
#4664 = EDGE_CURVE('',#4656,#4522,#4665,.T.);
#4665 = LINE('',#4666,#4667);
#4666 = CARTESIAN_POINT('',(15.496876081249,-0.461947234746,
    7.35621822338));
#4667 = VECTOR('',#4668,1.);
#4668 = DIRECTION('',(0.529998940003,-1.687559914109E-16,0.847998304005)
  );
#4669 = ORIENTED_EDGE('',*,*,#4563,.T.);
#4670 = PLANE('',#4671);
#4671 = AXIS2_PLACEMENT_3D('',#4672,#4673,#4674);
#4672 = CARTESIAN_POINT('',(15.20000075,-0.461947234746,7.921217693382)
  );
#4673 = DIRECTION('',(-1.224646799147E-16,-1.,-1.224646799147E-16));
#4674 = DIRECTION('',(-1.499759782662E-32,-1.224646799147E-16,1.));
#4675 = ADVANCED_FACE('',(#4676),#4687,.F.);
#4676 = FACE_BOUND('',#4677,.T.);
#4677 = EDGE_LOOP('',(#4678,#4684,#4685,#4686));
#4678 = ORIENTED_EDGE('',*,*,#4679,.F.);
#4679 = EDGE_CURVE('',#3889,#4656,#4680,.T.);
#4680 = LINE('',#4681,#4682);
#4681 = CARTESIAN_POINT('',(15.496876081249,-0.761947234746,
    7.35621822338));
#4682 = VECTOR('',#4683,1.);
#4683 = DIRECTION('',(-1.764110371409E-14,1.,-1.764110371409E-14));
#4684 = ORIENTED_EDGE('',*,*,#3888,.T.);
#4685 = ORIENTED_EDGE('',*,*,#4521,.T.);
#4686 = ORIENTED_EDGE('',*,*,#4664,.F.);
#4687 = PLANE('',#4688);
#4688 = AXIS2_PLACEMENT_3D('',#4689,#4690,#4691);
#4689 = CARTESIAN_POINT('',(15.496876081249,-0.761947234746,
    7.35621822338));
#4690 = DIRECTION('',(0.847998304005,-3.894369032558E-17,-0.529998940003
    ));
#4691 = DIRECTION('',(1.224646799147E-16,1.,1.224646799147E-16));
#4692 = ADVANCED_FACE('',(#4693),#4715,.F.);
#4693 = FACE_BOUND('',#4694,.F.);
#4694 = EDGE_LOOP('',(#4695,#4703,#4704,#4705,#4706,#4707,#4708));
#4695 = ORIENTED_EDGE('',*,*,#4696,.T.);
#4696 = EDGE_CURVE('',#4697,#4648,#4699,.T.);
#4697 = VERTEX_POINT('',#4698);
#4698 = CARTESIAN_POINT('',(15.20000075,0.288052765254,7.137648118039));
#4699 = LINE('',#4700,#4701);
#4700 = CARTESIAN_POINT('',(15.20000075,0.288052765254,7.137648118039));
#4701 = VECTOR('',#4702,1.);
#4702 = DIRECTION('',(-1.224646799147E-16,-1.,-1.224646799147E-16));
#4703 = ORIENTED_EDGE('',*,*,#4655,.T.);
#4704 = ORIENTED_EDGE('',*,*,#4679,.F.);
#4705 = ORIENTED_EDGE('',*,*,#3896,.F.);
#4706 = ORIENTED_EDGE('',*,*,#4307,.F.);
#4707 = ORIENTED_EDGE('',*,*,#4354,.T.);
#4708 = ORIENTED_EDGE('',*,*,#4709,.T.);
#4709 = EDGE_CURVE('',#4355,#4697,#4710,.T.);
#4710 = CIRCLE('',#4711,0.5);
#4711 = AXIS2_PLACEMENT_3D('',#4712,#4713,#4714);
#4712 = CARTESIAN_POINT('',(15.072876929246,0.288052765254,
    7.621217693382));
#4713 = DIRECTION('',(-1.224646799147E-16,-1.,-1.224646799147E-16));
#4714 = DIRECTION('',(1.499759782662E-32,1.224646799147E-16,-1.));
#4715 = CYLINDRICAL_SURFACE('',#4716,0.5);
#4716 = AXIS2_PLACEMENT_3D('',#4717,#4718,#4719);
#4717 = CARTESIAN_POINT('',(15.072876929246,-0.761947234746,
    7.621217693382));
#4718 = DIRECTION('',(1.224646799147E-16,1.,1.224646799147E-16));
#4719 = DIRECTION('',(1.,-1.224646799147E-16,0.));
#4720 = ADVANCED_FACE('',(#4721),#4739,.F.);
#4721 = FACE_BOUND('',#4722,.T.);
#4722 = EDGE_LOOP('',(#4723,#4724,#4732,#4738));
#4723 = ORIENTED_EDGE('',*,*,#4647,.T.);
#4724 = ORIENTED_EDGE('',*,*,#4725,.F.);
#4725 = EDGE_CURVE('',#4726,#4640,#4728,.T.);
#4726 = VERTEX_POINT('',#4727);
#4727 = CARTESIAN_POINT('',(15.20000075,0.288052765254,7.121217693382));
#4728 = LINE('',#4729,#4730);
#4729 = CARTESIAN_POINT('',(15.20000075,0.288052765254,7.121217693382));
#4730 = VECTOR('',#4731,1.);
#4731 = DIRECTION('',(-1.224646799147E-16,-1.,-1.224646799147E-16));
#4732 = ORIENTED_EDGE('',*,*,#4733,.F.);
#4733 = EDGE_CURVE('',#4697,#4726,#4734,.T.);
#4734 = LINE('',#4735,#4736);
#4735 = CARTESIAN_POINT('',(15.20000075,0.288052765254,7.137648118039));
#4736 = VECTOR('',#4737,1.);
#4737 = DIRECTION('',(1.499759782662E-32,1.224646799147E-16,-1.));
#4738 = ORIENTED_EDGE('',*,*,#4696,.T.);
#4739 = PLANE('',#4740);
#4740 = AXIS2_PLACEMENT_3D('',#4741,#4742,#4743);
#4741 = CARTESIAN_POINT('',(15.20000075,0.288052765254,7.921217693382));
#4742 = DIRECTION('',(-1.,1.224646799147E-16,0.));
#4743 = DIRECTION('',(1.224646799147E-16,1.,1.224646799147E-16));
#4744 = ADVANCED_FACE('',(#4745),#5204,.F.);
#4745 = FACE_BOUND('',#4746,.T.);
#4746 = EDGE_LOOP('',(#4747,#4757,#4765,#4773,#4781,#4789,#4797,#4805,
    #4813,#4821,#4829,#4837,#4845,#4853,#4861,#4869,#4877,#4885,#4893,
    #4901,#4909,#4917,#4925,#4933,#4941,#4949,#4957,#4965,#4973,#4981,
    #4989,#4997,#5005,#5013,#5021,#5029,#5037,#5045,#5053,#5061,#5069,
    #5077,#5085,#5091,#5092,#5098,#5099,#5100,#5108,#5116,#5124,#5132,
    #5138,#5139,#5140,#5141,#5142,#5150,#5158,#5166,#5172,#5173,#5174,
    #5182,#5190,#5198));
#4747 = ORIENTED_EDGE('',*,*,#4748,.F.);
#4748 = EDGE_CURVE('',#4749,#4751,#4753,.T.);
#4749 = VERTEX_POINT('',#4750);
#4750 = CARTESIAN_POINT('',(15.12500075,0.288052765254,2.651217693382));
#4751 = VERTEX_POINT('',#4752);
#4752 = CARTESIAN_POINT('',(16.37500075,0.288052765254,2.651217693382));
#4753 = LINE('',#4754,#4755);
#4754 = CARTESIAN_POINT('',(15.12500075,0.288052765254,2.651217693382));
#4755 = VECTOR('',#4756,1.);
#4756 = DIRECTION('',(1.,-1.224646799147E-16,0.));
#4757 = ORIENTED_EDGE('',*,*,#4758,.T.);
#4758 = EDGE_CURVE('',#4749,#4759,#4761,.T.);
#4759 = VERTEX_POINT('',#4760);
#4760 = CARTESIAN_POINT('',(15.12500075,0.288052765254,5.077407590802));
#4761 = LINE('',#4762,#4763);
#4762 = CARTESIAN_POINT('',(15.12500075,0.288052765254,2.651217693382));
#4763 = VECTOR('',#4764,1.);
#4764 = DIRECTION('',(-1.499759782662E-32,-1.224646799147E-16,1.));
#4765 = ORIENTED_EDGE('',*,*,#4766,.F.);
#4766 = EDGE_CURVE('',#4767,#4759,#4769,.T.);
#4767 = VERTEX_POINT('',#4768);
#4768 = CARTESIAN_POINT('',(14.87500075,0.288052765254,5.077407590802));
#4769 = LINE('',#4770,#4771);
#4770 = CARTESIAN_POINT('',(14.87500075,0.288052765254,5.077407590802));
#4771 = VECTOR('',#4772,1.);
#4772 = DIRECTION('',(1.,-1.224646799147E-16,0.));
#4773 = ORIENTED_EDGE('',*,*,#4774,.F.);
#4774 = EDGE_CURVE('',#4775,#4767,#4777,.T.);
#4775 = VERTEX_POINT('',#4776);
#4776 = CARTESIAN_POINT('',(14.87500075,0.288052765254,2.651217693382));
#4777 = LINE('',#4778,#4779);
#4778 = CARTESIAN_POINT('',(14.87500075,0.288052765254,2.651217693382));
#4779 = VECTOR('',#4780,1.);
#4780 = DIRECTION('',(-1.499759782662E-32,-1.224646799147E-16,1.));
#4781 = ORIENTED_EDGE('',*,*,#4782,.F.);
#4782 = EDGE_CURVE('',#4783,#4775,#4785,.T.);
#4783 = VERTEX_POINT('',#4784);
#4784 = CARTESIAN_POINT('',(13.62500075,0.288052765254,2.651217693382));
#4785 = LINE('',#4786,#4787);
#4786 = CARTESIAN_POINT('',(13.62500075,0.288052765254,2.651217693382));
#4787 = VECTOR('',#4788,1.);
#4788 = DIRECTION('',(1.,-1.224646799147E-16,0.));
#4789 = ORIENTED_EDGE('',*,*,#4790,.T.);
#4790 = EDGE_CURVE('',#4783,#4791,#4793,.T.);
#4791 = VERTEX_POINT('',#4792);
#4792 = CARTESIAN_POINT('',(13.62500075,0.288052765254,5.077407590802));
#4793 = LINE('',#4794,#4795);
#4794 = CARTESIAN_POINT('',(13.62500075,0.288052765254,2.651217693382));
#4795 = VECTOR('',#4796,1.);
#4796 = DIRECTION('',(-1.499759782662E-32,-1.224646799147E-16,1.));
#4797 = ORIENTED_EDGE('',*,*,#4798,.F.);
#4798 = EDGE_CURVE('',#4799,#4791,#4801,.T.);
#4799 = VERTEX_POINT('',#4800);
#4800 = CARTESIAN_POINT('',(13.37500075,0.288052765254,5.077407590802));
#4801 = LINE('',#4802,#4803);
#4802 = CARTESIAN_POINT('',(13.37500075,0.288052765254,5.077407590802));
#4803 = VECTOR('',#4804,1.);
#4804 = DIRECTION('',(1.,-1.224646799147E-16,0.));
#4805 = ORIENTED_EDGE('',*,*,#4806,.F.);
#4806 = EDGE_CURVE('',#4807,#4799,#4809,.T.);
#4807 = VERTEX_POINT('',#4808);
#4808 = CARTESIAN_POINT('',(13.37500075,0.288052765254,2.651217693382));
#4809 = LINE('',#4810,#4811);
#4810 = CARTESIAN_POINT('',(13.37500075,0.288052765254,2.651217693382));
#4811 = VECTOR('',#4812,1.);
#4812 = DIRECTION('',(-1.499759782662E-32,-1.224646799147E-16,1.));
#4813 = ORIENTED_EDGE('',*,*,#4814,.F.);
#4814 = EDGE_CURVE('',#4815,#4807,#4817,.T.);
#4815 = VERTEX_POINT('',#4816);
#4816 = CARTESIAN_POINT('',(12.12500075,0.288052765254,2.651217693382));
#4817 = LINE('',#4818,#4819);
#4818 = CARTESIAN_POINT('',(12.12500075,0.288052765254,2.651217693382));
#4819 = VECTOR('',#4820,1.);
#4820 = DIRECTION('',(1.,-1.224646799147E-16,0.));
#4821 = ORIENTED_EDGE('',*,*,#4822,.T.);
#4822 = EDGE_CURVE('',#4815,#4823,#4825,.T.);
#4823 = VERTEX_POINT('',#4824);
#4824 = CARTESIAN_POINT('',(12.12500075,0.288052765254,5.077407590802));
#4825 = LINE('',#4826,#4827);
#4826 = CARTESIAN_POINT('',(12.12500075,0.288052765254,2.651217693382));
#4827 = VECTOR('',#4828,1.);
#4828 = DIRECTION('',(-1.499759782662E-32,-1.224646799147E-16,1.));
#4829 = ORIENTED_EDGE('',*,*,#4830,.F.);
#4830 = EDGE_CURVE('',#4831,#4823,#4833,.T.);
#4831 = VERTEX_POINT('',#4832);
#4832 = CARTESIAN_POINT('',(11.87500075,0.288052765254,5.077407590802));
#4833 = LINE('',#4834,#4835);
#4834 = CARTESIAN_POINT('',(11.87500075,0.288052765254,5.077407590802));
#4835 = VECTOR('',#4836,1.);
#4836 = DIRECTION('',(1.,-1.224646799147E-16,0.));
#4837 = ORIENTED_EDGE('',*,*,#4838,.F.);
#4838 = EDGE_CURVE('',#4839,#4831,#4841,.T.);
#4839 = VERTEX_POINT('',#4840);
#4840 = CARTESIAN_POINT('',(11.87500075,0.288052765254,2.651217693382));
#4841 = LINE('',#4842,#4843);
#4842 = CARTESIAN_POINT('',(11.87500075,0.288052765254,2.651217693382));
#4843 = VECTOR('',#4844,1.);
#4844 = DIRECTION('',(-1.499759782662E-32,-1.224646799147E-16,1.));
#4845 = ORIENTED_EDGE('',*,*,#4846,.F.);
#4846 = EDGE_CURVE('',#4847,#4839,#4849,.T.);
#4847 = VERTEX_POINT('',#4848);
#4848 = CARTESIAN_POINT('',(10.62500075,0.288052765254,2.651217693382));
#4849 = LINE('',#4850,#4851);
#4850 = CARTESIAN_POINT('',(10.62500075,0.288052765254,2.651217693382));
#4851 = VECTOR('',#4852,1.);
#4852 = DIRECTION('',(1.,-1.224646799147E-16,0.));
#4853 = ORIENTED_EDGE('',*,*,#4854,.T.);
#4854 = EDGE_CURVE('',#4847,#4855,#4857,.T.);
#4855 = VERTEX_POINT('',#4856);
#4856 = CARTESIAN_POINT('',(10.62500075,0.288052765254,5.077407590802));
#4857 = LINE('',#4858,#4859);
#4858 = CARTESIAN_POINT('',(10.62500075,0.288052765254,2.651217693382));
#4859 = VECTOR('',#4860,1.);
#4860 = DIRECTION('',(-1.499759782662E-32,-1.224646799147E-16,1.));
#4861 = ORIENTED_EDGE('',*,*,#4862,.F.);
#4862 = EDGE_CURVE('',#4863,#4855,#4865,.T.);
#4863 = VERTEX_POINT('',#4864);
#4864 = CARTESIAN_POINT('',(10.37500075,0.288052765254,5.077407590802));
#4865 = LINE('',#4866,#4867);
#4866 = CARTESIAN_POINT('',(10.37500075,0.288052765254,5.077407590802));
#4867 = VECTOR('',#4868,1.);
#4868 = DIRECTION('',(1.,-1.224646799147E-16,0.));
#4869 = ORIENTED_EDGE('',*,*,#4870,.F.);
#4870 = EDGE_CURVE('',#4871,#4863,#4873,.T.);
#4871 = VERTEX_POINT('',#4872);
#4872 = CARTESIAN_POINT('',(10.37500075,0.288052765254,2.651217693382));
#4873 = LINE('',#4874,#4875);
#4874 = CARTESIAN_POINT('',(10.37500075,0.288052765254,2.651217693382));
#4875 = VECTOR('',#4876,1.);
#4876 = DIRECTION('',(-1.499759782662E-32,-1.224646799147E-16,1.));
#4877 = ORIENTED_EDGE('',*,*,#4878,.F.);
#4878 = EDGE_CURVE('',#4879,#4871,#4881,.T.);
#4879 = VERTEX_POINT('',#4880);
#4880 = CARTESIAN_POINT('',(9.12500075,0.288052765254,2.651217693382));
#4881 = LINE('',#4882,#4883);
#4882 = CARTESIAN_POINT('',(9.12500075,0.288052765254,2.651217693382));
#4883 = VECTOR('',#4884,1.);
#4884 = DIRECTION('',(1.,-1.224646799147E-16,0.));
#4885 = ORIENTED_EDGE('',*,*,#4886,.T.);
#4886 = EDGE_CURVE('',#4879,#4887,#4889,.T.);
#4887 = VERTEX_POINT('',#4888);
#4888 = CARTESIAN_POINT('',(9.12500075,0.288052765254,5.077407590802));
#4889 = LINE('',#4890,#4891);
#4890 = CARTESIAN_POINT('',(9.12500075,0.288052765254,2.651217693382));
#4891 = VECTOR('',#4892,1.);
#4892 = DIRECTION('',(-1.499759782662E-32,-1.224646799147E-16,1.));
#4893 = ORIENTED_EDGE('',*,*,#4894,.F.);
#4894 = EDGE_CURVE('',#4895,#4887,#4897,.T.);
#4895 = VERTEX_POINT('',#4896);
#4896 = CARTESIAN_POINT('',(8.87500075,0.288052765254,5.077407590802));
#4897 = LINE('',#4898,#4899);
#4898 = CARTESIAN_POINT('',(8.87500075,0.288052765254,5.077407590802));
#4899 = VECTOR('',#4900,1.);
#4900 = DIRECTION('',(1.,-1.224646799147E-16,0.));
#4901 = ORIENTED_EDGE('',*,*,#4902,.F.);
#4902 = EDGE_CURVE('',#4903,#4895,#4905,.T.);
#4903 = VERTEX_POINT('',#4904);
#4904 = CARTESIAN_POINT('',(8.87500075,0.288052765254,2.651217693382));
#4905 = LINE('',#4906,#4907);
#4906 = CARTESIAN_POINT('',(8.87500075,0.288052765254,2.651217693382));
#4907 = VECTOR('',#4908,1.);
#4908 = DIRECTION('',(-1.499759782662E-32,-1.224646799147E-16,1.));
#4909 = ORIENTED_EDGE('',*,*,#4910,.F.);
#4910 = EDGE_CURVE('',#4911,#4903,#4913,.T.);
#4911 = VERTEX_POINT('',#4912);
#4912 = CARTESIAN_POINT('',(7.62500075,0.288052765254,2.651217693382));
#4913 = LINE('',#4914,#4915);
#4914 = CARTESIAN_POINT('',(7.62500075,0.288052765254,2.651217693382));
#4915 = VECTOR('',#4916,1.);
#4916 = DIRECTION('',(1.,-1.224646799147E-16,0.));
#4917 = ORIENTED_EDGE('',*,*,#4918,.T.);
#4918 = EDGE_CURVE('',#4911,#4919,#4921,.T.);
#4919 = VERTEX_POINT('',#4920);
#4920 = CARTESIAN_POINT('',(7.62500075,0.288052765254,5.077407590802));
#4921 = LINE('',#4922,#4923);
#4922 = CARTESIAN_POINT('',(7.62500075,0.288052765254,2.651217693382));
#4923 = VECTOR('',#4924,1.);
#4924 = DIRECTION('',(-1.499759782662E-32,-1.224646799147E-16,1.));
#4925 = ORIENTED_EDGE('',*,*,#4926,.F.);
#4926 = EDGE_CURVE('',#4927,#4919,#4929,.T.);
#4927 = VERTEX_POINT('',#4928);
#4928 = CARTESIAN_POINT('',(7.37500075,0.288052765254,5.077407590802));
#4929 = LINE('',#4930,#4931);
#4930 = CARTESIAN_POINT('',(7.37500075,0.288052765254,5.077407590802));
#4931 = VECTOR('',#4932,1.);
#4932 = DIRECTION('',(1.,-1.224646799147E-16,0.));
#4933 = ORIENTED_EDGE('',*,*,#4934,.F.);
#4934 = EDGE_CURVE('',#4935,#4927,#4937,.T.);
#4935 = VERTEX_POINT('',#4936);
#4936 = CARTESIAN_POINT('',(7.37500075,0.288052765254,2.651217693382));
#4937 = LINE('',#4938,#4939);
#4938 = CARTESIAN_POINT('',(7.37500075,0.288052765254,2.651217693382));
#4939 = VECTOR('',#4940,1.);
#4940 = DIRECTION('',(-1.499759782662E-32,-1.224646799147E-16,1.));
#4941 = ORIENTED_EDGE('',*,*,#4942,.F.);
#4942 = EDGE_CURVE('',#4943,#4935,#4945,.T.);
#4943 = VERTEX_POINT('',#4944);
#4944 = CARTESIAN_POINT('',(6.12500075,0.288052765254,2.651217693382));
#4945 = LINE('',#4946,#4947);
#4946 = CARTESIAN_POINT('',(6.12500075,0.288052765254,2.651217693382));
#4947 = VECTOR('',#4948,1.);
#4948 = DIRECTION('',(1.,-1.224646799147E-16,0.));
#4949 = ORIENTED_EDGE('',*,*,#4950,.T.);
#4950 = EDGE_CURVE('',#4943,#4951,#4953,.T.);
#4951 = VERTEX_POINT('',#4952);
#4952 = CARTESIAN_POINT('',(6.12500075,0.288052765254,5.077407590802));
#4953 = LINE('',#4954,#4955);
#4954 = CARTESIAN_POINT('',(6.12500075,0.288052765254,2.651217693382));
#4955 = VECTOR('',#4956,1.);
#4956 = DIRECTION('',(-1.499759782662E-32,-1.224646799147E-16,1.));
#4957 = ORIENTED_EDGE('',*,*,#4958,.F.);
#4958 = EDGE_CURVE('',#4959,#4951,#4961,.T.);
#4959 = VERTEX_POINT('',#4960);
#4960 = CARTESIAN_POINT('',(5.87500075,0.288052765254,5.077407590802));
#4961 = LINE('',#4962,#4963);
#4962 = CARTESIAN_POINT('',(5.87500075,0.288052765254,5.077407590802));
#4963 = VECTOR('',#4964,1.);
#4964 = DIRECTION('',(1.,-1.224646799147E-16,0.));
#4965 = ORIENTED_EDGE('',*,*,#4966,.F.);
#4966 = EDGE_CURVE('',#4967,#4959,#4969,.T.);
#4967 = VERTEX_POINT('',#4968);
#4968 = CARTESIAN_POINT('',(5.87500075,0.288052765254,2.651217693382));
#4969 = LINE('',#4970,#4971);
#4970 = CARTESIAN_POINT('',(5.87500075,0.288052765254,2.651217693382));
#4971 = VECTOR('',#4972,1.);
#4972 = DIRECTION('',(-1.499759782662E-32,-1.224646799147E-16,1.));
#4973 = ORIENTED_EDGE('',*,*,#4974,.F.);
#4974 = EDGE_CURVE('',#4975,#4967,#4977,.T.);
#4975 = VERTEX_POINT('',#4976);
#4976 = CARTESIAN_POINT('',(4.62500075,0.288052765254,2.651217693382));
#4977 = LINE('',#4978,#4979);
#4978 = CARTESIAN_POINT('',(4.62500075,0.288052765254,2.651217693382));
#4979 = VECTOR('',#4980,1.);
#4980 = DIRECTION('',(1.,-1.224646799147E-16,0.));
#4981 = ORIENTED_EDGE('',*,*,#4982,.T.);
#4982 = EDGE_CURVE('',#4975,#4983,#4985,.T.);
#4983 = VERTEX_POINT('',#4984);
#4984 = CARTESIAN_POINT('',(4.62500075,0.288052765254,5.077407590802));
#4985 = LINE('',#4986,#4987);
#4986 = CARTESIAN_POINT('',(4.62500075,0.288052765254,2.651217693382));
#4987 = VECTOR('',#4988,1.);
#4988 = DIRECTION('',(-1.499759782662E-32,-1.224646799147E-16,1.));
#4989 = ORIENTED_EDGE('',*,*,#4990,.F.);
#4990 = EDGE_CURVE('',#4991,#4983,#4993,.T.);
#4991 = VERTEX_POINT('',#4992);
#4992 = CARTESIAN_POINT('',(4.37500075,0.288052765254,5.077407590802));
#4993 = LINE('',#4994,#4995);
#4994 = CARTESIAN_POINT('',(4.37500075,0.288052765254,5.077407590802));
#4995 = VECTOR('',#4996,1.);
#4996 = DIRECTION('',(1.,-1.224646799147E-16,0.));
#4997 = ORIENTED_EDGE('',*,*,#4998,.F.);
#4998 = EDGE_CURVE('',#4999,#4991,#5001,.T.);
#4999 = VERTEX_POINT('',#5000);
#5000 = CARTESIAN_POINT('',(4.37500075,0.288052765254,2.651217693382));
#5001 = LINE('',#5002,#5003);
#5002 = CARTESIAN_POINT('',(4.37500075,0.288052765254,2.651217693382));
#5003 = VECTOR('',#5004,1.);
#5004 = DIRECTION('',(-1.499759782662E-32,-1.224646799147E-16,1.));
#5005 = ORIENTED_EDGE('',*,*,#5006,.F.);
#5006 = EDGE_CURVE('',#5007,#4999,#5009,.T.);
#5007 = VERTEX_POINT('',#5008);
#5008 = CARTESIAN_POINT('',(3.12500075,0.288052765254,2.651217693382));
#5009 = LINE('',#5010,#5011);
#5010 = CARTESIAN_POINT('',(3.12500075,0.288052765254,2.651217693382));
#5011 = VECTOR('',#5012,1.);
#5012 = DIRECTION('',(1.,-1.224646799147E-16,0.));
#5013 = ORIENTED_EDGE('',*,*,#5014,.T.);
#5014 = EDGE_CURVE('',#5007,#5015,#5017,.T.);
#5015 = VERTEX_POINT('',#5016);
#5016 = CARTESIAN_POINT('',(3.12500075,0.288052765254,5.077407590802));
#5017 = LINE('',#5018,#5019);
#5018 = CARTESIAN_POINT('',(3.12500075,0.288052765254,2.651217693382));
#5019 = VECTOR('',#5020,1.);
#5020 = DIRECTION('',(-1.499759782662E-32,-1.224646799147E-16,1.));
#5021 = ORIENTED_EDGE('',*,*,#5022,.F.);
#5022 = EDGE_CURVE('',#5023,#5015,#5025,.T.);
#5023 = VERTEX_POINT('',#5024);
#5024 = CARTESIAN_POINT('',(2.87500075,0.288052765254,5.077407590802));
#5025 = LINE('',#5026,#5027);
#5026 = CARTESIAN_POINT('',(2.87500075,0.288052765254,5.077407590802));
#5027 = VECTOR('',#5028,1.);
#5028 = DIRECTION('',(1.,-1.224646799147E-16,0.));
#5029 = ORIENTED_EDGE('',*,*,#5030,.F.);
#5030 = EDGE_CURVE('',#5031,#5023,#5033,.T.);
#5031 = VERTEX_POINT('',#5032);
#5032 = CARTESIAN_POINT('',(2.87500075,0.288052765254,2.651217693382));
#5033 = LINE('',#5034,#5035);
#5034 = CARTESIAN_POINT('',(2.87500075,0.288052765254,2.651217693382));
#5035 = VECTOR('',#5036,1.);
#5036 = DIRECTION('',(-1.499759782662E-32,-1.224646799147E-16,1.));
#5037 = ORIENTED_EDGE('',*,*,#5038,.F.);
#5038 = EDGE_CURVE('',#5039,#5031,#5041,.T.);
#5039 = VERTEX_POINT('',#5040);
#5040 = CARTESIAN_POINT('',(1.62500075,0.288052765254,2.651217693382));
#5041 = LINE('',#5042,#5043);
#5042 = CARTESIAN_POINT('',(1.62500075,0.288052765254,2.651217693382));
#5043 = VECTOR('',#5044,1.);
#5044 = DIRECTION('',(1.,-1.224646799147E-16,0.));
#5045 = ORIENTED_EDGE('',*,*,#5046,.T.);
#5046 = EDGE_CURVE('',#5039,#5047,#5049,.T.);
#5047 = VERTEX_POINT('',#5048);
#5048 = CARTESIAN_POINT('',(1.62500075,0.288052765254,5.077407590802));
#5049 = LINE('',#5050,#5051);
#5050 = CARTESIAN_POINT('',(1.62500075,0.288052765254,2.651217693382));
#5051 = VECTOR('',#5052,1.);
#5052 = DIRECTION('',(-1.499759782662E-32,-1.224646799147E-16,1.));
#5053 = ORIENTED_EDGE('',*,*,#5054,.F.);
#5054 = EDGE_CURVE('',#5055,#5047,#5057,.T.);
#5055 = VERTEX_POINT('',#5056);
#5056 = CARTESIAN_POINT('',(1.37500075,0.288052765254,5.077407590802));
#5057 = LINE('',#5058,#5059);
#5058 = CARTESIAN_POINT('',(1.37500075,0.288052765254,5.077407590802));
#5059 = VECTOR('',#5060,1.);
#5060 = DIRECTION('',(1.,-1.224646799147E-16,0.));
#5061 = ORIENTED_EDGE('',*,*,#5062,.F.);
#5062 = EDGE_CURVE('',#5063,#5055,#5065,.T.);
#5063 = VERTEX_POINT('',#5064);
#5064 = CARTESIAN_POINT('',(1.37500075,0.288052765254,2.651217693382));
#5065 = LINE('',#5066,#5067);
#5066 = CARTESIAN_POINT('',(1.37500075,0.288052765254,2.651217693382));
#5067 = VECTOR('',#5068,1.);
#5068 = DIRECTION('',(-1.499759782662E-32,-1.224646799147E-16,1.));
#5069 = ORIENTED_EDGE('',*,*,#5070,.F.);
#5070 = EDGE_CURVE('',#5071,#5063,#5073,.T.);
#5071 = VERTEX_POINT('',#5072);
#5072 = CARTESIAN_POINT('',(0.12500075,0.288052765254,2.651217693382));
#5073 = LINE('',#5074,#5075);
#5074 = CARTESIAN_POINT('',(0.12500075,0.288052765254,2.651217693382));
#5075 = VECTOR('',#5076,1.);
#5076 = DIRECTION('',(1.,-1.224646799147E-16,0.));
#5077 = ORIENTED_EDGE('',*,*,#5078,.T.);
#5078 = EDGE_CURVE('',#5071,#5079,#5081,.T.);
#5079 = VERTEX_POINT('',#5080);
#5080 = CARTESIAN_POINT('',(0.12500075,0.288052765254,5.077407590802));
#5081 = LINE('',#5082,#5083);
#5082 = CARTESIAN_POINT('',(0.12500075,0.288052765254,2.651217693382));
#5083 = VECTOR('',#5084,1.);
#5084 = DIRECTION('',(-1.499759782662E-32,-1.224646799147E-16,1.));
#5085 = ORIENTED_EDGE('',*,*,#5086,.F.);
#5086 = EDGE_CURVE('',#954,#5079,#5087,.T.);
#5087 = LINE('',#5088,#5089);
#5088 = CARTESIAN_POINT('',(-0.12499925,0.288052765254,5.077407590802));
#5089 = VECTOR('',#5090,1.);
#5090 = DIRECTION('',(1.,-1.224646799147E-16,0.));
#5091 = ORIENTED_EDGE('',*,*,#953,.F.);
#5092 = ORIENTED_EDGE('',*,*,#5093,.F.);
#5093 = EDGE_CURVE('',#1576,#946,#5094,.T.);
#5094 = LINE('',#5095,#5096);
#5095 = CARTESIAN_POINT('',(-0.59999925,0.288052765254,2.651217693382));
#5096 = VECTOR('',#5097,1.);
#5097 = DIRECTION('',(1.,-1.224646799147E-16,0.));
#5098 = ORIENTED_EDGE('',*,*,#1575,.T.);
#5099 = ORIENTED_EDGE('',*,*,#1956,.F.);
#5100 = ORIENTED_EDGE('',*,*,#5101,.F.);
#5101 = EDGE_CURVE('',#5102,#1949,#5104,.T.);
#5102 = VERTEX_POINT('',#5103);
#5103 = CARTESIAN_POINT('',(-1.44999925,0.288052765254,7.721217693382));
#5104 = LINE('',#5105,#5106);
#5105 = CARTESIAN_POINT('',(-1.44999925,0.288052765254,7.721217693382));
#5106 = VECTOR('',#5107,1.);
#5107 = DIRECTION('',(1.499759782662E-32,1.224646799147E-16,-1.));
#5108 = ORIENTED_EDGE('',*,*,#5109,.T.);
#5109 = EDGE_CURVE('',#5102,#5110,#5112,.T.);
#5110 = VERTEX_POINT('',#5111);
#5111 = CARTESIAN_POINT('',(0.55000075,0.288052765254,7.721217693382));
#5112 = LINE('',#5113,#5114);
#5113 = CARTESIAN_POINT('',(-1.44999925,0.288052765254,7.721217693382));
#5114 = VECTOR('',#5115,1.);
#5115 = DIRECTION('',(1.,-1.224646799147E-16,0.));
#5116 = ORIENTED_EDGE('',*,*,#5117,.T.);
#5117 = EDGE_CURVE('',#5110,#5118,#5120,.T.);
#5118 = VERTEX_POINT('',#5119);
#5119 = CARTESIAN_POINT('',(0.55000075,0.288052765254,7.121217693382));
#5120 = LINE('',#5121,#5122);
#5121 = CARTESIAN_POINT('',(0.55000075,0.288052765254,7.721217693382));
#5122 = VECTOR('',#5123,1.);
#5123 = DIRECTION('',(1.499759782662E-32,1.224646799147E-16,-1.));
#5124 = ORIENTED_EDGE('',*,*,#5125,.T.);
#5125 = EDGE_CURVE('',#5118,#5126,#5128,.T.);
#5126 = VERTEX_POINT('',#5127);
#5127 = CARTESIAN_POINT('',(1.30000075,0.288052765254,7.121217693382));
#5128 = LINE('',#5129,#5130);
#5129 = CARTESIAN_POINT('',(0.55000075,0.288052765254,7.121217693382));
#5130 = VECTOR('',#5131,1.);
#5131 = DIRECTION('',(1.,-1.224646799147E-16,0.));
#5132 = ORIENTED_EDGE('',*,*,#5133,.F.);
#5133 = EDGE_CURVE('',#4443,#5126,#5134,.T.);
#5134 = LINE('',#5135,#5136);
#5135 = CARTESIAN_POINT('',(1.30000075,0.288052765254,7.137648118039));
#5136 = VECTOR('',#5137,1.);
#5137 = DIRECTION('',(1.499759782662E-32,1.224646799147E-16,-1.));
#5138 = ORIENTED_EDGE('',*,*,#4450,.T.);
#5139 = ORIENTED_EDGE('',*,*,#4362,.T.);
#5140 = ORIENTED_EDGE('',*,*,#4709,.T.);
#5141 = ORIENTED_EDGE('',*,*,#4733,.T.);
#5142 = ORIENTED_EDGE('',*,*,#5143,.T.);
#5143 = EDGE_CURVE('',#4726,#5144,#5146,.T.);
#5144 = VERTEX_POINT('',#5145);
#5145 = CARTESIAN_POINT('',(15.95000075,0.288052765254,7.121217693382));
#5146 = LINE('',#5147,#5148);
#5147 = CARTESIAN_POINT('',(15.20000075,0.288052765254,7.121217693382));
#5148 = VECTOR('',#5149,1.);
#5149 = DIRECTION('',(1.,-1.224646799147E-16,0.));
#5150 = ORIENTED_EDGE('',*,*,#5151,.F.);
#5151 = EDGE_CURVE('',#5152,#5144,#5154,.T.);
#5152 = VERTEX_POINT('',#5153);
#5153 = CARTESIAN_POINT('',(15.95000075,0.288052765254,7.721217693382));
#5154 = LINE('',#5155,#5156);
#5155 = CARTESIAN_POINT('',(15.95000075,0.288052765254,7.721217693382));
#5156 = VECTOR('',#5157,1.);
#5157 = DIRECTION('',(1.499759782662E-32,1.224646799147E-16,-1.));
#5158 = ORIENTED_EDGE('',*,*,#5159,.T.);
#5159 = EDGE_CURVE('',#5152,#5160,#5162,.T.);
#5160 = VERTEX_POINT('',#5161);
#5161 = CARTESIAN_POINT('',(17.95000075,0.288052765254,7.721217693382));
#5162 = LINE('',#5163,#5164);
#5163 = CARTESIAN_POINT('',(15.95000075,0.288052765254,7.721217693382));
#5164 = VECTOR('',#5165,1.);
#5165 = DIRECTION('',(1.,-1.224646799147E-16,0.));
#5166 = ORIENTED_EDGE('',*,*,#5167,.T.);
#5167 = EDGE_CURVE('',#5160,#1966,#5168,.T.);
#5168 = LINE('',#5169,#5170);
#5169 = CARTESIAN_POINT('',(17.95000075,0.288052765254,7.721217693382));
#5170 = VECTOR('',#5171,1.);
#5171 = DIRECTION('',(1.499759782662E-32,1.224646799147E-16,-1.));
#5172 = ORIENTED_EDGE('',*,*,#1965,.F.);
#5173 = ORIENTED_EDGE('',*,*,#1655,.F.);
#5174 = ORIENTED_EDGE('',*,*,#5175,.F.);
#5175 = EDGE_CURVE('',#5176,#1648,#5178,.T.);
#5176 = VERTEX_POINT('',#5177);
#5177 = CARTESIAN_POINT('',(16.62500075,0.288052765254,2.651217693382));
#5178 = LINE('',#5179,#5180);
#5179 = CARTESIAN_POINT('',(16.62500075,0.288052765254,2.651217693382));
#5180 = VECTOR('',#5181,1.);
#5181 = DIRECTION('',(1.,-1.224646799147E-16,0.));
#5182 = ORIENTED_EDGE('',*,*,#5183,.T.);
#5183 = EDGE_CURVE('',#5176,#5184,#5186,.T.);
#5184 = VERTEX_POINT('',#5185);
#5185 = CARTESIAN_POINT('',(16.62500075,0.288052765254,5.077407590802));
#5186 = LINE('',#5187,#5188);
#5187 = CARTESIAN_POINT('',(16.62500075,0.288052765254,2.651217693382));
#5188 = VECTOR('',#5189,1.);
#5189 = DIRECTION('',(-1.499759782662E-32,-1.224646799147E-16,1.));
#5190 = ORIENTED_EDGE('',*,*,#5191,.F.);
#5191 = EDGE_CURVE('',#5192,#5184,#5194,.T.);
#5192 = VERTEX_POINT('',#5193);
#5193 = CARTESIAN_POINT('',(16.37500075,0.288052765254,5.077407590802));
#5194 = LINE('',#5195,#5196);
#5195 = CARTESIAN_POINT('',(16.37500075,0.288052765254,5.077407590802));
#5196 = VECTOR('',#5197,1.);
#5197 = DIRECTION('',(1.,-1.224646799147E-16,0.));
#5198 = ORIENTED_EDGE('',*,*,#5199,.F.);
#5199 = EDGE_CURVE('',#4751,#5192,#5200,.T.);
#5200 = LINE('',#5201,#5202);
#5201 = CARTESIAN_POINT('',(16.37500075,0.288052765254,2.651217693382));
#5202 = VECTOR('',#5203,1.);
#5203 = DIRECTION('',(-1.499759782662E-32,-1.224646799147E-16,1.));
#5204 = PLANE('',#5205);
#5205 = AXIS2_PLACEMENT_3D('',#5206,#5207,#5208);
#5206 = CARTESIAN_POINT('',(-0.24999925,0.288052765254,7.921217693382));
#5207 = DIRECTION('',(-1.224646799147E-16,-1.,-1.224646799147E-16));
#5208 = DIRECTION('',(-1.499759782662E-32,-1.224646799147E-16,1.));
#5209 = ADVANCED_FACE('',(#5210),#5251,.F.);
#5210 = FACE_BOUND('',#5211,.T.);
#5211 = EDGE_LOOP('',(#5212,#5220,#5228,#5236,#5244,#5250));
#5212 = ORIENTED_EDGE('',*,*,#5213,.F.);
#5213 = EDGE_CURVE('',#5214,#819,#5216,.T.);
#5214 = VERTEX_POINT('',#5215);
#5215 = CARTESIAN_POINT('',(16.37500075,2.248052765254,-3.128782306618)
  );
#5216 = LINE('',#5217,#5218);
#5217 = CARTESIAN_POINT('',(16.37500075,2.248052765254,-3.128782306618)
  );
#5218 = VECTOR('',#5219,1.);
#5219 = DIRECTION('',(-1.499759782662E-32,-1.224646799147E-16,1.));
#5220 = ORIENTED_EDGE('',*,*,#5221,.F.);
#5221 = EDGE_CURVE('',#5222,#5214,#5224,.T.);
#5222 = VERTEX_POINT('',#5223);
#5223 = CARTESIAN_POINT('',(16.37500075,2.088052765254,-3.428782306618)
  );
#5224 = LINE('',#5225,#5226);
#5225 = CARTESIAN_POINT('',(16.37500075,2.088052765254,-3.428782306618)
  );
#5226 = VECTOR('',#5227,1.);
#5227 = DIRECTION('',(5.763043760693E-17,0.470588235294,0.882352941176)
  );
#5228 = ORIENTED_EDGE('',*,*,#5229,.F.);
#5229 = EDGE_CURVE('',#5230,#5222,#5232,.T.);
#5230 = VERTEX_POINT('',#5231);
#5231 = CARTESIAN_POINT('',(16.37500075,1.898052765254,-3.428782306618)
  );
#5232 = LINE('',#5233,#5234);
#5233 = CARTESIAN_POINT('',(16.37500075,1.898052765254,-3.428782306618)
  );
#5234 = VECTOR('',#5235,1.);
#5235 = DIRECTION('',(1.224646799147E-16,1.,1.224646799147E-16));
#5236 = ORIENTED_EDGE('',*,*,#5237,.F.);
#5237 = EDGE_CURVE('',#5238,#5230,#5240,.T.);
#5238 = VERTEX_POINT('',#5239);
#5239 = CARTESIAN_POINT('',(16.37500075,1.748052765254,-3.128782306618)
  );
#5240 = LINE('',#5241,#5242);
#5241 = CARTESIAN_POINT('',(16.37500075,1.748052765254,-3.128782306618)
  );
#5242 = VECTOR('',#5243,1.);
#5243 = DIRECTION('',(5.476786982643E-17,0.4472135955,-0.894427191));
#5244 = ORIENTED_EDGE('',*,*,#5245,.F.);
#5245 = EDGE_CURVE('',#801,#5238,#5246,.T.);
#5246 = LINE('',#5247,#5248);
#5247 = CARTESIAN_POINT('',(16.37500075,1.748052765254,
    -2.878230661791E-02));
#5248 = VECTOR('',#5249,1.);
#5249 = DIRECTION('',(1.499759782662E-32,1.224646799147E-16,-1.));
#5250 = ORIENTED_EDGE('',*,*,#826,.T.);
#5251 = PLANE('',#5252);
#5252 = AXIS2_PLACEMENT_3D('',#5253,#5254,#5255);
#5253 = CARTESIAN_POINT('',(16.37500075,2.513052765254,4.741217693382));
#5254 = DIRECTION('',(1.,-1.224646799147E-16,0.));
#5255 = DIRECTION('',(1.499759782662E-32,1.224646799147E-16,-1.));
#5256 = ADVANCED_FACE('',(#5257),#5332,.F.);
#5257 = FACE_BOUND('',#5258,.T.);
#5258 = EDGE_LOOP('',(#5259,#5268,#5276,#5285,#5293,#5301,#5309,#5317,
    #5325,#5331));
#5259 = ORIENTED_EDGE('',*,*,#5260,.F.);
#5260 = EDGE_CURVE('',#5261,#5192,#5263,.T.);
#5261 = VERTEX_POINT('',#5262);
#5262 = CARTESIAN_POINT('',(16.37500075,0.398856079879,4.971832962871));
#5263 = CIRCLE('',#5264,0.15);
#5264 = AXIS2_PLACEMENT_3D('',#5265,#5266,#5267);
#5265 = CARTESIAN_POINT('',(16.37500075,0.254459404418,4.931217693382));
#5266 = DIRECTION('',(1.,-1.224646799147E-16,0.));
#5267 = DIRECTION('',(1.17889950941E-16,0.962644503077,0.27076846326));
#5268 = ORIENTED_EDGE('',*,*,#5269,.F.);
#5269 = EDGE_CURVE('',#5270,#5261,#5272,.T.);
#5270 = VERTEX_POINT('',#5271);
#5271 = CARTESIAN_POINT('',(16.37500075,0.606177852711,4.234756116545));
#5272 = LINE('',#5273,#5274);
#5273 = CARTESIAN_POINT('',(16.37500075,0.606177852711,4.234756116545));
#5274 = VECTOR('',#5275,1.);
#5275 = DIRECTION('',(-3.315957318415E-17,-0.27076846326,0.962644503077)
  );
#5276 = ORIENTED_EDGE('',*,*,#5277,.F.);
#5277 = EDGE_CURVE('',#5278,#5270,#5280,.T.);
#5278 = VERTEX_POINT('',#5279);
#5279 = CARTESIAN_POINT('',(16.37500075,0.602996800241,4.199322669419));
#5280 = CIRCLE('',#5281,5.E-02);
#5281 = AXIS2_PLACEMENT_3D('',#5282,#5283,#5284);
#5282 = CARTESIAN_POINT('',(16.37500075,0.558045627557,4.221217693382));
#5283 = DIRECTION('',(1.,-1.224646799147E-16,6.162975822039E-33));
#5284 = DIRECTION('',(1.100986194907E-16,0.89902345368,-0.437900479257)
  );
#5285 = ORIENTED_EDGE('',*,*,#5286,.F.);
#5286 = EDGE_CURVE('',#5287,#5278,#5289,.T.);
#5287 = VERTEX_POINT('',#5288);
#5288 = CARTESIAN_POINT('',(16.37500075,0.448052765254,3.881217693382));
#5289 = LINE('',#5290,#5291);
#5290 = CARTESIAN_POINT('',(16.37500075,0.448052765254,3.881217693382));
#5291 = VECTOR('',#5292,1.);
#5292 = DIRECTION('',(5.362734202678E-17,0.437900479257,0.89902345368));
#5293 = ORIENTED_EDGE('',*,*,#5294,.F.);
#5294 = EDGE_CURVE('',#5295,#5287,#5297,.T.);
#5295 = VERTEX_POINT('',#5296);
#5296 = CARTESIAN_POINT('',(16.37500075,0.448052765254,2.581217693382));
#5297 = LINE('',#5298,#5299);
#5298 = CARTESIAN_POINT('',(16.37500075,0.448052765254,2.581217693382));
#5299 = VECTOR('',#5300,1.);
#5300 = DIRECTION('',(-1.499759782662E-32,-1.224646799147E-16,1.));
#5301 = ORIENTED_EDGE('',*,*,#5302,.F.);
#5302 = EDGE_CURVE('',#5303,#5295,#5305,.T.);
#5303 = VERTEX_POINT('',#5304);
#5304 = CARTESIAN_POINT('',(16.37500075,1.378052765254,2.581217693382));
#5305 = LINE('',#5306,#5307);
#5306 = CARTESIAN_POINT('',(16.37500075,1.378052765254,2.581217693382));
#5307 = VECTOR('',#5308,1.);
#5308 = DIRECTION('',(-1.224646799147E-16,-1.,-1.224646799147E-16));
#5309 = ORIENTED_EDGE('',*,*,#5310,.F.);
#5310 = EDGE_CURVE('',#5311,#5303,#5313,.T.);
#5311 = VERTEX_POINT('',#5312);
#5312 = CARTESIAN_POINT('',(16.37500075,1.378052765254,2.471217693382));
#5313 = LINE('',#5314,#5315);
#5314 = CARTESIAN_POINT('',(16.37500075,1.378052765254,2.471217693382));
#5315 = VECTOR('',#5316,1.);
#5316 = DIRECTION('',(-1.499759782662E-32,-1.224646799147E-16,1.));
#5317 = ORIENTED_EDGE('',*,*,#5318,.F.);
#5318 = EDGE_CURVE('',#5319,#5311,#5321,.T.);
#5319 = VERTEX_POINT('',#5320);
#5320 = CARTESIAN_POINT('',(16.37500075,0.488052765254,2.471217693382));
#5321 = LINE('',#5322,#5323);
#5322 = CARTESIAN_POINT('',(16.37500075,0.488052765254,2.471217693382));
#5323 = VECTOR('',#5324,1.);
#5324 = DIRECTION('',(1.224646799147E-16,1.,1.224646799147E-16));
#5325 = ORIENTED_EDGE('',*,*,#5326,.F.);
#5326 = EDGE_CURVE('',#4751,#5319,#5327,.T.);
#5327 = LINE('',#5328,#5329);
#5328 = CARTESIAN_POINT('',(16.37500075,0.288052765254,2.651217693382));
#5329 = VECTOR('',#5330,1.);
#5330 = DIRECTION('',(9.102727970266E-17,0.743294146247,-0.668964731622)
  );
#5331 = ORIENTED_EDGE('',*,*,#5199,.T.);
#5332 = PLANE('',#5333);
#5333 = AXIS2_PLACEMENT_3D('',#5334,#5335,#5336);
#5334 = CARTESIAN_POINT('',(16.37500075,2.513052765254,4.741217693382));
#5335 = DIRECTION('',(1.,-1.224646799147E-16,0.));
#5336 = DIRECTION('',(1.499759782662E-32,1.224646799147E-16,-1.));
#5337 = ADVANCED_FACE('',(#5338),#5364,.F.);
#5338 = FACE_BOUND('',#5339,.T.);
#5339 = EDGE_LOOP('',(#5340,#5348,#5357,#5363));
#5340 = ORIENTED_EDGE('',*,*,#5341,.F.);
#5341 = EDGE_CURVE('',#5342,#1514,#5344,.T.);
#5342 = VERTEX_POINT('',#5343);
#5343 = CARTESIAN_POINT('',(16.37500075,1.429913402403,4.467679270219));
#5344 = LINE('',#5345,#5346);
#5345 = CARTESIAN_POINT('',(16.37500075,1.429913402403,4.467679270219));
#5346 = VECTOR('',#5347,1.);
#5347 = DIRECTION('',(3.315957318415E-17,0.27076846326,-0.962644503077)
  );
#5348 = ORIENTED_EDGE('',*,*,#5349,.F.);
#5349 = EDGE_CURVE('',#5350,#5342,#5352,.T.);
#5350 = VERTEX_POINT('',#5351);
#5351 = CARTESIAN_POINT('',(16.37500075,1.433094454873,4.503112717345));
#5352 = CIRCLE('',#5353,5.E-02);
#5353 = AXIS2_PLACEMENT_3D('',#5354,#5355,#5356);
#5354 = CARTESIAN_POINT('',(16.37500075,1.478045627557,4.481217693382));
#5355 = DIRECTION('',(1.,-1.224646799147E-16,6.162975822039E-33));
#5356 = DIRECTION('',(-1.100986194907E-16,-0.89902345368,0.437900479257)
  );
#5357 = ORIENTED_EDGE('',*,*,#5358,.F.);
#5358 = EDGE_CURVE('',#1496,#5350,#5359,.T.);
#5359 = LINE('',#5360,#5361);
#5360 = CARTESIAN_POINT('',(16.37500075,1.648052765254,4.944428887914));
#5361 = VECTOR('',#5362,1.);
#5362 = DIRECTION('',(-5.362734202678E-17,-0.437900479257,-0.89902345368
    ));
#5363 = ORIENTED_EDGE('',*,*,#1521,.F.);
#5364 = PLANE('',#5365);
#5365 = AXIS2_PLACEMENT_3D('',#5366,#5367,#5368);
#5366 = CARTESIAN_POINT('',(16.37500075,2.513052765254,4.741217693382));
#5367 = DIRECTION('',(1.,-1.224646799147E-16,0.));
#5368 = DIRECTION('',(1.499759782662E-32,1.224646799147E-16,-1.));
#5369 = ADVANCED_FACE('',(#5370),#5388,.T.);
#5370 = FACE_BOUND('',#5371,.T.);
#5371 = EDGE_LOOP('',(#5372,#5373,#5381,#5387));
#5372 = ORIENTED_EDGE('',*,*,#5245,.T.);
#5373 = ORIENTED_EDGE('',*,*,#5374,.T.);
#5374 = EDGE_CURVE('',#5238,#5375,#5377,.T.);
#5375 = VERTEX_POINT('',#5376);
#5376 = CARTESIAN_POINT('',(16.62500075,1.748052765254,-3.128782306618)
  );
#5377 = LINE('',#5378,#5379);
#5378 = CARTESIAN_POINT('',(16.37500075,1.748052765254,-3.128782306618)
  );
#5379 = VECTOR('',#5380,1.);
#5380 = DIRECTION('',(1.,-1.224646799147E-16,0.));
#5381 = ORIENTED_EDGE('',*,*,#5382,.F.);
#5382 = EDGE_CURVE('',#803,#5375,#5383,.T.);
#5383 = LINE('',#5384,#5385);
#5384 = CARTESIAN_POINT('',(16.62500075,1.748052765254,
    -2.878230661791E-02));
#5385 = VECTOR('',#5386,1.);
#5386 = DIRECTION('',(1.499759782662E-32,1.224646799147E-16,-1.));
#5387 = ORIENTED_EDGE('',*,*,#800,.F.);
#5388 = PLANE('',#5389);
#5389 = AXIS2_PLACEMENT_3D('',#5390,#5391,#5392);
#5390 = CARTESIAN_POINT('',(16.37500075,1.748052765254,
    -1.878230661791E-02));
#5391 = DIRECTION('',(-1.224646799147E-16,-1.,-1.224646799147E-16));
#5392 = DIRECTION('',(-1.499759782662E-32,-1.224646799147E-16,1.));
#5393 = ADVANCED_FACE('',(#5394),#5428,.T.);
#5394 = FACE_BOUND('',#5395,.T.);
#5395 = EDGE_LOOP('',(#5396,#5397,#5405,#5413,#5421,#5427));
#5396 = ORIENTED_EDGE('',*,*,#5382,.T.);
#5397 = ORIENTED_EDGE('',*,*,#5398,.T.);
#5398 = EDGE_CURVE('',#5375,#5399,#5401,.T.);
#5399 = VERTEX_POINT('',#5400);
#5400 = CARTESIAN_POINT('',(16.62500075,1.898052765254,-3.428782306618)
  );
#5401 = LINE('',#5402,#5403);
#5402 = CARTESIAN_POINT('',(16.62500075,1.748052765254,-3.128782306618)
  );
#5403 = VECTOR('',#5404,1.);
#5404 = DIRECTION('',(5.476786982643E-17,0.4472135955,-0.894427191));
#5405 = ORIENTED_EDGE('',*,*,#5406,.T.);
#5406 = EDGE_CURVE('',#5399,#5407,#5409,.T.);
#5407 = VERTEX_POINT('',#5408);
#5408 = CARTESIAN_POINT('',(16.62500075,2.088052765254,-3.428782306618)
  );
#5409 = LINE('',#5410,#5411);
#5410 = CARTESIAN_POINT('',(16.62500075,1.898052765254,-3.428782306618)
  );
#5411 = VECTOR('',#5412,1.);
#5412 = DIRECTION('',(1.224646799147E-16,1.,1.224646799147E-16));
#5413 = ORIENTED_EDGE('',*,*,#5414,.T.);
#5414 = EDGE_CURVE('',#5407,#5415,#5417,.T.);
#5415 = VERTEX_POINT('',#5416);
#5416 = CARTESIAN_POINT('',(16.62500075,2.248052765254,-3.128782306618)
  );
#5417 = LINE('',#5418,#5419);
#5418 = CARTESIAN_POINT('',(16.62500075,2.088052765254,-3.428782306618)
  );
#5419 = VECTOR('',#5420,1.);
#5420 = DIRECTION('',(5.763043760693E-17,0.470588235294,0.882352941176)
  );
#5421 = ORIENTED_EDGE('',*,*,#5422,.T.);
#5422 = EDGE_CURVE('',#5415,#811,#5423,.T.);
#5423 = LINE('',#5424,#5425);
#5424 = CARTESIAN_POINT('',(16.62500075,2.248052765254,-3.128782306618)
  );
#5425 = VECTOR('',#5426,1.);
#5426 = DIRECTION('',(-1.499759782662E-32,-1.224646799147E-16,1.));
#5427 = ORIENTED_EDGE('',*,*,#810,.F.);
#5428 = PLANE('',#5429);
#5429 = AXIS2_PLACEMENT_3D('',#5430,#5431,#5432);
#5430 = CARTESIAN_POINT('',(16.62500075,2.513052765254,4.741217693382));
#5431 = DIRECTION('',(1.,-1.224646799147E-16,0.));
#5432 = DIRECTION('',(1.499759782662E-32,1.224646799147E-16,-1.));
#5433 = ADVANCED_FACE('',(#5434),#5509,.T.);
#5434 = FACE_BOUND('',#5435,.T.);
#5435 = EDGE_LOOP('',(#5436,#5444,#5452,#5460,#5468,#5476,#5484,#5493,
    #5501,#5508));
#5436 = ORIENTED_EDGE('',*,*,#5437,.T.);
#5437 = EDGE_CURVE('',#5176,#5438,#5440,.T.);
#5438 = VERTEX_POINT('',#5439);
#5439 = CARTESIAN_POINT('',(16.62500075,0.488052765254,2.471217693382));
#5440 = LINE('',#5441,#5442);
#5441 = CARTESIAN_POINT('',(16.62500075,0.288052765254,2.651217693382));
#5442 = VECTOR('',#5443,1.);
#5443 = DIRECTION('',(9.102727970266E-17,0.743294146247,-0.668964731622)
  );
#5444 = ORIENTED_EDGE('',*,*,#5445,.T.);
#5445 = EDGE_CURVE('',#5438,#5446,#5448,.T.);
#5446 = VERTEX_POINT('',#5447);
#5447 = CARTESIAN_POINT('',(16.62500075,1.378052765254,2.471217693382));
#5448 = LINE('',#5449,#5450);
#5449 = CARTESIAN_POINT('',(16.62500075,0.488052765254,2.471217693382));
#5450 = VECTOR('',#5451,1.);
#5451 = DIRECTION('',(1.224646799147E-16,1.,1.224646799147E-16));
#5452 = ORIENTED_EDGE('',*,*,#5453,.T.);
#5453 = EDGE_CURVE('',#5446,#5454,#5456,.T.);
#5454 = VERTEX_POINT('',#5455);
#5455 = CARTESIAN_POINT('',(16.62500075,1.378052765254,2.581217693382));
#5456 = LINE('',#5457,#5458);
#5457 = CARTESIAN_POINT('',(16.62500075,1.378052765254,2.471217693382));
#5458 = VECTOR('',#5459,1.);
#5459 = DIRECTION('',(-1.499759782662E-32,-1.224646799147E-16,1.));
#5460 = ORIENTED_EDGE('',*,*,#5461,.T.);
#5461 = EDGE_CURVE('',#5454,#5462,#5464,.T.);
#5462 = VERTEX_POINT('',#5463);
#5463 = CARTESIAN_POINT('',(16.62500075,0.448052765254,2.581217693382));
#5464 = LINE('',#5465,#5466);
#5465 = CARTESIAN_POINT('',(16.62500075,1.378052765254,2.581217693382));
#5466 = VECTOR('',#5467,1.);
#5467 = DIRECTION('',(-1.224646799147E-16,-1.,-1.224646799147E-16));
#5468 = ORIENTED_EDGE('',*,*,#5469,.T.);
#5469 = EDGE_CURVE('',#5462,#5470,#5472,.T.);
#5470 = VERTEX_POINT('',#5471);
#5471 = CARTESIAN_POINT('',(16.62500075,0.448052765254,3.881217693382));
#5472 = LINE('',#5473,#5474);
#5473 = CARTESIAN_POINT('',(16.62500075,0.448052765254,2.581217693382));
#5474 = VECTOR('',#5475,1.);
#5475 = DIRECTION('',(-1.499759782662E-32,-1.224646799147E-16,1.));
#5476 = ORIENTED_EDGE('',*,*,#5477,.T.);
#5477 = EDGE_CURVE('',#5470,#5478,#5480,.T.);
#5478 = VERTEX_POINT('',#5479);
#5479 = CARTESIAN_POINT('',(16.62500075,0.602996800241,4.199322669419));
#5480 = LINE('',#5481,#5482);
#5481 = CARTESIAN_POINT('',(16.62500075,0.448052765254,3.881217693382));
#5482 = VECTOR('',#5483,1.);
#5483 = DIRECTION('',(5.362734202678E-17,0.437900479257,0.89902345368));
#5484 = ORIENTED_EDGE('',*,*,#5485,.T.);
#5485 = EDGE_CURVE('',#5478,#5486,#5488,.T.);
#5486 = VERTEX_POINT('',#5487);
#5487 = CARTESIAN_POINT('',(16.62500075,0.606177852711,4.234756116545));
#5488 = CIRCLE('',#5489,5.E-02);
#5489 = AXIS2_PLACEMENT_3D('',#5490,#5491,#5492);
#5490 = CARTESIAN_POINT('',(16.62500075,0.558045627557,4.221217693382));
#5491 = DIRECTION('',(1.,-1.224646799147E-16,6.162975822039E-33));
#5492 = DIRECTION('',(1.100986194907E-16,0.89902345368,-0.437900479257)
  );
#5493 = ORIENTED_EDGE('',*,*,#5494,.T.);
#5494 = EDGE_CURVE('',#5486,#5495,#5497,.T.);
#5495 = VERTEX_POINT('',#5496);
#5496 = CARTESIAN_POINT('',(16.62500075,0.398856079879,4.971832962871));
#5497 = LINE('',#5498,#5499);
#5498 = CARTESIAN_POINT('',(16.62500075,0.606177852711,4.234756116545));
#5499 = VECTOR('',#5500,1.);
#5500 = DIRECTION('',(-3.315957318415E-17,-0.27076846326,0.962644503077)
  );
#5501 = ORIENTED_EDGE('',*,*,#5502,.T.);
#5502 = EDGE_CURVE('',#5495,#5184,#5503,.T.);
#5503 = CIRCLE('',#5504,0.15);
#5504 = AXIS2_PLACEMENT_3D('',#5505,#5506,#5507);
#5505 = CARTESIAN_POINT('',(16.62500075,0.254459404418,4.931217693382));
#5506 = DIRECTION('',(1.,-1.224646799147E-16,0.));
#5507 = DIRECTION('',(1.17889950941E-16,0.962644503077,0.27076846326));
#5508 = ORIENTED_EDGE('',*,*,#5183,.F.);
#5509 = PLANE('',#5510);
#5510 = AXIS2_PLACEMENT_3D('',#5511,#5512,#5513);
#5511 = CARTESIAN_POINT('',(16.62500075,2.513052765254,4.741217693382));
#5512 = DIRECTION('',(1.,-1.224646799147E-16,0.));
#5513 = DIRECTION('',(1.499759782662E-32,1.224646799147E-16,-1.));
#5514 = ADVANCED_FACE('',(#5515),#5541,.T.);
#5515 = FACE_BOUND('',#5516,.T.);
#5516 = EDGE_LOOP('',(#5517,#5525,#5534,#5540));
#5517 = ORIENTED_EDGE('',*,*,#5518,.T.);
#5518 = EDGE_CURVE('',#1498,#5519,#5521,.T.);
#5519 = VERTEX_POINT('',#5520);
#5520 = CARTESIAN_POINT('',(16.62500075,1.433094454873,4.503112717345));
#5521 = LINE('',#5522,#5523);
#5522 = CARTESIAN_POINT('',(16.62500075,1.648052765254,4.944428887914));
#5523 = VECTOR('',#5524,1.);
#5524 = DIRECTION('',(-5.362734202678E-17,-0.437900479257,-0.89902345368
    ));
#5525 = ORIENTED_EDGE('',*,*,#5526,.T.);
#5526 = EDGE_CURVE('',#5519,#5527,#5529,.T.);
#5527 = VERTEX_POINT('',#5528);
#5528 = CARTESIAN_POINT('',(16.62500075,1.429913402403,4.467679270219));
#5529 = CIRCLE('',#5530,5.E-02);
#5530 = AXIS2_PLACEMENT_3D('',#5531,#5532,#5533);
#5531 = CARTESIAN_POINT('',(16.62500075,1.478045627557,4.481217693382));
#5532 = DIRECTION('',(1.,-1.224646799147E-16,6.162975822039E-33));
#5533 = DIRECTION('',(-1.100986194907E-16,-0.89902345368,0.437900479257)
  );
#5534 = ORIENTED_EDGE('',*,*,#5535,.T.);
#5535 = EDGE_CURVE('',#5527,#1506,#5536,.T.);
#5536 = LINE('',#5537,#5538);
#5537 = CARTESIAN_POINT('',(16.62500075,1.429913402403,4.467679270219));
#5538 = VECTOR('',#5539,1.);
#5539 = DIRECTION('',(3.315957318415E-17,0.27076846326,-0.962644503077)
  );
#5540 = ORIENTED_EDGE('',*,*,#1505,.T.);
#5541 = PLANE('',#5542);
#5542 = AXIS2_PLACEMENT_3D('',#5543,#5544,#5545);
#5543 = CARTESIAN_POINT('',(16.62500075,2.513052765254,4.741217693382));
#5544 = DIRECTION('',(1.,-1.224646799147E-16,0.));
#5545 = DIRECTION('',(1.499759782662E-32,1.224646799147E-16,-1.));
#5546 = ADVANCED_FACE('',(#5547),#5558,.T.);
#5547 = FACE_BOUND('',#5548,.T.);
#5548 = EDGE_LOOP('',(#5549,#5550,#5556,#5557));
#5549 = ORIENTED_EDGE('',*,*,#5422,.F.);
#5550 = ORIENTED_EDGE('',*,*,#5551,.F.);
#5551 = EDGE_CURVE('',#5214,#5415,#5552,.T.);
#5552 = LINE('',#5553,#5554);
#5553 = CARTESIAN_POINT('',(16.37500075,2.248052765254,-3.128782306618)
  );
#5554 = VECTOR('',#5555,1.);
#5555 = DIRECTION('',(1.,-1.224646799147E-16,0.));
#5556 = ORIENTED_EDGE('',*,*,#5213,.T.);
#5557 = ORIENTED_EDGE('',*,*,#818,.T.);
#5558 = PLANE('',#5559);
#5559 = AXIS2_PLACEMENT_3D('',#5560,#5561,#5562);
#5560 = CARTESIAN_POINT('',(16.37500075,2.248052765254,-3.128782306618)
  );
#5561 = DIRECTION('',(1.224646799147E-16,1.,1.224646799147E-16));
#5562 = DIRECTION('',(-1.,1.224646799147E-16,0.));
#5563 = ADVANCED_FACE('',(#5564),#5575,.T.);
#5564 = FACE_BOUND('',#5565,.T.);
#5565 = EDGE_LOOP('',(#5566,#5567,#5568,#5574));
#5566 = ORIENTED_EDGE('',*,*,#5551,.T.);
#5567 = ORIENTED_EDGE('',*,*,#5414,.F.);
#5568 = ORIENTED_EDGE('',*,*,#5569,.F.);
#5569 = EDGE_CURVE('',#5222,#5407,#5570,.T.);
#5570 = LINE('',#5571,#5572);
#5571 = CARTESIAN_POINT('',(16.37500075,2.088052765254,-3.428782306618)
  );
#5572 = VECTOR('',#5573,1.);
#5573 = DIRECTION('',(1.,-1.224646799147E-16,0.));
#5574 = ORIENTED_EDGE('',*,*,#5221,.T.);
#5575 = PLANE('',#5576);
#5576 = AXIS2_PLACEMENT_3D('',#5577,#5578,#5579);
#5577 = CARTESIAN_POINT('',(16.37500075,2.088052765254,-3.428782306618)
  );
#5578 = DIRECTION('',(1.08057070513E-16,0.882352941176,-0.470588235294)
  );
#5579 = DIRECTION('',(-1.,1.224646799147E-16,0.));
#5580 = ADVANCED_FACE('',(#5581),#5592,.T.);
#5581 = FACE_BOUND('',#5582,.T.);
#5582 = EDGE_LOOP('',(#5583,#5584,#5585,#5591));
#5583 = ORIENTED_EDGE('',*,*,#5569,.T.);
#5584 = ORIENTED_EDGE('',*,*,#5406,.F.);
#5585 = ORIENTED_EDGE('',*,*,#5586,.F.);
#5586 = EDGE_CURVE('',#5230,#5399,#5587,.T.);
#5587 = LINE('',#5588,#5589);
#5588 = CARTESIAN_POINT('',(16.37500075,1.898052765254,-3.428782306618)
  );
#5589 = VECTOR('',#5590,1.);
#5590 = DIRECTION('',(1.,-1.224646799147E-16,0.));
#5591 = ORIENTED_EDGE('',*,*,#5229,.T.);
#5592 = PLANE('',#5593);
#5593 = AXIS2_PLACEMENT_3D('',#5594,#5595,#5596);
#5594 = CARTESIAN_POINT('',(16.37500075,1.898052765254,-3.428782306618)
  );
#5595 = DIRECTION('',(1.499759782662E-32,1.224646799147E-16,-1.));
#5596 = DIRECTION('',(-1.,1.224646799147E-16,0.));
#5597 = ADVANCED_FACE('',(#5598),#5604,.T.);
#5598 = FACE_BOUND('',#5599,.T.);
#5599 = EDGE_LOOP('',(#5600,#5601,#5602,#5603));
#5600 = ORIENTED_EDGE('',*,*,#5586,.T.);
#5601 = ORIENTED_EDGE('',*,*,#5398,.F.);
#5602 = ORIENTED_EDGE('',*,*,#5374,.F.);
#5603 = ORIENTED_EDGE('',*,*,#5237,.T.);
#5604 = PLANE('',#5605);
#5605 = AXIS2_PLACEMENT_3D('',#5606,#5607,#5608);
#5606 = CARTESIAN_POINT('',(16.37500075,1.748052765254,-3.128782306618)
  );
#5607 = DIRECTION('',(-1.095357396528E-16,-0.894427191,-0.4472135955));
#5608 = DIRECTION('',(1.,-1.224646799147E-16,0.));
#5609 = ADVANCED_FACE('',(#5610),#5621,.T.);
#5610 = FACE_BOUND('',#5611,.T.);
#5611 = EDGE_LOOP('',(#5612,#5613,#5619,#5620));
#5612 = ORIENTED_EDGE('',*,*,#5502,.F.);
#5613 = ORIENTED_EDGE('',*,*,#5614,.F.);
#5614 = EDGE_CURVE('',#5261,#5495,#5615,.T.);
#5615 = LINE('',#5616,#5617);
#5616 = CARTESIAN_POINT('',(16.37500075,0.398856079879,4.971832962871));
#5617 = VECTOR('',#5618,1.);
#5618 = DIRECTION('',(1.,-1.224646799147E-16,0.));
#5619 = ORIENTED_EDGE('',*,*,#5260,.T.);
#5620 = ORIENTED_EDGE('',*,*,#5191,.T.);
#5621 = CYLINDRICAL_SURFACE('',#5622,0.15);
#5622 = AXIS2_PLACEMENT_3D('',#5623,#5624,#5625);
#5623 = CARTESIAN_POINT('',(16.37500075,0.254459404418,4.931217693382));
#5624 = DIRECTION('',(-1.,1.224646799147E-16,0.));
#5625 = DIRECTION('',(1.499759782662E-32,1.224646799147E-16,-1.));
#5626 = ADVANCED_FACE('',(#5627),#5638,.T.);
#5627 = FACE_BOUND('',#5628,.T.);
#5628 = EDGE_LOOP('',(#5629,#5630,#5631,#5637));
#5629 = ORIENTED_EDGE('',*,*,#5614,.T.);
#5630 = ORIENTED_EDGE('',*,*,#5494,.F.);
#5631 = ORIENTED_EDGE('',*,*,#5632,.F.);
#5632 = EDGE_CURVE('',#5270,#5486,#5633,.T.);
#5633 = LINE('',#5634,#5635);
#5634 = CARTESIAN_POINT('',(16.37500075,0.606177852711,4.234756116545));
#5635 = VECTOR('',#5636,1.);
#5636 = DIRECTION('',(1.,-1.224646799147E-16,0.));
#5637 = ORIENTED_EDGE('',*,*,#5269,.T.);
#5638 = PLANE('',#5639);
#5639 = AXIS2_PLACEMENT_3D('',#5640,#5641,#5642);
#5640 = CARTESIAN_POINT('',(16.37500075,0.606177852711,4.234756116545));
#5641 = DIRECTION('',(1.17889950941E-16,0.962644503077,0.27076846326));
#5642 = DIRECTION('',(1.,-1.224646799147E-16,0.));
#5643 = ADVANCED_FACE('',(#5644),#5655,.T.);
#5644 = FACE_BOUND('',#5645,.T.);
#5645 = EDGE_LOOP('',(#5646,#5647,#5648,#5654));
#5646 = ORIENTED_EDGE('',*,*,#5632,.T.);
#5647 = ORIENTED_EDGE('',*,*,#5485,.F.);
#5648 = ORIENTED_EDGE('',*,*,#5649,.F.);
#5649 = EDGE_CURVE('',#5278,#5478,#5650,.T.);
#5650 = LINE('',#5651,#5652);
#5651 = CARTESIAN_POINT('',(16.37500075,0.602996800241,4.199322669419));
#5652 = VECTOR('',#5653,1.);
#5653 = DIRECTION('',(1.,-1.224646799147E-16,0.));
#5654 = ORIENTED_EDGE('',*,*,#5277,.T.);
#5655 = CYLINDRICAL_SURFACE('',#5656,5.E-02);
#5656 = AXIS2_PLACEMENT_3D('',#5657,#5658,#5659);
#5657 = CARTESIAN_POINT('',(16.37500075,0.558045627557,4.221217693382));
#5658 = DIRECTION('',(-1.,1.224646799147E-16,0.));
#5659 = DIRECTION('',(1.499759782662E-32,1.224646799147E-16,-1.));
#5660 = ADVANCED_FACE('',(#5661),#5672,.T.);
#5661 = FACE_BOUND('',#5662,.T.);
#5662 = EDGE_LOOP('',(#5663,#5664,#5665,#5671));
#5663 = ORIENTED_EDGE('',*,*,#5649,.T.);
#5664 = ORIENTED_EDGE('',*,*,#5477,.F.);
#5665 = ORIENTED_EDGE('',*,*,#5666,.F.);
#5666 = EDGE_CURVE('',#5287,#5470,#5667,.T.);
#5667 = LINE('',#5668,#5669);
#5668 = CARTESIAN_POINT('',(16.37500075,0.448052765254,3.881217693382));
#5669 = VECTOR('',#5670,1.);
#5670 = DIRECTION('',(1.,-1.224646799147E-16,0.));
#5671 = ORIENTED_EDGE('',*,*,#5286,.T.);
#5672 = PLANE('',#5673);
#5673 = AXIS2_PLACEMENT_3D('',#5674,#5675,#5676);
#5674 = CARTESIAN_POINT('',(16.37500075,0.448052765254,3.881217693382));
#5675 = DIRECTION('',(1.100986194907E-16,0.89902345368,-0.437900479257)
  );
#5676 = DIRECTION('',(-1.,1.224646799147E-16,0.));
#5677 = ADVANCED_FACE('',(#5678),#5689,.T.);
#5678 = FACE_BOUND('',#5679,.T.);
#5679 = EDGE_LOOP('',(#5680,#5681,#5682,#5688));
#5680 = ORIENTED_EDGE('',*,*,#5666,.T.);
#5681 = ORIENTED_EDGE('',*,*,#5469,.F.);
#5682 = ORIENTED_EDGE('',*,*,#5683,.F.);
#5683 = EDGE_CURVE('',#5295,#5462,#5684,.T.);
#5684 = LINE('',#5685,#5686);
#5685 = CARTESIAN_POINT('',(16.37500075,0.448052765254,2.581217693382));
#5686 = VECTOR('',#5687,1.);
#5687 = DIRECTION('',(1.,-1.224646799147E-16,0.));
#5688 = ORIENTED_EDGE('',*,*,#5294,.T.);
#5689 = PLANE('',#5690);
#5690 = AXIS2_PLACEMENT_3D('',#5691,#5692,#5693);
#5691 = CARTESIAN_POINT('',(16.37500075,0.448052765254,2.581217693382));
#5692 = DIRECTION('',(1.224646799147E-16,1.,1.224646799147E-16));
#5693 = DIRECTION('',(-1.,1.224646799147E-16,0.));
#5694 = ADVANCED_FACE('',(#5695),#5706,.T.);
#5695 = FACE_BOUND('',#5696,.T.);
#5696 = EDGE_LOOP('',(#5697,#5698,#5699,#5705));
#5697 = ORIENTED_EDGE('',*,*,#5683,.T.);
#5698 = ORIENTED_EDGE('',*,*,#5461,.F.);
#5699 = ORIENTED_EDGE('',*,*,#5700,.F.);
#5700 = EDGE_CURVE('',#5303,#5454,#5701,.T.);
#5701 = LINE('',#5702,#5703);
#5702 = CARTESIAN_POINT('',(16.37500075,1.378052765254,2.581217693382));
#5703 = VECTOR('',#5704,1.);
#5704 = DIRECTION('',(1.,-1.224646799147E-16,0.));
#5705 = ORIENTED_EDGE('',*,*,#5302,.T.);
#5706 = PLANE('',#5707);
#5707 = AXIS2_PLACEMENT_3D('',#5708,#5709,#5710);
#5708 = CARTESIAN_POINT('',(16.37500075,1.378052765254,2.581217693382));
#5709 = DIRECTION('',(-1.499759782662E-32,-1.224646799147E-16,1.));
#5710 = DIRECTION('',(-1.224646799147E-16,-1.,-1.224646799147E-16));
#5711 = ADVANCED_FACE('',(#5712),#5723,.T.);
#5712 = FACE_BOUND('',#5713,.T.);
#5713 = EDGE_LOOP('',(#5714,#5715,#5716,#5717));
#5714 = ORIENTED_EDGE('',*,*,#5310,.T.);
#5715 = ORIENTED_EDGE('',*,*,#5700,.T.);
#5716 = ORIENTED_EDGE('',*,*,#5453,.F.);
#5717 = ORIENTED_EDGE('',*,*,#5718,.F.);
#5718 = EDGE_CURVE('',#5311,#5446,#5719,.T.);
#5719 = LINE('',#5720,#5721);
#5720 = CARTESIAN_POINT('',(16.37500075,1.378052765254,2.471217693382));
#5721 = VECTOR('',#5722,1.);
#5722 = DIRECTION('',(1.,-1.224646799147E-16,0.));
#5723 = PLANE('',#5724);
#5724 = AXIS2_PLACEMENT_3D('',#5725,#5726,#5727);
#5725 = CARTESIAN_POINT('',(16.37500075,1.378052765254,2.001217693382));
#5726 = DIRECTION('',(1.224646799147E-16,1.,1.224646799147E-16));
#5727 = DIRECTION('',(-1.,1.224646799147E-16,0.));
#5728 = ADVANCED_FACE('',(#5729),#6092,.F.);
#5729 = FACE_BOUND('',#5730,.T.);
#5730 = EDGE_LOOP('',(#5731,#5732,#5733,#5739,#5740,#5741,#5742,#5748,
    #5749,#5757,#5765,#5773,#5781,#5789,#5797,#5805,#5813,#5821,#5829,
    #5837,#5845,#5853,#5861,#5869,#5877,#5885,#5893,#5901,#5909,#5917,
    #5925,#5933,#5941,#5949,#5957,#5965,#5973,#5981,#5989,#5997,#6005,
    #6013,#6021,#6029,#6037,#6045,#6053,#6061,#6069,#6077,#6085,#6091));
#5731 = ORIENTED_EDGE('',*,*,#5718,.T.);
#5732 = ORIENTED_EDGE('',*,*,#5445,.F.);
#5733 = ORIENTED_EDGE('',*,*,#5734,.F.);
#5734 = EDGE_CURVE('',#1640,#5438,#5735,.T.);
#5735 = LINE('',#5736,#5737);
#5736 = CARTESIAN_POINT('',(17.10000075,0.488052765254,2.471217693382));
#5737 = VECTOR('',#5738,1.);
#5738 = DIRECTION('',(-1.,1.224646799147E-16,0.));
#5739 = ORIENTED_EDGE('',*,*,#1639,.T.);
#5740 = ORIENTED_EDGE('',*,*,#1615,.T.);
#5741 = ORIENTED_EDGE('',*,*,#1591,.F.);
#5742 = ORIENTED_EDGE('',*,*,#5743,.F.);
#5743 = EDGE_CURVE('',#936,#1584,#5744,.T.);
#5744 = LINE('',#5745,#5746);
#5745 = CARTESIAN_POINT('',(-0.12499925,0.488052765254,2.471217693382));
#5746 = VECTOR('',#5747,1.);
#5747 = DIRECTION('',(-1.,1.224646799147E-16,0.));
#5748 = ORIENTED_EDGE('',*,*,#935,.T.);
#5749 = ORIENTED_EDGE('',*,*,#5750,.T.);
#5750 = EDGE_CURVE('',#938,#5751,#5753,.T.);
#5751 = VERTEX_POINT('',#5752);
#5752 = CARTESIAN_POINT('',(0.12500075,1.378052765254,2.471217693382));
#5753 = LINE('',#5754,#5755);
#5754 = CARTESIAN_POINT('',(-0.12499925,1.378052765254,2.471217693382));
#5755 = VECTOR('',#5756,1.);
#5756 = DIRECTION('',(1.,-1.224646799147E-16,0.));
#5757 = ORIENTED_EDGE('',*,*,#5758,.F.);
#5758 = EDGE_CURVE('',#5759,#5751,#5761,.T.);
#5759 = VERTEX_POINT('',#5760);
#5760 = CARTESIAN_POINT('',(0.12500075,0.488052765254,2.471217693382));
#5761 = LINE('',#5762,#5763);
#5762 = CARTESIAN_POINT('',(0.12500075,0.488052765254,2.471217693382));
#5763 = VECTOR('',#5764,1.);
#5764 = DIRECTION('',(1.224646799147E-16,1.,1.224646799147E-16));
#5765 = ORIENTED_EDGE('',*,*,#5766,.F.);
#5766 = EDGE_CURVE('',#5767,#5759,#5769,.T.);
#5767 = VERTEX_POINT('',#5768);
#5768 = CARTESIAN_POINT('',(1.37500075,0.488052765254,2.471217693382));
#5769 = LINE('',#5770,#5771);
#5770 = CARTESIAN_POINT('',(1.37500075,0.488052765254,2.471217693382));
#5771 = VECTOR('',#5772,1.);
#5772 = DIRECTION('',(-1.,1.224646799147E-16,0.));
#5773 = ORIENTED_EDGE('',*,*,#5774,.T.);
#5774 = EDGE_CURVE('',#5767,#5775,#5777,.T.);
#5775 = VERTEX_POINT('',#5776);
#5776 = CARTESIAN_POINT('',(1.37500075,1.378052765254,2.471217693382));
#5777 = LINE('',#5778,#5779);
#5778 = CARTESIAN_POINT('',(1.37500075,0.488052765254,2.471217693382));
#5779 = VECTOR('',#5780,1.);
#5780 = DIRECTION('',(1.224646799147E-16,1.,1.224646799147E-16));
#5781 = ORIENTED_EDGE('',*,*,#5782,.T.);
#5782 = EDGE_CURVE('',#5775,#5783,#5785,.T.);
#5783 = VERTEX_POINT('',#5784);
#5784 = CARTESIAN_POINT('',(1.62500075,1.378052765254,2.471217693382));
#5785 = LINE('',#5786,#5787);
#5786 = CARTESIAN_POINT('',(1.37500075,1.378052765254,2.471217693382));
#5787 = VECTOR('',#5788,1.);
#5788 = DIRECTION('',(1.,-1.224646799147E-16,0.));
#5789 = ORIENTED_EDGE('',*,*,#5790,.F.);
#5790 = EDGE_CURVE('',#5791,#5783,#5793,.T.);
#5791 = VERTEX_POINT('',#5792);
#5792 = CARTESIAN_POINT('',(1.62500075,0.488052765254,2.471217693382));
#5793 = LINE('',#5794,#5795);
#5794 = CARTESIAN_POINT('',(1.62500075,0.488052765254,2.471217693382));
#5795 = VECTOR('',#5796,1.);
#5796 = DIRECTION('',(1.224646799147E-16,1.,1.224646799147E-16));
#5797 = ORIENTED_EDGE('',*,*,#5798,.F.);
#5798 = EDGE_CURVE('',#5799,#5791,#5801,.T.);
#5799 = VERTEX_POINT('',#5800);
#5800 = CARTESIAN_POINT('',(2.87500075,0.488052765254,2.471217693382));
#5801 = LINE('',#5802,#5803);
#5802 = CARTESIAN_POINT('',(2.87500075,0.488052765254,2.471217693382));
#5803 = VECTOR('',#5804,1.);
#5804 = DIRECTION('',(-1.,1.224646799147E-16,0.));
#5805 = ORIENTED_EDGE('',*,*,#5806,.T.);
#5806 = EDGE_CURVE('',#5799,#5807,#5809,.T.);
#5807 = VERTEX_POINT('',#5808);
#5808 = CARTESIAN_POINT('',(2.87500075,1.378052765254,2.471217693382));
#5809 = LINE('',#5810,#5811);
#5810 = CARTESIAN_POINT('',(2.87500075,0.488052765254,2.471217693382));
#5811 = VECTOR('',#5812,1.);
#5812 = DIRECTION('',(1.224646799147E-16,1.,1.224646799147E-16));
#5813 = ORIENTED_EDGE('',*,*,#5814,.T.);
#5814 = EDGE_CURVE('',#5807,#5815,#5817,.T.);
#5815 = VERTEX_POINT('',#5816);
#5816 = CARTESIAN_POINT('',(3.12500075,1.378052765254,2.471217693382));
#5817 = LINE('',#5818,#5819);
#5818 = CARTESIAN_POINT('',(2.87500075,1.378052765254,2.471217693382));
#5819 = VECTOR('',#5820,1.);
#5820 = DIRECTION('',(1.,-1.224646799147E-16,0.));
#5821 = ORIENTED_EDGE('',*,*,#5822,.F.);
#5822 = EDGE_CURVE('',#5823,#5815,#5825,.T.);
#5823 = VERTEX_POINT('',#5824);
#5824 = CARTESIAN_POINT('',(3.12500075,0.488052765254,2.471217693382));
#5825 = LINE('',#5826,#5827);
#5826 = CARTESIAN_POINT('',(3.12500075,0.488052765254,2.471217693382));
#5827 = VECTOR('',#5828,1.);
#5828 = DIRECTION('',(1.224646799147E-16,1.,1.224646799147E-16));
#5829 = ORIENTED_EDGE('',*,*,#5830,.F.);
#5830 = EDGE_CURVE('',#5831,#5823,#5833,.T.);
#5831 = VERTEX_POINT('',#5832);
#5832 = CARTESIAN_POINT('',(4.37500075,0.488052765254,2.471217693382));
#5833 = LINE('',#5834,#5835);
#5834 = CARTESIAN_POINT('',(4.37500075,0.488052765254,2.471217693382));
#5835 = VECTOR('',#5836,1.);
#5836 = DIRECTION('',(-1.,1.224646799147E-16,0.));
#5837 = ORIENTED_EDGE('',*,*,#5838,.T.);
#5838 = EDGE_CURVE('',#5831,#5839,#5841,.T.);
#5839 = VERTEX_POINT('',#5840);
#5840 = CARTESIAN_POINT('',(4.37500075,1.378052765254,2.471217693382));
#5841 = LINE('',#5842,#5843);
#5842 = CARTESIAN_POINT('',(4.37500075,0.488052765254,2.471217693382));
#5843 = VECTOR('',#5844,1.);
#5844 = DIRECTION('',(1.224646799147E-16,1.,1.224646799147E-16));
#5845 = ORIENTED_EDGE('',*,*,#5846,.T.);
#5846 = EDGE_CURVE('',#5839,#5847,#5849,.T.);
#5847 = VERTEX_POINT('',#5848);
#5848 = CARTESIAN_POINT('',(4.62500075,1.378052765254,2.471217693382));
#5849 = LINE('',#5850,#5851);
#5850 = CARTESIAN_POINT('',(4.37500075,1.378052765254,2.471217693382));
#5851 = VECTOR('',#5852,1.);
#5852 = DIRECTION('',(1.,-1.224646799147E-16,0.));
#5853 = ORIENTED_EDGE('',*,*,#5854,.F.);
#5854 = EDGE_CURVE('',#5855,#5847,#5857,.T.);
#5855 = VERTEX_POINT('',#5856);
#5856 = CARTESIAN_POINT('',(4.62500075,0.488052765254,2.471217693382));
#5857 = LINE('',#5858,#5859);
#5858 = CARTESIAN_POINT('',(4.62500075,0.488052765254,2.471217693382));
#5859 = VECTOR('',#5860,1.);
#5860 = DIRECTION('',(1.224646799147E-16,1.,1.224646799147E-16));
#5861 = ORIENTED_EDGE('',*,*,#5862,.F.);
#5862 = EDGE_CURVE('',#5863,#5855,#5865,.T.);
#5863 = VERTEX_POINT('',#5864);
#5864 = CARTESIAN_POINT('',(5.87500075,0.488052765254,2.471217693382));
#5865 = LINE('',#5866,#5867);
#5866 = CARTESIAN_POINT('',(5.87500075,0.488052765254,2.471217693382));
#5867 = VECTOR('',#5868,1.);
#5868 = DIRECTION('',(-1.,1.224646799147E-16,0.));
#5869 = ORIENTED_EDGE('',*,*,#5870,.T.);
#5870 = EDGE_CURVE('',#5863,#5871,#5873,.T.);
#5871 = VERTEX_POINT('',#5872);
#5872 = CARTESIAN_POINT('',(5.87500075,1.378052765254,2.471217693382));
#5873 = LINE('',#5874,#5875);
#5874 = CARTESIAN_POINT('',(5.87500075,0.488052765254,2.471217693382));
#5875 = VECTOR('',#5876,1.);
#5876 = DIRECTION('',(1.224646799147E-16,1.,1.224646799147E-16));
#5877 = ORIENTED_EDGE('',*,*,#5878,.T.);
#5878 = EDGE_CURVE('',#5871,#5879,#5881,.T.);
#5879 = VERTEX_POINT('',#5880);
#5880 = CARTESIAN_POINT('',(6.12500075,1.378052765254,2.471217693382));
#5881 = LINE('',#5882,#5883);
#5882 = CARTESIAN_POINT('',(5.87500075,1.378052765254,2.471217693382));
#5883 = VECTOR('',#5884,1.);
#5884 = DIRECTION('',(1.,-1.224646799147E-16,0.));
#5885 = ORIENTED_EDGE('',*,*,#5886,.F.);
#5886 = EDGE_CURVE('',#5887,#5879,#5889,.T.);
#5887 = VERTEX_POINT('',#5888);
#5888 = CARTESIAN_POINT('',(6.12500075,0.488052765254,2.471217693382));
#5889 = LINE('',#5890,#5891);
#5890 = CARTESIAN_POINT('',(6.12500075,0.488052765254,2.471217693382));
#5891 = VECTOR('',#5892,1.);
#5892 = DIRECTION('',(1.224646799147E-16,1.,1.224646799147E-16));
#5893 = ORIENTED_EDGE('',*,*,#5894,.F.);
#5894 = EDGE_CURVE('',#5895,#5887,#5897,.T.);
#5895 = VERTEX_POINT('',#5896);
#5896 = CARTESIAN_POINT('',(7.37500075,0.488052765254,2.471217693382));
#5897 = LINE('',#5898,#5899);
#5898 = CARTESIAN_POINT('',(7.37500075,0.488052765254,2.471217693382));
#5899 = VECTOR('',#5900,1.);
#5900 = DIRECTION('',(-1.,1.224646799147E-16,0.));
#5901 = ORIENTED_EDGE('',*,*,#5902,.T.);
#5902 = EDGE_CURVE('',#5895,#5903,#5905,.T.);
#5903 = VERTEX_POINT('',#5904);
#5904 = CARTESIAN_POINT('',(7.37500075,1.378052765254,2.471217693382));
#5905 = LINE('',#5906,#5907);
#5906 = CARTESIAN_POINT('',(7.37500075,0.488052765254,2.471217693382));
#5907 = VECTOR('',#5908,1.);
#5908 = DIRECTION('',(1.224646799147E-16,1.,1.224646799147E-16));
#5909 = ORIENTED_EDGE('',*,*,#5910,.T.);
#5910 = EDGE_CURVE('',#5903,#5911,#5913,.T.);
#5911 = VERTEX_POINT('',#5912);
#5912 = CARTESIAN_POINT('',(7.62500075,1.378052765254,2.471217693382));
#5913 = LINE('',#5914,#5915);
#5914 = CARTESIAN_POINT('',(7.37500075,1.378052765254,2.471217693382));
#5915 = VECTOR('',#5916,1.);
#5916 = DIRECTION('',(1.,-1.224646799147E-16,0.));
#5917 = ORIENTED_EDGE('',*,*,#5918,.F.);
#5918 = EDGE_CURVE('',#5919,#5911,#5921,.T.);
#5919 = VERTEX_POINT('',#5920);
#5920 = CARTESIAN_POINT('',(7.62500075,0.488052765254,2.471217693382));
#5921 = LINE('',#5922,#5923);
#5922 = CARTESIAN_POINT('',(7.62500075,0.488052765254,2.471217693382));
#5923 = VECTOR('',#5924,1.);
#5924 = DIRECTION('',(1.224646799147E-16,1.,1.224646799147E-16));
#5925 = ORIENTED_EDGE('',*,*,#5926,.F.);
#5926 = EDGE_CURVE('',#5927,#5919,#5929,.T.);
#5927 = VERTEX_POINT('',#5928);
#5928 = CARTESIAN_POINT('',(8.87500075,0.488052765254,2.471217693382));
#5929 = LINE('',#5930,#5931);
#5930 = CARTESIAN_POINT('',(8.87500075,0.488052765254,2.471217693382));
#5931 = VECTOR('',#5932,1.);
#5932 = DIRECTION('',(-1.,1.224646799147E-16,0.));
#5933 = ORIENTED_EDGE('',*,*,#5934,.T.);
#5934 = EDGE_CURVE('',#5927,#5935,#5937,.T.);
#5935 = VERTEX_POINT('',#5936);
#5936 = CARTESIAN_POINT('',(8.87500075,1.378052765254,2.471217693382));
#5937 = LINE('',#5938,#5939);
#5938 = CARTESIAN_POINT('',(8.87500075,0.488052765254,2.471217693382));
#5939 = VECTOR('',#5940,1.);
#5940 = DIRECTION('',(1.224646799147E-16,1.,1.224646799147E-16));
#5941 = ORIENTED_EDGE('',*,*,#5942,.T.);
#5942 = EDGE_CURVE('',#5935,#5943,#5945,.T.);
#5943 = VERTEX_POINT('',#5944);
#5944 = CARTESIAN_POINT('',(9.12500075,1.378052765254,2.471217693382));
#5945 = LINE('',#5946,#5947);
#5946 = CARTESIAN_POINT('',(8.87500075,1.378052765254,2.471217693382));
#5947 = VECTOR('',#5948,1.);
#5948 = DIRECTION('',(1.,-1.224646799147E-16,0.));
#5949 = ORIENTED_EDGE('',*,*,#5950,.F.);
#5950 = EDGE_CURVE('',#5951,#5943,#5953,.T.);
#5951 = VERTEX_POINT('',#5952);
#5952 = CARTESIAN_POINT('',(9.12500075,0.488052765254,2.471217693382));
#5953 = LINE('',#5954,#5955);
#5954 = CARTESIAN_POINT('',(9.12500075,0.488052765254,2.471217693382));
#5955 = VECTOR('',#5956,1.);
#5956 = DIRECTION('',(1.224646799147E-16,1.,1.224646799147E-16));
#5957 = ORIENTED_EDGE('',*,*,#5958,.F.);
#5958 = EDGE_CURVE('',#5959,#5951,#5961,.T.);
#5959 = VERTEX_POINT('',#5960);
#5960 = CARTESIAN_POINT('',(10.37500075,0.488052765254,2.471217693382));
#5961 = LINE('',#5962,#5963);
#5962 = CARTESIAN_POINT('',(10.37500075,0.488052765254,2.471217693382));
#5963 = VECTOR('',#5964,1.);
#5964 = DIRECTION('',(-1.,1.224646799147E-16,0.));
#5965 = ORIENTED_EDGE('',*,*,#5966,.T.);
#5966 = EDGE_CURVE('',#5959,#5967,#5969,.T.);
#5967 = VERTEX_POINT('',#5968);
#5968 = CARTESIAN_POINT('',(10.37500075,1.378052765254,2.471217693382));
#5969 = LINE('',#5970,#5971);
#5970 = CARTESIAN_POINT('',(10.37500075,0.488052765254,2.471217693382));
#5971 = VECTOR('',#5972,1.);
#5972 = DIRECTION('',(1.224646799147E-16,1.,1.224646799147E-16));
#5973 = ORIENTED_EDGE('',*,*,#5974,.T.);
#5974 = EDGE_CURVE('',#5967,#5975,#5977,.T.);
#5975 = VERTEX_POINT('',#5976);
#5976 = CARTESIAN_POINT('',(10.62500075,1.378052765254,2.471217693382));
#5977 = LINE('',#5978,#5979);
#5978 = CARTESIAN_POINT('',(10.37500075,1.378052765254,2.471217693382));
#5979 = VECTOR('',#5980,1.);
#5980 = DIRECTION('',(1.,-1.224646799147E-16,0.));
#5981 = ORIENTED_EDGE('',*,*,#5982,.F.);
#5982 = EDGE_CURVE('',#5983,#5975,#5985,.T.);
#5983 = VERTEX_POINT('',#5984);
#5984 = CARTESIAN_POINT('',(10.62500075,0.488052765254,2.471217693382));
#5985 = LINE('',#5986,#5987);
#5986 = CARTESIAN_POINT('',(10.62500075,0.488052765254,2.471217693382));
#5987 = VECTOR('',#5988,1.);
#5988 = DIRECTION('',(1.224646799147E-16,1.,1.224646799147E-16));
#5989 = ORIENTED_EDGE('',*,*,#5990,.F.);
#5990 = EDGE_CURVE('',#5991,#5983,#5993,.T.);
#5991 = VERTEX_POINT('',#5992);
#5992 = CARTESIAN_POINT('',(11.87500075,0.488052765254,2.471217693382));
#5993 = LINE('',#5994,#5995);
#5994 = CARTESIAN_POINT('',(11.87500075,0.488052765254,2.471217693382));
#5995 = VECTOR('',#5996,1.);
#5996 = DIRECTION('',(-1.,1.224646799147E-16,0.));
#5997 = ORIENTED_EDGE('',*,*,#5998,.T.);
#5998 = EDGE_CURVE('',#5991,#5999,#6001,.T.);
#5999 = VERTEX_POINT('',#6000);
#6000 = CARTESIAN_POINT('',(11.87500075,1.378052765254,2.471217693382));
#6001 = LINE('',#6002,#6003);
#6002 = CARTESIAN_POINT('',(11.87500075,0.488052765254,2.471217693382));
#6003 = VECTOR('',#6004,1.);
#6004 = DIRECTION('',(1.224646799147E-16,1.,1.224646799147E-16));
#6005 = ORIENTED_EDGE('',*,*,#6006,.T.);
#6006 = EDGE_CURVE('',#5999,#6007,#6009,.T.);
#6007 = VERTEX_POINT('',#6008);
#6008 = CARTESIAN_POINT('',(12.12500075,1.378052765254,2.471217693382));
#6009 = LINE('',#6010,#6011);
#6010 = CARTESIAN_POINT('',(11.87500075,1.378052765254,2.471217693382));
#6011 = VECTOR('',#6012,1.);
#6012 = DIRECTION('',(1.,-1.224646799147E-16,0.));
#6013 = ORIENTED_EDGE('',*,*,#6014,.F.);
#6014 = EDGE_CURVE('',#6015,#6007,#6017,.T.);
#6015 = VERTEX_POINT('',#6016);
#6016 = CARTESIAN_POINT('',(12.12500075,0.488052765254,2.471217693382));
#6017 = LINE('',#6018,#6019);
#6018 = CARTESIAN_POINT('',(12.12500075,0.488052765254,2.471217693382));
#6019 = VECTOR('',#6020,1.);
#6020 = DIRECTION('',(1.224646799147E-16,1.,1.224646799147E-16));
#6021 = ORIENTED_EDGE('',*,*,#6022,.F.);
#6022 = EDGE_CURVE('',#6023,#6015,#6025,.T.);
#6023 = VERTEX_POINT('',#6024);
#6024 = CARTESIAN_POINT('',(13.37500075,0.488052765254,2.471217693382));
#6025 = LINE('',#6026,#6027);
#6026 = CARTESIAN_POINT('',(13.37500075,0.488052765254,2.471217693382));
#6027 = VECTOR('',#6028,1.);
#6028 = DIRECTION('',(-1.,1.224646799147E-16,0.));
#6029 = ORIENTED_EDGE('',*,*,#6030,.T.);
#6030 = EDGE_CURVE('',#6023,#6031,#6033,.T.);
#6031 = VERTEX_POINT('',#6032);
#6032 = CARTESIAN_POINT('',(13.37500075,1.378052765254,2.471217693382));
#6033 = LINE('',#6034,#6035);
#6034 = CARTESIAN_POINT('',(13.37500075,0.488052765254,2.471217693382));
#6035 = VECTOR('',#6036,1.);
#6036 = DIRECTION('',(1.224646799147E-16,1.,1.224646799147E-16));
#6037 = ORIENTED_EDGE('',*,*,#6038,.T.);
#6038 = EDGE_CURVE('',#6031,#6039,#6041,.T.);
#6039 = VERTEX_POINT('',#6040);
#6040 = CARTESIAN_POINT('',(13.62500075,1.378052765254,2.471217693382));
#6041 = LINE('',#6042,#6043);
#6042 = CARTESIAN_POINT('',(13.37500075,1.378052765254,2.471217693382));
#6043 = VECTOR('',#6044,1.);
#6044 = DIRECTION('',(1.,-1.224646799147E-16,0.));
#6045 = ORIENTED_EDGE('',*,*,#6046,.F.);
#6046 = EDGE_CURVE('',#6047,#6039,#6049,.T.);
#6047 = VERTEX_POINT('',#6048);
#6048 = CARTESIAN_POINT('',(13.62500075,0.488052765254,2.471217693382));
#6049 = LINE('',#6050,#6051);
#6050 = CARTESIAN_POINT('',(13.62500075,0.488052765254,2.471217693382));
#6051 = VECTOR('',#6052,1.);
#6052 = DIRECTION('',(1.224646799147E-16,1.,1.224646799147E-16));
#6053 = ORIENTED_EDGE('',*,*,#6054,.F.);
#6054 = EDGE_CURVE('',#6055,#6047,#6057,.T.);
#6055 = VERTEX_POINT('',#6056);
#6056 = CARTESIAN_POINT('',(14.87500075,0.488052765254,2.471217693382));
#6057 = LINE('',#6058,#6059);
#6058 = CARTESIAN_POINT('',(14.87500075,0.488052765254,2.471217693382));
#6059 = VECTOR('',#6060,1.);
#6060 = DIRECTION('',(-1.,1.224646799147E-16,0.));
#6061 = ORIENTED_EDGE('',*,*,#6062,.T.);
#6062 = EDGE_CURVE('',#6055,#6063,#6065,.T.);
#6063 = VERTEX_POINT('',#6064);
#6064 = CARTESIAN_POINT('',(14.87500075,1.378052765254,2.471217693382));
#6065 = LINE('',#6066,#6067);
#6066 = CARTESIAN_POINT('',(14.87500075,0.488052765254,2.471217693382));
#6067 = VECTOR('',#6068,1.);
#6068 = DIRECTION('',(1.224646799147E-16,1.,1.224646799147E-16));
#6069 = ORIENTED_EDGE('',*,*,#6070,.T.);
#6070 = EDGE_CURVE('',#6063,#6071,#6073,.T.);
#6071 = VERTEX_POINT('',#6072);
#6072 = CARTESIAN_POINT('',(15.12500075,1.378052765254,2.471217693382));
#6073 = LINE('',#6074,#6075);
#6074 = CARTESIAN_POINT('',(14.87500075,1.378052765254,2.471217693382));
#6075 = VECTOR('',#6076,1.);
#6076 = DIRECTION('',(1.,-1.224646799147E-16,0.));
#6077 = ORIENTED_EDGE('',*,*,#6078,.F.);
#6078 = EDGE_CURVE('',#6079,#6071,#6081,.T.);
#6079 = VERTEX_POINT('',#6080);
#6080 = CARTESIAN_POINT('',(15.12500075,0.488052765254,2.471217693382));
#6081 = LINE('',#6082,#6083);
#6082 = CARTESIAN_POINT('',(15.12500075,0.488052765254,2.471217693382));
#6083 = VECTOR('',#6084,1.);
#6084 = DIRECTION('',(1.224646799147E-16,1.,1.224646799147E-16));
#6085 = ORIENTED_EDGE('',*,*,#6086,.F.);
#6086 = EDGE_CURVE('',#5319,#6079,#6087,.T.);
#6087 = LINE('',#6088,#6089);
#6088 = CARTESIAN_POINT('',(16.37500075,0.488052765254,2.471217693382));
#6089 = VECTOR('',#6090,1.);
#6090 = DIRECTION('',(-1.,1.224646799147E-16,0.));
#6091 = ORIENTED_EDGE('',*,*,#5318,.T.);
#6092 = PLANE('',#6093);
#6093 = AXIS2_PLACEMENT_3D('',#6094,#6095,#6096);
#6094 = CARTESIAN_POINT('',(-0.24999925,0.488052765254,2.471217693382));
#6095 = DIRECTION('',(1.499759782662E-32,1.224646799147E-16,-1.));
#6096 = DIRECTION('',(-1.,1.224646799147E-16,0.));
#6097 = ADVANCED_FACE('',(#6098),#6104,.F.);
#6098 = FACE_BOUND('',#6099,.T.);
#6099 = EDGE_LOOP('',(#6100,#6101,#6102,#6103));
#6100 = ORIENTED_EDGE('',*,*,#5743,.T.);
#6101 = ORIENTED_EDGE('',*,*,#1583,.F.);
#6102 = ORIENTED_EDGE('',*,*,#5093,.T.);
#6103 = ORIENTED_EDGE('',*,*,#945,.T.);
#6104 = PLANE('',#6105);
#6105 = AXIS2_PLACEMENT_3D('',#6106,#6107,#6108);
#6106 = CARTESIAN_POINT('',(-0.24999925,0.288052765254,2.651217693382));
#6107 = DIRECTION('',(-8.192455173238E-17,-0.668964731622,
    -0.743294146247));
#6108 = DIRECTION('',(1.,-1.224646799147E-16,0.));
#6109 = ADVANCED_FACE('',(#6110),#6126,.F.);
#6110 = FACE_BOUND('',#6111,.T.);
#6111 = EDGE_LOOP('',(#6112,#6113,#6119,#6120));
#6112 = ORIENTED_EDGE('',*,*,#5766,.T.);
#6113 = ORIENTED_EDGE('',*,*,#6114,.F.);
#6114 = EDGE_CURVE('',#5071,#5759,#6115,.T.);
#6115 = LINE('',#6116,#6117);
#6116 = CARTESIAN_POINT('',(0.12500075,0.288052765254,2.651217693382));
#6117 = VECTOR('',#6118,1.);
#6118 = DIRECTION('',(9.102727970266E-17,0.743294146247,-0.668964731622)
  );
#6119 = ORIENTED_EDGE('',*,*,#5070,.T.);
#6120 = ORIENTED_EDGE('',*,*,#6121,.T.);
#6121 = EDGE_CURVE('',#5063,#5767,#6122,.T.);
#6122 = LINE('',#6123,#6124);
#6123 = CARTESIAN_POINT('',(1.37500075,0.288052765254,2.651217693382));
#6124 = VECTOR('',#6125,1.);
#6125 = DIRECTION('',(9.102727970266E-17,0.743294146247,-0.668964731622)
  );
#6126 = PLANE('',#6127);
#6127 = AXIS2_PLACEMENT_3D('',#6128,#6129,#6130);
#6128 = CARTESIAN_POINT('',(-0.24999925,0.288052765254,2.651217693382));
#6129 = DIRECTION('',(-8.192455173238E-17,-0.668964731622,
    -0.743294146247));
#6130 = DIRECTION('',(1.,-1.224646799147E-16,0.));
#6131 = ADVANCED_FACE('',(#6132),#6148,.F.);
#6132 = FACE_BOUND('',#6133,.T.);
#6133 = EDGE_LOOP('',(#6134,#6135,#6141,#6142));
#6134 = ORIENTED_EDGE('',*,*,#5038,.T.);
#6135 = ORIENTED_EDGE('',*,*,#6136,.T.);
#6136 = EDGE_CURVE('',#5031,#5799,#6137,.T.);
#6137 = LINE('',#6138,#6139);
#6138 = CARTESIAN_POINT('',(2.87500075,0.288052765254,2.651217693382));
#6139 = VECTOR('',#6140,1.);
#6140 = DIRECTION('',(9.102727970266E-17,0.743294146247,-0.668964731622)
  );
#6141 = ORIENTED_EDGE('',*,*,#5798,.T.);
#6142 = ORIENTED_EDGE('',*,*,#6143,.F.);
#6143 = EDGE_CURVE('',#5039,#5791,#6144,.T.);
#6144 = LINE('',#6145,#6146);
#6145 = CARTESIAN_POINT('',(1.62500075,0.288052765254,2.651217693382));
#6146 = VECTOR('',#6147,1.);
#6147 = DIRECTION('',(9.102727970266E-17,0.743294146247,-0.668964731622)
  );
#6148 = PLANE('',#6149);
#6149 = AXIS2_PLACEMENT_3D('',#6150,#6151,#6152);
#6150 = CARTESIAN_POINT('',(-0.24999925,0.288052765254,2.651217693382));
#6151 = DIRECTION('',(-8.192455173238E-17,-0.668964731622,
    -0.743294146247));
#6152 = DIRECTION('',(1.,-1.224646799147E-16,0.));
#6153 = ADVANCED_FACE('',(#6154),#6170,.F.);
#6154 = FACE_BOUND('',#6155,.T.);
#6155 = EDGE_LOOP('',(#6156,#6157,#6163,#6164));
#6156 = ORIENTED_EDGE('',*,*,#5830,.T.);
#6157 = ORIENTED_EDGE('',*,*,#6158,.F.);
#6158 = EDGE_CURVE('',#5007,#5823,#6159,.T.);
#6159 = LINE('',#6160,#6161);
#6160 = CARTESIAN_POINT('',(3.12500075,0.288052765254,2.651217693382));
#6161 = VECTOR('',#6162,1.);
#6162 = DIRECTION('',(9.102727970266E-17,0.743294146247,-0.668964731622)
  );
#6163 = ORIENTED_EDGE('',*,*,#5006,.T.);
#6164 = ORIENTED_EDGE('',*,*,#6165,.T.);
#6165 = EDGE_CURVE('',#4999,#5831,#6166,.T.);
#6166 = LINE('',#6167,#6168);
#6167 = CARTESIAN_POINT('',(4.37500075,0.288052765254,2.651217693382));
#6168 = VECTOR('',#6169,1.);
#6169 = DIRECTION('',(9.102727970266E-17,0.743294146247,-0.668964731622)
  );
#6170 = PLANE('',#6171);
#6171 = AXIS2_PLACEMENT_3D('',#6172,#6173,#6174);
#6172 = CARTESIAN_POINT('',(-0.24999925,0.288052765254,2.651217693382));
#6173 = DIRECTION('',(-8.192455173238E-17,-0.668964731622,
    -0.743294146247));
#6174 = DIRECTION('',(1.,-1.224646799147E-16,0.));
#6175 = ADVANCED_FACE('',(#6176),#6192,.F.);
#6176 = FACE_BOUND('',#6177,.T.);
#6177 = EDGE_LOOP('',(#6178,#6179,#6185,#6186));
#6178 = ORIENTED_EDGE('',*,*,#4974,.T.);
#6179 = ORIENTED_EDGE('',*,*,#6180,.T.);
#6180 = EDGE_CURVE('',#4967,#5863,#6181,.T.);
#6181 = LINE('',#6182,#6183);
#6182 = CARTESIAN_POINT('',(5.87500075,0.288052765254,2.651217693382));
#6183 = VECTOR('',#6184,1.);
#6184 = DIRECTION('',(9.102727970266E-17,0.743294146247,-0.668964731622)
  );
#6185 = ORIENTED_EDGE('',*,*,#5862,.T.);
#6186 = ORIENTED_EDGE('',*,*,#6187,.F.);
#6187 = EDGE_CURVE('',#4975,#5855,#6188,.T.);
#6188 = LINE('',#6189,#6190);
#6189 = CARTESIAN_POINT('',(4.62500075,0.288052765254,2.651217693382));
#6190 = VECTOR('',#6191,1.);
#6191 = DIRECTION('',(9.102727970266E-17,0.743294146247,-0.668964731622)
  );
#6192 = PLANE('',#6193);
#6193 = AXIS2_PLACEMENT_3D('',#6194,#6195,#6196);
#6194 = CARTESIAN_POINT('',(-0.24999925,0.288052765254,2.651217693382));
#6195 = DIRECTION('',(-8.192455173238E-17,-0.668964731622,
    -0.743294146247));
#6196 = DIRECTION('',(1.,-1.224646799147E-16,0.));
#6197 = ADVANCED_FACE('',(#6198),#6214,.F.);
#6198 = FACE_BOUND('',#6199,.T.);
#6199 = EDGE_LOOP('',(#6200,#6201,#6207,#6208));
#6200 = ORIENTED_EDGE('',*,*,#5894,.T.);
#6201 = ORIENTED_EDGE('',*,*,#6202,.F.);
#6202 = EDGE_CURVE('',#4943,#5887,#6203,.T.);
#6203 = LINE('',#6204,#6205);
#6204 = CARTESIAN_POINT('',(6.12500075,0.288052765254,2.651217693382));
#6205 = VECTOR('',#6206,1.);
#6206 = DIRECTION('',(9.102727970266E-17,0.743294146247,-0.668964731622)
  );
#6207 = ORIENTED_EDGE('',*,*,#4942,.T.);
#6208 = ORIENTED_EDGE('',*,*,#6209,.T.);
#6209 = EDGE_CURVE('',#4935,#5895,#6210,.T.);
#6210 = LINE('',#6211,#6212);
#6211 = CARTESIAN_POINT('',(7.37500075,0.288052765254,2.651217693382));
#6212 = VECTOR('',#6213,1.);
#6213 = DIRECTION('',(9.102727970266E-17,0.743294146247,-0.668964731622)
  );
#6214 = PLANE('',#6215);
#6215 = AXIS2_PLACEMENT_3D('',#6216,#6217,#6218);
#6216 = CARTESIAN_POINT('',(-0.24999925,0.288052765254,2.651217693382));
#6217 = DIRECTION('',(-8.192455173238E-17,-0.668964731622,
    -0.743294146247));
#6218 = DIRECTION('',(1.,-1.224646799147E-16,0.));
#6219 = ADVANCED_FACE('',(#6220),#6236,.F.);
#6220 = FACE_BOUND('',#6221,.T.);
#6221 = EDGE_LOOP('',(#6222,#6223,#6229,#6230));
#6222 = ORIENTED_EDGE('',*,*,#4910,.T.);
#6223 = ORIENTED_EDGE('',*,*,#6224,.T.);
#6224 = EDGE_CURVE('',#4903,#5927,#6225,.T.);
#6225 = LINE('',#6226,#6227);
#6226 = CARTESIAN_POINT('',(8.87500075,0.288052765254,2.651217693382));
#6227 = VECTOR('',#6228,1.);
#6228 = DIRECTION('',(9.102727970266E-17,0.743294146247,-0.668964731622)
  );
#6229 = ORIENTED_EDGE('',*,*,#5926,.T.);
#6230 = ORIENTED_EDGE('',*,*,#6231,.F.);
#6231 = EDGE_CURVE('',#4911,#5919,#6232,.T.);
#6232 = LINE('',#6233,#6234);
#6233 = CARTESIAN_POINT('',(7.62500075,0.288052765254,2.651217693382));
#6234 = VECTOR('',#6235,1.);
#6235 = DIRECTION('',(9.102727970266E-17,0.743294146247,-0.668964731622)
  );
#6236 = PLANE('',#6237);
#6237 = AXIS2_PLACEMENT_3D('',#6238,#6239,#6240);
#6238 = CARTESIAN_POINT('',(-0.24999925,0.288052765254,2.651217693382));
#6239 = DIRECTION('',(-8.192455173238E-17,-0.668964731622,
    -0.743294146247));
#6240 = DIRECTION('',(1.,-1.224646799147E-16,0.));
#6241 = ADVANCED_FACE('',(#6242),#6258,.F.);
#6242 = FACE_BOUND('',#6243,.T.);
#6243 = EDGE_LOOP('',(#6244,#6245,#6251,#6252));
#6244 = ORIENTED_EDGE('',*,*,#5958,.T.);
#6245 = ORIENTED_EDGE('',*,*,#6246,.F.);
#6246 = EDGE_CURVE('',#4879,#5951,#6247,.T.);
#6247 = LINE('',#6248,#6249);
#6248 = CARTESIAN_POINT('',(9.12500075,0.288052765254,2.651217693382));
#6249 = VECTOR('',#6250,1.);
#6250 = DIRECTION('',(9.102727970266E-17,0.743294146247,-0.668964731622)
  );
#6251 = ORIENTED_EDGE('',*,*,#4878,.T.);
#6252 = ORIENTED_EDGE('',*,*,#6253,.T.);
#6253 = EDGE_CURVE('',#4871,#5959,#6254,.T.);
#6254 = LINE('',#6255,#6256);
#6255 = CARTESIAN_POINT('',(10.37500075,0.288052765254,2.651217693382));
#6256 = VECTOR('',#6257,1.);
#6257 = DIRECTION('',(9.102727970266E-17,0.743294146247,-0.668964731622)
  );
#6258 = PLANE('',#6259);
#6259 = AXIS2_PLACEMENT_3D('',#6260,#6261,#6262);
#6260 = CARTESIAN_POINT('',(-0.24999925,0.288052765254,2.651217693382));
#6261 = DIRECTION('',(-8.192455173238E-17,-0.668964731622,
    -0.743294146247));
#6262 = DIRECTION('',(1.,-1.224646799147E-16,0.));
#6263 = ADVANCED_FACE('',(#6264),#6280,.F.);
#6264 = FACE_BOUND('',#6265,.T.);
#6265 = EDGE_LOOP('',(#6266,#6267,#6273,#6274));
#6266 = ORIENTED_EDGE('',*,*,#4846,.T.);
#6267 = ORIENTED_EDGE('',*,*,#6268,.T.);
#6268 = EDGE_CURVE('',#4839,#5991,#6269,.T.);
#6269 = LINE('',#6270,#6271);
#6270 = CARTESIAN_POINT('',(11.87500075,0.288052765254,2.651217693382));
#6271 = VECTOR('',#6272,1.);
#6272 = DIRECTION('',(9.102727970266E-17,0.743294146247,-0.668964731622)
  );
#6273 = ORIENTED_EDGE('',*,*,#5990,.T.);
#6274 = ORIENTED_EDGE('',*,*,#6275,.F.);
#6275 = EDGE_CURVE('',#4847,#5983,#6276,.T.);
#6276 = LINE('',#6277,#6278);
#6277 = CARTESIAN_POINT('',(10.62500075,0.288052765254,2.651217693382));
#6278 = VECTOR('',#6279,1.);
#6279 = DIRECTION('',(9.102727970266E-17,0.743294146247,-0.668964731622)
  );
#6280 = PLANE('',#6281);
#6281 = AXIS2_PLACEMENT_3D('',#6282,#6283,#6284);
#6282 = CARTESIAN_POINT('',(-0.24999925,0.288052765254,2.651217693382));
#6283 = DIRECTION('',(-8.192455173238E-17,-0.668964731622,
    -0.743294146247));
#6284 = DIRECTION('',(1.,-1.224646799147E-16,0.));
#6285 = ADVANCED_FACE('',(#6286),#6302,.F.);
#6286 = FACE_BOUND('',#6287,.T.);
#6287 = EDGE_LOOP('',(#6288,#6289,#6295,#6296));
#6288 = ORIENTED_EDGE('',*,*,#6022,.T.);
#6289 = ORIENTED_EDGE('',*,*,#6290,.F.);
#6290 = EDGE_CURVE('',#4815,#6015,#6291,.T.);
#6291 = LINE('',#6292,#6293);
#6292 = CARTESIAN_POINT('',(12.12500075,0.288052765254,2.651217693382));
#6293 = VECTOR('',#6294,1.);
#6294 = DIRECTION('',(9.102727970266E-17,0.743294146247,-0.668964731622)
  );
#6295 = ORIENTED_EDGE('',*,*,#4814,.T.);
#6296 = ORIENTED_EDGE('',*,*,#6297,.T.);
#6297 = EDGE_CURVE('',#4807,#6023,#6298,.T.);
#6298 = LINE('',#6299,#6300);
#6299 = CARTESIAN_POINT('',(13.37500075,0.288052765254,2.651217693382));
#6300 = VECTOR('',#6301,1.);
#6301 = DIRECTION('',(9.102727970266E-17,0.743294146247,-0.668964731622)
  );
#6302 = PLANE('',#6303);
#6303 = AXIS2_PLACEMENT_3D('',#6304,#6305,#6306);
#6304 = CARTESIAN_POINT('',(-0.24999925,0.288052765254,2.651217693382));
#6305 = DIRECTION('',(-8.192455173238E-17,-0.668964731622,
    -0.743294146247));
#6306 = DIRECTION('',(1.,-1.224646799147E-16,0.));
#6307 = ADVANCED_FACE('',(#6308),#6324,.F.);
#6308 = FACE_BOUND('',#6309,.T.);
#6309 = EDGE_LOOP('',(#6310,#6311,#6317,#6318));
#6310 = ORIENTED_EDGE('',*,*,#4782,.T.);
#6311 = ORIENTED_EDGE('',*,*,#6312,.T.);
#6312 = EDGE_CURVE('',#4775,#6055,#6313,.T.);
#6313 = LINE('',#6314,#6315);
#6314 = CARTESIAN_POINT('',(14.87500075,0.288052765254,2.651217693382));
#6315 = VECTOR('',#6316,1.);
#6316 = DIRECTION('',(9.102727970266E-17,0.743294146247,-0.668964731622)
  );
#6317 = ORIENTED_EDGE('',*,*,#6054,.T.);
#6318 = ORIENTED_EDGE('',*,*,#6319,.F.);
#6319 = EDGE_CURVE('',#4783,#6047,#6320,.T.);
#6320 = LINE('',#6321,#6322);
#6321 = CARTESIAN_POINT('',(13.62500075,0.288052765254,2.651217693382));
#6322 = VECTOR('',#6323,1.);
#6323 = DIRECTION('',(9.102727970266E-17,0.743294146247,-0.668964731622)
  );
#6324 = PLANE('',#6325);
#6325 = AXIS2_PLACEMENT_3D('',#6326,#6327,#6328);
#6326 = CARTESIAN_POINT('',(-0.24999925,0.288052765254,2.651217693382));
#6327 = DIRECTION('',(-8.192455173238E-17,-0.668964731622,
    -0.743294146247));
#6328 = DIRECTION('',(1.,-1.224646799147E-16,0.));
#6329 = ADVANCED_FACE('',(#6330),#6341,.F.);
#6330 = FACE_BOUND('',#6331,.T.);
#6331 = EDGE_LOOP('',(#6332,#6333,#6339,#6340));
#6332 = ORIENTED_EDGE('',*,*,#6086,.T.);
#6333 = ORIENTED_EDGE('',*,*,#6334,.F.);
#6334 = EDGE_CURVE('',#4749,#6079,#6335,.T.);
#6335 = LINE('',#6336,#6337);
#6336 = CARTESIAN_POINT('',(15.12500075,0.288052765254,2.651217693382));
#6337 = VECTOR('',#6338,1.);
#6338 = DIRECTION('',(9.102727970266E-17,0.743294146247,-0.668964731622)
  );
#6339 = ORIENTED_EDGE('',*,*,#4748,.T.);
#6340 = ORIENTED_EDGE('',*,*,#5326,.T.);
#6341 = PLANE('',#6342);
#6342 = AXIS2_PLACEMENT_3D('',#6343,#6344,#6345);
#6343 = CARTESIAN_POINT('',(-0.24999925,0.288052765254,2.651217693382));
#6344 = DIRECTION('',(-8.192455173238E-17,-0.668964731622,
    -0.743294146247));
#6345 = DIRECTION('',(1.,-1.224646799147E-16,0.));
#6346 = ADVANCED_FACE('',(#6347),#6353,.F.);
#6347 = FACE_BOUND('',#6348,.T.);
#6348 = EDGE_LOOP('',(#6349,#6350,#6351,#6352));
#6349 = ORIENTED_EDGE('',*,*,#5175,.T.);
#6350 = ORIENTED_EDGE('',*,*,#1647,.T.);
#6351 = ORIENTED_EDGE('',*,*,#5734,.T.);
#6352 = ORIENTED_EDGE('',*,*,#5437,.F.);
#6353 = PLANE('',#6354);
#6354 = AXIS2_PLACEMENT_3D('',#6355,#6356,#6357);
#6355 = CARTESIAN_POINT('',(-0.24999925,0.288052765254,2.651217693382));
#6356 = DIRECTION('',(-8.192455173238E-17,-0.668964731622,
    -0.743294146247));
#6357 = DIRECTION('',(1.,-1.224646799147E-16,0.));
#6358 = ADVANCED_FACE('',(#6359),#6385,.F.);
#6359 = FACE_BOUND('',#6360,.T.);
#6360 = EDGE_LOOP('',(#6361,#6362,#6370,#6379));
#6361 = ORIENTED_EDGE('',*,*,#1351,.F.);
#6362 = ORIENTED_EDGE('',*,*,#6363,.F.);
#6363 = EDGE_CURVE('',#6364,#1344,#6366,.T.);
#6364 = VERTEX_POINT('',#6365);
#6365 = CARTESIAN_POINT('',(1.37500075,1.429913402403,4.467679270219));
#6366 = LINE('',#6367,#6368);
#6367 = CARTESIAN_POINT('',(1.37500075,1.429913402403,4.467679270219));
#6368 = VECTOR('',#6369,1.);
#6369 = DIRECTION('',(3.315957318415E-17,0.27076846326,-0.962644503077)
  );
#6370 = ORIENTED_EDGE('',*,*,#6371,.F.);
#6371 = EDGE_CURVE('',#6372,#6364,#6374,.T.);
#6372 = VERTEX_POINT('',#6373);
#6373 = CARTESIAN_POINT('',(1.37500075,1.433094454873,4.503112717345));
#6374 = CIRCLE('',#6375,5.E-02);
#6375 = AXIS2_PLACEMENT_3D('',#6376,#6377,#6378);
#6376 = CARTESIAN_POINT('',(1.37500075,1.478045627557,4.481217693382));
#6377 = DIRECTION('',(1.,-1.224646799147E-16,6.162975822039E-33));
#6378 = DIRECTION('',(-1.100986194907E-16,-0.89902345368,0.437900479257)
  );
#6379 = ORIENTED_EDGE('',*,*,#6380,.F.);
#6380 = EDGE_CURVE('',#1326,#6372,#6381,.T.);
#6381 = LINE('',#6382,#6383);
#6382 = CARTESIAN_POINT('',(1.37500075,1.648052765254,4.944428887914));
#6383 = VECTOR('',#6384,1.);
#6384 = DIRECTION('',(-5.362734202678E-17,-0.437900479257,-0.89902345368
    ));
#6385 = PLANE('',#6386);
#6386 = AXIS2_PLACEMENT_3D('',#6387,#6388,#6389);
#6387 = CARTESIAN_POINT('',(1.37500075,2.513052765254,4.741217693382));
#6388 = DIRECTION('',(1.,-1.224646799147E-16,0.));
#6389 = DIRECTION('',(1.499759782662E-32,1.224646799147E-16,-1.));
#6390 = ADVANCED_FACE('',(#6391),#6452,.F.);
#6391 = FACE_BOUND('',#6392,.T.);
#6392 = EDGE_LOOP('',(#6393,#6394,#6395,#6396,#6405,#6413,#6422,#6430,
    #6438,#6446));
#6393 = ORIENTED_EDGE('',*,*,#5774,.F.);
#6394 = ORIENTED_EDGE('',*,*,#6121,.F.);
#6395 = ORIENTED_EDGE('',*,*,#5062,.T.);
#6396 = ORIENTED_EDGE('',*,*,#6397,.F.);
#6397 = EDGE_CURVE('',#6398,#5055,#6400,.T.);
#6398 = VERTEX_POINT('',#6399);
#6399 = CARTESIAN_POINT('',(1.37500075,0.398856079879,4.971832962871));
#6400 = CIRCLE('',#6401,0.15);
#6401 = AXIS2_PLACEMENT_3D('',#6402,#6403,#6404);
#6402 = CARTESIAN_POINT('',(1.37500075,0.254459404418,4.931217693382));
#6403 = DIRECTION('',(1.,-1.224646799147E-16,0.));
#6404 = DIRECTION('',(1.17889950941E-16,0.962644503077,0.27076846326));
#6405 = ORIENTED_EDGE('',*,*,#6406,.F.);
#6406 = EDGE_CURVE('',#6407,#6398,#6409,.T.);
#6407 = VERTEX_POINT('',#6408);
#6408 = CARTESIAN_POINT('',(1.37500075,0.606177852711,4.234756116545));
#6409 = LINE('',#6410,#6411);
#6410 = CARTESIAN_POINT('',(1.37500075,0.606177852711,4.234756116545));
#6411 = VECTOR('',#6412,1.);
#6412 = DIRECTION('',(-3.315957318415E-17,-0.27076846326,0.962644503077)
  );
#6413 = ORIENTED_EDGE('',*,*,#6414,.F.);
#6414 = EDGE_CURVE('',#6415,#6407,#6417,.T.);
#6415 = VERTEX_POINT('',#6416);
#6416 = CARTESIAN_POINT('',(1.37500075,0.602996800241,4.199322669419));
#6417 = CIRCLE('',#6418,5.E-02);
#6418 = AXIS2_PLACEMENT_3D('',#6419,#6420,#6421);
#6419 = CARTESIAN_POINT('',(1.37500075,0.558045627557,4.221217693382));
#6420 = DIRECTION('',(1.,-1.224646799147E-16,6.162975822039E-33));
#6421 = DIRECTION('',(1.100986194907E-16,0.89902345368,-0.437900479257)
  );
#6422 = ORIENTED_EDGE('',*,*,#6423,.F.);
#6423 = EDGE_CURVE('',#6424,#6415,#6426,.T.);
#6424 = VERTEX_POINT('',#6425);
#6425 = CARTESIAN_POINT('',(1.37500075,0.448052765254,3.881217693382));
#6426 = LINE('',#6427,#6428);
#6427 = CARTESIAN_POINT('',(1.37500075,0.448052765254,3.881217693382));
#6428 = VECTOR('',#6429,1.);
#6429 = DIRECTION('',(5.362734202678E-17,0.437900479257,0.89902345368));
#6430 = ORIENTED_EDGE('',*,*,#6431,.F.);
#6431 = EDGE_CURVE('',#6432,#6424,#6434,.T.);
#6432 = VERTEX_POINT('',#6433);
#6433 = CARTESIAN_POINT('',(1.37500075,0.448052765254,2.581217693382));
#6434 = LINE('',#6435,#6436);
#6435 = CARTESIAN_POINT('',(1.37500075,0.448052765254,2.581217693382));
#6436 = VECTOR('',#6437,1.);
#6437 = DIRECTION('',(-1.499759782662E-32,-1.224646799147E-16,1.));
#6438 = ORIENTED_EDGE('',*,*,#6439,.F.);
#6439 = EDGE_CURVE('',#6440,#6432,#6442,.T.);
#6440 = VERTEX_POINT('',#6441);
#6441 = CARTESIAN_POINT('',(1.37500075,1.378052765254,2.581217693382));
#6442 = LINE('',#6443,#6444);
#6443 = CARTESIAN_POINT('',(1.37500075,1.378052765254,2.581217693382));
#6444 = VECTOR('',#6445,1.);
#6445 = DIRECTION('',(-1.224646799147E-16,-1.,-1.224646799147E-16));
#6446 = ORIENTED_EDGE('',*,*,#6447,.F.);
#6447 = EDGE_CURVE('',#5775,#6440,#6448,.T.);
#6448 = LINE('',#6449,#6450);
#6449 = CARTESIAN_POINT('',(1.37500075,1.378052765254,2.471217693382));
#6450 = VECTOR('',#6451,1.);
#6451 = DIRECTION('',(-1.499759782662E-32,-1.224646799147E-16,1.));
#6452 = PLANE('',#6453);
#6453 = AXIS2_PLACEMENT_3D('',#6454,#6455,#6456);
#6454 = CARTESIAN_POINT('',(1.37500075,2.513052765254,4.741217693382));
#6455 = DIRECTION('',(1.,-1.224646799147E-16,0.));
#6456 = DIRECTION('',(1.499759782662E-32,1.224646799147E-16,-1.));
#6457 = ADVANCED_FACE('',(#6458),#6499,.F.);
#6458 = FACE_BOUND('',#6459,.T.);
#6459 = EDGE_LOOP('',(#6460,#6468,#6476,#6484,#6492,#6498));
#6460 = ORIENTED_EDGE('',*,*,#6461,.F.);
#6461 = EDGE_CURVE('',#6462,#649,#6464,.T.);
#6462 = VERTEX_POINT('',#6463);
#6463 = CARTESIAN_POINT('',(1.37500075,2.248052765254,-3.128782306618));
#6464 = LINE('',#6465,#6466);
#6465 = CARTESIAN_POINT('',(1.37500075,2.248052765254,-3.128782306618));
#6466 = VECTOR('',#6467,1.);
#6467 = DIRECTION('',(-1.499759782662E-32,-1.224646799147E-16,1.));
#6468 = ORIENTED_EDGE('',*,*,#6469,.F.);
#6469 = EDGE_CURVE('',#6470,#6462,#6472,.T.);
#6470 = VERTEX_POINT('',#6471);
#6471 = CARTESIAN_POINT('',(1.37500075,2.088052765254,-3.428782306618));
#6472 = LINE('',#6473,#6474);
#6473 = CARTESIAN_POINT('',(1.37500075,2.088052765254,-3.428782306618));
#6474 = VECTOR('',#6475,1.);
#6475 = DIRECTION('',(5.763043760693E-17,0.470588235294,0.882352941176)
  );
#6476 = ORIENTED_EDGE('',*,*,#6477,.F.);
#6477 = EDGE_CURVE('',#6478,#6470,#6480,.T.);
#6478 = VERTEX_POINT('',#6479);
#6479 = CARTESIAN_POINT('',(1.37500075,1.898052765254,-3.428782306618));
#6480 = LINE('',#6481,#6482);
#6481 = CARTESIAN_POINT('',(1.37500075,1.898052765254,-3.428782306618));
#6482 = VECTOR('',#6483,1.);
#6483 = DIRECTION('',(1.224646799147E-16,1.,1.224646799147E-16));
#6484 = ORIENTED_EDGE('',*,*,#6485,.F.);
#6485 = EDGE_CURVE('',#6486,#6478,#6488,.T.);
#6486 = VERTEX_POINT('',#6487);
#6487 = CARTESIAN_POINT('',(1.37500075,1.748052765254,-3.128782306618));
#6488 = LINE('',#6489,#6490);
#6489 = CARTESIAN_POINT('',(1.37500075,1.748052765254,-3.128782306618));
#6490 = VECTOR('',#6491,1.);
#6491 = DIRECTION('',(5.476786982643E-17,0.4472135955,-0.894427191));
#6492 = ORIENTED_EDGE('',*,*,#6493,.F.);
#6493 = EDGE_CURVE('',#631,#6486,#6494,.T.);
#6494 = LINE('',#6495,#6496);
#6495 = CARTESIAN_POINT('',(1.37500075,1.748052765254,
    -2.878230661791E-02));
#6496 = VECTOR('',#6497,1.);
#6497 = DIRECTION('',(1.499759782662E-32,1.224646799147E-16,-1.));
#6498 = ORIENTED_EDGE('',*,*,#656,.T.);
#6499 = PLANE('',#6500);
#6500 = AXIS2_PLACEMENT_3D('',#6501,#6502,#6503);
#6501 = CARTESIAN_POINT('',(1.37500075,2.513052765254,4.741217693382));
#6502 = DIRECTION('',(1.,-1.224646799147E-16,0.));
#6503 = DIRECTION('',(1.499759782662E-32,1.224646799147E-16,-1.));
#6504 = ADVANCED_FACE('',(#6505),#6523,.T.);
#6505 = FACE_BOUND('',#6506,.T.);
#6506 = EDGE_LOOP('',(#6507,#6515,#6521,#6522));
#6507 = ORIENTED_EDGE('',*,*,#6508,.T.);
#6508 = EDGE_CURVE('',#6372,#6509,#6511,.T.);
#6509 = VERTEX_POINT('',#6510);
#6510 = CARTESIAN_POINT('',(1.62500075,1.433094454873,4.503112717345));
#6511 = LINE('',#6512,#6513);
#6512 = CARTESIAN_POINT('',(1.37500075,1.433094454873,4.503112717345));
#6513 = VECTOR('',#6514,1.);
#6514 = DIRECTION('',(1.,-1.224646799147E-16,0.));
#6515 = ORIENTED_EDGE('',*,*,#6516,.F.);
#6516 = EDGE_CURVE('',#1328,#6509,#6517,.T.);
#6517 = LINE('',#6518,#6519);
#6518 = CARTESIAN_POINT('',(1.62500075,1.648052765254,4.944428887914));
#6519 = VECTOR('',#6520,1.);
#6520 = DIRECTION('',(-5.362734202678E-17,-0.437900479257,-0.89902345368
    ));
#6521 = ORIENTED_EDGE('',*,*,#1325,.F.);
#6522 = ORIENTED_EDGE('',*,*,#6380,.T.);
#6523 = PLANE('',#6524);
#6524 = AXIS2_PLACEMENT_3D('',#6525,#6526,#6527);
#6525 = CARTESIAN_POINT('',(1.37500075,1.687301483822,5.025007741308));
#6526 = DIRECTION('',(-1.100986194907E-16,-0.89902345368,0.437900479257)
  );
#6527 = DIRECTION('',(5.362734202678E-17,0.437900479257,0.89902345368));
#6528 = ADVANCED_FACE('',(#6529),#6548,.T.);
#6529 = FACE_BOUND('',#6530,.T.);
#6530 = EDGE_LOOP('',(#6531,#6540,#6546,#6547));
#6531 = ORIENTED_EDGE('',*,*,#6532,.T.);
#6532 = EDGE_CURVE('',#6509,#6533,#6535,.T.);
#6533 = VERTEX_POINT('',#6534);
#6534 = CARTESIAN_POINT('',(1.62500075,1.429913402403,4.467679270219));
#6535 = CIRCLE('',#6536,5.E-02);
#6536 = AXIS2_PLACEMENT_3D('',#6537,#6538,#6539);
#6537 = CARTESIAN_POINT('',(1.62500075,1.478045627557,4.481217693382));
#6538 = DIRECTION('',(1.,-1.224646799147E-16,6.162975822039E-33));
#6539 = DIRECTION('',(-1.100986194907E-16,-0.89902345368,0.437900479257)
  );
#6540 = ORIENTED_EDGE('',*,*,#6541,.T.);
#6541 = EDGE_CURVE('',#6533,#1336,#6542,.T.);
#6542 = LINE('',#6543,#6544);
#6543 = CARTESIAN_POINT('',(1.62500075,1.429913402403,4.467679270219));
#6544 = VECTOR('',#6545,1.);
#6545 = DIRECTION('',(3.315957318415E-17,0.27076846326,-0.962644503077)
  );
#6546 = ORIENTED_EDGE('',*,*,#1335,.T.);
#6547 = ORIENTED_EDGE('',*,*,#6516,.T.);
#6548 = PLANE('',#6549);
#6549 = AXIS2_PLACEMENT_3D('',#6550,#6551,#6552);
#6550 = CARTESIAN_POINT('',(1.62500075,2.513052765254,4.741217693382));
#6551 = DIRECTION('',(1.,-1.224646799147E-16,0.));
#6552 = DIRECTION('',(1.499759782662E-32,1.224646799147E-16,-1.));
#6553 = ADVANCED_FACE('',(#6554),#6615,.T.);
#6554 = FACE_BOUND('',#6555,.T.);
#6555 = EDGE_LOOP('',(#6556,#6566,#6574,#6582,#6591,#6599,#6606,#6607,
    #6608,#6609));
#6556 = ORIENTED_EDGE('',*,*,#6557,.T.);
#6557 = EDGE_CURVE('',#6558,#6560,#6562,.T.);
#6558 = VERTEX_POINT('',#6559);
#6559 = CARTESIAN_POINT('',(1.62500075,1.378052765254,2.581217693382));
#6560 = VERTEX_POINT('',#6561);
#6561 = CARTESIAN_POINT('',(1.62500075,0.448052765254,2.581217693382));
#6562 = LINE('',#6563,#6564);
#6563 = CARTESIAN_POINT('',(1.62500075,1.378052765254,2.581217693382));
#6564 = VECTOR('',#6565,1.);
#6565 = DIRECTION('',(-1.224646799147E-16,-1.,-1.224646799147E-16));
#6566 = ORIENTED_EDGE('',*,*,#6567,.T.);
#6567 = EDGE_CURVE('',#6560,#6568,#6570,.T.);
#6568 = VERTEX_POINT('',#6569);
#6569 = CARTESIAN_POINT('',(1.62500075,0.448052765254,3.881217693382));
#6570 = LINE('',#6571,#6572);
#6571 = CARTESIAN_POINT('',(1.62500075,0.448052765254,2.581217693382));
#6572 = VECTOR('',#6573,1.);
#6573 = DIRECTION('',(-1.499759782662E-32,-1.224646799147E-16,1.));
#6574 = ORIENTED_EDGE('',*,*,#6575,.T.);
#6575 = EDGE_CURVE('',#6568,#6576,#6578,.T.);
#6576 = VERTEX_POINT('',#6577);
#6577 = CARTESIAN_POINT('',(1.62500075,0.602996800241,4.199322669419));
#6578 = LINE('',#6579,#6580);
#6579 = CARTESIAN_POINT('',(1.62500075,0.448052765254,3.881217693382));
#6580 = VECTOR('',#6581,1.);
#6581 = DIRECTION('',(5.362734202678E-17,0.437900479257,0.89902345368));
#6582 = ORIENTED_EDGE('',*,*,#6583,.T.);
#6583 = EDGE_CURVE('',#6576,#6584,#6586,.T.);
#6584 = VERTEX_POINT('',#6585);
#6585 = CARTESIAN_POINT('',(1.62500075,0.606177852711,4.234756116545));
#6586 = CIRCLE('',#6587,5.E-02);
#6587 = AXIS2_PLACEMENT_3D('',#6588,#6589,#6590);
#6588 = CARTESIAN_POINT('',(1.62500075,0.558045627557,4.221217693382));
#6589 = DIRECTION('',(1.,-1.224646799147E-16,6.162975822039E-33));
#6590 = DIRECTION('',(1.100986194907E-16,0.89902345368,-0.437900479257)
  );
#6591 = ORIENTED_EDGE('',*,*,#6592,.T.);
#6592 = EDGE_CURVE('',#6584,#6593,#6595,.T.);
#6593 = VERTEX_POINT('',#6594);
#6594 = CARTESIAN_POINT('',(1.62500075,0.398856079879,4.971832962871));
#6595 = LINE('',#6596,#6597);
#6596 = CARTESIAN_POINT('',(1.62500075,0.606177852711,4.234756116545));
#6597 = VECTOR('',#6598,1.);
#6598 = DIRECTION('',(-3.315957318415E-17,-0.27076846326,0.962644503077)
  );
#6599 = ORIENTED_EDGE('',*,*,#6600,.T.);
#6600 = EDGE_CURVE('',#6593,#5047,#6601,.T.);
#6601 = CIRCLE('',#6602,0.15);
#6602 = AXIS2_PLACEMENT_3D('',#6603,#6604,#6605);
#6603 = CARTESIAN_POINT('',(1.62500075,0.254459404418,4.931217693382));
#6604 = DIRECTION('',(1.,-1.224646799147E-16,0.));
#6605 = DIRECTION('',(1.17889950941E-16,0.962644503077,0.27076846326));
#6606 = ORIENTED_EDGE('',*,*,#5046,.F.);
#6607 = ORIENTED_EDGE('',*,*,#6143,.T.);
#6608 = ORIENTED_EDGE('',*,*,#5790,.T.);
#6609 = ORIENTED_EDGE('',*,*,#6610,.T.);
#6610 = EDGE_CURVE('',#5783,#6558,#6611,.T.);
#6611 = LINE('',#6612,#6613);
#6612 = CARTESIAN_POINT('',(1.62500075,1.378052765254,2.471217693382));
#6613 = VECTOR('',#6614,1.);
#6614 = DIRECTION('',(-1.499759782662E-32,-1.224646799147E-16,1.));
#6615 = PLANE('',#6616);
#6616 = AXIS2_PLACEMENT_3D('',#6617,#6618,#6619);
#6617 = CARTESIAN_POINT('',(1.62500075,2.513052765254,4.741217693382));
#6618 = DIRECTION('',(1.,-1.224646799147E-16,0.));
#6619 = DIRECTION('',(1.499759782662E-32,1.224646799147E-16,-1.));
#6620 = ADVANCED_FACE('',(#6621),#6662,.T.);
#6621 = FACE_BOUND('',#6622,.T.);
#6622 = EDGE_LOOP('',(#6623,#6631,#6639,#6647,#6655,#6661));
#6623 = ORIENTED_EDGE('',*,*,#6624,.T.);
#6624 = EDGE_CURVE('',#633,#6625,#6627,.T.);
#6625 = VERTEX_POINT('',#6626);
#6626 = CARTESIAN_POINT('',(1.62500075,1.748052765254,-3.128782306618));
#6627 = LINE('',#6628,#6629);
#6628 = CARTESIAN_POINT('',(1.62500075,1.748052765254,
    -2.878230661791E-02));
#6629 = VECTOR('',#6630,1.);
#6630 = DIRECTION('',(1.499759782662E-32,1.224646799147E-16,-1.));
#6631 = ORIENTED_EDGE('',*,*,#6632,.T.);
#6632 = EDGE_CURVE('',#6625,#6633,#6635,.T.);
#6633 = VERTEX_POINT('',#6634);
#6634 = CARTESIAN_POINT('',(1.62500075,1.898052765254,-3.428782306618));
#6635 = LINE('',#6636,#6637);
#6636 = CARTESIAN_POINT('',(1.62500075,1.748052765254,-3.128782306618));
#6637 = VECTOR('',#6638,1.);
#6638 = DIRECTION('',(5.476786982643E-17,0.4472135955,-0.894427191));
#6639 = ORIENTED_EDGE('',*,*,#6640,.T.);
#6640 = EDGE_CURVE('',#6633,#6641,#6643,.T.);
#6641 = VERTEX_POINT('',#6642);
#6642 = CARTESIAN_POINT('',(1.62500075,2.088052765254,-3.428782306618));
#6643 = LINE('',#6644,#6645);
#6644 = CARTESIAN_POINT('',(1.62500075,1.898052765254,-3.428782306618));
#6645 = VECTOR('',#6646,1.);
#6646 = DIRECTION('',(1.224646799147E-16,1.,1.224646799147E-16));
#6647 = ORIENTED_EDGE('',*,*,#6648,.T.);
#6648 = EDGE_CURVE('',#6641,#6649,#6651,.T.);
#6649 = VERTEX_POINT('',#6650);
#6650 = CARTESIAN_POINT('',(1.62500075,2.248052765254,-3.128782306618));
#6651 = LINE('',#6652,#6653);
#6652 = CARTESIAN_POINT('',(1.62500075,2.088052765254,-3.428782306618));
#6653 = VECTOR('',#6654,1.);
#6654 = DIRECTION('',(5.763043760693E-17,0.470588235294,0.882352941176)
  );
#6655 = ORIENTED_EDGE('',*,*,#6656,.T.);
#6656 = EDGE_CURVE('',#6649,#641,#6657,.T.);
#6657 = LINE('',#6658,#6659);
#6658 = CARTESIAN_POINT('',(1.62500075,2.248052765254,-3.128782306618));
#6659 = VECTOR('',#6660,1.);
#6660 = DIRECTION('',(-1.499759782662E-32,-1.224646799147E-16,1.));
#6661 = ORIENTED_EDGE('',*,*,#640,.F.);
#6662 = PLANE('',#6663);
#6663 = AXIS2_PLACEMENT_3D('',#6664,#6665,#6666);
#6664 = CARTESIAN_POINT('',(1.62500075,2.513052765254,4.741217693382));
#6665 = DIRECTION('',(1.,-1.224646799147E-16,0.));
#6666 = DIRECTION('',(1.499759782662E-32,1.224646799147E-16,-1.));
#6667 = ADVANCED_FACE('',(#6668),#6679,.T.);
#6668 = FACE_BOUND('',#6669,.T.);
#6669 = EDGE_LOOP('',(#6670,#6671,#6672,#6678));
#6670 = ORIENTED_EDGE('',*,*,#1343,.T.);
#6671 = ORIENTED_EDGE('',*,*,#6541,.F.);
#6672 = ORIENTED_EDGE('',*,*,#6673,.F.);
#6673 = EDGE_CURVE('',#6364,#6533,#6674,.T.);
#6674 = LINE('',#6675,#6676);
#6675 = CARTESIAN_POINT('',(1.37500075,1.429913402403,4.467679270219));
#6676 = VECTOR('',#6677,1.);
#6677 = DIRECTION('',(1.,-1.224646799147E-16,0.));
#6678 = ORIENTED_EDGE('',*,*,#6363,.T.);
#6679 = PLANE('',#6680);
#6680 = AXIS2_PLACEMENT_3D('',#6681,#6682,#6683);
#6681 = CARTESIAN_POINT('',(1.37500075,1.429913402403,4.467679270219));
#6682 = DIRECTION('',(-1.17889950941E-16,-0.962644503077,-0.27076846326)
  );
#6683 = DIRECTION('',(1.,-1.224646799147E-16,0.));
#6684 = ADVANCED_FACE('',(#6685),#6691,.T.);
#6685 = FACE_BOUND('',#6686,.T.);
#6686 = EDGE_LOOP('',(#6687,#6688,#6689,#6690));
#6687 = ORIENTED_EDGE('',*,*,#6673,.T.);
#6688 = ORIENTED_EDGE('',*,*,#6532,.F.);
#6689 = ORIENTED_EDGE('',*,*,#6508,.F.);
#6690 = ORIENTED_EDGE('',*,*,#6371,.T.);
#6691 = CYLINDRICAL_SURFACE('',#6692,5.E-02);
#6692 = AXIS2_PLACEMENT_3D('',#6693,#6694,#6695);
#6693 = CARTESIAN_POINT('',(1.37500075,1.478045627557,4.481217693382));
#6694 = DIRECTION('',(-1.,1.224646799147E-16,0.));
#6695 = DIRECTION('',(1.499759782662E-32,1.224646799147E-16,-1.));
#6696 = ADVANCED_FACE('',(#6697),#6708,.T.);
#6697 = FACE_BOUND('',#6698,.T.);
#6698 = EDGE_LOOP('',(#6699,#6705,#6706,#6707));
#6699 = ORIENTED_EDGE('',*,*,#6700,.T.);
#6700 = EDGE_CURVE('',#6440,#6558,#6701,.T.);
#6701 = LINE('',#6702,#6703);
#6702 = CARTESIAN_POINT('',(1.37500075,1.378052765254,2.581217693382));
#6703 = VECTOR('',#6704,1.);
#6704 = DIRECTION('',(1.,-1.224646799147E-16,0.));
#6705 = ORIENTED_EDGE('',*,*,#6610,.F.);
#6706 = ORIENTED_EDGE('',*,*,#5782,.F.);
#6707 = ORIENTED_EDGE('',*,*,#6447,.T.);
#6708 = PLANE('',#6709);
#6709 = AXIS2_PLACEMENT_3D('',#6710,#6711,#6712);
#6710 = CARTESIAN_POINT('',(1.37500075,1.378052765254,2.001217693382));
#6711 = DIRECTION('',(1.224646799147E-16,1.,1.224646799147E-16));
#6712 = DIRECTION('',(-1.,1.224646799147E-16,0.));
#6713 = ADVANCED_FACE('',(#6714),#6725,.T.);
#6714 = FACE_BOUND('',#6715,.T.);
#6715 = EDGE_LOOP('',(#6716,#6722,#6723,#6724));
#6716 = ORIENTED_EDGE('',*,*,#6717,.T.);
#6717 = EDGE_CURVE('',#6432,#6560,#6718,.T.);
#6718 = LINE('',#6719,#6720);
#6719 = CARTESIAN_POINT('',(1.37500075,0.448052765254,2.581217693382));
#6720 = VECTOR('',#6721,1.);
#6721 = DIRECTION('',(1.,-1.224646799147E-16,0.));
#6722 = ORIENTED_EDGE('',*,*,#6557,.F.);
#6723 = ORIENTED_EDGE('',*,*,#6700,.F.);
#6724 = ORIENTED_EDGE('',*,*,#6439,.T.);
#6725 = PLANE('',#6726);
#6726 = AXIS2_PLACEMENT_3D('',#6727,#6728,#6729);
#6727 = CARTESIAN_POINT('',(1.37500075,1.378052765254,2.581217693382));
#6728 = DIRECTION('',(-1.499759782662E-32,-1.224646799147E-16,1.));
#6729 = DIRECTION('',(-1.224646799147E-16,-1.,-1.224646799147E-16));
#6730 = ADVANCED_FACE('',(#6731),#6742,.T.);
#6731 = FACE_BOUND('',#6732,.T.);
#6732 = EDGE_LOOP('',(#6733,#6739,#6740,#6741));
#6733 = ORIENTED_EDGE('',*,*,#6734,.T.);
#6734 = EDGE_CURVE('',#6424,#6568,#6735,.T.);
#6735 = LINE('',#6736,#6737);
#6736 = CARTESIAN_POINT('',(1.37500075,0.448052765254,3.881217693382));
#6737 = VECTOR('',#6738,1.);
#6738 = DIRECTION('',(1.,-1.224646799147E-16,0.));
#6739 = ORIENTED_EDGE('',*,*,#6567,.F.);
#6740 = ORIENTED_EDGE('',*,*,#6717,.F.);
#6741 = ORIENTED_EDGE('',*,*,#6431,.T.);
#6742 = PLANE('',#6743);
#6743 = AXIS2_PLACEMENT_3D('',#6744,#6745,#6746);
#6744 = CARTESIAN_POINT('',(1.37500075,0.448052765254,2.581217693382));
#6745 = DIRECTION('',(1.224646799147E-16,1.,1.224646799147E-16));
#6746 = DIRECTION('',(-1.,1.224646799147E-16,0.));
#6747 = ADVANCED_FACE('',(#6748),#6759,.T.);
#6748 = FACE_BOUND('',#6749,.T.);
#6749 = EDGE_LOOP('',(#6750,#6756,#6757,#6758));
#6750 = ORIENTED_EDGE('',*,*,#6751,.T.);
#6751 = EDGE_CURVE('',#6415,#6576,#6752,.T.);
#6752 = LINE('',#6753,#6754);
#6753 = CARTESIAN_POINT('',(1.37500075,0.602996800241,4.199322669419));
#6754 = VECTOR('',#6755,1.);
#6755 = DIRECTION('',(1.,-1.224646799147E-16,0.));
#6756 = ORIENTED_EDGE('',*,*,#6575,.F.);
#6757 = ORIENTED_EDGE('',*,*,#6734,.F.);
#6758 = ORIENTED_EDGE('',*,*,#6423,.T.);
#6759 = PLANE('',#6760);
#6760 = AXIS2_PLACEMENT_3D('',#6761,#6762,#6763);
#6761 = CARTESIAN_POINT('',(1.37500075,0.448052765254,3.881217693382));
#6762 = DIRECTION('',(1.100986194907E-16,0.89902345368,-0.437900479257)
  );
#6763 = DIRECTION('',(-1.,1.224646799147E-16,0.));
#6764 = ADVANCED_FACE('',(#6765),#6776,.T.);
#6765 = FACE_BOUND('',#6766,.T.);
#6766 = EDGE_LOOP('',(#6767,#6773,#6774,#6775));
#6767 = ORIENTED_EDGE('',*,*,#6768,.T.);
#6768 = EDGE_CURVE('',#6407,#6584,#6769,.T.);
#6769 = LINE('',#6770,#6771);
#6770 = CARTESIAN_POINT('',(1.37500075,0.606177852711,4.234756116545));
#6771 = VECTOR('',#6772,1.);
#6772 = DIRECTION('',(1.,-1.224646799147E-16,0.));
#6773 = ORIENTED_EDGE('',*,*,#6583,.F.);
#6774 = ORIENTED_EDGE('',*,*,#6751,.F.);
#6775 = ORIENTED_EDGE('',*,*,#6414,.T.);
#6776 = CYLINDRICAL_SURFACE('',#6777,5.E-02);
#6777 = AXIS2_PLACEMENT_3D('',#6778,#6779,#6780);
#6778 = CARTESIAN_POINT('',(1.37500075,0.558045627557,4.221217693382));
#6779 = DIRECTION('',(-1.,1.224646799147E-16,0.));
#6780 = DIRECTION('',(1.499759782662E-32,1.224646799147E-16,-1.));
#6781 = ADVANCED_FACE('',(#6782),#6793,.T.);
#6782 = FACE_BOUND('',#6783,.T.);
#6783 = EDGE_LOOP('',(#6784,#6790,#6791,#6792));
#6784 = ORIENTED_EDGE('',*,*,#6785,.T.);
#6785 = EDGE_CURVE('',#6398,#6593,#6786,.T.);
#6786 = LINE('',#6787,#6788);
#6787 = CARTESIAN_POINT('',(1.37500075,0.398856079879,4.971832962871));
#6788 = VECTOR('',#6789,1.);
#6789 = DIRECTION('',(1.,-1.224646799147E-16,0.));
#6790 = ORIENTED_EDGE('',*,*,#6592,.F.);
#6791 = ORIENTED_EDGE('',*,*,#6768,.F.);
#6792 = ORIENTED_EDGE('',*,*,#6406,.T.);
#6793 = PLANE('',#6794);
#6794 = AXIS2_PLACEMENT_3D('',#6795,#6796,#6797);
#6795 = CARTESIAN_POINT('',(1.37500075,0.606177852711,4.234756116545));
#6796 = DIRECTION('',(1.17889950941E-16,0.962644503077,0.27076846326));
#6797 = DIRECTION('',(1.,-1.224646799147E-16,0.));
#6798 = ADVANCED_FACE('',(#6799),#6805,.T.);
#6799 = FACE_BOUND('',#6800,.T.);
#6800 = EDGE_LOOP('',(#6801,#6802,#6803,#6804));
#6801 = ORIENTED_EDGE('',*,*,#5054,.T.);
#6802 = ORIENTED_EDGE('',*,*,#6600,.F.);
#6803 = ORIENTED_EDGE('',*,*,#6785,.F.);
#6804 = ORIENTED_EDGE('',*,*,#6397,.T.);
#6805 = CYLINDRICAL_SURFACE('',#6806,0.15);
#6806 = AXIS2_PLACEMENT_3D('',#6807,#6808,#6809);
#6807 = CARTESIAN_POINT('',(1.37500075,0.254459404418,4.931217693382));
#6808 = DIRECTION('',(-1.,1.224646799147E-16,0.));
#6809 = DIRECTION('',(1.499759782662E-32,1.224646799147E-16,-1.));
#6810 = ADVANCED_FACE('',(#6811),#6822,.T.);
#6811 = FACE_BOUND('',#6812,.T.);
#6812 = EDGE_LOOP('',(#6813,#6814,#6820,#6821));
#6813 = ORIENTED_EDGE('',*,*,#6656,.F.);
#6814 = ORIENTED_EDGE('',*,*,#6815,.F.);
#6815 = EDGE_CURVE('',#6462,#6649,#6816,.T.);
#6816 = LINE('',#6817,#6818);
#6817 = CARTESIAN_POINT('',(1.37500075,2.248052765254,-3.128782306618));
#6818 = VECTOR('',#6819,1.);
#6819 = DIRECTION('',(1.,-1.224646799147E-16,0.));
#6820 = ORIENTED_EDGE('',*,*,#6461,.T.);
#6821 = ORIENTED_EDGE('',*,*,#648,.T.);
#6822 = PLANE('',#6823);
#6823 = AXIS2_PLACEMENT_3D('',#6824,#6825,#6826);
#6824 = CARTESIAN_POINT('',(1.37500075,2.248052765254,-3.128782306618));
#6825 = DIRECTION('',(1.224646799147E-16,1.,1.224646799147E-16));
#6826 = DIRECTION('',(-1.,1.224646799147E-16,0.));
#6827 = ADVANCED_FACE('',(#6828),#6839,.T.);
#6828 = FACE_BOUND('',#6829,.T.);
#6829 = EDGE_LOOP('',(#6830,#6831,#6832,#6838));
#6830 = ORIENTED_EDGE('',*,*,#6815,.T.);
#6831 = ORIENTED_EDGE('',*,*,#6648,.F.);
#6832 = ORIENTED_EDGE('',*,*,#6833,.F.);
#6833 = EDGE_CURVE('',#6470,#6641,#6834,.T.);
#6834 = LINE('',#6835,#6836);
#6835 = CARTESIAN_POINT('',(1.37500075,2.088052765254,-3.428782306618));
#6836 = VECTOR('',#6837,1.);
#6837 = DIRECTION('',(1.,-1.224646799147E-16,0.));
#6838 = ORIENTED_EDGE('',*,*,#6469,.T.);
#6839 = PLANE('',#6840);
#6840 = AXIS2_PLACEMENT_3D('',#6841,#6842,#6843);
#6841 = CARTESIAN_POINT('',(1.37500075,2.088052765254,-3.428782306618));
#6842 = DIRECTION('',(1.08057070513E-16,0.882352941176,-0.470588235294)
  );
#6843 = DIRECTION('',(-1.,1.224646799147E-16,0.));
#6844 = ADVANCED_FACE('',(#6845),#6856,.T.);
#6845 = FACE_BOUND('',#6846,.T.);
#6846 = EDGE_LOOP('',(#6847,#6848,#6849,#6855));
#6847 = ORIENTED_EDGE('',*,*,#6833,.T.);
#6848 = ORIENTED_EDGE('',*,*,#6640,.F.);
#6849 = ORIENTED_EDGE('',*,*,#6850,.F.);
#6850 = EDGE_CURVE('',#6478,#6633,#6851,.T.);
#6851 = LINE('',#6852,#6853);
#6852 = CARTESIAN_POINT('',(1.37500075,1.898052765254,-3.428782306618));
#6853 = VECTOR('',#6854,1.);
#6854 = DIRECTION('',(1.,-1.224646799147E-16,0.));
#6855 = ORIENTED_EDGE('',*,*,#6477,.T.);
#6856 = PLANE('',#6857);
#6857 = AXIS2_PLACEMENT_3D('',#6858,#6859,#6860);
#6858 = CARTESIAN_POINT('',(1.37500075,1.898052765254,-3.428782306618));
#6859 = DIRECTION('',(1.499759782662E-32,1.224646799147E-16,-1.));
#6860 = DIRECTION('',(-1.,1.224646799147E-16,0.));
#6861 = ADVANCED_FACE('',(#6862),#6873,.T.);
#6862 = FACE_BOUND('',#6863,.T.);
#6863 = EDGE_LOOP('',(#6864,#6865,#6866,#6872));
#6864 = ORIENTED_EDGE('',*,*,#6850,.T.);
#6865 = ORIENTED_EDGE('',*,*,#6632,.F.);
#6866 = ORIENTED_EDGE('',*,*,#6867,.F.);
#6867 = EDGE_CURVE('',#6486,#6625,#6868,.T.);
#6868 = LINE('',#6869,#6870);
#6869 = CARTESIAN_POINT('',(1.37500075,1.748052765254,-3.128782306618));
#6870 = VECTOR('',#6871,1.);
#6871 = DIRECTION('',(1.,-1.224646799147E-16,0.));
#6872 = ORIENTED_EDGE('',*,*,#6485,.T.);
#6873 = PLANE('',#6874);
#6874 = AXIS2_PLACEMENT_3D('',#6875,#6876,#6877);
#6875 = CARTESIAN_POINT('',(1.37500075,1.748052765254,-3.128782306618));
#6876 = DIRECTION('',(-1.095357396528E-16,-0.894427191,-0.4472135955));
#6877 = DIRECTION('',(1.,-1.224646799147E-16,0.));
#6878 = ADVANCED_FACE('',(#6879),#6885,.T.);
#6879 = FACE_BOUND('',#6880,.T.);
#6880 = EDGE_LOOP('',(#6881,#6882,#6883,#6884));
#6881 = ORIENTED_EDGE('',*,*,#6493,.T.);
#6882 = ORIENTED_EDGE('',*,*,#6867,.T.);
#6883 = ORIENTED_EDGE('',*,*,#6624,.F.);
#6884 = ORIENTED_EDGE('',*,*,#630,.F.);
#6885 = PLANE('',#6886);
#6886 = AXIS2_PLACEMENT_3D('',#6887,#6888,#6889);
#6887 = CARTESIAN_POINT('',(1.37500075,1.748052765254,
    -1.878230661791E-02));
#6888 = DIRECTION('',(-1.224646799147E-16,-1.,-1.224646799147E-16));
#6889 = DIRECTION('',(-1.499759782662E-32,-1.224646799147E-16,1.));
#6890 = ADVANCED_FACE('',(#6891),#6910,.T.);
#6891 = FACE_BOUND('',#6892,.T.);
#6892 = EDGE_LOOP('',(#6893,#6902,#6908,#6909));
#6893 = ORIENTED_EDGE('',*,*,#6894,.T.);
#6894 = EDGE_CURVE('',#1073,#6895,#6897,.T.);
#6895 = VERTEX_POINT('',#6896);
#6896 = CARTESIAN_POINT('',(0.12500075,1.429913402403,4.467679270219));
#6897 = CIRCLE('',#6898,5.E-02);
#6898 = AXIS2_PLACEMENT_3D('',#6899,#6900,#6901);
#6899 = CARTESIAN_POINT('',(0.12500075,1.478045627557,4.481217693382));
#6900 = DIRECTION('',(1.,-1.224646799147E-16,6.162975822039E-33));
#6901 = DIRECTION('',(-1.100986194907E-16,-0.89902345368,0.437900479257)
  );
#6902 = ORIENTED_EDGE('',*,*,#6903,.T.);
#6903 = EDGE_CURVE('',#6895,#1139,#6904,.T.);
#6904 = LINE('',#6905,#6906);
#6905 = CARTESIAN_POINT('',(0.12500075,1.429913402403,4.467679270219));
#6906 = VECTOR('',#6907,1.);
#6907 = DIRECTION('',(3.315957318415E-17,0.27076846326,-0.962644503077)
  );
#6908 = ORIENTED_EDGE('',*,*,#1138,.T.);
#6909 = ORIENTED_EDGE('',*,*,#1080,.T.);
#6910 = PLANE('',#6911);
#6911 = AXIS2_PLACEMENT_3D('',#6912,#6913,#6914);
#6912 = CARTESIAN_POINT('',(0.12500075,2.513052765254,4.741217693382));
#6913 = DIRECTION('',(1.,-1.224646799147E-16,0.));
#6914 = DIRECTION('',(1.499759782662E-32,1.224646799147E-16,-1.));
#6915 = ADVANCED_FACE('',(#6916),#6977,.T.);
#6916 = FACE_BOUND('',#6917,.T.);
#6917 = EDGE_LOOP('',(#6918,#6928,#6936,#6944,#6953,#6961,#6968,#6969,
    #6970,#6971));
#6918 = ORIENTED_EDGE('',*,*,#6919,.T.);
#6919 = EDGE_CURVE('',#6920,#6922,#6924,.T.);
#6920 = VERTEX_POINT('',#6921);
#6921 = CARTESIAN_POINT('',(0.12500075,1.378052765254,2.581217693382));
#6922 = VERTEX_POINT('',#6923);
#6923 = CARTESIAN_POINT('',(0.12500075,0.448052765254,2.581217693382));
#6924 = LINE('',#6925,#6926);
#6925 = CARTESIAN_POINT('',(0.12500075,1.378052765254,2.581217693382));
#6926 = VECTOR('',#6927,1.);
#6927 = DIRECTION('',(-1.224646799147E-16,-1.,-1.224646799147E-16));
#6928 = ORIENTED_EDGE('',*,*,#6929,.T.);
#6929 = EDGE_CURVE('',#6922,#6930,#6932,.T.);
#6930 = VERTEX_POINT('',#6931);
#6931 = CARTESIAN_POINT('',(0.12500075,0.448052765254,3.881217693382));
#6932 = LINE('',#6933,#6934);
#6933 = CARTESIAN_POINT('',(0.12500075,0.448052765254,2.581217693382));
#6934 = VECTOR('',#6935,1.);
#6935 = DIRECTION('',(-1.499759782662E-32,-1.224646799147E-16,1.));
#6936 = ORIENTED_EDGE('',*,*,#6937,.T.);
#6937 = EDGE_CURVE('',#6930,#6938,#6940,.T.);
#6938 = VERTEX_POINT('',#6939);
#6939 = CARTESIAN_POINT('',(0.12500075,0.602996800241,4.199322669419));
#6940 = LINE('',#6941,#6942);
#6941 = CARTESIAN_POINT('',(0.12500075,0.448052765254,3.881217693382));
#6942 = VECTOR('',#6943,1.);
#6943 = DIRECTION('',(5.362734202678E-17,0.437900479257,0.89902345368));
#6944 = ORIENTED_EDGE('',*,*,#6945,.T.);
#6945 = EDGE_CURVE('',#6938,#6946,#6948,.T.);
#6946 = VERTEX_POINT('',#6947);
#6947 = CARTESIAN_POINT('',(0.12500075,0.606177852711,4.234756116545));
#6948 = CIRCLE('',#6949,5.E-02);
#6949 = AXIS2_PLACEMENT_3D('',#6950,#6951,#6952);
#6950 = CARTESIAN_POINT('',(0.12500075,0.558045627557,4.221217693382));
#6951 = DIRECTION('',(1.,-1.224646799147E-16,6.162975822039E-33));
#6952 = DIRECTION('',(1.100986194907E-16,0.89902345368,-0.437900479257)
  );
#6953 = ORIENTED_EDGE('',*,*,#6954,.T.);
#6954 = EDGE_CURVE('',#6946,#6955,#6957,.T.);
#6955 = VERTEX_POINT('',#6956);
#6956 = CARTESIAN_POINT('',(0.12500075,0.398856079879,4.971832962871));
#6957 = LINE('',#6958,#6959);
#6958 = CARTESIAN_POINT('',(0.12500075,0.606177852711,4.234756116545));
#6959 = VECTOR('',#6960,1.);
#6960 = DIRECTION('',(-3.315957318415E-17,-0.27076846326,0.962644503077)
  );
#6961 = ORIENTED_EDGE('',*,*,#6962,.T.);
#6962 = EDGE_CURVE('',#6955,#5079,#6963,.T.);
#6963 = CIRCLE('',#6964,0.15);
#6964 = AXIS2_PLACEMENT_3D('',#6965,#6966,#6967);
#6965 = CARTESIAN_POINT('',(0.12500075,0.254459404418,4.931217693382));
#6966 = DIRECTION('',(1.,-1.224646799147E-16,0.));
#6967 = DIRECTION('',(1.17889950941E-16,0.962644503077,0.27076846326));
#6968 = ORIENTED_EDGE('',*,*,#5078,.F.);
#6969 = ORIENTED_EDGE('',*,*,#6114,.T.);
#6970 = ORIENTED_EDGE('',*,*,#5758,.T.);
#6971 = ORIENTED_EDGE('',*,*,#6972,.T.);
#6972 = EDGE_CURVE('',#5751,#6920,#6973,.T.);
#6973 = LINE('',#6974,#6975);
#6974 = CARTESIAN_POINT('',(0.12500075,1.378052765254,2.471217693382));
#6975 = VECTOR('',#6976,1.);
#6976 = DIRECTION('',(-1.499759782662E-32,-1.224646799147E-16,1.));
#6977 = PLANE('',#6978);
#6978 = AXIS2_PLACEMENT_3D('',#6979,#6980,#6981);
#6979 = CARTESIAN_POINT('',(0.12500075,2.513052765254,4.741217693382));
#6980 = DIRECTION('',(1.,-1.224646799147E-16,0.));
#6981 = DIRECTION('',(1.499759782662E-32,1.224646799147E-16,-1.));
#6982 = ADVANCED_FACE('',(#6983),#7024,.T.);
#6983 = FACE_BOUND('',#6984,.T.);
#6984 = EDGE_LOOP('',(#6985,#6993,#6994,#7002,#7010,#7018));
#6985 = ORIENTED_EDGE('',*,*,#6986,.T.);
#6986 = EDGE_CURVE('',#6987,#845,#6989,.T.);
#6987 = VERTEX_POINT('',#6988);
#6988 = CARTESIAN_POINT('',(0.12500075,0.218052765254,-0.401068864371));
#6989 = LINE('',#6990,#6991);
#6990 = CARTESIAN_POINT('',(0.12500075,0.218052765254,-0.401068864371));
#6991 = VECTOR('',#6992,1.);
#6992 = DIRECTION('',(-1.499759782662E-32,-1.224646799147E-16,1.));
#6993 = ORIENTED_EDGE('',*,*,#844,.F.);
#6994 = ORIENTED_EDGE('',*,*,#6995,.F.);
#6995 = EDGE_CURVE('',#6996,#837,#6998,.T.);
#6996 = VERTEX_POINT('',#6997);
#6997 = CARTESIAN_POINT('',(0.12500075,-0.247132042878,-0.751061086853)
  );
#6998 = LINE('',#6999,#7000);
#6999 = CARTESIAN_POINT('',(0.12500075,-0.247132042878,-0.751061086853)
  );
#7000 = VECTOR('',#7001,1.);
#7001 = DIRECTION('',(-8.164130571207E-19,-6.666518523456E-03,
    0.999977778518));
#7002 = ORIENTED_EDGE('',*,*,#7003,.T.);
#7003 = EDGE_CURVE('',#6996,#7004,#7006,.T.);
#7004 = VERTEX_POINT('',#7005);
#7005 = CARTESIAN_POINT('',(0.12500075,0.201857979677,-0.748067820036));
#7006 = LINE('',#7007,#7008);
#7007 = CARTESIAN_POINT('',(0.12500075,-0.247132042878,-0.751061086853)
  );
#7008 = VECTOR('',#7009,1.);
#7009 = DIRECTION('',(1.224619585681E-16,0.999977778518,
    6.666518523458E-03));
#7010 = ORIENTED_EDGE('',*,*,#7011,.T.);
#7011 = EDGE_CURVE('',#7004,#7012,#7014,.T.);
#7012 = VERTEX_POINT('',#7013);
#7013 = CARTESIAN_POINT('',(0.12500075,0.199544653306,-0.401068864371));
#7014 = LINE('',#7015,#7016);
#7015 = CARTESIAN_POINT('',(0.12500075,0.201857979677,-0.748067820036));
#7016 = VECTOR('',#7017,1.);
#7017 = DIRECTION('',(-8.164130571208E-19,-6.666518523457E-03,
    0.999977778518));
#7018 = ORIENTED_EDGE('',*,*,#7019,.T.);
#7019 = EDGE_CURVE('',#7012,#6987,#7020,.T.);
#7020 = LINE('',#7021,#7022);
#7021 = CARTESIAN_POINT('',(0.12500075,0.199544653306,-0.401068864371));
#7022 = VECTOR('',#7023,1.);
#7023 = DIRECTION('',(1.224646799147E-16,1.,1.224646799147E-16));
#7024 = PLANE('',#7025);
#7025 = AXIS2_PLACEMENT_3D('',#7026,#7027,#7028);
#7026 = CARTESIAN_POINT('',(0.12500075,2.513052765254,4.741217693382));
#7027 = DIRECTION('',(1.,-1.224646799147E-16,0.));
#7028 = DIRECTION('',(1.499759782662E-32,1.224646799147E-16,-1.));
#7029 = ADVANCED_FACE('',(#7030),#7041,.T.);
#7030 = FACE_BOUND('',#7031,.T.);
#7031 = EDGE_LOOP('',(#7032,#7033,#7034,#7040));
#7032 = ORIENTED_EDGE('',*,*,#1146,.T.);
#7033 = ORIENTED_EDGE('',*,*,#6903,.F.);
#7034 = ORIENTED_EDGE('',*,*,#7035,.F.);
#7035 = EDGE_CURVE('',#905,#6895,#7036,.T.);
#7036 = LINE('',#7037,#7038);
#7037 = CARTESIAN_POINT('',(-0.12499925,1.429913402403,4.467679270219));
#7038 = VECTOR('',#7039,1.);
#7039 = DIRECTION('',(1.,-1.224646799147E-16,0.));
#7040 = ORIENTED_EDGE('',*,*,#904,.T.);
#7041 = PLANE('',#7042);
#7042 = AXIS2_PLACEMENT_3D('',#7043,#7044,#7045);
#7043 = CARTESIAN_POINT('',(-0.12499925,1.429913402403,4.467679270219));
#7044 = DIRECTION('',(-1.17889950941E-16,-0.962644503077,-0.27076846326)
  );
#7045 = DIRECTION('',(1.,-1.224646799147E-16,0.));
#7046 = ADVANCED_FACE('',(#7047),#7053,.T.);
#7047 = FACE_BOUND('',#7048,.T.);
#7048 = EDGE_LOOP('',(#7049,#7050,#7051,#7052));
#7049 = ORIENTED_EDGE('',*,*,#7035,.T.);
#7050 = ORIENTED_EDGE('',*,*,#6894,.F.);
#7051 = ORIENTED_EDGE('',*,*,#1072,.F.);
#7052 = ORIENTED_EDGE('',*,*,#912,.T.);
#7053 = CYLINDRICAL_SURFACE('',#7054,5.E-02);
#7054 = AXIS2_PLACEMENT_3D('',#7055,#7056,#7057);
#7055 = CARTESIAN_POINT('',(-0.12499925,1.478045627557,4.481217693382));
#7056 = DIRECTION('',(-1.,1.224646799147E-16,0.));
#7057 = DIRECTION('',(1.499759782662E-32,1.224646799147E-16,-1.));
#7058 = ADVANCED_FACE('',(#7059),#7070,.T.);
#7059 = FACE_BOUND('',#7060,.T.);
#7060 = EDGE_LOOP('',(#7061,#7067,#7068,#7069));
#7061 = ORIENTED_EDGE('',*,*,#7062,.T.);
#7062 = EDGE_CURVE('',#1004,#6920,#7063,.T.);
#7063 = LINE('',#7064,#7065);
#7064 = CARTESIAN_POINT('',(-0.12499925,1.378052765254,2.581217693382));
#7065 = VECTOR('',#7066,1.);
#7066 = DIRECTION('',(1.,-1.224646799147E-16,0.));
#7067 = ORIENTED_EDGE('',*,*,#6972,.F.);
#7068 = ORIENTED_EDGE('',*,*,#5750,.F.);
#7069 = ORIENTED_EDGE('',*,*,#1011,.T.);
#7070 = PLANE('',#7071);
#7071 = AXIS2_PLACEMENT_3D('',#7072,#7073,#7074);
#7072 = CARTESIAN_POINT('',(-0.12499925,1.378052765254,2.001217693382));
#7073 = DIRECTION('',(1.224646799147E-16,1.,1.224646799147E-16));
#7074 = DIRECTION('',(-1.,1.224646799147E-16,0.));
#7075 = ADVANCED_FACE('',(#7076),#7087,.T.);
#7076 = FACE_BOUND('',#7077,.T.);
#7077 = EDGE_LOOP('',(#7078,#7084,#7085,#7086));
#7078 = ORIENTED_EDGE('',*,*,#7079,.T.);
#7079 = EDGE_CURVE('',#996,#6922,#7080,.T.);
#7080 = LINE('',#7081,#7082);
#7081 = CARTESIAN_POINT('',(-0.12499925,0.448052765254,2.581217693382));
#7082 = VECTOR('',#7083,1.);
#7083 = DIRECTION('',(1.,-1.224646799147E-16,0.));
#7084 = ORIENTED_EDGE('',*,*,#6919,.F.);
#7085 = ORIENTED_EDGE('',*,*,#7062,.F.);
#7086 = ORIENTED_EDGE('',*,*,#1003,.T.);
#7087 = PLANE('',#7088);
#7088 = AXIS2_PLACEMENT_3D('',#7089,#7090,#7091);
#7089 = CARTESIAN_POINT('',(-0.12499925,1.378052765254,2.581217693382));
#7090 = DIRECTION('',(-1.499759782662E-32,-1.224646799147E-16,1.));
#7091 = DIRECTION('',(-1.224646799147E-16,-1.,-1.224646799147E-16));
#7092 = ADVANCED_FACE('',(#7093),#7104,.T.);
#7093 = FACE_BOUND('',#7094,.T.);
#7094 = EDGE_LOOP('',(#7095,#7101,#7102,#7103));
#7095 = ORIENTED_EDGE('',*,*,#7096,.T.);
#7096 = EDGE_CURVE('',#988,#6930,#7097,.T.);
#7097 = LINE('',#7098,#7099);
#7098 = CARTESIAN_POINT('',(-0.12499925,0.448052765254,3.881217693382));
#7099 = VECTOR('',#7100,1.);
#7100 = DIRECTION('',(1.,-1.224646799147E-16,0.));
#7101 = ORIENTED_EDGE('',*,*,#6929,.F.);
#7102 = ORIENTED_EDGE('',*,*,#7079,.F.);
#7103 = ORIENTED_EDGE('',*,*,#995,.T.);
#7104 = PLANE('',#7105);
#7105 = AXIS2_PLACEMENT_3D('',#7106,#7107,#7108);
#7106 = CARTESIAN_POINT('',(-0.12499925,0.448052765254,2.581217693382));
#7107 = DIRECTION('',(1.224646799147E-16,1.,1.224646799147E-16));
#7108 = DIRECTION('',(-1.,1.224646799147E-16,0.));
#7109 = ADVANCED_FACE('',(#7110),#7121,.T.);
#7110 = FACE_BOUND('',#7111,.T.);
#7111 = EDGE_LOOP('',(#7112,#7118,#7119,#7120));
#7112 = ORIENTED_EDGE('',*,*,#7113,.T.);
#7113 = EDGE_CURVE('',#979,#6938,#7114,.T.);
#7114 = LINE('',#7115,#7116);
#7115 = CARTESIAN_POINT('',(-0.12499925,0.602996800241,4.199322669419));
#7116 = VECTOR('',#7117,1.);
#7117 = DIRECTION('',(1.,-1.224646799147E-16,0.));
#7118 = ORIENTED_EDGE('',*,*,#6937,.F.);
#7119 = ORIENTED_EDGE('',*,*,#7096,.F.);
#7120 = ORIENTED_EDGE('',*,*,#987,.T.);
#7121 = PLANE('',#7122);
#7122 = AXIS2_PLACEMENT_3D('',#7123,#7124,#7125);
#7123 = CARTESIAN_POINT('',(-0.12499925,0.448052765254,3.881217693382));
#7124 = DIRECTION('',(1.100986194907E-16,0.89902345368,-0.437900479257)
  );
#7125 = DIRECTION('',(-1.,1.224646799147E-16,0.));
#7126 = ADVANCED_FACE('',(#7127),#7138,.T.);
#7127 = FACE_BOUND('',#7128,.T.);
#7128 = EDGE_LOOP('',(#7129,#7135,#7136,#7137));
#7129 = ORIENTED_EDGE('',*,*,#7130,.T.);
#7130 = EDGE_CURVE('',#971,#6946,#7131,.T.);
#7131 = LINE('',#7132,#7133);
#7132 = CARTESIAN_POINT('',(-0.12499925,0.606177852711,4.234756116545));
#7133 = VECTOR('',#7134,1.);
#7134 = DIRECTION('',(1.,-1.224646799147E-16,0.));
#7135 = ORIENTED_EDGE('',*,*,#6945,.F.);
#7136 = ORIENTED_EDGE('',*,*,#7113,.F.);
#7137 = ORIENTED_EDGE('',*,*,#978,.T.);
#7138 = CYLINDRICAL_SURFACE('',#7139,5.E-02);
#7139 = AXIS2_PLACEMENT_3D('',#7140,#7141,#7142);
#7140 = CARTESIAN_POINT('',(-0.12499925,0.558045627557,4.221217693382));
#7141 = DIRECTION('',(-1.,1.224646799147E-16,0.));
#7142 = DIRECTION('',(1.499759782662E-32,1.224646799147E-16,-1.));
#7143 = ADVANCED_FACE('',(#7144),#7155,.T.);
#7144 = FACE_BOUND('',#7145,.T.);
#7145 = EDGE_LOOP('',(#7146,#7152,#7153,#7154));
#7146 = ORIENTED_EDGE('',*,*,#7147,.T.);
#7147 = EDGE_CURVE('',#962,#6955,#7148,.T.);
#7148 = LINE('',#7149,#7150);
#7149 = CARTESIAN_POINT('',(-0.12499925,0.398856079879,4.971832962871));
#7150 = VECTOR('',#7151,1.);
#7151 = DIRECTION('',(1.,-1.224646799147E-16,0.));
#7152 = ORIENTED_EDGE('',*,*,#6954,.F.);
#7153 = ORIENTED_EDGE('',*,*,#7130,.F.);
#7154 = ORIENTED_EDGE('',*,*,#970,.T.);
#7155 = PLANE('',#7156);
#7156 = AXIS2_PLACEMENT_3D('',#7157,#7158,#7159);
#7157 = CARTESIAN_POINT('',(-0.12499925,0.606177852711,4.234756116545));
#7158 = DIRECTION('',(1.17889950941E-16,0.962644503077,0.27076846326));
#7159 = DIRECTION('',(1.,-1.224646799147E-16,0.));
#7160 = ADVANCED_FACE('',(#7161),#7167,.T.);
#7161 = FACE_BOUND('',#7162,.T.);
#7162 = EDGE_LOOP('',(#7163,#7164,#7165,#7166));
#7163 = ORIENTED_EDGE('',*,*,#5086,.T.);
#7164 = ORIENTED_EDGE('',*,*,#6962,.F.);
#7165 = ORIENTED_EDGE('',*,*,#7147,.F.);
#7166 = ORIENTED_EDGE('',*,*,#961,.T.);
#7167 = CYLINDRICAL_SURFACE('',#7168,0.15);
#7168 = AXIS2_PLACEMENT_3D('',#7169,#7170,#7171);
#7169 = CARTESIAN_POINT('',(-0.12499925,0.254459404418,4.931217693382));
#7170 = DIRECTION('',(-1.,1.224646799147E-16,0.));
#7171 = DIRECTION('',(1.499759782662E-32,1.224646799147E-16,-1.));
#7172 = ADVANCED_FACE('',(#7173),#7189,.F.);
#7173 = FACE_BOUND('',#7174,.T.);
#7174 = EDGE_LOOP('',(#7175,#7176,#7182,#7183));
#7175 = ORIENTED_EDGE('',*,*,#1034,.T.);
#7176 = ORIENTED_EDGE('',*,*,#7177,.T.);
#7177 = EDGE_CURVE('',#1027,#6987,#7178,.T.);
#7178 = LINE('',#7179,#7180);
#7179 = CARTESIAN_POINT('',(-0.12499925,0.218052765254,-0.401068864371)
  );
#7180 = VECTOR('',#7181,1.);
#7181 = DIRECTION('',(1.,-1.224646799147E-16,0.));
#7182 = ORIENTED_EDGE('',*,*,#7019,.F.);
#7183 = ORIENTED_EDGE('',*,*,#7184,.T.);
#7184 = EDGE_CURVE('',#7012,#1035,#7185,.T.);
#7185 = LINE('',#7186,#7187);
#7186 = CARTESIAN_POINT('',(0.12500075,0.199544653306,-0.401068864371));
#7187 = VECTOR('',#7188,1.);
#7188 = DIRECTION('',(-1.,1.224646799147E-16,0.));
#7189 = PLANE('',#7190);
#7190 = AXIS2_PLACEMENT_3D('',#7191,#7192,#7193);
#7191 = CARTESIAN_POINT('',(0.25000075,-0.761947234746,-0.401068864371)
  );
#7192 = DIRECTION('',(-1.499759782662E-32,-1.224646799147E-16,1.));
#7193 = DIRECTION('',(-1.224646799147E-16,-1.,-1.224646799147E-16));
#7194 = ADVANCED_FACE('',(#7195),#7288,.F.);
#7195 = FACE_BOUND('',#7196,.T.);
#7196 = EDGE_LOOP('',(#7197,#7208,#7216,#7223,#7224,#7230,#7231,#7232,
    #7233,#7239,#7240,#7249,#7257,#7266,#7274,#7282));
#7197 = ORIENTED_EDGE('',*,*,#7198,.F.);
#7198 = EDGE_CURVE('',#7199,#7201,#7203,.T.);
#7199 = VERTEX_POINT('',#7200);
#7200 = CARTESIAN_POINT('',(-0.129628517084,0.217239092988,
    -3.055234816744));
#7201 = VERTEX_POINT('',#7202);
#7202 = CARTESIAN_POINT('',(-0.12499925,0.217524298207,-3.098015599554)
  );
#7203 = CIRCLE('',#7204,0.2);
#7204 = AXIS2_PLACEMENT_3D('',#7205,#7206,#7207);
#7205 = CARTESIAN_POINT('',(-0.32499925,0.217524298207,-3.098015599554)
  );
#7206 = DIRECTION('',(3.777360368939E-16,0.999977778518,
    6.666518523457E-03));
#7207 = DIRECTION('',(0.976853664579,-1.426026093687E-03,0.213903914053)
  );
#7208 = ORIENTED_EDGE('',*,*,#7209,.F.);
#7209 = EDGE_CURVE('',#7210,#7199,#7212,.T.);
#7210 = VERTEX_POINT('',#7211);
#7211 = CARTESIAN_POINT('',(-0.541898032603,0.204688003071,
    -1.172571329121));
#7212 = LINE('',#7213,#7214);
#7213 = CARTESIAN_POINT('',(-0.541898032603,0.204688003071,
    -1.172571329121));
#7214 = VECTOR('',#7215,1.);
#7215 = DIRECTION('',(0.21390866742,6.512213049626E-03,-0.976831957444)
  );
#7216 = ORIENTED_EDGE('',*,*,#7217,.F.);
#7217 = EDGE_CURVE('',#225,#7210,#7218,.T.);
#7218 = CIRCLE('',#7219,0.35);
#7219 = AXIS2_PLACEMENT_3D('',#7220,#7221,#7222);
#7220 = CARTESIAN_POINT('',(-0.19999925,0.204188893938,-1.097704959202)
  );
#7221 = DIRECTION('',(-2.797241605013E-16,-0.999977778518,
    -6.666518523457E-03));
#7222 = DIRECTION('',(-0.573576436351,-5.46089227678E-03,0.819133841517)
  );
#7223 = ORIENTED_EDGE('',*,*,#249,.F.);
#7224 = ORIENTED_EDGE('',*,*,#7225,.F.);
#7225 = EDGE_CURVE('',#1043,#242,#7226,.T.);
#7226 = LINE('',#7227,#7228);
#7227 = CARTESIAN_POINT('',(-0.12499925,0.200990387206,-0.617928949341)
  );
#7228 = VECTOR('',#7229,1.);
#7229 = DIRECTION('',(-0.819152044289,3.823757937552E-03,-0.573563690633
    ));
#7230 = ORIENTED_EDGE('',*,*,#1042,.F.);
#7231 = ORIENTED_EDGE('',*,*,#7184,.F.);
#7232 = ORIENTED_EDGE('',*,*,#7011,.F.);
#7233 = ORIENTED_EDGE('',*,*,#7234,.F.);
#7234 = EDGE_CURVE('',#192,#7004,#7235,.T.);
#7235 = LINE('',#7236,#7237);
#7236 = CARTESIAN_POINT('',(-0.257356893635,0.20364280471,
    -1.015791575051));
#7237 = VECTOR('',#7238,1.);
#7238 = DIRECTION('',(0.819152044289,-3.823757937552E-03,0.573563690633)
  );
#7239 = ORIENTED_EDGE('',*,*,#199,.F.);
#7240 = ORIENTED_EDGE('',*,*,#7241,.F.);
#7241 = EDGE_CURVE('',#7242,#200,#7244,.T.);
#7242 = VERTEX_POINT('',#7243);
#7243 = CARTESIAN_POINT('',(-0.297684616458,0.204331496548,
    -1.119095350608));
#7244 = CIRCLE('',#7245,0.1);
#7245 = AXIS2_PLACEMENT_3D('',#7246,#7247,#7248);
#7246 = CARTESIAN_POINT('',(-0.19999925,0.204188893938,-1.097704959202)
  );
#7247 = DIRECTION('',(-1.575562597056E-15,0.999977778518,
    6.666518523457E-03));
#7248 = DIRECTION('',(-0.976853664579,1.426026093685E-03,-0.213903914053
    ));
#7249 = ORIENTED_EDGE('',*,*,#7250,.F.);
#7250 = EDGE_CURVE('',#7251,#7242,#7253,.T.);
#7251 = VERTEX_POINT('',#7252);
#7252 = CARTESIAN_POINT('',(0.114584899061,0.216882586465,
    -3.001758838231));
#7253 = LINE('',#7254,#7255);
#7254 = CARTESIAN_POINT('',(0.114584899061,0.216882586465,
    -3.001758838231));
#7255 = VECTOR('',#7256,1.);
#7256 = DIRECTION('',(-0.21390866742,-6.512213049626E-03,0.976831957444)
  );
#7257 = ORIENTED_EDGE('',*,*,#7258,.F.);
#7258 = EDGE_CURVE('',#7259,#7251,#7261,.T.);
#7259 = VERTEX_POINT('',#7260);
#7260 = CARTESIAN_POINT('',(0.12500075,0.217524298207,-3.098015599554));
#7261 = CIRCLE('',#7262,0.45);
#7262 = AXIS2_PLACEMENT_3D('',#7263,#7264,#7265);
#7263 = CARTESIAN_POINT('',(-0.32499925,0.217524298207,-3.098015599554)
  );
#7264 = DIRECTION('',(-1.224619585681E-16,-0.999977778518,
    -6.666518523457E-03));
#7265 = DIRECTION('',(1.,-1.224646799147E-16,0.));
#7266 = ORIENTED_EDGE('',*,*,#7267,.F.);
#7267 = EDGE_CURVE('',#7268,#7259,#7270,.T.);
#7268 = VERTEX_POINT('',#7269);
#7269 = CARTESIAN_POINT('',(0.12500075,0.217857624133,-3.14801448848));
#7270 = LINE('',#7271,#7272);
#7271 = CARTESIAN_POINT('',(0.12500075,0.217857624133,-3.14801448848));
#7272 = VECTOR('',#7273,1.);
#7273 = DIRECTION('',(-8.164130571203E-19,-6.666518523453E-03,
    0.999977778518));
#7274 = ORIENTED_EDGE('',*,*,#7275,.T.);
#7275 = EDGE_CURVE('',#7268,#7276,#7278,.T.);
#7276 = VERTEX_POINT('',#7277);
#7277 = CARTESIAN_POINT('',(-0.12499925,0.217857624133,-3.14801448848));
#7278 = LINE('',#7279,#7280);
#7279 = CARTESIAN_POINT('',(0.12500075,0.217857624133,-3.14801448848));
#7280 = VECTOR('',#7281,1.);
#7281 = DIRECTION('',(-1.,1.224646799147E-16,0.));
#7282 = ORIENTED_EDGE('',*,*,#7283,.F.);
#7283 = EDGE_CURVE('',#7201,#7276,#7284,.T.);
#7284 = LINE('',#7285,#7286);
#7285 = CARTESIAN_POINT('',(-0.12499925,0.217524298207,-3.098015599554)
  );
#7286 = VECTOR('',#7287,1.);
#7287 = DIRECTION('',(8.164130571202E-19,6.666518523452E-03,
    -0.999977778518));
#7288 = PLANE('',#7289);
#7289 = AXIS2_PLACEMENT_3D('',#7290,#7291,#7292);
#7290 = CARTESIAN_POINT('',(-0.12499925,0.165367084507,4.72556645551));
#7291 = DIRECTION('',(-1.224619585681E-16,-0.999977778518,
    -6.666518523457E-03));
#7292 = DIRECTION('',(1.,-1.224646799147E-16,0.));
#7293 = ADVANCED_FACE('',(#7294),#7410,.F.);
#7294 = FACE_BOUND('',#7295,.T.);
#7295 = EDGE_LOOP('',(#7296,#7307,#7315,#7322,#7323,#7331,#7339,#7347,
    #7355,#7361,#7362,#7371,#7379,#7388,#7396,#7404));
#7296 = ORIENTED_EDGE('',*,*,#7297,.F.);
#7297 = EDGE_CURVE('',#7298,#7300,#7302,.T.);
#7298 = VERTEX_POINT('',#7299);
#7299 = CARTESIAN_POINT('',(14.885416600939,0.216882586465,
    -3.001758838231));
#7300 = VERTEX_POINT('',#7301);
#7301 = CARTESIAN_POINT('',(14.87500075,0.217524298207,-3.098015599554)
  );
#7302 = CIRCLE('',#7303,0.45);
#7303 = AXIS2_PLACEMENT_3D('',#7304,#7305,#7306);
#7304 = CARTESIAN_POINT('',(15.32500075,0.217524298207,-3.098015599554)
  );
#7305 = DIRECTION('',(-8.426419284557E-16,-0.999977778518,
    -6.666518523457E-03));
#7306 = DIRECTION('',(-0.976853664579,-1.426026093686E-03,0.213903914053
    ));
#7307 = ORIENTED_EDGE('',*,*,#7308,.F.);
#7308 = EDGE_CURVE('',#7309,#7298,#7311,.T.);
#7309 = VERTEX_POINT('',#7310);
#7310 = CARTESIAN_POINT('',(15.297686116458,0.204331496548,
    -1.119095350608));
#7311 = LINE('',#7312,#7313);
#7312 = CARTESIAN_POINT('',(15.297686116458,0.204331496548,
    -1.119095350608));
#7313 = VECTOR('',#7314,1.);
#7314 = DIRECTION('',(-0.21390866742,6.512213049626E-03,-0.976831957444)
  );
#7315 = ORIENTED_EDGE('',*,*,#7316,.F.);
#7316 = EDGE_CURVE('',#99,#7309,#7317,.T.);
#7317 = CIRCLE('',#7318,0.1);
#7318 = AXIS2_PLACEMENT_3D('',#7319,#7320,#7321);
#7319 = CARTESIAN_POINT('',(15.20000075,0.204188893938,-1.097704959202)
  );
#7320 = DIRECTION('',(5.390653201598E-16,0.999977778518,
    6.666518523458E-03));
#7321 = DIRECTION('',(0.573576436351,-5.460892276781E-03,0.819133841517)
  );
#7322 = ORIENTED_EDGE('',*,*,#96,.F.);
#7323 = ORIENTED_EDGE('',*,*,#7324,.F.);
#7324 = EDGE_CURVE('',#7325,#97,#7327,.T.);
#7325 = VERTEX_POINT('',#7326);
#7326 = CARTESIAN_POINT('',(14.87500075,0.201857979677,-0.748067820036)
  );
#7327 = LINE('',#7328,#7329);
#7328 = CARTESIAN_POINT('',(14.87500075,0.201857979677,-0.748067820036)
  );
#7329 = VECTOR('',#7330,1.);
#7330 = DIRECTION('',(0.819152044289,3.823757937552E-03,-0.573563690633)
  );
#7331 = ORIENTED_EDGE('',*,*,#7332,.F.);
#7332 = EDGE_CURVE('',#7333,#7325,#7335,.T.);
#7333 = VERTEX_POINT('',#7334);
#7334 = CARTESIAN_POINT('',(14.87500075,0.199544653306,-0.401068864371)
  );
#7335 = LINE('',#7336,#7337);
#7336 = CARTESIAN_POINT('',(14.87500075,0.199544653306,-0.401068864371)
  );
#7337 = VECTOR('',#7338,1.);
#7338 = DIRECTION('',(8.164130571205E-19,6.666518523454E-03,
    -0.999977778518));
#7339 = ORIENTED_EDGE('',*,*,#7340,.F.);
#7340 = EDGE_CURVE('',#7341,#7333,#7343,.T.);
#7341 = VERTEX_POINT('',#7342);
#7342 = CARTESIAN_POINT('',(15.12500075,0.199544653306,-0.401068864371)
  );
#7343 = LINE('',#7344,#7345);
#7344 = CARTESIAN_POINT('',(15.12500075,0.199544653306,-0.401068864371)
  );
#7345 = VECTOR('',#7346,1.);
#7346 = DIRECTION('',(-1.,1.224646799147E-16,0.));
#7347 = ORIENTED_EDGE('',*,*,#7348,.F.);
#7348 = EDGE_CURVE('',#7349,#7341,#7351,.T.);
#7349 = VERTEX_POINT('',#7350);
#7350 = CARTESIAN_POINT('',(15.12500075,0.200990387206,-0.617928949341)
  );
#7351 = LINE('',#7352,#7353);
#7352 = CARTESIAN_POINT('',(15.12500075,0.200990387206,-0.617928949341)
  );
#7353 = VECTOR('',#7354,1.);
#7354 = DIRECTION('',(-8.164130571207E-19,-6.666518523456E-03,
    0.999977778518));
#7355 = ORIENTED_EDGE('',*,*,#7356,.F.);
#7356 = EDGE_CURVE('',#149,#7349,#7357,.T.);
#7357 = LINE('',#7358,#7359);
#7358 = CARTESIAN_POINT('',(15.400752502723,0.202277581641,
    -0.811008114671));
#7359 = VECTOR('',#7360,1.);
#7360 = DIRECTION('',(-0.819152044289,-3.823757937552E-03,0.573563690633
    ));
#7361 = ORIENTED_EDGE('',*,*,#148,.F.);
#7362 = ORIENTED_EDGE('',*,*,#7363,.F.);
#7363 = EDGE_CURVE('',#7364,#139,#7366,.T.);
#7364 = VERTEX_POINT('',#7365);
#7365 = CARTESIAN_POINT('',(15.541899532603,0.204688003071,
    -1.172571329121));
#7366 = CIRCLE('',#7367,0.35);
#7367 = AXIS2_PLACEMENT_3D('',#7368,#7369,#7370);
#7368 = CARTESIAN_POINT('',(15.20000075,0.204188893938,-1.097704959202)
  );
#7369 = DIRECTION('',(1.331400267812E-16,-0.999977778518,
    -6.666518523457E-03));
#7370 = DIRECTION('',(0.976853664579,1.426026093687E-03,-0.213903914053)
  );
#7371 = ORIENTED_EDGE('',*,*,#7372,.F.);
#7372 = EDGE_CURVE('',#7373,#7364,#7375,.T.);
#7373 = VERTEX_POINT('',#7374);
#7374 = CARTESIAN_POINT('',(15.129630017084,0.217239092988,
    -3.055234816744));
#7375 = LINE('',#7376,#7377);
#7376 = CARTESIAN_POINT('',(15.129630017084,0.217239092988,
    -3.055234816744));
#7377 = VECTOR('',#7378,1.);
#7378 = DIRECTION('',(0.21390866742,-6.512213049626E-03,0.976831957444)
  );
#7379 = ORIENTED_EDGE('',*,*,#7380,.F.);
#7380 = EDGE_CURVE('',#7381,#7373,#7383,.T.);
#7381 = VERTEX_POINT('',#7382);
#7382 = CARTESIAN_POINT('',(15.12500075,0.217524298207,-3.098015599554)
  );
#7383 = CIRCLE('',#7384,0.2);
#7384 = AXIS2_PLACEMENT_3D('',#7385,#7386,#7387);
#7385 = CARTESIAN_POINT('',(15.32500075,0.217524298207,-3.098015599554)
  );
#7386 = DIRECTION('',(-1.53543424981E-15,0.999977778518,
    6.666518523457E-03));
#7387 = DIRECTION('',(-1.,1.224646799148E-16,-2.48689957516E-13));
#7388 = ORIENTED_EDGE('',*,*,#7389,.F.);
#7389 = EDGE_CURVE('',#7390,#7381,#7392,.T.);
#7390 = VERTEX_POINT('',#7391);
#7391 = CARTESIAN_POINT('',(15.12500075,0.217857624133,-3.14801448848));
#7392 = LINE('',#7393,#7394);
#7393 = CARTESIAN_POINT('',(15.12500075,0.217857624133,-3.14801448848));
#7394 = VECTOR('',#7395,1.);
#7395 = DIRECTION('',(-8.164130571206E-19,-6.666518523455E-03,
    0.999977778518));
#7396 = ORIENTED_EDGE('',*,*,#7397,.T.);
#7397 = EDGE_CURVE('',#7390,#7398,#7400,.T.);
#7398 = VERTEX_POINT('',#7399);
#7399 = CARTESIAN_POINT('',(14.87500075,0.217857624133,-3.14801448848));
#7400 = LINE('',#7401,#7402);
#7401 = CARTESIAN_POINT('',(15.12500075,0.217857624133,-3.14801448848));
#7402 = VECTOR('',#7403,1.);
#7403 = DIRECTION('',(-1.,1.224646799147E-16,0.));
#7404 = ORIENTED_EDGE('',*,*,#7405,.F.);
#7405 = EDGE_CURVE('',#7300,#7398,#7406,.T.);
#7406 = LINE('',#7407,#7408);
#7407 = CARTESIAN_POINT('',(14.87500075,0.217524298207,-3.098015599554)
  );
#7408 = VECTOR('',#7409,1.);
#7409 = DIRECTION('',(8.164130571202E-19,6.666518523452E-03,
    -0.999977778518));
#7410 = PLANE('',#7411);
#7411 = AXIS2_PLACEMENT_3D('',#7412,#7413,#7414);
#7412 = CARTESIAN_POINT('',(-0.12499925,0.165367084507,4.72556645551));
#7413 = DIRECTION('',(-1.224619585681E-16,-0.999977778518,
    -6.666518523457E-03));
#7414 = DIRECTION('',(1.,-1.224646799147E-16,0.));
#7415 = ADVANCED_FACE('',(#7416),#7457,.T.);
#7416 = FACE_BOUND('',#7417,.T.);
#7417 = EDGE_LOOP('',(#7418,#7428,#7434,#7435,#7443,#7451));
#7418 = ORIENTED_EDGE('',*,*,#7419,.F.);
#7419 = EDGE_CURVE('',#7420,#7422,#7424,.T.);
#7420 = VERTEX_POINT('',#7421);
#7421 = CARTESIAN_POINT('',(-0.12499925,-0.231465724348,-3.101008866371)
  );
#7422 = VERTEX_POINT('',#7423);
#7423 = CARTESIAN_POINT('',(-0.12499925,-0.230799072495,-3.201006644223)
  );
#7424 = LINE('',#7425,#7426);
#7425 = CARTESIAN_POINT('',(-0.12499925,-0.231465724348,-3.101008866371)
  );
#7426 = VECTOR('',#7427,1.);
#7427 = DIRECTION('',(8.164130571203E-19,6.666518523453E-03,
    -0.999977778518));
#7428 = ORIENTED_EDGE('',*,*,#7429,.T.);
#7429 = EDGE_CURVE('',#7420,#7201,#7430,.T.);
#7430 = LINE('',#7431,#7432);
#7431 = CARTESIAN_POINT('',(-0.12499925,-0.231465724348,-3.101008866371)
  );
#7432 = VECTOR('',#7433,1.);
#7433 = DIRECTION('',(1.224619585681E-16,0.999977778518,
    6.666518523456E-03));
#7434 = ORIENTED_EDGE('',*,*,#7283,.T.);
#7435 = ORIENTED_EDGE('',*,*,#7436,.T.);
#7436 = EDGE_CURVE('',#7276,#7437,#7439,.T.);
#7437 = VERTEX_POINT('',#7438);
#7438 = CARTESIAN_POINT('',(-0.12499925,7.019423883929E-02,
    -3.49900668874));
#7439 = LINE('',#7440,#7441);
#7440 = CARTESIAN_POINT('',(-0.12499925,0.217857624133,-3.14801448848));
#7441 = VECTOR('',#7442,1.);
#7442 = DIRECTION('',(-4.748972681789E-17,-0.38778304774,-0.921750675554
    ));
#7443 = ORIENTED_EDGE('',*,*,#7444,.F.);
#7444 = EDGE_CURVE('',#7445,#7437,#7447,.T.);
#7445 = VERTEX_POINT('',#7446);
#7446 = CARTESIAN_POINT('',(-0.12499925,-7.880245015971E-02,-3.5));
#7447 = LINE('',#7448,#7449);
#7448 = CARTESIAN_POINT('',(-0.12499925,-7.880245015971E-02,-3.5));
#7449 = VECTOR('',#7450,1.);
#7450 = DIRECTION('',(1.224619585681E-16,0.999977778518,
    6.666518523456E-03));
#7451 = ORIENTED_EDGE('',*,*,#7452,.T.);
#7452 = EDGE_CURVE('',#7445,#7422,#7453,.T.);
#7453 = LINE('',#7454,#7455);
#7454 = CARTESIAN_POINT('',(-0.12499925,-7.880245015971E-02,-3.5));
#7455 = VECTOR('',#7456,1.);
#7456 = DIRECTION('',(-5.549687484059E-17,-0.453166373188,0.891425957784
    ));
#7457 = PLANE('',#7458);
#7458 = AXIS2_PLACEMENT_3D('',#7459,#7460,#7461);
#7459 = CARTESIAN_POINT('',(-0.12499925,-0.231465724348,-3.101008866371)
  );
#7460 = DIRECTION('',(-1.,1.224646799147E-16,0.));
#7461 = DIRECTION('',(1.224646799147E-16,1.,1.224646799147E-16));
#7462 = ADVANCED_FACE('',(#7463),#7488,.T.);
#7463 = FACE_BOUND('',#7464,.T.);
#7464 = EDGE_LOOP('',(#7465,#7473,#7474,#7482));
#7465 = ORIENTED_EDGE('',*,*,#7466,.F.);
#7466 = EDGE_CURVE('',#7422,#7467,#7469,.T.);
#7467 = VERTEX_POINT('',#7468);
#7468 = CARTESIAN_POINT('',(0.12500075,-0.230799072495,-3.201006644223)
  );
#7469 = LINE('',#7470,#7471);
#7470 = CARTESIAN_POINT('',(-0.12499925,-0.230799072495,-3.201006644223)
  );
#7471 = VECTOR('',#7472,1.);
#7472 = DIRECTION('',(1.,-1.224646799147E-16,0.));
#7473 = ORIENTED_EDGE('',*,*,#7452,.F.);
#7474 = ORIENTED_EDGE('',*,*,#7475,.T.);
#7475 = EDGE_CURVE('',#7445,#7476,#7478,.T.);
#7476 = VERTEX_POINT('',#7477);
#7477 = CARTESIAN_POINT('',(0.12500075,-7.880245015971E-02,-3.5));
#7478 = LINE('',#7479,#7480);
#7479 = CARTESIAN_POINT('',(-0.12499925,-7.880245015971E-02,-3.5));
#7480 = VECTOR('',#7481,1.);
#7481 = DIRECTION('',(1.,-1.224646799147E-16,0.));
#7482 = ORIENTED_EDGE('',*,*,#7483,.F.);
#7483 = EDGE_CURVE('',#7467,#7476,#7484,.T.);
#7484 = LINE('',#7485,#7486);
#7485 = CARTESIAN_POINT('',(0.12500075,-0.230799072495,-3.201006644223)
  );
#7486 = VECTOR('',#7487,1.);
#7487 = DIRECTION('',(5.549687484059E-17,0.453166373188,-0.891425957784)
  );
#7488 = PLANE('',#7489);
#7489 = AXIS2_PLACEMENT_3D('',#7490,#7491,#7492);
#7490 = CARTESIAN_POINT('',(7.499999927774E-07,-0.154800761328,
    -3.350503322112));
#7491 = DIRECTION('',(-1.091681945877E-16,-0.891425957784,
    -0.453166373188));
#7492 = DIRECTION('',(1.,-1.224646799147E-16,0.));
#7493 = ADVANCED_FACE('',(#7494),#7526,.T.);
#7494 = FACE_BOUND('',#7495,.T.);
#7495 = EDGE_LOOP('',(#7496,#7504,#7510,#7511,#7519,#7525));
#7496 = ORIENTED_EDGE('',*,*,#7497,.T.);
#7497 = EDGE_CURVE('',#7476,#7498,#7500,.T.);
#7498 = VERTEX_POINT('',#7499);
#7499 = CARTESIAN_POINT('',(0.12500075,7.019423883929E-02,-3.49900668874
    ));
#7500 = LINE('',#7501,#7502);
#7501 = CARTESIAN_POINT('',(0.12500075,-7.880245015971E-02,-3.5));
#7502 = VECTOR('',#7503,1.);
#7503 = DIRECTION('',(1.224619585681E-16,0.999977778518,
    6.666518523456E-03));
#7504 = ORIENTED_EDGE('',*,*,#7505,.T.);
#7505 = EDGE_CURVE('',#7498,#7268,#7506,.T.);
#7506 = LINE('',#7507,#7508);
#7507 = CARTESIAN_POINT('',(0.12500075,7.019423883929E-02,-3.49900668874
    ));
#7508 = VECTOR('',#7509,1.);
#7509 = DIRECTION('',(4.748972681789E-17,0.38778304774,0.921750675554));
#7510 = ORIENTED_EDGE('',*,*,#7267,.T.);
#7511 = ORIENTED_EDGE('',*,*,#7512,.F.);
#7512 = EDGE_CURVE('',#7513,#7259,#7515,.T.);
#7513 = VERTEX_POINT('',#7514);
#7514 = CARTESIAN_POINT('',(0.12500075,-0.231465724348,-3.101008866371)
  );
#7515 = LINE('',#7516,#7517);
#7516 = CARTESIAN_POINT('',(0.12500075,-0.231465724348,-3.101008866371)
  );
#7517 = VECTOR('',#7518,1.);
#7518 = DIRECTION('',(1.224619585681E-16,0.999977778518,
    6.666518523454E-03));
#7519 = ORIENTED_EDGE('',*,*,#7520,.F.);
#7520 = EDGE_CURVE('',#7467,#7513,#7521,.T.);
#7521 = LINE('',#7522,#7523);
#7522 = CARTESIAN_POINT('',(0.12500075,-0.230799072495,-3.201006644223)
  );
#7523 = VECTOR('',#7524,1.);
#7524 = DIRECTION('',(-8.164130571203E-19,-6.666518523453E-03,
    0.999977778518));
#7525 = ORIENTED_EDGE('',*,*,#7483,.T.);
#7526 = PLANE('',#7527);
#7527 = AXIS2_PLACEMENT_3D('',#7528,#7529,#7530);
#7528 = CARTESIAN_POINT('',(0.12500075,-0.228799116938,-3.500999977779)
  );
#7529 = DIRECTION('',(1.,-1.224646799147E-16,0.));
#7530 = DIRECTION('',(1.499759782662E-32,1.224646799147E-16,-1.));
#7531 = ADVANCED_FACE('',(#7532),#7602,.T.);
#7532 = FACE_BOUND('',#7533,.T.);
#7533 = EDGE_LOOP('',(#7534,#7535,#7544,#7552,#7559,#7560,#7566,#7567,
    #7568,#7569,#7575,#7576,#7585,#7593,#7600,#7601));
#7534 = ORIENTED_EDGE('',*,*,#7520,.T.);
#7535 = ORIENTED_EDGE('',*,*,#7536,.T.);
#7536 = EDGE_CURVE('',#7513,#7537,#7539,.T.);
#7537 = VERTEX_POINT('',#7538);
#7538 = CARTESIAN_POINT('',(0.114584899061,-0.23210743609,
    -3.004752105048));
#7539 = CIRCLE('',#7540,0.45);
#7540 = AXIS2_PLACEMENT_3D('',#7541,#7542,#7543);
#7541 = CARTESIAN_POINT('',(-0.32499925,-0.231465724348,-3.101008866371)
  );
#7542 = DIRECTION('',(-1.224619585681E-16,-0.999977778518,
    -6.666518523457E-03));
#7543 = DIRECTION('',(1.,-1.224646799147E-16,0.));
#7544 = ORIENTED_EDGE('',*,*,#7545,.T.);
#7545 = EDGE_CURVE('',#7537,#7546,#7548,.T.);
#7546 = VERTEX_POINT('',#7547);
#7547 = CARTESIAN_POINT('',(-0.297684616458,-0.244658526007,
    -1.122088617425));
#7548 = LINE('',#7549,#7550);
#7549 = CARTESIAN_POINT('',(0.114584899061,-0.23210743609,
    -3.004752105048));
#7550 = VECTOR('',#7551,1.);
#7551 = DIRECTION('',(-0.21390866742,-6.512213049626E-03,0.976831957444)
  );
#7552 = ORIENTED_EDGE('',*,*,#7553,.T.);
#7553 = EDGE_CURVE('',#7546,#181,#7554,.T.);
#7554 = CIRCLE('',#7555,0.1);
#7555 = AXIS2_PLACEMENT_3D('',#7556,#7557,#7558);
#7556 = CARTESIAN_POINT('',(-0.19999925,-0.244801128617,-1.100698226019)
  );
#7557 = DIRECTION('',(-1.575562597056E-15,0.999977778518,
    6.666518523457E-03));
#7558 = DIRECTION('',(-0.976853664579,1.426026093685E-03,-0.213903914053
    ));
#7559 = ORIENTED_EDGE('',*,*,#180,.T.);
#7560 = ORIENTED_EDGE('',*,*,#7561,.T.);
#7561 = EDGE_CURVE('',#183,#6996,#7562,.T.);
#7562 = LINE('',#7563,#7564);
#7563 = CARTESIAN_POINT('',(-0.257356893635,-0.245347217844,
    -1.018784841868));
#7564 = VECTOR('',#7565,1.);
#7565 = DIRECTION('',(0.819152044289,-3.823757937552E-03,0.573563690633)
  );
#7566 = ORIENTED_EDGE('',*,*,#6995,.T.);
#7567 = ORIENTED_EDGE('',*,*,#834,.F.);
#7568 = ORIENTED_EDGE('',*,*,#1058,.T.);
#7569 = ORIENTED_EDGE('',*,*,#7570,.T.);
#7570 = EDGE_CURVE('',#1051,#233,#7571,.T.);
#7571 = LINE('',#7572,#7573);
#7572 = CARTESIAN_POINT('',(-0.12499925,-0.247999635349,-0.620922216158)
  );
#7573 = VECTOR('',#7574,1.);
#7574 = DIRECTION('',(-0.819152044289,3.823757937553E-03,-0.573563690633
    ));
#7575 = ORIENTED_EDGE('',*,*,#232,.T.);
#7576 = ORIENTED_EDGE('',*,*,#7577,.T.);
#7577 = EDGE_CURVE('',#223,#7578,#7580,.T.);
#7578 = VERTEX_POINT('',#7579);
#7579 = CARTESIAN_POINT('',(-0.541898032603,-0.244302019484,
    -1.175564595938));
#7580 = CIRCLE('',#7581,0.35);
#7581 = AXIS2_PLACEMENT_3D('',#7582,#7583,#7584);
#7582 = CARTESIAN_POINT('',(-0.19999925,-0.244801128617,-1.100698226019)
  );
#7583 = DIRECTION('',(-2.797241605013E-16,-0.999977778518,
    -6.666518523457E-03));
#7584 = DIRECTION('',(-0.573576436351,-5.46089227678E-03,0.819133841517)
  );
#7585 = ORIENTED_EDGE('',*,*,#7586,.T.);
#7586 = EDGE_CURVE('',#7578,#7587,#7589,.T.);
#7587 = VERTEX_POINT('',#7588);
#7588 = CARTESIAN_POINT('',(-0.129628517084,-0.231750929566,
    -3.058228083561));
#7589 = LINE('',#7590,#7591);
#7590 = CARTESIAN_POINT('',(-0.541898032603,-0.244302019484,
    -1.175564595938));
#7591 = VECTOR('',#7592,1.);
#7592 = DIRECTION('',(0.21390866742,6.512213049626E-03,-0.976831957444)
  );
#7593 = ORIENTED_EDGE('',*,*,#7594,.T.);
#7594 = EDGE_CURVE('',#7587,#7420,#7595,.T.);
#7595 = CIRCLE('',#7596,0.2);
#7596 = AXIS2_PLACEMENT_3D('',#7597,#7598,#7599);
#7597 = CARTESIAN_POINT('',(-0.32499925,-0.231465724348,-3.101008866371)
  );
#7598 = DIRECTION('',(3.777360368939E-16,0.999977778518,
    6.666518523457E-03));
#7599 = DIRECTION('',(0.976853664579,-1.426026093687E-03,0.213903914053)
  );
#7600 = ORIENTED_EDGE('',*,*,#7419,.T.);
#7601 = ORIENTED_EDGE('',*,*,#7466,.T.);
#7602 = PLANE('',#7603);
#7603 = AXIS2_PLACEMENT_3D('',#7604,#7605,#7606);
#7604 = CARTESIAN_POINT('',(-0.12499925,-0.251947234746,
    -2.878230661791E-02));
#7605 = DIRECTION('',(-1.224619585681E-16,-0.999977778518,
    -6.666518523457E-03));
#7606 = DIRECTION('',(1.,-1.224646799147E-16,0.));
#7607 = ADVANCED_FACE('',(#7608),#7715,.T.);
#7608 = FACE_BOUND('',#7609,.T.);
#7609 = EDGE_LOOP('',(#7610,#7620,#7629,#7637,#7644,#7645,#7653,#7659,
    #7660,#7668,#7674,#7675,#7684,#7692,#7701,#7709));
#7610 = ORIENTED_EDGE('',*,*,#7611,.T.);
#7611 = EDGE_CURVE('',#7612,#7614,#7616,.T.);
#7612 = VERTEX_POINT('',#7613);
#7613 = CARTESIAN_POINT('',(15.12500075,-0.230799072495,-3.201006644223)
  );
#7614 = VERTEX_POINT('',#7615);
#7615 = CARTESIAN_POINT('',(15.12500075,-0.231465724348,-3.101008866371)
  );
#7616 = LINE('',#7617,#7618);
#7617 = CARTESIAN_POINT('',(15.12500075,-0.230799072495,-3.201006644223)
  );
#7618 = VECTOR('',#7619,1.);
#7619 = DIRECTION('',(-8.164130571205E-19,-6.666518523454E-03,
    0.999977778518));
#7620 = ORIENTED_EDGE('',*,*,#7621,.T.);
#7621 = EDGE_CURVE('',#7614,#7622,#7624,.T.);
#7622 = VERTEX_POINT('',#7623);
#7623 = CARTESIAN_POINT('',(15.129630017084,-0.231750929566,
    -3.058228083561));
#7624 = CIRCLE('',#7625,0.2);
#7625 = AXIS2_PLACEMENT_3D('',#7626,#7627,#7628);
#7626 = CARTESIAN_POINT('',(15.32500075,-0.231465724348,-3.101008866371)
  );
#7627 = DIRECTION('',(-1.53543424981E-15,0.999977778518,
    6.666518523457E-03));
#7628 = DIRECTION('',(-1.,1.224646799148E-16,-2.48689957516E-13));
#7629 = ORIENTED_EDGE('',*,*,#7630,.T.);
#7630 = EDGE_CURVE('',#7622,#7631,#7633,.T.);
#7631 = VERTEX_POINT('',#7632);
#7632 = CARTESIAN_POINT('',(15.541899532603,-0.244302019484,
    -1.175564595938));
#7633 = LINE('',#7634,#7635);
#7634 = CARTESIAN_POINT('',(15.129630017084,-0.231750929566,
    -3.058228083561));
#7635 = VECTOR('',#7636,1.);
#7636 = DIRECTION('',(0.21390866742,-6.512213049626E-03,0.976831957444)
  );
#7637 = ORIENTED_EDGE('',*,*,#7638,.T.);
#7638 = EDGE_CURVE('',#7631,#141,#7639,.T.);
#7639 = CIRCLE('',#7640,0.35);
#7640 = AXIS2_PLACEMENT_3D('',#7641,#7642,#7643);
#7641 = CARTESIAN_POINT('',(15.20000075,-0.244801128617,-1.100698226019)
  );
#7642 = DIRECTION('',(1.331400267812E-16,-0.999977778518,
    -6.666518523457E-03));
#7643 = DIRECTION('',(0.976853664579,1.426026093687E-03,-0.213903914053)
  );
#7644 = ORIENTED_EDGE('',*,*,#165,.T.);
#7645 = ORIENTED_EDGE('',*,*,#7646,.T.);
#7646 = EDGE_CURVE('',#158,#7647,#7649,.T.);
#7647 = VERTEX_POINT('',#7648);
#7648 = CARTESIAN_POINT('',(15.12500075,-0.247999635349,-0.620922216158)
  );
#7649 = LINE('',#7650,#7651);
#7650 = CARTESIAN_POINT('',(15.400752502723,-0.246712440914,
    -0.814001381488));
#7651 = VECTOR('',#7652,1.);
#7652 = DIRECTION('',(-0.819152044289,-3.823757937552E-03,0.573563690633
    ));
#7653 = ORIENTED_EDGE('',*,*,#7654,.T.);
#7654 = EDGE_CURVE('',#7647,#599,#7655,.T.);
#7655 = LINE('',#7656,#7657);
#7656 = CARTESIAN_POINT('',(15.12500075,-0.247999635349,-0.620922216158)
  );
#7657 = VECTOR('',#7658,1.);
#7658 = DIRECTION('',(-8.164130571206E-19,-6.666518523455E-03,
    0.999977778518));
#7659 = ORIENTED_EDGE('',*,*,#596,.F.);
#7660 = ORIENTED_EDGE('',*,*,#7661,.T.);
#7661 = EDGE_CURVE('',#597,#7662,#7664,.T.);
#7662 = VERTEX_POINT('',#7663);
#7663 = CARTESIAN_POINT('',(14.87500075,-0.247132042878,-0.751061086853)
  );
#7664 = LINE('',#7665,#7666);
#7665 = CARTESIAN_POINT('',(14.87500075,-0.251947234746,
    -2.878230661791E-02));
#7666 = VECTOR('',#7667,1.);
#7667 = DIRECTION('',(8.164130571207E-19,6.666518523456E-03,
    -0.999977778518));
#7668 = ORIENTED_EDGE('',*,*,#7669,.T.);
#7669 = EDGE_CURVE('',#7662,#108,#7670,.T.);
#7670 = LINE('',#7671,#7672);
#7671 = CARTESIAN_POINT('',(14.87500075,-0.247132042878,-0.751061086853)
  );
#7672 = VECTOR('',#7673,1.);
#7673 = DIRECTION('',(0.819152044289,3.823757937552E-03,-0.573563690633)
  );
#7674 = ORIENTED_EDGE('',*,*,#115,.T.);
#7675 = ORIENTED_EDGE('',*,*,#7676,.T.);
#7676 = EDGE_CURVE('',#116,#7677,#7679,.T.);
#7677 = VERTEX_POINT('',#7678);
#7678 = CARTESIAN_POINT('',(15.297686116458,-0.244658526007,
    -1.122088617425));
#7679 = CIRCLE('',#7680,0.1);
#7680 = AXIS2_PLACEMENT_3D('',#7681,#7682,#7683);
#7681 = CARTESIAN_POINT('',(15.20000075,-0.244801128617,-1.100698226019)
  );
#7682 = DIRECTION('',(5.390653201598E-16,0.999977778518,
    6.666518523458E-03));
#7683 = DIRECTION('',(0.573576436351,-5.460892276781E-03,0.819133841517)
  );
#7684 = ORIENTED_EDGE('',*,*,#7685,.T.);
#7685 = EDGE_CURVE('',#7677,#7686,#7688,.T.);
#7686 = VERTEX_POINT('',#7687);
#7687 = CARTESIAN_POINT('',(14.885416600939,-0.23210743609,
    -3.004752105048));
#7688 = LINE('',#7689,#7690);
#7689 = CARTESIAN_POINT('',(15.297686116458,-0.244658526007,
    -1.122088617425));
#7690 = VECTOR('',#7691,1.);
#7691 = DIRECTION('',(-0.21390866742,6.512213049626E-03,-0.976831957444)
  );
#7692 = ORIENTED_EDGE('',*,*,#7693,.T.);
#7693 = EDGE_CURVE('',#7686,#7694,#7696,.T.);
#7694 = VERTEX_POINT('',#7695);
#7695 = CARTESIAN_POINT('',(14.87500075,-0.231465724348,-3.101008866371)
  );
#7696 = CIRCLE('',#7697,0.45);
#7697 = AXIS2_PLACEMENT_3D('',#7698,#7699,#7700);
#7698 = CARTESIAN_POINT('',(15.32500075,-0.231465724348,-3.101008866371)
  );
#7699 = DIRECTION('',(-8.426419284557E-16,-0.999977778518,
    -6.666518523457E-03));
#7700 = DIRECTION('',(-0.976853664579,-1.426026093686E-03,0.213903914053
    ));
#7701 = ORIENTED_EDGE('',*,*,#7702,.T.);
#7702 = EDGE_CURVE('',#7694,#7703,#7705,.T.);
#7703 = VERTEX_POINT('',#7704);
#7704 = CARTESIAN_POINT('',(14.87500075,-0.230799072495,-3.201006644223)
  );
#7705 = LINE('',#7706,#7707);
#7706 = CARTESIAN_POINT('',(14.87500075,-0.231465724348,-3.101008866371)
  );
#7707 = VECTOR('',#7708,1.);
#7708 = DIRECTION('',(8.164130571203E-19,6.666518523453E-03,
    -0.999977778518));
#7709 = ORIENTED_EDGE('',*,*,#7710,.T.);
#7710 = EDGE_CURVE('',#7703,#7612,#7711,.T.);
#7711 = LINE('',#7712,#7713);
#7712 = CARTESIAN_POINT('',(14.87500075,-0.230799072495,-3.201006644223)
  );
#7713 = VECTOR('',#7714,1.);
#7714 = DIRECTION('',(1.,-1.224646799147E-16,0.));
#7715 = PLANE('',#7716);
#7716 = AXIS2_PLACEMENT_3D('',#7717,#7718,#7719);
#7717 = CARTESIAN_POINT('',(-0.12499925,-0.251947234746,
    -2.878230661791E-02));
#7718 = DIRECTION('',(-1.224619585681E-16,-0.999977778518,
    -6.666518523457E-03));
#7719 = DIRECTION('',(1.,-1.224646799147E-16,0.));
#7720 = ADVANCED_FACE('',(#7721),#7732,.F.);
#7721 = FACE_BOUND('',#7722,.F.);
#7722 = EDGE_LOOP('',(#7723,#7724,#7725,#7726));
#7723 = ORIENTED_EDGE('',*,*,#7594,.T.);
#7724 = ORIENTED_EDGE('',*,*,#7429,.T.);
#7725 = ORIENTED_EDGE('',*,*,#7198,.F.);
#7726 = ORIENTED_EDGE('',*,*,#7727,.F.);
#7727 = EDGE_CURVE('',#7587,#7199,#7728,.T.);
#7728 = LINE('',#7729,#7730);
#7729 = CARTESIAN_POINT('',(-0.129628517084,-0.231750929566,
    -3.058228083561));
#7730 = VECTOR('',#7731,1.);
#7731 = DIRECTION('',(1.224619585681E-16,0.999977778518,
    6.666518523458E-03));
#7732 = CYLINDRICAL_SURFACE('',#7733,0.2);
#7733 = AXIS2_PLACEMENT_3D('',#7734,#7735,#7736);
#7734 = CARTESIAN_POINT('',(-0.32499925,-0.231465724348,-3.101008866371)
  );
#7735 = DIRECTION('',(1.224619585681E-16,0.999977778518,
    6.666518523457E-03));
#7736 = DIRECTION('',(1.,-1.224646799147E-16,0.));
#7737 = ADVANCED_FACE('',(#7738),#7749,.T.);
#7738 = FACE_BOUND('',#7739,.T.);
#7739 = EDGE_LOOP('',(#7740,#7746,#7747,#7748));
#7740 = ORIENTED_EDGE('',*,*,#7741,.T.);
#7741 = EDGE_CURVE('',#7578,#7210,#7742,.T.);
#7742 = LINE('',#7743,#7744);
#7743 = CARTESIAN_POINT('',(-0.541898032603,-0.244302019484,
    -1.175564595938));
#7744 = VECTOR('',#7745,1.);
#7745 = DIRECTION('',(1.224619585681E-16,0.999977778518,
    6.666518523454E-03));
#7746 = ORIENTED_EDGE('',*,*,#7209,.T.);
#7747 = ORIENTED_EDGE('',*,*,#7727,.F.);
#7748 = ORIENTED_EDGE('',*,*,#7586,.F.);
#7749 = PLANE('',#7750);
#7750 = AXIS2_PLACEMENT_3D('',#7751,#7752,#7753);
#7751 = CARTESIAN_POINT('',(-0.541898032603,-0.244302019484,
    -1.175564595938));
#7752 = DIRECTION('',(-0.976853664579,1.426026093686E-03,-0.213903914053
    ));
#7753 = DIRECTION('',(-1.192093520507E-16,-0.999977778518,
    -6.666518523454E-03));
#7754 = ADVANCED_FACE('',(#7755),#7761,.T.);
#7755 = FACE_BOUND('',#7756,.T.);
#7756 = EDGE_LOOP('',(#7757,#7758,#7759,#7760));
#7757 = ORIENTED_EDGE('',*,*,#222,.T.);
#7758 = ORIENTED_EDGE('',*,*,#7217,.T.);
#7759 = ORIENTED_EDGE('',*,*,#7741,.F.);
#7760 = ORIENTED_EDGE('',*,*,#7577,.F.);
#7761 = CYLINDRICAL_SURFACE('',#7762,0.35);
#7762 = AXIS2_PLACEMENT_3D('',#7763,#7764,#7765);
#7763 = CARTESIAN_POINT('',(-0.19999925,-0.244801128617,-1.100698226019)
  );
#7764 = DIRECTION('',(1.224619585681E-16,0.999977778518,
    6.666518523457E-03));
#7765 = DIRECTION('',(1.,-1.224646799147E-16,0.));
#7766 = ADVANCED_FACE('',(#7767),#7773,.T.);
#7767 = FACE_BOUND('',#7768,.T.);
#7768 = EDGE_LOOP('',(#7769,#7770,#7771,#7772));
#7769 = ORIENTED_EDGE('',*,*,#1050,.T.);
#7770 = ORIENTED_EDGE('',*,*,#7225,.T.);
#7771 = ORIENTED_EDGE('',*,*,#241,.F.);
#7772 = ORIENTED_EDGE('',*,*,#7570,.F.);
#7773 = PLANE('',#7774);
#7774 = AXIS2_PLACEMENT_3D('',#7775,#7776,#7777);
#7775 = CARTESIAN_POINT('',(-0.12499925,-0.247999635349,-0.620922216158)
  );
#7776 = DIRECTION('',(-0.573576436351,-5.46089227678E-03,0.819133841517)
  );
#7777 = DIRECTION('',(-1.267987672581E-16,-0.999977778518,
    -6.666518523457E-03));
#7778 = ADVANCED_FACE('',(#7779),#7785,.T.);
#7779 = FACE_BOUND('',#7780,.T.);
#7780 = EDGE_LOOP('',(#7781,#7782,#7783,#7784));
#7781 = ORIENTED_EDGE('',*,*,#191,.T.);
#7782 = ORIENTED_EDGE('',*,*,#7234,.T.);
#7783 = ORIENTED_EDGE('',*,*,#7003,.F.);
#7784 = ORIENTED_EDGE('',*,*,#7561,.F.);
#7785 = PLANE('',#7786);
#7786 = AXIS2_PLACEMENT_3D('',#7787,#7788,#7789);
#7787 = CARTESIAN_POINT('',(-0.257356893635,-0.245347217844,
    -1.018784841868));
#7788 = DIRECTION('',(0.573576436351,5.46089227678E-03,-0.819133841517)
  );
#7789 = DIRECTION('',(-9.520343664427E-03,0.999954680501,
    1.215917681388E-16));
#7790 = ADVANCED_FACE('',(#7791),#7802,.F.);
#7791 = FACE_BOUND('',#7792,.F.);
#7792 = EDGE_LOOP('',(#7793,#7794,#7800,#7801));
#7793 = ORIENTED_EDGE('',*,*,#7241,.F.);
#7794 = ORIENTED_EDGE('',*,*,#7795,.F.);
#7795 = EDGE_CURVE('',#7546,#7242,#7796,.T.);
#7796 = LINE('',#7797,#7798);
#7797 = CARTESIAN_POINT('',(-0.297684616458,-0.244658526007,
    -1.122088617425));
#7798 = VECTOR('',#7799,1.);
#7799 = DIRECTION('',(1.224619585681E-16,0.999977778518,
    6.666518523458E-03));
#7800 = ORIENTED_EDGE('',*,*,#7553,.T.);
#7801 = ORIENTED_EDGE('',*,*,#208,.F.);
#7802 = CYLINDRICAL_SURFACE('',#7803,0.1);
#7803 = AXIS2_PLACEMENT_3D('',#7804,#7805,#7806);
#7804 = CARTESIAN_POINT('',(-0.19999925,-0.244801128617,-1.100698226019)
  );
#7805 = DIRECTION('',(1.224619585681E-16,0.999977778518,
    6.666518523457E-03));
#7806 = DIRECTION('',(1.,-1.224646799147E-16,0.));
#7807 = ADVANCED_FACE('',(#7808),#7819,.T.);
#7808 = FACE_BOUND('',#7809,.T.);
#7809 = EDGE_LOOP('',(#7810,#7816,#7817,#7818));
#7810 = ORIENTED_EDGE('',*,*,#7811,.T.);
#7811 = EDGE_CURVE('',#7537,#7251,#7812,.T.);
#7812 = LINE('',#7813,#7814);
#7813 = CARTESIAN_POINT('',(0.114584899061,-0.23210743609,
    -3.004752105048));
#7814 = VECTOR('',#7815,1.);
#7815 = DIRECTION('',(1.224619585681E-16,0.999977778518,
    6.666518523458E-03));
#7816 = ORIENTED_EDGE('',*,*,#7250,.T.);
#7817 = ORIENTED_EDGE('',*,*,#7795,.F.);
#7818 = ORIENTED_EDGE('',*,*,#7545,.F.);
#7819 = PLANE('',#7820);
#7820 = AXIS2_PLACEMENT_3D('',#7821,#7822,#7823);
#7821 = CARTESIAN_POINT('',(0.114584899061,-0.23210743609,
    -3.004752105048));
#7822 = DIRECTION('',(0.976853664579,-1.426026093686E-03,0.213903914053)
  );
#7823 = DIRECTION('',(0.213904131546,9.381396275155E-17,-0.976854657822)
  );
#7824 = ADVANCED_FACE('',(#7825),#7831,.T.);
#7825 = FACE_BOUND('',#7826,.T.);
#7826 = EDGE_LOOP('',(#7827,#7828,#7829,#7830));
#7827 = ORIENTED_EDGE('',*,*,#7512,.T.);
#7828 = ORIENTED_EDGE('',*,*,#7258,.T.);
#7829 = ORIENTED_EDGE('',*,*,#7811,.F.);
#7830 = ORIENTED_EDGE('',*,*,#7536,.F.);
#7831 = CYLINDRICAL_SURFACE('',#7832,0.45);
#7832 = AXIS2_PLACEMENT_3D('',#7833,#7834,#7835);
#7833 = CARTESIAN_POINT('',(-0.32499925,-0.231465724348,-3.101008866371)
  );
#7834 = DIRECTION('',(1.224619585681E-16,0.999977778518,
    6.666518523457E-03));
#7835 = DIRECTION('',(1.,-1.224646799147E-16,0.));
#7836 = ADVANCED_FACE('',(#7837),#7862,.T.);
#7837 = FACE_BOUND('',#7838,.T.);
#7838 = EDGE_LOOP('',(#7839,#7840,#7848,#7856));
#7839 = ORIENTED_EDGE('',*,*,#7710,.F.);
#7840 = ORIENTED_EDGE('',*,*,#7841,.F.);
#7841 = EDGE_CURVE('',#7842,#7703,#7844,.T.);
#7842 = VERTEX_POINT('',#7843);
#7843 = CARTESIAN_POINT('',(14.87500075,-7.880245015971E-02,-3.5));
#7844 = LINE('',#7845,#7846);
#7845 = CARTESIAN_POINT('',(14.87500075,-7.880245015971E-02,-3.5));
#7846 = VECTOR('',#7847,1.);
#7847 = DIRECTION('',(-5.549687484059E-17,-0.453166373188,0.891425957784
    ));
#7848 = ORIENTED_EDGE('',*,*,#7849,.T.);
#7849 = EDGE_CURVE('',#7842,#7850,#7852,.T.);
#7850 = VERTEX_POINT('',#7851);
#7851 = CARTESIAN_POINT('',(15.12500075,-7.880245015971E-02,-3.5));
#7852 = LINE('',#7853,#7854);
#7853 = CARTESIAN_POINT('',(14.87500075,-7.880245015971E-02,-3.5));
#7854 = VECTOR('',#7855,1.);
#7855 = DIRECTION('',(1.,-1.224646799147E-16,0.));
#7856 = ORIENTED_EDGE('',*,*,#7857,.F.);
#7857 = EDGE_CURVE('',#7612,#7850,#7858,.T.);
#7858 = LINE('',#7859,#7860);
#7859 = CARTESIAN_POINT('',(15.12500075,-0.230799072495,-3.201006644223)
  );
#7860 = VECTOR('',#7861,1.);
#7861 = DIRECTION('',(5.549687484059E-17,0.453166373188,-0.891425957784)
  );
#7862 = PLANE('',#7863);
#7863 = AXIS2_PLACEMENT_3D('',#7864,#7865,#7866);
#7864 = CARTESIAN_POINT('',(15.00000075,-0.154800761328,-3.350503322112)
  );
#7865 = DIRECTION('',(-1.091681945877E-16,-0.891425957784,
    -0.453166373188));
#7866 = DIRECTION('',(1.,-1.224646799147E-16,0.));
#7867 = ADVANCED_FACE('',(#7868),#7893,.T.);
#7868 = FACE_BOUND('',#7869,.T.);
#7869 = EDGE_LOOP('',(#7870,#7878,#7884,#7885,#7891,#7892));
#7870 = ORIENTED_EDGE('',*,*,#7871,.T.);
#7871 = EDGE_CURVE('',#7850,#7872,#7874,.T.);
#7872 = VERTEX_POINT('',#7873);
#7873 = CARTESIAN_POINT('',(15.12500075,7.019423883929E-02,
    -3.49900668874));
#7874 = LINE('',#7875,#7876);
#7875 = CARTESIAN_POINT('',(15.12500075,-7.880245015971E-02,-3.5));
#7876 = VECTOR('',#7877,1.);
#7877 = DIRECTION('',(1.224619585681E-16,0.999977778518,
    6.666518523456E-03));
#7878 = ORIENTED_EDGE('',*,*,#7879,.T.);
#7879 = EDGE_CURVE('',#7872,#7390,#7880,.T.);
#7880 = LINE('',#7881,#7882);
#7881 = CARTESIAN_POINT('',(15.12500075,7.019423883929E-02,
    -3.49900668874));
#7882 = VECTOR('',#7883,1.);
#7883 = DIRECTION('',(4.748972681789E-17,0.38778304774,0.921750675554));
#7884 = ORIENTED_EDGE('',*,*,#7389,.T.);
#7885 = ORIENTED_EDGE('',*,*,#7886,.F.);
#7886 = EDGE_CURVE('',#7614,#7381,#7887,.T.);
#7887 = LINE('',#7888,#7889);
#7888 = CARTESIAN_POINT('',(15.12500075,-0.231465724348,-3.101008866371)
  );
#7889 = VECTOR('',#7890,1.);
#7890 = DIRECTION('',(1.224619585681E-16,0.999977778518,
    6.666518523456E-03));
#7891 = ORIENTED_EDGE('',*,*,#7611,.F.);
#7892 = ORIENTED_EDGE('',*,*,#7857,.T.);
#7893 = PLANE('',#7894);
#7894 = AXIS2_PLACEMENT_3D('',#7895,#7896,#7897);
#7895 = CARTESIAN_POINT('',(15.12500075,-0.228799116938,-3.500999977779)
  );
#7896 = DIRECTION('',(1.,-1.224646799147E-16,0.));
#7897 = DIRECTION('',(1.499759782662E-32,1.224646799147E-16,-1.));
#7898 = ADVANCED_FACE('',(#7899),#7910,.F.);
#7899 = FACE_BOUND('',#7900,.F.);
#7900 = EDGE_LOOP('',(#7901,#7902,#7908,#7909));
#7901 = ORIENTED_EDGE('',*,*,#7621,.T.);
#7902 = ORIENTED_EDGE('',*,*,#7903,.T.);
#7903 = EDGE_CURVE('',#7622,#7373,#7904,.T.);
#7904 = LINE('',#7905,#7906);
#7905 = CARTESIAN_POINT('',(15.129630017084,-0.231750929566,
    -3.058228083561));
#7906 = VECTOR('',#7907,1.);
#7907 = DIRECTION('',(1.224619585681E-16,0.999977778518,
    6.666518523454E-03));
#7908 = ORIENTED_EDGE('',*,*,#7380,.F.);
#7909 = ORIENTED_EDGE('',*,*,#7886,.F.);
#7910 = CYLINDRICAL_SURFACE('',#7911,0.2);
#7911 = AXIS2_PLACEMENT_3D('',#7912,#7913,#7914);
#7912 = CARTESIAN_POINT('',(15.32500075,-0.231465724348,-3.101008866371)
  );
#7913 = DIRECTION('',(1.224619585681E-16,0.999977778518,
    6.666518523457E-03));
#7914 = DIRECTION('',(1.,-1.224646799147E-16,0.));
#7915 = ADVANCED_FACE('',(#7916),#7927,.T.);
#7916 = FACE_BOUND('',#7917,.T.);
#7917 = EDGE_LOOP('',(#7918,#7919,#7920,#7926));
#7918 = ORIENTED_EDGE('',*,*,#7903,.T.);
#7919 = ORIENTED_EDGE('',*,*,#7372,.T.);
#7920 = ORIENTED_EDGE('',*,*,#7921,.F.);
#7921 = EDGE_CURVE('',#7631,#7364,#7922,.T.);
#7922 = LINE('',#7923,#7924);
#7923 = CARTESIAN_POINT('',(15.541899532603,-0.244302019484,
    -1.175564595938));
#7924 = VECTOR('',#7925,1.);
#7925 = DIRECTION('',(1.224619585681E-16,0.999977778518,
    6.666518523458E-03));
#7926 = ORIENTED_EDGE('',*,*,#7630,.F.);
#7927 = PLANE('',#7928);
#7928 = AXIS2_PLACEMENT_3D('',#7929,#7930,#7931);
#7929 = CARTESIAN_POINT('',(15.129630017084,-0.231750929566,
    -3.058228083561));
#7930 = DIRECTION('',(0.976853664579,1.426026093686E-03,-0.213903914053)
  );
#7931 = DIRECTION('',(-1.459813916783E-03,0.999998934471,
    1.22627179751E-16));
#7932 = ADVANCED_FACE('',(#7933),#7939,.T.);
#7933 = FACE_BOUND('',#7934,.T.);
#7934 = EDGE_LOOP('',(#7935,#7936,#7937,#7938));
#7935 = ORIENTED_EDGE('',*,*,#138,.T.);
#7936 = ORIENTED_EDGE('',*,*,#7638,.F.);
#7937 = ORIENTED_EDGE('',*,*,#7921,.T.);
#7938 = ORIENTED_EDGE('',*,*,#7363,.T.);
#7939 = CYLINDRICAL_SURFACE('',#7940,0.35);
#7940 = AXIS2_PLACEMENT_3D('',#7941,#7942,#7943);
#7941 = CARTESIAN_POINT('',(15.20000075,-0.244801128617,-1.100698226019)
  );
#7942 = DIRECTION('',(1.224619585681E-16,0.999977778518,
    6.666518523457E-03));
#7943 = DIRECTION('',(1.,-1.224646799147E-16,0.));
#7944 = ADVANCED_FACE('',(#7945),#7956,.T.);
#7945 = FACE_BOUND('',#7946,.T.);
#7946 = EDGE_LOOP('',(#7947,#7948,#7949,#7955));
#7947 = ORIENTED_EDGE('',*,*,#157,.T.);
#7948 = ORIENTED_EDGE('',*,*,#7356,.T.);
#7949 = ORIENTED_EDGE('',*,*,#7950,.F.);
#7950 = EDGE_CURVE('',#7647,#7349,#7951,.T.);
#7951 = LINE('',#7952,#7953);
#7952 = CARTESIAN_POINT('',(15.12500075,-0.247999635349,-0.620922216158)
  );
#7953 = VECTOR('',#7954,1.);
#7954 = DIRECTION('',(1.224619585681E-16,0.999977778518,
    6.666518523456E-03));
#7955 = ORIENTED_EDGE('',*,*,#7646,.F.);
#7956 = PLANE('',#7957);
#7957 = AXIS2_PLACEMENT_3D('',#7958,#7959,#7960);
#7958 = CARTESIAN_POINT('',(15.400752502723,-0.246712440914,
    -0.814001381488));
#7959 = DIRECTION('',(0.573576436351,-5.46089227678E-03,0.819133841517)
  );
#7960 = DIRECTION('',(0.819146055626,-3.093991916773E-17,-0.573584988953
    ));
#7961 = ADVANCED_FACE('',(#7962),#8023,.T.);
#7962 = FACE_BOUND('',#7963,.T.);
#7963 = EDGE_LOOP('',(#7964,#7965,#7966,#7974,#7982,#7990,#7998,#8007,
    #8015,#8022));
#7964 = ORIENTED_EDGE('',*,*,#6334,.T.);
#7965 = ORIENTED_EDGE('',*,*,#6078,.T.);
#7966 = ORIENTED_EDGE('',*,*,#7967,.T.);
#7967 = EDGE_CURVE('',#6071,#7968,#7970,.T.);
#7968 = VERTEX_POINT('',#7969);
#7969 = CARTESIAN_POINT('',(15.12500075,1.378052765254,2.581217693382));
#7970 = LINE('',#7971,#7972);
#7971 = CARTESIAN_POINT('',(15.12500075,1.378052765254,2.471217693382));
#7972 = VECTOR('',#7973,1.);
#7973 = DIRECTION('',(-1.499759782662E-32,-1.224646799147E-16,1.));
#7974 = ORIENTED_EDGE('',*,*,#7975,.T.);
#7975 = EDGE_CURVE('',#7968,#7976,#7978,.T.);
#7976 = VERTEX_POINT('',#7977);
#7977 = CARTESIAN_POINT('',(15.12500075,0.448052765254,2.581217693382));
#7978 = LINE('',#7979,#7980);
#7979 = CARTESIAN_POINT('',(15.12500075,1.378052765254,2.581217693382));
#7980 = VECTOR('',#7981,1.);
#7981 = DIRECTION('',(-1.224646799147E-16,-1.,-1.224646799147E-16));
#7982 = ORIENTED_EDGE('',*,*,#7983,.T.);
#7983 = EDGE_CURVE('',#7976,#7984,#7986,.T.);
#7984 = VERTEX_POINT('',#7985);
#7985 = CARTESIAN_POINT('',(15.12500075,0.448052765254,3.881217693382));
#7986 = LINE('',#7987,#7988);
#7987 = CARTESIAN_POINT('',(15.12500075,0.448052765254,2.581217693382));
#7988 = VECTOR('',#7989,1.);
#7989 = DIRECTION('',(-1.499759782662E-32,-1.224646799147E-16,1.));
#7990 = ORIENTED_EDGE('',*,*,#7991,.T.);
#7991 = EDGE_CURVE('',#7984,#7992,#7994,.T.);
#7992 = VERTEX_POINT('',#7993);
#7993 = CARTESIAN_POINT('',(15.12500075,0.602996800241,4.199322669419));
#7994 = LINE('',#7995,#7996);
#7995 = CARTESIAN_POINT('',(15.12500075,0.448052765254,3.881217693382));
#7996 = VECTOR('',#7997,1.);
#7997 = DIRECTION('',(5.362734202678E-17,0.437900479257,0.89902345368));
#7998 = ORIENTED_EDGE('',*,*,#7999,.T.);
#7999 = EDGE_CURVE('',#7992,#8000,#8002,.T.);
#8000 = VERTEX_POINT('',#8001);
#8001 = CARTESIAN_POINT('',(15.12500075,0.606177852711,4.234756116545));
#8002 = CIRCLE('',#8003,5.E-02);
#8003 = AXIS2_PLACEMENT_3D('',#8004,#8005,#8006);
#8004 = CARTESIAN_POINT('',(15.12500075,0.558045627557,4.221217693382));
#8005 = DIRECTION('',(1.,-1.224646799147E-16,6.162975822039E-33));
#8006 = DIRECTION('',(1.100986194907E-16,0.89902345368,-0.437900479257)
  );
#8007 = ORIENTED_EDGE('',*,*,#8008,.T.);
#8008 = EDGE_CURVE('',#8000,#8009,#8011,.T.);
#8009 = VERTEX_POINT('',#8010);
#8010 = CARTESIAN_POINT('',(15.12500075,0.398856079879,4.971832962871));
#8011 = LINE('',#8012,#8013);
#8012 = CARTESIAN_POINT('',(15.12500075,0.606177852711,4.234756116545));
#8013 = VECTOR('',#8014,1.);
#8014 = DIRECTION('',(-3.315957318415E-17,-0.27076846326,0.962644503077)
  );
#8015 = ORIENTED_EDGE('',*,*,#8016,.T.);
#8016 = EDGE_CURVE('',#8009,#4759,#8017,.T.);
#8017 = CIRCLE('',#8018,0.15);
#8018 = AXIS2_PLACEMENT_3D('',#8019,#8020,#8021);
#8019 = CARTESIAN_POINT('',(15.12500075,0.254459404418,4.931217693382));
#8020 = DIRECTION('',(1.,-1.224646799147E-16,0.));
#8021 = DIRECTION('',(1.17889950941E-16,0.962644503077,0.27076846326));
#8022 = ORIENTED_EDGE('',*,*,#4758,.F.);
#8023 = PLANE('',#8024);
#8024 = AXIS2_PLACEMENT_3D('',#8025,#8026,#8027);
#8025 = CARTESIAN_POINT('',(15.12500075,2.513052765254,4.741217693382));
#8026 = DIRECTION('',(1.,-1.224646799147E-16,0.));
#8027 = DIRECTION('',(1.499759782662E-32,1.224646799147E-16,-1.));
#8028 = ADVANCED_FACE('',(#8029),#8055,.T.);
#8029 = FACE_BOUND('',#8030,.T.);
#8030 = EDGE_LOOP('',(#8031,#8039,#8048,#8054));
#8031 = ORIENTED_EDGE('',*,*,#8032,.T.);
#8032 = EDGE_CURVE('',#1294,#8033,#8035,.T.);
#8033 = VERTEX_POINT('',#8034);
#8034 = CARTESIAN_POINT('',(15.12500075,1.433094454873,4.503112717345));
#8035 = LINE('',#8036,#8037);
#8036 = CARTESIAN_POINT('',(15.12500075,1.648052765254,4.944428887914));
#8037 = VECTOR('',#8038,1.);
#8038 = DIRECTION('',(-5.362734202678E-17,-0.437900479257,-0.89902345368
    ));
#8039 = ORIENTED_EDGE('',*,*,#8040,.T.);
#8040 = EDGE_CURVE('',#8033,#8041,#8043,.T.);
#8041 = VERTEX_POINT('',#8042);
#8042 = CARTESIAN_POINT('',(15.12500075,1.429913402403,4.467679270219));
#8043 = CIRCLE('',#8044,5.E-02);
#8044 = AXIS2_PLACEMENT_3D('',#8045,#8046,#8047);
#8045 = CARTESIAN_POINT('',(15.12500075,1.478045627557,4.481217693382));
#8046 = DIRECTION('',(1.,-1.224646799147E-16,6.162975822039E-33));
#8047 = DIRECTION('',(-1.100986194907E-16,-0.89902345368,0.437900479257)
  );
#8048 = ORIENTED_EDGE('',*,*,#8049,.T.);
#8049 = EDGE_CURVE('',#8041,#1302,#8050,.T.);
#8050 = LINE('',#8051,#8052);
#8051 = CARTESIAN_POINT('',(15.12500075,1.429913402403,4.467679270219));
#8052 = VECTOR('',#8053,1.);
#8053 = DIRECTION('',(3.315957318415E-17,0.27076846326,-0.962644503077)
  );
#8054 = ORIENTED_EDGE('',*,*,#1301,.T.);
#8055 = PLANE('',#8056);
#8056 = AXIS2_PLACEMENT_3D('',#8057,#8058,#8059);
#8057 = CARTESIAN_POINT('',(15.12500075,2.513052765254,4.741217693382));
#8058 = DIRECTION('',(1.,-1.224646799147E-16,0.));
#8059 = DIRECTION('',(1.499759782662E-32,1.224646799147E-16,-1.));
#8060 = ADVANCED_FACE('',(#8061),#8081,.T.);
#8061 = FACE_BOUND('',#8062,.T.);
#8062 = EDGE_LOOP('',(#8063,#8071,#8072,#8073,#8074,#8075));
#8063 = ORIENTED_EDGE('',*,*,#8064,.T.);
#8064 = EDGE_CURVE('',#8065,#607,#8067,.T.);
#8065 = VERTEX_POINT('',#8066);
#8066 = CARTESIAN_POINT('',(15.12500075,0.218052765254,-0.401068864371)
  );
#8067 = LINE('',#8068,#8069);
#8068 = CARTESIAN_POINT('',(15.12500075,0.218052765254,-0.401068864371)
  );
#8069 = VECTOR('',#8070,1.);
#8070 = DIRECTION('',(-1.499759782662E-32,-1.224646799147E-16,1.));
#8071 = ORIENTED_EDGE('',*,*,#606,.F.);
#8072 = ORIENTED_EDGE('',*,*,#7654,.F.);
#8073 = ORIENTED_EDGE('',*,*,#7950,.T.);
#8074 = ORIENTED_EDGE('',*,*,#7348,.T.);
#8075 = ORIENTED_EDGE('',*,*,#8076,.T.);
#8076 = EDGE_CURVE('',#7341,#8065,#8077,.T.);
#8077 = LINE('',#8078,#8079);
#8078 = CARTESIAN_POINT('',(15.12500075,0.199544653306,-0.401068864371)
  );
#8079 = VECTOR('',#8080,1.);
#8080 = DIRECTION('',(1.224646799147E-16,1.,1.224646799147E-16));
#8081 = PLANE('',#8082);
#8082 = AXIS2_PLACEMENT_3D('',#8083,#8084,#8085);
#8083 = CARTESIAN_POINT('',(15.12500075,2.513052765254,4.741217693382));
#8084 = DIRECTION('',(1.,-1.224646799147E-16,0.));
#8085 = DIRECTION('',(1.499759782662E-32,1.224646799147E-16,-1.));
#8086 = ADVANCED_FACE('',(#8087),#8106,.T.);
#8087 = FACE_BOUND('',#8088,.T.);
#8088 = EDGE_LOOP('',(#8089,#8090,#8098,#8105));
#8089 = ORIENTED_EDGE('',*,*,#8016,.F.);
#8090 = ORIENTED_EDGE('',*,*,#8091,.F.);
#8091 = EDGE_CURVE('',#8092,#8009,#8094,.T.);
#8092 = VERTEX_POINT('',#8093);
#8093 = CARTESIAN_POINT('',(14.87500075,0.398856079879,4.971832962871));
#8094 = LINE('',#8095,#8096);
#8095 = CARTESIAN_POINT('',(14.87500075,0.398856079879,4.971832962871));
#8096 = VECTOR('',#8097,1.);
#8097 = DIRECTION('',(1.,-1.224646799147E-16,0.));
#8098 = ORIENTED_EDGE('',*,*,#8099,.T.);
#8099 = EDGE_CURVE('',#8092,#4767,#8100,.T.);
#8100 = CIRCLE('',#8101,0.15);
#8101 = AXIS2_PLACEMENT_3D('',#8102,#8103,#8104);
#8102 = CARTESIAN_POINT('',(14.87500075,0.254459404418,4.931217693382));
#8103 = DIRECTION('',(1.,-1.224646799147E-16,0.));
#8104 = DIRECTION('',(1.17889950941E-16,0.962644503077,0.27076846326));
#8105 = ORIENTED_EDGE('',*,*,#4766,.T.);
#8106 = CYLINDRICAL_SURFACE('',#8107,0.15);
#8107 = AXIS2_PLACEMENT_3D('',#8108,#8109,#8110);
#8108 = CARTESIAN_POINT('',(14.87500075,0.254459404418,4.931217693382));
#8109 = DIRECTION('',(-1.,1.224646799147E-16,0.));
#8110 = DIRECTION('',(1.499759782662E-32,1.224646799147E-16,-1.));
#8111 = ADVANCED_FACE('',(#8112),#8165,.F.);
#8112 = FACE_BOUND('',#8113,.T.);
#8113 = EDGE_LOOP('',(#8114,#8115,#8123,#8132,#8140,#8148,#8156,#8162,
    #8163,#8164));
#8114 = ORIENTED_EDGE('',*,*,#8099,.F.);
#8115 = ORIENTED_EDGE('',*,*,#8116,.F.);
#8116 = EDGE_CURVE('',#8117,#8092,#8119,.T.);
#8117 = VERTEX_POINT('',#8118);
#8118 = CARTESIAN_POINT('',(14.87500075,0.606177852711,4.234756116545));
#8119 = LINE('',#8120,#8121);
#8120 = CARTESIAN_POINT('',(14.87500075,0.606177852711,4.234756116545));
#8121 = VECTOR('',#8122,1.);
#8122 = DIRECTION('',(-3.315957318415E-17,-0.27076846326,0.962644503077)
  );
#8123 = ORIENTED_EDGE('',*,*,#8124,.F.);
#8124 = EDGE_CURVE('',#8125,#8117,#8127,.T.);
#8125 = VERTEX_POINT('',#8126);
#8126 = CARTESIAN_POINT('',(14.87500075,0.602996800241,4.199322669419));
#8127 = CIRCLE('',#8128,5.E-02);
#8128 = AXIS2_PLACEMENT_3D('',#8129,#8130,#8131);
#8129 = CARTESIAN_POINT('',(14.87500075,0.558045627557,4.221217693382));
#8130 = DIRECTION('',(1.,-1.224646799147E-16,6.162975822039E-33));
#8131 = DIRECTION('',(1.100986194907E-16,0.89902345368,-0.437900479257)
  );
#8132 = ORIENTED_EDGE('',*,*,#8133,.F.);
#8133 = EDGE_CURVE('',#8134,#8125,#8136,.T.);
#8134 = VERTEX_POINT('',#8135);
#8135 = CARTESIAN_POINT('',(14.87500075,0.448052765254,3.881217693382));
#8136 = LINE('',#8137,#8138);
#8137 = CARTESIAN_POINT('',(14.87500075,0.448052765254,3.881217693382));
#8138 = VECTOR('',#8139,1.);
#8139 = DIRECTION('',(5.362734202678E-17,0.437900479257,0.89902345368));
#8140 = ORIENTED_EDGE('',*,*,#8141,.F.);
#8141 = EDGE_CURVE('',#8142,#8134,#8144,.T.);
#8142 = VERTEX_POINT('',#8143);
#8143 = CARTESIAN_POINT('',(14.87500075,0.448052765254,2.581217693382));
#8144 = LINE('',#8145,#8146);
#8145 = CARTESIAN_POINT('',(14.87500075,0.448052765254,2.581217693382));
#8146 = VECTOR('',#8147,1.);
#8147 = DIRECTION('',(-1.499759782662E-32,-1.224646799147E-16,1.));
#8148 = ORIENTED_EDGE('',*,*,#8149,.F.);
#8149 = EDGE_CURVE('',#8150,#8142,#8152,.T.);
#8150 = VERTEX_POINT('',#8151);
#8151 = CARTESIAN_POINT('',(14.87500075,1.378052765254,2.581217693382));
#8152 = LINE('',#8153,#8154);
#8153 = CARTESIAN_POINT('',(14.87500075,1.378052765254,2.581217693382));
#8154 = VECTOR('',#8155,1.);
#8155 = DIRECTION('',(-1.224646799147E-16,-1.,-1.224646799147E-16));
#8156 = ORIENTED_EDGE('',*,*,#8157,.F.);
#8157 = EDGE_CURVE('',#6063,#8150,#8158,.T.);
#8158 = LINE('',#8159,#8160);
#8159 = CARTESIAN_POINT('',(14.87500075,1.378052765254,2.471217693382));
#8160 = VECTOR('',#8161,1.);
#8161 = DIRECTION('',(-1.499759782662E-32,-1.224646799147E-16,1.));
#8162 = ORIENTED_EDGE('',*,*,#6062,.F.);
#8163 = ORIENTED_EDGE('',*,*,#6312,.F.);
#8164 = ORIENTED_EDGE('',*,*,#4774,.T.);
#8165 = PLANE('',#8166);
#8166 = AXIS2_PLACEMENT_3D('',#8167,#8168,#8169);
#8167 = CARTESIAN_POINT('',(14.87500075,2.513052765254,4.741217693382));
#8168 = DIRECTION('',(1.,-1.224646799147E-16,0.));
#8169 = DIRECTION('',(1.499759782662E-32,1.224646799147E-16,-1.));
#8170 = ADVANCED_FACE('',(#8171),#8197,.F.);
#8171 = FACE_BOUND('',#8172,.T.);
#8172 = EDGE_LOOP('',(#8173,#8181,#8190,#8196));
#8173 = ORIENTED_EDGE('',*,*,#8174,.F.);
#8174 = EDGE_CURVE('',#8175,#1310,#8177,.T.);
#8175 = VERTEX_POINT('',#8176);
#8176 = CARTESIAN_POINT('',(14.87500075,1.429913402403,4.467679270219));
#8177 = LINE('',#8178,#8179);
#8178 = CARTESIAN_POINT('',(14.87500075,1.429913402403,4.467679270219));
#8179 = VECTOR('',#8180,1.);
#8180 = DIRECTION('',(3.315957318415E-17,0.27076846326,-0.962644503077)
  );
#8181 = ORIENTED_EDGE('',*,*,#8182,.F.);
#8182 = EDGE_CURVE('',#8183,#8175,#8185,.T.);
#8183 = VERTEX_POINT('',#8184);
#8184 = CARTESIAN_POINT('',(14.87500075,1.433094454873,4.503112717345));
#8185 = CIRCLE('',#8186,5.E-02);
#8186 = AXIS2_PLACEMENT_3D('',#8187,#8188,#8189);
#8187 = CARTESIAN_POINT('',(14.87500075,1.478045627557,4.481217693382));
#8188 = DIRECTION('',(1.,-1.224646799147E-16,6.162975822039E-33));
#8189 = DIRECTION('',(-1.100986194907E-16,-0.89902345368,0.437900479257)
  );
#8190 = ORIENTED_EDGE('',*,*,#8191,.F.);
#8191 = EDGE_CURVE('',#1292,#8183,#8192,.T.);
#8192 = LINE('',#8193,#8194);
#8193 = CARTESIAN_POINT('',(14.87500075,1.648052765254,4.944428887914));
#8194 = VECTOR('',#8195,1.);
#8195 = DIRECTION('',(-5.362734202678E-17,-0.437900479257,-0.89902345368
    ));
#8196 = ORIENTED_EDGE('',*,*,#1317,.F.);
#8197 = PLANE('',#8198);
#8198 = AXIS2_PLACEMENT_3D('',#8199,#8200,#8201);
#8199 = CARTESIAN_POINT('',(14.87500075,2.513052765254,4.741217693382));
#8200 = DIRECTION('',(1.,-1.224646799147E-16,0.));
#8201 = DIRECTION('',(1.499759782662E-32,1.224646799147E-16,-1.));
#8202 = ADVANCED_FACE('',(#8203),#8228,.F.);
#8203 = FACE_BOUND('',#8204,.T.);
#8204 = EDGE_LOOP('',(#8205,#8206,#8214,#8220,#8221,#8227));
#8205 = ORIENTED_EDGE('',*,*,#622,.T.);
#8206 = ORIENTED_EDGE('',*,*,#8207,.F.);
#8207 = EDGE_CURVE('',#8208,#615,#8210,.T.);
#8208 = VERTEX_POINT('',#8209);
#8209 = CARTESIAN_POINT('',(14.87500075,0.218052765254,-0.401068864371)
  );
#8210 = LINE('',#8211,#8212);
#8211 = CARTESIAN_POINT('',(14.87500075,0.218052765254,-0.401068864371)
  );
#8212 = VECTOR('',#8213,1.);
#8213 = DIRECTION('',(-1.499759782662E-32,-1.224646799147E-16,1.));
#8214 = ORIENTED_EDGE('',*,*,#8215,.F.);
#8215 = EDGE_CURVE('',#7333,#8208,#8216,.T.);
#8216 = LINE('',#8217,#8218);
#8217 = CARTESIAN_POINT('',(14.87500075,0.199544653306,-0.401068864371)
  );
#8218 = VECTOR('',#8219,1.);
#8219 = DIRECTION('',(1.224646799147E-16,1.,1.224646799147E-16));
#8220 = ORIENTED_EDGE('',*,*,#7332,.T.);
#8221 = ORIENTED_EDGE('',*,*,#8222,.F.);
#8222 = EDGE_CURVE('',#7662,#7325,#8223,.T.);
#8223 = LINE('',#8224,#8225);
#8224 = CARTESIAN_POINT('',(14.87500075,-0.247132042878,-0.751061086853)
  );
#8225 = VECTOR('',#8226,1.);
#8226 = DIRECTION('',(1.224619585681E-16,0.999977778518,
    6.666518523458E-03));
#8227 = ORIENTED_EDGE('',*,*,#7661,.F.);
#8228 = PLANE('',#8229);
#8229 = AXIS2_PLACEMENT_3D('',#8230,#8231,#8232);
#8230 = CARTESIAN_POINT('',(14.87500075,2.513052765254,4.741217693382));
#8231 = DIRECTION('',(1.,-1.224646799147E-16,0.));
#8232 = DIRECTION('',(1.499759782662E-32,1.224646799147E-16,-1.));
#8233 = ADVANCED_FACE('',(#8234),#8245,.T.);
#8234 = FACE_BOUND('',#8235,.T.);
#8235 = EDGE_LOOP('',(#8236,#8237,#8243,#8244));
#8236 = ORIENTED_EDGE('',*,*,#8157,.T.);
#8237 = ORIENTED_EDGE('',*,*,#8238,.T.);
#8238 = EDGE_CURVE('',#8150,#7968,#8239,.T.);
#8239 = LINE('',#8240,#8241);
#8240 = CARTESIAN_POINT('',(14.87500075,1.378052765254,2.581217693382));
#8241 = VECTOR('',#8242,1.);
#8242 = DIRECTION('',(1.,-1.224646799147E-16,0.));
#8243 = ORIENTED_EDGE('',*,*,#7967,.F.);
#8244 = ORIENTED_EDGE('',*,*,#6070,.F.);
#8245 = PLANE('',#8246);
#8246 = AXIS2_PLACEMENT_3D('',#8247,#8248,#8249);
#8247 = CARTESIAN_POINT('',(14.87500075,1.378052765254,2.001217693382));
#8248 = DIRECTION('',(1.224646799147E-16,1.,1.224646799147E-16));
#8249 = DIRECTION('',(-1.,1.224646799147E-16,0.));
#8250 = ADVANCED_FACE('',(#8251),#8262,.T.);
#8251 = FACE_BOUND('',#8252,.T.);
#8252 = EDGE_LOOP('',(#8253,#8259,#8260,#8261));
#8253 = ORIENTED_EDGE('',*,*,#8254,.T.);
#8254 = EDGE_CURVE('',#8142,#7976,#8255,.T.);
#8255 = LINE('',#8256,#8257);
#8256 = CARTESIAN_POINT('',(14.87500075,0.448052765254,2.581217693382));
#8257 = VECTOR('',#8258,1.);
#8258 = DIRECTION('',(1.,-1.224646799147E-16,0.));
#8259 = ORIENTED_EDGE('',*,*,#7975,.F.);
#8260 = ORIENTED_EDGE('',*,*,#8238,.F.);
#8261 = ORIENTED_EDGE('',*,*,#8149,.T.);
#8262 = PLANE('',#8263);
#8263 = AXIS2_PLACEMENT_3D('',#8264,#8265,#8266);
#8264 = CARTESIAN_POINT('',(14.87500075,1.378052765254,2.581217693382));
#8265 = DIRECTION('',(-1.499759782662E-32,-1.224646799147E-16,1.));
#8266 = DIRECTION('',(-1.224646799147E-16,-1.,-1.224646799147E-16));
#8267 = ADVANCED_FACE('',(#8268),#8279,.T.);
#8268 = FACE_BOUND('',#8269,.T.);
#8269 = EDGE_LOOP('',(#8270,#8276,#8277,#8278));
#8270 = ORIENTED_EDGE('',*,*,#8271,.T.);
#8271 = EDGE_CURVE('',#8134,#7984,#8272,.T.);
#8272 = LINE('',#8273,#8274);
#8273 = CARTESIAN_POINT('',(14.87500075,0.448052765254,3.881217693382));
#8274 = VECTOR('',#8275,1.);
#8275 = DIRECTION('',(1.,-1.224646799147E-16,0.));
#8276 = ORIENTED_EDGE('',*,*,#7983,.F.);
#8277 = ORIENTED_EDGE('',*,*,#8254,.F.);
#8278 = ORIENTED_EDGE('',*,*,#8141,.T.);
#8279 = PLANE('',#8280);
#8280 = AXIS2_PLACEMENT_3D('',#8281,#8282,#8283);
#8281 = CARTESIAN_POINT('',(14.87500075,0.448052765254,2.581217693382));
#8282 = DIRECTION('',(1.224646799147E-16,1.,1.224646799147E-16));
#8283 = DIRECTION('',(-1.,1.224646799147E-16,0.));
#8284 = ADVANCED_FACE('',(#8285),#8296,.T.);
#8285 = FACE_BOUND('',#8286,.T.);
#8286 = EDGE_LOOP('',(#8287,#8293,#8294,#8295));
#8287 = ORIENTED_EDGE('',*,*,#8288,.T.);
#8288 = EDGE_CURVE('',#8125,#7992,#8289,.T.);
#8289 = LINE('',#8290,#8291);
#8290 = CARTESIAN_POINT('',(14.87500075,0.602996800241,4.199322669419));
#8291 = VECTOR('',#8292,1.);
#8292 = DIRECTION('',(1.,-1.224646799147E-16,0.));
#8293 = ORIENTED_EDGE('',*,*,#7991,.F.);
#8294 = ORIENTED_EDGE('',*,*,#8271,.F.);
#8295 = ORIENTED_EDGE('',*,*,#8133,.T.);
#8296 = PLANE('',#8297);
#8297 = AXIS2_PLACEMENT_3D('',#8298,#8299,#8300);
#8298 = CARTESIAN_POINT('',(14.87500075,0.448052765254,3.881217693382));
#8299 = DIRECTION('',(1.100986194907E-16,0.89902345368,-0.437900479257)
  );
#8300 = DIRECTION('',(-1.,1.224646799147E-16,0.));
#8301 = ADVANCED_FACE('',(#8302),#8313,.T.);
#8302 = FACE_BOUND('',#8303,.T.);
#8303 = EDGE_LOOP('',(#8304,#8310,#8311,#8312));
#8304 = ORIENTED_EDGE('',*,*,#8305,.T.);
#8305 = EDGE_CURVE('',#8117,#8000,#8306,.T.);
#8306 = LINE('',#8307,#8308);
#8307 = CARTESIAN_POINT('',(14.87500075,0.606177852711,4.234756116545));
#8308 = VECTOR('',#8309,1.);
#8309 = DIRECTION('',(1.,-1.224646799147E-16,0.));
#8310 = ORIENTED_EDGE('',*,*,#7999,.F.);
#8311 = ORIENTED_EDGE('',*,*,#8288,.F.);
#8312 = ORIENTED_EDGE('',*,*,#8124,.T.);
#8313 = CYLINDRICAL_SURFACE('',#8314,5.E-02);
#8314 = AXIS2_PLACEMENT_3D('',#8315,#8316,#8317);
#8315 = CARTESIAN_POINT('',(14.87500075,0.558045627557,4.221217693382));
#8316 = DIRECTION('',(-1.,1.224646799147E-16,0.));
#8317 = DIRECTION('',(1.499759782662E-32,1.224646799147E-16,-1.));
#8318 = ADVANCED_FACE('',(#8319),#8325,.T.);
#8319 = FACE_BOUND('',#8320,.T.);
#8320 = EDGE_LOOP('',(#8321,#8322,#8323,#8324));
#8321 = ORIENTED_EDGE('',*,*,#8091,.T.);
#8322 = ORIENTED_EDGE('',*,*,#8008,.F.);
#8323 = ORIENTED_EDGE('',*,*,#8305,.F.);
#8324 = ORIENTED_EDGE('',*,*,#8116,.T.);
#8325 = PLANE('',#8326);
#8326 = AXIS2_PLACEMENT_3D('',#8327,#8328,#8329);
#8327 = CARTESIAN_POINT('',(14.87500075,0.606177852711,4.234756116545));
#8328 = DIRECTION('',(1.17889950941E-16,0.962644503077,0.27076846326));
#8329 = DIRECTION('',(1.,-1.224646799147E-16,0.));
#8330 = ADVANCED_FACE('',(#8331),#8342,.T.);
#8331 = FACE_BOUND('',#8332,.T.);
#8332 = EDGE_LOOP('',(#8333,#8334,#8340,#8341));
#8333 = ORIENTED_EDGE('',*,*,#8191,.T.);
#8334 = ORIENTED_EDGE('',*,*,#8335,.T.);
#8335 = EDGE_CURVE('',#8183,#8033,#8336,.T.);
#8336 = LINE('',#8337,#8338);
#8337 = CARTESIAN_POINT('',(14.87500075,1.433094454873,4.503112717345));
#8338 = VECTOR('',#8339,1.);
#8339 = DIRECTION('',(1.,-1.224646799147E-16,0.));
#8340 = ORIENTED_EDGE('',*,*,#8032,.F.);
#8341 = ORIENTED_EDGE('',*,*,#1291,.F.);
#8342 = PLANE('',#8343);
#8343 = AXIS2_PLACEMENT_3D('',#8344,#8345,#8346);
#8344 = CARTESIAN_POINT('',(14.87500075,1.687301483822,5.025007741308));
#8345 = DIRECTION('',(-1.100986194907E-16,-0.89902345368,0.437900479257)
  );
#8346 = DIRECTION('',(5.362734202678E-17,0.437900479257,0.89902345368));
#8347 = ADVANCED_FACE('',(#8348),#8359,.T.);
#8348 = FACE_BOUND('',#8349,.T.);
#8349 = EDGE_LOOP('',(#8350,#8356,#8357,#8358));
#8350 = ORIENTED_EDGE('',*,*,#8351,.T.);
#8351 = EDGE_CURVE('',#8175,#8041,#8352,.T.);
#8352 = LINE('',#8353,#8354);
#8353 = CARTESIAN_POINT('',(14.87500075,1.429913402403,4.467679270219));
#8354 = VECTOR('',#8355,1.);
#8355 = DIRECTION('',(1.,-1.224646799147E-16,0.));
#8356 = ORIENTED_EDGE('',*,*,#8040,.F.);
#8357 = ORIENTED_EDGE('',*,*,#8335,.F.);
#8358 = ORIENTED_EDGE('',*,*,#8182,.T.);
#8359 = CYLINDRICAL_SURFACE('',#8360,5.E-02);
#8360 = AXIS2_PLACEMENT_3D('',#8361,#8362,#8363);
#8361 = CARTESIAN_POINT('',(14.87500075,1.478045627557,4.481217693382));
#8362 = DIRECTION('',(-1.,1.224646799147E-16,0.));
#8363 = DIRECTION('',(1.499759782662E-32,1.224646799147E-16,-1.));
#8364 = ADVANCED_FACE('',(#8365),#8371,.T.);
#8365 = FACE_BOUND('',#8366,.T.);
#8366 = EDGE_LOOP('',(#8367,#8368,#8369,#8370));
#8367 = ORIENTED_EDGE('',*,*,#8049,.F.);
#8368 = ORIENTED_EDGE('',*,*,#8351,.F.);
#8369 = ORIENTED_EDGE('',*,*,#8174,.T.);
#8370 = ORIENTED_EDGE('',*,*,#1309,.T.);
#8371 = PLANE('',#8372);
#8372 = AXIS2_PLACEMENT_3D('',#8373,#8374,#8375);
#8373 = CARTESIAN_POINT('',(14.87500075,1.429913402403,4.467679270219));
#8374 = DIRECTION('',(-1.17889950941E-16,-0.962644503077,-0.27076846326)
  );
#8375 = DIRECTION('',(1.,-1.224646799147E-16,0.));
#8376 = ADVANCED_FACE('',(#8377),#8383,.T.);
#8377 = FACE_BOUND('',#8378,.T.);
#8378 = EDGE_LOOP('',(#8379,#8380,#8381,#8382));
#8379 = ORIENTED_EDGE('',*,*,#8222,.T.);
#8380 = ORIENTED_EDGE('',*,*,#7324,.T.);
#8381 = ORIENTED_EDGE('',*,*,#107,.F.);
#8382 = ORIENTED_EDGE('',*,*,#7669,.F.);
#8383 = PLANE('',#8384);
#8384 = AXIS2_PLACEMENT_3D('',#8385,#8386,#8387);
#8385 = CARTESIAN_POINT('',(14.87500075,-0.247132042878,-0.751061086853)
  );
#8386 = DIRECTION('',(-0.573576436351,5.46089227678E-03,-0.819133841517)
  );
#8387 = DIRECTION('',(-9.520343664427E-03,-0.999954680501,
    -1.215917681388E-16));
#8388 = ADVANCED_FACE('',(#8389),#8400,.F.);
#8389 = FACE_BOUND('',#8390,.F.);
#8390 = EDGE_LOOP('',(#8391,#8392,#8398,#8399));
#8391 = ORIENTED_EDGE('',*,*,#7676,.T.);
#8392 = ORIENTED_EDGE('',*,*,#8393,.T.);
#8393 = EDGE_CURVE('',#7677,#7309,#8394,.T.);
#8394 = LINE('',#8395,#8396);
#8395 = CARTESIAN_POINT('',(15.297686116458,-0.244658526007,
    -1.122088617425));
#8396 = VECTOR('',#8397,1.);
#8397 = DIRECTION('',(1.224619585681E-16,0.999977778518,
    6.666518523458E-03));
#8398 = ORIENTED_EDGE('',*,*,#7316,.F.);
#8399 = ORIENTED_EDGE('',*,*,#124,.F.);
#8400 = CYLINDRICAL_SURFACE('',#8401,0.1);
#8401 = AXIS2_PLACEMENT_3D('',#8402,#8403,#8404);
#8402 = CARTESIAN_POINT('',(15.20000075,-0.244801128617,-1.100698226019)
  );
#8403 = DIRECTION('',(1.224619585681E-16,0.999977778518,
    6.666518523457E-03));
#8404 = DIRECTION('',(1.,-1.224646799147E-16,0.));
#8405 = ADVANCED_FACE('',(#8406),#8417,.T.);
#8406 = FACE_BOUND('',#8407,.T.);
#8407 = EDGE_LOOP('',(#8408,#8409,#8410,#8416));
#8408 = ORIENTED_EDGE('',*,*,#8393,.T.);
#8409 = ORIENTED_EDGE('',*,*,#7308,.T.);
#8410 = ORIENTED_EDGE('',*,*,#8411,.F.);
#8411 = EDGE_CURVE('',#7686,#7298,#8412,.T.);
#8412 = LINE('',#8413,#8414);
#8413 = CARTESIAN_POINT('',(14.885416600939,-0.23210743609,
    -3.004752105048));
#8414 = VECTOR('',#8415,1.);
#8415 = DIRECTION('',(1.224619585681E-16,0.999977778518,
    6.666518523456E-03));
#8416 = ORIENTED_EDGE('',*,*,#7685,.F.);
#8417 = PLANE('',#8418);
#8418 = AXIS2_PLACEMENT_3D('',#8419,#8420,#8421);
#8419 = CARTESIAN_POINT('',(15.297686116458,-0.244658526007,
    -1.122088617425));
#8420 = DIRECTION('',(-0.976853664579,-1.426026093686E-03,0.213903914053
    ));
#8421 = DIRECTION('',(-1.257145650856E-16,-0.999977778518,
    -6.666518523454E-03));
#8422 = ADVANCED_FACE('',(#8423),#8434,.T.);
#8423 = FACE_BOUND('',#8424,.T.);
#8424 = EDGE_LOOP('',(#8425,#8426,#8427,#8433));
#8425 = ORIENTED_EDGE('',*,*,#8411,.T.);
#8426 = ORIENTED_EDGE('',*,*,#7297,.T.);
#8427 = ORIENTED_EDGE('',*,*,#8428,.F.);
#8428 = EDGE_CURVE('',#7694,#7300,#8429,.T.);
#8429 = LINE('',#8430,#8431);
#8430 = CARTESIAN_POINT('',(14.87500075,-0.231465724348,-3.101008866371)
  );
#8431 = VECTOR('',#8432,1.);
#8432 = DIRECTION('',(1.224619585681E-16,0.999977778518,
    6.666518523456E-03));
#8433 = ORIENTED_EDGE('',*,*,#7693,.F.);
#8434 = CYLINDRICAL_SURFACE('',#8435,0.45);
#8435 = AXIS2_PLACEMENT_3D('',#8436,#8437,#8438);
#8436 = CARTESIAN_POINT('',(15.32500075,-0.231465724348,-3.101008866371)
  );
#8437 = DIRECTION('',(1.224619585681E-16,0.999977778518,
    6.666518523457E-03));
#8438 = DIRECTION('',(1.,-1.224646799147E-16,0.));
#8439 = ADVANCED_FACE('',(#8440),#8460,.T.);
#8440 = FACE_BOUND('',#8441,.T.);
#8441 = EDGE_LOOP('',(#8442,#8443,#8444,#8445,#8453,#8459));
#8442 = ORIENTED_EDGE('',*,*,#7702,.F.);
#8443 = ORIENTED_EDGE('',*,*,#8428,.T.);
#8444 = ORIENTED_EDGE('',*,*,#7405,.T.);
#8445 = ORIENTED_EDGE('',*,*,#8446,.T.);
#8446 = EDGE_CURVE('',#7398,#8447,#8449,.T.);
#8447 = VERTEX_POINT('',#8448);
#8448 = CARTESIAN_POINT('',(14.87500075,7.019423883929E-02,
    -3.49900668874));
#8449 = LINE('',#8450,#8451);
#8450 = CARTESIAN_POINT('',(14.87500075,0.217857624133,-3.14801448848));
#8451 = VECTOR('',#8452,1.);
#8452 = DIRECTION('',(-4.748972681789E-17,-0.38778304774,-0.921750675554
    ));
#8453 = ORIENTED_EDGE('',*,*,#8454,.F.);
#8454 = EDGE_CURVE('',#7842,#8447,#8455,.T.);
#8455 = LINE('',#8456,#8457);
#8456 = CARTESIAN_POINT('',(14.87500075,-7.880245015971E-02,-3.5));
#8457 = VECTOR('',#8458,1.);
#8458 = DIRECTION('',(1.224619585681E-16,0.999977778518,
    6.666518523456E-03));
#8459 = ORIENTED_EDGE('',*,*,#7841,.T.);
#8460 = PLANE('',#8461);
#8461 = AXIS2_PLACEMENT_3D('',#8462,#8463,#8464);
#8462 = CARTESIAN_POINT('',(14.87500075,-0.231465724348,-3.101008866371)
  );
#8463 = DIRECTION('',(-1.,1.224646799147E-16,0.));
#8464 = DIRECTION('',(1.224646799147E-16,1.,1.224646799147E-16));
#8465 = ADVANCED_FACE('',(#8466),#8477,.T.);
#8466 = FACE_BOUND('',#8467,.T.);
#8467 = EDGE_LOOP('',(#8468,#8469,#8475,#8476));
#8468 = ORIENTED_EDGE('',*,*,#8454,.T.);
#8469 = ORIENTED_EDGE('',*,*,#8470,.F.);
#8470 = EDGE_CURVE('',#7872,#8447,#8471,.T.);
#8471 = LINE('',#8472,#8473);
#8472 = CARTESIAN_POINT('',(15.12500075,7.019423883929E-02,
    -3.49900668874));
#8473 = VECTOR('',#8474,1.);
#8474 = DIRECTION('',(-1.,1.224646799147E-16,0.));
#8475 = ORIENTED_EDGE('',*,*,#7871,.F.);
#8476 = ORIENTED_EDGE('',*,*,#7849,.F.);
#8477 = PLANE('',#8478);
#8478 = AXIS2_PLACEMENT_3D('',#8479,#8480,#8481);
#8479 = CARTESIAN_POINT('',(14.87500075,-0.228799116938,-3.500999977779)
  );
#8480 = DIRECTION('',(8.164130571208E-19,6.666518523457E-03,
    -0.999977778518));
#8481 = DIRECTION('',(-1.,1.224646799147E-16,0.));
#8482 = ADVANCED_FACE('',(#8483),#8489,.T.);
#8483 = FACE_BOUND('',#8484,.T.);
#8484 = EDGE_LOOP('',(#8485,#8486,#8487,#8488));
#8485 = ORIENTED_EDGE('',*,*,#7397,.F.);
#8486 = ORIENTED_EDGE('',*,*,#7879,.F.);
#8487 = ORIENTED_EDGE('',*,*,#8470,.T.);
#8488 = ORIENTED_EDGE('',*,*,#8446,.F.);
#8489 = PLANE('',#8490);
#8490 = AXIS2_PLACEMENT_3D('',#8491,#8492,#8493);
#8491 = CARTESIAN_POINT('',(15.00000075,0.144025931486,-3.32351058861));
#8492 = DIRECTION('',(1.12881901443E-16,0.921750675554,-0.38778304774));
#8493 = DIRECTION('',(-1.,1.224646799147E-16,0.));
#8494 = ADVANCED_FACE('',(#8495),#8506,.F.);
#8495 = FACE_BOUND('',#8496,.T.);
#8496 = EDGE_LOOP('',(#8497,#8498,#8504,#8505));
#8497 = ORIENTED_EDGE('',*,*,#8215,.T.);
#8498 = ORIENTED_EDGE('',*,*,#8499,.T.);
#8499 = EDGE_CURVE('',#8208,#8065,#8500,.T.);
#8500 = LINE('',#8501,#8502);
#8501 = CARTESIAN_POINT('',(14.87500075,0.218052765254,-0.401068864371)
  );
#8502 = VECTOR('',#8503,1.);
#8503 = DIRECTION('',(1.,-1.224646799147E-16,0.));
#8504 = ORIENTED_EDGE('',*,*,#8076,.F.);
#8505 = ORIENTED_EDGE('',*,*,#7340,.T.);
#8506 = PLANE('',#8507);
#8507 = AXIS2_PLACEMENT_3D('',#8508,#8509,#8510);
#8508 = CARTESIAN_POINT('',(15.25000075,-0.761947234746,-0.401068864371)
  );
#8509 = DIRECTION('',(-1.499759782662E-32,-1.224646799147E-16,1.));
#8510 = DIRECTION('',(-1.224646799147E-16,-1.,-1.224646799147E-16));
#8511 = ADVANCED_FACE('',(#8512),#8518,.T.);
#8512 = FACE_BOUND('',#8513,.T.);
#8513 = EDGE_LOOP('',(#8514,#8515,#8516,#8517));
#8514 = ORIENTED_EDGE('',*,*,#8207,.T.);
#8515 = ORIENTED_EDGE('',*,*,#614,.T.);
#8516 = ORIENTED_EDGE('',*,*,#8064,.F.);
#8517 = ORIENTED_EDGE('',*,*,#8499,.F.);
#8518 = PLANE('',#8519);
#8519 = AXIS2_PLACEMENT_3D('',#8520,#8521,#8522);
#8520 = CARTESIAN_POINT('',(14.87500075,0.218052765254,-3.128782306618)
  );
#8521 = DIRECTION('',(1.224646799147E-16,1.,1.224646799147E-16));
#8522 = DIRECTION('',(-1.,1.224646799147E-16,0.));
#8523 = ADVANCED_FACE('',(#8524),#8535,.T.);
#8524 = FACE_BOUND('',#8525,.T.);
#8525 = EDGE_LOOP('',(#8526,#8527,#8528,#8534));
#8526 = ORIENTED_EDGE('',*,*,#7275,.F.);
#8527 = ORIENTED_EDGE('',*,*,#7505,.F.);
#8528 = ORIENTED_EDGE('',*,*,#8529,.T.);
#8529 = EDGE_CURVE('',#7498,#7437,#8530,.T.);
#8530 = LINE('',#8531,#8532);
#8531 = CARTESIAN_POINT('',(0.12500075,7.019423883929E-02,-3.49900668874
    ));
#8532 = VECTOR('',#8533,1.);
#8533 = DIRECTION('',(-1.,1.224646799147E-16,0.));
#8534 = ORIENTED_EDGE('',*,*,#7436,.F.);
#8535 = PLANE('',#8536);
#8536 = AXIS2_PLACEMENT_3D('',#8537,#8538,#8539);
#8537 = CARTESIAN_POINT('',(7.499999927774E-07,0.144025931486,
    -3.32351058861));
#8538 = DIRECTION('',(1.12881901443E-16,0.921750675554,-0.38778304774));
#8539 = DIRECTION('',(-1.,1.224646799147E-16,0.));
#8540 = ADVANCED_FACE('',(#8541),#8547,.T.);
#8541 = FACE_BOUND('',#8542,.T.);
#8542 = EDGE_LOOP('',(#8543,#8544,#8545,#8546));
#8543 = ORIENTED_EDGE('',*,*,#7444,.T.);
#8544 = ORIENTED_EDGE('',*,*,#8529,.F.);
#8545 = ORIENTED_EDGE('',*,*,#7497,.F.);
#8546 = ORIENTED_EDGE('',*,*,#7475,.F.);
#8547 = PLANE('',#8548);
#8548 = AXIS2_PLACEMENT_3D('',#8549,#8550,#8551);
#8549 = CARTESIAN_POINT('',(-0.12499925,-0.228799116938,-3.500999977779)
  );
#8550 = DIRECTION('',(8.164130571208E-19,6.666518523457E-03,
    -0.999977778518));
#8551 = DIRECTION('',(-1.,1.224646799147E-16,0.));
#8552 = ADVANCED_FACE('',(#8553),#8559,.T.);
#8553 = FACE_BOUND('',#8554,.T.);
#8554 = EDGE_LOOP('',(#8555,#8556,#8557,#8558));
#8555 = ORIENTED_EDGE('',*,*,#1026,.T.);
#8556 = ORIENTED_EDGE('',*,*,#852,.T.);
#8557 = ORIENTED_EDGE('',*,*,#6986,.F.);
#8558 = ORIENTED_EDGE('',*,*,#7177,.F.);
#8559 = PLANE('',#8560);
#8560 = AXIS2_PLACEMENT_3D('',#8561,#8562,#8563);
#8561 = CARTESIAN_POINT('',(-0.12499925,0.218052765254,-3.128782306618)
  );
#8562 = DIRECTION('',(1.224646799147E-16,1.,1.224646799147E-16));
#8563 = DIRECTION('',(-1.,1.224646799147E-16,0.));
#8564 = ADVANCED_FACE('',(#8565),#8606,.F.);
#8565 = FACE_BOUND('',#8566,.T.);
#8566 = EDGE_LOOP('',(#8567,#8568,#8576,#8584,#8592,#8600));
#8567 = ORIENTED_EDGE('',*,*,#486,.T.);
#8568 = ORIENTED_EDGE('',*,*,#8569,.F.);
#8569 = EDGE_CURVE('',#8570,#479,#8572,.T.);
#8570 = VERTEX_POINT('',#8571);
#8571 = CARTESIAN_POINT('',(2.87500075,0.218052765254,-3.128782306618));
#8572 = LINE('',#8573,#8574);
#8573 = CARTESIAN_POINT('',(2.87500075,0.218052765254,-3.128782306618));
#8574 = VECTOR('',#8575,1.);
#8575 = DIRECTION('',(-1.499759782662E-32,-1.224646799147E-16,1.));
#8576 = ORIENTED_EDGE('',*,*,#8577,.F.);
#8577 = EDGE_CURVE('',#8578,#8570,#8580,.T.);
#8578 = VERTEX_POINT('',#8579);
#8579 = CARTESIAN_POINT('',(2.87500075,6.805276525429E-02,
    -3.428782306618));
#8580 = LINE('',#8581,#8582);
#8581 = CARTESIAN_POINT('',(2.87500075,6.805276525429E-02,
    -3.428782306618));
#8582 = VECTOR('',#8583,1.);
#8583 = DIRECTION('',(5.476786982643E-17,0.4472135955,0.894427191));
#8584 = ORIENTED_EDGE('',*,*,#8585,.F.);
#8585 = EDGE_CURVE('',#8586,#8578,#8588,.T.);
#8586 = VERTEX_POINT('',#8587);
#8587 = CARTESIAN_POINT('',(2.87500075,-8.194723474571E-02,
    -3.428782306618));
#8588 = LINE('',#8589,#8590);
#8589 = CARTESIAN_POINT('',(2.87500075,-8.194723474571E-02,
    -3.428782306618));
#8590 = VECTOR('',#8591,1.);
#8591 = DIRECTION('',(1.224646799147E-16,1.,1.224646799147E-16));
#8592 = ORIENTED_EDGE('',*,*,#8593,.F.);
#8593 = EDGE_CURVE('',#8594,#8586,#8596,.T.);
#8594 = VERTEX_POINT('',#8595);
#8595 = CARTESIAN_POINT('',(2.87500075,-0.231947234746,-3.028782306618)
  );
#8596 = LINE('',#8597,#8598);
#8597 = CARTESIAN_POINT('',(2.87500075,-0.231947234746,-3.028782306618)
  );
#8598 = VECTOR('',#8599,1.);
#8599 = DIRECTION('',(4.300021988469E-17,0.351123441588,-0.936329177569)
  );
#8600 = ORIENTED_EDGE('',*,*,#8601,.F.);
#8601 = EDGE_CURVE('',#461,#8594,#8602,.T.);
#8602 = LINE('',#8603,#8604);
#8603 = CARTESIAN_POINT('',(2.87500075,-0.251947234746,
    -2.878230661791E-02));
#8604 = VECTOR('',#8605,1.);
#8605 = DIRECTION('',(8.164130571207E-19,6.666518523456E-03,
    -0.999977778518));
#8606 = PLANE('',#8607);
#8607 = AXIS2_PLACEMENT_3D('',#8608,#8609,#8610);
#8608 = CARTESIAN_POINT('',(2.87500075,2.513052765254,4.741217693382));
#8609 = DIRECTION('',(1.,-1.224646799147E-16,0.));
#8610 = DIRECTION('',(1.499759782662E-32,1.224646799147E-16,-1.));
#8611 = ADVANCED_FACE('',(#8612),#8638,.F.);
#8612 = FACE_BOUND('',#8613,.T.);
#8613 = EDGE_LOOP('',(#8614,#8615,#8623,#8632));
#8614 = ORIENTED_EDGE('',*,*,#1181,.F.);
#8615 = ORIENTED_EDGE('',*,*,#8616,.F.);
#8616 = EDGE_CURVE('',#8617,#1174,#8619,.T.);
#8617 = VERTEX_POINT('',#8618);
#8618 = CARTESIAN_POINT('',(2.87500075,1.429913402403,4.467679270219));
#8619 = LINE('',#8620,#8621);
#8620 = CARTESIAN_POINT('',(2.87500075,1.429913402403,4.467679270219));
#8621 = VECTOR('',#8622,1.);
#8622 = DIRECTION('',(3.315957318415E-17,0.27076846326,-0.962644503077)
  );
#8623 = ORIENTED_EDGE('',*,*,#8624,.F.);
#8624 = EDGE_CURVE('',#8625,#8617,#8627,.T.);
#8625 = VERTEX_POINT('',#8626);
#8626 = CARTESIAN_POINT('',(2.87500075,1.433094454873,4.503112717345));
#8627 = CIRCLE('',#8628,5.E-02);
#8628 = AXIS2_PLACEMENT_3D('',#8629,#8630,#8631);
#8629 = CARTESIAN_POINT('',(2.87500075,1.478045627557,4.481217693382));
#8630 = DIRECTION('',(1.,-1.224646799147E-16,6.162975822039E-33));
#8631 = DIRECTION('',(-1.100986194907E-16,-0.89902345368,0.437900479257)
  );
#8632 = ORIENTED_EDGE('',*,*,#8633,.F.);
#8633 = EDGE_CURVE('',#1156,#8625,#8634,.T.);
#8634 = LINE('',#8635,#8636);
#8635 = CARTESIAN_POINT('',(2.87500075,1.648052765254,4.944428887914));
#8636 = VECTOR('',#8637,1.);
#8637 = DIRECTION('',(-5.362734202678E-17,-0.437900479257,-0.89902345368
    ));
#8638 = PLANE('',#8639);
#8639 = AXIS2_PLACEMENT_3D('',#8640,#8641,#8642);
#8640 = CARTESIAN_POINT('',(2.87500075,2.513052765254,4.741217693382));
#8641 = DIRECTION('',(1.,-1.224646799147E-16,0.));
#8642 = DIRECTION('',(1.499759782662E-32,1.224646799147E-16,-1.));
#8643 = ADVANCED_FACE('',(#8644),#8705,.F.);
#8644 = FACE_BOUND('',#8645,.T.);
#8645 = EDGE_LOOP('',(#8646,#8647,#8648,#8649,#8658,#8666,#8675,#8683,
    #8691,#8699));
#8646 = ORIENTED_EDGE('',*,*,#5806,.F.);
#8647 = ORIENTED_EDGE('',*,*,#6136,.F.);
#8648 = ORIENTED_EDGE('',*,*,#5030,.T.);
#8649 = ORIENTED_EDGE('',*,*,#8650,.F.);
#8650 = EDGE_CURVE('',#8651,#5023,#8653,.T.);
#8651 = VERTEX_POINT('',#8652);
#8652 = CARTESIAN_POINT('',(2.87500075,0.398856079879,4.971832962871));
#8653 = CIRCLE('',#8654,0.15);
#8654 = AXIS2_PLACEMENT_3D('',#8655,#8656,#8657);
#8655 = CARTESIAN_POINT('',(2.87500075,0.254459404418,4.931217693382));
#8656 = DIRECTION('',(1.,-1.224646799147E-16,0.));
#8657 = DIRECTION('',(1.17889950941E-16,0.962644503077,0.27076846326));
#8658 = ORIENTED_EDGE('',*,*,#8659,.F.);
#8659 = EDGE_CURVE('',#8660,#8651,#8662,.T.);
#8660 = VERTEX_POINT('',#8661);
#8661 = CARTESIAN_POINT('',(2.87500075,0.606177852711,4.234756116545));
#8662 = LINE('',#8663,#8664);
#8663 = CARTESIAN_POINT('',(2.87500075,0.606177852711,4.234756116545));
#8664 = VECTOR('',#8665,1.);
#8665 = DIRECTION('',(-3.315957318415E-17,-0.27076846326,0.962644503077)
  );
#8666 = ORIENTED_EDGE('',*,*,#8667,.F.);
#8667 = EDGE_CURVE('',#8668,#8660,#8670,.T.);
#8668 = VERTEX_POINT('',#8669);
#8669 = CARTESIAN_POINT('',(2.87500075,0.602996800241,4.199322669419));
#8670 = CIRCLE('',#8671,5.E-02);
#8671 = AXIS2_PLACEMENT_3D('',#8672,#8673,#8674);
#8672 = CARTESIAN_POINT('',(2.87500075,0.558045627557,4.221217693382));
#8673 = DIRECTION('',(1.,-1.224646799147E-16,6.162975822039E-33));
#8674 = DIRECTION('',(1.100986194907E-16,0.89902345368,-0.437900479257)
  );
#8675 = ORIENTED_EDGE('',*,*,#8676,.F.);
#8676 = EDGE_CURVE('',#8677,#8668,#8679,.T.);
#8677 = VERTEX_POINT('',#8678);
#8678 = CARTESIAN_POINT('',(2.87500075,0.448052765254,3.881217693382));
#8679 = LINE('',#8680,#8681);
#8680 = CARTESIAN_POINT('',(2.87500075,0.448052765254,3.881217693382));
#8681 = VECTOR('',#8682,1.);
#8682 = DIRECTION('',(5.362734202678E-17,0.437900479257,0.89902345368));
#8683 = ORIENTED_EDGE('',*,*,#8684,.F.);
#8684 = EDGE_CURVE('',#8685,#8677,#8687,.T.);
#8685 = VERTEX_POINT('',#8686);
#8686 = CARTESIAN_POINT('',(2.87500075,0.448052765254,2.581217693382));
#8687 = LINE('',#8688,#8689);
#8688 = CARTESIAN_POINT('',(2.87500075,0.448052765254,2.581217693382));
#8689 = VECTOR('',#8690,1.);
#8690 = DIRECTION('',(-1.499759782662E-32,-1.224646799147E-16,1.));
#8691 = ORIENTED_EDGE('',*,*,#8692,.F.);
#8692 = EDGE_CURVE('',#8693,#8685,#8695,.T.);
#8693 = VERTEX_POINT('',#8694);
#8694 = CARTESIAN_POINT('',(2.87500075,1.378052765254,2.581217693382));
#8695 = LINE('',#8696,#8697);
#8696 = CARTESIAN_POINT('',(2.87500075,1.378052765254,2.581217693382));
#8697 = VECTOR('',#8698,1.);
#8698 = DIRECTION('',(-1.224646799147E-16,-1.,-1.224646799147E-16));
#8699 = ORIENTED_EDGE('',*,*,#8700,.F.);
#8700 = EDGE_CURVE('',#5807,#8693,#8701,.T.);
#8701 = LINE('',#8702,#8703);
#8702 = CARTESIAN_POINT('',(2.87500075,1.378052765254,2.471217693382));
#8703 = VECTOR('',#8704,1.);
#8704 = DIRECTION('',(-1.499759782662E-32,-1.224646799147E-16,1.));
#8705 = PLANE('',#8706);
#8706 = AXIS2_PLACEMENT_3D('',#8707,#8708,#8709);
#8707 = CARTESIAN_POINT('',(2.87500075,2.513052765254,4.741217693382));
#8708 = DIRECTION('',(1.,-1.224646799147E-16,0.));
#8709 = DIRECTION('',(1.499759782662E-32,1.224646799147E-16,-1.));
#8710 = ADVANCED_FACE('',(#8711),#8729,.T.);
#8711 = FACE_BOUND('',#8712,.T.);
#8712 = EDGE_LOOP('',(#8713,#8721,#8727,#8728));
#8713 = ORIENTED_EDGE('',*,*,#8714,.T.);
#8714 = EDGE_CURVE('',#8594,#8715,#8717,.T.);
#8715 = VERTEX_POINT('',#8716);
#8716 = CARTESIAN_POINT('',(3.12500075,-0.231947234746,-3.028782306618)
  );
#8717 = LINE('',#8718,#8719);
#8718 = CARTESIAN_POINT('',(2.87500075,-0.231947234746,-3.028782306618)
  );
#8719 = VECTOR('',#8720,1.);
#8720 = DIRECTION('',(1.,-1.224646799147E-16,0.));
#8721 = ORIENTED_EDGE('',*,*,#8722,.F.);
#8722 = EDGE_CURVE('',#463,#8715,#8723,.T.);
#8723 = LINE('',#8724,#8725);
#8724 = CARTESIAN_POINT('',(3.12500075,-0.251947234746,
    -2.878230661791E-02));
#8725 = VECTOR('',#8726,1.);
#8726 = DIRECTION('',(8.164130571207E-19,6.666518523456E-03,
    -0.999977778518));
#8727 = ORIENTED_EDGE('',*,*,#460,.F.);
#8728 = ORIENTED_EDGE('',*,*,#8601,.T.);
#8729 = PLANE('',#8730);
#8730 = AXIS2_PLACEMENT_3D('',#8731,#8732,#8733);
#8731 = CARTESIAN_POINT('',(2.87500075,-0.251947234746,
    -2.878230661791E-02));
#8732 = DIRECTION('',(-1.224619585681E-16,-0.999977778518,
    -6.666518523457E-03));
#8733 = DIRECTION('',(1.,-1.224646799147E-16,0.));
#8734 = ADVANCED_FACE('',(#8735),#8769,.T.);
#8735 = FACE_BOUND('',#8736,.T.);
#8736 = EDGE_LOOP('',(#8737,#8745,#8753,#8761,#8767,#8768));
#8737 = ORIENTED_EDGE('',*,*,#8738,.T.);
#8738 = EDGE_CURVE('',#8715,#8739,#8741,.T.);
#8739 = VERTEX_POINT('',#8740);
#8740 = CARTESIAN_POINT('',(3.12500075,-8.194723474571E-02,
    -3.428782306618));
#8741 = LINE('',#8742,#8743);
#8742 = CARTESIAN_POINT('',(3.12500075,-0.231947234746,-3.028782306618)
  );
#8743 = VECTOR('',#8744,1.);
#8744 = DIRECTION('',(4.300021988469E-17,0.351123441588,-0.936329177569)
  );
#8745 = ORIENTED_EDGE('',*,*,#8746,.T.);
#8746 = EDGE_CURVE('',#8739,#8747,#8749,.T.);
#8747 = VERTEX_POINT('',#8748);
#8748 = CARTESIAN_POINT('',(3.12500075,6.805276525429E-02,
    -3.428782306618));
#8749 = LINE('',#8750,#8751);
#8750 = CARTESIAN_POINT('',(3.12500075,-8.194723474571E-02,
    -3.428782306618));
#8751 = VECTOR('',#8752,1.);
#8752 = DIRECTION('',(1.224646799147E-16,1.,1.224646799147E-16));
#8753 = ORIENTED_EDGE('',*,*,#8754,.T.);
#8754 = EDGE_CURVE('',#8747,#8755,#8757,.T.);
#8755 = VERTEX_POINT('',#8756);
#8756 = CARTESIAN_POINT('',(3.12500075,0.218052765254,-3.128782306618));
#8757 = LINE('',#8758,#8759);
#8758 = CARTESIAN_POINT('',(3.12500075,6.805276525429E-02,
    -3.428782306618));
#8759 = VECTOR('',#8760,1.);
#8760 = DIRECTION('',(5.476786982643E-17,0.4472135955,0.894427191));
#8761 = ORIENTED_EDGE('',*,*,#8762,.T.);
#8762 = EDGE_CURVE('',#8755,#471,#8763,.T.);
#8763 = LINE('',#8764,#8765);
#8764 = CARTESIAN_POINT('',(3.12500075,0.218052765254,-3.128782306618));
#8765 = VECTOR('',#8766,1.);
#8766 = DIRECTION('',(-1.499759782662E-32,-1.224646799147E-16,1.));
#8767 = ORIENTED_EDGE('',*,*,#470,.F.);
#8768 = ORIENTED_EDGE('',*,*,#8722,.T.);
#8769 = PLANE('',#8770);
#8770 = AXIS2_PLACEMENT_3D('',#8771,#8772,#8773);
#8771 = CARTESIAN_POINT('',(3.12500075,2.513052765254,4.741217693382));
#8772 = DIRECTION('',(1.,-1.224646799147E-16,0.));
#8773 = DIRECTION('',(1.499759782662E-32,1.224646799147E-16,-1.));
#8774 = ADVANCED_FACE('',(#8775),#8801,.T.);
#8775 = FACE_BOUND('',#8776,.T.);
#8776 = EDGE_LOOP('',(#8777,#8788,#8794,#8795));
#8777 = ORIENTED_EDGE('',*,*,#8778,.T.);
#8778 = EDGE_CURVE('',#8779,#8781,#8783,.T.);
#8779 = VERTEX_POINT('',#8780);
#8780 = CARTESIAN_POINT('',(3.12500075,1.433094454873,4.503112717345));
#8781 = VERTEX_POINT('',#8782);
#8782 = CARTESIAN_POINT('',(3.12500075,1.429913402403,4.467679270219));
#8783 = CIRCLE('',#8784,5.E-02);
#8784 = AXIS2_PLACEMENT_3D('',#8785,#8786,#8787);
#8785 = CARTESIAN_POINT('',(3.12500075,1.478045627557,4.481217693382));
#8786 = DIRECTION('',(1.,-1.224646799147E-16,6.162975822039E-33));
#8787 = DIRECTION('',(-1.100986194907E-16,-0.89902345368,0.437900479257)
  );
#8788 = ORIENTED_EDGE('',*,*,#8789,.T.);
#8789 = EDGE_CURVE('',#8781,#1166,#8790,.T.);
#8790 = LINE('',#8791,#8792);
#8791 = CARTESIAN_POINT('',(3.12500075,1.429913402403,4.467679270219));
#8792 = VECTOR('',#8793,1.);
#8793 = DIRECTION('',(3.315957318415E-17,0.27076846326,-0.962644503077)
  );
#8794 = ORIENTED_EDGE('',*,*,#1165,.T.);
#8795 = ORIENTED_EDGE('',*,*,#8796,.T.);
#8796 = EDGE_CURVE('',#1158,#8779,#8797,.T.);
#8797 = LINE('',#8798,#8799);
#8798 = CARTESIAN_POINT('',(3.12500075,1.648052765254,4.944428887914));
#8799 = VECTOR('',#8800,1.);
#8800 = DIRECTION('',(-5.362734202678E-17,-0.437900479257,-0.89902345368
    ));
#8801 = PLANE('',#8802);
#8802 = AXIS2_PLACEMENT_3D('',#8803,#8804,#8805);
#8803 = CARTESIAN_POINT('',(3.12500075,2.513052765254,4.741217693382));
#8804 = DIRECTION('',(1.,-1.224646799147E-16,0.));
#8805 = DIRECTION('',(1.499759782662E-32,1.224646799147E-16,-1.));
#8806 = ADVANCED_FACE('',(#8807),#8868,.T.);
#8807 = FACE_BOUND('',#8808,.T.);
#8808 = EDGE_LOOP('',(#8809,#8819,#8827,#8835,#8844,#8852,#8859,#8860,
    #8861,#8862));
#8809 = ORIENTED_EDGE('',*,*,#8810,.T.);
#8810 = EDGE_CURVE('',#8811,#8813,#8815,.T.);
#8811 = VERTEX_POINT('',#8812);
#8812 = CARTESIAN_POINT('',(3.12500075,1.378052765254,2.581217693382));
#8813 = VERTEX_POINT('',#8814);
#8814 = CARTESIAN_POINT('',(3.12500075,0.448052765254,2.581217693382));
#8815 = LINE('',#8816,#8817);
#8816 = CARTESIAN_POINT('',(3.12500075,1.378052765254,2.581217693382));
#8817 = VECTOR('',#8818,1.);
#8818 = DIRECTION('',(-1.224646799147E-16,-1.,-1.224646799147E-16));
#8819 = ORIENTED_EDGE('',*,*,#8820,.T.);
#8820 = EDGE_CURVE('',#8813,#8821,#8823,.T.);
#8821 = VERTEX_POINT('',#8822);
#8822 = CARTESIAN_POINT('',(3.12500075,0.448052765254,3.881217693382));
#8823 = LINE('',#8824,#8825);
#8824 = CARTESIAN_POINT('',(3.12500075,0.448052765254,2.581217693382));
#8825 = VECTOR('',#8826,1.);
#8826 = DIRECTION('',(-1.499759782662E-32,-1.224646799147E-16,1.));
#8827 = ORIENTED_EDGE('',*,*,#8828,.T.);
#8828 = EDGE_CURVE('',#8821,#8829,#8831,.T.);
#8829 = VERTEX_POINT('',#8830);
#8830 = CARTESIAN_POINT('',(3.12500075,0.602996800241,4.199322669419));
#8831 = LINE('',#8832,#8833);
#8832 = CARTESIAN_POINT('',(3.12500075,0.448052765254,3.881217693382));
#8833 = VECTOR('',#8834,1.);
#8834 = DIRECTION('',(5.362734202678E-17,0.437900479257,0.89902345368));
#8835 = ORIENTED_EDGE('',*,*,#8836,.T.);
#8836 = EDGE_CURVE('',#8829,#8837,#8839,.T.);
#8837 = VERTEX_POINT('',#8838);
#8838 = CARTESIAN_POINT('',(3.12500075,0.606177852711,4.234756116545));
#8839 = CIRCLE('',#8840,5.E-02);
#8840 = AXIS2_PLACEMENT_3D('',#8841,#8842,#8843);
#8841 = CARTESIAN_POINT('',(3.12500075,0.558045627557,4.221217693382));
#8842 = DIRECTION('',(1.,-1.224646799147E-16,6.162975822039E-33));
#8843 = DIRECTION('',(1.100986194907E-16,0.89902345368,-0.437900479257)
  );
#8844 = ORIENTED_EDGE('',*,*,#8845,.T.);
#8845 = EDGE_CURVE('',#8837,#8846,#8848,.T.);
#8846 = VERTEX_POINT('',#8847);
#8847 = CARTESIAN_POINT('',(3.12500075,0.398856079879,4.971832962871));
#8848 = LINE('',#8849,#8850);
#8849 = CARTESIAN_POINT('',(3.12500075,0.606177852711,4.234756116545));
#8850 = VECTOR('',#8851,1.);
#8851 = DIRECTION('',(-3.315957318415E-17,-0.27076846326,0.962644503077)
  );
#8852 = ORIENTED_EDGE('',*,*,#8853,.T.);
#8853 = EDGE_CURVE('',#8846,#5015,#8854,.T.);
#8854 = CIRCLE('',#8855,0.15);
#8855 = AXIS2_PLACEMENT_3D('',#8856,#8857,#8858);
#8856 = CARTESIAN_POINT('',(3.12500075,0.254459404418,4.931217693382));
#8857 = DIRECTION('',(1.,-1.224646799147E-16,0.));
#8858 = DIRECTION('',(1.17889950941E-16,0.962644503077,0.27076846326));
#8859 = ORIENTED_EDGE('',*,*,#5014,.F.);
#8860 = ORIENTED_EDGE('',*,*,#6158,.T.);
#8861 = ORIENTED_EDGE('',*,*,#5822,.T.);
#8862 = ORIENTED_EDGE('',*,*,#8863,.T.);
#8863 = EDGE_CURVE('',#5815,#8811,#8864,.T.);
#8864 = LINE('',#8865,#8866);
#8865 = CARTESIAN_POINT('',(3.12500075,1.378052765254,2.471217693382));
#8866 = VECTOR('',#8867,1.);
#8867 = DIRECTION('',(-1.499759782662E-32,-1.224646799147E-16,1.));
#8868 = PLANE('',#8869);
#8869 = AXIS2_PLACEMENT_3D('',#8870,#8871,#8872);
#8870 = CARTESIAN_POINT('',(3.12500075,2.513052765254,4.741217693382));
#8871 = DIRECTION('',(1.,-1.224646799147E-16,0.));
#8872 = DIRECTION('',(1.499759782662E-32,1.224646799147E-16,-1.));
#8873 = ADVANCED_FACE('',(#8874),#8885,.T.);
#8874 = FACE_BOUND('',#8875,.T.);
#8875 = EDGE_LOOP('',(#8876,#8877,#8883,#8884));
#8876 = ORIENTED_EDGE('',*,*,#8762,.F.);
#8877 = ORIENTED_EDGE('',*,*,#8878,.F.);
#8878 = EDGE_CURVE('',#8570,#8755,#8879,.T.);
#8879 = LINE('',#8880,#8881);
#8880 = CARTESIAN_POINT('',(2.87500075,0.218052765254,-3.128782306618));
#8881 = VECTOR('',#8882,1.);
#8882 = DIRECTION('',(1.,-1.224646799147E-16,0.));
#8883 = ORIENTED_EDGE('',*,*,#8569,.T.);
#8884 = ORIENTED_EDGE('',*,*,#478,.T.);
#8885 = PLANE('',#8886);
#8886 = AXIS2_PLACEMENT_3D('',#8887,#8888,#8889);
#8887 = CARTESIAN_POINT('',(2.87500075,0.218052765254,-3.128782306618));
#8888 = DIRECTION('',(1.224646799147E-16,1.,1.224646799147E-16));
#8889 = DIRECTION('',(-1.,1.224646799147E-16,0.));
#8890 = ADVANCED_FACE('',(#8891),#8902,.T.);
#8891 = FACE_BOUND('',#8892,.T.);
#8892 = EDGE_LOOP('',(#8893,#8894,#8895,#8901));
#8893 = ORIENTED_EDGE('',*,*,#8878,.T.);
#8894 = ORIENTED_EDGE('',*,*,#8754,.F.);
#8895 = ORIENTED_EDGE('',*,*,#8896,.F.);
#8896 = EDGE_CURVE('',#8578,#8747,#8897,.T.);
#8897 = LINE('',#8898,#8899);
#8898 = CARTESIAN_POINT('',(2.87500075,6.805276525429E-02,
    -3.428782306618));
#8899 = VECTOR('',#8900,1.);
#8900 = DIRECTION('',(1.,-1.224646799147E-16,0.));
#8901 = ORIENTED_EDGE('',*,*,#8577,.T.);
#8902 = PLANE('',#8903);
#8903 = AXIS2_PLACEMENT_3D('',#8904,#8905,#8906);
#8904 = CARTESIAN_POINT('',(2.87500075,6.805276525429E-02,
    -3.428782306618));
#8905 = DIRECTION('',(1.095357396528E-16,0.894427191,-0.4472135955));
#8906 = DIRECTION('',(-1.,1.224646799147E-16,0.));
#8907 = ADVANCED_FACE('',(#8908),#8919,.T.);
#8908 = FACE_BOUND('',#8909,.T.);
#8909 = EDGE_LOOP('',(#8910,#8911,#8912,#8918));
#8910 = ORIENTED_EDGE('',*,*,#8896,.T.);
#8911 = ORIENTED_EDGE('',*,*,#8746,.F.);
#8912 = ORIENTED_EDGE('',*,*,#8913,.F.);
#8913 = EDGE_CURVE('',#8586,#8739,#8914,.T.);
#8914 = LINE('',#8915,#8916);
#8915 = CARTESIAN_POINT('',(2.87500075,-8.194723474571E-02,
    -3.428782306618));
#8916 = VECTOR('',#8917,1.);
#8917 = DIRECTION('',(1.,-1.224646799147E-16,0.));
#8918 = ORIENTED_EDGE('',*,*,#8585,.T.);
#8919 = PLANE('',#8920);
#8920 = AXIS2_PLACEMENT_3D('',#8921,#8922,#8923);
#8921 = CARTESIAN_POINT('',(2.87500075,-8.194723474571E-02,
    -3.428782306618));
#8922 = DIRECTION('',(1.499759782662E-32,1.224646799147E-16,-1.));
#8923 = DIRECTION('',(-1.,1.224646799147E-16,0.));
#8924 = ADVANCED_FACE('',(#8925),#8931,.T.);
#8925 = FACE_BOUND('',#8926,.T.);
#8926 = EDGE_LOOP('',(#8927,#8928,#8929,#8930));
#8927 = ORIENTED_EDGE('',*,*,#8913,.T.);
#8928 = ORIENTED_EDGE('',*,*,#8738,.F.);
#8929 = ORIENTED_EDGE('',*,*,#8714,.F.);
#8930 = ORIENTED_EDGE('',*,*,#8593,.T.);
#8931 = PLANE('',#8932);
#8932 = AXIS2_PLACEMENT_3D('',#8933,#8934,#8935);
#8933 = CARTESIAN_POINT('',(2.87500075,-0.231947234746,-3.028782306618)
  );
#8934 = DIRECTION('',(-1.146672530258E-16,-0.936329177569,
    -0.351123441588));
#8935 = DIRECTION('',(1.,-1.224646799147E-16,0.));
#8936 = ADVANCED_FACE('',(#8937),#8948,.T.);
#8937 = FACE_BOUND('',#8938,.T.);
#8938 = EDGE_LOOP('',(#8939,#8945,#8946,#8947));
#8939 = ORIENTED_EDGE('',*,*,#8940,.T.);
#8940 = EDGE_CURVE('',#8625,#8779,#8941,.T.);
#8941 = LINE('',#8942,#8943);
#8942 = CARTESIAN_POINT('',(2.87500075,1.433094454873,4.503112717345));
#8943 = VECTOR('',#8944,1.);
#8944 = DIRECTION('',(1.,-1.224646799147E-16,0.));
#8945 = ORIENTED_EDGE('',*,*,#8796,.F.);
#8946 = ORIENTED_EDGE('',*,*,#1155,.F.);
#8947 = ORIENTED_EDGE('',*,*,#8633,.T.);
#8948 = PLANE('',#8949);
#8949 = AXIS2_PLACEMENT_3D('',#8950,#8951,#8952);
#8950 = CARTESIAN_POINT('',(2.87500075,1.687301483822,5.025007741308));
#8951 = DIRECTION('',(-1.100986194907E-16,-0.89902345368,0.437900479257)
  );
#8952 = DIRECTION('',(5.362734202678E-17,0.437900479257,0.89902345368));
#8953 = ADVANCED_FACE('',(#8954),#8965,.T.);
#8954 = FACE_BOUND('',#8955,.T.);
#8955 = EDGE_LOOP('',(#8956,#8962,#8963,#8964));
#8956 = ORIENTED_EDGE('',*,*,#8957,.T.);
#8957 = EDGE_CURVE('',#8617,#8781,#8958,.T.);
#8958 = LINE('',#8959,#8960);
#8959 = CARTESIAN_POINT('',(2.87500075,1.429913402403,4.467679270219));
#8960 = VECTOR('',#8961,1.);
#8961 = DIRECTION('',(1.,-1.224646799147E-16,0.));
#8962 = ORIENTED_EDGE('',*,*,#8778,.F.);
#8963 = ORIENTED_EDGE('',*,*,#8940,.F.);
#8964 = ORIENTED_EDGE('',*,*,#8624,.T.);
#8965 = CYLINDRICAL_SURFACE('',#8966,5.E-02);
#8966 = AXIS2_PLACEMENT_3D('',#8967,#8968,#8969);
#8967 = CARTESIAN_POINT('',(2.87500075,1.478045627557,4.481217693382));
#8968 = DIRECTION('',(-1.,1.224646799147E-16,0.));
#8969 = DIRECTION('',(1.499759782662E-32,1.224646799147E-16,-1.));
#8970 = ADVANCED_FACE('',(#8971),#8977,.T.);
#8971 = FACE_BOUND('',#8972,.T.);
#8972 = EDGE_LOOP('',(#8973,#8974,#8975,#8976));
#8973 = ORIENTED_EDGE('',*,*,#1173,.T.);
#8974 = ORIENTED_EDGE('',*,*,#8789,.F.);
#8975 = ORIENTED_EDGE('',*,*,#8957,.F.);
#8976 = ORIENTED_EDGE('',*,*,#8616,.T.);
#8977 = PLANE('',#8978);
#8978 = AXIS2_PLACEMENT_3D('',#8979,#8980,#8981);
#8979 = CARTESIAN_POINT('',(2.87500075,1.429913402403,4.467679270219));
#8980 = DIRECTION('',(-1.17889950941E-16,-0.962644503077,-0.27076846326)
  );
#8981 = DIRECTION('',(1.,-1.224646799147E-16,0.));
#8982 = ADVANCED_FACE('',(#8983),#8994,.T.);
#8983 = FACE_BOUND('',#8984,.T.);
#8984 = EDGE_LOOP('',(#8985,#8991,#8992,#8993));
#8985 = ORIENTED_EDGE('',*,*,#8986,.T.);
#8986 = EDGE_CURVE('',#8693,#8811,#8987,.T.);
#8987 = LINE('',#8988,#8989);
#8988 = CARTESIAN_POINT('',(2.87500075,1.378052765254,2.581217693382));
#8989 = VECTOR('',#8990,1.);
#8990 = DIRECTION('',(1.,-1.224646799147E-16,0.));
#8991 = ORIENTED_EDGE('',*,*,#8863,.F.);
#8992 = ORIENTED_EDGE('',*,*,#5814,.F.);
#8993 = ORIENTED_EDGE('',*,*,#8700,.T.);
#8994 = PLANE('',#8995);
#8995 = AXIS2_PLACEMENT_3D('',#8996,#8997,#8998);
#8996 = CARTESIAN_POINT('',(2.87500075,1.378052765254,2.001217693382));
#8997 = DIRECTION('',(1.224646799147E-16,1.,1.224646799147E-16));
#8998 = DIRECTION('',(-1.,1.224646799147E-16,0.));
#8999 = ADVANCED_FACE('',(#9000),#9011,.T.);
#9000 = FACE_BOUND('',#9001,.T.);
#9001 = EDGE_LOOP('',(#9002,#9008,#9009,#9010));
#9002 = ORIENTED_EDGE('',*,*,#9003,.T.);
#9003 = EDGE_CURVE('',#8685,#8813,#9004,.T.);
#9004 = LINE('',#9005,#9006);
#9005 = CARTESIAN_POINT('',(2.87500075,0.448052765254,2.581217693382));
#9006 = VECTOR('',#9007,1.);
#9007 = DIRECTION('',(1.,-1.224646799147E-16,0.));
#9008 = ORIENTED_EDGE('',*,*,#8810,.F.);
#9009 = ORIENTED_EDGE('',*,*,#8986,.F.);
#9010 = ORIENTED_EDGE('',*,*,#8692,.T.);
#9011 = PLANE('',#9012);
#9012 = AXIS2_PLACEMENT_3D('',#9013,#9014,#9015);
#9013 = CARTESIAN_POINT('',(2.87500075,1.378052765254,2.581217693382));
#9014 = DIRECTION('',(-1.499759782662E-32,-1.224646799147E-16,1.));
#9015 = DIRECTION('',(-1.224646799147E-16,-1.,-1.224646799147E-16));
#9016 = ADVANCED_FACE('',(#9017),#9028,.T.);
#9017 = FACE_BOUND('',#9018,.T.);
#9018 = EDGE_LOOP('',(#9019,#9025,#9026,#9027));
#9019 = ORIENTED_EDGE('',*,*,#9020,.T.);
#9020 = EDGE_CURVE('',#8677,#8821,#9021,.T.);
#9021 = LINE('',#9022,#9023);
#9022 = CARTESIAN_POINT('',(2.87500075,0.448052765254,3.881217693382));
#9023 = VECTOR('',#9024,1.);
#9024 = DIRECTION('',(1.,-1.224646799147E-16,0.));
#9025 = ORIENTED_EDGE('',*,*,#8820,.F.);
#9026 = ORIENTED_EDGE('',*,*,#9003,.F.);
#9027 = ORIENTED_EDGE('',*,*,#8684,.T.);
#9028 = PLANE('',#9029);
#9029 = AXIS2_PLACEMENT_3D('',#9030,#9031,#9032);
#9030 = CARTESIAN_POINT('',(2.87500075,0.448052765254,2.581217693382));
#9031 = DIRECTION('',(1.224646799147E-16,1.,1.224646799147E-16));
#9032 = DIRECTION('',(-1.,1.224646799147E-16,0.));
#9033 = ADVANCED_FACE('',(#9034),#9045,.T.);
#9034 = FACE_BOUND('',#9035,.T.);
#9035 = EDGE_LOOP('',(#9036,#9042,#9043,#9044));
#9036 = ORIENTED_EDGE('',*,*,#9037,.T.);
#9037 = EDGE_CURVE('',#8668,#8829,#9038,.T.);
#9038 = LINE('',#9039,#9040);
#9039 = CARTESIAN_POINT('',(2.87500075,0.602996800241,4.199322669419));
#9040 = VECTOR('',#9041,1.);
#9041 = DIRECTION('',(1.,-1.224646799147E-16,0.));
#9042 = ORIENTED_EDGE('',*,*,#8828,.F.);
#9043 = ORIENTED_EDGE('',*,*,#9020,.F.);
#9044 = ORIENTED_EDGE('',*,*,#8676,.T.);
#9045 = PLANE('',#9046);
#9046 = AXIS2_PLACEMENT_3D('',#9047,#9048,#9049);
#9047 = CARTESIAN_POINT('',(2.87500075,0.448052765254,3.881217693382));
#9048 = DIRECTION('',(1.100986194907E-16,0.89902345368,-0.437900479257)
  );
#9049 = DIRECTION('',(-1.,1.224646799147E-16,0.));
#9050 = ADVANCED_FACE('',(#9051),#9062,.T.);
#9051 = FACE_BOUND('',#9052,.T.);
#9052 = EDGE_LOOP('',(#9053,#9059,#9060,#9061));
#9053 = ORIENTED_EDGE('',*,*,#9054,.T.);
#9054 = EDGE_CURVE('',#8660,#8837,#9055,.T.);
#9055 = LINE('',#9056,#9057);
#9056 = CARTESIAN_POINT('',(2.87500075,0.606177852711,4.234756116545));
#9057 = VECTOR('',#9058,1.);
#9058 = DIRECTION('',(1.,-1.224646799147E-16,0.));
#9059 = ORIENTED_EDGE('',*,*,#8836,.F.);
#9060 = ORIENTED_EDGE('',*,*,#9037,.F.);
#9061 = ORIENTED_EDGE('',*,*,#8667,.T.);
#9062 = CYLINDRICAL_SURFACE('',#9063,5.E-02);
#9063 = AXIS2_PLACEMENT_3D('',#9064,#9065,#9066);
#9064 = CARTESIAN_POINT('',(2.87500075,0.558045627557,4.221217693382));
#9065 = DIRECTION('',(-1.,1.224646799147E-16,0.));
#9066 = DIRECTION('',(1.499759782662E-32,1.224646799147E-16,-1.));
#9067 = ADVANCED_FACE('',(#9068),#9079,.T.);
#9068 = FACE_BOUND('',#9069,.T.);
#9069 = EDGE_LOOP('',(#9070,#9076,#9077,#9078));
#9070 = ORIENTED_EDGE('',*,*,#9071,.T.);
#9071 = EDGE_CURVE('',#8651,#8846,#9072,.T.);
#9072 = LINE('',#9073,#9074);
#9073 = CARTESIAN_POINT('',(2.87500075,0.398856079879,4.971832962871));
#9074 = VECTOR('',#9075,1.);
#9075 = DIRECTION('',(1.,-1.224646799147E-16,0.));
#9076 = ORIENTED_EDGE('',*,*,#8845,.F.);
#9077 = ORIENTED_EDGE('',*,*,#9054,.F.);
#9078 = ORIENTED_EDGE('',*,*,#8659,.T.);
#9079 = PLANE('',#9080);
#9080 = AXIS2_PLACEMENT_3D('',#9081,#9082,#9083);
#9081 = CARTESIAN_POINT('',(2.87500075,0.606177852711,4.234756116545));
#9082 = DIRECTION('',(1.17889950941E-16,0.962644503077,0.27076846326));
#9083 = DIRECTION('',(1.,-1.224646799147E-16,0.));
#9084 = ADVANCED_FACE('',(#9085),#9091,.T.);
#9085 = FACE_BOUND('',#9086,.T.);
#9086 = EDGE_LOOP('',(#9087,#9088,#9089,#9090));
#9087 = ORIENTED_EDGE('',*,*,#5022,.T.);
#9088 = ORIENTED_EDGE('',*,*,#8853,.F.);
#9089 = ORIENTED_EDGE('',*,*,#9071,.F.);
#9090 = ORIENTED_EDGE('',*,*,#8650,.T.);
#9091 = CYLINDRICAL_SURFACE('',#9092,0.15);
#9092 = AXIS2_PLACEMENT_3D('',#9093,#9094,#9095);
#9093 = CARTESIAN_POINT('',(2.87500075,0.254459404418,4.931217693382));
#9094 = DIRECTION('',(-1.,1.224646799147E-16,0.));
#9095 = DIRECTION('',(1.499759782662E-32,1.224646799147E-16,-1.));
#9096 = ADVANCED_FACE('',(#9097),#9123,.F.);
#9097 = FACE_BOUND('',#9098,.T.);
#9098 = EDGE_LOOP('',(#9099,#9100,#9108,#9117));
#9099 = ORIENTED_EDGE('',*,*,#1385,.F.);
#9100 = ORIENTED_EDGE('',*,*,#9101,.F.);
#9101 = EDGE_CURVE('',#9102,#1378,#9104,.T.);
#9102 = VERTEX_POINT('',#9103);
#9103 = CARTESIAN_POINT('',(4.37500075,1.429913402403,4.467679270219));
#9104 = LINE('',#9105,#9106);
#9105 = CARTESIAN_POINT('',(4.37500075,1.429913402403,4.467679270219));
#9106 = VECTOR('',#9107,1.);
#9107 = DIRECTION('',(3.315957318415E-17,0.27076846326,-0.962644503077)
  );
#9108 = ORIENTED_EDGE('',*,*,#9109,.F.);
#9109 = EDGE_CURVE('',#9110,#9102,#9112,.T.);
#9110 = VERTEX_POINT('',#9111);
#9111 = CARTESIAN_POINT('',(4.37500075,1.433094454873,4.503112717345));
#9112 = CIRCLE('',#9113,5.E-02);
#9113 = AXIS2_PLACEMENT_3D('',#9114,#9115,#9116);
#9114 = CARTESIAN_POINT('',(4.37500075,1.478045627557,4.481217693382));
#9115 = DIRECTION('',(1.,-1.224646799147E-16,6.162975822039E-33));
#9116 = DIRECTION('',(-1.100986194907E-16,-0.89902345368,0.437900479257)
  );
#9117 = ORIENTED_EDGE('',*,*,#9118,.F.);
#9118 = EDGE_CURVE('',#1360,#9110,#9119,.T.);
#9119 = LINE('',#9120,#9121);
#9120 = CARTESIAN_POINT('',(4.37500075,1.648052765254,4.944428887914));
#9121 = VECTOR('',#9122,1.);
#9122 = DIRECTION('',(-5.362734202678E-17,-0.437900479257,-0.89902345368
    ));
#9123 = PLANE('',#9124);
#9124 = AXIS2_PLACEMENT_3D('',#9125,#9126,#9127);
#9125 = CARTESIAN_POINT('',(4.37500075,2.513052765254,4.741217693382));
#9126 = DIRECTION('',(1.,-1.224646799147E-16,0.));
#9127 = DIRECTION('',(1.499759782662E-32,1.224646799147E-16,-1.));
#9128 = ADVANCED_FACE('',(#9129),#9190,.F.);
#9129 = FACE_BOUND('',#9130,.T.);
#9130 = EDGE_LOOP('',(#9131,#9132,#9133,#9134,#9143,#9151,#9160,#9168,
    #9176,#9184));
#9131 = ORIENTED_EDGE('',*,*,#5838,.F.);
#9132 = ORIENTED_EDGE('',*,*,#6165,.F.);
#9133 = ORIENTED_EDGE('',*,*,#4998,.T.);
#9134 = ORIENTED_EDGE('',*,*,#9135,.F.);
#9135 = EDGE_CURVE('',#9136,#4991,#9138,.T.);
#9136 = VERTEX_POINT('',#9137);
#9137 = CARTESIAN_POINT('',(4.37500075,0.398856079879,4.971832962871));
#9138 = CIRCLE('',#9139,0.15);
#9139 = AXIS2_PLACEMENT_3D('',#9140,#9141,#9142);
#9140 = CARTESIAN_POINT('',(4.37500075,0.254459404418,4.931217693382));
#9141 = DIRECTION('',(1.,-1.224646799147E-16,0.));
#9142 = DIRECTION('',(1.17889950941E-16,0.962644503077,0.27076846326));
#9143 = ORIENTED_EDGE('',*,*,#9144,.F.);
#9144 = EDGE_CURVE('',#9145,#9136,#9147,.T.);
#9145 = VERTEX_POINT('',#9146);
#9146 = CARTESIAN_POINT('',(4.37500075,0.606177852711,4.234756116545));
#9147 = LINE('',#9148,#9149);
#9148 = CARTESIAN_POINT('',(4.37500075,0.606177852711,4.234756116545));
#9149 = VECTOR('',#9150,1.);
#9150 = DIRECTION('',(-3.315957318415E-17,-0.27076846326,0.962644503077)
  );
#9151 = ORIENTED_EDGE('',*,*,#9152,.F.);
#9152 = EDGE_CURVE('',#9153,#9145,#9155,.T.);
#9153 = VERTEX_POINT('',#9154);
#9154 = CARTESIAN_POINT('',(4.37500075,0.602996800241,4.199322669419));
#9155 = CIRCLE('',#9156,5.E-02);
#9156 = AXIS2_PLACEMENT_3D('',#9157,#9158,#9159);
#9157 = CARTESIAN_POINT('',(4.37500075,0.558045627557,4.221217693382));
#9158 = DIRECTION('',(1.,-1.224646799147E-16,6.162975822039E-33));
#9159 = DIRECTION('',(1.100986194907E-16,0.89902345368,-0.437900479257)
  );
#9160 = ORIENTED_EDGE('',*,*,#9161,.F.);
#9161 = EDGE_CURVE('',#9162,#9153,#9164,.T.);
#9162 = VERTEX_POINT('',#9163);
#9163 = CARTESIAN_POINT('',(4.37500075,0.448052765254,3.881217693382));
#9164 = LINE('',#9165,#9166);
#9165 = CARTESIAN_POINT('',(4.37500075,0.448052765254,3.881217693382));
#9166 = VECTOR('',#9167,1.);
#9167 = DIRECTION('',(5.362734202678E-17,0.437900479257,0.89902345368));
#9168 = ORIENTED_EDGE('',*,*,#9169,.F.);
#9169 = EDGE_CURVE('',#9170,#9162,#9172,.T.);
#9170 = VERTEX_POINT('',#9171);
#9171 = CARTESIAN_POINT('',(4.37500075,0.448052765254,2.581217693382));
#9172 = LINE('',#9173,#9174);
#9173 = CARTESIAN_POINT('',(4.37500075,0.448052765254,2.581217693382));
#9174 = VECTOR('',#9175,1.);
#9175 = DIRECTION('',(-1.499759782662E-32,-1.224646799147E-16,1.));
#9176 = ORIENTED_EDGE('',*,*,#9177,.F.);
#9177 = EDGE_CURVE('',#9178,#9170,#9180,.T.);
#9178 = VERTEX_POINT('',#9179);
#9179 = CARTESIAN_POINT('',(4.37500075,1.378052765254,2.581217693382));
#9180 = LINE('',#9181,#9182);
#9181 = CARTESIAN_POINT('',(4.37500075,1.378052765254,2.581217693382));
#9182 = VECTOR('',#9183,1.);
#9183 = DIRECTION('',(-1.224646799147E-16,-1.,-1.224646799147E-16));
#9184 = ORIENTED_EDGE('',*,*,#9185,.F.);
#9185 = EDGE_CURVE('',#5839,#9178,#9186,.T.);
#9186 = LINE('',#9187,#9188);
#9187 = CARTESIAN_POINT('',(4.37500075,1.378052765254,2.471217693382));
#9188 = VECTOR('',#9189,1.);
#9189 = DIRECTION('',(-1.499759782662E-32,-1.224646799147E-16,1.));
#9190 = PLANE('',#9191);
#9191 = AXIS2_PLACEMENT_3D('',#9192,#9193,#9194);
#9192 = CARTESIAN_POINT('',(4.37500075,2.513052765254,4.741217693382));
#9193 = DIRECTION('',(1.,-1.224646799147E-16,0.));
#9194 = DIRECTION('',(1.499759782662E-32,1.224646799147E-16,-1.));
#9195 = ADVANCED_FACE('',(#9196),#9237,.F.);
#9196 = FACE_BOUND('',#9197,.T.);
#9197 = EDGE_LOOP('',(#9198,#9206,#9214,#9222,#9230,#9236));
#9198 = ORIENTED_EDGE('',*,*,#9199,.F.);
#9199 = EDGE_CURVE('',#9200,#683,#9202,.T.);
#9200 = VERTEX_POINT('',#9201);
#9201 = CARTESIAN_POINT('',(4.37500075,2.248052765254,-3.128782306618));
#9202 = LINE('',#9203,#9204);
#9203 = CARTESIAN_POINT('',(4.37500075,2.248052765254,-3.128782306618));
#9204 = VECTOR('',#9205,1.);
#9205 = DIRECTION('',(-1.499759782662E-32,-1.224646799147E-16,1.));
#9206 = ORIENTED_EDGE('',*,*,#9207,.F.);
#9207 = EDGE_CURVE('',#9208,#9200,#9210,.T.);
#9208 = VERTEX_POINT('',#9209);
#9209 = CARTESIAN_POINT('',(4.37500075,2.088052765254,-3.428782306618));
#9210 = LINE('',#9211,#9212);
#9211 = CARTESIAN_POINT('',(4.37500075,2.088052765254,-3.428782306618));
#9212 = VECTOR('',#9213,1.);
#9213 = DIRECTION('',(5.763043760693E-17,0.470588235294,0.882352941176)
  );
#9214 = ORIENTED_EDGE('',*,*,#9215,.F.);
#9215 = EDGE_CURVE('',#9216,#9208,#9218,.T.);
#9216 = VERTEX_POINT('',#9217);
#9217 = CARTESIAN_POINT('',(4.37500075,1.898052765254,-3.428782306618));
#9218 = LINE('',#9219,#9220);
#9219 = CARTESIAN_POINT('',(4.37500075,1.898052765254,-3.428782306618));
#9220 = VECTOR('',#9221,1.);
#9221 = DIRECTION('',(1.224646799147E-16,1.,1.224646799147E-16));
#9222 = ORIENTED_EDGE('',*,*,#9223,.F.);
#9223 = EDGE_CURVE('',#9224,#9216,#9226,.T.);
#9224 = VERTEX_POINT('',#9225);
#9225 = CARTESIAN_POINT('',(4.37500075,1.748052765254,-3.128782306618));
#9226 = LINE('',#9227,#9228);
#9227 = CARTESIAN_POINT('',(4.37500075,1.748052765254,-3.128782306618));
#9228 = VECTOR('',#9229,1.);
#9229 = DIRECTION('',(5.476786982643E-17,0.4472135955,-0.894427191));
#9230 = ORIENTED_EDGE('',*,*,#9231,.F.);
#9231 = EDGE_CURVE('',#665,#9224,#9232,.T.);
#9232 = LINE('',#9233,#9234);
#9233 = CARTESIAN_POINT('',(4.37500075,1.748052765254,
    -2.878230661791E-02));
#9234 = VECTOR('',#9235,1.);
#9235 = DIRECTION('',(1.499759782662E-32,1.224646799147E-16,-1.));
#9236 = ORIENTED_EDGE('',*,*,#690,.T.);
#9237 = PLANE('',#9238);
#9238 = AXIS2_PLACEMENT_3D('',#9239,#9240,#9241);
#9239 = CARTESIAN_POINT('',(4.37500075,2.513052765254,4.741217693382));
#9240 = DIRECTION('',(1.,-1.224646799147E-16,0.));
#9241 = DIRECTION('',(1.499759782662E-32,1.224646799147E-16,-1.));
#9242 = ADVANCED_FACE('',(#9243),#9261,.T.);
#9243 = FACE_BOUND('',#9244,.T.);
#9244 = EDGE_LOOP('',(#9245,#9253,#9259,#9260));
#9245 = ORIENTED_EDGE('',*,*,#9246,.T.);
#9246 = EDGE_CURVE('',#9110,#9247,#9249,.T.);
#9247 = VERTEX_POINT('',#9248);
#9248 = CARTESIAN_POINT('',(4.62500075,1.433094454873,4.503112717345));
#9249 = LINE('',#9250,#9251);
#9250 = CARTESIAN_POINT('',(4.37500075,1.433094454873,4.503112717345));
#9251 = VECTOR('',#9252,1.);
#9252 = DIRECTION('',(1.,-1.224646799147E-16,0.));
#9253 = ORIENTED_EDGE('',*,*,#9254,.F.);
#9254 = EDGE_CURVE('',#1362,#9247,#9255,.T.);
#9255 = LINE('',#9256,#9257);
#9256 = CARTESIAN_POINT('',(4.62500075,1.648052765254,4.944428887914));
#9257 = VECTOR('',#9258,1.);
#9258 = DIRECTION('',(-5.362734202678E-17,-0.437900479257,-0.89902345368
    ));
#9259 = ORIENTED_EDGE('',*,*,#1359,.F.);
#9260 = ORIENTED_EDGE('',*,*,#9118,.T.);
#9261 = PLANE('',#9262);
#9262 = AXIS2_PLACEMENT_3D('',#9263,#9264,#9265);
#9263 = CARTESIAN_POINT('',(4.37500075,1.687301483822,5.025007741308));
#9264 = DIRECTION('',(-1.100986194907E-16,-0.89902345368,0.437900479257)
  );
#9265 = DIRECTION('',(5.362734202678E-17,0.437900479257,0.89902345368));
#9266 = ADVANCED_FACE('',(#9267),#9286,.T.);
#9267 = FACE_BOUND('',#9268,.T.);
#9268 = EDGE_LOOP('',(#9269,#9278,#9284,#9285));
#9269 = ORIENTED_EDGE('',*,*,#9270,.T.);
#9270 = EDGE_CURVE('',#9247,#9271,#9273,.T.);
#9271 = VERTEX_POINT('',#9272);
#9272 = CARTESIAN_POINT('',(4.62500075,1.429913402403,4.467679270219));
#9273 = CIRCLE('',#9274,5.E-02);
#9274 = AXIS2_PLACEMENT_3D('',#9275,#9276,#9277);
#9275 = CARTESIAN_POINT('',(4.62500075,1.478045627557,4.481217693382));
#9276 = DIRECTION('',(1.,-1.224646799147E-16,6.162975822039E-33));
#9277 = DIRECTION('',(-1.100986194907E-16,-0.89902345368,0.437900479257)
  );
#9278 = ORIENTED_EDGE('',*,*,#9279,.T.);
#9279 = EDGE_CURVE('',#9271,#1370,#9280,.T.);
#9280 = LINE('',#9281,#9282);
#9281 = CARTESIAN_POINT('',(4.62500075,1.429913402403,4.467679270219));
#9282 = VECTOR('',#9283,1.);
#9283 = DIRECTION('',(3.315957318415E-17,0.27076846326,-0.962644503077)
  );
#9284 = ORIENTED_EDGE('',*,*,#1369,.T.);
#9285 = ORIENTED_EDGE('',*,*,#9254,.T.);
#9286 = PLANE('',#9287);
#9287 = AXIS2_PLACEMENT_3D('',#9288,#9289,#9290);
#9288 = CARTESIAN_POINT('',(4.62500075,2.513052765254,4.741217693382));
#9289 = DIRECTION('',(1.,-1.224646799147E-16,0.));
#9290 = DIRECTION('',(1.499759782662E-32,1.224646799147E-16,-1.));
#9291 = ADVANCED_FACE('',(#9292),#9353,.T.);
#9292 = FACE_BOUND('',#9293,.T.);
#9293 = EDGE_LOOP('',(#9294,#9304,#9312,#9320,#9329,#9337,#9344,#9345,
    #9346,#9347));
#9294 = ORIENTED_EDGE('',*,*,#9295,.T.);
#9295 = EDGE_CURVE('',#9296,#9298,#9300,.T.);
#9296 = VERTEX_POINT('',#9297);
#9297 = CARTESIAN_POINT('',(4.62500075,1.378052765254,2.581217693382));
#9298 = VERTEX_POINT('',#9299);
#9299 = CARTESIAN_POINT('',(4.62500075,0.448052765254,2.581217693382));
#9300 = LINE('',#9301,#9302);
#9301 = CARTESIAN_POINT('',(4.62500075,1.378052765254,2.581217693382));
#9302 = VECTOR('',#9303,1.);
#9303 = DIRECTION('',(-1.224646799147E-16,-1.,-1.224646799147E-16));
#9304 = ORIENTED_EDGE('',*,*,#9305,.T.);
#9305 = EDGE_CURVE('',#9298,#9306,#9308,.T.);
#9306 = VERTEX_POINT('',#9307);
#9307 = CARTESIAN_POINT('',(4.62500075,0.448052765254,3.881217693382));
#9308 = LINE('',#9309,#9310);
#9309 = CARTESIAN_POINT('',(4.62500075,0.448052765254,2.581217693382));
#9310 = VECTOR('',#9311,1.);
#9311 = DIRECTION('',(-1.499759782662E-32,-1.224646799147E-16,1.));
#9312 = ORIENTED_EDGE('',*,*,#9313,.T.);
#9313 = EDGE_CURVE('',#9306,#9314,#9316,.T.);
#9314 = VERTEX_POINT('',#9315);
#9315 = CARTESIAN_POINT('',(4.62500075,0.602996800241,4.199322669419));
#9316 = LINE('',#9317,#9318);
#9317 = CARTESIAN_POINT('',(4.62500075,0.448052765254,3.881217693382));
#9318 = VECTOR('',#9319,1.);
#9319 = DIRECTION('',(5.362734202678E-17,0.437900479257,0.89902345368));
#9320 = ORIENTED_EDGE('',*,*,#9321,.T.);
#9321 = EDGE_CURVE('',#9314,#9322,#9324,.T.);
#9322 = VERTEX_POINT('',#9323);
#9323 = CARTESIAN_POINT('',(4.62500075,0.606177852711,4.234756116545));
#9324 = CIRCLE('',#9325,5.E-02);
#9325 = AXIS2_PLACEMENT_3D('',#9326,#9327,#9328);
#9326 = CARTESIAN_POINT('',(4.62500075,0.558045627557,4.221217693382));
#9327 = DIRECTION('',(1.,-1.224646799147E-16,6.162975822039E-33));
#9328 = DIRECTION('',(1.100986194907E-16,0.89902345368,-0.437900479257)
  );
#9329 = ORIENTED_EDGE('',*,*,#9330,.T.);
#9330 = EDGE_CURVE('',#9322,#9331,#9333,.T.);
#9331 = VERTEX_POINT('',#9332);
#9332 = CARTESIAN_POINT('',(4.62500075,0.398856079879,4.971832962871));
#9333 = LINE('',#9334,#9335);
#9334 = CARTESIAN_POINT('',(4.62500075,0.606177852711,4.234756116545));
#9335 = VECTOR('',#9336,1.);
#9336 = DIRECTION('',(-3.315957318415E-17,-0.27076846326,0.962644503077)
  );
#9337 = ORIENTED_EDGE('',*,*,#9338,.T.);
#9338 = EDGE_CURVE('',#9331,#4983,#9339,.T.);
#9339 = CIRCLE('',#9340,0.15);
#9340 = AXIS2_PLACEMENT_3D('',#9341,#9342,#9343);
#9341 = CARTESIAN_POINT('',(4.62500075,0.254459404418,4.931217693382));
#9342 = DIRECTION('',(1.,-1.224646799147E-16,0.));
#9343 = DIRECTION('',(1.17889950941E-16,0.962644503077,0.27076846326));
#9344 = ORIENTED_EDGE('',*,*,#4982,.F.);
#9345 = ORIENTED_EDGE('',*,*,#6187,.T.);
#9346 = ORIENTED_EDGE('',*,*,#5854,.T.);
#9347 = ORIENTED_EDGE('',*,*,#9348,.T.);
#9348 = EDGE_CURVE('',#5847,#9296,#9349,.T.);
#9349 = LINE('',#9350,#9351);
#9350 = CARTESIAN_POINT('',(4.62500075,1.378052765254,2.471217693382));
#9351 = VECTOR('',#9352,1.);
#9352 = DIRECTION('',(-1.499759782662E-32,-1.224646799147E-16,1.));
#9353 = PLANE('',#9354);
#9354 = AXIS2_PLACEMENT_3D('',#9355,#9356,#9357);
#9355 = CARTESIAN_POINT('',(4.62500075,2.513052765254,4.741217693382));
#9356 = DIRECTION('',(1.,-1.224646799147E-16,0.));
#9357 = DIRECTION('',(1.499759782662E-32,1.224646799147E-16,-1.));
#9358 = ADVANCED_FACE('',(#9359),#9400,.T.);
#9359 = FACE_BOUND('',#9360,.T.);
#9360 = EDGE_LOOP('',(#9361,#9369,#9377,#9385,#9393,#9399));
#9361 = ORIENTED_EDGE('',*,*,#9362,.T.);
#9362 = EDGE_CURVE('',#667,#9363,#9365,.T.);
#9363 = VERTEX_POINT('',#9364);
#9364 = CARTESIAN_POINT('',(4.62500075,1.748052765254,-3.128782306618));
#9365 = LINE('',#9366,#9367);
#9366 = CARTESIAN_POINT('',(4.62500075,1.748052765254,
    -2.878230661791E-02));
#9367 = VECTOR('',#9368,1.);
#9368 = DIRECTION('',(1.499759782662E-32,1.224646799147E-16,-1.));
#9369 = ORIENTED_EDGE('',*,*,#9370,.T.);
#9370 = EDGE_CURVE('',#9363,#9371,#9373,.T.);
#9371 = VERTEX_POINT('',#9372);
#9372 = CARTESIAN_POINT('',(4.62500075,1.898052765254,-3.428782306618));
#9373 = LINE('',#9374,#9375);
#9374 = CARTESIAN_POINT('',(4.62500075,1.748052765254,-3.128782306618));
#9375 = VECTOR('',#9376,1.);
#9376 = DIRECTION('',(5.476786982643E-17,0.4472135955,-0.894427191));
#9377 = ORIENTED_EDGE('',*,*,#9378,.T.);
#9378 = EDGE_CURVE('',#9371,#9379,#9381,.T.);
#9379 = VERTEX_POINT('',#9380);
#9380 = CARTESIAN_POINT('',(4.62500075,2.088052765254,-3.428782306618));
#9381 = LINE('',#9382,#9383);
#9382 = CARTESIAN_POINT('',(4.62500075,1.898052765254,-3.428782306618));
#9383 = VECTOR('',#9384,1.);
#9384 = DIRECTION('',(1.224646799147E-16,1.,1.224646799147E-16));
#9385 = ORIENTED_EDGE('',*,*,#9386,.T.);
#9386 = EDGE_CURVE('',#9379,#9387,#9389,.T.);
#9387 = VERTEX_POINT('',#9388);
#9388 = CARTESIAN_POINT('',(4.62500075,2.248052765254,-3.128782306618));
#9389 = LINE('',#9390,#9391);
#9390 = CARTESIAN_POINT('',(4.62500075,2.088052765254,-3.428782306618));
#9391 = VECTOR('',#9392,1.);
#9392 = DIRECTION('',(5.763043760693E-17,0.470588235294,0.882352941176)
  );
#9393 = ORIENTED_EDGE('',*,*,#9394,.T.);
#9394 = EDGE_CURVE('',#9387,#675,#9395,.T.);
#9395 = LINE('',#9396,#9397);
#9396 = CARTESIAN_POINT('',(4.62500075,2.248052765254,-3.128782306618));
#9397 = VECTOR('',#9398,1.);
#9398 = DIRECTION('',(-1.499759782662E-32,-1.224646799147E-16,1.));
#9399 = ORIENTED_EDGE('',*,*,#674,.F.);
#9400 = PLANE('',#9401);
#9401 = AXIS2_PLACEMENT_3D('',#9402,#9403,#9404);
#9402 = CARTESIAN_POINT('',(4.62500075,2.513052765254,4.741217693382));
#9403 = DIRECTION('',(1.,-1.224646799147E-16,0.));
#9404 = DIRECTION('',(1.499759782662E-32,1.224646799147E-16,-1.));
#9405 = ADVANCED_FACE('',(#9406),#9417,.T.);
#9406 = FACE_BOUND('',#9407,.T.);
#9407 = EDGE_LOOP('',(#9408,#9409,#9410,#9416));
#9408 = ORIENTED_EDGE('',*,*,#1377,.T.);
#9409 = ORIENTED_EDGE('',*,*,#9279,.F.);
#9410 = ORIENTED_EDGE('',*,*,#9411,.F.);
#9411 = EDGE_CURVE('',#9102,#9271,#9412,.T.);
#9412 = LINE('',#9413,#9414);
#9413 = CARTESIAN_POINT('',(4.37500075,1.429913402403,4.467679270219));
#9414 = VECTOR('',#9415,1.);
#9415 = DIRECTION('',(1.,-1.224646799147E-16,0.));
#9416 = ORIENTED_EDGE('',*,*,#9101,.T.);
#9417 = PLANE('',#9418);
#9418 = AXIS2_PLACEMENT_3D('',#9419,#9420,#9421);
#9419 = CARTESIAN_POINT('',(4.37500075,1.429913402403,4.467679270219));
#9420 = DIRECTION('',(-1.17889950941E-16,-0.962644503077,-0.27076846326)
  );
#9421 = DIRECTION('',(1.,-1.224646799147E-16,0.));
#9422 = ADVANCED_FACE('',(#9423),#9429,.T.);
#9423 = FACE_BOUND('',#9424,.T.);
#9424 = EDGE_LOOP('',(#9425,#9426,#9427,#9428));
#9425 = ORIENTED_EDGE('',*,*,#9411,.T.);
#9426 = ORIENTED_EDGE('',*,*,#9270,.F.);
#9427 = ORIENTED_EDGE('',*,*,#9246,.F.);
#9428 = ORIENTED_EDGE('',*,*,#9109,.T.);
#9429 = CYLINDRICAL_SURFACE('',#9430,5.E-02);
#9430 = AXIS2_PLACEMENT_3D('',#9431,#9432,#9433);
#9431 = CARTESIAN_POINT('',(4.37500075,1.478045627557,4.481217693382));
#9432 = DIRECTION('',(-1.,1.224646799147E-16,0.));
#9433 = DIRECTION('',(1.499759782662E-32,1.224646799147E-16,-1.));
#9434 = ADVANCED_FACE('',(#9435),#9446,.T.);
#9435 = FACE_BOUND('',#9436,.T.);
#9436 = EDGE_LOOP('',(#9437,#9443,#9444,#9445));
#9437 = ORIENTED_EDGE('',*,*,#9438,.T.);
#9438 = EDGE_CURVE('',#9178,#9296,#9439,.T.);
#9439 = LINE('',#9440,#9441);
#9440 = CARTESIAN_POINT('',(4.37500075,1.378052765254,2.581217693382));
#9441 = VECTOR('',#9442,1.);
#9442 = DIRECTION('',(1.,-1.224646799147E-16,0.));
#9443 = ORIENTED_EDGE('',*,*,#9348,.F.);
#9444 = ORIENTED_EDGE('',*,*,#5846,.F.);
#9445 = ORIENTED_EDGE('',*,*,#9185,.T.);
#9446 = PLANE('',#9447);
#9447 = AXIS2_PLACEMENT_3D('',#9448,#9449,#9450);
#9448 = CARTESIAN_POINT('',(4.37500075,1.378052765254,2.001217693382));
#9449 = DIRECTION('',(1.224646799147E-16,1.,1.224646799147E-16));
#9450 = DIRECTION('',(-1.,1.224646799147E-16,0.));
#9451 = ADVANCED_FACE('',(#9452),#9463,.T.);
#9452 = FACE_BOUND('',#9453,.T.);
#9453 = EDGE_LOOP('',(#9454,#9460,#9461,#9462));
#9454 = ORIENTED_EDGE('',*,*,#9455,.T.);
#9455 = EDGE_CURVE('',#9170,#9298,#9456,.T.);
#9456 = LINE('',#9457,#9458);
#9457 = CARTESIAN_POINT('',(4.37500075,0.448052765254,2.581217693382));
#9458 = VECTOR('',#9459,1.);
#9459 = DIRECTION('',(1.,-1.224646799147E-16,0.));
#9460 = ORIENTED_EDGE('',*,*,#9295,.F.);
#9461 = ORIENTED_EDGE('',*,*,#9438,.F.);
#9462 = ORIENTED_EDGE('',*,*,#9177,.T.);
#9463 = PLANE('',#9464);
#9464 = AXIS2_PLACEMENT_3D('',#9465,#9466,#9467);
#9465 = CARTESIAN_POINT('',(4.37500075,1.378052765254,2.581217693382));
#9466 = DIRECTION('',(-1.499759782662E-32,-1.224646799147E-16,1.));
#9467 = DIRECTION('',(-1.224646799147E-16,-1.,-1.224646799147E-16));
#9468 = ADVANCED_FACE('',(#9469),#9480,.T.);
#9469 = FACE_BOUND('',#9470,.T.);
#9470 = EDGE_LOOP('',(#9471,#9477,#9478,#9479));
#9471 = ORIENTED_EDGE('',*,*,#9472,.T.);
#9472 = EDGE_CURVE('',#9162,#9306,#9473,.T.);
#9473 = LINE('',#9474,#9475);
#9474 = CARTESIAN_POINT('',(4.37500075,0.448052765254,3.881217693382));
#9475 = VECTOR('',#9476,1.);
#9476 = DIRECTION('',(1.,-1.224646799147E-16,0.));
#9477 = ORIENTED_EDGE('',*,*,#9305,.F.);
#9478 = ORIENTED_EDGE('',*,*,#9455,.F.);
#9479 = ORIENTED_EDGE('',*,*,#9169,.T.);
#9480 = PLANE('',#9481);
#9481 = AXIS2_PLACEMENT_3D('',#9482,#9483,#9484);
#9482 = CARTESIAN_POINT('',(4.37500075,0.448052765254,2.581217693382));
#9483 = DIRECTION('',(1.224646799147E-16,1.,1.224646799147E-16));
#9484 = DIRECTION('',(-1.,1.224646799147E-16,0.));
#9485 = ADVANCED_FACE('',(#9486),#9497,.T.);
#9486 = FACE_BOUND('',#9487,.T.);
#9487 = EDGE_LOOP('',(#9488,#9494,#9495,#9496));
#9488 = ORIENTED_EDGE('',*,*,#9489,.T.);
#9489 = EDGE_CURVE('',#9153,#9314,#9490,.T.);
#9490 = LINE('',#9491,#9492);
#9491 = CARTESIAN_POINT('',(4.37500075,0.602996800241,4.199322669419));
#9492 = VECTOR('',#9493,1.);
#9493 = DIRECTION('',(1.,-1.224646799147E-16,0.));
#9494 = ORIENTED_EDGE('',*,*,#9313,.F.);
#9495 = ORIENTED_EDGE('',*,*,#9472,.F.);
#9496 = ORIENTED_EDGE('',*,*,#9161,.T.);
#9497 = PLANE('',#9498);
#9498 = AXIS2_PLACEMENT_3D('',#9499,#9500,#9501);
#9499 = CARTESIAN_POINT('',(4.37500075,0.448052765254,3.881217693382));
#9500 = DIRECTION('',(1.100986194907E-16,0.89902345368,-0.437900479257)
  );
#9501 = DIRECTION('',(-1.,1.224646799147E-16,0.));
#9502 = ADVANCED_FACE('',(#9503),#9514,.T.);
#9503 = FACE_BOUND('',#9504,.T.);
#9504 = EDGE_LOOP('',(#9505,#9511,#9512,#9513));
#9505 = ORIENTED_EDGE('',*,*,#9506,.T.);
#9506 = EDGE_CURVE('',#9145,#9322,#9507,.T.);
#9507 = LINE('',#9508,#9509);
#9508 = CARTESIAN_POINT('',(4.37500075,0.606177852711,4.234756116545));
#9509 = VECTOR('',#9510,1.);
#9510 = DIRECTION('',(1.,-1.224646799147E-16,0.));
#9511 = ORIENTED_EDGE('',*,*,#9321,.F.);
#9512 = ORIENTED_EDGE('',*,*,#9489,.F.);
#9513 = ORIENTED_EDGE('',*,*,#9152,.T.);
#9514 = CYLINDRICAL_SURFACE('',#9515,5.E-02);
#9515 = AXIS2_PLACEMENT_3D('',#9516,#9517,#9518);
#9516 = CARTESIAN_POINT('',(4.37500075,0.558045627557,4.221217693382));
#9517 = DIRECTION('',(-1.,1.224646799147E-16,0.));
#9518 = DIRECTION('',(1.499759782662E-32,1.224646799147E-16,-1.));
#9519 = ADVANCED_FACE('',(#9520),#9531,.T.);
#9520 = FACE_BOUND('',#9521,.T.);
#9521 = EDGE_LOOP('',(#9522,#9528,#9529,#9530));
#9522 = ORIENTED_EDGE('',*,*,#9523,.T.);
#9523 = EDGE_CURVE('',#9136,#9331,#9524,.T.);
#9524 = LINE('',#9525,#9526);
#9525 = CARTESIAN_POINT('',(4.37500075,0.398856079879,4.971832962871));
#9526 = VECTOR('',#9527,1.);
#9527 = DIRECTION('',(1.,-1.224646799147E-16,0.));
#9528 = ORIENTED_EDGE('',*,*,#9330,.F.);
#9529 = ORIENTED_EDGE('',*,*,#9506,.F.);
#9530 = ORIENTED_EDGE('',*,*,#9144,.T.);
#9531 = PLANE('',#9532);
#9532 = AXIS2_PLACEMENT_3D('',#9533,#9534,#9535);
#9533 = CARTESIAN_POINT('',(4.37500075,0.606177852711,4.234756116545));
#9534 = DIRECTION('',(1.17889950941E-16,0.962644503077,0.27076846326));
#9535 = DIRECTION('',(1.,-1.224646799147E-16,0.));
#9536 = ADVANCED_FACE('',(#9537),#9543,.T.);
#9537 = FACE_BOUND('',#9538,.T.);
#9538 = EDGE_LOOP('',(#9539,#9540,#9541,#9542));
#9539 = ORIENTED_EDGE('',*,*,#4990,.T.);
#9540 = ORIENTED_EDGE('',*,*,#9338,.F.);
#9541 = ORIENTED_EDGE('',*,*,#9523,.F.);
#9542 = ORIENTED_EDGE('',*,*,#9135,.T.);
#9543 = CYLINDRICAL_SURFACE('',#9544,0.15);
#9544 = AXIS2_PLACEMENT_3D('',#9545,#9546,#9547);
#9545 = CARTESIAN_POINT('',(4.37500075,0.254459404418,4.931217693382));
#9546 = DIRECTION('',(-1.,1.224646799147E-16,0.));
#9547 = DIRECTION('',(1.499759782662E-32,1.224646799147E-16,-1.));
#9548 = ADVANCED_FACE('',(#9549),#9560,.T.);
#9549 = FACE_BOUND('',#9550,.T.);
#9550 = EDGE_LOOP('',(#9551,#9552,#9558,#9559));
#9551 = ORIENTED_EDGE('',*,*,#9394,.F.);
#9552 = ORIENTED_EDGE('',*,*,#9553,.F.);
#9553 = EDGE_CURVE('',#9200,#9387,#9554,.T.);
#9554 = LINE('',#9555,#9556);
#9555 = CARTESIAN_POINT('',(4.37500075,2.248052765254,-3.128782306618));
#9556 = VECTOR('',#9557,1.);
#9557 = DIRECTION('',(1.,-1.224646799147E-16,0.));
#9558 = ORIENTED_EDGE('',*,*,#9199,.T.);
#9559 = ORIENTED_EDGE('',*,*,#682,.T.);
#9560 = PLANE('',#9561);
#9561 = AXIS2_PLACEMENT_3D('',#9562,#9563,#9564);
#9562 = CARTESIAN_POINT('',(4.37500075,2.248052765254,-3.128782306618));
#9563 = DIRECTION('',(1.224646799147E-16,1.,1.224646799147E-16));
#9564 = DIRECTION('',(-1.,1.224646799147E-16,0.));
#9565 = ADVANCED_FACE('',(#9566),#9577,.T.);
#9566 = FACE_BOUND('',#9567,.T.);
#9567 = EDGE_LOOP('',(#9568,#9569,#9570,#9576));
#9568 = ORIENTED_EDGE('',*,*,#9553,.T.);
#9569 = ORIENTED_EDGE('',*,*,#9386,.F.);
#9570 = ORIENTED_EDGE('',*,*,#9571,.F.);
#9571 = EDGE_CURVE('',#9208,#9379,#9572,.T.);
#9572 = LINE('',#9573,#9574);
#9573 = CARTESIAN_POINT('',(4.37500075,2.088052765254,-3.428782306618));
#9574 = VECTOR('',#9575,1.);
#9575 = DIRECTION('',(1.,-1.224646799147E-16,0.));
#9576 = ORIENTED_EDGE('',*,*,#9207,.T.);
#9577 = PLANE('',#9578);
#9578 = AXIS2_PLACEMENT_3D('',#9579,#9580,#9581);
#9579 = CARTESIAN_POINT('',(4.37500075,2.088052765254,-3.428782306618));
#9580 = DIRECTION('',(1.08057070513E-16,0.882352941176,-0.470588235294)
  );
#9581 = DIRECTION('',(-1.,1.224646799147E-16,0.));
#9582 = ADVANCED_FACE('',(#9583),#9594,.T.);
#9583 = FACE_BOUND('',#9584,.T.);
#9584 = EDGE_LOOP('',(#9585,#9586,#9587,#9593));
#9585 = ORIENTED_EDGE('',*,*,#9571,.T.);
#9586 = ORIENTED_EDGE('',*,*,#9378,.F.);
#9587 = ORIENTED_EDGE('',*,*,#9588,.F.);
#9588 = EDGE_CURVE('',#9216,#9371,#9589,.T.);
#9589 = LINE('',#9590,#9591);
#9590 = CARTESIAN_POINT('',(4.37500075,1.898052765254,-3.428782306618));
#9591 = VECTOR('',#9592,1.);
#9592 = DIRECTION('',(1.,-1.224646799147E-16,0.));
#9593 = ORIENTED_EDGE('',*,*,#9215,.T.);
#9594 = PLANE('',#9595);
#9595 = AXIS2_PLACEMENT_3D('',#9596,#9597,#9598);
#9596 = CARTESIAN_POINT('',(4.37500075,1.898052765254,-3.428782306618));
#9597 = DIRECTION('',(1.499759782662E-32,1.224646799147E-16,-1.));
#9598 = DIRECTION('',(-1.,1.224646799147E-16,0.));
#9599 = ADVANCED_FACE('',(#9600),#9611,.T.);
#9600 = FACE_BOUND('',#9601,.T.);
#9601 = EDGE_LOOP('',(#9602,#9603,#9604,#9610));
#9602 = ORIENTED_EDGE('',*,*,#9588,.T.);
#9603 = ORIENTED_EDGE('',*,*,#9370,.F.);
#9604 = ORIENTED_EDGE('',*,*,#9605,.F.);
#9605 = EDGE_CURVE('',#9224,#9363,#9606,.T.);
#9606 = LINE('',#9607,#9608);
#9607 = CARTESIAN_POINT('',(4.37500075,1.748052765254,-3.128782306618));
#9608 = VECTOR('',#9609,1.);
#9609 = DIRECTION('',(1.,-1.224646799147E-16,0.));
#9610 = ORIENTED_EDGE('',*,*,#9223,.T.);
#9611 = PLANE('',#9612);
#9612 = AXIS2_PLACEMENT_3D('',#9613,#9614,#9615);
#9613 = CARTESIAN_POINT('',(4.37500075,1.748052765254,-3.128782306618));
#9614 = DIRECTION('',(-1.095357396528E-16,-0.894427191,-0.4472135955));
#9615 = DIRECTION('',(1.,-1.224646799147E-16,0.));
#9616 = ADVANCED_FACE('',(#9617),#9623,.T.);
#9617 = FACE_BOUND('',#9618,.T.);
#9618 = EDGE_LOOP('',(#9619,#9620,#9621,#9622));
#9619 = ORIENTED_EDGE('',*,*,#9231,.T.);
#9620 = ORIENTED_EDGE('',*,*,#9605,.T.);
#9621 = ORIENTED_EDGE('',*,*,#9362,.F.);
#9622 = ORIENTED_EDGE('',*,*,#664,.F.);
#9623 = PLANE('',#9624);
#9624 = AXIS2_PLACEMENT_3D('',#9625,#9626,#9627);
#9625 = CARTESIAN_POINT('',(4.37500075,1.748052765254,
    -1.878230661791E-02));
#9626 = DIRECTION('',(-1.224646799147E-16,-1.,-1.224646799147E-16));
#9627 = DIRECTION('',(-1.499759782662E-32,-1.224646799147E-16,1.));
#9628 = ADVANCED_FACE('',(#9629),#9670,.F.);
#9629 = FACE_BOUND('',#9630,.T.);
#9630 = EDGE_LOOP('',(#9631,#9632,#9640,#9648,#9656,#9664));
#9631 = ORIENTED_EDGE('',*,*,#520,.T.);
#9632 = ORIENTED_EDGE('',*,*,#9633,.F.);
#9633 = EDGE_CURVE('',#9634,#513,#9636,.T.);
#9634 = VERTEX_POINT('',#9635);
#9635 = CARTESIAN_POINT('',(5.87500075,0.218052765254,-3.128782306618));
#9636 = LINE('',#9637,#9638);
#9637 = CARTESIAN_POINT('',(5.87500075,0.218052765254,-3.128782306618));
#9638 = VECTOR('',#9639,1.);
#9639 = DIRECTION('',(-1.499759782662E-32,-1.224646799147E-16,1.));
#9640 = ORIENTED_EDGE('',*,*,#9641,.F.);
#9641 = EDGE_CURVE('',#9642,#9634,#9644,.T.);
#9642 = VERTEX_POINT('',#9643);
#9643 = CARTESIAN_POINT('',(5.87500075,6.805276525429E-02,
    -3.428782306618));
#9644 = LINE('',#9645,#9646);
#9645 = CARTESIAN_POINT('',(5.87500075,6.805276525429E-02,
    -3.428782306618));
#9646 = VECTOR('',#9647,1.);
#9647 = DIRECTION('',(5.476786982643E-17,0.4472135955,0.894427191));
#9648 = ORIENTED_EDGE('',*,*,#9649,.F.);
#9649 = EDGE_CURVE('',#9650,#9642,#9652,.T.);
#9650 = VERTEX_POINT('',#9651);
#9651 = CARTESIAN_POINT('',(5.87500075,-8.194723474571E-02,
    -3.428782306618));
#9652 = LINE('',#9653,#9654);
#9653 = CARTESIAN_POINT('',(5.87500075,-8.194723474571E-02,
    -3.428782306618));
#9654 = VECTOR('',#9655,1.);
#9655 = DIRECTION('',(1.224646799147E-16,1.,1.224646799147E-16));
#9656 = ORIENTED_EDGE('',*,*,#9657,.F.);
#9657 = EDGE_CURVE('',#9658,#9650,#9660,.T.);
#9658 = VERTEX_POINT('',#9659);
#9659 = CARTESIAN_POINT('',(5.87500075,-0.231947234746,-3.028782306618)
  );
#9660 = LINE('',#9661,#9662);
#9661 = CARTESIAN_POINT('',(5.87500075,-0.231947234746,-3.028782306618)
  );
#9662 = VECTOR('',#9663,1.);
#9663 = DIRECTION('',(4.300021988469E-17,0.351123441588,-0.936329177569)
  );
#9664 = ORIENTED_EDGE('',*,*,#9665,.F.);
#9665 = EDGE_CURVE('',#495,#9658,#9666,.T.);
#9666 = LINE('',#9667,#9668);
#9667 = CARTESIAN_POINT('',(5.87500075,-0.251947234746,
    -2.878230661791E-02));
#9668 = VECTOR('',#9669,1.);
#9669 = DIRECTION('',(8.164130571207E-19,6.666518523456E-03,
    -0.999977778518));
#9670 = PLANE('',#9671);
#9671 = AXIS2_PLACEMENT_3D('',#9672,#9673,#9674);
#9672 = CARTESIAN_POINT('',(5.87500075,2.513052765254,4.741217693382));
#9673 = DIRECTION('',(1.,-1.224646799147E-16,0.));
#9674 = DIRECTION('',(1.499759782662E-32,1.224646799147E-16,-1.));
#9675 = ADVANCED_FACE('',(#9676),#9737,.F.);
#9676 = FACE_BOUND('',#9677,.T.);
#9677 = EDGE_LOOP('',(#9678,#9687,#9695,#9704,#9712,#9720,#9728,#9734,
    #9735,#9736));
#9678 = ORIENTED_EDGE('',*,*,#9679,.F.);
#9679 = EDGE_CURVE('',#9680,#4959,#9682,.T.);
#9680 = VERTEX_POINT('',#9681);
#9681 = CARTESIAN_POINT('',(5.87500075,0.398856079879,4.971832962871));
#9682 = CIRCLE('',#9683,0.15);
#9683 = AXIS2_PLACEMENT_3D('',#9684,#9685,#9686);
#9684 = CARTESIAN_POINT('',(5.87500075,0.254459404418,4.931217693382));
#9685 = DIRECTION('',(1.,-1.224646799147E-16,0.));
#9686 = DIRECTION('',(1.17889950941E-16,0.962644503077,0.27076846326));
#9687 = ORIENTED_EDGE('',*,*,#9688,.F.);
#9688 = EDGE_CURVE('',#9689,#9680,#9691,.T.);
#9689 = VERTEX_POINT('',#9690);
#9690 = CARTESIAN_POINT('',(5.87500075,0.606177852711,4.234756116545));
#9691 = LINE('',#9692,#9693);
#9692 = CARTESIAN_POINT('',(5.87500075,0.606177852711,4.234756116545));
#9693 = VECTOR('',#9694,1.);
#9694 = DIRECTION('',(-3.315957318415E-17,-0.27076846326,0.962644503077)
  );
#9695 = ORIENTED_EDGE('',*,*,#9696,.F.);
#9696 = EDGE_CURVE('',#9697,#9689,#9699,.T.);
#9697 = VERTEX_POINT('',#9698);
#9698 = CARTESIAN_POINT('',(5.87500075,0.602996800241,4.199322669419));
#9699 = CIRCLE('',#9700,5.E-02);
#9700 = AXIS2_PLACEMENT_3D('',#9701,#9702,#9703);
#9701 = CARTESIAN_POINT('',(5.87500075,0.558045627557,4.221217693382));
#9702 = DIRECTION('',(1.,-1.224646799147E-16,6.162975822039E-33));
#9703 = DIRECTION('',(1.100986194907E-16,0.89902345368,-0.437900479257)
  );
#9704 = ORIENTED_EDGE('',*,*,#9705,.F.);
#9705 = EDGE_CURVE('',#9706,#9697,#9708,.T.);
#9706 = VERTEX_POINT('',#9707);
#9707 = CARTESIAN_POINT('',(5.87500075,0.448052765254,3.881217693382));
#9708 = LINE('',#9709,#9710);
#9709 = CARTESIAN_POINT('',(5.87500075,0.448052765254,3.881217693382));
#9710 = VECTOR('',#9711,1.);
#9711 = DIRECTION('',(5.362734202678E-17,0.437900479257,0.89902345368));
#9712 = ORIENTED_EDGE('',*,*,#9713,.F.);
#9713 = EDGE_CURVE('',#9714,#9706,#9716,.T.);
#9714 = VERTEX_POINT('',#9715);
#9715 = CARTESIAN_POINT('',(5.87500075,0.448052765254,2.581217693382));
#9716 = LINE('',#9717,#9718);
#9717 = CARTESIAN_POINT('',(5.87500075,0.448052765254,2.581217693382));
#9718 = VECTOR('',#9719,1.);
#9719 = DIRECTION('',(-1.499759782662E-32,-1.224646799147E-16,1.));
#9720 = ORIENTED_EDGE('',*,*,#9721,.F.);
#9721 = EDGE_CURVE('',#9722,#9714,#9724,.T.);
#9722 = VERTEX_POINT('',#9723);
#9723 = CARTESIAN_POINT('',(5.87500075,1.378052765254,2.581217693382));
#9724 = LINE('',#9725,#9726);
#9725 = CARTESIAN_POINT('',(5.87500075,1.378052765254,2.581217693382));
#9726 = VECTOR('',#9727,1.);
#9727 = DIRECTION('',(-1.224646799147E-16,-1.,-1.224646799147E-16));
#9728 = ORIENTED_EDGE('',*,*,#9729,.F.);
#9729 = EDGE_CURVE('',#5871,#9722,#9730,.T.);
#9730 = LINE('',#9731,#9732);
#9731 = CARTESIAN_POINT('',(5.87500075,1.378052765254,2.471217693382));
#9732 = VECTOR('',#9733,1.);
#9733 = DIRECTION('',(-1.499759782662E-32,-1.224646799147E-16,1.));
#9734 = ORIENTED_EDGE('',*,*,#5870,.F.);
#9735 = ORIENTED_EDGE('',*,*,#6180,.F.);
#9736 = ORIENTED_EDGE('',*,*,#4966,.T.);
#9737 = PLANE('',#9738);
#9738 = AXIS2_PLACEMENT_3D('',#9739,#9740,#9741);
#9739 = CARTESIAN_POINT('',(5.87500075,2.513052765254,4.741217693382));
#9740 = DIRECTION('',(1.,-1.224646799147E-16,0.));
#9741 = DIRECTION('',(1.499759782662E-32,1.224646799147E-16,-1.));
#9742 = ADVANCED_FACE('',(#9743),#9769,.F.);
#9743 = FACE_BOUND('',#9744,.T.);
#9744 = EDGE_LOOP('',(#9745,#9753,#9762,#9768));
#9745 = ORIENTED_EDGE('',*,*,#9746,.F.);
#9746 = EDGE_CURVE('',#9747,#1208,#9749,.T.);
#9747 = VERTEX_POINT('',#9748);
#9748 = CARTESIAN_POINT('',(5.87500075,1.429913402403,4.467679270219));
#9749 = LINE('',#9750,#9751);
#9750 = CARTESIAN_POINT('',(5.87500075,1.429913402403,4.467679270219));
#9751 = VECTOR('',#9752,1.);
#9752 = DIRECTION('',(3.315957318415E-17,0.27076846326,-0.962644503077)
  );
#9753 = ORIENTED_EDGE('',*,*,#9754,.F.);
#9754 = EDGE_CURVE('',#9755,#9747,#9757,.T.);
#9755 = VERTEX_POINT('',#9756);
#9756 = CARTESIAN_POINT('',(5.87500075,1.433094454873,4.503112717345));
#9757 = CIRCLE('',#9758,5.E-02);
#9758 = AXIS2_PLACEMENT_3D('',#9759,#9760,#9761);
#9759 = CARTESIAN_POINT('',(5.87500075,1.478045627557,4.481217693382));
#9760 = DIRECTION('',(1.,-1.224646799147E-16,6.162975822039E-33));
#9761 = DIRECTION('',(-1.100986194907E-16,-0.89902345368,0.437900479257)
  );
#9762 = ORIENTED_EDGE('',*,*,#9763,.F.);
#9763 = EDGE_CURVE('',#1190,#9755,#9764,.T.);
#9764 = LINE('',#9765,#9766);
#9765 = CARTESIAN_POINT('',(5.87500075,1.648052765254,4.944428887914));
#9766 = VECTOR('',#9767,1.);
#9767 = DIRECTION('',(-5.362734202678E-17,-0.437900479257,-0.89902345368
    ));
#9768 = ORIENTED_EDGE('',*,*,#1215,.F.);
#9769 = PLANE('',#9770);
#9770 = AXIS2_PLACEMENT_3D('',#9771,#9772,#9773);
#9771 = CARTESIAN_POINT('',(5.87500075,2.513052765254,4.741217693382));
#9772 = DIRECTION('',(1.,-1.224646799147E-16,0.));
#9773 = DIRECTION('',(1.499759782662E-32,1.224646799147E-16,-1.));
#9774 = ADVANCED_FACE('',(#9775),#9793,.T.);
#9775 = FACE_BOUND('',#9776,.T.);
#9776 = EDGE_LOOP('',(#9777,#9785,#9791,#9792));
#9777 = ORIENTED_EDGE('',*,*,#9778,.T.);
#9778 = EDGE_CURVE('',#9658,#9779,#9781,.T.);
#9779 = VERTEX_POINT('',#9780);
#9780 = CARTESIAN_POINT('',(6.12500075,-0.231947234746,-3.028782306618)
  );
#9781 = LINE('',#9782,#9783);
#9782 = CARTESIAN_POINT('',(5.87500075,-0.231947234746,-3.028782306618)
  );
#9783 = VECTOR('',#9784,1.);
#9784 = DIRECTION('',(1.,-1.224646799147E-16,0.));
#9785 = ORIENTED_EDGE('',*,*,#9786,.F.);
#9786 = EDGE_CURVE('',#497,#9779,#9787,.T.);
#9787 = LINE('',#9788,#9789);
#9788 = CARTESIAN_POINT('',(6.12500075,-0.251947234746,
    -2.878230661791E-02));
#9789 = VECTOR('',#9790,1.);
#9790 = DIRECTION('',(8.164130571207E-19,6.666518523456E-03,
    -0.999977778518));
#9791 = ORIENTED_EDGE('',*,*,#494,.F.);
#9792 = ORIENTED_EDGE('',*,*,#9665,.T.);
#9793 = PLANE('',#9794);
#9794 = AXIS2_PLACEMENT_3D('',#9795,#9796,#9797);
#9795 = CARTESIAN_POINT('',(5.87500075,-0.251947234746,
    -2.878230661791E-02));
#9796 = DIRECTION('',(-1.224619585681E-16,-0.999977778518,
    -6.666518523457E-03));
#9797 = DIRECTION('',(1.,-1.224646799147E-16,0.));
#9798 = ADVANCED_FACE('',(#9799),#9833,.T.);
#9799 = FACE_BOUND('',#9800,.T.);
#9800 = EDGE_LOOP('',(#9801,#9809,#9817,#9825,#9831,#9832));
#9801 = ORIENTED_EDGE('',*,*,#9802,.T.);
#9802 = EDGE_CURVE('',#9779,#9803,#9805,.T.);
#9803 = VERTEX_POINT('',#9804);
#9804 = CARTESIAN_POINT('',(6.12500075,-8.194723474571E-02,
    -3.428782306618));
#9805 = LINE('',#9806,#9807);
#9806 = CARTESIAN_POINT('',(6.12500075,-0.231947234746,-3.028782306618)
  );
#9807 = VECTOR('',#9808,1.);
#9808 = DIRECTION('',(4.300021988469E-17,0.351123441588,-0.936329177569)
  );
#9809 = ORIENTED_EDGE('',*,*,#9810,.T.);
#9810 = EDGE_CURVE('',#9803,#9811,#9813,.T.);
#9811 = VERTEX_POINT('',#9812);
#9812 = CARTESIAN_POINT('',(6.12500075,6.805276525429E-02,
    -3.428782306618));
#9813 = LINE('',#9814,#9815);
#9814 = CARTESIAN_POINT('',(6.12500075,-8.194723474571E-02,
    -3.428782306618));
#9815 = VECTOR('',#9816,1.);
#9816 = DIRECTION('',(1.224646799147E-16,1.,1.224646799147E-16));
#9817 = ORIENTED_EDGE('',*,*,#9818,.T.);
#9818 = EDGE_CURVE('',#9811,#9819,#9821,.T.);
#9819 = VERTEX_POINT('',#9820);
#9820 = CARTESIAN_POINT('',(6.12500075,0.218052765254,-3.128782306618));
#9821 = LINE('',#9822,#9823);
#9822 = CARTESIAN_POINT('',(6.12500075,6.805276525429E-02,
    -3.428782306618));
#9823 = VECTOR('',#9824,1.);
#9824 = DIRECTION('',(5.476786982643E-17,0.4472135955,0.894427191));
#9825 = ORIENTED_EDGE('',*,*,#9826,.T.);
#9826 = EDGE_CURVE('',#9819,#505,#9827,.T.);
#9827 = LINE('',#9828,#9829);
#9828 = CARTESIAN_POINT('',(6.12500075,0.218052765254,-3.128782306618));
#9829 = VECTOR('',#9830,1.);
#9830 = DIRECTION('',(-1.499759782662E-32,-1.224646799147E-16,1.));
#9831 = ORIENTED_EDGE('',*,*,#504,.F.);
#9832 = ORIENTED_EDGE('',*,*,#9786,.T.);
#9833 = PLANE('',#9834);
#9834 = AXIS2_PLACEMENT_3D('',#9835,#9836,#9837);
#9835 = CARTESIAN_POINT('',(6.12500075,2.513052765254,4.741217693382));
#9836 = DIRECTION('',(1.,-1.224646799147E-16,0.));
#9837 = DIRECTION('',(1.499759782662E-32,1.224646799147E-16,-1.));
#9838 = ADVANCED_FACE('',(#9839),#9900,.T.);
#9839 = FACE_BOUND('',#9840,.T.);
#9840 = EDGE_LOOP('',(#9841,#9842,#9843,#9851,#9859,#9867,#9875,#9884,
    #9892,#9899));
#9841 = ORIENTED_EDGE('',*,*,#6202,.T.);
#9842 = ORIENTED_EDGE('',*,*,#5886,.T.);
#9843 = ORIENTED_EDGE('',*,*,#9844,.T.);
#9844 = EDGE_CURVE('',#5879,#9845,#9847,.T.);
#9845 = VERTEX_POINT('',#9846);
#9846 = CARTESIAN_POINT('',(6.12500075,1.378052765254,2.581217693382));
#9847 = LINE('',#9848,#9849);
#9848 = CARTESIAN_POINT('',(6.12500075,1.378052765254,2.471217693382));
#9849 = VECTOR('',#9850,1.);
#9850 = DIRECTION('',(-1.499759782662E-32,-1.224646799147E-16,1.));
#9851 = ORIENTED_EDGE('',*,*,#9852,.T.);
#9852 = EDGE_CURVE('',#9845,#9853,#9855,.T.);
#9853 = VERTEX_POINT('',#9854);
#9854 = CARTESIAN_POINT('',(6.12500075,0.448052765254,2.581217693382));
#9855 = LINE('',#9856,#9857);
#9856 = CARTESIAN_POINT('',(6.12500075,1.378052765254,2.581217693382));
#9857 = VECTOR('',#9858,1.);
#9858 = DIRECTION('',(-1.224646799147E-16,-1.,-1.224646799147E-16));
#9859 = ORIENTED_EDGE('',*,*,#9860,.T.);
#9860 = EDGE_CURVE('',#9853,#9861,#9863,.T.);
#9861 = VERTEX_POINT('',#9862);
#9862 = CARTESIAN_POINT('',(6.12500075,0.448052765254,3.881217693382));
#9863 = LINE('',#9864,#9865);
#9864 = CARTESIAN_POINT('',(6.12500075,0.448052765254,2.581217693382));
#9865 = VECTOR('',#9866,1.);
#9866 = DIRECTION('',(-1.499759782662E-32,-1.224646799147E-16,1.));
#9867 = ORIENTED_EDGE('',*,*,#9868,.T.);
#9868 = EDGE_CURVE('',#9861,#9869,#9871,.T.);
#9869 = VERTEX_POINT('',#9870);
#9870 = CARTESIAN_POINT('',(6.12500075,0.602996800241,4.199322669419));
#9871 = LINE('',#9872,#9873);
#9872 = CARTESIAN_POINT('',(6.12500075,0.448052765254,3.881217693382));
#9873 = VECTOR('',#9874,1.);
#9874 = DIRECTION('',(5.362734202678E-17,0.437900479257,0.89902345368));
#9875 = ORIENTED_EDGE('',*,*,#9876,.T.);
#9876 = EDGE_CURVE('',#9869,#9877,#9879,.T.);
#9877 = VERTEX_POINT('',#9878);
#9878 = CARTESIAN_POINT('',(6.12500075,0.606177852711,4.234756116545));
#9879 = CIRCLE('',#9880,5.E-02);
#9880 = AXIS2_PLACEMENT_3D('',#9881,#9882,#9883);
#9881 = CARTESIAN_POINT('',(6.12500075,0.558045627557,4.221217693382));
#9882 = DIRECTION('',(1.,-1.224646799147E-16,6.162975822039E-33));
#9883 = DIRECTION('',(1.100986194907E-16,0.89902345368,-0.437900479257)
  );
#9884 = ORIENTED_EDGE('',*,*,#9885,.T.);
#9885 = EDGE_CURVE('',#9877,#9886,#9888,.T.);
#9886 = VERTEX_POINT('',#9887);
#9887 = CARTESIAN_POINT('',(6.12500075,0.398856079879,4.971832962871));
#9888 = LINE('',#9889,#9890);
#9889 = CARTESIAN_POINT('',(6.12500075,0.606177852711,4.234756116545));
#9890 = VECTOR('',#9891,1.);
#9891 = DIRECTION('',(-3.315957318415E-17,-0.27076846326,0.962644503077)
  );
#9892 = ORIENTED_EDGE('',*,*,#9893,.T.);
#9893 = EDGE_CURVE('',#9886,#4951,#9894,.T.);
#9894 = CIRCLE('',#9895,0.15);
#9895 = AXIS2_PLACEMENT_3D('',#9896,#9897,#9898);
#9896 = CARTESIAN_POINT('',(6.12500075,0.254459404418,4.931217693382));
#9897 = DIRECTION('',(1.,-1.224646799147E-16,0.));
#9898 = DIRECTION('',(1.17889950941E-16,0.962644503077,0.27076846326));
#9899 = ORIENTED_EDGE('',*,*,#4950,.F.);
#9900 = PLANE('',#9901);
#9901 = AXIS2_PLACEMENT_3D('',#9902,#9903,#9904);
#9902 = CARTESIAN_POINT('',(6.12500075,2.513052765254,4.741217693382));
#9903 = DIRECTION('',(1.,-1.224646799147E-16,0.));
#9904 = DIRECTION('',(1.499759782662E-32,1.224646799147E-16,-1.));
#9905 = ADVANCED_FACE('',(#9906),#9932,.T.);
#9906 = FACE_BOUND('',#9907,.T.);
#9907 = EDGE_LOOP('',(#9908,#9916,#9925,#9931));
#9908 = ORIENTED_EDGE('',*,*,#9909,.T.);
#9909 = EDGE_CURVE('',#1192,#9910,#9912,.T.);
#9910 = VERTEX_POINT('',#9911);
#9911 = CARTESIAN_POINT('',(6.12500075,1.433094454873,4.503112717345));
#9912 = LINE('',#9913,#9914);
#9913 = CARTESIAN_POINT('',(6.12500075,1.648052765254,4.944428887914));
#9914 = VECTOR('',#9915,1.);
#9915 = DIRECTION('',(-5.362734202678E-17,-0.437900479257,-0.89902345368
    ));
#9916 = ORIENTED_EDGE('',*,*,#9917,.T.);
#9917 = EDGE_CURVE('',#9910,#9918,#9920,.T.);
#9918 = VERTEX_POINT('',#9919);
#9919 = CARTESIAN_POINT('',(6.12500075,1.429913402403,4.467679270219));
#9920 = CIRCLE('',#9921,5.E-02);
#9921 = AXIS2_PLACEMENT_3D('',#9922,#9923,#9924);
#9922 = CARTESIAN_POINT('',(6.12500075,1.478045627557,4.481217693382));
#9923 = DIRECTION('',(1.,-1.224646799147E-16,6.162975822039E-33));
#9924 = DIRECTION('',(-1.100986194907E-16,-0.89902345368,0.437900479257)
  );
#9925 = ORIENTED_EDGE('',*,*,#9926,.T.);
#9926 = EDGE_CURVE('',#9918,#1200,#9927,.T.);
#9927 = LINE('',#9928,#9929);
#9928 = CARTESIAN_POINT('',(6.12500075,1.429913402403,4.467679270219));
#9929 = VECTOR('',#9930,1.);
#9930 = DIRECTION('',(3.315957318415E-17,0.27076846326,-0.962644503077)
  );
#9931 = ORIENTED_EDGE('',*,*,#1199,.T.);
#9932 = PLANE('',#9933);
#9933 = AXIS2_PLACEMENT_3D('',#9934,#9935,#9936);
#9934 = CARTESIAN_POINT('',(6.12500075,2.513052765254,4.741217693382));
#9935 = DIRECTION('',(1.,-1.224646799147E-16,0.));
#9936 = DIRECTION('',(1.499759782662E-32,1.224646799147E-16,-1.));
#9937 = ADVANCED_FACE('',(#9938),#9949,.T.);
#9938 = FACE_BOUND('',#9939,.T.);
#9939 = EDGE_LOOP('',(#9940,#9941,#9947,#9948));
#9940 = ORIENTED_EDGE('',*,*,#9826,.F.);
#9941 = ORIENTED_EDGE('',*,*,#9942,.F.);
#9942 = EDGE_CURVE('',#9634,#9819,#9943,.T.);
#9943 = LINE('',#9944,#9945);
#9944 = CARTESIAN_POINT('',(5.87500075,0.218052765254,-3.128782306618));
#9945 = VECTOR('',#9946,1.);
#9946 = DIRECTION('',(1.,-1.224646799147E-16,0.));
#9947 = ORIENTED_EDGE('',*,*,#9633,.T.);
#9948 = ORIENTED_EDGE('',*,*,#512,.T.);
#9949 = PLANE('',#9950);
#9950 = AXIS2_PLACEMENT_3D('',#9951,#9952,#9953);
#9951 = CARTESIAN_POINT('',(5.87500075,0.218052765254,-3.128782306618));
#9952 = DIRECTION('',(1.224646799147E-16,1.,1.224646799147E-16));
#9953 = DIRECTION('',(-1.,1.224646799147E-16,0.));
#9954 = ADVANCED_FACE('',(#9955),#9966,.T.);
#9955 = FACE_BOUND('',#9956,.T.);
#9956 = EDGE_LOOP('',(#9957,#9958,#9959,#9965));
#9957 = ORIENTED_EDGE('',*,*,#9942,.T.);
#9958 = ORIENTED_EDGE('',*,*,#9818,.F.);
#9959 = ORIENTED_EDGE('',*,*,#9960,.F.);
#9960 = EDGE_CURVE('',#9642,#9811,#9961,.T.);
#9961 = LINE('',#9962,#9963);
#9962 = CARTESIAN_POINT('',(5.87500075,6.805276525429E-02,
    -3.428782306618));
#9963 = VECTOR('',#9964,1.);
#9964 = DIRECTION('',(1.,-1.224646799147E-16,0.));
#9965 = ORIENTED_EDGE('',*,*,#9641,.T.);
#9966 = PLANE('',#9967);
#9967 = AXIS2_PLACEMENT_3D('',#9968,#9969,#9970);
#9968 = CARTESIAN_POINT('',(5.87500075,6.805276525429E-02,
    -3.428782306618));
#9969 = DIRECTION('',(1.095357396528E-16,0.894427191,-0.4472135955));
#9970 = DIRECTION('',(-1.,1.224646799147E-16,0.));
#9971 = ADVANCED_FACE('',(#9972),#9983,.T.);
#9972 = FACE_BOUND('',#9973,.T.);
#9973 = EDGE_LOOP('',(#9974,#9975,#9976,#9982));
#9974 = ORIENTED_EDGE('',*,*,#9960,.T.);
#9975 = ORIENTED_EDGE('',*,*,#9810,.F.);
#9976 = ORIENTED_EDGE('',*,*,#9977,.F.);
#9977 = EDGE_CURVE('',#9650,#9803,#9978,.T.);
#9978 = LINE('',#9979,#9980);
#9979 = CARTESIAN_POINT('',(5.87500075,-8.194723474571E-02,
    -3.428782306618));
#9980 = VECTOR('',#9981,1.);
#9981 = DIRECTION('',(1.,-1.224646799147E-16,0.));
#9982 = ORIENTED_EDGE('',*,*,#9649,.T.);
#9983 = PLANE('',#9984);
#9984 = AXIS2_PLACEMENT_3D('',#9985,#9986,#9987);
#9985 = CARTESIAN_POINT('',(5.87500075,-8.194723474571E-02,
    -3.428782306618));
#9986 = DIRECTION('',(1.499759782662E-32,1.224646799147E-16,-1.));
#9987 = DIRECTION('',(-1.,1.224646799147E-16,0.));
#9988 = ADVANCED_FACE('',(#9989),#9995,.T.);
#9989 = FACE_BOUND('',#9990,.T.);
#9990 = EDGE_LOOP('',(#9991,#9992,#9993,#9994));
#9991 = ORIENTED_EDGE('',*,*,#9977,.T.);
#9992 = ORIENTED_EDGE('',*,*,#9802,.F.);
#9993 = ORIENTED_EDGE('',*,*,#9778,.F.);
#9994 = ORIENTED_EDGE('',*,*,#9657,.T.);
#9995 = PLANE('',#9996);
#9996 = AXIS2_PLACEMENT_3D('',#9997,#9998,#9999);
#9997 = CARTESIAN_POINT('',(5.87500075,-0.231947234746,-3.028782306618)
  );
#9998 = DIRECTION('',(-1.146672530258E-16,-0.936329177569,
    -0.351123441588));
#9999 = DIRECTION('',(1.,-1.224646799147E-16,0.));
#10000 = ADVANCED_FACE('',(#10001),#10012,.T.);
#10001 = FACE_BOUND('',#10002,.T.);
#10002 = EDGE_LOOP('',(#10003,#10004,#10010,#10011));
#10003 = ORIENTED_EDGE('',*,*,#9893,.F.);
#10004 = ORIENTED_EDGE('',*,*,#10005,.F.);
#10005 = EDGE_CURVE('',#9680,#9886,#10006,.T.);
#10006 = LINE('',#10007,#10008);
#10007 = CARTESIAN_POINT('',(5.87500075,0.398856079879,4.971832962871));
#10008 = VECTOR('',#10009,1.);
#10009 = DIRECTION('',(1.,-1.224646799147E-16,0.));
#10010 = ORIENTED_EDGE('',*,*,#9679,.T.);
#10011 = ORIENTED_EDGE('',*,*,#4958,.T.);
#10012 = CYLINDRICAL_SURFACE('',#10013,0.15);
#10013 = AXIS2_PLACEMENT_3D('',#10014,#10015,#10016);
#10014 = CARTESIAN_POINT('',(5.87500075,0.254459404418,4.931217693382));
#10015 = DIRECTION('',(-1.,1.224646799147E-16,0.));
#10016 = DIRECTION('',(1.499759782662E-32,1.224646799147E-16,-1.));
#10017 = ADVANCED_FACE('',(#10018),#10029,.T.);
#10018 = FACE_BOUND('',#10019,.T.);
#10019 = EDGE_LOOP('',(#10020,#10021,#10022,#10028));
#10020 = ORIENTED_EDGE('',*,*,#10005,.T.);
#10021 = ORIENTED_EDGE('',*,*,#9885,.F.);
#10022 = ORIENTED_EDGE('',*,*,#10023,.F.);
#10023 = EDGE_CURVE('',#9689,#9877,#10024,.T.);
#10024 = LINE('',#10025,#10026);
#10025 = CARTESIAN_POINT('',(5.87500075,0.606177852711,4.234756116545));
#10026 = VECTOR('',#10027,1.);
#10027 = DIRECTION('',(1.,-1.224646799147E-16,0.));
#10028 = ORIENTED_EDGE('',*,*,#9688,.T.);
#10029 = PLANE('',#10030);
#10030 = AXIS2_PLACEMENT_3D('',#10031,#10032,#10033);
#10031 = CARTESIAN_POINT('',(5.87500075,0.606177852711,4.234756116545));
#10032 = DIRECTION('',(1.17889950941E-16,0.962644503077,0.27076846326));
#10033 = DIRECTION('',(1.,-1.224646799147E-16,0.));
#10034 = ADVANCED_FACE('',(#10035),#10046,.T.);
#10035 = FACE_BOUND('',#10036,.T.);
#10036 = EDGE_LOOP('',(#10037,#10038,#10039,#10045));
#10037 = ORIENTED_EDGE('',*,*,#10023,.T.);
#10038 = ORIENTED_EDGE('',*,*,#9876,.F.);
#10039 = ORIENTED_EDGE('',*,*,#10040,.F.);
#10040 = EDGE_CURVE('',#9697,#9869,#10041,.T.);
#10041 = LINE('',#10042,#10043);
#10042 = CARTESIAN_POINT('',(5.87500075,0.602996800241,4.199322669419));
#10043 = VECTOR('',#10044,1.);
#10044 = DIRECTION('',(1.,-1.224646799147E-16,0.));
#10045 = ORIENTED_EDGE('',*,*,#9696,.T.);
#10046 = CYLINDRICAL_SURFACE('',#10047,5.E-02);
#10047 = AXIS2_PLACEMENT_3D('',#10048,#10049,#10050);
#10048 = CARTESIAN_POINT('',(5.87500075,0.558045627557,4.221217693382));
#10049 = DIRECTION('',(-1.,1.224646799147E-16,0.));
#10050 = DIRECTION('',(1.499759782662E-32,1.224646799147E-16,-1.));
#10051 = ADVANCED_FACE('',(#10052),#10063,.T.);
#10052 = FACE_BOUND('',#10053,.T.);
#10053 = EDGE_LOOP('',(#10054,#10055,#10056,#10062));
#10054 = ORIENTED_EDGE('',*,*,#10040,.T.);
#10055 = ORIENTED_EDGE('',*,*,#9868,.F.);
#10056 = ORIENTED_EDGE('',*,*,#10057,.F.);
#10057 = EDGE_CURVE('',#9706,#9861,#10058,.T.);
#10058 = LINE('',#10059,#10060);
#10059 = CARTESIAN_POINT('',(5.87500075,0.448052765254,3.881217693382));
#10060 = VECTOR('',#10061,1.);
#10061 = DIRECTION('',(1.,-1.224646799147E-16,0.));
#10062 = ORIENTED_EDGE('',*,*,#9705,.T.);
#10063 = PLANE('',#10064);
#10064 = AXIS2_PLACEMENT_3D('',#10065,#10066,#10067);
#10065 = CARTESIAN_POINT('',(5.87500075,0.448052765254,3.881217693382));
#10066 = DIRECTION('',(1.100986194907E-16,0.89902345368,-0.437900479257)
  );
#10067 = DIRECTION('',(-1.,1.224646799147E-16,0.));
#10068 = ADVANCED_FACE('',(#10069),#10080,.T.);
#10069 = FACE_BOUND('',#10070,.T.);
#10070 = EDGE_LOOP('',(#10071,#10072,#10073,#10079));
#10071 = ORIENTED_EDGE('',*,*,#10057,.T.);
#10072 = ORIENTED_EDGE('',*,*,#9860,.F.);
#10073 = ORIENTED_EDGE('',*,*,#10074,.F.);
#10074 = EDGE_CURVE('',#9714,#9853,#10075,.T.);
#10075 = LINE('',#10076,#10077);
#10076 = CARTESIAN_POINT('',(5.87500075,0.448052765254,2.581217693382));
#10077 = VECTOR('',#10078,1.);
#10078 = DIRECTION('',(1.,-1.224646799147E-16,0.));
#10079 = ORIENTED_EDGE('',*,*,#9713,.T.);
#10080 = PLANE('',#10081);
#10081 = AXIS2_PLACEMENT_3D('',#10082,#10083,#10084);
#10082 = CARTESIAN_POINT('',(5.87500075,0.448052765254,2.581217693382));
#10083 = DIRECTION('',(1.224646799147E-16,1.,1.224646799147E-16));
#10084 = DIRECTION('',(-1.,1.224646799147E-16,0.));
#10085 = ADVANCED_FACE('',(#10086),#10097,.T.);
#10086 = FACE_BOUND('',#10087,.T.);
#10087 = EDGE_LOOP('',(#10088,#10089,#10090,#10096));
#10088 = ORIENTED_EDGE('',*,*,#10074,.T.);
#10089 = ORIENTED_EDGE('',*,*,#9852,.F.);
#10090 = ORIENTED_EDGE('',*,*,#10091,.F.);
#10091 = EDGE_CURVE('',#9722,#9845,#10092,.T.);
#10092 = LINE('',#10093,#10094);
#10093 = CARTESIAN_POINT('',(5.87500075,1.378052765254,2.581217693382));
#10094 = VECTOR('',#10095,1.);
#10095 = DIRECTION('',(1.,-1.224646799147E-16,0.));
#10096 = ORIENTED_EDGE('',*,*,#9721,.T.);
#10097 = PLANE('',#10098);
#10098 = AXIS2_PLACEMENT_3D('',#10099,#10100,#10101);
#10099 = CARTESIAN_POINT('',(5.87500075,1.378052765254,2.581217693382));
#10100 = DIRECTION('',(-1.499759782662E-32,-1.224646799147E-16,1.));
#10101 = DIRECTION('',(-1.224646799147E-16,-1.,-1.224646799147E-16));
#10102 = ADVANCED_FACE('',(#10103),#10109,.T.);
#10103 = FACE_BOUND('',#10104,.T.);
#10104 = EDGE_LOOP('',(#10105,#10106,#10107,#10108));
#10105 = ORIENTED_EDGE('',*,*,#9729,.T.);
#10106 = ORIENTED_EDGE('',*,*,#10091,.T.);
#10107 = ORIENTED_EDGE('',*,*,#9844,.F.);
#10108 = ORIENTED_EDGE('',*,*,#5878,.F.);
#10109 = PLANE('',#10110);
#10110 = AXIS2_PLACEMENT_3D('',#10111,#10112,#10113);
#10111 = CARTESIAN_POINT('',(5.87500075,1.378052765254,2.001217693382));
#10112 = DIRECTION('',(1.224646799147E-16,1.,1.224646799147E-16));
#10113 = DIRECTION('',(-1.,1.224646799147E-16,0.));
#10114 = ADVANCED_FACE('',(#10115),#10126,.T.);
#10115 = FACE_BOUND('',#10116,.T.);
#10116 = EDGE_LOOP('',(#10117,#10118,#10124,#10125));
#10117 = ORIENTED_EDGE('',*,*,#9926,.F.);
#10118 = ORIENTED_EDGE('',*,*,#10119,.F.);
#10119 = EDGE_CURVE('',#9747,#9918,#10120,.T.);
#10120 = LINE('',#10121,#10122);
#10121 = CARTESIAN_POINT('',(5.87500075,1.429913402403,4.467679270219));
#10122 = VECTOR('',#10123,1.);
#10123 = DIRECTION('',(1.,-1.224646799147E-16,0.));
#10124 = ORIENTED_EDGE('',*,*,#9746,.T.);
#10125 = ORIENTED_EDGE('',*,*,#1207,.T.);
#10126 = PLANE('',#10127);
#10127 = AXIS2_PLACEMENT_3D('',#10128,#10129,#10130);
#10128 = CARTESIAN_POINT('',(5.87500075,1.429913402403,4.467679270219));
#10129 = DIRECTION('',(-1.17889950941E-16,-0.962644503077,-0.27076846326
    ));
#10130 = DIRECTION('',(1.,-1.224646799147E-16,0.));
#10131 = ADVANCED_FACE('',(#10132),#10143,.T.);
#10132 = FACE_BOUND('',#10133,.T.);
#10133 = EDGE_LOOP('',(#10134,#10135,#10136,#10142));
#10134 = ORIENTED_EDGE('',*,*,#10119,.T.);
#10135 = ORIENTED_EDGE('',*,*,#9917,.F.);
#10136 = ORIENTED_EDGE('',*,*,#10137,.F.);
#10137 = EDGE_CURVE('',#9755,#9910,#10138,.T.);
#10138 = LINE('',#10139,#10140);
#10139 = CARTESIAN_POINT('',(5.87500075,1.433094454873,4.503112717345));
#10140 = VECTOR('',#10141,1.);
#10141 = DIRECTION('',(1.,-1.224646799147E-16,0.));
#10142 = ORIENTED_EDGE('',*,*,#9754,.T.);
#10143 = CYLINDRICAL_SURFACE('',#10144,5.E-02);
#10144 = AXIS2_PLACEMENT_3D('',#10145,#10146,#10147);
#10145 = CARTESIAN_POINT('',(5.87500075,1.478045627557,4.481217693382));
#10146 = DIRECTION('',(-1.,1.224646799147E-16,0.));
#10147 = DIRECTION('',(1.499759782662E-32,1.224646799147E-16,-1.));
#10148 = ADVANCED_FACE('',(#10149),#10155,.T.);
#10149 = FACE_BOUND('',#10150,.T.);
#10150 = EDGE_LOOP('',(#10151,#10152,#10153,#10154));
#10151 = ORIENTED_EDGE('',*,*,#9763,.T.);
#10152 = ORIENTED_EDGE('',*,*,#10137,.T.);
#10153 = ORIENTED_EDGE('',*,*,#9909,.F.);
#10154 = ORIENTED_EDGE('',*,*,#1189,.F.);
#10155 = PLANE('',#10156);
#10156 = AXIS2_PLACEMENT_3D('',#10157,#10158,#10159);
#10157 = CARTESIAN_POINT('',(5.87500075,1.687301483822,5.025007741308));
#10158 = DIRECTION('',(-1.100986194907E-16,-0.89902345368,0.437900479257
    ));
#10159 = DIRECTION('',(5.362734202678E-17,0.437900479257,0.89902345368)
  );
#10160 = ADVANCED_FACE('',(#10161),#10202,.F.);
#10161 = FACE_BOUND('',#10162,.T.);
#10162 = EDGE_LOOP('',(#10163,#10171,#10179,#10187,#10195,#10201));
#10163 = ORIENTED_EDGE('',*,*,#10164,.F.);
#10164 = EDGE_CURVE('',#10165,#717,#10167,.T.);
#10165 = VERTEX_POINT('',#10166);
#10166 = CARTESIAN_POINT('',(7.37500075,2.248052765254,-3.128782306618)
  );
#10167 = LINE('',#10168,#10169);
#10168 = CARTESIAN_POINT('',(7.37500075,2.248052765254,-3.128782306618)
  );
#10169 = VECTOR('',#10170,1.);
#10170 = DIRECTION('',(-1.499759782662E-32,-1.224646799147E-16,1.));
#10171 = ORIENTED_EDGE('',*,*,#10172,.F.);
#10172 = EDGE_CURVE('',#10173,#10165,#10175,.T.);
#10173 = VERTEX_POINT('',#10174);
#10174 = CARTESIAN_POINT('',(7.37500075,2.088052765254,-3.428782306618)
  );
#10175 = LINE('',#10176,#10177);
#10176 = CARTESIAN_POINT('',(7.37500075,2.088052765254,-3.428782306618)
  );
#10177 = VECTOR('',#10178,1.);
#10178 = DIRECTION('',(5.763043760693E-17,0.470588235294,0.882352941176)
  );
#10179 = ORIENTED_EDGE('',*,*,#10180,.F.);
#10180 = EDGE_CURVE('',#10181,#10173,#10183,.T.);
#10181 = VERTEX_POINT('',#10182);
#10182 = CARTESIAN_POINT('',(7.37500075,1.898052765254,-3.428782306618)
  );
#10183 = LINE('',#10184,#10185);
#10184 = CARTESIAN_POINT('',(7.37500075,1.898052765254,-3.428782306618)
  );
#10185 = VECTOR('',#10186,1.);
#10186 = DIRECTION('',(1.224646799147E-16,1.,1.224646799147E-16));
#10187 = ORIENTED_EDGE('',*,*,#10188,.F.);
#10188 = EDGE_CURVE('',#10189,#10181,#10191,.T.);
#10189 = VERTEX_POINT('',#10190);
#10190 = CARTESIAN_POINT('',(7.37500075,1.748052765254,-3.128782306618)
  );
#10191 = LINE('',#10192,#10193);
#10192 = CARTESIAN_POINT('',(7.37500075,1.748052765254,-3.128782306618)
  );
#10193 = VECTOR('',#10194,1.);
#10194 = DIRECTION('',(5.476786982643E-17,0.4472135955,-0.894427191));
#10195 = ORIENTED_EDGE('',*,*,#10196,.F.);
#10196 = EDGE_CURVE('',#699,#10189,#10197,.T.);
#10197 = LINE('',#10198,#10199);
#10198 = CARTESIAN_POINT('',(7.37500075,1.748052765254,
    -2.878230661791E-02));
#10199 = VECTOR('',#10200,1.);
#10200 = DIRECTION('',(1.499759782662E-32,1.224646799147E-16,-1.));
#10201 = ORIENTED_EDGE('',*,*,#724,.T.);
#10202 = PLANE('',#10203);
#10203 = AXIS2_PLACEMENT_3D('',#10204,#10205,#10206);
#10204 = CARTESIAN_POINT('',(7.37500075,2.513052765254,4.741217693382));
#10205 = DIRECTION('',(1.,-1.224646799147E-16,0.));
#10206 = DIRECTION('',(1.499759782662E-32,1.224646799147E-16,-1.));
#10207 = ADVANCED_FACE('',(#10208),#10269,.F.);
#10208 = FACE_BOUND('',#10209,.T.);
#10209 = EDGE_LOOP('',(#10210,#10219,#10227,#10236,#10244,#10252,#10260,
    #10266,#10267,#10268));
#10210 = ORIENTED_EDGE('',*,*,#10211,.F.);
#10211 = EDGE_CURVE('',#10212,#4927,#10214,.T.);
#10212 = VERTEX_POINT('',#10213);
#10213 = CARTESIAN_POINT('',(7.37500075,0.398856079879,4.971832962871));
#10214 = CIRCLE('',#10215,0.15);
#10215 = AXIS2_PLACEMENT_3D('',#10216,#10217,#10218);
#10216 = CARTESIAN_POINT('',(7.37500075,0.254459404418,4.931217693382));
#10217 = DIRECTION('',(1.,-1.224646799147E-16,0.));
#10218 = DIRECTION('',(1.17889950941E-16,0.962644503077,0.27076846326));
#10219 = ORIENTED_EDGE('',*,*,#10220,.F.);
#10220 = EDGE_CURVE('',#10221,#10212,#10223,.T.);
#10221 = VERTEX_POINT('',#10222);
#10222 = CARTESIAN_POINT('',(7.37500075,0.606177852711,4.234756116545));
#10223 = LINE('',#10224,#10225);
#10224 = CARTESIAN_POINT('',(7.37500075,0.606177852711,4.234756116545));
#10225 = VECTOR('',#10226,1.);
#10226 = DIRECTION('',(-3.315957318415E-17,-0.27076846326,0.962644503077
    ));
#10227 = ORIENTED_EDGE('',*,*,#10228,.F.);
#10228 = EDGE_CURVE('',#10229,#10221,#10231,.T.);
#10229 = VERTEX_POINT('',#10230);
#10230 = CARTESIAN_POINT('',(7.37500075,0.602996800241,4.199322669419));
#10231 = CIRCLE('',#10232,5.E-02);
#10232 = AXIS2_PLACEMENT_3D('',#10233,#10234,#10235);
#10233 = CARTESIAN_POINT('',(7.37500075,0.558045627557,4.221217693382));
#10234 = DIRECTION('',(1.,-1.224646799147E-16,6.162975822039E-33));
#10235 = DIRECTION('',(1.100986194907E-16,0.89902345368,-0.437900479257)
  );
#10236 = ORIENTED_EDGE('',*,*,#10237,.F.);
#10237 = EDGE_CURVE('',#10238,#10229,#10240,.T.);
#10238 = VERTEX_POINT('',#10239);
#10239 = CARTESIAN_POINT('',(7.37500075,0.448052765254,3.881217693382));
#10240 = LINE('',#10241,#10242);
#10241 = CARTESIAN_POINT('',(7.37500075,0.448052765254,3.881217693382));
#10242 = VECTOR('',#10243,1.);
#10243 = DIRECTION('',(5.362734202678E-17,0.437900479257,0.89902345368)
  );
#10244 = ORIENTED_EDGE('',*,*,#10245,.F.);
#10245 = EDGE_CURVE('',#10246,#10238,#10248,.T.);
#10246 = VERTEX_POINT('',#10247);
#10247 = CARTESIAN_POINT('',(7.37500075,0.448052765254,2.581217693382));
#10248 = LINE('',#10249,#10250);
#10249 = CARTESIAN_POINT('',(7.37500075,0.448052765254,2.581217693382));
#10250 = VECTOR('',#10251,1.);
#10251 = DIRECTION('',(-1.499759782662E-32,-1.224646799147E-16,1.));
#10252 = ORIENTED_EDGE('',*,*,#10253,.F.);
#10253 = EDGE_CURVE('',#10254,#10246,#10256,.T.);
#10254 = VERTEX_POINT('',#10255);
#10255 = CARTESIAN_POINT('',(7.37500075,1.378052765254,2.581217693382));
#10256 = LINE('',#10257,#10258);
#10257 = CARTESIAN_POINT('',(7.37500075,1.378052765254,2.581217693382));
#10258 = VECTOR('',#10259,1.);
#10259 = DIRECTION('',(-1.224646799147E-16,-1.,-1.224646799147E-16));
#10260 = ORIENTED_EDGE('',*,*,#10261,.F.);
#10261 = EDGE_CURVE('',#5903,#10254,#10262,.T.);
#10262 = LINE('',#10263,#10264);
#10263 = CARTESIAN_POINT('',(7.37500075,1.378052765254,2.471217693382));
#10264 = VECTOR('',#10265,1.);
#10265 = DIRECTION('',(-1.499759782662E-32,-1.224646799147E-16,1.));
#10266 = ORIENTED_EDGE('',*,*,#5902,.F.);
#10267 = ORIENTED_EDGE('',*,*,#6209,.F.);
#10268 = ORIENTED_EDGE('',*,*,#4934,.T.);
#10269 = PLANE('',#10270);
#10270 = AXIS2_PLACEMENT_3D('',#10271,#10272,#10273);
#10271 = CARTESIAN_POINT('',(7.37500075,2.513052765254,4.741217693382));
#10272 = DIRECTION('',(1.,-1.224646799147E-16,0.));
#10273 = DIRECTION('',(1.499759782662E-32,1.224646799147E-16,-1.));
#10274 = ADVANCED_FACE('',(#10275),#10301,.F.);
#10275 = FACE_BOUND('',#10276,.T.);
#10276 = EDGE_LOOP('',(#10277,#10285,#10294,#10300));
#10277 = ORIENTED_EDGE('',*,*,#10278,.F.);
#10278 = EDGE_CURVE('',#10279,#1412,#10281,.T.);
#10279 = VERTEX_POINT('',#10280);
#10280 = CARTESIAN_POINT('',(7.37500075,1.429913402403,4.467679270219));
#10281 = LINE('',#10282,#10283);
#10282 = CARTESIAN_POINT('',(7.37500075,1.429913402403,4.467679270219));
#10283 = VECTOR('',#10284,1.);
#10284 = DIRECTION('',(3.315957318415E-17,0.27076846326,-0.962644503077)
  );
#10285 = ORIENTED_EDGE('',*,*,#10286,.F.);
#10286 = EDGE_CURVE('',#10287,#10279,#10289,.T.);
#10287 = VERTEX_POINT('',#10288);
#10288 = CARTESIAN_POINT('',(7.37500075,1.433094454873,4.503112717345));
#10289 = CIRCLE('',#10290,5.E-02);
#10290 = AXIS2_PLACEMENT_3D('',#10291,#10292,#10293);
#10291 = CARTESIAN_POINT('',(7.37500075,1.478045627557,4.481217693382));
#10292 = DIRECTION('',(1.,-1.224646799147E-16,6.162975822039E-33));
#10293 = DIRECTION('',(-1.100986194907E-16,-0.89902345368,0.437900479257
    ));
#10294 = ORIENTED_EDGE('',*,*,#10295,.F.);
#10295 = EDGE_CURVE('',#1394,#10287,#10296,.T.);
#10296 = LINE('',#10297,#10298);
#10297 = CARTESIAN_POINT('',(7.37500075,1.648052765254,4.944428887914));
#10298 = VECTOR('',#10299,1.);
#10299 = DIRECTION('',(-5.362734202678E-17,-0.437900479257,
    -0.89902345368));
#10300 = ORIENTED_EDGE('',*,*,#1419,.F.);
#10301 = PLANE('',#10302);
#10302 = AXIS2_PLACEMENT_3D('',#10303,#10304,#10305);
#10303 = CARTESIAN_POINT('',(7.37500075,2.513052765254,4.741217693382));
#10304 = DIRECTION('',(1.,-1.224646799147E-16,0.));
#10305 = DIRECTION('',(1.499759782662E-32,1.224646799147E-16,-1.));
#10306 = ADVANCED_FACE('',(#10307),#10325,.T.);
#10307 = FACE_BOUND('',#10308,.T.);
#10308 = EDGE_LOOP('',(#10309,#10310,#10318,#10324));
#10309 = ORIENTED_EDGE('',*,*,#10196,.T.);
#10310 = ORIENTED_EDGE('',*,*,#10311,.T.);
#10311 = EDGE_CURVE('',#10189,#10312,#10314,.T.);
#10312 = VERTEX_POINT('',#10313);
#10313 = CARTESIAN_POINT('',(7.62500075,1.748052765254,-3.128782306618)
  );
#10314 = LINE('',#10315,#10316);
#10315 = CARTESIAN_POINT('',(7.37500075,1.748052765254,-3.128782306618)
  );
#10316 = VECTOR('',#10317,1.);
#10317 = DIRECTION('',(1.,-1.224646799147E-16,0.));
#10318 = ORIENTED_EDGE('',*,*,#10319,.F.);
#10319 = EDGE_CURVE('',#701,#10312,#10320,.T.);
#10320 = LINE('',#10321,#10322);
#10321 = CARTESIAN_POINT('',(7.62500075,1.748052765254,
    -2.878230661791E-02));
#10322 = VECTOR('',#10323,1.);
#10323 = DIRECTION('',(1.499759782662E-32,1.224646799147E-16,-1.));
#10324 = ORIENTED_EDGE('',*,*,#698,.F.);
#10325 = PLANE('',#10326);
#10326 = AXIS2_PLACEMENT_3D('',#10327,#10328,#10329);
#10327 = CARTESIAN_POINT('',(7.37500075,1.748052765254,
    -1.878230661791E-02));
#10328 = DIRECTION('',(-1.224646799147E-16,-1.,-1.224646799147E-16));
#10329 = DIRECTION('',(-1.499759782662E-32,-1.224646799147E-16,1.));
#10330 = ADVANCED_FACE('',(#10331),#10365,.T.);
#10331 = FACE_BOUND('',#10332,.T.);
#10332 = EDGE_LOOP('',(#10333,#10334,#10342,#10350,#10358,#10364));
#10333 = ORIENTED_EDGE('',*,*,#10319,.T.);
#10334 = ORIENTED_EDGE('',*,*,#10335,.T.);
#10335 = EDGE_CURVE('',#10312,#10336,#10338,.T.);
#10336 = VERTEX_POINT('',#10337);
#10337 = CARTESIAN_POINT('',(7.62500075,1.898052765254,-3.428782306618)
  );
#10338 = LINE('',#10339,#10340);
#10339 = CARTESIAN_POINT('',(7.62500075,1.748052765254,-3.128782306618)
  );
#10340 = VECTOR('',#10341,1.);
#10341 = DIRECTION('',(5.476786982643E-17,0.4472135955,-0.894427191));
#10342 = ORIENTED_EDGE('',*,*,#10343,.T.);
#10343 = EDGE_CURVE('',#10336,#10344,#10346,.T.);
#10344 = VERTEX_POINT('',#10345);
#10345 = CARTESIAN_POINT('',(7.62500075,2.088052765254,-3.428782306618)
  );
#10346 = LINE('',#10347,#10348);
#10347 = CARTESIAN_POINT('',(7.62500075,1.898052765254,-3.428782306618)
  );
#10348 = VECTOR('',#10349,1.);
#10349 = DIRECTION('',(1.224646799147E-16,1.,1.224646799147E-16));
#10350 = ORIENTED_EDGE('',*,*,#10351,.T.);
#10351 = EDGE_CURVE('',#10344,#10352,#10354,.T.);
#10352 = VERTEX_POINT('',#10353);
#10353 = CARTESIAN_POINT('',(7.62500075,2.248052765254,-3.128782306618)
  );
#10354 = LINE('',#10355,#10356);
#10355 = CARTESIAN_POINT('',(7.62500075,2.088052765254,-3.428782306618)
  );
#10356 = VECTOR('',#10357,1.);
#10357 = DIRECTION('',(5.763043760693E-17,0.470588235294,0.882352941176)
  );
#10358 = ORIENTED_EDGE('',*,*,#10359,.T.);
#10359 = EDGE_CURVE('',#10352,#709,#10360,.T.);
#10360 = LINE('',#10361,#10362);
#10361 = CARTESIAN_POINT('',(7.62500075,2.248052765254,-3.128782306618)
  );
#10362 = VECTOR('',#10363,1.);
#10363 = DIRECTION('',(-1.499759782662E-32,-1.224646799147E-16,1.));
#10364 = ORIENTED_EDGE('',*,*,#708,.F.);
#10365 = PLANE('',#10366);
#10366 = AXIS2_PLACEMENT_3D('',#10367,#10368,#10369);
#10367 = CARTESIAN_POINT('',(7.62500075,2.513052765254,4.741217693382));
#10368 = DIRECTION('',(1.,-1.224646799147E-16,0.));
#10369 = DIRECTION('',(1.499759782662E-32,1.224646799147E-16,-1.));
#10370 = ADVANCED_FACE('',(#10371),#10432,.T.);
#10371 = FACE_BOUND('',#10372,.T.);
#10372 = EDGE_LOOP('',(#10373,#10374,#10375,#10383,#10391,#10399,#10407,
    #10416,#10424,#10431));
#10373 = ORIENTED_EDGE('',*,*,#6231,.T.);
#10374 = ORIENTED_EDGE('',*,*,#5918,.T.);
#10375 = ORIENTED_EDGE('',*,*,#10376,.T.);
#10376 = EDGE_CURVE('',#5911,#10377,#10379,.T.);
#10377 = VERTEX_POINT('',#10378);
#10378 = CARTESIAN_POINT('',(7.62500075,1.378052765254,2.581217693382));
#10379 = LINE('',#10380,#10381);
#10380 = CARTESIAN_POINT('',(7.62500075,1.378052765254,2.471217693382));
#10381 = VECTOR('',#10382,1.);
#10382 = DIRECTION('',(-1.499759782662E-32,-1.224646799147E-16,1.));
#10383 = ORIENTED_EDGE('',*,*,#10384,.T.);
#10384 = EDGE_CURVE('',#10377,#10385,#10387,.T.);
#10385 = VERTEX_POINT('',#10386);
#10386 = CARTESIAN_POINT('',(7.62500075,0.448052765254,2.581217693382));
#10387 = LINE('',#10388,#10389);
#10388 = CARTESIAN_POINT('',(7.62500075,1.378052765254,2.581217693382));
#10389 = VECTOR('',#10390,1.);
#10390 = DIRECTION('',(-1.224646799147E-16,-1.,-1.224646799147E-16));
#10391 = ORIENTED_EDGE('',*,*,#10392,.T.);
#10392 = EDGE_CURVE('',#10385,#10393,#10395,.T.);
#10393 = VERTEX_POINT('',#10394);
#10394 = CARTESIAN_POINT('',(7.62500075,0.448052765254,3.881217693382));
#10395 = LINE('',#10396,#10397);
#10396 = CARTESIAN_POINT('',(7.62500075,0.448052765254,2.581217693382));
#10397 = VECTOR('',#10398,1.);
#10398 = DIRECTION('',(-1.499759782662E-32,-1.224646799147E-16,1.));
#10399 = ORIENTED_EDGE('',*,*,#10400,.T.);
#10400 = EDGE_CURVE('',#10393,#10401,#10403,.T.);
#10401 = VERTEX_POINT('',#10402);
#10402 = CARTESIAN_POINT('',(7.62500075,0.602996800241,4.199322669419));
#10403 = LINE('',#10404,#10405);
#10404 = CARTESIAN_POINT('',(7.62500075,0.448052765254,3.881217693382));
#10405 = VECTOR('',#10406,1.);
#10406 = DIRECTION('',(5.362734202678E-17,0.437900479257,0.89902345368)
  );
#10407 = ORIENTED_EDGE('',*,*,#10408,.T.);
#10408 = EDGE_CURVE('',#10401,#10409,#10411,.T.);
#10409 = VERTEX_POINT('',#10410);
#10410 = CARTESIAN_POINT('',(7.62500075,0.606177852711,4.234756116545));
#10411 = CIRCLE('',#10412,5.E-02);
#10412 = AXIS2_PLACEMENT_3D('',#10413,#10414,#10415);
#10413 = CARTESIAN_POINT('',(7.62500075,0.558045627557,4.221217693382));
#10414 = DIRECTION('',(1.,-1.224646799147E-16,6.162975822039E-33));
#10415 = DIRECTION('',(1.100986194907E-16,0.89902345368,-0.437900479257)
  );
#10416 = ORIENTED_EDGE('',*,*,#10417,.T.);
#10417 = EDGE_CURVE('',#10409,#10418,#10420,.T.);
#10418 = VERTEX_POINT('',#10419);
#10419 = CARTESIAN_POINT('',(7.62500075,0.398856079879,4.971832962871));
#10420 = LINE('',#10421,#10422);
#10421 = CARTESIAN_POINT('',(7.62500075,0.606177852711,4.234756116545));
#10422 = VECTOR('',#10423,1.);
#10423 = DIRECTION('',(-3.315957318415E-17,-0.27076846326,0.962644503077
    ));
#10424 = ORIENTED_EDGE('',*,*,#10425,.T.);
#10425 = EDGE_CURVE('',#10418,#4919,#10426,.T.);
#10426 = CIRCLE('',#10427,0.15);
#10427 = AXIS2_PLACEMENT_3D('',#10428,#10429,#10430);
#10428 = CARTESIAN_POINT('',(7.62500075,0.254459404418,4.931217693382));
#10429 = DIRECTION('',(1.,-1.224646799147E-16,0.));
#10430 = DIRECTION('',(1.17889950941E-16,0.962644503077,0.27076846326));
#10431 = ORIENTED_EDGE('',*,*,#4918,.F.);
#10432 = PLANE('',#10433);
#10433 = AXIS2_PLACEMENT_3D('',#10434,#10435,#10436);
#10434 = CARTESIAN_POINT('',(7.62500075,2.513052765254,4.741217693382));
#10435 = DIRECTION('',(1.,-1.224646799147E-16,0.));
#10436 = DIRECTION('',(1.499759782662E-32,1.224646799147E-16,-1.));
#10437 = ADVANCED_FACE('',(#10438),#10464,.T.);
#10438 = FACE_BOUND('',#10439,.T.);
#10439 = EDGE_LOOP('',(#10440,#10448,#10457,#10463));
#10440 = ORIENTED_EDGE('',*,*,#10441,.T.);
#10441 = EDGE_CURVE('',#1396,#10442,#10444,.T.);
#10442 = VERTEX_POINT('',#10443);
#10443 = CARTESIAN_POINT('',(7.62500075,1.433094454873,4.503112717345));
#10444 = LINE('',#10445,#10446);
#10445 = CARTESIAN_POINT('',(7.62500075,1.648052765254,4.944428887914));
#10446 = VECTOR('',#10447,1.);
#10447 = DIRECTION('',(-5.362734202678E-17,-0.437900479257,
    -0.89902345368));
#10448 = ORIENTED_EDGE('',*,*,#10449,.T.);
#10449 = EDGE_CURVE('',#10442,#10450,#10452,.T.);
#10450 = VERTEX_POINT('',#10451);
#10451 = CARTESIAN_POINT('',(7.62500075,1.429913402403,4.467679270219));
#10452 = CIRCLE('',#10453,5.E-02);
#10453 = AXIS2_PLACEMENT_3D('',#10454,#10455,#10456);
#10454 = CARTESIAN_POINT('',(7.62500075,1.478045627557,4.481217693382));
#10455 = DIRECTION('',(1.,-1.224646799147E-16,6.162975822039E-33));
#10456 = DIRECTION('',(-1.100986194907E-16,-0.89902345368,0.437900479257
    ));
#10457 = ORIENTED_EDGE('',*,*,#10458,.T.);
#10458 = EDGE_CURVE('',#10450,#1404,#10459,.T.);
#10459 = LINE('',#10460,#10461);
#10460 = CARTESIAN_POINT('',(7.62500075,1.429913402403,4.467679270219));
#10461 = VECTOR('',#10462,1.);
#10462 = DIRECTION('',(3.315957318415E-17,0.27076846326,-0.962644503077)
  );
#10463 = ORIENTED_EDGE('',*,*,#1403,.T.);
#10464 = PLANE('',#10465);
#10465 = AXIS2_PLACEMENT_3D('',#10466,#10467,#10468);
#10466 = CARTESIAN_POINT('',(7.62500075,2.513052765254,4.741217693382));
#10467 = DIRECTION('',(1.,-1.224646799147E-16,0.));
#10468 = DIRECTION('',(1.499759782662E-32,1.224646799147E-16,-1.));
#10469 = ADVANCED_FACE('',(#10470),#10481,.T.);
#10470 = FACE_BOUND('',#10471,.T.);
#10471 = EDGE_LOOP('',(#10472,#10473,#10479,#10480));
#10472 = ORIENTED_EDGE('',*,*,#10359,.F.);
#10473 = ORIENTED_EDGE('',*,*,#10474,.F.);
#10474 = EDGE_CURVE('',#10165,#10352,#10475,.T.);
#10475 = LINE('',#10476,#10477);
#10476 = CARTESIAN_POINT('',(7.37500075,2.248052765254,-3.128782306618)
  );
#10477 = VECTOR('',#10478,1.);
#10478 = DIRECTION('',(1.,-1.224646799147E-16,0.));
#10479 = ORIENTED_EDGE('',*,*,#10164,.T.);
#10480 = ORIENTED_EDGE('',*,*,#716,.T.);
#10481 = PLANE('',#10482);
#10482 = AXIS2_PLACEMENT_3D('',#10483,#10484,#10485);
#10483 = CARTESIAN_POINT('',(7.37500075,2.248052765254,-3.128782306618)
  );
#10484 = DIRECTION('',(1.224646799147E-16,1.,1.224646799147E-16));
#10485 = DIRECTION('',(-1.,1.224646799147E-16,0.));
#10486 = ADVANCED_FACE('',(#10487),#10498,.T.);
#10487 = FACE_BOUND('',#10488,.T.);
#10488 = EDGE_LOOP('',(#10489,#10490,#10491,#10497));
#10489 = ORIENTED_EDGE('',*,*,#10474,.T.);
#10490 = ORIENTED_EDGE('',*,*,#10351,.F.);
#10491 = ORIENTED_EDGE('',*,*,#10492,.F.);
#10492 = EDGE_CURVE('',#10173,#10344,#10493,.T.);
#10493 = LINE('',#10494,#10495);
#10494 = CARTESIAN_POINT('',(7.37500075,2.088052765254,-3.428782306618)
  );
#10495 = VECTOR('',#10496,1.);
#10496 = DIRECTION('',(1.,-1.224646799147E-16,0.));
#10497 = ORIENTED_EDGE('',*,*,#10172,.T.);
#10498 = PLANE('',#10499);
#10499 = AXIS2_PLACEMENT_3D('',#10500,#10501,#10502);
#10500 = CARTESIAN_POINT('',(7.37500075,2.088052765254,-3.428782306618)
  );
#10501 = DIRECTION('',(1.08057070513E-16,0.882352941176,-0.470588235294)
  );
#10502 = DIRECTION('',(-1.,1.224646799147E-16,0.));
#10503 = ADVANCED_FACE('',(#10504),#10515,.T.);
#10504 = FACE_BOUND('',#10505,.T.);
#10505 = EDGE_LOOP('',(#10506,#10507,#10508,#10514));
#10506 = ORIENTED_EDGE('',*,*,#10492,.T.);
#10507 = ORIENTED_EDGE('',*,*,#10343,.F.);
#10508 = ORIENTED_EDGE('',*,*,#10509,.F.);
#10509 = EDGE_CURVE('',#10181,#10336,#10510,.T.);
#10510 = LINE('',#10511,#10512);
#10511 = CARTESIAN_POINT('',(7.37500075,1.898052765254,-3.428782306618)
  );
#10512 = VECTOR('',#10513,1.);
#10513 = DIRECTION('',(1.,-1.224646799147E-16,0.));
#10514 = ORIENTED_EDGE('',*,*,#10180,.T.);
#10515 = PLANE('',#10516);
#10516 = AXIS2_PLACEMENT_3D('',#10517,#10518,#10519);
#10517 = CARTESIAN_POINT('',(7.37500075,1.898052765254,-3.428782306618)
  );
#10518 = DIRECTION('',(1.499759782662E-32,1.224646799147E-16,-1.));
#10519 = DIRECTION('',(-1.,1.224646799147E-16,0.));
#10520 = ADVANCED_FACE('',(#10521),#10527,.T.);
#10521 = FACE_BOUND('',#10522,.T.);
#10522 = EDGE_LOOP('',(#10523,#10524,#10525,#10526));
#10523 = ORIENTED_EDGE('',*,*,#10509,.T.);
#10524 = ORIENTED_EDGE('',*,*,#10335,.F.);
#10525 = ORIENTED_EDGE('',*,*,#10311,.F.);
#10526 = ORIENTED_EDGE('',*,*,#10188,.T.);
#10527 = PLANE('',#10528);
#10528 = AXIS2_PLACEMENT_3D('',#10529,#10530,#10531);
#10529 = CARTESIAN_POINT('',(7.37500075,1.748052765254,-3.128782306618)
  );
#10530 = DIRECTION('',(-1.095357396528E-16,-0.894427191,-0.4472135955));
#10531 = DIRECTION('',(1.,-1.224646799147E-16,0.));
#10532 = ADVANCED_FACE('',(#10533),#10544,.T.);
#10533 = FACE_BOUND('',#10534,.T.);
#10534 = EDGE_LOOP('',(#10535,#10536,#10542,#10543));
#10535 = ORIENTED_EDGE('',*,*,#10425,.F.);
#10536 = ORIENTED_EDGE('',*,*,#10537,.F.);
#10537 = EDGE_CURVE('',#10212,#10418,#10538,.T.);
#10538 = LINE('',#10539,#10540);
#10539 = CARTESIAN_POINT('',(7.37500075,0.398856079879,4.971832962871));
#10540 = VECTOR('',#10541,1.);
#10541 = DIRECTION('',(1.,-1.224646799147E-16,0.));
#10542 = ORIENTED_EDGE('',*,*,#10211,.T.);
#10543 = ORIENTED_EDGE('',*,*,#4926,.T.);
#10544 = CYLINDRICAL_SURFACE('',#10545,0.15);
#10545 = AXIS2_PLACEMENT_3D('',#10546,#10547,#10548);
#10546 = CARTESIAN_POINT('',(7.37500075,0.254459404418,4.931217693382));
#10547 = DIRECTION('',(-1.,1.224646799147E-16,0.));
#10548 = DIRECTION('',(1.499759782662E-32,1.224646799147E-16,-1.));
#10549 = ADVANCED_FACE('',(#10550),#10561,.T.);
#10550 = FACE_BOUND('',#10551,.T.);
#10551 = EDGE_LOOP('',(#10552,#10553,#10554,#10560));
#10552 = ORIENTED_EDGE('',*,*,#10537,.T.);
#10553 = ORIENTED_EDGE('',*,*,#10417,.F.);
#10554 = ORIENTED_EDGE('',*,*,#10555,.F.);
#10555 = EDGE_CURVE('',#10221,#10409,#10556,.T.);
#10556 = LINE('',#10557,#10558);
#10557 = CARTESIAN_POINT('',(7.37500075,0.606177852711,4.234756116545));
#10558 = VECTOR('',#10559,1.);
#10559 = DIRECTION('',(1.,-1.224646799147E-16,0.));
#10560 = ORIENTED_EDGE('',*,*,#10220,.T.);
#10561 = PLANE('',#10562);
#10562 = AXIS2_PLACEMENT_3D('',#10563,#10564,#10565);
#10563 = CARTESIAN_POINT('',(7.37500075,0.606177852711,4.234756116545));
#10564 = DIRECTION('',(1.17889950941E-16,0.962644503077,0.27076846326));
#10565 = DIRECTION('',(1.,-1.224646799147E-16,0.));
#10566 = ADVANCED_FACE('',(#10567),#10578,.T.);
#10567 = FACE_BOUND('',#10568,.T.);
#10568 = EDGE_LOOP('',(#10569,#10570,#10571,#10577));
#10569 = ORIENTED_EDGE('',*,*,#10555,.T.);
#10570 = ORIENTED_EDGE('',*,*,#10408,.F.);
#10571 = ORIENTED_EDGE('',*,*,#10572,.F.);
#10572 = EDGE_CURVE('',#10229,#10401,#10573,.T.);
#10573 = LINE('',#10574,#10575);
#10574 = CARTESIAN_POINT('',(7.37500075,0.602996800241,4.199322669419));
#10575 = VECTOR('',#10576,1.);
#10576 = DIRECTION('',(1.,-1.224646799147E-16,0.));
#10577 = ORIENTED_EDGE('',*,*,#10228,.T.);
#10578 = CYLINDRICAL_SURFACE('',#10579,5.E-02);
#10579 = AXIS2_PLACEMENT_3D('',#10580,#10581,#10582);
#10580 = CARTESIAN_POINT('',(7.37500075,0.558045627557,4.221217693382));
#10581 = DIRECTION('',(-1.,1.224646799147E-16,0.));
#10582 = DIRECTION('',(1.499759782662E-32,1.224646799147E-16,-1.));
#10583 = ADVANCED_FACE('',(#10584),#10595,.T.);
#10584 = FACE_BOUND('',#10585,.T.);
#10585 = EDGE_LOOP('',(#10586,#10587,#10588,#10594));
#10586 = ORIENTED_EDGE('',*,*,#10572,.T.);
#10587 = ORIENTED_EDGE('',*,*,#10400,.F.);
#10588 = ORIENTED_EDGE('',*,*,#10589,.F.);
#10589 = EDGE_CURVE('',#10238,#10393,#10590,.T.);
#10590 = LINE('',#10591,#10592);
#10591 = CARTESIAN_POINT('',(7.37500075,0.448052765254,3.881217693382));
#10592 = VECTOR('',#10593,1.);
#10593 = DIRECTION('',(1.,-1.224646799147E-16,0.));
#10594 = ORIENTED_EDGE('',*,*,#10237,.T.);
#10595 = PLANE('',#10596);
#10596 = AXIS2_PLACEMENT_3D('',#10597,#10598,#10599);
#10597 = CARTESIAN_POINT('',(7.37500075,0.448052765254,3.881217693382));
#10598 = DIRECTION('',(1.100986194907E-16,0.89902345368,-0.437900479257)
  );
#10599 = DIRECTION('',(-1.,1.224646799147E-16,0.));
#10600 = ADVANCED_FACE('',(#10601),#10612,.T.);
#10601 = FACE_BOUND('',#10602,.T.);
#10602 = EDGE_LOOP('',(#10603,#10604,#10605,#10611));
#10603 = ORIENTED_EDGE('',*,*,#10589,.T.);
#10604 = ORIENTED_EDGE('',*,*,#10392,.F.);
#10605 = ORIENTED_EDGE('',*,*,#10606,.F.);
#10606 = EDGE_CURVE('',#10246,#10385,#10607,.T.);
#10607 = LINE('',#10608,#10609);
#10608 = CARTESIAN_POINT('',(7.37500075,0.448052765254,2.581217693382));
#10609 = VECTOR('',#10610,1.);
#10610 = DIRECTION('',(1.,-1.224646799147E-16,0.));
#10611 = ORIENTED_EDGE('',*,*,#10245,.T.);
#10612 = PLANE('',#10613);
#10613 = AXIS2_PLACEMENT_3D('',#10614,#10615,#10616);
#10614 = CARTESIAN_POINT('',(7.37500075,0.448052765254,2.581217693382));
#10615 = DIRECTION('',(1.224646799147E-16,1.,1.224646799147E-16));
#10616 = DIRECTION('',(-1.,1.224646799147E-16,0.));
#10617 = ADVANCED_FACE('',(#10618),#10629,.T.);
#10618 = FACE_BOUND('',#10619,.T.);
#10619 = EDGE_LOOP('',(#10620,#10621,#10622,#10628));
#10620 = ORIENTED_EDGE('',*,*,#10606,.T.);
#10621 = ORIENTED_EDGE('',*,*,#10384,.F.);
#10622 = ORIENTED_EDGE('',*,*,#10623,.F.);
#10623 = EDGE_CURVE('',#10254,#10377,#10624,.T.);
#10624 = LINE('',#10625,#10626);
#10625 = CARTESIAN_POINT('',(7.37500075,1.378052765254,2.581217693382));
#10626 = VECTOR('',#10627,1.);
#10627 = DIRECTION('',(1.,-1.224646799147E-16,0.));
#10628 = ORIENTED_EDGE('',*,*,#10253,.T.);
#10629 = PLANE('',#10630);
#10630 = AXIS2_PLACEMENT_3D('',#10631,#10632,#10633);
#10631 = CARTESIAN_POINT('',(7.37500075,1.378052765254,2.581217693382));
#10632 = DIRECTION('',(-1.499759782662E-32,-1.224646799147E-16,1.));
#10633 = DIRECTION('',(-1.224646799147E-16,-1.,-1.224646799147E-16));
#10634 = ADVANCED_FACE('',(#10635),#10641,.T.);
#10635 = FACE_BOUND('',#10636,.T.);
#10636 = EDGE_LOOP('',(#10637,#10638,#10639,#10640));
#10637 = ORIENTED_EDGE('',*,*,#10261,.T.);
#10638 = ORIENTED_EDGE('',*,*,#10623,.T.);
#10639 = ORIENTED_EDGE('',*,*,#10376,.F.);
#10640 = ORIENTED_EDGE('',*,*,#5910,.F.);
#10641 = PLANE('',#10642);
#10642 = AXIS2_PLACEMENT_3D('',#10643,#10644,#10645);
#10643 = CARTESIAN_POINT('',(7.37500075,1.378052765254,2.001217693382));
#10644 = DIRECTION('',(1.224646799147E-16,1.,1.224646799147E-16));
#10645 = DIRECTION('',(-1.,1.224646799147E-16,0.));
#10646 = ADVANCED_FACE('',(#10647),#10658,.T.);
#10647 = FACE_BOUND('',#10648,.T.);
#10648 = EDGE_LOOP('',(#10649,#10650,#10656,#10657));
#10649 = ORIENTED_EDGE('',*,*,#10458,.F.);
#10650 = ORIENTED_EDGE('',*,*,#10651,.F.);
#10651 = EDGE_CURVE('',#10279,#10450,#10652,.T.);
#10652 = LINE('',#10653,#10654);
#10653 = CARTESIAN_POINT('',(7.37500075,1.429913402403,4.467679270219));
#10654 = VECTOR('',#10655,1.);
#10655 = DIRECTION('',(1.,-1.224646799147E-16,0.));
#10656 = ORIENTED_EDGE('',*,*,#10278,.T.);
#10657 = ORIENTED_EDGE('',*,*,#1411,.T.);
#10658 = PLANE('',#10659);
#10659 = AXIS2_PLACEMENT_3D('',#10660,#10661,#10662);
#10660 = CARTESIAN_POINT('',(7.37500075,1.429913402403,4.467679270219));
#10661 = DIRECTION('',(-1.17889950941E-16,-0.962644503077,-0.27076846326
    ));
#10662 = DIRECTION('',(1.,-1.224646799147E-16,0.));
#10663 = ADVANCED_FACE('',(#10664),#10675,.T.);
#10664 = FACE_BOUND('',#10665,.T.);
#10665 = EDGE_LOOP('',(#10666,#10667,#10668,#10674));
#10666 = ORIENTED_EDGE('',*,*,#10651,.T.);
#10667 = ORIENTED_EDGE('',*,*,#10449,.F.);
#10668 = ORIENTED_EDGE('',*,*,#10669,.F.);
#10669 = EDGE_CURVE('',#10287,#10442,#10670,.T.);
#10670 = LINE('',#10671,#10672);
#10671 = CARTESIAN_POINT('',(7.37500075,1.433094454873,4.503112717345));
#10672 = VECTOR('',#10673,1.);
#10673 = DIRECTION('',(1.,-1.224646799147E-16,0.));
#10674 = ORIENTED_EDGE('',*,*,#10286,.T.);
#10675 = CYLINDRICAL_SURFACE('',#10676,5.E-02);
#10676 = AXIS2_PLACEMENT_3D('',#10677,#10678,#10679);
#10677 = CARTESIAN_POINT('',(7.37500075,1.478045627557,4.481217693382));
#10678 = DIRECTION('',(-1.,1.224646799147E-16,0.));
#10679 = DIRECTION('',(1.499759782662E-32,1.224646799147E-16,-1.));
#10680 = ADVANCED_FACE('',(#10681),#10687,.T.);
#10681 = FACE_BOUND('',#10682,.T.);
#10682 = EDGE_LOOP('',(#10683,#10684,#10685,#10686));
#10683 = ORIENTED_EDGE('',*,*,#10295,.T.);
#10684 = ORIENTED_EDGE('',*,*,#10669,.T.);
#10685 = ORIENTED_EDGE('',*,*,#10441,.F.);
#10686 = ORIENTED_EDGE('',*,*,#1393,.F.);
#10687 = PLANE('',#10688);
#10688 = AXIS2_PLACEMENT_3D('',#10689,#10690,#10691);
#10689 = CARTESIAN_POINT('',(7.37500075,1.687301483822,5.025007741308));
#10690 = DIRECTION('',(-1.100986194907E-16,-0.89902345368,0.437900479257
    ));
#10691 = DIRECTION('',(5.362734202678E-17,0.437900479257,0.89902345368)
  );
#10692 = ADVANCED_FACE('',(#10693),#10734,.F.);
#10693 = FACE_BOUND('',#10694,.T.);
#10694 = EDGE_LOOP('',(#10695,#10696,#10704,#10712,#10720,#10728));
#10695 = ORIENTED_EDGE('',*,*,#554,.T.);
#10696 = ORIENTED_EDGE('',*,*,#10697,.F.);
#10697 = EDGE_CURVE('',#10698,#547,#10700,.T.);
#10698 = VERTEX_POINT('',#10699);
#10699 = CARTESIAN_POINT('',(8.87500075,0.218052765254,-3.128782306618)
  );
#10700 = LINE('',#10701,#10702);
#10701 = CARTESIAN_POINT('',(8.87500075,0.218052765254,-3.128782306618)
  );
#10702 = VECTOR('',#10703,1.);
#10703 = DIRECTION('',(-1.499759782662E-32,-1.224646799147E-16,1.));
#10704 = ORIENTED_EDGE('',*,*,#10705,.F.);
#10705 = EDGE_CURVE('',#10706,#10698,#10708,.T.);
#10706 = VERTEX_POINT('',#10707);
#10707 = CARTESIAN_POINT('',(8.87500075,6.805276525429E-02,
    -3.428782306618));
#10708 = LINE('',#10709,#10710);
#10709 = CARTESIAN_POINT('',(8.87500075,6.805276525429E-02,
    -3.428782306618));
#10710 = VECTOR('',#10711,1.);
#10711 = DIRECTION('',(5.476786982643E-17,0.4472135955,0.894427191));
#10712 = ORIENTED_EDGE('',*,*,#10713,.F.);
#10713 = EDGE_CURVE('',#10714,#10706,#10716,.T.);
#10714 = VERTEX_POINT('',#10715);
#10715 = CARTESIAN_POINT('',(8.87500075,-8.194723474571E-02,
    -3.428782306618));
#10716 = LINE('',#10717,#10718);
#10717 = CARTESIAN_POINT('',(8.87500075,-8.194723474571E-02,
    -3.428782306618));
#10718 = VECTOR('',#10719,1.);
#10719 = DIRECTION('',(1.224646799147E-16,1.,1.224646799147E-16));
#10720 = ORIENTED_EDGE('',*,*,#10721,.F.);
#10721 = EDGE_CURVE('',#10722,#10714,#10724,.T.);
#10722 = VERTEX_POINT('',#10723);
#10723 = CARTESIAN_POINT('',(8.87500075,-0.231947234746,-3.028782306618)
  );
#10724 = LINE('',#10725,#10726);
#10725 = CARTESIAN_POINT('',(8.87500075,-0.231947234746,-3.028782306618)
  );
#10726 = VECTOR('',#10727,1.);
#10727 = DIRECTION('',(4.300021988469E-17,0.351123441588,-0.936329177569
    ));
#10728 = ORIENTED_EDGE('',*,*,#10729,.F.);
#10729 = EDGE_CURVE('',#529,#10722,#10730,.T.);
#10730 = LINE('',#10731,#10732);
#10731 = CARTESIAN_POINT('',(8.87500075,-0.251947234746,
    -2.878230661791E-02));
#10732 = VECTOR('',#10733,1.);
#10733 = DIRECTION('',(8.164130571207E-19,6.666518523456E-03,
    -0.999977778518));
#10734 = PLANE('',#10735);
#10735 = AXIS2_PLACEMENT_3D('',#10736,#10737,#10738);
#10736 = CARTESIAN_POINT('',(8.87500075,2.513052765254,4.741217693382));
#10737 = DIRECTION('',(1.,-1.224646799147E-16,0.));
#10738 = DIRECTION('',(1.499759782662E-32,1.224646799147E-16,-1.));
#10739 = ADVANCED_FACE('',(#10740),#10801,.F.);
#10740 = FACE_BOUND('',#10741,.T.);
#10741 = EDGE_LOOP('',(#10742,#10751,#10759,#10768,#10776,#10784,#10792,
    #10798,#10799,#10800));
#10742 = ORIENTED_EDGE('',*,*,#10743,.F.);
#10743 = EDGE_CURVE('',#10744,#4895,#10746,.T.);
#10744 = VERTEX_POINT('',#10745);
#10745 = CARTESIAN_POINT('',(8.87500075,0.398856079879,4.971832962871));
#10746 = CIRCLE('',#10747,0.15);
#10747 = AXIS2_PLACEMENT_3D('',#10748,#10749,#10750);
#10748 = CARTESIAN_POINT('',(8.87500075,0.254459404418,4.931217693382));
#10749 = DIRECTION('',(1.,-1.224646799147E-16,0.));
#10750 = DIRECTION('',(1.17889950941E-16,0.962644503077,0.27076846326));
#10751 = ORIENTED_EDGE('',*,*,#10752,.F.);
#10752 = EDGE_CURVE('',#10753,#10744,#10755,.T.);
#10753 = VERTEX_POINT('',#10754);
#10754 = CARTESIAN_POINT('',(8.87500075,0.606177852711,4.234756116545));
#10755 = LINE('',#10756,#10757);
#10756 = CARTESIAN_POINT('',(8.87500075,0.606177852711,4.234756116545));
#10757 = VECTOR('',#10758,1.);
#10758 = DIRECTION('',(-3.315957318415E-17,-0.27076846326,0.962644503077
    ));
#10759 = ORIENTED_EDGE('',*,*,#10760,.F.);
#10760 = EDGE_CURVE('',#10761,#10753,#10763,.T.);
#10761 = VERTEX_POINT('',#10762);
#10762 = CARTESIAN_POINT('',(8.87500075,0.602996800241,4.199322669419));
#10763 = CIRCLE('',#10764,5.E-02);
#10764 = AXIS2_PLACEMENT_3D('',#10765,#10766,#10767);
#10765 = CARTESIAN_POINT('',(8.87500075,0.558045627557,4.221217693382));
#10766 = DIRECTION('',(1.,-1.224646799147E-16,6.162975822039E-33));
#10767 = DIRECTION('',(1.100986194907E-16,0.89902345368,-0.437900479257)
  );
#10768 = ORIENTED_EDGE('',*,*,#10769,.F.);
#10769 = EDGE_CURVE('',#10770,#10761,#10772,.T.);
#10770 = VERTEX_POINT('',#10771);
#10771 = CARTESIAN_POINT('',(8.87500075,0.448052765254,3.881217693382));
#10772 = LINE('',#10773,#10774);
#10773 = CARTESIAN_POINT('',(8.87500075,0.448052765254,3.881217693382));
#10774 = VECTOR('',#10775,1.);
#10775 = DIRECTION('',(5.362734202678E-17,0.437900479257,0.89902345368)
  );
#10776 = ORIENTED_EDGE('',*,*,#10777,.F.);
#10777 = EDGE_CURVE('',#10778,#10770,#10780,.T.);
#10778 = VERTEX_POINT('',#10779);
#10779 = CARTESIAN_POINT('',(8.87500075,0.448052765254,2.581217693382));
#10780 = LINE('',#10781,#10782);
#10781 = CARTESIAN_POINT('',(8.87500075,0.448052765254,2.581217693382));
#10782 = VECTOR('',#10783,1.);
#10783 = DIRECTION('',(-1.499759782662E-32,-1.224646799147E-16,1.));
#10784 = ORIENTED_EDGE('',*,*,#10785,.F.);
#10785 = EDGE_CURVE('',#10786,#10778,#10788,.T.);
#10786 = VERTEX_POINT('',#10787);
#10787 = CARTESIAN_POINT('',(8.87500075,1.378052765254,2.581217693382));
#10788 = LINE('',#10789,#10790);
#10789 = CARTESIAN_POINT('',(8.87500075,1.378052765254,2.581217693382));
#10790 = VECTOR('',#10791,1.);
#10791 = DIRECTION('',(-1.224646799147E-16,-1.,-1.224646799147E-16));
#10792 = ORIENTED_EDGE('',*,*,#10793,.F.);
#10793 = EDGE_CURVE('',#5935,#10786,#10794,.T.);
#10794 = LINE('',#10795,#10796);
#10795 = CARTESIAN_POINT('',(8.87500075,1.378052765254,2.471217693382));
#10796 = VECTOR('',#10797,1.);
#10797 = DIRECTION('',(-1.499759782662E-32,-1.224646799147E-16,1.));
#10798 = ORIENTED_EDGE('',*,*,#5934,.F.);
#10799 = ORIENTED_EDGE('',*,*,#6224,.F.);
#10800 = ORIENTED_EDGE('',*,*,#4902,.T.);
#10801 = PLANE('',#10802);
#10802 = AXIS2_PLACEMENT_3D('',#10803,#10804,#10805);
#10803 = CARTESIAN_POINT('',(8.87500075,2.513052765254,4.741217693382));
#10804 = DIRECTION('',(1.,-1.224646799147E-16,0.));
#10805 = DIRECTION('',(1.499759782662E-32,1.224646799147E-16,-1.));
#10806 = ADVANCED_FACE('',(#10807),#10833,.F.);
#10807 = FACE_BOUND('',#10808,.T.);
#10808 = EDGE_LOOP('',(#10809,#10817,#10826,#10832));
#10809 = ORIENTED_EDGE('',*,*,#10810,.F.);
#10810 = EDGE_CURVE('',#10811,#1242,#10813,.T.);
#10811 = VERTEX_POINT('',#10812);
#10812 = CARTESIAN_POINT('',(8.87500075,1.429913402403,4.467679270219));
#10813 = LINE('',#10814,#10815);
#10814 = CARTESIAN_POINT('',(8.87500075,1.429913402403,4.467679270219));
#10815 = VECTOR('',#10816,1.);
#10816 = DIRECTION('',(3.315957318415E-17,0.27076846326,-0.962644503077)
  );
#10817 = ORIENTED_EDGE('',*,*,#10818,.F.);
#10818 = EDGE_CURVE('',#10819,#10811,#10821,.T.);
#10819 = VERTEX_POINT('',#10820);
#10820 = CARTESIAN_POINT('',(8.87500075,1.433094454873,4.503112717345));
#10821 = CIRCLE('',#10822,5.E-02);
#10822 = AXIS2_PLACEMENT_3D('',#10823,#10824,#10825);
#10823 = CARTESIAN_POINT('',(8.87500075,1.478045627557,4.481217693382));
#10824 = DIRECTION('',(1.,-1.224646799147E-16,6.162975822039E-33));
#10825 = DIRECTION('',(-1.100986194907E-16,-0.89902345368,0.437900479257
    ));
#10826 = ORIENTED_EDGE('',*,*,#10827,.F.);
#10827 = EDGE_CURVE('',#1224,#10819,#10828,.T.);
#10828 = LINE('',#10829,#10830);
#10829 = CARTESIAN_POINT('',(8.87500075,1.648052765254,4.944428887914));
#10830 = VECTOR('',#10831,1.);
#10831 = DIRECTION('',(-5.362734202678E-17,-0.437900479257,
    -0.89902345368));
#10832 = ORIENTED_EDGE('',*,*,#1249,.F.);
#10833 = PLANE('',#10834);
#10834 = AXIS2_PLACEMENT_3D('',#10835,#10836,#10837);
#10835 = CARTESIAN_POINT('',(8.87500075,2.513052765254,4.741217693382));
#10836 = DIRECTION('',(1.,-1.224646799147E-16,0.));
#10837 = DIRECTION('',(1.499759782662E-32,1.224646799147E-16,-1.));
#10838 = ADVANCED_FACE('',(#10839),#10857,.T.);
#10839 = FACE_BOUND('',#10840,.T.);
#10840 = EDGE_LOOP('',(#10841,#10849,#10855,#10856));
#10841 = ORIENTED_EDGE('',*,*,#10842,.T.);
#10842 = EDGE_CURVE('',#10722,#10843,#10845,.T.);
#10843 = VERTEX_POINT('',#10844);
#10844 = CARTESIAN_POINT('',(9.12500075,-0.231947234746,-3.028782306618)
  );
#10845 = LINE('',#10846,#10847);
#10846 = CARTESIAN_POINT('',(8.87500075,-0.231947234746,-3.028782306618)
  );
#10847 = VECTOR('',#10848,1.);
#10848 = DIRECTION('',(1.,-1.224646799147E-16,0.));
#10849 = ORIENTED_EDGE('',*,*,#10850,.F.);
#10850 = EDGE_CURVE('',#531,#10843,#10851,.T.);
#10851 = LINE('',#10852,#10853);
#10852 = CARTESIAN_POINT('',(9.12500075,-0.251947234746,
    -2.878230661791E-02));
#10853 = VECTOR('',#10854,1.);
#10854 = DIRECTION('',(8.164130571207E-19,6.666518523456E-03,
    -0.999977778518));
#10855 = ORIENTED_EDGE('',*,*,#528,.F.);
#10856 = ORIENTED_EDGE('',*,*,#10729,.T.);
#10857 = PLANE('',#10858);
#10858 = AXIS2_PLACEMENT_3D('',#10859,#10860,#10861);
#10859 = CARTESIAN_POINT('',(8.87500075,-0.251947234746,
    -2.878230661791E-02));
#10860 = DIRECTION('',(-1.224619585681E-16,-0.999977778518,
    -6.666518523457E-03));
#10861 = DIRECTION('',(1.,-1.224646799147E-16,0.));
#10862 = ADVANCED_FACE('',(#10863),#10897,.T.);
#10863 = FACE_BOUND('',#10864,.T.);
#10864 = EDGE_LOOP('',(#10865,#10873,#10881,#10889,#10895,#10896));
#10865 = ORIENTED_EDGE('',*,*,#10866,.T.);
#10866 = EDGE_CURVE('',#10843,#10867,#10869,.T.);
#10867 = VERTEX_POINT('',#10868);
#10868 = CARTESIAN_POINT('',(9.12500075,-8.194723474571E-02,
    -3.428782306618));
#10869 = LINE('',#10870,#10871);
#10870 = CARTESIAN_POINT('',(9.12500075,-0.231947234746,-3.028782306618)
  );
#10871 = VECTOR('',#10872,1.);
#10872 = DIRECTION('',(4.300021988469E-17,0.351123441588,-0.936329177569
    ));
#10873 = ORIENTED_EDGE('',*,*,#10874,.T.);
#10874 = EDGE_CURVE('',#10867,#10875,#10877,.T.);
#10875 = VERTEX_POINT('',#10876);
#10876 = CARTESIAN_POINT('',(9.12500075,6.805276525429E-02,
    -3.428782306618));
#10877 = LINE('',#10878,#10879);
#10878 = CARTESIAN_POINT('',(9.12500075,-8.194723474571E-02,
    -3.428782306618));
#10879 = VECTOR('',#10880,1.);
#10880 = DIRECTION('',(1.224646799147E-16,1.,1.224646799147E-16));
#10881 = ORIENTED_EDGE('',*,*,#10882,.T.);
#10882 = EDGE_CURVE('',#10875,#10883,#10885,.T.);
#10883 = VERTEX_POINT('',#10884);
#10884 = CARTESIAN_POINT('',(9.12500075,0.218052765254,-3.128782306618)
  );
#10885 = LINE('',#10886,#10887);
#10886 = CARTESIAN_POINT('',(9.12500075,6.805276525429E-02,
    -3.428782306618));
#10887 = VECTOR('',#10888,1.);
#10888 = DIRECTION('',(5.476786982643E-17,0.4472135955,0.894427191));
#10889 = ORIENTED_EDGE('',*,*,#10890,.T.);
#10890 = EDGE_CURVE('',#10883,#539,#10891,.T.);
#10891 = LINE('',#10892,#10893);
#10892 = CARTESIAN_POINT('',(9.12500075,0.218052765254,-3.128782306618)
  );
#10893 = VECTOR('',#10894,1.);
#10894 = DIRECTION('',(-1.499759782662E-32,-1.224646799147E-16,1.));
#10895 = ORIENTED_EDGE('',*,*,#538,.F.);
#10896 = ORIENTED_EDGE('',*,*,#10850,.T.);
#10897 = PLANE('',#10898);
#10898 = AXIS2_PLACEMENT_3D('',#10899,#10900,#10901);
#10899 = CARTESIAN_POINT('',(9.12500075,2.513052765254,4.741217693382));
#10900 = DIRECTION('',(1.,-1.224646799147E-16,0.));
#10901 = DIRECTION('',(1.499759782662E-32,1.224646799147E-16,-1.));
#10902 = ADVANCED_FACE('',(#10903),#10964,.T.);
#10903 = FACE_BOUND('',#10904,.T.);
#10904 = EDGE_LOOP('',(#10905,#10906,#10907,#10915,#10923,#10931,#10939,
    #10948,#10956,#10963));
#10905 = ORIENTED_EDGE('',*,*,#6246,.T.);
#10906 = ORIENTED_EDGE('',*,*,#5950,.T.);
#10907 = ORIENTED_EDGE('',*,*,#10908,.T.);
#10908 = EDGE_CURVE('',#5943,#10909,#10911,.T.);
#10909 = VERTEX_POINT('',#10910);
#10910 = CARTESIAN_POINT('',(9.12500075,1.378052765254,2.581217693382));
#10911 = LINE('',#10912,#10913);
#10912 = CARTESIAN_POINT('',(9.12500075,1.378052765254,2.471217693382));
#10913 = VECTOR('',#10914,1.);
#10914 = DIRECTION('',(-1.499759782662E-32,-1.224646799147E-16,1.));
#10915 = ORIENTED_EDGE('',*,*,#10916,.T.);
#10916 = EDGE_CURVE('',#10909,#10917,#10919,.T.);
#10917 = VERTEX_POINT('',#10918);
#10918 = CARTESIAN_POINT('',(9.12500075,0.448052765254,2.581217693382));
#10919 = LINE('',#10920,#10921);
#10920 = CARTESIAN_POINT('',(9.12500075,1.378052765254,2.581217693382));
#10921 = VECTOR('',#10922,1.);
#10922 = DIRECTION('',(-1.224646799147E-16,-1.,-1.224646799147E-16));
#10923 = ORIENTED_EDGE('',*,*,#10924,.T.);
#10924 = EDGE_CURVE('',#10917,#10925,#10927,.T.);
#10925 = VERTEX_POINT('',#10926);
#10926 = CARTESIAN_POINT('',(9.12500075,0.448052765254,3.881217693382));
#10927 = LINE('',#10928,#10929);
#10928 = CARTESIAN_POINT('',(9.12500075,0.448052765254,2.581217693382));
#10929 = VECTOR('',#10930,1.);
#10930 = DIRECTION('',(-1.499759782662E-32,-1.224646799147E-16,1.));
#10931 = ORIENTED_EDGE('',*,*,#10932,.T.);
#10932 = EDGE_CURVE('',#10925,#10933,#10935,.T.);
#10933 = VERTEX_POINT('',#10934);
#10934 = CARTESIAN_POINT('',(9.12500075,0.602996800241,4.199322669419));
#10935 = LINE('',#10936,#10937);
#10936 = CARTESIAN_POINT('',(9.12500075,0.448052765254,3.881217693382));
#10937 = VECTOR('',#10938,1.);
#10938 = DIRECTION('',(5.362734202678E-17,0.437900479257,0.89902345368)
  );
#10939 = ORIENTED_EDGE('',*,*,#10940,.T.);
#10940 = EDGE_CURVE('',#10933,#10941,#10943,.T.);
#10941 = VERTEX_POINT('',#10942);
#10942 = CARTESIAN_POINT('',(9.12500075,0.606177852711,4.234756116545));
#10943 = CIRCLE('',#10944,5.E-02);
#10944 = AXIS2_PLACEMENT_3D('',#10945,#10946,#10947);
#10945 = CARTESIAN_POINT('',(9.12500075,0.558045627557,4.221217693382));
#10946 = DIRECTION('',(1.,-1.224646799147E-16,6.162975822039E-33));
#10947 = DIRECTION('',(1.100986194907E-16,0.89902345368,-0.437900479257)
  );
#10948 = ORIENTED_EDGE('',*,*,#10949,.T.);
#10949 = EDGE_CURVE('',#10941,#10950,#10952,.T.);
#10950 = VERTEX_POINT('',#10951);
#10951 = CARTESIAN_POINT('',(9.12500075,0.398856079879,4.971832962871));
#10952 = LINE('',#10953,#10954);
#10953 = CARTESIAN_POINT('',(9.12500075,0.606177852711,4.234756116545));
#10954 = VECTOR('',#10955,1.);
#10955 = DIRECTION('',(-3.315957318415E-17,-0.27076846326,0.962644503077
    ));
#10956 = ORIENTED_EDGE('',*,*,#10957,.T.);
#10957 = EDGE_CURVE('',#10950,#4887,#10958,.T.);
#10958 = CIRCLE('',#10959,0.15);
#10959 = AXIS2_PLACEMENT_3D('',#10960,#10961,#10962);
#10960 = CARTESIAN_POINT('',(9.12500075,0.254459404418,4.931217693382));
#10961 = DIRECTION('',(1.,-1.224646799147E-16,0.));
#10962 = DIRECTION('',(1.17889950941E-16,0.962644503077,0.27076846326));
#10963 = ORIENTED_EDGE('',*,*,#4886,.F.);
#10964 = PLANE('',#10965);
#10965 = AXIS2_PLACEMENT_3D('',#10966,#10967,#10968);
#10966 = CARTESIAN_POINT('',(9.12500075,2.513052765254,4.741217693382));
#10967 = DIRECTION('',(1.,-1.224646799147E-16,0.));
#10968 = DIRECTION('',(1.499759782662E-32,1.224646799147E-16,-1.));
#10969 = ADVANCED_FACE('',(#10970),#10996,.T.);
#10970 = FACE_BOUND('',#10971,.T.);
#10971 = EDGE_LOOP('',(#10972,#10980,#10989,#10995));
#10972 = ORIENTED_EDGE('',*,*,#10973,.T.);
#10973 = EDGE_CURVE('',#1226,#10974,#10976,.T.);
#10974 = VERTEX_POINT('',#10975);
#10975 = CARTESIAN_POINT('',(9.12500075,1.433094454873,4.503112717345));
#10976 = LINE('',#10977,#10978);
#10977 = CARTESIAN_POINT('',(9.12500075,1.648052765254,4.944428887914));
#10978 = VECTOR('',#10979,1.);
#10979 = DIRECTION('',(-5.362734202678E-17,-0.437900479257,
    -0.89902345368));
#10980 = ORIENTED_EDGE('',*,*,#10981,.T.);
#10981 = EDGE_CURVE('',#10974,#10982,#10984,.T.);
#10982 = VERTEX_POINT('',#10983);
#10983 = CARTESIAN_POINT('',(9.12500075,1.429913402403,4.467679270219));
#10984 = CIRCLE('',#10985,5.E-02);
#10985 = AXIS2_PLACEMENT_3D('',#10986,#10987,#10988);
#10986 = CARTESIAN_POINT('',(9.12500075,1.478045627557,4.481217693382));
#10987 = DIRECTION('',(1.,-1.224646799147E-16,6.162975822039E-33));
#10988 = DIRECTION('',(-1.100986194907E-16,-0.89902345368,0.437900479257
    ));
#10989 = ORIENTED_EDGE('',*,*,#10990,.T.);
#10990 = EDGE_CURVE('',#10982,#1234,#10991,.T.);
#10991 = LINE('',#10992,#10993);
#10992 = CARTESIAN_POINT('',(9.12500075,1.429913402403,4.467679270219));
#10993 = VECTOR('',#10994,1.);
#10994 = DIRECTION('',(3.315957318415E-17,0.27076846326,-0.962644503077)
  );
#10995 = ORIENTED_EDGE('',*,*,#1233,.T.);
#10996 = PLANE('',#10997);
#10997 = AXIS2_PLACEMENT_3D('',#10998,#10999,#11000);
#10998 = CARTESIAN_POINT('',(9.12500075,2.513052765254,4.741217693382));
#10999 = DIRECTION('',(1.,-1.224646799147E-16,0.));
#11000 = DIRECTION('',(1.499759782662E-32,1.224646799147E-16,-1.));
#11001 = ADVANCED_FACE('',(#11002),#11013,.T.);
#11002 = FACE_BOUND('',#11003,.T.);
#11003 = EDGE_LOOP('',(#11004,#11005,#11011,#11012));
#11004 = ORIENTED_EDGE('',*,*,#10890,.F.);
#11005 = ORIENTED_EDGE('',*,*,#11006,.F.);
#11006 = EDGE_CURVE('',#10698,#10883,#11007,.T.);
#11007 = LINE('',#11008,#11009);
#11008 = CARTESIAN_POINT('',(8.87500075,0.218052765254,-3.128782306618)
  );
#11009 = VECTOR('',#11010,1.);
#11010 = DIRECTION('',(1.,-1.224646799147E-16,0.));
#11011 = ORIENTED_EDGE('',*,*,#10697,.T.);
#11012 = ORIENTED_EDGE('',*,*,#546,.T.);
#11013 = PLANE('',#11014);
#11014 = AXIS2_PLACEMENT_3D('',#11015,#11016,#11017);
#11015 = CARTESIAN_POINT('',(8.87500075,0.218052765254,-3.128782306618)
  );
#11016 = DIRECTION('',(1.224646799147E-16,1.,1.224646799147E-16));
#11017 = DIRECTION('',(-1.,1.224646799147E-16,0.));
#11018 = ADVANCED_FACE('',(#11019),#11030,.T.);
#11019 = FACE_BOUND('',#11020,.T.);
#11020 = EDGE_LOOP('',(#11021,#11022,#11023,#11029));
#11021 = ORIENTED_EDGE('',*,*,#11006,.T.);
#11022 = ORIENTED_EDGE('',*,*,#10882,.F.);
#11023 = ORIENTED_EDGE('',*,*,#11024,.F.);
#11024 = EDGE_CURVE('',#10706,#10875,#11025,.T.);
#11025 = LINE('',#11026,#11027);
#11026 = CARTESIAN_POINT('',(8.87500075,6.805276525429E-02,
    -3.428782306618));
#11027 = VECTOR('',#11028,1.);
#11028 = DIRECTION('',(1.,-1.224646799147E-16,0.));
#11029 = ORIENTED_EDGE('',*,*,#10705,.T.);
#11030 = PLANE('',#11031);
#11031 = AXIS2_PLACEMENT_3D('',#11032,#11033,#11034);
#11032 = CARTESIAN_POINT('',(8.87500075,6.805276525429E-02,
    -3.428782306618));
#11033 = DIRECTION('',(1.095357396528E-16,0.894427191,-0.4472135955));
#11034 = DIRECTION('',(-1.,1.224646799147E-16,0.));
#11035 = ADVANCED_FACE('',(#11036),#11047,.T.);
#11036 = FACE_BOUND('',#11037,.T.);
#11037 = EDGE_LOOP('',(#11038,#11039,#11040,#11046));
#11038 = ORIENTED_EDGE('',*,*,#11024,.T.);
#11039 = ORIENTED_EDGE('',*,*,#10874,.F.);
#11040 = ORIENTED_EDGE('',*,*,#11041,.F.);
#11041 = EDGE_CURVE('',#10714,#10867,#11042,.T.);
#11042 = LINE('',#11043,#11044);
#11043 = CARTESIAN_POINT('',(8.87500075,-8.194723474571E-02,
    -3.428782306618));
#11044 = VECTOR('',#11045,1.);
#11045 = DIRECTION('',(1.,-1.224646799147E-16,0.));
#11046 = ORIENTED_EDGE('',*,*,#10713,.T.);
#11047 = PLANE('',#11048);
#11048 = AXIS2_PLACEMENT_3D('',#11049,#11050,#11051);
#11049 = CARTESIAN_POINT('',(8.87500075,-8.194723474571E-02,
    -3.428782306618));
#11050 = DIRECTION('',(1.499759782662E-32,1.224646799147E-16,-1.));
#11051 = DIRECTION('',(-1.,1.224646799147E-16,0.));
#11052 = ADVANCED_FACE('',(#11053),#11059,.T.);
#11053 = FACE_BOUND('',#11054,.T.);
#11054 = EDGE_LOOP('',(#11055,#11056,#11057,#11058));
#11055 = ORIENTED_EDGE('',*,*,#11041,.T.);
#11056 = ORIENTED_EDGE('',*,*,#10866,.F.);
#11057 = ORIENTED_EDGE('',*,*,#10842,.F.);
#11058 = ORIENTED_EDGE('',*,*,#10721,.T.);
#11059 = PLANE('',#11060);
#11060 = AXIS2_PLACEMENT_3D('',#11061,#11062,#11063);
#11061 = CARTESIAN_POINT('',(8.87500075,-0.231947234746,-3.028782306618)
  );
#11062 = DIRECTION('',(-1.146672530258E-16,-0.936329177569,
    -0.351123441588));
#11063 = DIRECTION('',(1.,-1.224646799147E-16,0.));
#11064 = ADVANCED_FACE('',(#11065),#11076,.T.);
#11065 = FACE_BOUND('',#11066,.T.);
#11066 = EDGE_LOOP('',(#11067,#11068,#11074,#11075));
#11067 = ORIENTED_EDGE('',*,*,#10957,.F.);
#11068 = ORIENTED_EDGE('',*,*,#11069,.F.);
#11069 = EDGE_CURVE('',#10744,#10950,#11070,.T.);
#11070 = LINE('',#11071,#11072);
#11071 = CARTESIAN_POINT('',(8.87500075,0.398856079879,4.971832962871));
#11072 = VECTOR('',#11073,1.);
#11073 = DIRECTION('',(1.,-1.224646799147E-16,0.));
#11074 = ORIENTED_EDGE('',*,*,#10743,.T.);
#11075 = ORIENTED_EDGE('',*,*,#4894,.T.);
#11076 = CYLINDRICAL_SURFACE('',#11077,0.15);
#11077 = AXIS2_PLACEMENT_3D('',#11078,#11079,#11080);
#11078 = CARTESIAN_POINT('',(8.87500075,0.254459404418,4.931217693382));
#11079 = DIRECTION('',(-1.,1.224646799147E-16,0.));
#11080 = DIRECTION('',(1.499759782662E-32,1.224646799147E-16,-1.));
#11081 = ADVANCED_FACE('',(#11082),#11093,.T.);
#11082 = FACE_BOUND('',#11083,.T.);
#11083 = EDGE_LOOP('',(#11084,#11085,#11086,#11092));
#11084 = ORIENTED_EDGE('',*,*,#11069,.T.);
#11085 = ORIENTED_EDGE('',*,*,#10949,.F.);
#11086 = ORIENTED_EDGE('',*,*,#11087,.F.);
#11087 = EDGE_CURVE('',#10753,#10941,#11088,.T.);
#11088 = LINE('',#11089,#11090);
#11089 = CARTESIAN_POINT('',(8.87500075,0.606177852711,4.234756116545));
#11090 = VECTOR('',#11091,1.);
#11091 = DIRECTION('',(1.,-1.224646799147E-16,0.));
#11092 = ORIENTED_EDGE('',*,*,#10752,.T.);
#11093 = PLANE('',#11094);
#11094 = AXIS2_PLACEMENT_3D('',#11095,#11096,#11097);
#11095 = CARTESIAN_POINT('',(8.87500075,0.606177852711,4.234756116545));
#11096 = DIRECTION('',(1.17889950941E-16,0.962644503077,0.27076846326));
#11097 = DIRECTION('',(1.,-1.224646799147E-16,0.));
#11098 = ADVANCED_FACE('',(#11099),#11110,.T.);
#11099 = FACE_BOUND('',#11100,.T.);
#11100 = EDGE_LOOP('',(#11101,#11102,#11103,#11109));
#11101 = ORIENTED_EDGE('',*,*,#11087,.T.);
#11102 = ORIENTED_EDGE('',*,*,#10940,.F.);
#11103 = ORIENTED_EDGE('',*,*,#11104,.F.);
#11104 = EDGE_CURVE('',#10761,#10933,#11105,.T.);
#11105 = LINE('',#11106,#11107);
#11106 = CARTESIAN_POINT('',(8.87500075,0.602996800241,4.199322669419));
#11107 = VECTOR('',#11108,1.);
#11108 = DIRECTION('',(1.,-1.224646799147E-16,0.));
#11109 = ORIENTED_EDGE('',*,*,#10760,.T.);
#11110 = CYLINDRICAL_SURFACE('',#11111,5.E-02);
#11111 = AXIS2_PLACEMENT_3D('',#11112,#11113,#11114);
#11112 = CARTESIAN_POINT('',(8.87500075,0.558045627557,4.221217693382));
#11113 = DIRECTION('',(-1.,1.224646799147E-16,0.));
#11114 = DIRECTION('',(1.499759782662E-32,1.224646799147E-16,-1.));
#11115 = ADVANCED_FACE('',(#11116),#11127,.T.);
#11116 = FACE_BOUND('',#11117,.T.);
#11117 = EDGE_LOOP('',(#11118,#11119,#11120,#11126));
#11118 = ORIENTED_EDGE('',*,*,#11104,.T.);
#11119 = ORIENTED_EDGE('',*,*,#10932,.F.);
#11120 = ORIENTED_EDGE('',*,*,#11121,.F.);
#11121 = EDGE_CURVE('',#10770,#10925,#11122,.T.);
#11122 = LINE('',#11123,#11124);
#11123 = CARTESIAN_POINT('',(8.87500075,0.448052765254,3.881217693382));
#11124 = VECTOR('',#11125,1.);
#11125 = DIRECTION('',(1.,-1.224646799147E-16,0.));
#11126 = ORIENTED_EDGE('',*,*,#10769,.T.);
#11127 = PLANE('',#11128);
#11128 = AXIS2_PLACEMENT_3D('',#11129,#11130,#11131);
#11129 = CARTESIAN_POINT('',(8.87500075,0.448052765254,3.881217693382));
#11130 = DIRECTION('',(1.100986194907E-16,0.89902345368,-0.437900479257)
  );
#11131 = DIRECTION('',(-1.,1.224646799147E-16,0.));
#11132 = ADVANCED_FACE('',(#11133),#11144,.T.);
#11133 = FACE_BOUND('',#11134,.T.);
#11134 = EDGE_LOOP('',(#11135,#11136,#11137,#11143));
#11135 = ORIENTED_EDGE('',*,*,#11121,.T.);
#11136 = ORIENTED_EDGE('',*,*,#10924,.F.);
#11137 = ORIENTED_EDGE('',*,*,#11138,.F.);
#11138 = EDGE_CURVE('',#10778,#10917,#11139,.T.);
#11139 = LINE('',#11140,#11141);
#11140 = CARTESIAN_POINT('',(8.87500075,0.448052765254,2.581217693382));
#11141 = VECTOR('',#11142,1.);
#11142 = DIRECTION('',(1.,-1.224646799147E-16,0.));
#11143 = ORIENTED_EDGE('',*,*,#10777,.T.);
#11144 = PLANE('',#11145);
#11145 = AXIS2_PLACEMENT_3D('',#11146,#11147,#11148);
#11146 = CARTESIAN_POINT('',(8.87500075,0.448052765254,2.581217693382));
#11147 = DIRECTION('',(1.224646799147E-16,1.,1.224646799147E-16));
#11148 = DIRECTION('',(-1.,1.224646799147E-16,0.));
#11149 = ADVANCED_FACE('',(#11150),#11161,.T.);
#11150 = FACE_BOUND('',#11151,.T.);
#11151 = EDGE_LOOP('',(#11152,#11153,#11154,#11160));
#11152 = ORIENTED_EDGE('',*,*,#11138,.T.);
#11153 = ORIENTED_EDGE('',*,*,#10916,.F.);
#11154 = ORIENTED_EDGE('',*,*,#11155,.F.);
#11155 = EDGE_CURVE('',#10786,#10909,#11156,.T.);
#11156 = LINE('',#11157,#11158);
#11157 = CARTESIAN_POINT('',(8.87500075,1.378052765254,2.581217693382));
#11158 = VECTOR('',#11159,1.);
#11159 = DIRECTION('',(1.,-1.224646799147E-16,0.));
#11160 = ORIENTED_EDGE('',*,*,#10785,.T.);
#11161 = PLANE('',#11162);
#11162 = AXIS2_PLACEMENT_3D('',#11163,#11164,#11165);
#11163 = CARTESIAN_POINT('',(8.87500075,1.378052765254,2.581217693382));
#11164 = DIRECTION('',(-1.499759782662E-32,-1.224646799147E-16,1.));
#11165 = DIRECTION('',(-1.224646799147E-16,-1.,-1.224646799147E-16));
#11166 = ADVANCED_FACE('',(#11167),#11173,.T.);
#11167 = FACE_BOUND('',#11168,.T.);
#11168 = EDGE_LOOP('',(#11169,#11170,#11171,#11172));
#11169 = ORIENTED_EDGE('',*,*,#10793,.T.);
#11170 = ORIENTED_EDGE('',*,*,#11155,.T.);
#11171 = ORIENTED_EDGE('',*,*,#10908,.F.);
#11172 = ORIENTED_EDGE('',*,*,#5942,.F.);
#11173 = PLANE('',#11174);
#11174 = AXIS2_PLACEMENT_3D('',#11175,#11176,#11177);
#11175 = CARTESIAN_POINT('',(8.87500075,1.378052765254,2.001217693382));
#11176 = DIRECTION('',(1.224646799147E-16,1.,1.224646799147E-16));
#11177 = DIRECTION('',(-1.,1.224646799147E-16,0.));
#11178 = ADVANCED_FACE('',(#11179),#11190,.T.);
#11179 = FACE_BOUND('',#11180,.T.);
#11180 = EDGE_LOOP('',(#11181,#11182,#11188,#11189));
#11181 = ORIENTED_EDGE('',*,*,#10990,.F.);
#11182 = ORIENTED_EDGE('',*,*,#11183,.F.);
#11183 = EDGE_CURVE('',#10811,#10982,#11184,.T.);
#11184 = LINE('',#11185,#11186);
#11185 = CARTESIAN_POINT('',(8.87500075,1.429913402403,4.467679270219));
#11186 = VECTOR('',#11187,1.);
#11187 = DIRECTION('',(1.,-1.224646799147E-16,0.));
#11188 = ORIENTED_EDGE('',*,*,#10810,.T.);
#11189 = ORIENTED_EDGE('',*,*,#1241,.T.);
#11190 = PLANE('',#11191);
#11191 = AXIS2_PLACEMENT_3D('',#11192,#11193,#11194);
#11192 = CARTESIAN_POINT('',(8.87500075,1.429913402403,4.467679270219));
#11193 = DIRECTION('',(-1.17889950941E-16,-0.962644503077,-0.27076846326
    ));
#11194 = DIRECTION('',(1.,-1.224646799147E-16,0.));
#11195 = ADVANCED_FACE('',(#11196),#11207,.T.);
#11196 = FACE_BOUND('',#11197,.T.);
#11197 = EDGE_LOOP('',(#11198,#11199,#11200,#11206));
#11198 = ORIENTED_EDGE('',*,*,#11183,.T.);
#11199 = ORIENTED_EDGE('',*,*,#10981,.F.);
#11200 = ORIENTED_EDGE('',*,*,#11201,.F.);
#11201 = EDGE_CURVE('',#10819,#10974,#11202,.T.);
#11202 = LINE('',#11203,#11204);
#11203 = CARTESIAN_POINT('',(8.87500075,1.433094454873,4.503112717345));
#11204 = VECTOR('',#11205,1.);
#11205 = DIRECTION('',(1.,-1.224646799147E-16,0.));
#11206 = ORIENTED_EDGE('',*,*,#10818,.T.);
#11207 = CYLINDRICAL_SURFACE('',#11208,5.E-02);
#11208 = AXIS2_PLACEMENT_3D('',#11209,#11210,#11211);
#11209 = CARTESIAN_POINT('',(8.87500075,1.478045627557,4.481217693382));
#11210 = DIRECTION('',(-1.,1.224646799147E-16,0.));
#11211 = DIRECTION('',(1.499759782662E-32,1.224646799147E-16,-1.));
#11212 = ADVANCED_FACE('',(#11213),#11219,.T.);
#11213 = FACE_BOUND('',#11214,.T.);
#11214 = EDGE_LOOP('',(#11215,#11216,#11217,#11218));
#11215 = ORIENTED_EDGE('',*,*,#10827,.T.);
#11216 = ORIENTED_EDGE('',*,*,#11201,.T.);
#11217 = ORIENTED_EDGE('',*,*,#10973,.F.);
#11218 = ORIENTED_EDGE('',*,*,#1223,.F.);
#11219 = PLANE('',#11220);
#11220 = AXIS2_PLACEMENT_3D('',#11221,#11222,#11223);
#11221 = CARTESIAN_POINT('',(8.87500075,1.687301483822,5.025007741308));
#11222 = DIRECTION('',(-1.100986194907E-16,-0.89902345368,0.437900479257
    ));
#11223 = DIRECTION('',(5.362734202678E-17,0.437900479257,0.89902345368)
  );
#11224 = ADVANCED_FACE('',(#11225),#11266,.F.);
#11225 = FACE_BOUND('',#11226,.T.);
#11226 = EDGE_LOOP('',(#11227,#11235,#11243,#11251,#11259,#11265));
#11227 = ORIENTED_EDGE('',*,*,#11228,.F.);
#11228 = EDGE_CURVE('',#11229,#751,#11231,.T.);
#11229 = VERTEX_POINT('',#11230);
#11230 = CARTESIAN_POINT('',(10.37500075,2.248052765254,-3.128782306618)
  );
#11231 = LINE('',#11232,#11233);
#11232 = CARTESIAN_POINT('',(10.37500075,2.248052765254,-3.128782306618)
  );
#11233 = VECTOR('',#11234,1.);
#11234 = DIRECTION('',(-1.499759782662E-32,-1.224646799147E-16,1.));
#11235 = ORIENTED_EDGE('',*,*,#11236,.F.);
#11236 = EDGE_CURVE('',#11237,#11229,#11239,.T.);
#11237 = VERTEX_POINT('',#11238);
#11238 = CARTESIAN_POINT('',(10.37500075,2.088052765254,-3.428782306618)
  );
#11239 = LINE('',#11240,#11241);
#11240 = CARTESIAN_POINT('',(10.37500075,2.088052765254,-3.428782306618)
  );
#11241 = VECTOR('',#11242,1.);
#11242 = DIRECTION('',(5.763043760693E-17,0.470588235294,0.882352941176)
  );
#11243 = ORIENTED_EDGE('',*,*,#11244,.F.);
#11244 = EDGE_CURVE('',#11245,#11237,#11247,.T.);
#11245 = VERTEX_POINT('',#11246);
#11246 = CARTESIAN_POINT('',(10.37500075,1.898052765254,-3.428782306618)
  );
#11247 = LINE('',#11248,#11249);
#11248 = CARTESIAN_POINT('',(10.37500075,1.898052765254,-3.428782306618)
  );
#11249 = VECTOR('',#11250,1.);
#11250 = DIRECTION('',(1.224646799147E-16,1.,1.224646799147E-16));
#11251 = ORIENTED_EDGE('',*,*,#11252,.F.);
#11252 = EDGE_CURVE('',#11253,#11245,#11255,.T.);
#11253 = VERTEX_POINT('',#11254);
#11254 = CARTESIAN_POINT('',(10.37500075,1.748052765254,-3.128782306618)
  );
#11255 = LINE('',#11256,#11257);
#11256 = CARTESIAN_POINT('',(10.37500075,1.748052765254,-3.128782306618)
  );
#11257 = VECTOR('',#11258,1.);
#11258 = DIRECTION('',(5.476786982643E-17,0.4472135955,-0.894427191));
#11259 = ORIENTED_EDGE('',*,*,#11260,.F.);
#11260 = EDGE_CURVE('',#733,#11253,#11261,.T.);
#11261 = LINE('',#11262,#11263);
#11262 = CARTESIAN_POINT('',(10.37500075,1.748052765254,
    -2.878230661791E-02));
#11263 = VECTOR('',#11264,1.);
#11264 = DIRECTION('',(1.499759782662E-32,1.224646799147E-16,-1.));
#11265 = ORIENTED_EDGE('',*,*,#758,.T.);
#11266 = PLANE('',#11267);
#11267 = AXIS2_PLACEMENT_3D('',#11268,#11269,#11270);
#11268 = CARTESIAN_POINT('',(10.37500075,2.513052765254,4.741217693382)
  );
#11269 = DIRECTION('',(1.,-1.224646799147E-16,0.));
#11270 = DIRECTION('',(1.499759782662E-32,1.224646799147E-16,-1.));
#11271 = ADVANCED_FACE('',(#11272),#11333,.F.);
#11272 = FACE_BOUND('',#11273,.T.);
#11273 = EDGE_LOOP('',(#11274,#11283,#11291,#11300,#11308,#11316,#11324,
    #11330,#11331,#11332));
#11274 = ORIENTED_EDGE('',*,*,#11275,.F.);
#11275 = EDGE_CURVE('',#11276,#4863,#11278,.T.);
#11276 = VERTEX_POINT('',#11277);
#11277 = CARTESIAN_POINT('',(10.37500075,0.398856079879,4.971832962871)
  );
#11278 = CIRCLE('',#11279,0.15);
#11279 = AXIS2_PLACEMENT_3D('',#11280,#11281,#11282);
#11280 = CARTESIAN_POINT('',(10.37500075,0.254459404418,4.931217693382)
  );
#11281 = DIRECTION('',(1.,-1.224646799147E-16,0.));
#11282 = DIRECTION('',(1.17889950941E-16,0.962644503077,0.27076846326));
#11283 = ORIENTED_EDGE('',*,*,#11284,.F.);
#11284 = EDGE_CURVE('',#11285,#11276,#11287,.T.);
#11285 = VERTEX_POINT('',#11286);
#11286 = CARTESIAN_POINT('',(10.37500075,0.606177852711,4.234756116545)
  );
#11287 = LINE('',#11288,#11289);
#11288 = CARTESIAN_POINT('',(10.37500075,0.606177852711,4.234756116545)
  );
#11289 = VECTOR('',#11290,1.);
#11290 = DIRECTION('',(-3.315957318415E-17,-0.27076846326,0.962644503077
    ));
#11291 = ORIENTED_EDGE('',*,*,#11292,.F.);
#11292 = EDGE_CURVE('',#11293,#11285,#11295,.T.);
#11293 = VERTEX_POINT('',#11294);
#11294 = CARTESIAN_POINT('',(10.37500075,0.602996800241,4.199322669419)
  );
#11295 = CIRCLE('',#11296,5.E-02);
#11296 = AXIS2_PLACEMENT_3D('',#11297,#11298,#11299);
#11297 = CARTESIAN_POINT('',(10.37500075,0.558045627557,4.221217693382)
  );
#11298 = DIRECTION('',(1.,-1.224646799147E-16,6.162975822039E-33));
#11299 = DIRECTION('',(1.100986194907E-16,0.89902345368,-0.437900479257)
  );
#11300 = ORIENTED_EDGE('',*,*,#11301,.F.);
#11301 = EDGE_CURVE('',#11302,#11293,#11304,.T.);
#11302 = VERTEX_POINT('',#11303);
#11303 = CARTESIAN_POINT('',(10.37500075,0.448052765254,3.881217693382)
  );
#11304 = LINE('',#11305,#11306);
#11305 = CARTESIAN_POINT('',(10.37500075,0.448052765254,3.881217693382)
  );
#11306 = VECTOR('',#11307,1.);
#11307 = DIRECTION('',(5.362734202678E-17,0.437900479257,0.89902345368)
  );
#11308 = ORIENTED_EDGE('',*,*,#11309,.F.);
#11309 = EDGE_CURVE('',#11310,#11302,#11312,.T.);
#11310 = VERTEX_POINT('',#11311);
#11311 = CARTESIAN_POINT('',(10.37500075,0.448052765254,2.581217693382)
  );
#11312 = LINE('',#11313,#11314);
#11313 = CARTESIAN_POINT('',(10.37500075,0.448052765254,2.581217693382)
  );
#11314 = VECTOR('',#11315,1.);
#11315 = DIRECTION('',(-1.499759782662E-32,-1.224646799147E-16,1.));
#11316 = ORIENTED_EDGE('',*,*,#11317,.F.);
#11317 = EDGE_CURVE('',#11318,#11310,#11320,.T.);
#11318 = VERTEX_POINT('',#11319);
#11319 = CARTESIAN_POINT('',(10.37500075,1.378052765254,2.581217693382)
  );
#11320 = LINE('',#11321,#11322);
#11321 = CARTESIAN_POINT('',(10.37500075,1.378052765254,2.581217693382)
  );
#11322 = VECTOR('',#11323,1.);
#11323 = DIRECTION('',(-1.224646799147E-16,-1.,-1.224646799147E-16));
#11324 = ORIENTED_EDGE('',*,*,#11325,.F.);
#11325 = EDGE_CURVE('',#5967,#11318,#11326,.T.);
#11326 = LINE('',#11327,#11328);
#11327 = CARTESIAN_POINT('',(10.37500075,1.378052765254,2.471217693382)
  );
#11328 = VECTOR('',#11329,1.);
#11329 = DIRECTION('',(-1.499759782662E-32,-1.224646799147E-16,1.));
#11330 = ORIENTED_EDGE('',*,*,#5966,.F.);
#11331 = ORIENTED_EDGE('',*,*,#6253,.F.);
#11332 = ORIENTED_EDGE('',*,*,#4870,.T.);
#11333 = PLANE('',#11334);
#11334 = AXIS2_PLACEMENT_3D('',#11335,#11336,#11337);
#11335 = CARTESIAN_POINT('',(10.37500075,2.513052765254,4.741217693382)
  );
#11336 = DIRECTION('',(1.,-1.224646799147E-16,0.));
#11337 = DIRECTION('',(1.499759782662E-32,1.224646799147E-16,-1.));
#11338 = ADVANCED_FACE('',(#11339),#11365,.F.);
#11339 = FACE_BOUND('',#11340,.T.);
#11340 = EDGE_LOOP('',(#11341,#11349,#11358,#11364));
#11341 = ORIENTED_EDGE('',*,*,#11342,.F.);
#11342 = EDGE_CURVE('',#11343,#1446,#11345,.T.);
#11343 = VERTEX_POINT('',#11344);
#11344 = CARTESIAN_POINT('',(10.37500075,1.429913402403,4.467679270219)
  );
#11345 = LINE('',#11346,#11347);
#11346 = CARTESIAN_POINT('',(10.37500075,1.429913402403,4.467679270219)
  );
#11347 = VECTOR('',#11348,1.);
#11348 = DIRECTION('',(3.315957318415E-17,0.27076846326,-0.962644503077)
  );
#11349 = ORIENTED_EDGE('',*,*,#11350,.F.);
#11350 = EDGE_CURVE('',#11351,#11343,#11353,.T.);
#11351 = VERTEX_POINT('',#11352);
#11352 = CARTESIAN_POINT('',(10.37500075,1.433094454873,4.503112717345)
  );
#11353 = CIRCLE('',#11354,5.E-02);
#11354 = AXIS2_PLACEMENT_3D('',#11355,#11356,#11357);
#11355 = CARTESIAN_POINT('',(10.37500075,1.478045627557,4.481217693382)
  );
#11356 = DIRECTION('',(1.,-1.224646799147E-16,6.162975822039E-33));
#11357 = DIRECTION('',(-1.100986194907E-16,-0.89902345368,0.437900479257
    ));
#11358 = ORIENTED_EDGE('',*,*,#11359,.F.);
#11359 = EDGE_CURVE('',#1428,#11351,#11360,.T.);
#11360 = LINE('',#11361,#11362);
#11361 = CARTESIAN_POINT('',(10.37500075,1.648052765254,4.944428887914)
  );
#11362 = VECTOR('',#11363,1.);
#11363 = DIRECTION('',(-5.362734202678E-17,-0.437900479257,
    -0.89902345368));
#11364 = ORIENTED_EDGE('',*,*,#1453,.F.);
#11365 = PLANE('',#11366);
#11366 = AXIS2_PLACEMENT_3D('',#11367,#11368,#11369);
#11367 = CARTESIAN_POINT('',(10.37500075,2.513052765254,4.741217693382)
  );
#11368 = DIRECTION('',(1.,-1.224646799147E-16,0.));
#11369 = DIRECTION('',(1.499759782662E-32,1.224646799147E-16,-1.));
#11370 = ADVANCED_FACE('',(#11371),#11389,.T.);
#11371 = FACE_BOUND('',#11372,.T.);
#11372 = EDGE_LOOP('',(#11373,#11374,#11382,#11388));
#11373 = ORIENTED_EDGE('',*,*,#11260,.T.);
#11374 = ORIENTED_EDGE('',*,*,#11375,.T.);
#11375 = EDGE_CURVE('',#11253,#11376,#11378,.T.);
#11376 = VERTEX_POINT('',#11377);
#11377 = CARTESIAN_POINT('',(10.62500075,1.748052765254,-3.128782306618)
  );
#11378 = LINE('',#11379,#11380);
#11379 = CARTESIAN_POINT('',(10.37500075,1.748052765254,-3.128782306618)
  );
#11380 = VECTOR('',#11381,1.);
#11381 = DIRECTION('',(1.,-1.224646799147E-16,0.));
#11382 = ORIENTED_EDGE('',*,*,#11383,.F.);
#11383 = EDGE_CURVE('',#735,#11376,#11384,.T.);
#11384 = LINE('',#11385,#11386);
#11385 = CARTESIAN_POINT('',(10.62500075,1.748052765254,
    -2.878230661791E-02));
#11386 = VECTOR('',#11387,1.);
#11387 = DIRECTION('',(1.499759782662E-32,1.224646799147E-16,-1.));
#11388 = ORIENTED_EDGE('',*,*,#732,.F.);
#11389 = PLANE('',#11390);
#11390 = AXIS2_PLACEMENT_3D('',#11391,#11392,#11393);
#11391 = CARTESIAN_POINT('',(10.37500075,1.748052765254,
    -1.878230661791E-02));
#11392 = DIRECTION('',(-1.224646799147E-16,-1.,-1.224646799147E-16));
#11393 = DIRECTION('',(-1.499759782662E-32,-1.224646799147E-16,1.));
#11394 = ADVANCED_FACE('',(#11395),#11429,.T.);
#11395 = FACE_BOUND('',#11396,.T.);
#11396 = EDGE_LOOP('',(#11397,#11398,#11406,#11414,#11422,#11428));
#11397 = ORIENTED_EDGE('',*,*,#11383,.T.);
#11398 = ORIENTED_EDGE('',*,*,#11399,.T.);
#11399 = EDGE_CURVE('',#11376,#11400,#11402,.T.);
#11400 = VERTEX_POINT('',#11401);
#11401 = CARTESIAN_POINT('',(10.62500075,1.898052765254,-3.428782306618)
  );
#11402 = LINE('',#11403,#11404);
#11403 = CARTESIAN_POINT('',(10.62500075,1.748052765254,-3.128782306618)
  );
#11404 = VECTOR('',#11405,1.);
#11405 = DIRECTION('',(5.476786982643E-17,0.4472135955,-0.894427191));
#11406 = ORIENTED_EDGE('',*,*,#11407,.T.);
#11407 = EDGE_CURVE('',#11400,#11408,#11410,.T.);
#11408 = VERTEX_POINT('',#11409);
#11409 = CARTESIAN_POINT('',(10.62500075,2.088052765254,-3.428782306618)
  );
#11410 = LINE('',#11411,#11412);
#11411 = CARTESIAN_POINT('',(10.62500075,1.898052765254,-3.428782306618)
  );
#11412 = VECTOR('',#11413,1.);
#11413 = DIRECTION('',(1.224646799147E-16,1.,1.224646799147E-16));
#11414 = ORIENTED_EDGE('',*,*,#11415,.T.);
#11415 = EDGE_CURVE('',#11408,#11416,#11418,.T.);
#11416 = VERTEX_POINT('',#11417);
#11417 = CARTESIAN_POINT('',(10.62500075,2.248052765254,-3.128782306618)
  );
#11418 = LINE('',#11419,#11420);
#11419 = CARTESIAN_POINT('',(10.62500075,2.088052765254,-3.428782306618)
  );
#11420 = VECTOR('',#11421,1.);
#11421 = DIRECTION('',(5.763043760693E-17,0.470588235294,0.882352941176)
  );
#11422 = ORIENTED_EDGE('',*,*,#11423,.T.);
#11423 = EDGE_CURVE('',#11416,#743,#11424,.T.);
#11424 = LINE('',#11425,#11426);
#11425 = CARTESIAN_POINT('',(10.62500075,2.248052765254,-3.128782306618)
  );
#11426 = VECTOR('',#11427,1.);
#11427 = DIRECTION('',(-1.499759782662E-32,-1.224646799147E-16,1.));
#11428 = ORIENTED_EDGE('',*,*,#742,.F.);
#11429 = PLANE('',#11430);
#11430 = AXIS2_PLACEMENT_3D('',#11431,#11432,#11433);
#11431 = CARTESIAN_POINT('',(10.62500075,2.513052765254,4.741217693382)
  );
#11432 = DIRECTION('',(1.,-1.224646799147E-16,0.));
#11433 = DIRECTION('',(1.499759782662E-32,1.224646799147E-16,-1.));
#11434 = ADVANCED_FACE('',(#11435),#11496,.T.);
#11435 = FACE_BOUND('',#11436,.T.);
#11436 = EDGE_LOOP('',(#11437,#11438,#11439,#11447,#11455,#11463,#11471,
    #11480,#11488,#11495));
#11437 = ORIENTED_EDGE('',*,*,#6275,.T.);
#11438 = ORIENTED_EDGE('',*,*,#5982,.T.);
#11439 = ORIENTED_EDGE('',*,*,#11440,.T.);
#11440 = EDGE_CURVE('',#5975,#11441,#11443,.T.);
#11441 = VERTEX_POINT('',#11442);
#11442 = CARTESIAN_POINT('',(10.62500075,1.378052765254,2.581217693382)
  );
#11443 = LINE('',#11444,#11445);
#11444 = CARTESIAN_POINT('',(10.62500075,1.378052765254,2.471217693382)
  );
#11445 = VECTOR('',#11446,1.);
#11446 = DIRECTION('',(-1.499759782662E-32,-1.224646799147E-16,1.));
#11447 = ORIENTED_EDGE('',*,*,#11448,.T.);
#11448 = EDGE_CURVE('',#11441,#11449,#11451,.T.);
#11449 = VERTEX_POINT('',#11450);
#11450 = CARTESIAN_POINT('',(10.62500075,0.448052765254,2.581217693382)
  );
#11451 = LINE('',#11452,#11453);
#11452 = CARTESIAN_POINT('',(10.62500075,1.378052765254,2.581217693382)
  );
#11453 = VECTOR('',#11454,1.);
#11454 = DIRECTION('',(-1.224646799147E-16,-1.,-1.224646799147E-16));
#11455 = ORIENTED_EDGE('',*,*,#11456,.T.);
#11456 = EDGE_CURVE('',#11449,#11457,#11459,.T.);
#11457 = VERTEX_POINT('',#11458);
#11458 = CARTESIAN_POINT('',(10.62500075,0.448052765254,3.881217693382)
  );
#11459 = LINE('',#11460,#11461);
#11460 = CARTESIAN_POINT('',(10.62500075,0.448052765254,2.581217693382)
  );
#11461 = VECTOR('',#11462,1.);
#11462 = DIRECTION('',(-1.499759782662E-32,-1.224646799147E-16,1.));
#11463 = ORIENTED_EDGE('',*,*,#11464,.T.);
#11464 = EDGE_CURVE('',#11457,#11465,#11467,.T.);
#11465 = VERTEX_POINT('',#11466);
#11466 = CARTESIAN_POINT('',(10.62500075,0.602996800241,4.199322669419)
  );
#11467 = LINE('',#11468,#11469);
#11468 = CARTESIAN_POINT('',(10.62500075,0.448052765254,3.881217693382)
  );
#11469 = VECTOR('',#11470,1.);
#11470 = DIRECTION('',(5.362734202678E-17,0.437900479257,0.89902345368)
  );
#11471 = ORIENTED_EDGE('',*,*,#11472,.T.);
#11472 = EDGE_CURVE('',#11465,#11473,#11475,.T.);
#11473 = VERTEX_POINT('',#11474);
#11474 = CARTESIAN_POINT('',(10.62500075,0.606177852711,4.234756116545)
  );
#11475 = CIRCLE('',#11476,5.E-02);
#11476 = AXIS2_PLACEMENT_3D('',#11477,#11478,#11479);
#11477 = CARTESIAN_POINT('',(10.62500075,0.558045627557,4.221217693382)
  );
#11478 = DIRECTION('',(1.,-1.224646799147E-16,6.162975822039E-33));
#11479 = DIRECTION('',(1.100986194907E-16,0.89902345368,-0.437900479257)
  );
#11480 = ORIENTED_EDGE('',*,*,#11481,.T.);
#11481 = EDGE_CURVE('',#11473,#11482,#11484,.T.);
#11482 = VERTEX_POINT('',#11483);
#11483 = CARTESIAN_POINT('',(10.62500075,0.398856079879,4.971832962871)
  );
#11484 = LINE('',#11485,#11486);
#11485 = CARTESIAN_POINT('',(10.62500075,0.606177852711,4.234756116545)
  );
#11486 = VECTOR('',#11487,1.);
#11487 = DIRECTION('',(-3.315957318415E-17,-0.27076846326,0.962644503077
    ));
#11488 = ORIENTED_EDGE('',*,*,#11489,.T.);
#11489 = EDGE_CURVE('',#11482,#4855,#11490,.T.);
#11490 = CIRCLE('',#11491,0.15);
#11491 = AXIS2_PLACEMENT_3D('',#11492,#11493,#11494);
#11492 = CARTESIAN_POINT('',(10.62500075,0.254459404418,4.931217693382)
  );
#11493 = DIRECTION('',(1.,-1.224646799147E-16,0.));
#11494 = DIRECTION('',(1.17889950941E-16,0.962644503077,0.27076846326));
#11495 = ORIENTED_EDGE('',*,*,#4854,.F.);
#11496 = PLANE('',#11497);
#11497 = AXIS2_PLACEMENT_3D('',#11498,#11499,#11500);
#11498 = CARTESIAN_POINT('',(10.62500075,2.513052765254,4.741217693382)
  );
#11499 = DIRECTION('',(1.,-1.224646799147E-16,0.));
#11500 = DIRECTION('',(1.499759782662E-32,1.224646799147E-16,-1.));
#11501 = ADVANCED_FACE('',(#11502),#11528,.T.);
#11502 = FACE_BOUND('',#11503,.T.);
#11503 = EDGE_LOOP('',(#11504,#11512,#11521,#11527));
#11504 = ORIENTED_EDGE('',*,*,#11505,.T.);
#11505 = EDGE_CURVE('',#1430,#11506,#11508,.T.);
#11506 = VERTEX_POINT('',#11507);
#11507 = CARTESIAN_POINT('',(10.62500075,1.433094454873,4.503112717345)
  );
#11508 = LINE('',#11509,#11510);
#11509 = CARTESIAN_POINT('',(10.62500075,1.648052765254,4.944428887914)
  );
#11510 = VECTOR('',#11511,1.);
#11511 = DIRECTION('',(-5.362734202678E-17,-0.437900479257,
    -0.89902345368));
#11512 = ORIENTED_EDGE('',*,*,#11513,.T.);
#11513 = EDGE_CURVE('',#11506,#11514,#11516,.T.);
#11514 = VERTEX_POINT('',#11515);
#11515 = CARTESIAN_POINT('',(10.62500075,1.429913402403,4.467679270219)
  );
#11516 = CIRCLE('',#11517,5.E-02);
#11517 = AXIS2_PLACEMENT_3D('',#11518,#11519,#11520);
#11518 = CARTESIAN_POINT('',(10.62500075,1.478045627557,4.481217693382)
  );
#11519 = DIRECTION('',(1.,-1.224646799147E-16,6.162975822039E-33));
#11520 = DIRECTION('',(-1.100986194907E-16,-0.89902345368,0.437900479257
    ));
#11521 = ORIENTED_EDGE('',*,*,#11522,.T.);
#11522 = EDGE_CURVE('',#11514,#1438,#11523,.T.);
#11523 = LINE('',#11524,#11525);
#11524 = CARTESIAN_POINT('',(10.62500075,1.429913402403,4.467679270219)
  );
#11525 = VECTOR('',#11526,1.);
#11526 = DIRECTION('',(3.315957318415E-17,0.27076846326,-0.962644503077)
  );
#11527 = ORIENTED_EDGE('',*,*,#1437,.T.);
#11528 = PLANE('',#11529);
#11529 = AXIS2_PLACEMENT_3D('',#11530,#11531,#11532);
#11530 = CARTESIAN_POINT('',(10.62500075,2.513052765254,4.741217693382)
  );
#11531 = DIRECTION('',(1.,-1.224646799147E-16,0.));
#11532 = DIRECTION('',(1.499759782662E-32,1.224646799147E-16,-1.));
#11533 = ADVANCED_FACE('',(#11534),#11545,.T.);
#11534 = FACE_BOUND('',#11535,.T.);
#11535 = EDGE_LOOP('',(#11536,#11537,#11543,#11544));
#11536 = ORIENTED_EDGE('',*,*,#11423,.F.);
#11537 = ORIENTED_EDGE('',*,*,#11538,.F.);
#11538 = EDGE_CURVE('',#11229,#11416,#11539,.T.);
#11539 = LINE('',#11540,#11541);
#11540 = CARTESIAN_POINT('',(10.37500075,2.248052765254,-3.128782306618)
  );
#11541 = VECTOR('',#11542,1.);
#11542 = DIRECTION('',(1.,-1.224646799147E-16,0.));
#11543 = ORIENTED_EDGE('',*,*,#11228,.T.);
#11544 = ORIENTED_EDGE('',*,*,#750,.T.);
#11545 = PLANE('',#11546);
#11546 = AXIS2_PLACEMENT_3D('',#11547,#11548,#11549);
#11547 = CARTESIAN_POINT('',(10.37500075,2.248052765254,-3.128782306618)
  );
#11548 = DIRECTION('',(1.224646799147E-16,1.,1.224646799147E-16));
#11549 = DIRECTION('',(-1.,1.224646799147E-16,0.));
#11550 = ADVANCED_FACE('',(#11551),#11562,.T.);
#11551 = FACE_BOUND('',#11552,.T.);
#11552 = EDGE_LOOP('',(#11553,#11554,#11555,#11561));
#11553 = ORIENTED_EDGE('',*,*,#11538,.T.);
#11554 = ORIENTED_EDGE('',*,*,#11415,.F.);
#11555 = ORIENTED_EDGE('',*,*,#11556,.F.);
#11556 = EDGE_CURVE('',#11237,#11408,#11557,.T.);
#11557 = LINE('',#11558,#11559);
#11558 = CARTESIAN_POINT('',(10.37500075,2.088052765254,-3.428782306618)
  );
#11559 = VECTOR('',#11560,1.);
#11560 = DIRECTION('',(1.,-1.224646799147E-16,0.));
#11561 = ORIENTED_EDGE('',*,*,#11236,.T.);
#11562 = PLANE('',#11563);
#11563 = AXIS2_PLACEMENT_3D('',#11564,#11565,#11566);
#11564 = CARTESIAN_POINT('',(10.37500075,2.088052765254,-3.428782306618)
  );
#11565 = DIRECTION('',(1.08057070513E-16,0.882352941176,-0.470588235294)
  );
#11566 = DIRECTION('',(-1.,1.224646799147E-16,0.));
#11567 = ADVANCED_FACE('',(#11568),#11579,.T.);
#11568 = FACE_BOUND('',#11569,.T.);
#11569 = EDGE_LOOP('',(#11570,#11571,#11572,#11578));
#11570 = ORIENTED_EDGE('',*,*,#11556,.T.);
#11571 = ORIENTED_EDGE('',*,*,#11407,.F.);
#11572 = ORIENTED_EDGE('',*,*,#11573,.F.);
#11573 = EDGE_CURVE('',#11245,#11400,#11574,.T.);
#11574 = LINE('',#11575,#11576);
#11575 = CARTESIAN_POINT('',(10.37500075,1.898052765254,-3.428782306618)
  );
#11576 = VECTOR('',#11577,1.);
#11577 = DIRECTION('',(1.,-1.224646799147E-16,0.));
#11578 = ORIENTED_EDGE('',*,*,#11244,.T.);
#11579 = PLANE('',#11580);
#11580 = AXIS2_PLACEMENT_3D('',#11581,#11582,#11583);
#11581 = CARTESIAN_POINT('',(10.37500075,1.898052765254,-3.428782306618)
  );
#11582 = DIRECTION('',(1.499759782662E-32,1.224646799147E-16,-1.));
#11583 = DIRECTION('',(-1.,1.224646799147E-16,0.));
#11584 = ADVANCED_FACE('',(#11585),#11591,.T.);
#11585 = FACE_BOUND('',#11586,.T.);
#11586 = EDGE_LOOP('',(#11587,#11588,#11589,#11590));
#11587 = ORIENTED_EDGE('',*,*,#11573,.T.);
#11588 = ORIENTED_EDGE('',*,*,#11399,.F.);
#11589 = ORIENTED_EDGE('',*,*,#11375,.F.);
#11590 = ORIENTED_EDGE('',*,*,#11252,.T.);
#11591 = PLANE('',#11592);
#11592 = AXIS2_PLACEMENT_3D('',#11593,#11594,#11595);
#11593 = CARTESIAN_POINT('',(10.37500075,1.748052765254,-3.128782306618)
  );
#11594 = DIRECTION('',(-1.095357396528E-16,-0.894427191,-0.4472135955));
#11595 = DIRECTION('',(1.,-1.224646799147E-16,0.));
#11596 = ADVANCED_FACE('',(#11597),#11608,.T.);
#11597 = FACE_BOUND('',#11598,.T.);
#11598 = EDGE_LOOP('',(#11599,#11600,#11606,#11607));
#11599 = ORIENTED_EDGE('',*,*,#11489,.F.);
#11600 = ORIENTED_EDGE('',*,*,#11601,.F.);
#11601 = EDGE_CURVE('',#11276,#11482,#11602,.T.);
#11602 = LINE('',#11603,#11604);
#11603 = CARTESIAN_POINT('',(10.37500075,0.398856079879,4.971832962871)
  );
#11604 = VECTOR('',#11605,1.);
#11605 = DIRECTION('',(1.,-1.224646799147E-16,0.));
#11606 = ORIENTED_EDGE('',*,*,#11275,.T.);
#11607 = ORIENTED_EDGE('',*,*,#4862,.T.);
#11608 = CYLINDRICAL_SURFACE('',#11609,0.15);
#11609 = AXIS2_PLACEMENT_3D('',#11610,#11611,#11612);
#11610 = CARTESIAN_POINT('',(10.37500075,0.254459404418,4.931217693382)
  );
#11611 = DIRECTION('',(-1.,1.224646799147E-16,0.));
#11612 = DIRECTION('',(1.499759782662E-32,1.224646799147E-16,-1.));
#11613 = ADVANCED_FACE('',(#11614),#11625,.T.);
#11614 = FACE_BOUND('',#11615,.T.);
#11615 = EDGE_LOOP('',(#11616,#11617,#11618,#11624));
#11616 = ORIENTED_EDGE('',*,*,#11601,.T.);
#11617 = ORIENTED_EDGE('',*,*,#11481,.F.);
#11618 = ORIENTED_EDGE('',*,*,#11619,.F.);
#11619 = EDGE_CURVE('',#11285,#11473,#11620,.T.);
#11620 = LINE('',#11621,#11622);
#11621 = CARTESIAN_POINT('',(10.37500075,0.606177852711,4.234756116545)
  );
#11622 = VECTOR('',#11623,1.);
#11623 = DIRECTION('',(1.,-1.224646799147E-16,0.));
#11624 = ORIENTED_EDGE('',*,*,#11284,.T.);
#11625 = PLANE('',#11626);
#11626 = AXIS2_PLACEMENT_3D('',#11627,#11628,#11629);
#11627 = CARTESIAN_POINT('',(10.37500075,0.606177852711,4.234756116545)
  );
#11628 = DIRECTION('',(1.17889950941E-16,0.962644503077,0.27076846326));
#11629 = DIRECTION('',(1.,-1.224646799147E-16,0.));
#11630 = ADVANCED_FACE('',(#11631),#11642,.T.);
#11631 = FACE_BOUND('',#11632,.T.);
#11632 = EDGE_LOOP('',(#11633,#11634,#11635,#11641));
#11633 = ORIENTED_EDGE('',*,*,#11619,.T.);
#11634 = ORIENTED_EDGE('',*,*,#11472,.F.);
#11635 = ORIENTED_EDGE('',*,*,#11636,.F.);
#11636 = EDGE_CURVE('',#11293,#11465,#11637,.T.);
#11637 = LINE('',#11638,#11639);
#11638 = CARTESIAN_POINT('',(10.37500075,0.602996800241,4.199322669419)
  );
#11639 = VECTOR('',#11640,1.);
#11640 = DIRECTION('',(1.,-1.224646799147E-16,0.));
#11641 = ORIENTED_EDGE('',*,*,#11292,.T.);
#11642 = CYLINDRICAL_SURFACE('',#11643,5.E-02);
#11643 = AXIS2_PLACEMENT_3D('',#11644,#11645,#11646);
#11644 = CARTESIAN_POINT('',(10.37500075,0.558045627557,4.221217693382)
  );
#11645 = DIRECTION('',(-1.,1.224646799147E-16,0.));
#11646 = DIRECTION('',(1.499759782662E-32,1.224646799147E-16,-1.));
#11647 = ADVANCED_FACE('',(#11648),#11659,.T.);
#11648 = FACE_BOUND('',#11649,.T.);
#11649 = EDGE_LOOP('',(#11650,#11651,#11652,#11658));
#11650 = ORIENTED_EDGE('',*,*,#11636,.T.);
#11651 = ORIENTED_EDGE('',*,*,#11464,.F.);
#11652 = ORIENTED_EDGE('',*,*,#11653,.F.);
#11653 = EDGE_CURVE('',#11302,#11457,#11654,.T.);
#11654 = LINE('',#11655,#11656);
#11655 = CARTESIAN_POINT('',(10.37500075,0.448052765254,3.881217693382)
  );
#11656 = VECTOR('',#11657,1.);
#11657 = DIRECTION('',(1.,-1.224646799147E-16,0.));
#11658 = ORIENTED_EDGE('',*,*,#11301,.T.);
#11659 = PLANE('',#11660);
#11660 = AXIS2_PLACEMENT_3D('',#11661,#11662,#11663);
#11661 = CARTESIAN_POINT('',(10.37500075,0.448052765254,3.881217693382)
  );
#11662 = DIRECTION('',(1.100986194907E-16,0.89902345368,-0.437900479257)
  );
#11663 = DIRECTION('',(-1.,1.224646799147E-16,0.));
#11664 = ADVANCED_FACE('',(#11665),#11676,.T.);
#11665 = FACE_BOUND('',#11666,.T.);
#11666 = EDGE_LOOP('',(#11667,#11668,#11669,#11675));
#11667 = ORIENTED_EDGE('',*,*,#11653,.T.);
#11668 = ORIENTED_EDGE('',*,*,#11456,.F.);
#11669 = ORIENTED_EDGE('',*,*,#11670,.F.);
#11670 = EDGE_CURVE('',#11310,#11449,#11671,.T.);
#11671 = LINE('',#11672,#11673);
#11672 = CARTESIAN_POINT('',(10.37500075,0.448052765254,2.581217693382)
  );
#11673 = VECTOR('',#11674,1.);
#11674 = DIRECTION('',(1.,-1.224646799147E-16,0.));
#11675 = ORIENTED_EDGE('',*,*,#11309,.T.);
#11676 = PLANE('',#11677);
#11677 = AXIS2_PLACEMENT_3D('',#11678,#11679,#11680);
#11678 = CARTESIAN_POINT('',(10.37500075,0.448052765254,2.581217693382)
  );
#11679 = DIRECTION('',(1.224646799147E-16,1.,1.224646799147E-16));
#11680 = DIRECTION('',(-1.,1.224646799147E-16,0.));
#11681 = ADVANCED_FACE('',(#11682),#11693,.T.);
#11682 = FACE_BOUND('',#11683,.T.);
#11683 = EDGE_LOOP('',(#11684,#11685,#11686,#11692));
#11684 = ORIENTED_EDGE('',*,*,#11670,.T.);
#11685 = ORIENTED_EDGE('',*,*,#11448,.F.);
#11686 = ORIENTED_EDGE('',*,*,#11687,.F.);
#11687 = EDGE_CURVE('',#11318,#11441,#11688,.T.);
#11688 = LINE('',#11689,#11690);
#11689 = CARTESIAN_POINT('',(10.37500075,1.378052765254,2.581217693382)
  );
#11690 = VECTOR('',#11691,1.);
#11691 = DIRECTION('',(1.,-1.224646799147E-16,0.));
#11692 = ORIENTED_EDGE('',*,*,#11317,.T.);
#11693 = PLANE('',#11694);
#11694 = AXIS2_PLACEMENT_3D('',#11695,#11696,#11697);
#11695 = CARTESIAN_POINT('',(10.37500075,1.378052765254,2.581217693382)
  );
#11696 = DIRECTION('',(-1.499759782662E-32,-1.224646799147E-16,1.));
#11697 = DIRECTION('',(-1.224646799147E-16,-1.,-1.224646799147E-16));
#11698 = ADVANCED_FACE('',(#11699),#11705,.T.);
#11699 = FACE_BOUND('',#11700,.T.);
#11700 = EDGE_LOOP('',(#11701,#11702,#11703,#11704));
#11701 = ORIENTED_EDGE('',*,*,#11325,.T.);
#11702 = ORIENTED_EDGE('',*,*,#11687,.T.);
#11703 = ORIENTED_EDGE('',*,*,#11440,.F.);
#11704 = ORIENTED_EDGE('',*,*,#5974,.F.);
#11705 = PLANE('',#11706);
#11706 = AXIS2_PLACEMENT_3D('',#11707,#11708,#11709);
#11707 = CARTESIAN_POINT('',(10.37500075,1.378052765254,2.001217693382)
  );
#11708 = DIRECTION('',(1.224646799147E-16,1.,1.224646799147E-16));
#11709 = DIRECTION('',(-1.,1.224646799147E-16,0.));
#11710 = ADVANCED_FACE('',(#11711),#11722,.T.);
#11711 = FACE_BOUND('',#11712,.T.);
#11712 = EDGE_LOOP('',(#11713,#11714,#11720,#11721));
#11713 = ORIENTED_EDGE('',*,*,#11522,.F.);
#11714 = ORIENTED_EDGE('',*,*,#11715,.F.);
#11715 = EDGE_CURVE('',#11343,#11514,#11716,.T.);
#11716 = LINE('',#11717,#11718);
#11717 = CARTESIAN_POINT('',(10.37500075,1.429913402403,4.467679270219)
  );
#11718 = VECTOR('',#11719,1.);
#11719 = DIRECTION('',(1.,-1.224646799147E-16,0.));
#11720 = ORIENTED_EDGE('',*,*,#11342,.T.);
#11721 = ORIENTED_EDGE('',*,*,#1445,.T.);
#11722 = PLANE('',#11723);
#11723 = AXIS2_PLACEMENT_3D('',#11724,#11725,#11726);
#11724 = CARTESIAN_POINT('',(10.37500075,1.429913402403,4.467679270219)
  );
#11725 = DIRECTION('',(-1.17889950941E-16,-0.962644503077,-0.27076846326
    ));
#11726 = DIRECTION('',(1.,-1.224646799147E-16,0.));
#11727 = ADVANCED_FACE('',(#11728),#11739,.T.);
#11728 = FACE_BOUND('',#11729,.T.);
#11729 = EDGE_LOOP('',(#11730,#11731,#11732,#11738));
#11730 = ORIENTED_EDGE('',*,*,#11715,.T.);
#11731 = ORIENTED_EDGE('',*,*,#11513,.F.);
#11732 = ORIENTED_EDGE('',*,*,#11733,.F.);
#11733 = EDGE_CURVE('',#11351,#11506,#11734,.T.);
#11734 = LINE('',#11735,#11736);
#11735 = CARTESIAN_POINT('',(10.37500075,1.433094454873,4.503112717345)
  );
#11736 = VECTOR('',#11737,1.);
#11737 = DIRECTION('',(1.,-1.224646799147E-16,0.));
#11738 = ORIENTED_EDGE('',*,*,#11350,.T.);
#11739 = CYLINDRICAL_SURFACE('',#11740,5.E-02);
#11740 = AXIS2_PLACEMENT_3D('',#11741,#11742,#11743);
#11741 = CARTESIAN_POINT('',(10.37500075,1.478045627557,4.481217693382)
  );
#11742 = DIRECTION('',(-1.,1.224646799147E-16,0.));
#11743 = DIRECTION('',(1.499759782662E-32,1.224646799147E-16,-1.));
#11744 = ADVANCED_FACE('',(#11745),#11751,.T.);
#11745 = FACE_BOUND('',#11746,.T.);
#11746 = EDGE_LOOP('',(#11747,#11748,#11749,#11750));
#11747 = ORIENTED_EDGE('',*,*,#11359,.T.);
#11748 = ORIENTED_EDGE('',*,*,#11733,.T.);
#11749 = ORIENTED_EDGE('',*,*,#11505,.F.);
#11750 = ORIENTED_EDGE('',*,*,#1427,.F.);
#11751 = PLANE('',#11752);
#11752 = AXIS2_PLACEMENT_3D('',#11753,#11754,#11755);
#11753 = CARTESIAN_POINT('',(10.37500075,1.687301483822,5.025007741308)
  );
#11754 = DIRECTION('',(-1.100986194907E-16,-0.89902345368,0.437900479257
    ));
#11755 = DIRECTION('',(5.362734202678E-17,0.437900479257,0.89902345368)
  );
#11756 = ADVANCED_FACE('',(#11757),#11798,.F.);
#11757 = FACE_BOUND('',#11758,.T.);
#11758 = EDGE_LOOP('',(#11759,#11760,#11768,#11776,#11784,#11792));
#11759 = ORIENTED_EDGE('',*,*,#588,.T.);
#11760 = ORIENTED_EDGE('',*,*,#11761,.F.);
#11761 = EDGE_CURVE('',#11762,#581,#11764,.T.);
#11762 = VERTEX_POINT('',#11763);
#11763 = CARTESIAN_POINT('',(11.87500075,0.218052765254,-3.128782306618)
  );
#11764 = LINE('',#11765,#11766);
#11765 = CARTESIAN_POINT('',(11.87500075,0.218052765254,-3.128782306618)
  );
#11766 = VECTOR('',#11767,1.);
#11767 = DIRECTION('',(-1.499759782662E-32,-1.224646799147E-16,1.));
#11768 = ORIENTED_EDGE('',*,*,#11769,.F.);
#11769 = EDGE_CURVE('',#11770,#11762,#11772,.T.);
#11770 = VERTEX_POINT('',#11771);
#11771 = CARTESIAN_POINT('',(11.87500075,6.805276525429E-02,
    -3.428782306618));
#11772 = LINE('',#11773,#11774);
#11773 = CARTESIAN_POINT('',(11.87500075,6.805276525429E-02,
    -3.428782306618));
#11774 = VECTOR('',#11775,1.);
#11775 = DIRECTION('',(5.476786982643E-17,0.4472135955,0.894427191));
#11776 = ORIENTED_EDGE('',*,*,#11777,.F.);
#11777 = EDGE_CURVE('',#11778,#11770,#11780,.T.);
#11778 = VERTEX_POINT('',#11779);
#11779 = CARTESIAN_POINT('',(11.87500075,-8.194723474571E-02,
    -3.428782306618));
#11780 = LINE('',#11781,#11782);
#11781 = CARTESIAN_POINT('',(11.87500075,-8.194723474571E-02,
    -3.428782306618));
#11782 = VECTOR('',#11783,1.);
#11783 = DIRECTION('',(1.224646799147E-16,1.,1.224646799147E-16));
#11784 = ORIENTED_EDGE('',*,*,#11785,.F.);
#11785 = EDGE_CURVE('',#11786,#11778,#11788,.T.);
#11786 = VERTEX_POINT('',#11787);
#11787 = CARTESIAN_POINT('',(11.87500075,-0.231947234746,-3.028782306618
    ));
#11788 = LINE('',#11789,#11790);
#11789 = CARTESIAN_POINT('',(11.87500075,-0.231947234746,-3.028782306618
    ));
#11790 = VECTOR('',#11791,1.);
#11791 = DIRECTION('',(4.300021988469E-17,0.351123441588,-0.936329177569
    ));
#11792 = ORIENTED_EDGE('',*,*,#11793,.F.);
#11793 = EDGE_CURVE('',#563,#11786,#11794,.T.);
#11794 = LINE('',#11795,#11796);
#11795 = CARTESIAN_POINT('',(11.87500075,-0.251947234746,
    -2.878230661791E-02));
#11796 = VECTOR('',#11797,1.);
#11797 = DIRECTION('',(8.164130571207E-19,6.666518523456E-03,
    -0.999977778518));
#11798 = PLANE('',#11799);
#11799 = AXIS2_PLACEMENT_3D('',#11800,#11801,#11802);
#11800 = CARTESIAN_POINT('',(11.87500075,2.513052765254,4.741217693382)
  );
#11801 = DIRECTION('',(1.,-1.224646799147E-16,0.));
#11802 = DIRECTION('',(1.499759782662E-32,1.224646799147E-16,-1.));
#11803 = ADVANCED_FACE('',(#11804),#11865,.F.);
#11804 = FACE_BOUND('',#11805,.T.);
#11805 = EDGE_LOOP('',(#11806,#11815,#11823,#11832,#11840,#11848,#11856,
    #11862,#11863,#11864));
#11806 = ORIENTED_EDGE('',*,*,#11807,.F.);
#11807 = EDGE_CURVE('',#11808,#4831,#11810,.T.);
#11808 = VERTEX_POINT('',#11809);
#11809 = CARTESIAN_POINT('',(11.87500075,0.398856079879,4.971832962871)
  );
#11810 = CIRCLE('',#11811,0.15);
#11811 = AXIS2_PLACEMENT_3D('',#11812,#11813,#11814);
#11812 = CARTESIAN_POINT('',(11.87500075,0.254459404418,4.931217693382)
  );
#11813 = DIRECTION('',(1.,-1.224646799147E-16,0.));
#11814 = DIRECTION('',(1.17889950941E-16,0.962644503077,0.27076846326));
#11815 = ORIENTED_EDGE('',*,*,#11816,.F.);
#11816 = EDGE_CURVE('',#11817,#11808,#11819,.T.);
#11817 = VERTEX_POINT('',#11818);
#11818 = CARTESIAN_POINT('',(11.87500075,0.606177852711,4.234756116545)
  );
#11819 = LINE('',#11820,#11821);
#11820 = CARTESIAN_POINT('',(11.87500075,0.606177852711,4.234756116545)
  );
#11821 = VECTOR('',#11822,1.);
#11822 = DIRECTION('',(-3.315957318415E-17,-0.27076846326,0.962644503077
    ));
#11823 = ORIENTED_EDGE('',*,*,#11824,.F.);
#11824 = EDGE_CURVE('',#11825,#11817,#11827,.T.);
#11825 = VERTEX_POINT('',#11826);
#11826 = CARTESIAN_POINT('',(11.87500075,0.602996800241,4.199322669419)
  );
#11827 = CIRCLE('',#11828,5.E-02);
#11828 = AXIS2_PLACEMENT_3D('',#11829,#11830,#11831);
#11829 = CARTESIAN_POINT('',(11.87500075,0.558045627557,4.221217693382)
  );
#11830 = DIRECTION('',(1.,-1.224646799147E-16,6.162975822039E-33));
#11831 = DIRECTION('',(1.100986194907E-16,0.89902345368,-0.437900479257)
  );
#11832 = ORIENTED_EDGE('',*,*,#11833,.F.);
#11833 = EDGE_CURVE('',#11834,#11825,#11836,.T.);
#11834 = VERTEX_POINT('',#11835);
#11835 = CARTESIAN_POINT('',(11.87500075,0.448052765254,3.881217693382)
  );
#11836 = LINE('',#11837,#11838);
#11837 = CARTESIAN_POINT('',(11.87500075,0.448052765254,3.881217693382)
  );
#11838 = VECTOR('',#11839,1.);
#11839 = DIRECTION('',(5.362734202678E-17,0.437900479257,0.89902345368)
  );
#11840 = ORIENTED_EDGE('',*,*,#11841,.F.);
#11841 = EDGE_CURVE('',#11842,#11834,#11844,.T.);
#11842 = VERTEX_POINT('',#11843);
#11843 = CARTESIAN_POINT('',(11.87500075,0.448052765254,2.581217693382)
  );
#11844 = LINE('',#11845,#11846);
#11845 = CARTESIAN_POINT('',(11.87500075,0.448052765254,2.581217693382)
  );
#11846 = VECTOR('',#11847,1.);
#11847 = DIRECTION('',(-1.499759782662E-32,-1.224646799147E-16,1.));
#11848 = ORIENTED_EDGE('',*,*,#11849,.F.);
#11849 = EDGE_CURVE('',#11850,#11842,#11852,.T.);
#11850 = VERTEX_POINT('',#11851);
#11851 = CARTESIAN_POINT('',(11.87500075,1.378052765254,2.581217693382)
  );
#11852 = LINE('',#11853,#11854);
#11853 = CARTESIAN_POINT('',(11.87500075,1.378052765254,2.581217693382)
  );
#11854 = VECTOR('',#11855,1.);
#11855 = DIRECTION('',(-1.224646799147E-16,-1.,-1.224646799147E-16));
#11856 = ORIENTED_EDGE('',*,*,#11857,.F.);
#11857 = EDGE_CURVE('',#5999,#11850,#11858,.T.);
#11858 = LINE('',#11859,#11860);
#11859 = CARTESIAN_POINT('',(11.87500075,1.378052765254,2.471217693382)
  );
#11860 = VECTOR('',#11861,1.);
#11861 = DIRECTION('',(-1.499759782662E-32,-1.224646799147E-16,1.));
#11862 = ORIENTED_EDGE('',*,*,#5998,.F.);
#11863 = ORIENTED_EDGE('',*,*,#6268,.F.);
#11864 = ORIENTED_EDGE('',*,*,#4838,.T.);
#11865 = PLANE('',#11866);
#11866 = AXIS2_PLACEMENT_3D('',#11867,#11868,#11869);
#11867 = CARTESIAN_POINT('',(11.87500075,2.513052765254,4.741217693382)
  );
#11868 = DIRECTION('',(1.,-1.224646799147E-16,0.));
#11869 = DIRECTION('',(1.499759782662E-32,1.224646799147E-16,-1.));
#11870 = ADVANCED_FACE('',(#11871),#11897,.F.);
#11871 = FACE_BOUND('',#11872,.T.);
#11872 = EDGE_LOOP('',(#11873,#11881,#11890,#11896));
#11873 = ORIENTED_EDGE('',*,*,#11874,.F.);
#11874 = EDGE_CURVE('',#11875,#1276,#11877,.T.);
#11875 = VERTEX_POINT('',#11876);
#11876 = CARTESIAN_POINT('',(11.87500075,1.429913402403,4.467679270219)
  );
#11877 = LINE('',#11878,#11879);
#11878 = CARTESIAN_POINT('',(11.87500075,1.429913402403,4.467679270219)
  );
#11879 = VECTOR('',#11880,1.);
#11880 = DIRECTION('',(3.315957318415E-17,0.27076846326,-0.962644503077)
  );
#11881 = ORIENTED_EDGE('',*,*,#11882,.F.);
#11882 = EDGE_CURVE('',#11883,#11875,#11885,.T.);
#11883 = VERTEX_POINT('',#11884);
#11884 = CARTESIAN_POINT('',(11.87500075,1.433094454873,4.503112717345)
  );
#11885 = CIRCLE('',#11886,5.E-02);
#11886 = AXIS2_PLACEMENT_3D('',#11887,#11888,#11889);
#11887 = CARTESIAN_POINT('',(11.87500075,1.478045627557,4.481217693382)
  );
#11888 = DIRECTION('',(1.,-1.224646799147E-16,6.162975822039E-33));
#11889 = DIRECTION('',(-1.100986194907E-16,-0.89902345368,0.437900479257
    ));
#11890 = ORIENTED_EDGE('',*,*,#11891,.F.);
#11891 = EDGE_CURVE('',#1258,#11883,#11892,.T.);
#11892 = LINE('',#11893,#11894);
#11893 = CARTESIAN_POINT('',(11.87500075,1.648052765254,4.944428887914)
  );
#11894 = VECTOR('',#11895,1.);
#11895 = DIRECTION('',(-5.362734202678E-17,-0.437900479257,
    -0.89902345368));
#11896 = ORIENTED_EDGE('',*,*,#1283,.F.);
#11897 = PLANE('',#11898);
#11898 = AXIS2_PLACEMENT_3D('',#11899,#11900,#11901);
#11899 = CARTESIAN_POINT('',(11.87500075,2.513052765254,4.741217693382)
  );
#11900 = DIRECTION('',(1.,-1.224646799147E-16,0.));
#11901 = DIRECTION('',(1.499759782662E-32,1.224646799147E-16,-1.));
#11902 = ADVANCED_FACE('',(#11903),#11921,.T.);
#11903 = FACE_BOUND('',#11904,.T.);
#11904 = EDGE_LOOP('',(#11905,#11913,#11919,#11920));
#11905 = ORIENTED_EDGE('',*,*,#11906,.T.);
#11906 = EDGE_CURVE('',#11786,#11907,#11909,.T.);
#11907 = VERTEX_POINT('',#11908);
#11908 = CARTESIAN_POINT('',(12.12500075,-0.231947234746,-3.028782306618
    ));
#11909 = LINE('',#11910,#11911);
#11910 = CARTESIAN_POINT('',(11.87500075,-0.231947234746,-3.028782306618
    ));
#11911 = VECTOR('',#11912,1.);
#11912 = DIRECTION('',(1.,-1.224646799147E-16,0.));
#11913 = ORIENTED_EDGE('',*,*,#11914,.F.);
#11914 = EDGE_CURVE('',#565,#11907,#11915,.T.);
#11915 = LINE('',#11916,#11917);
#11916 = CARTESIAN_POINT('',(12.12500075,-0.251947234746,
    -2.878230661791E-02));
#11917 = VECTOR('',#11918,1.);
#11918 = DIRECTION('',(8.164130571207E-19,6.666518523456E-03,
    -0.999977778518));
#11919 = ORIENTED_EDGE('',*,*,#562,.F.);
#11920 = ORIENTED_EDGE('',*,*,#11793,.T.);
#11921 = PLANE('',#11922);
#11922 = AXIS2_PLACEMENT_3D('',#11923,#11924,#11925);
#11923 = CARTESIAN_POINT('',(11.87500075,-0.251947234746,
    -2.878230661791E-02));
#11924 = DIRECTION('',(-1.224619585681E-16,-0.999977778518,
    -6.666518523457E-03));
#11925 = DIRECTION('',(1.,-1.224646799147E-16,0.));
#11926 = ADVANCED_FACE('',(#11927),#11961,.T.);
#11927 = FACE_BOUND('',#11928,.T.);
#11928 = EDGE_LOOP('',(#11929,#11937,#11945,#11953,#11959,#11960));
#11929 = ORIENTED_EDGE('',*,*,#11930,.T.);
#11930 = EDGE_CURVE('',#11907,#11931,#11933,.T.);
#11931 = VERTEX_POINT('',#11932);
#11932 = CARTESIAN_POINT('',(12.12500075,-8.194723474571E-02,
    -3.428782306618));
#11933 = LINE('',#11934,#11935);
#11934 = CARTESIAN_POINT('',(12.12500075,-0.231947234746,-3.028782306618
    ));
#11935 = VECTOR('',#11936,1.);
#11936 = DIRECTION('',(4.300021988469E-17,0.351123441588,-0.936329177569
    ));
#11937 = ORIENTED_EDGE('',*,*,#11938,.T.);
#11938 = EDGE_CURVE('',#11931,#11939,#11941,.T.);
#11939 = VERTEX_POINT('',#11940);
#11940 = CARTESIAN_POINT('',(12.12500075,6.805276525429E-02,
    -3.428782306618));
#11941 = LINE('',#11942,#11943);
#11942 = CARTESIAN_POINT('',(12.12500075,-8.194723474571E-02,
    -3.428782306618));
#11943 = VECTOR('',#11944,1.);
#11944 = DIRECTION('',(1.224646799147E-16,1.,1.224646799147E-16));
#11945 = ORIENTED_EDGE('',*,*,#11946,.T.);
#11946 = EDGE_CURVE('',#11939,#11947,#11949,.T.);
#11947 = VERTEX_POINT('',#11948);
#11948 = CARTESIAN_POINT('',(12.12500075,0.218052765254,-3.128782306618)
  );
#11949 = LINE('',#11950,#11951);
#11950 = CARTESIAN_POINT('',(12.12500075,6.805276525429E-02,
    -3.428782306618));
#11951 = VECTOR('',#11952,1.);
#11952 = DIRECTION('',(5.476786982643E-17,0.4472135955,0.894427191));
#11953 = ORIENTED_EDGE('',*,*,#11954,.T.);
#11954 = EDGE_CURVE('',#11947,#573,#11955,.T.);
#11955 = LINE('',#11956,#11957);
#11956 = CARTESIAN_POINT('',(12.12500075,0.218052765254,-3.128782306618)
  );
#11957 = VECTOR('',#11958,1.);
#11958 = DIRECTION('',(-1.499759782662E-32,-1.224646799147E-16,1.));
#11959 = ORIENTED_EDGE('',*,*,#572,.F.);
#11960 = ORIENTED_EDGE('',*,*,#11914,.T.);
#11961 = PLANE('',#11962);
#11962 = AXIS2_PLACEMENT_3D('',#11963,#11964,#11965);
#11963 = CARTESIAN_POINT('',(12.12500075,2.513052765254,4.741217693382)
  );
#11964 = DIRECTION('',(1.,-1.224646799147E-16,0.));
#11965 = DIRECTION('',(1.499759782662E-32,1.224646799147E-16,-1.));
#11966 = ADVANCED_FACE('',(#11967),#12028,.T.);
#11967 = FACE_BOUND('',#11968,.T.);
#11968 = EDGE_LOOP('',(#11969,#11970,#11971,#11979,#11987,#11995,#12003,
    #12012,#12020,#12027));
#11969 = ORIENTED_EDGE('',*,*,#6290,.T.);
#11970 = ORIENTED_EDGE('',*,*,#6014,.T.);
#11971 = ORIENTED_EDGE('',*,*,#11972,.T.);
#11972 = EDGE_CURVE('',#6007,#11973,#11975,.T.);
#11973 = VERTEX_POINT('',#11974);
#11974 = CARTESIAN_POINT('',(12.12500075,1.378052765254,2.581217693382)
  );
#11975 = LINE('',#11976,#11977);
#11976 = CARTESIAN_POINT('',(12.12500075,1.378052765254,2.471217693382)
  );
#11977 = VECTOR('',#11978,1.);
#11978 = DIRECTION('',(-1.499759782662E-32,-1.224646799147E-16,1.));
#11979 = ORIENTED_EDGE('',*,*,#11980,.T.);
#11980 = EDGE_CURVE('',#11973,#11981,#11983,.T.);
#11981 = VERTEX_POINT('',#11982);
#11982 = CARTESIAN_POINT('',(12.12500075,0.448052765254,2.581217693382)
  );
#11983 = LINE('',#11984,#11985);
#11984 = CARTESIAN_POINT('',(12.12500075,1.378052765254,2.581217693382)
  );
#11985 = VECTOR('',#11986,1.);
#11986 = DIRECTION('',(-1.224646799147E-16,-1.,-1.224646799147E-16));
#11987 = ORIENTED_EDGE('',*,*,#11988,.T.);
#11988 = EDGE_CURVE('',#11981,#11989,#11991,.T.);
#11989 = VERTEX_POINT('',#11990);
#11990 = CARTESIAN_POINT('',(12.12500075,0.448052765254,3.881217693382)
  );
#11991 = LINE('',#11992,#11993);
#11992 = CARTESIAN_POINT('',(12.12500075,0.448052765254,2.581217693382)
  );
#11993 = VECTOR('',#11994,1.);
#11994 = DIRECTION('',(-1.499759782662E-32,-1.224646799147E-16,1.));
#11995 = ORIENTED_EDGE('',*,*,#11996,.T.);
#11996 = EDGE_CURVE('',#11989,#11997,#11999,.T.);
#11997 = VERTEX_POINT('',#11998);
#11998 = CARTESIAN_POINT('',(12.12500075,0.602996800241,4.199322669419)
  );
#11999 = LINE('',#12000,#12001);
#12000 = CARTESIAN_POINT('',(12.12500075,0.448052765254,3.881217693382)
  );
#12001 = VECTOR('',#12002,1.);
#12002 = DIRECTION('',(5.362734202678E-17,0.437900479257,0.89902345368)
  );
#12003 = ORIENTED_EDGE('',*,*,#12004,.T.);
#12004 = EDGE_CURVE('',#11997,#12005,#12007,.T.);
#12005 = VERTEX_POINT('',#12006);
#12006 = CARTESIAN_POINT('',(12.12500075,0.606177852711,4.234756116545)
  );
#12007 = CIRCLE('',#12008,5.E-02);
#12008 = AXIS2_PLACEMENT_3D('',#12009,#12010,#12011);
#12009 = CARTESIAN_POINT('',(12.12500075,0.558045627557,4.221217693382)
  );
#12010 = DIRECTION('',(1.,-1.224646799147E-16,6.162975822039E-33));
#12011 = DIRECTION('',(1.100986194907E-16,0.89902345368,-0.437900479257)
  );
#12012 = ORIENTED_EDGE('',*,*,#12013,.T.);
#12013 = EDGE_CURVE('',#12005,#12014,#12016,.T.);
#12014 = VERTEX_POINT('',#12015);
#12015 = CARTESIAN_POINT('',(12.12500075,0.398856079879,4.971832962871)
  );
#12016 = LINE('',#12017,#12018);
#12017 = CARTESIAN_POINT('',(12.12500075,0.606177852711,4.234756116545)
  );
#12018 = VECTOR('',#12019,1.);
#12019 = DIRECTION('',(-3.315957318415E-17,-0.27076846326,0.962644503077
    ));
#12020 = ORIENTED_EDGE('',*,*,#12021,.T.);
#12021 = EDGE_CURVE('',#12014,#4823,#12022,.T.);
#12022 = CIRCLE('',#12023,0.15);
#12023 = AXIS2_PLACEMENT_3D('',#12024,#12025,#12026);
#12024 = CARTESIAN_POINT('',(12.12500075,0.254459404418,4.931217693382)
  );
#12025 = DIRECTION('',(1.,-1.224646799147E-16,0.));
#12026 = DIRECTION('',(1.17889950941E-16,0.962644503077,0.27076846326));
#12027 = ORIENTED_EDGE('',*,*,#4822,.F.);
#12028 = PLANE('',#12029);
#12029 = AXIS2_PLACEMENT_3D('',#12030,#12031,#12032);
#12030 = CARTESIAN_POINT('',(12.12500075,2.513052765254,4.741217693382)
  );
#12031 = DIRECTION('',(1.,-1.224646799147E-16,0.));
#12032 = DIRECTION('',(1.499759782662E-32,1.224646799147E-16,-1.));
#12033 = ADVANCED_FACE('',(#12034),#12060,.T.);
#12034 = FACE_BOUND('',#12035,.T.);
#12035 = EDGE_LOOP('',(#12036,#12044,#12053,#12059));
#12036 = ORIENTED_EDGE('',*,*,#12037,.T.);
#12037 = EDGE_CURVE('',#1260,#12038,#12040,.T.);
#12038 = VERTEX_POINT('',#12039);
#12039 = CARTESIAN_POINT('',(12.12500075,1.433094454873,4.503112717345)
  );
#12040 = LINE('',#12041,#12042);
#12041 = CARTESIAN_POINT('',(12.12500075,1.648052765254,4.944428887914)
  );
#12042 = VECTOR('',#12043,1.);
#12043 = DIRECTION('',(-5.362734202678E-17,-0.437900479257,
    -0.89902345368));
#12044 = ORIENTED_EDGE('',*,*,#12045,.T.);
#12045 = EDGE_CURVE('',#12038,#12046,#12048,.T.);
#12046 = VERTEX_POINT('',#12047);
#12047 = CARTESIAN_POINT('',(12.12500075,1.429913402403,4.467679270219)
  );
#12048 = CIRCLE('',#12049,5.E-02);
#12049 = AXIS2_PLACEMENT_3D('',#12050,#12051,#12052);
#12050 = CARTESIAN_POINT('',(12.12500075,1.478045627557,4.481217693382)
  );
#12051 = DIRECTION('',(1.,-1.224646799147E-16,6.162975822039E-33));
#12052 = DIRECTION('',(-1.100986194907E-16,-0.89902345368,0.437900479257
    ));
#12053 = ORIENTED_EDGE('',*,*,#12054,.T.);
#12054 = EDGE_CURVE('',#12046,#1268,#12055,.T.);
#12055 = LINE('',#12056,#12057);
#12056 = CARTESIAN_POINT('',(12.12500075,1.429913402403,4.467679270219)
  );
#12057 = VECTOR('',#12058,1.);
#12058 = DIRECTION('',(3.315957318415E-17,0.27076846326,-0.962644503077)
  );
#12059 = ORIENTED_EDGE('',*,*,#1267,.T.);
#12060 = PLANE('',#12061);
#12061 = AXIS2_PLACEMENT_3D('',#12062,#12063,#12064);
#12062 = CARTESIAN_POINT('',(12.12500075,2.513052765254,4.741217693382)
  );
#12063 = DIRECTION('',(1.,-1.224646799147E-16,0.));
#12064 = DIRECTION('',(1.499759782662E-32,1.224646799147E-16,-1.));
#12065 = ADVANCED_FACE('',(#12066),#12077,.T.);
#12066 = FACE_BOUND('',#12067,.T.);
#12067 = EDGE_LOOP('',(#12068,#12069,#12075,#12076));
#12068 = ORIENTED_EDGE('',*,*,#11954,.F.);
#12069 = ORIENTED_EDGE('',*,*,#12070,.F.);
#12070 = EDGE_CURVE('',#11762,#11947,#12071,.T.);
#12071 = LINE('',#12072,#12073);
#12072 = CARTESIAN_POINT('',(11.87500075,0.218052765254,-3.128782306618)
  );
#12073 = VECTOR('',#12074,1.);
#12074 = DIRECTION('',(1.,-1.224646799147E-16,0.));
#12075 = ORIENTED_EDGE('',*,*,#11761,.T.);
#12076 = ORIENTED_EDGE('',*,*,#580,.T.);
#12077 = PLANE('',#12078);
#12078 = AXIS2_PLACEMENT_3D('',#12079,#12080,#12081);
#12079 = CARTESIAN_POINT('',(11.87500075,0.218052765254,-3.128782306618)
  );
#12080 = DIRECTION('',(1.224646799147E-16,1.,1.224646799147E-16));
#12081 = DIRECTION('',(-1.,1.224646799147E-16,0.));
#12082 = ADVANCED_FACE('',(#12083),#12094,.T.);
#12083 = FACE_BOUND('',#12084,.T.);
#12084 = EDGE_LOOP('',(#12085,#12086,#12087,#12093));
#12085 = ORIENTED_EDGE('',*,*,#12070,.T.);
#12086 = ORIENTED_EDGE('',*,*,#11946,.F.);
#12087 = ORIENTED_EDGE('',*,*,#12088,.F.);
#12088 = EDGE_CURVE('',#11770,#11939,#12089,.T.);
#12089 = LINE('',#12090,#12091);
#12090 = CARTESIAN_POINT('',(11.87500075,6.805276525429E-02,
    -3.428782306618));
#12091 = VECTOR('',#12092,1.);
#12092 = DIRECTION('',(1.,-1.224646799147E-16,0.));
#12093 = ORIENTED_EDGE('',*,*,#11769,.T.);
#12094 = PLANE('',#12095);
#12095 = AXIS2_PLACEMENT_3D('',#12096,#12097,#12098);
#12096 = CARTESIAN_POINT('',(11.87500075,6.805276525429E-02,
    -3.428782306618));
#12097 = DIRECTION('',(1.095357396528E-16,0.894427191,-0.4472135955));
#12098 = DIRECTION('',(-1.,1.224646799147E-16,0.));
#12099 = ADVANCED_FACE('',(#12100),#12111,.T.);
#12100 = FACE_BOUND('',#12101,.T.);
#12101 = EDGE_LOOP('',(#12102,#12103,#12104,#12110));
#12102 = ORIENTED_EDGE('',*,*,#12088,.T.);
#12103 = ORIENTED_EDGE('',*,*,#11938,.F.);
#12104 = ORIENTED_EDGE('',*,*,#12105,.F.);
#12105 = EDGE_CURVE('',#11778,#11931,#12106,.T.);
#12106 = LINE('',#12107,#12108);
#12107 = CARTESIAN_POINT('',(11.87500075,-8.194723474571E-02,
    -3.428782306618));
#12108 = VECTOR('',#12109,1.);
#12109 = DIRECTION('',(1.,-1.224646799147E-16,0.));
#12110 = ORIENTED_EDGE('',*,*,#11777,.T.);
#12111 = PLANE('',#12112);
#12112 = AXIS2_PLACEMENT_3D('',#12113,#12114,#12115);
#12113 = CARTESIAN_POINT('',(11.87500075,-8.194723474571E-02,
    -3.428782306618));
#12114 = DIRECTION('',(1.499759782662E-32,1.224646799147E-16,-1.));
#12115 = DIRECTION('',(-1.,1.224646799147E-16,0.));
#12116 = ADVANCED_FACE('',(#12117),#12123,.T.);
#12117 = FACE_BOUND('',#12118,.T.);
#12118 = EDGE_LOOP('',(#12119,#12120,#12121,#12122));
#12119 = ORIENTED_EDGE('',*,*,#12105,.T.);
#12120 = ORIENTED_EDGE('',*,*,#11930,.F.);
#12121 = ORIENTED_EDGE('',*,*,#11906,.F.);
#12122 = ORIENTED_EDGE('',*,*,#11785,.T.);
#12123 = PLANE('',#12124);
#12124 = AXIS2_PLACEMENT_3D('',#12125,#12126,#12127);
#12125 = CARTESIAN_POINT('',(11.87500075,-0.231947234746,-3.028782306618
    ));
#12126 = DIRECTION('',(-1.146672530258E-16,-0.936329177569,
    -0.351123441588));
#12127 = DIRECTION('',(1.,-1.224646799147E-16,0.));
#12128 = ADVANCED_FACE('',(#12129),#12140,.T.);
#12129 = FACE_BOUND('',#12130,.T.);
#12130 = EDGE_LOOP('',(#12131,#12132,#12138,#12139));
#12131 = ORIENTED_EDGE('',*,*,#12021,.F.);
#12132 = ORIENTED_EDGE('',*,*,#12133,.F.);
#12133 = EDGE_CURVE('',#11808,#12014,#12134,.T.);
#12134 = LINE('',#12135,#12136);
#12135 = CARTESIAN_POINT('',(11.87500075,0.398856079879,4.971832962871)
  );
#12136 = VECTOR('',#12137,1.);
#12137 = DIRECTION('',(1.,-1.224646799147E-16,0.));
#12138 = ORIENTED_EDGE('',*,*,#11807,.T.);
#12139 = ORIENTED_EDGE('',*,*,#4830,.T.);
#12140 = CYLINDRICAL_SURFACE('',#12141,0.15);
#12141 = AXIS2_PLACEMENT_3D('',#12142,#12143,#12144);
#12142 = CARTESIAN_POINT('',(11.87500075,0.254459404418,4.931217693382)
  );
#12143 = DIRECTION('',(-1.,1.224646799147E-16,0.));
#12144 = DIRECTION('',(1.499759782662E-32,1.224646799147E-16,-1.));
#12145 = ADVANCED_FACE('',(#12146),#12157,.T.);
#12146 = FACE_BOUND('',#12147,.T.);
#12147 = EDGE_LOOP('',(#12148,#12149,#12150,#12156));
#12148 = ORIENTED_EDGE('',*,*,#12133,.T.);
#12149 = ORIENTED_EDGE('',*,*,#12013,.F.);
#12150 = ORIENTED_EDGE('',*,*,#12151,.F.);
#12151 = EDGE_CURVE('',#11817,#12005,#12152,.T.);
#12152 = LINE('',#12153,#12154);
#12153 = CARTESIAN_POINT('',(11.87500075,0.606177852711,4.234756116545)
  );
#12154 = VECTOR('',#12155,1.);
#12155 = DIRECTION('',(1.,-1.224646799147E-16,0.));
#12156 = ORIENTED_EDGE('',*,*,#11816,.T.);
#12157 = PLANE('',#12158);
#12158 = AXIS2_PLACEMENT_3D('',#12159,#12160,#12161);
#12159 = CARTESIAN_POINT('',(11.87500075,0.606177852711,4.234756116545)
  );
#12160 = DIRECTION('',(1.17889950941E-16,0.962644503077,0.27076846326));
#12161 = DIRECTION('',(1.,-1.224646799147E-16,0.));
#12162 = ADVANCED_FACE('',(#12163),#12174,.T.);
#12163 = FACE_BOUND('',#12164,.T.);
#12164 = EDGE_LOOP('',(#12165,#12166,#12167,#12173));
#12165 = ORIENTED_EDGE('',*,*,#12151,.T.);
#12166 = ORIENTED_EDGE('',*,*,#12004,.F.);
#12167 = ORIENTED_EDGE('',*,*,#12168,.F.);
#12168 = EDGE_CURVE('',#11825,#11997,#12169,.T.);
#12169 = LINE('',#12170,#12171);
#12170 = CARTESIAN_POINT('',(11.87500075,0.602996800241,4.199322669419)
  );
#12171 = VECTOR('',#12172,1.);
#12172 = DIRECTION('',(1.,-1.224646799147E-16,0.));
#12173 = ORIENTED_EDGE('',*,*,#11824,.T.);
#12174 = CYLINDRICAL_SURFACE('',#12175,5.E-02);
#12175 = AXIS2_PLACEMENT_3D('',#12176,#12177,#12178);
#12176 = CARTESIAN_POINT('',(11.87500075,0.558045627557,4.221217693382)
  );
#12177 = DIRECTION('',(-1.,1.224646799147E-16,0.));
#12178 = DIRECTION('',(1.499759782662E-32,1.224646799147E-16,-1.));
#12179 = ADVANCED_FACE('',(#12180),#12191,.T.);
#12180 = FACE_BOUND('',#12181,.T.);
#12181 = EDGE_LOOP('',(#12182,#12183,#12184,#12190));
#12182 = ORIENTED_EDGE('',*,*,#12168,.T.);
#12183 = ORIENTED_EDGE('',*,*,#11996,.F.);
#12184 = ORIENTED_EDGE('',*,*,#12185,.F.);
#12185 = EDGE_CURVE('',#11834,#11989,#12186,.T.);
#12186 = LINE('',#12187,#12188);
#12187 = CARTESIAN_POINT('',(11.87500075,0.448052765254,3.881217693382)
  );
#12188 = VECTOR('',#12189,1.);
#12189 = DIRECTION('',(1.,-1.224646799147E-16,0.));
#12190 = ORIENTED_EDGE('',*,*,#11833,.T.);
#12191 = PLANE('',#12192);
#12192 = AXIS2_PLACEMENT_3D('',#12193,#12194,#12195);
#12193 = CARTESIAN_POINT('',(11.87500075,0.448052765254,3.881217693382)
  );
#12194 = DIRECTION('',(1.100986194907E-16,0.89902345368,-0.437900479257)
  );
#12195 = DIRECTION('',(-1.,1.224646799147E-16,0.));
#12196 = ADVANCED_FACE('',(#12197),#12208,.T.);
#12197 = FACE_BOUND('',#12198,.T.);
#12198 = EDGE_LOOP('',(#12199,#12200,#12201,#12207));
#12199 = ORIENTED_EDGE('',*,*,#12185,.T.);
#12200 = ORIENTED_EDGE('',*,*,#11988,.F.);
#12201 = ORIENTED_EDGE('',*,*,#12202,.F.);
#12202 = EDGE_CURVE('',#11842,#11981,#12203,.T.);
#12203 = LINE('',#12204,#12205);
#12204 = CARTESIAN_POINT('',(11.87500075,0.448052765254,2.581217693382)
  );
#12205 = VECTOR('',#12206,1.);
#12206 = DIRECTION('',(1.,-1.224646799147E-16,0.));
#12207 = ORIENTED_EDGE('',*,*,#11841,.T.);
#12208 = PLANE('',#12209);
#12209 = AXIS2_PLACEMENT_3D('',#12210,#12211,#12212);
#12210 = CARTESIAN_POINT('',(11.87500075,0.448052765254,2.581217693382)
  );
#12211 = DIRECTION('',(1.224646799147E-16,1.,1.224646799147E-16));
#12212 = DIRECTION('',(-1.,1.224646799147E-16,0.));
#12213 = ADVANCED_FACE('',(#12214),#12225,.T.);
#12214 = FACE_BOUND('',#12215,.T.);
#12215 = EDGE_LOOP('',(#12216,#12217,#12218,#12224));
#12216 = ORIENTED_EDGE('',*,*,#12202,.T.);
#12217 = ORIENTED_EDGE('',*,*,#11980,.F.);
#12218 = ORIENTED_EDGE('',*,*,#12219,.F.);
#12219 = EDGE_CURVE('',#11850,#11973,#12220,.T.);
#12220 = LINE('',#12221,#12222);
#12221 = CARTESIAN_POINT('',(11.87500075,1.378052765254,2.581217693382)
  );
#12222 = VECTOR('',#12223,1.);
#12223 = DIRECTION('',(1.,-1.224646799147E-16,0.));
#12224 = ORIENTED_EDGE('',*,*,#11849,.T.);
#12225 = PLANE('',#12226);
#12226 = AXIS2_PLACEMENT_3D('',#12227,#12228,#12229);
#12227 = CARTESIAN_POINT('',(11.87500075,1.378052765254,2.581217693382)
  );
#12228 = DIRECTION('',(-1.499759782662E-32,-1.224646799147E-16,1.));
#12229 = DIRECTION('',(-1.224646799147E-16,-1.,-1.224646799147E-16));
#12230 = ADVANCED_FACE('',(#12231),#12237,.T.);
#12231 = FACE_BOUND('',#12232,.T.);
#12232 = EDGE_LOOP('',(#12233,#12234,#12235,#12236));
#12233 = ORIENTED_EDGE('',*,*,#11857,.T.);
#12234 = ORIENTED_EDGE('',*,*,#12219,.T.);
#12235 = ORIENTED_EDGE('',*,*,#11972,.F.);
#12236 = ORIENTED_EDGE('',*,*,#6006,.F.);
#12237 = PLANE('',#12238);
#12238 = AXIS2_PLACEMENT_3D('',#12239,#12240,#12241);
#12239 = CARTESIAN_POINT('',(11.87500075,1.378052765254,2.001217693382)
  );
#12240 = DIRECTION('',(1.224646799147E-16,1.,1.224646799147E-16));
#12241 = DIRECTION('',(-1.,1.224646799147E-16,0.));
#12242 = ADVANCED_FACE('',(#12243),#12254,.T.);
#12243 = FACE_BOUND('',#12244,.T.);
#12244 = EDGE_LOOP('',(#12245,#12246,#12252,#12253));
#12245 = ORIENTED_EDGE('',*,*,#12054,.F.);
#12246 = ORIENTED_EDGE('',*,*,#12247,.F.);
#12247 = EDGE_CURVE('',#11875,#12046,#12248,.T.);
#12248 = LINE('',#12249,#12250);
#12249 = CARTESIAN_POINT('',(11.87500075,1.429913402403,4.467679270219)
  );
#12250 = VECTOR('',#12251,1.);
#12251 = DIRECTION('',(1.,-1.224646799147E-16,0.));
#12252 = ORIENTED_EDGE('',*,*,#11874,.T.);
#12253 = ORIENTED_EDGE('',*,*,#1275,.T.);
#12254 = PLANE('',#12255);
#12255 = AXIS2_PLACEMENT_3D('',#12256,#12257,#12258);
#12256 = CARTESIAN_POINT('',(11.87500075,1.429913402403,4.467679270219)
  );
#12257 = DIRECTION('',(-1.17889950941E-16,-0.962644503077,-0.27076846326
    ));
#12258 = DIRECTION('',(1.,-1.224646799147E-16,0.));
#12259 = ADVANCED_FACE('',(#12260),#12271,.T.);
#12260 = FACE_BOUND('',#12261,.T.);
#12261 = EDGE_LOOP('',(#12262,#12263,#12264,#12270));
#12262 = ORIENTED_EDGE('',*,*,#12247,.T.);
#12263 = ORIENTED_EDGE('',*,*,#12045,.F.);
#12264 = ORIENTED_EDGE('',*,*,#12265,.F.);
#12265 = EDGE_CURVE('',#11883,#12038,#12266,.T.);
#12266 = LINE('',#12267,#12268);
#12267 = CARTESIAN_POINT('',(11.87500075,1.433094454873,4.503112717345)
  );
#12268 = VECTOR('',#12269,1.);
#12269 = DIRECTION('',(1.,-1.224646799147E-16,0.));
#12270 = ORIENTED_EDGE('',*,*,#11882,.T.);
#12271 = CYLINDRICAL_SURFACE('',#12272,5.E-02);
#12272 = AXIS2_PLACEMENT_3D('',#12273,#12274,#12275);
#12273 = CARTESIAN_POINT('',(11.87500075,1.478045627557,4.481217693382)
  );
#12274 = DIRECTION('',(-1.,1.224646799147E-16,0.));
#12275 = DIRECTION('',(1.499759782662E-32,1.224646799147E-16,-1.));
#12276 = ADVANCED_FACE('',(#12277),#12283,.T.);
#12277 = FACE_BOUND('',#12278,.T.);
#12278 = EDGE_LOOP('',(#12279,#12280,#12281,#12282));
#12279 = ORIENTED_EDGE('',*,*,#11891,.T.);
#12280 = ORIENTED_EDGE('',*,*,#12265,.T.);
#12281 = ORIENTED_EDGE('',*,*,#12037,.F.);
#12282 = ORIENTED_EDGE('',*,*,#1257,.F.);
#12283 = PLANE('',#12284);
#12284 = AXIS2_PLACEMENT_3D('',#12285,#12286,#12287);
#12285 = CARTESIAN_POINT('',(11.87500075,1.687301483822,5.025007741308)
  );
#12286 = DIRECTION('',(-1.100986194907E-16,-0.89902345368,0.437900479257
    ));
#12287 = DIRECTION('',(5.362734202678E-17,0.437900479257,0.89902345368)
  );
#12288 = ADVANCED_FACE('',(#12289),#12330,.F.);
#12289 = FACE_BOUND('',#12290,.T.);
#12290 = EDGE_LOOP('',(#12291,#12299,#12307,#12315,#12323,#12329));
#12291 = ORIENTED_EDGE('',*,*,#12292,.F.);
#12292 = EDGE_CURVE('',#12293,#785,#12295,.T.);
#12293 = VERTEX_POINT('',#12294);
#12294 = CARTESIAN_POINT('',(13.37500075,2.248052765254,-3.128782306618)
  );
#12295 = LINE('',#12296,#12297);
#12296 = CARTESIAN_POINT('',(13.37500075,2.248052765254,-3.128782306618)
  );
#12297 = VECTOR('',#12298,1.);
#12298 = DIRECTION('',(-1.499759782662E-32,-1.224646799147E-16,1.));
#12299 = ORIENTED_EDGE('',*,*,#12300,.F.);
#12300 = EDGE_CURVE('',#12301,#12293,#12303,.T.);
#12301 = VERTEX_POINT('',#12302);
#12302 = CARTESIAN_POINT('',(13.37500075,2.088052765254,-3.428782306618)
  );
#12303 = LINE('',#12304,#12305);
#12304 = CARTESIAN_POINT('',(13.37500075,2.088052765254,-3.428782306618)
  );
#12305 = VECTOR('',#12306,1.);
#12306 = DIRECTION('',(5.763043760693E-17,0.470588235294,0.882352941176)
  );
#12307 = ORIENTED_EDGE('',*,*,#12308,.F.);
#12308 = EDGE_CURVE('',#12309,#12301,#12311,.T.);
#12309 = VERTEX_POINT('',#12310);
#12310 = CARTESIAN_POINT('',(13.37500075,1.898052765254,-3.428782306618)
  );
#12311 = LINE('',#12312,#12313);
#12312 = CARTESIAN_POINT('',(13.37500075,1.898052765254,-3.428782306618)
  );
#12313 = VECTOR('',#12314,1.);
#12314 = DIRECTION('',(1.224646799147E-16,1.,1.224646799147E-16));
#12315 = ORIENTED_EDGE('',*,*,#12316,.F.);
#12316 = EDGE_CURVE('',#12317,#12309,#12319,.T.);
#12317 = VERTEX_POINT('',#12318);
#12318 = CARTESIAN_POINT('',(13.37500075,1.748052765254,-3.128782306618)
  );
#12319 = LINE('',#12320,#12321);
#12320 = CARTESIAN_POINT('',(13.37500075,1.748052765254,-3.128782306618)
  );
#12321 = VECTOR('',#12322,1.);
#12322 = DIRECTION('',(5.476786982643E-17,0.4472135955,-0.894427191));
#12323 = ORIENTED_EDGE('',*,*,#12324,.F.);
#12324 = EDGE_CURVE('',#767,#12317,#12325,.T.);
#12325 = LINE('',#12326,#12327);
#12326 = CARTESIAN_POINT('',(13.37500075,1.748052765254,
    -2.878230661791E-02));
#12327 = VECTOR('',#12328,1.);
#12328 = DIRECTION('',(1.499759782662E-32,1.224646799147E-16,-1.));
#12329 = ORIENTED_EDGE('',*,*,#792,.T.);
#12330 = PLANE('',#12331);
#12331 = AXIS2_PLACEMENT_3D('',#12332,#12333,#12334);
#12332 = CARTESIAN_POINT('',(13.37500075,2.513052765254,4.741217693382)
  );
#12333 = DIRECTION('',(1.,-1.224646799147E-16,0.));
#12334 = DIRECTION('',(1.499759782662E-32,1.224646799147E-16,-1.));
#12335 = ADVANCED_FACE('',(#12336),#12397,.F.);
#12336 = FACE_BOUND('',#12337,.T.);
#12337 = EDGE_LOOP('',(#12338,#12347,#12355,#12364,#12372,#12380,#12388,
    #12394,#12395,#12396));
#12338 = ORIENTED_EDGE('',*,*,#12339,.F.);
#12339 = EDGE_CURVE('',#12340,#4799,#12342,.T.);
#12340 = VERTEX_POINT('',#12341);
#12341 = CARTESIAN_POINT('',(13.37500075,0.398856079879,4.971832962871)
  );
#12342 = CIRCLE('',#12343,0.15);
#12343 = AXIS2_PLACEMENT_3D('',#12344,#12345,#12346);
#12344 = CARTESIAN_POINT('',(13.37500075,0.254459404418,4.931217693382)
  );
#12345 = DIRECTION('',(1.,-1.224646799147E-16,0.));
#12346 = DIRECTION('',(1.17889950941E-16,0.962644503077,0.27076846326));
#12347 = ORIENTED_EDGE('',*,*,#12348,.F.);
#12348 = EDGE_CURVE('',#12349,#12340,#12351,.T.);
#12349 = VERTEX_POINT('',#12350);
#12350 = CARTESIAN_POINT('',(13.37500075,0.606177852711,4.234756116545)
  );
#12351 = LINE('',#12352,#12353);
#12352 = CARTESIAN_POINT('',(13.37500075,0.606177852711,4.234756116545)
  );
#12353 = VECTOR('',#12354,1.);
#12354 = DIRECTION('',(-3.315957318415E-17,-0.27076846326,0.962644503077
    ));
#12355 = ORIENTED_EDGE('',*,*,#12356,.F.);
#12356 = EDGE_CURVE('',#12357,#12349,#12359,.T.);
#12357 = VERTEX_POINT('',#12358);
#12358 = CARTESIAN_POINT('',(13.37500075,0.602996800241,4.199322669419)
  );
#12359 = CIRCLE('',#12360,5.E-02);
#12360 = AXIS2_PLACEMENT_3D('',#12361,#12362,#12363);
#12361 = CARTESIAN_POINT('',(13.37500075,0.558045627557,4.221217693382)
  );
#12362 = DIRECTION('',(1.,-1.224646799147E-16,6.162975822039E-33));
#12363 = DIRECTION('',(1.100986194907E-16,0.89902345368,-0.437900479257)
  );
#12364 = ORIENTED_EDGE('',*,*,#12365,.F.);
#12365 = EDGE_CURVE('',#12366,#12357,#12368,.T.);
#12366 = VERTEX_POINT('',#12367);
#12367 = CARTESIAN_POINT('',(13.37500075,0.448052765254,3.881217693382)
  );
#12368 = LINE('',#12369,#12370);
#12369 = CARTESIAN_POINT('',(13.37500075,0.448052765254,3.881217693382)
  );
#12370 = VECTOR('',#12371,1.);
#12371 = DIRECTION('',(5.362734202678E-17,0.437900479257,0.89902345368)
  );
#12372 = ORIENTED_EDGE('',*,*,#12373,.F.);
#12373 = EDGE_CURVE('',#12374,#12366,#12376,.T.);
#12374 = VERTEX_POINT('',#12375);
#12375 = CARTESIAN_POINT('',(13.37500075,0.448052765254,2.581217693382)
  );
#12376 = LINE('',#12377,#12378);
#12377 = CARTESIAN_POINT('',(13.37500075,0.448052765254,2.581217693382)
  );
#12378 = VECTOR('',#12379,1.);
#12379 = DIRECTION('',(-1.499759782662E-32,-1.224646799147E-16,1.));
#12380 = ORIENTED_EDGE('',*,*,#12381,.F.);
#12381 = EDGE_CURVE('',#12382,#12374,#12384,.T.);
#12382 = VERTEX_POINT('',#12383);
#12383 = CARTESIAN_POINT('',(13.37500075,1.378052765254,2.581217693382)
  );
#12384 = LINE('',#12385,#12386);
#12385 = CARTESIAN_POINT('',(13.37500075,1.378052765254,2.581217693382)
  );
#12386 = VECTOR('',#12387,1.);
#12387 = DIRECTION('',(-1.224646799147E-16,-1.,-1.224646799147E-16));
#12388 = ORIENTED_EDGE('',*,*,#12389,.F.);
#12389 = EDGE_CURVE('',#6031,#12382,#12390,.T.);
#12390 = LINE('',#12391,#12392);
#12391 = CARTESIAN_POINT('',(13.37500075,1.378052765254,2.471217693382)
  );
#12392 = VECTOR('',#12393,1.);
#12393 = DIRECTION('',(-1.499759782662E-32,-1.224646799147E-16,1.));
#12394 = ORIENTED_EDGE('',*,*,#6030,.F.);
#12395 = ORIENTED_EDGE('',*,*,#6297,.F.);
#12396 = ORIENTED_EDGE('',*,*,#4806,.T.);
#12397 = PLANE('',#12398);
#12398 = AXIS2_PLACEMENT_3D('',#12399,#12400,#12401);
#12399 = CARTESIAN_POINT('',(13.37500075,2.513052765254,4.741217693382)
  );
#12400 = DIRECTION('',(1.,-1.224646799147E-16,0.));
#12401 = DIRECTION('',(1.499759782662E-32,1.224646799147E-16,-1.));
#12402 = ADVANCED_FACE('',(#12403),#12429,.F.);
#12403 = FACE_BOUND('',#12404,.T.);
#12404 = EDGE_LOOP('',(#12405,#12413,#12422,#12428));
#12405 = ORIENTED_EDGE('',*,*,#12406,.F.);
#12406 = EDGE_CURVE('',#12407,#1480,#12409,.T.);
#12407 = VERTEX_POINT('',#12408);
#12408 = CARTESIAN_POINT('',(13.37500075,1.429913402403,4.467679270219)
  );
#12409 = LINE('',#12410,#12411);
#12410 = CARTESIAN_POINT('',(13.37500075,1.429913402403,4.467679270219)
  );
#12411 = VECTOR('',#12412,1.);
#12412 = DIRECTION('',(3.315957318415E-17,0.27076846326,-0.962644503077)
  );
#12413 = ORIENTED_EDGE('',*,*,#12414,.F.);
#12414 = EDGE_CURVE('',#12415,#12407,#12417,.T.);
#12415 = VERTEX_POINT('',#12416);
#12416 = CARTESIAN_POINT('',(13.37500075,1.433094454873,4.503112717345)
  );
#12417 = CIRCLE('',#12418,5.E-02);
#12418 = AXIS2_PLACEMENT_3D('',#12419,#12420,#12421);
#12419 = CARTESIAN_POINT('',(13.37500075,1.478045627557,4.481217693382)
  );
#12420 = DIRECTION('',(1.,-1.224646799147E-16,6.162975822039E-33));
#12421 = DIRECTION('',(-1.100986194907E-16,-0.89902345368,0.437900479257
    ));
#12422 = ORIENTED_EDGE('',*,*,#12423,.F.);
#12423 = EDGE_CURVE('',#1462,#12415,#12424,.T.);
#12424 = LINE('',#12425,#12426);
#12425 = CARTESIAN_POINT('',(13.37500075,1.648052765254,4.944428887914)
  );
#12426 = VECTOR('',#12427,1.);
#12427 = DIRECTION('',(-5.362734202678E-17,-0.437900479257,
    -0.89902345368));
#12428 = ORIENTED_EDGE('',*,*,#1487,.F.);
#12429 = PLANE('',#12430);
#12430 = AXIS2_PLACEMENT_3D('',#12431,#12432,#12433);
#12431 = CARTESIAN_POINT('',(13.37500075,2.513052765254,4.741217693382)
  );
#12432 = DIRECTION('',(1.,-1.224646799147E-16,0.));
#12433 = DIRECTION('',(1.499759782662E-32,1.224646799147E-16,-1.));
#12434 = ADVANCED_FACE('',(#12435),#12453,.T.);
#12435 = FACE_BOUND('',#12436,.T.);
#12436 = EDGE_LOOP('',(#12437,#12438,#12446,#12452));
#12437 = ORIENTED_EDGE('',*,*,#12324,.T.);
#12438 = ORIENTED_EDGE('',*,*,#12439,.T.);
#12439 = EDGE_CURVE('',#12317,#12440,#12442,.T.);
#12440 = VERTEX_POINT('',#12441);
#12441 = CARTESIAN_POINT('',(13.62500075,1.748052765254,-3.128782306618)
  );
#12442 = LINE('',#12443,#12444);
#12443 = CARTESIAN_POINT('',(13.37500075,1.748052765254,-3.128782306618)
  );
#12444 = VECTOR('',#12445,1.);
#12445 = DIRECTION('',(1.,-1.224646799147E-16,0.));
#12446 = ORIENTED_EDGE('',*,*,#12447,.F.);
#12447 = EDGE_CURVE('',#769,#12440,#12448,.T.);
#12448 = LINE('',#12449,#12450);
#12449 = CARTESIAN_POINT('',(13.62500075,1.748052765254,
    -2.878230661791E-02));
#12450 = VECTOR('',#12451,1.);
#12451 = DIRECTION('',(1.499759782662E-32,1.224646799147E-16,-1.));
#12452 = ORIENTED_EDGE('',*,*,#766,.F.);
#12453 = PLANE('',#12454);
#12454 = AXIS2_PLACEMENT_3D('',#12455,#12456,#12457);
#12455 = CARTESIAN_POINT('',(13.37500075,1.748052765254,
    -1.878230661791E-02));
#12456 = DIRECTION('',(-1.224646799147E-16,-1.,-1.224646799147E-16));
#12457 = DIRECTION('',(-1.499759782662E-32,-1.224646799147E-16,1.));
#12458 = ADVANCED_FACE('',(#12459),#12493,.T.);
#12459 = FACE_BOUND('',#12460,.T.);
#12460 = EDGE_LOOP('',(#12461,#12462,#12470,#12478,#12486,#12492));
#12461 = ORIENTED_EDGE('',*,*,#12447,.T.);
#12462 = ORIENTED_EDGE('',*,*,#12463,.T.);
#12463 = EDGE_CURVE('',#12440,#12464,#12466,.T.);
#12464 = VERTEX_POINT('',#12465);
#12465 = CARTESIAN_POINT('',(13.62500075,1.898052765254,-3.428782306618)
  );
#12466 = LINE('',#12467,#12468);
#12467 = CARTESIAN_POINT('',(13.62500075,1.748052765254,-3.128782306618)
  );
#12468 = VECTOR('',#12469,1.);
#12469 = DIRECTION('',(5.476786982643E-17,0.4472135955,-0.894427191));
#12470 = ORIENTED_EDGE('',*,*,#12471,.T.);
#12471 = EDGE_CURVE('',#12464,#12472,#12474,.T.);
#12472 = VERTEX_POINT('',#12473);
#12473 = CARTESIAN_POINT('',(13.62500075,2.088052765254,-3.428782306618)
  );
#12474 = LINE('',#12475,#12476);
#12475 = CARTESIAN_POINT('',(13.62500075,1.898052765254,-3.428782306618)
  );
#12476 = VECTOR('',#12477,1.);
#12477 = DIRECTION('',(1.224646799147E-16,1.,1.224646799147E-16));
#12478 = ORIENTED_EDGE('',*,*,#12479,.T.);
#12479 = EDGE_CURVE('',#12472,#12480,#12482,.T.);
#12480 = VERTEX_POINT('',#12481);
#12481 = CARTESIAN_POINT('',(13.62500075,2.248052765254,-3.128782306618)
  );
#12482 = LINE('',#12483,#12484);
#12483 = CARTESIAN_POINT('',(13.62500075,2.088052765254,-3.428782306618)
  );
#12484 = VECTOR('',#12485,1.);
#12485 = DIRECTION('',(5.763043760693E-17,0.470588235294,0.882352941176)
  );
#12486 = ORIENTED_EDGE('',*,*,#12487,.T.);
#12487 = EDGE_CURVE('',#12480,#777,#12488,.T.);
#12488 = LINE('',#12489,#12490);
#12489 = CARTESIAN_POINT('',(13.62500075,2.248052765254,-3.128782306618)
  );
#12490 = VECTOR('',#12491,1.);
#12491 = DIRECTION('',(-1.499759782662E-32,-1.224646799147E-16,1.));
#12492 = ORIENTED_EDGE('',*,*,#776,.F.);
#12493 = PLANE('',#12494);
#12494 = AXIS2_PLACEMENT_3D('',#12495,#12496,#12497);
#12495 = CARTESIAN_POINT('',(13.62500075,2.513052765254,4.741217693382)
  );
#12496 = DIRECTION('',(1.,-1.224646799147E-16,0.));
#12497 = DIRECTION('',(1.499759782662E-32,1.224646799147E-16,-1.));
#12498 = ADVANCED_FACE('',(#12499),#12560,.T.);
#12499 = FACE_BOUND('',#12500,.T.);
#12500 = EDGE_LOOP('',(#12501,#12502,#12503,#12511,#12519,#12527,#12535,
    #12544,#12552,#12559));
#12501 = ORIENTED_EDGE('',*,*,#6319,.T.);
#12502 = ORIENTED_EDGE('',*,*,#6046,.T.);
#12503 = ORIENTED_EDGE('',*,*,#12504,.T.);
#12504 = EDGE_CURVE('',#6039,#12505,#12507,.T.);
#12505 = VERTEX_POINT('',#12506);
#12506 = CARTESIAN_POINT('',(13.62500075,1.378052765254,2.581217693382)
  );
#12507 = LINE('',#12508,#12509);
#12508 = CARTESIAN_POINT('',(13.62500075,1.378052765254,2.471217693382)
  );
#12509 = VECTOR('',#12510,1.);
#12510 = DIRECTION('',(-1.499759782662E-32,-1.224646799147E-16,1.));
#12511 = ORIENTED_EDGE('',*,*,#12512,.T.);
#12512 = EDGE_CURVE('',#12505,#12513,#12515,.T.);
#12513 = VERTEX_POINT('',#12514);
#12514 = CARTESIAN_POINT('',(13.62500075,0.448052765254,2.581217693382)
  );
#12515 = LINE('',#12516,#12517);
#12516 = CARTESIAN_POINT('',(13.62500075,1.378052765254,2.581217693382)
  );
#12517 = VECTOR('',#12518,1.);
#12518 = DIRECTION('',(-1.224646799147E-16,-1.,-1.224646799147E-16));
#12519 = ORIENTED_EDGE('',*,*,#12520,.T.);
#12520 = EDGE_CURVE('',#12513,#12521,#12523,.T.);
#12521 = VERTEX_POINT('',#12522);
#12522 = CARTESIAN_POINT('',(13.62500075,0.448052765254,3.881217693382)
  );
#12523 = LINE('',#12524,#12525);
#12524 = CARTESIAN_POINT('',(13.62500075,0.448052765254,2.581217693382)
  );
#12525 = VECTOR('',#12526,1.);
#12526 = DIRECTION('',(-1.499759782662E-32,-1.224646799147E-16,1.));
#12527 = ORIENTED_EDGE('',*,*,#12528,.T.);
#12528 = EDGE_CURVE('',#12521,#12529,#12531,.T.);
#12529 = VERTEX_POINT('',#12530);
#12530 = CARTESIAN_POINT('',(13.62500075,0.602996800241,4.199322669419)
  );
#12531 = LINE('',#12532,#12533);
#12532 = CARTESIAN_POINT('',(13.62500075,0.448052765254,3.881217693382)
  );
#12533 = VECTOR('',#12534,1.);
#12534 = DIRECTION('',(5.362734202678E-17,0.437900479257,0.89902345368)
  );
#12535 = ORIENTED_EDGE('',*,*,#12536,.T.);
#12536 = EDGE_CURVE('',#12529,#12537,#12539,.T.);
#12537 = VERTEX_POINT('',#12538);
#12538 = CARTESIAN_POINT('',(13.62500075,0.606177852711,4.234756116545)
  );
#12539 = CIRCLE('',#12540,5.E-02);
#12540 = AXIS2_PLACEMENT_3D('',#12541,#12542,#12543);
#12541 = CARTESIAN_POINT('',(13.62500075,0.558045627557,4.221217693382)
  );
#12542 = DIRECTION('',(1.,-1.224646799147E-16,6.162975822039E-33));
#12543 = DIRECTION('',(1.100986194907E-16,0.89902345368,-0.437900479257)
  );
#12544 = ORIENTED_EDGE('',*,*,#12545,.T.);
#12545 = EDGE_CURVE('',#12537,#12546,#12548,.T.);
#12546 = VERTEX_POINT('',#12547);
#12547 = CARTESIAN_POINT('',(13.62500075,0.398856079879,4.971832962871)
  );
#12548 = LINE('',#12549,#12550);
#12549 = CARTESIAN_POINT('',(13.62500075,0.606177852711,4.234756116545)
  );
#12550 = VECTOR('',#12551,1.);
#12551 = DIRECTION('',(-3.315957318415E-17,-0.27076846326,0.962644503077
    ));
#12552 = ORIENTED_EDGE('',*,*,#12553,.T.);
#12553 = EDGE_CURVE('',#12546,#4791,#12554,.T.);
#12554 = CIRCLE('',#12555,0.15);
#12555 = AXIS2_PLACEMENT_3D('',#12556,#12557,#12558);
#12556 = CARTESIAN_POINT('',(13.62500075,0.254459404418,4.931217693382)
  );
#12557 = DIRECTION('',(1.,-1.224646799147E-16,0.));
#12558 = DIRECTION('',(1.17889950941E-16,0.962644503077,0.27076846326));
#12559 = ORIENTED_EDGE('',*,*,#4790,.F.);
#12560 = PLANE('',#12561);
#12561 = AXIS2_PLACEMENT_3D('',#12562,#12563,#12564);
#12562 = CARTESIAN_POINT('',(13.62500075,2.513052765254,4.741217693382)
  );
#12563 = DIRECTION('',(1.,-1.224646799147E-16,0.));
#12564 = DIRECTION('',(1.499759782662E-32,1.224646799147E-16,-1.));
#12565 = ADVANCED_FACE('',(#12566),#12592,.T.);
#12566 = FACE_BOUND('',#12567,.T.);
#12567 = EDGE_LOOP('',(#12568,#12576,#12585,#12591));
#12568 = ORIENTED_EDGE('',*,*,#12569,.T.);
#12569 = EDGE_CURVE('',#1464,#12570,#12572,.T.);
#12570 = VERTEX_POINT('',#12571);
#12571 = CARTESIAN_POINT('',(13.62500075,1.433094454873,4.503112717345)
  );
#12572 = LINE('',#12573,#12574);
#12573 = CARTESIAN_POINT('',(13.62500075,1.648052765254,4.944428887914)
  );
#12574 = VECTOR('',#12575,1.);
#12575 = DIRECTION('',(-5.362734202678E-17,-0.437900479257,
    -0.89902345368));
#12576 = ORIENTED_EDGE('',*,*,#12577,.T.);
#12577 = EDGE_CURVE('',#12570,#12578,#12580,.T.);
#12578 = VERTEX_POINT('',#12579);
#12579 = CARTESIAN_POINT('',(13.62500075,1.429913402403,4.467679270219)
  );
#12580 = CIRCLE('',#12581,5.E-02);
#12581 = AXIS2_PLACEMENT_3D('',#12582,#12583,#12584);
#12582 = CARTESIAN_POINT('',(13.62500075,1.478045627557,4.481217693382)
  );
#12583 = DIRECTION('',(1.,-1.224646799147E-16,6.162975822039E-33));
#12584 = DIRECTION('',(-1.100986194907E-16,-0.89902345368,0.437900479257
    ));
#12585 = ORIENTED_EDGE('',*,*,#12586,.T.);
#12586 = EDGE_CURVE('',#12578,#1472,#12587,.T.);
#12587 = LINE('',#12588,#12589);
#12588 = CARTESIAN_POINT('',(13.62500075,1.429913402403,4.467679270219)
  );
#12589 = VECTOR('',#12590,1.);
#12590 = DIRECTION('',(3.315957318415E-17,0.27076846326,-0.962644503077)
  );
#12591 = ORIENTED_EDGE('',*,*,#1471,.T.);
#12592 = PLANE('',#12593);
#12593 = AXIS2_PLACEMENT_3D('',#12594,#12595,#12596);
#12594 = CARTESIAN_POINT('',(13.62500075,2.513052765254,4.741217693382)
  );
#12595 = DIRECTION('',(1.,-1.224646799147E-16,0.));
#12596 = DIRECTION('',(1.499759782662E-32,1.224646799147E-16,-1.));
#12597 = ADVANCED_FACE('',(#12598),#12609,.T.);
#12598 = FACE_BOUND('',#12599,.T.);
#12599 = EDGE_LOOP('',(#12600,#12601,#12607,#12608));
#12600 = ORIENTED_EDGE('',*,*,#12487,.F.);
#12601 = ORIENTED_EDGE('',*,*,#12602,.F.);
#12602 = EDGE_CURVE('',#12293,#12480,#12603,.T.);
#12603 = LINE('',#12604,#12605);
#12604 = CARTESIAN_POINT('',(13.37500075,2.248052765254,-3.128782306618)
  );
#12605 = VECTOR('',#12606,1.);
#12606 = DIRECTION('',(1.,-1.224646799147E-16,0.));
#12607 = ORIENTED_EDGE('',*,*,#12292,.T.);
#12608 = ORIENTED_EDGE('',*,*,#784,.T.);
#12609 = PLANE('',#12610);
#12610 = AXIS2_PLACEMENT_3D('',#12611,#12612,#12613);
#12611 = CARTESIAN_POINT('',(13.37500075,2.248052765254,-3.128782306618)
  );
#12612 = DIRECTION('',(1.224646799147E-16,1.,1.224646799147E-16));
#12613 = DIRECTION('',(-1.,1.224646799147E-16,0.));
#12614 = ADVANCED_FACE('',(#12615),#12626,.T.);
#12615 = FACE_BOUND('',#12616,.T.);
#12616 = EDGE_LOOP('',(#12617,#12618,#12619,#12625));
#12617 = ORIENTED_EDGE('',*,*,#12602,.T.);
#12618 = ORIENTED_EDGE('',*,*,#12479,.F.);
#12619 = ORIENTED_EDGE('',*,*,#12620,.F.);
#12620 = EDGE_CURVE('',#12301,#12472,#12621,.T.);
#12621 = LINE('',#12622,#12623);
#12622 = CARTESIAN_POINT('',(13.37500075,2.088052765254,-3.428782306618)
  );
#12623 = VECTOR('',#12624,1.);
#12624 = DIRECTION('',(1.,-1.224646799147E-16,0.));
#12625 = ORIENTED_EDGE('',*,*,#12300,.T.);
#12626 = PLANE('',#12627);
#12627 = AXIS2_PLACEMENT_3D('',#12628,#12629,#12630);
#12628 = CARTESIAN_POINT('',(13.37500075,2.088052765254,-3.428782306618)
  );
#12629 = DIRECTION('',(1.08057070513E-16,0.882352941176,-0.470588235294)
  );
#12630 = DIRECTION('',(-1.,1.224646799147E-16,0.));
#12631 = ADVANCED_FACE('',(#12632),#12643,.T.);
#12632 = FACE_BOUND('',#12633,.T.);
#12633 = EDGE_LOOP('',(#12634,#12635,#12636,#12642));
#12634 = ORIENTED_EDGE('',*,*,#12620,.T.);
#12635 = ORIENTED_EDGE('',*,*,#12471,.F.);
#12636 = ORIENTED_EDGE('',*,*,#12637,.F.);
#12637 = EDGE_CURVE('',#12309,#12464,#12638,.T.);
#12638 = LINE('',#12639,#12640);
#12639 = CARTESIAN_POINT('',(13.37500075,1.898052765254,-3.428782306618)
  );
#12640 = VECTOR('',#12641,1.);
#12641 = DIRECTION('',(1.,-1.224646799147E-16,0.));
#12642 = ORIENTED_EDGE('',*,*,#12308,.T.);
#12643 = PLANE('',#12644);
#12644 = AXIS2_PLACEMENT_3D('',#12645,#12646,#12647);
#12645 = CARTESIAN_POINT('',(13.37500075,1.898052765254,-3.428782306618)
  );
#12646 = DIRECTION('',(1.499759782662E-32,1.224646799147E-16,-1.));
#12647 = DIRECTION('',(-1.,1.224646799147E-16,0.));
#12648 = ADVANCED_FACE('',(#12649),#12655,.T.);
#12649 = FACE_BOUND('',#12650,.T.);
#12650 = EDGE_LOOP('',(#12651,#12652,#12653,#12654));
#12651 = ORIENTED_EDGE('',*,*,#12637,.T.);
#12652 = ORIENTED_EDGE('',*,*,#12463,.F.);
#12653 = ORIENTED_EDGE('',*,*,#12439,.F.);
#12654 = ORIENTED_EDGE('',*,*,#12316,.T.);
#12655 = PLANE('',#12656);
#12656 = AXIS2_PLACEMENT_3D('',#12657,#12658,#12659);
#12657 = CARTESIAN_POINT('',(13.37500075,1.748052765254,-3.128782306618)
  );
#12658 = DIRECTION('',(-1.095357396528E-16,-0.894427191,-0.4472135955));
#12659 = DIRECTION('',(1.,-1.224646799147E-16,0.));
#12660 = ADVANCED_FACE('',(#12661),#12672,.T.);
#12661 = FACE_BOUND('',#12662,.T.);
#12662 = EDGE_LOOP('',(#12663,#12664,#12670,#12671));
#12663 = ORIENTED_EDGE('',*,*,#12553,.F.);
#12664 = ORIENTED_EDGE('',*,*,#12665,.F.);
#12665 = EDGE_CURVE('',#12340,#12546,#12666,.T.);
#12666 = LINE('',#12667,#12668);
#12667 = CARTESIAN_POINT('',(13.37500075,0.398856079879,4.971832962871)
  );
#12668 = VECTOR('',#12669,1.);
#12669 = DIRECTION('',(1.,-1.224646799147E-16,0.));
#12670 = ORIENTED_EDGE('',*,*,#12339,.T.);
#12671 = ORIENTED_EDGE('',*,*,#4798,.T.);
#12672 = CYLINDRICAL_SURFACE('',#12673,0.15);
#12673 = AXIS2_PLACEMENT_3D('',#12674,#12675,#12676);
#12674 = CARTESIAN_POINT('',(13.37500075,0.254459404418,4.931217693382)
  );
#12675 = DIRECTION('',(-1.,1.224646799147E-16,0.));
#12676 = DIRECTION('',(1.499759782662E-32,1.224646799147E-16,-1.));
#12677 = ADVANCED_FACE('',(#12678),#12689,.T.);
#12678 = FACE_BOUND('',#12679,.T.);
#12679 = EDGE_LOOP('',(#12680,#12681,#12682,#12688));
#12680 = ORIENTED_EDGE('',*,*,#12665,.T.);
#12681 = ORIENTED_EDGE('',*,*,#12545,.F.);
#12682 = ORIENTED_EDGE('',*,*,#12683,.F.);
#12683 = EDGE_CURVE('',#12349,#12537,#12684,.T.);
#12684 = LINE('',#12685,#12686);
#12685 = CARTESIAN_POINT('',(13.37500075,0.606177852711,4.234756116545)
  );
#12686 = VECTOR('',#12687,1.);
#12687 = DIRECTION('',(1.,-1.224646799147E-16,0.));
#12688 = ORIENTED_EDGE('',*,*,#12348,.T.);
#12689 = PLANE('',#12690);
#12690 = AXIS2_PLACEMENT_3D('',#12691,#12692,#12693);
#12691 = CARTESIAN_POINT('',(13.37500075,0.606177852711,4.234756116545)
  );
#12692 = DIRECTION('',(1.17889950941E-16,0.962644503077,0.27076846326));
#12693 = DIRECTION('',(1.,-1.224646799147E-16,0.));
#12694 = ADVANCED_FACE('',(#12695),#12706,.T.);
#12695 = FACE_BOUND('',#12696,.T.);
#12696 = EDGE_LOOP('',(#12697,#12698,#12699,#12705));
#12697 = ORIENTED_EDGE('',*,*,#12683,.T.);
#12698 = ORIENTED_EDGE('',*,*,#12536,.F.);
#12699 = ORIENTED_EDGE('',*,*,#12700,.F.);
#12700 = EDGE_CURVE('',#12357,#12529,#12701,.T.);
#12701 = LINE('',#12702,#12703);
#12702 = CARTESIAN_POINT('',(13.37500075,0.602996800241,4.199322669419)
  );
#12703 = VECTOR('',#12704,1.);
#12704 = DIRECTION('',(1.,-1.224646799147E-16,0.));
#12705 = ORIENTED_EDGE('',*,*,#12356,.T.);
#12706 = CYLINDRICAL_SURFACE('',#12707,5.E-02);
#12707 = AXIS2_PLACEMENT_3D('',#12708,#12709,#12710);
#12708 = CARTESIAN_POINT('',(13.37500075,0.558045627557,4.221217693382)
  );
#12709 = DIRECTION('',(-1.,1.224646799147E-16,0.));
#12710 = DIRECTION('',(1.499759782662E-32,1.224646799147E-16,-1.));
#12711 = ADVANCED_FACE('',(#12712),#12723,.T.);
#12712 = FACE_BOUND('',#12713,.T.);
#12713 = EDGE_LOOP('',(#12714,#12715,#12716,#12722));
#12714 = ORIENTED_EDGE('',*,*,#12700,.T.);
#12715 = ORIENTED_EDGE('',*,*,#12528,.F.);
#12716 = ORIENTED_EDGE('',*,*,#12717,.F.);
#12717 = EDGE_CURVE('',#12366,#12521,#12718,.T.);
#12718 = LINE('',#12719,#12720);
#12719 = CARTESIAN_POINT('',(13.37500075,0.448052765254,3.881217693382)
  );
#12720 = VECTOR('',#12721,1.);
#12721 = DIRECTION('',(1.,-1.224646799147E-16,0.));
#12722 = ORIENTED_EDGE('',*,*,#12365,.T.);
#12723 = PLANE('',#12724);
#12724 = AXIS2_PLACEMENT_3D('',#12725,#12726,#12727);
#12725 = CARTESIAN_POINT('',(13.37500075,0.448052765254,3.881217693382)
  );
#12726 = DIRECTION('',(1.100986194907E-16,0.89902345368,-0.437900479257)
  );
#12727 = DIRECTION('',(-1.,1.224646799147E-16,0.));
#12728 = ADVANCED_FACE('',(#12729),#12740,.T.);
#12729 = FACE_BOUND('',#12730,.T.);
#12730 = EDGE_LOOP('',(#12731,#12732,#12733,#12739));
#12731 = ORIENTED_EDGE('',*,*,#12717,.T.);
#12732 = ORIENTED_EDGE('',*,*,#12520,.F.);
#12733 = ORIENTED_EDGE('',*,*,#12734,.F.);
#12734 = EDGE_CURVE('',#12374,#12513,#12735,.T.);
#12735 = LINE('',#12736,#12737);
#12736 = CARTESIAN_POINT('',(13.37500075,0.448052765254,2.581217693382)
  );
#12737 = VECTOR('',#12738,1.);
#12738 = DIRECTION('',(1.,-1.224646799147E-16,0.));
#12739 = ORIENTED_EDGE('',*,*,#12373,.T.);
#12740 = PLANE('',#12741);
#12741 = AXIS2_PLACEMENT_3D('',#12742,#12743,#12744);
#12742 = CARTESIAN_POINT('',(13.37500075,0.448052765254,2.581217693382)
  );
#12743 = DIRECTION('',(1.224646799147E-16,1.,1.224646799147E-16));
#12744 = DIRECTION('',(-1.,1.224646799147E-16,0.));
#12745 = ADVANCED_FACE('',(#12746),#12757,.T.);
#12746 = FACE_BOUND('',#12747,.T.);
#12747 = EDGE_LOOP('',(#12748,#12749,#12750,#12756));
#12748 = ORIENTED_EDGE('',*,*,#12734,.T.);
#12749 = ORIENTED_EDGE('',*,*,#12512,.F.);
#12750 = ORIENTED_EDGE('',*,*,#12751,.F.);
#12751 = EDGE_CURVE('',#12382,#12505,#12752,.T.);
#12752 = LINE('',#12753,#12754);
#12753 = CARTESIAN_POINT('',(13.37500075,1.378052765254,2.581217693382)
  );
#12754 = VECTOR('',#12755,1.);
#12755 = DIRECTION('',(1.,-1.224646799147E-16,0.));
#12756 = ORIENTED_EDGE('',*,*,#12381,.T.);
#12757 = PLANE('',#12758);
#12758 = AXIS2_PLACEMENT_3D('',#12759,#12760,#12761);
#12759 = CARTESIAN_POINT('',(13.37500075,1.378052765254,2.581217693382)
  );
#12760 = DIRECTION('',(-1.499759782662E-32,-1.224646799147E-16,1.));
#12761 = DIRECTION('',(-1.224646799147E-16,-1.,-1.224646799147E-16));
#12762 = ADVANCED_FACE('',(#12763),#12769,.T.);
#12763 = FACE_BOUND('',#12764,.T.);
#12764 = EDGE_LOOP('',(#12765,#12766,#12767,#12768));
#12765 = ORIENTED_EDGE('',*,*,#12389,.T.);
#12766 = ORIENTED_EDGE('',*,*,#12751,.T.);
#12767 = ORIENTED_EDGE('',*,*,#12504,.F.);
#12768 = ORIENTED_EDGE('',*,*,#6038,.F.);
#12769 = PLANE('',#12770);
#12770 = AXIS2_PLACEMENT_3D('',#12771,#12772,#12773);
#12771 = CARTESIAN_POINT('',(13.37500075,1.378052765254,2.001217693382)
  );
#12772 = DIRECTION('',(1.224646799147E-16,1.,1.224646799147E-16));
#12773 = DIRECTION('',(-1.,1.224646799147E-16,0.));
#12774 = ADVANCED_FACE('',(#12775),#12786,.T.);
#12775 = FACE_BOUND('',#12776,.T.);
#12776 = EDGE_LOOP('',(#12777,#12778,#12784,#12785));
#12777 = ORIENTED_EDGE('',*,*,#12586,.F.);
#12778 = ORIENTED_EDGE('',*,*,#12779,.F.);
#12779 = EDGE_CURVE('',#12407,#12578,#12780,.T.);
#12780 = LINE('',#12781,#12782);
#12781 = CARTESIAN_POINT('',(13.37500075,1.429913402403,4.467679270219)
  );
#12782 = VECTOR('',#12783,1.);
#12783 = DIRECTION('',(1.,-1.224646799147E-16,0.));
#12784 = ORIENTED_EDGE('',*,*,#12406,.T.);
#12785 = ORIENTED_EDGE('',*,*,#1479,.T.);
#12786 = PLANE('',#12787);
#12787 = AXIS2_PLACEMENT_3D('',#12788,#12789,#12790);
#12788 = CARTESIAN_POINT('',(13.37500075,1.429913402403,4.467679270219)
  );
#12789 = DIRECTION('',(-1.17889950941E-16,-0.962644503077,-0.27076846326
    ));
#12790 = DIRECTION('',(1.,-1.224646799147E-16,0.));
#12791 = ADVANCED_FACE('',(#12792),#12803,.T.);
#12792 = FACE_BOUND('',#12793,.T.);
#12793 = EDGE_LOOP('',(#12794,#12795,#12796,#12802));
#12794 = ORIENTED_EDGE('',*,*,#12779,.T.);
#12795 = ORIENTED_EDGE('',*,*,#12577,.F.);
#12796 = ORIENTED_EDGE('',*,*,#12797,.F.);
#12797 = EDGE_CURVE('',#12415,#12570,#12798,.T.);
#12798 = LINE('',#12799,#12800);
#12799 = CARTESIAN_POINT('',(13.37500075,1.433094454873,4.503112717345)
  );
#12800 = VECTOR('',#12801,1.);
#12801 = DIRECTION('',(1.,-1.224646799147E-16,0.));
#12802 = ORIENTED_EDGE('',*,*,#12414,.T.);
#12803 = CYLINDRICAL_SURFACE('',#12804,5.E-02);
#12804 = AXIS2_PLACEMENT_3D('',#12805,#12806,#12807);
#12805 = CARTESIAN_POINT('',(13.37500075,1.478045627557,4.481217693382)
  );
#12806 = DIRECTION('',(-1.,1.224646799147E-16,0.));
#12807 = DIRECTION('',(1.499759782662E-32,1.224646799147E-16,-1.));
#12808 = ADVANCED_FACE('',(#12809),#12815,.T.);
#12809 = FACE_BOUND('',#12810,.T.);
#12810 = EDGE_LOOP('',(#12811,#12812,#12813,#12814));
#12811 = ORIENTED_EDGE('',*,*,#12423,.T.);
#12812 = ORIENTED_EDGE('',*,*,#12797,.T.);
#12813 = ORIENTED_EDGE('',*,*,#12569,.F.);
#12814 = ORIENTED_EDGE('',*,*,#1461,.F.);
#12815 = PLANE('',#12816);
#12816 = AXIS2_PLACEMENT_3D('',#12817,#12818,#12819);
#12817 = CARTESIAN_POINT('',(13.37500075,1.687301483822,5.025007741308)
  );
#12818 = DIRECTION('',(-1.100986194907E-16,-0.89902345368,0.437900479257
    ));
#12819 = DIRECTION('',(5.362734202678E-17,0.437900479257,0.89902345368)
  );
#12820 = ADVANCED_FACE('',(#12821),#12832,.T.);
#12821 = FACE_BOUND('',#12822,.T.);
#12822 = EDGE_LOOP('',(#12823,#12824,#12830,#12831));
#12823 = ORIENTED_EDGE('',*,*,#5535,.F.);
#12824 = ORIENTED_EDGE('',*,*,#12825,.F.);
#12825 = EDGE_CURVE('',#5342,#5527,#12826,.T.);
#12826 = LINE('',#12827,#12828);
#12827 = CARTESIAN_POINT('',(16.37500075,1.429913402403,4.467679270219)
  );
#12828 = VECTOR('',#12829,1.);
#12829 = DIRECTION('',(1.,-1.224646799147E-16,0.));
#12830 = ORIENTED_EDGE('',*,*,#5341,.T.);
#12831 = ORIENTED_EDGE('',*,*,#1513,.T.);
#12832 = PLANE('',#12833);
#12833 = AXIS2_PLACEMENT_3D('',#12834,#12835,#12836);
#12834 = CARTESIAN_POINT('',(16.37500075,1.429913402403,4.467679270219)
  );
#12835 = DIRECTION('',(-1.17889950941E-16,-0.962644503077,-0.27076846326
    ));
#12836 = DIRECTION('',(1.,-1.224646799147E-16,0.));
#12837 = ADVANCED_FACE('',(#12838),#12849,.T.);
#12838 = FACE_BOUND('',#12839,.T.);
#12839 = EDGE_LOOP('',(#12840,#12841,#12842,#12848));
#12840 = ORIENTED_EDGE('',*,*,#12825,.T.);
#12841 = ORIENTED_EDGE('',*,*,#5526,.F.);
#12842 = ORIENTED_EDGE('',*,*,#12843,.F.);
#12843 = EDGE_CURVE('',#5350,#5519,#12844,.T.);
#12844 = LINE('',#12845,#12846);
#12845 = CARTESIAN_POINT('',(16.37500075,1.433094454873,4.503112717345)
  );
#12846 = VECTOR('',#12847,1.);
#12847 = DIRECTION('',(1.,-1.224646799147E-16,0.));
#12848 = ORIENTED_EDGE('',*,*,#5349,.T.);
#12849 = CYLINDRICAL_SURFACE('',#12850,5.E-02);
#12850 = AXIS2_PLACEMENT_3D('',#12851,#12852,#12853);
#12851 = CARTESIAN_POINT('',(16.37500075,1.478045627557,4.481217693382)
  );
#12852 = DIRECTION('',(-1.,1.224646799147E-16,0.));
#12853 = DIRECTION('',(1.499759782662E-32,1.224646799147E-16,-1.));
#12854 = ADVANCED_FACE('',(#12855),#12861,.T.);
#12855 = FACE_BOUND('',#12856,.T.);
#12856 = EDGE_LOOP('',(#12857,#12858,#12859,#12860));
#12857 = ORIENTED_EDGE('',*,*,#5358,.T.);
#12858 = ORIENTED_EDGE('',*,*,#12843,.T.);
#12859 = ORIENTED_EDGE('',*,*,#5518,.F.);
#12860 = ORIENTED_EDGE('',*,*,#1495,.F.);
#12861 = PLANE('',#12862);
#12862 = AXIS2_PLACEMENT_3D('',#12863,#12864,#12865);
#12863 = CARTESIAN_POINT('',(16.37500075,1.687301483822,5.025007741308)
  );
#12864 = DIRECTION('',(-1.100986194907E-16,-0.89902345368,0.437900479257
    ));
#12865 = DIRECTION('',(5.362734202678E-17,0.437900479257,0.89902345368)
  );
#12866 = ADVANCED_FACE('',(#12867),#12885,.F.);
#12867 = FACE_BOUND('',#12868,.T.);
#12868 = EDGE_LOOP('',(#12869,#12877,#12878,#12879));
#12869 = ORIENTED_EDGE('',*,*,#12870,.F.);
#12870 = EDGE_CURVE('',#2108,#12871,#12873,.T.);
#12871 = VERTEX_POINT('',#12872);
#12872 = CARTESIAN_POINT('',(17.95000075,1.948052765254,7.021217693382)
  );
#12873 = LINE('',#12874,#12875);
#12874 = CARTESIAN_POINT('',(17.95000075,3.408052765254,7.021217693382)
  );
#12875 = VECTOR('',#12876,1.);
#12876 = DIRECTION('',(-1.224646799147E-16,-1.,-1.224646799147E-16));
#12877 = ORIENTED_EDGE('',*,*,#2107,.F.);
#12878 = ORIENTED_EDGE('',*,*,#2005,.T.);
#12879 = ORIENTED_EDGE('',*,*,#12880,.T.);
#12880 = EDGE_CURVE('',#1998,#12871,#12881,.T.);
#12881 = LINE('',#12882,#12883);
#12882 = CARTESIAN_POINT('',(17.95000075,1.948052765254,1.721217693382)
  );
#12883 = VECTOR('',#12884,1.);
#12884 = DIRECTION('',(-1.499759782662E-32,-1.224646799147E-16,1.));
#12885 = PLANE('',#12886);
#12886 = AXIS2_PLACEMENT_3D('',#12887,#12888,#12889);
#12887 = CARTESIAN_POINT('',(17.95000075,2.513052765254,4.741217693382)
  );
#12888 = DIRECTION('',(1.,-1.224646799147E-16,0.));
#12889 = DIRECTION('',(1.499759782662E-32,1.224646799147E-16,-1.));
#12890 = ADVANCED_FACE('',(#12891),#12949,.F.);
#12891 = FACE_BOUND('',#12892,.T.);
#12892 = EDGE_LOOP('',(#12893,#12894,#12895,#12903,#12911,#12919,#12927,
    #12935,#12943));
#12893 = ORIENTED_EDGE('',*,*,#1973,.T.);
#12894 = ORIENTED_EDGE('',*,*,#5167,.F.);
#12895 = ORIENTED_EDGE('',*,*,#12896,.F.);
#12896 = EDGE_CURVE('',#12897,#5160,#12899,.T.);
#12897 = VERTEX_POINT('',#12898);
#12898 = CARTESIAN_POINT('',(17.95000075,0.188052765254,7.821217693382)
  );
#12899 = LINE('',#12900,#12901);
#12900 = CARTESIAN_POINT('',(17.95000075,0.188052765254,7.821217693382)
  );
#12901 = VECTOR('',#12902,1.);
#12902 = DIRECTION('',(8.659560562354E-17,0.707106781186,-0.707106781187
    ));
#12903 = ORIENTED_EDGE('',*,*,#12904,.F.);
#12904 = EDGE_CURVE('',#12905,#12897,#12907,.T.);
#12905 = VERTEX_POINT('',#12906);
#12906 = CARTESIAN_POINT('',(17.95000075,0.836631409017,7.821217693382)
  );
#12907 = LINE('',#12908,#12909);
#12908 = CARTESIAN_POINT('',(17.95000075,0.836631409017,7.821217693382)
  );
#12909 = VECTOR('',#12910,1.);
#12910 = DIRECTION('',(-1.224646799147E-16,-1.,-1.224646799147E-16));
#12911 = ORIENTED_EDGE('',*,*,#12912,.F.);
#12912 = EDGE_CURVE('',#12913,#12905,#12915,.T.);
#12913 = VERTEX_POINT('',#12914);
#12914 = CARTESIAN_POINT('',(17.95000075,0.978052765254,7.679796337145)
  );
#12915 = LINE('',#12916,#12917);
#12916 = CARTESIAN_POINT('',(17.95000075,0.978052765254,7.679796337145)
  );
#12917 = VECTOR('',#12918,1.);
#12918 = DIRECTION('',(-8.659560562355E-17,-0.707106781187,
    0.707106781187));
#12919 = ORIENTED_EDGE('',*,*,#12920,.F.);
#12920 = EDGE_CURVE('',#12921,#12913,#12923,.T.);
#12921 = VERTEX_POINT('',#12922);
#12922 = CARTESIAN_POINT('',(17.95000075,0.978052765254,7.279796337145)
  );
#12923 = LINE('',#12924,#12925);
#12924 = CARTESIAN_POINT('',(17.95000075,0.978052765254,7.279796337145)
  );
#12925 = VECTOR('',#12926,1.);
#12926 = DIRECTION('',(-1.499759782662E-32,-1.224646799147E-16,1.));
#12927 = ORIENTED_EDGE('',*,*,#12928,.F.);
#12928 = EDGE_CURVE('',#12929,#12921,#12931,.T.);
#12929 = VERTEX_POINT('',#12930);
#12930 = CARTESIAN_POINT('',(17.95000075,1.236631409017,7.021217693382)
  );
#12931 = LINE('',#12932,#12933);
#12932 = CARTESIAN_POINT('',(17.95000075,1.236631409017,7.021217693382)
  );
#12933 = VECTOR('',#12934,1.);
#12934 = DIRECTION('',(-8.659560562355E-17,-0.707106781187,
    0.707106781187));
#12935 = ORIENTED_EDGE('',*,*,#12936,.F.);
#12936 = EDGE_CURVE('',#12937,#12929,#12939,.T.);
#12937 = VERTEX_POINT('',#12938);
#12938 = CARTESIAN_POINT('',(17.95000075,1.648052765254,7.021217693382)
  );
#12939 = LINE('',#12940,#12941);
#12940 = CARTESIAN_POINT('',(17.95000075,1.648052765254,7.021217693382)
  );
#12941 = VECTOR('',#12942,1.);
#12942 = DIRECTION('',(-1.224646799147E-16,-1.,-1.224646799147E-16));
#12943 = ORIENTED_EDGE('',*,*,#12944,.F.);
#12944 = EDGE_CURVE('',#1974,#12937,#12945,.T.);
#12945 = LINE('',#12946,#12947);
#12946 = CARTESIAN_POINT('',(17.95000075,1.648052765254,1.721217693382)
  );
#12947 = VECTOR('',#12948,1.);
#12948 = DIRECTION('',(-1.499759782662E-32,-1.224646799147E-16,1.));
#12949 = PLANE('',#12950);
#12950 = AXIS2_PLACEMENT_3D('',#12951,#12952,#12953);
#12951 = CARTESIAN_POINT('',(17.95000075,2.513052765254,4.741217693382)
  );
#12952 = DIRECTION('',(1.,-1.224646799147E-16,0.));
#12953 = DIRECTION('',(1.499759782662E-32,1.224646799147E-16,-1.));
#12954 = ADVANCED_FACE('',(#12955),#12981,.T.);
#12955 = FACE_BOUND('',#12956,.T.);
#12956 = EDGE_LOOP('',(#12957,#12965,#12973,#12979,#12980));
#12957 = ORIENTED_EDGE('',*,*,#12958,.F.);
#12958 = EDGE_CURVE('',#12959,#1990,#12961,.T.);
#12959 = VERTEX_POINT('',#12960);
#12960 = CARTESIAN_POINT('',(17.89000075,1.948052765254,7.121217693382)
  );
#12961 = LINE('',#12962,#12963);
#12962 = CARTESIAN_POINT('',(17.89000075,1.948052765254,7.121217693382)
  );
#12963 = VECTOR('',#12964,1.);
#12964 = DIRECTION('',(1.499759782662E-32,1.224646799147E-16,-1.));
#12965 = ORIENTED_EDGE('',*,*,#12966,.F.);
#12966 = EDGE_CURVE('',#12967,#12959,#12969,.T.);
#12967 = VERTEX_POINT('',#12968);
#12968 = CARTESIAN_POINT('',(17.95000075,1.948052765254,7.121217693382)
  );
#12969 = LINE('',#12970,#12971);
#12970 = CARTESIAN_POINT('',(17.95000075,1.948052765254,7.121217693382)
  );
#12971 = VECTOR('',#12972,1.);
#12972 = DIRECTION('',(-1.,1.224646799147E-16,0.));
#12973 = ORIENTED_EDGE('',*,*,#12974,.T.);
#12974 = EDGE_CURVE('',#12967,#12871,#12975,.T.);
#12975 = LINE('',#12976,#12977);
#12976 = CARTESIAN_POINT('',(17.95000075,1.948052765254,7.121217693382)
  );
#12977 = VECTOR('',#12978,1.);
#12978 = DIRECTION('',(1.7763568394E-14,1.224646799147E-16,-1.));
#12979 = ORIENTED_EDGE('',*,*,#12880,.F.);
#12980 = ORIENTED_EDGE('',*,*,#1997,.T.);
#12981 = PLANE('',#12982);
#12982 = AXIS2_PLACEMENT_3D('',#12983,#12984,#12985);
#12983 = CARTESIAN_POINT('',(17.95000075,1.948052765254,7.121217693382)
  );
#12984 = DIRECTION('',(1.224646799147E-16,1.,1.224646799147E-16));
#12985 = DIRECTION('',(-1.,1.224646799147E-16,0.));
#12986 = ADVANCED_FACE('',(#12987),#13010,.T.);
#12987 = FACE_BOUND('',#12988,.T.);
#12988 = EDGE_LOOP('',(#12989,#12997,#13003,#13009));
#12989 = ORIENTED_EDGE('',*,*,#12990,.F.);
#12990 = EDGE_CURVE('',#12991,#12967,#12993,.T.);
#12991 = VERTEX_POINT('',#12992);
#12992 = CARTESIAN_POINT('',(17.95000075,1.648052765254,7.121217693382)
  );
#12993 = LINE('',#12994,#12995);
#12994 = CARTESIAN_POINT('',(17.95000075,1.648052765254,7.121217693382)
  );
#12995 = VECTOR('',#12996,1.);
#12996 = DIRECTION('',(1.224646799147E-16,1.,1.224646799147E-16));
#12997 = ORIENTED_EDGE('',*,*,#12998,.T.);
#12998 = EDGE_CURVE('',#12991,#12937,#12999,.T.);
#12999 = LINE('',#13000,#13001);
#13000 = CARTESIAN_POINT('',(17.95000075,1.648052765254,7.121217693382)
  );
#13001 = VECTOR('',#13002,1.);
#13002 = DIRECTION('',(1.7763568394E-14,1.224646799147E-16,-1.));
#13003 = ORIENTED_EDGE('',*,*,#13004,.T.);
#13004 = EDGE_CURVE('',#12937,#12871,#13005,.T.);
#13005 = LINE('',#13006,#13007);
#13006 = CARTESIAN_POINT('',(17.95000075,1.648052765254,7.021217693382)
  );
#13007 = VECTOR('',#13008,1.);
#13008 = DIRECTION('',(1.224646799147E-16,1.,1.224646799147E-16));
#13009 = ORIENTED_EDGE('',*,*,#12974,.F.);
#13010 = PLANE('',#13011);
#13011 = AXIS2_PLACEMENT_3D('',#13012,#13013,#13014);
#13012 = CARTESIAN_POINT('',(17.95000075,1.648052765254,7.121217693382)
  );
#13013 = DIRECTION('',(1.,-1.224646799147E-16,0.));
#13014 = DIRECTION('',(1.499759782662E-32,1.224646799147E-16,-1.));
#13015 = ADVANCED_FACE('',(#13016),#13029,.T.);
#13016 = FACE_BOUND('',#13017,.T.);
#13017 = EDGE_LOOP('',(#13018,#13019,#13025,#13026,#13027,#13028));
#13018 = ORIENTED_EDGE('',*,*,#12936,.T.);
#13019 = ORIENTED_EDGE('',*,*,#13020,.F.);
#13020 = EDGE_CURVE('',#2706,#12929,#13021,.T.);
#13021 = LINE('',#13022,#13023);
#13022 = CARTESIAN_POINT('',(18.05000075,1.278052765254,7.121217693382)
  );
#13023 = VECTOR('',#13024,1.);
#13024 = DIRECTION('',(-0.678598344546,-0.281084637715,-0.678598344546)
  );
#13025 = ORIENTED_EDGE('',*,*,#2705,.F.);
#13026 = ORIENTED_EDGE('',*,*,#2115,.F.);
#13027 = ORIENTED_EDGE('',*,*,#12870,.T.);
#13028 = ORIENTED_EDGE('',*,*,#13004,.F.);
#13029 = PLANE('',#13030);
#13030 = AXIS2_PLACEMENT_3D('',#13031,#13032,#13033);
#13031 = CARTESIAN_POINT('',(18.00000075,2.343052765254,7.071217693382)
  );
#13032 = DIRECTION('',(-0.707106781186,-1.225199593421E-29,
    0.707106781187));
#13033 = DIRECTION('',(-1.224646799147E-16,-1.,-1.224646799147E-16));
#13034 = ADVANCED_FACE('',(#13035),#13053,.T.);
#13035 = FACE_BOUND('',#13036,.T.);
#13036 = EDGE_LOOP('',(#13037,#13045,#13051,#13052));
#13037 = ORIENTED_EDGE('',*,*,#13038,.F.);
#13038 = EDGE_CURVE('',#13039,#12921,#13041,.T.);
#13039 = VERTEX_POINT('',#13040);
#13040 = CARTESIAN_POINT('',(18.05000075,1.078052765254,7.321217693382)
  );
#13041 = LINE('',#13042,#13043);
#13042 = CARTESIAN_POINT('',(18.05000075,1.078052765254,7.321217693382)
  );
#13043 = VECTOR('',#13044,1.);
#13044 = DIRECTION('',(-0.678598344546,-0.678598344546,-0.281084637715)
  );
#13045 = ORIENTED_EDGE('',*,*,#13046,.F.);
#13046 = EDGE_CURVE('',#2706,#13039,#13047,.T.);
#13047 = LINE('',#13048,#13049);
#13048 = CARTESIAN_POINT('',(18.05000075,1.278052765254,7.121217693382)
  );
#13049 = VECTOR('',#13050,1.);
#13050 = DIRECTION('',(-8.659560562355E-17,-0.707106781187,
    0.707106781187));
#13051 = ORIENTED_EDGE('',*,*,#13020,.T.);
#13052 = ORIENTED_EDGE('',*,*,#12928,.T.);
#13053 = PLANE('',#13054);
#13054 = AXIS2_PLACEMENT_3D('',#13055,#13056,#13057);
#13055 = CARTESIAN_POINT('',(18.00000075,1.142697426195,7.185862354323)
  );
#13056 = DIRECTION('',(-0.707106781187,0.5,0.5));
#13057 = DIRECTION('',(-8.659560562355E-17,-0.707106781187,
    0.707106781187));
#13058 = ADVANCED_FACE('',(#13059),#13084,.F.);
#13059 = FACE_BOUND('',#13060,.T.);
#13060 = EDGE_LOOP('',(#13061,#13062,#13070,#13078));
#13061 = ORIENTED_EDGE('',*,*,#2745,.T.);
#13062 = ORIENTED_EDGE('',*,*,#13063,.F.);
#13063 = EDGE_CURVE('',#13064,#2738,#13066,.T.);
#13064 = VERTEX_POINT('',#13065);
#13065 = CARTESIAN_POINT('',(-2.19999925,1.078052765254,7.321217693382)
  );
#13066 = LINE('',#13067,#13068);
#13067 = CARTESIAN_POINT('',(-2.19999925,1.078052765254,7.321217693382)
  );
#13068 = VECTOR('',#13069,1.);
#13069 = DIRECTION('',(8.659560562355E-17,0.707106781187,-0.707106781187
    ));
#13070 = ORIENTED_EDGE('',*,*,#13071,.F.);
#13071 = EDGE_CURVE('',#13072,#13064,#13074,.T.);
#13072 = VERTEX_POINT('',#13073);
#13073 = CARTESIAN_POINT('',(-1.54999925,1.078052765254,7.321217693382)
  );
#13074 = LINE('',#13075,#13076);
#13075 = CARTESIAN_POINT('',(-1.54999925,1.078052765254,7.321217693382)
  );
#13076 = VECTOR('',#13077,1.);
#13077 = DIRECTION('',(-1.,1.224646799147E-16,0.));
#13078 = ORIENTED_EDGE('',*,*,#13079,.T.);
#13079 = EDGE_CURVE('',#13072,#2746,#13080,.T.);
#13080 = LINE('',#13081,#13082);
#13081 = CARTESIAN_POINT('',(-1.54999925,1.078052765254,7.321217693382)
  );
#13082 = VECTOR('',#13083,1.);
#13083 = DIRECTION('',(8.659560562355E-17,0.707106781187,-0.707106781187
    ));
#13084 = PLANE('',#13085);
#13085 = AXIS2_PLACEMENT_3D('',#13086,#13087,#13088);
#13086 = CARTESIAN_POINT('',(18.70000075,1.078052765254,7.321217693382)
  );
#13087 = DIRECTION('',(-8.659560562355E-17,-0.707106781187,
    -0.707106781187));
#13088 = DIRECTION('',(1.,-1.224646799147E-16,0.));
#13089 = ADVANCED_FACE('',(#13090),#13101,.F.);
#13090 = FACE_BOUND('',#13091,.T.);
#13091 = EDGE_LOOP('',(#13092,#13098,#13099,#13100));
#13092 = ORIENTED_EDGE('',*,*,#13093,.F.);
#13093 = EDGE_CURVE('',#3730,#13039,#13094,.T.);
#13094 = LINE('',#13095,#13096);
#13095 = CARTESIAN_POINT('',(18.70000075,1.078052765254,7.321217693382)
  );
#13096 = VECTOR('',#13097,1.);
#13097 = DIRECTION('',(-1.,1.224646799147E-16,0.));
#13098 = ORIENTED_EDGE('',*,*,#3729,.T.);
#13099 = ORIENTED_EDGE('',*,*,#2713,.T.);
#13100 = ORIENTED_EDGE('',*,*,#13046,.T.);
#13101 = PLANE('',#13102);
#13102 = AXIS2_PLACEMENT_3D('',#13103,#13104,#13105);
#13103 = CARTESIAN_POINT('',(18.70000075,1.078052765254,7.321217693382)
  );
#13104 = DIRECTION('',(-8.659560562355E-17,-0.707106781187,
    -0.707106781187));
#13105 = DIRECTION('',(1.,-1.224646799147E-16,0.));
#13106 = ADVANCED_FACE('',(#13107),#13132,.T.);
#13107 = FACE_BOUND('',#13108,.T.);
#13108 = EDGE_LOOP('',(#13109,#13117,#13118,#13126));
#13109 = ORIENTED_EDGE('',*,*,#13110,.F.);
#13110 = EDGE_CURVE('',#2746,#13111,#13113,.T.);
#13111 = VERTEX_POINT('',#13112);
#13112 = CARTESIAN_POINT('',(-1.44999925,1.236631409017,7.021217693382)
  );
#13113 = LINE('',#13114,#13115);
#13114 = CARTESIAN_POINT('',(-1.54999925,1.278052765254,7.121217693382)
  );
#13115 = VECTOR('',#13116,1.);
#13116 = DIRECTION('',(0.678598344546,-0.281084637715,-0.678598344546));
#13117 = ORIENTED_EDGE('',*,*,#13079,.F.);
#13118 = ORIENTED_EDGE('',*,*,#13119,.T.);
#13119 = EDGE_CURVE('',#13072,#13120,#13122,.T.);
#13120 = VERTEX_POINT('',#13121);
#13121 = CARTESIAN_POINT('',(-1.44999925,0.978052765254,7.279796337145)
  );
#13122 = LINE('',#13123,#13124);
#13123 = CARTESIAN_POINT('',(-1.54999925,1.078052765254,7.321217693382)
  );
#13124 = VECTOR('',#13125,1.);
#13125 = DIRECTION('',(0.678598344546,-0.678598344546,-0.281084637715));
#13126 = ORIENTED_EDGE('',*,*,#13127,.T.);
#13127 = EDGE_CURVE('',#13120,#13111,#13128,.T.);
#13128 = LINE('',#13129,#13130);
#13129 = CARTESIAN_POINT('',(-1.44999925,0.978052765254,7.279796337145)
  );
#13130 = VECTOR('',#13131,1.);
#13131 = DIRECTION('',(8.659560562355E-17,0.707106781187,-0.707106781187
    ));
#13132 = PLANE('',#13133);
#13133 = AXIS2_PLACEMENT_3D('',#13134,#13135,#13136);
#13134 = CARTESIAN_POINT('',(-1.49999925,1.142697426195,7.185862354323)
  );
#13135 = DIRECTION('',(0.707106781187,0.5,0.5));
#13136 = DIRECTION('',(0.57735026919,-1.094909015584E-16,-0.816496580928
    ));
#13137 = ADVANCED_FACE('',(#13138),#13187,.T.);
#13138 = FACE_BOUND('',#13139,.T.);
#13139 = EDGE_LOOP('',(#13140,#13148,#13149,#13157,#13165,#13173,#13179,
    #13180,#13181));
#13140 = ORIENTED_EDGE('',*,*,#13141,.F.);
#13141 = EDGE_CURVE('',#13111,#13142,#13144,.T.);
#13142 = VERTEX_POINT('',#13143);
#13143 = CARTESIAN_POINT('',(-1.44999925,1.648052765254,7.021217693382)
  );
#13144 = LINE('',#13145,#13146);
#13145 = CARTESIAN_POINT('',(-1.44999925,1.236631409017,7.021217693382)
  );
#13146 = VECTOR('',#13147,1.);
#13147 = DIRECTION('',(1.224646799147E-16,1.,1.224646799147E-16));
#13148 = ORIENTED_EDGE('',*,*,#13127,.F.);
#13149 = ORIENTED_EDGE('',*,*,#13150,.F.);
#13150 = EDGE_CURVE('',#13151,#13120,#13153,.T.);
#13151 = VERTEX_POINT('',#13152);
#13152 = CARTESIAN_POINT('',(-1.44999925,0.978052765254,7.679796337145)
  );
#13153 = LINE('',#13154,#13155);
#13154 = CARTESIAN_POINT('',(-1.44999925,0.978052765254,7.679796337145)
  );
#13155 = VECTOR('',#13156,1.);
#13156 = DIRECTION('',(1.499759782662E-32,1.224646799147E-16,-1.));
#13157 = ORIENTED_EDGE('',*,*,#13158,.F.);
#13158 = EDGE_CURVE('',#13159,#13151,#13161,.T.);
#13159 = VERTEX_POINT('',#13160);
#13160 = CARTESIAN_POINT('',(-1.44999925,0.836631409017,7.821217693382)
  );
#13161 = LINE('',#13162,#13163);
#13162 = CARTESIAN_POINT('',(-1.44999925,0.836631409017,7.821217693382)
  );
#13163 = VECTOR('',#13164,1.);
#13164 = DIRECTION('',(8.659560562355E-17,0.707106781187,-0.707106781187
    ));
#13165 = ORIENTED_EDGE('',*,*,#13166,.F.);
#13166 = EDGE_CURVE('',#13167,#13159,#13169,.T.);
#13167 = VERTEX_POINT('',#13168);
#13168 = CARTESIAN_POINT('',(-1.44999925,0.188052765254,7.821217693382)
  );
#13169 = LINE('',#13170,#13171);
#13170 = CARTESIAN_POINT('',(-1.44999925,0.188052765254,7.821217693382)
  );
#13171 = VECTOR('',#13172,1.);
#13172 = DIRECTION('',(1.224646799147E-16,1.,1.224646799147E-16));
#13173 = ORIENTED_EDGE('',*,*,#13174,.T.);
#13174 = EDGE_CURVE('',#13167,#5102,#13175,.T.);
#13175 = LINE('',#13176,#13177);
#13176 = CARTESIAN_POINT('',(-1.44999925,0.188052765254,7.821217693382)
  );
#13177 = VECTOR('',#13178,1.);
#13178 = DIRECTION('',(1.264733527509E-14,0.707106781187,-0.707106781187
    ));
#13179 = ORIENTED_EDGE('',*,*,#5101,.T.);
#13180 = ORIENTED_EDGE('',*,*,#1948,.T.);
#13181 = ORIENTED_EDGE('',*,*,#13182,.T.);
#13182 = EDGE_CURVE('',#1941,#13142,#13183,.T.);
#13183 = LINE('',#13184,#13185);
#13184 = CARTESIAN_POINT('',(-1.44999925,1.648052765254,1.721217693382)
  );
#13185 = VECTOR('',#13186,1.);
#13186 = DIRECTION('',(-1.499759782662E-32,-1.224646799147E-16,1.));
#13187 = PLANE('',#13188);
#13188 = AXIS2_PLACEMENT_3D('',#13189,#13190,#13191);
#13189 = CARTESIAN_POINT('',(-1.44999925,2.513052765254,4.741217693382)
  );
#13190 = DIRECTION('',(1.,-1.224646799147E-16,0.));
#13191 = DIRECTION('',(1.499759782662E-32,1.224646799147E-16,-1.));
#13192 = ADVANCED_FACE('',(#13193),#13211,.T.);
#13193 = FACE_BOUND('',#13194,.T.);
#13194 = EDGE_LOOP('',(#13195,#13196,#13197,#13205));
#13195 = ORIENTED_EDGE('',*,*,#1916,.T.);
#13196 = ORIENTED_EDGE('',*,*,#2163,.T.);
#13197 = ORIENTED_EDGE('',*,*,#13198,.F.);
#13198 = EDGE_CURVE('',#13199,#2156,#13201,.T.);
#13199 = VERTEX_POINT('',#13200);
#13200 = CARTESIAN_POINT('',(-1.44999925,1.948052765254,7.021217693382)
  );
#13201 = LINE('',#13202,#13203);
#13202 = CARTESIAN_POINT('',(-1.44999925,1.948052765254,7.021217693382)
  );
#13203 = VECTOR('',#13204,1.);
#13204 = DIRECTION('',(1.224646799147E-16,1.,1.224646799147E-16));
#13205 = ORIENTED_EDGE('',*,*,#13206,.F.);
#13206 = EDGE_CURVE('',#1917,#13199,#13207,.T.);
#13207 = LINE('',#13208,#13209);
#13208 = CARTESIAN_POINT('',(-1.44999925,1.948052765254,1.721217693382)
  );
#13209 = VECTOR('',#13210,1.);
#13210 = DIRECTION('',(-1.499759782662E-32,-1.224646799147E-16,1.));
#13211 = PLANE('',#13212);
#13212 = AXIS2_PLACEMENT_3D('',#13213,#13214,#13215);
#13213 = CARTESIAN_POINT('',(-1.44999925,2.513052765254,4.741217693382)
  );
#13214 = DIRECTION('',(1.,-1.224646799147E-16,0.));
#13215 = DIRECTION('',(1.499759782662E-32,1.224646799147E-16,-1.));
#13216 = ADVANCED_FACE('',(#13217),#13243,.T.);
#13217 = FACE_BOUND('',#13218,.T.);
#13218 = EDGE_LOOP('',(#13219,#13227,#13235,#13241,#13242));
#13219 = ORIENTED_EDGE('',*,*,#13220,.F.);
#13220 = EDGE_CURVE('',#13221,#1933,#13223,.T.);
#13221 = VERTEX_POINT('',#13222);
#13222 = CARTESIAN_POINT('',(-1.38999925,1.648052765254,7.121217693382)
  );
#13223 = LINE('',#13224,#13225);
#13224 = CARTESIAN_POINT('',(-1.38999925,1.648052765254,7.121217693382)
  );
#13225 = VECTOR('',#13226,1.);
#13226 = DIRECTION('',(1.499759782662E-32,1.224646799147E-16,-1.));
#13227 = ORIENTED_EDGE('',*,*,#13228,.F.);
#13228 = EDGE_CURVE('',#13229,#13221,#13231,.T.);
#13229 = VERTEX_POINT('',#13230);
#13230 = CARTESIAN_POINT('',(-1.44999925,1.648052765254,7.121217693382)
  );
#13231 = LINE('',#13232,#13233);
#13232 = CARTESIAN_POINT('',(-1.44999925,1.648052765254,7.121217693382)
  );
#13233 = VECTOR('',#13234,1.);
#13234 = DIRECTION('',(1.,-1.224646799147E-16,0.));
#13235 = ORIENTED_EDGE('',*,*,#13236,.T.);
#13236 = EDGE_CURVE('',#13229,#13142,#13237,.T.);
#13237 = LINE('',#13238,#13239);
#13238 = CARTESIAN_POINT('',(-1.44999925,1.648052765254,7.121217693382)
  );
#13239 = VECTOR('',#13240,1.);
#13240 = DIRECTION('',(-1.7763568394E-14,1.224646799147E-16,-1.));
#13241 = ORIENTED_EDGE('',*,*,#13182,.F.);
#13242 = ORIENTED_EDGE('',*,*,#1940,.T.);
#13243 = PLANE('',#13244);
#13244 = AXIS2_PLACEMENT_3D('',#13245,#13246,#13247);
#13245 = CARTESIAN_POINT('',(-1.44999925,1.648052765254,7.121217693382)
  );
#13246 = DIRECTION('',(-1.224646799147E-16,-1.,-1.224646799147E-16));
#13247 = DIRECTION('',(-1.499759782662E-32,-1.224646799147E-16,1.));
#13248 = ADVANCED_FACE('',(#13249),#13272,.T.);
#13249 = FACE_BOUND('',#13250,.T.);
#13250 = EDGE_LOOP('',(#13251,#13252,#13260,#13266));
#13251 = ORIENTED_EDGE('',*,*,#13236,.F.);
#13252 = ORIENTED_EDGE('',*,*,#13253,.F.);
#13253 = EDGE_CURVE('',#13254,#13229,#13256,.T.);
#13254 = VERTEX_POINT('',#13255);
#13255 = CARTESIAN_POINT('',(-1.44999925,1.948052765254,7.121217693382)
  );
#13256 = LINE('',#13257,#13258);
#13257 = CARTESIAN_POINT('',(-1.44999925,1.948052765254,7.121217693382)
  );
#13258 = VECTOR('',#13259,1.);
#13259 = DIRECTION('',(-1.224646799147E-16,-1.,-1.224646799147E-16));
#13260 = ORIENTED_EDGE('',*,*,#13261,.T.);
#13261 = EDGE_CURVE('',#13254,#13199,#13262,.T.);
#13262 = LINE('',#13263,#13264);
#13263 = CARTESIAN_POINT('',(-1.44999925,1.948052765254,7.121217693382)
  );
#13264 = VECTOR('',#13265,1.);
#13265 = DIRECTION('',(-1.7763568394E-14,1.224646799147E-16,-1.));
#13266 = ORIENTED_EDGE('',*,*,#13267,.T.);
#13267 = EDGE_CURVE('',#13199,#13142,#13268,.T.);
#13268 = LINE('',#13269,#13270);
#13269 = CARTESIAN_POINT('',(-1.44999925,1.948052765254,7.021217693382)
  );
#13270 = VECTOR('',#13271,1.);
#13271 = DIRECTION('',(-1.224646799147E-16,-1.,-1.224646799147E-16));
#13272 = PLANE('',#13273);
#13273 = AXIS2_PLACEMENT_3D('',#13274,#13275,#13276);
#13274 = CARTESIAN_POINT('',(-1.44999925,1.948052765254,7.121217693382)
  );
#13275 = DIRECTION('',(-1.,1.224646799147E-16,0.));
#13276 = DIRECTION('',(1.224646799147E-16,1.,1.224646799147E-16));
#13277 = ADVANCED_FACE('',(#13278),#13286,.T.);
#13278 = FACE_BOUND('',#13279,.T.);
#13279 = EDGE_LOOP('',(#13280,#13281,#13282,#13283,#13284,#13285));
#13280 = ORIENTED_EDGE('',*,*,#13198,.T.);
#13281 = ORIENTED_EDGE('',*,*,#2155,.F.);
#13282 = ORIENTED_EDGE('',*,*,#2753,.F.);
#13283 = ORIENTED_EDGE('',*,*,#13110,.T.);
#13284 = ORIENTED_EDGE('',*,*,#13141,.T.);
#13285 = ORIENTED_EDGE('',*,*,#13267,.F.);
#13286 = PLANE('',#13287);
#13287 = AXIS2_PLACEMENT_3D('',#13288,#13289,#13290);
#13288 = CARTESIAN_POINT('',(-1.49999925,2.343052765254,7.071217693382)
  );
#13289 = DIRECTION('',(0.707106781186,-1.731912112471E-16,0.707106781187
    ));
#13290 = DIRECTION('',(0.707106781187,-1.225199593421E-29,
    -0.707106781186));
#13291 = ADVANCED_FACE('',(#13292),#13311,.T.);
#13292 = FACE_BOUND('',#13293,.T.);
#13293 = EDGE_LOOP('',(#13294,#13295,#13296,#13304,#13310));
#13294 = ORIENTED_EDGE('',*,*,#13206,.T.);
#13295 = ORIENTED_EDGE('',*,*,#13261,.F.);
#13296 = ORIENTED_EDGE('',*,*,#13297,.F.);
#13297 = EDGE_CURVE('',#13298,#13254,#13300,.T.);
#13298 = VERTEX_POINT('',#13299);
#13299 = CARTESIAN_POINT('',(-1.38999925,1.948052765254,7.121217693382)
  );
#13300 = LINE('',#13301,#13302);
#13301 = CARTESIAN_POINT('',(-1.38999925,1.948052765254,7.121217693382)
  );
#13302 = VECTOR('',#13303,1.);
#13303 = DIRECTION('',(-1.,1.224646799147E-16,0.));
#13304 = ORIENTED_EDGE('',*,*,#13305,.T.);
#13305 = EDGE_CURVE('',#13298,#1925,#13306,.T.);
#13306 = LINE('',#13307,#13308);
#13307 = CARTESIAN_POINT('',(-1.38999925,1.948052765254,7.121217693382)
  );
#13308 = VECTOR('',#13309,1.);
#13309 = DIRECTION('',(1.499759782662E-32,1.224646799147E-16,-1.));
#13310 = ORIENTED_EDGE('',*,*,#1924,.F.);
#13311 = PLANE('',#13312);
#13312 = AXIS2_PLACEMENT_3D('',#13313,#13314,#13315);
#13313 = CARTESIAN_POINT('',(-1.38999925,1.948052765254,7.121217693382)
  );
#13314 = DIRECTION('',(1.224646799147E-16,1.,1.224646799147E-16));
#13315 = DIRECTION('',(-1.,1.224646799147E-16,0.));
#13316 = ADVANCED_FACE('',(#13317),#13328,.T.);
#13317 = FACE_BOUND('',#13318,.T.);
#13318 = EDGE_LOOP('',(#13319,#13320,#13326,#13327));
#13319 = ORIENTED_EDGE('',*,*,#13305,.F.);
#13320 = ORIENTED_EDGE('',*,*,#13321,.F.);
#13321 = EDGE_CURVE('',#13221,#13298,#13322,.T.);
#13322 = LINE('',#13323,#13324);
#13323 = CARTESIAN_POINT('',(-1.38999925,1.648052765254,7.121217693382)
  );
#13324 = VECTOR('',#13325,1.);
#13325 = DIRECTION('',(1.224646799147E-16,1.,1.224646799147E-16));
#13326 = ORIENTED_EDGE('',*,*,#13220,.T.);
#13327 = ORIENTED_EDGE('',*,*,#1932,.T.);
#13328 = PLANE('',#13329);
#13329 = AXIS2_PLACEMENT_3D('',#13330,#13331,#13332);
#13330 = CARTESIAN_POINT('',(-1.38999925,1.648052765254,7.121217693382)
  );
#13331 = DIRECTION('',(1.,-1.224646799147E-16,0.));
#13332 = DIRECTION('',(1.499759782662E-32,1.224646799147E-16,-1.));
#13333 = ADVANCED_FACE('',(#13334),#13352,.T.);
#13334 = FACE_BOUND('',#13335,.T.);
#13335 = EDGE_LOOP('',(#13336,#13344,#13350,#13351));
#13336 = ORIENTED_EDGE('',*,*,#13337,.T.);
#13337 = EDGE_CURVE('',#12959,#13338,#13340,.T.);
#13338 = VERTEX_POINT('',#13339);
#13339 = CARTESIAN_POINT('',(17.89000075,1.648052765254,7.121217693382)
  );
#13340 = LINE('',#13341,#13342);
#13341 = CARTESIAN_POINT('',(17.89000075,1.948052765254,7.121217693382)
  );
#13342 = VECTOR('',#13343,1.);
#13343 = DIRECTION('',(-1.224646799147E-16,-1.,-1.224646799147E-16));
#13344 = ORIENTED_EDGE('',*,*,#13345,.T.);
#13345 = EDGE_CURVE('',#13338,#12991,#13346,.T.);
#13346 = LINE('',#13347,#13348);
#13347 = CARTESIAN_POINT('',(17.89000075,1.648052765254,7.121217693382)
  );
#13348 = VECTOR('',#13349,1.);
#13349 = DIRECTION('',(1.,-1.224646799147E-16,0.));
#13350 = ORIENTED_EDGE('',*,*,#12990,.T.);
#13351 = ORIENTED_EDGE('',*,*,#12966,.T.);
#13352 = PLANE('',#13353);
#13353 = AXIS2_PLACEMENT_3D('',#13354,#13355,#13356);
#13354 = CARTESIAN_POINT('',(18.70000075,3.188052765254,7.121217693382)
  );
#13355 = DIRECTION('',(-1.499759782662E-32,-1.224646799147E-16,1.));
#13356 = DIRECTION('',(-1.224646799147E-16,-1.,-1.224646799147E-16));
#13357 = ADVANCED_FACE('',(#13358),#13364,.T.);
#13358 = FACE_BOUND('',#13359,.T.);
#13359 = EDGE_LOOP('',(#13360,#13361,#13362,#13363));
#13360 = ORIENTED_EDGE('',*,*,#13228,.T.);
#13361 = ORIENTED_EDGE('',*,*,#13321,.T.);
#13362 = ORIENTED_EDGE('',*,*,#13297,.T.);
#13363 = ORIENTED_EDGE('',*,*,#13253,.T.);
#13364 = PLANE('',#13365);
#13365 = AXIS2_PLACEMENT_3D('',#13366,#13367,#13368);
#13366 = CARTESIAN_POINT('',(18.70000075,3.188052765254,7.121217693382)
  );
#13367 = DIRECTION('',(-1.499759782662E-32,-1.224646799147E-16,1.));
#13368 = DIRECTION('',(-1.224646799147E-16,-1.,-1.224646799147E-16));
#13369 = ADVANCED_FACE('',(#13370),#13382,.T.);
#13370 = FACE_BOUND('',#13371,.T.);
#13371 = EDGE_LOOP('',(#13372,#13373,#13374,#13375,#13381));
#13372 = ORIENTED_EDGE('',*,*,#12944,.T.);
#13373 = ORIENTED_EDGE('',*,*,#12998,.F.);
#13374 = ORIENTED_EDGE('',*,*,#13345,.F.);
#13375 = ORIENTED_EDGE('',*,*,#13376,.T.);
#13376 = EDGE_CURVE('',#13338,#1982,#13377,.T.);
#13377 = LINE('',#13378,#13379);
#13378 = CARTESIAN_POINT('',(17.89000075,1.648052765254,7.121217693382)
  );
#13379 = VECTOR('',#13380,1.);
#13380 = DIRECTION('',(1.499759782662E-32,1.224646799147E-16,-1.));
#13381 = ORIENTED_EDGE('',*,*,#1981,.F.);
#13382 = PLANE('',#13383);
#13383 = AXIS2_PLACEMENT_3D('',#13384,#13385,#13386);
#13384 = CARTESIAN_POINT('',(17.89000075,1.648052765254,7.121217693382)
  );
#13385 = DIRECTION('',(-1.224646799147E-16,-1.,-1.224646799147E-16));
#13386 = DIRECTION('',(-1.499759782662E-32,-1.224646799147E-16,1.));
#13387 = ADVANCED_FACE('',(#13388),#13394,.T.);
#13388 = FACE_BOUND('',#13389,.T.);
#13389 = EDGE_LOOP('',(#13390,#13391,#13392,#13393));
#13390 = ORIENTED_EDGE('',*,*,#13376,.F.);
#13391 = ORIENTED_EDGE('',*,*,#13337,.F.);
#13392 = ORIENTED_EDGE('',*,*,#12958,.T.);
#13393 = ORIENTED_EDGE('',*,*,#1989,.T.);
#13394 = PLANE('',#13395);
#13395 = AXIS2_PLACEMENT_3D('',#13396,#13397,#13398);
#13396 = CARTESIAN_POINT('',(17.89000075,1.948052765254,7.121217693382)
  );
#13397 = DIRECTION('',(-1.,1.224646799147E-16,0.));
#13398 = DIRECTION('',(1.224646799147E-16,1.,1.224646799147E-16));
#13399 = ADVANCED_FACE('',(#13400),#13417,.T.);
#13400 = FACE_BOUND('',#13401,.T.);
#13401 = EDGE_LOOP('',(#13402,#13403,#13409,#13410,#13411));
#13402 = ORIENTED_EDGE('',*,*,#4547,.T.);
#13403 = ORIENTED_EDGE('',*,*,#13404,.F.);
#13404 = EDGE_CURVE('',#12897,#4540,#13405,.T.);
#13405 = LINE('',#13406,#13407);
#13406 = CARTESIAN_POINT('',(17.95000075,0.188052765254,7.821217693382)
  );
#13407 = VECTOR('',#13408,1.);
#13408 = DIRECTION('',(0.57735026919,-0.57735026919,0.57735026919));
#13409 = ORIENTED_EDGE('',*,*,#12896,.T.);
#13410 = ORIENTED_EDGE('',*,*,#5159,.F.);
#13411 = ORIENTED_EDGE('',*,*,#13412,.T.);
#13412 = EDGE_CURVE('',#5152,#4548,#13413,.T.);
#13413 = LINE('',#13414,#13415);
#13414 = CARTESIAN_POINT('',(15.95000075,0.288052765254,7.721217693382)
  );
#13415 = VECTOR('',#13416,1.);
#13416 = DIRECTION('',(-8.659560562355E-17,-0.707106781187,
    0.707106781187));
#13417 = PLANE('',#13418);
#13418 = AXIS2_PLACEMENT_3D('',#13419,#13420,#13421);
#13419 = CARTESIAN_POINT('',(8.25000075,0.188052765254,7.821217693382));
#13420 = DIRECTION('',(8.659560562355E-17,0.707106781187,0.707106781187)
  );
#13421 = DIRECTION('',(1.,-1.224646799147E-16,0.));
#13422 = ADVANCED_FACE('',(#13423),#13440,.T.);
#13423 = FACE_BOUND('',#13424,.T.);
#13424 = EDGE_LOOP('',(#13425,#13426,#13427,#13433,#13434));
#13425 = ORIENTED_EDGE('',*,*,#5109,.F.);
#13426 = ORIENTED_EDGE('',*,*,#13174,.F.);
#13427 = ORIENTED_EDGE('',*,*,#13428,.T.);
#13428 = EDGE_CURVE('',#13167,#4578,#13429,.T.);
#13429 = LINE('',#13430,#13431);
#13430 = CARTESIAN_POINT('',(-1.44999925,0.188052765254,7.821217693382)
  );
#13431 = VECTOR('',#13432,1.);
#13432 = DIRECTION('',(-0.57735026919,-0.57735026919,0.57735026919));
#13433 = ORIENTED_EDGE('',*,*,#4577,.T.);
#13434 = ORIENTED_EDGE('',*,*,#13435,.F.);
#13435 = EDGE_CURVE('',#5110,#4580,#13436,.T.);
#13436 = LINE('',#13437,#13438);
#13437 = CARTESIAN_POINT('',(0.55000075,0.288052765254,7.721217693382));
#13438 = VECTOR('',#13439,1.);
#13439 = DIRECTION('',(-8.659560562355E-17,-0.707106781187,
    0.707106781187));
#13440 = PLANE('',#13441);
#13441 = AXIS2_PLACEMENT_3D('',#13442,#13443,#13444);
#13442 = CARTESIAN_POINT('',(8.25000075,0.188052765254,7.821217693382));
#13443 = DIRECTION('',(8.659560562355E-17,0.707106781187,0.707106781187)
  );
#13444 = DIRECTION('',(1.,-1.224646799147E-16,0.));
#13445 = ADVANCED_FACE('',(#13446),#13458,.F.);
#13446 = FACE_BOUND('',#13447,.T.);
#13447 = EDGE_LOOP('',(#13448,#13449,#13450,#13456,#13457));
#13448 = ORIENTED_EDGE('',*,*,#13412,.F.);
#13449 = ORIENTED_EDGE('',*,*,#5151,.T.);
#13450 = ORIENTED_EDGE('',*,*,#13451,.F.);
#13451 = EDGE_CURVE('',#4632,#5144,#13452,.T.);
#13452 = LINE('',#13453,#13454);
#13453 = CARTESIAN_POINT('',(15.95000075,-0.461947234746,7.121217693382)
  );
#13454 = VECTOR('',#13455,1.);
#13455 = DIRECTION('',(1.224646799147E-16,1.,1.224646799147E-16));
#13456 = ORIENTED_EDGE('',*,*,#4631,.F.);
#13457 = ORIENTED_EDGE('',*,*,#4555,.T.);
#13458 = PLANE('',#13459);
#13459 = AXIS2_PLACEMENT_3D('',#13460,#13461,#13462);
#13460 = CARTESIAN_POINT('',(15.95000075,-0.461947234746,7.921217693382)
  );
#13461 = DIRECTION('',(1.,-1.224646799147E-16,0.));
#13462 = DIRECTION('',(1.499759782662E-32,1.224646799147E-16,-1.));
#13463 = ADVANCED_FACE('',(#13464),#13480,.F.);
#13464 = FACE_BOUND('',#13465,.T.);
#13465 = EDGE_LOOP('',(#13466,#13472,#13473,#13479));
#13466 = ORIENTED_EDGE('',*,*,#13467,.T.);
#13467 = EDGE_CURVE('',#5118,#4492,#13468,.T.);
#13468 = LINE('',#13469,#13470);
#13469 = CARTESIAN_POINT('',(0.55000075,0.288052765254,7.121217693382));
#13470 = VECTOR('',#13471,1.);
#13471 = DIRECTION('',(-1.224646799147E-16,-1.,-1.224646799147E-16));
#13472 = ORIENTED_EDGE('',*,*,#4491,.T.);
#13473 = ORIENTED_EDGE('',*,*,#13474,.T.);
#13474 = EDGE_CURVE('',#4484,#5126,#13475,.T.);
#13475 = LINE('',#13476,#13477);
#13476 = CARTESIAN_POINT('',(1.30000075,-0.461947234746,7.121217693382)
  );
#13477 = VECTOR('',#13478,1.);
#13478 = DIRECTION('',(1.224646799147E-16,1.,1.224646799147E-16));
#13479 = ORIENTED_EDGE('',*,*,#5125,.F.);
#13480 = PLANE('',#13481);
#13481 = AXIS2_PLACEMENT_3D('',#13482,#13483,#13484);
#13482 = CARTESIAN_POINT('',(18.70000075,1.278052765254,7.121217693382)
  );
#13483 = DIRECTION('',(1.499759782662E-32,1.224646799147E-16,-1.));
#13484 = DIRECTION('',(-1.,1.224646799147E-16,0.));
#13485 = ADVANCED_FACE('',(#13486),#13492,.F.);
#13486 = FACE_BOUND('',#13487,.T.);
#13487 = EDGE_LOOP('',(#13488,#13489,#13490,#13491));
#13488 = ORIENTED_EDGE('',*,*,#4725,.T.);
#13489 = ORIENTED_EDGE('',*,*,#4639,.T.);
#13490 = ORIENTED_EDGE('',*,*,#13451,.T.);
#13491 = ORIENTED_EDGE('',*,*,#5143,.F.);
#13492 = PLANE('',#13493);
#13493 = AXIS2_PLACEMENT_3D('',#13494,#13495,#13496);
#13494 = CARTESIAN_POINT('',(18.70000075,1.278052765254,7.121217693382)
  );
#13495 = DIRECTION('',(1.499759782662E-32,1.224646799147E-16,-1.));
#13496 = DIRECTION('',(-1.,1.224646799147E-16,0.));
#13497 = ADVANCED_FACE('',(#13498),#13504,.F.);
#13498 = FACE_BOUND('',#13499,.T.);
#13499 = EDGE_LOOP('',(#13500,#13501,#13502,#13503));
#13500 = ORIENTED_EDGE('',*,*,#5133,.T.);
#13501 = ORIENTED_EDGE('',*,*,#13474,.F.);
#13502 = ORIENTED_EDGE('',*,*,#4483,.F.);
#13503 = ORIENTED_EDGE('',*,*,#4442,.F.);
#13504 = PLANE('',#13505);
#13505 = AXIS2_PLACEMENT_3D('',#13506,#13507,#13508);
#13506 = CARTESIAN_POINT('',(1.30000075,-0.461947234746,7.921217693382)
  );
#13507 = DIRECTION('',(1.,-1.224646799147E-16,0.));
#13508 = DIRECTION('',(1.499759782662E-32,1.224646799147E-16,-1.));
#13509 = ADVANCED_FACE('',(#13510),#13517,.F.);
#13510 = FACE_BOUND('',#13511,.T.);
#13511 = EDGE_LOOP('',(#13512,#13513,#13514,#13515,#13516));
#13512 = ORIENTED_EDGE('',*,*,#4499,.T.);
#13513 = ORIENTED_EDGE('',*,*,#13467,.F.);
#13514 = ORIENTED_EDGE('',*,*,#5117,.F.);
#13515 = ORIENTED_EDGE('',*,*,#13435,.T.);
#13516 = ORIENTED_EDGE('',*,*,#4617,.T.);
#13517 = PLANE('',#13518);
#13518 = AXIS2_PLACEMENT_3D('',#13519,#13520,#13521);
#13519 = CARTESIAN_POINT('',(0.55000075,0.288052765254,7.921217693382));
#13520 = DIRECTION('',(-1.,1.224646799147E-16,0.));
#13521 = DIRECTION('',(1.224646799147E-16,1.,1.224646799147E-16));
#13522 = ADVANCED_FACE('',(#13523),#13534,.T.);
#13523 = FACE_BOUND('',#13524,.T.);
#13524 = EDGE_LOOP('',(#13525,#13526,#13527,#13533));
#13525 = ORIENTED_EDGE('',*,*,#13404,.T.);
#13526 = ORIENTED_EDGE('',*,*,#4539,.F.);
#13527 = ORIENTED_EDGE('',*,*,#13528,.T.);
#13528 = EDGE_CURVE('',#4532,#12905,#13529,.T.);
#13529 = LINE('',#13530,#13531);
#13530 = CARTESIAN_POINT('',(18.05000075,0.878052765254,7.921217693382)
  );
#13531 = VECTOR('',#13532,1.);
#13532 = DIRECTION('',(-0.678598344546,-0.281084637715,-0.678598344546)
  );
#13533 = ORIENTED_EDGE('',*,*,#12904,.T.);
#13534 = PLANE('',#13535);
#13535 = AXIS2_PLACEMENT_3D('',#13536,#13537,#13538);
#13536 = CARTESIAN_POINT('',(18.00000075,0.583052765254,7.871217693382)
  );
#13537 = DIRECTION('',(-0.707106781187,0.,0.707106781187));
#13538 = DIRECTION('',(-1.224646799147E-16,-1.,-1.224646799147E-16));
#13539 = ADVANCED_FACE('',(#13540),#13558,.T.);
#13540 = FACE_BOUND('',#13541,.T.);
#13541 = EDGE_LOOP('',(#13542,#13543,#13551,#13557));
#13542 = ORIENTED_EDGE('',*,*,#13528,.F.);
#13543 = ORIENTED_EDGE('',*,*,#13544,.F.);
#13544 = EDGE_CURVE('',#13545,#4532,#13547,.T.);
#13545 = VERTEX_POINT('',#13546);
#13546 = CARTESIAN_POINT('',(18.05000075,1.078052765254,7.721217693382)
  );
#13547 = LINE('',#13548,#13549);
#13548 = CARTESIAN_POINT('',(18.05000075,1.078052765254,7.721217693382)
  );
#13549 = VECTOR('',#13550,1.);
#13550 = DIRECTION('',(-8.659560562355E-17,-0.707106781187,
    0.707106781187));
#13551 = ORIENTED_EDGE('',*,*,#13552,.T.);
#13552 = EDGE_CURVE('',#13545,#12913,#13553,.T.);
#13553 = LINE('',#13554,#13555);
#13554 = CARTESIAN_POINT('',(18.05000075,1.078052765254,7.721217693382)
  );
#13555 = VECTOR('',#13556,1.);
#13556 = DIRECTION('',(-0.678598344546,-0.678598344546,-0.281084637715)
  );
#13557 = ORIENTED_EDGE('',*,*,#12912,.T.);
#13558 = PLANE('',#13559);
#13559 = AXIS2_PLACEMENT_3D('',#13560,#13561,#13562);
#13560 = CARTESIAN_POINT('',(18.00000075,0.942697426195,7.785862354323)
  );
#13561 = DIRECTION('',(-0.707106781187,0.5,0.5));
#13562 = DIRECTION('',(-8.659560562355E-17,-0.707106781187,
    0.707106781187));
#13563 = ADVANCED_FACE('',(#13564),#13575,.T.);
#13564 = FACE_BOUND('',#13565,.T.);
#13565 = EDGE_LOOP('',(#13566,#13567,#13573,#13574));
#13566 = ORIENTED_EDGE('',*,*,#13552,.F.);
#13567 = ORIENTED_EDGE('',*,*,#13568,.F.);
#13568 = EDGE_CURVE('',#13039,#13545,#13569,.T.);
#13569 = LINE('',#13570,#13571);
#13570 = CARTESIAN_POINT('',(18.05000075,1.078052765254,7.321217693382)
  );
#13571 = VECTOR('',#13572,1.);
#13572 = DIRECTION('',(-1.499759782662E-32,-1.224646799147E-16,1.));
#13573 = ORIENTED_EDGE('',*,*,#13038,.T.);
#13574 = ORIENTED_EDGE('',*,*,#12920,.T.);
#13575 = PLANE('',#13576);
#13576 = AXIS2_PLACEMENT_3D('',#13577,#13578,#13579);
#13577 = CARTESIAN_POINT('',(18.00000075,1.028052765254,7.521217693382)
  );
#13578 = DIRECTION('',(-0.707106781187,0.707106781186,8.659560562354E-17
    ));
#13579 = DIRECTION('',(-1.499759782662E-32,-1.224646799147E-16,1.));
#13580 = ADVANCED_FACE('',(#13581),#13606,.F.);
#13581 = FACE_BOUND('',#13582,.T.);
#13582 = EDGE_LOOP('',(#13583,#13584,#13592,#13600));
#13583 = ORIENTED_EDGE('',*,*,#13071,.T.);
#13584 = ORIENTED_EDGE('',*,*,#13585,.F.);
#13585 = EDGE_CURVE('',#13586,#13064,#13588,.T.);
#13586 = VERTEX_POINT('',#13587);
#13587 = CARTESIAN_POINT('',(-2.19999925,1.078052765254,7.721217693382)
  );
#13588 = LINE('',#13589,#13590);
#13589 = CARTESIAN_POINT('',(-2.19999925,1.078052765254,7.721217693382)
  );
#13590 = VECTOR('',#13591,1.);
#13591 = DIRECTION('',(1.499759782662E-32,1.224646799147E-16,-1.));
#13592 = ORIENTED_EDGE('',*,*,#13593,.F.);
#13593 = EDGE_CURVE('',#13594,#13586,#13596,.T.);
#13594 = VERTEX_POINT('',#13595);
#13595 = CARTESIAN_POINT('',(-1.54999925,1.078052765254,7.721217693382)
  );
#13596 = LINE('',#13597,#13598);
#13597 = CARTESIAN_POINT('',(-1.54999925,1.078052765254,7.721217693382)
  );
#13598 = VECTOR('',#13599,1.);
#13599 = DIRECTION('',(-1.,1.224646799147E-16,0.));
#13600 = ORIENTED_EDGE('',*,*,#13601,.T.);
#13601 = EDGE_CURVE('',#13594,#13072,#13602,.T.);
#13602 = LINE('',#13603,#13604);
#13603 = CARTESIAN_POINT('',(-1.54999925,1.078052765254,7.721217693382)
  );
#13604 = VECTOR('',#13605,1.);
#13605 = DIRECTION('',(1.499759782662E-32,1.224646799147E-16,-1.));
#13606 = PLANE('',#13607);
#13607 = AXIS2_PLACEMENT_3D('',#13608,#13609,#13610);
#13608 = CARTESIAN_POINT('',(18.70000075,1.078052765254,7.721217693382)
  );
#13609 = DIRECTION('',(-1.224646799147E-16,-1.,-1.224646799147E-16));
#13610 = DIRECTION('',(-1.499759782662E-32,-1.224646799147E-16,1.));
#13611 = ADVANCED_FACE('',(#13612),#13623,.F.);
#13612 = FACE_BOUND('',#13613,.T.);
#13613 = EDGE_LOOP('',(#13614,#13620,#13621,#13622));
#13614 = ORIENTED_EDGE('',*,*,#13615,.F.);
#13615 = EDGE_CURVE('',#3738,#13545,#13616,.T.);
#13616 = LINE('',#13617,#13618);
#13617 = CARTESIAN_POINT('',(18.70000075,1.078052765254,7.721217693382)
  );
#13618 = VECTOR('',#13619,1.);
#13619 = DIRECTION('',(-1.,1.224646799147E-16,0.));
#13620 = ORIENTED_EDGE('',*,*,#3737,.T.);
#13621 = ORIENTED_EDGE('',*,*,#13093,.T.);
#13622 = ORIENTED_EDGE('',*,*,#13568,.T.);
#13623 = PLANE('',#13624);
#13624 = AXIS2_PLACEMENT_3D('',#13625,#13626,#13627);
#13625 = CARTESIAN_POINT('',(18.70000075,1.078052765254,7.721217693382)
  );
#13626 = DIRECTION('',(-1.224646799147E-16,-1.,-1.224646799147E-16));
#13627 = DIRECTION('',(-1.499759782662E-32,-1.224646799147E-16,1.));
#13628 = ADVANCED_FACE('',(#13629),#13640,.T.);
#13629 = FACE_BOUND('',#13630,.T.);
#13630 = EDGE_LOOP('',(#13631,#13632,#13633,#13639));
#13631 = ORIENTED_EDGE('',*,*,#13119,.F.);
#13632 = ORIENTED_EDGE('',*,*,#13601,.F.);
#13633 = ORIENTED_EDGE('',*,*,#13634,.T.);
#13634 = EDGE_CURVE('',#13594,#13151,#13635,.T.);
#13635 = LINE('',#13636,#13637);
#13636 = CARTESIAN_POINT('',(-1.54999925,1.078052765254,7.721217693382)
  );
#13637 = VECTOR('',#13638,1.);
#13638 = DIRECTION('',(0.678598344546,-0.678598344546,-0.281084637715));
#13639 = ORIENTED_EDGE('',*,*,#13150,.T.);
#13640 = PLANE('',#13641);
#13641 = AXIS2_PLACEMENT_3D('',#13642,#13643,#13644);
#13642 = CARTESIAN_POINT('',(-1.49999925,1.028052765254,7.521217693382)
  );
#13643 = DIRECTION('',(0.707106781186,0.707106781187,8.659560562356E-17)
  );
#13644 = DIRECTION('',(1.499759782662E-32,1.224646799147E-16,-1.));
#13645 = ADVANCED_FACE('',(#13646),#13662,.T.);
#13646 = FACE_BOUND('',#13647,.T.);
#13647 = EDGE_LOOP('',(#13648,#13649,#13655,#13661));
#13648 = ORIENTED_EDGE('',*,*,#13634,.F.);
#13649 = ORIENTED_EDGE('',*,*,#13650,.F.);
#13650 = EDGE_CURVE('',#4588,#13594,#13651,.T.);
#13651 = LINE('',#13652,#13653);
#13652 = CARTESIAN_POINT('',(-1.54999925,0.878052765254,7.921217693382)
  );
#13653 = VECTOR('',#13654,1.);
#13654 = DIRECTION('',(8.659560562355E-17,0.707106781187,-0.707106781187
    ));
#13655 = ORIENTED_EDGE('',*,*,#13656,.T.);
#13656 = EDGE_CURVE('',#4588,#13159,#13657,.T.);
#13657 = LINE('',#13658,#13659);
#13658 = CARTESIAN_POINT('',(-1.54999925,0.878052765254,7.921217693382)
  );
#13659 = VECTOR('',#13660,1.);
#13660 = DIRECTION('',(0.678598344546,-0.281084637715,-0.678598344546));
#13661 = ORIENTED_EDGE('',*,*,#13158,.T.);
#13662 = PLANE('',#13663);
#13663 = AXIS2_PLACEMENT_3D('',#13664,#13665,#13666);
#13664 = CARTESIAN_POINT('',(-1.49999925,0.942697426195,7.785862354323)
  );
#13665 = DIRECTION('',(0.707106781187,0.5,0.5));
#13666 = DIRECTION('',(0.57735026919,-1.094909015584E-16,-0.816496580928
    ));
#13667 = ADVANCED_FACE('',(#13668),#13674,.T.);
#13668 = FACE_BOUND('',#13669,.T.);
#13669 = EDGE_LOOP('',(#13670,#13671,#13672,#13673));
#13670 = ORIENTED_EDGE('',*,*,#13656,.F.);
#13671 = ORIENTED_EDGE('',*,*,#4587,.F.);
#13672 = ORIENTED_EDGE('',*,*,#13428,.F.);
#13673 = ORIENTED_EDGE('',*,*,#13166,.T.);
#13674 = PLANE('',#13675);
#13675 = AXIS2_PLACEMENT_3D('',#13676,#13677,#13678);
#13676 = CARTESIAN_POINT('',(-1.49999925,0.583052765254,7.871217693382)
  );
#13677 = DIRECTION('',(0.707106781187,-1.731912112471E-16,0.707106781187
    ));
#13678 = DIRECTION('',(0.707106781187,0.,-0.707106781187));
#13679 = ADVANCED_FACE('',(#13680),#13691,.F.);
#13680 = FACE_BOUND('',#13681,.T.);
#13681 = EDGE_LOOP('',(#13682,#13683,#13689,#13690));
#13682 = ORIENTED_EDGE('',*,*,#13593,.T.);
#13683 = ORIENTED_EDGE('',*,*,#13684,.F.);
#13684 = EDGE_CURVE('',#4596,#13586,#13685,.T.);
#13685 = LINE('',#13686,#13687);
#13686 = CARTESIAN_POINT('',(-2.19999925,0.878052765254,7.921217693382)
  );
#13687 = VECTOR('',#13688,1.);
#13688 = DIRECTION('',(8.659560562355E-17,0.707106781187,-0.707106781187
    ));
#13689 = ORIENTED_EDGE('',*,*,#4595,.T.);
#13690 = ORIENTED_EDGE('',*,*,#13650,.T.);
#13691 = PLANE('',#13692);
#13692 = AXIS2_PLACEMENT_3D('',#13693,#13694,#13695);
#13693 = CARTESIAN_POINT('',(18.70000075,0.878052765254,7.921217693382)
  );
#13694 = DIRECTION('',(-8.659560562355E-17,-0.707106781187,
    -0.707106781187));
#13695 = DIRECTION('',(1.,-1.224646799147E-16,0.));
#13696 = ADVANCED_FACE('',(#13697),#13703,.F.);
#13697 = FACE_BOUND('',#13698,.T.);
#13698 = EDGE_LOOP('',(#13699,#13700,#13701,#13702));
#13699 = ORIENTED_EDGE('',*,*,#4531,.T.);
#13700 = ORIENTED_EDGE('',*,*,#3745,.T.);
#13701 = ORIENTED_EDGE('',*,*,#13615,.T.);
#13702 = ORIENTED_EDGE('',*,*,#13544,.T.);
#13703 = PLANE('',#13704);
#13704 = AXIS2_PLACEMENT_3D('',#13705,#13706,#13707);
#13705 = CARTESIAN_POINT('',(18.70000075,0.878052765254,7.921217693382)
  );
#13706 = DIRECTION('',(-8.659560562355E-17,-0.707106781187,
    -0.707106781187));
#13707 = DIRECTION('',(1.,-1.224646799147E-16,0.));
#13708 = ADVANCED_FACE('',(#13709),#13744,.T.);
#13709 = FACE_BOUND('',#13710,.T.);
#13710 = EDGE_LOOP('',(#13711,#13712,#13713,#13721,#13729,#13735,#13736,
    #13737,#13738,#13739,#13740,#13741,#13742,#13743));
#13711 = ORIENTED_EDGE('',*,*,#3614,.F.);
#13712 = ORIENTED_EDGE('',*,*,#314,.T.);
#13713 = ORIENTED_EDGE('',*,*,#13714,.T.);
#13714 = EDGE_CURVE('',#307,#13715,#13717,.T.);
#13715 = VERTEX_POINT('',#13716);
#13716 = CARTESIAN_POINT('',(-2.19999925,3.148052765254,0.221217693382)
  );
#13717 = LINE('',#13718,#13719);
#13718 = CARTESIAN_POINT('',(-2.19999925,3.148052765254,
    -2.878230661791E-02));
#13719 = VECTOR('',#13720,1.);
#13720 = DIRECTION('',(-1.499759782662E-32,-1.224646799147E-16,1.));
#13721 = ORIENTED_EDGE('',*,*,#13722,.T.);
#13722 = EDGE_CURVE('',#13715,#13723,#13725,.T.);
#13723 = VERTEX_POINT('',#13724);
#13724 = CARTESIAN_POINT('',(-2.19999925,0.138052765254,0.221217693382)
  );
#13725 = LINE('',#13726,#13727);
#13726 = CARTESIAN_POINT('',(-2.19999925,3.148052765254,0.221217693382)
  );
#13727 = VECTOR('',#13728,1.);
#13728 = DIRECTION('',(-1.224646799147E-16,-1.,-1.224646799147E-16));
#13729 = ORIENTED_EDGE('',*,*,#13730,.F.);
#13730 = EDGE_CURVE('',#283,#13723,#13731,.T.);
#13731 = LINE('',#13732,#13733);
#13732 = CARTESIAN_POINT('',(-2.19999925,0.138052765254,
    -2.878230661791E-02));
#13733 = VECTOR('',#13734,1.);
#13734 = DIRECTION('',(-1.499759782662E-32,-1.224646799147E-16,1.));
#13735 = ORIENTED_EDGE('',*,*,#282,.T.);
#13736 = ORIENTED_EDGE('',*,*,#4050,.T.);
#13737 = ORIENTED_EDGE('',*,*,#4603,.F.);
#13738 = ORIENTED_EDGE('',*,*,#13684,.T.);
#13739 = ORIENTED_EDGE('',*,*,#13585,.T.);
#13740 = ORIENTED_EDGE('',*,*,#13063,.T.);
#13741 = ORIENTED_EDGE('',*,*,#2737,.F.);
#13742 = ORIENTED_EDGE('',*,*,#3033,.F.);
#13743 = ORIENTED_EDGE('',*,*,#3472,.T.);
#13744 = PLANE('',#13745);
#13745 = AXIS2_PLACEMENT_3D('',#13746,#13747,#13748);
#13746 = CARTESIAN_POINT('',(-2.19999925,5.788052765254,
    -2.878230661791E-02));
#13747 = DIRECTION('',(-1.,1.224646799147E-16,0.));
#13748 = DIRECTION('',(1.224646799147E-16,1.,1.224646799147E-16));
#13749 = ADVANCED_FACE('',(#13750),#13768,.T.);
#13750 = FACE_BOUND('',#13751,.T.);
#13751 = EDGE_LOOP('',(#13752,#13753,#13761,#13767));
#13752 = ORIENTED_EDGE('',*,*,#13730,.T.);
#13753 = ORIENTED_EDGE('',*,*,#13754,.T.);
#13754 = EDGE_CURVE('',#13723,#13755,#13757,.T.);
#13755 = VERTEX_POINT('',#13756);
#13756 = CARTESIAN_POINT('',(-0.39999925,0.138052765254,0.221217693382)
  );
#13757 = LINE('',#13758,#13759);
#13758 = CARTESIAN_POINT('',(-2.19999925,0.138052765254,0.221217693382)
  );
#13759 = VECTOR('',#13760,1.);
#13760 = DIRECTION('',(1.,-1.224646799147E-16,0.));
#13761 = ORIENTED_EDGE('',*,*,#13762,.T.);
#13762 = EDGE_CURVE('',#13755,#291,#13763,.T.);
#13763 = LINE('',#13764,#13765);
#13764 = CARTESIAN_POINT('',(-0.39999925,0.138052765254,0.221217693382)
  );
#13765 = VECTOR('',#13766,1.);
#13766 = DIRECTION('',(1.499759782662E-32,1.224646799147E-16,-1.));
#13767 = ORIENTED_EDGE('',*,*,#290,.F.);
#13768 = PLANE('',#13769);
#13769 = AXIS2_PLACEMENT_3D('',#13770,#13771,#13772);
#13770 = CARTESIAN_POINT('',(-2.19999925,0.138052765254,0.221217693382)
  );
#13771 = DIRECTION('',(1.224646799147E-16,1.,1.224646799147E-16));
#13772 = DIRECTION('',(-1.,1.224646799147E-16,0.));
#13773 = ADVANCED_FACE('',(#13774),#13792,.F.);
#13774 = FACE_BOUND('',#13775,.T.);
#13775 = EDGE_LOOP('',(#13776,#13777,#13785,#13791));
#13776 = ORIENTED_EDGE('',*,*,#13762,.F.);
#13777 = ORIENTED_EDGE('',*,*,#13778,.F.);
#13778 = EDGE_CURVE('',#13779,#13755,#13781,.T.);
#13779 = VERTEX_POINT('',#13780);
#13780 = CARTESIAN_POINT('',(-0.39999925,3.148052765254,0.221217693382)
  );
#13781 = LINE('',#13782,#13783);
#13782 = CARTESIAN_POINT('',(-0.39999925,3.148052765254,0.221217693382)
  );
#13783 = VECTOR('',#13784,1.);
#13784 = DIRECTION('',(-1.224646799147E-16,-1.,-1.224646799147E-16));
#13785 = ORIENTED_EDGE('',*,*,#13786,.F.);
#13786 = EDGE_CURVE('',#299,#13779,#13787,.T.);
#13787 = LINE('',#13788,#13789);
#13788 = CARTESIAN_POINT('',(-0.39999925,3.148052765254,
    -2.878230661791E-02));
#13789 = VECTOR('',#13790,1.);
#13790 = DIRECTION('',(-1.499759782662E-32,-1.224646799147E-16,1.));
#13791 = ORIENTED_EDGE('',*,*,#298,.F.);
#13792 = PLANE('',#13793);
#13793 = AXIS2_PLACEMENT_3D('',#13794,#13795,#13796);
#13794 = CARTESIAN_POINT('',(-0.39999925,3.188052765254,
    -2.878230661791E-02));
#13795 = DIRECTION('',(1.,-1.224646799147E-16,0.));
#13796 = DIRECTION('',(1.499759782662E-32,1.224646799147E-16,-1.));
#13797 = ADVANCED_FACE('',(#13798),#13809,.T.);
#13798 = FACE_BOUND('',#13799,.T.);
#13799 = EDGE_LOOP('',(#13800,#13801,#13807,#13808));
#13800 = ORIENTED_EDGE('',*,*,#13786,.T.);
#13801 = ORIENTED_EDGE('',*,*,#13802,.F.);
#13802 = EDGE_CURVE('',#13715,#13779,#13803,.T.);
#13803 = LINE('',#13804,#13805);
#13804 = CARTESIAN_POINT('',(-2.19999925,3.148052765254,0.221217693382)
  );
#13805 = VECTOR('',#13806,1.);
#13806 = DIRECTION('',(1.,-1.224646799147E-16,0.));
#13807 = ORIENTED_EDGE('',*,*,#13714,.F.);
#13808 = ORIENTED_EDGE('',*,*,#306,.T.);
#13809 = PLANE('',#13810);
#13810 = AXIS2_PLACEMENT_3D('',#13811,#13812,#13813);
#13811 = CARTESIAN_POINT('',(-2.19999925,3.148052765254,
    -2.878230661791E-02));
#13812 = DIRECTION('',(-1.224646799147E-16,-1.,-1.224646799147E-16));
#13813 = DIRECTION('',(-1.499759782662E-32,-1.224646799147E-16,1.));
#13814 = ADVANCED_FACE('',(#13815),#13821,.T.);
#13815 = FACE_BOUND('',#13816,.T.);
#13816 = EDGE_LOOP('',(#13817,#13818,#13819,#13820));
#13817 = ORIENTED_EDGE('',*,*,#13802,.T.);
#13818 = ORIENTED_EDGE('',*,*,#13778,.T.);
#13819 = ORIENTED_EDGE('',*,*,#13754,.F.);
#13820 = ORIENTED_EDGE('',*,*,#13722,.F.);
#13821 = PLANE('',#13822);
#13822 = AXIS2_PLACEMENT_3D('',#13823,#13824,#13825);
#13823 = CARTESIAN_POINT('',(-2.19999925,3.148052765254,0.221217693382)
  );
#13824 = DIRECTION('',(1.499759782662E-32,1.224646799147E-16,-1.));
#13825 = DIRECTION('',(-1.,1.224646799147E-16,0.));
#13826 = ADVANCED_FACE('',(#13827),#13833,.F.);
#13827 = FACE_BOUND('',#13828,.T.);
#13828 = EDGE_LOOP('',(#13829,#13830,#13831,#13832));
#13829 = ORIENTED_EDGE('',*,*,#4610,.F.);
#13830 = ORIENTED_EDGE('',*,*,#4034,.T.);
#13831 = ORIENTED_EDGE('',*,*,#4460,.T.);
#13832 = ORIENTED_EDGE('',*,*,#4474,.F.);
#13833 = PLANE('',#13834);
#13834 = AXIS2_PLACEMENT_3D('',#13835,#13836,#13837);
#13835 = CARTESIAN_POINT('',(0.65000075,-0.761947234746,7.921217693382)
  );
#13836 = DIRECTION('',(-0.847998304005,1.687559914109E-16,
    -0.529998940003));
#13837 = DIRECTION('',(-1.224646799147E-16,-1.,-1.224646799147E-16));
#13838 = ADVANCED_FACE('',(#13839),#13845,.F.);
#13839 = FACE_BOUND('',#13840,.T.);
#13840 = EDGE_LOOP('',(#13841,#13842,#13843,#13844));
#13841 = ORIENTED_EDGE('',*,*,#4201,.F.);
#13842 = ORIENTED_EDGE('',*,*,#4346,.F.);
#13843 = ORIENTED_EDGE('',*,*,#3935,.F.);
#13844 = ORIENTED_EDGE('',*,*,#4247,.T.);
#13845 = PLANE('',#13846);
#13846 = AXIS2_PLACEMENT_3D('',#13847,#13848,#13849);
#13847 = CARTESIAN_POINT('',(12.95000075,-0.761947234746,
    -2.878230661791E-02));
#13848 = DIRECTION('',(-1.,1.224646799147E-16,0.));
#13849 = DIRECTION('',(1.224646799147E-16,1.,1.224646799147E-16));
#13850 = ADVANCED_FACE('',(#13851),#13857,.F.);
#13851 = FACE_BOUND('',#13852,.T.);
#13852 = EDGE_LOOP('',(#13853,#13854,#13855,#13856));
#13853 = ORIENTED_EDGE('',*,*,#3953,.T.);
#13854 = ORIENTED_EDGE('',*,*,#4339,.F.);
#13855 = ORIENTED_EDGE('',*,*,#4103,.F.);
#13856 = ORIENTED_EDGE('',*,*,#4240,.T.);
#13857 = PLANE('',#13858);
#13858 = AXIS2_PLACEMENT_3D('',#13859,#13860,#13861);
#13859 = CARTESIAN_POINT('',(9.25000075,-0.511947234746,
    -2.878230661791E-02));
#13860 = DIRECTION('',(0.707106781187,0.707106781187,8.659560562355E-17)
  );
#13861 = DIRECTION('',(1.499759782662E-32,1.224646799147E-16,-1.));
#13862 = ADVANCED_FACE('',(#13863),#13869,.F.);
#13863 = FACE_BOUND('',#13864,.T.);
#13864 = EDGE_LOOP('',(#13865,#13866,#13867,#13868));
#13865 = ORIENTED_EDGE('',*,*,#4121,.T.);
#13866 = ORIENTED_EDGE('',*,*,#4332,.F.);
#13867 = ORIENTED_EDGE('',*,*,#3975,.F.);
#13868 = ORIENTED_EDGE('',*,*,#4269,.T.);
#13869 = PLANE('',#13870);
#13870 = AXIS2_PLACEMENT_3D('',#13871,#13872,#13873);
#13871 = CARTESIAN_POINT('',(7.00000075,-0.761947234746,
    -2.878230661791E-02));
#13872 = DIRECTION('',(-0.707106781187,0.707106781187,8.659560562355E-17
    ));
#13873 = DIRECTION('',(-1.499759782662E-32,-1.224646799147E-16,1.));
#13874 = ADVANCED_FACE('',(#13875),#13881,.F.);
#13875 = FACE_BOUND('',#13876,.T.);
#13876 = EDGE_LOOP('',(#13877,#13878,#13879,#13880));
#13877 = ORIENTED_EDGE('',*,*,#4169,.F.);
#13878 = ORIENTED_EDGE('',*,*,#4284,.F.);
#13879 = ORIENTED_EDGE('',*,*,#4057,.F.);
#13880 = ORIENTED_EDGE('',*,*,#264,.T.);
#13881 = PLANE('',#13882);
#13882 = AXIS2_PLACEMENT_3D('',#13883,#13884,#13885);
#13883 = CARTESIAN_POINT('',(-0.49999925,-0.761947234746,0.221217693382)
  );
#13884 = DIRECTION('',(-1.,1.224646799147E-16,0.));
#13885 = DIRECTION('',(1.224646799147E-16,1.,1.224646799147E-16));
#13886 = ADVANCED_FACE('',(#13887),#13898,.T.);
#13887 = FACE_BOUND('',#13888,.T.);
#13888 = EDGE_LOOP('',(#13889,#13890,#13891,#13897));
#13889 = ORIENTED_EDGE('',*,*,#2201,.T.);
#13890 = ORIENTED_EDGE('',*,*,#2776,.F.);
#13891 = ORIENTED_EDGE('',*,*,#13892,.T.);
#13892 = EDGE_CURVE('',#2769,#1885,#13893,.T.);
#13893 = LINE('',#13894,#13895);
#13894 = CARTESIAN_POINT('',(-0.64999925,3.378052765254,7.121217693382)
  );
#13895 = VECTOR('',#13896,1.);
#13896 = DIRECTION('',(1.499759782662E-32,1.224646799147E-16,-1.));
#13897 = ORIENTED_EDGE('',*,*,#1884,.T.);
#13898 = PLANE('',#13899);
#13899 = AXIS2_PLACEMENT_3D('',#13900,#13901,#13902);
#13900 = CARTESIAN_POINT('',(-0.64999925,3.378052765254,7.121217693382)
  );
#13901 = DIRECTION('',(1.,-1.224646799147E-16,0.));
#13902 = DIRECTION('',(1.499759782662E-32,1.224646799147E-16,-1.));
#13903 = ADVANCED_FACE('',(#13904),#13915,.T.);
#13904 = FACE_BOUND('',#13905,.T.);
#13905 = EDGE_LOOP('',(#13906,#13907,#13908,#13914));
#13906 = ORIENTED_EDGE('',*,*,#13892,.F.);
#13907 = ORIENTED_EDGE('',*,*,#2768,.F.);
#13908 = ORIENTED_EDGE('',*,*,#13909,.T.);
#13909 = EDGE_CURVE('',#2761,#1893,#13910,.T.);
#13910 = LINE('',#13911,#13912);
#13911 = CARTESIAN_POINT('',(-0.94999925,3.378052765254,7.121217693382)
  );
#13912 = VECTOR('',#13913,1.);
#13913 = DIRECTION('',(1.499759782662E-32,1.224646799147E-16,-1.));
#13914 = ORIENTED_EDGE('',*,*,#1892,.T.);
#13915 = PLANE('',#13916);
#13916 = AXIS2_PLACEMENT_3D('',#13917,#13918,#13919);
#13917 = CARTESIAN_POINT('',(-0.94999925,3.378052765254,7.121217693382)
  );
#13918 = DIRECTION('',(-1.224646799147E-16,-1.,-1.224646799147E-16));
#13919 = DIRECTION('',(-1.499759782662E-32,-1.224646799147E-16,1.));
#13920 = ADVANCED_FACE('',(#13921),#13927,.T.);
#13921 = FACE_BOUND('',#13922,.T.);
#13922 = EDGE_LOOP('',(#13923,#13924,#13925,#13926));
#13923 = ORIENTED_EDGE('',*,*,#13909,.F.);
#13924 = ORIENTED_EDGE('',*,*,#2760,.F.);
#13925 = ORIENTED_EDGE('',*,*,#2170,.F.);
#13926 = ORIENTED_EDGE('',*,*,#1900,.T.);
#13927 = PLANE('',#13928);
#13928 = AXIS2_PLACEMENT_3D('',#13929,#13930,#13931);
#13929 = CARTESIAN_POINT('',(-0.94999925,3.408052765254,7.121217693382)
  );
#13930 = DIRECTION('',(-1.,1.224646799147E-16,0.));
#13931 = DIRECTION('',(1.224646799147E-16,1.,1.224646799147E-16));
#13932 = ADVANCED_FACE('',(#13933),#13944,.T.);
#13933 = FACE_BOUND('',#13934,.T.);
#13934 = EDGE_LOOP('',(#13935,#13936,#13937,#13943));
#13935 = ORIENTED_EDGE('',*,*,#2131,.T.);
#13936 = ORIENTED_EDGE('',*,*,#2698,.F.);
#13937 = ORIENTED_EDGE('',*,*,#13938,.T.);
#13938 = EDGE_CURVE('',#2691,#2022,#13939,.T.);
#13939 = LINE('',#13940,#13941);
#13940 = CARTESIAN_POINT('',(17.45000075,3.378052765254,7.121217693382)
  );
#13941 = VECTOR('',#13942,1.);
#13942 = DIRECTION('',(1.499759782662E-32,1.224646799147E-16,-1.));
#13943 = ORIENTED_EDGE('',*,*,#2021,.T.);
#13944 = PLANE('',#13945);
#13945 = AXIS2_PLACEMENT_3D('',#13946,#13947,#13948);
#13946 = CARTESIAN_POINT('',(17.45000075,3.378052765254,7.121217693382)
  );
#13947 = DIRECTION('',(1.,-1.224646799147E-16,0.));
#13948 = DIRECTION('',(1.499759782662E-32,1.224646799147E-16,-1.));
#13949 = ADVANCED_FACE('',(#13950),#13956,.T.);
#13950 = FACE_BOUND('',#13951,.T.);
#13951 = EDGE_LOOP('',(#13952,#13953,#13954,#13955));
#13952 = ORIENTED_EDGE('',*,*,#13938,.F.);
#13953 = ORIENTED_EDGE('',*,*,#2690,.F.);
#13954 = ORIENTED_EDGE('',*,*,#2051,.T.);
#13955 = ORIENTED_EDGE('',*,*,#2029,.T.);
#13956 = PLANE('',#13957);
#13957 = AXIS2_PLACEMENT_3D('',#13958,#13959,#13960);
#13958 = CARTESIAN_POINT('',(17.15000075,3.378052765254,7.121217693382)
  );
#13959 = DIRECTION('',(-1.224646799147E-16,-1.,-1.224646799147E-16));
#13960 = DIRECTION('',(-1.499759782662E-32,-1.224646799147E-16,1.));
#13961 = ADVANCED_FACE('',(#13962),#13972,.F.);
#13962 = FACE_BOUND('',#13963,.T.);
#13963 = EDGE_LOOP('',(#13964,#13970,#13971));
#13964 = ORIENTED_EDGE('',*,*,#13965,.F.);
#13965 = EDGE_CURVE('',#2484,#2620,#13966,.T.);
#13966 = LINE('',#13967,#13968);
#13967 = CARTESIAN_POINT('',(10.35000075,4.888052765254,7.021217693382)
  );
#13968 = VECTOR('',#13969,1.);
#13969 = DIRECTION('',(8.659560562355E-17,0.707106781187,0.707106781187)
  );
#13970 = ORIENTED_EDGE('',*,*,#2483,.F.);
#13971 = ORIENTED_EDGE('',*,*,#2627,.T.);
#13972 = PLANE('',#13973);
#13973 = AXIS2_PLACEMENT_3D('',#13974,#13975,#13976);
#13974 = CARTESIAN_POINT('',(10.35000075,2.513052765254,4.741217693382)
  );
#13975 = DIRECTION('',(1.,-1.224646799147E-16,0.));
#13976 = DIRECTION('',(1.499759782662E-32,1.224646799147E-16,-1.));
#13977 = ADVANCED_FACE('',(#13978),#13989,.F.);
#13978 = FACE_BOUND('',#13979,.T.);
#13979 = EDGE_LOOP('',(#13980,#13986,#13987,#13988));
#13980 = ORIENTED_EDGE('',*,*,#13981,.F.);
#13981 = EDGE_CURVE('',#2492,#2612,#13982,.T.);
#13982 = LINE('',#13983,#13984);
#13983 = CARTESIAN_POINT('',(6.15000075,4.888052765254,7.021217693382));
#13984 = VECTOR('',#13985,1.);
#13985 = DIRECTION('',(8.659560562355E-17,0.707106781187,0.707106781187)
  );
#13986 = ORIENTED_EDGE('',*,*,#2491,.T.);
#13987 = ORIENTED_EDGE('',*,*,#13965,.T.);
#13988 = ORIENTED_EDGE('',*,*,#2619,.F.);
#13989 = PLANE('',#13990);
#13990 = AXIS2_PLACEMENT_3D('',#13991,#13992,#13993);
#13991 = CARTESIAN_POINT('',(6.15000075,4.888052765254,7.021217693382));
#13992 = DIRECTION('',(8.659560562355E-17,0.707106781187,-0.707106781187
    ));
#13993 = DIRECTION('',(-1.,1.224646799147E-16,0.));
#13994 = ADVANCED_FACE('',(#13995),#14000,.T.);
#13995 = FACE_BOUND('',#13996,.T.);
#13996 = EDGE_LOOP('',(#13997,#13998,#13999));
#13997 = ORIENTED_EDGE('',*,*,#2499,.T.);
#13998 = ORIENTED_EDGE('',*,*,#13981,.T.);
#13999 = ORIENTED_EDGE('',*,*,#2611,.F.);
#14000 = PLANE('',#14001);
#14001 = AXIS2_PLACEMENT_3D('',#14002,#14003,#14004);
#14002 = CARTESIAN_POINT('',(6.15000075,2.513052765254,4.741217693382));
#14003 = DIRECTION('',(1.,-1.224646799147E-16,0.));
#14004 = DIRECTION('',(1.499759782662E-32,1.224646799147E-16,-1.));
#14005 = ADVANCED_FACE('',(#14006),#14031,.T.);
#14006 = FACE_BOUND('',#14007,.T.);
#14007 = EDGE_LOOP('',(#14008,#14014,#14015,#14023,#14030));
#14008 = ORIENTED_EDGE('',*,*,#14009,.F.);
#14009 = EDGE_CURVE('',#871,#32,#14010,.T.);
#14010 = LINE('',#14011,#14012);
#14011 = CARTESIAN_POINT('',(-1.29999925,3.798052765254,
    -2.878230661791E-02));
#14012 = VECTOR('',#14013,1.);
#14013 = DIRECTION('',(-5.643542725026E-07,3.571931845145E-10,-1.));
#14014 = ORIENTED_EDGE('',*,*,#879,.T.);
#14015 = ORIENTED_EDGE('',*,*,#14016,.T.);
#14016 = EDGE_CURVE('',#869,#14017,#14019,.T.);
#14017 = VERTEX_POINT('',#14018);
#14018 = CARTESIAN_POINT('',(-1.99999925,3.798052765254,-0.578779367052)
  );
#14019 = LINE('',#14020,#14021);
#14020 = CARTESIAN_POINT('',(-1.99999925,3.798052765254,
    -2.878230661791E-02));
#14021 = VECTOR('',#14022,1.);
#14022 = DIRECTION('',(5.643542692729E-07,-3.571927377263E-10,-1.));
#14023 = ORIENTED_EDGE('',*,*,#14024,.F.);
#14024 = EDGE_CURVE('',#66,#14017,#14025,.T.);
#14025 = CIRCLE('',#14026,0.35);
#14026 = AXIS2_PLACEMENT_3D('',#14027,#14028,#14029);
#14027 = CARTESIAN_POINT('',(-1.64999925,3.798052765254,-0.578779367052)
  );
#14028 = DIRECTION('',(1.499759782662E-32,1.224646799147E-16,-1.));
#14029 = DIRECTION('',(1.,-1.224646799147E-16,0.));
#14030 = ORIENTED_EDGE('',*,*,#81,.F.);
#14031 = CYLINDRICAL_SURFACE('',#14032,0.35);
#14032 = AXIS2_PLACEMENT_3D('',#14033,#14034,#14035);
#14033 = CARTESIAN_POINT('',(-1.64999925,3.798052765254,
    -2.878230661791E-02));
#14034 = DIRECTION('',(-1.499759782662E-32,-1.224646799147E-16,1.));
#14035 = DIRECTION('',(1.,-1.224646799147E-16,0.));
#14036 = ADVANCED_FACE('',(#14037),#14056,.T.);
#14037 = FACE_BOUND('',#14038,.T.);
#14038 = EDGE_LOOP('',(#14039,#14040,#14041,#14049));
#14039 = ORIENTED_EDGE('',*,*,#63,.T.);
#14040 = ORIENTED_EDGE('',*,*,#14024,.T.);
#14041 = ORIENTED_EDGE('',*,*,#14042,.F.);
#14042 = EDGE_CURVE('',#14043,#14017,#14045,.T.);
#14043 = VERTEX_POINT('',#14044);
#14044 = CARTESIAN_POINT('',(-1.84999806017,3.798052765254,
    -0.728782788176));
#14045 = LINE('',#14046,#14047);
#14046 = CARTESIAN_POINT('',(-1.84999901351,3.798052765105,
    -0.728782070926));
#14047 = VECTOR('',#14048,1.);
#14048 = DIRECTION('',(-0.707106433391,-2.205006448962E-10,
    0.707107128982));
#14049 = ORIENTED_EDGE('',*,*,#14050,.F.);
#14050 = EDGE_CURVE('',#64,#14043,#14051,.T.);
#14051 = CIRCLE('',#14052,0.19999881017);
#14052 = AXIS2_PLACEMENT_3D('',#14053,#14054,#14055);
#14053 = CARTESIAN_POINT('',(-1.64999925,3.798052765254,-0.728782788176)
  );
#14054 = DIRECTION('',(1.499759782662E-32,1.224646799147E-16,-1.));
#14055 = DIRECTION('',(1.,-1.224646799147E-16,0.));
#14056 = CONICAL_SURFACE('',#14057,0.275002988689,0.78539639271);
#14057 = AXIS2_PLACEMENT_3D('',#14058,#14059,#14060);
#14058 = CARTESIAN_POINT('',(-1.64999925,3.798052765254,-0.653778344038)
  );
#14059 = DIRECTION('',(-1.499759782662E-32,-1.224646799147E-16,1.));
#14060 = DIRECTION('',(-1.224646799147E-16,-1.,-1.224646799147E-16));
#14061 = ADVANCED_FACE('',(#14062),#14074,.T.);
#14062 = FACE_BOUND('',#14063,.T.);
#14063 = EDGE_LOOP('',(#14064,#14071,#14072,#14073));
#14064 = ORIENTED_EDGE('',*,*,#14065,.T.);
#14065 = EDGE_CURVE('',#14043,#24,#14066,.T.);
#14066 = CIRCLE('',#14067,0.19999881017);
#14067 = AXIS2_PLACEMENT_3D('',#14068,#14069,#14070);
#14068 = CARTESIAN_POINT('',(-1.64999925,3.798052765254,-0.728782788176)
  );
#14069 = DIRECTION('',(1.499759782662E-32,1.224646799147E-16,-1.));
#14070 = DIRECTION('',(-1.,1.224646799147E-16,0.));
#14071 = ORIENTED_EDGE('',*,*,#48,.T.);
#14072 = ORIENTED_EDGE('',*,*,#73,.T.);
#14073 = ORIENTED_EDGE('',*,*,#14050,.T.);
#14074 = PLANE('',#14075);
#14075 = AXIS2_PLACEMENT_3D('',#14076,#14077,#14078);
#14076 = CARTESIAN_POINT('',(8.25000075,3.188052765254,-0.728782306618)
  );
#14077 = DIRECTION('',(1.499759782662E-32,1.224646799147E-16,-1.));
#14078 = DIRECTION('',(-1.,1.224646799147E-16,0.));
#14079 = ADVANCED_FACE('',(#14080),#14092,.T.);
#14080 = FACE_BOUND('',#14081,.T.);
#14081 = EDGE_LOOP('',(#14082,#14083,#14084,#14085));
#14082 = ORIENTED_EDGE('',*,*,#21,.T.);
#14083 = ORIENTED_EDGE('',*,*,#14065,.F.);
#14084 = ORIENTED_EDGE('',*,*,#14042,.T.);
#14085 = ORIENTED_EDGE('',*,*,#14086,.T.);
#14086 = EDGE_CURVE('',#14017,#22,#14087,.T.);
#14087 = CIRCLE('',#14088,0.35);
#14088 = AXIS2_PLACEMENT_3D('',#14089,#14090,#14091);
#14089 = CARTESIAN_POINT('',(-1.64999925,3.798052765254,-0.578779367052)
  );
#14090 = DIRECTION('',(1.499759782662E-32,1.224646799147E-16,-1.));
#14091 = DIRECTION('',(-1.,1.224646799147E-16,0.));
#14092 = CONICAL_SURFACE('',#14093,0.275002988689,0.78539639271);
#14093 = AXIS2_PLACEMENT_3D('',#14094,#14095,#14096);
#14094 = CARTESIAN_POINT('',(-1.64999925,3.798052765254,-0.653778344038)
  );
#14095 = DIRECTION('',(-1.499759782662E-32,-1.224646799147E-16,1.));
#14096 = DIRECTION('',(-1.224646799147E-16,-1.,-1.224646799147E-16));
#14097 = ADVANCED_FACE('',(#14098),#14105,.T.);
#14098 = FACE_BOUND('',#14099,.T.);
#14099 = EDGE_LOOP('',(#14100,#14101,#14102,#14103,#14104));
#14100 = ORIENTED_EDGE('',*,*,#14016,.F.);
#14101 = ORIENTED_EDGE('',*,*,#868,.T.);
#14102 = ORIENTED_EDGE('',*,*,#14009,.T.);
#14103 = ORIENTED_EDGE('',*,*,#31,.F.);
#14104 = ORIENTED_EDGE('',*,*,#14086,.F.);
#14105 = CYLINDRICAL_SURFACE('',#14106,0.35);
#14106 = AXIS2_PLACEMENT_3D('',#14107,#14108,#14109);
#14107 = CARTESIAN_POINT('',(-1.64999925,3.798052765254,
    -2.878230661791E-02));
#14108 = DIRECTION('',(-1.499759782662E-32,-1.224646799147E-16,1.));
#14109 = DIRECTION('',(1.,-1.224646799147E-16,0.));
#14110 = GEOMETRIC_CURVE_SET('',(#14111));
#14111 = TRIMMED_CURVE('',#14112,(#14117,PARAMETER_VALUE(0.)),(#14118,
    PARAMETER_VALUE(3.141592653589)),.T.,.PARAMETER.);
#14112 = CIRCLE('',#14113,0.4);
#14113 = AXIS2_PLACEMENT_3D('',#14114,#14115,#14116);
#14114 = CARTESIAN_POINT('',(-1.64999925,3.798052765254,
    -2.878230661791E-02));
#14115 = DIRECTION('',(1.499759782662E-32,1.224646799147E-16,-1.));
#14116 = DIRECTION('',(-1.,1.224646799147E-16,0.));
#14117 = CARTESIAN_POINT('',(-2.04999925,3.798052765254,
    -2.878230661791E-02));
#14118 = CARTESIAN_POINT('',(-1.24999925,3.798052765255,
    -2.878230661791E-02));
#14119 = GEOMETRIC_CURVE_SET('',(#14120));
#14120 = TRIMMED_CURVE('',#14121,(#14126,PARAMETER_VALUE(0.)),(#14127,
    PARAMETER_VALUE(3.141592653589)),.T.,.PARAMETER.);
#14121 = CIRCLE('',#14122,0.4);
#14122 = AXIS2_PLACEMENT_3D('',#14123,#14124,#14125);
#14123 = CARTESIAN_POINT('',(-1.64999925,3.798052765254,
    -2.878230661791E-02));
#14124 = DIRECTION('',(1.499759782662E-32,1.224646799147E-16,-1.));
#14125 = DIRECTION('',(1.,-1.224646799147E-16,0.));
#14126 = CARTESIAN_POINT('',(-1.24999925,3.798052765254,
    -2.878230661791E-02));
#14127 = CARTESIAN_POINT('',(-2.04999925,3.798052765254,
    -2.878230661791E-02));
#14128 = GEOMETRIC_CURVE_SET('',(#14129));
#14129 = TRIMMED_CURVE('',#14130,(#14135,PARAMETER_VALUE(0.)),(#14136,
    PARAMETER_VALUE(3.141592653589)),.T.,.PARAMETER.);
#14130 = CIRCLE('',#14131,0.35);
#14131 = AXIS2_PLACEMENT_3D('',#14132,#14133,#14134);
#14132 = CARTESIAN_POINT('',(7.499999927774E-07,-1.947234745709E-03,
    -2.878230661791E-02));
#14133 = DIRECTION('',(1.499759782662E-32,1.224646799147E-16,-1.));
#14134 = DIRECTION('',(-1.,1.224646799147E-16,0.));
#14135 = CARTESIAN_POINT('',(-0.34999925,-1.947234745709E-03,
    -2.878230661791E-02));
#14136 = CARTESIAN_POINT('',(0.35000075,-1.947234745501E-03,
    -2.878230661791E-02));
#14137 = GEOMETRIC_CURVE_SET('',(#14138));
#14138 = TRIMMED_CURVE('',#14139,(#14144,PARAMETER_VALUE(0.)),(#14145,
    PARAMETER_VALUE(3.141592653589)),.T.,.PARAMETER.);
#14139 = CIRCLE('',#14140,0.35);
#14140 = AXIS2_PLACEMENT_3D('',#14141,#14142,#14143);
#14141 = CARTESIAN_POINT('',(7.499999927774E-07,-1.947234745709E-03,
    -2.878230661791E-02));
#14142 = DIRECTION('',(1.499759782662E-32,1.224646799147E-16,-1.));
#14143 = DIRECTION('',(1.,-1.224646799147E-16,0.));
#14144 = CARTESIAN_POINT('',(0.35000075,-1.947234745709E-03,
    -2.878230661791E-02));
#14145 = CARTESIAN_POINT('',(-0.34999925,-1.947234745916E-03,
    -2.878230661791E-02));
#14146 = GEOMETRIC_CURVE_SET('',(#14147));
#14147 = TRIMMED_CURVE('',#14148,(#14153,PARAMETER_VALUE(0.)),(#14154,
    PARAMETER_VALUE(3.141592653589)),.T.,.PARAMETER.);
#14148 = CIRCLE('',#14149,0.35);
#14149 = AXIS2_PLACEMENT_3D('',#14150,#14151,#14152);
#14150 = CARTESIAN_POINT('',(3.00000075,-1.947234745709E-03,
    -2.878230661791E-02));
#14151 = DIRECTION('',(1.499759782662E-32,1.224646799147E-16,-1.));
#14152 = DIRECTION('',(-1.,1.224646799147E-16,0.));
#14153 = CARTESIAN_POINT('',(2.65000075,-1.947234745709E-03,
    -2.878230661791E-02));
#14154 = CARTESIAN_POINT('',(3.35000075,-1.947234745501E-03,
    -2.878230661791E-02));
#14155 = GEOMETRIC_CURVE_SET('',(#14156));
#14156 = TRIMMED_CURVE('',#14157,(#14162,PARAMETER_VALUE(0.)),(#14163,
    PARAMETER_VALUE(3.141592653589)),.T.,.PARAMETER.);
#14157 = CIRCLE('',#14158,0.35);
#14158 = AXIS2_PLACEMENT_3D('',#14159,#14160,#14161);
#14159 = CARTESIAN_POINT('',(3.00000075,-1.947234745709E-03,
    -2.878230661791E-02));
#14160 = DIRECTION('',(1.499759782662E-32,1.224646799147E-16,-1.));
#14161 = DIRECTION('',(1.,-1.224646799147E-16,0.));
#14162 = CARTESIAN_POINT('',(3.35000075,-1.947234745709E-03,
    -2.878230661791E-02));
#14163 = CARTESIAN_POINT('',(2.65000075,-1.947234745916E-03,
    -2.878230661791E-02));
#14164 = GEOMETRIC_CURVE_SET('',(#14165));
#14165 = TRIMMED_CURVE('',#14166,(#14171,PARAMETER_VALUE(0.)),(#14172,
    PARAMETER_VALUE(3.141592653589)),.T.,.PARAMETER.);
#14166 = CIRCLE('',#14167,0.35);
#14167 = AXIS2_PLACEMENT_3D('',#14168,#14169,#14170);
#14168 = CARTESIAN_POINT('',(6.00000075,-1.947234745709E-03,
    -2.878230661791E-02));
#14169 = DIRECTION('',(1.499759782662E-32,1.224646799147E-16,-1.));
#14170 = DIRECTION('',(-1.,1.224646799147E-16,0.));
#14171 = CARTESIAN_POINT('',(5.65000075,-1.947234745709E-03,
    -2.878230661791E-02));
#14172 = CARTESIAN_POINT('',(6.35000075,-1.947234745501E-03,
    -2.878230661791E-02));
#14173 = GEOMETRIC_CURVE_SET('',(#14174));
#14174 = TRIMMED_CURVE('',#14175,(#14180,PARAMETER_VALUE(0.)),(#14181,
    PARAMETER_VALUE(3.141592653589)),.T.,.PARAMETER.);
#14175 = CIRCLE('',#14176,0.35);
#14176 = AXIS2_PLACEMENT_3D('',#14177,#14178,#14179);
#14177 = CARTESIAN_POINT('',(6.00000075,-1.947234745709E-03,
    -2.878230661791E-02));
#14178 = DIRECTION('',(1.499759782662E-32,1.224646799147E-16,-1.));
#14179 = DIRECTION('',(1.,-1.224646799147E-16,0.));
#14180 = CARTESIAN_POINT('',(6.35000075,-1.947234745709E-03,
    -2.878230661791E-02));
#14181 = CARTESIAN_POINT('',(5.65000075,-1.947234745917E-03,
    -2.878230661791E-02));
#14182 = GEOMETRIC_CURVE_SET('',(#14183));
#14183 = TRIMMED_CURVE('',#14184,(#14189,PARAMETER_VALUE(0.)),(#14190,
    PARAMETER_VALUE(3.141592653589)),.T.,.PARAMETER.);
#14184 = CIRCLE('',#14185,0.35);
#14185 = AXIS2_PLACEMENT_3D('',#14186,#14187,#14188);
#14186 = CARTESIAN_POINT('',(9.00000075,-1.947234745709E-03,
    -2.878230661791E-02));
#14187 = DIRECTION('',(1.499759782662E-32,1.224646799147E-16,-1.));
#14188 = DIRECTION('',(-1.,1.224646799147E-16,0.));
#14189 = CARTESIAN_POINT('',(8.65000075,-1.947234745709E-03,
    -2.878230661791E-02));
#14190 = CARTESIAN_POINT('',(9.35000075,-1.947234745502E-03,
    -2.878230661791E-02));
#14191 = GEOMETRIC_CURVE_SET('',(#14192));
#14192 = TRIMMED_CURVE('',#14193,(#14198,PARAMETER_VALUE(0.)),(#14199,
    PARAMETER_VALUE(3.141592653589)),.T.,.PARAMETER.);
#14193 = CIRCLE('',#14194,0.35);
#14194 = AXIS2_PLACEMENT_3D('',#14195,#14196,#14197);
#14195 = CARTESIAN_POINT('',(9.00000075,-1.947234745709E-03,
    -2.878230661791E-02));
#14196 = DIRECTION('',(1.499759782662E-32,1.224646799147E-16,-1.));
#14197 = DIRECTION('',(1.,-1.224646799147E-16,0.));
#14198 = CARTESIAN_POINT('',(9.35000075,-1.947234745709E-03,
    -2.878230661791E-02));
#14199 = CARTESIAN_POINT('',(8.65000075,-1.947234745917E-03,
    -2.878230661791E-02));
#14200 = GEOMETRIC_CURVE_SET('',(#14201));
#14201 = TRIMMED_CURVE('',#14202,(#14207,PARAMETER_VALUE(0.)),(#14208,
    PARAMETER_VALUE(3.141592653589)),.T.,.PARAMETER.);
#14202 = CIRCLE('',#14203,0.35);
#14203 = AXIS2_PLACEMENT_3D('',#14204,#14205,#14206);
#14204 = CARTESIAN_POINT('',(12.00000075,-1.94723474571E-03,
    -2.878230661791E-02));
#14205 = DIRECTION('',(1.499759782662E-32,1.224646799147E-16,-1.));
#14206 = DIRECTION('',(-1.,1.224646799147E-16,0.));
#14207 = CARTESIAN_POINT('',(11.65000075,-1.94723474571E-03,
    -2.878230661791E-02));
#14208 = CARTESIAN_POINT('',(12.35000075,-1.947234745502E-03,
    -2.878230661791E-02));
#14209 = GEOMETRIC_CURVE_SET('',(#14210));
#14210 = TRIMMED_CURVE('',#14211,(#14216,PARAMETER_VALUE(0.)),(#14217,
    PARAMETER_VALUE(3.141592653589)),.T.,.PARAMETER.);
#14211 = CIRCLE('',#14212,0.35);
#14212 = AXIS2_PLACEMENT_3D('',#14213,#14214,#14215);
#14213 = CARTESIAN_POINT('',(12.00000075,-1.94723474571E-03,
    -2.878230661791E-02));
#14214 = DIRECTION('',(1.499759782662E-32,1.224646799147E-16,-1.));
#14215 = DIRECTION('',(1.,-1.224646799147E-16,0.));
#14216 = CARTESIAN_POINT('',(12.35000075,-1.94723474571E-03,
    -2.878230661791E-02));
#14217 = CARTESIAN_POINT('',(11.65000075,-1.947234745918E-03,
    -2.878230661791E-02));
#14218 = GEOMETRIC_CURVE_SET('',(#14219));
#14219 = TRIMMED_CURVE('',#14220,(#14225,PARAMETER_VALUE(0.)),(#14226,
    PARAMETER_VALUE(3.141592653589)),.T.,.PARAMETER.);
#14220 = CIRCLE('',#14221,0.35);
#14221 = AXIS2_PLACEMENT_3D('',#14222,#14223,#14224);
#14222 = CARTESIAN_POINT('',(15.00000075,-1.94723474571E-03,
    -2.878230661791E-02));
#14223 = DIRECTION('',(1.499759782662E-32,1.224646799147E-16,-1.));
#14224 = DIRECTION('',(-1.,1.224646799147E-16,0.));
#14225 = CARTESIAN_POINT('',(14.65000075,-1.94723474571E-03,
    -2.878230661791E-02));
#14226 = CARTESIAN_POINT('',(15.35000075,-1.947234745503E-03,
    -2.878230661791E-02));
#14227 = GEOMETRIC_CURVE_SET('',(#14228));
#14228 = TRIMMED_CURVE('',#14229,(#14234,PARAMETER_VALUE(0.)),(#14235,
    PARAMETER_VALUE(3.141592653589)),.T.,.PARAMETER.);
#14229 = CIRCLE('',#14230,0.35);
#14230 = AXIS2_PLACEMENT_3D('',#14231,#14232,#14233);
#14231 = CARTESIAN_POINT('',(15.00000075,-1.94723474571E-03,
    -2.878230661791E-02));
#14232 = DIRECTION('',(1.499759782662E-32,1.224646799147E-16,-1.));
#14233 = DIRECTION('',(1.,-1.224646799147E-16,0.));
#14234 = CARTESIAN_POINT('',(15.35000075,-1.94723474571E-03,
    -2.878230661791E-02));
#14235 = CARTESIAN_POINT('',(14.65000075,-1.947234745918E-03,
    -2.878230661791E-02));
#14236 = GEOMETRIC_CURVE_SET('',(#14237));
#14237 = TRIMMED_CURVE('',#14238,(#14243,PARAMETER_VALUE(0.)),(#14244,
    PARAMETER_VALUE(3.141592653589)),.T.,.PARAMETER.);
#14238 = CIRCLE('',#14239,0.35);
#14239 = AXIS2_PLACEMENT_3D('',#14240,#14241,#14242);
#14240 = CARTESIAN_POINT('',(1.50000075,1.998052765254,
    -2.878230661791E-02));
#14241 = DIRECTION('',(1.499759782662E-32,1.224646799147E-16,-1.));
#14242 = DIRECTION('',(-1.,1.224646799147E-16,0.));
#14243 = CARTESIAN_POINT('',(1.15000075,1.998052765254,
    -2.878230661791E-02));
#14244 = CARTESIAN_POINT('',(1.85000075,1.998052765254,
    -2.878230661791E-02));
#14245 = GEOMETRIC_CURVE_SET('',(#14246));
#14246 = TRIMMED_CURVE('',#14247,(#14252,PARAMETER_VALUE(0.)),(#14253,
    PARAMETER_VALUE(3.141592653589)),.T.,.PARAMETER.);
#14247 = CIRCLE('',#14248,0.35);
#14248 = AXIS2_PLACEMENT_3D('',#14249,#14250,#14251);
#14249 = CARTESIAN_POINT('',(1.50000075,1.998052765254,
    -2.878230661791E-02));
#14250 = DIRECTION('',(1.499759782662E-32,1.224646799147E-16,-1.));
#14251 = DIRECTION('',(1.,-1.224646799147E-16,0.));
#14252 = CARTESIAN_POINT('',(1.85000075,1.998052765254,
    -2.878230661791E-02));
#14253 = CARTESIAN_POINT('',(1.15000075,1.998052765254,
    -2.878230661791E-02));
#14254 = GEOMETRIC_CURVE_SET('',(#14255));
#14255 = TRIMMED_CURVE('',#14256,(#14261,PARAMETER_VALUE(0.)),(#14262,
    PARAMETER_VALUE(3.141592653589)),.T.,.PARAMETER.);
#14256 = CIRCLE('',#14257,0.35);
#14257 = AXIS2_PLACEMENT_3D('',#14258,#14259,#14260);
#14258 = CARTESIAN_POINT('',(4.50000075,1.998052765254,
    -2.878230661791E-02));
#14259 = DIRECTION('',(1.499759782662E-32,1.224646799147E-16,-1.));
#14260 = DIRECTION('',(-1.,1.224646799147E-16,0.));
#14261 = CARTESIAN_POINT('',(4.15000075,1.998052765254,
    -2.878230661791E-02));
#14262 = CARTESIAN_POINT('',(4.85000075,1.998052765254,
    -2.878230661791E-02));
#14263 = GEOMETRIC_CURVE_SET('',(#14264));
#14264 = TRIMMED_CURVE('',#14265,(#14270,PARAMETER_VALUE(0.)),(#14271,
    PARAMETER_VALUE(3.141592653589)),.T.,.PARAMETER.);
#14265 = CIRCLE('',#14266,0.35);
#14266 = AXIS2_PLACEMENT_3D('',#14267,#14268,#14269);
#14267 = CARTESIAN_POINT('',(4.50000075,1.998052765254,
    -2.878230661791E-02));
#14268 = DIRECTION('',(1.499759782662E-32,1.224646799147E-16,-1.));
#14269 = DIRECTION('',(1.,-1.224646799147E-16,0.));
#14270 = CARTESIAN_POINT('',(4.85000075,1.998052765254,
    -2.878230661791E-02));
#14271 = CARTESIAN_POINT('',(4.15000075,1.998052765254,
    -2.878230661791E-02));
#14272 = GEOMETRIC_CURVE_SET('',(#14273));
#14273 = TRIMMED_CURVE('',#14274,(#14279,PARAMETER_VALUE(0.)),(#14280,
    PARAMETER_VALUE(3.141592653589)),.T.,.PARAMETER.);
#14274 = CIRCLE('',#14275,0.35);
#14275 = AXIS2_PLACEMENT_3D('',#14276,#14277,#14278);
#14276 = CARTESIAN_POINT('',(7.50000075,1.998052765254,
    -2.878230661791E-02));
#14277 = DIRECTION('',(1.499759782662E-32,1.224646799147E-16,-1.));
#14278 = DIRECTION('',(-1.,1.224646799147E-16,0.));
#14279 = CARTESIAN_POINT('',(7.15000075,1.998052765254,
    -2.878230661791E-02));
#14280 = CARTESIAN_POINT('',(7.85000075,1.998052765254,
    -2.878230661791E-02));
#14281 = GEOMETRIC_CURVE_SET('',(#14282));
#14282 = TRIMMED_CURVE('',#14283,(#14288,PARAMETER_VALUE(0.)),(#14289,
    PARAMETER_VALUE(3.141592653589)),.T.,.PARAMETER.);
#14283 = CIRCLE('',#14284,0.35);
#14284 = AXIS2_PLACEMENT_3D('',#14285,#14286,#14287);
#14285 = CARTESIAN_POINT('',(7.50000075,1.998052765254,
    -2.878230661791E-02));
#14286 = DIRECTION('',(1.499759782662E-32,1.224646799147E-16,-1.));
#14287 = DIRECTION('',(1.,-1.224646799147E-16,0.));
#14288 = CARTESIAN_POINT('',(7.85000075,1.998052765254,
    -2.878230661791E-02));
#14289 = CARTESIAN_POINT('',(7.15000075,1.998052765254,
    -2.878230661791E-02));
#14290 = GEOMETRIC_CURVE_SET('',(#14291));
#14291 = TRIMMED_CURVE('',#14292,(#14297,PARAMETER_VALUE(0.)),(#14298,
    PARAMETER_VALUE(3.141592653589)),.T.,.PARAMETER.);
#14292 = CIRCLE('',#14293,0.35);
#14293 = AXIS2_PLACEMENT_3D('',#14294,#14295,#14296);
#14294 = CARTESIAN_POINT('',(10.50000075,1.998052765254,
    -2.878230661791E-02));
#14295 = DIRECTION('',(1.499759782662E-32,1.224646799147E-16,-1.));
#14296 = DIRECTION('',(-1.,1.224646799147E-16,0.));
#14297 = CARTESIAN_POINT('',(10.15000075,1.998052765254,
    -2.878230661791E-02));
#14298 = CARTESIAN_POINT('',(10.85000075,1.998052765254,
    -2.878230661791E-02));
#14299 = GEOMETRIC_CURVE_SET('',(#14300));
#14300 = TRIMMED_CURVE('',#14301,(#14306,PARAMETER_VALUE(0.)),(#14307,
    PARAMETER_VALUE(3.141592653589)),.T.,.PARAMETER.);
#14301 = CIRCLE('',#14302,0.35);
#14302 = AXIS2_PLACEMENT_3D('',#14303,#14304,#14305);
#14303 = CARTESIAN_POINT('',(10.50000075,1.998052765254,
    -2.878230661791E-02));
#14304 = DIRECTION('',(1.499759782662E-32,1.224646799147E-16,-1.));
#14305 = DIRECTION('',(1.,-1.224646799147E-16,0.));
#14306 = CARTESIAN_POINT('',(10.85000075,1.998052765254,
    -2.878230661791E-02));
#14307 = CARTESIAN_POINT('',(10.15000075,1.998052765254,
    -2.878230661791E-02));
#14308 = GEOMETRIC_CURVE_SET('',(#14309));
#14309 = TRIMMED_CURVE('',#14310,(#14315,PARAMETER_VALUE(0.)),(#14316,
    PARAMETER_VALUE(3.141592653589)),.T.,.PARAMETER.);
#14310 = CIRCLE('',#14311,0.35);
#14311 = AXIS2_PLACEMENT_3D('',#14312,#14313,#14314);
#14312 = CARTESIAN_POINT('',(13.50000075,1.998052765254,
    -2.878230661791E-02));
#14313 = DIRECTION('',(1.499759782662E-32,1.224646799147E-16,-1.));
#14314 = DIRECTION('',(-1.,1.224646799147E-16,0.));
#14315 = CARTESIAN_POINT('',(13.15000075,1.998052765254,
    -2.878230661791E-02));
#14316 = CARTESIAN_POINT('',(13.85000075,1.998052765254,
    -2.878230661791E-02));
#14317 = GEOMETRIC_CURVE_SET('',(#14318));
#14318 = TRIMMED_CURVE('',#14319,(#14324,PARAMETER_VALUE(0.)),(#14325,
    PARAMETER_VALUE(3.141592653589)),.T.,.PARAMETER.);
#14319 = CIRCLE('',#14320,0.35);
#14320 = AXIS2_PLACEMENT_3D('',#14321,#14322,#14323);
#14321 = CARTESIAN_POINT('',(13.50000075,1.998052765254,
    -2.878230661791E-02));
#14322 = DIRECTION('',(1.499759782662E-32,1.224646799147E-16,-1.));
#14323 = DIRECTION('',(1.,-1.224646799147E-16,0.));
#14324 = CARTESIAN_POINT('',(13.85000075,1.998052765254,
    -2.878230661791E-02));
#14325 = CARTESIAN_POINT('',(13.15000075,1.998052765254,
    -2.878230661791E-02));
#14326 = GEOMETRIC_CURVE_SET('',(#14327));
#14327 = TRIMMED_CURVE('',#14328,(#14333,PARAMETER_VALUE(0.)),(#14334,
    PARAMETER_VALUE(3.141592653589)),.T.,.PARAMETER.);
#14328 = CIRCLE('',#14329,0.35);
#14329 = AXIS2_PLACEMENT_3D('',#14330,#14331,#14332);
#14330 = CARTESIAN_POINT('',(16.50000075,1.998052765254,
    -2.878230661791E-02));
#14331 = DIRECTION('',(1.499759782662E-32,1.224646799147E-16,-1.));
#14332 = DIRECTION('',(-1.,1.224646799147E-16,0.));
#14333 = CARTESIAN_POINT('',(16.15000075,1.998052765254,
    -2.878230661791E-02));
#14334 = CARTESIAN_POINT('',(16.85000075,1.998052765254,
    -2.878230661791E-02));
#14335 = GEOMETRIC_CURVE_SET('',(#14336));
#14336 = TRIMMED_CURVE('',#14337,(#14342,PARAMETER_VALUE(0.)),(#14343,
    PARAMETER_VALUE(3.141592653589)),.T.,.PARAMETER.);
#14337 = CIRCLE('',#14338,0.35);
#14338 = AXIS2_PLACEMENT_3D('',#14339,#14340,#14341);
#14339 = CARTESIAN_POINT('',(16.50000075,1.998052765254,
    -2.878230661791E-02));
#14340 = DIRECTION('',(1.499759782662E-32,1.224646799147E-16,-1.));
#14341 = DIRECTION('',(1.,-1.224646799147E-16,0.));
#14342 = CARTESIAN_POINT('',(16.85000075,1.998052765254,
    -2.878230661791E-02));
#14343 = CARTESIAN_POINT('',(16.15000075,1.998052765254,
    -2.878230661791E-02));
#14344 = GEOMETRIC_CURVE_SET('',(#14345));
#14345 = TRIMMED_CURVE('',#14346,(#14350,PARAMETER_VALUE(0.)),(#14351,
    PARAMETER_VALUE(0.5)),.T.,.PARAMETER.);
#14346 = LINE('',#14347,#14348);
#14347 = CARTESIAN_POINT('',(-1.99999925,5.038052765254,7.121217693382)
  );
#14348 = VECTOR('',#14349,1.);
#14349 = DIRECTION('',(-1.224646799147E-16,-1.,-1.224646799147E-16));
#14350 = CARTESIAN_POINT('',(-1.99999925,5.038052765254,7.121217693382)
  );
#14351 = CARTESIAN_POINT('',(-1.99999925,4.538052765254,7.121217693382)
  );
#14352 = GEOMETRIC_CURVE_SET('',(#14353));
#14353 = TRIMMED_CURVE('',#14354,(#14358,PARAMETER_VALUE(0.)),(#14359,
    PARAMETER_VALUE(0.5)),.T.,.PARAMETER.);
#14354 = LINE('',#14355,#14356);
#14355 = CARTESIAN_POINT('',(-1.99999925,4.538052765254,7.121217693382)
  );
#14356 = VECTOR('',#14357,1.);
#14357 = DIRECTION('',(0.866025403784,0.5,6.123233995737E-17));
#14358 = CARTESIAN_POINT('',(-1.99999925,4.538052765254,7.121217693382)
  );
#14359 = CARTESIAN_POINT('',(-1.566986548108,4.788052765254,
    7.121217693382));
#14360 = GEOMETRIC_CURVE_SET('',(#14361));
#14361 = TRIMMED_CURVE('',#14362,(#14366,PARAMETER_VALUE(0.)),(#14367,
    PARAMETER_VALUE(0.5)),.T.,.PARAMETER.);
#14362 = LINE('',#14363,#14364);
#14363 = CARTESIAN_POINT('',(-1.566986548108,4.788052765254,
    7.121217693382));
#14364 = VECTOR('',#14365,1.);
#14365 = DIRECTION('',(-0.866025403784,0.5,6.123233995737E-17));
#14366 = CARTESIAN_POINT('',(-1.566986548108,4.788052765254,
    7.121217693382));
#14367 = CARTESIAN_POINT('',(-1.99999925,5.038052765254,7.121217693382)
  );
#14368 = GEOMETRIC_CURVE_SET('',(#14369));
#14369 = TRIMMED_CURVE('',#14370,(#14374,PARAMETER_VALUE(0.)),(#14375,
    PARAMETER_VALUE(0.550016822952)),.T.,.PARAMETER.);
#14370 = LINE('',#14371,#14372);
#14371 = CARTESIAN_POINT('',(-1.64999925,3.798052765254,
    -2.878230661791E-02));
#14372 = VECTOR('',#14373,1.);
#14373 = DIRECTION('',(1.499759782662E-32,1.224646799147E-16,-1.));
#14374 = CARTESIAN_POINT('',(-1.64999925,3.798052765254,
    -2.878230661791E-02));
#14375 = CARTESIAN_POINT('',(-1.64999925,3.798052765254,-0.57879912957)
  );
#14376 = ( GEOMETRIC_REPRESENTATION_CONTEXT(3) 
GLOBAL_UNCERTAINTY_ASSIGNED_CONTEXT((#14380)) 
GLOBAL_UNIT_ASSIGNED_CONTEXT((#14377,#14378,#14379)) 
REPRESENTATION_CONTEXT('Context #1',
  '3D Context with UNIT and UNCERTAINTY') );
#14377 = ( LENGTH_UNIT() NAMED_UNIT(*) SI_UNIT(.MILLI.,.METRE.) );
#14378 = ( NAMED_UNIT(*) PLANE_ANGLE_UNIT() SI_UNIT($,.RADIAN.) );
#14379 = ( NAMED_UNIT(*) SI_UNIT($,.STERADIAN.) SOLID_ANGLE_UNIT() );
#14380 = UNCERTAINTY_MEASURE_WITH_UNIT(LENGTH_MEASURE(2.E-07),#14377,
  'distance_accuracy_value','confusion accuracy');
#14381 = PRODUCT_RELATED_PRODUCT_CATEGORY('part',$,(#7));
ENDSEC;
END-ISO-10303-21;
