#VRML V2.0 utf8
# Molex_CLIK-Mate_503159-0701_1x07-1MP_P1.50mm_Vertical - Black housing
# Generated by tools/molex_3d.py from the TraceParts STEP

Shape { # housing
  appearance Appearance { material Material {
    diffuseColor 0.090 0.090 0.100
    specularColor 0.340 0.340 0.350
    shininess 0.4
    ambientIntensity 0.3
  } }
  geometry IndexedFaceSet {
    coord Coordinate { point [
-0.5566 1.5049 -0.2722,
-0.5712 1.5034 -0.2869,
-0.5717 1.5072 -0.2869,
-0.5710 1.4996 -0.2869,
-0.5709 1.4957 -0.2869,
-0.5579 1.5139 -0.2722,
-0.5724 1.5110 -0.2869,
-0.5732 1.5148 -0.2869,
-0.5419 1.5063 -0.2574,
-0.5118 1.4957 -0.2279,
-0.5601 1.5228 -0.2722,
-0.5743 1.5185 -0.2869,
-0.5755 1.5222 -0.2869,
-0.5434 1.5168 -0.2574,
-0.5632 1.5315 -0.2722,
-0.5769 1.5258 -0.2869,
-0.5784 1.5294 -0.2869,
-0.5272 1.5077 -0.2426,
-0.5133 1.5159 -0.2279,
-0.5125 1.5092 -0.2279,
-0.5120 1.5024 -0.2279,
-0.5460 1.5271 -0.2574,
-0.5671 1.5398 -0.2722,
-0.5802 1.5328 -0.2869,
-0.5821 1.5362 -0.2869,
-0.5289 1.5197 -0.2426,
-0.5159 1.5292 -0.2279,
-0.5145 1.5226 -0.2279,
-0.5496 1.5371 -0.2574,
-0.5719 1.5476 -0.2722,
-0.5841 1.5394 -0.2869,
-0.5864 1.5426 -0.2869,
-0.5319 1.5314 -0.2426,
-0.5199 1.5421 -0.2279,
-0.5177 1.5357 -0.2279,
-0.5541 1.5467 -0.2574,
-0.5773 1.5550 -0.2722,
-0.5887 1.5456 -0.2869,
-0.5913 1.5486 -0.2869,
-0.5359 1.5428 -0.2426,
-0.5250 1.5546 -0.2279,
-0.5223 1.5484 -0.2279,
-0.5596 1.5558 -0.2574,
-0.5835 1.5618 -0.2722,
-0.5939 1.5514 -0.2869,
-0.5967 1.5540 -0.2869,
-0.5411 1.5537 -0.2426,
-0.5314 1.5665 -0.2279,
-0.5281 1.5606 -0.2279,
-0.5659 1.5644 -0.2574,
-0.5903 1.5680 -0.2722,
-0.5997 1.5566 -0.2869,
-0.6027 1.5589 -0.2869,
-0.5473 1.5640 -0.2426,
-0.5389 1.5778 -0.2279,
-0.5350 1.5722 -0.2279,
-0.5731 1.5722 -0.2574,
-0.5977 1.5734 -0.2722,
-0.6059 1.5612 -0.2869,
-0.6091 1.5632 -0.2869,
-0.5545 1.5737 -0.2426,
-0.5475 1.5882 -0.2279,
-0.5431 1.5831 -0.2279,
-0.5809 1.5794 -0.2574,
-0.6055 1.5781 -0.2722,
-0.6125 1.5651 -0.2869,
-0.6159 1.5669 -0.2869,
-0.5626 1.5827 -0.2426,
-0.5571 1.5978 -0.2279,
-0.5522 1.5931 -0.2279,
-0.5895 1.5857 -0.2574,
-0.6138 1.5821 -0.2722,
-0.6195 1.5684 -0.2869,
-0.6231 1.5698 -0.2869,
-0.5716 1.5908 -0.2426,
-0.5675 1.6064 -0.2279,
-0.5622 1.6022 -0.2279,
-0.5986 1.5912 -0.2574,
-0.6225 1.5852 -0.2722,
-0.6267 1.5710 -0.2869,
-0.6305 1.5721 -0.2869,
-0.5813 1.5980 -0.2426,
-0.5788 1.6139 -0.2279,
-0.5731 1.6103 -0.2279,
-0.6082 1.5957 -0.2574,
-0.6314 1.5874 -0.2722,
-0.6342 1.5729 -0.2869,
-0.6381 1.5736 -0.2869,
-0.5916 1.6042 -0.2426,
-0.5907 1.6203 -0.2279,
-0.5846 1.6172 -0.2279,
-0.6182 1.5993 -0.2574,
-0.6404 1.5887 -0.2722,
-0.6457 1.5743 -0.2869,
-0.6496 1.5744 -0.2869,
-0.6419 1.5740 -0.2869,
-0.6025 1.6094 -0.2426,
-0.6032 1.6254 -0.2279,
-0.5969 1.6230 -0.2279,
-0.6285 1.6019 -0.2574,
-0.6139 1.6134 -0.2426,
-0.6161 1.6294 -0.2279,
-0.6096 1.6276 -0.2279,
-0.6390 1.6034 -0.2574,
-0.6496 1.6335 -0.2279,
-0.6256 1.6164 -0.2426,
-0.6294 1.6320 -0.2279,
-0.6227 1.6308 -0.2279,
-0.6375 1.6181 -0.2426,
-0.6428 1.6333 -0.2279,
-0.6361 1.6328 -0.2279,
-0.6404 1.4026 -0.2722,
-0.6419 1.4173 -0.2869,
-0.6381 1.4178 -0.2869,
-0.6457 1.4170 -0.2869,
-0.6496 1.4170 -0.2869,
-0.6314 1.4040 -0.2722,
-0.6342 1.4185 -0.2869,
-0.6305 1.4193 -0.2869,
-0.6390 1.3879 -0.2574,
-0.6496 1.3579 -0.2279,
-0.6225 1.4062 -0.2722,
-0.6267 1.4203 -0.2869,
-0.6231 1.4216 -0.2869,
-0.6285 1.3895 -0.2574,
-0.6138 1.4093 -0.2722,
-0.6195 1.4229 -0.2869,
-0.6159 1.4245 -0.2869,
-0.6375 1.3733 -0.2426,
-0.6294 1.3594 -0.2279,
-0.6361 1.3586 -0.2279,
-0.6428 1.3581 -0.2279,
-0.6182 1.3921 -0.2574,
-0.6055 1.4132 -0.2722,
-0.6125 1.4262 -0.2869,
-0.6091 1.4282 -0.2869,
-0.6256 1.3750 -0.2426,
-0.6161 1.3620 -0.2279,
-0.6227 1.3605 -0.2279,
-0.6082 1.3957 -0.2574,
-0.5977 1.4179 -0.2722,
-0.6059 1.4302 -0.2869,
-0.6027 1.4324 -0.2869,
-0.6139 1.3780 -0.2426,
-0.6032 1.3659 -0.2279,
-0.6096 1.3638 -0.2279,
-0.5986 1.4002 -0.2574,
-0.5903 1.4234 -0.2722,
-0.5997 1.4348 -0.2869,
-0.5967 1.4373 -0.2869,
-0.6025 1.3820 -0.2426,
-0.5907 1.3711 -0.2279,
-0.5969 1.3684 -0.2279,
-0.5895 1.4057 -0.2574,
-0.5835 1.4296 -0.2722,
-0.5939 1.4400 -0.2869,
-0.5913 1.4428 -0.2869,
-0.5916 1.3872 -0.2426,
-0.5788 1.3775 -0.2279,
-0.5846 1.3742 -0.2279,
-0.5809 1.4120 -0.2574,
-0.5773 1.4364 -0.2722,
-0.5887 1.4457 -0.2869,
-0.5864 1.4488 -0.2869,
-0.5813 1.3934 -0.2426,
-0.5675 1.3850 -0.2279,
-0.5731 1.3811 -0.2279,
-0.5731 1.4191 -0.2574,
-0.5719 1.4437 -0.2722,
-0.5841 1.4519 -0.2869,
-0.5821 1.4552 -0.2869,
-0.5716 1.4006 -0.2426,
-0.5571 1.3936 -0.2279,
-0.5622 1.3892 -0.2279,
-0.5659 1.4270 -0.2574,
-0.5671 1.4516 -0.2722,
-0.5802 1.4586 -0.2869,
-0.5784 1.4620 -0.2869,
-0.5626 1.4087 -0.2426,
-0.5475 1.4032 -0.2279,
-0.5522 1.3983 -0.2279,
-0.5596 1.4355 -0.2574,
-0.5632 1.4599 -0.2722,
-0.5769 1.4656 -0.2869,
-0.5755 1.4692 -0.2869,
-0.5545 1.4176 -0.2426,
-0.5389 1.4136 -0.2279,
-0.5431 1.4083 -0.2279,
-0.5541 1.4447 -0.2574,
-0.5601 1.4685 -0.2722,
-0.5743 1.4728 -0.2869,
-0.5732 1.4766 -0.2869,
-0.5473 1.4273 -0.2426,
-0.5314 1.4248 -0.2279,
-0.5350 1.4191 -0.2279,
-0.5496 1.4543 -0.2574,
-0.5579 1.4774 -0.2722,
-0.5724 1.4803 -0.2869,
-0.5717 1.4841 -0.2869,
-0.5411 1.4377 -0.2426,
-0.5250 1.4368 -0.2279,
-0.5281 1.4307 -0.2279,
-0.5460 1.4643 -0.2574,
-0.5566 1.4865 -0.2722,
-0.5710 1.4918 -0.2869,
-0.5709 1.4957 -0.2869,
-0.5712 1.4880 -0.2869,
-0.5359 1.4486 -0.2426,
-0.5199 1.4493 -0.2279,
-0.5223 1.4430 -0.2279,
-0.5434 1.4746 -0.2574,
-0.5319 1.4600 -0.2426,
-0.5159 1.4622 -0.2279,
-0.5177 1.4557 -0.2279,
-0.5419 1.4851 -0.2574,
-0.5118 1.4957 -0.2279,
-0.5289 1.4717 -0.2426,
-0.5133 1.4755 -0.2279,
-0.5145 1.4688 -0.2279,
-0.5272 1.4836 -0.2426,
-0.5120 1.4889 -0.2279,
-0.5125 1.4822 -0.2279,
3.7011 0.0800 -0.3193,
3.7011 -0.0967 -0.3205,
3.7064 -0.0967 -0.3244,
3.7064 0.0801 -0.3232,
3.7115 -0.0967 -0.3286,
3.7115 0.0801 -0.3274,
3.7165 -0.0967 -0.3330,
3.7165 0.0801 -0.3318,
3.7212 -0.0966 -0.3376,
3.7212 0.0801 -0.3364,
3.7256 -0.0966 -0.3425,
3.7256 0.0802 -0.3413,
3.7299 -0.0966 -0.3476,
3.7299 0.0802 -0.3464,
3.7339 -0.0965 -0.3528,
3.7339 0.0802 -0.3517,
3.7376 -0.0965 -0.3583,
3.7376 0.0803 -0.3571,
3.7411 -0.0964 -0.3639,
3.7411 0.0803 -0.3628,
3.7443 -0.0964 -0.3697,
3.7443 0.0804 -0.3685,
3.7472 -0.0964 -0.3757,
3.7472 0.0804 -0.3745,
3.7498 -0.0963 -0.3817,
3.7498 0.0804 -0.3805,
3.7521 -0.0963 -0.3879,
3.7521 0.0805 -0.3867,
3.7542 -0.0962 -0.3942,
3.7542 0.0805 -0.3930,
3.7559 -0.0962 -0.4006,
3.7559 0.0806 -0.3994,
3.7573 -0.0962 -0.4071,
3.7573 0.0806 -0.4059,
3.7584 -0.0961 -0.4136,
3.7584 0.0806 -0.4124,
3.7592 -0.0961 -0.4201,
3.7592 0.0807 -0.4190,
3.7597 -0.0960 -0.4267,
3.7597 0.0807 -0.4256,
3.7598 -0.0960 -0.4333,
3.7598 0.0808 -0.4322,
-0.2165 0.0808 -0.4322,
-0.2165 -0.0960 -0.4333,
-0.2164 -0.0960 -0.4267,
-0.2164 0.0807 -0.4256,
-0.2159 -0.0961 -0.4201,
-0.2159 0.0807 -0.4190,
-0.2151 -0.0961 -0.4136,
-0.2151 0.0806 -0.4124,
-0.2140 -0.0962 -0.4071,
-0.2140 0.0806 -0.4059,
-0.2126 -0.0962 -0.4006,
-0.2126 0.0806 -0.3994,
-0.2109 -0.0962 -0.3942,
-0.2109 0.0805 -0.3930,
-0.2088 -0.0963 -0.3879,
-0.2088 0.0805 -0.3867,
-0.2065 -0.0963 -0.3817,
-0.2065 0.0804 -0.3805,
-0.2039 -0.0964 -0.3757,
-0.2039 0.0804 -0.3745,
-0.2010 -0.0964 -0.3697,
-0.2010 0.0804 -0.3685,
-0.1978 -0.0964 -0.3639,
-0.1978 0.0803 -0.3628,
-0.1943 -0.0965 -0.3583,
-0.1943 0.0803 -0.3571,
-0.1906 -0.0965 -0.3528,
-0.1906 0.0802 -0.3517,
-0.1866 -0.0966 -0.3476,
-0.1866 0.0802 -0.3464,
-0.1823 -0.0966 -0.3425,
-0.1823 0.0802 -0.3413,
-0.1779 -0.0966 -0.3376,
-0.1779 0.0801 -0.3364,
-0.1732 -0.0967 -0.3330,
-0.1732 0.0801 -0.3318,
-0.1682 -0.0967 -0.3286,
-0.1682 0.0801 -0.3274,
-0.1631 -0.0967 -0.3244,
-0.1631 0.0801 -0.3232,
-0.1578 -0.0967 -0.3205,
-0.1578 0.0800 -0.3193,
-0.7458 1.5943 -0.0113,
-0.7506 1.5894 -0.0113,
-0.8661 1.9248 -0.0113,
-0.7408 1.5990 -0.0113,
-0.7552 1.5843 -0.0113,
-0.7355 1.6034 -0.0113,
-0.7594 1.5789 -0.0113,
-0.7300 1.6076 -0.0113,
-0.7635 1.5733 -0.0113,
-0.7244 1.6114 -0.0113,
-0.7672 1.5675 -0.0113,
-0.7185 1.6150 -0.0113,
-0.7706 1.5616 -0.0113,
-0.7125 1.6183 -0.0113,
-0.7738 1.5555 -0.0113,
-0.7063 1.6213 -0.0113,
-0.7766 1.5492 -0.0113,
-0.6999 1.6240 -0.0113,
-0.7791 1.5428 -0.0113,
-0.6935 1.6263 -0.0113,
-0.7813 1.5363 -0.0113,
-0.6869 1.6283 -0.0113,
-0.7831 1.5297 -0.0113,
-0.6803 1.6300 -0.0113,
-0.7847 1.5230 -0.0113,
-0.6735 1.6314 -0.0113,
-0.7859 1.5162 -0.0113,
-0.6667 1.6324 -0.0113,
-0.7867 1.5094 -0.0113,
-0.6599 1.6331 -0.0113,
-0.6530 1.6334 -0.0113,
-0.6462 1.6334 -0.0113,
-0.3543 1.9248 -0.0113,
-0.3542 1.9210 -0.0113,
-0.6393 1.6331 -0.0113,
-0.3540 1.9171 -0.0113,
-0.6325 1.6324 -0.0113,
-0.3535 1.9133 -0.0113,
-0.3520 1.9057 -0.0113,
-0.6257 1.6314 -0.0113,
-0.3528 1.9095 -0.0113,
-0.6189 1.6300 -0.0113,
-0.3509 1.9020 -0.0113,
-0.6123 1.6283 -0.0113,
-0.3497 1.8983 -0.0113,
-0.6057 1.6263 -0.0113,
-0.3483 1.8947 -0.0113,
-0.5993 1.6240 -0.0113,
-0.3468 1.8912 -0.0113,
-0.5929 1.6213 -0.0113,
-0.3431 1.8843 -0.0113,
-0.3450 1.8877 -0.0113,
-0.3411 1.8811 -0.0113,
-0.5867 1.6183 -0.0113,
-0.3388 1.8779 -0.0113,
-0.5807 1.6150 -0.0113,
-0.5748 1.6114 -0.0113,
-0.3365 1.8749 -0.0113,
-0.3313 1.8691 -0.0113,
-0.5692 1.6076 -0.0113,
-0.3339 1.8719 -0.0113,
-0.5637 1.6034 -0.0113,
-0.3285 1.8665 -0.0113,
-0.5584 1.5990 -0.0113,
-0.3255 1.8640 -0.0113,
-0.5534 1.5943 -0.0113,
-0.3225 1.8616 -0.0113,
-0.5486 1.5894 -0.0113,
-0.3161 1.8573 -0.0113,
-0.3193 1.8594 -0.0113,
-0.3127 1.8554 -0.0113,
-0.5440 1.5843 -0.0113,
-0.5398 1.5789 -0.0113,
-0.3093 1.8536 -0.0113,
-0.5358 1.5733 -0.0113,
-0.3057 1.8521 -0.0113,
-0.7300 1.3838 -0.0113,
-0.8661 1.2398 -0.0113,
-0.7355 1.3880 -0.0113,
-0.7408 1.3924 -0.0113,
-0.7458 1.3970 -0.0113,
-0.7506 1.4020 -0.0113,
-0.7552 1.4071 -0.0113,
-0.7594 1.4125 -0.0113,
-0.7635 1.4181 -0.0113,
-0.7672 1.4238 -0.0113,
-0.7706 1.4298 -0.0113,
-0.7738 1.4359 -0.0113,
-0.7766 1.4422 -0.0113,
-0.7791 1.4486 -0.0113,
-0.7813 1.4551 -0.0113,
-0.7831 1.4617 -0.0113,
-0.7847 1.4684 -0.0113,
-0.7859 1.4752 -0.0113,
-0.7867 1.4820 -0.0113,
-0.7872 1.4888 -0.0113,
-0.7874 1.4957 -0.0113,
-0.7872 1.5026 -0.0113,
-0.7244 1.3799 -0.0113,
-0.5320 1.5675 -0.0113,
-0.2984 1.8495 -0.0113,
-0.3021 1.8507 -0.0113,
-0.7185 1.3764 -0.0113,
-0.2947 1.8484 -0.0113,
-0.5286 1.5616 -0.0113,
-0.7125 1.3731 -0.0113,
-0.2910 1.8476 -0.0113,
-0.5255 1.5555 -0.0113,
-0.7063 1.3701 -0.0113,
-0.2871 1.8469 -0.0113,
-0.5226 1.5492 -0.0113,
-0.6999 1.3674 -0.0113,
-0.2795 1.8462 -0.0113,
-0.5201 1.5428 -0.0113,
-0.2833 1.8465 -0.0113,
-0.6935 1.3651 -0.0113,
-0.5179 1.5363 -0.0113,
-0.2756 1.8461 -0.0113,
-0.6869 1.3630 -0.0113,
-0.5161 1.5297 -0.0113,
-0.6803 1.3613 -0.0113,
-0.5145 1.5230 -0.0113,
-0.6735 1.3600 -0.0113,
-0.5133 1.5162 -0.0113,
-0.6667 1.3590 -0.0113,
-0.5125 1.5094 -0.0113,
-0.6599 1.3583 -0.0113,
-0.6530 1.3579 -0.0113,
-0.6462 1.3579 -0.0113,
-0.6393 1.3583 -0.0113,
-0.6325 1.3590 -0.0113,
-0.6257 1.3600 -0.0113,
-0.6189 1.3613 -0.0113,
-0.5118 1.4957 -0.0113,
-0.1575 1.2398 -0.0113,
-0.5120 1.4888 -0.0113,
-0.5125 1.4820 -0.0113,
-0.5133 1.4752 -0.0113,
-0.5145 1.4684 -0.0113,
-0.5161 1.4617 -0.0113,
-0.5179 1.4551 -0.0113,
-0.5201 1.4486 -0.0113,
-0.5226 1.4422 -0.0113,
-0.5255 1.4359 -0.0113,
-0.5286 1.4298 -0.0113,
-0.5320 1.4238 -0.0113,
-0.5358 1.4181 -0.0113,
-0.5398 1.4125 -0.0113,
-0.5440 1.4071 -0.0113,
-0.5486 1.4020 -0.0113,
-0.5534 1.3970 -0.0113,
-0.5584 1.3924 -0.0113,
-0.5637 1.3880 -0.0113,
-0.5692 1.3838 -0.0113,
-0.5748 1.3799 -0.0113,
-0.5807 1.3764 -0.0113,
-0.5867 1.3731 -0.0113,
-0.5929 1.3701 -0.0113,
-0.5120 1.5026 -0.0113,
-0.5993 1.3674 -0.0113,
-0.6057 1.3651 -0.0113,
-0.6123 1.3630 -0.0113,
0.5413 0.8855 -0.0113,
1.5748 1.8461 -0.0113,
0.6398 0.8855 -0.0113,
0.5413 0.6886 -0.0113,
-0.0492 0.0862 -0.0113,
-0.1575 0.0547 -0.0113,
0.0492 0.0862 -0.0113,
-0.1968 -0.2012 -0.0113,
-0.8661 0.0547 -0.0113,
-0.8661 -0.2996 -0.0113,
1.5748 1.9248 -0.0113,
1.9685 1.9248 -0.0113,
-0.0492 -0.0988 -0.0113,
-0.1968 -0.2996 -0.0113,
1.9685 1.8461 -0.0113,
1.7224 0.8855 -0.0113,
1.8209 0.8855 -0.0113,
1.7224 0.6886 -0.0113,
0.6398 0.6886 -0.0113,
1.1319 0.0862 -0.0113,
0.0492 -0.0988 -0.0113,
1.2303 0.0862 -0.0113,
1.8209 0.6886 -0.0113,
1.1319 -0.0988 -0.0113,
2.9035 0.8855 -0.0113,
3.8189 1.8461 -0.0113,
3.0020 0.8855 -0.0113,
2.9035 0.6886 -0.0113,
2.3130 0.0862 -0.0113,
3.0020 0.6886 -0.0113,
2.4114 0.0862 -0.0113,
2.3130 -0.0988 -0.0113,
1.2303 -0.0988 -0.0113,
3.7008 1.2398 -0.0113,
3.8560 1.8554 -0.0113,
3.8526 1.8536 -0.0113,
3.8490 1.8521 -0.0113,
3.8454 1.8507 -0.0113,
3.8418 1.8495 -0.0113,
3.8380 1.8484 -0.0113,
3.8343 1.8476 -0.0113,
3.8305 1.8469 -0.0113,
3.8266 1.8465 -0.0113,
3.8228 1.8462 -0.0113,
3.8976 1.9248 -0.0113,
4.4094 1.9248 -0.0113,
3.8975 1.9210 -0.0113,
3.8973 1.9171 -0.0113,
3.8968 1.9133 -0.0113,
3.8961 1.9095 -0.0113,
3.8953 1.9057 -0.0113,
3.8942 1.9020 -0.0113,
3.8930 1.8983 -0.0113,
3.8916 1.8947 -0.0113,
3.8901 1.8912 -0.0113,
3.8883 1.8877 -0.0113,
3.8864 1.8843 -0.0113,
3.8844 1.8811 -0.0113,
3.8821 1.8779 -0.0113,
3.8798 1.8749 -0.0113,
3.8772 1.8719 -0.0113,
3.8746 1.8691 -0.0113,
4.4094 1.2398 -0.0113,
3.8718 1.8665 -0.0113,
3.8689 1.8640 -0.0113,
3.8658 1.8616 -0.0113,
3.8626 1.8594 -0.0113,
3.8594 1.8573 -0.0113,
3.4941 0.0862 -0.0113,
3.5925 0.0862 -0.0113,
3.4941 -0.0988 -0.0113,
2.4114 -0.0988 -0.0113,
3.7008 0.0547 -0.0113,
3.5925 -0.0988 -0.0113,
3.7402 -0.2012 -0.0113,
4.4094 0.0547 -0.0113,
4.4094 -0.2996 -0.0113,
3.7402 -0.2996 -0.0113,
3.5925 0.6492 1.4536,
3.4941 0.6492 1.4536,
3.7795 0.6492 1.0713,
3.7795 0.6492 2.0556,
3.5925 0.6492 1.9466,
3.0020 0.6492 1.4536,
3.4941 0.6492 1.9466,
2.9035 0.6492 1.4536,
3.0020 0.6492 1.9466,
2.4114 0.6492 1.4536,
2.3130 0.6492 1.4536,
2.9035 0.6492 1.9466,
2.4114 0.6492 1.9466,
1.8209 0.6492 1.4536,
2.3130 0.6492 1.9466,
1.8209 0.6492 1.9466,
1.7224 0.6492 1.9466,
1.2303 0.6492 1.9466,
1.7224 0.6492 1.4536,
1.2303 0.6492 1.4536,
1.1319 0.6492 1.9466,
0.6398 0.6492 1.9466,
1.1319 0.6492 1.4536,
0.6398 0.6492 1.4536,
-0.2362 0.6492 1.0713,
0.5413 0.6492 1.4536,
0.0492 0.6492 1.4536,
-0.0492 0.6492 1.4536,
0.5413 0.6492 1.9466,
0.0492 0.6492 1.9466,
-0.0492 0.6492 1.9466,
-0.2362 0.6492 2.0556,
-0.2362 0.9839 2.1737,
-0.2362 1.0626 2.0359,
-0.2362 0.7673 2.1737,
-0.2362 0.6492 2.0556,
-0.2362 0.1925 0.9729,
-0.2362 0.1138 0.6776,
-0.2362 0.1138 1.0438,
-0.2362 0.6492 1.0713,
-0.2362 0.5902 0.9729,
-0.2362 1.0626 0.6776,
3.7795 0.6492 1.0713,
-0.2362 0.6492 1.0713,
3.7795 0.5902 0.9729,
-0.2362 0.5902 0.9729,
3.7795 0.6492 2.0556,
3.7795 1.0626 2.0359,
3.7795 0.7673 2.1737,
3.7795 0.9839 2.1737,
3.7795 0.1138 1.0438,
3.7795 0.1138 0.6776,
3.7795 0.1925 0.9729,
3.7795 0.6492 1.0713,
3.7795 0.5902 0.9729,
3.7795 1.0626 0.6776,
3.7795 0.7673 2.1737,
-0.2362 0.7673 2.1737,
3.7795 0.6492 2.0556,
-0.2362 0.6492 2.0556,
3.7795 0.9839 2.1737,
-0.2362 0.9839 2.1737,
3.7795 0.7673 2.1737,
-0.2362 0.7673 2.1737,
-0.2362 0.9839 2.1737,
3.7795 0.9839 2.1737,
-0.2362 1.0626 2.0359,
3.7795 1.0626 2.0359,
-0.2362 1.0626 0.6776,
-0.2362 1.0626 2.0359,
3.7795 1.0626 0.6776,
3.7795 1.0626 2.0359,
4.1142 0.6492 0.6776,
4.0906 0.6492 0.6776,
4.1142 0.1138 0.6776,
3.7795 0.1138 0.6776,
4.1142 0.7673 0.6776,
3.7795 1.0626 0.6776,
4.0906 0.7673 0.6776,
4.1142 1.9248 0.6776,
3.5433 1.5311 0.6776,
3.2480 1.5311 0.6776,
3.5433 1.9248 0.6776,
-0.2362 0.1138 0.6776,
-0.5472 0.6492 0.6776,
-0.5709 0.1138 0.6776,
-0.5709 0.6492 0.6776,
-0.2362 1.0626 0.6776,
-0.5472 0.7673 0.6776,
-0.5709 0.7673 0.6776,
0.2953 1.5311 0.6776,
0.0000 1.5311 0.6776,
3.2480 1.9248 0.6776,
0.2953 1.9248 0.6776,
0.0000 1.9248 0.6776,
-0.5709 1.9248 0.6776,
4.1142 0.7673 2.7643,
4.1142 0.7673 0.6776,
4.0906 0.7673 0.6776,
4.0906 0.7673 2.8036,
4.1142 0.7673 2.8036,
4.1142 0.7673 2.7643,
4.1142 1.9248 0.6776,
4.1142 0.7673 0.6776,
4.1142 1.9248 2.7643,
4.1142 0.0744 3.0792,
4.1142 0.3298 3.0792,
4.1142 0.1138 3.0398,
4.1142 0.3855 3.0235,
4.1142 0.3855 2.8661,
4.1142 0.4873 2.7643,
4.1142 0.1138 0.6776,
4.1142 0.6492 2.7643,
4.1142 0.6492 0.6776,
0.0000 1.9248 2.7643,
-0.5709 1.9248 2.7643,
0.0000 1.9248 0.6776,
-0.5709 1.9248 0.6776,
4.1142 1.9248 2.7643,
3.5433 1.9248 2.7643,
4.1142 1.9248 0.6776,
3.5433 1.9248 0.6776,
3.1544 1.9248 2.2011,
3.2480 1.9248 2.4099,
3.1496 1.9248 2.2013,
3.1593 1.9248 2.2008,
3.1640 1.9248 2.2002,
3.1688 1.9248 2.1994,
3.1735 1.9248 2.1983,
3.1782 1.9248 2.1970,
3.1828 1.9248 2.1955,
3.1873 1.9248 2.1938,
3.1917 1.9248 2.1918,
3.1960 1.9248 2.1896,
3.2002 1.9248 2.1873,
3.2043 1.9248 2.1847,
3.2082 1.9248 2.1819,
3.2120 1.9248 2.1789,
3.2157 1.9248 2.1758,
3.2192 1.9248 2.1724,
3.2225 1.9248 2.1689,
3.2257 1.9248 2.1653,
3.2287 1.9248 2.1615,
3.2314 1.9248 2.1575,
3.2340 1.9248 2.1534,
3.2364 1.9248 2.1492,
3.2386 1.9248 2.1449,
3.2405 1.9248 2.1405,
3.2423 1.9248 2.1360,
3.2438 1.9248 2.1314,
3.2451 1.9248 2.1268,
3.2461 1.9248 2.1220,
3.2470 1.9248 2.1173,
3.2476 1.9248 2.1125,
3.2479 1.9248 2.1077,
3.2480 1.9248 1.5635,
2.2638 1.9248 1.5635,
3.2480 1.9248 0.6776,
2.2638 1.9248 2.4099,
2.3622 1.9248 2.2013,
2.2680 1.9248 2.1314,
2.2667 1.9248 2.1268,
2.2695 1.9248 2.1360,
2.2713 1.9248 2.1405,
2.2732 1.9248 2.1449,
2.2754 1.9248 2.1492,
2.2778 1.9248 2.1534,
2.2804 1.9248 2.1575,
2.2831 1.9248 2.1615,
2.2861 1.9248 2.1653,
2.2893 1.9248 2.1689,
2.2926 1.9248 2.1724,
2.2961 1.9248 2.1758,
2.2998 1.9248 2.1789,
2.3036 1.9248 2.1819,
2.3075 1.9248 2.1847,
2.3116 1.9248 2.1873,
2.3158 1.9248 2.1896,
2.3201 1.9248 2.1918,
2.3245 1.9248 2.1938,
2.3290 1.9248 2.1955,
2.3336 1.9248 2.1970,
2.3383 1.9248 2.1983,
2.3430 1.9248 2.1994,
2.3478 1.9248 2.2002,
2.3526 1.9248 2.2008,
2.3574 1.9248 2.2011,
0.2953 1.9248 0.6776,
1.2795 1.9248 1.5635,
1.2795 1.9248 2.1028,
2.2638 1.9248 2.1028,
1.2794 1.9248 2.1077,
2.2639 1.9248 2.1077,
2.2643 1.9248 2.1125,
1.2791 1.9248 2.1125,
2.2648 1.9248 2.1173,
1.2785 1.9248 2.1173,
2.2657 1.9248 2.1220,
1.2776 1.9248 2.1220,
1.2766 1.9248 2.1268,
1.2720 1.9248 2.1405,
1.2795 1.9248 2.4099,
1.2701 1.9248 2.1449,
1.2738 1.9248 2.1360,
1.2753 1.9248 2.1314,
1.1859 1.9248 2.2011,
1.1811 1.9248 2.2013,
1.1908 1.9248 2.2008,
1.1955 1.9248 2.2002,
1.2003 1.9248 2.1994,
1.2050 1.9248 2.1983,
1.2097 1.9248 2.1970,
1.2143 1.9248 2.1955,
1.2188 1.9248 2.1938,
1.2232 1.9248 2.1918,
1.2275 1.9248 2.1896,
1.2317 1.9248 2.1873,
1.2358 1.9248 2.1847,
1.2397 1.9248 2.1819,
1.2435 1.9248 2.1789,
1.2472 1.9248 2.1758,
1.2507 1.9248 2.1724,
1.2540 1.9248 2.1689,
1.2572 1.9248 2.1653,
1.2602 1.9248 2.1615,
1.2629 1.9248 2.1575,
1.2655 1.9248 2.1534,
1.2679 1.9248 2.1492,
0.2953 1.9248 1.5635,
2.2638 1.9248 2.7643,
1.2795 1.9248 2.7643,
0.2953 1.9248 2.4099,
0.3937 1.9248 2.2013,
0.2957 1.9248 2.1125,
0.2954 1.9248 2.1077,
0.2963 1.9248 2.1173,
0.2972 1.9248 2.1220,
0.2982 1.9248 2.1268,
0.2995 1.9248 2.1314,
0.3010 1.9248 2.1360,
0.3028 1.9248 2.1405,
0.3047 1.9248 2.1449,
0.3069 1.9248 2.1492,
0.3093 1.9248 2.1534,
0.3119 1.9248 2.1575,
0.3146 1.9248 2.1615,
0.3176 1.9248 2.1653,
0.3208 1.9248 2.1689,
0.3241 1.9248 2.1724,
0.3276 1.9248 2.1758,
0.3313 1.9248 2.1789,
0.3351 1.9248 2.1819,
0.3390 1.9248 2.1847,
0.3431 1.9248 2.1873,
0.3473 1.9248 2.1896,
0.3516 1.9248 2.1918,
0.3560 1.9248 2.1938,
0.3605 1.9248 2.1955,
0.3651 1.9248 2.1970,
0.3698 1.9248 2.1983,
0.3745 1.9248 2.1994,
0.3793 1.9248 2.2002,
0.3841 1.9248 2.2008,
0.3889 1.9248 2.2011,
3.2480 1.9248 2.1028,
0.2953 1.9248 2.1028,
0.0000 1.9248 2.7643,
0.0394 1.9642 2.8036,
-0.6102 1.9642 2.8036,
-0.5709 1.9248 2.7643,
-0.5709 0.6492 2.7643,
-0.6102 0.5036 2.8036,
-0.5709 0.4873 2.7643,
-0.5709 0.7673 2.7643,
-0.5709 1.9248 2.7643,
-0.6102 1.9642 2.8036,
-0.5709 0.7673 2.7643,
-0.5709 0.6492 2.7643,
-0.5709 0.6492 2.8036,
-0.5709 0.7673 2.8036,
-0.5709 0.7673 2.7643,
-0.5472 0.7673 0.6776,
-0.5709 0.7673 0.6776,
-0.5709 0.7673 2.8036,
-0.5472 0.7673 2.8036,
-0.5472 0.7673 0.6776,
-0.5472 0.7673 2.8036,
-0.5472 0.6492 2.8036,
-0.5472 0.6492 0.6776,
-0.5709 0.6492 2.7643,
-0.5709 0.6492 0.6776,
-0.5472 0.6492 0.6776,
-0.5472 0.6492 2.8036,
-0.5709 0.6492 2.8036,
-0.5709 0.3298 3.0792,
-0.5709 0.0744 3.0792,
-0.5709 0.1138 3.0398,
-0.5709 0.3855 2.8661,
-0.5709 0.3855 3.0235,
-0.5709 0.4873 2.7643,
-0.5709 0.1138 0.6776,
-0.5709 0.6492 0.6776,
-0.5709 0.6492 2.7643,
-0.5709 1.9248 0.6776,
-0.5709 1.9248 2.7643,
-0.5709 0.7673 2.7643,
-0.5709 0.7673 0.6776,
3.7795 0.1138 0.6776,
3.7795 0.1138 1.0438,
4.1142 0.1138 0.6776,
3.5925 0.1138 1.0438,
3.5925 0.1138 1.9990,
3.0020 0.1138 1.0438,
3.4941 0.1138 1.9990,
3.4941 0.1138 1.0438,
4.1142 0.1138 3.0398,
3.0020 0.1138 1.9990,
2.4114 0.1138 1.0438,
2.9035 0.1138 1.9990,
2.9035 0.1138 1.0438,
3.3268 0.1138 2.8036,
2.4114 0.1138 1.9990,
1.8209 0.1138 1.0438,
2.3130 0.1138 1.9990,
2.3130 0.1138 1.0438,
3.3268 0.1138 3.0398,
3.0315 0.1138 2.8036,
3.0233 0.1138 2.8081,
3.0315 0.1138 2.8101,
3.0150 0.1138 2.8065,
3.0067 0.1138 2.8053,
2.9983 0.1138 2.8044,
2.9899 0.1138 2.8038,
2.9814 0.1138 2.8036,
1.8209 0.1138 1.9990,
1.7224 0.1138 1.9990,
1.2303 0.1138 1.0438,
1.2303 0.1138 1.9990,
1.7224 0.1138 1.0438,
-0.5709 0.1138 0.6776,
-0.2362 0.1138 1.0438,
-0.2362 0.1138 0.6776,
0.6398 0.1138 1.0438,
0.6398 0.1138 1.9990,
1.1319 0.1138 1.0438,
1.1319 0.1138 1.9990,
0.0492 0.1138 1.0438,
0.5413 0.1138 1.9990,
0.5413 0.1138 1.0438,
0.0492 0.1138 1.9990,
-0.0492 0.1138 1.9990,
-0.0492 0.1138 1.0438,
0.5619 0.1138 2.8036,
0.5534 0.1138 2.8038,
0.5118 0.1138 2.8036,
0.5283 0.1138 2.8065,
0.5200 0.1138 2.8081,
0.5366 0.1138 2.8053,
0.5450 0.1138 2.8044,
0.5118 0.1138 2.8101,
0.2165 0.1138 2.8036,
-0.5709 0.1138 3.0398,
0.2165 0.1138 3.0398,
3.7795 0.5902 0.9729,
3.5925 0.5429 0.9729,
3.7795 0.1925 0.9729,
3.5925 0.1925 0.9729,
3.4941 0.5429 0.9729,
3.0020 0.5429 0.9729,
3.4941 0.1925 0.9729,
3.0020 0.1925 0.9729,
2.9035 0.5429 0.9729,
2.4114 0.5429 0.9729,
2.9035 0.1925 0.9729,
2.4114 0.1925 0.9729,
2.3130 0.5429 0.9729,
1.8209 0.5429 0.9729,
2.3130 0.1925 0.9729,
1.8209 0.1925 0.9729,
1.7224 0.5429 0.9729,
1.2303 0.5429 0.9729,
1.7224 0.1925 0.9729,
1.2303 0.1925 0.9729,
1.1319 0.5429 0.9729,
0.6398 0.5429 0.9729,
1.1319 0.1925 0.9729,
0.6398 0.1925 0.9729,
0.5413 0.5429 0.9729,
0.0492 0.5429 0.9729,
0.5413 0.1925 0.9729,
0.0492 0.1925 0.9729,
-0.0492 0.1925 0.9729,
-0.0492 0.5429 0.9729,
-0.2362 0.1925 0.9729,
-0.2362 0.5902 0.9729,
-0.2362 0.1138 1.0438,
-0.0492 0.1138 1.0438,
-0.2362 0.1925 0.9729,
-0.0492 0.1925 0.9729,
3.5925 0.1138 1.0438,
3.7795 0.1138 1.0438,
3.5925 0.1925 0.9729,
3.7795 0.1925 0.9729,
0.0492 0.1138 1.0438,
0.5413 0.1138 1.0438,
0.0492 0.1925 0.9729,
0.5413 0.1925 0.9729,
0.6398 0.1138 1.0438,
1.1319 0.1138 1.0438,
0.6398 0.1925 0.9729,
1.1319 0.1925 0.9729,
1.2303 0.1138 1.0438,
1.7224 0.1138 1.0438,
1.2303 0.1925 0.9729,
1.7224 0.1925 0.9729,
1.8209 0.1138 1.0438,
2.3130 0.1138 1.0438,
1.8209 0.1925 0.9729,
2.3130 0.1925 0.9729,
2.4114 0.1138 1.0438,
2.9035 0.1138 1.0438,
2.4114 0.1925 0.9729,
2.9035 0.1925 0.9729,
3.0020 0.1138 1.0438,
3.4941 0.1138 1.0438,
3.0020 0.1925 0.9729,
3.4941 0.1925 0.9729,
-0.2145 0.0809 -0.4558,
-0.2133 0.0810 -0.4616,
-0.2133 -0.0958 -0.4628,
-0.2145 -0.0958 -0.4570,
-0.2154 0.0809 -0.4499,
-0.2154 -0.0959 -0.4511,
-0.2160 0.0809 -0.4440,
-0.2160 -0.0959 -0.4452,
-0.2164 0.0808 -0.4381,
-0.2164 -0.0959 -0.4393,
-0.2165 0.0808 -0.4322,
-0.2165 -0.0960 -0.4333,
3.7598 0.0808 -0.4322,
3.7598 -0.0960 -0.4333,
3.7597 -0.0959 -0.4393,
3.7597 0.0808 -0.4381,
3.7593 -0.0959 -0.4452,
3.7593 0.0809 -0.4440,
3.7587 -0.0959 -0.4511,
3.7587 0.0809 -0.4499,
3.7578 -0.0958 -0.4570,
3.7578 0.0809 -0.4558,
3.7567 0.0810 -0.4616,
3.7567 -0.0958 -0.4628,
4.1142 0.0744 3.0792,
3.3268 0.0351 3.1186,
4.1535 0.0351 3.1186,
3.3268 0.1138 3.0398,
4.1142 0.1138 3.0398,
0.2165 0.0351 3.1186,
-0.5709 0.0744 3.0792,
-0.6102 0.0351 3.1186,
0.2165 0.1138 3.0398,
-0.5709 0.1138 3.0398,
3.3268 0.0351 3.1186,
3.3268 -0.1815 2.8036,
3.3268 -0.1815 3.1186,
3.3268 0.1138 3.0398,
3.3268 0.1138 2.8036,
3.2874 -0.2996 3.1186,
3.3268 -0.1815 3.1186,
3.2874 -0.1815 3.1186,
4.1535 0.0351 3.1186,
4.4094 0.3461 3.1186,
4.1535 0.3461 3.1186,
3.3268 0.0351 3.1186,
4.4094 -0.2996 3.1186,
-0.6102 0.0351 3.1186,
-0.6102 0.3461 3.1186,
-0.8661 0.3461 3.1186,
-0.8661 -0.2996 3.1186,
0.2165 -0.1815 3.1186,
0.2165 0.0351 3.1186,
0.2559 -0.2996 3.1186,
0.2559 -0.1815 3.1186,
3.1194 -0.1815 2.8600,
3.1258 -0.1815 2.8667,
3.3268 -0.1815 2.8036,
3.1126 -0.1815 2.8537,
3.1320 -0.1815 2.8736,
3.1055 -0.1815 2.8476,
3.1378 -0.1815 2.8809,
3.0982 -0.1815 2.8420,
3.1433 -0.1815 2.8884,
3.0905 -0.1815 2.8366,
3.1484 -0.1815 2.8961,
3.0827 -0.1815 2.8317,
3.0746 -0.1815 2.8271,
3.0663 -0.1815 2.8229,
3.0579 -0.1815 2.8191,
3.0315 -0.1815 2.8036,
3.0492 -0.1815 2.8157,
3.0404 -0.1815 2.8127,
3.0315 -0.1815 2.8101,
3.2874 -0.1815 3.1186,
3.3268 -0.1815 3.1186,
3.2874 -0.2996 3.1186,
3.2874 -0.1815 3.1186,
3.1484 -0.2996 2.8961,
3.1484 -0.1815 2.8961,
3.7402 -0.2996 0.0871,
3.7402 -0.2996 -0.0113,
4.4094 -0.2996 -0.0113,
4.4094 -0.2996 3.1186,
3.1258 -0.2996 2.8667,
3.1194 -0.2996 2.8600,
3.1126 -0.2996 2.8537,
3.1320 -0.2996 2.8736,
3.1055 -0.2996 2.8476,
3.1378 -0.2996 2.8809,
3.0982 -0.2996 2.8420,
3.1433 -0.2996 2.8884,
3.0905 -0.2996 2.8366,
3.1484 -0.2996 2.8961,
3.0827 -0.2996 2.8317,
3.0746 -0.2996 2.8271,
3.0663 -0.2996 2.8229,
3.0579 -0.2996 2.8191,
3.0492 -0.2996 2.8157,
3.0404 -0.2996 2.8127,
3.0315 -0.2996 2.8101,
3.0315 -0.2996 0.0871,
3.2874 -0.2996 3.1186,
1.3976 -0.2996 2.8036,
2.1457 -0.2996 0.0871,
2.1457 -0.2996 2.8036,
1.3976 -0.2996 0.0871,
-0.8661 -0.2996 -0.0113,
-0.1968 -0.2996 -0.0113,
-0.1968 -0.2996 0.0871,
0.5118 -0.2996 2.8101,
0.5118 -0.2996 0.0871,
0.5029 -0.2996 2.8127,
0.4941 -0.2996 2.8157,
0.4854 -0.2996 2.8191,
0.4770 -0.2996 2.8229,
0.4687 -0.2996 2.8271,
0.4606 -0.2996 2.8317,
0.4528 -0.2996 2.8366,
0.4452 -0.2996 2.8420,
-0.8661 -0.2996 3.1186,
0.4000 -0.2996 2.8884,
0.3949 -0.2996 2.8961,
0.4055 -0.2996 2.8809,
0.4113 -0.2996 2.8736,
0.4175 -0.2996 2.8667,
0.4239 -0.2996 2.8600,
0.4307 -0.2996 2.8537,
0.4378 -0.2996 2.8476,
0.2559 -0.2996 3.1186,
3.7402 -0.2012 0.0871,
3.7402 -0.2012 -0.0113,
3.7402 -0.2996 0.0871,
3.7402 -0.2996 -0.0113,
3.7402 -0.2012 0.0871,
2.9331 -0.2012 0.0871,
3.7402 -0.2012 -0.0113,
2.1457 -0.2012 0.0871,
0.6102 -0.2012 0.0871,
-0.1968 -0.2012 -0.0113,
1.3976 -0.2012 0.0871,
-0.1968 -0.2012 0.0871,
2.9331 -0.2012 2.8036,
2.1457 -0.2012 2.8036,
1.3976 -0.2012 2.8036,
0.6102 -0.2012 2.8036,
2.9331 -0.2012 0.0871,
3.7402 -0.2012 0.0871,
3.0315 -0.2996 0.0871,
3.7402 -0.2996 0.0871,
2.1457 -0.2012 0.0871,
2.1457 -0.2996 0.0871,
1.3976 -0.2012 0.0871,
1.3976 -0.2996 0.0871,
0.6102 -0.2012 0.0871,
0.5118 -0.2996 0.0871,
-0.1968 -0.2012 0.0871,
-0.1968 -0.2996 0.0871,
2.9814 -0.2495 2.8036,
2.9814 0.1138 2.8036,
2.9331 -0.2012 2.8036,
2.1457 -0.2012 2.8036,
2.1457 -0.2996 2.8036,
1.3976 -0.2012 2.8036,
1.3976 -0.2996 2.8036,
0.5619 0.1138 2.8036,
0.6102 -0.2012 2.8036,
0.5619 -0.2495 2.8036,
1.3976 -0.2012 2.8036,
1.3976 -0.2012 0.0871,
1.3976 -0.2996 2.8036,
1.3976 -0.2996 0.0871,
0.5118 -0.1815 2.8036,
0.5029 -0.1815 2.8127,
0.5118 -0.1815 2.8101,
0.4941 -0.1815 2.8157,
0.4854 -0.1815 2.8191,
0.4770 -0.1815 2.8229,
0.4000 -0.1815 2.8884,
0.2165 -0.1815 2.8036,
0.3949 -0.1815 2.8961,
0.4055 -0.1815 2.8809,
0.4113 -0.1815 2.8736,
0.4175 -0.1815 2.8667,
0.4239 -0.1815 2.8600,
0.4307 -0.1815 2.8537,
0.4378 -0.1815 2.8476,
0.4452 -0.1815 2.8420,
0.4528 -0.1815 2.8366,
0.4606 -0.1815 2.8317,
0.4687 -0.1815 2.8271,
0.2559 -0.1815 3.1186,
0.2165 -0.1815 3.1186,
0.2165 -0.1815 3.1186,
0.2165 -0.1815 2.8036,
0.2165 0.0351 3.1186,
0.2165 0.1138 3.0398,
0.2165 0.1138 2.8036,
0.5118 0.1138 2.8036,
0.2165 0.1138 2.8036,
0.5118 -0.1815 2.8036,
0.2165 -0.1815 2.8036,
3.3268 0.1138 2.8036,
3.0315 0.1138 2.8036,
3.3268 -0.1815 2.8036,
3.0315 -0.1815 2.8036,
0.2559 -0.1815 3.1186,
0.2559 -0.2996 3.1186,
0.3949 -0.1815 2.8961,
0.3949 -0.2996 2.8961,
2.1457 -0.2996 0.0871,
2.1457 -0.2012 0.0871,
2.1457 -0.2996 2.8036,
2.1457 -0.2012 2.8036,
-0.1968 -0.2996 -0.0113,
-0.1968 -0.2012 -0.0113,
-0.1968 -0.2996 0.0871,
-0.1968 -0.2012 0.0871,
4.4094 0.4248 2.8824,
4.4094 0.4248 3.0398,
4.4094 0.3461 3.1186,
4.4094 -0.2996 3.1186,
4.4094 0.5036 2.8036,
4.4094 0.0547 0.0871,
4.4094 -0.2996 -0.0113,
4.4094 0.0547 -0.0113,
4.4094 1.2398 0.0871,
4.4094 1.9248 0.3627,
4.4094 2.2792 2.8036,
4.4094 2.2792 0.3627,
4.4094 1.9248 -0.0113,
4.4094 1.2398 -0.0113,
-0.8661 2.2792 0.3627,
-0.3543 1.9248 0.3627,
-0.8661 1.9248 0.3627,
-0.3542 1.9210 0.3627,
-0.3535 1.9133 0.3627,
-0.3540 1.9171 0.3627,
-0.3528 1.9095 0.3627,
-0.3509 1.9020 0.3627,
-0.3520 1.9057 0.3627,
-0.3497 1.8983 0.3627,
-0.3468 1.8912 0.3627,
-0.3483 1.8947 0.3627,
-0.3431 1.8843 0.3627,
-0.3450 1.8877 0.3627,
-0.3411 1.8811 0.3627,
-0.3388 1.8779 0.3627,
-0.3313 1.8691 0.3627,
-0.3365 1.8749 0.3627,
-0.3339 1.8719 0.3627,
-0.3285 1.8665 0.3627,
-0.3255 1.8640 0.3627,
-0.3225 1.8616 0.3627,
-0.3193 1.8594 0.3627,
-0.3127 1.8554 0.3627,
-0.3161 1.8573 0.3627,
-0.3057 1.8521 0.3627,
-0.3093 1.8536 0.3627,
-0.2984 1.8495 0.3627,
-0.3021 1.8507 0.3627,
-0.2947 1.8484 0.3627,
-0.2871 1.8469 0.3627,
-0.2910 1.8476 0.3627,
-0.2833 1.8465 0.3627,
-0.2756 1.8461 0.3627,
-0.2795 1.8462 0.3627,
1.5748 1.9248 0.3627,
1.5748 1.8461 0.3627,
1.9685 1.9248 0.3627,
3.8189 1.8461 0.3627,
1.9685 1.8461 0.3627,
3.8976 1.9248 0.3627,
3.8228 1.8462 0.3627,
3.8305 1.8469 0.3627,
3.8266 1.8465 0.3627,
3.8343 1.8476 0.3627,
3.8968 1.9133 0.3627,
3.8961 1.9095 0.3627,
3.8973 1.9171 0.3627,
3.8953 1.9057 0.3627,
3.8975 1.9210 0.3627,
3.8942 1.9020 0.3627,
3.8418 1.8495 0.3627,
3.8380 1.8484 0.3627,
3.8454 1.8507 0.3627,
3.8930 1.8983 0.3627,
3.8916 1.8947 0.3627,
3.8901 1.8912 0.3627,
3.8883 1.8877 0.3627,
3.8490 1.8521 0.3627,
3.8560 1.8554 0.3627,
3.8526 1.8536 0.3627,
3.8864 1.8843 0.3627,
3.8594 1.8573 0.3627,
3.8844 1.8811 0.3627,
3.8626 1.8594 0.3627,
3.8658 1.8616 0.3627,
3.8798 1.8749 0.3627,
3.8772 1.8719 0.3627,
3.8821 1.8779 0.3627,
3.8746 1.8691 0.3627,
3.8689 1.8640 0.3627,
3.8718 1.8665 0.3627,
4.4094 2.2792 0.3627,
4.4094 1.9248 0.3627,
1.9685 1.9248 -0.0113,
1.5748 1.9248 0.3627,
1.9685 1.9248 0.3627,
1.5748 1.9248 -0.0113,
3.8976 1.9248 -0.0113,
3.8976 1.9248 0.3627,
4.4094 1.9248 -0.0113,
4.4094 1.9248 0.3627,
-0.3543 1.9248 -0.0113,
-0.8661 1.9248 0.3627,
-0.3543 1.9248 0.3627,
-0.8661 1.9248 -0.0113,
1.9685 1.8461 -0.0113,
1.9685 1.9248 -0.0113,
1.9685 1.8461 0.3627,
1.9685 1.9248 0.3627,
1.9685 1.8461 -0.0113,
1.9685 1.8461 0.3627,
3.8189 1.8461 -0.0113,
3.8189 1.8461 0.3627,
3.8189 1.8461 -0.0113,
3.8228 1.8462 0.3627,
3.8228 1.8462 -0.0113,
3.8189 1.8461 0.3627,
3.8266 1.8465 0.3627,
3.8266 1.8465 -0.0113,
3.8305 1.8469 0.3627,
3.8305 1.8469 -0.0113,
3.8343 1.8476 0.3627,
3.8343 1.8476 -0.0113,
3.8380 1.8484 0.3627,
3.8380 1.8484 -0.0113,
3.8418 1.8495 0.3627,
3.8418 1.8495 -0.0113,
3.8454 1.8507 0.3627,
3.8454 1.8507 -0.0113,
3.8490 1.8521 0.3627,
3.8490 1.8521 -0.0113,
3.8526 1.8536 0.3627,
3.8526 1.8536 -0.0113,
3.8560 1.8554 -0.0113,
3.8560 1.8554 0.3627,
3.8594 1.8573 0.3627,
3.8594 1.8573 -0.0113,
3.8626 1.8594 -0.0113,
3.8626 1.8594 0.3627,
3.8658 1.8616 -0.0113,
3.8658 1.8616 0.3627,
3.8689 1.8640 0.3627,
3.8689 1.8640 -0.0113,
3.8718 1.8665 0.3627,
3.8718 1.8665 -0.0113,
3.8746 1.8691 0.3627,
3.8746 1.8691 -0.0113,
3.8772 1.8719 -0.0113,
3.8772 1.8719 0.3627,
3.8798 1.8749 -0.0113,
3.8798 1.8749 0.3627,
3.8821 1.8779 0.3627,
3.8821 1.8779 -0.0113,
3.8844 1.8811 0.3627,
3.8844 1.8811 -0.0113,
3.8864 1.8843 0.3627,
3.8864 1.8843 -0.0113,
3.8883 1.8877 0.3627,
3.8883 1.8877 -0.0113,
3.8901 1.8912 0.3627,
3.8901 1.8912 -0.0113,
3.8916 1.8947 0.3627,
3.8916 1.8947 -0.0113,
3.8930 1.8983 0.3627,
3.8930 1.8983 -0.0113,
3.8942 1.9020 0.3627,
3.8942 1.9020 -0.0113,
3.8953 1.9057 0.3627,
3.8953 1.9057 -0.0113,
3.8961 1.9095 0.3627,
3.8961 1.9095 -0.0113,
3.8968 1.9133 0.3627,
3.8968 1.9133 -0.0113,
3.8973 1.9171 0.3627,
3.8973 1.9171 -0.0113,
3.8975 1.9210 0.3627,
3.8975 1.9210 -0.0113,
3.8976 1.9248 0.3627,
3.8976 1.9248 -0.0113,
1.5748 1.9248 0.3627,
1.5748 1.9248 -0.0113,
1.5748 1.8461 0.3627,
1.5748 1.8461 -0.0113,
-0.2756 1.8461 -0.0113,
-0.2756 1.8461 0.3627,
1.5748 1.8461 -0.0113,
1.5748 1.8461 0.3627,
-0.3543 1.9248 -0.0113,
-0.3542 1.9210 0.3627,
-0.3542 1.9210 -0.0113,
-0.3543 1.9248 0.3627,
-0.3540 1.9171 0.3627,
-0.3540 1.9171 -0.0113,
-0.3535 1.9133 0.3627,
-0.3535 1.9133 -0.0113,
-0.3528 1.9095 0.3627,
-0.3528 1.9095 -0.0113,
-0.3520 1.9057 0.3627,
-0.3520 1.9057 -0.0113,
-0.3509 1.9020 0.3627,
-0.3509 1.9020 -0.0113,
-0.3497 1.8983 0.3627,
-0.3497 1.8983 -0.0113,
-0.3483 1.8947 0.3627,
-0.3483 1.8947 -0.0113,
-0.3468 1.8912 0.3627,
-0.3468 1.8912 -0.0113,
-0.3450 1.8877 0.3627,
-0.3450 1.8877 -0.0113,
-0.3431 1.8843 0.3627,
-0.3431 1.8843 -0.0113,
-0.3411 1.8811 -0.0113,
-0.3411 1.8811 0.3627,
-0.3388 1.8779 -0.0113,
-0.3388 1.8779 0.3627,
-0.3365 1.8749 0.3627,
-0.3365 1.8749 -0.0113,
-0.3339 1.8719 0.3627,
-0.3339 1.8719 -0.0113,
-0.3313 1.8691 -0.0113,
-0.3313 1.8691 0.3627,
-0.3285 1.8665 -0.0113,
-0.3285 1.8665 0.3627,
-0.3255 1.8640 -0.0113,
-0.3255 1.8640 0.3627,
-0.3225 1.8616 0.3627,
-0.3225 1.8616 -0.0113,
-0.3193 1.8594 0.3627,
-0.3193 1.8594 -0.0113,
-0.3161 1.8573 0.3627,
-0.3161 1.8573 -0.0113,
-0.3127 1.8554 0.3627,
-0.3127 1.8554 -0.0113,
-0.3093 1.8536 0.3627,
-0.3093 1.8536 -0.0113,
-0.3057 1.8521 0.3627,
-0.3057 1.8521 -0.0113,
-0.3021 1.8507 0.3627,
-0.3021 1.8507 -0.0113,
-0.2984 1.8495 0.3627,
-0.2984 1.8495 -0.0113,
-0.2947 1.8484 0.3627,
-0.2947 1.8484 -0.0113,
-0.2910 1.8476 0.3627,
-0.2910 1.8476 -0.0113,
-0.2871 1.8469 0.3627,
-0.2871 1.8469 -0.0113,
-0.2833 1.8465 0.3627,
-0.2833 1.8465 -0.0113,
-0.2795 1.8462 -0.0113,
-0.2795 1.8462 0.3627,
-0.2756 1.8461 -0.0113,
-0.2756 1.8461 0.3627,
-0.8661 0.4248 2.8824,
-0.8661 -0.2996 3.1186,
-0.8661 0.3461 3.1186,
-0.8661 0.4248 3.0398,
-0.8661 0.5036 2.8036,
-0.8661 0.0547 0.0871,
-0.8661 -0.2996 -0.0113,
-0.8661 0.0547 -0.0113,
-0.8661 1.2398 0.0871,
-0.8661 1.9248 0.3627,
-0.8661 2.2792 2.8036,
-0.8661 2.2792 0.3627,
-0.8661 1.9248 -0.0113,
-0.8661 1.2398 -0.0113,
4.4094 2.2792 2.8036,
4.4094 2.2792 0.3627,
3.2480 2.2792 1.5635,
3.2480 2.2792 2.1028,
3.2479 2.2792 2.1077,
3.2476 2.2792 2.1125,
3.2470 2.2792 2.1173,
3.2461 2.2792 2.1220,
3.2451 2.2792 2.1268,
3.2438 2.2792 2.1314,
3.2423 2.2792 2.1360,
3.2405 2.2792 2.1405,
3.2386 2.2792 2.1449,
3.2364 2.2792 2.1492,
3.2340 2.2792 2.1534,
3.2314 2.2792 2.1575,
3.2287 2.2792 2.1615,
3.2257 2.2792 2.1653,
3.2225 2.2792 2.1689,
3.2192 2.2792 2.1724,
3.2157 2.2792 2.1758,
3.2120 2.2792 2.1789,
3.2082 2.2792 2.1819,
3.2043 2.2792 2.1847,
3.2002 2.2792 2.1873,
3.1960 2.2792 2.1896,
3.1917 2.2792 2.1918,
3.1873 2.2792 2.1938,
3.1828 2.2792 2.1955,
3.1782 2.2792 2.1970,
3.1735 2.2792 2.1983,
3.1688 2.2792 2.1994,
3.1640 2.2792 2.2002,
3.1593 2.2792 2.2008,
3.1544 2.2792 2.2011,
3.1496 2.2792 2.2013,
2.2638 2.2792 1.5635,
2.3622 2.2792 2.2013,
1.2795 2.2792 1.5635,
1.2795 2.2792 2.1028,
2.2639 2.2792 2.1077,
2.2638 2.2792 2.1028,
1.2794 2.2792 2.1077,
2.2643 2.2792 2.1125,
1.2791 2.2792 2.1125,
2.2648 2.2792 2.1173,
1.2785 2.2792 2.1173,
1.2776 2.2792 2.1220,
2.2657 2.2792 2.1220,
2.2667 2.2792 2.1268,
1.2766 2.2792 2.1268,
1.2753 2.2792 2.1314,
2.2680 2.2792 2.1314,
2.2695 2.2792 2.1360,
1.2738 2.2792 2.1360,
1.2720 2.2792 2.1405,
2.2713 2.2792 2.1405,
1.2701 2.2792 2.1449,
2.2732 2.2792 2.1449,
1.2679 2.2792 2.1492,
2.2754 2.2792 2.1492,
1.2655 2.2792 2.1534,
2.2778 2.2792 2.1534,
1.2629 2.2792 2.1575,
2.2804 2.2792 2.1575,
1.2602 2.2792 2.1615,
2.2831 2.2792 2.1615,
2.2861 2.2792 2.1653,
1.2572 2.2792 2.1653,
1.2540 2.2792 2.1689,
2.2893 2.2792 2.1689,
1.2507 2.2792 2.1724,
2.2926 2.2792 2.1724,
1.2472 2.2792 2.1758,
2.2961 2.2792 2.1758,
2.2998 2.2792 2.1789,
1.2435 2.2792 2.1789,
1.2397 2.2792 2.1819,
2.3036 2.2792 2.1819,
1.2358 2.2792 2.1847,
2.3075 2.2792 2.1847,
1.2317 2.2792 2.1873,
2.3116 2.2792 2.1873,
2.3158 2.2792 2.1896,
1.2275 2.2792 2.1896,
1.2232 2.2792 2.1918,
2.3201 2.2792 2.1918,
2.3245 2.2792 2.1938,
1.2188 2.2792 2.1938,
1.2143 2.2792 2.1955,
2.3290 2.2792 2.1955,
1.2097 2.2792 2.1970,
2.3336 2.2792 2.1970,
1.2050 2.2792 2.1983,
2.3383 2.2792 2.1983,
1.2003 2.2792 2.1994,
2.3430 2.2792 2.1994,
-0.8661 2.2792 0.3627,
0.2953 2.2792 1.5635,
-0.8661 2.2792 2.8036,
1.1811 2.2792 2.2013,
0.3937 2.2792 2.2013,
0.2954 2.2792 2.1077,
0.2953 2.2792 2.1028,
0.2957 2.2792 2.1125,
0.2963 2.2792 2.1173,
0.2972 2.2792 2.1220,
0.2982 2.2792 2.1268,
0.2995 2.2792 2.1314,
0.3010 2.2792 2.1360,
0.3028 2.2792 2.1405,
0.3047 2.2792 2.1449,
0.3069 2.2792 2.1492,
0.3093 2.2792 2.1534,
0.3119 2.2792 2.1575,
0.3146 2.2792 2.1615,
0.3176 2.2792 2.1653,
0.3208 2.2792 2.1689,
0.3241 2.2792 2.1724,
0.3276 2.2792 2.1758,
0.3313 2.2792 2.1789,
0.3351 2.2792 2.1819,
0.3390 2.2792 2.1847,
0.3431 2.2792 2.1873,
0.3473 2.2792 2.1896,
0.3516 2.2792 2.1918,
0.3560 2.2792 2.1938,
0.3605 2.2792 2.1955,
0.3651 2.2792 2.1970,
0.3698 2.2792 2.1983,
0.3745 2.2792 2.1994,
0.3793 2.2792 2.2002,
0.3841 2.2792 2.2008,
0.3889 2.2792 2.2011,
2.3574 2.2792 2.2011,
2.3526 2.2792 2.2008,
2.3478 2.2792 2.2002,
1.1955 2.2792 2.2002,
1.1908 2.2792 2.2008,
1.1859 2.2792 2.2011,
3.2480 2.2792 1.5635,
2.2638 2.2792 1.5635,
3.2480 1.9248 1.5635,
2.2638 1.9248 1.5635,
3.2480 2.1414 2.8036,
3.2480 1.9248 2.7643,
3.2480 1.9642 2.8036,
3.2480 1.9248 2.4099,
3.2480 1.5311 2.7643,
3.2480 1.9248 2.1028,
3.2480 1.9248 1.5635,
3.2480 2.2792 2.1028,
3.2480 2.2792 1.5635,
3.2480 1.5311 0.6776,
3.2480 1.9248 0.6776,
3.2480 2.1414 2.8036,
2.2638 2.1414 2.8036,
3.2480 1.9248 2.4099,
2.2638 1.9248 2.4099,
4.4094 0.5036 2.8036,
4.1535 1.9642 2.8036,
4.1535 0.5036 2.8036,
4.4094 2.2792 2.8036,
3.5039 1.9642 2.8036,
3.2874 1.9642 2.8036,
3.5039 1.5705 2.8036,
3.2874 1.5705 2.8036,
3.2480 2.1414 2.8036,
3.2480 1.9642 2.8036,
2.2638 2.1414 2.8036,
1.2795 2.1414 2.8036,
2.2638 1.9642 2.8036,
1.2795 1.9642 2.8036,
0.2953 1.9642 2.8036,
0.2953 2.1414 2.8036,
0.2559 1.9642 2.8036,
0.0394 1.9642 2.8036,
0.2559 1.5705 2.8036,
0.0394 1.5705 2.8036,
-0.6102 0.5036 2.8036,
-0.6102 1.9642 2.8036,
-0.8661 0.5036 2.8036,
-0.8661 2.2792 2.8036,
3.2480 1.9248 2.7643,
3.2874 1.9642 2.8036,
3.2480 1.9642 2.8036,
2.2638 1.9248 2.7643,
2.2638 1.9642 2.8036,
1.2795 1.9642 2.8036,
1.2795 1.9248 2.7643,
0.2953 1.9248 2.7643,
0.2953 1.9642 2.8036,
0.2559 1.9642 2.8036,
3.2874 1.5705 2.8036,
3.2874 1.9642 2.8036,
3.2480 1.9248 2.7643,
3.2480 1.5311 2.7643,
3.5433 1.5311 2.7643,
3.5039 1.5705 2.8036,
3.2874 1.5705 2.8036,
3.2480 1.5311 2.7643,
3.2480 1.5311 2.7643,
3.2480 1.5311 0.6776,
3.5433 1.5311 0.6776,
3.5433 1.5311 2.7643,
4.1142 1.9248 2.7643,
4.1535 1.9642 2.8036,
3.5039 1.9642 2.8036,
3.5433 1.9248 2.7643,
4.1142 0.7673 2.7643,
4.1535 1.9642 2.8036,
4.1142 1.9248 2.7643,
4.1535 0.5036 2.8036,
4.1142 0.6492 2.7643,
4.1142 0.4873 2.7643,
4.1142 0.7673 2.7643,
4.1142 0.7673 2.8036,
4.1142 0.6492 2.8036,
4.1142 0.6492 2.7643,
4.1142 0.6492 2.7643,
4.0906 0.6492 0.6776,
4.1142 0.6492 0.6776,
4.0906 0.6492 2.8036,
4.1142 0.6492 2.8036,
4.0906 0.7673 0.6776,
4.0906 0.6492 0.6776,
4.0906 0.6492 2.8036,
4.0906 0.7673 2.8036,
4.1142 0.6492 2.8036,
4.0906 0.7673 2.8036,
4.0906 0.6492 2.8036,
4.1142 0.7673 2.8036,
-0.5472 0.6492 2.8036,
-0.5472 0.7673 2.8036,
-0.5709 0.7673 2.8036,
-0.5709 0.6492 2.8036,
4.1535 0.4248 2.8824,
4.1535 0.5036 2.8036,
4.1142 0.4873 2.7643,
4.1142 0.3855 2.8661,
-0.8661 0.4248 2.8824,
-0.6102 0.4248 2.8824,
-0.8661 0.5036 2.8036,
-0.6102 0.5036 2.8036,
4.1535 0.4248 2.8824,
4.4094 0.4248 2.8824,
4.1535 0.5036 2.8036,
4.4094 0.5036 2.8036,
-0.5709 0.4873 2.7643,
-0.6102 0.5036 2.8036,
-0.6102 0.4248 2.8824,
-0.5709 0.3855 2.8661,
-0.6102 0.4248 2.8824,
-0.6102 0.4248 3.0398,
-0.5709 0.3855 3.0235,
-0.5709 0.3855 2.8661,
-0.6102 0.4248 3.0398,
-0.6102 0.3461 3.1186,
-0.5709 0.3298 3.0792,
-0.5709 0.3855 3.0235,
-0.6102 0.3461 3.1186,
-0.6102 0.0351 3.1186,
-0.5709 0.0744 3.0792,
-0.5709 0.3298 3.0792,
-0.8661 0.3461 3.1186,
-0.6102 0.3461 3.1186,
-0.8661 0.4248 3.0398,
-0.6102 0.4248 3.0398,
4.1535 0.3461 3.1186,
4.4094 0.3461 3.1186,
4.1535 0.4248 3.0398,
4.4094 0.4248 3.0398,
-0.6102 0.4248 2.8824,
-0.8661 0.4248 3.0398,
-0.6102 0.4248 3.0398,
-0.8661 0.4248 2.8824,
4.1535 0.4248 2.8824,
4.1535 0.4248 3.0398,
4.4094 0.4248 2.8824,
4.4094 0.4248 3.0398,
4.1142 0.3855 3.0235,
4.1535 0.4248 2.8824,
4.1142 0.3855 2.8661,
4.1535 0.4248 3.0398,
4.1535 0.3461 3.1186,
4.1535 0.4248 3.0398,
4.1142 0.3855 3.0235,
4.1142 0.3298 3.0792,
4.1142 0.0744 3.0792,
4.1535 0.3461 3.1186,
4.1142 0.3298 3.0792,
4.1535 0.0351 3.1186,
0.2953 2.1414 2.8036,
0.2953 1.9642 2.8036,
0.2953 1.9248 2.7643,
0.2953 1.9248 2.4099,
0.2953 1.5311 2.7643,
0.2953 1.9248 2.1028,
0.2953 1.9248 1.5635,
0.2953 2.2792 1.5635,
0.2953 2.2792 2.1028,
0.2953 1.5311 0.6776,
0.2953 1.9248 0.6776,
0.2953 1.9248 2.7643,
0.2559 1.9642 2.8036,
0.2559 1.5705 2.8036,
0.2953 1.5311 2.7643,
0.2953 1.5311 2.7643,
0.2559 1.5705 2.8036,
0.0394 1.5705 2.8036,
0.0000 1.5311 2.7643,
0.0000 1.5311 2.7643,
0.0000 1.5311 0.6776,
0.2953 1.5311 0.6776,
0.2953 1.5311 2.7643,
0.2953 2.1414 2.8036,
0.2953 1.9248 2.4099,
1.2795 1.9248 2.4099,
1.2795 2.1414 2.8036,
0.3937 2.2792 2.2013,
0.3889 1.9248 2.2011,
0.3889 2.2792 2.2011,
0.3937 1.9248 2.2013,
0.3841 1.9248 2.2008,
0.3841 2.2792 2.2008,
0.3793 1.9248 2.2002,
0.3793 2.2792 2.2002,
0.3745 1.9248 2.1994,
0.3745 2.2792 2.1994,
0.3698 1.9248 2.1983,
0.3698 2.2792 2.1983,
0.3651 1.9248 2.1970,
0.3651 2.2792 2.1970,
0.3605 1.9248 2.1955,
0.3605 2.2792 2.1955,
0.3560 1.9248 2.1938,
0.3560 2.2792 2.1938,
0.3516 1.9248 2.1918,
0.3516 2.2792 2.1918,
0.3473 1.9248 2.1896,
0.3473 2.2792 2.1896,
0.3431 1.9248 2.1873,
0.3431 2.2792 2.1873,
0.3390 1.9248 2.1847,
0.3390 2.2792 2.1847,
0.3351 1.9248 2.1819,
0.3351 2.2792 2.1819,
0.3313 1.9248 2.1789,
0.3313 2.2792 2.1789,
0.3276 1.9248 2.1758,
0.3276 2.2792 2.1758,
0.3241 1.9248 2.1724,
0.3241 2.2792 2.1724,
0.3208 1.9248 2.1689,
0.3208 2.2792 2.1689,
0.3176 2.2792 2.1653,
0.3176 1.9248 2.1653,
0.3146 2.2792 2.1615,
0.3146 1.9248 2.1615,
0.3119 1.9248 2.1575,
0.3119 2.2792 2.1575,
0.3093 1.9248 2.1534,
0.3093 2.2792 2.1534,
0.3069 1.9248 2.1492,
0.3069 2.2792 2.1492,
0.3047 1.9248 2.1449,
0.3047 2.2792 2.1449,
0.3028 1.9248 2.1405,
0.3028 2.2792 2.1405,
0.3010 1.9248 2.1360,
0.3010 2.2792 2.1360,
0.2995 2.2792 2.1314,
0.2995 1.9248 2.1314,
0.2982 2.2792 2.1268,
0.2982 1.9248 2.1268,
0.2972 2.2792 2.1220,
0.2972 1.9248 2.1220,
0.2963 2.2792 2.1173,
0.2963 1.9248 2.1173,
0.2957 1.9248 2.1125,
0.2957 2.2792 2.1125,
0.2954 2.2792 2.1077,
0.2954 1.9248 2.1077,
0.2953 2.2792 2.1028,
0.2953 1.9248 2.1028,
1.1811 2.2792 2.2013,
1.1811 1.9248 2.2013,
0.3937 2.2792 2.2013,
0.3937 1.9248 2.2013,
1.2795 2.2792 1.5635,
0.2953 2.2792 1.5635,
1.2795 1.9248 1.5635,
0.2953 1.9248 1.5635,
3.2480 2.2792 2.1028,
3.2479 1.9248 2.1077,
3.2479 2.2792 2.1077,
3.2480 1.9248 2.1028,
3.2476 1.9248 2.1125,
3.2476 2.2792 2.1125,
3.2470 1.9248 2.1173,
3.2470 2.2792 2.1173,
3.2461 1.9248 2.1220,
3.2461 2.2792 2.1220,
3.2451 1.9248 2.1268,
3.2451 2.2792 2.1268,
3.2438 1.9248 2.1314,
3.2438 2.2792 2.1314,
3.2423 1.9248 2.1360,
3.2423 2.2792 2.1360,
3.2405 1.9248 2.1405,
3.2405 2.2792 2.1405,
3.2386 1.9248 2.1449,
3.2386 2.2792 2.1449,
3.2364 2.2792 2.1492,
3.2364 1.9248 2.1492,
3.2340 1.9248 2.1534,
3.2340 2.2792 2.1534,
3.2314 2.2792 2.1575,
3.2314 1.9248 2.1575,
3.2287 2.2792 2.1615,
3.2287 1.9248 2.1615,
3.2257 1.9248 2.1653,
3.2257 2.2792 2.1653,
3.2225 1.9248 2.1689,
3.2225 2.2792 2.1689,
3.2192 1.9248 2.1724,
3.2192 2.2792 2.1724,
3.2157 1.9248 2.1758,
3.2157 2.2792 2.1758,
3.2120 1.9248 2.1789,
3.2120 2.2792 2.1789,
3.2082 1.9248 2.1819,
3.2082 2.2792 2.1819,
3.2043 2.2792 2.1847,
3.2043 1.9248 2.1847,
3.2002 2.2792 2.1873,
3.2002 1.9248 2.1873,
3.1960 1.9248 2.1896,
3.1960 2.2792 2.1896,
3.1917 2.2792 2.1918,
3.1917 1.9248 2.1918,
3.1873 2.2792 2.1938,
3.1873 1.9248 2.1938,
3.1828 2.2792 2.1955,
3.1828 1.9248 2.1955,
3.1782 2.2792 2.1970,
3.1782 1.9248 2.1970,
3.1735 2.2792 2.1983,
3.1735 1.9248 2.1983,
3.1688 1.9248 2.1994,
3.1688 2.2792 2.1994,
3.1640 1.9248 2.2002,
3.1640 2.2792 2.2002,
3.1593 1.9248 2.2008,
3.1593 2.2792 2.2008,
3.1544 2.2792 2.2011,
3.1544 1.9248 2.2011,
3.1496 2.2792 2.2013,
3.1496 1.9248 2.2013,
3.1496 2.2792 2.2013,
3.1496 1.9248 2.2013,
2.3622 2.2792 2.2013,
2.3622 1.9248 2.2013,
-0.8661 0.0547 0.0871,
-0.1575 0.0547 0.0871,
-0.1575 0.0547 -0.0113,
-0.8661 0.0547 -0.0113,
-0.1575 1.2398 0.0871,
-0.1575 1.2398 -0.0113,
-0.1575 0.0547 0.0871,
-0.1575 0.0547 -0.0113,
-0.8661 1.2398 0.0871,
-0.1575 1.2398 -0.0113,
-0.1575 1.2398 0.0871,
-0.8661 1.2398 -0.0113,
-0.8661 1.2398 0.0871,
-0.1575 1.2398 0.0871,
-0.1575 0.0547 0.0871,
-0.8661 0.0547 0.0871,
4.4094 1.2398 -0.0113,
3.7008 1.2398 0.0871,
3.7008 1.2398 -0.0113,
4.4094 1.2398 0.0871,
3.7008 1.2398 -0.0113,
3.7008 1.2398 0.0871,
3.7008 0.0547 0.0871,
3.7008 0.0547 -0.0113,
3.7008 0.0547 -0.0113,
3.7008 0.0547 0.0871,
4.4094 0.0547 -0.0113,
4.4094 0.0547 0.0871,
4.4094 1.2398 0.0871,
4.4094 0.0547 0.0871,
3.7008 1.2398 0.0871,
3.7008 0.0547 0.0871,
-0.7874 1.4957 -0.0113,
-0.7874 1.4957 -0.2279,
-0.7872 1.4889 -0.2279,
-0.7872 1.4888 -0.0113,
-0.7867 1.4822 -0.2279,
-0.7867 1.4820 -0.0113,
-0.7859 1.4755 -0.2279,
-0.7859 1.4752 -0.0113,
-0.7848 1.4688 -0.2279,
-0.7847 1.4684 -0.0113,
-0.7833 1.4622 -0.2279,
-0.7831 1.4617 -0.0113,
-0.7815 1.4557 -0.2279,
-0.7813 1.4551 -0.0113,
-0.7793 1.4493 -0.2279,
-0.7791 1.4486 -0.0113,
-0.7769 1.4430 -0.2279,
-0.7766 1.4422 -0.0113,
-0.7742 1.4368 -0.2279,
-0.7738 1.4359 -0.0113,
-0.7711 1.4307 -0.2279,
-0.7706 1.4298 -0.0113,
-0.7678 1.4248 -0.2279,
-0.7672 1.4238 -0.0113,
-0.7642 1.4191 -0.2279,
-0.7635 1.4181 -0.0113,
-0.7603 1.4136 -0.2279,
-0.7594 1.4125 -0.0113,
-0.7561 1.4083 -0.2279,
-0.7552 1.4071 -0.0113,
-0.7517 1.4032 -0.2279,
-0.7506 1.4020 -0.0113,
-0.7470 1.3983 -0.2279,
-0.7458 1.3970 -0.0113,
-0.7421 1.3936 -0.2279,
-0.7408 1.3924 -0.0113,
-0.7370 1.3892 -0.2279,
-0.7355 1.3880 -0.0113,
-0.7317 1.3850 -0.2279,
-0.7300 1.3838 -0.0113,
-0.7262 1.3811 -0.2279,
-0.7244 1.3799 -0.0113,
-0.7204 1.3775 -0.2279,
-0.7185 1.3764 -0.0113,
-0.7146 1.3742 -0.2279,
-0.7125 1.3731 -0.0113,
-0.7085 1.3711 -0.2279,
-0.7063 1.3701 -0.0113,
-0.7023 1.3684 -0.2279,
-0.6999 1.3674 -0.0113,
-0.6960 1.3659 -0.2279,
-0.6935 1.3651 -0.0113,
-0.6896 1.3638 -0.2279,
-0.6869 1.3630 -0.0113,
-0.6831 1.3620 -0.2279,
-0.6803 1.3613 -0.0113,
-0.6765 1.3605 -0.2279,
-0.6735 1.3600 -0.0113,
-0.6698 1.3594 -0.2279,
-0.6667 1.3590 -0.0113,
-0.6631 1.3586 -0.2279,
-0.6599 1.3583 -0.0113,
-0.6564 1.3581 -0.2279,
-0.6530 1.3579 -0.0113,
-0.6496 1.3579 -0.2279,
-0.6462 1.3579 -0.0113,
-0.6428 1.3581 -0.2279,
-0.6393 1.3583 -0.0113,
-0.6361 1.3586 -0.2279,
-0.6325 1.3590 -0.0113,
-0.6294 1.3594 -0.2279,
-0.6257 1.3600 -0.0113,
-0.6227 1.3605 -0.2279,
-0.6189 1.3613 -0.0113,
-0.6161 1.3620 -0.2279,
-0.6123 1.3630 -0.0113,
-0.6096 1.3638 -0.2279,
-0.6057 1.3651 -0.0113,
-0.6032 1.3659 -0.2279,
-0.5993 1.3674 -0.0113,
-0.5969 1.3684 -0.2279,
-0.5929 1.3701 -0.0113,
-0.5907 1.3711 -0.2279,
-0.5867 1.3731 -0.0113,
-0.5846 1.3742 -0.2279,
-0.5807 1.3764 -0.0113,
-0.5788 1.3775 -0.2279,
-0.5748 1.3799 -0.0113,
-0.5731 1.3811 -0.2279,
-0.5692 1.3838 -0.0113,
-0.5675 1.3850 -0.2279,
-0.5637 1.3880 -0.0113,
-0.5622 1.3892 -0.2279,
-0.5584 1.3924 -0.0113,
-0.5571 1.3936 -0.2279,
-0.5534 1.3970 -0.0113,
-0.5522 1.3983 -0.2279,
-0.5486 1.4020 -0.0113,
-0.5475 1.4032 -0.2279,
-0.5440 1.4071 -0.0113,
-0.5431 1.4083 -0.2279,
-0.5398 1.4125 -0.0113,
-0.5389 1.4136 -0.2279,
-0.5358 1.4181 -0.0113,
-0.5350 1.4191 -0.2279,
-0.5320 1.4238 -0.0113,
-0.5314 1.4248 -0.2279,
-0.5286 1.4298 -0.0113,
-0.5281 1.4307 -0.2279,
-0.5255 1.4359 -0.0113,
-0.5250 1.4368 -0.2279,
-0.5226 1.4422 -0.0113,
-0.5223 1.4430 -0.2279,
-0.5201 1.4486 -0.0113,
-0.5199 1.4493 -0.2279,
-0.5179 1.4551 -0.0113,
-0.5177 1.4557 -0.2279,
-0.5161 1.4617 -0.0113,
-0.5159 1.4622 -0.2279,
-0.5145 1.4684 -0.0113,
-0.5145 1.4688 -0.2279,
-0.5133 1.4752 -0.0113,
-0.5133 1.4755 -0.2279,
-0.5125 1.4820 -0.0113,
-0.5125 1.4822 -0.2279,
-0.5120 1.4888 -0.0113,
-0.5120 1.4889 -0.2279,
-0.5118 1.4957 -0.0113,
-0.5118 1.4957 -0.2279,
-0.7427 1.4865 -0.2722,
-0.7280 1.4880 -0.2869,
-0.7275 1.4841 -0.2869,
-0.7282 1.4918 -0.2869,
-0.7283 1.4957 -0.2869,
-0.7413 1.4774 -0.2722,
-0.7268 1.4803 -0.2869,
-0.7260 1.4766 -0.2869,
-0.7573 1.4851 -0.2574,
-0.7874 1.4957 -0.2279,
-0.7391 1.4685 -0.2722,
-0.7250 1.4728 -0.2869,
-0.7237 1.4692 -0.2869,
-0.7558 1.4746 -0.2574,
-0.7360 1.4599 -0.2722,
-0.7224 1.4656 -0.2869,
-0.7208 1.4620 -0.2869,
-0.7720 1.4836 -0.2426,
-0.7859 1.4755 -0.2279,
-0.7867 1.4822 -0.2279,
-0.7872 1.4889 -0.2279,
-0.7532 1.4643 -0.2574,
-0.7321 1.4516 -0.2722,
-0.7190 1.4586 -0.2869,
-0.7171 1.4552 -0.2869,
-0.7703 1.4717 -0.2426,
-0.7833 1.4622 -0.2279,
-0.7848 1.4688 -0.2279,
-0.7496 1.4543 -0.2574,
-0.7273 1.4437 -0.2722,
-0.7151 1.4519 -0.2869,
-0.7128 1.4488 -0.2869,
-0.7673 1.4600 -0.2426,
-0.7793 1.4493 -0.2279,
-0.7815 1.4557 -0.2279,
-0.7451 1.4447 -0.2574,
-0.7219 1.4364 -0.2722,
-0.7105 1.4457 -0.2869,
-0.7079 1.4428 -0.2869,
-0.7633 1.4486 -0.2426,
-0.7742 1.4368 -0.2279,
-0.7769 1.4430 -0.2279,
-0.7396 1.4355 -0.2574,
-0.7157 1.4296 -0.2722,
-0.7053 1.4400 -0.2869,
-0.7025 1.4373 -0.2869,
-0.7581 1.4377 -0.2426,
-0.7678 1.4248 -0.2279,
-0.7711 1.4307 -0.2279,
-0.7333 1.4270 -0.2574,
-0.7089 1.4234 -0.2722,
-0.6996 1.4348 -0.2869,
-0.6965 1.4324 -0.2869,
-0.7519 1.4273 -0.2426,
-0.7603 1.4136 -0.2279,
-0.7642 1.4191 -0.2279,
-0.7262 1.4191 -0.2574,
-0.7016 1.4179 -0.2722,
-0.6934 1.4302 -0.2869,
-0.6901 1.4282 -0.2869,
-0.7447 1.4176 -0.2426,
-0.7517 1.4032 -0.2279,
-0.7561 1.4083 -0.2279,
-0.7183 1.4120 -0.2574,
-0.6937 1.4132 -0.2722,
-0.6867 1.4262 -0.2869,
-0.6833 1.4245 -0.2869,
-0.7366 1.4087 -0.2426,
-0.7421 1.3936 -0.2279,
-0.7470 1.3983 -0.2279,
-0.7098 1.4057 -0.2574,
-0.6854 1.4093 -0.2722,
-0.6797 1.4229 -0.2869,
-0.6761 1.4216 -0.2869,
-0.7277 1.4006 -0.2426,
-0.7317 1.3850 -0.2279,
-0.7370 1.3892 -0.2279,
-0.7006 1.4002 -0.2574,
-0.6767 1.4062 -0.2722,
-0.6725 1.4203 -0.2869,
-0.6687 1.4193 -0.2869,
-0.7180 1.3934 -0.2426,
-0.7204 1.3775 -0.2279,
-0.7262 1.3811 -0.2279,
-0.6910 1.3957 -0.2574,
-0.6678 1.4040 -0.2722,
-0.6650 1.4185 -0.2869,
-0.6612 1.4178 -0.2869,
-0.7076 1.3872 -0.2426,
-0.7085 1.3711 -0.2279,
-0.7146 1.3742 -0.2279,
-0.6810 1.3921 -0.2574,
-0.6588 1.4026 -0.2722,
-0.6535 1.4170 -0.2869,
-0.6496 1.4170 -0.2869,
-0.6573 1.4173 -0.2869,
-0.6967 1.3820 -0.2426,
-0.6960 1.3659 -0.2279,
-0.7023 1.3684 -0.2279,
-0.6707 1.3895 -0.2574,
-0.6853 1.3780 -0.2426,
-0.6831 1.3620 -0.2279,
-0.6896 1.3638 -0.2279,
-0.6602 1.3879 -0.2574,
-0.6496 1.3579 -0.2279,
-0.6736 1.3750 -0.2426,
-0.6698 1.3594 -0.2279,
-0.6765 1.3605 -0.2279,
-0.6617 1.3733 -0.2426,
-0.6564 1.3581 -0.2279,
-0.6631 1.3586 -0.2279,
-0.5997 1.4348 -0.2869,
-0.5939 1.4400 -0.2869,
-0.5967 1.4373 -0.2869,
-0.5864 1.4488 -0.2869,
-0.5887 1.4457 -0.2869,
-0.5913 1.4428 -0.2869,
-0.6059 1.4302 -0.2869,
-0.6027 1.4324 -0.2869,
-0.5821 1.4552 -0.2869,
-0.5841 1.4519 -0.2869,
-0.5784 1.4620 -0.2869,
-0.5802 1.4586 -0.2869,
-0.5724 1.4803 -0.2869,
-0.5732 1.4766 -0.2869,
-0.5743 1.4728 -0.2869,
-0.5755 1.4692 -0.2869,
-0.5710 1.4918 -0.2869,
-0.5712 1.4880 -0.2869,
-0.5717 1.4841 -0.2869,
-0.5710 1.4996 -0.2869,
-0.5709 1.4957 -0.2869,
-0.5717 1.5072 -0.2869,
-0.5712 1.5034 -0.2869,
-0.5724 1.5110 -0.2869,
-0.5769 1.4656 -0.2869,
-0.5755 1.5222 -0.2869,
-0.5743 1.5185 -0.2869,
-0.5732 1.5148 -0.2869,
-0.5769 1.5258 -0.2869,
-0.6833 1.4245 -0.2869,
-0.6725 1.4203 -0.2869,
-0.6761 1.4216 -0.2869,
-0.6797 1.4229 -0.2869,
-0.5802 1.5328 -0.2869,
-0.5784 1.5294 -0.2869,
-0.6901 1.4282 -0.2869,
-0.6867 1.4262 -0.2869,
-0.5864 1.5426 -0.2869,
-0.5841 1.5394 -0.2869,
-0.5821 1.5362 -0.2869,
-0.6996 1.4348 -0.2869,
-0.6934 1.4302 -0.2869,
-0.6965 1.4324 -0.2869,
-0.5913 1.5486 -0.2869,
-0.5887 1.5456 -0.2869,
-0.5997 1.5566 -0.2869,
-0.5967 1.5540 -0.2869,
-0.5939 1.5514 -0.2869,
-0.7128 1.4488 -0.2869,
-0.6650 1.4185 -0.2869,
-0.6687 1.4193 -0.2869,
-0.7025 1.4373 -0.2869,
-0.7053 1.4400 -0.2869,
-0.7079 1.4428 -0.2869,
-0.7105 1.4457 -0.2869,
-0.6091 1.4282 -0.2869,
-0.6125 1.4262 -0.2869,
-0.6159 1.4245 -0.2869,
-0.6195 1.4229 -0.2869,
-0.6231 1.4216 -0.2869,
-0.6267 1.4203 -0.2869,
-0.6305 1.4193 -0.2869,
-0.6342 1.4185 -0.2869,
-0.6381 1.4178 -0.2869,
-0.6419 1.4173 -0.2869,
-0.6457 1.4170 -0.2869,
-0.6496 1.4170 -0.2869,
-0.6535 1.4170 -0.2869,
-0.6573 1.4173 -0.2869,
-0.6612 1.4178 -0.2869,
-0.6027 1.5589 -0.2869,
-0.7171 1.4552 -0.2869,
-0.7151 1.4519 -0.2869,
-0.7190 1.4586 -0.2869,
-0.6125 1.5651 -0.2869,
-0.6091 1.5632 -0.2869,
-0.6059 1.5612 -0.2869,
-0.7224 1.4656 -0.2869,
-0.7208 1.4620 -0.2869,
-0.6267 1.5710 -0.2869,
-0.6231 1.5698 -0.2869,
-0.6195 1.5684 -0.2869,
-0.7268 1.4803 -0.2869,
-0.7250 1.4728 -0.2869,
-0.7260 1.4766 -0.2869,
-0.7275 1.4841 -0.2869,
-0.7237 1.4692 -0.2869,
-0.7282 1.4996 -0.2869,
-0.7282 1.4918 -0.2869,
-0.7283 1.4957 -0.2869,
-0.7275 1.5072 -0.2869,
-0.7280 1.5034 -0.2869,
-0.7280 1.4880 -0.2869,
-0.7268 1.5110 -0.2869,
-0.7237 1.5222 -0.2869,
-0.7260 1.5148 -0.2869,
-0.7250 1.5185 -0.2869,
-0.6797 1.5684 -0.2869,
-0.6761 1.5698 -0.2869,
-0.6725 1.5710 -0.2869,
-0.6687 1.5721 -0.2869,
-0.6650 1.5729 -0.2869,
-0.7171 1.5362 -0.2869,
-0.7224 1.5258 -0.2869,
-0.7208 1.5294 -0.2869,
-0.7190 1.5328 -0.2869,
-0.7128 1.5426 -0.2869,
-0.7151 1.5394 -0.2869,
-0.6996 1.5566 -0.2869,
-0.6965 1.5589 -0.2869,
-0.6934 1.5612 -0.2869,
-0.6901 1.5632 -0.2869,
-0.6867 1.5651 -0.2869,
-0.7079 1.5486 -0.2869,
-0.7105 1.5456 -0.2869,
-0.7053 1.5514 -0.2869,
-0.7025 1.5540 -0.2869,
-0.6833 1.5669 -0.2869,
-0.6612 1.5736 -0.2869,
-0.6573 1.5740 -0.2869,
-0.6535 1.5743 -0.2869,
-0.6496 1.5744 -0.2869,
-0.6457 1.5743 -0.2869,
-0.6419 1.5740 -0.2869,
-0.6381 1.5736 -0.2869,
-0.6342 1.5729 -0.2869,
-0.6305 1.5721 -0.2869,
-0.6159 1.5669 -0.2869,
-0.6588 1.5887 -0.2722,
-0.6573 1.5740 -0.2869,
-0.6612 1.5736 -0.2869,
-0.6535 1.5743 -0.2869,
-0.6496 1.5744 -0.2869,
-0.6678 1.5874 -0.2722,
-0.6650 1.5729 -0.2869,
-0.6687 1.5721 -0.2869,
-0.6602 1.6034 -0.2574,
-0.6496 1.6335 -0.2279,
-0.6767 1.5852 -0.2722,
-0.6725 1.5710 -0.2869,
-0.6761 1.5698 -0.2869,
-0.6707 1.6019 -0.2574,
-0.6854 1.5821 -0.2722,
-0.6797 1.5684 -0.2869,
-0.6833 1.5669 -0.2869,
-0.6617 1.6181 -0.2426,
-0.6698 1.6320 -0.2279,
-0.6631 1.6328 -0.2279,
-0.6564 1.6333 -0.2279,
-0.6810 1.5993 -0.2574,
-0.6937 1.5781 -0.2722,
-0.6867 1.5651 -0.2869,
-0.6901 1.5632 -0.2869,
-0.6736 1.6164 -0.2426,
-0.6831 1.6294 -0.2279,
-0.6765 1.6308 -0.2279,
-0.6910 1.5957 -0.2574,
-0.7016 1.5734 -0.2722,
-0.6934 1.5612 -0.2869,
-0.6965 1.5589 -0.2869,
-0.6853 1.6134 -0.2426,
-0.6960 1.6254 -0.2279,
-0.6896 1.6276 -0.2279,
-0.7006 1.5912 -0.2574,
-0.7089 1.5680 -0.2722,
-0.6996 1.5566 -0.2869,
-0.7025 1.5540 -0.2869,
-0.6967 1.6094 -0.2426,
-0.7085 1.6203 -0.2279,
-0.7023 1.6230 -0.2279,
-0.7098 1.5857 -0.2574,
-0.7157 1.5618 -0.2722,
-0.7053 1.5514 -0.2869,
-0.7079 1.5486 -0.2869,
-0.7076 1.6042 -0.2426,
-0.7204 1.6139 -0.2279,
-0.7146 1.6172 -0.2279,
-0.7183 1.5794 -0.2574,
-0.7219 1.5550 -0.2722,
-0.7105 1.5456 -0.2869,
-0.7128 1.5426 -0.2869,
-0.7180 1.5980 -0.2426,
-0.7317 1.6064 -0.2279,
-0.7262 1.6103 -0.2279,
-0.7262 1.5722 -0.2574,
-0.7273 1.5476 -0.2722,
-0.7151 1.5394 -0.2869,
-0.7171 1.5362 -0.2869,
-0.7277 1.5908 -0.2426,
-0.7421 1.5978 -0.2279,
-0.7370 1.6022 -0.2279,
-0.7333 1.5644 -0.2574,
-0.7321 1.5398 -0.2722,
-0.7190 1.5328 -0.2869,
-0.7208 1.5294 -0.2869,
-0.7366 1.5827 -0.2426,
-0.7517 1.5882 -0.2279,
-0.7470 1.5931 -0.2279,
-0.7396 1.5558 -0.2574,
-0.7360 1.5315 -0.2722,
-0.7224 1.5258 -0.2869,
-0.7237 1.5222 -0.2869,
-0.7447 1.5737 -0.2426,
-0.7603 1.5778 -0.2279,
-0.7561 1.5831 -0.2279,
-0.7451 1.5467 -0.2574,
-0.7391 1.5228 -0.2722,
-0.7250 1.5185 -0.2869,
-0.7260 1.5148 -0.2869,
-0.7519 1.5640 -0.2426,
-0.7678 1.5665 -0.2279,
-0.7642 1.5722 -0.2279,
-0.7496 1.5371 -0.2574,
-0.7413 1.5139 -0.2722,
-0.7268 1.5110 -0.2869,
-0.7275 1.5072 -0.2869,
-0.7581 1.5537 -0.2426,
-0.7742 1.5546 -0.2279,
-0.7711 1.5606 -0.2279,
-0.7532 1.5271 -0.2574,
-0.7427 1.5049 -0.2722,
-0.7282 1.4996 -0.2869,
-0.7283 1.4957 -0.2869,
-0.7280 1.5034 -0.2869,
-0.7633 1.5428 -0.2426,
-0.7793 1.5421 -0.2279,
-0.7769 1.5484 -0.2279,
-0.7558 1.5168 -0.2574,
-0.7673 1.5314 -0.2426,
-0.7833 1.5292 -0.2279,
-0.7815 1.5357 -0.2279,
-0.7573 1.5063 -0.2574,
-0.7874 1.4957 -0.2279,
-0.7703 1.5197 -0.2426,
-0.7859 1.5159 -0.2279,
-0.7848 1.5226 -0.2279,
-0.7720 1.5077 -0.2426,
-0.7872 1.5024 -0.2279,
-0.7867 1.5092 -0.2279,
-0.5118 1.4957 -0.0113,
-0.5118 1.4957 -0.2279,
-0.5120 1.5024 -0.2279,
-0.5120 1.5026 -0.0113,
-0.5125 1.5092 -0.2279,
-0.5125 1.5094 -0.0113,
-0.5133 1.5159 -0.2279,
-0.5133 1.5162 -0.0113,
-0.5145 1.5226 -0.2279,
-0.5145 1.5230 -0.0113,
-0.5159 1.5292 -0.2279,
-0.5161 1.5297 -0.0113,
-0.5177 1.5357 -0.2279,
-0.5179 1.5363 -0.0113,
-0.5199 1.5421 -0.2279,
-0.5201 1.5428 -0.0113,
-0.5223 1.5484 -0.2279,
-0.5226 1.5492 -0.0113,
-0.5250 1.5546 -0.2279,
-0.5255 1.5555 -0.0113,
-0.5281 1.5606 -0.2279,
-0.5286 1.5616 -0.0113,
-0.5314 1.5665 -0.2279,
-0.5320 1.5675 -0.0113,
-0.5350 1.5722 -0.2279,
-0.5358 1.5733 -0.0113,
-0.5389 1.5778 -0.2279,
-0.5398 1.5789 -0.0113,
-0.5431 1.5831 -0.2279,
-0.5440 1.5843 -0.0113,
-0.5475 1.5882 -0.2279,
-0.5486 1.5894 -0.0113,
-0.5522 1.5931 -0.2279,
-0.5534 1.5943 -0.0113,
-0.5571 1.5978 -0.2279,
-0.5584 1.5990 -0.0113,
-0.5622 1.6022 -0.2279,
-0.5637 1.6034 -0.0113,
-0.5675 1.6064 -0.2279,
-0.5692 1.6076 -0.0113,
-0.5731 1.6103 -0.2279,
-0.5748 1.6114 -0.0113,
-0.5788 1.6139 -0.2279,
-0.5807 1.6150 -0.0113,
-0.5846 1.6172 -0.2279,
-0.5867 1.6183 -0.0113,
-0.5907 1.6203 -0.2279,
-0.5929 1.6213 -0.0113,
-0.5969 1.6230 -0.2279,
-0.5993 1.6240 -0.0113,
-0.6032 1.6254 -0.2279,
-0.6057 1.6263 -0.0113,
-0.6096 1.6276 -0.2279,
-0.6123 1.6283 -0.0113,
-0.6161 1.6294 -0.2279,
-0.6189 1.6300 -0.0113,
-0.6227 1.6308 -0.2279,
-0.6257 1.6314 -0.0113,
-0.6294 1.6320 -0.2279,
-0.6325 1.6324 -0.0113,
-0.6361 1.6328 -0.2279,
-0.6393 1.6331 -0.0113,
-0.6428 1.6333 -0.2279,
-0.6462 1.6334 -0.0113,
-0.6496 1.6335 -0.2279,
-0.6530 1.6334 -0.0113,
-0.6564 1.6333 -0.2279,
-0.6599 1.6331 -0.0113,
-0.6631 1.6328 -0.2279,
-0.6667 1.6324 -0.0113,
-0.6698 1.6320 -0.2279,
-0.6735 1.6314 -0.0113,
-0.6765 1.6308 -0.2279,
-0.6803 1.6300 -0.0113,
-0.6831 1.6294 -0.2279,
-0.6869 1.6283 -0.0113,
-0.6896 1.6276 -0.2279,
-0.6935 1.6263 -0.0113,
-0.6960 1.6254 -0.2279,
-0.6999 1.6240 -0.0113,
-0.7023 1.6230 -0.2279,
-0.7063 1.6213 -0.0113,
-0.7085 1.6203 -0.2279,
-0.7125 1.6183 -0.0113,
-0.7146 1.6172 -0.2279,
-0.7185 1.6150 -0.0113,
-0.7204 1.6139 -0.2279,
-0.7244 1.6114 -0.0113,
-0.7262 1.6103 -0.2279,
-0.7300 1.6076 -0.0113,
-0.7317 1.6064 -0.2279,
-0.7355 1.6034 -0.0113,
-0.7370 1.6022 -0.2279,
-0.7408 1.5990 -0.0113,
-0.7421 1.5978 -0.2279,
-0.7458 1.5943 -0.0113,
-0.7470 1.5931 -0.2279,
-0.7506 1.5894 -0.0113,
-0.7517 1.5882 -0.2279,
-0.7552 1.5843 -0.0113,
-0.7561 1.5831 -0.2279,
-0.7594 1.5789 -0.0113,
-0.7603 1.5778 -0.2279,
-0.7635 1.5733 -0.0113,
-0.7642 1.5722 -0.2279,
-0.7672 1.5675 -0.0113,
-0.7678 1.5665 -0.2279,
-0.7706 1.5616 -0.0113,
-0.7711 1.5606 -0.2279,
-0.7738 1.5555 -0.0113,
-0.7742 1.5546 -0.2279,
-0.7766 1.5492 -0.0113,
-0.7769 1.5484 -0.2279,
-0.7791 1.5428 -0.0113,
-0.7793 1.5421 -0.2279,
-0.7813 1.5363 -0.0113,
-0.7815 1.5357 -0.2279,
-0.7831 1.5297 -0.0113,
-0.7833 1.5292 -0.2279,
-0.7847 1.5230 -0.0113,
-0.7848 1.5226 -0.2279,
-0.7859 1.5162 -0.0113,
-0.7859 1.5159 -0.2279,
-0.7867 1.5094 -0.0113,
-0.7867 1.5092 -0.2279,
-0.7872 1.5026 -0.0113,
-0.7872 1.5024 -0.2279,
-0.7874 1.4957 -0.0113,
-0.7874 1.4957 -0.2279,
    ] }
    coordIndex [
0,1,2,-1,
0,3,1,-1,
0,4,3,-1,
5,0,2,-1,
5,6,7,-1,
5,2,6,-1,
8,9,4,-1,
8,4,0,-1,
10,5,7,-1,
10,11,12,-1,
10,7,11,-1,
13,0,5,-1,
13,8,0,-1,
14,15,16,-1,
14,12,15,-1,
14,10,12,-1,
17,18,19,-1,
17,19,20,-1,
17,20,9,-1,
17,9,8,-1,
21,13,5,-1,
21,5,10,-1,
22,23,24,-1,
22,16,23,-1,
22,14,16,-1,
25,26,27,-1,
25,27,18,-1,
25,18,17,-1,
25,17,8,-1,
25,8,13,-1,
28,21,10,-1,
28,10,14,-1,
29,30,31,-1,
29,24,30,-1,
29,22,24,-1,
32,26,25,-1,
32,33,34,-1,
32,34,26,-1,
32,13,21,-1,
32,25,13,-1,
35,14,22,-1,
35,28,14,-1,
36,29,31,-1,
36,37,38,-1,
36,31,37,-1,
39,40,41,-1,
39,41,33,-1,
39,21,28,-1,
39,33,32,-1,
39,32,21,-1,
42,22,29,-1,
42,35,22,-1,
43,36,38,-1,
43,44,45,-1,
43,38,44,-1,
46,39,28,-1,
46,40,39,-1,
46,47,48,-1,
46,48,40,-1,
46,28,35,-1,
49,29,36,-1,
49,42,29,-1,
50,43,45,-1,
50,51,52,-1,
50,45,51,-1,
53,35,42,-1,
53,54,55,-1,
53,55,47,-1,
53,47,46,-1,
53,46,35,-1,
56,49,36,-1,
56,36,43,-1,
57,50,52,-1,
57,58,59,-1,
57,52,58,-1,
60,61,62,-1,
60,62,54,-1,
60,54,53,-1,
60,53,42,-1,
60,42,49,-1,
63,56,43,-1,
63,43,50,-1,
64,65,66,-1,
64,59,65,-1,
64,57,59,-1,
67,60,49,-1,
67,68,69,-1,
67,69,61,-1,
67,61,60,-1,
67,49,56,-1,
70,63,50,-1,
70,50,57,-1,
71,64,66,-1,
71,72,73,-1,
71,66,72,-1,
74,67,56,-1,
74,75,76,-1,
74,76,68,-1,
74,68,67,-1,
74,56,63,-1,
77,70,57,-1,
77,57,64,-1,
78,71,73,-1,
78,79,80,-1,
78,73,79,-1,
81,75,74,-1,
81,82,83,-1,
81,83,75,-1,
81,74,63,-1,
81,63,70,-1,
84,77,64,-1,
84,64,71,-1,
85,78,80,-1,
85,86,87,-1,
85,80,86,-1,
88,82,81,-1,
88,89,90,-1,
88,90,82,-1,
88,81,70,-1,
88,70,77,-1,
91,71,78,-1,
91,84,71,-1,
92,85,87,-1,
92,93,94,-1,
92,95,93,-1,
92,87,95,-1,
96,77,84,-1,
96,97,98,-1,
96,98,89,-1,
96,88,77,-1,
96,89,88,-1,
99,91,78,-1,
99,78,85,-1,
100,101,102,-1,
100,102,97,-1,
100,97,96,-1,
100,84,91,-1,
100,96,84,-1,
103,94,104,-1,
103,92,94,-1,
103,85,92,-1,
103,99,85,-1,
105,106,107,-1,
105,107,101,-1,
105,101,100,-1,
105,91,99,-1,
105,100,91,-1,
108,104,109,-1,
108,109,110,-1,
108,110,106,-1,
108,103,104,-1,
108,106,105,-1,
108,99,103,-1,
108,105,99,-1,
111,112,113,-1,
111,114,112,-1,
111,115,114,-1,
116,111,113,-1,
116,117,118,-1,
116,113,117,-1,
119,120,115,-1,
119,115,111,-1,
121,122,123,-1,
121,118,122,-1,
121,116,118,-1,
124,111,116,-1,
124,119,111,-1,
125,126,127,-1,
125,123,126,-1,
125,121,123,-1,
128,129,130,-1,
128,130,131,-1,
128,131,120,-1,
128,120,119,-1,
132,116,121,-1,
132,124,116,-1,
133,125,127,-1,
133,134,135,-1,
133,127,134,-1,
136,119,124,-1,
136,128,119,-1,
136,129,128,-1,
136,137,138,-1,
136,138,129,-1,
139,121,125,-1,
139,132,121,-1,
140,141,142,-1,
140,135,141,-1,
140,133,135,-1,
143,137,136,-1,
143,136,124,-1,
143,144,145,-1,
143,145,137,-1,
143,124,132,-1,
146,139,125,-1,
146,125,133,-1,
147,148,149,-1,
147,142,148,-1,
147,140,142,-1,
150,132,139,-1,
150,144,143,-1,
150,143,132,-1,
150,151,152,-1,
150,152,144,-1,
153,133,140,-1,
153,146,133,-1,
154,155,156,-1,
154,149,155,-1,
154,147,149,-1,
157,150,139,-1,
157,158,159,-1,
157,159,151,-1,
157,151,150,-1,
157,139,146,-1,
160,153,140,-1,
160,140,147,-1,
161,162,163,-1,
161,156,162,-1,
161,154,156,-1,
164,158,157,-1,
164,165,166,-1,
164,166,158,-1,
164,146,153,-1,
164,157,146,-1,
167,160,147,-1,
167,147,154,-1,
168,161,163,-1,
168,169,170,-1,
168,163,169,-1,
171,153,160,-1,
171,165,164,-1,
171,172,173,-1,
171,173,165,-1,
171,164,153,-1,
174,167,154,-1,
174,154,161,-1,
175,168,170,-1,
175,176,177,-1,
175,170,176,-1,
178,172,171,-1,
178,160,167,-1,
178,179,180,-1,
178,180,172,-1,
178,171,160,-1,
181,161,168,-1,
181,174,161,-1,
182,183,184,-1,
182,177,183,-1,
182,175,177,-1,
185,178,167,-1,
185,179,178,-1,
185,186,187,-1,
185,187,179,-1,
185,167,174,-1,
188,181,168,-1,
188,168,175,-1,
189,190,191,-1,
189,184,190,-1,
189,182,184,-1,
192,174,181,-1,
192,185,174,-1,
192,186,185,-1,
192,193,194,-1,
192,194,186,-1,
195,175,182,-1,
195,188,175,-1,
196,197,198,-1,
196,191,197,-1,
196,189,191,-1,
199,181,188,-1,
199,192,181,-1,
199,193,192,-1,
199,200,201,-1,
199,201,193,-1,
202,195,182,-1,
202,182,189,-1,
203,204,205,-1,
203,206,204,-1,
203,198,206,-1,
203,196,198,-1,
207,199,188,-1,
207,200,199,-1,
207,208,209,-1,
207,209,200,-1,
207,188,195,-1,
210,189,196,-1,
210,202,189,-1,
211,195,202,-1,
211,207,195,-1,
211,212,213,-1,
211,213,208,-1,
211,208,207,-1,
214,205,215,-1,
214,196,203,-1,
214,210,196,-1,
214,203,205,-1,
216,202,210,-1,
216,217,218,-1,
216,218,212,-1,
216,212,211,-1,
216,211,202,-1,
219,214,215,-1,
219,215,220,-1,
219,220,221,-1,
219,216,210,-1,
219,221,217,-1,
219,217,216,-1,
219,210,214,-1,
222,223,224,-1,
225,224,226,-1,
225,222,224,-1,
227,226,228,-1,
227,225,226,-1,
229,228,230,-1,
229,227,228,-1,
231,230,232,-1,
231,229,230,-1,
233,232,234,-1,
233,231,232,-1,
235,234,236,-1,
235,233,234,-1,
237,236,238,-1,
237,235,236,-1,
239,238,240,-1,
239,237,238,-1,
241,240,242,-1,
241,239,240,-1,
243,242,244,-1,
243,241,242,-1,
245,244,246,-1,
245,243,244,-1,
247,246,248,-1,
247,245,246,-1,
249,248,250,-1,
249,247,248,-1,
251,250,252,-1,
251,249,250,-1,
253,251,252,-1,
253,252,254,-1,
255,253,254,-1,
255,254,256,-1,
257,255,256,-1,
257,256,258,-1,
259,257,258,-1,
259,258,260,-1,
261,259,260,-1,
261,260,262,-1,
263,261,262,-1,
264,265,266,-1,
267,266,268,-1,
267,264,266,-1,
269,268,270,-1,
269,267,268,-1,
271,270,272,-1,
271,269,270,-1,
273,272,274,-1,
273,271,272,-1,
275,274,276,-1,
275,273,274,-1,
277,276,278,-1,
277,275,276,-1,
279,278,280,-1,
279,277,278,-1,
281,280,282,-1,
281,279,280,-1,
283,282,284,-1,
283,281,282,-1,
285,284,286,-1,
285,283,284,-1,
287,286,288,-1,
287,285,286,-1,
289,288,290,-1,
289,287,288,-1,
291,290,292,-1,
291,289,290,-1,
293,292,294,-1,
293,291,292,-1,
295,293,294,-1,
295,294,296,-1,
297,296,298,-1,
297,295,296,-1,
299,298,300,-1,
299,297,298,-1,
301,300,302,-1,
301,299,300,-1,
303,302,304,-1,
303,301,302,-1,
305,303,304,-1,
306,307,308,-1,
308,309,306,-1,
307,310,308,-1,
308,311,309,-1,
310,312,308,-1,
308,313,311,-1,
312,314,308,-1,
308,315,313,-1,
314,316,308,-1,
308,317,315,-1,
316,318,308,-1,
308,319,317,-1,
318,320,308,-1,
308,321,319,-1,
320,322,308,-1,
308,323,321,-1,
322,324,308,-1,
308,325,323,-1,
324,326,308,-1,
308,327,325,-1,
326,328,308,-1,
308,329,327,-1,
328,330,308,-1,
308,331,329,-1,
330,332,308,-1,
308,333,331,-1,
332,334,308,-1,
308,335,333,-1,
308,336,335,-1,
308,337,336,-1,
338,339,308,-1,
308,340,337,-1,
308,341,340,-1,
339,341,308,-1,
341,342,340,-1,
343,342,341,-1,
344,345,346,-1,
346,345,343,-1,
343,345,342,-1,
344,347,345,-1,
348,347,344,-1,
348,349,347,-1,
350,349,348,-1,
350,351,349,-1,
352,351,350,-1,
352,353,351,-1,
354,353,352,-1,
354,355,353,-1,
356,355,357,-1,
357,355,354,-1,
358,359,356,-1,
356,359,355,-1,
360,361,358,-1,
358,361,359,-1,
360,362,361,-1,
363,362,360,-1,
364,365,366,-1,
366,365,363,-1,
363,365,362,-1,
364,367,365,-1,
368,367,364,-1,
368,369,367,-1,
370,369,368,-1,
370,371,369,-1,
372,371,370,-1,
372,373,371,-1,
374,373,375,-1,
375,373,372,-1,
376,377,374,-1,
374,377,373,-1,
376,378,377,-1,
379,378,376,-1,
379,380,378,-1,
381,380,379,-1,
382,383,384,-1,
384,383,385,-1,
385,383,386,-1,
386,383,387,-1,
387,383,388,-1,
388,383,389,-1,
389,383,390,-1,
390,383,391,-1,
391,383,392,-1,
392,383,393,-1,
393,383,394,-1,
394,383,395,-1,
395,383,396,-1,
396,383,397,-1,
397,383,398,-1,
398,383,399,-1,
399,383,400,-1,
400,383,401,-1,
401,383,402,-1,
402,383,403,-1,
403,383,334,-1,
334,383,308,-1,
382,404,383,-1,
381,405,380,-1,
406,405,407,-1,
407,405,381,-1,
404,408,383,-1,
409,410,406,-1,
406,410,405,-1,
408,411,383,-1,
412,413,409,-1,
409,413,410,-1,
411,414,383,-1,
415,416,412,-1,
412,416,413,-1,
414,417,383,-1,
418,419,420,-1,
420,419,415,-1,
415,419,416,-1,
417,421,383,-1,
418,422,419,-1,
423,422,418,-1,
421,424,383,-1,
423,425,422,-1,
424,426,383,-1,
423,427,425,-1,
426,428,383,-1,
423,429,427,-1,
428,430,383,-1,
423,431,429,-1,
430,432,383,-1,
432,433,383,-1,
433,434,383,-1,
434,435,383,-1,
435,436,383,-1,
436,437,383,-1,
437,438,383,-1,
439,440,441,-1,
441,440,442,-1,
442,440,443,-1,
443,440,444,-1,
444,440,445,-1,
445,440,446,-1,
446,440,447,-1,
447,440,448,-1,
448,440,449,-1,
449,440,450,-1,
450,440,451,-1,
451,440,452,-1,
452,440,453,-1,
453,440,454,-1,
454,440,455,-1,
455,440,456,-1,
456,440,457,-1,
457,440,458,-1,
458,440,459,-1,
459,440,460,-1,
460,440,461,-1,
461,440,462,-1,
462,440,463,-1,
431,440,464,-1,
463,440,465,-1,
464,440,439,-1,
465,440,466,-1,
466,440,467,-1,
467,440,438,-1,
423,440,431,-1,
438,440,383,-1,
423,468,440,-1,
469,470,423,-1,
423,470,468,-1,
468,471,440,-1,
471,472,440,-1,
440,472,473,-1,
471,474,472,-1,
473,475,476,-1,
476,475,477,-1,
478,479,469,-1,
472,480,473,-1,
473,480,475,-1,
475,481,477,-1,
479,482,469,-1,
469,483,470,-1,
469,484,483,-1,
482,484,469,-1,
470,485,486,-1,
483,485,470,-1,
486,487,471,-1,
474,487,488,-1,
471,487,474,-1,
486,489,487,-1,
490,489,485,-1,
485,489,486,-1,
487,491,488,-1,
482,492,484,-1,
493,492,482,-1,
493,494,492,-1,
484,495,490,-1,
492,495,484,-1,
490,496,489,-1,
497,498,495,-1,
495,498,490,-1,
490,498,496,-1,
496,499,489,-1,
489,499,500,-1,
494,501,497,-1,
502,501,503,-1,
503,501,504,-1,
504,501,505,-1,
505,501,506,-1,
506,501,507,-1,
507,501,508,-1,
508,501,509,-1,
509,501,510,-1,
510,501,511,-1,
511,501,493,-1,
493,501,494,-1,
512,513,514,-1,
514,513,515,-1,
515,513,516,-1,
516,513,517,-1,
517,513,518,-1,
518,513,519,-1,
519,513,520,-1,
520,513,521,-1,
521,513,522,-1,
522,513,523,-1,
523,513,524,-1,
524,513,525,-1,
525,513,526,-1,
526,513,527,-1,
527,513,528,-1,
528,513,529,-1,
529,530,531,-1,
531,530,532,-1,
532,530,533,-1,
533,530,534,-1,
534,530,535,-1,
535,530,502,-1,
502,530,501,-1,
513,530,529,-1,
497,536,498,-1,
501,537,497,-1,
497,537,536,-1,
536,538,498,-1,
498,538,539,-1,
501,540,537,-1,
540,541,537,-1,
540,542,541,-1,
540,543,542,-1,
542,544,545,-1,
543,544,542,-1,
542,475,541,-1,
541,475,538,-1,
538,475,539,-1,
539,475,499,-1,
499,475,500,-1,
500,475,491,-1,
491,475,488,-1,
488,475,480,-1,
546,547,548,-1,
548,549,546,-1,
549,550,546,-1,
547,551,548,-1,
549,552,550,-1,
551,553,548,-1,
552,554,547,-1,
547,554,551,-1,
549,554,552,-1,
553,555,548,-1,
555,556,548,-1,
557,558,553,-1,
553,558,555,-1,
556,559,548,-1,
560,561,556,-1,
556,561,559,-1,
562,563,564,-1,
564,563,565,-1,
566,567,568,-1,
568,567,569,-1,
568,570,565,-1,
571,570,569,-1,
564,570,559,-1,
559,570,548,-1,
565,570,564,-1,
569,570,568,-1,
571,572,570,-1,
572,573,570,-1,
574,575,571,-1,
571,575,572,-1,
576,577,573,-1,
575,577,576,-1,
573,577,570,-1,
574,577,575,-1,
549,577,554,-1,
554,577,557,-1,
557,577,558,-1,
558,577,560,-1,
560,577,561,-1,
561,577,562,-1,
562,577,563,-1,
563,577,566,-1,
566,577,567,-1,
567,577,574,-1,
578,579,580,-1,
580,579,581,-1,
582,583,584,-1,
579,585,581,-1,
582,586,583,-1,
585,587,586,-1,
579,587,585,-1,
586,587,583,-1,
588,589,590,-1,
590,589,591,-1,
592,593,594,-1,
594,593,595,-1,
596,597,598,-1,
592,599,593,-1,
597,600,598,-1,
600,601,599,-1,
597,601,600,-1,
599,601,593,-1,
602,603,604,-1,
604,603,605,-1,
606,607,608,-1,
608,607,609,-1,
610,611,612,-1,
612,611,613,-1,
614,615,616,-1,
616,615,617,-1,
618,619,620,-1,
620,619,621,-1,
622,623,624,-1,
624,623,619,-1,
619,623,621,-1,
622,625,623,-1,
625,626,623,-1,
626,627,623,-1,
625,628,626,-1,
629,630,631,-1,
630,632,631,-1,
629,633,630,-1,
633,634,630,-1,
633,635,634,-1,
636,637,633,-1,
638,639,627,-1,
627,639,636,-1,
640,641,637,-1,
633,641,635,-1,
637,641,633,-1,
633,623,636,-1,
636,623,627,-1,
642,643,644,-1,
645,646,642,-1,
644,645,642,-1,
647,648,649,-1,
650,648,647,-1,
651,652,653,-1,
654,655,652,-1,
652,655,653,-1,
655,656,653,-1,
656,657,653,-1,
658,659,656,-1,
656,659,657,-1,
660,661,662,-1,
662,661,663,-1,
664,665,666,-1,
666,665,667,-1,
668,669,670,-1,
671,669,668,-1,
672,669,671,-1,
673,669,672,-1,
674,669,673,-1,
675,669,674,-1,
676,669,675,-1,
677,669,676,-1,
678,669,677,-1,
679,669,678,-1,
680,669,679,-1,
681,669,680,-1,
682,669,681,-1,
683,669,682,-1,
684,669,683,-1,
685,669,684,-1,
686,669,685,-1,
687,669,686,-1,
688,669,687,-1,
689,669,688,-1,
690,669,689,-1,
691,669,690,-1,
692,669,691,-1,
693,669,692,-1,
694,669,693,-1,
695,669,694,-1,
696,669,695,-1,
697,669,696,-1,
698,669,697,-1,
699,669,698,-1,
700,669,699,-1,
701,702,703,-1,
670,704,705,-1,
706,704,707,-1,
708,704,706,-1,
709,704,708,-1,
710,704,709,-1,
711,704,710,-1,
712,704,711,-1,
713,704,712,-1,
714,704,713,-1,
715,704,714,-1,
716,704,715,-1,
717,704,716,-1,
718,704,717,-1,
719,704,718,-1,
720,704,719,-1,
721,704,720,-1,
722,704,721,-1,
723,704,722,-1,
724,704,723,-1,
725,704,724,-1,
726,704,725,-1,
727,704,726,-1,
728,704,727,-1,
729,704,728,-1,
730,704,729,-1,
731,704,730,-1,
732,704,731,-1,
705,704,732,-1,
669,704,670,-1,
702,733,703,-1,
734,733,702,-1,
702,735,734,-1,
736,735,702,-1,
736,737,735,-1,
738,737,736,-1,
739,740,738,-1,
738,740,737,-1,
741,742,739,-1,
739,742,740,-1,
743,744,741,-1,
707,744,743,-1,
741,744,742,-1,
707,745,744,-1,
746,747,748,-1,
749,747,746,-1,
750,747,749,-1,
707,747,745,-1,
745,747,750,-1,
704,747,707,-1,
751,747,752,-1,
753,747,751,-1,
754,747,753,-1,
755,747,754,-1,
756,747,755,-1,
757,747,756,-1,
758,747,757,-1,
759,747,758,-1,
760,747,759,-1,
761,747,760,-1,
762,747,761,-1,
763,747,762,-1,
764,747,763,-1,
765,747,764,-1,
766,747,765,-1,
767,747,766,-1,
768,747,767,-1,
769,747,768,-1,
770,747,769,-1,
771,747,770,-1,
772,747,771,-1,
773,747,772,-1,
748,747,773,-1,
734,774,733,-1,
775,776,704,-1,
704,776,747,-1,
752,777,778,-1,
779,777,780,-1,
781,777,779,-1,
782,777,781,-1,
783,777,782,-1,
784,777,783,-1,
785,777,784,-1,
786,777,785,-1,
787,777,786,-1,
788,777,787,-1,
789,777,788,-1,
790,777,789,-1,
791,777,790,-1,
792,777,791,-1,
793,777,792,-1,
794,777,793,-1,
795,777,794,-1,
796,777,795,-1,
797,777,796,-1,
798,777,797,-1,
799,777,798,-1,
800,777,799,-1,
801,777,800,-1,
802,777,801,-1,
803,777,802,-1,
804,777,803,-1,
805,777,804,-1,
806,777,805,-1,
807,777,806,-1,
808,777,807,-1,
809,777,808,-1,
747,777,752,-1,
778,777,809,-1,
810,669,700,-1,
777,811,780,-1,
812,813,814,-1,
812,814,815,-1,
816,817,818,-1,
819,817,816,-1,
820,821,819,-1,
821,817,819,-1,
822,823,824,-1,
822,824,825,-1,
826,827,828,-1,
829,830,826,-1,
830,827,826,-1,
831,832,833,-1,
831,833,834,-1,
835,836,837,-1,
838,835,837,-1,
839,835,838,-1,
840,841,842,-1,
843,844,840,-1,
843,840,842,-1,
845,843,842,-1,
846,845,842,-1,
847,848,845,-1,
847,845,846,-1,
849,850,851,-1,
849,851,852,-1,
853,854,855,-1,
856,857,854,-1,
854,857,855,-1,
858,859,860,-1,
857,861,855,-1,
858,862,859,-1,
863,864,865,-1,
859,866,857,-1,
857,866,861,-1,
862,866,859,-1,
863,867,864,-1,
868,869,870,-1,
866,871,861,-1,
862,872,866,-1,
872,873,874,-1,
872,875,873,-1,
872,876,875,-1,
872,877,876,-1,
872,878,877,-1,
862,878,872,-1,
864,879,862,-1,
862,879,878,-1,
869,879,867,-1,
867,879,864,-1,
869,880,879,-1,
868,880,869,-1,
880,881,879,-1,
882,883,884,-1,
884,883,881,-1,
885,886,887,-1,
888,889,890,-1,
890,889,891,-1,
892,893,894,-1,
892,895,893,-1,
886,896,897,-1,
885,896,886,-1,
881,898,879,-1,
889,898,891,-1,
893,898,889,-1,
891,898,883,-1,
883,898,881,-1,
893,899,898,-1,
893,900,899,-1,
901,900,902,-1,
903,900,901,-1,
904,900,903,-1,
899,900,904,-1,
900,905,902,-1,
895,906,893,-1,
896,906,895,-1,
893,906,900,-1,
885,907,896,-1,
906,907,908,-1,
896,907,906,-1,
909,910,911,-1,
911,910,912,-1,
909,913,910,-1,
913,914,915,-1,
915,914,916,-1,
917,918,919,-1,
919,918,920,-1,
921,922,923,-1,
923,922,924,-1,
925,926,927,-1,
927,926,928,-1,
929,930,931,-1,
931,930,932,-1,
933,934,935,-1,
935,934,936,-1,
937,938,939,-1,
934,940,938,-1,
938,940,939,-1,
909,940,913,-1,
913,940,914,-1,
914,940,917,-1,
917,940,918,-1,
918,940,921,-1,
921,940,922,-1,
922,940,925,-1,
925,940,926,-1,
926,940,929,-1,
929,940,930,-1,
930,940,933,-1,
933,940,934,-1,
941,942,943,-1,
943,942,944,-1,
945,946,947,-1,
947,946,948,-1,
949,950,951,-1,
951,950,952,-1,
953,954,955,-1,
955,954,956,-1,
957,958,959,-1,
959,958,960,-1,
961,962,963,-1,
963,962,964,-1,
965,966,967,-1,
967,966,968,-1,
969,970,971,-1,
971,970,972,-1,
973,974,975,-1,
973,975,976,-1,
977,976,978,-1,
977,973,976,-1,
979,978,980,-1,
979,977,978,-1,
981,980,982,-1,
981,979,980,-1,
983,982,984,-1,
983,981,982,-1,
985,986,987,-1,
988,987,989,-1,
988,985,987,-1,
990,989,991,-1,
990,988,989,-1,
992,991,993,-1,
992,990,991,-1,
994,992,993,-1,
995,993,996,-1,
995,994,993,-1,
997,998,999,-1,
997,1000,998,-1,
1001,1000,997,-1,
1002,1003,1004,-1,
1005,1006,1003,-1,
1005,1003,1002,-1,
1007,1008,1009,-1,
1007,1010,1008,-1,
1010,1011,1008,-1,
1012,1013,1014,-1,
1015,1016,1017,-1,
1015,1018,1013,-1,
1015,1013,1012,-1,
1019,1016,1015,-1,
1019,1015,1012,-1,
1020,1021,1022,-1,
1023,1020,1022,-1,
1024,1025,1020,-1,
1026,1027,1024,-1,
1026,1020,1023,-1,
1026,1024,1020,-1,
1028,1029,1030,-1,
1030,1031,1028,-1,
1029,1032,1030,-1,
1030,1033,1031,-1,
1032,1034,1030,-1,
1030,1035,1033,-1,
1034,1036,1030,-1,
1030,1037,1035,-1,
1036,1038,1030,-1,
1030,1039,1037,-1,
1030,1040,1039,-1,
1030,1041,1040,-1,
1042,1043,1044,-1,
1041,1043,1042,-1,
1030,1043,1041,-1,
1043,1045,1044,-1,
1043,1046,1045,-1,
1030,1047,1048,-1,
1038,1047,1030,-1,
1049,1050,1051,-1,
1051,1050,1052,-1,
1053,1054,1055,-1,
1056,1053,1055,-1,
1057,1058,1056,-1,
1059,1056,1058,-1,
1060,1057,1056,-1,
1061,1056,1059,-1,
1062,1060,1056,-1,
1063,1053,1056,-1,
1063,1056,1061,-1,
1064,1062,1056,-1,
1065,1053,1063,-1,
1066,1064,1056,-1,
1067,1053,1065,-1,
1068,1053,1067,-1,
1069,1053,1068,-1,
1070,1053,1069,-1,
1071,1053,1070,-1,
1072,1053,1071,-1,
1073,1074,1053,-1,
1073,1053,1072,-1,
1075,1066,1056,-1,
1076,1077,1078,-1,
1076,1079,1077,-1,
1080,1081,1082,-1,
1083,1082,1084,-1,
1085,1082,1083,-1,
1086,1082,1085,-1,
1087,1082,1086,-1,
1088,1082,1087,-1,
1089,1082,1088,-1,
1090,1082,1089,-1,
1091,1082,1090,-1,
1092,1082,1091,-1,
1093,1094,1095,-1,
1093,1096,1094,-1,
1093,1097,1096,-1,
1093,1098,1097,-1,
1093,1099,1098,-1,
1093,1100,1099,-1,
1093,1101,1100,-1,
1093,1092,1101,-1,
1093,1095,1102,-1,
1093,1080,1082,-1,
1093,1082,1092,-1,
1103,1104,1105,-1,
1105,1104,1106,-1,
1107,1108,1109,-1,
1108,1110,1109,-1,
1111,1112,1113,-1,
1111,1114,1112,-1,
1115,1116,1108,-1,
1108,1116,1110,-1,
1117,1118,1113,-1,
1113,1118,1111,-1,
1112,1109,1113,-1,
1113,1109,1110,-1,
1119,1120,1121,-1,
1120,1122,1121,-1,
1123,1124,1125,-1,
1125,1124,1126,-1,
1127,1128,1129,-1,
1129,1128,1130,-1,
1131,1132,1133,-1,
1132,1134,1133,-1,
1135,1136,1137,-1,
1134,1136,1135,-1,
1136,1138,1139,-1,
1139,1138,1140,-1,
1132,1138,1134,-1,
1134,1138,1136,-1,
1141,1142,1143,-1,
1143,1142,1144,-1,
1145,1146,1147,-1,
1145,1148,1146,-1,
1145,1149,1148,-1,
1145,1150,1149,-1,
1151,1152,1153,-1,
1154,1152,1151,-1,
1155,1152,1154,-1,
1156,1152,1155,-1,
1157,1152,1156,-1,
1158,1152,1157,-1,
1159,1152,1158,-1,
1160,1152,1159,-1,
1161,1152,1160,-1,
1162,1152,1161,-1,
1163,1152,1162,-1,
1150,1152,1163,-1,
1145,1152,1150,-1,
1152,1164,1153,-1,
1152,1165,1164,-1,
1166,1167,1168,-1,
1167,1169,1168,-1,
1167,1170,1169,-1,
1171,1172,1173,-1,
1173,1172,1174,-1,
1175,1176,1177,-1,
1177,1176,1178,-1,
1179,1180,1181,-1,
1181,1180,1182,-1,
1183,1184,1185,-1,
1185,1184,1186,-1,
1187,1188,1189,-1,
1189,1188,1190,-1,
1191,1192,1193,-1,
1191,1193,1194,-1,
1195,1191,1194,-1,
1196,1194,1197,-1,
1196,1195,1194,-1,
1198,1196,1197,-1,
1199,1195,1196,-1,
1200,1201,1195,-1,
1200,1195,1199,-1,
1202,1201,1200,-1,
1203,1199,1204,-1,
1203,1200,1199,-1,
1205,1206,1207,-1,
1208,1209,1210,-1,
1211,1212,1213,-1,
1209,1212,1211,-1,
1206,1212,1208,-1,
1208,1212,1209,-1,
1214,1215,1216,-1,
1212,1215,1214,-1,
1215,1217,1218,-1,
1215,1219,1217,-1,
1215,1220,1219,-1,
1212,1220,1215,-1,
1212,1221,1220,-1,
1222,1221,1223,-1,
1220,1221,1222,-1,
1212,1224,1221,-1,
1212,1225,1224,-1,
1212,1226,1225,-1,
1212,1227,1226,-1,
1227,1228,1229,-1,
1228,1230,1231,-1,
1227,1230,1228,-1,
1230,1232,1233,-1,
1212,1232,1227,-1,
1227,1232,1230,-1,
1206,1232,1212,-1,
1234,1235,1236,-1,
1232,1235,1234,-1,
1232,1237,1235,-1,
1237,1238,1239,-1,
1206,1238,1232,-1,
1232,1238,1237,-1,
1206,1240,1238,-1,
1205,1240,1206,-1,
1240,1241,1238,-1,
1242,1243,1244,-1,
1242,1245,1243,-1,
1246,1247,1248,-1,
1243,1247,1246,-1,
1243,1249,1247,-1,
1250,1251,1252,-1,
1252,1253,1254,-1,
1251,1253,1252,-1,
1254,1255,1245,-1,
1245,1255,1243,-1,
1253,1255,1254,-1,
1249,1256,1257,-1,
1243,1256,1249,-1,
1243,1258,1256,-1,
1259,1260,1255,-1,
1261,1262,1260,-1,
1263,1264,1265,-1,
1258,1264,1263,-1,
1262,1266,1260,-1,
1258,1267,1264,-1,
1255,1268,1243,-1,
1260,1268,1255,-1,
1266,1268,1260,-1,
1258,1269,1267,-1,
1243,1269,1258,-1,
1243,1270,1269,-1,
1271,1272,1273,-1,
1268,1274,1243,-1,
1243,1274,1270,-1,
1272,1274,1273,-1,
1273,1274,1268,-1,
1275,1274,1276,-1,
1270,1274,1275,-1,
1242,1277,1245,-1,
1277,1278,1245,-1,
1205,1277,1240,-1,
1240,1277,1242,-1,
1279,1280,1281,-1,
1282,1280,1279,-1,
1283,1284,1285,-1,
1285,1284,1286,-1,
1287,1288,1289,-1,
1290,1288,1287,-1,
1291,1292,1293,-1,
1293,1292,1294,-1,
1295,1296,1297,-1,
1297,1296,1298,-1,
1299,1300,1301,-1,
1302,1300,1299,-1,
1301,1303,1304,-1,
1300,1303,1301,-1,
1304,1305,1306,-1,
1303,1305,1304,-1,
1306,1307,1308,-1,
1305,1307,1306,-1,
1308,1309,1310,-1,
1307,1309,1308,-1,
1310,1311,1312,-1,
1309,1311,1310,-1,
1312,1313,1314,-1,
1311,1313,1312,-1,
1313,1315,1314,-1,
1314,1315,1316,-1,
1315,1317,1316,-1,
1318,1317,1319,-1,
1316,1317,1318,-1,
1317,1320,1319,-1,
1320,1321,1319,-1,
1322,1321,1323,-1,
1319,1321,1322,-1,
1323,1324,1325,-1,
1321,1324,1323,-1,
1324,1326,1325,-1,
1325,1327,1328,-1,
1326,1327,1325,-1,
1328,1329,1330,-1,
1327,1329,1328,-1,
1330,1331,1332,-1,
1329,1331,1330,-1,
1333,1334,1335,-1,
1332,1334,1333,-1,
1331,1334,1332,-1,
1334,1336,1335,-1,
1335,1337,1338,-1,
1336,1337,1335,-1,
1338,1339,1340,-1,
1337,1339,1338,-1,
1340,1341,1342,-1,
1339,1341,1340,-1,
1342,1343,1344,-1,
1341,1343,1342,-1,
1344,1345,1346,-1,
1343,1345,1344,-1,
1346,1347,1348,-1,
1345,1347,1346,-1,
1348,1349,1350,-1,
1347,1349,1348,-1,
1350,1351,1352,-1,
1349,1351,1350,-1,
1352,1353,1354,-1,
1351,1353,1352,-1,
1354,1355,1356,-1,
1353,1355,1354,-1,
1356,1357,1358,-1,
1355,1357,1356,-1,
1358,1359,1360,-1,
1357,1359,1358,-1,
1360,1361,1362,-1,
1359,1361,1360,-1,
1362,1363,1364,-1,
1361,1363,1362,-1,
1365,1366,1367,-1,
1367,1366,1368,-1,
1369,1370,1371,-1,
1371,1370,1372,-1,
1373,1374,1375,-1,
1376,1374,1373,-1,
1375,1377,1378,-1,
1374,1377,1375,-1,
1378,1379,1380,-1,
1377,1379,1378,-1,
1380,1381,1382,-1,
1379,1381,1380,-1,
1382,1383,1384,-1,
1381,1383,1382,-1,
1384,1385,1386,-1,
1383,1385,1384,-1,
1386,1387,1388,-1,
1385,1387,1386,-1,
1387,1389,1388,-1,
1388,1389,1390,-1,
1389,1391,1390,-1,
1390,1391,1392,-1,
1391,1393,1392,-1,
1392,1393,1394,-1,
1393,1395,1394,-1,
1394,1395,1396,-1,
1397,1398,1399,-1,
1396,1398,1397,-1,
1395,1398,1396,-1,
1398,1400,1399,-1,
1399,1401,1402,-1,
1400,1401,1399,-1,
1402,1403,1404,-1,
1401,1403,1402,-1,
1405,1406,1407,-1,
1404,1406,1405,-1,
1403,1406,1404,-1,
1407,1408,1409,-1,
1406,1408,1407,-1,
1408,1410,1409,-1,
1409,1411,1412,-1,
1410,1411,1409,-1,
1412,1413,1414,-1,
1411,1413,1412,-1,
1414,1415,1416,-1,
1413,1415,1414,-1,
1416,1417,1418,-1,
1415,1417,1416,-1,
1418,1419,1420,-1,
1417,1419,1418,-1,
1420,1421,1422,-1,
1419,1421,1420,-1,
1422,1423,1424,-1,
1421,1423,1422,-1,
1424,1425,1426,-1,
1423,1425,1424,-1,
1426,1427,1428,-1,
1425,1427,1426,-1,
1428,1429,1430,-1,
1427,1429,1428,-1,
1430,1431,1432,-1,
1429,1431,1430,-1,
1432,1433,1434,-1,
1431,1433,1432,-1,
1435,1436,1437,-1,
1434,1436,1435,-1,
1433,1436,1434,-1,
1436,1438,1437,-1,
1439,1440,1441,-1,
1439,1441,1442,-1,
1443,1440,1439,-1,
1444,1445,1440,-1,
1444,1440,1443,-1,
1446,1445,1444,-1,
1447,1444,1443,-1,
1448,1443,1449,-1,
1448,1447,1443,-1,
1450,1448,1449,-1,
1451,1452,1447,-1,
1451,1447,1448,-1,
1453,1454,1455,-1,
1456,1453,1455,-1,
1457,1453,1456,-1,
1458,1453,1457,-1,
1459,1453,1458,-1,
1460,1453,1459,-1,
1461,1453,1460,-1,
1462,1453,1461,-1,
1463,1453,1462,-1,
1464,1453,1463,-1,
1465,1453,1464,-1,
1466,1453,1465,-1,
1467,1453,1466,-1,
1468,1453,1467,-1,
1469,1453,1468,-1,
1470,1453,1469,-1,
1471,1453,1470,-1,
1472,1453,1471,-1,
1473,1453,1472,-1,
1474,1453,1473,-1,
1475,1453,1474,-1,
1476,1453,1475,-1,
1477,1453,1476,-1,
1478,1453,1477,-1,
1479,1453,1478,-1,
1480,1453,1479,-1,
1481,1453,1480,-1,
1482,1453,1481,-1,
1483,1453,1482,-1,
1484,1453,1483,-1,
1485,1453,1484,-1,
1486,1453,1485,-1,
1487,1453,1486,-1,
1488,1453,1487,-1,
1489,1455,1454,-1,
1490,1453,1488,-1,
1491,1489,1454,-1,
1492,1493,1494,-1,
1492,1494,1489,-1,
1492,1489,1491,-1,
1495,1496,1493,-1,
1495,1493,1492,-1,
1497,1498,1496,-1,
1497,1496,1495,-1,
1499,1498,1497,-1,
1500,1501,1498,-1,
1500,1502,1501,-1,
1500,1498,1499,-1,
1503,1502,1500,-1,
1504,1505,1502,-1,
1504,1506,1505,-1,
1504,1502,1503,-1,
1507,1506,1504,-1,
1508,1509,1506,-1,
1508,1506,1507,-1,
1510,1511,1509,-1,
1510,1509,1508,-1,
1512,1513,1511,-1,
1512,1511,1510,-1,
1514,1515,1513,-1,
1514,1513,1512,-1,
1516,1515,1514,-1,
1516,1517,1515,-1,
1518,1519,1517,-1,
1518,1520,1519,-1,
1518,1517,1516,-1,
1521,1520,1518,-1,
1522,1520,1521,-1,
1522,1523,1520,-1,
1524,1525,1523,-1,
1524,1523,1522,-1,
1526,1527,1525,-1,
1526,1528,1527,-1,
1526,1525,1524,-1,
1529,1528,1526,-1,
1530,1528,1529,-1,
1530,1531,1528,-1,
1532,1533,1531,-1,
1532,1531,1530,-1,
1534,1535,1533,-1,
1534,1536,1535,-1,
1534,1533,1532,-1,
1537,1536,1534,-1,
1538,1536,1537,-1,
1538,1539,1536,-1,
1538,1540,1539,-1,
1541,1540,1538,-1,
1542,1540,1541,-1,
1542,1543,1540,-1,
1544,1543,1542,-1,
1544,1545,1543,-1,
1546,1547,1545,-1,
1546,1545,1544,-1,
1548,1547,1546,-1,
1548,1549,1547,-1,
1550,1491,1454,-1,
1551,1491,1550,-1,
1552,1553,1554,-1,
1552,1555,1556,-1,
1552,1557,1555,-1,
1552,1558,1557,-1,
1552,1559,1558,-1,
1552,1560,1559,-1,
1552,1561,1560,-1,
1552,1562,1561,-1,
1552,1563,1562,-1,
1552,1564,1563,-1,
1552,1565,1564,-1,
1552,1566,1565,-1,
1552,1567,1566,-1,
1552,1551,1550,-1,
1552,1568,1567,-1,
1552,1569,1568,-1,
1552,1570,1569,-1,
1552,1571,1570,-1,
1552,1572,1571,-1,
1552,1573,1572,-1,
1552,1574,1573,-1,
1552,1575,1574,-1,
1552,1576,1575,-1,
1552,1577,1576,-1,
1552,1578,1577,-1,
1552,1579,1578,-1,
1552,1580,1579,-1,
1552,1581,1580,-1,
1552,1582,1581,-1,
1552,1583,1582,-1,
1552,1584,1583,-1,
1552,1585,1584,-1,
1552,1586,1585,-1,
1552,1554,1586,-1,
1552,1556,1551,-1,
1552,1453,1490,-1,
1552,1490,1587,-1,
1552,1587,1588,-1,
1552,1588,1589,-1,
1552,1589,1549,-1,
1552,1549,1548,-1,
1552,1548,1590,-1,
1552,1590,1591,-1,
1552,1591,1592,-1,
1552,1592,1553,-1,
1593,1594,1595,-1,
1595,1594,1596,-1,
1597,1598,1599,-1,
1600,1601,1598,-1,
1600,1598,1597,-1,
1602,1601,1600,-1,
1603,1602,1604,-1,
1603,1601,1602,-1,
1605,1603,1604,-1,
1606,1601,1603,-1,
1607,1606,1603,-1,
1608,1609,1610,-1,
1610,1609,1611,-1,
1612,1613,1614,-1,
1612,1615,1613,-1,
1615,1616,1613,-1,
1616,1617,1618,-1,
1618,1617,1619,-1,
1617,1620,1621,-1,
1616,1620,1617,-1,
1615,1620,1616,-1,
1622,1623,1624,-1,
1624,1623,1625,-1,
1626,1627,1628,-1,
1628,1629,1630,-1,
1630,1629,1631,-1,
1627,1629,1628,-1,
1632,1633,1634,-1,
1629,1635,1633,-1,
1633,1635,1634,-1,
1627,1635,1629,-1,
1615,1635,1620,-1,
1620,1635,1622,-1,
1622,1635,1623,-1,
1623,1635,1627,-1,
1636,1637,1638,-1,
1639,1640,1641,-1,
1639,1641,1642,-1,
1643,1644,1645,-1,
1646,1647,1648,-1,
1646,1648,1649,-1,
1650,1651,1652,-1,
1650,1652,1653,-1,
1654,1655,1656,-1,
1654,1656,1657,-1,
1658,1659,1660,-1,
1658,1660,1661,-1,
1662,1663,1664,-1,
1665,1666,1667,-1,
1665,1662,1666,-1,
1665,1663,1662,-1,
1668,1669,1670,-1,
1668,1670,1671,-1,
1672,1673,1674,-1,
1675,1672,1676,-1,
1675,1673,1672,-1,
1677,1678,1679,-1,
1677,1679,1680,-1,
1681,1682,1683,-1,
1681,1684,1682,-1,
1685,1686,1687,-1,
1685,1687,1688,-1,
1689,1690,1691,-1,
1689,1691,1692,-1,
1693,1694,1695,-1,
1695,1694,1696,-1,
1697,1698,1699,-1,
1699,1698,1700,-1,
1701,1702,1703,-1,
1701,1703,1704,-1,
1705,1706,1707,-1,
1705,1707,1708,-1,
1709,1710,1711,-1,
1709,1711,1712,-1,
1713,1714,1715,-1,
1716,1713,1715,-1,
1717,1718,1719,-1,
1719,1718,1720,-1,
1721,1722,1723,-1,
1723,1722,1724,-1,
1725,1726,1727,-1,
1728,1726,1725,-1,
1729,1730,1731,-1,
1731,1730,1732,-1,
1733,1734,1735,-1,
1736,1734,1733,-1,
1737,1738,1739,-1,
1737,1739,1740,-1,
1741,1742,1743,-1,
1744,1742,1741,-1,
1745,1746,1747,-1,
1748,1747,1749,-1,
1748,1745,1747,-1,
1750,1748,1749,-1,
1751,1750,1749,-1,
1752,1753,1750,-1,
1752,1750,1751,-1,
1754,1751,1749,-1,
1755,1751,1754,-1,
1756,1757,1758,-1,
1756,1758,1759,-1,
1760,1761,1762,-1,
1760,1762,1763,-1,
1764,1765,1766,-1,
1764,1766,1767,-1,
1768,1769,1770,-1,
1768,1770,1771,-1,
1772,1773,1774,-1,
1775,1773,1772,-1,
1774,1776,1777,-1,
1773,1776,1774,-1,
1777,1778,1779,-1,
1776,1778,1777,-1,
1779,1780,1781,-1,
1778,1780,1779,-1,
1781,1782,1783,-1,
1780,1782,1781,-1,
1783,1784,1785,-1,
1782,1784,1783,-1,
1785,1786,1787,-1,
1784,1786,1785,-1,
1786,1788,1787,-1,
1787,1788,1789,-1,
1788,1790,1789,-1,
1789,1790,1791,-1,
1790,1792,1791,-1,
1791,1792,1793,-1,
1792,1794,1793,-1,
1793,1794,1795,-1,
1795,1796,1797,-1,
1794,1796,1795,-1,
1797,1798,1799,-1,
1796,1798,1797,-1,
1799,1800,1801,-1,
1798,1800,1799,-1,
1801,1802,1803,-1,
1800,1802,1801,-1,
1803,1804,1805,-1,
1802,1804,1803,-1,
1805,1806,1807,-1,
1804,1806,1805,-1,
1808,1809,1810,-1,
1807,1809,1808,-1,
1806,1809,1807,-1,
1809,1811,1810,-1,
1810,1812,1813,-1,
1811,1812,1810,-1,
1813,1814,1815,-1,
1812,1814,1813,-1,
1815,1816,1817,-1,
1814,1816,1815,-1,
1817,1818,1819,-1,
1816,1818,1817,-1,
1819,1820,1821,-1,
1818,1820,1819,-1,
1821,1822,1823,-1,
1820,1822,1821,-1,
1824,1825,1826,-1,
1823,1825,1824,-1,
1822,1825,1823,-1,
1825,1827,1826,-1,
1828,1829,1830,-1,
1826,1829,1828,-1,
1827,1829,1826,-1,
1829,1831,1830,-1,
1830,1832,1833,-1,
1831,1832,1830,-1,
1834,1835,1836,-1,
1833,1835,1834,-1,
1832,1835,1833,-1,
1835,1837,1836,-1,
1838,1839,1840,-1,
1840,1839,1841,-1,
1842,1843,1844,-1,
1844,1843,1845,-1,
1846,1847,1848,-1,
1849,1847,1846,-1,
1848,1850,1851,-1,
1847,1850,1848,-1,
1851,1852,1853,-1,
1850,1852,1851,-1,
1853,1854,1855,-1,
1852,1854,1853,-1,
1855,1856,1857,-1,
1854,1856,1855,-1,
1857,1858,1859,-1,
1856,1858,1857,-1,
1859,1860,1861,-1,
1858,1860,1859,-1,
1860,1862,1861,-1,
1861,1862,1863,-1,
1862,1864,1863,-1,
1865,1864,1866,-1,
1863,1864,1865,-1,
1864,1867,1866,-1,
1867,1868,1866,-1,
1866,1868,1869,-1,
1870,1871,1872,-1,
1869,1871,1870,-1,
1868,1871,1869,-1,
1871,1873,1872,-1,
1872,1874,1875,-1,
1873,1874,1872,-1,
1875,1876,1877,-1,
1874,1876,1875,-1,
1877,1878,1879,-1,
1876,1878,1877,-1,
1879,1880,1881,-1,
1878,1880,1879,-1,
1881,1882,1883,-1,
1880,1882,1881,-1,
1883,1884,1885,-1,
1882,1884,1883,-1,
1886,1887,1888,-1,
1885,1887,1886,-1,
1884,1887,1885,-1,
1887,1889,1888,-1,
1888,1890,1891,-1,
1889,1890,1888,-1,
1892,1893,1894,-1,
1891,1893,1892,-1,
1890,1893,1891,-1,
1894,1895,1896,-1,
1893,1895,1894,-1,
1895,1897,1896,-1,
1898,1899,1900,-1,
1896,1899,1898,-1,
1897,1899,1896,-1,
1899,1901,1900,-1,
1900,1902,1903,-1,
1901,1902,1900,-1,
1903,1904,1905,-1,
1902,1904,1903,-1,
1905,1906,1907,-1,
1904,1906,1905,-1,
1908,1909,1910,-1,
1907,1909,1908,-1,
1906,1909,1907,-1,
1909,1911,1910,-1,
1912,1913,1914,-1,
1914,1913,1915,-1,
1916,1917,1918,-1,
1916,1918,1919,-1,
1920,1921,1922,-1,
1922,1921,1923,-1,
1924,1925,1926,-1,
1924,1927,1925,-1,
1928,1929,1930,-1,
1928,1930,1931,-1,
1932,1933,1934,-1,
1935,1933,1932,-1,
1936,1937,1938,-1,
1936,1938,1939,-1,
1940,1941,1942,-1,
1942,1941,1943,-1,
1944,1945,1946,-1,
1946,1945,1947,-1,
1948,1949,1950,-1,
1951,1948,1950,-1,
1951,1950,1952,-1,
1953,1951,1952,-1,
1953,1952,1954,-1,
1955,1953,1954,-1,
1955,1954,1956,-1,
1957,1955,1956,-1,
1957,1956,1958,-1,
1959,1957,1958,-1,
1959,1958,1960,-1,
1961,1959,1960,-1,
1961,1960,1962,-1,
1963,1961,1962,-1,
1963,1962,1964,-1,
1965,1963,1964,-1,
1965,1964,1966,-1,
1967,1965,1966,-1,
1967,1966,1968,-1,
1969,1967,1968,-1,
1969,1968,1970,-1,
1971,1969,1970,-1,
1971,1970,1972,-1,
1973,1971,1972,-1,
1973,1972,1974,-1,
1975,1974,1976,-1,
1975,1973,1974,-1,
1977,1976,1978,-1,
1977,1975,1976,-1,
1979,1978,1980,-1,
1979,1977,1978,-1,
1981,1980,1982,-1,
1981,1979,1980,-1,
1983,1981,1982,-1,
1983,1982,1984,-1,
1985,1983,1984,-1,
1985,1984,1986,-1,
1987,1985,1986,-1,
1987,1986,1988,-1,
1989,1987,1988,-1,
1989,1988,1990,-1,
1991,1989,1990,-1,
1991,1990,1992,-1,
1993,1991,1992,-1,
1993,1992,1994,-1,
1995,1993,1994,-1,
1995,1994,1996,-1,
1997,1995,1996,-1,
1997,1996,1998,-1,
1999,1997,1998,-1,
1999,1998,2000,-1,
2001,1999,2000,-1,
2001,2000,2002,-1,
2003,2001,2002,-1,
2003,2002,2004,-1,
2005,2003,2004,-1,
2005,2004,2006,-1,
2007,2005,2006,-1,
2007,2006,2008,-1,
2009,2007,2008,-1,
2009,2008,2010,-1,
2011,2009,2010,-1,
2011,2010,2012,-1,
2013,2012,2014,-1,
2013,2011,2012,-1,
2015,2014,2016,-1,
2015,2013,2014,-1,
2017,2016,2018,-1,
2017,2015,2016,-1,
2019,2018,2020,-1,
2019,2017,2018,-1,
2021,2020,2022,-1,
2021,2019,2020,-1,
2023,2022,2024,-1,
2023,2021,2022,-1,
2025,2024,2026,-1,
2025,2023,2024,-1,
2027,2026,2028,-1,
2027,2025,2026,-1,
2029,2028,2030,-1,
2029,2027,2028,-1,
2031,2030,2032,-1,
2031,2029,2030,-1,
2033,2031,2032,-1,
2033,2032,2034,-1,
2035,2033,2034,-1,
2035,2034,2036,-1,
2037,2035,2036,-1,
2037,2036,2038,-1,
2039,2037,2038,-1,
2039,2038,2040,-1,
2041,2040,2042,-1,
2041,2039,2040,-1,
2043,2042,2044,-1,
2043,2041,2042,-1,
2045,2044,2046,-1,
2045,2043,2044,-1,
2047,2046,2048,-1,
2047,2045,2046,-1,
2049,2048,2050,-1,
2049,2047,2048,-1,
2051,2050,2052,-1,
2051,2049,2050,-1,
2053,2052,2054,-1,
2053,2051,2052,-1,
2055,2054,2056,-1,
2055,2053,2054,-1,
2057,2056,2058,-1,
2057,2055,2056,-1,
2059,2058,2060,-1,
2059,2057,2058,-1,
2061,2060,2062,-1,
2061,2059,2060,-1,
2063,2062,2064,-1,
2063,2061,2062,-1,
2065,2064,2066,-1,
2065,2063,2064,-1,
2067,2066,2068,-1,
2067,2065,2066,-1,
2069,2068,2070,-1,
2069,2067,2068,-1,
2071,2069,2070,-1,
2071,2070,2072,-1,
2073,2071,2072,-1,
2073,2072,2074,-1,
2075,2073,2074,-1,
2075,2074,2076,-1,
2077,2078,2079,-1,
2077,2080,2078,-1,
2077,2081,2080,-1,
2082,2077,2079,-1,
2082,2083,2084,-1,
2082,2079,2083,-1,
2085,2086,2081,-1,
2085,2081,2077,-1,
2087,2082,2084,-1,
2087,2088,2089,-1,
2087,2084,2088,-1,
2090,2077,2082,-1,
2090,2085,2077,-1,
2091,2092,2093,-1,
2091,2089,2092,-1,
2091,2087,2089,-1,
2094,2095,2096,-1,
2094,2096,2097,-1,
2094,2097,2086,-1,
2094,2086,2085,-1,
2098,2090,2082,-1,
2098,2082,2087,-1,
2099,2100,2101,-1,
2099,2093,2100,-1,
2099,2091,2093,-1,
2102,2103,2104,-1,
2102,2104,2095,-1,
2102,2095,2094,-1,
2102,2094,2085,-1,
2102,2085,2090,-1,
2105,2098,2087,-1,
2105,2087,2091,-1,
2106,2107,2108,-1,
2106,2101,2107,-1,
2106,2099,2101,-1,
2109,2103,2102,-1,
2109,2110,2111,-1,
2109,2111,2103,-1,
2109,2090,2098,-1,
2109,2102,2090,-1,
2112,2091,2099,-1,
2112,2105,2091,-1,
2113,2106,2108,-1,
2113,2114,2115,-1,
2113,2108,2114,-1,
2116,2117,2118,-1,
2116,2118,2110,-1,
2116,2098,2105,-1,
2116,2110,2109,-1,
2116,2109,2098,-1,
2119,2099,2106,-1,
2119,2112,2099,-1,
2120,2113,2115,-1,
2120,2121,2122,-1,
2120,2115,2121,-1,
2123,2116,2105,-1,
2123,2117,2116,-1,
2123,2124,2125,-1,
2123,2125,2117,-1,
2123,2105,2112,-1,
2126,2106,2113,-1,
2126,2119,2106,-1,
2127,2120,2122,-1,
2127,2128,2129,-1,
2127,2122,2128,-1,
2130,2112,2119,-1,
2130,2131,2132,-1,
2130,2132,2124,-1,
2130,2124,2123,-1,
2130,2123,2112,-1,
2133,2126,2113,-1,
2133,2113,2120,-1,
2134,2127,2129,-1,
2134,2135,2136,-1,
2134,2129,2135,-1,
2137,2138,2139,-1,
2137,2139,2131,-1,
2137,2131,2130,-1,
2137,2130,2119,-1,
2137,2119,2126,-1,
2140,2133,2120,-1,
2140,2120,2127,-1,
2141,2142,2143,-1,
2141,2136,2142,-1,
2141,2134,2136,-1,
2144,2137,2126,-1,
2144,2145,2146,-1,
2144,2146,2138,-1,
2144,2138,2137,-1,
2144,2126,2133,-1,
2147,2140,2127,-1,
2147,2127,2134,-1,
2148,2141,2143,-1,
2148,2149,2150,-1,
2148,2143,2149,-1,
2151,2144,2133,-1,
2151,2152,2153,-1,
2151,2153,2145,-1,
2151,2145,2144,-1,
2151,2133,2140,-1,
2154,2147,2134,-1,
2154,2134,2141,-1,
2155,2148,2150,-1,
2155,2156,2157,-1,
2155,2150,2156,-1,
2158,2152,2151,-1,
2158,2159,2160,-1,
2158,2160,2152,-1,
2158,2151,2140,-1,
2158,2140,2147,-1,
2161,2154,2141,-1,
2161,2141,2148,-1,
2162,2155,2157,-1,
2162,2163,2164,-1,
2162,2157,2163,-1,
2165,2159,2158,-1,
2165,2166,2167,-1,
2165,2167,2159,-1,
2165,2158,2147,-1,
2165,2147,2154,-1,
2168,2148,2155,-1,
2168,2161,2148,-1,
2169,2162,2164,-1,
2169,2170,2171,-1,
2169,2172,2170,-1,
2169,2164,2172,-1,
2173,2154,2161,-1,
2173,2174,2175,-1,
2173,2175,2166,-1,
2173,2165,2154,-1,
2173,2166,2165,-1,
2176,2168,2155,-1,
2176,2155,2162,-1,
2177,2178,2179,-1,
2177,2179,2174,-1,
2177,2174,2173,-1,
2177,2161,2168,-1,
2177,2173,2161,-1,
2180,2171,2181,-1,
2180,2169,2171,-1,
2180,2162,2169,-1,
2180,2176,2162,-1,
2182,2183,2184,-1,
2182,2184,2178,-1,
2182,2178,2177,-1,
2182,2168,2176,-1,
2182,2177,2168,-1,
2185,2181,2186,-1,
2185,2186,2187,-1,
2185,2187,2183,-1,
2185,2180,2181,-1,
2185,2183,2182,-1,
2185,2176,2180,-1,
2185,2182,2176,-1,
2188,2189,2190,-1,
2191,2192,2193,-1,
2191,2193,2189,-1,
2194,2188,2195,-1,
2196,2197,2191,-1,
2198,2199,2196,-1,
2200,2201,2202,-1,
2200,2202,2203,-1,
2204,2205,2206,-1,
2207,2208,2204,-1,
2209,2210,2207,-1,
2211,2209,2207,-1,
2211,2196,2191,-1,
2211,2198,2196,-1,
2211,2207,2204,-1,
2211,2206,2200,-1,
2211,2204,2206,-1,
2211,2203,2212,-1,
2211,2212,2198,-1,
2211,2200,2203,-1,
2213,2214,2215,-1,
2216,2213,2215,-1,
2216,2215,2211,-1,
2217,2218,2219,-1,
2217,2219,2220,-1,
2221,2216,2211,-1,
2221,2222,2216,-1,
2223,2217,2224,-1,
2225,2226,2227,-1,
2225,2227,2221,-1,
2228,2223,2229,-1,
2228,2229,2230,-1,
2228,2217,2223,-1,
2231,2232,2225,-1,
2233,2234,2235,-1,
2236,2237,2238,-1,
2236,2238,2218,-1,
2236,2228,2239,-1,
2236,2239,2240,-1,
2236,2240,2241,-1,
2236,2241,2242,-1,
2236,2188,2194,-1,
2236,2194,2243,-1,
2236,2243,2244,-1,
2236,2244,2245,-1,
2236,2245,2246,-1,
2236,2218,2217,-1,
2236,2246,2247,-1,
2236,2247,2248,-1,
2236,2248,2249,-1,
2236,2249,2250,-1,
2236,2250,2251,-1,
2236,2251,2252,-1,
2236,2252,2253,-1,
2236,2253,2254,-1,
2236,2254,2255,-1,
2236,2255,2256,-1,
2236,2217,2228,-1,
2236,2256,2257,-1,
2236,2257,2237,-1,
2258,2225,2221,-1,
2258,2235,2231,-1,
2258,2231,2225,-1,
2258,2233,2235,-1,
2259,2236,2260,-1,
2261,2191,2189,-1,
2261,2189,2188,-1,
2261,2188,2236,-1,
2261,2236,2259,-1,
2262,2263,2264,-1,
2262,2264,2258,-1,
2265,2261,2266,-1,
2267,2268,2269,-1,
2270,2271,2272,-1,
2273,2265,2274,-1,
2273,2274,2271,-1,
2273,2261,2265,-1,
2273,2271,2270,-1,
2275,2276,2277,-1,
2278,2275,2279,-1,
2278,2276,2275,-1,
2278,2273,2280,-1,
2278,2280,2276,-1,
2281,2261,2273,-1,
2281,2273,2278,-1,
2281,2191,2261,-1,
2281,2211,2191,-1,
2282,2283,2284,-1,
2285,2286,2287,-1,
2285,2287,2288,-1,
2285,2288,2289,-1,
2290,2281,2283,-1,
2290,2282,2291,-1,
2290,2291,2292,-1,
2290,2292,2293,-1,
2290,2283,2282,-1,
2294,2290,2295,-1,
2294,2281,2290,-1,
2296,2297,2298,-1,
2296,2298,2299,-1,
2296,2299,2300,-1,
2301,2294,2302,-1,
2303,2211,2281,-1,
2303,2221,2211,-1,
2303,2304,2296,-1,
2303,2300,2305,-1,
2303,2305,2285,-1,
2303,2289,2306,-1,
2303,2306,2307,-1,
2303,2307,2308,-1,
2303,2308,2309,-1,
2303,2258,2221,-1,
2303,2309,2310,-1,
2303,2310,2311,-1,
2303,2311,2312,-1,
2303,2312,2313,-1,
2303,2313,2314,-1,
2303,2314,2267,-1,
2303,2269,2315,-1,
2303,2315,2262,-1,
2303,2285,2289,-1,
2303,2296,2300,-1,
2303,2281,2294,-1,
2303,2294,2301,-1,
2303,2262,2258,-1,
2303,2267,2269,-1,
2316,2317,2318,-1,
2316,2319,2317,-1,
2316,2320,2319,-1,
2321,2316,2318,-1,
2321,2322,2323,-1,
2321,2318,2322,-1,
2324,2325,2320,-1,
2324,2320,2316,-1,
2326,2327,2328,-1,
2326,2323,2327,-1,
2326,2321,2323,-1,
2329,2316,2321,-1,
2329,2324,2316,-1,
2330,2331,2332,-1,
2330,2328,2331,-1,
2330,2326,2328,-1,
2333,2334,2335,-1,
2333,2335,2336,-1,
2333,2336,2325,-1,
2333,2325,2324,-1,
2337,2321,2326,-1,
2337,2329,2321,-1,
2338,2330,2332,-1,
2338,2339,2340,-1,
2338,2332,2339,-1,
2341,2324,2329,-1,
2341,2333,2324,-1,
2341,2334,2333,-1,
2341,2342,2343,-1,
2341,2343,2334,-1,
2344,2326,2330,-1,
2344,2337,2326,-1,
2345,2346,2347,-1,
2345,2340,2346,-1,
2345,2338,2340,-1,
2348,2342,2341,-1,
2348,2341,2329,-1,
2348,2349,2350,-1,
2348,2350,2342,-1,
2348,2329,2337,-1,
2351,2344,2330,-1,
2351,2330,2338,-1,
2352,2353,2354,-1,
2352,2347,2353,-1,
2352,2345,2347,-1,
2355,2337,2344,-1,
2355,2349,2348,-1,
2355,2348,2337,-1,
2355,2356,2357,-1,
2355,2357,2349,-1,
2358,2338,2345,-1,
2358,2351,2338,-1,
2359,2360,2361,-1,
2359,2354,2360,-1,
2359,2352,2354,-1,
2362,2355,2344,-1,
2362,2363,2364,-1,
2362,2364,2356,-1,
2362,2356,2355,-1,
2362,2344,2351,-1,
2365,2358,2345,-1,
2365,2345,2352,-1,
2366,2367,2368,-1,
2366,2361,2367,-1,
2366,2359,2361,-1,
2369,2363,2362,-1,
2369,2370,2371,-1,
2369,2371,2363,-1,
2369,2351,2358,-1,
2369,2362,2351,-1,
2372,2365,2352,-1,
2372,2352,2359,-1,
2373,2366,2368,-1,
2373,2374,2375,-1,
2373,2368,2374,-1,
2376,2358,2365,-1,
2376,2370,2369,-1,
2376,2377,2378,-1,
2376,2378,2370,-1,
2376,2369,2358,-1,
2379,2372,2359,-1,
2379,2359,2366,-1,
2380,2373,2375,-1,
2380,2381,2382,-1,
2380,2375,2381,-1,
2383,2377,2376,-1,
2383,2365,2372,-1,
2383,2384,2385,-1,
2383,2385,2377,-1,
2383,2376,2365,-1,
2386,2366,2373,-1,
2386,2379,2366,-1,
2387,2388,2389,-1,
2387,2382,2388,-1,
2387,2380,2382,-1,
2390,2383,2372,-1,
2390,2384,2383,-1,
2390,2391,2392,-1,
2390,2392,2384,-1,
2390,2372,2379,-1,
2393,2386,2373,-1,
2393,2373,2380,-1,
2394,2395,2396,-1,
2394,2389,2395,-1,
2394,2387,2389,-1,
2397,2379,2386,-1,
2397,2390,2379,-1,
2397,2391,2390,-1,
2397,2398,2399,-1,
2397,2399,2391,-1,
2400,2380,2387,-1,
2400,2393,2380,-1,
2401,2402,2403,-1,
2401,2396,2402,-1,
2401,2394,2396,-1,
2404,2386,2393,-1,
2404,2397,2386,-1,
2404,2398,2397,-1,
2404,2405,2406,-1,
2404,2406,2398,-1,
2407,2400,2387,-1,
2407,2387,2394,-1,
2408,2409,2410,-1,
2408,2411,2409,-1,
2408,2403,2411,-1,
2408,2401,2403,-1,
2412,2404,2393,-1,
2412,2405,2404,-1,
2412,2413,2414,-1,
2412,2414,2405,-1,
2412,2393,2400,-1,
2415,2394,2401,-1,
2415,2407,2394,-1,
2416,2400,2407,-1,
2416,2412,2400,-1,
2416,2417,2418,-1,
2416,2418,2413,-1,
2416,2413,2412,-1,
2419,2410,2420,-1,
2419,2401,2408,-1,
2419,2415,2401,-1,
2419,2408,2410,-1,
2421,2407,2415,-1,
2421,2422,2423,-1,
2421,2423,2417,-1,
2421,2417,2416,-1,
2421,2416,2407,-1,
2424,2419,2420,-1,
2424,2420,2425,-1,
2424,2425,2426,-1,
2424,2421,2415,-1,
2424,2426,2422,-1,
2424,2422,2421,-1,
2424,2415,2419,-1,
2427,2428,2429,-1,
2430,2427,2429,-1,
2430,2429,2431,-1,
2432,2430,2431,-1,
2432,2431,2433,-1,
2434,2432,2433,-1,
2434,2433,2435,-1,
2436,2434,2435,-1,
2436,2435,2437,-1,
2438,2436,2437,-1,
2438,2437,2439,-1,
2440,2438,2439,-1,
2440,2439,2441,-1,
2442,2440,2441,-1,
2442,2441,2443,-1,
2444,2442,2443,-1,
2444,2443,2445,-1,
2446,2444,2445,-1,
2446,2445,2447,-1,
2448,2446,2447,-1,
2448,2447,2449,-1,
2450,2448,2449,-1,
2450,2449,2451,-1,
2452,2450,2451,-1,
2452,2451,2453,-1,
2454,2453,2455,-1,
2454,2452,2453,-1,
2456,2455,2457,-1,
2456,2454,2455,-1,
2458,2457,2459,-1,
2458,2456,2457,-1,
2460,2459,2461,-1,
2460,2458,2459,-1,
2462,2460,2461,-1,
2462,2461,2463,-1,
2464,2462,2463,-1,
2464,2463,2465,-1,
2466,2464,2465,-1,
2466,2465,2467,-1,
2468,2466,2467,-1,
2468,2467,2469,-1,
2470,2468,2469,-1,
2470,2469,2471,-1,
2472,2470,2471,-1,
2472,2471,2473,-1,
2474,2472,2473,-1,
2474,2473,2475,-1,
2476,2474,2475,-1,
2476,2475,2477,-1,
2478,2476,2477,-1,
2478,2477,2479,-1,
2480,2478,2479,-1,
2480,2479,2481,-1,
2482,2480,2481,-1,
2482,2481,2483,-1,
2484,2482,2483,-1,
2484,2483,2485,-1,
2486,2484,2485,-1,
2486,2485,2487,-1,
2488,2486,2487,-1,
2488,2487,2489,-1,
2490,2488,2489,-1,
2490,2489,2491,-1,
2492,2491,2493,-1,
2492,2490,2491,-1,
2494,2493,2495,-1,
2494,2492,2493,-1,
2496,2495,2497,-1,
2496,2494,2495,-1,
2498,2497,2499,-1,
2498,2496,2497,-1,
2500,2499,2501,-1,
2500,2498,2499,-1,
2502,2501,2503,-1,
2502,2500,2501,-1,
2504,2503,2505,-1,
2504,2502,2503,-1,
2506,2505,2507,-1,
2506,2504,2505,-1,
2508,2507,2509,-1,
2508,2506,2507,-1,
2510,2509,2511,-1,
2510,2508,2509,-1,
2512,2510,2511,-1,
2512,2511,2513,-1,
2514,2512,2513,-1,
2514,2513,2515,-1,
2516,2514,2515,-1,
2516,2515,2517,-1,
2518,2516,2517,-1,
2518,2517,2519,-1,
2520,2519,2521,-1,
2520,2518,2519,-1,
2522,2521,2523,-1,
2522,2520,2521,-1,
2524,2523,2525,-1,
2524,2522,2523,-1,
2526,2525,2527,-1,
2526,2524,2525,-1,
2528,2527,2529,-1,
2528,2526,2527,-1,
2530,2529,2531,-1,
2530,2528,2529,-1,
2532,2531,2533,-1,
2532,2530,2531,-1,
2534,2533,2535,-1,
2534,2532,2533,-1,
2536,2535,2537,-1,
2536,2534,2535,-1,
2538,2537,2539,-1,
2538,2536,2537,-1,
2540,2539,2541,-1,
2540,2538,2539,-1,
2542,2541,2543,-1,
2542,2540,2541,-1,
2544,2543,2545,-1,
2544,2542,2543,-1,
2546,2545,2547,-1,
2546,2544,2545,-1,
2548,2547,2549,-1,
2548,2546,2547,-1,
2550,2548,2549,-1,
2550,2549,2551,-1,
2552,2550,2551,-1,
2552,2551,2553,-1,
2554,2552,2553,-1,
2554,2553,2555,-1,
    ]
    creaseAngle 0.5
  }
}
Shape { # contacts
  appearance Appearance { material Material {
    diffuseColor 0.780 0.780 0.800
    specularColor 1.000 1.000 1.000
    shininess 0.4
    ambientIntensity 0.3
  } }
  geometry IndexedFaceSet {
    coord Coordinate { point [
3.6446 -0.0962 -0.4011,
3.6446 0.0806 -0.3999,
3.6462 -0.0962 -0.4022,
3.6462 0.0806 -0.4010,
3.6476 -0.0962 -0.4034,
3.6476 0.0806 -0.4022,
3.6490 -0.0962 -0.4047,
3.6490 0.0806 -0.4035,
3.6504 -0.0962 -0.4060,
3.6504 0.0806 -0.4048,
3.6516 -0.0962 -0.4074,
3.6516 0.0806 -0.4062,
3.6529 -0.0961 -0.4088,
3.6529 0.0806 -0.4077,
3.6540 -0.0961 -0.4103,
3.6540 0.0806 -0.4092,
3.6551 -0.0961 -0.4119,
3.6551 0.0806 -0.4107,
3.6561 -0.0961 -0.4135,
3.6561 0.0806 -0.4123,
3.6570 -0.0961 -0.4152,
3.6570 0.0807 -0.4140,
3.6578 -0.0961 -0.4169,
3.6578 0.0807 -0.4157,
3.6586 -0.0961 -0.4186,
3.6586 0.0807 -0.4174,
3.6592 -0.0961 -0.4204,
3.6592 0.0807 -0.4192,
3.6598 0.0807 -0.4210,
3.6598 -0.0961 -0.4222,
3.6603 0.0807 -0.4228,
3.6603 -0.0960 -0.4240,
3.6607 0.0807 -0.4247,
3.6607 -0.0960 -0.4258,
3.6610 0.0807 -0.4265,
3.6610 -0.0960 -0.4277,
3.6612 0.0808 -0.4284,
3.6612 -0.0960 -0.4296,
3.6614 0.0808 -0.4303,
3.6614 -0.0960 -0.4315,
3.6614 0.0808 -0.4322,
3.6614 -0.0960 -0.4333,
-0.1181 -0.0960 -0.4333,
-0.1181 0.0808 -0.4303,
-0.1181 -0.0960 -0.4315,
-0.1181 0.0808 -0.4322,
-0.1179 0.0808 -0.4284,
-0.1179 -0.0960 -0.4296,
-0.1177 0.0807 -0.4265,
-0.1177 -0.0960 -0.4277,
-0.1174 0.0807 -0.4247,
-0.1174 -0.0960 -0.4258,
-0.1170 0.0807 -0.4228,
-0.1170 -0.0960 -0.4240,
-0.1165 0.0807 -0.4210,
-0.1165 -0.0961 -0.4222,
-0.1159 0.0807 -0.4192,
-0.1159 -0.0961 -0.4204,
-0.1152 0.0807 -0.4174,
-0.1152 -0.0961 -0.4186,
-0.1145 0.0807 -0.4157,
-0.1145 -0.0961 -0.4169,
-0.1137 0.0807 -0.4140,
-0.1137 -0.0961 -0.4152,
-0.1127 0.0806 -0.4123,
-0.1127 -0.0961 -0.4135,
-0.1118 0.0806 -0.4107,
-0.1118 -0.0961 -0.4119,
-0.1107 0.0806 -0.4092,
-0.1107 -0.0961 -0.4103,
-0.1096 0.0806 -0.4077,
-0.1096 -0.0961 -0.4088,
-0.1083 0.0806 -0.4062,
-0.1083 -0.0962 -0.4074,
-0.1071 0.0806 -0.4048,
-0.1071 -0.0962 -0.4060,
-0.1057 0.0806 -0.4035,
-0.1057 -0.0962 -0.4047,
-0.1043 0.0806 -0.4022,
-0.1043 -0.0962 -0.4034,
-0.1028 0.0806 -0.4010,
-0.1028 -0.0962 -0.4022,
-0.1013 0.0806 -0.3999,
-0.1013 -0.0962 -0.4011,
-0.0492 0.5646 1.7729,
-0.0492 0.5633 1.7695,
-0.0492 0.5639 1.7712,
-0.0492 0.5629 1.7678,
-0.0492 0.5626 1.7642,
-0.0492 0.5627 1.7660,
-0.0492 0.5629 1.7607,
-0.0492 0.5627 1.7624,
-0.0492 0.6492 1.9466,
-0.0492 0.5633 1.7589,
-0.0492 0.6492 1.4536,
-0.0492 0.1166 1.9983,
-0.0492 0.1193 1.9974,
-0.0492 0.1138 1.9990,
-0.0492 0.1220 1.9964,
-0.0492 0.1247 1.9953,
-0.0492 0.1273 1.9941,
-0.0492 0.1298 1.9927,
-0.0492 0.1323 1.9913,
-0.0492 0.1347 1.9897,
-0.0492 0.1370 1.9879,
-0.0492 0.1392 1.9861,
-0.0492 0.1413 1.9842,
-0.0492 0.1433 1.9821,
-0.0492 0.1453 1.9800,
-0.0492 0.1471 1.9778,
-0.0492 0.1488 1.9755,
-0.0492 0.1504 1.9731,
-0.0492 0.1519 1.9706,
-0.0492 0.1533 1.9681,
-0.0492 0.1556 1.9629,
-0.0492 0.1566 1.9602,
-0.0492 0.1545 1.9655,
-0.0492 0.1574 1.9574,
-0.0492 0.2397 1.6637,
-0.0492 0.2398 1.6619,
-0.0492 0.2395 1.6655,
-0.0492 0.2395 1.6584,
-0.0492 0.2391 1.6566,
-0.0492 0.2397 1.6601,
-0.0492 0.2385 1.6549,
-0.0492 0.2378 1.6533,
-0.0492 0.2390 1.6672,
-0.0492 0.1768 1.5280,
-0.0492 0.1138 1.0438,
-0.0492 0.1768 1.0162,
-0.0492 0.1925 0.9729,
-0.0492 0.5429 1.0162,
-0.0492 0.5429 0.9729,
-0.0492 -0.0988 -0.0113,
-0.0492 0.0790 -0.1579,
-0.0492 -0.0972 -0.2445,
-0.0492 0.0862 -0.0113,
-0.0492 0.0862 -0.1579,
-0.0492 0.0795 -0.2433,
-0.0492 0.6492 1.9466,
-0.0492 0.5646 1.7729,
0.0492 0.5646 1.7729,
0.0492 0.6492 1.9466,
0.0000 1.9248 0.6776,
0.0000 1.5311 0.6776,
0.0000 1.5311 2.7643,
0.0000 1.9248 2.7643,
0.0394 1.5705 2.8036,
0.0394 1.9642 2.8036,
0.0000 1.9248 2.7643,
0.0000 1.5311 2.7643,
2.9035 0.8855 -0.0113,
2.9035 0.8855 -1.2318,
2.9035 0.6886 -0.0113,
2.9035 0.6886 -1.2318,
2.9035 0.8225 -1.3499,
2.9035 0.7477 -1.3499,
2.9035 0.1273 1.9941,
2.9035 0.1298 1.9927,
2.9035 0.1247 1.9953,
2.9035 0.1347 1.9897,
2.9035 0.1370 1.9879,
2.9035 0.1323 1.9913,
2.9035 0.1488 1.9755,
2.9035 0.1504 1.9731,
2.9035 0.1471 1.9778,
2.9035 0.1453 1.9800,
2.9035 0.1433 1.9821,
2.9035 0.1519 1.9706,
2.9035 0.1533 1.9681,
2.9035 0.1556 1.9629,
2.9035 0.1566 1.9602,
2.9035 0.1545 1.9655,
2.9035 0.1574 1.9574,
2.9035 0.1413 1.9842,
2.9035 0.1392 1.9861,
2.9035 0.1220 1.9964,
2.9035 0.1193 1.9974,
2.9035 0.1166 1.9983,
2.9035 0.1138 1.9990,
2.9035 0.2397 1.6637,
2.9035 0.2398 1.6619,
2.9035 0.2395 1.6655,
2.9035 0.2397 1.6601,
2.9035 0.2395 1.6584,
2.9035 0.2391 1.6566,
2.9035 0.2385 1.6549,
2.9035 0.2378 1.6533,
2.9035 0.2390 1.6672,
2.9035 0.1768 1.5280,
2.9035 0.1138 1.0438,
2.9035 0.1768 1.0162,
2.9035 0.1925 0.9729,
2.9035 0.5429 1.0162,
2.9035 0.5429 0.9729,
2.9035 0.5646 1.7729,
2.9035 0.5629 1.7678,
2.9035 0.5639 1.7712,
2.9035 0.5633 1.7695,
2.9035 0.5626 1.7642,
2.9035 0.5627 1.7660,
2.9035 0.5627 1.7624,
2.9035 0.5629 1.7607,
2.9035 0.6492 1.9466,
2.9035 0.5633 1.7589,
2.9035 0.6492 1.4536,
2.9035 0.6886 -0.0113,
2.9035 0.6886 -1.2318,
3.0020 0.6886 -1.2318,
3.0020 0.6886 -0.0113,
3.0020 0.8855 -1.2318,
3.0020 0.6886 -0.0113,
3.0020 0.6886 -1.2318,
3.0020 0.8855 -0.0113,
3.0020 0.8225 -1.3499,
3.0020 0.7477 -1.3499,
3.0020 0.1193 1.9974,
3.0020 0.1166 1.9983,
3.0020 0.1138 1.9990,
3.0020 0.1220 1.9964,
3.0020 0.1247 1.9953,
3.0020 0.1273 1.9941,
3.0020 0.1298 1.9927,
3.0020 0.1323 1.9913,
3.0020 0.1347 1.9897,
3.0020 0.1370 1.9879,
3.0020 0.1392 1.9861,
3.0020 0.1413 1.9842,
3.0020 0.1433 1.9821,
3.0020 0.1471 1.9778,
3.0020 0.1453 1.9800,
3.0020 0.1504 1.9731,
3.0020 0.1488 1.9755,
3.0020 0.1533 1.9681,
3.0020 0.1519 1.9706,
3.0020 0.1566 1.9602,
3.0020 0.1556 1.9629,
3.0020 0.1545 1.9655,
3.0020 0.1574 1.9574,
3.0020 0.2397 1.6601,
3.0020 0.2398 1.6619,
3.0020 0.2397 1.6637,
3.0020 0.2395 1.6655,
3.0020 0.2391 1.6566,
3.0020 0.2395 1.6584,
3.0020 0.2378 1.6533,
3.0020 0.2385 1.6549,
3.0020 0.2390 1.6672,
3.0020 0.1768 1.5280,
3.0020 0.1138 1.0438,
3.0020 0.1768 1.0162,
3.0020 0.1925 0.9729,
3.0020 0.5429 1.0162,
3.0020 0.5429 0.9729,
3.0020 0.5633 1.7695,
3.0020 0.5646 1.7729,
3.0020 0.5639 1.7712,
3.0020 0.5629 1.7678,
3.0020 0.5626 1.7642,
3.0020 0.5627 1.7660,
3.0020 0.5629 1.7607,
3.0020 0.5627 1.7624,
3.0020 0.5633 1.7589,
3.0020 0.6492 1.9466,
3.0020 0.6492 1.4536,
2.9035 0.8855 -0.0113,
3.0020 0.8855 -0.0113,
3.0020 0.8855 -1.2318,
2.9035 0.8855 -1.2318,
2.9035 0.8855 -1.2318,
3.0020 0.8855 -1.2318,
3.0020 0.8225 -1.3499,
2.9035 0.8225 -1.3499,
2.9035 0.8225 -1.3499,
3.0020 0.8225 -1.3499,
3.0020 0.7477 -1.3499,
2.9035 0.7477 -1.3499,
3.0020 0.6886 -1.2318,
2.9035 0.7477 -1.3499,
3.0020 0.7477 -1.3499,
2.9035 0.6886 -1.2318,
2.9035 0.1166 1.9983,
3.0020 0.1138 1.9990,
3.0020 0.1166 1.9983,
2.9035 0.1138 1.9990,
2.9035 0.1193 1.9974,
3.0020 0.1193 1.9974,
2.9035 0.1220 1.9964,
3.0020 0.1220 1.9964,
2.9035 0.1247 1.9953,
3.0020 0.1247 1.9953,
2.9035 0.1273 1.9941,
3.0020 0.1273 1.9941,
2.9035 0.1298 1.9927,
3.0020 0.1298 1.9927,
2.9035 0.1323 1.9913,
3.0020 0.1323 1.9913,
2.9035 0.1347 1.9897,
3.0020 0.1347 1.9897,
2.9035 0.1370 1.9879,
3.0020 0.1370 1.9879,
2.9035 0.1392 1.9861,
3.0020 0.1392 1.9861,
2.9035 0.1413 1.9842,
3.0020 0.1413 1.9842,
2.9035 0.1433 1.9821,
3.0020 0.1433 1.9821,
2.9035 0.1453 1.9800,
3.0020 0.1453 1.9800,
2.9035 0.1471 1.9778,
3.0020 0.1471 1.9778,
2.9035 0.1488 1.9755,
3.0020 0.1488 1.9755,
2.9035 0.1504 1.9731,
3.0020 0.1504 1.9731,
2.9035 0.1519 1.9706,
3.0020 0.1519 1.9706,
2.9035 0.1533 1.9681,
3.0020 0.1533 1.9681,
2.9035 0.1545 1.9655,
3.0020 0.1545 1.9655,
2.9035 0.1556 1.9629,
3.0020 0.1556 1.9629,
2.9035 0.1566 1.9602,
3.0020 0.1566 1.9602,
3.0020 0.1574 1.9574,
2.9035 0.1574 1.9574,
3.0020 0.2390 1.6672,
2.9035 0.1574 1.9574,
3.0020 0.1574 1.9574,
2.9035 0.2390 1.6672,
2.9035 0.2395 1.6655,
2.9035 0.2390 1.6672,
3.0020 0.2390 1.6672,
3.0020 0.2395 1.6655,
2.9035 0.2397 1.6637,
3.0020 0.2397 1.6637,
2.9035 0.2398 1.6619,
3.0020 0.2398 1.6619,
2.9035 0.2397 1.6601,
3.0020 0.2397 1.6601,
2.9035 0.2395 1.6584,
3.0020 0.2395 1.6584,
2.9035 0.2391 1.6566,
3.0020 0.2391 1.6566,
2.9035 0.2385 1.6549,
3.0020 0.2385 1.6549,
2.9035 0.2378 1.6533,
3.0020 0.2378 1.6533,
2.9035 0.2378 1.6533,
3.0020 0.2378 1.6533,
3.0020 0.1768 1.5280,
2.9035 0.1768 1.5280,
2.9035 0.1768 1.5280,
3.0020 0.1768 1.5280,
3.0020 0.1768 1.0162,
2.9035 0.1768 1.0162,
3.0020 0.1768 1.0162,
3.0020 0.5429 1.0162,
2.9035 0.5429 1.0162,
2.9035 0.1768 1.0162,
2.9035 0.5429 1.0162,
3.0020 0.5429 1.0162,
3.0020 0.5429 0.9729,
2.9035 0.5429 0.9729,
3.5925 0.1193 1.9974,
3.5925 0.1166 1.9983,
3.5925 0.1138 1.9990,
3.5925 0.1220 1.9964,
3.5925 0.1247 1.9953,
3.5925 0.1273 1.9941,
3.5925 0.1298 1.9927,
3.5925 0.1323 1.9913,
3.5925 0.1347 1.9897,
3.5925 0.1370 1.9879,
3.5925 0.1392 1.9861,
3.5925 0.1413 1.9842,
3.5925 0.1433 1.9821,
3.5925 0.1471 1.9778,
3.5925 0.1453 1.9800,
3.5925 0.1504 1.9731,
3.5925 0.1488 1.9755,
3.5925 0.1533 1.9681,
3.5925 0.1519 1.9706,
3.5925 0.1566 1.9602,
3.5925 0.1556 1.9629,
3.5925 0.1545 1.9655,
3.5925 0.1574 1.9574,
3.5925 0.2398 1.6619,
3.5925 0.2397 1.6637,
3.5925 0.2395 1.6655,
3.5925 0.2391 1.6566,
3.5925 0.2395 1.6584,
3.5925 0.2397 1.6601,
3.5925 0.2378 1.6533,
3.5925 0.2385 1.6549,
3.5925 0.2390 1.6672,
3.5925 0.1768 1.5280,
3.5925 0.1138 1.0438,
3.5925 0.1768 1.0162,
3.5925 0.1925 0.9729,
3.5925 0.5429 1.0162,
3.5925 0.5429 0.9729,
3.5925 0.5633 1.7695,
3.5925 0.5646 1.7729,
3.5925 0.5639 1.7712,
3.5925 0.5629 1.7678,
3.5925 0.5626 1.7642,
3.5925 0.5627 1.7660,
3.5925 0.5629 1.7607,
3.5925 0.5627 1.7624,
3.5925 0.5633 1.7589,
3.5925 0.6492 1.9466,
3.5925 0.6492 1.4536,
3.5925 0.0790 -0.1579,
3.5925 0.0862 -0.0113,
3.5925 -0.0988 -0.0113,
3.5925 -0.0972 -0.2445,
3.5925 0.0862 -0.1579,
3.5925 0.0795 -0.2433,
3.4941 0.1166 1.9983,
3.5925 0.1138 1.9990,
3.5925 0.1166 1.9983,
3.4941 0.1138 1.9990,
3.4941 0.1193 1.9974,
3.5925 0.1193 1.9974,
3.4941 0.1220 1.9964,
3.5925 0.1220 1.9964,
3.4941 0.1247 1.9953,
3.5925 0.1247 1.9953,
3.4941 0.1273 1.9941,
3.5925 0.1273 1.9941,
3.4941 0.1298 1.9927,
3.5925 0.1298 1.9927,
3.4941 0.1323 1.9913,
3.5925 0.1323 1.9913,
3.4941 0.1347 1.9897,
3.5925 0.1347 1.9897,
3.4941 0.1370 1.9879,
3.5925 0.1370 1.9879,
3.4941 0.1392 1.9861,
3.5925 0.1392 1.9861,
3.4941 0.1413 1.9842,
3.5925 0.1413 1.9842,
3.4941 0.1433 1.9821,
3.5925 0.1433 1.9821,
3.4941 0.1453 1.9800,
3.5925 0.1453 1.9800,
3.4941 0.1471 1.9778,
3.5925 0.1471 1.9778,
3.4941 0.1488 1.9755,
3.5925 0.1488 1.9755,
3.4941 0.1504 1.9731,
3.5925 0.1504 1.9731,
3.4941 0.1519 1.9706,
3.5925 0.1519 1.9706,
3.4941 0.1533 1.9681,
3.5925 0.1533 1.9681,
3.4941 0.1545 1.9655,
3.5925 0.1545 1.9655,
3.4941 0.1556 1.9629,
3.5925 0.1556 1.9629,
3.4941 0.1566 1.9602,
3.5925 0.1566 1.9602,
3.5925 0.1574 1.9574,
3.4941 0.1574 1.9574,
3.4941 0.1273 1.9941,
3.4941 0.1298 1.9927,
3.4941 0.1247 1.9953,
3.4941 0.1347 1.9897,
3.4941 0.1370 1.9879,
3.4941 0.1323 1.9913,
3.4941 0.1488 1.9755,
3.4941 0.1504 1.9731,
3.4941 0.1471 1.9778,
3.4941 0.1453 1.9800,
3.4941 0.1433 1.9821,
3.4941 0.1519 1.9706,
3.4941 0.1533 1.9681,
3.4941 0.1556 1.9629,
3.4941 0.1566 1.9602,
3.4941 0.1545 1.9655,
3.4941 0.1574 1.9574,
3.4941 0.1413 1.9842,
3.4941 0.1392 1.9861,
3.4941 0.1220 1.9964,
3.4941 0.1193 1.9974,
3.4941 0.1166 1.9983,
3.4941 0.1138 1.9990,
3.4941 0.2397 1.6637,
3.4941 0.2398 1.6619,
3.4941 0.2395 1.6655,
3.4941 0.2397 1.6601,
3.4941 0.2395 1.6584,
3.4941 0.2391 1.6566,
3.4941 0.2385 1.6549,
3.4941 0.2378 1.6533,
3.4941 0.2390 1.6672,
3.4941 0.1768 1.5280,
3.4941 0.1138 1.0438,
3.4941 0.1768 1.0162,
3.4941 0.1925 0.9729,
3.4941 0.5429 1.0162,
3.4941 0.5429 0.9729,
3.4941 0.5646 1.7729,
3.4941 0.5629 1.7678,
3.4941 0.5639 1.7712,
3.4941 0.5633 1.7695,
3.4941 0.5626 1.7642,
3.4941 0.5627 1.7660,
3.4941 0.5627 1.7624,
3.4941 0.5629 1.7607,
3.4941 0.6492 1.9466,
3.4941 0.5633 1.7589,
3.4941 0.6492 1.4536,
3.4941 -0.0988 -0.0113,
3.4941 0.0790 -0.1579,
3.4941 -0.0969 -0.2957,
3.4941 0.0862 -0.0113,
3.4941 0.0862 -0.1579,
3.4941 0.0799 -0.2945,
3.4941 0.5429 1.0162,
3.5925 0.5429 1.0162,
3.5925 0.5429 0.9729,
3.4941 0.5429 0.9729,
3.5925 0.1768 1.0162,
3.5925 0.5429 1.0162,
3.4941 0.5429 1.0162,
3.4941 0.1768 1.0162,
3.4941 0.1768 1.5280,
3.5925 0.1768 1.5280,
3.5925 0.1768 1.0162,
3.4941 0.1768 1.0162,
3.4941 0.2378 1.6533,
3.5925 0.2378 1.6533,
3.5925 0.1768 1.5280,
3.4941 0.1768 1.5280,
3.4941 0.2395 1.6655,
3.4941 0.2390 1.6672,
3.5925 0.2390 1.6672,
3.5925 0.2395 1.6655,
3.4941 0.2397 1.6637,
3.5925 0.2397 1.6637,
3.4941 0.2398 1.6619,
3.5925 0.2398 1.6619,
3.4941 0.2397 1.6601,
3.5925 0.2397 1.6601,
3.4941 0.2395 1.6584,
3.5925 0.2395 1.6584,
3.4941 0.2391 1.6566,
3.5925 0.2391 1.6566,
3.4941 0.2385 1.6549,
3.5925 0.2385 1.6549,
3.4941 0.2378 1.6533,
3.5925 0.2378 1.6533,
3.5925 0.2390 1.6672,
3.4941 0.1574 1.9574,
3.5925 0.1574 1.9574,
3.4941 0.2390 1.6672,
3.4941 0.6492 1.9466,
3.4941 0.5646 1.7729,
3.5925 0.5646 1.7729,
3.5925 0.6492 1.9466,
3.4941 0.5629 1.7607,
3.4941 0.5633 1.7589,
3.5925 0.5633 1.7589,
3.5925 0.5629 1.7607,
3.4941 0.5627 1.7624,
3.5925 0.5627 1.7624,
3.4941 0.5626 1.7642,
3.5925 0.5626 1.7642,
3.4941 0.5627 1.7660,
3.5925 0.5627 1.7660,
3.4941 0.5629 1.7678,
3.5925 0.5629 1.7678,
3.4941 0.5633 1.7695,
3.5925 0.5633 1.7695,
3.4941 0.5639 1.7712,
3.5925 0.5639 1.7712,
3.4941 0.5646 1.7729,
3.5925 0.5646 1.7729,
3.5925 0.5633 1.7589,
3.4941 0.5633 1.7589,
3.4941 0.6492 1.4536,
3.5925 0.6492 1.4536,
0.0492 -0.0907 -1.2209,
-0.0492 -0.0907 -1.2209,
-0.0492 -0.0905 -1.2602,
0.0492 -0.0905 -1.2602,
0.0490 -0.0908 -1.2132,
-0.0493 -0.0908 -1.2175,
0.0486 -0.0908 -1.2056,
-0.0495 -0.0908 -1.2141,
0.0477 -0.0909 -1.1980,
-0.0499 -0.0908 -1.2107,
0.0466 -0.0909 -1.1905,
-0.0504 -0.0908 -1.2074,
0.0451 -0.0910 -1.1830,
-0.0510 -0.0908 -1.2040,
-0.1172 -0.0959 -0.4418,
-0.2145 -0.0958 -0.4570,
-0.2133 -0.0958 -0.4628,
-0.1175 -0.0959 -0.4401,
-0.2154 -0.0959 -0.4511,
-0.1178 -0.0960 -0.4384,
-0.2160 -0.0959 -0.4452,
-0.1180 -0.0960 -0.4367,
-0.1181 -0.0960 -0.4350,
-0.2164 -0.0959 -0.4393,
-0.1181 -0.0960 -0.4333,
-0.2165 -0.0960 -0.4333,
-0.1181 -0.0960 -0.4315,
-0.2164 -0.0960 -0.4267,
-0.1179 -0.0960 -0.4296,
-0.2159 -0.0961 -0.4201,
-0.1177 -0.0960 -0.4277,
-0.2151 -0.0961 -0.4136,
-0.1174 -0.0960 -0.4258,
-0.2140 -0.0962 -0.4071,
-0.1170 -0.0960 -0.4240,
-0.2126 -0.0962 -0.4006,
-0.1165 -0.0961 -0.4222,
-0.2109 -0.0962 -0.3942,
-0.1159 -0.0961 -0.4204,
-0.2088 -0.0963 -0.3879,
-0.1152 -0.0961 -0.4186,
-0.2065 -0.0963 -0.3817,
-0.1145 -0.0961 -0.4169,
-0.2039 -0.0964 -0.3757,
-0.1137 -0.0961 -0.4152,
-0.2010 -0.0964 -0.3697,
-0.1127 -0.0961 -0.4135,
-0.1978 -0.0964 -0.3639,
-0.1118 -0.0961 -0.4119,
-0.1943 -0.0965 -0.3583,
-0.1107 -0.0961 -0.4103,
-0.1906 -0.0965 -0.3528,
-0.1096 -0.0961 -0.4088,
-0.1866 -0.0966 -0.3476,
-0.1083 -0.0962 -0.4074,
-0.1823 -0.0966 -0.3425,
-0.1071 -0.0962 -0.4060,
-0.1779 -0.0966 -0.3376,
-0.1057 -0.0962 -0.4047,
-0.1732 -0.0967 -0.3330,
-0.1043 -0.0962 -0.4034,
-0.1682 -0.0967 -0.3286,
-0.1028 -0.0962 -0.4022,
-0.1631 -0.0967 -0.3244,
-0.1578 -0.0967 -0.3205,
-0.1013 -0.0962 -0.4011,
-0.0492 -0.0972 -0.2445,
0.0492 -0.0969 -0.2957,
0.0492 -0.0988 -0.0113,
-0.0492 -0.0988 -0.0113,
3.5925 -0.0907 -1.2209,
3.4941 -0.0907 -1.2209,
3.4941 -0.0905 -1.2602,
3.5925 -0.0905 -1.2602,
3.5926 -0.0908 -1.2175,
3.4943 -0.0908 -1.2132,
3.5928 -0.0908 -1.2141,
3.4948 -0.0908 -1.2056,
3.5932 -0.0908 -1.2107,
3.4956 -0.0909 -1.1980,
3.5937 -0.0908 -1.2074,
3.4967 -0.0909 -1.1905,
3.5943 -0.0908 -1.2040,
3.4982 -0.0910 -1.1830,
3.6605 -0.0959 -0.4418,
3.7567 -0.0958 -0.4628,
3.7578 -0.0958 -0.4570,
3.6611 -0.0960 -0.4384,
3.6608 -0.0959 -0.4401,
3.7587 -0.0959 -0.4511,
3.6613 -0.0960 -0.4367,
3.7593 -0.0959 -0.4452,
3.6614 -0.0960 -0.4350,
3.7597 -0.0959 -0.4393,
3.6614 -0.0960 -0.4333,
3.7598 -0.0960 -0.4333,
3.7597 -0.0960 -0.4267,
3.6612 -0.0960 -0.4296,
3.6614 -0.0960 -0.4315,
3.7592 -0.0961 -0.4201,
3.6610 -0.0960 -0.4277,
3.7584 -0.0961 -0.4136,
3.6607 -0.0960 -0.4258,
3.5925 -0.0972 -0.2445,
3.4941 -0.0969 -0.2957,
3.6446 -0.0962 -0.4011,
3.7573 -0.0962 -0.4071,
3.7559 -0.0962 -0.4006,
3.6598 -0.0961 -0.4222,
3.6603 -0.0960 -0.4240,
3.7542 -0.0962 -0.3942,
3.7521 -0.0963 -0.3879,
3.6586 -0.0961 -0.4186,
3.6592 -0.0961 -0.4204,
3.7498 -0.0963 -0.3817,
3.7472 -0.0964 -0.3757,
3.6578 -0.0961 -0.4169,
3.7443 -0.0964 -0.3697,
3.6570 -0.0961 -0.4152,
3.7411 -0.0964 -0.3639,
3.6561 -0.0961 -0.4135,
3.7376 -0.0965 -0.3583,
3.6551 -0.0961 -0.4119,
3.7011 -0.0967 -0.3205,
3.7339 -0.0965 -0.3528,
3.6540 -0.0961 -0.4103,
3.7064 -0.0967 -0.3244,
3.6462 -0.0962 -0.4022,
3.6476 -0.0962 -0.4034,
3.7299 -0.0966 -0.3476,
3.6529 -0.0961 -0.4088,
3.7115 -0.0967 -0.3286,
3.6490 -0.0962 -0.4047,
3.7256 -0.0966 -0.3425,
3.6516 -0.0962 -0.4074,
3.7165 -0.0967 -0.3330,
3.7212 -0.0966 -0.3376,
3.6504 -0.0962 -0.4060,
3.4941 -0.0988 -0.0113,
3.5925 -0.0988 -0.0113,
-0.0492 -0.0905 -1.2602,
-0.0492 -0.0306 -1.3780,
0.0492 -0.0306 -1.3780,
0.0492 -0.0905 -1.2602,
0.0492 0.0862 -1.2394,
0.0492 0.0860 -1.2197,
0.0492 -0.0907 -1.2209,
0.0492 -0.0905 -1.2602,
0.0492 0.0280 -1.3776,
0.0492 -0.0306 -1.3780,
0.0466 0.0858 -1.1893,
0.0451 0.0858 -1.1818,
0.0451 -0.0910 -1.1830,
0.0466 -0.0909 -1.1905,
0.0477 0.0859 -1.1968,
0.0477 -0.0909 -1.1980,
0.0486 0.0859 -1.2044,
0.0486 -0.0908 -1.2056,
0.0490 0.0860 -1.2121,
0.0490 -0.0908 -1.2132,
0.0492 0.0860 -1.2197,
0.0492 -0.0907 -1.2209,
0.0451 0.0858 -1.1818,
-0.1172 0.0808 -0.4406,
-0.1172 -0.0959 -0.4418,
0.0451 -0.0910 -1.1830,
-0.1172 0.0808 -0.4406,
-0.1175 0.0808 -0.4389,
-0.1172 -0.0959 -0.4418,
-0.1175 -0.0959 -0.4401,
-0.1178 0.0808 -0.4372,
-0.1178 -0.0960 -0.4384,
-0.1180 0.0808 -0.4356,
-0.1180 -0.0960 -0.4367,
-0.1181 0.0808 -0.4339,
-0.1181 -0.0960 -0.4350,
-0.1181 0.0808 -0.4322,
-0.1181 -0.0960 -0.4333,
0.0492 -0.0969 -0.2957,
-0.1013 -0.0962 -0.4011,
-0.1013 0.0806 -0.3999,
0.0492 0.0799 -0.2945,
0.0492 0.5629 1.7607,
0.0492 0.5639 1.7712,
0.0492 0.5633 1.7695,
0.0492 0.5629 1.7678,
0.0492 0.5627 1.7660,
0.0492 0.5626 1.7642,
0.0492 0.5627 1.7624,
0.0492 0.5633 1.7589,
0.0492 0.5646 1.7729,
0.0492 0.6492 1.9466,
0.0492 0.6492 1.4536,
0.0492 0.1193 1.9974,
0.0492 0.1166 1.9983,
0.0492 0.1138 1.9990,
0.0492 0.1220 1.9964,
0.0492 0.1247 1.9953,
0.0492 0.1273 1.9941,
0.0492 0.1298 1.9927,
0.0492 0.1323 1.9913,
0.0492 0.1347 1.9897,
0.0492 0.1370 1.9879,
0.0492 0.1392 1.9861,
0.0492 0.1413 1.9842,
0.0492 0.1433 1.9821,
0.0492 0.1471 1.9778,
0.0492 0.1453 1.9800,
0.0492 0.1504 1.9731,
0.0492 0.1488 1.9755,
0.0492 0.1533 1.9681,
0.0492 0.1519 1.9706,
0.0492 0.1566 1.9602,
0.0492 0.1556 1.9629,
0.0492 0.1545 1.9655,
0.0492 0.1574 1.9574,
0.0492 0.2398 1.6619,
0.0492 0.2397 1.6637,
0.0492 0.2395 1.6655,
0.0492 0.2391 1.6566,
0.0492 0.2395 1.6584,
0.0492 0.2397 1.6601,
0.0492 0.2378 1.6533,
0.0492 0.2385 1.6549,
0.0492 0.2390 1.6672,
0.0492 0.1768 1.5280,
0.0492 0.1138 1.0438,
0.0492 0.1768 1.0162,
0.0492 0.1925 0.9729,
0.0492 0.5429 1.0162,
0.0492 0.5429 0.9729,
0.0492 0.0790 -0.1579,
0.0492 0.0862 -0.0113,
0.0492 -0.0988 -0.0113,
0.0492 -0.0969 -0.2957,
0.0492 0.0862 -0.1579,
0.0492 0.0799 -0.2945,
0.0492 0.5633 1.7589,
-0.0492 0.6492 1.4536,
0.0492 0.6492 1.4536,
-0.0492 0.5633 1.7589,
-0.0492 0.5629 1.7607,
-0.0492 0.5633 1.7589,
0.0492 0.5633 1.7589,
0.0492 0.5629 1.7607,
-0.0492 0.5627 1.7624,
0.0492 0.5627 1.7624,
-0.0492 0.5626 1.7642,
0.0492 0.5626 1.7642,
-0.0492 0.5627 1.7660,
0.0492 0.5627 1.7660,
-0.0492 0.5629 1.7678,
0.0492 0.5629 1.7678,
-0.0492 0.5633 1.7695,
0.0492 0.5633 1.7695,
-0.0492 0.5639 1.7712,
0.0492 0.5639 1.7712,
-0.0492 0.5646 1.7729,
0.0492 0.5646 1.7729,
-0.0492 0.5429 1.0162,
0.0492 0.5429 1.0162,
0.0492 0.5429 0.9729,
-0.0492 0.5429 0.9729,
0.0492 0.1768 1.0162,
0.0492 0.5429 1.0162,
-0.0492 0.5429 1.0162,
-0.0492 0.1768 1.0162,
-0.0492 0.1768 1.5280,
0.0492 0.1768 1.5280,
0.0492 0.1768 1.0162,
-0.0492 0.1768 1.0162,
-0.0492 0.2378 1.6533,
0.0492 0.2378 1.6533,
0.0492 0.1768 1.5280,
-0.0492 0.1768 1.5280,
-0.0492 0.2395 1.6655,
-0.0492 0.2390 1.6672,
0.0492 0.2390 1.6672,
0.0492 0.2395 1.6655,
-0.0492 0.2397 1.6637,
0.0492 0.2397 1.6637,
-0.0492 0.2398 1.6619,
0.0492 0.2398 1.6619,
-0.0492 0.2397 1.6601,
0.0492 0.2397 1.6601,
-0.0492 0.2395 1.6584,
0.0492 0.2395 1.6584,
-0.0492 0.2391 1.6566,
0.0492 0.2391 1.6566,
-0.0492 0.2385 1.6549,
0.0492 0.2385 1.6549,
-0.0492 0.2378 1.6533,
0.0492 0.2378 1.6533,
0.0492 0.2390 1.6672,
-0.0492 0.1574 1.9574,
0.0492 0.1574 1.9574,
-0.0492 0.2390 1.6672,
-0.0492 0.1166 1.9983,
-0.0492 0.1138 1.9990,
0.0492 0.1138 1.9990,
0.0492 0.1166 1.9983,
-0.0492 0.1193 1.9974,
0.0492 0.1193 1.9974,
-0.0492 0.1220 1.9964,
0.0492 0.1220 1.9964,
-0.0492 0.1247 1.9953,
0.0492 0.1247 1.9953,
-0.0492 0.1273 1.9941,
0.0492 0.1273 1.9941,
-0.0492 0.1298 1.9927,
0.0492 0.1298 1.9927,
-0.0492 0.1323 1.9913,
0.0492 0.1323 1.9913,
-0.0492 0.1347 1.9897,
0.0492 0.1347 1.9897,
-0.0492 0.1370 1.9879,
0.0492 0.1370 1.9879,
-0.0492 0.1392 1.9861,
0.0492 0.1392 1.9861,
-0.0492 0.1413 1.9842,
0.0492 0.1413 1.9842,
-0.0492 0.1433 1.9821,
0.0492 0.1433 1.9821,
-0.0492 0.1453 1.9800,
0.0492 0.1453 1.9800,
-0.0492 0.1471 1.9778,
0.0492 0.1471 1.9778,
-0.0492 0.1488 1.9755,
0.0492 0.1488 1.9755,
-0.0492 0.1504 1.9731,
0.0492 0.1504 1.9731,
-0.0492 0.1519 1.9706,
0.0492 0.1519 1.9706,
-0.0492 0.1533 1.9681,
0.0492 0.1533 1.9681,
-0.0492 0.1545 1.9655,
0.0492 0.1545 1.9655,
0.0492 0.1556 1.9629,
-0.0492 0.1556 1.9629,
-0.0492 0.1566 1.9602,
0.0492 0.1566 1.9602,
0.0492 0.1574 1.9574,
-0.0492 0.1574 1.9574,
0.0492 0.0862 -0.1579,
0.0492 0.0790 -0.1579,
-0.0492 0.0862 -0.1579,
-0.0492 0.0790 -0.1579,
-0.0492 0.0860 -1.2197,
0.0492 0.0860 -1.2197,
-0.0492 0.0862 -1.2394,
0.0492 0.0862 -1.2394,
-0.0493 0.0860 -1.2163,
0.0490 0.0860 -1.2121,
-0.0495 0.0860 -1.2129,
0.0486 0.0859 -1.2044,
-0.0499 0.0860 -1.2095,
0.0477 0.0859 -1.1968,
-0.0504 0.0859 -1.2062,
0.0466 0.0858 -1.1893,
-0.0510 0.0859 -1.2028,
0.0451 0.0858 -1.1818,
-0.2145 0.0809 -0.4558,
-0.1172 0.0808 -0.4406,
-0.2133 0.0810 -0.4616,
-0.2154 0.0809 -0.4499,
-0.1175 0.0808 -0.4389,
-0.1178 0.0808 -0.4372,
-0.2160 0.0809 -0.4440,
-0.1180 0.0808 -0.4356,
-0.1181 0.0808 -0.4339,
-0.2165 0.0808 -0.4322,
-0.2164 0.0808 -0.4381,
-0.1181 0.0808 -0.4322,
-0.1181 0.0808 -0.4303,
-0.2164 0.0807 -0.4256,
-0.1179 0.0808 -0.4284,
-0.2159 0.0807 -0.4190,
-0.1177 0.0807 -0.4265,
-0.2151 0.0806 -0.4124,
-0.1174 0.0807 -0.4247,
-0.2140 0.0806 -0.4059,
-0.2126 0.0806 -0.3994,
-0.1170 0.0807 -0.4228,
-0.2109 0.0805 -0.3930,
-0.1165 0.0807 -0.4210,
-0.1159 0.0807 -0.4192,
-0.2088 0.0805 -0.3867,
-0.2065 0.0804 -0.3805,
-0.1152 0.0807 -0.4174,
-0.1145 0.0807 -0.4157,
-0.2039 0.0804 -0.3745,
-0.2010 0.0804 -0.3685,
-0.1137 0.0807 -0.4140,
-0.1127 0.0806 -0.4123,
-0.1978 0.0803 -0.3628,
-0.1943 0.0803 -0.3571,
-0.1118 0.0806 -0.4107,
-0.1107 0.0806 -0.4092,
-0.1906 0.0802 -0.3517,
-0.1866 0.0802 -0.3464,
-0.1096 0.0806 -0.4077,
-0.1823 0.0802 -0.3413,
-0.1083 0.0806 -0.4062,
-0.1779 0.0801 -0.3364,
-0.1071 0.0806 -0.4048,
-0.1057 0.0806 -0.4035,
-0.1732 0.0801 -0.3318,
-0.1043 0.0806 -0.4022,
-0.1682 0.0801 -0.3274,
-0.1028 0.0806 -0.4010,
-0.1631 0.0801 -0.3232,
-0.1578 0.0800 -0.3193,
-0.1013 0.0806 -0.3999,
-0.0492 0.0795 -0.2433,
0.0492 0.0799 -0.2945,
-0.0492 0.0790 -0.1579,
0.0492 0.0790 -0.1579,
3.4941 0.0860 -1.2197,
3.5925 0.0860 -1.2197,
3.4941 0.0862 -1.2394,
3.5925 0.0862 -1.2394,
3.4943 0.0860 -1.2121,
3.5926 0.0860 -1.2163,
3.4948 0.0859 -1.2044,
3.5928 0.0860 -1.2129,
3.4956 0.0859 -1.1968,
3.5932 0.0860 -1.2095,
3.4967 0.0858 -1.1893,
3.5937 0.0859 -1.2062,
3.4982 0.0858 -1.1818,
3.5943 0.0859 -1.2028,
3.6605 0.0808 -0.4406,
3.7567 0.0810 -0.4616,
3.7578 0.0809 -0.4558,
3.6611 0.0808 -0.4372,
3.6608 0.0808 -0.4389,
3.7587 0.0809 -0.4499,
3.6613 0.0808 -0.4356,
3.7593 0.0809 -0.4440,
3.6614 0.0808 -0.4339,
3.6614 0.0808 -0.4322,
3.7597 0.0808 -0.4381,
3.7598 0.0808 -0.4322,
3.6614 0.0808 -0.4303,
3.7597 0.0807 -0.4256,
3.6612 0.0808 -0.4284,
3.7592 0.0807 -0.4190,
3.7584 0.0806 -0.4124,
3.6610 0.0807 -0.4265,
3.4941 0.0790 -0.1579,
3.5925 0.0795 -0.2433,
3.4941 0.0799 -0.2945,
3.6446 0.0806 -0.3999,
3.6603 0.0807 -0.4228,
3.7573 0.0806 -0.4059,
3.6607 0.0807 -0.4247,
3.7559 0.0806 -0.3994,
3.6598 0.0807 -0.4210,
3.7542 0.0805 -0.3930,
3.7521 0.0805 -0.3867,
3.6592 0.0807 -0.4192,
3.7498 0.0804 -0.3805,
3.6586 0.0807 -0.4174,
3.7472 0.0804 -0.3745,
3.6578 0.0807 -0.4157,
3.7443 0.0804 -0.3685,
3.6570 0.0807 -0.4140,
3.6561 0.0806 -0.4123,
3.7411 0.0803 -0.3628,
3.7376 0.0803 -0.3571,
3.6551 0.0806 -0.4107,
3.7011 0.0800 -0.3193,
3.7339 0.0802 -0.3517,
3.6529 0.0806 -0.4077,
3.6540 0.0806 -0.4092,
3.7064 0.0801 -0.3232,
3.6462 0.0806 -0.4010,
3.7299 0.0802 -0.3464,
3.7115 0.0801 -0.3274,
3.6476 0.0806 -0.4022,
3.7256 0.0802 -0.3413,
3.6516 0.0806 -0.4062,
3.7165 0.0801 -0.3318,
3.6490 0.0806 -0.4035,
3.7212 0.0801 -0.3364,
3.6504 0.0806 -0.4048,
3.5925 0.0790 -0.1579,
-0.0492 0.0862 -1.2394,
-0.0492 -0.0905 -1.2602,
-0.0492 -0.0907 -1.2209,
-0.0492 0.0860 -1.2197,
-0.0492 0.0280 -1.3776,
-0.0492 -0.0306 -1.3780,
-0.0492 0.0280 -1.3776,
0.0492 0.0280 -1.3776,
0.0492 -0.0306 -1.3780,
-0.0492 -0.0306 -1.3780,
-0.0492 0.0862 -1.2394,
0.0492 0.0862 -1.2394,
0.0492 0.0280 -1.3776,
-0.0492 0.0280 -1.3776,
-0.0510 -0.0908 -1.2040,
-0.0504 0.0859 -1.2062,
-0.0504 -0.0908 -1.2074,
-0.0499 -0.0908 -1.2107,
-0.0510 0.0859 -1.2028,
-0.0499 0.0860 -1.2095,
-0.0495 -0.0908 -1.2141,
-0.0495 0.0860 -1.2129,
-0.0493 -0.0908 -1.2175,
-0.0493 0.0860 -1.2163,
-0.0492 -0.0907 -1.2209,
-0.0492 0.0860 -1.2197,
-0.2133 -0.0958 -0.4628,
-0.2133 0.0810 -0.4616,
-0.0510 0.0859 -1.2028,
-0.0510 -0.0908 -1.2040,
-0.0492 -0.0972 -0.2445,
-0.0492 0.0795 -0.2433,
-0.1578 0.0800 -0.3193,
-0.1578 -0.0967 -0.3205,
3.4941 0.0862 -1.2394,
3.4941 -0.0905 -1.2602,
3.4941 -0.0907 -1.2209,
3.4941 0.0860 -1.2197,
3.4941 0.0280 -1.3776,
3.4941 -0.0306 -1.3780,
3.4941 -0.0905 -1.2602,
3.4941 -0.0306 -1.3780,
3.5925 -0.0306 -1.3780,
3.5925 -0.0905 -1.2602,
3.5925 0.0862 -1.2394,
3.5925 0.0860 -1.2197,
3.5925 -0.0907 -1.2209,
3.5925 -0.0905 -1.2602,
3.5925 0.0280 -1.3776,
3.5925 -0.0306 -1.3780,
3.5925 -0.0907 -1.2209,
3.5926 0.0860 -1.2163,
3.5926 -0.0908 -1.2175,
3.5925 0.0860 -1.2197,
3.5928 0.0860 -1.2129,
3.5928 -0.0908 -1.2141,
3.5932 0.0860 -1.2095,
3.5932 -0.0908 -1.2107,
3.5937 0.0859 -1.2062,
3.5937 -0.0908 -1.2074,
3.5943 -0.0908 -1.2040,
3.5943 0.0859 -1.2028,
3.7567 -0.0958 -0.4628,
3.5943 -0.0908 -1.2040,
3.5943 0.0859 -1.2028,
3.7567 0.0810 -0.4616,
3.7011 0.0800 -0.3193,
3.5925 0.0795 -0.2433,
3.5925 -0.0972 -0.2445,
3.7011 -0.0967 -0.3205,
3.4941 0.0862 -1.2394,
3.5925 0.0862 -1.2394,
3.5925 0.0280 -1.3776,
3.4941 0.0280 -1.3776,
3.4941 0.0280 -1.3776,
3.5925 0.0280 -1.3776,
3.5925 -0.0306 -1.3780,
3.4941 -0.0306 -1.3780,
3.4943 0.0860 -1.2121,
3.4941 0.0860 -1.2197,
3.4941 -0.0907 -1.2209,
3.4943 -0.0908 -1.2132,
3.4948 0.0859 -1.2044,
3.4948 -0.0908 -1.2056,
3.4956 0.0859 -1.1968,
3.4956 -0.0909 -1.1980,
3.4967 0.0858 -1.1893,
3.4967 -0.0909 -1.1905,
3.4982 0.0858 -1.1818,
3.4982 -0.0910 -1.1830,
3.6605 -0.0959 -0.4418,
3.6605 0.0808 -0.4406,
3.4982 0.0858 -1.1818,
3.4982 -0.0910 -1.1830,
3.6614 -0.0960 -0.4333,
3.6614 0.0808 -0.4322,
3.6614 -0.0960 -0.4350,
3.6614 0.0808 -0.4339,
3.6613 -0.0960 -0.4367,
3.6613 0.0808 -0.4356,
3.6611 -0.0960 -0.4384,
3.6611 0.0808 -0.4372,
3.6608 -0.0959 -0.4401,
3.6608 0.0808 -0.4389,
3.6605 -0.0959 -0.4418,
3.6605 0.0808 -0.4406,
3.4941 -0.0969 -0.2957,
3.4941 0.0799 -0.2945,
3.6446 0.0806 -0.3999,
3.6446 -0.0962 -0.4011,
3.5925 0.0862 -0.1579,
3.5925 0.0790 -0.1579,
3.4941 0.0862 -0.1579,
3.4941 0.0790 -0.1579,
3.4941 0.0862 -0.0113,
3.5925 0.0862 -0.0113,
3.5925 0.0862 -0.1579,
3.4941 0.0862 -0.1579,
-0.0492 0.0862 -0.0113,
0.0492 0.0862 -0.0113,
0.0492 0.0862 -0.1579,
-0.0492 0.0862 -0.1579,
0.5413 0.5646 1.7729,
0.5413 0.5633 1.7695,
0.5413 0.5639 1.7712,
0.5413 0.5629 1.7678,
0.5413 0.5626 1.7642,
0.5413 0.5627 1.7660,
0.5413 0.5629 1.7607,
0.5413 0.5627 1.7624,
0.5413 0.6492 1.9466,
0.5413 0.5633 1.7589,
0.5413 0.6492 1.4536,
0.5413 0.1166 1.9983,
0.5413 0.1193 1.9974,
0.5413 0.1138 1.9990,
0.5413 0.1220 1.9964,
0.5413 0.1247 1.9953,
0.5413 0.1273 1.9941,
0.5413 0.1298 1.9927,
0.5413 0.1323 1.9913,
0.5413 0.1347 1.9897,
0.5413 0.1370 1.9879,
0.5413 0.1392 1.9861,
0.5413 0.1413 1.9842,
0.5413 0.1433 1.9821,
0.5413 0.1453 1.9800,
0.5413 0.1471 1.9778,
0.5413 0.1488 1.9755,
0.5413 0.1504 1.9731,
0.5413 0.1519 1.9706,
0.5413 0.1533 1.9681,
0.5413 0.1556 1.9629,
0.5413 0.1566 1.9602,
0.5413 0.1545 1.9655,
0.5413 0.1574 1.9574,
0.5413 0.2398 1.6619,
0.5413 0.2397 1.6601,
0.5413 0.2397 1.6637,
0.5413 0.2395 1.6655,
0.5413 0.2395 1.6584,
0.5413 0.2391 1.6566,
0.5413 0.2385 1.6549,
0.5413 0.2378 1.6533,
0.5413 0.2390 1.6672,
0.5413 0.1768 1.5280,
0.5413 0.1138 1.0438,
0.5413 0.1768 1.0162,
0.5413 0.1925 0.9729,
0.5413 0.5429 1.0162,
0.5413 0.5429 0.9729,
0.5413 0.8855 -0.0113,
0.5413 0.8855 -1.2318,
0.5413 0.6886 -0.0113,
0.5413 0.6886 -1.2318,
0.5413 0.8225 -1.3499,
0.5413 0.7477 -1.3499,
0.5413 0.6492 1.9466,
0.5413 0.5646 1.7729,
0.6398 0.5646 1.7729,
0.6398 0.6492 1.9466,
0.6398 0.5629 1.7607,
0.6398 0.5639 1.7712,
0.6398 0.5633 1.7695,
0.6398 0.5629 1.7678,
0.6398 0.5627 1.7660,
0.6398 0.5626 1.7642,
0.6398 0.5627 1.7624,
0.6398 0.5633 1.7589,
0.6398 0.5646 1.7729,
0.6398 0.6492 1.9466,
0.6398 0.6492 1.4536,
0.6398 0.1193 1.9974,
0.6398 0.1166 1.9983,
0.6398 0.1138 1.9990,
0.6398 0.1220 1.9964,
0.6398 0.1247 1.9953,
0.6398 0.1273 1.9941,
0.6398 0.1298 1.9927,
0.6398 0.1323 1.9913,
0.6398 0.1347 1.9897,
0.6398 0.1370 1.9879,
0.6398 0.1392 1.9861,
0.6398 0.1413 1.9842,
0.6398 0.1433 1.9821,
0.6398 0.1471 1.9778,
0.6398 0.1453 1.9800,
0.6398 0.1504 1.9731,
0.6398 0.1488 1.9755,
0.6398 0.1533 1.9681,
0.6398 0.1519 1.9706,
0.6398 0.1566 1.9602,
0.6398 0.1556 1.9629,
0.6398 0.1545 1.9655,
0.6398 0.1574 1.9574,
0.6398 0.2397 1.6601,
0.6398 0.2398 1.6619,
0.6398 0.2397 1.6637,
0.6398 0.2395 1.6655,
0.6398 0.2391 1.6566,
0.6398 0.2395 1.6584,
0.6398 0.2378 1.6533,
0.6398 0.2385 1.6549,
0.6398 0.2390 1.6672,
0.6398 0.1768 1.5280,
0.6398 0.1138 1.0438,
0.6398 0.1768 1.0162,
0.6398 0.1925 0.9729,
0.6398 0.5429 1.0162,
0.6398 0.5429 0.9729,
0.6398 0.8855 -1.2318,
0.6398 0.6886 -0.0113,
0.6398 0.6886 -1.2318,
0.6398 0.8855 -0.0113,
0.6398 0.8225 -1.3499,
0.6398 0.7477 -1.3499,
0.6398 0.5633 1.7589,
0.5413 0.6492 1.4536,
0.6398 0.6492 1.4536,
0.5413 0.5633 1.7589,
0.5413 0.5629 1.7607,
0.5413 0.5633 1.7589,
0.6398 0.5633 1.7589,
0.6398 0.5629 1.7607,
0.5413 0.5627 1.7624,
0.6398 0.5627 1.7624,
0.5413 0.5626 1.7642,
0.6398 0.5626 1.7642,
0.5413 0.5627 1.7660,
0.6398 0.5627 1.7660,
0.5413 0.5629 1.7678,
0.6398 0.5629 1.7678,
0.5413 0.5633 1.7695,
0.6398 0.5633 1.7695,
0.5413 0.5639 1.7712,
0.6398 0.5639 1.7712,
0.5413 0.5646 1.7729,
0.6398 0.5646 1.7729,
0.5413 0.5429 1.0162,
0.6398 0.5429 1.0162,
0.6398 0.5429 0.9729,
0.5413 0.5429 0.9729,
0.6398 0.1768 1.0162,
0.6398 0.5429 1.0162,
0.5413 0.5429 1.0162,
0.5413 0.1768 1.0162,
0.5413 0.1768 1.5280,
0.6398 0.1768 1.5280,
0.6398 0.1768 1.0162,
0.5413 0.1768 1.0162,
0.5413 0.2378 1.6533,
0.6398 0.2378 1.6533,
0.6398 0.1768 1.5280,
0.5413 0.1768 1.5280,
0.5413 0.2395 1.6655,
0.5413 0.2390 1.6672,
0.6398 0.2390 1.6672,
0.6398 0.2395 1.6655,
0.5413 0.2397 1.6637,
0.6398 0.2397 1.6637,
0.5413 0.2398 1.6619,
0.6398 0.2398 1.6619,
0.5413 0.2397 1.6601,
0.6398 0.2397 1.6601,
0.5413 0.2395 1.6584,
0.6398 0.2395 1.6584,
0.5413 0.2391 1.6566,
0.6398 0.2391 1.6566,
0.5413 0.2385 1.6549,
0.6398 0.2385 1.6549,
0.5413 0.2378 1.6533,
0.6398 0.2378 1.6533,
0.6398 0.2390 1.6672,
0.5413 0.1574 1.9574,
0.6398 0.1574 1.9574,
0.5413 0.2390 1.6672,
0.5413 0.1166 1.9983,
0.5413 0.1138 1.9990,
0.6398 0.1138 1.9990,
0.6398 0.1166 1.9983,
0.5413 0.1193 1.9974,
0.6398 0.1193 1.9974,
0.5413 0.1220 1.9964,
0.6398 0.1220 1.9964,
0.5413 0.1247 1.9953,
0.6398 0.1247 1.9953,
0.5413 0.1273 1.9941,
0.6398 0.1273 1.9941,
0.5413 0.1298 1.9927,
0.6398 0.1298 1.9927,
0.5413 0.1323 1.9913,
0.6398 0.1323 1.9913,
0.5413 0.1347 1.9897,
0.6398 0.1347 1.9897,
0.5413 0.1370 1.9879,
0.6398 0.1370 1.9879,
0.5413 0.1392 1.9861,
0.6398 0.1392 1.9861,
0.5413 0.1413 1.9842,
0.6398 0.1413 1.9842,
0.5413 0.1433 1.9821,
0.6398 0.1433 1.9821,
0.5413 0.1453 1.9800,
0.6398 0.1453 1.9800,
0.5413 0.1471 1.9778,
0.6398 0.1471 1.9778,
0.5413 0.1488 1.9755,
0.6398 0.1488 1.9755,
0.5413 0.1504 1.9731,
0.6398 0.1504 1.9731,
0.5413 0.1519 1.9706,
0.6398 0.1519 1.9706,
0.5413 0.1533 1.9681,
0.6398 0.1533 1.9681,
0.5413 0.1545 1.9655,
0.6398 0.1545 1.9655,
0.6398 0.1556 1.9629,
0.5413 0.1556 1.9629,
0.5413 0.1566 1.9602,
0.6398 0.1566 1.9602,
0.6398 0.1574 1.9574,
0.5413 0.1574 1.9574,
0.5413 0.8855 -0.0113,
0.6398 0.8855 -0.0113,
0.6398 0.8855 -1.2318,
0.5413 0.8855 -1.2318,
0.5413 0.8855 -1.2318,
0.6398 0.8855 -1.2318,
0.6398 0.8225 -1.3499,
0.5413 0.8225 -1.3499,
0.5413 0.8225 -1.3499,
0.6398 0.8225 -1.3499,
0.6398 0.7477 -1.3499,
0.5413 0.7477 -1.3499,
0.6398 0.6886 -1.2318,
0.5413 0.7477 -1.3499,
0.6398 0.7477 -1.3499,
0.5413 0.6886 -1.2318,
0.5413 0.6886 -0.0113,
0.5413 0.6886 -1.2318,
0.6398 0.6886 -1.2318,
0.6398 0.6886 -0.0113,
1.1319 0.0862 -0.0113,
1.1319 -0.0909 -1.1924,
1.1319 -0.0988 -0.0113,
1.1319 0.0862 -1.2318,
1.1319 -0.0319 -1.3499,
1.1319 0.0272 -1.3499,
1.1319 0.5646 1.7729,
1.1319 0.5633 1.7695,
1.1319 0.5639 1.7712,
1.1319 0.5629 1.7678,
1.1319 0.5626 1.7642,
1.1319 0.5627 1.7660,
1.1319 0.5629 1.7607,
1.1319 0.5627 1.7624,
1.1319 0.6492 1.9466,
1.1319 0.5633 1.7589,
1.1319 0.6492 1.4536,
1.1319 0.1166 1.9983,
1.1319 0.1193 1.9974,
1.1319 0.1138 1.9990,
1.1319 0.1220 1.9964,
1.1319 0.1247 1.9953,
1.1319 0.1273 1.9941,
1.1319 0.1298 1.9927,
1.1319 0.1323 1.9913,
1.1319 0.1347 1.9897,
1.1319 0.1370 1.9879,
1.1319 0.1392 1.9861,
1.1319 0.1413 1.9842,
1.1319 0.1433 1.9821,
1.1319 0.1453 1.9800,
1.1319 0.1471 1.9778,
1.1319 0.1488 1.9755,
1.1319 0.1504 1.9731,
1.1319 0.1519 1.9706,
1.1319 0.1533 1.9681,
1.1319 0.1556 1.9629,
1.1319 0.1566 1.9602,
1.1319 0.1545 1.9655,
1.1319 0.1574 1.9574,
1.1319 0.2397 1.6637,
1.1319 0.2398 1.6619,
1.1319 0.2395 1.6655,
1.1319 0.2395 1.6584,
1.1319 0.2391 1.6566,
1.1319 0.2397 1.6601,
1.1319 0.2385 1.6549,
1.1319 0.2378 1.6533,
1.1319 0.2390 1.6672,
1.1319 0.1768 1.5280,
1.1319 0.1138 1.0438,
1.1319 0.1768 1.0162,
1.1319 0.1925 0.9729,
1.1319 0.5429 1.0162,
1.1319 0.5429 0.9729,
1.2303 -0.0988 -0.0113,
1.1319 -0.0909 -1.1924,
1.2303 -0.0909 -1.1924,
1.1319 -0.0988 -0.0113,
1.2303 -0.0909 -1.1924,
1.2303 0.0862 -0.0113,
1.2303 -0.0988 -0.0113,
1.2303 0.0862 -1.2318,
1.2303 -0.0319 -1.3499,
1.2303 0.0272 -1.3499,
1.2303 0.5629 1.7607,
1.2303 0.5639 1.7712,
1.2303 0.5633 1.7695,
1.2303 0.5629 1.7678,
1.2303 0.5627 1.7660,
1.2303 0.5626 1.7642,
1.2303 0.5627 1.7624,
1.2303 0.5633 1.7589,
1.2303 0.5646 1.7729,
1.2303 0.6492 1.9466,
1.2303 0.6492 1.4536,
1.2303 0.1193 1.9974,
1.2303 0.1166 1.9983,
1.2303 0.1138 1.9990,
1.2303 0.1220 1.9964,
1.2303 0.1247 1.9953,
1.2303 0.1273 1.9941,
1.2303 0.1298 1.9927,
1.2303 0.1323 1.9913,
1.2303 0.1347 1.9897,
1.2303 0.1370 1.9879,
1.2303 0.1392 1.9861,
1.2303 0.1413 1.9842,
1.2303 0.1433 1.9821,
1.2303 0.1471 1.9778,
1.2303 0.1453 1.9800,
1.2303 0.1504 1.9731,
1.2303 0.1488 1.9755,
1.2303 0.1533 1.9681,
1.2303 0.1519 1.9706,
1.2303 0.1566 1.9602,
1.2303 0.1556 1.9629,
1.2303 0.1545 1.9655,
1.2303 0.1574 1.9574,
1.2303 0.2398 1.6619,
1.2303 0.2397 1.6637,
1.2303 0.2395 1.6655,
1.2303 0.2391 1.6566,
1.2303 0.2395 1.6584,
1.2303 0.2397 1.6601,
1.2303 0.2385 1.6549,
1.2303 0.2378 1.6533,
1.2303 0.2390 1.6672,
1.2303 0.1768 1.5280,
1.2303 0.1138 1.0438,
1.2303 0.1768 1.0162,
1.2303 0.1925 0.9729,
1.2303 0.5429 1.0162,
1.2303 0.5429 0.9729,
1.1319 0.0862 -0.0113,
1.2303 0.0862 -0.0113,
1.2303 0.0862 -1.2318,
1.1319 0.0862 -1.2318,
1.1319 0.0862 -1.2318,
1.2303 0.0862 -1.2318,
1.2303 0.0272 -1.3499,
1.1319 0.0272 -1.3499,
1.1319 0.0272 -1.3499,
1.2303 0.0272 -1.3499,
1.2303 -0.0319 -1.3499,
1.1319 -0.0319 -1.3499,
1.2303 -0.0909 -1.1924,
1.1319 -0.0319 -1.3499,
1.2303 -0.0319 -1.3499,
1.1319 -0.0909 -1.1924,
1.1319 0.6492 1.9466,
1.1319 0.5646 1.7729,
1.2303 0.5646 1.7729,
1.2303 0.6492 1.9466,
1.1319 0.5629 1.7607,
1.1319 0.5633 1.7589,
1.2303 0.5633 1.7589,
1.2303 0.5629 1.7607,
1.1319 0.5627 1.7624,
1.2303 0.5627 1.7624,
1.1319 0.5626 1.7642,
1.2303 0.5626 1.7642,
1.1319 0.5627 1.7660,
1.2303 0.5627 1.7660,
1.1319 0.5629 1.7678,
1.2303 0.5629 1.7678,
1.1319 0.5633 1.7695,
1.2303 0.5633 1.7695,
1.1319 0.5639 1.7712,
1.2303 0.5639 1.7712,
1.1319 0.5646 1.7729,
1.2303 0.5646 1.7729,
1.2303 0.5633 1.7589,
1.1319 0.6492 1.4536,
1.2303 0.6492 1.4536,
1.1319 0.5633 1.7589,
1.1319 0.5429 1.0162,
1.2303 0.5429 1.0162,
1.2303 0.5429 0.9729,
1.1319 0.5429 0.9729,
1.2303 0.1768 1.0162,
1.2303 0.5429 1.0162,
1.1319 0.5429 1.0162,
1.1319 0.1768 1.0162,
1.1319 0.1768 1.5280,
1.2303 0.1768 1.5280,
1.2303 0.1768 1.0162,
1.1319 0.1768 1.0162,
1.1319 0.2378 1.6533,
1.2303 0.2378 1.6533,
1.2303 0.1768 1.5280,
1.1319 0.1768 1.5280,
1.1319 0.2395 1.6655,
1.1319 0.2390 1.6672,
1.2303 0.2390 1.6672,
1.2303 0.2395 1.6655,
1.1319 0.2397 1.6637,
1.2303 0.2397 1.6637,
1.1319 0.2398 1.6619,
1.2303 0.2398 1.6619,
1.1319 0.2397 1.6601,
1.2303 0.2397 1.6601,
1.1319 0.2395 1.6584,
1.2303 0.2395 1.6584,
1.1319 0.2391 1.6566,
1.2303 0.2391 1.6566,
1.1319 0.2385 1.6549,
1.2303 0.2385 1.6549,
1.1319 0.2378 1.6533,
1.2303 0.2378 1.6533,
1.2303 0.2390 1.6672,
1.1319 0.1574 1.9574,
1.2303 0.1574 1.9574,
1.1319 0.2390 1.6672,
1.1319 0.1166 1.9983,
1.1319 0.1138 1.9990,
1.2303 0.1138 1.9990,
1.2303 0.1166 1.9983,
1.1319 0.1193 1.9974,
1.2303 0.1193 1.9974,
1.1319 0.1220 1.9964,
1.2303 0.1220 1.9964,
1.1319 0.1247 1.9953,
1.2303 0.1247 1.9953,
1.1319 0.1273 1.9941,
1.2303 0.1273 1.9941,
1.1319 0.1298 1.9927,
1.2303 0.1298 1.9927,
1.1319 0.1323 1.9913,
1.2303 0.1323 1.9913,
1.1319 0.1347 1.9897,
1.2303 0.1347 1.9897,
1.1319 0.1370 1.9879,
1.2303 0.1370 1.9879,
1.1319 0.1392 1.9861,
1.2303 0.1392 1.9861,
1.1319 0.1413 1.9842,
1.2303 0.1413 1.9842,
1.1319 0.1433 1.9821,
1.2303 0.1433 1.9821,
1.1319 0.1453 1.9800,
1.2303 0.1453 1.9800,
1.1319 0.1471 1.9778,
1.2303 0.1471 1.9778,
1.1319 0.1488 1.9755,
1.2303 0.1488 1.9755,
1.1319 0.1504 1.9731,
1.2303 0.1504 1.9731,
1.1319 0.1519 1.9706,
1.2303 0.1519 1.9706,
1.1319 0.1533 1.9681,
1.2303 0.1533 1.9681,
1.1319 0.1545 1.9655,
1.2303 0.1545 1.9655,
1.2303 0.1556 1.9629,
1.1319 0.1556 1.9629,
1.1319 0.1566 1.9602,
1.2303 0.1566 1.9602,
1.2303 0.1574 1.9574,
1.1319 0.1574 1.9574,
1.7224 0.5646 1.7729,
1.7224 0.5633 1.7695,
1.7224 0.5639 1.7712,
1.7224 0.5629 1.7678,
1.7224 0.5626 1.7642,
1.7224 0.5627 1.7660,
1.7224 0.5629 1.7607,
1.7224 0.5627 1.7624,
1.7224 0.6492 1.9466,
1.7224 0.5633 1.7589,
1.7224 0.6492 1.4536,
1.7224 0.1166 1.9983,
1.7224 0.1193 1.9974,
1.7224 0.1138 1.9990,
1.7224 0.1220 1.9964,
1.7224 0.1247 1.9953,
1.7224 0.1273 1.9941,
1.7224 0.1298 1.9927,
1.7224 0.1323 1.9913,
1.7224 0.1347 1.9897,
1.7224 0.1370 1.9879,
1.7224 0.1392 1.9861,
1.7224 0.1413 1.9842,
1.7224 0.1433 1.9821,
1.7224 0.1453 1.9800,
1.7224 0.1471 1.9778,
1.7224 0.1488 1.9755,
1.7224 0.1504 1.9731,
1.7224 0.1519 1.9706,
1.7224 0.1533 1.9681,
1.7224 0.1556 1.9629,
1.7224 0.1566 1.9602,
1.7224 0.1545 1.9655,
1.7224 0.1574 1.9574,
1.7224 0.2398 1.6619,
1.7224 0.2397 1.6601,
1.7224 0.2397 1.6637,
1.7224 0.2395 1.6655,
1.7224 0.2395 1.6584,
1.7224 0.2391 1.6566,
1.7224 0.2385 1.6549,
1.7224 0.2378 1.6533,
1.7224 0.2390 1.6672,
1.7224 0.1768 1.5280,
1.7224 0.1138 1.0438,
1.7224 0.1768 1.0162,
1.7224 0.1925 0.9729,
1.7224 0.5429 1.0162,
1.7224 0.5429 0.9729,
1.7224 0.8855 -0.0113,
1.7224 0.8855 -1.2318,
1.7224 0.6886 -0.0113,
1.7224 0.6886 -1.2318,
1.7224 0.8225 -1.3499,
1.7224 0.7477 -1.3499,
1.7224 0.6492 1.9466,
1.7224 0.5646 1.7729,
1.8209 0.5646 1.7729,
1.8209 0.6492 1.9466,
1.8209 0.5629 1.7607,
1.8209 0.5639 1.7712,
1.8209 0.5633 1.7695,
1.8209 0.5629 1.7678,
1.8209 0.5627 1.7660,
1.8209 0.5626 1.7642,
1.8209 0.5627 1.7624,
1.8209 0.5633 1.7589,
1.8209 0.5646 1.7729,
1.8209 0.6492 1.9466,
1.8209 0.6492 1.4536,
1.8209 0.1193 1.9974,
1.8209 0.1166 1.9983,
1.8209 0.1138 1.9990,
1.8209 0.1220 1.9964,
1.8209 0.1247 1.9953,
1.8209 0.1273 1.9941,
1.8209 0.1298 1.9927,
1.8209 0.1323 1.9913,
1.8209 0.1347 1.9897,
1.8209 0.1370 1.9879,
1.8209 0.1392 1.9861,
1.8209 0.1413 1.9842,
1.8209 0.1433 1.9821,
1.8209 0.1471 1.9778,
1.8209 0.1453 1.9800,
1.8209 0.1504 1.9731,
1.8209 0.1488 1.9755,
1.8209 0.1533 1.9681,
1.8209 0.1519 1.9706,
1.8209 0.1566 1.9602,
1.8209 0.1556 1.9629,
1.8209 0.1545 1.9655,
1.8209 0.1574 1.9574,
1.8209 0.2397 1.6601,
1.8209 0.2398 1.6619,
1.8209 0.2397 1.6637,
1.8209 0.2395 1.6655,
1.8209 0.2391 1.6566,
1.8209 0.2395 1.6584,
1.8209 0.2378 1.6533,
1.8209 0.2385 1.6549,
1.8209 0.2390 1.6672,
1.8209 0.1768 1.5280,
1.8209 0.1138 1.0438,
1.8209 0.1768 1.0162,
1.8209 0.1925 0.9729,
1.8209 0.5429 1.0162,
1.8209 0.5429 0.9729,
1.8209 0.8855 -1.2318,
1.8209 0.6886 -0.0113,
1.8209 0.6886 -1.2318,
1.8209 0.8855 -0.0113,
1.8209 0.8225 -1.3499,
1.8209 0.7477 -1.3499,
1.8209 0.5633 1.7589,
1.7224 0.6492 1.4536,
1.8209 0.6492 1.4536,
1.7224 0.5633 1.7589,
1.7224 0.5629 1.7607,
1.7224 0.5633 1.7589,
1.8209 0.5633 1.7589,
1.8209 0.5629 1.7607,
1.7224 0.5627 1.7624,
1.8209 0.5627 1.7624,
1.7224 0.5626 1.7642,
1.8209 0.5626 1.7642,
1.7224 0.5627 1.7660,
1.8209 0.5627 1.7660,
1.7224 0.5629 1.7678,
1.8209 0.5629 1.7678,
1.7224 0.5633 1.7695,
1.8209 0.5633 1.7695,
1.7224 0.5639 1.7712,
1.8209 0.5639 1.7712,
1.7224 0.5646 1.7729,
1.8209 0.5646 1.7729,
1.7224 0.5429 1.0162,
1.8209 0.5429 1.0162,
1.8209 0.5429 0.9729,
1.7224 0.5429 0.9729,
1.8209 0.1768 1.0162,
1.8209 0.5429 1.0162,
1.7224 0.5429 1.0162,
1.7224 0.1768 1.0162,
1.7224 0.1768 1.5280,
1.8209 0.1768 1.5280,
1.8209 0.1768 1.0162,
1.7224 0.1768 1.0162,
1.7224 0.2378 1.6533,
1.8209 0.2378 1.6533,
1.8209 0.1768 1.5280,
1.7224 0.1768 1.5280,
1.7224 0.2395 1.6655,
1.7224 0.2390 1.6672,
1.8209 0.2390 1.6672,
1.8209 0.2395 1.6655,
1.7224 0.2397 1.6637,
1.8209 0.2397 1.6637,
1.7224 0.2398 1.6619,
1.8209 0.2398 1.6619,
1.7224 0.2397 1.6601,
1.8209 0.2397 1.6601,
1.7224 0.2395 1.6584,
1.8209 0.2395 1.6584,
1.7224 0.2391 1.6566,
1.8209 0.2391 1.6566,
1.7224 0.2385 1.6549,
1.8209 0.2385 1.6549,
1.7224 0.2378 1.6533,
1.8209 0.2378 1.6533,
1.8209 0.2390 1.6672,
1.7224 0.1574 1.9574,
1.8209 0.1574 1.9574,
1.7224 0.2390 1.6672,
1.7224 0.1166 1.9983,
1.7224 0.1138 1.9990,
1.8209 0.1138 1.9990,
1.8209 0.1166 1.9983,
1.7224 0.1193 1.9974,
1.8209 0.1193 1.9974,
1.7224 0.1220 1.9964,
1.8209 0.1220 1.9964,
1.7224 0.1247 1.9953,
1.8209 0.1247 1.9953,
1.7224 0.1273 1.9941,
1.8209 0.1273 1.9941,
1.7224 0.1298 1.9927,
1.8209 0.1298 1.9927,
1.7224 0.1323 1.9913,
1.8209 0.1323 1.9913,
1.7224 0.1347 1.9897,
1.8209 0.1347 1.9897,
1.7224 0.1370 1.9879,
1.8209 0.1370 1.9879,
1.7224 0.1392 1.9861,
1.8209 0.1392 1.9861,
1.7224 0.1413 1.9842,
1.8209 0.1413 1.9842,
1.7224 0.1433 1.9821,
1.8209 0.1433 1.9821,
1.7224 0.1453 1.9800,
1.8209 0.1453 1.9800,
1.8209 0.1471 1.9778,
1.7224 0.1471 1.9778,
1.7224 0.1488 1.9755,
1.8209 0.1488 1.9755,
1.7224 0.1504 1.9731,
1.8209 0.1504 1.9731,
1.7224 0.1519 1.9706,
1.8209 0.1519 1.9706,
1.7224 0.1533 1.9681,
1.8209 0.1533 1.9681,
1.7224 0.1545 1.9655,
1.8209 0.1545 1.9655,
1.7224 0.1556 1.9629,
1.8209 0.1556 1.9629,
1.7224 0.1566 1.9602,
1.8209 0.1566 1.9602,
1.8209 0.1574 1.9574,
1.7224 0.1574 1.9574,
1.7224 0.8855 -0.0113,
1.8209 0.8855 -0.0113,
1.8209 0.8855 -1.2318,
1.7224 0.8855 -1.2318,
1.7224 0.8855 -1.2318,
1.8209 0.8855 -1.2318,
1.8209 0.8225 -1.3499,
1.7224 0.8225 -1.3499,
1.7224 0.8225 -1.3499,
1.8209 0.8225 -1.3499,
1.8209 0.7477 -1.3499,
1.7224 0.7477 -1.3499,
1.8209 0.6886 -1.2318,
1.7224 0.7477 -1.3499,
1.8209 0.7477 -1.3499,
1.7224 0.6886 -1.2318,
1.7224 0.6886 -0.0113,
1.7224 0.6886 -1.2318,
1.8209 0.6886 -1.2318,
1.8209 0.6886 -0.0113,
2.3130 0.0862 -0.0113,
2.3130 -0.0909 -1.1924,
2.3130 -0.0988 -0.0113,
2.3130 0.0862 -1.2318,
2.3130 -0.0319 -1.3499,
2.3130 0.0272 -1.3499,
2.3130 0.1273 1.9941,
2.3130 0.1298 1.9927,
2.3130 0.1247 1.9953,
2.3130 0.1488 1.9755,
2.3130 0.1504 1.9731,
2.3130 0.1471 1.9778,
2.3130 0.1453 1.9800,
2.3130 0.1433 1.9821,
2.3130 0.1413 1.9842,
2.3130 0.1392 1.9861,
2.3130 0.1370 1.9879,
2.3130 0.1347 1.9897,
2.3130 0.1323 1.9913,
2.3130 0.1519 1.9706,
2.3130 0.1533 1.9681,
2.3130 0.1556 1.9629,
2.3130 0.1566 1.9602,
2.3130 0.1545 1.9655,
2.3130 0.1574 1.9574,
2.3130 0.1220 1.9964,
2.3130 0.1193 1.9974,
2.3130 0.1166 1.9983,
2.3130 0.1138 1.9990,
2.3130 0.2397 1.6637,
2.3130 0.2398 1.6619,
2.3130 0.2395 1.6655,
2.3130 0.2397 1.6601,
2.3130 0.2395 1.6584,
2.3130 0.2391 1.6566,
2.3130 0.2378 1.6533,
2.3130 0.2385 1.6549,
2.3130 0.2390 1.6672,
2.3130 0.1768 1.5280,
2.3130 0.1138 1.0438,
2.3130 0.1768 1.0162,
2.3130 0.1925 0.9729,
2.3130 0.5429 1.0162,
2.3130 0.5429 0.9729,
2.3130 0.5646 1.7729,
2.3130 0.5629 1.7678,
2.3130 0.5639 1.7712,
2.3130 0.5633 1.7695,
2.3130 0.5626 1.7642,
2.3130 0.5627 1.7660,
2.3130 0.5627 1.7624,
2.3130 0.5629 1.7607,
2.3130 0.6492 1.9466,
2.3130 0.5633 1.7589,
2.3130 0.6492 1.4536,
2.4114 -0.0988 -0.0113,
2.3130 -0.0909 -1.1924,
2.4114 -0.0909 -1.1924,
2.3130 -0.0988 -0.0113,
2.4114 -0.0909 -1.1924,
2.4114 0.0862 -0.0113,
2.4114 -0.0988 -0.0113,
2.4114 0.0862 -1.2318,
2.4114 -0.0319 -1.3499,
2.4114 0.0272 -1.3499,
2.4114 0.1193 1.9974,
2.4114 0.1166 1.9983,
2.4114 0.1138 1.9990,
2.4114 0.1220 1.9964,
2.4114 0.1247 1.9953,
2.4114 0.1273 1.9941,
2.4114 0.1298 1.9927,
2.4114 0.1323 1.9913,
2.4114 0.1347 1.9897,
2.4114 0.1370 1.9879,
2.4114 0.1392 1.9861,
2.4114 0.1413 1.9842,
2.4114 0.1433 1.9821,
2.4114 0.1471 1.9778,
2.4114 0.1453 1.9800,
2.4114 0.1504 1.9731,
2.4114 0.1488 1.9755,
2.4114 0.1533 1.9681,
2.4114 0.1519 1.9706,
2.4114 0.1566 1.9602,
2.4114 0.1556 1.9629,
2.4114 0.1545 1.9655,
2.4114 0.1574 1.9574,
2.4114 0.2398 1.6619,
2.4114 0.2397 1.6637,
2.4114 0.2395 1.6655,
2.4114 0.2391 1.6566,
2.4114 0.2395 1.6584,
2.4114 0.2397 1.6601,
2.4114 0.2378 1.6533,
2.4114 0.2385 1.6549,
2.4114 0.2390 1.6672,
2.4114 0.1768 1.5280,
2.4114 0.1138 1.0438,
2.4114 0.1768 1.0162,
2.4114 0.1925 0.9729,
2.4114 0.5429 1.0162,
2.4114 0.5429 0.9729,
2.4114 0.5633 1.7695,
2.4114 0.5646 1.7729,
2.4114 0.5639 1.7712,
2.4114 0.5629 1.7678,
2.4114 0.5626 1.7642,
2.4114 0.5627 1.7660,
2.4114 0.5629 1.7607,
2.4114 0.5627 1.7624,
2.4114 0.5633 1.7589,
2.4114 0.6492 1.9466,
2.4114 0.6492 1.4536,
2.3130 0.0862 -0.0113,
2.4114 0.0862 -0.0113,
2.4114 0.0862 -1.2318,
2.3130 0.0862 -1.2318,
2.3130 0.0862 -1.2318,
2.4114 0.0862 -1.2318,
2.4114 0.0272 -1.3499,
2.3130 0.0272 -1.3499,
2.3130 0.0272 -1.3499,
2.4114 0.0272 -1.3499,
2.4114 -0.0319 -1.3499,
2.3130 -0.0319 -1.3499,
2.4114 -0.0909 -1.1924,
2.3130 -0.0319 -1.3499,
2.4114 -0.0319 -1.3499,
2.3130 -0.0909 -1.1924,
2.3130 0.1166 1.9983,
2.4114 0.1138 1.9990,
2.4114 0.1166 1.9983,
2.3130 0.1138 1.9990,
2.3130 0.1193 1.9974,
2.4114 0.1193 1.9974,
2.3130 0.1220 1.9964,
2.4114 0.1220 1.9964,
2.3130 0.1247 1.9953,
2.4114 0.1247 1.9953,
2.3130 0.1273 1.9941,
2.4114 0.1273 1.9941,
2.3130 0.1298 1.9927,
2.4114 0.1298 1.9927,
2.3130 0.1323 1.9913,
2.4114 0.1323 1.9913,
2.3130 0.1347 1.9897,
2.4114 0.1347 1.9897,
2.3130 0.1370 1.9879,
2.4114 0.1370 1.9879,
2.3130 0.1392 1.9861,
2.4114 0.1392 1.9861,
2.3130 0.1413 1.9842,
2.4114 0.1413 1.9842,
2.3130 0.1433 1.9821,
2.4114 0.1433 1.9821,
2.3130 0.1453 1.9800,
2.4114 0.1453 1.9800,
2.3130 0.1471 1.9778,
2.4114 0.1471 1.9778,
2.3130 0.1488 1.9755,
2.4114 0.1488 1.9755,
2.3130 0.1504 1.9731,
2.4114 0.1504 1.9731,
2.3130 0.1519 1.9706,
2.4114 0.1519 1.9706,
2.3130 0.1533 1.9681,
2.4114 0.1533 1.9681,
2.3130 0.1545 1.9655,
2.4114 0.1545 1.9655,
2.3130 0.1556 1.9629,
2.4114 0.1556 1.9629,
2.3130 0.1566 1.9602,
2.4114 0.1566 1.9602,
2.4114 0.1574 1.9574,
2.3130 0.1574 1.9574,
2.4114 0.2390 1.6672,
2.3130 0.1574 1.9574,
2.4114 0.1574 1.9574,
2.3130 0.2390 1.6672,
2.3130 0.2395 1.6655,
2.3130 0.2390 1.6672,
2.4114 0.2390 1.6672,
2.4114 0.2395 1.6655,
2.3130 0.2397 1.6637,
2.4114 0.2397 1.6637,
2.3130 0.2398 1.6619,
2.4114 0.2398 1.6619,
2.3130 0.2397 1.6601,
2.4114 0.2397 1.6601,
2.3130 0.2395 1.6584,
2.4114 0.2395 1.6584,
2.3130 0.2391 1.6566,
2.4114 0.2391 1.6566,
2.3130 0.2385 1.6549,
2.4114 0.2385 1.6549,
2.3130 0.2378 1.6533,
2.4114 0.2378 1.6533,
2.3130 0.2378 1.6533,
2.4114 0.2378 1.6533,
2.4114 0.1768 1.5280,
2.3130 0.1768 1.5280,
2.3130 0.1768 1.5280,
2.4114 0.1768 1.5280,
2.4114 0.1768 1.0162,
2.3130 0.1768 1.0162,
2.4114 0.1768 1.0162,
2.4114 0.5429 1.0162,
2.3130 0.5429 1.0162,
2.3130 0.1768 1.0162,
2.3130 0.5429 1.0162,
2.4114 0.5429 1.0162,
2.4114 0.5429 0.9729,
2.3130 0.5429 0.9729,
2.4114 0.5633 1.7589,
2.3130 0.5633 1.7589,
2.3130 0.6492 1.4536,
2.4114 0.6492 1.4536,
2.3130 0.5629 1.7607,
2.3130 0.5633 1.7589,
2.4114 0.5633 1.7589,
2.4114 0.5629 1.7607,
2.3130 0.5627 1.7624,
2.4114 0.5627 1.7624,
2.3130 0.5626 1.7642,
2.4114 0.5626 1.7642,
2.3130 0.5627 1.7660,
2.4114 0.5627 1.7660,
2.3130 0.5629 1.7678,
2.4114 0.5629 1.7678,
2.3130 0.5633 1.7695,
2.4114 0.5633 1.7695,
2.3130 0.5639 1.7712,
2.4114 0.5639 1.7712,
2.3130 0.5646 1.7729,
2.4114 0.5646 1.7729,
2.3130 0.6492 1.9466,
2.3130 0.5646 1.7729,
2.4114 0.5646 1.7729,
2.4114 0.6492 1.9466,
3.0020 0.5633 1.7589,
2.9035 0.5633 1.7589,
2.9035 0.6492 1.4536,
3.0020 0.6492 1.4536,
2.9035 0.5629 1.7607,
2.9035 0.5633 1.7589,
3.0020 0.5633 1.7589,
3.0020 0.5629 1.7607,
2.9035 0.5627 1.7624,
3.0020 0.5627 1.7624,
2.9035 0.5626 1.7642,
3.0020 0.5626 1.7642,
2.9035 0.5627 1.7660,
3.0020 0.5627 1.7660,
2.9035 0.5629 1.7678,
3.0020 0.5629 1.7678,
2.9035 0.5633 1.7695,
3.0020 0.5633 1.7695,
2.9035 0.5639 1.7712,
3.0020 0.5639 1.7712,
2.9035 0.5646 1.7729,
3.0020 0.5646 1.7729,
2.9035 0.6492 1.9466,
2.9035 0.5646 1.7729,
3.0020 0.5646 1.7729,
3.0020 0.6492 1.9466,
2.9814 -0.2495 2.8036,
3.0315 -0.2996 0.0871,
2.9950 -0.2631 2.8041,
3.0086 -0.2767 2.8055,
3.0201 -0.2882 2.8074,
3.0315 -0.2996 2.8101,
2.9331 -0.2012 2.8036,
2.9331 -0.2012 0.0871,
0.5118 -0.2996 0.0871,
0.5239 -0.2875 2.8073,
0.5118 -0.2996 2.8101,
0.5360 -0.2754 2.8053,
0.5482 -0.2632 2.8041,
0.5550 -0.2564 2.8037,
0.6102 -0.2012 0.0871,
0.5619 -0.2495 2.8036,
0.6102 -0.2012 2.8036,
0.5619 -0.2495 2.8036,
0.5619 0.1138 2.8036,
0.5550 -0.2564 2.8037,
0.5534 0.1138 2.8038,
0.5482 -0.2632 2.8041,
0.5450 0.1138 2.8044,
0.5360 -0.2754 2.8053,
0.5366 0.1138 2.8053,
0.5283 0.1138 2.8065,
0.5239 -0.2875 2.8073,
0.5118 -0.1815 2.8101,
0.5118 -0.2996 2.8101,
0.5200 0.1138 2.8081,
0.5029 -0.1815 2.8127,
0.5029 -0.2996 2.8127,
0.5118 0.1138 2.8101,
0.4941 -0.1815 2.8157,
0.4941 -0.2996 2.8157,
0.4854 -0.1815 2.8191,
0.4854 -0.2996 2.8191,
0.4770 -0.1815 2.8229,
0.4770 -0.2996 2.8229,
0.4687 -0.2996 2.8271,
0.4687 -0.1815 2.8271,
0.4606 -0.1815 2.8317,
0.4606 -0.2996 2.8317,
0.4528 -0.1815 2.8366,
0.4528 -0.2996 2.8366,
0.4452 -0.1815 2.8420,
0.4452 -0.2996 2.8420,
0.4378 -0.1815 2.8476,
0.4378 -0.2996 2.8476,
0.4307 -0.1815 2.8537,
0.4307 -0.2996 2.8537,
0.4239 -0.1815 2.8600,
0.4239 -0.2996 2.8600,
0.4175 -0.1815 2.8667,
0.4175 -0.2996 2.8667,
0.4113 -0.1815 2.8736,
0.4113 -0.2996 2.8736,
0.4055 -0.1815 2.8809,
0.4055 -0.2996 2.8809,
0.4000 -0.1815 2.8884,
0.4000 -0.2996 2.8884,
0.3949 -0.1815 2.8961,
0.3949 -0.2996 2.8961,
0.5118 0.1138 2.8101,
0.5118 0.1138 2.8036,
0.5118 -0.1815 2.8101,
0.5118 -0.1815 2.8036,
3.0315 -0.1815 2.8101,
3.0315 0.1138 2.8036,
3.0315 0.1138 2.8101,
3.0315 -0.1815 2.8036,
3.1484 -0.1815 2.8961,
3.1433 -0.1815 2.8884,
3.1484 -0.2996 2.8961,
3.1433 -0.2996 2.8884,
3.1378 -0.1815 2.8809,
3.1378 -0.2996 2.8809,
3.1320 -0.1815 2.8736,
3.1320 -0.2996 2.8736,
3.1258 -0.1815 2.8667,
3.1258 -0.2996 2.8667,
3.1194 -0.2996 2.8600,
3.1194 -0.1815 2.8600,
3.1126 -0.1815 2.8537,
3.1126 -0.2996 2.8537,
3.1055 -0.1815 2.8476,
3.1055 -0.2996 2.8476,
3.0982 -0.1815 2.8420,
3.0982 -0.2996 2.8420,
3.0905 -0.1815 2.8366,
3.0905 -0.2996 2.8366,
3.0827 -0.1815 2.8317,
3.0827 -0.2996 2.8317,
3.0746 -0.1815 2.8271,
3.0746 -0.2996 2.8271,
3.0663 -0.1815 2.8229,
3.0663 -0.2996 2.8229,
3.0579 -0.1815 2.8191,
3.0579 -0.2996 2.8191,
3.0492 -0.1815 2.8157,
3.0492 -0.2996 2.8157,
3.0404 -0.1815 2.8127,
3.0404 -0.2996 2.8127,
3.0315 -0.2996 2.8101,
3.0315 -0.1815 2.8101,
3.0201 -0.2882 2.8074,
3.0315 0.1138 2.8101,
3.0233 0.1138 2.8081,
3.0150 0.1138 2.8065,
3.0086 -0.2767 2.8055,
3.0067 0.1138 2.8053,
2.9983 0.1138 2.8044,
2.9950 -0.2631 2.8041,
2.9899 0.1138 2.8038,
2.9814 -0.2495 2.8036,
2.9814 0.1138 2.8036,
2.2638 1.9248 1.5635,
2.2638 2.2792 1.5635,
2.2638 1.9248 2.1028,
2.2638 2.2792 2.1028,
1.2795 1.9642 2.8036,
1.2795 2.1414 2.8036,
1.2795 1.9248 2.7643,
1.2795 1.9248 2.4099,
3.5433 1.9248 0.6776,
3.5433 1.5311 2.7643,
3.5433 1.5311 0.6776,
3.5433 1.9248 2.7643,
3.5433 1.9248 2.7643,
3.5039 1.9642 2.8036,
3.5039 1.5705 2.8036,
3.5433 1.5311 2.7643,
2.2638 2.1414 2.8036,
2.2638 1.9642 2.8036,
2.2638 1.9248 2.7643,
2.2638 1.9248 2.4099,
1.2795 2.2792 2.1028,
1.2794 1.9248 2.1077,
1.2794 2.2792 2.1077,
1.2795 1.9248 2.1028,
1.2791 1.9248 2.1125,
1.2791 2.2792 2.1125,
1.2785 1.9248 2.1173,
1.2785 2.2792 2.1173,
1.2776 1.9248 2.1220,
1.2776 2.2792 2.1220,
1.2766 1.9248 2.1268,
1.2766 2.2792 2.1268,
1.2753 1.9248 2.1314,
1.2753 2.2792 2.1314,
1.2738 1.9248 2.1360,
1.2738 2.2792 2.1360,
1.2720 1.9248 2.1405,
1.2720 2.2792 2.1405,
1.2701 1.9248 2.1449,
1.2701 2.2792 2.1449,
1.2679 2.2792 2.1492,
1.2679 1.9248 2.1492,
1.2655 1.9248 2.1534,
1.2655 2.2792 2.1534,
1.2629 2.2792 2.1575,
1.2629 1.9248 2.1575,
1.2602 2.2792 2.1615,
1.2602 1.9248 2.1615,
1.2572 1.9248 2.1653,
1.2572 2.2792 2.1653,
1.2540 1.9248 2.1689,
1.2540 2.2792 2.1689,
1.2507 1.9248 2.1724,
1.2507 2.2792 2.1724,
1.2472 1.9248 2.1758,
1.2472 2.2792 2.1758,
1.2435 1.9248 2.1789,
1.2435 2.2792 2.1789,
1.2397 1.9248 2.1819,
1.2397 2.2792 2.1819,
1.2358 2.2792 2.1847,
1.2358 1.9248 2.1847,
1.2317 2.2792 2.1873,
1.2317 1.9248 2.1873,
1.2275 1.9248 2.1896,
1.2275 2.2792 2.1896,
1.2232 2.2792 2.1918,
1.2232 1.9248 2.1918,
1.2188 2.2792 2.1938,
1.2188 1.9248 2.1938,
1.2143 2.2792 2.1955,
1.2143 1.9248 2.1955,
1.2097 2.2792 2.1970,
1.2097 1.9248 2.1970,
1.2050 2.2792 2.1983,
1.2050 1.9248 2.1983,
1.2003 1.9248 2.1994,
1.2003 2.2792 2.1994,
1.1955 1.9248 2.2002,
1.1955 2.2792 2.2002,
1.1908 1.9248 2.2008,
1.1908 2.2792 2.2008,
1.1859 2.2792 2.2011,
1.1859 1.9248 2.2011,
1.1811 2.2792 2.2013,
1.1811 1.9248 2.2013,
1.2795 2.2792 2.1028,
1.2795 2.2792 1.5635,
1.2795 1.9248 2.1028,
1.2795 1.9248 1.5635,
2.3622 2.2792 2.2013,
2.3574 1.9248 2.2011,
2.3574 2.2792 2.2011,
2.3622 1.9248 2.2013,
2.3526 1.9248 2.2008,
2.3526 2.2792 2.2008,
2.3478 1.9248 2.2002,
2.3478 2.2792 2.2002,
2.3430 1.9248 2.1994,
2.3430 2.2792 2.1994,
2.3383 1.9248 2.1983,
2.3383 2.2792 2.1983,
2.3336 1.9248 2.1970,
2.3336 2.2792 2.1970,
2.3290 1.9248 2.1955,
2.3290 2.2792 2.1955,
2.3245 1.9248 2.1938,
2.3245 2.2792 2.1938,
2.3201 1.9248 2.1918,
2.3201 2.2792 2.1918,
2.3158 1.9248 2.1896,
2.3158 2.2792 2.1896,
2.3116 1.9248 2.1873,
2.3116 2.2792 2.1873,
2.3075 1.9248 2.1847,
2.3075 2.2792 2.1847,
2.3036 1.9248 2.1819,
2.3036 2.2792 2.1819,
2.2998 1.9248 2.1789,
2.2998 2.2792 2.1789,
2.2961 1.9248 2.1758,
2.2961 2.2792 2.1758,
2.2926 1.9248 2.1724,
2.2926 2.2792 2.1724,
2.2893 1.9248 2.1689,
2.2893 2.2792 2.1689,
2.2861 2.2792 2.1653,
2.2861 1.9248 2.1653,
2.2831 2.2792 2.1615,
2.2831 1.9248 2.1615,
2.2804 1.9248 2.1575,
2.2804 2.2792 2.1575,
2.2778 1.9248 2.1534,
2.2778 2.2792 2.1534,
2.2754 1.9248 2.1492,
2.2754 2.2792 2.1492,
2.2732 1.9248 2.1449,
2.2732 2.2792 2.1449,
2.2713 1.9248 2.1405,
2.2713 2.2792 2.1405,
2.2695 1.9248 2.1360,
2.2695 2.2792 2.1360,
2.2680 2.2792 2.1314,
2.2680 1.9248 2.1314,
2.2667 2.2792 2.1268,
2.2667 1.9248 2.1268,
2.2657 2.2792 2.1220,
2.2657 1.9248 2.1220,
2.2648 2.2792 2.1173,
2.2648 1.9248 2.1173,
2.2643 1.9248 2.1125,
2.2643 2.2792 2.1125,
2.2639 2.2792 2.1077,
2.2639 1.9248 2.1077,
2.2638 2.2792 2.1028,
2.2638 1.9248 2.1028,
    ] }
    coordIndex [
0,1,2,-1,
2,3,4,-1,
1,3,2,-1,
4,5,6,-1,
3,5,4,-1,
6,7,8,-1,
5,7,6,-1,
8,9,10,-1,
7,9,8,-1,
10,11,12,-1,
9,11,10,-1,
12,13,14,-1,
11,13,12,-1,
14,15,16,-1,
13,15,14,-1,
16,17,18,-1,
15,17,16,-1,
18,19,20,-1,
17,19,18,-1,
20,21,22,-1,
19,21,20,-1,
22,23,24,-1,
21,23,22,-1,
24,25,26,-1,
23,25,24,-1,
25,27,26,-1,
27,28,26,-1,
26,28,29,-1,
28,30,29,-1,
29,30,31,-1,
30,32,31,-1,
31,32,33,-1,
32,34,33,-1,
33,34,35,-1,
34,36,35,-1,
35,36,37,-1,
36,38,37,-1,
37,38,39,-1,
38,40,39,-1,
39,40,41,-1,
42,43,44,-1,
45,43,42,-1,
44,46,47,-1,
43,46,44,-1,
47,48,49,-1,
46,48,47,-1,
49,50,51,-1,
48,50,49,-1,
51,52,53,-1,
50,52,51,-1,
53,54,55,-1,
52,54,53,-1,
55,56,57,-1,
54,56,55,-1,
57,58,59,-1,
56,58,57,-1,
59,60,61,-1,
58,60,59,-1,
61,62,63,-1,
60,62,61,-1,
63,64,65,-1,
62,64,63,-1,
65,66,67,-1,
64,66,65,-1,
67,68,69,-1,
66,68,67,-1,
68,70,69,-1,
69,70,71,-1,
70,72,71,-1,
71,72,73,-1,
72,74,73,-1,
73,74,75,-1,
74,76,75,-1,
75,76,77,-1,
76,78,77,-1,
77,78,79,-1,
79,80,81,-1,
78,80,79,-1,
81,82,83,-1,
80,82,81,-1,
84,85,86,-1,
84,87,85,-1,
87,88,89,-1,
84,88,87,-1,
88,90,91,-1,
84,90,88,-1,
92,93,84,-1,
84,93,90,-1,
92,94,93,-1,
95,96,97,-1,
96,98,97,-1,
98,99,97,-1,
99,100,97,-1,
100,101,97,-1,
101,102,97,-1,
102,103,97,-1,
103,104,97,-1,
104,105,97,-1,
105,106,97,-1,
106,107,97,-1,
108,109,107,-1,
107,109,97,-1,
110,111,109,-1,
109,111,97,-1,
112,113,111,-1,
111,113,97,-1,
114,115,116,-1,
116,115,113,-1,
113,115,97,-1,
115,117,97,-1,
118,119,120,-1,
121,122,123,-1,
123,122,119,-1,
122,124,119,-1,
124,125,119,-1,
120,125,126,-1,
119,125,120,-1,
126,127,117,-1,
117,127,97,-1,
125,127,126,-1,
127,128,97,-1,
127,129,128,-1,
129,130,128,-1,
129,131,130,-1,
131,132,130,-1,
133,134,135,-1,
136,134,133,-1,
136,137,134,-1,
134,138,135,-1,
139,140,141,-1,
139,141,142,-1,
143,144,145,-1,
143,145,146,-1,
147,148,149,-1,
147,149,150,-1,
151,152,153,-1,
153,152,154,-1,
154,155,156,-1,
152,155,154,-1,
157,158,159,-1,
160,161,162,-1,
162,161,158,-1,
163,164,165,-1,
165,164,166,-1,
166,164,167,-1,
168,169,164,-1,
170,171,172,-1,
172,173,169,-1,
167,173,174,-1,
174,173,175,-1,
175,173,161,-1,
159,173,176,-1,
176,173,177,-1,
177,173,178,-1,
178,173,179,-1,
158,173,159,-1,
161,173,158,-1,
169,173,164,-1,
171,173,172,-1,
164,173,167,-1,
180,181,182,-1,
181,183,182,-1,
184,185,183,-1,
183,185,182,-1,
186,187,185,-1,
182,187,188,-1,
185,187,182,-1,
188,189,173,-1,
173,189,179,-1,
187,189,188,-1,
189,190,179,-1,
189,191,190,-1,
191,192,190,-1,
191,193,192,-1,
193,194,192,-1,
195,196,197,-1,
197,196,198,-1,
196,199,200,-1,
196,201,199,-1,
195,202,196,-1,
196,202,201,-1,
203,204,195,-1,
195,204,202,-1,
203,205,204,-1,
206,207,208,-1,
206,208,209,-1,
210,211,212,-1,
210,213,211,-1,
214,212,215,-1,
214,210,212,-1,
216,217,218,-1,
219,216,218,-1,
220,219,218,-1,
221,220,218,-1,
222,221,218,-1,
223,222,218,-1,
224,223,218,-1,
225,224,218,-1,
226,225,218,-1,
227,226,218,-1,
228,227,218,-1,
229,230,228,-1,
229,228,218,-1,
231,232,229,-1,
231,229,218,-1,
233,234,231,-1,
233,231,218,-1,
235,236,237,-1,
235,237,233,-1,
235,233,218,-1,
238,235,218,-1,
239,240,241,-1,
239,241,242,-1,
243,244,239,-1,
245,246,243,-1,
245,242,247,-1,
245,243,239,-1,
245,239,242,-1,
248,247,238,-1,
248,238,218,-1,
248,245,247,-1,
249,248,218,-1,
250,248,249,-1,
251,250,249,-1,
252,250,251,-1,
253,252,251,-1,
254,255,256,-1,
257,255,254,-1,
258,257,259,-1,
258,255,257,-1,
260,258,261,-1,
260,255,258,-1,
262,263,255,-1,
262,255,260,-1,
264,263,262,-1,
265,266,267,-1,
265,267,268,-1,
269,270,271,-1,
269,271,272,-1,
273,274,275,-1,
273,275,276,-1,
277,278,279,-1,
277,280,278,-1,
281,282,283,-1,
281,284,282,-1,
285,283,286,-1,
285,281,283,-1,
287,286,288,-1,
287,285,286,-1,
289,288,290,-1,
289,287,288,-1,
291,290,292,-1,
291,289,290,-1,
293,292,294,-1,
293,291,292,-1,
295,294,296,-1,
295,293,294,-1,
297,296,298,-1,
297,295,296,-1,
299,298,300,-1,
299,297,298,-1,
301,300,302,-1,
301,299,300,-1,
303,302,304,-1,
303,301,302,-1,
305,304,306,-1,
305,303,304,-1,
307,305,306,-1,
307,306,308,-1,
309,308,310,-1,
309,307,308,-1,
311,310,312,-1,
311,309,310,-1,
313,312,314,-1,
313,311,312,-1,
315,314,316,-1,
315,313,314,-1,
317,316,318,-1,
317,315,316,-1,
319,318,320,-1,
319,317,318,-1,
321,320,322,-1,
321,319,320,-1,
323,324,325,-1,
323,322,324,-1,
323,321,322,-1,
326,323,325,-1,
327,328,329,-1,
327,330,328,-1,
331,332,333,-1,
331,333,334,-1,
335,334,336,-1,
335,331,334,-1,
337,336,338,-1,
337,335,336,-1,
339,338,340,-1,
339,337,338,-1,
341,340,342,-1,
341,339,340,-1,
343,342,344,-1,
343,341,342,-1,
345,344,346,-1,
345,343,344,-1,
347,346,348,-1,
347,345,346,-1,
349,350,351,-1,
349,351,352,-1,
353,354,355,-1,
353,355,356,-1,
357,358,359,-1,
357,359,360,-1,
361,362,363,-1,
361,363,364,-1,
365,366,367,-1,
368,365,367,-1,
369,368,367,-1,
370,369,367,-1,
371,370,367,-1,
372,371,367,-1,
373,372,367,-1,
374,373,367,-1,
375,374,367,-1,
376,375,367,-1,
377,376,367,-1,
378,379,377,-1,
378,377,367,-1,
380,381,378,-1,
380,378,367,-1,
382,383,380,-1,
382,380,367,-1,
384,385,386,-1,
384,386,382,-1,
384,382,367,-1,
387,384,367,-1,
388,389,390,-1,
391,392,393,-1,
391,393,388,-1,
391,388,390,-1,
394,395,391,-1,
394,390,396,-1,
394,391,390,-1,
397,396,387,-1,
397,387,367,-1,
397,394,396,-1,
398,397,367,-1,
399,397,398,-1,
400,399,398,-1,
401,399,400,-1,
402,401,400,-1,
403,404,405,-1,
406,404,403,-1,
407,406,408,-1,
407,404,406,-1,
409,407,410,-1,
409,404,407,-1,
411,412,404,-1,
411,404,409,-1,
413,412,411,-1,
414,415,416,-1,
414,416,417,-1,
418,415,414,-1,
419,414,417,-1,
420,421,422,-1,
420,423,421,-1,
424,422,425,-1,
424,420,422,-1,
426,425,427,-1,
426,424,425,-1,
428,427,429,-1,
428,426,427,-1,
430,429,431,-1,
430,428,429,-1,
432,431,433,-1,
432,430,431,-1,
434,433,435,-1,
434,432,433,-1,
436,435,437,-1,
436,434,435,-1,
438,437,439,-1,
438,436,437,-1,
440,439,441,-1,
440,438,439,-1,
442,441,443,-1,
442,440,441,-1,
444,443,445,-1,
444,442,443,-1,
446,444,445,-1,
446,445,447,-1,
448,447,449,-1,
448,446,447,-1,
450,449,451,-1,
450,448,449,-1,
452,451,453,-1,
452,450,451,-1,
454,453,455,-1,
454,452,453,-1,
456,455,457,-1,
456,454,455,-1,
458,457,459,-1,
458,456,457,-1,
460,459,461,-1,
460,458,459,-1,
462,463,464,-1,
462,461,463,-1,
462,460,461,-1,
465,462,464,-1,
466,467,468,-1,
469,470,471,-1,
471,470,467,-1,
472,473,474,-1,
474,473,475,-1,
475,473,476,-1,
477,478,473,-1,
479,480,481,-1,
481,482,478,-1,
476,482,483,-1,
483,482,484,-1,
484,482,470,-1,
468,482,485,-1,
485,482,486,-1,
486,482,487,-1,
487,482,488,-1,
467,482,468,-1,
470,482,467,-1,
478,482,473,-1,
480,482,481,-1,
473,482,476,-1,
489,490,491,-1,
492,493,490,-1,
493,494,490,-1,
494,495,490,-1,
495,496,490,-1,
491,496,497,-1,
490,496,491,-1,
497,498,482,-1,
482,498,488,-1,
496,498,497,-1,
498,499,488,-1,
498,500,499,-1,
500,501,499,-1,
500,502,501,-1,
502,503,501,-1,
504,505,506,-1,
506,505,507,-1,
505,508,509,-1,
505,510,508,-1,
504,511,505,-1,
505,511,510,-1,
512,513,504,-1,
504,513,511,-1,
512,514,513,-1,
515,516,517,-1,
518,516,515,-1,
518,519,516,-1,
516,520,517,-1,
521,522,523,-1,
521,523,524,-1,
525,526,527,-1,
525,527,528,-1,
529,530,531,-1,
529,531,532,-1,
533,534,535,-1,
533,535,536,-1,
537,538,539,-1,
537,539,540,-1,
541,540,542,-1,
541,537,540,-1,
543,542,544,-1,
543,541,542,-1,
545,544,546,-1,
545,543,544,-1,
547,546,548,-1,
547,545,546,-1,
549,548,550,-1,
549,547,548,-1,
551,550,552,-1,
551,549,550,-1,
553,552,554,-1,
553,551,552,-1,
555,556,557,-1,
555,558,556,-1,
559,560,561,-1,
559,561,562,-1,
563,564,565,-1,
563,565,566,-1,
567,566,568,-1,
567,563,566,-1,
569,568,570,-1,
569,567,568,-1,
571,570,572,-1,
571,569,570,-1,
573,572,574,-1,
573,571,572,-1,
575,574,576,-1,
575,573,574,-1,
577,576,578,-1,
577,575,576,-1,
579,578,580,-1,
579,577,578,-1,
581,582,583,-1,
581,583,584,-1,
585,586,587,-1,
585,587,588,-1,
589,590,586,-1,
589,586,585,-1,
591,592,590,-1,
591,590,589,-1,
593,594,592,-1,
593,592,591,-1,
595,596,594,-1,
595,594,593,-1,
597,598,596,-1,
597,596,595,-1,
599,600,601,-1,
599,601,598,-1,
599,598,597,-1,
602,603,600,-1,
602,600,599,-1,
604,603,602,-1,
604,605,603,-1,
606,605,604,-1,
607,605,606,-1,
607,608,605,-1,
609,608,607,-1,
609,610,608,-1,
611,610,609,-1,
611,612,610,-1,
613,612,611,-1,
613,614,612,-1,
615,614,613,-1,
615,616,614,-1,
617,618,616,-1,
617,616,615,-1,
619,618,617,-1,
619,620,618,-1,
621,622,620,-1,
621,620,619,-1,
623,624,622,-1,
623,622,621,-1,
625,626,624,-1,
625,624,623,-1,
627,628,626,-1,
627,626,625,-1,
629,628,627,-1,
629,630,628,-1,
631,632,630,-1,
631,630,629,-1,
633,632,631,-1,
633,634,632,-1,
635,636,634,-1,
635,634,633,-1,
637,636,635,-1,
637,638,636,-1,
639,640,638,-1,
639,638,637,-1,
641,642,640,-1,
641,640,639,-1,
643,642,641,-1,
644,643,645,-1,
644,642,643,-1,
646,645,647,-1,
646,644,645,-1,
648,646,647,-1,
649,648,647,-1,
649,647,650,-1,
651,649,650,-1,
652,651,650,-1,
653,654,651,-1,
653,651,652,-1,
655,656,657,-1,
655,657,658,-1,
659,660,656,-1,
659,656,655,-1,
661,662,660,-1,
661,660,659,-1,
663,664,662,-1,
663,662,661,-1,
665,666,664,-1,
665,664,663,-1,
667,668,666,-1,
667,666,665,-1,
669,668,667,-1,
670,669,667,-1,
671,669,670,-1,
671,672,673,-1,
671,673,669,-1,
674,672,671,-1,
674,675,672,-1,
676,677,675,-1,
676,675,674,-1,
678,679,677,-1,
678,677,676,-1,
680,679,678,-1,
681,682,683,-1,
681,683,679,-1,
681,679,680,-1,
684,685,682,-1,
684,682,681,-1,
686,687,685,-1,
686,685,684,-1,
688,689,690,-1,
691,687,686,-1,
692,693,694,-1,
692,694,687,-1,
692,687,691,-1,
695,693,692,-1,
696,697,698,-1,
696,698,693,-1,
696,693,695,-1,
699,697,696,-1,
700,697,699,-1,
700,701,697,-1,
702,703,701,-1,
702,701,700,-1,
704,705,703,-1,
704,703,702,-1,
706,707,705,-1,
706,705,704,-1,
708,688,690,-1,
709,710,707,-1,
709,707,706,-1,
711,708,690,-1,
711,690,712,-1,
711,712,713,-1,
714,715,710,-1,
714,710,709,-1,
716,713,717,-1,
716,711,713,-1,
718,715,714,-1,
718,719,715,-1,
720,716,717,-1,
721,719,718,-1,
721,720,717,-1,
721,717,722,-1,
721,722,719,-1,
723,689,688,-1,
724,723,688,-1,
725,726,727,-1,
728,725,727,-1,
729,730,731,-1,
729,731,732,-1,
733,732,734,-1,
733,729,732,-1,
735,736,737,-1,
735,737,738,-1,
739,738,740,-1,
739,735,738,-1,
741,740,742,-1,
741,739,740,-1,
743,742,744,-1,
743,741,742,-1,
745,744,746,-1,
745,743,744,-1,
747,748,749,-1,
747,749,750,-1,
751,752,753,-1,
753,752,754,-1,
754,755,756,-1,
752,755,754,-1,
756,757,758,-1,
755,757,756,-1,
758,759,760,-1,
757,759,758,-1,
760,761,762,-1,
759,761,760,-1,
763,764,765,-1,
766,763,765,-1,
767,768,769,-1,
767,769,770,-1,
767,770,771,-1,
767,771,772,-1,
767,772,773,-1,
774,775,768,-1,
774,776,775,-1,
774,768,767,-1,
777,776,774,-1,
778,779,780,-1,
781,778,780,-1,
782,781,780,-1,
783,782,780,-1,
784,783,780,-1,
785,784,780,-1,
786,785,780,-1,
787,786,780,-1,
788,787,780,-1,
789,788,780,-1,
790,789,780,-1,
791,792,790,-1,
791,790,780,-1,
793,794,791,-1,
793,791,780,-1,
795,796,793,-1,
795,793,780,-1,
797,798,799,-1,
797,799,795,-1,
797,795,780,-1,
800,797,780,-1,
801,802,803,-1,
804,805,806,-1,
804,806,801,-1,
804,801,803,-1,
807,808,804,-1,
807,803,809,-1,
807,804,803,-1,
810,809,800,-1,
810,800,780,-1,
810,807,809,-1,
811,810,780,-1,
812,810,811,-1,
813,812,811,-1,
814,812,813,-1,
815,814,813,-1,
816,817,818,-1,
816,818,819,-1,
820,817,816,-1,
821,816,819,-1,
822,823,824,-1,
822,825,823,-1,
826,827,828,-1,
826,828,829,-1,
830,829,831,-1,
830,826,829,-1,
832,831,833,-1,
832,830,831,-1,
834,833,835,-1,
834,832,833,-1,
836,835,837,-1,
836,834,835,-1,
838,837,839,-1,
838,836,837,-1,
840,839,841,-1,
840,838,839,-1,
842,841,843,-1,
842,840,841,-1,
844,845,846,-1,
844,846,847,-1,
848,849,850,-1,
848,850,851,-1,
852,853,854,-1,
852,854,855,-1,
856,857,858,-1,
856,858,859,-1,
860,861,862,-1,
860,862,863,-1,
864,863,865,-1,
864,860,863,-1,
866,865,867,-1,
866,864,865,-1,
868,867,869,-1,
868,866,867,-1,
870,869,871,-1,
870,868,869,-1,
872,871,873,-1,
872,870,871,-1,
874,873,875,-1,
874,872,873,-1,
876,875,877,-1,
876,874,875,-1,
878,879,880,-1,
878,881,879,-1,
882,883,884,-1,
882,884,885,-1,
886,885,887,-1,
886,882,885,-1,
888,887,889,-1,
888,886,887,-1,
890,889,891,-1,
890,888,889,-1,
892,891,893,-1,
892,890,891,-1,
894,893,895,-1,
894,892,893,-1,
896,895,897,-1,
896,894,895,-1,
898,897,899,-1,
898,896,897,-1,
900,899,901,-1,
900,898,899,-1,
902,901,903,-1,
902,900,901,-1,
904,903,905,-1,
904,902,903,-1,
906,905,907,-1,
906,904,905,-1,
908,906,907,-1,
908,907,909,-1,
910,908,909,-1,
910,909,911,-1,
912,911,913,-1,
912,910,911,-1,
914,913,915,-1,
914,912,913,-1,
916,915,917,-1,
916,914,915,-1,
918,917,919,-1,
918,916,917,-1,
920,921,922,-1,
920,919,921,-1,
920,918,919,-1,
923,920,922,-1,
924,925,926,-1,
924,922,925,-1,
924,923,922,-1,
927,924,926,-1,
928,929,930,-1,
930,929,931,-1,
932,933,934,-1,
934,933,935,-1,
936,937,932,-1,
932,937,933,-1,
938,939,936,-1,
936,939,937,-1,
940,941,938,-1,
938,941,939,-1,
942,943,940,-1,
940,943,941,-1,
944,945,942,-1,
942,945,943,-1,
946,947,948,-1,
948,947,944,-1,
944,947,945,-1,
949,950,946,-1,
946,950,947,-1,
949,951,950,-1,
952,951,949,-1,
952,953,951,-1,
952,954,953,-1,
955,954,956,-1,
956,954,952,-1,
955,957,954,-1,
955,958,957,-1,
959,958,955,-1,
959,960,958,-1,
961,960,959,-1,
961,962,960,-1,
963,962,961,-1,
963,964,962,-1,
965,964,963,-1,
966,967,965,-1,
965,967,964,-1,
968,969,966,-1,
966,969,967,-1,
968,970,969,-1,
971,970,968,-1,
972,973,971,-1,
971,973,970,-1,
972,974,973,-1,
975,974,972,-1,
976,977,975,-1,
975,977,974,-1,
976,978,977,-1,
979,978,976,-1,
980,981,979,-1,
979,981,978,-1,
980,982,981,-1,
983,982,980,-1,
984,985,983,-1,
983,985,982,-1,
986,987,984,-1,
984,987,985,-1,
988,989,986,-1,
986,989,987,-1,
988,990,989,-1,
990,991,992,-1,
988,991,990,-1,
992,993,994,-1,
991,993,992,-1,
993,995,994,-1,
995,996,994,-1,
994,996,997,-1,
996,998,997,-1,
998,999,997,-1,
1000,1001,998,-1,
998,1001,999,-1,
1002,1003,1004,-1,
1004,1003,1005,-1,
1006,1007,1002,-1,
1002,1007,1003,-1,
1008,1009,1006,-1,
1006,1009,1007,-1,
1010,1011,1008,-1,
1008,1011,1009,-1,
1012,1013,1010,-1,
1010,1013,1011,-1,
1014,1015,1012,-1,
1012,1015,1013,-1,
1014,1016,1015,-1,
1016,1017,1015,-1,
1016,1018,1017,-1,
1019,1018,1020,-1,
1020,1018,1016,-1,
1019,1021,1018,-1,
1022,1021,1019,-1,
1022,1023,1021,-1,
1024,1023,1022,-1,
1025,1026,1024,-1,
1024,1026,1023,-1,
1025,1027,1026,-1,
1028,1029,1025,-1,
1025,1029,1027,-1,
1030,1031,1028,-1,
1028,1031,1029,-1,
1030,1032,1031,-1,
1033,1032,1030,-1,
1034,1035,1036,-1,
1036,1035,1037,-1,
1038,1039,1040,-1,
1040,1039,1033,-1,
1033,1039,1032,-1,
1038,1041,1039,-1,
1042,1043,1038,-1,
1038,1043,1041,-1,
1042,1044,1043,-1,
1045,1044,1042,-1,
1045,1046,1044,-1,
1047,1046,1045,-1,
1047,1048,1046,-1,
1049,1048,1047,-1,
1049,1050,1048,-1,
1051,1050,1049,-1,
1052,1053,1051,-1,
1051,1053,1050,-1,
1052,1054,1053,-1,
1055,1054,1052,-1,
1035,1056,1037,-1,
1055,1057,1054,-1,
1058,1057,1059,-1,
1059,1057,1055,-1,
1037,1060,1061,-1,
1056,1060,1037,-1,
1058,1062,1057,-1,
1061,1063,1064,-1,
1060,1063,1061,-1,
1058,1065,1062,-1,
1066,1065,1058,-1,
1064,1067,1068,-1,
1063,1067,1064,-1,
1066,1069,1065,-1,
1067,1069,1068,-1,
1068,1069,1070,-1,
1070,1069,1066,-1,
1034,1071,1035,-1,
1072,1073,1074,-1,
1072,1074,1075,-1,
1076,1077,1073,-1,
1076,1073,1072,-1,
1078,1079,1080,-1,
1078,1080,1081,-1,
1082,1083,1084,-1,
1082,1084,1085,-1,
1086,1087,1088,-1,
1088,1087,1089,-1,
1090,1087,1086,-1,
1089,1091,1092,-1,
1087,1091,1089,-1,
1092,1093,1094,-1,
1091,1093,1092,-1,
1094,1095,1096,-1,
1093,1095,1094,-1,
1095,1097,1096,-1,
1098,1099,1100,-1,
1098,1100,1101,-1,
1102,1103,1104,-1,
1102,1104,1105,-1,
1106,1107,1108,-1,
1106,1108,1109,-1,
1110,1111,1107,-1,
1110,1107,1106,-1,
1112,1113,1114,-1,
1115,1112,1114,-1,
1116,1117,1118,-1,
1116,1118,1119,-1,
1120,1119,1121,-1,
1120,1116,1119,-1,
1122,1123,1124,-1,
1125,1123,1122,-1,
1124,1126,1127,-1,
1123,1126,1124,-1,
1127,1128,1129,-1,
1126,1128,1127,-1,
1129,1130,1131,-1,
1131,1130,1132,-1,
1128,1130,1129,-1,
1130,1133,1132,-1,
1134,1135,1136,-1,
1137,1134,1136,-1,
1138,1139,1140,-1,
1138,1140,1141,-1,
1142,1143,1144,-1,
1142,1144,1145,-1,
1146,1147,1148,-1,
1146,1148,1149,-1,
1150,1151,1152,-1,
1150,1152,1153,-1,
1154,1153,1155,-1,
1154,1150,1153,-1,
1156,1155,1157,-1,
1156,1154,1155,-1,
1158,1157,1159,-1,
1158,1156,1157,-1,
1160,1159,1161,-1,
1160,1158,1159,-1,
1162,1163,1164,-1,
1162,1164,1165,-1,
1166,1167,1168,-1,
1168,1169,1170,-1,
1167,1169,1168,-1,
1170,1171,1172,-1,
1169,1171,1170,-1,
1172,1173,1174,-1,
1171,1173,1172,-1,
1174,1175,1176,-1,
1173,1175,1174,-1,
1175,1177,1176,-1,
1178,1179,1180,-1,
1178,1180,1181,-1,
1182,1183,1184,-1,
1184,1183,1185,-1,
1186,1187,1188,-1,
1186,1188,1189,-1,
1190,1191,1192,-1,
1190,1192,1193,-1,
1194,1195,1196,-1,
1194,1197,1195,-1,
1197,1198,1199,-1,
1194,1198,1197,-1,
1198,1200,1201,-1,
1194,1200,1198,-1,
1202,1203,1194,-1,
1194,1203,1200,-1,
1202,1204,1203,-1,
1205,1206,1207,-1,
1206,1208,1207,-1,
1208,1209,1207,-1,
1209,1210,1207,-1,
1210,1211,1207,-1,
1211,1212,1207,-1,
1212,1213,1207,-1,
1213,1214,1207,-1,
1214,1215,1207,-1,
1215,1216,1207,-1,
1216,1217,1207,-1,
1218,1219,1217,-1,
1217,1219,1207,-1,
1220,1221,1219,-1,
1219,1221,1207,-1,
1222,1223,1221,-1,
1221,1223,1207,-1,
1224,1225,1226,-1,
1226,1225,1223,-1,
1223,1225,1207,-1,
1225,1227,1207,-1,
1228,1229,1230,-1,
1230,1229,1231,-1,
1232,1233,1229,-1,
1234,1235,1233,-1,
1231,1235,1236,-1,
1233,1235,1229,-1,
1229,1235,1231,-1,
1236,1237,1227,-1,
1227,1237,1207,-1,
1235,1237,1236,-1,
1237,1238,1207,-1,
1237,1239,1238,-1,
1239,1240,1238,-1,
1239,1241,1240,-1,
1241,1242,1240,-1,
1243,1244,1245,-1,
1245,1244,1246,-1,
1246,1247,1248,-1,
1244,1247,1246,-1,
1249,1250,1251,-1,
1249,1251,1252,-1,
1253,1254,1255,-1,
1253,1255,1256,-1,
1253,1256,1257,-1,
1253,1257,1258,-1,
1253,1258,1259,-1,
1260,1261,1254,-1,
1260,1262,1261,-1,
1260,1254,1253,-1,
1263,1262,1260,-1,
1264,1265,1266,-1,
1267,1264,1266,-1,
1268,1267,1266,-1,
1269,1268,1266,-1,
1270,1269,1266,-1,
1271,1270,1266,-1,
1272,1271,1266,-1,
1273,1272,1266,-1,
1274,1273,1266,-1,
1275,1274,1266,-1,
1276,1275,1266,-1,
1277,1278,1276,-1,
1277,1276,1266,-1,
1279,1280,1277,-1,
1279,1277,1266,-1,
1281,1282,1279,-1,
1281,1279,1266,-1,
1283,1284,1285,-1,
1283,1285,1281,-1,
1283,1281,1266,-1,
1286,1283,1266,-1,
1287,1288,1289,-1,
1287,1289,1290,-1,
1291,1292,1287,-1,
1293,1294,1291,-1,
1293,1290,1295,-1,
1293,1291,1287,-1,
1293,1287,1290,-1,
1296,1295,1286,-1,
1296,1286,1266,-1,
1296,1293,1295,-1,
1297,1296,1266,-1,
1298,1296,1297,-1,
1299,1298,1297,-1,
1300,1298,1299,-1,
1301,1300,1299,-1,
1302,1303,1304,-1,
1302,1305,1303,-1,
1306,1304,1307,-1,
1306,1302,1304,-1,
1308,1309,1310,-1,
1308,1311,1309,-1,
1312,1313,1314,-1,
1312,1314,1315,-1,
1316,1315,1317,-1,
1316,1312,1315,-1,
1318,1317,1319,-1,
1318,1316,1317,-1,
1320,1319,1321,-1,
1320,1318,1319,-1,
1322,1321,1323,-1,
1322,1320,1321,-1,
1324,1323,1325,-1,
1324,1322,1323,-1,
1326,1325,1327,-1,
1326,1324,1325,-1,
1328,1327,1329,-1,
1328,1326,1327,-1,
1330,1331,1332,-1,
1330,1332,1333,-1,
1334,1335,1336,-1,
1334,1336,1337,-1,
1338,1339,1340,-1,
1338,1340,1341,-1,
1342,1343,1344,-1,
1342,1344,1345,-1,
1346,1347,1348,-1,
1346,1348,1349,-1,
1350,1349,1351,-1,
1350,1346,1349,-1,
1352,1351,1353,-1,
1352,1350,1351,-1,
1354,1353,1355,-1,
1354,1352,1353,-1,
1356,1355,1357,-1,
1356,1354,1355,-1,
1358,1357,1359,-1,
1358,1356,1357,-1,
1360,1359,1361,-1,
1360,1358,1359,-1,
1362,1361,1363,-1,
1362,1360,1361,-1,
1364,1365,1366,-1,
1364,1367,1365,-1,
1368,1369,1370,-1,
1368,1370,1371,-1,
1372,1371,1373,-1,
1372,1368,1371,-1,
1374,1373,1375,-1,
1374,1372,1373,-1,
1376,1375,1377,-1,
1376,1374,1375,-1,
1378,1377,1379,-1,
1378,1376,1377,-1,
1380,1379,1381,-1,
1380,1378,1379,-1,
1382,1381,1383,-1,
1382,1380,1381,-1,
1384,1383,1385,-1,
1384,1382,1383,-1,
1386,1385,1387,-1,
1386,1384,1385,-1,
1388,1387,1389,-1,
1388,1386,1387,-1,
1390,1389,1391,-1,
1390,1388,1389,-1,
1392,1391,1393,-1,
1392,1390,1391,-1,
1394,1392,1393,-1,
1394,1393,1395,-1,
1396,1394,1395,-1,
1396,1395,1397,-1,
1398,1397,1399,-1,
1398,1396,1397,-1,
1400,1399,1401,-1,
1400,1398,1399,-1,
1402,1401,1403,-1,
1402,1400,1401,-1,
1404,1403,1405,-1,
1404,1402,1403,-1,
1406,1407,1408,-1,
1406,1405,1407,-1,
1406,1404,1405,-1,
1409,1406,1408,-1,
1410,1411,1412,-1,
1410,1408,1411,-1,
1410,1409,1408,-1,
1413,1410,1412,-1,
1414,1415,1416,-1,
1414,1416,1417,-1,
1418,1419,1420,-1,
1418,1420,1421,-1,
1422,1423,1424,-1,
1422,1424,1425,-1,
1426,1427,1428,-1,
1426,1429,1427,-1,
1430,1431,1432,-1,
1430,1432,1433,-1,
1434,1435,1436,-1,
1434,1437,1435,-1,
1437,1438,1435,-1,
1437,1439,1438,-1,
1440,1441,1442,-1,
1440,1443,1441,-1,
1443,1444,1445,-1,
1440,1444,1443,-1,
1444,1446,1447,-1,
1440,1446,1444,-1,
1448,1449,1440,-1,
1440,1449,1446,-1,
1448,1450,1449,-1,
1451,1452,1453,-1,
1452,1454,1453,-1,
1454,1455,1453,-1,
1455,1456,1453,-1,
1456,1457,1453,-1,
1457,1458,1453,-1,
1458,1459,1453,-1,
1459,1460,1453,-1,
1460,1461,1453,-1,
1461,1462,1453,-1,
1462,1463,1453,-1,
1464,1465,1463,-1,
1463,1465,1453,-1,
1466,1467,1465,-1,
1465,1467,1453,-1,
1468,1469,1467,-1,
1467,1469,1453,-1,
1470,1471,1472,-1,
1472,1471,1469,-1,
1469,1471,1453,-1,
1471,1473,1453,-1,
1474,1475,1476,-1,
1477,1478,1479,-1,
1479,1478,1475,-1,
1478,1480,1475,-1,
1480,1481,1475,-1,
1476,1481,1482,-1,
1475,1481,1476,-1,
1482,1483,1473,-1,
1473,1483,1453,-1,
1481,1483,1482,-1,
1483,1484,1453,-1,
1483,1485,1484,-1,
1485,1486,1484,-1,
1485,1487,1486,-1,
1487,1488,1486,-1,
1489,1490,1491,-1,
1489,1492,1490,-1,
1493,1494,1495,-1,
1496,1494,1493,-1,
1497,1496,1493,-1,
1498,1496,1497,-1,
1499,1500,1501,-1,
1499,1501,1502,-1,
1499,1502,1503,-1,
1499,1503,1504,-1,
1499,1504,1505,-1,
1506,1507,1500,-1,
1506,1508,1507,-1,
1506,1500,1499,-1,
1509,1508,1506,-1,
1510,1511,1512,-1,
1513,1510,1512,-1,
1514,1513,1512,-1,
1515,1514,1512,-1,
1516,1515,1512,-1,
1517,1516,1512,-1,
1518,1517,1512,-1,
1519,1518,1512,-1,
1520,1519,1512,-1,
1521,1520,1512,-1,
1522,1521,1512,-1,
1523,1524,1522,-1,
1523,1522,1512,-1,
1525,1526,1523,-1,
1525,1523,1512,-1,
1527,1528,1525,-1,
1527,1525,1512,-1,
1529,1530,1531,-1,
1529,1531,1527,-1,
1529,1527,1512,-1,
1532,1529,1512,-1,
1533,1534,1535,-1,
1536,1537,1538,-1,
1536,1538,1533,-1,
1539,1536,1533,-1,
1540,1539,1533,-1,
1540,1535,1541,-1,
1540,1533,1535,-1,
1542,1541,1532,-1,
1542,1532,1512,-1,
1542,1540,1541,-1,
1543,1542,1512,-1,
1544,1542,1543,-1,
1545,1544,1543,-1,
1546,1544,1545,-1,
1547,1546,1545,-1,
1548,1549,1550,-1,
1548,1550,1551,-1,
1552,1553,1554,-1,
1552,1554,1555,-1,
1556,1557,1558,-1,
1556,1558,1559,-1,
1560,1561,1562,-1,
1560,1563,1561,-1,
1564,1565,1566,-1,
1564,1566,1567,-1,
1568,1569,1570,-1,
1568,1570,1571,-1,
1572,1571,1573,-1,
1572,1568,1571,-1,
1574,1573,1575,-1,
1574,1572,1573,-1,
1576,1575,1577,-1,
1576,1574,1575,-1,
1578,1577,1579,-1,
1578,1576,1577,-1,
1580,1579,1581,-1,
1580,1578,1579,-1,
1582,1581,1583,-1,
1582,1580,1581,-1,
1584,1583,1585,-1,
1584,1582,1583,-1,
1586,1587,1588,-1,
1586,1589,1587,-1,
1590,1591,1592,-1,
1590,1592,1593,-1,
1594,1595,1596,-1,
1594,1596,1597,-1,
1598,1599,1600,-1,
1598,1600,1601,-1,
1602,1603,1604,-1,
1602,1604,1605,-1,
1606,1607,1608,-1,
1606,1608,1609,-1,
1610,1609,1611,-1,
1610,1606,1609,-1,
1612,1611,1613,-1,
1612,1610,1611,-1,
1614,1613,1615,-1,
1614,1612,1613,-1,
1616,1615,1617,-1,
1616,1614,1615,-1,
1618,1617,1619,-1,
1618,1616,1617,-1,
1620,1619,1621,-1,
1620,1618,1619,-1,
1622,1621,1623,-1,
1622,1620,1621,-1,
1624,1625,1626,-1,
1624,1627,1625,-1,
1628,1629,1630,-1,
1628,1630,1631,-1,
1632,1631,1633,-1,
1632,1628,1631,-1,
1634,1633,1635,-1,
1634,1632,1633,-1,
1636,1635,1637,-1,
1636,1634,1635,-1,
1638,1637,1639,-1,
1638,1636,1637,-1,
1640,1639,1641,-1,
1640,1638,1639,-1,
1642,1641,1643,-1,
1642,1640,1641,-1,
1644,1643,1645,-1,
1644,1642,1643,-1,
1646,1645,1647,-1,
1646,1644,1645,-1,
1648,1647,1649,-1,
1648,1646,1647,-1,
1650,1649,1651,-1,
1650,1648,1649,-1,
1652,1651,1653,-1,
1652,1650,1651,-1,
1654,1652,1653,-1,
1654,1653,1655,-1,
1656,1654,1655,-1,
1656,1655,1657,-1,
1658,1657,1659,-1,
1658,1656,1657,-1,
1660,1659,1661,-1,
1660,1658,1659,-1,
1662,1661,1663,-1,
1662,1660,1661,-1,
1664,1663,1665,-1,
1664,1662,1663,-1,
1666,1667,1668,-1,
1666,1665,1667,-1,
1666,1664,1665,-1,
1669,1666,1668,-1,
1670,1671,1672,-1,
1670,1668,1671,-1,
1670,1669,1668,-1,
1673,1670,1672,-1,
1674,1675,1676,-1,
1674,1677,1675,-1,
1677,1678,1679,-1,
1674,1678,1677,-1,
1678,1680,1681,-1,
1674,1680,1678,-1,
1682,1683,1674,-1,
1674,1683,1680,-1,
1682,1684,1683,-1,
1685,1686,1687,-1,
1686,1688,1687,-1,
1688,1689,1687,-1,
1689,1690,1687,-1,
1690,1691,1687,-1,
1691,1692,1687,-1,
1692,1693,1687,-1,
1693,1694,1687,-1,
1694,1695,1687,-1,
1695,1696,1687,-1,
1696,1697,1687,-1,
1698,1699,1697,-1,
1697,1699,1687,-1,
1700,1701,1699,-1,
1699,1701,1687,-1,
1702,1703,1701,-1,
1701,1703,1687,-1,
1704,1705,1706,-1,
1706,1705,1703,-1,
1703,1705,1687,-1,
1705,1707,1687,-1,
1708,1709,1710,-1,
1710,1709,1711,-1,
1712,1713,1709,-1,
1714,1715,1713,-1,
1711,1715,1716,-1,
1713,1715,1709,-1,
1709,1715,1711,-1,
1716,1717,1707,-1,
1707,1717,1687,-1,
1715,1717,1716,-1,
1717,1718,1687,-1,
1717,1719,1718,-1,
1719,1720,1718,-1,
1719,1721,1720,-1,
1721,1722,1720,-1,
1723,1724,1725,-1,
1725,1724,1726,-1,
1726,1727,1728,-1,
1724,1727,1726,-1,
1729,1730,1731,-1,
1729,1731,1732,-1,
1733,1734,1735,-1,
1733,1735,1736,-1,
1733,1736,1737,-1,
1733,1737,1738,-1,
1733,1738,1739,-1,
1740,1741,1734,-1,
1740,1742,1741,-1,
1740,1734,1733,-1,
1743,1742,1740,-1,
1744,1745,1746,-1,
1747,1744,1746,-1,
1748,1747,1746,-1,
1749,1748,1746,-1,
1750,1749,1746,-1,
1751,1750,1746,-1,
1752,1751,1746,-1,
1753,1752,1746,-1,
1754,1753,1746,-1,
1755,1754,1746,-1,
1756,1755,1746,-1,
1757,1758,1756,-1,
1757,1756,1746,-1,
1759,1760,1757,-1,
1759,1757,1746,-1,
1761,1762,1759,-1,
1761,1759,1746,-1,
1763,1764,1765,-1,
1763,1765,1761,-1,
1763,1761,1746,-1,
1766,1763,1746,-1,
1767,1768,1769,-1,
1767,1769,1770,-1,
1771,1772,1767,-1,
1773,1774,1771,-1,
1773,1770,1775,-1,
1773,1771,1767,-1,
1773,1767,1770,-1,
1776,1775,1766,-1,
1776,1766,1746,-1,
1776,1773,1775,-1,
1777,1776,1746,-1,
1778,1776,1777,-1,
1779,1778,1777,-1,
1780,1778,1779,-1,
1781,1780,1779,-1,
1782,1783,1784,-1,
1782,1785,1783,-1,
1786,1784,1787,-1,
1786,1782,1784,-1,
1788,1789,1790,-1,
1788,1791,1789,-1,
1792,1793,1794,-1,
1792,1794,1795,-1,
1796,1795,1797,-1,
1796,1792,1795,-1,
1798,1797,1799,-1,
1798,1796,1797,-1,
1800,1799,1801,-1,
1800,1798,1799,-1,
1802,1801,1803,-1,
1802,1800,1801,-1,
1804,1803,1805,-1,
1804,1802,1803,-1,
1806,1805,1807,-1,
1806,1804,1805,-1,
1808,1807,1809,-1,
1808,1806,1807,-1,
1810,1811,1812,-1,
1810,1812,1813,-1,
1814,1815,1816,-1,
1814,1816,1817,-1,
1818,1819,1820,-1,
1818,1820,1821,-1,
1822,1823,1824,-1,
1822,1824,1825,-1,
1826,1827,1828,-1,
1826,1828,1829,-1,
1830,1829,1831,-1,
1830,1826,1829,-1,
1832,1831,1833,-1,
1832,1830,1831,-1,
1834,1833,1835,-1,
1834,1832,1833,-1,
1836,1835,1837,-1,
1836,1834,1835,-1,
1838,1837,1839,-1,
1838,1836,1837,-1,
1840,1839,1841,-1,
1840,1838,1839,-1,
1842,1841,1843,-1,
1842,1840,1841,-1,
1844,1845,1846,-1,
1844,1847,1845,-1,
1848,1849,1850,-1,
1848,1850,1851,-1,
1852,1851,1853,-1,
1852,1848,1851,-1,
1854,1853,1855,-1,
1854,1852,1853,-1,
1856,1855,1857,-1,
1856,1854,1855,-1,
1858,1857,1859,-1,
1858,1856,1857,-1,
1860,1859,1861,-1,
1860,1858,1859,-1,
1862,1861,1863,-1,
1862,1860,1861,-1,
1864,1863,1865,-1,
1864,1862,1863,-1,
1866,1865,1867,-1,
1866,1864,1865,-1,
1868,1867,1869,-1,
1868,1866,1867,-1,
1870,1869,1871,-1,
1870,1868,1869,-1,
1872,1871,1873,-1,
1872,1870,1871,-1,
1874,1872,1873,-1,
1874,1875,1876,-1,
1874,1873,1875,-1,
1877,1874,1876,-1,
1878,1876,1879,-1,
1878,1877,1876,-1,
1880,1879,1881,-1,
1880,1878,1879,-1,
1882,1881,1883,-1,
1882,1880,1881,-1,
1884,1883,1885,-1,
1884,1882,1883,-1,
1886,1885,1887,-1,
1886,1884,1885,-1,
1888,1887,1889,-1,
1888,1886,1887,-1,
1890,1891,1892,-1,
1890,1889,1891,-1,
1890,1888,1889,-1,
1893,1890,1892,-1,
1894,1895,1896,-1,
1894,1896,1897,-1,
1898,1899,1900,-1,
1898,1900,1901,-1,
1902,1903,1904,-1,
1902,1904,1905,-1,
1906,1907,1908,-1,
1906,1909,1907,-1,
1910,1911,1912,-1,
1910,1912,1913,-1,
1914,1915,1916,-1,
1914,1917,1915,-1,
1917,1918,1915,-1,
1917,1919,1918,-1,
1920,1921,1922,-1,
1923,1924,1925,-1,
1925,1924,1926,-1,
1926,1924,1927,-1,
1927,1924,1928,-1,
1928,1924,1929,-1,
1929,1924,1930,-1,
1930,1924,1931,-1,
1931,1924,1932,-1,
1932,1924,1921,-1,
1933,1934,1924,-1,
1935,1936,1937,-1,
1937,1938,1934,-1,
1922,1938,1939,-1,
1939,1938,1940,-1,
1940,1938,1941,-1,
1941,1938,1942,-1,
1924,1938,1921,-1,
1934,1938,1924,-1,
1921,1938,1922,-1,
1936,1938,1937,-1,
1943,1944,1945,-1,
1946,1947,1944,-1,
1947,1948,1944,-1,
1948,1949,1944,-1,
1950,1949,1948,-1,
1945,1949,1951,-1,
1944,1949,1945,-1,
1949,1952,1951,-1,
1951,1952,1938,-1,
1938,1952,1942,-1,
1952,1953,1942,-1,
1952,1954,1953,-1,
1954,1955,1953,-1,
1954,1956,1955,-1,
1956,1957,1955,-1,
1958,1959,1960,-1,
1960,1959,1961,-1,
1959,1962,1963,-1,
1959,1964,1962,-1,
1958,1965,1959,-1,
1959,1965,1964,-1,
1966,1967,1958,-1,
1958,1967,1965,-1,
1966,1968,1967,-1,
1969,1970,1971,-1,
1969,1972,1970,-1,
1973,1974,1975,-1,
1976,1974,1973,-1,
1977,1976,1973,-1,
1978,1976,1977,-1,
1979,1980,1981,-1,
1982,1979,1981,-1,
1983,1982,1981,-1,
1984,1983,1981,-1,
1985,1984,1981,-1,
1986,1985,1981,-1,
1987,1986,1981,-1,
1988,1987,1981,-1,
1989,1988,1981,-1,
1990,1989,1981,-1,
1991,1990,1981,-1,
1992,1993,1991,-1,
1992,1991,1981,-1,
1994,1995,1992,-1,
1994,1992,1981,-1,
1996,1997,1994,-1,
1996,1994,1981,-1,
1998,1999,2000,-1,
1998,2000,1996,-1,
1998,1996,1981,-1,
2001,1998,1981,-1,
2002,2003,2004,-1,
2005,2006,2007,-1,
2005,2007,2002,-1,
2005,2002,2004,-1,
2008,2009,2005,-1,
2008,2004,2010,-1,
2008,2005,2004,-1,
2011,2010,2001,-1,
2011,2001,1981,-1,
2011,2008,2010,-1,
2012,2011,1981,-1,
2013,2011,2012,-1,
2014,2013,2012,-1,
2015,2013,2014,-1,
2016,2015,2014,-1,
2017,2018,2019,-1,
2020,2018,2017,-1,
2021,2020,2022,-1,
2021,2018,2020,-1,
2023,2021,2024,-1,
2023,2018,2021,-1,
2025,2026,2018,-1,
2025,2018,2023,-1,
2027,2026,2025,-1,
2028,2029,2030,-1,
2028,2030,2031,-1,
2032,2033,2034,-1,
2032,2034,2035,-1,
2036,2037,2038,-1,
2036,2038,2039,-1,
2040,2041,2042,-1,
2040,2043,2041,-1,
2044,2045,2046,-1,
2044,2047,2045,-1,
2048,2046,2049,-1,
2048,2044,2046,-1,
2050,2049,2051,-1,
2050,2048,2049,-1,
2052,2051,2053,-1,
2052,2050,2051,-1,
2054,2053,2055,-1,
2054,2052,2053,-1,
2056,2055,2057,-1,
2056,2054,2055,-1,
2058,2057,2059,-1,
2058,2056,2057,-1,
2060,2059,2061,-1,
2060,2058,2059,-1,
2062,2061,2063,-1,
2062,2060,2061,-1,
2064,2063,2065,-1,
2064,2062,2063,-1,
2066,2065,2067,-1,
2066,2064,2065,-1,
2068,2067,2069,-1,
2068,2066,2067,-1,
2070,2068,2069,-1,
2070,2069,2071,-1,
2072,2071,2073,-1,
2072,2070,2071,-1,
2074,2073,2075,-1,
2074,2072,2073,-1,
2076,2075,2077,-1,
2076,2074,2075,-1,
2078,2077,2079,-1,
2078,2076,2077,-1,
2080,2079,2081,-1,
2080,2078,2079,-1,
2082,2081,2083,-1,
2082,2080,2081,-1,
2084,2083,2085,-1,
2084,2082,2083,-1,
2086,2087,2088,-1,
2086,2085,2087,-1,
2086,2084,2085,-1,
2089,2086,2088,-1,
2090,2091,2092,-1,
2090,2093,2091,-1,
2094,2095,2096,-1,
2094,2096,2097,-1,
2098,2097,2099,-1,
2098,2094,2097,-1,
2100,2099,2101,-1,
2100,2098,2099,-1,
2102,2101,2103,-1,
2102,2100,2101,-1,
2104,2103,2105,-1,
2104,2102,2103,-1,
2106,2105,2107,-1,
2106,2104,2105,-1,
2108,2107,2109,-1,
2108,2106,2107,-1,
2110,2109,2111,-1,
2110,2108,2109,-1,
2112,2113,2114,-1,
2112,2114,2115,-1,
2116,2117,2118,-1,
2116,2118,2119,-1,
2120,2121,2122,-1,
2120,2122,2123,-1,
2124,2125,2126,-1,
2124,2126,2127,-1,
2128,2129,2130,-1,
2128,2130,2131,-1,
2132,2133,2134,-1,
2132,2134,2135,-1,
2136,2135,2137,-1,
2136,2132,2135,-1,
2138,2137,2139,-1,
2138,2136,2137,-1,
2140,2139,2141,-1,
2140,2138,2139,-1,
2142,2141,2143,-1,
2142,2140,2141,-1,
2144,2143,2145,-1,
2144,2142,2143,-1,
2146,2145,2147,-1,
2146,2144,2145,-1,
2148,2147,2149,-1,
2148,2146,2147,-1,
2150,2151,2152,-1,
2150,2152,2153,-1,
2154,2155,2156,-1,
2154,2156,2157,-1,
2158,2159,2160,-1,
2158,2160,2161,-1,
2162,2161,2163,-1,
2162,2158,2161,-1,
2164,2163,2165,-1,
2164,2162,2163,-1,
2166,2165,2167,-1,
2166,2164,2165,-1,
2168,2167,2169,-1,
2168,2166,2167,-1,
2170,2169,2171,-1,
2170,2168,2169,-1,
2172,2171,2173,-1,
2172,2170,2171,-1,
2174,2173,2175,-1,
2174,2172,2173,-1,
2176,2177,2178,-1,
2176,2178,2179,-1,
2180,2181,2182,-1,
2182,2181,2183,-1,
2183,2181,2184,-1,
2184,2181,2185,-1,
2186,2187,2180,-1,
2180,2187,2181,-1,
2188,2189,2190,-1,
2188,2191,2189,-1,
2188,2192,2191,-1,
2188,2193,2192,-1,
2194,2195,2188,-1,
2188,2195,2193,-1,
2194,2196,2195,-1,
2197,2198,2199,-1,
2199,2200,2201,-1,
2198,2200,2199,-1,
2201,2202,2203,-1,
2200,2202,2201,-1,
2202,2204,2203,-1,
2203,2205,2206,-1,
2204,2205,2203,-1,
2206,2207,2208,-1,
2206,2209,2207,-1,
2205,2209,2206,-1,
2208,2210,2211,-1,
2207,2210,2208,-1,
2209,2212,2207,-1,
2211,2213,2214,-1,
2210,2213,2211,-1,
2214,2215,2216,-1,
2213,2215,2214,-1,
2216,2217,2218,-1,
2215,2217,2216,-1,
2217,2219,2218,-1,
2217,2220,2219,-1,
2219,2221,2222,-1,
2220,2221,2219,-1,
2222,2223,2224,-1,
2221,2223,2222,-1,
2223,2225,2224,-1,
2224,2225,2226,-1,
2225,2227,2226,-1,
2226,2227,2228,-1,
2227,2229,2228,-1,
2228,2229,2230,-1,
2229,2231,2230,-1,
2230,2231,2232,-1,
2231,2233,2232,-1,
2232,2233,2234,-1,
2233,2235,2234,-1,
2234,2235,2236,-1,
2235,2237,2236,-1,
2236,2237,2238,-1,
2238,2239,2240,-1,
2237,2239,2238,-1,
2240,2241,2242,-1,
2239,2241,2240,-1,
2243,2244,2245,-1,
2245,2244,2246,-1,
2247,2248,2249,-1,
2250,2248,2247,-1,
2251,2252,2253,-1,
2253,2252,2254,-1,
2254,2255,2256,-1,
2252,2255,2254,-1,
2256,2257,2258,-1,
2255,2257,2256,-1,
2258,2259,2260,-1,
2257,2259,2258,-1,
2259,2261,2260,-1,
2259,2262,2261,-1,
2261,2263,2264,-1,
2262,2263,2261,-1,
2264,2265,2266,-1,
2263,2265,2264,-1,
2266,2267,2268,-1,
2265,2267,2266,-1,
2268,2269,2270,-1,
2267,2269,2268,-1,
2270,2271,2272,-1,
2269,2271,2270,-1,
2272,2273,2274,-1,
2271,2273,2272,-1,
2274,2275,2276,-1,
2273,2275,2274,-1,
2276,2277,2278,-1,
2275,2277,2276,-1,
2277,2279,2278,-1,
2278,2279,2280,-1,
2279,2281,2280,-1,
2280,2281,2282,-1,
2281,2283,2282,-1,
2281,2284,2283,-1,
2284,2285,2283,-1,
2286,2287,2284,-1,
2284,2287,2285,-1,
2287,2288,2285,-1,
2285,2288,2289,-1,
2288,2290,2289,-1,
2289,2291,2292,-1,
2290,2291,2289,-1,
2291,2293,2292,-1,
2292,2293,2294,-1,
2293,2295,2294,-1,
2296,2297,2298,-1,
2298,2297,2299,-1,
2300,2301,2302,-1,
2301,2303,2302,-1,
2304,2305,2306,-1,
2304,2307,2305,-1,
2308,2309,2310,-1,
2308,2310,2311,-1,
2312,2313,2314,-1,
2315,2312,2314,-1,
2316,2317,2318,-1,
2319,2317,2316,-1,
2318,2320,2321,-1,
2317,2320,2318,-1,
2321,2322,2323,-1,
2320,2322,2321,-1,
2323,2324,2325,-1,
2322,2324,2323,-1,
2325,2326,2327,-1,
2324,2326,2325,-1,
2327,2328,2329,-1,
2326,2328,2327,-1,
2329,2330,2331,-1,
2328,2330,2329,-1,
2330,2332,2331,-1,
2331,2332,2333,-1,
2332,2334,2333,-1,
2335,2334,2336,-1,
2333,2334,2335,-1,
2334,2337,2336,-1,
2337,2338,2336,-1,
2336,2338,2339,-1,
2340,2341,2342,-1,
2339,2341,2340,-1,
2338,2341,2339,-1,
2341,2343,2342,-1,
2342,2344,2345,-1,
2343,2344,2342,-1,
2345,2346,2347,-1,
2344,2346,2345,-1,
2347,2348,2349,-1,
2346,2348,2347,-1,
2349,2350,2351,-1,
2348,2350,2349,-1,
2351,2352,2353,-1,
2350,2352,2351,-1,
2353,2354,2355,-1,
2352,2354,2353,-1,
2356,2357,2358,-1,
2355,2357,2356,-1,
2354,2357,2355,-1,
2357,2359,2358,-1,
2358,2360,2361,-1,
2359,2360,2358,-1,
2362,2363,2364,-1,
2361,2363,2362,-1,
2360,2363,2361,-1,
2364,2365,2366,-1,
2363,2365,2364,-1,
2365,2367,2366,-1,
2368,2369,2370,-1,
2366,2369,2368,-1,
2367,2369,2366,-1,
2369,2371,2370,-1,
2370,2372,2373,-1,
2371,2372,2370,-1,
2373,2374,2375,-1,
2372,2374,2373,-1,
2375,2376,2377,-1,
2374,2376,2375,-1,
2378,2379,2380,-1,
2377,2379,2378,-1,
2376,2379,2377,-1,
2379,2381,2380,-1,
2382,2383,2384,-1,
2384,2383,2385,-1,
2386,2387,2388,-1,
2389,2387,2386,-1,
2388,2390,2391,-1,
2387,2390,2388,-1,
2391,2392,2393,-1,
2390,2392,2391,-1,
2393,2394,2395,-1,
2392,2394,2393,-1,
2395,2396,2397,-1,
2394,2396,2395,-1,
2397,2398,2399,-1,
2396,2398,2397,-1,
2399,2400,2401,-1,
2398,2400,2399,-1,
2400,2402,2401,-1,
2401,2402,2403,-1,
2402,2404,2403,-1,
2403,2404,2405,-1,
2404,2406,2405,-1,
2405,2406,2407,-1,
2406,2408,2407,-1,
2407,2408,2409,-1,
2409,2410,2411,-1,
2408,2410,2409,-1,
2411,2412,2413,-1,
2410,2412,2411,-1,
2413,2414,2415,-1,
2412,2414,2413,-1,
2415,2416,2417,-1,
2414,2416,2415,-1,
2417,2418,2419,-1,
2416,2418,2417,-1,
2419,2420,2421,-1,
2418,2420,2419,-1,
2422,2423,2424,-1,
2421,2423,2422,-1,
2420,2423,2421,-1,
2423,2425,2424,-1,
2424,2426,2427,-1,
2425,2426,2424,-1,
2427,2428,2429,-1,
2426,2428,2427,-1,
2429,2430,2431,-1,
2428,2430,2429,-1,
2431,2432,2433,-1,
2430,2432,2431,-1,
2433,2434,2435,-1,
2432,2434,2433,-1,
2435,2436,2437,-1,
2434,2436,2435,-1,
2438,2439,2440,-1,
2437,2439,2438,-1,
2436,2439,2437,-1,
2439,2441,2440,-1,
2442,2443,2444,-1,
2440,2443,2442,-1,
2441,2443,2440,-1,
2443,2445,2444,-1,
2444,2446,2447,-1,
2445,2446,2444,-1,
2448,2449,2450,-1,
2447,2449,2448,-1,
2446,2449,2447,-1,
2449,2451,2450,-1,
    ]
    creaseAngle 0.5
  }
}
