#VRML V2.0 utf8
# Molex_CLIK-Mate_503175-0400_1x04-2MP_P1.50mm_Horizontal - Natural housing
# Generated by tools/molex_3d.py from the TraceParts STEP

Shape { # housing
  appearance Appearance { material Material {
    diffuseColor 0.870 0.810 0.670
    specularColor 1.000 1.000 0.920
    shininess 0.4
    ambientIntensity 0.3
  } }
  geometry IndexedFaceSet {
    coord Coordinate { point [
1.3631 0.0984 -0.4922,
1.3593 0.0984 -0.4870,
1.3593 -0.0984 -0.4870,
1.3631 -0.0984 -0.4922,
1.3667 0.0984 -0.4975,
1.3667 -0.0984 -0.4975,
1.3700 0.0984 -0.5031,
1.3700 -0.0984 -0.5031,
1.3730 0.0984 -0.5088,
1.3730 -0.0984 -0.5088,
1.3758 0.0984 -0.5146,
1.3758 -0.0984 -0.5146,
1.3783 0.0984 -0.5205,
1.3783 -0.0984 -0.5205,
1.3805 0.0984 -0.5266,
1.3805 -0.0984 -0.5266,
1.3824 0.0984 -0.5327,
1.3824 -0.0984 -0.5327,
1.3840 0.0984 -0.5389,
1.3840 -0.0984 -0.5389,
1.3854 0.0984 -0.5452,
1.3854 -0.0984 -0.5452,
1.3864 0.0984 -0.5516,
1.3864 -0.0984 -0.5516,
1.3872 0.0984 -0.5580,
1.3872 -0.0984 -0.5580,
1.3876 0.0984 -0.5644,
1.3876 -0.0984 -0.5644,
1.3878 0.0984 -0.5709,
1.3878 -0.0984 -0.5709,
-0.2065 0.0984 -0.5644,
-0.2067 0.0984 -0.5709,
-0.2067 -0.0984 -0.5709,
-0.2065 -0.0984 -0.5644,
-0.2061 0.0984 -0.5580,
-0.2061 -0.0984 -0.5580,
-0.2053 0.0984 -0.5516,
-0.2053 -0.0984 -0.5516,
-0.2043 0.0984 -0.5452,
-0.2043 -0.0984 -0.5452,
-0.2029 0.0984 -0.5389,
-0.2029 -0.0984 -0.5389,
-0.2013 0.0984 -0.5327,
-0.2013 -0.0984 -0.5327,
-0.1994 0.0984 -0.5266,
-0.1994 -0.0984 -0.5266,
-0.1972 0.0984 -0.5205,
-0.1972 -0.0984 -0.5205,
-0.1947 0.0984 -0.5146,
-0.1947 -0.0984 -0.5146,
-0.1919 0.0984 -0.5088,
-0.1919 -0.0984 -0.5088,
-0.1889 0.0984 -0.5031,
-0.1889 -0.0984 -0.5031,
-0.1856 0.0984 -0.4975,
-0.1856 -0.0984 -0.4975,
-0.1820 0.0984 -0.4922,
-0.1820 -0.0984 -0.4922,
-0.1782 0.0984 -0.4870,
-0.1782 -0.0984 -0.4870,
2.3973 -0.8851 -0.2756,
2.3954 -0.8655 -0.2953,
2.4021 -0.8646 -0.2953,
2.3887 -0.8660 -0.2953,
2.3819 -0.8661 -0.2953,
2.4126 -0.8828 -0.2756,
2.4088 -0.8635 -0.2953,
2.4154 -0.8620 -0.2953,
2.3993 -0.9047 -0.2559,
2.3819 -0.9252 -0.2362,
2.4108 -0.9231 -0.2362,
2.4012 -0.9242 -0.2362,
2.3915 -0.9250 -0.2362,
2.4276 -0.8790 -0.2756,
2.4219 -0.8602 -0.2953,
2.4283 -0.8581 -0.2953,
2.4165 -0.9021 -0.2559,
2.4297 -0.9193 -0.2362,
2.4203 -0.9214 -0.2362,
2.4422 -0.8738 -0.2756,
2.4346 -0.8557 -0.2953,
2.4408 -0.8529 -0.2953,
2.4333 -0.8979 -0.2559,
2.4482 -0.9137 -0.2362,
2.4390 -0.9167 -0.2362,
2.4561 -0.8672 -0.2756,
2.4468 -0.8499 -0.2953,
2.4527 -0.8465 -0.2953,
2.4497 -0.8920 -0.2559,
2.4661 -0.9063 -0.2362,
2.4572 -0.9102 -0.2362,
2.4694 -0.8593 -0.2756,
2.4584 -0.8429 -0.2953,
2.4640 -0.8390 -0.2953,
2.4654 -0.8846 -0.2559,
2.4831 -0.8972 -0.2362,
2.4747 -0.9020 -0.2362,
2.4818 -0.8501 -0.2756,
2.4693 -0.8349 -0.2953,
2.4744 -0.8304 -0.2953,
2.4803 -0.8757 -0.2559,
2.4992 -0.8865 -0.2362,
2.4913 -0.8920 -0.2362,
2.4932 -0.8397 -0.2756,
2.4793 -0.8258 -0.2953,
2.4840 -0.8209 -0.2953,
2.4943 -0.8653 -0.2559,
2.5141 -0.8742 -0.2362,
2.5068 -0.8805 -0.2362,
2.5036 -0.8282 -0.2756,
2.4884 -0.8158 -0.2953,
2.4926 -0.8104 -0.2953,
2.5072 -0.8536 -0.2559,
2.5277 -0.8605 -0.2362,
2.5211 -0.8675 -0.2362,
2.5128 -0.8158 -0.2756,
2.4965 -0.8049 -0.2953,
2.5001 -0.7992 -0.2953,
2.5188 -0.8407 -0.2559,
2.5400 -0.8456 -0.2362,
2.5341 -0.8532 -0.2362,
2.5208 -0.8026 -0.2756,
2.5034 -0.7933 -0.2953,
2.5065 -0.7873 -0.2953,
2.5292 -0.8268 -0.2559,
2.5507 -0.8295 -0.2362,
2.5456 -0.8377 -0.2362,
2.5274 -0.7886 -0.2756,
2.5092 -0.7811 -0.2953,
2.5116 -0.7748 -0.2953,
2.5381 -0.8119 -0.2559,
2.5598 -0.8125 -0.2362,
2.5555 -0.8211 -0.2362,
2.5326 -0.7741 -0.2756,
2.5137 -0.7683 -0.2953,
2.5156 -0.7618 -0.2953,
2.5456 -0.7961 -0.2559,
2.5672 -0.7947 -0.2362,
2.5638 -0.8037 -0.2362,
2.5363 -0.7591 -0.2756,
2.5170 -0.7552 -0.2953,
2.5182 -0.7486 -0.2953,
2.5514 -0.7798 -0.2559,
2.5728 -0.7762 -0.2362,
2.5703 -0.7855 -0.2362,
2.5386 -0.7438 -0.2756,
2.5195 -0.7351 -0.2953,
2.5197 -0.7283 -0.2953,
2.5190 -0.7419 -0.2953,
2.5556 -0.7629 -0.2559,
2.5766 -0.7572 -0.2362,
2.5750 -0.7668 -0.2362,
2.5582 -0.7457 -0.2559,
2.5787 -0.7283 -0.2362,
2.5785 -0.7380 -0.2362,
2.5778 -0.7476 -0.2362,
2.5386 -0.7129 -0.2756,
2.5190 -0.7148 -0.2953,
2.5182 -0.7081 -0.2953,
2.5195 -0.7216 -0.2953,
2.5197 -0.7283 -0.2953,
2.5363 -0.6976 -0.2756,
2.5170 -0.7015 -0.2953,
2.5156 -0.6949 -0.2953,
2.5582 -0.7110 -0.2559,
2.5766 -0.6995 -0.2362,
2.5778 -0.7091 -0.2362,
2.5785 -0.7187 -0.2362,
2.5787 -0.7283 -0.2362,
2.5326 -0.6826 -0.2756,
2.5137 -0.6883 -0.2953,
2.5116 -0.6819 -0.2953,
2.5556 -0.6938 -0.2559,
2.5728 -0.6805 -0.2362,
2.5750 -0.6899 -0.2362,
2.5274 -0.6681 -0.2756,
2.5092 -0.6756 -0.2953,
2.5065 -0.6694 -0.2953,
2.5514 -0.6769 -0.2559,
2.5672 -0.6620 -0.2362,
2.5703 -0.6712 -0.2362,
2.5208 -0.6541 -0.2756,
2.5034 -0.6634 -0.2953,
2.5001 -0.6575 -0.2953,
2.5456 -0.6605 -0.2559,
2.5598 -0.6442 -0.2362,
2.5638 -0.6530 -0.2362,
2.5128 -0.6409 -0.2756,
2.4965 -0.6518 -0.2953,
2.4926 -0.6463 -0.2953,
2.5381 -0.6448 -0.2559,
2.5507 -0.6271 -0.2362,
2.5555 -0.6356 -0.2362,
2.5036 -0.6284 -0.2756,
2.4884 -0.6409 -0.2953,
2.4840 -0.6358 -0.2953,
2.5292 -0.6299 -0.2559,
2.5400 -0.6111 -0.2362,
2.5456 -0.6190 -0.2362,
2.4932 -0.6170 -0.2756,
2.4793 -0.6309 -0.2953,
2.4744 -0.6262 -0.2953,
2.5188 -0.6160 -0.2559,
2.5277 -0.5961 -0.2362,
2.5341 -0.6035 -0.2362,
2.4818 -0.6066 -0.2756,
2.4693 -0.6218 -0.2953,
2.4640 -0.6177 -0.2953,
2.5072 -0.6031 -0.2559,
2.5141 -0.5825 -0.2362,
2.5211 -0.5892 -0.2362,
2.4694 -0.5974 -0.2756,
2.4584 -0.6138 -0.2953,
2.4527 -0.6102 -0.2953,
2.4943 -0.5914 -0.2559,
2.4992 -0.5702 -0.2362,
2.5068 -0.5762 -0.2362,
2.4561 -0.5895 -0.2756,
2.4468 -0.6068 -0.2953,
2.4408 -0.6038 -0.2953,
2.4803 -0.5810 -0.2559,
2.4831 -0.5595 -0.2362,
2.4913 -0.5647 -0.2362,
2.4422 -0.5829 -0.2756,
2.4346 -0.6010 -0.2953,
2.4283 -0.5986 -0.2953,
2.4654 -0.5721 -0.2559,
2.4661 -0.5504 -0.2362,
2.4747 -0.5547 -0.2362,
2.4276 -0.5776 -0.2756,
2.4219 -0.5965 -0.2953,
2.4154 -0.5947 -0.2953,
2.4497 -0.5647 -0.2559,
2.4482 -0.5430 -0.2362,
2.4572 -0.5465 -0.2362,
2.4126 -0.5739 -0.2756,
2.4088 -0.5932 -0.2953,
2.4021 -0.5920 -0.2953,
2.4333 -0.5588 -0.2559,
2.4297 -0.5374 -0.2362,
2.4390 -0.5400 -0.2362,
2.3973 -0.5716 -0.2756,
2.3819 -0.5906 -0.2953,
2.3819 -0.5315 -0.2362,
2.3887 -0.5907 -0.2953,
2.3954 -0.5912 -0.2953,
2.4165 -0.5546 -0.2559,
2.4108 -0.5336 -0.2362,
2.4203 -0.5353 -0.2362,
2.3993 -0.5520 -0.2559,
2.3915 -0.5317 -0.2362,
2.4012 -0.5324 -0.2362,
-0.4535 -0.7129 -0.2756,
-0.4731 -0.7148 -0.2953,
-0.4739 -0.7081 -0.2953,
-0.4726 -0.7216 -0.2953,
-0.4724 -0.7283 -0.2953,
-0.4558 -0.6976 -0.2756,
-0.4751 -0.7015 -0.2953,
-0.4766 -0.6949 -0.2953,
-0.4339 -0.7110 -0.2559,
-0.4155 -0.6995 -0.2362,
-0.4143 -0.7091 -0.2362,
-0.4136 -0.7187 -0.2362,
-0.4134 -0.7283 -0.2362,
-0.4595 -0.6826 -0.2756,
-0.4784 -0.6883 -0.2953,
-0.4805 -0.6819 -0.2953,
-0.4365 -0.6938 -0.2559,
-0.4193 -0.6805 -0.2362,
-0.4172 -0.6899 -0.2362,
-0.4647 -0.6681 -0.2756,
-0.4829 -0.6756 -0.2953,
-0.4857 -0.6694 -0.2953,
-0.4407 -0.6769 -0.2559,
-0.4249 -0.6620 -0.2362,
-0.4219 -0.6712 -0.2362,
-0.4714 -0.6541 -0.2756,
-0.4887 -0.6634 -0.2953,
-0.4920 -0.6575 -0.2953,
-0.4466 -0.6605 -0.2559,
-0.4323 -0.6442 -0.2362,
-0.4284 -0.6530 -0.2362,
-0.4793 -0.6409 -0.2756,
-0.4957 -0.6518 -0.2953,
-0.4996 -0.6463 -0.2953,
-0.4540 -0.6448 -0.2559,
-0.4414 -0.6271 -0.2362,
-0.4366 -0.6356 -0.2362,
-0.4885 -0.6284 -0.2756,
-0.5037 -0.6409 -0.2953,
-0.5081 -0.6358 -0.2953,
-0.4629 -0.6299 -0.2559,
-0.4521 -0.6111 -0.2362,
-0.4466 -0.6190 -0.2362,
-0.4989 -0.6170 -0.2756,
-0.5128 -0.6309 -0.2953,
-0.5177 -0.6262 -0.2953,
-0.4733 -0.6160 -0.2559,
-0.4644 -0.5961 -0.2362,
-0.4581 -0.6035 -0.2362,
-0.5103 -0.6066 -0.2756,
-0.5228 -0.6218 -0.2953,
-0.5282 -0.6177 -0.2953,
-0.4850 -0.6031 -0.2559,
-0.4780 -0.5825 -0.2362,
-0.4710 -0.5892 -0.2362,
-0.5227 -0.5974 -0.2756,
-0.5337 -0.6138 -0.2953,
-0.5394 -0.6102 -0.2953,
-0.4978 -0.5914 -0.2559,
-0.4930 -0.5702 -0.2362,
-0.4854 -0.5762 -0.2362,
-0.5360 -0.5895 -0.2756,
-0.5453 -0.6068 -0.2953,
-0.5513 -0.6038 -0.2953,
-0.5118 -0.5810 -0.2559,
-0.5090 -0.5595 -0.2362,
-0.5009 -0.5647 -0.2362,
-0.5500 -0.5829 -0.2756,
-0.5575 -0.6010 -0.2953,
-0.5638 -0.5986 -0.2953,
-0.5267 -0.5721 -0.2559,
-0.5261 -0.5504 -0.2362,
-0.5174 -0.5547 -0.2362,
-0.5645 -0.5776 -0.2756,
-0.5702 -0.5965 -0.2953,
-0.5768 -0.5947 -0.2953,
-0.5424 -0.5647 -0.2559,
-0.5439 -0.5430 -0.2362,
-0.5349 -0.5465 -0.2362,
-0.5795 -0.5739 -0.2756,
-0.5834 -0.5932 -0.2953,
-0.5900 -0.5920 -0.2953,
-0.5588 -0.5588 -0.2559,
-0.5624 -0.5374 -0.2362,
-0.5531 -0.5400 -0.2362,
-0.5948 -0.5716 -0.2756,
-0.6102 -0.5906 -0.2953,
-0.6102 -0.5315 -0.2362,
-0.6035 -0.5907 -0.2953,
-0.5967 -0.5912 -0.2953,
-0.5757 -0.5546 -0.2559,
-0.5814 -0.5336 -0.2362,
-0.5718 -0.5353 -0.2362,
-0.5929 -0.5520 -0.2559,
-0.6006 -0.5317 -0.2362,
-0.5909 -0.5324 -0.2362,
-0.5948 -0.8851 -0.2756,
-0.5967 -0.8655 -0.2953,
-0.5900 -0.8646 -0.2953,
-0.6035 -0.8660 -0.2953,
-0.6102 -0.8661 -0.2953,
-0.5795 -0.8828 -0.2756,
-0.5834 -0.8635 -0.2953,
-0.5768 -0.8620 -0.2953,
-0.5929 -0.9047 -0.2559,
-0.6102 -0.9252 -0.2362,
-0.5814 -0.9231 -0.2362,
-0.5909 -0.9242 -0.2362,
-0.6006 -0.9250 -0.2362,
-0.5645 -0.8790 -0.2756,
-0.5702 -0.8602 -0.2953,
-0.5638 -0.8581 -0.2953,
-0.5757 -0.9021 -0.2559,
-0.5624 -0.9193 -0.2362,
-0.5718 -0.9214 -0.2362,
-0.5500 -0.8738 -0.2756,
-0.5575 -0.8557 -0.2953,
-0.5513 -0.8529 -0.2953,
-0.5588 -0.8979 -0.2559,
-0.5439 -0.9137 -0.2362,
-0.5531 -0.9167 -0.2362,
-0.5360 -0.8672 -0.2756,
-0.5453 -0.8499 -0.2953,
-0.5394 -0.8465 -0.2953,
-0.5424 -0.8920 -0.2559,
-0.5261 -0.9063 -0.2362,
-0.5349 -0.9102 -0.2362,
-0.5227 -0.8593 -0.2756,
-0.5337 -0.8429 -0.2953,
-0.5282 -0.8390 -0.2953,
-0.5267 -0.8846 -0.2559,
-0.5090 -0.8972 -0.2362,
-0.5174 -0.9020 -0.2362,
-0.5103 -0.8501 -0.2756,
-0.5228 -0.8349 -0.2953,
-0.5177 -0.8304 -0.2953,
-0.5118 -0.8757 -0.2559,
-0.4930 -0.8865 -0.2362,
-0.5009 -0.8920 -0.2362,
-0.4989 -0.8397 -0.2756,
-0.5128 -0.8258 -0.2953,
-0.5081 -0.8209 -0.2953,
-0.4978 -0.8653 -0.2559,
-0.4780 -0.8742 -0.2362,
-0.4854 -0.8805 -0.2362,
-0.4885 -0.8282 -0.2756,
-0.5037 -0.8158 -0.2953,
-0.4996 -0.8104 -0.2953,
-0.4850 -0.8536 -0.2559,
-0.4644 -0.8605 -0.2362,
-0.4710 -0.8675 -0.2362,
-0.4793 -0.8158 -0.2756,
-0.4957 -0.8049 -0.2953,
-0.4920 -0.7992 -0.2953,
-0.4733 -0.8407 -0.2559,
-0.4521 -0.8456 -0.2362,
-0.4581 -0.8532 -0.2362,
-0.4714 -0.8026 -0.2756,
-0.4887 -0.7933 -0.2953,
-0.4857 -0.7873 -0.2953,
-0.4629 -0.8268 -0.2559,
-0.4414 -0.8295 -0.2362,
-0.4466 -0.8377 -0.2362,
-0.4647 -0.7886 -0.2756,
-0.4829 -0.7811 -0.2953,
-0.4805 -0.7748 -0.2953,
-0.4540 -0.8119 -0.2559,
-0.4323 -0.8125 -0.2362,
-0.4366 -0.8211 -0.2362,
-0.4595 -0.7741 -0.2756,
-0.4784 -0.7683 -0.2953,
-0.4766 -0.7618 -0.2953,
-0.4466 -0.7961 -0.2559,
-0.4249 -0.7947 -0.2362,
-0.4284 -0.8037 -0.2362,
-0.4558 -0.7591 -0.2756,
-0.4751 -0.7552 -0.2953,
-0.4739 -0.7486 -0.2953,
-0.4407 -0.7798 -0.2559,
-0.4193 -0.7762 -0.2362,
-0.4219 -0.7855 -0.2362,
-0.4535 -0.7438 -0.2756,
-0.4726 -0.7351 -0.2953,
-0.4724 -0.7283 -0.2953,
-0.4731 -0.7419 -0.2953,
-0.4365 -0.7629 -0.2559,
-0.4155 -0.7572 -0.2362,
-0.4172 -0.7668 -0.2362,
-0.4339 -0.7457 -0.2559,
-0.4134 -0.7283 -0.2362,
-0.4136 -0.7380 -0.2362,
-0.4143 -0.7476 -0.2362,
-0.2953 0.1772 1.3937,
-0.7874 0.1772 0.0591,
-0.7874 0.1772 2.0669,
-0.2953 0.1772 0.0591,
2.5591 0.1772 2.0669,
2.0669 0.1772 1.3937,
2.5591 0.1772 0.0591,
2.0669 0.1772 0.0591,
-0.8661 0.0984 2.0669,
-0.8268 0.1378 2.1063,
-0.7874 0.1772 2.0669,
-0.7874 0.1772 0.0591,
-0.8661 0.0984 0.0197,
-0.8465 0.1181 0.0000,
2.5591 0.0984 2.1457,
2.5984 0.1378 2.1063,
2.5591 0.1772 2.0669,
-0.7874 0.0984 2.1457,
-0.7874 0.1772 2.0669,
-0.8268 0.1378 2.1063,
2.6378 0.0984 0.0197,
2.6181 0.1181 0.0000,
2.5591 0.1772 0.0591,
2.6378 0.0984 2.0669,
2.5591 0.1772 2.0669,
2.5984 0.1378 2.1063,
2.6378 -2.4083 0.7835,
2.6378 -2.5658 0.7835,
2.6378 -2.5984 0.7508,
2.6378 -2.5984 0.0197,
2.6378 -2.2835 0.9083,
2.6378 -0.7283 1.0531,
2.6378 -2.2835 1.0531,
2.6378 0.0984 0.0197,
2.6378 -0.7283 1.6437,
2.6378 -2.2835 2.6378,
2.6378 -2.2835 1.6437,
2.6378 -0.1575 2.0669,
2.6378 0.0984 2.0669,
2.6378 -0.1575 2.6378,
-0.7874 -0.7283 1.0531,
-0.7874 -0.7283 1.6437,
-0.8661 -0.7283 1.6437,
-0.8661 -0.7283 1.0531,
2.6378 -0.7283 1.0531,
2.6378 -0.7283 1.6437,
2.5591 -0.7283 1.6437,
2.5591 -0.7283 1.0531,
-0.8661 -2.4083 0.7835,
-0.8661 -2.5984 0.0197,
-0.8661 -2.5984 0.7508,
-0.8661 -2.5658 0.7835,
-0.8661 -2.2835 0.9083,
-0.8661 -0.7283 1.0531,
-0.8661 0.0984 0.0197,
-0.8661 -2.2835 1.0531,
-0.8661 -0.7283 1.6437,
-0.8661 -2.2835 1.6437,
-0.8661 -2.2835 2.6378,
-0.8661 -0.1575 2.0669,
-0.8661 0.0984 2.0669,
-0.8661 -0.1575 2.6378,
-0.8661 -0.7283 1.0531,
-0.8661 -2.2835 1.0531,
-0.7874 -0.7283 1.0531,
-0.7874 -2.3622 1.0531,
-0.7874 -2.3622 1.0531,
-0.7874 -0.7283 1.6437,
-0.7874 -0.7283 1.0531,
-0.7874 -2.3622 1.6437,
-0.7874 -2.3622 1.6437,
-0.8661 -2.2835 1.6437,
-0.7874 -0.7283 1.6437,
-0.8661 -0.7283 1.6437,
-0.7874 -2.3622 0.9409,
-0.8661 -2.2835 1.0531,
-0.8661 -2.2835 0.9083,
-0.7874 -2.3622 1.0531,
-0.7874 -2.3622 2.6772,
-0.8071 -2.3425 2.6969,
-0.8661 -2.2835 2.6378,
-0.7874 -2.3622 1.6437,
-0.8661 -2.2835 1.6437,
2.5591 -2.3622 1.0531,
2.4213 -2.3622 0.9409,
2.5591 -2.3622 0.9409,
2.5591 -2.3622 1.6437,
2.5591 -2.3622 2.6772,
2.4213 -2.3622 2.4370,
1.7717 -2.3622 2.4370,
1.6142 -2.3622 2.4370,
1.7717 -2.3622 2.0433,
1.6142 -2.3622 2.0433,
-0.6496 -2.3622 0.9409,
-0.7874 -2.3622 1.0531,
-0.7874 -2.3622 0.9409,
-0.7874 -2.3622 1.6437,
0.1575 -2.3622 2.4370,
0.0000 -2.3622 2.4370,
0.1575 -2.3622 2.0433,
0.0000 -2.3622 2.0433,
-0.7874 -2.3622 2.6772,
-0.6496 -2.3622 2.4370,
2.3425 -2.2835 1.2008,
2.4213 -2.3622 2.4370,
2.3425 -2.2835 2.3583,
2.3425 -2.2835 1.0827,
2.3189 -2.2598 1.2008,
2.3189 -2.2598 1.0827,
2.4213 -2.3622 0.9409,
2.3425 -2.2835 0.9083,
2.4213 -2.4409 0.8622,
2.4213 -2.3622 0.9409,
2.3425 -2.2835 0.9083,
2.3425 -2.4083 0.7835,
2.3425 -2.5984 0.4346,
2.3425 -2.5984 0.7508,
2.3425 -2.4007 0.5472,
2.3425 -2.5658 0.7835,
2.3425 -2.4083 0.7835,
2.3425 -2.2835 0.9083,
2.3425 -0.2362 0.5472,
2.3425 -2.2835 1.0827,
2.3425 -0.2362 1.0827,
2.3425 -2.2835 2.3583,
2.3425 -0.2362 2.3583,
2.3425 -2.2835 1.2008,
2.3425 -0.2362 1.2008,
2.3425 -2.5984 0.4346,
2.4213 -2.6772 0.7835,
2.3425 -2.5984 0.7508,
2.4213 -2.6772 0.3898,
-0.6496 -2.6772 0.3898,
-0.6496 -2.6772 0.7835,
-0.7874 -2.6772 0.7835,
-0.7874 -2.6772 0.0591,
0.1299 -2.6772 0.0591,
0.1299 -2.6772 0.3898,
2.4213 -2.6772 0.3898,
2.5591 -2.6772 0.7835,
2.4213 -2.6772 0.7835,
1.6417 -2.6772 0.3898,
1.6417 -2.6772 0.0591,
2.5591 -2.6772 0.0591,
-0.7874 -2.6772 0.0591,
-0.8661 -2.5984 0.0197,
-0.8465 -2.6181 0.0000,
-0.7874 -2.6772 0.7835,
-0.8661 -2.5984 0.7508,
-0.7874 -2.6772 0.7835,
-0.7874 -2.5984 0.8622,
-0.8661 -2.5658 0.7835,
-0.8661 -2.5984 0.7508,
-0.8661 -2.5658 0.7835,
-0.7874 -2.4409 0.8622,
-0.8661 -2.4083 0.7835,
-0.7874 -2.5984 0.8622,
-0.8661 -2.4083 0.7835,
-0.7874 -2.3622 0.9409,
-0.8661 -2.2835 0.9083,
-0.7874 -2.4409 0.8622,
-0.7874 -2.4409 0.8622,
-0.6496 -2.4409 0.8622,
-0.7874 -2.3622 0.9409,
-0.6496 -2.3622 0.9409,
2.4213 -2.4409 0.8622,
2.5591 -2.4409 0.8622,
2.4213 -2.3622 0.9409,
2.5591 -2.3622 0.9409,
-0.5709 -2.2835 0.9083,
-0.6496 -2.3622 0.9409,
-0.6496 -2.4409 0.8622,
-0.5709 -2.4083 0.7835,
-0.5709 -0.2362 2.3583,
-0.5709 -2.2835 2.3583,
-0.5709 -2.2835 1.2008,
-0.5709 -0.2362 1.2008,
-0.5709 -2.5984 0.7508,
-0.5709 -2.5984 0.4346,
-0.5709 -2.4007 0.5472,
-0.5709 -2.4083 0.7835,
-0.5709 -2.5658 0.7835,
-0.5709 -2.2835 0.9083,
-0.5709 -0.2362 0.5472,
-0.5709 -0.2362 1.0827,
-0.5709 -2.2835 1.0827,
1.5354 -1.1220 2.3583,
0.2362 -1.1220 2.3583,
1.5354 -0.2362 2.3583,
0.2362 -0.2362 2.3583,
-0.0787 -2.2835 2.3583,
-0.5709 -2.2835 2.3583,
-0.0787 -0.2362 2.3583,
-0.5709 -0.2362 2.3583,
1.4820 -1.7597 2.3583,
1.5354 -2.2835 2.3583,
1.4764 -1.7598 2.3583,
1.4876 -1.7593 2.3583,
1.4932 -1.7586 2.3583,
1.4987 -1.7577 2.3583,
1.5042 -1.7565 2.3583,
1.5097 -1.7551 2.3583,
1.5150 -1.7533 2.3583,
1.5203 -1.7514 2.3583,
1.5254 -1.7492 2.3583,
1.5305 -1.7467 2.3583,
1.5354 -1.7440 2.3583,
0.2362 -2.2835 2.3583,
0.2953 -1.7598 2.3583,
0.2412 -1.7467 2.3583,
0.2362 -1.7440 2.3583,
0.2462 -1.7492 2.3583,
0.2514 -1.7514 2.3583,
0.2566 -1.7533 2.3583,
0.2620 -1.7551 2.3583,
0.2674 -1.7565 2.3583,
0.2729 -1.7577 2.3583,
0.2785 -1.7586 2.3583,
0.2840 -1.7593 2.3583,
0.2897 -1.7597 2.3583,
2.3425 -2.2835 2.3583,
1.8504 -2.2835 2.3583,
2.3425 -0.2362 2.3583,
1.8504 -0.2362 2.3583,
0.2362 -1.7440 2.3583,
0.2362 -2.2835 2.3583,
0.2362 -2.2835 1.9646,
0.2362 -1.1220 2.3583,
0.2362 -0.2362 1.9646,
0.2362 -0.2362 2.3583,
0.1772 -1.6417 2.3583,
0.2362 -1.1220 2.3583,
0.1772 -1.1220 2.3583,
0.1778 -1.6535 2.3583,
0.1773 -1.6476 2.3583,
0.1785 -1.6593 2.3583,
0.1843 -1.6821 2.3583,
0.1808 -1.6709 2.3583,
0.1824 -1.6765 2.3583,
0.1915 -1.6982 2.3583,
0.1864 -1.6876 2.3583,
0.1889 -1.6930 2.3583,
0.2362 -1.7440 2.3583,
0.1795 -1.6651 2.3583,
0.1977 -1.7083 2.3583,
0.1945 -1.7033 2.3583,
0.2263 -1.7376 2.3583,
0.2312 -1.7409 2.3583,
0.2216 -1.7341 2.3583,
0.2048 -1.7177 2.3583,
0.2011 -1.7130 2.3583,
0.2171 -1.7303 2.3583,
0.2128 -1.7263 2.3583,
0.2087 -1.7221 2.3583,
0.2953 -1.7598 2.3583,
0.2897 -1.7597 2.3583,
0.2953 -1.7598 2.7165,
0.2895 -1.7597 2.7165,
0.2840 -1.7593 2.3583,
0.2837 -1.7593 2.7165,
0.2785 -1.7586 2.3583,
0.2779 -1.7586 2.7165,
0.2729 -1.7577 2.3583,
0.2722 -1.7576 2.7165,
0.2674 -1.7565 2.3583,
0.2666 -1.7563 2.7165,
0.2620 -1.7551 2.3583,
0.2610 -1.7548 2.7165,
0.2566 -1.7533 2.3583,
0.2555 -1.7529 2.7165,
0.2514 -1.7514 2.3583,
0.2501 -1.7509 2.7165,
0.2462 -1.7492 2.3583,
0.2448 -1.7485 2.7165,
0.2412 -1.7467 2.3583,
0.2396 -1.7459 2.7165,
0.2362 -1.7440 2.3583,
0.2346 -1.7430 2.7165,
0.2312 -1.7409 2.3583,
0.2297 -1.7399 2.7165,
0.2263 -1.7376 2.3583,
0.2249 -1.7366 2.7165,
0.2216 -1.7341 2.3583,
0.2203 -1.7330 2.7165,
0.2171 -1.7303 2.3583,
0.2160 -1.7292 2.7165,
0.2128 -1.7263 2.3583,
0.2118 -1.7252 2.7165,
0.2087 -1.7221 2.3583,
0.2078 -1.7211 2.7165,
0.2048 -1.7177 2.3583,
0.2040 -1.7167 2.7165,
0.2011 -1.7130 2.3583,
0.2004 -1.7121 2.7165,
0.1977 -1.7083 2.3583,
0.1971 -1.7074 2.7165,
0.1945 -1.7033 2.3583,
0.1940 -1.7025 2.7165,
0.1915 -1.6982 2.3583,
0.1911 -1.6974 2.7165,
0.1889 -1.6930 2.3583,
0.1885 -1.6922 2.7165,
0.1864 -1.6876 2.3583,
0.1862 -1.6869 2.7165,
0.1843 -1.6821 2.3583,
0.1841 -1.6815 2.7165,
0.1824 -1.6765 2.3583,
0.1823 -1.6760 2.7165,
0.1808 -1.6709 2.3583,
0.1807 -1.6704 2.7165,
0.1795 -1.6651 2.3583,
0.1794 -1.6648 2.7165,
0.1785 -1.6593 2.3583,
0.1784 -1.6591 2.7165,
0.1778 -1.6535 2.3583,
0.1777 -1.6533 2.7165,
0.1773 -1.6476 2.3583,
0.1773 -1.6475 2.7165,
0.1772 -1.6417 2.3583,
0.1772 -1.6417 2.7165,
1.4764 -1.7598 2.7165,
1.4764 -1.7598 2.3583,
0.2953 -1.7598 2.7165,
0.2953 -1.7598 2.3583,
2.5591 -2.3228 2.7165,
2.5591 -0.1575 2.7165,
1.5945 -1.1220 2.7165,
1.5945 -1.6417 2.7165,
1.5943 -1.6475 2.7165,
1.5939 -1.6533 2.7165,
1.5932 -1.6591 2.7165,
1.5922 -1.6648 2.7165,
1.5909 -1.6704 2.7165,
1.5894 -1.6760 2.7165,
1.5876 -1.6815 2.7165,
1.5855 -1.6869 2.7165,
1.5831 -1.6922 2.7165,
1.5805 -1.6974 2.7165,
1.5777 -1.7025 2.7165,
1.5746 -1.7074 2.7165,
1.5712 -1.7121 2.7165,
1.5677 -1.7167 2.7165,
1.5639 -1.7211 2.7165,
1.5599 -1.7252 2.7165,
1.5557 -1.7292 2.7165,
1.5513 -1.7330 2.7165,
1.5467 -1.7366 2.7165,
1.5420 -1.7399 2.7165,
1.5371 -1.7430 2.7165,
1.5321 -1.7459 2.7165,
1.5269 -1.7485 2.7165,
1.5216 -1.7509 2.7165,
1.5162 -1.7529 2.7165,
1.5107 -1.7548 2.7165,
1.5051 -1.7563 2.7165,
1.4994 -1.7576 2.7165,
1.4937 -1.7586 2.7165,
1.4880 -1.7593 2.7165,
1.4822 -1.7597 2.7165,
1.4764 -1.7598 2.7165,
0.1772 -1.1220 2.7165,
-0.7874 -0.1575 2.7165,
-0.7874 -2.3228 2.7165,
0.1773 -1.6475 2.7165,
0.1772 -1.6417 2.7165,
0.1777 -1.6533 2.7165,
0.1784 -1.6591 2.7165,
0.1794 -1.6648 2.7165,
0.1807 -1.6704 2.7165,
0.1823 -1.6760 2.7165,
0.1841 -1.6815 2.7165,
0.1862 -1.6869 2.7165,
0.1885 -1.6922 2.7165,
0.1911 -1.6974 2.7165,
0.1940 -1.7025 2.7165,
0.1971 -1.7074 2.7165,
0.2004 -1.7121 2.7165,
0.2040 -1.7167 2.7165,
0.2078 -1.7211 2.7165,
0.2118 -1.7252 2.7165,
0.2160 -1.7292 2.7165,
0.2203 -1.7330 2.7165,
0.2249 -1.7366 2.7165,
0.2297 -1.7399 2.7165,
0.2346 -1.7430 2.7165,
0.2396 -1.7459 2.7165,
0.2448 -1.7485 2.7165,
0.2501 -1.7509 2.7165,
0.2555 -1.7529 2.7165,
0.2610 -1.7548 2.7165,
0.2666 -1.7563 2.7165,
0.2722 -1.7576 2.7165,
0.2779 -1.7586 2.7165,
0.2837 -1.7593 2.7165,
0.2895 -1.7597 2.7165,
0.2953 -1.7598 2.7165,
0.1772 -1.1220 2.3583,
0.1772 -1.1220 2.7165,
0.1772 -1.6417 2.3583,
0.1772 -1.6417 2.7165,
1.5945 -1.1220 2.3583,
1.5945 -1.1220 2.7165,
1.5354 -1.1220 2.3583,
0.1772 -1.1220 2.7165,
0.2362 -1.1220 2.3583,
0.1772 -1.1220 2.3583,
1.5945 -1.6417 2.7165,
1.5945 -1.1220 2.7165,
1.5945 -1.6417 2.3583,
1.5945 -1.1220 2.3583,
1.5945 -1.6417 2.7165,
1.5945 -1.6417 2.3583,
1.5943 -1.6475 2.7165,
1.5943 -1.6476 2.3583,
1.5939 -1.6533 2.7165,
1.5939 -1.6535 2.3583,
1.5932 -1.6591 2.7165,
1.5932 -1.6593 2.3583,
1.5922 -1.6648 2.7165,
1.5921 -1.6651 2.3583,
1.5909 -1.6704 2.7165,
1.5908 -1.6709 2.3583,
1.5894 -1.6760 2.7165,
1.5892 -1.6765 2.3583,
1.5876 -1.6815 2.7165,
1.5874 -1.6821 2.3583,
1.5855 -1.6869 2.7165,
1.5852 -1.6876 2.3583,
1.5831 -1.6922 2.7165,
1.5828 -1.6930 2.3583,
1.5805 -1.6974 2.7165,
1.5801 -1.6982 2.3583,
1.5777 -1.7025 2.7165,
1.5772 -1.7033 2.3583,
1.5746 -1.7074 2.7165,
1.5740 -1.7083 2.3583,
1.5712 -1.7121 2.7165,
1.5705 -1.7130 2.3583,
1.5677 -1.7167 2.7165,
1.5669 -1.7177 2.3583,
1.5639 -1.7211 2.7165,
1.5630 -1.7221 2.3583,
1.5599 -1.7252 2.7165,
1.5588 -1.7263 2.3583,
1.5557 -1.7292 2.7165,
1.5545 -1.7303 2.3583,
1.5513 -1.7330 2.7165,
1.5500 -1.7341 2.3583,
1.5467 -1.7366 2.7165,
1.5453 -1.7376 2.3583,
1.5420 -1.7399 2.7165,
1.5405 -1.7409 2.3583,
1.5371 -1.7430 2.7165,
1.5354 -1.7440 2.3583,
1.5321 -1.7459 2.7165,
1.5305 -1.7467 2.3583,
1.5269 -1.7485 2.7165,
1.5254 -1.7492 2.3583,
1.5216 -1.7509 2.7165,
1.5203 -1.7514 2.3583,
1.5162 -1.7529 2.7165,
1.5150 -1.7533 2.3583,
1.5107 -1.7548 2.7165,
1.5097 -1.7551 2.3583,
1.5051 -1.7563 2.7165,
1.5042 -1.7565 2.3583,
1.4994 -1.7576 2.7165,
1.4987 -1.7577 2.3583,
1.4937 -1.7586 2.7165,
1.4932 -1.7586 2.3583,
1.4880 -1.7593 2.7165,
1.4876 -1.7593 2.3583,
1.4822 -1.7597 2.7165,
1.4820 -1.7597 2.3583,
1.4764 -1.7598 2.7165,
1.4764 -1.7598 2.3583,
1.5945 -1.6417 2.3583,
1.5945 -1.1220 2.3583,
1.5354 -1.1220 2.3583,
1.5932 -1.6593 2.3583,
1.5939 -1.6535 2.3583,
1.5943 -1.6476 2.3583,
1.5921 -1.6651 2.3583,
1.5908 -1.6709 2.3583,
1.5772 -1.7033 2.3583,
1.5801 -1.6982 2.3583,
1.5828 -1.6930 2.3583,
1.5630 -1.7221 2.3583,
1.5669 -1.7177 2.3583,
1.5705 -1.7130 2.3583,
1.5354 -1.7440 2.3583,
1.5405 -1.7409 2.3583,
1.5453 -1.7376 2.3583,
1.5500 -1.7341 2.3583,
1.5545 -1.7303 2.3583,
1.5588 -1.7263 2.3583,
1.5740 -1.7083 2.3583,
1.5852 -1.6876 2.3583,
1.5874 -1.6821 2.3583,
1.5892 -1.6765 2.3583,
1.5354 -1.7440 2.3583,
1.5354 -2.2835 1.9646,
1.5354 -2.2835 2.3583,
1.5354 -1.1220 2.3583,
1.5354 -0.2362 1.9646,
1.5354 -0.2362 2.3583,
1.6142 -2.3622 2.0433,
1.5354 -2.2835 2.3583,
1.5354 -2.2835 1.9646,
1.6142 -2.3622 2.4370,
1.5354 -2.2835 2.3583,
0.1575 -2.3622 2.4370,
0.2362 -2.2835 2.3583,
1.6142 -2.3622 2.4370,
0.2362 -2.2835 2.3583,
0.1575 -2.3622 2.4370,
0.1575 -2.3622 2.0433,
0.2362 -2.2835 1.9646,
0.2362 -2.2835 1.9646,
0.1575 -2.3622 2.0433,
0.0000 -2.3622 2.0433,
-0.0787 -2.2835 1.9646,
-0.0787 -2.2835 1.9646,
-0.0787 -0.2362 1.9646,
0.2362 -0.2362 1.9646,
0.2362 -2.2835 1.9646,
2.3425 -0.2362 0.5472,
2.1260 -0.2362 0.5669,
2.1260 -0.2362 0.5472,
2.3425 -0.2362 1.0827,
2.3189 -0.2362 1.0827,
2.0079 -0.2362 0.5669,
2.3425 -0.2362 1.2008,
2.0079 -0.2362 1.4961,
2.3189 -0.2362 1.2008,
2.3425 -0.2362 2.3583,
1.8504 -0.2362 1.9646,
1.5354 -0.2362 1.9646,
1.8504 -0.2362 2.3583,
-0.3543 -0.2362 0.5669,
-0.5709 -0.2362 0.5472,
-0.3543 -0.2362 0.5472,
-0.2362 -0.2362 0.5669,
-0.5472 -0.2362 1.0827,
-0.5709 -0.2362 1.0827,
-0.2362 -0.2362 1.4961,
-0.5472 -0.2362 1.2008,
-0.5709 -0.2362 1.2008,
0.2362 -0.2362 1.9646,
-0.0787 -0.2362 1.9646,
1.5354 -0.2362 2.3583,
0.2362 -0.2362 2.3583,
-0.0787 -0.2362 2.3583,
-0.5709 -0.2362 2.3583,
-0.3543 -0.2362 0.5669,
-0.3543 -0.2362 0.5472,
-0.3543 -2.3661 0.5669,
-0.3543 -2.4007 0.5472,
-0.5709 -0.2362 0.5472,
-0.5709 -2.4007 0.5472,
-0.3543 -0.2362 0.5472,
-0.3543 -2.4007 0.5472,
1.8209 -0.6417 0.5472,
1.8209 -1.5927 0.5472,
2.0079 -0.6417 0.5472,
1.2303 -0.6417 0.5472,
1.7224 -1.5927 0.5472,
1.7224 -0.6417 0.5472,
1.2303 -1.5927 0.5472,
2.0079 -2.4007 0.5472,
1.4191 -2.3696 0.5472,
1.4134 -2.3642 0.5472,
1.4244 -2.3752 0.5472,
1.4076 -2.3591 0.5472,
1.4294 -2.3812 0.5472,
1.4015 -2.3542 0.5472,
0.6398 -0.6417 0.5472,
0.6398 -1.5927 0.5472,
1.1319 -0.6417 0.5472,
1.1319 -1.5927 0.5472,
1.4342 -2.3873 0.5472,
1.3951 -2.3497 0.5472,
1.4386 -2.3937 0.5472,
1.3886 -2.3455 0.5472,
1.4432 -2.4007 0.5472,
1.3818 -2.3417 0.5472,
1.3749 -2.3382 0.5472,
1.3678 -2.3350 0.5472,
1.3605 -2.3322 0.5472,
1.3531 -2.3297 0.5472,
1.3456 -2.3276 0.5472,
1.3380 -2.3259 0.5472,
1.3304 -2.3246 0.5472,
1.3226 -2.3236 0.5472,
1.3149 -2.3230 0.5472,
1.3071 -2.3228 0.5472,
0.0492 -0.6417 0.5472,
0.5413 -1.5927 0.5472,
0.5413 -0.6417 0.5472,
0.0492 -1.5927 0.5472,
-0.2362 -0.6417 0.5472,
-0.0492 -1.5927 0.5472,
-0.0492 -0.6417 0.5472,
0.4646 -2.3228 0.5472,
0.4568 -2.3230 0.5472,
0.4490 -2.3236 0.5472,
0.4413 -2.3246 0.5472,
0.4336 -2.3259 0.5472,
0.4260 -2.3276 0.5472,
0.4185 -2.3297 0.5472,
0.4112 -2.3322 0.5472,
0.4039 -2.3350 0.5472,
0.3968 -2.3382 0.5472,
0.3899 -2.3417 0.5472,
0.3831 -2.3455 0.5472,
0.3765 -2.3497 0.5472,
0.3702 -2.3542 0.5472,
0.3641 -2.3591 0.5472,
0.3582 -2.3642 0.5472,
0.3526 -2.3696 0.5472,
0.3330 -2.3937 0.5472,
-0.2362 -2.4007 0.5472,
0.3284 -2.4007 0.5472,
0.3375 -2.3873 0.5472,
0.3422 -2.3812 0.5472,
0.3473 -2.3752 0.5472,
2.1260 -0.2362 0.5472,
2.1260 -2.4007 0.5472,
2.3425 -0.2362 0.5472,
2.3425 -2.4007 0.5472,
-0.5709 -2.4007 0.5472,
-0.5709 -2.5984 0.4346,
-0.3543 -2.4007 0.5472,
-0.2362 -2.4007 0.5472,
-0.3543 -2.3661 0.5669,
-0.2362 -2.3661 0.5669,
-0.6496 -2.6772 0.3898,
0.1299 -2.6772 0.3898,
0.1560 -2.6744 0.3914,
0.1608 -2.6732 0.3920,
0.1516 -2.6753 0.3908,
0.1655 -2.6718 0.3928,
0.1475 -2.6759 0.3905,
0.1433 -2.6765 0.3902,
0.1700 -2.6703 0.3937,
0.1390 -2.6768 0.3899,
0.1745 -2.6685 0.3947,
0.1347 -2.6771 0.3898,
0.1788 -2.6666 0.3958,
0.1323 -2.6771 0.3898,
0.2286 -2.6240 0.4200,
0.3284 -2.4007 0.5472,
0.3301 -2.4698 0.5079,
0.1830 -2.6646 0.3969,
0.2257 -2.6281 0.4177,
0.1871 -2.6624 0.3982,
0.2228 -2.6321 0.4155,
0.1912 -2.6600 0.3995,
0.2197 -2.6358 0.4133,
0.1951 -2.6576 0.4009,
0.2165 -2.6394 0.4113,
0.1989 -2.6549 0.4024,
0.2132 -2.6429 0.4093,
0.2027 -2.6521 0.4040,
0.2098 -2.6461 0.4075,
0.2063 -2.6492 0.4057,
1.4416 -2.4698 0.5079,
1.5431 -2.6240 0.4200,
1.4432 -2.4007 0.5472,
1.6150 -2.6742 0.3914,
1.6189 -2.6750 0.3910,
1.6111 -2.6732 0.3920,
1.6230 -2.6758 0.3906,
1.6073 -2.6722 0.3926,
1.6036 -2.6709 0.3933,
1.6271 -2.6763 0.3902,
1.5999 -2.6696 0.3941,
1.6314 -2.6767 0.3900,
1.5952 -2.6677 0.3952,
1.6362 -2.6770 0.3898,
1.6417 -2.6772 0.3898,
1.5905 -2.6655 0.3964,
1.5864 -2.6634 0.3976,
1.5824 -2.6612 0.3989,
1.5785 -2.6588 0.4002,
1.5747 -2.6563 0.4017,
1.5710 -2.6536 0.4032,
1.5673 -2.6508 0.4048,
1.5638 -2.6479 0.4065,
1.5604 -2.6447 0.4082,
1.5571 -2.6415 0.4101,
1.5539 -2.6380 0.4121,
1.5508 -2.6344 0.4141,
1.5478 -2.6307 0.4163,
1.5454 -2.6274 0.4181,
2.0079 -2.4007 0.5472,
2.1260 -2.3661 0.5669,
2.0079 -2.3661 0.5669,
2.1260 -2.4007 0.5472,
2.3425 -2.5984 0.4346,
2.3425 -2.4007 0.5472,
2.4213 -2.6772 0.3898,
-0.6496 -2.6772 0.7835,
-0.6496 -2.6772 0.3898,
-0.5709 -2.5984 0.4346,
-0.5709 -2.5984 0.7508,
-0.5709 -2.5658 0.7835,
-0.6496 -2.6772 0.7835,
-0.5709 -2.5984 0.7508,
-0.6496 -2.5984 0.8622,
-0.7874 -2.6772 0.7835,
-0.6496 -2.6772 0.7835,
-0.7874 -2.5984 0.8622,
-0.6496 -2.5984 0.8622,
2.4213 -2.6772 0.7835,
2.5591 -2.6772 0.7835,
2.4213 -2.5984 0.8622,
2.5591 -2.5984 0.8622,
-0.7874 -2.4409 0.8622,
-0.7874 -2.5984 0.8622,
-0.6496 -2.4409 0.8622,
-0.6496 -2.5984 0.8622,
2.5591 -2.4409 0.8622,
2.4213 -2.5984 0.8622,
2.5591 -2.5984 0.8622,
2.4213 -2.4409 0.8622,
-0.6496 -2.4409 0.8622,
-0.6496 -2.5984 0.8622,
-0.5709 -2.5658 0.7835,
-0.5709 -2.4083 0.7835,
2.5591 -2.4409 0.8622,
2.5591 -2.5984 0.8622,
2.6378 -2.5658 0.7835,
2.6378 -2.4083 0.7835,
2.5591 -2.5984 0.8622,
2.5591 -2.6772 0.7835,
2.6378 -2.5984 0.7508,
2.6378 -2.5658 0.7835,
2.6378 -2.5984 0.0197,
2.5591 -2.6772 0.0591,
2.6181 -2.6181 0.0000,
2.6378 -2.5984 0.7508,
2.5591 -2.6772 0.7835,
2.6378 0.0984 0.0197,
2.5984 0.0984 -0.0197,
2.6181 0.1181 0.0000,
2.6378 -2.5984 0.0197,
2.6181 -2.6181 0.0000,
2.5984 -2.5984 -0.0197,
2.5591 0.1772 0.0591,
2.0669 0.0984 -0.0197,
2.0669 0.1772 0.0591,
2.5984 0.0984 -0.0197,
2.6181 0.1181 0.0000,
2.0669 -1.3780 0.0984,
2.0669 0.0591 0.0984,
2.0669 -1.3780 -0.0197,
2.0669 0.0984 -0.0197,
2.0669 0.1772 0.0591,
2.0669 0.0591 1.3937,
2.0669 0.1772 1.3937,
2.0669 0.1772 1.3937,
-0.2953 0.0591 1.3937,
-0.2953 0.1772 1.3937,
2.0669 0.0591 1.3937,
-0.2953 0.0984 -0.0197,
-0.2953 0.0591 0.0984,
-0.2953 -1.3780 -0.0197,
-0.2953 -1.3780 0.0984,
-0.2953 0.1772 0.0591,
-0.2953 0.1772 1.3937,
-0.2953 0.0591 1.3937,
-0.8268 0.0984 -0.0197,
-0.8465 0.1181 0.0000,
-0.7874 0.1772 0.0591,
-0.2953 0.0984 -0.0197,
-0.2953 0.1772 0.0591,
-0.8661 0.0984 0.0197,
-0.8465 0.1181 0.0000,
-0.8268 0.0984 -0.0197,
-0.8268 -2.5984 -0.0197,
-0.8661 -2.5984 0.0197,
-0.8465 -2.6181 0.0000,
-0.8268 -2.5984 -0.0197,
-0.7874 -2.6772 0.0591,
-0.8465 -2.6181 0.0000,
0.1299 -2.5984 -0.0197,
0.1299 -2.6772 0.0591,
0.1351 -2.6113 -0.0066,
0.1299 -2.5984 -0.0197,
0.1319 -2.5984 -0.0197,
0.1338 -2.5982 -0.0197,
0.1357 -2.5980 -0.0197,
0.1402 -2.6105 -0.0066,
0.1377 -2.5977 -0.0197,
0.1396 -2.5972 -0.0197,
0.1453 -2.6093 -0.0066,
0.1414 -2.5967 -0.0197,
0.1433 -2.5961 -0.0197,
0.1364 -2.6244 0.0066,
0.1501 -2.6075 -0.0066,
0.1451 -2.5954 -0.0197,
0.1469 -2.5946 -0.0197,
0.1428 -2.6234 0.0066,
0.1548 -2.6053 -0.0066,
0.1486 -2.5937 -0.0197,
0.1503 -2.5927 -0.0197,
0.1491 -2.6218 0.0066,
0.1377 -2.6374 0.0197,
0.1299 -2.6772 0.0591,
0.1593 -2.6026 -0.0066,
0.1519 -2.5917 -0.0197,
0.1535 -2.5906 -0.0197,
0.1552 -2.6196 0.0066,
0.1454 -2.6363 0.0197,
0.1634 -2.5995 -0.0066,
0.1550 -2.5894 -0.0197,
0.1565 -2.5881 -0.0197,
0.1611 -2.6168 0.0066,
0.1529 -2.6344 0.0197,
0.1672 -2.5960 -0.0066,
0.1579 -2.5867 -0.0197,
0.1592 -2.5853 -0.0197,
0.1390 -2.6505 0.0328,
0.1666 -2.6135 0.0066,
0.1603 -2.6317 0.0197,
0.1707 -2.5921 -0.0066,
0.1605 -2.5838 -0.0197,
0.1617 -2.5823 -0.0197,
0.1628 -2.5807 -0.0197,
0.1480 -2.6491 0.0328,
0.1718 -2.6096 0.0066,
0.1673 -2.6284 0.0197,
0.1568 -2.6469 0.0328,
0.1766 -2.6052 0.0066,
0.1403 -2.6635 0.0459,
0.1358 -2.6770 0.0591,
0.1416 -2.6766 0.0591,
0.1474 -2.6759 0.0591,
0.1739 -2.6243 0.0197,
0.1653 -2.6438 0.0328,
0.1809 -2.6004 0.0066,
0.1505 -2.6620 0.0459,
0.1531 -2.6749 0.0591,
0.1588 -2.6736 0.0591,
0.1802 -2.6197 0.0197,
0.1735 -2.6399 0.0328,
0.1606 -2.6595 0.0459,
0.1644 -2.6720 0.0591,
0.1700 -2.6702 0.0591,
0.1859 -2.6144 0.0197,
0.1813 -2.6352 0.0328,
0.1704 -2.6559 0.0459,
0.1754 -2.6681 0.0591,
0.1807 -2.6657 0.0591,
0.1911 -2.6086 0.0197,
0.2286 -2.6240 0.0591,
0.1885 -2.6298 0.0328,
0.1797 -2.6515 0.0459,
0.1860 -2.6630 0.0591,
0.1910 -2.6601 0.0591,
0.1952 -2.6237 0.0328,
0.1886 -2.6461 0.0459,
0.1959 -2.6570 0.0591,
0.2007 -2.6536 0.0591,
0.2013 -2.6169 0.0328,
0.1969 -2.6399 0.0459,
0.2053 -2.6500 0.0591,
0.2097 -2.6462 0.0591,
0.2046 -2.6329 0.0459,
0.2139 -2.6421 0.0591,
0.2179 -2.6379 0.0591,
0.2115 -2.6252 0.0459,
0.2217 -2.6334 0.0591,
0.2252 -2.6288 0.0591,
0.1323 -2.6771 0.3898,
0.1299 -2.6772 0.0591,
0.1358 -2.6770 0.0591,
0.1299 -2.6772 0.3898,
0.1347 -2.6771 0.3898,
0.1390 -2.6768 0.3899,
0.1416 -2.6766 0.0591,
0.1433 -2.6765 0.3902,
0.1474 -2.6759 0.0591,
0.1475 -2.6759 0.3905,
0.1516 -2.6753 0.3908,
0.1531 -2.6749 0.0591,
0.1560 -2.6744 0.3914,
0.1588 -2.6736 0.0591,
0.1608 -2.6732 0.3920,
0.1644 -2.6720 0.0591,
0.1655 -2.6718 0.3928,
0.1700 -2.6702 0.0591,
0.1700 -2.6703 0.3937,
0.1745 -2.6685 0.3947,
0.1754 -2.6681 0.0591,
0.1788 -2.6666 0.3958,
0.1807 -2.6657 0.0591,
0.1830 -2.6646 0.3969,
0.1860 -2.6630 0.0591,
0.1871 -2.6624 0.3982,
0.1910 -2.6601 0.0591,
0.1912 -2.6600 0.3995,
0.1951 -2.6576 0.4009,
0.1959 -2.6570 0.0591,
0.1989 -2.6549 0.4024,
0.2007 -2.6536 0.0591,
0.2027 -2.6521 0.4040,
0.2053 -2.6500 0.0591,
0.2063 -2.6492 0.4057,
0.2097 -2.6462 0.0591,
0.2098 -2.6461 0.4075,
0.2132 -2.6429 0.4093,
0.2139 -2.6421 0.0591,
0.2165 -2.6394 0.4113,
0.2179 -2.6379 0.0591,
0.2197 -2.6358 0.4133,
0.2217 -2.6334 0.0591,
0.2228 -2.6321 0.4155,
0.2252 -2.6288 0.0591,
0.2257 -2.6281 0.4177,
0.2286 -2.6240 0.0591,
0.2286 -2.6240 0.4200,
0.2286 -2.6240 0.4200,
0.3659 -2.4154 0.0591,
0.3301 -2.4698 0.5079,
0.3659 -2.4154 0.5079,
0.2286 -2.6240 0.0591,
0.3659 -2.4154 0.0591,
0.1628 -2.5807 -0.0197,
0.3001 -2.3721 -0.0197,
0.2286 -2.6240 0.0591,
0.3659 -2.4154 0.0591,
0.3575 -2.3936 0.0394,
0.3692 -2.4106 0.0591,
0.3728 -2.4060 0.0591,
0.3766 -2.4015 0.0591,
0.3666 -2.3834 0.0394,
0.3806 -2.3973 0.0591,
0.3848 -2.3932 0.0591,
0.3001 -2.3721 -0.0197,
0.3422 -2.3812 0.0197,
0.3766 -2.3742 0.0394,
0.3892 -2.3894 0.0591,
0.3938 -2.3858 0.0591,
0.3526 -2.3696 0.0197,
0.3875 -2.3661 0.0394,
0.3985 -2.3824 0.0591,
0.4035 -2.3792 0.0591,
0.3269 -2.3688 0.0000,
0.3057 -2.3641 -0.0197,
0.3116 -2.3564 -0.0197,
0.3179 -2.3490 -0.0197,
0.3641 -2.3591 0.0197,
0.3992 -2.3590 0.0394,
0.4085 -2.3763 0.0591,
0.4137 -2.3737 0.0591,
0.3386 -2.3557 0.0000,
0.3246 -2.3419 -0.0197,
0.3316 -2.3351 -0.0197,
0.3765 -2.3497 0.0197,
0.4115 -2.3531 0.0394,
0.4191 -2.3713 0.0591,
0.4245 -2.3692 0.0591,
0.3515 -2.3439 0.0000,
0.3390 -2.3287 -0.0197,
0.3466 -2.3227 -0.0197,
0.3899 -2.3417 0.0197,
0.4243 -2.3485 0.0394,
0.4300 -2.3674 0.0591,
0.4357 -2.3658 0.0591,
0.3655 -2.3334 0.0000,
0.3545 -2.3171 -0.0197,
0.3627 -2.3118 -0.0197,
0.4039 -2.3350 0.0197,
0.4375 -2.3452 0.0394,
0.4414 -2.3645 0.0591,
0.4471 -2.3635 0.0591,
0.3805 -2.3244 0.0000,
0.3712 -2.3070 -0.0197,
0.3799 -2.3026 -0.0197,
0.4185 -2.3297 0.0197,
0.4510 -2.3432 0.0394,
0.4529 -2.3628 0.0591,
0.4587 -2.3623 0.0591,
0.4646 -2.3622 0.0591,
0.3963 -2.3168 0.0000,
0.3887 -2.2987 -0.0197,
0.3978 -2.2951 -0.0197,
0.4336 -2.3259 0.0197,
0.4128 -2.3109 0.0000,
0.4070 -2.2921 -0.0197,
0.4164 -2.2894 -0.0197,
0.4490 -2.3236 0.0197,
0.4646 -2.2835 -0.0197,
0.4259 -2.2873 -0.0197,
0.4298 -2.3066 0.0000,
0.4355 -2.2856 -0.0197,
0.4451 -2.2844 -0.0197,
0.4471 -2.3040 0.0000,
0.4548 -2.2837 -0.0197,
0.4646 -2.3622 0.0591,
0.4646 -2.3622 0.5079,
0.4587 -2.3623 0.0591,
0.4587 -2.3623 0.5079,
0.4529 -2.3628 0.0591,
0.4529 -2.3628 0.5079,
0.4471 -2.3635 0.0591,
0.4471 -2.3635 0.5079,
0.4414 -2.3645 0.0591,
0.4414 -2.3645 0.5079,
0.4357 -2.3658 0.0591,
0.4357 -2.3658 0.5079,
0.4300 -2.3674 0.0591,
0.4300 -2.3674 0.5079,
0.4245 -2.3692 0.0591,
0.4245 -2.3692 0.5079,
0.4191 -2.3713 0.0591,
0.4191 -2.3713 0.5079,
0.4137 -2.3737 0.0591,
0.4137 -2.3737 0.5079,
0.4085 -2.3763 0.0591,
0.4085 -2.3763 0.5079,
0.4035 -2.3792 0.0591,
0.4035 -2.3792 0.5079,
0.3985 -2.3824 0.0591,
0.3985 -2.3824 0.5079,
0.3938 -2.3858 0.0591,
0.3938 -2.3858 0.5079,
0.3892 -2.3894 0.0591,
0.3892 -2.3894 0.5079,
0.3848 -2.3932 0.0591,
0.3848 -2.3932 0.5079,
0.3806 -2.3973 0.0591,
0.3806 -2.3973 0.5079,
0.3766 -2.4015 0.0591,
0.3766 -2.4015 0.5079,
0.3728 -2.4060 0.0591,
0.3728 -2.4060 0.5079,
0.3692 -2.4106 0.0591,
0.3692 -2.4106 0.5079,
0.3659 -2.4154 0.0591,
0.3659 -2.4154 0.5079,
0.4529 -2.3628 0.5079,
0.4516 -2.3497 0.5210,
0.4471 -2.3635 0.5079,
0.4587 -2.3623 0.5079,
0.4646 -2.3622 0.5079,
0.4414 -2.3645 0.5079,
0.4388 -2.3516 0.5210,
0.4357 -2.3658 0.5079,
0.4503 -2.3367 0.5341,
0.4413 -2.3246 0.5472,
0.4490 -2.3236 0.5472,
0.4568 -2.3230 0.5472,
0.4646 -2.3228 0.5472,
0.4300 -2.3674 0.5079,
0.4262 -2.3548 0.5210,
0.4245 -2.3692 0.5079,
0.4260 -2.3276 0.5472,
0.4362 -2.3388 0.5341,
0.4336 -2.3259 0.5472,
0.4191 -2.3713 0.5079,
0.4140 -2.3592 0.5210,
0.4137 -2.3737 0.5079,
0.4112 -2.3322 0.5472,
0.4224 -2.3423 0.5341,
0.4185 -2.3297 0.5472,
0.4085 -2.3763 0.5079,
0.4023 -2.3648 0.5210,
0.4035 -2.3792 0.5079,
0.4090 -2.3471 0.5341,
0.3968 -2.3382 0.5472,
0.4039 -2.3350 0.5472,
0.3985 -2.3824 0.5079,
0.3912 -2.3715 0.5210,
0.3938 -2.3858 0.5079,
0.3961 -2.3532 0.5341,
0.3831 -2.3455 0.5472,
0.3899 -2.3417 0.5472,
0.3808 -2.3793 0.5210,
0.3892 -2.3894 0.5079,
0.3848 -2.3932 0.5079,
0.3702 -2.3542 0.5472,
0.3839 -2.3606 0.5341,
0.3765 -2.3497 0.5472,
0.3806 -2.3973 0.5079,
0.3713 -2.3880 0.5210,
0.3766 -2.4015 0.5079,
0.3582 -2.3642 0.5472,
0.3724 -2.3692 0.5341,
0.3641 -2.3591 0.5472,
0.3692 -2.4106 0.5079,
0.3626 -2.3977 0.5210,
0.3659 -2.4154 0.5079,
0.3728 -2.4060 0.5079,
0.3330 -2.3937 0.5472,
0.3473 -2.3752 0.5472,
0.3619 -2.3788 0.5341,
0.3526 -2.3696 0.5472,
0.3524 -2.3894 0.5341,
0.3375 -2.3873 0.5472,
0.3422 -2.3812 0.5472,
1.3071 -2.3228 0.5472,
0.4646 -2.3228 0.5472,
0.4646 -2.3622 0.5079,
1.3071 -2.3622 0.5079,
1.3988 -2.4060 0.5079,
1.4090 -2.3977 0.5210,
1.3951 -2.4015 0.5079,
1.4024 -2.4106 0.5079,
1.4057 -2.4154 0.5079,
1.3911 -2.3973 0.5079,
1.4004 -2.3880 0.5210,
1.3869 -2.3932 0.5079,
1.4192 -2.3894 0.5341,
1.4244 -2.3752 0.5472,
1.4294 -2.3812 0.5472,
1.4342 -2.3873 0.5472,
1.4386 -2.3937 0.5472,
1.3825 -2.3894 0.5079,
1.3908 -2.3793 0.5210,
1.3779 -2.3858 0.5079,
1.4134 -2.3642 0.5472,
1.4097 -2.3788 0.5341,
1.4191 -2.3696 0.5472,
1.3731 -2.3824 0.5079,
1.3804 -2.3715 0.5210,
1.3682 -2.3792 0.5079,
1.4015 -2.3542 0.5472,
1.3992 -2.3692 0.5341,
1.4076 -2.3591 0.5472,
1.3631 -2.3763 0.5079,
1.3693 -2.3648 0.5210,
1.3579 -2.3737 0.5079,
1.3878 -2.3606 0.5341,
1.3886 -2.3455 0.5472,
1.3951 -2.3497 0.5472,
1.3526 -2.3713 0.5079,
1.3576 -2.3592 0.5210,
1.3471 -2.3692 0.5079,
1.3756 -2.3532 0.5341,
1.3749 -2.3382 0.5472,
1.3818 -2.3417 0.5472,
1.3454 -2.3548 0.5210,
1.3416 -2.3674 0.5079,
1.3360 -2.3658 0.5079,
1.3605 -2.3322 0.5472,
1.3627 -2.3471 0.5341,
1.3678 -2.3350 0.5472,
1.3303 -2.3645 0.5079,
1.3329 -2.3516 0.5210,
1.3245 -2.3635 0.5079,
1.3456 -2.3276 0.5472,
1.3493 -2.3423 0.5341,
1.3531 -2.3297 0.5472,
1.3129 -2.3623 0.5079,
1.3200 -2.3497 0.5210,
1.3071 -2.3622 0.5079,
1.3187 -2.3628 0.5079,
1.3071 -2.3228 0.5472,
1.3304 -2.3246 0.5472,
1.3354 -2.3388 0.5341,
1.3380 -2.3259 0.5472,
1.3213 -2.3367 0.5341,
1.3149 -2.3230 0.5472,
1.3226 -2.3236 0.5472,
1.4432 -2.4007 0.5472,
1.4386 -2.3937 0.5472,
1.4057 -2.4154 0.5079,
1.4416 -2.4698 0.5079,
1.4057 -2.4154 0.0591,
1.4416 -2.4698 0.5079,
1.4057 -2.4154 0.5079,
1.5431 -2.6240 0.0591,
1.5431 -2.6240 0.4200,
1.5431 -2.6240 0.0591,
1.4715 -2.3721 -0.0197,
1.6088 -2.5807 -0.0197,
1.4057 -2.4154 0.0591,
1.6009 -2.5921 -0.0066,
1.6088 -2.5807 -0.0197,
1.6100 -2.5823 -0.0197,
1.6111 -2.5838 -0.0197,
1.6124 -2.5853 -0.0197,
1.6044 -2.5960 -0.0066,
1.6137 -2.5867 -0.0197,
1.6151 -2.5881 -0.0197,
1.6082 -2.5995 -0.0066,
1.6166 -2.5894 -0.0197,
1.6181 -2.5906 -0.0197,
1.5908 -2.6004 0.0066,
1.6124 -2.6026 -0.0066,
1.6197 -2.5917 -0.0197,
1.6214 -2.5927 -0.0197,
1.5951 -2.6052 0.0066,
1.6168 -2.6053 -0.0066,
1.6231 -2.5937 -0.0197,
1.6248 -2.5946 -0.0197,
1.5999 -2.6096 0.0066,
1.5806 -2.6086 0.0197,
1.5431 -2.6240 0.0591,
1.6215 -2.6075 -0.0066,
1.6266 -2.5954 -0.0197,
1.6284 -2.5961 -0.0197,
1.6051 -2.6135 0.0066,
1.5857 -2.6144 0.0197,
1.6264 -2.6093 -0.0066,
1.6302 -2.5967 -0.0197,
1.6321 -2.5972 -0.0197,
1.6106 -2.6168 0.0066,
1.5915 -2.6197 0.0197,
1.6314 -2.6105 -0.0066,
1.6340 -2.5977 -0.0197,
1.6359 -2.5980 -0.0197,
1.5704 -2.6169 0.0328,
1.6165 -2.6196 0.0066,
1.5977 -2.6243 0.0197,
1.6366 -2.6113 -0.0066,
1.6378 -2.5982 -0.0197,
1.6398 -2.5984 -0.0197,
1.6417 -2.5984 -0.0197,
1.5764 -2.6237 0.0328,
1.6226 -2.6218 0.0066,
1.6044 -2.6284 0.0197,
1.5831 -2.6298 0.0328,
1.6288 -2.6234 0.0066,
1.5602 -2.6252 0.0459,
1.5464 -2.6288 0.0591,
1.5500 -2.6334 0.0591,
1.5538 -2.6379 0.0591,
1.6114 -2.6317 0.0197,
1.5904 -2.6352 0.0328,
1.6353 -2.6244 0.0066,
1.5671 -2.6329 0.0459,
1.5578 -2.6421 0.0591,
1.5620 -2.6462 0.0591,
1.6187 -2.6344 0.0197,
1.5981 -2.6399 0.0328,
1.5747 -2.6399 0.0459,
1.5664 -2.6500 0.0591,
1.5710 -2.6536 0.0591,
1.6263 -2.6363 0.0197,
1.6063 -2.6438 0.0328,
1.5830 -2.6461 0.0459,
1.5757 -2.6570 0.0591,
1.5806 -2.6601 0.0591,
1.6340 -2.6374 0.0197,
1.6417 -2.6772 0.0591,
1.6149 -2.6469 0.0328,
1.5919 -2.6515 0.0459,
1.5857 -2.6630 0.0591,
1.5909 -2.6657 0.0591,
1.6237 -2.6491 0.0328,
1.6013 -2.6559 0.0459,
1.5962 -2.6681 0.0591,
1.6017 -2.6702 0.0591,
1.6327 -2.6505 0.0328,
1.6110 -2.6595 0.0459,
1.6072 -2.6720 0.0591,
1.6128 -2.6736 0.0591,
1.6211 -2.6620 0.0459,
1.6185 -2.6749 0.0591,
1.6243 -2.6759 0.0591,
1.6314 -2.6635 0.0459,
1.6301 -2.6766 0.0591,
1.6359 -2.6770 0.0591,
1.5454 -2.6274 0.4181,
1.5431 -2.6240 0.0591,
1.5464 -2.6288 0.0591,
1.5431 -2.6240 0.4200,
1.5478 -2.6307 0.4163,
1.5500 -2.6334 0.0591,
1.5508 -2.6344 0.4141,
1.5538 -2.6379 0.0591,
1.5539 -2.6380 0.4121,
1.5571 -2.6415 0.4101,
1.5578 -2.6421 0.0591,
1.5604 -2.6447 0.4082,
1.5620 -2.6462 0.0591,
1.5638 -2.6479 0.4065,
1.5664 -2.6500 0.0591,
1.5673 -2.6508 0.4048,
1.5710 -2.6536 0.0591,
1.5710 -2.6536 0.4032,
1.5747 -2.6563 0.4017,
1.5757 -2.6570 0.0591,
1.5785 -2.6588 0.4002,
1.5806 -2.6601 0.0591,
1.5824 -2.6612 0.3989,
1.5857 -2.6630 0.0591,
1.5864 -2.6634 0.3976,
1.5909 -2.6657 0.0591,
1.5905 -2.6655 0.3964,
1.5952 -2.6677 0.3952,
1.5962 -2.6681 0.0591,
1.5999 -2.6696 0.3941,
1.6017 -2.6702 0.0591,
1.6036 -2.6709 0.3933,
1.6072 -2.6720 0.0591,
1.6073 -2.6722 0.3926,
1.6111 -2.6732 0.3920,
1.6128 -2.6736 0.0591,
1.6150 -2.6742 0.3914,
1.6185 -2.6749 0.0591,
1.6189 -2.6750 0.3910,
1.6230 -2.6758 0.3906,
1.6243 -2.6759 0.0591,
1.6271 -2.6763 0.3902,
1.6301 -2.6766 0.0591,
1.6314 -2.6767 0.3900,
1.6359 -2.6770 0.0591,
1.6362 -2.6770 0.3898,
1.6417 -2.6772 0.0591,
1.6417 -2.6772 0.3898,
2.5591 -2.6772 0.0591,
1.6417 -2.6772 0.0591,
1.6417 -2.5984 -0.0197,
2.5984 -2.5984 -0.0197,
2.6181 -2.6181 0.0000,
2.5262 -0.5945 -0.0197,
2.5193 -0.5874 -0.0197,
2.5984 0.0984 -0.0197,
2.5121 -0.5808 -0.0197,
2.5327 -0.6018 -0.0197,
2.5046 -0.5744 -0.0197,
2.5388 -0.6095 -0.0197,
2.4968 -0.5685 -0.0197,
2.5445 -0.6175 -0.0197,
2.4887 -0.5630 -0.0197,
2.5499 -0.6257 -0.0197,
2.4803 -0.5579 -0.0197,
2.5548 -0.6342 -0.0197,
2.4717 -0.5532 -0.0197,
2.5592 -0.6429 -0.0197,
2.4629 -0.5489 -0.0197,
2.5633 -0.6519 -0.0197,
2.4538 -0.5451 -0.0197,
2.5669 -0.6610 -0.0197,
2.4446 -0.5417 -0.0197,
2.5700 -0.6703 -0.0197,
2.4352 -0.5389 -0.0197,
2.5727 -0.6798 -0.0197,
2.4257 -0.5364 -0.0197,
2.5748 -0.6893 -0.0197,
2.4161 -0.5345 -0.0197,
2.5765 -0.6990 -0.0197,
2.4064 -0.5330 -0.0197,
2.5778 -0.7087 -0.0197,
2.3966 -0.5320 -0.0197,
2.5785 -0.7185 -0.0197,
2.3868 -0.5316 -0.0197,
2.5787 -0.7283 -0.0197,
2.3770 -0.5316 -0.0197,
2.3672 -0.5320 -0.0197,
2.0669 0.0984 -0.0197,
2.3574 -0.5330 -0.0197,
2.3477 -0.5345 -0.0197,
2.3381 -0.5364 -0.0197,
2.3286 -0.5389 -0.0197,
2.3192 -0.5417 -0.0197,
2.3100 -0.5451 -0.0197,
2.3009 -0.5489 -0.0197,
2.2921 -0.5532 -0.0197,
2.2835 -0.5579 -0.0197,
2.2751 -0.5630 -0.0197,
2.2670 -0.5685 -0.0197,
2.2592 -0.5744 -0.0197,
2.2516 -0.5808 -0.0197,
2.2444 -0.5874 -0.0197,
2.2376 -0.5945 -0.0197,
2.2311 -0.6018 -0.0197,
2.2250 -0.6095 -0.0197,
2.2192 -0.6175 -0.0197,
2.2139 -0.6257 -0.0197,
2.2090 -0.6342 -0.0197,
2.2045 -0.6429 -0.0197,
2.2005 -0.6519 -0.0197,
2.1969 -0.6610 -0.0197,
2.1938 -0.6703 -0.0197,
2.1911 -0.6798 -0.0197,
2.0669 -1.3780 -0.0197,
2.3100 -0.9116 -0.0197,
2.3192 -0.9149 -0.0197,
2.3009 -0.9078 -0.0197,
2.2921 -0.9035 -0.0197,
2.2835 -0.8988 -0.0197,
2.2751 -0.8937 -0.0197,
2.2670 -0.8882 -0.0197,
2.2592 -0.8823 -0.0197,
2.2516 -0.8759 -0.0197,
2.2444 -0.8693 -0.0197,
2.2376 -0.8622 -0.0197,
2.2311 -0.8549 -0.0197,
2.2250 -0.8472 -0.0197,
2.4717 -0.9035 -0.0197,
2.4803 -0.8988 -0.0197,
2.4629 -0.9078 -0.0197,
2.4538 -0.9116 -0.0197,
2.4446 -0.9149 -0.0197,
2.4352 -0.9178 -0.0197,
2.4257 -0.9203 -0.0197,
2.4161 -0.9222 -0.0197,
2.4064 -0.9237 -0.0197,
2.3966 -0.9246 -0.0197,
2.3868 -0.9251 -0.0197,
2.3770 -0.9251 -0.0197,
2.3672 -0.9246 -0.0197,
2.3574 -0.9237 -0.0197,
2.3477 -0.9222 -0.0197,
2.3381 -0.9203 -0.0197,
2.3286 -0.9178 -0.0197,
1.8209 -1.5551 -0.0197,
1.8209 -1.3780 -0.0197,
2.5984 -2.5984 -0.0197,
2.5765 -0.7577 -0.0197,
2.5778 -0.7479 -0.0197,
2.5748 -0.7674 -0.0197,
2.5727 -0.7769 -0.0197,
2.5700 -0.7864 -0.0197,
2.5669 -0.7957 -0.0197,
2.5633 -0.8048 -0.0197,
2.5592 -0.8138 -0.0197,
2.5548 -0.8225 -0.0197,
2.5499 -0.8310 -0.0197,
2.5445 -0.8392 -0.0197,
2.5388 -0.8472 -0.0197,
2.5327 -0.8549 -0.0197,
2.5262 -0.8622 -0.0197,
2.5193 -0.8693 -0.0197,
2.5121 -0.8759 -0.0197,
2.5046 -0.8823 -0.0197,
2.4968 -0.8882 -0.0197,
2.4887 -0.8937 -0.0197,
1.4470 -2.3419 -0.0197,
1.7224 -1.5551 -0.0197,
1.4400 -2.3351 -0.0197,
1.4537 -2.3490 -0.0197,
1.4327 -2.3287 -0.0197,
1.4600 -2.3564 -0.0197,
1.4251 -2.3227 -0.0197,
1.4660 -2.3641 -0.0197,
1.4171 -2.3171 -0.0197,
1.4715 -2.3721 -0.0197,
1.4089 -2.3118 -0.0197,
1.4005 -2.3070 -0.0197,
1.3918 -2.3026 -0.0197,
0.6398 -1.5551 -0.0197,
0.6398 -1.3780 -0.0197,
1.7224 -1.3780 -0.0197,
1.3829 -2.2987 -0.0197,
1.3739 -2.2951 -0.0197,
1.3646 -2.2921 -0.0197,
1.3552 -2.2894 -0.0197,
1.3458 -2.2873 -0.0197,
1.3362 -2.2856 -0.0197,
1.6417 -2.5984 -0.0197,
1.3265 -2.2844 -0.0197,
1.3168 -2.2837 -0.0197,
1.6088 -2.5807 -0.0197,
1.6231 -2.5937 -0.0197,
1.6214 -2.5927 -0.0197,
1.6248 -2.5946 -0.0197,
1.6266 -2.5954 -0.0197,
1.6284 -2.5961 -0.0197,
1.6302 -2.5967 -0.0197,
1.6321 -2.5972 -0.0197,
1.6340 -2.5977 -0.0197,
1.6359 -2.5980 -0.0197,
1.6378 -2.5982 -0.0197,
1.6398 -2.5984 -0.0197,
1.6197 -2.5917 -0.0197,
1.6181 -2.5906 -0.0197,
1.6111 -2.5838 -0.0197,
1.6100 -2.5823 -0.0197,
1.6166 -2.5894 -0.0197,
1.6124 -2.5853 -0.0197,
1.6151 -2.5881 -0.0197,
1.6137 -2.5867 -0.0197,
1.3071 -2.2835 -0.0197,
-0.4659 -0.5945 -0.0197,
-0.4728 -0.5874 -0.0197,
-0.2953 0.0984 -0.0197,
-0.4800 -0.5808 -0.0197,
-0.4594 -0.6018 -0.0197,
-0.4875 -0.5744 -0.0197,
-0.4533 -0.6095 -0.0197,
-0.4953 -0.5685 -0.0197,
-0.4476 -0.6175 -0.0197,
-0.5034 -0.5630 -0.0197,
-0.4423 -0.6257 -0.0197,
-0.5118 -0.5579 -0.0197,
-0.4374 -0.6342 -0.0197,
-0.5204 -0.5532 -0.0197,
-0.4329 -0.6429 -0.0197,
-0.5293 -0.5489 -0.0197,
-0.4288 -0.6519 -0.0197,
-0.5383 -0.5451 -0.0197,
-0.4253 -0.6610 -0.0197,
-0.5475 -0.5417 -0.0197,
-0.4221 -0.6703 -0.0197,
-0.5569 -0.5389 -0.0197,
-0.4195 -0.6798 -0.0197,
-0.5664 -0.5364 -0.0197,
-0.5761 -0.5345 -0.0197,
-0.5858 -0.5330 -0.0197,
-0.5955 -0.5320 -0.0197,
-0.8268 0.0984 -0.0197,
-0.6053 -0.5316 -0.0197,
-0.6151 -0.5316 -0.0197,
-0.6249 -0.5320 -0.0197,
-0.6347 -0.5330 -0.0197,
-0.6444 -0.5345 -0.0197,
-0.6540 -0.5364 -0.0197,
-0.6636 -0.5389 -0.0197,
-0.6729 -0.5417 -0.0197,
-0.6822 -0.5451 -0.0197,
-0.6912 -0.5489 -0.0197,
-0.7000 -0.5532 -0.0197,
-0.7087 -0.5579 -0.0197,
-0.7170 -0.5630 -0.0197,
-0.7251 -0.5685 -0.0197,
-0.7330 -0.5744 -0.0197,
-0.7405 -0.5808 -0.0197,
-0.7477 -0.5874 -0.0197,
-0.7545 -0.5945 -0.0197,
-0.7610 -0.6018 -0.0197,
-0.7672 -0.6095 -0.0197,
-0.7729 -0.6175 -0.0197,
-0.7782 -0.6257 -0.0197,
-0.7831 -0.6342 -0.0197,
-0.7876 -0.6429 -0.0197,
-0.7916 -0.6519 -0.0197,
-0.7952 -0.6610 -0.0197,
-0.7983 -0.6703 -0.0197,
-0.8010 -0.6798 -0.0197,
-0.8032 -0.6893 -0.0197,
-0.2953 -1.3780 -0.0197,
-0.4594 -0.8549 -0.0197,
-0.4533 -0.8472 -0.0197,
-0.4659 -0.8622 -0.0197,
-0.4728 -0.8693 -0.0197,
-0.4800 -0.8759 -0.0197,
-0.4875 -0.8823 -0.0197,
-0.4953 -0.8882 -0.0197,
-0.5034 -0.8937 -0.0197,
-0.5118 -0.8988 -0.0197,
-0.5204 -0.9035 -0.0197,
-0.5293 -0.9078 -0.0197,
-0.5383 -0.9116 -0.0197,
-0.5475 -0.9149 -0.0197,
-0.5569 -0.9178 -0.0197,
-0.5664 -0.9203 -0.0197,
-0.5761 -0.9222 -0.0197,
-0.5858 -0.9237 -0.0197,
-0.5955 -0.9246 -0.0197,
-0.6053 -0.9251 -0.0197,
-0.6151 -0.9251 -0.0197,
-0.6249 -0.9246 -0.0197,
-0.6347 -0.9237 -0.0197,
-0.6444 -0.9222 -0.0197,
-0.6540 -0.9203 -0.0197,
-0.6636 -0.9178 -0.0197,
-0.6729 -0.9149 -0.0197,
-0.6822 -0.9116 -0.0197,
-0.6912 -0.9078 -0.0197,
-0.7000 -0.9035 -0.0197,
-0.7087 -0.8988 -0.0197,
0.5413 -1.3780 -0.0197,
0.5413 -1.5551 -0.0197,
-0.4288 -0.8048 -0.0197,
-0.4253 -0.7957 -0.0197,
-0.4329 -0.8138 -0.0197,
-0.4374 -0.8225 -0.0197,
-0.4423 -0.8310 -0.0197,
-0.4476 -0.8392 -0.0197,
0.4646 -2.2835 -0.0197,
0.4548 -2.2837 -0.0197,
0.4451 -2.2844 -0.0197,
0.4355 -2.2856 -0.0197,
0.4259 -2.2873 -0.0197,
0.4164 -2.2894 -0.0197,
0.4070 -2.2921 -0.0197,
0.3978 -2.2951 -0.0197,
0.3887 -2.2987 -0.0197,
0.3799 -2.3026 -0.0197,
0.3712 -2.3070 -0.0197,
0.3627 -2.3118 -0.0197,
0.3545 -2.3171 -0.0197,
0.3466 -2.3227 -0.0197,
0.3390 -2.3287 -0.0197,
0.3316 -2.3351 -0.0197,
0.3246 -2.3419 -0.0197,
0.3179 -2.3490 -0.0197,
0.3116 -2.3564 -0.0197,
0.3057 -2.3641 -0.0197,
0.3001 -2.3721 -0.0197,
0.1299 -2.5984 -0.0197,
0.1628 -2.5807 -0.0197,
0.1338 -2.5982 -0.0197,
0.1319 -2.5984 -0.0197,
0.1357 -2.5980 -0.0197,
0.1377 -2.5977 -0.0197,
0.1396 -2.5972 -0.0197,
0.1414 -2.5967 -0.0197,
0.1433 -2.5961 -0.0197,
0.1451 -2.5954 -0.0197,
0.1469 -2.5946 -0.0197,
0.1486 -2.5937 -0.0197,
0.1503 -2.5927 -0.0197,
0.1519 -2.5917 -0.0197,
0.1535 -2.5906 -0.0197,
0.1550 -2.5894 -0.0197,
0.1565 -2.5881 -0.0197,
0.1579 -2.5867 -0.0197,
0.1592 -2.5853 -0.0197,
0.1605 -2.5838 -0.0197,
0.1617 -2.5823 -0.0197,
-0.8268 -2.5984 -0.0197,
-0.7170 -0.8937 -0.0197,
-0.7251 -0.8882 -0.0197,
-0.7330 -0.8823 -0.0197,
-0.7405 -0.8759 -0.0197,
-0.7477 -0.8693 -0.0197,
-0.7545 -0.8622 -0.0197,
-0.7610 -0.8549 -0.0197,
-0.7672 -0.8472 -0.0197,
-0.7729 -0.8392 -0.0197,
-0.7782 -0.8310 -0.0197,
-0.7831 -0.8225 -0.0197,
-0.8071 -0.7283 -0.0197,
-0.8068 -0.7185 -0.0197,
-0.8061 -0.7087 -0.0197,
-0.8049 -0.6990 -0.0197,
-0.8068 -0.7382 -0.0197,
-0.8061 -0.7479 -0.0197,
-0.8049 -0.7577 -0.0197,
-0.8032 -0.7674 -0.0197,
-0.8010 -0.7769 -0.0197,
-0.7983 -0.7864 -0.0197,
-0.7952 -0.7957 -0.0197,
-0.7916 -0.8048 -0.0197,
-0.7876 -0.8138 -0.0197,
-0.4134 -0.7283 -0.0197,
-0.4136 -0.7382 -0.0197,
-0.4144 -0.7479 -0.0197,
-0.4156 -0.7577 -0.0197,
-0.4173 -0.7674 -0.0197,
-0.4195 -0.7769 -0.0197,
-0.4221 -0.7864 -0.0197,
-0.4136 -0.7185 -0.0197,
-0.4144 -0.7087 -0.0197,
-0.4156 -0.6990 -0.0197,
-0.4173 -0.6893 -0.0197,
2.1850 -0.7283 -0.0197,
2.1853 -0.7185 -0.0197,
2.1860 -0.7087 -0.0197,
2.1872 -0.6990 -0.0197,
2.1889 -0.6893 -0.0197,
2.1853 -0.7382 -0.0197,
2.1860 -0.7479 -0.0197,
2.1872 -0.7577 -0.0197,
2.1889 -0.7674 -0.0197,
2.1911 -0.7769 -0.0197,
2.1938 -0.7864 -0.0197,
2.1969 -0.7957 -0.0197,
2.2005 -0.8048 -0.0197,
2.2045 -0.8138 -0.0197,
2.2090 -0.8225 -0.0197,
2.2139 -0.8310 -0.0197,
2.2192 -0.8392 -0.0197,
2.5785 -0.7382 -0.0197,
-0.8071 -0.7283 -0.0197,
-0.8071 -0.7283 -0.2362,
-0.8068 -0.7380 -0.2362,
-0.8068 -0.7382 -0.0197,
-0.8061 -0.7476 -0.2362,
-0.8061 -0.7479 -0.0197,
-0.8050 -0.7572 -0.2362,
-0.8049 -0.7577 -0.0197,
-0.8033 -0.7668 -0.2362,
-0.8032 -0.7674 -0.0197,
-0.8012 -0.7762 -0.2362,
-0.8010 -0.7769 -0.0197,
-0.7986 -0.7855 -0.2362,
-0.7983 -0.7864 -0.0197,
-0.7956 -0.7947 -0.2362,
-0.7952 -0.7957 -0.0197,
-0.7921 -0.8037 -0.2362,
-0.7916 -0.8048 -0.0197,
-0.7882 -0.8125 -0.2362,
-0.7876 -0.8138 -0.0197,
-0.7838 -0.8211 -0.2362,
-0.7831 -0.8225 -0.0197,
-0.7791 -0.8295 -0.2362,
-0.7782 -0.8310 -0.0197,
-0.7739 -0.8377 -0.2362,
-0.7729 -0.8392 -0.0197,
-0.7683 -0.8456 -0.2362,
-0.7672 -0.8472 -0.0197,
-0.7624 -0.8532 -0.2362,
-0.7610 -0.8549 -0.0197,
-0.7561 -0.8605 -0.2362,
-0.7545 -0.8622 -0.0197,
-0.7494 -0.8675 -0.2362,
-0.7477 -0.8693 -0.0197,
-0.7424 -0.8742 -0.2362,
-0.7405 -0.8759 -0.0197,
-0.7351 -0.8805 -0.2362,
-0.7330 -0.8823 -0.0197,
-0.7275 -0.8865 -0.2362,
-0.7251 -0.8882 -0.0197,
-0.7196 -0.8920 -0.2362,
-0.7170 -0.8937 -0.0197,
-0.7114 -0.8972 -0.2362,
-0.7087 -0.8988 -0.0197,
-0.7030 -0.9020 -0.2362,
-0.7000 -0.9035 -0.0197,
-0.6944 -0.9063 -0.2362,
-0.6912 -0.9078 -0.0197,
-0.6856 -0.9102 -0.2362,
-0.6822 -0.9116 -0.0197,
-0.6766 -0.9137 -0.2362,
-0.6729 -0.9149 -0.0197,
-0.6674 -0.9167 -0.2362,
-0.6636 -0.9178 -0.0197,
-0.6581 -0.9193 -0.2362,
-0.6540 -0.9203 -0.0197,
-0.6486 -0.9214 -0.2362,
-0.6444 -0.9222 -0.0197,
-0.6391 -0.9231 -0.2362,
-0.6347 -0.9237 -0.0197,
-0.6295 -0.9242 -0.2362,
-0.6249 -0.9246 -0.0197,
-0.6199 -0.9250 -0.2362,
-0.6151 -0.9251 -0.0197,
-0.6102 -0.9252 -0.2362,
-0.6053 -0.9251 -0.0197,
-0.6006 -0.9250 -0.2362,
-0.5955 -0.9246 -0.0197,
-0.5909 -0.9242 -0.2362,
-0.5858 -0.9237 -0.0197,
-0.5814 -0.9231 -0.2362,
-0.5761 -0.9222 -0.0197,
-0.5718 -0.9214 -0.2362,
-0.5664 -0.9203 -0.0197,
-0.5624 -0.9193 -0.2362,
-0.5569 -0.9178 -0.0197,
-0.5531 -0.9167 -0.2362,
-0.5475 -0.9149 -0.0197,
-0.5439 -0.9137 -0.2362,
-0.5383 -0.9116 -0.0197,
-0.5349 -0.9102 -0.2362,
-0.5293 -0.9078 -0.0197,
-0.5261 -0.9063 -0.2362,
-0.5204 -0.9035 -0.0197,
-0.5174 -0.9020 -0.2362,
-0.5118 -0.8988 -0.0197,
-0.5090 -0.8972 -0.2362,
-0.5034 -0.8937 -0.0197,
-0.5009 -0.8920 -0.2362,
-0.4953 -0.8882 -0.0197,
-0.4930 -0.8865 -0.2362,
-0.4875 -0.8823 -0.0197,
-0.4854 -0.8805 -0.2362,
-0.4800 -0.8759 -0.0197,
-0.4780 -0.8742 -0.2362,
-0.4728 -0.8693 -0.0197,
-0.4710 -0.8675 -0.2362,
-0.4659 -0.8622 -0.0197,
-0.4644 -0.8605 -0.2362,
-0.4594 -0.8549 -0.0197,
-0.4581 -0.8532 -0.2362,
-0.4533 -0.8472 -0.0197,
-0.4521 -0.8456 -0.2362,
-0.4476 -0.8392 -0.0197,
-0.4466 -0.8377 -0.2362,
-0.4423 -0.8310 -0.0197,
-0.4414 -0.8295 -0.2362,
-0.4374 -0.8225 -0.0197,
-0.4366 -0.8211 -0.2362,
-0.4329 -0.8138 -0.0197,
-0.4323 -0.8125 -0.2362,
-0.4288 -0.8048 -0.0197,
-0.4284 -0.8037 -0.2362,
-0.4253 -0.7957 -0.0197,
-0.4249 -0.7947 -0.2362,
-0.4221 -0.7864 -0.0197,
-0.4219 -0.7855 -0.2362,
-0.4195 -0.7769 -0.0197,
-0.4193 -0.7762 -0.2362,
-0.4173 -0.7674 -0.0197,
-0.4172 -0.7668 -0.2362,
-0.4156 -0.7577 -0.0197,
-0.4155 -0.7572 -0.2362,
-0.4144 -0.7479 -0.0197,
-0.4143 -0.7476 -0.2362,
-0.4136 -0.7382 -0.0197,
-0.4136 -0.7380 -0.2362,
-0.4134 -0.7283 -0.0197,
-0.4134 -0.7283 -0.2362,
-0.7670 -0.7438 -0.2756,
-0.7474 -0.7419 -0.2953,
-0.7465 -0.7486 -0.2953,
-0.7479 -0.7351 -0.2953,
-0.7480 -0.7283 -0.2953,
-0.7647 -0.7591 -0.2756,
-0.7454 -0.7552 -0.2953,
-0.7439 -0.7618 -0.2953,
-0.7865 -0.7457 -0.2559,
-0.8050 -0.7572 -0.2362,
-0.8061 -0.7476 -0.2362,
-0.8068 -0.7380 -0.2362,
-0.8071 -0.7283 -0.2362,
-0.7609 -0.7741 -0.2756,
-0.7421 -0.7683 -0.2953,
-0.7400 -0.7748 -0.2953,
-0.7840 -0.7629 -0.2559,
-0.8012 -0.7762 -0.2362,
-0.8033 -0.7668 -0.2362,
-0.7557 -0.7886 -0.2756,
-0.7375 -0.7811 -0.2953,
-0.7348 -0.7873 -0.2953,
-0.7798 -0.7798 -0.2559,
-0.7956 -0.7947 -0.2362,
-0.7986 -0.7855 -0.2362,
-0.7491 -0.8026 -0.2756,
-0.7318 -0.7933 -0.2953,
-0.7284 -0.7992 -0.2953,
-0.7739 -0.7961 -0.2559,
-0.7882 -0.8125 -0.2362,
-0.7921 -0.8037 -0.2362,
-0.7412 -0.8158 -0.2756,
-0.7248 -0.8049 -0.2953,
-0.7209 -0.8104 -0.2953,
-0.7665 -0.8119 -0.2559,
-0.7791 -0.8295 -0.2362,
-0.7838 -0.8211 -0.2362,
-0.7320 -0.8282 -0.2756,
-0.7168 -0.8158 -0.2953,
-0.7123 -0.8209 -0.2953,
-0.7575 -0.8268 -0.2559,
-0.7683 -0.8456 -0.2362,
-0.7739 -0.8377 -0.2362,
-0.7216 -0.8397 -0.2756,
-0.7077 -0.8258 -0.2953,
-0.7028 -0.8304 -0.2953,
-0.7472 -0.8407 -0.2559,
-0.7561 -0.8605 -0.2362,
-0.7624 -0.8532 -0.2362,
-0.7101 -0.8501 -0.2756,
-0.6977 -0.8349 -0.2953,
-0.6923 -0.8390 -0.2953,
-0.7355 -0.8536 -0.2559,
-0.7424 -0.8742 -0.2362,
-0.7494 -0.8675 -0.2362,
-0.6977 -0.8593 -0.2756,
-0.6868 -0.8429 -0.2953,
-0.6811 -0.8465 -0.2953,
-0.7226 -0.8653 -0.2559,
-0.7275 -0.8865 -0.2362,
-0.7351 -0.8805 -0.2362,
-0.6845 -0.8672 -0.2756,
-0.6752 -0.8499 -0.2953,
-0.6692 -0.8529 -0.2953,
-0.7087 -0.8757 -0.2559,
-0.7114 -0.8972 -0.2362,
-0.7196 -0.8920 -0.2362,
-0.6705 -0.8738 -0.2756,
-0.6630 -0.8557 -0.2953,
-0.6567 -0.8581 -0.2953,
-0.6937 -0.8846 -0.2559,
-0.6944 -0.9063 -0.2362,
-0.7030 -0.9020 -0.2362,
-0.6559 -0.8790 -0.2756,
-0.6502 -0.8602 -0.2953,
-0.6437 -0.8620 -0.2953,
-0.6780 -0.8920 -0.2559,
-0.6766 -0.9137 -0.2362,
-0.6856 -0.9102 -0.2362,
-0.6410 -0.8828 -0.2756,
-0.6371 -0.8635 -0.2953,
-0.6305 -0.8646 -0.2953,
-0.6617 -0.8979 -0.2559,
-0.6581 -0.9193 -0.2362,
-0.6674 -0.9167 -0.2362,
-0.6257 -0.8851 -0.2756,
-0.6102 -0.8661 -0.2953,
-0.6102 -0.9252 -0.2362,
-0.6170 -0.8660 -0.2953,
-0.6237 -0.8655 -0.2953,
-0.6448 -0.9021 -0.2559,
-0.6391 -0.9231 -0.2362,
-0.6486 -0.9214 -0.2362,
-0.6276 -0.9047 -0.2559,
-0.6199 -0.9250 -0.2362,
-0.6295 -0.9242 -0.2362,
-0.5337 -0.6138 -0.2953,
-0.5282 -0.6177 -0.2953,
-0.5228 -0.6218 -0.2953,
-0.5177 -0.6262 -0.2953,
-0.4805 -0.6819 -0.2953,
-0.5081 -0.6358 -0.2953,
-0.5037 -0.6409 -0.2953,
-0.4996 -0.6463 -0.2953,
-0.4957 -0.6518 -0.2953,
-0.4920 -0.6575 -0.2953,
-0.4887 -0.6634 -0.2953,
-0.4857 -0.6694 -0.2953,
-0.4829 -0.6756 -0.2953,
-0.4766 -0.6949 -0.2953,
-0.4784 -0.6883 -0.2953,
-0.4751 -0.7552 -0.2953,
-0.4751 -0.7015 -0.2953,
-0.4739 -0.7081 -0.2953,
-0.4731 -0.7148 -0.2953,
-0.4726 -0.7216 -0.2953,
-0.4724 -0.7283 -0.2953,
-0.4726 -0.7351 -0.2953,
-0.4731 -0.7419 -0.2953,
-0.4739 -0.7486 -0.2953,
-0.6567 -0.5986 -0.2953,
-0.6502 -0.5965 -0.2953,
-0.6437 -0.5947 -0.2953,
-0.6371 -0.5932 -0.2953,
-0.6305 -0.5920 -0.2953,
-0.6237 -0.5912 -0.2953,
-0.6170 -0.5907 -0.2953,
-0.6102 -0.5906 -0.2953,
-0.6035 -0.5907 -0.2953,
-0.5967 -0.5912 -0.2953,
-0.5900 -0.5920 -0.2953,
-0.5834 -0.5932 -0.2953,
-0.5768 -0.5947 -0.2953,
-0.5702 -0.5965 -0.2953,
-0.5638 -0.5986 -0.2953,
-0.4920 -0.7992 -0.2953,
-0.4805 -0.7748 -0.2953,
-0.4829 -0.7811 -0.2953,
-0.4857 -0.7873 -0.2953,
-0.4887 -0.7933 -0.2953,
-0.6868 -0.6138 -0.2953,
-0.6811 -0.6102 -0.2953,
-0.6752 -0.6068 -0.2953,
-0.5037 -0.8158 -0.2953,
-0.4766 -0.7618 -0.2953,
-0.4784 -0.7683 -0.2953,
-0.4957 -0.8049 -0.2953,
-0.4996 -0.8104 -0.2953,
-0.6977 -0.6218 -0.2953,
-0.6923 -0.6177 -0.2953,
-0.6692 -0.6038 -0.2953,
-0.6630 -0.6010 -0.2953,
-0.5177 -0.8304 -0.2953,
-0.5081 -0.8209 -0.2953,
-0.5128 -0.8258 -0.2953,
-0.7123 -0.6358 -0.2953,
-0.7077 -0.6309 -0.2953,
-0.7028 -0.6262 -0.2953,
-0.5228 -0.8349 -0.2953,
-0.5282 -0.8390 -0.2953,
-0.7209 -0.6463 -0.2953,
-0.7168 -0.6409 -0.2953,
-0.5453 -0.8499 -0.2953,
-0.5337 -0.8429 -0.2953,
-0.5394 -0.8465 -0.2953,
-0.7318 -0.6634 -0.2953,
-0.7284 -0.6575 -0.2953,
-0.7248 -0.6518 -0.2953,
-0.5513 -0.8529 -0.2953,
-0.5702 -0.8602 -0.2953,
-0.5575 -0.8557 -0.2953,
-0.5638 -0.8581 -0.2953,
-0.5768 -0.8620 -0.2953,
-0.7439 -0.6949 -0.2953,
-0.7421 -0.6883 -0.2953,
-0.7400 -0.6819 -0.2953,
-0.7454 -0.7015 -0.2953,
-0.7375 -0.6756 -0.2953,
-0.7348 -0.6694 -0.2953,
-0.5900 -0.8646 -0.2953,
-0.5834 -0.8635 -0.2953,
-0.6102 -0.8661 -0.2953,
-0.5967 -0.8655 -0.2953,
-0.6035 -0.8660 -0.2953,
-0.7480 -0.7283 -0.2953,
-0.7479 -0.7216 -0.2953,
-0.7474 -0.7148 -0.2953,
-0.7465 -0.7081 -0.2953,
-0.6170 -0.8660 -0.2953,
-0.7474 -0.7419 -0.2953,
-0.7479 -0.7351 -0.2953,
-0.6371 -0.8635 -0.2953,
-0.6237 -0.8655 -0.2953,
-0.6305 -0.8646 -0.2953,
-0.7421 -0.7683 -0.2953,
-0.7439 -0.7618 -0.2953,
-0.7454 -0.7552 -0.2953,
-0.7465 -0.7486 -0.2953,
-0.7375 -0.7811 -0.2953,
-0.7400 -0.7748 -0.2953,
-0.6692 -0.8529 -0.2953,
-0.6437 -0.8620 -0.2953,
-0.6502 -0.8602 -0.2953,
-0.6567 -0.8581 -0.2953,
-0.6630 -0.8557 -0.2953,
-0.7318 -0.7933 -0.2953,
-0.7348 -0.7873 -0.2953,
-0.6811 -0.8465 -0.2953,
-0.6752 -0.8499 -0.2953,
-0.7248 -0.8049 -0.2953,
-0.7284 -0.7992 -0.2953,
-0.6977 -0.8349 -0.2953,
-0.6868 -0.8429 -0.2953,
-0.6923 -0.8390 -0.2953,
-0.5513 -0.6038 -0.2953,
-0.5453 -0.6068 -0.2953,
-0.5394 -0.6102 -0.2953,
-0.5128 -0.6309 -0.2953,
-0.7168 -0.8158 -0.2953,
-0.7209 -0.8104 -0.2953,
-0.7077 -0.8258 -0.2953,
-0.7028 -0.8304 -0.2953,
-0.7123 -0.8209 -0.2953,
-0.5575 -0.6010 -0.2953,
2.4884 -0.6409 -0.2953,
2.4793 -0.6309 -0.2953,
2.4840 -0.6358 -0.2953,
2.4693 -0.6218 -0.2953,
2.4744 -0.6262 -0.2953,
2.4965 -0.6518 -0.2953,
2.4926 -0.6463 -0.2953,
2.4584 -0.6138 -0.2953,
2.4640 -0.6177 -0.2953,
2.5092 -0.6756 -0.2953,
2.5001 -0.6575 -0.2953,
2.5034 -0.6634 -0.2953,
2.5065 -0.6694 -0.2953,
2.5137 -0.6883 -0.2953,
2.5116 -0.6819 -0.2953,
2.4154 -0.5947 -0.2953,
2.4219 -0.5965 -0.2953,
2.4283 -0.5986 -0.2953,
2.5182 -0.7081 -0.2953,
2.5156 -0.6949 -0.2953,
2.5170 -0.7015 -0.2953,
2.5197 -0.7283 -0.2953,
2.5190 -0.7148 -0.2953,
2.5195 -0.7216 -0.2953,
2.5170 -0.7552 -0.2953,
2.5195 -0.7351 -0.2953,
2.5190 -0.7419 -0.2953,
2.5182 -0.7486 -0.2953,
2.3355 -0.5986 -0.2953,
2.3419 -0.5965 -0.2953,
2.3484 -0.5947 -0.2953,
2.3550 -0.5932 -0.2953,
2.3230 -0.6038 -0.2953,
2.3292 -0.6010 -0.2953,
2.5034 -0.7933 -0.2953,
2.5137 -0.7683 -0.2953,
2.5116 -0.7748 -0.2953,
2.5092 -0.7811 -0.2953,
2.5065 -0.7873 -0.2953,
2.5001 -0.7992 -0.2953,
2.5156 -0.7618 -0.2953,
2.3053 -0.6138 -0.2953,
2.3111 -0.6102 -0.2953,
2.3169 -0.6068 -0.2953,
2.2894 -0.6262 -0.2953,
2.2945 -0.6218 -0.2953,
2.2998 -0.6177 -0.2953,
2.4793 -0.8258 -0.2953,
2.4965 -0.8049 -0.2953,
2.4926 -0.8104 -0.2953,
2.4884 -0.8158 -0.2953,
2.4840 -0.8209 -0.2953,
2.2798 -0.6358 -0.2953,
2.2845 -0.6309 -0.2953,
2.4693 -0.8349 -0.2953,
2.4408 -0.6038 -0.2953,
2.4468 -0.6068 -0.2953,
2.4527 -0.6102 -0.2953,
2.4744 -0.8304 -0.2953,
2.4527 -0.8465 -0.2953,
2.4640 -0.8390 -0.2953,
2.4584 -0.8429 -0.2953,
2.4468 -0.8499 -0.2953,
2.2604 -0.6634 -0.2953,
2.2637 -0.6575 -0.2953,
2.2673 -0.6518 -0.2953,
2.2712 -0.6463 -0.2953,
2.4346 -0.8557 -0.2953,
2.4408 -0.8529 -0.2953,
2.4283 -0.8581 -0.2953,
2.2522 -0.6819 -0.2953,
2.2546 -0.6756 -0.2953,
2.2573 -0.6694 -0.2953,
2.4154 -0.8620 -0.2953,
2.4219 -0.8602 -0.2953,
2.2456 -0.7081 -0.2953,
2.2467 -0.7015 -0.2953,
2.2482 -0.6949 -0.2953,
2.2500 -0.6883 -0.2953,
2.3954 -0.8655 -0.2953,
2.4088 -0.8635 -0.2953,
2.4021 -0.8646 -0.2953,
2.3684 -0.8655 -0.2953,
2.3819 -0.8661 -0.2953,
2.3751 -0.8660 -0.2953,
2.2448 -0.7419 -0.2953,
2.2443 -0.7351 -0.2953,
2.2441 -0.7283 -0.2953,
2.3550 -0.8635 -0.2953,
2.3887 -0.8660 -0.2953,
2.3617 -0.8646 -0.2953,
2.2522 -0.7748 -0.2953,
2.2500 -0.7683 -0.2953,
2.2482 -0.7618 -0.2953,
2.2467 -0.7552 -0.2953,
2.2456 -0.7486 -0.2953,
2.2443 -0.7216 -0.2953,
2.2448 -0.7148 -0.2953,
2.3230 -0.8529 -0.2953,
2.4088 -0.5932 -0.2953,
2.4346 -0.6010 -0.2953,
2.3484 -0.8620 -0.2953,
2.3419 -0.8602 -0.2953,
2.3355 -0.8581 -0.2953,
2.3292 -0.8557 -0.2953,
2.2604 -0.7933 -0.2953,
2.2573 -0.7873 -0.2953,
2.2546 -0.7811 -0.2953,
2.3111 -0.8465 -0.2953,
2.3169 -0.8499 -0.2953,
2.3053 -0.8429 -0.2953,
2.2673 -0.8049 -0.2953,
2.2637 -0.7992 -0.2953,
2.2998 -0.8390 -0.2953,
2.3954 -0.5912 -0.2953,
2.4021 -0.5920 -0.2953,
2.2798 -0.8209 -0.2953,
2.2754 -0.8158 -0.2953,
2.2712 -0.8104 -0.2953,
2.2845 -0.8258 -0.2953,
2.2945 -0.8349 -0.2953,
2.2894 -0.8304 -0.2953,
2.2754 -0.6409 -0.2953,
2.3617 -0.5920 -0.2953,
2.3684 -0.5912 -0.2953,
2.3751 -0.5907 -0.2953,
2.3819 -0.5906 -0.2953,
2.3887 -0.5907 -0.2953,
-0.6257 -0.5716 -0.2756,
-0.6237 -0.5912 -0.2953,
-0.6305 -0.5920 -0.2953,
-0.6170 -0.5907 -0.2953,
-0.6102 -0.5906 -0.2953,
-0.6410 -0.5739 -0.2756,
-0.6371 -0.5932 -0.2953,
-0.6437 -0.5947 -0.2953,
-0.6276 -0.5520 -0.2559,
-0.6102 -0.5315 -0.2362,
-0.6391 -0.5336 -0.2362,
-0.6295 -0.5324 -0.2362,
-0.6199 -0.5317 -0.2362,
-0.6559 -0.5776 -0.2756,
-0.6502 -0.5965 -0.2953,
-0.6567 -0.5986 -0.2953,
-0.6448 -0.5546 -0.2559,
-0.6581 -0.5374 -0.2362,
-0.6486 -0.5353 -0.2362,
-0.6705 -0.5829 -0.2756,
-0.6630 -0.6010 -0.2953,
-0.6692 -0.6038 -0.2953,
-0.6617 -0.5588 -0.2559,
-0.6766 -0.5430 -0.2362,
-0.6674 -0.5400 -0.2362,
-0.6845 -0.5895 -0.2756,
-0.6752 -0.6068 -0.2953,
-0.6811 -0.6102 -0.2953,
-0.6780 -0.5647 -0.2559,
-0.6944 -0.5504 -0.2362,
-0.6856 -0.5465 -0.2362,
-0.6977 -0.5974 -0.2756,
-0.6868 -0.6138 -0.2953,
-0.6923 -0.6177 -0.2953,
-0.6937 -0.5721 -0.2559,
-0.7114 -0.5595 -0.2362,
-0.7030 -0.5547 -0.2362,
-0.7101 -0.6066 -0.2756,
-0.6977 -0.6218 -0.2953,
-0.7028 -0.6262 -0.2953,
-0.7087 -0.5810 -0.2559,
-0.7275 -0.5702 -0.2362,
-0.7196 -0.5647 -0.2362,
-0.7216 -0.6170 -0.2756,
-0.7077 -0.6309 -0.2953,
-0.7123 -0.6358 -0.2953,
-0.7226 -0.5914 -0.2559,
-0.7424 -0.5825 -0.2362,
-0.7351 -0.5762 -0.2362,
-0.7320 -0.6284 -0.2756,
-0.7168 -0.6409 -0.2953,
-0.7209 -0.6463 -0.2953,
-0.7355 -0.6031 -0.2559,
-0.7561 -0.5961 -0.2362,
-0.7494 -0.5892 -0.2362,
-0.7412 -0.6409 -0.2756,
-0.7248 -0.6518 -0.2953,
-0.7284 -0.6575 -0.2953,
-0.7472 -0.6160 -0.2559,
-0.7683 -0.6111 -0.2362,
-0.7624 -0.6035 -0.2362,
-0.7491 -0.6541 -0.2756,
-0.7318 -0.6634 -0.2953,
-0.7348 -0.6694 -0.2953,
-0.7575 -0.6299 -0.2559,
-0.7791 -0.6271 -0.2362,
-0.7739 -0.6190 -0.2362,
-0.7557 -0.6681 -0.2756,
-0.7375 -0.6756 -0.2953,
-0.7400 -0.6819 -0.2953,
-0.7665 -0.6448 -0.2559,
-0.7882 -0.6442 -0.2362,
-0.7838 -0.6356 -0.2362,
-0.7609 -0.6826 -0.2756,
-0.7421 -0.6883 -0.2953,
-0.7439 -0.6949 -0.2953,
-0.7739 -0.6605 -0.2559,
-0.7956 -0.6620 -0.2362,
-0.7921 -0.6530 -0.2362,
-0.7647 -0.6976 -0.2756,
-0.7454 -0.7015 -0.2953,
-0.7465 -0.7081 -0.2953,
-0.7798 -0.6769 -0.2559,
-0.8012 -0.6805 -0.2362,
-0.7986 -0.6712 -0.2362,
-0.7670 -0.7129 -0.2756,
-0.7479 -0.7216 -0.2953,
-0.7480 -0.7283 -0.2953,
-0.7474 -0.7148 -0.2953,
-0.7840 -0.6938 -0.2559,
-0.8050 -0.6995 -0.2362,
-0.8033 -0.6899 -0.2362,
-0.7865 -0.7110 -0.2559,
-0.8071 -0.7283 -0.2362,
-0.8068 -0.7187 -0.2362,
-0.8061 -0.7091 -0.2362,
-0.4134 -0.7283 -0.0197,
-0.4134 -0.7283 -0.2362,
-0.4136 -0.7187 -0.2362,
-0.4136 -0.7185 -0.0197,
-0.4143 -0.7091 -0.2362,
-0.4144 -0.7087 -0.0197,
-0.4155 -0.6995 -0.2362,
-0.4156 -0.6990 -0.0197,
-0.4172 -0.6899 -0.2362,
-0.4173 -0.6893 -0.0197,
-0.4193 -0.6805 -0.2362,
-0.4195 -0.6798 -0.0197,
-0.4219 -0.6712 -0.2362,
-0.4221 -0.6703 -0.0197,
-0.4249 -0.6620 -0.2362,
-0.4253 -0.6610 -0.0197,
-0.4284 -0.6530 -0.2362,
-0.4288 -0.6519 -0.0197,
-0.4323 -0.6442 -0.2362,
-0.4329 -0.6429 -0.0197,
-0.4366 -0.6356 -0.2362,
-0.4374 -0.6342 -0.0197,
-0.4414 -0.6271 -0.2362,
-0.4423 -0.6257 -0.0197,
-0.4466 -0.6190 -0.2362,
-0.4476 -0.6175 -0.0197,
-0.4521 -0.6111 -0.2362,
-0.4533 -0.6095 -0.0197,
-0.4581 -0.6035 -0.2362,
-0.4594 -0.6018 -0.0197,
-0.4644 -0.5961 -0.2362,
-0.4659 -0.5945 -0.0197,
-0.4710 -0.5892 -0.2362,
-0.4728 -0.5874 -0.0197,
-0.4780 -0.5825 -0.2362,
-0.4800 -0.5808 -0.0197,
-0.4854 -0.5762 -0.2362,
-0.4875 -0.5744 -0.0197,
-0.4930 -0.5702 -0.2362,
-0.4953 -0.5685 -0.0197,
-0.5009 -0.5647 -0.2362,
-0.5034 -0.5630 -0.0197,
-0.5090 -0.5595 -0.2362,
-0.5118 -0.5579 -0.0197,
-0.5174 -0.5547 -0.2362,
-0.5204 -0.5532 -0.0197,
-0.5261 -0.5504 -0.2362,
-0.5293 -0.5489 -0.0197,
-0.5349 -0.5465 -0.2362,
-0.5383 -0.5451 -0.0197,
-0.5439 -0.5430 -0.2362,
-0.5475 -0.5417 -0.0197,
-0.5531 -0.5400 -0.2362,
-0.5569 -0.5389 -0.0197,
-0.5624 -0.5374 -0.2362,
-0.5664 -0.5364 -0.0197,
-0.5718 -0.5353 -0.2362,
-0.5761 -0.5345 -0.0197,
-0.5814 -0.5336 -0.2362,
-0.5858 -0.5330 -0.0197,
-0.5909 -0.5324 -0.2362,
-0.5955 -0.5320 -0.0197,
-0.6006 -0.5317 -0.2362,
-0.6053 -0.5316 -0.0197,
-0.6102 -0.5315 -0.2362,
-0.6151 -0.5316 -0.0197,
-0.6199 -0.5317 -0.2362,
-0.6249 -0.5320 -0.0197,
-0.6295 -0.5324 -0.2362,
-0.6347 -0.5330 -0.0197,
-0.6391 -0.5336 -0.2362,
-0.6444 -0.5345 -0.0197,
-0.6486 -0.5353 -0.2362,
-0.6540 -0.5364 -0.0197,
-0.6581 -0.5374 -0.2362,
-0.6636 -0.5389 -0.0197,
-0.6674 -0.5400 -0.2362,
-0.6729 -0.5417 -0.0197,
-0.6766 -0.5430 -0.2362,
-0.6822 -0.5451 -0.0197,
-0.6856 -0.5465 -0.2362,
-0.6912 -0.5489 -0.0197,
-0.6944 -0.5504 -0.2362,
-0.7000 -0.5532 -0.0197,
-0.7030 -0.5547 -0.2362,
-0.7087 -0.5579 -0.0197,
-0.7114 -0.5595 -0.2362,
-0.7170 -0.5630 -0.0197,
-0.7196 -0.5647 -0.2362,
-0.7251 -0.5685 -0.0197,
-0.7275 -0.5702 -0.2362,
-0.7330 -0.5744 -0.0197,
-0.7351 -0.5762 -0.2362,
-0.7405 -0.5808 -0.0197,
-0.7424 -0.5825 -0.2362,
-0.7477 -0.5874 -0.0197,
-0.7494 -0.5892 -0.2362,
-0.7545 -0.5945 -0.0197,
-0.7561 -0.5961 -0.2362,
-0.7610 -0.6018 -0.0197,
-0.7624 -0.6035 -0.2362,
-0.7672 -0.6095 -0.0197,
-0.7683 -0.6111 -0.2362,
-0.7729 -0.6175 -0.0197,
-0.7739 -0.6190 -0.2362,
-0.7782 -0.6257 -0.0197,
-0.7791 -0.6271 -0.2362,
-0.7831 -0.6342 -0.0197,
-0.7838 -0.6356 -0.2362,
-0.7876 -0.6429 -0.0197,
-0.7882 -0.6442 -0.2362,
-0.7916 -0.6519 -0.0197,
-0.7921 -0.6530 -0.2362,
-0.7952 -0.6610 -0.0197,
-0.7956 -0.6620 -0.2362,
-0.7983 -0.6703 -0.0197,
-0.7986 -0.6712 -0.2362,
-0.8010 -0.6798 -0.0197,
-0.8012 -0.6805 -0.2362,
-0.8032 -0.6893 -0.0197,
-0.8033 -0.6899 -0.2362,
-0.8049 -0.6990 -0.0197,
-0.8050 -0.6995 -0.2362,
-0.8061 -0.7087 -0.0197,
-0.8061 -0.7091 -0.2362,
-0.8068 -0.7185 -0.0197,
-0.8068 -0.7187 -0.2362,
-0.8071 -0.7283 -0.0197,
-0.8071 -0.7283 -0.2362,
2.3665 -0.5716 -0.2756,
2.3684 -0.5912 -0.2953,
2.3617 -0.5920 -0.2953,
2.3751 -0.5907 -0.2953,
2.3819 -0.5906 -0.2953,
2.3512 -0.5739 -0.2756,
2.3550 -0.5932 -0.2953,
2.3484 -0.5947 -0.2953,
2.3645 -0.5520 -0.2559,
2.3819 -0.5315 -0.2362,
2.3530 -0.5336 -0.2362,
2.3626 -0.5324 -0.2362,
2.3722 -0.5317 -0.2362,
2.3362 -0.5776 -0.2756,
2.3419 -0.5965 -0.2953,
2.3355 -0.5986 -0.2953,
2.3473 -0.5546 -0.2559,
2.3341 -0.5374 -0.2362,
2.3435 -0.5353 -0.2362,
2.3216 -0.5829 -0.2756,
2.3292 -0.6010 -0.2953,
2.3230 -0.6038 -0.2953,
2.3305 -0.5588 -0.2559,
2.3156 -0.5430 -0.2362,
2.3247 -0.5400 -0.2362,
2.3077 -0.5895 -0.2756,
2.3169 -0.6068 -0.2953,
2.3111 -0.6102 -0.2953,
2.3141 -0.5647 -0.2559,
2.2977 -0.5504 -0.2362,
2.3066 -0.5465 -0.2362,
2.2944 -0.5974 -0.2756,
2.3053 -0.6138 -0.2953,
2.2998 -0.6177 -0.2953,
2.2984 -0.5721 -0.2559,
2.2807 -0.5595 -0.2362,
2.2891 -0.5547 -0.2362,
2.2820 -0.6066 -0.2756,
2.2945 -0.6218 -0.2953,
2.2894 -0.6262 -0.2953,
2.2835 -0.5810 -0.2559,
2.2646 -0.5702 -0.2362,
2.2725 -0.5647 -0.2362,
2.2705 -0.6170 -0.2756,
2.2845 -0.6309 -0.2953,
2.2798 -0.6358 -0.2953,
2.2695 -0.5914 -0.2559,
2.2497 -0.5825 -0.2362,
2.2570 -0.5762 -0.2362,
2.2602 -0.6284 -0.2756,
2.2754 -0.6409 -0.2953,
2.2712 -0.6463 -0.2953,
2.2566 -0.6031 -0.2559,
2.2360 -0.5961 -0.2362,
2.2427 -0.5892 -0.2362,
2.2510 -0.6409 -0.2756,
2.2673 -0.6518 -0.2953,
2.2637 -0.6575 -0.2953,
2.2449 -0.6160 -0.2559,
2.2238 -0.6111 -0.2362,
2.2297 -0.6035 -0.2362,
2.2430 -0.6541 -0.2756,
2.2604 -0.6634 -0.2953,
2.2573 -0.6694 -0.2953,
2.2346 -0.6299 -0.2559,
2.2130 -0.6271 -0.2362,
2.2182 -0.6190 -0.2362,
2.2364 -0.6681 -0.2756,
2.2546 -0.6756 -0.2953,
2.2522 -0.6819 -0.2953,
2.2256 -0.6448 -0.2559,
2.2039 -0.6442 -0.2362,
2.2083 -0.6356 -0.2362,
2.2312 -0.6826 -0.2756,
2.2500 -0.6883 -0.2953,
2.2482 -0.6949 -0.2953,
2.2182 -0.6605 -0.2559,
2.1965 -0.6620 -0.2362,
2.2000 -0.6530 -0.2362,
2.2274 -0.6976 -0.2756,
2.2467 -0.7015 -0.2953,
2.2456 -0.7081 -0.2953,
2.2124 -0.6769 -0.2559,
2.1909 -0.6805 -0.2362,
2.1935 -0.6712 -0.2362,
2.2252 -0.7129 -0.2756,
2.2443 -0.7216 -0.2953,
2.2441 -0.7283 -0.2953,
2.2448 -0.7148 -0.2953,
2.2081 -0.6938 -0.2559,
2.1872 -0.6995 -0.2362,
2.1888 -0.6899 -0.2362,
2.2056 -0.7110 -0.2559,
2.1850 -0.7283 -0.2362,
2.1853 -0.7187 -0.2362,
2.1860 -0.7091 -0.2362,
2.2252 -0.7438 -0.2756,
2.2448 -0.7419 -0.2953,
2.2456 -0.7486 -0.2953,
2.2443 -0.7351 -0.2953,
2.2441 -0.7283 -0.2953,
2.2274 -0.7591 -0.2756,
2.2467 -0.7552 -0.2953,
2.2482 -0.7618 -0.2953,
2.2056 -0.7457 -0.2559,
2.1872 -0.7572 -0.2362,
2.1860 -0.7476 -0.2362,
2.1853 -0.7380 -0.2362,
2.1850 -0.7283 -0.2362,
2.2312 -0.7741 -0.2756,
2.2500 -0.7683 -0.2953,
2.2522 -0.7748 -0.2953,
2.2081 -0.7629 -0.2559,
2.1909 -0.7762 -0.2362,
2.1888 -0.7668 -0.2362,
2.2364 -0.7886 -0.2756,
2.2546 -0.7811 -0.2953,
2.2573 -0.7873 -0.2953,
2.2124 -0.7798 -0.2559,
2.1965 -0.7947 -0.2362,
2.1935 -0.7855 -0.2362,
2.2430 -0.8026 -0.2756,
2.2604 -0.7933 -0.2953,
2.2637 -0.7992 -0.2953,
2.2182 -0.7961 -0.2559,
2.2039 -0.8125 -0.2362,
2.2000 -0.8037 -0.2362,
2.2510 -0.8158 -0.2756,
2.2673 -0.8049 -0.2953,
2.2712 -0.8104 -0.2953,
2.2256 -0.8119 -0.2559,
2.2130 -0.8295 -0.2362,
2.2083 -0.8211 -0.2362,
2.2602 -0.8282 -0.2756,
2.2754 -0.8158 -0.2953,
2.2798 -0.8209 -0.2953,
2.2346 -0.8268 -0.2559,
2.2238 -0.8456 -0.2362,
2.2182 -0.8377 -0.2362,
2.2705 -0.8397 -0.2756,
2.2845 -0.8258 -0.2953,
2.2894 -0.8304 -0.2953,
2.2449 -0.8407 -0.2559,
2.2360 -0.8605 -0.2362,
2.2297 -0.8532 -0.2362,
2.2820 -0.8501 -0.2756,
2.2945 -0.8349 -0.2953,
2.2998 -0.8390 -0.2953,
2.2566 -0.8536 -0.2559,
2.2497 -0.8742 -0.2362,
2.2427 -0.8675 -0.2362,
2.2944 -0.8593 -0.2756,
2.3053 -0.8429 -0.2953,
2.3111 -0.8465 -0.2953,
2.2695 -0.8653 -0.2559,
2.2646 -0.8865 -0.2362,
2.2570 -0.8805 -0.2362,
2.3077 -0.8672 -0.2756,
2.3169 -0.8499 -0.2953,
2.3230 -0.8529 -0.2953,
2.2835 -0.8757 -0.2559,
2.2807 -0.8972 -0.2362,
2.2725 -0.8920 -0.2362,
2.3216 -0.8738 -0.2756,
2.3292 -0.8557 -0.2953,
2.3355 -0.8581 -0.2953,
2.2984 -0.8846 -0.2559,
2.2977 -0.9063 -0.2362,
2.2891 -0.9020 -0.2362,
2.3362 -0.8790 -0.2756,
2.3419 -0.8602 -0.2953,
2.3484 -0.8620 -0.2953,
2.3141 -0.8920 -0.2559,
2.3156 -0.9137 -0.2362,
2.3066 -0.9102 -0.2362,
2.3512 -0.8828 -0.2756,
2.3550 -0.8635 -0.2953,
2.3617 -0.8646 -0.2953,
2.3305 -0.8979 -0.2559,
2.3341 -0.9193 -0.2362,
2.3247 -0.9167 -0.2362,
2.3665 -0.8851 -0.2756,
2.3819 -0.8661 -0.2953,
2.3819 -0.9252 -0.2362,
2.3751 -0.8660 -0.2953,
2.3684 -0.8655 -0.2953,
2.3473 -0.9021 -0.2559,
2.3530 -0.9231 -0.2362,
2.3435 -0.9214 -0.2362,
2.3645 -0.9047 -0.2559,
2.3722 -0.9250 -0.2362,
2.3626 -0.9242 -0.2362,
2.1850 -0.7283 -0.0197,
2.1850 -0.7283 -0.2362,
2.1853 -0.7380 -0.2362,
2.1853 -0.7382 -0.0197,
2.1860 -0.7476 -0.2362,
2.1860 -0.7479 -0.0197,
2.1872 -0.7572 -0.2362,
2.1872 -0.7577 -0.0197,
2.1888 -0.7668 -0.2362,
2.1889 -0.7674 -0.0197,
2.1909 -0.7762 -0.2362,
2.1911 -0.7769 -0.0197,
2.1935 -0.7855 -0.2362,
2.1938 -0.7864 -0.0197,
2.1965 -0.7947 -0.2362,
2.1969 -0.7957 -0.0197,
2.2000 -0.8037 -0.2362,
2.2005 -0.8048 -0.0197,
2.2039 -0.8125 -0.2362,
2.2045 -0.8138 -0.0197,
2.2083 -0.8211 -0.2362,
2.2090 -0.8225 -0.0197,
2.2130 -0.8295 -0.2362,
2.2139 -0.8310 -0.0197,
2.2182 -0.8377 -0.2362,
2.2192 -0.8392 -0.0197,
2.2238 -0.8456 -0.2362,
2.2250 -0.8472 -0.0197,
2.2297 -0.8532 -0.2362,
2.2311 -0.8549 -0.0197,
2.2360 -0.8605 -0.2362,
2.2376 -0.8622 -0.0197,
2.2427 -0.8675 -0.2362,
2.2444 -0.8693 -0.0197,
2.2497 -0.8742 -0.2362,
2.2516 -0.8759 -0.0197,
2.2570 -0.8805 -0.2362,
2.2592 -0.8823 -0.0197,
2.2646 -0.8865 -0.2362,
2.2670 -0.8882 -0.0197,
2.2725 -0.8920 -0.2362,
2.2751 -0.8937 -0.0197,
2.2807 -0.8972 -0.2362,
2.2835 -0.8988 -0.0197,
2.2891 -0.9020 -0.2362,
2.2921 -0.9035 -0.0197,
2.2977 -0.9063 -0.2362,
2.3009 -0.9078 -0.0197,
2.3066 -0.9102 -0.2362,
2.3100 -0.9116 -0.0197,
2.3156 -0.9137 -0.2362,
2.3192 -0.9149 -0.0197,
2.3247 -0.9167 -0.2362,
2.3286 -0.9178 -0.0197,
2.3341 -0.9193 -0.2362,
2.3381 -0.9203 -0.0197,
2.3435 -0.9214 -0.2362,
2.3477 -0.9222 -0.0197,
2.3530 -0.9231 -0.2362,
2.3574 -0.9237 -0.0197,
2.3626 -0.9242 -0.2362,
2.3672 -0.9246 -0.0197,
2.3722 -0.9250 -0.2362,
2.3770 -0.9251 -0.0197,
2.3819 -0.9252 -0.2362,
2.3868 -0.9251 -0.0197,
2.3915 -0.9250 -0.2362,
2.3966 -0.9246 -0.0197,
2.4012 -0.9242 -0.2362,
2.4064 -0.9237 -0.0197,
2.4108 -0.9231 -0.2362,
2.4161 -0.9222 -0.0197,
2.4203 -0.9214 -0.2362,
2.4257 -0.9203 -0.0197,
2.4297 -0.9193 -0.2362,
2.4352 -0.9178 -0.0197,
2.4390 -0.9167 -0.2362,
2.4446 -0.9149 -0.0197,
2.4482 -0.9137 -0.2362,
2.4538 -0.9116 -0.0197,
2.4572 -0.9102 -0.2362,
2.4629 -0.9078 -0.0197,
2.4661 -0.9063 -0.2362,
2.4717 -0.9035 -0.0197,
2.4747 -0.9020 -0.2362,
2.4803 -0.8988 -0.0197,
2.4831 -0.8972 -0.2362,
2.4887 -0.8937 -0.0197,
2.4913 -0.8920 -0.2362,
2.4968 -0.8882 -0.0197,
2.4992 -0.8865 -0.2362,
2.5046 -0.8823 -0.0197,
2.5068 -0.8805 -0.2362,
2.5121 -0.8759 -0.0197,
2.5141 -0.8742 -0.2362,
2.5193 -0.8693 -0.0197,
2.5211 -0.8675 -0.2362,
2.5262 -0.8622 -0.0197,
2.5277 -0.8605 -0.2362,
2.5327 -0.8549 -0.0197,
2.5341 -0.8532 -0.2362,
2.5388 -0.8472 -0.0197,
2.5400 -0.8456 -0.2362,
2.5445 -0.8392 -0.0197,
2.5456 -0.8377 -0.2362,
2.5499 -0.8310 -0.0197,
2.5507 -0.8295 -0.2362,
2.5548 -0.8225 -0.0197,
2.5555 -0.8211 -0.2362,
2.5592 -0.8138 -0.0197,
2.5598 -0.8125 -0.2362,
2.5633 -0.8048 -0.0197,
2.5638 -0.8037 -0.2362,
2.5669 -0.7957 -0.0197,
2.5672 -0.7947 -0.2362,
2.5700 -0.7864 -0.0197,
2.5703 -0.7855 -0.2362,
2.5727 -0.7769 -0.0197,
2.5728 -0.7762 -0.2362,
2.5748 -0.7674 -0.0197,
2.5750 -0.7668 -0.2362,
2.5765 -0.7577 -0.0197,
2.5766 -0.7572 -0.2362,
2.5778 -0.7479 -0.0197,
2.5778 -0.7476 -0.2362,
2.5785 -0.7382 -0.0197,
2.5785 -0.7380 -0.2362,
2.5787 -0.7283 -0.0197,
2.5787 -0.7283 -0.2362,
2.5787 -0.7283 -0.0197,
2.5787 -0.7283 -0.2362,
2.5785 -0.7187 -0.2362,
2.5785 -0.7185 -0.0197,
2.5778 -0.7091 -0.2362,
2.5778 -0.7087 -0.0197,
2.5766 -0.6995 -0.2362,
2.5765 -0.6990 -0.0197,
2.5750 -0.6899 -0.2362,
2.5748 -0.6893 -0.0197,
2.5728 -0.6805 -0.2362,
2.5727 -0.6798 -0.0197,
2.5703 -0.6712 -0.2362,
2.5700 -0.6703 -0.0197,
2.5672 -0.6620 -0.2362,
2.5669 -0.6610 -0.0197,
2.5638 -0.6530 -0.2362,
2.5633 -0.6519 -0.0197,
2.5598 -0.6442 -0.2362,
2.5592 -0.6429 -0.0197,
2.5555 -0.6356 -0.2362,
2.5548 -0.6342 -0.0197,
2.5507 -0.6271 -0.2362,
2.5499 -0.6257 -0.0197,
2.5456 -0.6190 -0.2362,
2.5445 -0.6175 -0.0197,
2.5400 -0.6111 -0.2362,
2.5388 -0.6095 -0.0197,
2.5341 -0.6035 -0.2362,
2.5327 -0.6018 -0.0197,
2.5277 -0.5961 -0.2362,
2.5262 -0.5945 -0.0197,
2.5211 -0.5892 -0.2362,
2.5193 -0.5874 -0.0197,
2.5141 -0.5825 -0.2362,
2.5121 -0.5808 -0.0197,
2.5068 -0.5762 -0.2362,
2.5046 -0.5744 -0.0197,
2.4992 -0.5702 -0.2362,
2.4968 -0.5685 -0.0197,
2.4913 -0.5647 -0.2362,
2.4887 -0.5630 -0.0197,
2.4831 -0.5595 -0.2362,
2.4803 -0.5579 -0.0197,
2.4747 -0.5547 -0.2362,
2.4717 -0.5532 -0.0197,
2.4661 -0.5504 -0.2362,
2.4629 -0.5489 -0.0197,
2.4572 -0.5465 -0.2362,
2.4538 -0.5451 -0.0197,
2.4482 -0.5430 -0.2362,
2.4446 -0.5417 -0.0197,
2.4390 -0.5400 -0.2362,
2.4352 -0.5389 -0.0197,
2.4297 -0.5374 -0.2362,
2.4257 -0.5364 -0.0197,
2.4203 -0.5353 -0.2362,
2.4161 -0.5345 -0.0197,
2.4108 -0.5336 -0.2362,
2.4064 -0.5330 -0.0197,
2.4012 -0.5324 -0.2362,
2.3966 -0.5320 -0.0197,
2.3915 -0.5317 -0.2362,
2.3868 -0.5316 -0.0197,
2.3819 -0.5315 -0.2362,
2.3770 -0.5316 -0.0197,
2.3722 -0.5317 -0.2362,
2.3672 -0.5320 -0.0197,
2.3626 -0.5324 -0.2362,
2.3574 -0.5330 -0.0197,
2.3530 -0.5336 -0.2362,
2.3477 -0.5345 -0.0197,
2.3435 -0.5353 -0.2362,
2.3381 -0.5364 -0.0197,
2.3341 -0.5374 -0.2362,
2.3286 -0.5389 -0.0197,
2.3247 -0.5400 -0.2362,
2.3192 -0.5417 -0.0197,
2.3156 -0.5430 -0.2362,
2.3100 -0.5451 -0.0197,
2.3066 -0.5465 -0.2362,
2.3009 -0.5489 -0.0197,
2.2977 -0.5504 -0.2362,
2.2921 -0.5532 -0.0197,
2.2891 -0.5547 -0.2362,
2.2835 -0.5579 -0.0197,
2.2807 -0.5595 -0.2362,
2.2751 -0.5630 -0.0197,
2.2725 -0.5647 -0.2362,
2.2670 -0.5685 -0.0197,
2.2646 -0.5702 -0.2362,
2.2592 -0.5744 -0.0197,
2.2570 -0.5762 -0.2362,
2.2516 -0.5808 -0.0197,
2.2497 -0.5825 -0.2362,
2.2444 -0.5874 -0.0197,
2.2427 -0.5892 -0.2362,
2.2376 -0.5945 -0.0197,
2.2360 -0.5961 -0.2362,
2.2311 -0.6018 -0.0197,
2.2297 -0.6035 -0.2362,
2.2250 -0.6095 -0.0197,
2.2238 -0.6111 -0.2362,
2.2192 -0.6175 -0.0197,
2.2182 -0.6190 -0.2362,
2.2139 -0.6257 -0.0197,
2.2130 -0.6271 -0.2362,
2.2090 -0.6342 -0.0197,
2.2083 -0.6356 -0.2362,
2.2045 -0.6429 -0.0197,
2.2039 -0.6442 -0.2362,
2.2005 -0.6519 -0.0197,
2.2000 -0.6530 -0.2362,
2.1969 -0.6610 -0.0197,
2.1965 -0.6620 -0.2362,
2.1938 -0.6703 -0.0197,
2.1935 -0.6712 -0.2362,
2.1911 -0.6798 -0.0197,
2.1909 -0.6805 -0.2362,
2.1889 -0.6893 -0.0197,
2.1888 -0.6899 -0.2362,
2.1872 -0.6990 -0.0197,
2.1872 -0.6995 -0.2362,
2.1860 -0.7087 -0.0197,
2.1860 -0.7091 -0.2362,
2.1853 -0.7185 -0.0197,
2.1853 -0.7187 -0.2362,
2.1850 -0.7283 -0.0197,
2.1850 -0.7283 -0.2362,
1.3071 -2.3622 0.0591,
0.4646 -2.3622 0.0591,
0.4646 -2.2835 -0.0197,
1.3071 -2.2835 -0.0197,
1.3071 -2.3622 0.5079,
0.4646 -2.3622 0.0591,
1.3071 -2.3622 0.0591,
0.4646 -2.3622 0.5079,
1.4057 -2.4154 0.0591,
1.4057 -2.4154 0.5079,
1.4024 -2.4106 0.0591,
1.4024 -2.4106 0.5079,
1.3988 -2.4060 0.0591,
1.3988 -2.4060 0.5079,
1.3951 -2.4015 0.0591,
1.3951 -2.4015 0.5079,
1.3911 -2.3973 0.0591,
1.3911 -2.3973 0.5079,
1.3869 -2.3932 0.0591,
1.3869 -2.3932 0.5079,
1.3825 -2.3894 0.0591,
1.3825 -2.3894 0.5079,
1.3779 -2.3858 0.0591,
1.3779 -2.3858 0.5079,
1.3731 -2.3824 0.0591,
1.3731 -2.3824 0.5079,
1.3682 -2.3792 0.0591,
1.3682 -2.3792 0.5079,
1.3631 -2.3763 0.0591,
1.3631 -2.3763 0.5079,
1.3579 -2.3737 0.0591,
1.3579 -2.3737 0.5079,
1.3526 -2.3713 0.0591,
1.3526 -2.3713 0.5079,
1.3471 -2.3692 0.0591,
1.3471 -2.3692 0.5079,
1.3416 -2.3674 0.0591,
1.3416 -2.3674 0.5079,
1.3360 -2.3658 0.0591,
1.3360 -2.3658 0.5079,
1.3303 -2.3645 0.0591,
1.3303 -2.3645 0.5079,
1.3245 -2.3635 0.0591,
1.3245 -2.3635 0.5079,
1.3187 -2.3628 0.0591,
1.3187 -2.3628 0.5079,
1.3129 -2.3623 0.0591,
1.3129 -2.3623 0.5079,
1.3071 -2.3622 0.0591,
1.3071 -2.3622 0.5079,
1.3071 -2.3622 0.0591,
1.3207 -2.3432 0.0394,
1.3129 -2.3623 0.0591,
1.3187 -2.3628 0.0591,
1.3245 -2.3635 0.0591,
1.3342 -2.3452 0.0394,
1.3303 -2.3645 0.0591,
1.3360 -2.3658 0.0591,
1.3071 -2.2835 -0.0197,
1.3226 -2.3236 0.0197,
1.3474 -2.3485 0.0394,
1.3416 -2.3674 0.0591,
1.3471 -2.3692 0.0591,
1.3380 -2.3259 0.0197,
1.3602 -2.3531 0.0394,
1.3526 -2.3713 0.0591,
1.3579 -2.3737 0.0591,
1.3246 -2.3040 0.0000,
1.3168 -2.2837 -0.0197,
1.3265 -2.2844 -0.0197,
1.3362 -2.2856 -0.0197,
1.3531 -2.3297 0.0197,
1.3725 -2.3590 0.0394,
1.3631 -2.3763 0.0591,
1.3682 -2.3792 0.0591,
1.3419 -2.3066 0.0000,
1.3458 -2.2873 -0.0197,
1.3552 -2.2894 -0.0197,
1.3678 -2.3350 0.0197,
1.3841 -2.3661 0.0394,
1.3731 -2.3824 0.0591,
1.3779 -2.3858 0.0591,
1.3589 -2.3109 0.0000,
1.3646 -2.2921 -0.0197,
1.3739 -2.2951 -0.0197,
1.3818 -2.3417 0.0197,
1.3950 -2.3742 0.0394,
1.3825 -2.3894 0.0591,
1.3869 -2.3932 0.0591,
1.3753 -2.3168 0.0000,
1.3829 -2.2987 -0.0197,
1.3918 -2.3026 -0.0197,
1.3951 -2.3497 0.0197,
1.4051 -2.3834 0.0394,
1.3911 -2.3973 0.0591,
1.3951 -2.4015 0.0591,
1.3911 -2.3244 0.0000,
1.4005 -2.3070 -0.0197,
1.4089 -2.3118 -0.0197,
1.4076 -2.3591 0.0197,
1.4141 -2.3936 0.0394,
1.3988 -2.4060 0.0591,
1.4024 -2.4106 0.0591,
1.4057 -2.4154 0.0591,
1.4061 -2.3334 0.0000,
1.4171 -2.3171 -0.0197,
1.4251 -2.3227 -0.0197,
1.4191 -2.3696 0.0197,
1.4201 -2.3439 0.0000,
1.4327 -2.3287 -0.0197,
1.4400 -2.3351 -0.0197,
1.4294 -2.3812 0.0197,
1.4715 -2.3721 -0.0197,
1.4470 -2.3419 -0.0197,
1.4331 -2.3557 0.0000,
1.4537 -2.3490 -0.0197,
1.4600 -2.3564 -0.0197,
1.4447 -2.3688 0.0000,
1.4660 -2.3641 -0.0197,
0.5413 -1.3780 0.0984,
0.5413 -1.3780 -0.0197,
-0.2953 -1.3780 0.0984,
-0.2953 -1.3780 -0.0197,
1.7224 -1.3780 0.0984,
1.7224 -1.3780 -0.0197,
0.6398 -1.3780 0.0984,
0.6398 -1.3780 -0.0197,
1.8209 -1.3780 0.0984,
2.0669 -1.3780 -0.0197,
1.8209 -1.3780 -0.0197,
2.0669 -1.3780 0.0984,
0.0492 -1.2913 0.0984,
0.0492 0.0591 0.0984,
0.5413 0.0591 0.0984,
0.5413 -1.3780 0.0984,
-0.0492 -1.2913 0.0984,
-0.2953 0.0591 0.0984,
-0.0492 0.0591 0.0984,
-0.2953 -1.3780 0.0984,
1.2303 -1.2913 0.0984,
1.2303 0.0591 0.0984,
1.7224 0.0591 0.0984,
1.7224 -1.3780 0.0984,
1.1319 -1.2913 0.0984,
0.6398 0.0591 0.0984,
1.1319 0.0591 0.0984,
0.6398 -1.3780 0.0984,
1.8209 -1.3780 0.0984,
1.8209 0.0591 0.0984,
2.0669 0.0591 0.0984,
2.0669 -1.3780 0.0984,
1.8209 0.0591 0.8504,
2.0669 0.0591 0.0984,
1.8209 0.0591 0.0984,
1.7224 0.0591 0.8504,
1.7224 0.0591 0.0984,
1.2303 0.0591 0.0984,
2.0669 0.0591 1.3937,
1.2303 0.0591 0.8504,
1.1319 0.0591 0.8504,
0.6398 0.0591 0.8504,
1.1319 0.0591 0.0984,
0.6398 0.0591 0.0984,
0.5413 0.0591 0.8504,
0.5413 0.0591 0.0984,
0.0492 0.0591 0.0984,
0.0492 0.0591 0.8504,
-0.0492 0.0591 0.8504,
-0.0492 0.0591 0.0984,
-0.2953 0.0591 0.0984,
-0.2953 0.0591 1.3937,
0.0492 -0.6417 0.5472,
0.5413 -0.6417 0.5472,
0.0492 -0.5709 0.5945,
0.5413 -0.5709 0.5945,
0.6398 -0.6417 0.5472,
1.1319 -0.6417 0.5472,
0.6398 -0.5709 0.5945,
1.1319 -0.5709 0.5945,
1.2303 -0.6417 0.5472,
1.7224 -0.6417 0.5472,
1.2303 -0.5709 0.5945,
1.7224 -0.5709 0.5945,
-0.2362 -0.6122 0.5669,
-0.0492 -0.5709 0.5945,
-0.2362 -0.5709 0.5945,
-0.2362 -0.6417 0.5472,
-0.0492 -0.6417 0.5472,
1.8209 -0.6417 0.5472,
2.0079 -0.6122 0.5669,
1.8209 -0.5709 0.5945,
2.0079 -0.5709 0.5945,
2.0079 -0.6417 0.5472,
2.0079 -0.5709 0.5945,
1.8209 -0.5709 0.7441,
1.8209 -0.5709 0.5945,
2.0079 -0.5709 1.0236,
1.7224 -0.5709 0.7441,
1.2303 -0.5709 0.6569,
1.7224 -0.5709 0.5945,
1.2303 -0.5709 0.5945,
1.1319 -0.5709 0.6569,
0.6398 -0.5709 0.5945,
1.1319 -0.5709 0.5945,
0.6398 -0.5709 0.7441,
0.5413 -0.5709 0.7441,
0.0492 -0.5709 0.6569,
0.5413 -0.5709 0.5945,
0.0492 -0.5709 0.5945,
-0.0492 -0.5709 0.6569,
-0.2362 -0.5709 0.5945,
-0.0492 -0.5709 0.5945,
-0.2362 -0.5709 1.0236,
2.0079 -0.6693 1.0827,
1.8209 -0.6627 1.0787,
2.0079 -0.5709 1.0236,
1.8209 -0.6693 1.0827,
1.7224 -0.6627 1.0787,
1.7224 -0.6693 1.0827,
1.2303 -0.6627 1.0787,
1.2303 -0.6693 1.0827,
1.1319 -0.6627 1.0787,
0.6398 -0.6627 1.0787,
1.1319 -0.6693 1.0827,
0.6398 -0.6693 1.0827,
0.5413 -0.6693 1.0827,
0.0492 -0.6627 1.0787,
0.5413 -0.6627 1.0787,
0.0492 -0.6693 1.0827,
-0.0492 -0.6627 1.0787,
-0.2362 -0.5709 1.0236,
-0.0492 -0.6693 1.0827,
-0.2362 -0.6693 1.0827,
2.0079 -1.6142 1.0827,
1.8209 -1.4827 1.0827,
2.0079 -0.6693 1.0827,
1.8209 -0.6693 1.0827,
1.7224 -1.4827 1.0827,
1.2303 -1.4827 1.0827,
1.7224 -0.6693 1.0827,
1.2303 -0.6693 1.0827,
1.1319 -0.6693 1.0827,
1.1319 -1.4827 1.0827,
0.6398 -0.6693 1.0827,
0.6398 -1.4827 1.0827,
0.5413 -1.4827 1.0827,
0.0492 -1.4827 1.0827,
0.5413 -0.6693 1.0827,
0.0492 -0.6693 1.0827,
-0.0492 -0.6693 1.0827,
-0.0492 -1.4827 1.0827,
-0.2362 -0.6693 1.0827,
-0.2362 -1.6142 1.0827,
-0.2008 0.0984 -0.6109,
-0.2008 -0.0984 -0.6109,
-0.2026 -0.0984 -0.6044,
-0.2026 0.0984 -0.6044,
-0.2040 -0.0984 -0.5978,
-0.2040 0.0984 -0.5978,
-0.2052 -0.0984 -0.5911,
-0.2052 0.0984 -0.5911,
-0.2060 -0.0984 -0.5844,
-0.2060 0.0984 -0.5844,
-0.2065 -0.0984 -0.5776,
-0.2065 0.0984 -0.5776,
-0.2067 -0.0984 -0.5709,
-0.2067 0.0984 -0.5709,
1.3878 0.0984 -0.5709,
1.3878 -0.0984 -0.5709,
1.3876 -0.0984 -0.5776,
1.3876 0.0984 -0.5776,
1.3871 -0.0984 -0.5844,
1.3871 0.0984 -0.5844,
1.3863 -0.0984 -0.5911,
1.3863 0.0984 -0.5911,
1.3851 -0.0984 -0.5978,
1.3851 0.0984 -0.5978,
1.3837 -0.0984 -0.6044,
1.3837 0.0984 -0.6044,
1.3819 -0.0984 -0.6109,
1.3819 0.0984 -0.6109,
-0.2362 -1.7323 1.3780,
-0.2362 -1.5945 1.4961,
-0.2362 -1.7323 1.2008,
-0.2362 -1.6142 1.0827,
-0.2362 -0.5709 0.5945,
-0.2362 -0.2362 0.5669,
-0.2362 -0.6122 0.5669,
-0.2362 -0.6693 1.0827,
-0.2362 -0.5709 1.0236,
-0.2362 -0.2362 1.4961,
-0.2362 -0.6122 0.5669,
-0.2362 -0.2362 0.5669,
-0.3543 -0.2362 0.5669,
-0.3543 -2.3661 0.5669,
-0.2362 -2.3661 0.5669,
-0.2362 -0.6417 0.5472,
-0.2362 -2.3661 0.5669,
-0.2362 -2.4007 0.5472,
-0.2362 -0.6122 0.5669,
-0.2362 -0.2362 1.4961,
-0.2362 -1.5945 1.4961,
2.0079 -0.2362 1.4961,
2.0079 -1.5945 1.4961,
2.0079 -1.6142 1.0827,
2.0079 -1.5945 1.4961,
2.0079 -1.7323 1.2008,
2.0079 -1.7323 1.3780,
2.0079 -0.6122 0.5669,
2.0079 -0.2362 0.5669,
2.0079 -0.5709 0.5945,
2.0079 -0.6693 1.0827,
2.0079 -0.5709 1.0236,
2.0079 -0.2362 1.4961,
2.0079 -0.6122 0.5669,
2.1260 -0.2362 0.5669,
2.0079 -0.2362 0.5669,
2.0079 -2.3661 0.5669,
2.1260 -2.3661 0.5669,
2.0079 -2.3661 0.5669,
2.0079 -0.6122 0.5669,
2.0079 -0.6417 0.5472,
2.0079 -2.4007 0.5472,
2.1260 -0.2362 0.5472,
2.1260 -2.3661 0.5669,
2.1260 -2.4007 0.5472,
2.1260 -0.2362 0.5669,
2.0079 -1.7323 1.2008,
-0.2362 -1.7323 1.2008,
2.0079 -1.6142 1.0827,
-0.2362 -1.6142 1.0827,
2.0079 -1.7323 1.3780,
-0.2362 -1.7323 1.3780,
2.0079 -1.7323 1.2008,
-0.2362 -1.7323 1.2008,
-0.2362 -1.7323 1.3780,
2.0079 -1.7323 1.3780,
-0.2362 -1.5945 1.4961,
2.0079 -1.5945 1.4961,
0.3284 -2.4007 0.5472,
0.3301 -2.4698 0.5079,
0.3659 -2.4154 0.5079,
0.3330 -2.3937 0.5472,
2.6378 -2.2835 0.9083,
2.5591 -2.3622 0.9409,
2.5591 -2.4409 0.8622,
2.6378 -2.4083 0.7835,
2.6378 -2.2835 2.6378,
2.5787 -2.3425 2.6969,
2.5591 -2.3622 2.6772,
2.5591 -2.3622 1.6437,
2.6378 -2.2835 1.6437,
2.6378 -2.2835 1.0531,
2.5591 -2.3622 1.0531,
2.5591 -2.3622 0.9409,
2.6378 -2.2835 0.9083,
2.6378 -0.7283 1.6437,
2.6378 -2.2835 1.6437,
2.5591 -0.7283 1.6437,
2.5591 -2.3622 1.6437,
2.5591 -0.7283 1.0531,
2.5591 -0.7283 1.6437,
2.5591 -2.3622 1.0531,
2.5591 -2.3622 1.6437,
2.5591 -0.7283 1.0531,
2.6378 -2.2835 1.0531,
2.6378 -0.7283 1.0531,
2.5591 -2.3622 1.0531,
-0.7874 -2.3228 2.7165,
-0.8071 -2.3425 2.6969,
-0.7874 -2.3622 2.6772,
2.5591 -2.3228 2.7165,
2.5591 -2.3622 2.6772,
2.5787 -2.3425 2.6969,
2.5591 -2.3228 2.7165,
2.5787 -2.3425 2.6969,
2.6378 -2.2835 2.6378,
2.5591 -0.1575 2.7165,
2.6378 -0.1575 2.6378,
2.5984 -0.1181 2.6772,
2.5591 -0.1575 2.7165,
2.5984 -0.1181 2.6772,
2.5591 -0.0787 2.6378,
-0.7874 -0.1575 2.7165,
-0.7874 -0.0787 2.6378,
-0.8268 -0.1181 2.6772,
-0.7874 -0.0787 2.6378,
2.5591 -0.0787 2.1457,
-0.7874 -0.0787 2.1457,
2.5591 -0.0787 2.6378,
-0.8661 -0.1575 2.6378,
-0.8268 -0.1181 2.6772,
-0.7874 -0.0787 2.6378,
-0.7874 -0.0787 2.1457,
-0.8661 -0.1575 2.0669,
-0.7874 -0.1575 2.7165,
-0.8268 -0.1181 2.6772,
-0.8661 -0.1575 2.6378,
-0.8661 -2.2835 2.6378,
-0.7874 -2.3228 2.7165,
-0.8071 -2.3425 2.6969,
-0.7874 0.0984 2.1457,
-0.8268 0.1378 2.1063,
-0.8661 0.0984 2.0669,
-0.7874 -0.0787 2.1457,
-0.8661 -0.1575 2.0669,
-0.7874 0.0984 2.1457,
-0.7874 -0.0787 2.1457,
2.5591 0.0984 2.1457,
2.5591 -0.0787 2.1457,
2.6378 0.0984 2.0669,
2.5591 -0.0787 2.1457,
2.6378 -0.1575 2.0669,
2.5591 0.0984 2.1457,
2.5984 0.1378 2.1063,
2.6378 -0.1575 2.6378,
2.5591 -0.0787 2.6378,
2.5984 -0.1181 2.6772,
2.6378 -0.1575 2.0669,
2.5591 -0.0787 2.1457,
2.3425 -2.5658 0.7835,
2.4213 -2.4409 0.8622,
2.3425 -2.4083 0.7835,
2.4213 -2.5984 0.8622,
2.4213 -2.5984 0.8622,
2.3425 -2.5658 0.7835,
2.3425 -2.5984 0.7508,
2.4213 -2.6772 0.7835,
-0.5472 -2.2598 1.0827,
-0.5709 -0.2362 1.0827,
-0.5472 -0.2362 1.0827,
-0.5709 -2.2835 1.0827,
-0.5709 -2.2835 1.0827,
-0.6496 -2.3622 0.9409,
-0.5709 -2.2835 0.9083,
-0.5709 -2.2835 1.2008,
-0.5472 -2.2598 1.2008,
-0.5472 -2.2598 1.0827,
-0.5709 -2.2835 2.3583,
-0.6496 -2.3622 2.4370,
-0.0787 -2.2835 2.3583,
-0.6496 -2.3622 2.4370,
-0.5709 -2.2835 2.3583,
0.0000 -2.3622 2.4370,
-0.5472 -2.2598 1.2008,
-0.5472 -0.2362 1.2008,
-0.5709 -0.2362 1.2008,
-0.5709 -2.2835 1.2008,
-0.5472 -0.2362 1.2008,
-0.5472 -2.2598 1.0827,
-0.5472 -0.2362 1.0827,
-0.5472 -2.2598 1.2008,
1.5354 -2.2835 1.9646,
1.5354 -0.2362 1.9646,
1.8504 -0.2362 1.9646,
1.8504 -2.2835 1.9646,
1.8504 -2.2835 1.9646,
1.7717 -2.3622 2.0433,
1.6142 -2.3622 2.0433,
1.5354 -2.2835 1.9646,
2.3425 -2.2835 2.3583,
1.7717 -2.3622 2.4370,
1.8504 -2.2835 2.3583,
2.4213 -2.3622 2.4370,
2.3189 -2.2598 1.2008,
2.3425 -2.2835 1.2008,
2.3425 -0.2362 1.2008,
2.3189 -0.2362 1.2008,
2.3189 -0.2362 1.2008,
2.3189 -0.2362 1.0827,
2.3189 -2.2598 1.0827,
2.3189 -2.2598 1.2008,
2.3189 -2.2598 1.0827,
2.3189 -0.2362 1.0827,
2.3425 -0.2362 1.0827,
2.3425 -2.2835 1.0827,
    ] }
    coordIndex [
0,1,2,-1,
0,2,3,-1,
4,3,5,-1,
4,0,3,-1,
6,5,7,-1,
6,4,5,-1,
8,7,9,-1,
8,6,7,-1,
10,9,11,-1,
10,8,9,-1,
12,11,13,-1,
12,10,11,-1,
14,13,15,-1,
14,12,13,-1,
16,15,17,-1,
16,14,15,-1,
18,17,19,-1,
18,16,17,-1,
20,19,21,-1,
20,18,19,-1,
22,21,23,-1,
22,20,21,-1,
24,23,25,-1,
24,22,23,-1,
26,25,27,-1,
26,24,25,-1,
28,27,29,-1,
28,26,27,-1,
30,31,32,-1,
30,32,33,-1,
34,33,35,-1,
34,30,33,-1,
36,35,37,-1,
36,34,35,-1,
38,37,39,-1,
38,36,37,-1,
40,39,41,-1,
40,38,39,-1,
42,41,43,-1,
42,40,41,-1,
44,43,45,-1,
44,42,43,-1,
46,45,47,-1,
46,44,45,-1,
48,47,49,-1,
48,46,47,-1,
50,49,51,-1,
50,48,49,-1,
52,51,53,-1,
52,50,51,-1,
54,53,55,-1,
54,52,53,-1,
56,55,57,-1,
56,54,55,-1,
58,57,59,-1,
58,56,57,-1,
60,61,62,-1,
60,63,61,-1,
60,64,63,-1,
65,66,67,-1,
65,62,66,-1,
65,60,62,-1,
68,69,64,-1,
68,70,71,-1,
68,71,72,-1,
68,64,60,-1,
68,72,69,-1,
73,74,75,-1,
73,67,74,-1,
73,65,67,-1,
76,60,65,-1,
76,77,78,-1,
76,78,70,-1,
76,70,68,-1,
76,68,60,-1,
79,80,81,-1,
79,75,80,-1,
79,73,75,-1,
82,77,76,-1,
82,65,73,-1,
82,83,84,-1,
82,84,77,-1,
82,76,65,-1,
85,79,81,-1,
85,86,87,-1,
85,81,86,-1,
88,73,79,-1,
88,83,82,-1,
88,89,90,-1,
88,90,83,-1,
88,82,73,-1,
91,92,93,-1,
91,87,92,-1,
91,85,87,-1,
94,79,85,-1,
94,95,96,-1,
94,96,89,-1,
94,89,88,-1,
94,88,79,-1,
97,98,99,-1,
97,93,98,-1,
97,91,93,-1,
100,95,94,-1,
100,85,91,-1,
100,94,85,-1,
100,101,102,-1,
100,102,95,-1,
103,104,105,-1,
103,99,104,-1,
103,97,99,-1,
106,100,91,-1,
106,101,100,-1,
106,91,97,-1,
106,107,108,-1,
106,108,101,-1,
109,110,111,-1,
109,105,110,-1,
109,103,105,-1,
112,106,97,-1,
112,113,114,-1,
112,114,107,-1,
112,107,106,-1,
112,97,103,-1,
115,116,117,-1,
115,111,116,-1,
115,109,111,-1,
118,103,109,-1,
118,113,112,-1,
118,112,103,-1,
118,119,120,-1,
118,120,113,-1,
121,122,123,-1,
121,117,122,-1,
121,115,117,-1,
124,118,109,-1,
124,109,115,-1,
124,125,126,-1,
124,126,119,-1,
124,119,118,-1,
127,128,129,-1,
127,123,128,-1,
127,121,123,-1,
130,124,115,-1,
130,125,124,-1,
130,131,132,-1,
130,132,125,-1,
130,115,121,-1,
133,134,135,-1,
133,129,134,-1,
133,127,129,-1,
136,137,138,-1,
136,138,131,-1,
136,131,130,-1,
136,121,127,-1,
136,130,121,-1,
139,140,141,-1,
139,135,140,-1,
139,133,135,-1,
142,136,127,-1,
142,143,144,-1,
142,144,137,-1,
142,137,136,-1,
142,127,133,-1,
145,146,147,-1,
145,148,146,-1,
145,141,148,-1,
145,139,141,-1,
149,142,133,-1,
149,133,139,-1,
149,143,142,-1,
149,150,151,-1,
149,151,143,-1,
152,139,145,-1,
152,150,149,-1,
152,147,153,-1,
152,153,154,-1,
152,154,155,-1,
152,155,150,-1,
152,145,147,-1,
152,149,139,-1,
156,157,158,-1,
156,159,157,-1,
156,160,159,-1,
161,162,163,-1,
161,158,162,-1,
161,156,158,-1,
164,165,166,-1,
164,166,167,-1,
164,167,168,-1,
164,168,160,-1,
164,160,156,-1,
169,170,171,-1,
169,163,170,-1,
169,161,163,-1,
172,173,174,-1,
172,174,165,-1,
172,164,156,-1,
172,165,164,-1,
172,156,161,-1,
175,176,177,-1,
175,171,176,-1,
175,169,171,-1,
178,179,180,-1,
178,180,173,-1,
178,172,161,-1,
178,173,172,-1,
178,161,169,-1,
181,175,177,-1,
181,182,183,-1,
181,177,182,-1,
184,169,175,-1,
184,185,186,-1,
184,186,179,-1,
184,179,178,-1,
184,178,169,-1,
187,188,189,-1,
187,183,188,-1,
187,181,183,-1,
190,184,175,-1,
190,175,181,-1,
190,191,192,-1,
190,192,185,-1,
190,185,184,-1,
193,187,189,-1,
193,194,195,-1,
193,189,194,-1,
196,197,198,-1,
196,198,191,-1,
196,181,187,-1,
196,191,190,-1,
196,190,181,-1,
199,200,201,-1,
199,195,200,-1,
199,193,195,-1,
202,187,193,-1,
202,203,204,-1,
202,204,197,-1,
202,196,187,-1,
202,197,196,-1,
205,199,201,-1,
205,206,207,-1,
205,201,206,-1,
208,202,193,-1,
208,209,210,-1,
208,210,203,-1,
208,203,202,-1,
208,193,199,-1,
211,212,213,-1,
211,207,212,-1,
211,205,207,-1,
214,215,216,-1,
214,216,209,-1,
214,199,205,-1,
214,209,208,-1,
214,208,199,-1,
217,218,219,-1,
217,213,218,-1,
217,211,213,-1,
220,221,222,-1,
220,222,215,-1,
220,205,211,-1,
220,215,214,-1,
220,214,205,-1,
223,217,219,-1,
223,224,225,-1,
223,219,224,-1,
226,220,211,-1,
226,227,228,-1,
226,228,221,-1,
226,211,217,-1,
226,221,220,-1,
229,223,225,-1,
229,230,231,-1,
229,225,230,-1,
232,233,234,-1,
232,234,227,-1,
232,226,217,-1,
232,227,226,-1,
232,217,223,-1,
235,236,237,-1,
235,231,236,-1,
235,229,231,-1,
238,232,223,-1,
238,233,232,-1,
238,239,240,-1,
238,240,233,-1,
238,223,229,-1,
241,242,243,-1,
241,235,237,-1,
241,244,242,-1,
241,245,244,-1,
241,237,245,-1,
246,247,248,-1,
246,248,239,-1,
246,238,229,-1,
246,239,238,-1,
246,229,235,-1,
249,243,250,-1,
249,250,251,-1,
249,251,247,-1,
249,246,235,-1,
249,235,241,-1,
249,241,243,-1,
249,247,246,-1,
252,253,254,-1,
252,255,253,-1,
252,256,255,-1,
257,258,259,-1,
257,254,258,-1,
257,252,254,-1,
260,261,262,-1,
260,262,263,-1,
260,263,264,-1,
260,264,256,-1,
260,256,252,-1,
265,266,267,-1,
265,259,266,-1,
265,257,259,-1,
268,269,270,-1,
268,270,261,-1,
268,260,252,-1,
268,261,260,-1,
268,252,257,-1,
271,272,273,-1,
271,267,272,-1,
271,265,267,-1,
274,275,276,-1,
274,276,269,-1,
274,268,257,-1,
274,269,268,-1,
274,257,265,-1,
277,271,273,-1,
277,278,279,-1,
277,273,278,-1,
280,265,271,-1,
280,281,282,-1,
280,282,275,-1,
280,275,274,-1,
280,274,265,-1,
283,284,285,-1,
283,279,284,-1,
283,277,279,-1,
286,280,271,-1,
286,271,277,-1,
286,287,288,-1,
286,288,281,-1,
286,281,280,-1,
289,283,285,-1,
289,290,291,-1,
289,285,290,-1,
292,293,294,-1,
292,294,287,-1,
292,277,283,-1,
292,287,286,-1,
292,286,277,-1,
295,296,297,-1,
295,291,296,-1,
295,289,291,-1,
298,283,289,-1,
298,299,300,-1,
298,300,293,-1,
298,292,283,-1,
298,293,292,-1,
301,295,297,-1,
301,302,303,-1,
301,297,302,-1,
304,298,289,-1,
304,305,306,-1,
304,306,299,-1,
304,299,298,-1,
304,289,295,-1,
307,308,309,-1,
307,303,308,-1,
307,301,303,-1,
310,311,312,-1,
310,312,305,-1,
310,295,301,-1,
310,305,304,-1,
310,304,295,-1,
313,314,315,-1,
313,309,314,-1,
313,307,309,-1,
316,317,318,-1,
316,318,311,-1,
316,301,307,-1,
316,311,310,-1,
316,310,301,-1,
319,313,315,-1,
319,320,321,-1,
319,315,320,-1,
322,316,307,-1,
322,323,324,-1,
322,324,317,-1,
322,307,313,-1,
322,317,316,-1,
325,319,321,-1,
325,326,327,-1,
325,321,326,-1,
328,329,330,-1,
328,330,323,-1,
328,322,313,-1,
328,323,322,-1,
328,313,319,-1,
331,332,333,-1,
331,327,332,-1,
331,325,327,-1,
334,328,319,-1,
334,329,328,-1,
334,335,336,-1,
334,336,329,-1,
334,319,325,-1,
337,338,339,-1,
337,331,333,-1,
337,340,338,-1,
337,341,340,-1,
337,333,341,-1,
342,343,344,-1,
342,344,335,-1,
342,334,325,-1,
342,335,334,-1,
342,325,331,-1,
345,339,346,-1,
345,346,347,-1,
345,347,343,-1,
345,342,331,-1,
345,331,337,-1,
345,337,339,-1,
345,343,342,-1,
348,349,350,-1,
348,351,349,-1,
348,352,351,-1,
353,354,355,-1,
353,350,354,-1,
353,348,350,-1,
356,357,352,-1,
356,358,359,-1,
356,359,360,-1,
356,352,348,-1,
356,360,357,-1,
361,362,363,-1,
361,355,362,-1,
361,353,355,-1,
364,348,353,-1,
364,365,366,-1,
364,366,358,-1,
364,358,356,-1,
364,356,348,-1,
367,368,369,-1,
367,363,368,-1,
367,361,363,-1,
370,365,364,-1,
370,353,361,-1,
370,371,372,-1,
370,372,365,-1,
370,364,353,-1,
373,367,369,-1,
373,374,375,-1,
373,369,374,-1,
376,361,367,-1,
376,371,370,-1,
376,377,378,-1,
376,378,371,-1,
376,370,361,-1,
379,380,381,-1,
379,375,380,-1,
379,373,375,-1,
382,367,373,-1,
382,383,384,-1,
382,384,377,-1,
382,377,376,-1,
382,376,367,-1,
385,386,387,-1,
385,381,386,-1,
385,379,381,-1,
388,383,382,-1,
388,373,379,-1,
388,382,373,-1,
388,389,390,-1,
388,390,383,-1,
391,392,393,-1,
391,387,392,-1,
391,385,387,-1,
394,388,379,-1,
394,389,388,-1,
394,379,385,-1,
394,395,396,-1,
394,396,389,-1,
397,398,399,-1,
397,393,398,-1,
397,391,393,-1,
400,394,385,-1,
400,401,402,-1,
400,402,395,-1,
400,395,394,-1,
400,385,391,-1,
403,404,405,-1,
403,399,404,-1,
403,397,399,-1,
406,391,397,-1,
406,401,400,-1,
406,400,391,-1,
406,407,408,-1,
406,408,401,-1,
409,410,411,-1,
409,405,410,-1,
409,403,405,-1,
412,406,397,-1,
412,397,403,-1,
412,413,414,-1,
412,414,407,-1,
412,407,406,-1,
415,416,417,-1,
415,411,416,-1,
415,409,411,-1,
418,412,403,-1,
418,413,412,-1,
418,419,420,-1,
418,420,413,-1,
418,403,409,-1,
421,422,423,-1,
421,417,422,-1,
421,415,417,-1,
424,425,426,-1,
424,426,419,-1,
424,419,418,-1,
424,409,415,-1,
424,418,409,-1,
427,428,429,-1,
427,423,428,-1,
427,421,423,-1,
430,424,415,-1,
430,431,432,-1,
430,432,425,-1,
430,425,424,-1,
430,415,421,-1,
433,434,435,-1,
433,436,434,-1,
433,429,436,-1,
433,427,429,-1,
437,430,421,-1,
437,421,427,-1,
437,431,430,-1,
437,438,439,-1,
437,439,431,-1,
440,427,433,-1,
440,438,437,-1,
440,435,441,-1,
440,441,442,-1,
440,442,443,-1,
440,443,438,-1,
440,433,435,-1,
440,437,427,-1,
444,445,446,-1,
444,447,445,-1,
448,449,446,-1,
446,449,444,-1,
449,450,451,-1,
448,450,449,-1,
452,453,454,-1,
455,452,454,-1,
456,455,457,-1,
456,452,455,-1,
458,459,460,-1,
461,462,463,-1,
461,460,462,-1,
461,458,460,-1,
464,465,466,-1,
467,466,468,-1,
467,468,469,-1,
467,464,466,-1,
470,471,472,-1,
470,472,473,-1,
474,470,473,-1,
475,476,474,-1,
475,473,477,-1,
475,474,473,-1,
478,479,480,-1,
481,478,475,-1,
482,475,477,-1,
482,481,475,-1,
483,478,481,-1,
483,479,478,-1,
484,485,486,-1,
484,486,487,-1,
488,489,490,-1,
488,490,491,-1,
492,493,494,-1,
492,494,495,-1,
496,493,492,-1,
497,498,493,-1,
497,496,499,-1,
497,493,496,-1,
500,501,502,-1,
503,497,500,-1,
504,498,497,-1,
504,497,503,-1,
505,500,502,-1,
505,503,500,-1,
506,507,508,-1,
508,507,509,-1,
510,511,512,-1,
513,511,510,-1,
514,515,516,-1,
516,515,517,-1,
518,519,520,-1,
518,521,519,-1,
522,523,524,-1,
525,524,526,-1,
525,522,524,-1,
527,528,529,-1,
527,530,528,-1,
530,531,532,-1,
531,533,532,-1,
533,534,535,-1,
535,534,536,-1,
531,534,533,-1,
537,538,539,-1,
537,540,538,-1,
541,542,543,-1,
543,542,544,-1,
542,545,546,-1,
541,545,542,-1,
546,545,540,-1,
532,528,530,-1,
537,546,540,-1,
531,545,534,-1,
534,545,541,-1,
547,548,549,-1,
550,547,551,-1,
550,551,552,-1,
553,550,554,-1,
553,547,550,-1,
553,548,547,-1,
555,556,557,-1,
555,557,558,-1,
559,560,561,-1,
562,563,560,-1,
560,563,561,-1,
563,564,561,-1,
564,565,561,-1,
566,567,564,-1,
564,567,565,-1,
568,569,570,-1,
570,569,571,-1,
572,573,574,-1,
575,573,572,-1,
576,577,578,-1,
579,576,578,-1,
580,581,576,-1,
580,576,579,-1,
582,583,584,-1,
582,585,586,-1,
587,582,586,-1,
587,583,582,-1,
588,589,590,-1,
588,591,592,-1,
588,592,589,-1,
593,594,595,-1,
593,595,596,-1,
597,598,599,-1,
600,598,597,-1,
601,602,603,-1,
604,602,601,-1,
605,606,607,-1,
607,606,608,-1,
609,610,611,-1,
611,610,612,-1,
613,614,615,-1,
613,615,616,-1,
617,618,619,-1,
617,619,620,-1,
621,622,623,-1,
624,625,621,-1,
624,621,623,-1,
626,624,623,-1,
627,626,623,-1,
628,629,626,-1,
628,626,627,-1,
630,631,632,-1,
632,631,633,-1,
634,635,636,-1,
636,635,637,-1,
638,639,640,-1,
641,639,638,-1,
642,639,641,-1,
643,639,642,-1,
644,639,643,-1,
645,639,644,-1,
646,639,645,-1,
647,639,646,-1,
648,639,647,-1,
649,639,648,-1,
650,639,649,-1,
640,651,652,-1,
653,651,654,-1,
655,651,653,-1,
656,651,655,-1,
657,651,656,-1,
658,651,657,-1,
659,651,658,-1,
660,651,659,-1,
661,651,660,-1,
662,651,661,-1,
663,651,662,-1,
652,651,663,-1,
639,651,640,-1,
664,665,666,-1,
666,665,667,-1,
668,669,670,-1,
671,668,670,-1,
672,671,670,-1,
673,671,672,-1,
674,675,676,-1,
677,674,678,-1,
679,674,677,-1,
680,681,682,-1,
683,684,685,-1,
686,679,687,-1,
686,687,681,-1,
686,681,680,-1,
686,674,679,-1,
688,680,684,-1,
688,683,689,-1,
688,686,680,-1,
688,684,683,-1,
690,691,686,-1,
692,690,686,-1,
693,688,694,-1,
693,686,688,-1,
695,692,686,-1,
696,693,697,-1,
696,686,693,-1,
696,695,686,-1,
686,675,674,-1,
698,699,700,-1,
700,699,701,-1,
701,702,703,-1,
699,702,701,-1,
703,704,705,-1,
702,704,703,-1,
705,706,707,-1,
704,706,705,-1,
707,708,709,-1,
706,708,707,-1,
709,710,711,-1,
708,710,709,-1,
711,712,713,-1,
710,712,711,-1,
712,714,713,-1,
713,714,715,-1,
714,716,715,-1,
715,716,717,-1,
716,718,717,-1,
717,718,719,-1,
718,720,719,-1,
719,720,721,-1,
720,722,721,-1,
721,722,723,-1,
722,724,723,-1,
723,724,725,-1,
724,726,725,-1,
725,726,727,-1,
726,728,727,-1,
727,728,729,-1,
728,730,729,-1,
729,730,731,-1,
730,732,731,-1,
731,732,733,-1,
732,734,733,-1,
733,734,735,-1,
735,736,737,-1,
734,736,735,-1,
737,738,739,-1,
736,738,737,-1,
739,740,741,-1,
738,740,739,-1,
741,742,743,-1,
740,742,741,-1,
743,744,745,-1,
742,744,743,-1,
745,746,747,-1,
744,746,745,-1,
747,748,749,-1,
746,748,747,-1,
749,750,751,-1,
748,750,749,-1,
751,752,753,-1,
750,752,751,-1,
753,754,755,-1,
752,754,753,-1,
755,756,757,-1,
754,756,755,-1,
757,758,759,-1,
756,758,757,-1,
759,760,761,-1,
758,760,759,-1,
761,762,763,-1,
760,762,761,-1,
764,765,766,-1,
766,765,767,-1,
768,769,770,-1,
771,768,770,-1,
772,768,771,-1,
773,768,772,-1,
774,768,773,-1,
775,768,774,-1,
776,768,775,-1,
777,768,776,-1,
778,768,777,-1,
779,768,778,-1,
780,768,779,-1,
781,768,780,-1,
782,768,781,-1,
783,768,782,-1,
784,768,783,-1,
785,768,784,-1,
786,768,785,-1,
787,768,786,-1,
788,768,787,-1,
789,768,788,-1,
790,768,789,-1,
791,768,790,-1,
792,768,791,-1,
793,768,792,-1,
794,768,793,-1,
795,768,794,-1,
796,768,795,-1,
797,768,796,-1,
798,768,797,-1,
799,768,798,-1,
800,768,799,-1,
801,768,800,-1,
802,768,801,-1,
803,768,802,-1,
804,769,805,-1,
804,770,769,-1,
806,807,808,-1,
806,809,807,-1,
806,810,809,-1,
806,811,810,-1,
806,812,811,-1,
806,813,812,-1,
806,814,813,-1,
806,804,805,-1,
806,815,814,-1,
806,816,815,-1,
806,817,816,-1,
806,818,817,-1,
806,819,818,-1,
806,820,819,-1,
806,821,820,-1,
806,822,821,-1,
806,823,822,-1,
806,824,823,-1,
806,825,824,-1,
806,826,825,-1,
806,827,826,-1,
806,828,827,-1,
806,829,828,-1,
806,830,829,-1,
806,831,830,-1,
806,832,831,-1,
806,833,832,-1,
806,834,833,-1,
806,835,834,-1,
806,836,835,-1,
806,837,836,-1,
806,838,837,-1,
806,839,838,-1,
806,808,804,-1,
806,768,803,-1,
806,803,839,-1,
840,841,842,-1,
842,841,843,-1,
844,845,846,-1,
846,847,848,-1,
848,847,849,-1,
845,847,846,-1,
850,851,852,-1,
852,851,853,-1,
854,855,856,-1,
856,857,858,-1,
855,857,856,-1,
858,859,860,-1,
857,859,858,-1,
860,861,862,-1,
859,861,860,-1,
862,863,864,-1,
861,863,862,-1,
864,865,866,-1,
863,865,864,-1,
866,867,868,-1,
865,867,866,-1,
868,869,870,-1,
867,869,868,-1,
870,871,872,-1,
869,871,870,-1,
871,873,872,-1,
872,873,874,-1,
873,875,874,-1,
874,875,876,-1,
875,877,876,-1,
876,877,878,-1,
877,879,878,-1,
878,879,880,-1,
879,881,880,-1,
880,881,882,-1,
881,883,882,-1,
882,883,884,-1,
883,885,884,-1,
884,885,886,-1,
885,887,886,-1,
886,887,888,-1,
887,889,888,-1,
888,889,890,-1,
889,891,890,-1,
890,891,892,-1,
892,893,894,-1,
891,893,892,-1,
893,895,894,-1,
894,895,896,-1,
896,897,898,-1,
895,897,896,-1,
898,899,900,-1,
897,899,898,-1,
900,901,902,-1,
899,901,900,-1,
902,903,904,-1,
901,903,902,-1,
904,905,906,-1,
903,905,904,-1,
906,907,908,-1,
905,907,906,-1,
908,909,910,-1,
907,909,908,-1,
910,911,912,-1,
909,911,910,-1,
912,913,914,-1,
911,913,912,-1,
914,915,916,-1,
913,915,914,-1,
916,917,918,-1,
915,917,916,-1,
917,919,918,-1,
920,921,922,-1,
923,924,925,-1,
926,925,920,-1,
926,923,925,-1,
927,926,920,-1,
928,929,930,-1,
931,932,933,-1,
934,935,936,-1,
934,936,937,-1,
934,937,938,-1,
934,938,939,-1,
934,939,931,-1,
934,933,940,-1,
934,940,928,-1,
934,930,941,-1,
934,941,942,-1,
934,942,943,-1,
934,943,927,-1,
934,927,920,-1,
934,931,933,-1,
934,928,930,-1,
922,934,920,-1,
944,945,946,-1,
947,945,944,-1,
948,945,947,-1,
949,948,947,-1,
950,951,952,-1,
950,953,951,-1,
954,955,956,-1,
954,957,955,-1,
958,959,960,-1,
958,960,961,-1,
962,963,964,-1,
962,964,965,-1,
966,967,968,-1,
966,968,969,-1,
970,971,972,-1,
973,974,970,-1,
971,974,975,-1,
970,974,971,-1,
976,977,978,-1,
978,977,974,-1,
974,977,975,-1,
976,979,977,-1,
979,980,977,-1,
980,981,977,-1,
979,982,980,-1,
983,984,985,-1,
986,987,983,-1,
983,987,984,-1,
987,988,984,-1,
986,989,987,-1,
989,990,987,-1,
989,991,990,-1,
992,993,989,-1,
994,995,981,-1,
981,995,992,-1,
996,997,993,-1,
989,997,991,-1,
993,997,989,-1,
989,977,992,-1,
992,977,981,-1,
998,999,1000,-1,
999,1001,1000,-1,
1002,1003,1004,-1,
1004,1003,1005,-1,
1006,1007,1008,-1,
1009,1010,1011,-1,
1009,1012,1010,-1,
1010,1013,1007,-1,
1007,1013,1008,-1,
1010,1014,1013,-1,
1010,1015,1014,-1,
1014,1016,1013,-1,
1010,1017,1015,-1,
1016,1018,1013,-1,
1010,1019,1017,-1,
1020,1021,1022,-1,
1022,1021,1023,-1,
1018,1024,1013,-1,
1010,1025,1019,-1,
1024,1026,1013,-1,
1010,1027,1025,-1,
1026,1028,1013,-1,
1010,1029,1027,-1,
1010,1030,1029,-1,
1010,1031,1030,-1,
1010,1032,1031,-1,
1010,1033,1032,-1,
1012,1033,1010,-1,
1012,1034,1033,-1,
1012,1035,1034,-1,
1012,1036,1035,-1,
1012,1037,1036,-1,
1012,1038,1037,-1,
1023,1039,1012,-1,
1012,1039,1038,-1,
1040,1041,1042,-1,
1040,1043,1041,-1,
1044,1045,1046,-1,
1041,1047,1021,-1,
1023,1047,1039,-1,
1021,1047,1023,-1,
1041,1048,1047,-1,
1041,1049,1048,-1,
1041,1050,1049,-1,
1041,1051,1050,-1,
1041,1052,1051,-1,
1043,1053,1041,-1,
1041,1053,1052,-1,
1043,1054,1053,-1,
1043,1055,1054,-1,
1043,1056,1055,-1,
1043,1057,1056,-1,
1043,1058,1057,-1,
1043,1059,1058,-1,
1043,1060,1059,-1,
1043,1061,1060,-1,
1043,1062,1061,-1,
1043,1063,1062,-1,
1064,1065,1066,-1,
1045,1065,1043,-1,
1067,1065,1064,-1,
1068,1065,1067,-1,
1069,1065,1068,-1,
1063,1065,1069,-1,
1043,1065,1063,-1,
1044,1065,1045,-1,
1070,1071,1072,-1,
1072,1071,1073,-1,
1074,1075,1076,-1,
1076,1077,1078,-1,
1078,1077,1079,-1,
1075,1077,1076,-1,
1080,1081,1075,-1,
1075,1081,1077,-1,
1082,1083,1084,-1,
1084,1085,1086,-1,
1086,1085,1087,-1,
1083,1085,1084,-1,
1087,1088,1089,-1,
1085,1088,1087,-1,
1089,1090,1091,-1,
1088,1090,1089,-1,
1091,1092,1093,-1,
1093,1092,1081,-1,
1090,1092,1091,-1,
1077,1094,1095,-1,
1095,1094,1096,-1,
1081,1094,1077,-1,
1092,1097,1081,-1,
1081,1098,1094,-1,
1097,1099,1081,-1,
1081,1100,1098,-1,
1099,1101,1081,-1,
1081,1102,1100,-1,
1101,1103,1081,-1,
1081,1104,1102,-1,
1103,1105,1081,-1,
1081,1106,1104,-1,
1105,1107,1081,-1,
1081,1108,1106,-1,
1107,1109,1081,-1,
1081,1109,1108,-1,
1110,1111,1112,-1,
1113,1114,1115,-1,
1115,1116,1117,-1,
1117,1116,1118,-1,
1114,1116,1115,-1,
1118,1119,1120,-1,
1116,1119,1118,-1,
1120,1121,1122,-1,
1119,1121,1120,-1,
1121,1123,1122,-1,
1122,1124,1125,-1,
1125,1124,1126,-1,
1126,1124,1127,-1,
1127,1124,1128,-1,
1128,1124,1129,-1,
1129,1124,1130,-1,
1130,1124,1131,-1,
1131,1124,1132,-1,
1132,1124,1133,-1,
1133,1124,1134,-1,
1134,1124,1135,-1,
1135,1124,1136,-1,
1136,1124,1137,-1,
1137,1124,1138,-1,
1138,1124,1111,-1,
1123,1124,1122,-1,
1111,1139,1112,-1,
1124,1139,1111,-1,
1139,1140,1141,-1,
1139,1142,1140,-1,
1139,1143,1142,-1,
1124,1143,1139,-1,
1142,1143,1144,-1,
1124,1145,1143,-1,
1146,1147,1148,-1,
1149,1146,1148,-1,
1150,1151,1152,-1,
1153,1151,1150,-1,
1154,1155,1156,-1,
1156,1155,1157,-1,
1158,1159,1160,-1,
1160,1159,1161,-1,
1162,1163,1164,-1,
1164,1163,1165,-1,
1166,1167,1168,-1,
1169,1167,1166,-1,
1170,1171,1172,-1,
1170,1172,1173,-1,
1174,1175,1176,-1,
1174,1176,1177,-1,
1178,1179,1180,-1,
1178,1180,1181,-1,
1182,1183,1184,-1,
1185,1186,1183,-1,
1185,1183,1182,-1,
1187,1188,1189,-1,
1190,1191,1192,-1,
1190,1192,1188,-1,
1190,1188,1187,-1,
1193,1194,1195,-1,
1196,1193,1197,-1,
1196,1194,1193,-1,
1198,1199,1200,-1,
1200,1199,1201,-1,
1199,1202,1201,-1,
1203,1204,1199,-1,
1199,1204,1202,-1,
1205,1206,1207,-1,
1208,1206,1205,-1,
1209,1210,1211,-1,
1211,1210,1212,-1,
1209,1213,1210,-1,
1210,1214,1215,-1,
1213,1214,1210,-1,
1216,1217,1218,-1,
1219,1218,1220,-1,
1219,1216,1218,-1,
1221,1222,1223,-1,
1224,1221,1223,-1,
1225,1224,1226,-1,
1225,1221,1224,-1,
1227,1228,1229,-1,
1230,1231,1228,-1,
1230,1228,1227,-1,
1232,1233,1234,-1,
1232,1234,1235,-1,
1232,1235,1236,-1,
1237,1236,1238,-1,
1237,1238,1239,-1,
1237,1232,1236,-1,
1240,1239,1241,-1,
1240,1241,1242,-1,
1240,1237,1239,-1,
1243,1233,1232,-1,
1244,1242,1245,-1,
1244,1245,1246,-1,
1244,1240,1242,-1,
1247,1243,1232,-1,
1247,1232,1237,-1,
1248,1246,1249,-1,
1248,1249,1250,-1,
1248,1244,1246,-1,
1251,1247,1237,-1,
1251,1237,1240,-1,
1252,1253,1233,-1,
1252,1233,1243,-1,
1254,1248,1250,-1,
1254,1250,1255,-1,
1254,1255,1256,-1,
1257,1251,1240,-1,
1257,1240,1244,-1,
1258,1243,1247,-1,
1258,1252,1243,-1,
1259,1254,1256,-1,
1259,1256,1260,-1,
1259,1260,1261,-1,
1262,1257,1244,-1,
1262,1244,1248,-1,
1263,1247,1251,-1,
1263,1258,1247,-1,
1264,1259,1261,-1,
1264,1261,1265,-1,
1264,1265,1266,-1,
1267,1253,1252,-1,
1268,1262,1248,-1,
1268,1248,1254,-1,
1269,1263,1251,-1,
1269,1251,1257,-1,
1270,1266,1271,-1,
1270,1271,1272,-1,
1270,1272,1273,-1,
1270,1264,1266,-1,
1274,1267,1252,-1,
1274,1252,1258,-1,
1275,1254,1259,-1,
1275,1268,1254,-1,
1276,1269,1257,-1,
1276,1257,1262,-1,
1277,1258,1263,-1,
1277,1274,1258,-1,
1278,1275,1259,-1,
1278,1259,1264,-1,
1279,1253,1267,-1,
1279,1280,1253,-1,
1279,1281,1280,-1,
1279,1282,1281,-1,
1283,1276,1262,-1,
1283,1262,1268,-1,
1284,1263,1269,-1,
1284,1277,1263,-1,
1285,1270,1273,-1,
1285,1264,1270,-1,
1285,1278,1264,-1,
1286,1287,1282,-1,
1286,1288,1287,-1,
1286,1282,1279,-1,
1286,1267,1274,-1,
1286,1279,1267,-1,
1289,1268,1275,-1,
1289,1283,1268,-1,
1290,1284,1269,-1,
1290,1269,1276,-1,
1291,1292,1288,-1,
1291,1293,1292,-1,
1291,1288,1286,-1,
1291,1274,1277,-1,
1291,1286,1274,-1,
1294,1275,1278,-1,
1294,1289,1275,-1,
1295,1276,1283,-1,
1295,1290,1276,-1,
1296,1297,1293,-1,
1296,1298,1297,-1,
1296,1277,1284,-1,
1296,1293,1291,-1,
1296,1291,1277,-1,
1299,1273,1300,-1,
1299,1285,1273,-1,
1299,1294,1278,-1,
1299,1278,1285,-1,
1301,1283,1289,-1,
1301,1295,1283,-1,
1302,1303,1298,-1,
1302,1304,1303,-1,
1302,1284,1290,-1,
1302,1298,1296,-1,
1302,1296,1284,-1,
1305,1289,1294,-1,
1305,1301,1289,-1,
1306,1307,1304,-1,
1306,1308,1307,-1,
1306,1304,1302,-1,
1306,1290,1295,-1,
1306,1302,1290,-1,
1309,1299,1300,-1,
1309,1294,1299,-1,
1309,1305,1294,-1,
1310,1311,1308,-1,
1310,1312,1311,-1,
1310,1295,1301,-1,
1310,1306,1295,-1,
1310,1308,1306,-1,
1313,1310,1301,-1,
1313,1314,1312,-1,
1313,1315,1314,-1,
1313,1312,1310,-1,
1313,1301,1305,-1,
1316,1305,1309,-1,
1316,1315,1313,-1,
1316,1309,1300,-1,
1316,1317,1315,-1,
1316,1313,1305,-1,
1316,1318,1317,-1,
1316,1300,1318,-1,
1319,1320,1321,-1,
1319,1322,1320,-1,
1323,1319,1321,-1,
1324,1321,1325,-1,
1324,1323,1321,-1,
1326,1325,1327,-1,
1326,1324,1325,-1,
1328,1326,1327,-1,
1329,1327,1330,-1,
1329,1328,1327,-1,
1331,1330,1332,-1,
1331,1329,1330,-1,
1333,1332,1334,-1,
1333,1331,1332,-1,
1335,1334,1336,-1,
1335,1333,1334,-1,
1337,1335,1336,-1,
1338,1336,1339,-1,
1338,1337,1336,-1,
1340,1339,1341,-1,
1340,1338,1339,-1,
1342,1341,1343,-1,
1342,1340,1341,-1,
1344,1342,1343,-1,
1344,1343,1345,-1,
1346,1344,1345,-1,
1347,1346,1345,-1,
1347,1345,1348,-1,
1349,1348,1350,-1,
1349,1347,1348,-1,
1351,1349,1350,-1,
1351,1350,1352,-1,
1353,1352,1354,-1,
1353,1351,1352,-1,
1355,1353,1354,-1,
1356,1354,1357,-1,
1356,1355,1354,-1,
1358,1357,1359,-1,
1358,1356,1357,-1,
1360,1359,1361,-1,
1360,1358,1359,-1,
1362,1361,1363,-1,
1362,1360,1361,-1,
1364,1363,1365,-1,
1364,1362,1363,-1,
1366,1364,1365,-1,
1367,1368,1369,-1,
1369,1368,1370,-1,
1367,1371,1368,-1,
1372,1373,1374,-1,
1375,1373,1372,-1,
1376,1377,1378,-1,
1378,1377,1379,-1,
1379,1377,1380,-1,
1380,1381,1382,-1,
1382,1381,1383,-1,
1377,1381,1380,-1,
1384,1385,1376,-1,
1376,1385,1377,-1,
1383,1386,1387,-1,
1387,1386,1388,-1,
1381,1386,1383,-1,
1377,1389,1381,-1,
1385,1389,1377,-1,
1388,1390,1391,-1,
1391,1390,1392,-1,
1386,1390,1388,-1,
1384,1393,1385,-1,
1394,1393,1384,-1,
1395,1393,1394,-1,
1396,1393,1395,-1,
1389,1397,1381,-1,
1381,1397,1386,-1,
1392,1398,1399,-1,
1399,1398,1400,-1,
1390,1398,1392,-1,
1393,1401,1385,-1,
1396,1401,1393,-1,
1402,1401,1396,-1,
1403,1401,1402,-1,
1385,1401,1389,-1,
1397,1404,1386,-1,
1386,1404,1390,-1,
1400,1405,1406,-1,
1406,1405,1407,-1,
1398,1405,1400,-1,
1401,1408,1389,-1,
1409,1408,1403,-1,
1410,1408,1409,-1,
1389,1408,1397,-1,
1403,1408,1401,-1,
1404,1411,1390,-1,
1390,1411,1398,-1,
1405,1412,1407,-1,
1407,1412,1413,-1,
1413,1412,1414,-1,
1408,1415,1397,-1,
1416,1415,1410,-1,
1417,1415,1416,-1,
1410,1415,1408,-1,
1397,1415,1404,-1,
1411,1418,1398,-1,
1398,1418,1405,-1,
1412,1419,1414,-1,
1414,1419,1420,-1,
1420,1419,1421,-1,
1415,1422,1404,-1,
1404,1422,1411,-1,
1423,1422,1417,-1,
1424,1422,1423,-1,
1417,1422,1415,-1,
1418,1425,1405,-1,
1405,1425,1412,-1,
1421,1426,1427,-1,
1427,1426,1428,-1,
1428,1426,1429,-1,
1419,1426,1421,-1,
1424,1430,1422,-1,
1411,1430,1418,-1,
1431,1430,1424,-1,
1432,1430,1431,-1,
1422,1430,1411,-1,
1425,1433,1412,-1,
1412,1433,1419,-1,
1432,1434,1430,-1,
1418,1434,1425,-1,
1435,1434,1432,-1,
1430,1434,1418,-1,
1436,1434,1435,-1,
1426,1437,1429,-1,
1429,1437,1438,-1,
1419,1437,1426,-1,
1433,1437,1419,-1,
1439,1440,1436,-1,
1425,1440,1433,-1,
1441,1440,1439,-1,
1436,1440,1434,-1,
1434,1440,1425,-1,
1442,1443,1441,-1,
1444,1443,1442,-1,
1438,1443,1444,-1,
1437,1443,1438,-1,
1441,1443,1440,-1,
1440,1443,1433,-1,
1433,1443,1437,-1,
1445,1446,1447,-1,
1447,1448,1449,-1,
1446,1448,1447,-1,
1449,1450,1451,-1,
1448,1450,1449,-1,
1451,1452,1453,-1,
1450,1452,1451,-1,
1453,1454,1455,-1,
1452,1454,1453,-1,
1455,1456,1457,-1,
1454,1456,1455,-1,
1457,1458,1459,-1,
1456,1458,1457,-1,
1459,1460,1461,-1,
1458,1460,1459,-1,
1461,1462,1463,-1,
1460,1462,1461,-1,
1463,1464,1465,-1,
1462,1464,1463,-1,
1465,1466,1467,-1,
1464,1466,1465,-1,
1467,1468,1469,-1,
1466,1468,1467,-1,
1469,1470,1471,-1,
1468,1470,1469,-1,
1471,1472,1473,-1,
1470,1472,1471,-1,
1473,1474,1475,-1,
1472,1474,1473,-1,
1474,1476,1475,-1,
1475,1476,1477,-1,
1476,1478,1477,-1,
1477,1478,1479,-1,
1478,1480,1479,-1,
1479,1480,1481,-1,
1480,1482,1481,-1,
1481,1482,1483,-1,
1482,1484,1483,-1,
1483,1484,1485,-1,
1484,1486,1485,-1,
1487,1488,1489,-1,
1490,1488,1487,-1,
1491,1488,1490,-1,
1492,1493,1494,-1,
1489,1493,1492,-1,
1488,1493,1489,-1,
1491,1495,1488,-1,
1496,1495,1497,-1,
1497,1495,1498,-1,
1498,1495,1499,-1,
1499,1495,1491,-1,
1500,1501,1502,-1,
1494,1501,1500,-1,
1493,1501,1494,-1,
1503,1504,1505,-1,
1505,1504,1496,-1,
1496,1504,1495,-1,
1495,1504,1488,-1,
1488,1504,1493,-1,
1506,1507,1508,-1,
1502,1507,1506,-1,
1501,1507,1502,-1,
1509,1510,1511,-1,
1511,1510,1503,-1,
1503,1510,1504,-1,
1504,1510,1493,-1,
1493,1510,1501,-1,
1512,1513,1514,-1,
1508,1513,1512,-1,
1507,1513,1508,-1,
1501,1515,1507,-1,
1516,1515,1517,-1,
1517,1515,1509,-1,
1510,1515,1501,-1,
1509,1515,1510,-1,
1518,1519,1520,-1,
1514,1519,1518,-1,
1513,1519,1514,-1,
1516,1521,1515,-1,
1522,1521,1523,-1,
1523,1521,1516,-1,
1515,1521,1507,-1,
1507,1521,1513,-1,
1519,1524,1520,-1,
1525,1524,1526,-1,
1520,1524,1525,-1,
1527,1528,1529,-1,
1529,1528,1522,-1,
1522,1528,1521,-1,
1513,1528,1519,-1,
1521,1528,1513,-1,
1530,1531,1532,-1,
1526,1531,1530,-1,
1524,1531,1526,-1,
1533,1534,1535,-1,
1535,1534,1527,-1,
1519,1534,1524,-1,
1527,1534,1528,-1,
1528,1534,1519,-1,
1536,1537,1538,-1,
1539,1537,1536,-1,
1532,1537,1539,-1,
1538,1537,1540,-1,
1531,1537,1532,-1,
1541,1542,1543,-1,
1543,1542,1533,-1,
1534,1542,1524,-1,
1533,1542,1534,-1,
1524,1542,1531,-1,
1540,1544,1545,-1,
1545,1544,1546,-1,
1546,1544,1541,-1,
1531,1544,1537,-1,
1537,1544,1540,-1,
1541,1544,1542,-1,
1542,1544,1531,-1,
1547,1548,1549,-1,
1547,1549,1550,-1,
1551,1552,1553,-1,
1554,1552,1551,-1,
1555,1552,1554,-1,
1556,1557,1558,-1,
1553,1557,1556,-1,
1552,1557,1553,-1,
1555,1559,1552,-1,
1560,1559,1561,-1,
1561,1559,1562,-1,
1562,1559,1563,-1,
1563,1559,1555,-1,
1564,1565,1566,-1,
1558,1565,1564,-1,
1557,1565,1558,-1,
1567,1568,1569,-1,
1569,1568,1560,-1,
1560,1568,1559,-1,
1559,1568,1552,-1,
1552,1568,1557,-1,
1570,1571,1572,-1,
1566,1571,1570,-1,
1565,1571,1566,-1,
1573,1574,1575,-1,
1575,1574,1567,-1,
1567,1574,1568,-1,
1568,1574,1557,-1,
1557,1574,1565,-1,
1576,1577,1578,-1,
1572,1577,1576,-1,
1571,1577,1572,-1,
1565,1579,1571,-1,
1580,1579,1581,-1,
1581,1579,1573,-1,
1574,1579,1565,-1,
1573,1579,1574,-1,
1582,1583,1584,-1,
1578,1583,1582,-1,
1577,1583,1578,-1,
1580,1585,1579,-1,
1586,1585,1587,-1,
1587,1585,1580,-1,
1579,1585,1571,-1,
1571,1585,1577,-1,
1583,1588,1584,-1,
1589,1588,1590,-1,
1584,1588,1589,-1,
1591,1592,1593,-1,
1593,1592,1586,-1,
1586,1592,1585,-1,
1577,1592,1583,-1,
1585,1592,1577,-1,
1594,1595,1596,-1,
1590,1595,1594,-1,
1588,1595,1590,-1,
1597,1598,1599,-1,
1599,1598,1591,-1,
1583,1598,1588,-1,
1591,1598,1592,-1,
1592,1598,1583,-1,
1600,1601,1602,-1,
1603,1601,1600,-1,
1596,1601,1603,-1,
1602,1601,1604,-1,
1595,1601,1596,-1,
1605,1606,1607,-1,
1607,1606,1597,-1,
1598,1606,1588,-1,
1597,1606,1598,-1,
1588,1606,1595,-1,
1604,1608,1609,-1,
1609,1608,1610,-1,
1610,1608,1605,-1,
1595,1608,1601,-1,
1601,1608,1604,-1,
1605,1608,1606,-1,
1606,1608,1595,-1,
1611,1612,1613,-1,
1614,1611,1613,-1,
1615,1616,1617,-1,
1618,1619,1615,-1,
1615,1619,1616,-1,
1620,1621,1622,-1,
1620,1623,1621,-1,
1624,1625,1626,-1,
1624,1626,1627,-1,
1624,1627,1628,-1,
1629,1628,1630,-1,
1629,1630,1631,-1,
1629,1624,1628,-1,
1632,1631,1633,-1,
1632,1633,1634,-1,
1632,1629,1631,-1,
1635,1625,1624,-1,
1636,1634,1637,-1,
1636,1637,1638,-1,
1636,1632,1634,-1,
1639,1635,1624,-1,
1639,1624,1629,-1,
1640,1638,1641,-1,
1640,1641,1642,-1,
1640,1636,1638,-1,
1643,1639,1629,-1,
1643,1629,1632,-1,
1644,1645,1625,-1,
1644,1625,1635,-1,
1646,1640,1642,-1,
1646,1642,1647,-1,
1646,1647,1648,-1,
1649,1643,1632,-1,
1649,1632,1636,-1,
1650,1635,1639,-1,
1650,1644,1635,-1,
1651,1646,1648,-1,
1651,1648,1652,-1,
1651,1652,1653,-1,
1654,1649,1636,-1,
1654,1636,1640,-1,
1655,1639,1643,-1,
1655,1650,1639,-1,
1656,1651,1653,-1,
1656,1653,1657,-1,
1656,1657,1658,-1,
1659,1645,1644,-1,
1660,1654,1640,-1,
1660,1640,1646,-1,
1661,1655,1643,-1,
1661,1643,1649,-1,
1662,1658,1663,-1,
1662,1663,1664,-1,
1662,1664,1665,-1,
1662,1656,1658,-1,
1666,1659,1644,-1,
1666,1644,1650,-1,
1667,1646,1651,-1,
1667,1660,1646,-1,
1668,1661,1649,-1,
1668,1649,1654,-1,
1669,1650,1655,-1,
1669,1666,1650,-1,
1670,1667,1651,-1,
1670,1651,1656,-1,
1671,1645,1659,-1,
1671,1672,1645,-1,
1671,1673,1672,-1,
1671,1674,1673,-1,
1675,1668,1654,-1,
1675,1654,1660,-1,
1676,1655,1661,-1,
1676,1669,1655,-1,
1677,1662,1665,-1,
1677,1656,1662,-1,
1677,1670,1656,-1,
1678,1679,1674,-1,
1678,1680,1679,-1,
1678,1674,1671,-1,
1678,1659,1666,-1,
1678,1671,1659,-1,
1681,1660,1667,-1,
1681,1675,1660,-1,
1682,1676,1661,-1,
1682,1661,1668,-1,
1683,1684,1680,-1,
1683,1685,1684,-1,
1683,1680,1678,-1,
1683,1666,1669,-1,
1683,1678,1666,-1,
1686,1667,1670,-1,
1686,1681,1667,-1,
1687,1668,1675,-1,
1687,1682,1668,-1,
1688,1689,1685,-1,
1688,1690,1689,-1,
1688,1669,1676,-1,
1688,1685,1683,-1,
1688,1683,1669,-1,
1691,1665,1692,-1,
1691,1677,1665,-1,
1691,1686,1670,-1,
1691,1670,1677,-1,
1693,1675,1681,-1,
1693,1687,1675,-1,
1694,1695,1690,-1,
1694,1696,1695,-1,
1694,1676,1682,-1,
1694,1690,1688,-1,
1694,1688,1676,-1,
1697,1681,1686,-1,
1697,1693,1681,-1,
1698,1699,1696,-1,
1698,1700,1699,-1,
1698,1696,1694,-1,
1698,1682,1687,-1,
1698,1694,1682,-1,
1701,1691,1692,-1,
1701,1686,1691,-1,
1701,1697,1686,-1,
1702,1703,1700,-1,
1702,1704,1703,-1,
1702,1687,1693,-1,
1702,1698,1687,-1,
1702,1700,1698,-1,
1705,1702,1693,-1,
1705,1706,1704,-1,
1705,1707,1706,-1,
1705,1704,1702,-1,
1705,1693,1697,-1,
1708,1697,1701,-1,
1708,1707,1705,-1,
1708,1701,1692,-1,
1708,1709,1707,-1,
1708,1705,1697,-1,
1708,1710,1709,-1,
1708,1692,1710,-1,
1711,1712,1713,-1,
1711,1714,1712,-1,
1715,1713,1716,-1,
1715,1711,1713,-1,
1717,1716,1718,-1,
1717,1715,1716,-1,
1719,1717,1718,-1,
1720,1718,1721,-1,
1720,1719,1718,-1,
1722,1721,1723,-1,
1722,1720,1721,-1,
1724,1723,1725,-1,
1724,1722,1723,-1,
1726,1725,1727,-1,
1726,1724,1725,-1,
1728,1726,1727,-1,
1729,1727,1730,-1,
1729,1728,1727,-1,
1731,1730,1732,-1,
1731,1729,1730,-1,
1733,1732,1734,-1,
1733,1731,1732,-1,
1735,1734,1736,-1,
1735,1733,1734,-1,
1737,1735,1736,-1,
1738,1737,1736,-1,
1738,1736,1739,-1,
1740,1738,1739,-1,
1740,1739,1741,-1,
1742,1740,1741,-1,
1742,1741,1743,-1,
1744,1742,1743,-1,
1745,1743,1746,-1,
1745,1744,1743,-1,
1747,1746,1748,-1,
1747,1745,1746,-1,
1749,1747,1748,-1,
1750,1748,1751,-1,
1750,1749,1748,-1,
1752,1751,1753,-1,
1752,1750,1751,-1,
1754,1753,1755,-1,
1754,1752,1753,-1,
1756,1755,1757,-1,
1756,1754,1755,-1,
1758,1756,1757,-1,
1759,1760,1761,-1,
1762,1763,1759,-1,
1762,1759,1761,-1,
1764,1765,1766,-1,
1767,1766,1765,-1,
1768,1764,1766,-1,
1769,1766,1767,-1,
1770,1768,1766,-1,
1771,1766,1769,-1,
1772,1770,1766,-1,
1773,1766,1771,-1,
1774,1772,1766,-1,
1775,1766,1773,-1,
1776,1774,1766,-1,
1777,1766,1775,-1,
1778,1776,1766,-1,
1779,1766,1777,-1,
1780,1778,1766,-1,
1781,1766,1779,-1,
1782,1780,1766,-1,
1783,1766,1781,-1,
1784,1782,1766,-1,
1785,1766,1783,-1,
1786,1784,1766,-1,
1787,1766,1785,-1,
1788,1786,1766,-1,
1789,1766,1787,-1,
1790,1788,1766,-1,
1791,1766,1789,-1,
1792,1790,1766,-1,
1793,1766,1791,-1,
1794,1792,1766,-1,
1795,1766,1793,-1,
1796,1794,1766,-1,
1797,1766,1795,-1,
1798,1766,1797,-1,
1798,1799,1766,-1,
1800,1799,1798,-1,
1801,1799,1800,-1,
1802,1799,1801,-1,
1803,1799,1802,-1,
1804,1799,1803,-1,
1805,1799,1804,-1,
1806,1799,1805,-1,
1807,1799,1806,-1,
1808,1799,1807,-1,
1809,1799,1808,-1,
1810,1799,1809,-1,
1811,1799,1810,-1,
1812,1799,1811,-1,
1813,1799,1812,-1,
1814,1799,1813,-1,
1815,1799,1814,-1,
1816,1799,1815,-1,
1817,1799,1816,-1,
1818,1799,1817,-1,
1819,1799,1818,-1,
1820,1799,1819,-1,
1821,1799,1820,-1,
1822,1799,1821,-1,
1823,1799,1822,-1,
1824,1799,1823,-1,
1825,1826,1827,-1,
1825,1828,1826,-1,
1825,1829,1828,-1,
1825,1830,1829,-1,
1825,1831,1830,-1,
1825,1832,1831,-1,
1825,1833,1832,-1,
1825,1834,1833,-1,
1825,1835,1834,-1,
1825,1836,1835,-1,
1825,1837,1836,-1,
1825,1838,1837,-1,
1825,1839,1840,-1,
1825,1841,1839,-1,
1825,1842,1841,-1,
1825,1843,1842,-1,
1825,1844,1843,-1,
1825,1845,1844,-1,
1825,1846,1845,-1,
1825,1847,1846,-1,
1825,1848,1847,-1,
1825,1849,1848,-1,
1825,1850,1849,-1,
1825,1851,1850,-1,
1825,1852,1851,-1,
1825,1853,1852,-1,
1825,1854,1853,-1,
1825,1855,1854,-1,
1825,1827,1855,-1,
1856,1857,1825,-1,
1858,1856,1825,-1,
1858,1825,1840,-1,
1858,1859,1860,-1,
1858,1861,1859,-1,
1858,1862,1861,-1,
1858,1863,1862,-1,
1858,1864,1863,-1,
1858,1865,1864,-1,
1858,1866,1865,-1,
1858,1867,1866,-1,
1858,1868,1867,-1,
1858,1869,1868,-1,
1858,1870,1869,-1,
1858,1871,1870,-1,
1858,1872,1871,-1,
1858,1873,1872,-1,
1858,1874,1873,-1,
1858,1875,1874,-1,
1858,1876,1875,-1,
1858,1877,1876,-1,
1858,1840,1877,-1,
1878,1879,1856,-1,
1880,1879,1878,-1,
1881,1878,1856,-1,
1882,1879,1880,-1,
1883,1881,1856,-1,
1884,1879,1882,-1,
1885,1883,1856,-1,
1886,1879,1884,-1,
1887,1885,1856,-1,
1888,1879,1886,-1,
1889,1879,1888,-1,
1890,1879,1889,-1,
1891,1892,1893,-1,
1891,1893,1879,-1,
1894,1879,1890,-1,
1895,1879,1894,-1,
1896,1879,1895,-1,
1897,1879,1896,-1,
1898,1879,1897,-1,
1899,1879,1898,-1,
1900,1887,1856,-1,
1900,1856,1858,-1,
1901,1879,1899,-1,
1902,1879,1901,-1,
1903,1887,1900,-1,
1903,1904,1905,-1,
1903,1906,1904,-1,
1903,1907,1906,-1,
1903,1908,1907,-1,
1903,1909,1908,-1,
1903,1910,1909,-1,
1903,1911,1910,-1,
1903,1912,1911,-1,
1903,1913,1912,-1,
1903,1914,1913,-1,
1903,1900,1914,-1,
1915,1903,1905,-1,
1916,1903,1915,-1,
1917,1918,1903,-1,
1919,1903,1916,-1,
1920,1917,1903,-1,
1921,1903,1919,-1,
1922,1920,1903,-1,
1922,1903,1921,-1,
1923,1891,1879,-1,
1923,1879,1902,-1,
1924,1925,1926,-1,
1927,1926,1925,-1,
1928,1924,1926,-1,
1929,1926,1927,-1,
1930,1928,1926,-1,
1931,1926,1929,-1,
1932,1930,1926,-1,
1933,1926,1931,-1,
1934,1932,1926,-1,
1935,1926,1933,-1,
1936,1934,1926,-1,
1937,1926,1935,-1,
1938,1936,1926,-1,
1939,1926,1937,-1,
1940,1938,1926,-1,
1941,1926,1939,-1,
1942,1940,1926,-1,
1943,1926,1941,-1,
1944,1942,1926,-1,
1945,1926,1943,-1,
1946,1944,1926,-1,
1947,1926,1945,-1,
1948,1926,1947,-1,
1949,1926,1948,-1,
1950,1951,1926,-1,
1950,1926,1949,-1,
1952,1951,1950,-1,
1953,1951,1952,-1,
1954,1951,1953,-1,
1955,1951,1954,-1,
1956,1951,1955,-1,
1957,1951,1956,-1,
1958,1951,1957,-1,
1959,1951,1958,-1,
1960,1951,1959,-1,
1961,1951,1960,-1,
1962,1951,1961,-1,
1963,1951,1962,-1,
1964,1951,1963,-1,
1965,1951,1964,-1,
1966,1951,1965,-1,
1967,1951,1966,-1,
1968,1951,1967,-1,
1969,1951,1968,-1,
1970,1951,1969,-1,
1971,1951,1970,-1,
1972,1951,1971,-1,
1973,1951,1972,-1,
1974,1951,1973,-1,
1975,1951,1974,-1,
1976,1951,1975,-1,
1977,1951,1976,-1,
1978,1951,1977,-1,
1979,1951,1978,-1,
1980,1951,1979,-1,
1981,1982,1983,-1,
1981,1984,1982,-1,
1981,1985,1984,-1,
1981,1986,1985,-1,
1981,1987,1986,-1,
1981,1988,1987,-1,
1981,1989,1988,-1,
1981,1990,1989,-1,
1981,1991,1990,-1,
1981,1992,1991,-1,
1981,1993,1992,-1,
1981,1994,1993,-1,
1981,1995,1994,-1,
1981,1996,1995,-1,
1981,1997,1996,-1,
1981,1998,1997,-1,
1981,1999,1998,-1,
1981,2000,1999,-1,
1981,2001,2000,-1,
1981,2002,2001,-1,
1981,2003,2002,-1,
1981,2004,2003,-1,
1981,2005,2004,-1,
1981,2006,2005,-1,
1981,2007,2006,-1,
1981,2008,2007,-1,
1981,2009,2008,-1,
1981,2010,2009,-1,
1981,2011,2010,-1,
1981,2012,2013,-1,
1981,2014,2015,-1,
1981,2016,2014,-1,
1981,2017,2016,-1,
1981,2018,2017,-1,
1981,2019,2018,-1,
1981,1983,2019,-1,
2020,1891,1923,-1,
2020,2013,1891,-1,
2021,2013,2020,-1,
2022,2013,2021,-1,
2023,2013,2022,-1,
2024,2013,2023,-1,
2025,2013,2024,-1,
2026,2013,2025,-1,
2027,2013,2026,-1,
2028,2013,2027,-1,
2029,2013,2028,-1,
2030,2013,2029,-1,
2031,2013,2030,-1,
2032,1981,2013,-1,
2032,2013,2031,-1,
2033,1981,2032,-1,
2034,1981,2033,-1,
2035,1981,2034,-1,
2036,1981,2035,-1,
2037,1981,2036,-1,
2038,1981,2037,-1,
2039,1981,2038,-1,
2040,1981,2039,-1,
2041,2040,2042,-1,
2041,2043,2044,-1,
2041,2045,2043,-1,
2041,2046,2045,-1,
2041,2047,2046,-1,
2041,2048,2047,-1,
2041,2049,2048,-1,
2041,2050,2049,-1,
2041,2051,2050,-1,
2041,2052,2051,-1,
2041,2053,2052,-1,
2041,2054,2053,-1,
2041,2055,2054,-1,
2041,2056,2055,-1,
2041,2057,2056,-1,
2041,2058,2057,-1,
2041,2059,2058,-1,
2041,2060,2059,-1,
2041,2061,2060,-1,
2041,2042,2061,-1,
2041,1981,2040,-1,
2062,2011,1981,-1,
2062,2063,2011,-1,
2062,2064,2063,-1,
2062,2065,2064,-1,
2062,2066,2065,-1,
2062,1981,2041,-1,
2062,2067,2066,-1,
2062,2068,2067,-1,
2062,2069,2068,-1,
2062,2070,2069,-1,
2062,2071,2070,-1,
2062,2072,2071,-1,
2062,2073,2072,-1,
2062,1951,2074,-1,
2074,1951,2075,-1,
2075,1951,2076,-1,
2076,1951,2077,-1,
2077,1951,1980,-1,
2062,2074,2078,-1,
2062,2078,2079,-1,
2062,2079,2080,-1,
2062,2080,2081,-1,
2062,2081,2082,-1,
2062,2082,2083,-1,
2062,2083,2084,-1,
2062,2084,2085,-1,
2062,2085,2086,-1,
2062,2086,2073,-1,
1926,1981,2087,-1,
2087,1981,2088,-1,
2088,1981,2089,-1,
2089,1981,2090,-1,
2090,1981,2091,-1,
2091,1981,2092,-1,
2092,1981,2093,-1,
2093,1981,2015,-1,
1926,2087,2094,-1,
1926,2094,2095,-1,
1926,2095,2096,-1,
1926,2096,2097,-1,
1926,2097,1946,-1,
1825,1799,2098,-1,
2098,1799,2099,-1,
2099,1799,2100,-1,
2100,1799,2101,-1,
2101,1799,2102,-1,
2102,1799,1824,-1,
1825,2098,2103,-1,
1825,2103,2104,-1,
1825,2104,2105,-1,
1825,2105,2106,-1,
1825,2106,2107,-1,
1825,2107,2108,-1,
1825,2108,2109,-1,
1825,2109,2110,-1,
1825,2110,2111,-1,
1825,2111,2112,-1,
1825,2112,2113,-1,
1825,2113,2114,-1,
1825,2114,1838,-1,
1766,1858,1796,-1,
1796,1858,2115,-1,
2115,1858,1860,-1,
2116,2117,2118,-1,
2119,2116,2118,-1,
2119,2118,2120,-1,
2121,2119,2120,-1,
2121,2120,2122,-1,
2123,2121,2122,-1,
2123,2122,2124,-1,
2125,2123,2124,-1,
2125,2124,2126,-1,
2127,2125,2126,-1,
2127,2126,2128,-1,
2129,2127,2128,-1,
2129,2128,2130,-1,
2131,2129,2130,-1,
2131,2130,2132,-1,
2133,2131,2132,-1,
2133,2132,2134,-1,
2135,2133,2134,-1,
2135,2134,2136,-1,
2137,2135,2136,-1,
2137,2136,2138,-1,
2139,2137,2138,-1,
2139,2138,2140,-1,
2141,2139,2140,-1,
2141,2140,2142,-1,
2143,2142,2144,-1,
2143,2141,2142,-1,
2145,2144,2146,-1,
2145,2143,2144,-1,
2147,2146,2148,-1,
2147,2145,2146,-1,
2149,2148,2150,-1,
2149,2147,2148,-1,
2151,2149,2150,-1,
2151,2150,2152,-1,
2153,2151,2152,-1,
2153,2152,2154,-1,
2155,2153,2154,-1,
2155,2154,2156,-1,
2157,2155,2156,-1,
2157,2156,2158,-1,
2159,2157,2158,-1,
2159,2158,2160,-1,
2161,2159,2160,-1,
2161,2160,2162,-1,
2163,2161,2162,-1,
2163,2162,2164,-1,
2165,2163,2164,-1,
2165,2164,2166,-1,
2167,2165,2166,-1,
2167,2166,2168,-1,
2169,2167,2168,-1,
2169,2168,2170,-1,
2171,2169,2170,-1,
2171,2170,2172,-1,
2173,2171,2172,-1,
2173,2172,2174,-1,
2175,2173,2174,-1,
2175,2174,2176,-1,
2177,2175,2176,-1,
2177,2176,2178,-1,
2179,2177,2178,-1,
2179,2178,2180,-1,
2181,2180,2182,-1,
2181,2179,2180,-1,
2183,2182,2184,-1,
2183,2181,2182,-1,
2185,2184,2186,-1,
2185,2183,2184,-1,
2187,2186,2188,-1,
2187,2185,2186,-1,
2189,2188,2190,-1,
2189,2187,2188,-1,
2191,2190,2192,-1,
2191,2189,2190,-1,
2193,2192,2194,-1,
2193,2191,2192,-1,
2195,2194,2196,-1,
2195,2193,2194,-1,
2197,2196,2198,-1,
2197,2195,2196,-1,
2199,2198,2200,-1,
2199,2197,2198,-1,
2201,2199,2200,-1,
2201,2200,2202,-1,
2203,2201,2202,-1,
2203,2202,2204,-1,
2205,2203,2204,-1,
2205,2204,2206,-1,
2207,2205,2206,-1,
2207,2206,2208,-1,
2209,2208,2210,-1,
2209,2207,2208,-1,
2211,2210,2212,-1,
2211,2209,2210,-1,
2213,2212,2214,-1,
2213,2211,2212,-1,
2215,2214,2216,-1,
2215,2213,2214,-1,
2217,2216,2218,-1,
2217,2215,2216,-1,
2219,2218,2220,-1,
2219,2217,2218,-1,
2221,2220,2222,-1,
2221,2219,2220,-1,
2223,2222,2224,-1,
2223,2221,2222,-1,
2225,2224,2226,-1,
2225,2223,2224,-1,
2227,2226,2228,-1,
2227,2225,2226,-1,
2229,2228,2230,-1,
2229,2227,2228,-1,
2231,2230,2232,-1,
2231,2229,2230,-1,
2233,2232,2234,-1,
2233,2231,2232,-1,
2235,2234,2236,-1,
2235,2233,2234,-1,
2237,2236,2238,-1,
2237,2235,2236,-1,
2239,2237,2238,-1,
2239,2238,2240,-1,
2241,2239,2240,-1,
2241,2240,2242,-1,
2243,2241,2242,-1,
2243,2242,2244,-1,
2245,2246,2247,-1,
2245,2248,2246,-1,
2245,2249,2248,-1,
2250,2251,2252,-1,
2250,2247,2251,-1,
2250,2245,2247,-1,
2253,2254,2255,-1,
2253,2255,2256,-1,
2253,2256,2257,-1,
2253,2257,2249,-1,
2253,2249,2245,-1,
2258,2259,2260,-1,
2258,2252,2259,-1,
2258,2250,2252,-1,
2261,2262,2263,-1,
2261,2263,2254,-1,
2261,2253,2245,-1,
2261,2254,2253,-1,
2261,2245,2250,-1,
2264,2265,2266,-1,
2264,2260,2265,-1,
2264,2258,2260,-1,
2267,2268,2269,-1,
2267,2269,2262,-1,
2267,2261,2250,-1,
2267,2262,2261,-1,
2267,2250,2258,-1,
2270,2264,2266,-1,
2270,2271,2272,-1,
2270,2266,2271,-1,
2273,2258,2264,-1,
2273,2274,2275,-1,
2273,2275,2268,-1,
2273,2268,2267,-1,
2273,2267,2258,-1,
2276,2277,2278,-1,
2276,2272,2277,-1,
2276,2270,2272,-1,
2279,2273,2264,-1,
2279,2264,2270,-1,
2279,2280,2281,-1,
2279,2281,2274,-1,
2279,2274,2273,-1,
2282,2276,2278,-1,
2282,2283,2284,-1,
2282,2278,2283,-1,
2285,2286,2287,-1,
2285,2287,2280,-1,
2285,2270,2276,-1,
2285,2280,2279,-1,
2285,2279,2270,-1,
2288,2289,2290,-1,
2288,2284,2289,-1,
2288,2282,2284,-1,
2291,2276,2282,-1,
2291,2292,2293,-1,
2291,2293,2286,-1,
2291,2285,2276,-1,
2291,2286,2285,-1,
2294,2288,2290,-1,
2294,2295,2296,-1,
2294,2290,2295,-1,
2297,2291,2282,-1,
2297,2298,2299,-1,
2297,2299,2292,-1,
2297,2292,2291,-1,
2297,2282,2288,-1,
2300,2301,2302,-1,
2300,2296,2301,-1,
2300,2294,2296,-1,
2303,2304,2305,-1,
2303,2305,2298,-1,
2303,2288,2294,-1,
2303,2298,2297,-1,
2303,2297,2288,-1,
2306,2307,2308,-1,
2306,2302,2307,-1,
2306,2300,2302,-1,
2309,2310,2311,-1,
2309,2311,2304,-1,
2309,2294,2300,-1,
2309,2304,2303,-1,
2309,2303,2294,-1,
2312,2306,2308,-1,
2312,2313,2314,-1,
2312,2308,2313,-1,
2315,2309,2300,-1,
2315,2316,2317,-1,
2315,2317,2310,-1,
2315,2300,2306,-1,
2315,2310,2309,-1,
2318,2312,2314,-1,
2318,2319,2320,-1,
2318,2314,2319,-1,
2321,2322,2323,-1,
2321,2323,2316,-1,
2321,2315,2306,-1,
2321,2316,2315,-1,
2321,2306,2312,-1,
2324,2325,2326,-1,
2324,2320,2325,-1,
2324,2318,2320,-1,
2327,2321,2312,-1,
2327,2322,2321,-1,
2327,2328,2329,-1,
2327,2329,2322,-1,
2327,2312,2318,-1,
2330,2331,2332,-1,
2330,2324,2326,-1,
2330,2333,2331,-1,
2330,2334,2333,-1,
2330,2326,2334,-1,
2335,2336,2337,-1,
2335,2337,2328,-1,
2335,2327,2318,-1,
2335,2328,2327,-1,
2335,2318,2324,-1,
2338,2332,2339,-1,
2338,2339,2340,-1,
2338,2340,2336,-1,
2338,2335,2324,-1,
2338,2324,2330,-1,
2338,2330,2332,-1,
2338,2336,2335,-1,
2341,2342,2343,-1,
2341,2343,2344,-1,
2345,2346,2347,-1,
2345,2347,2348,-1,
2345,2348,2349,-1,
2345,2349,2350,-1,
2345,2350,2351,-1,
2345,2351,2352,-1,
2345,2352,2353,-1,
2354,2345,2355,-1,
2356,2354,2357,-1,
2356,2357,2358,-1,
2356,2358,2359,-1,
2356,2359,2360,-1,
2356,2360,2361,-1,
2356,2361,2362,-1,
2356,2362,2363,-1,
2356,2363,2364,-1,
2365,2366,2367,-1,
2365,2367,2368,-1,
2365,2368,2369,-1,
2365,2369,2370,-1,
2365,2370,2371,-1,
2365,2371,2372,-1,
2365,2372,2373,-1,
2365,2373,2374,-1,
2365,2374,2375,-1,
2365,2375,2376,-1,
2365,2376,2377,-1,
2365,2377,2378,-1,
2365,2378,2379,-1,
2380,2381,2382,-1,
2380,2382,2383,-1,
2380,2383,2384,-1,
2385,2386,2387,-1,
2388,2381,2380,-1,
2388,2356,2389,-1,
2388,2389,2390,-1,
2388,2390,2381,-1,
2388,2380,2391,-1,
2388,2391,2392,-1,
2393,2394,2385,-1,
2393,2387,2395,-1,
2393,2395,2396,-1,
2393,2385,2387,-1,
2397,2388,2398,-1,
2397,2398,2399,-1,
2400,2401,2402,-1,
2400,2402,2393,-1,
2403,2388,2397,-1,
2404,2388,2403,-1,
2405,2406,2400,-1,
2407,2408,2409,-1,
2410,2411,2412,-1,
2410,2412,2405,-1,
2410,2396,2365,-1,
2410,2400,2393,-1,
2410,2405,2400,-1,
2410,2393,2396,-1,
2413,2408,2407,-1,
2414,2413,2415,-1,
2414,2415,2416,-1,
2417,2413,2414,-1,
2418,2419,2420,-1,
2421,2418,2420,-1,
2421,2420,2422,-1,
2421,2422,2423,-1,
2421,2423,2410,-1,
2424,2413,2417,-1,
2424,2417,2425,-1,
2426,2424,2427,-1,
2426,2427,2428,-1,
2429,2430,2431,-1,
2429,2431,2432,-1,
2429,2432,2421,-1,
2433,2424,2426,-1,
2434,2435,2429,-1,
2434,2429,2421,-1,
2436,2413,2424,-1,
2436,2408,2413,-1,
2436,2404,2408,-1,
2436,2424,2433,-1,
2436,2433,2437,-1,
2436,2437,2438,-1,
2439,2440,2441,-1,
2439,2441,2442,-1,
2439,2442,2434,-1,
2443,2444,2439,-1,
2445,2436,2446,-1,
2445,2446,2447,-1,
2445,2447,2448,-1,
2445,2448,2449,-1,
2450,2451,2443,-1,
2450,2443,2439,-1,
2452,2445,2453,-1,
2454,2455,2450,-1,
2454,2450,2439,-1,
2456,2452,2457,-1,
2456,2457,2458,-1,
2456,2436,2445,-1,
2456,2404,2436,-1,
2456,2459,2460,-1,
2456,2460,2461,-1,
2456,2461,2341,-1,
2456,2356,2388,-1,
2456,2344,2462,-1,
2456,2462,2346,-1,
2456,2341,2344,-1,
2456,2346,2345,-1,
2456,2445,2452,-1,
2456,2388,2404,-1,
2456,2345,2354,-1,
2456,2354,2356,-1,
2463,2464,2454,-1,
2465,2421,2410,-1,
2465,2434,2421,-1,
2465,2456,2466,-1,
2465,2467,2463,-1,
2465,2463,2454,-1,
2465,2439,2434,-1,
2465,2459,2456,-1,
2465,2379,2468,-1,
2465,2468,2459,-1,
2465,2365,2379,-1,
2465,2454,2439,-1,
2465,2410,2365,-1,
2469,2470,2471,-1,
2472,2473,2470,-1,
2474,2469,2475,-1,
2476,2477,2472,-1,
2478,2474,2479,-1,
2478,2479,2480,-1,
2478,2480,2481,-1,
2482,2478,2483,-1,
2482,2474,2478,-1,
2484,2485,2486,-1,
2487,2482,2488,-1,
2487,2488,2489,-1,
2490,2491,2492,-1,
2493,2490,2494,-1,
2493,2494,2495,-1,
2493,2495,2496,-1,
2493,2491,2490,-1,
2497,2498,2499,-1,
2497,2499,2500,-1,
2501,2502,2497,-1,
2503,2504,2505,-1,
2503,2505,2506,-1,
2503,2506,2507,-1,
2508,2493,2509,-1,
2508,2509,2504,-1,
2508,2504,2503,-1,
2510,2511,2512,-1,
2513,2514,2515,-1,
2513,2515,2510,-1,
2516,2508,2517,-1,
2516,2517,2518,-1,
2516,2518,2519,-1,
2516,2519,2520,-1,
2521,2522,2513,-1,
2523,2493,2508,-1,
2523,2524,2525,-1,
2523,2491,2493,-1,
2523,2525,2526,-1,
2523,2526,2476,-1,
2523,2516,2527,-1,
2523,2487,2491,-1,
2523,2508,2516,-1,
2523,2472,2470,-1,
2523,2470,2469,-1,
2523,2469,2474,-1,
2523,2476,2472,-1,
2523,2474,2482,-1,
2523,2482,2487,-1,
2528,2523,2529,-1,
2528,2529,2530,-1,
2531,2523,2528,-1,
2532,2533,2534,-1,
2532,2534,2535,-1,
2536,2531,2537,-1,
2538,2531,2536,-1,
2539,2540,2541,-1,
2539,2541,2532,-1,
2542,2538,2543,-1,
2544,2545,2546,-1,
2544,2546,2547,-1,
2544,2547,2539,-1,
2548,2542,2549,-1,
2548,2549,2550,-1,
2551,2552,2553,-1,
2554,2555,2556,-1,
2557,2552,2551,-1,
2557,2558,2552,-1,
2557,2551,2559,-1,
2560,2544,2539,-1,
2560,2561,2562,-1,
2560,2562,2563,-1,
2560,2563,2564,-1,
2560,2564,2554,-1,
2560,2556,2565,-1,
2560,2565,2566,-1,
2560,2566,2544,-1,
2560,2554,2556,-1,
2567,2568,2484,-1,
2567,2486,2569,-1,
2567,2569,2524,-1,
2567,2548,2558,-1,
2567,2558,2557,-1,
2567,2557,2570,-1,
2567,2570,2571,-1,
2567,2571,2572,-1,
2567,2572,2573,-1,
2567,2524,2523,-1,
2567,2484,2486,-1,
2567,2523,2531,-1,
2567,2542,2548,-1,
2567,2538,2542,-1,
2567,2531,2538,-1,
2574,2575,2576,-1,
2577,2567,2578,-1,
2579,2567,2577,-1,
2580,2574,2576,-1,
2580,2581,2574,-1,
2582,2567,2579,-1,
2582,2568,2567,-1,
2582,2583,2584,-1,
2582,2584,2568,-1,
2585,2586,2587,-1,
2585,2587,2580,-1,
2588,2497,2500,-1,
2588,2510,2512,-1,
2588,2501,2497,-1,
2588,2585,2580,-1,
2588,2582,2589,-1,
2588,2589,2590,-1,
2588,2560,2539,-1,
2588,2521,2513,-1,
2588,2513,2510,-1,
2588,2576,2560,-1,
2588,2580,2576,-1,
2588,2583,2582,-1,
2588,2535,2591,-1,
2588,2591,2521,-1,
2588,2532,2535,-1,
2588,2512,2501,-1,
2588,2500,2592,-1,
2588,2592,2593,-1,
2588,2593,2594,-1,
2588,2594,2595,-1,
2588,2539,2532,-1,
2588,2595,2596,-1,
2588,2596,2583,-1,
2597,2598,2599,-1,
2597,2600,2598,-1,
2597,2601,2600,-1,
2602,2603,2604,-1,
2602,2599,2603,-1,
2602,2597,2599,-1,
2605,2606,2601,-1,
2605,2607,2608,-1,
2605,2608,2609,-1,
2605,2601,2597,-1,
2605,2609,2606,-1,
2610,2611,2612,-1,
2610,2604,2611,-1,
2610,2602,2604,-1,
2613,2597,2602,-1,
2613,2614,2615,-1,
2613,2615,2607,-1,
2613,2607,2605,-1,
2613,2605,2597,-1,
2616,2617,2618,-1,
2616,2612,2617,-1,
2616,2610,2612,-1,
2619,2614,2613,-1,
2619,2602,2610,-1,
2619,2620,2621,-1,
2619,2621,2614,-1,
2619,2613,2602,-1,
2622,2616,2618,-1,
2622,2623,2624,-1,
2622,2618,2623,-1,
2625,2610,2616,-1,
2625,2620,2619,-1,
2625,2626,2627,-1,
2625,2627,2620,-1,
2625,2619,2610,-1,
2628,2629,2630,-1,
2628,2624,2629,-1,
2628,2622,2624,-1,
2631,2616,2622,-1,
2631,2632,2633,-1,
2631,2633,2626,-1,
2631,2626,2625,-1,
2631,2625,2616,-1,
2634,2635,2636,-1,
2634,2630,2635,-1,
2634,2628,2630,-1,
2637,2632,2631,-1,
2637,2622,2628,-1,
2637,2631,2622,-1,
2637,2638,2639,-1,
2637,2639,2632,-1,
2640,2641,2642,-1,
2640,2636,2641,-1,
2640,2634,2636,-1,
2643,2637,2628,-1,
2643,2638,2637,-1,
2643,2628,2634,-1,
2643,2644,2645,-1,
2643,2645,2638,-1,
2646,2647,2648,-1,
2646,2642,2647,-1,
2646,2640,2642,-1,
2649,2643,2634,-1,
2649,2650,2651,-1,
2649,2651,2644,-1,
2649,2644,2643,-1,
2649,2634,2640,-1,
2652,2653,2654,-1,
2652,2648,2653,-1,
2652,2646,2648,-1,
2655,2640,2646,-1,
2655,2650,2649,-1,
2655,2649,2640,-1,
2655,2656,2657,-1,
2655,2657,2650,-1,
2658,2659,2660,-1,
2658,2654,2659,-1,
2658,2652,2654,-1,
2661,2655,2646,-1,
2661,2646,2652,-1,
2661,2662,2663,-1,
2661,2663,2656,-1,
2661,2656,2655,-1,
2664,2665,2666,-1,
2664,2660,2665,-1,
2664,2658,2660,-1,
2667,2661,2652,-1,
2667,2662,2661,-1,
2667,2668,2669,-1,
2667,2669,2662,-1,
2667,2652,2658,-1,
2670,2671,2672,-1,
2670,2666,2671,-1,
2670,2664,2666,-1,
2673,2674,2675,-1,
2673,2675,2668,-1,
2673,2668,2667,-1,
2673,2658,2664,-1,
2673,2667,2658,-1,
2676,2677,2678,-1,
2676,2672,2677,-1,
2676,2670,2672,-1,
2679,2673,2664,-1,
2679,2680,2681,-1,
2679,2681,2674,-1,
2679,2674,2673,-1,
2679,2664,2670,-1,
2682,2683,2684,-1,
2682,2685,2683,-1,
2682,2678,2685,-1,
2682,2676,2678,-1,
2686,2679,2670,-1,
2686,2670,2676,-1,
2686,2680,2679,-1,
2686,2687,2688,-1,
2686,2688,2680,-1,
2689,2676,2682,-1,
2689,2687,2686,-1,
2689,2684,2690,-1,
2689,2690,2691,-1,
2689,2691,2692,-1,
2689,2692,2687,-1,
2689,2682,2684,-1,
2689,2686,2676,-1,
2693,2694,2695,-1,
2696,2693,2695,-1,
2696,2695,2697,-1,
2698,2696,2697,-1,
2698,2697,2699,-1,
2700,2698,2699,-1,
2700,2699,2701,-1,
2702,2700,2701,-1,
2702,2701,2703,-1,
2704,2702,2703,-1,
2704,2703,2705,-1,
2706,2704,2705,-1,
2706,2705,2707,-1,
2708,2706,2707,-1,
2708,2707,2709,-1,
2710,2708,2709,-1,
2710,2709,2711,-1,
2712,2710,2711,-1,
2712,2711,2713,-1,
2714,2712,2713,-1,
2714,2713,2715,-1,
2716,2714,2715,-1,
2716,2715,2717,-1,
2718,2716,2717,-1,
2718,2717,2719,-1,
2720,2719,2721,-1,
2720,2718,2719,-1,
2722,2721,2723,-1,
2722,2720,2721,-1,
2724,2723,2725,-1,
2724,2722,2723,-1,
2726,2725,2727,-1,
2726,2724,2725,-1,
2728,2726,2727,-1,
2728,2727,2729,-1,
2730,2728,2729,-1,
2730,2729,2731,-1,
2732,2730,2731,-1,
2732,2731,2733,-1,
2734,2732,2733,-1,
2734,2733,2735,-1,
2736,2734,2735,-1,
2736,2735,2737,-1,
2738,2736,2737,-1,
2738,2737,2739,-1,
2740,2738,2739,-1,
2740,2739,2741,-1,
2742,2740,2741,-1,
2742,2741,2743,-1,
2744,2742,2743,-1,
2744,2743,2745,-1,
2746,2744,2745,-1,
2746,2745,2747,-1,
2748,2746,2747,-1,
2748,2747,2749,-1,
2750,2748,2749,-1,
2750,2749,2751,-1,
2752,2750,2751,-1,
2752,2751,2753,-1,
2754,2752,2753,-1,
2754,2753,2755,-1,
2756,2754,2755,-1,
2756,2755,2757,-1,
2758,2757,2759,-1,
2758,2756,2757,-1,
2760,2759,2761,-1,
2760,2758,2759,-1,
2762,2761,2763,-1,
2762,2760,2761,-1,
2764,2763,2765,-1,
2764,2762,2763,-1,
2766,2765,2767,-1,
2766,2764,2765,-1,
2768,2767,2769,-1,
2768,2766,2767,-1,
2770,2769,2771,-1,
2770,2768,2769,-1,
2772,2771,2773,-1,
2772,2770,2771,-1,
2774,2773,2775,-1,
2774,2772,2773,-1,
2776,2775,2777,-1,
2776,2774,2775,-1,
2778,2776,2777,-1,
2778,2777,2779,-1,
2780,2778,2779,-1,
2780,2779,2781,-1,
2782,2780,2781,-1,
2782,2781,2783,-1,
2784,2782,2783,-1,
2784,2783,2785,-1,
2786,2785,2787,-1,
2786,2784,2785,-1,
2788,2787,2789,-1,
2788,2786,2787,-1,
2790,2789,2791,-1,
2790,2788,2789,-1,
2792,2791,2793,-1,
2792,2790,2791,-1,
2794,2793,2795,-1,
2794,2792,2793,-1,
2796,2795,2797,-1,
2796,2794,2795,-1,
2798,2797,2799,-1,
2798,2796,2797,-1,
2800,2799,2801,-1,
2800,2798,2799,-1,
2802,2801,2803,-1,
2802,2800,2801,-1,
2804,2803,2805,-1,
2804,2802,2803,-1,
2806,2805,2807,-1,
2806,2804,2805,-1,
2808,2807,2809,-1,
2808,2806,2807,-1,
2810,2809,2811,-1,
2810,2808,2809,-1,
2812,2811,2813,-1,
2812,2810,2811,-1,
2814,2813,2815,-1,
2814,2812,2813,-1,
2816,2814,2815,-1,
2816,2815,2817,-1,
2818,2816,2817,-1,
2818,2817,2819,-1,
2820,2818,2819,-1,
2820,2819,2821,-1,
2822,2823,2824,-1,
2822,2825,2823,-1,
2822,2826,2825,-1,
2827,2828,2829,-1,
2827,2824,2828,-1,
2827,2822,2824,-1,
2830,2831,2826,-1,
2830,2832,2833,-1,
2830,2833,2834,-1,
2830,2826,2822,-1,
2830,2834,2831,-1,
2835,2836,2837,-1,
2835,2829,2836,-1,
2835,2827,2829,-1,
2838,2822,2827,-1,
2838,2839,2840,-1,
2838,2840,2832,-1,
2838,2832,2830,-1,
2838,2830,2822,-1,
2841,2842,2843,-1,
2841,2837,2842,-1,
2841,2835,2837,-1,
2844,2839,2838,-1,
2844,2827,2835,-1,
2844,2845,2846,-1,
2844,2846,2839,-1,
2844,2838,2827,-1,
2847,2841,2843,-1,
2847,2848,2849,-1,
2847,2843,2848,-1,
2850,2835,2841,-1,
2850,2845,2844,-1,
2850,2851,2852,-1,
2850,2852,2845,-1,
2850,2844,2835,-1,
2853,2854,2855,-1,
2853,2849,2854,-1,
2853,2847,2849,-1,
2856,2841,2847,-1,
2856,2857,2858,-1,
2856,2858,2851,-1,
2856,2851,2850,-1,
2856,2850,2841,-1,
2859,2860,2861,-1,
2859,2855,2860,-1,
2859,2853,2855,-1,
2862,2857,2856,-1,
2862,2847,2853,-1,
2862,2856,2847,-1,
2862,2863,2864,-1,
2862,2864,2857,-1,
2865,2866,2867,-1,
2865,2861,2866,-1,
2865,2859,2861,-1,
2868,2862,2853,-1,
2868,2863,2862,-1,
2868,2853,2859,-1,
2868,2869,2870,-1,
2868,2870,2863,-1,
2871,2872,2873,-1,
2871,2867,2872,-1,
2871,2865,2867,-1,
2874,2868,2859,-1,
2874,2875,2876,-1,
2874,2876,2869,-1,
2874,2869,2868,-1,
2874,2859,2865,-1,
2877,2878,2879,-1,
2877,2873,2878,-1,
2877,2871,2873,-1,
2880,2865,2871,-1,
2880,2875,2874,-1,
2880,2874,2865,-1,
2880,2881,2882,-1,
2880,2882,2875,-1,
2883,2884,2885,-1,
2883,2879,2884,-1,
2883,2877,2879,-1,
2886,2880,2871,-1,
2886,2871,2877,-1,
2886,2887,2888,-1,
2886,2888,2881,-1,
2886,2881,2880,-1,
2889,2890,2891,-1,
2889,2885,2890,-1,
2889,2883,2885,-1,
2892,2886,2877,-1,
2892,2887,2886,-1,
2892,2893,2894,-1,
2892,2894,2887,-1,
2892,2877,2883,-1,
2895,2896,2897,-1,
2895,2891,2896,-1,
2895,2889,2891,-1,
2898,2899,2900,-1,
2898,2900,2893,-1,
2898,2893,2892,-1,
2898,2883,2889,-1,
2898,2892,2883,-1,
2898,2889,2895,-1,
2901,2902,2903,-1,
2901,2897,2902,-1,
2901,2895,2897,-1,
2904,2905,2906,-1,
2904,2906,2899,-1,
2904,2899,2898,-1,
2904,2898,2895,-1,
2907,2908,2909,-1,
2907,2910,2908,-1,
2907,2903,2910,-1,
2907,2901,2903,-1,
2911,2904,2895,-1,
2911,2895,2901,-1,
2911,2912,2913,-1,
2911,2913,2905,-1,
2911,2905,2904,-1,
2914,2912,2911,-1,
2914,2911,2901,-1,
2914,2909,2915,-1,
2914,2915,2916,-1,
2914,2916,2917,-1,
2914,2917,2912,-1,
2914,2907,2909,-1,
2914,2901,2907,-1,
2918,2919,2920,-1,
2918,2921,2919,-1,
2918,2922,2921,-1,
2923,2924,2925,-1,
2923,2920,2924,-1,
2923,2918,2920,-1,
2926,2927,2928,-1,
2926,2928,2929,-1,
2926,2929,2930,-1,
2926,2930,2922,-1,
2926,2922,2918,-1,
2931,2932,2933,-1,
2931,2925,2932,-1,
2931,2923,2925,-1,
2934,2935,2936,-1,
2934,2936,2927,-1,
2934,2926,2918,-1,
2934,2927,2926,-1,
2934,2918,2923,-1,
2937,2938,2939,-1,
2937,2933,2938,-1,
2937,2931,2933,-1,
2940,2941,2942,-1,
2940,2942,2935,-1,
2940,2934,2923,-1,
2940,2935,2934,-1,
2940,2923,2931,-1,
2943,2937,2939,-1,
2943,2944,2945,-1,
2943,2939,2944,-1,
2946,2931,2937,-1,
2946,2947,2948,-1,
2946,2948,2941,-1,
2946,2941,2940,-1,
2946,2940,2931,-1,
2949,2950,2951,-1,
2949,2945,2950,-1,
2949,2943,2945,-1,
2952,2946,2937,-1,
2952,2937,2943,-1,
2952,2953,2954,-1,
2952,2954,2947,-1,
2952,2947,2946,-1,
2955,2949,2951,-1,
2955,2956,2957,-1,
2955,2951,2956,-1,
2958,2959,2960,-1,
2958,2960,2953,-1,
2958,2943,2949,-1,
2958,2953,2952,-1,
2958,2952,2943,-1,
2961,2962,2963,-1,
2961,2957,2962,-1,
2961,2955,2957,-1,
2964,2949,2955,-1,
2964,2965,2966,-1,
2964,2966,2959,-1,
2964,2958,2949,-1,
2964,2959,2958,-1,
2967,2961,2963,-1,
2967,2968,2969,-1,
2967,2963,2968,-1,
2970,2964,2955,-1,
2970,2971,2972,-1,
2970,2972,2965,-1,
2970,2965,2964,-1,
2970,2955,2961,-1,
2973,2974,2975,-1,
2973,2969,2974,-1,
2973,2967,2969,-1,
2976,2977,2978,-1,
2976,2978,2971,-1,
2976,2961,2967,-1,
2976,2971,2970,-1,
2976,2970,2961,-1,
2979,2980,2981,-1,
2979,2975,2980,-1,
2979,2973,2975,-1,
2982,2983,2984,-1,
2982,2984,2977,-1,
2982,2967,2973,-1,
2982,2977,2976,-1,
2982,2976,2967,-1,
2985,2979,2981,-1,
2985,2986,2987,-1,
2985,2981,2986,-1,
2988,2982,2973,-1,
2988,2989,2990,-1,
2988,2990,2983,-1,
2988,2973,2979,-1,
2988,2983,2982,-1,
2991,2985,2987,-1,
2991,2992,2993,-1,
2991,2987,2992,-1,
2994,2995,2996,-1,
2994,2996,2989,-1,
2994,2988,2979,-1,
2994,2989,2988,-1,
2994,2979,2985,-1,
2997,2998,2999,-1,
2997,2993,2998,-1,
2997,2991,2993,-1,
3000,2994,2985,-1,
3000,2995,2994,-1,
3000,3001,3002,-1,
3000,3002,2995,-1,
3000,2985,2991,-1,
3003,3004,3005,-1,
3003,2997,2999,-1,
3003,3006,3004,-1,
3003,3007,3006,-1,
3003,2999,3007,-1,
3008,3009,3010,-1,
3008,3010,3001,-1,
3008,3000,2991,-1,
3008,3001,3000,-1,
3008,2991,2997,-1,
3011,3005,3012,-1,
3011,3012,3013,-1,
3011,3013,3009,-1,
3011,3008,2997,-1,
3011,2997,3003,-1,
3011,3003,3005,-1,
3011,3009,3008,-1,
3014,3015,3016,-1,
3017,3014,3016,-1,
3017,3016,3018,-1,
3019,3017,3018,-1,
3019,3018,3020,-1,
3021,3019,3020,-1,
3021,3020,3022,-1,
3023,3021,3022,-1,
3023,3022,3024,-1,
3025,3023,3024,-1,
3025,3024,3026,-1,
3027,3025,3026,-1,
3027,3026,3028,-1,
3029,3027,3028,-1,
3029,3028,3030,-1,
3031,3029,3030,-1,
3031,3030,3032,-1,
3033,3031,3032,-1,
3033,3032,3034,-1,
3035,3033,3034,-1,
3035,3034,3036,-1,
3037,3035,3036,-1,
3037,3036,3038,-1,
3039,3037,3038,-1,
3039,3038,3040,-1,
3041,3040,3042,-1,
3041,3039,3040,-1,
3043,3042,3044,-1,
3043,3041,3042,-1,
3045,3044,3046,-1,
3045,3043,3044,-1,
3047,3046,3048,-1,
3047,3045,3046,-1,
3049,3047,3048,-1,
3049,3048,3050,-1,
3051,3049,3050,-1,
3051,3050,3052,-1,
3053,3051,3052,-1,
3053,3052,3054,-1,
3055,3053,3054,-1,
3055,3054,3056,-1,
3057,3055,3056,-1,
3057,3056,3058,-1,
3059,3057,3058,-1,
3059,3058,3060,-1,
3061,3059,3060,-1,
3061,3060,3062,-1,
3063,3061,3062,-1,
3063,3062,3064,-1,
3065,3063,3064,-1,
3065,3064,3066,-1,
3067,3065,3066,-1,
3067,3066,3068,-1,
3069,3067,3068,-1,
3069,3068,3070,-1,
3071,3069,3070,-1,
3071,3070,3072,-1,
3073,3071,3072,-1,
3073,3072,3074,-1,
3075,3073,3074,-1,
3075,3074,3076,-1,
3077,3075,3076,-1,
3077,3076,3078,-1,
3079,3078,3080,-1,
3079,3077,3078,-1,
3081,3080,3082,-1,
3081,3079,3080,-1,
3083,3082,3084,-1,
3083,3081,3082,-1,
3085,3084,3086,-1,
3085,3083,3084,-1,
3087,3086,3088,-1,
3087,3085,3086,-1,
3089,3088,3090,-1,
3089,3087,3088,-1,
3091,3090,3092,-1,
3091,3089,3090,-1,
3093,3092,3094,-1,
3093,3091,3092,-1,
3095,3094,3096,-1,
3095,3093,3094,-1,
3097,3096,3098,-1,
3097,3095,3096,-1,
3099,3097,3098,-1,
3099,3098,3100,-1,
3101,3099,3100,-1,
3101,3100,3102,-1,
3103,3101,3102,-1,
3103,3102,3104,-1,
3105,3103,3104,-1,
3105,3104,3106,-1,
3107,3106,3108,-1,
3107,3105,3106,-1,
3109,3108,3110,-1,
3109,3107,3108,-1,
3111,3110,3112,-1,
3111,3109,3110,-1,
3113,3112,3114,-1,
3113,3111,3112,-1,
3115,3114,3116,-1,
3115,3113,3114,-1,
3117,3116,3118,-1,
3117,3115,3116,-1,
3119,3118,3120,-1,
3119,3117,3118,-1,
3121,3120,3122,-1,
3121,3119,3120,-1,
3123,3122,3124,-1,
3123,3121,3122,-1,
3125,3124,3126,-1,
3125,3123,3124,-1,
3127,3126,3128,-1,
3127,3125,3126,-1,
3129,3128,3130,-1,
3129,3127,3128,-1,
3131,3130,3132,-1,
3131,3129,3130,-1,
3133,3132,3134,-1,
3133,3131,3132,-1,
3135,3134,3136,-1,
3135,3133,3134,-1,
3137,3135,3136,-1,
3137,3136,3138,-1,
3139,3137,3138,-1,
3139,3138,3140,-1,
3141,3139,3140,-1,
3141,3140,3142,-1,
3143,3144,3145,-1,
3146,3143,3145,-1,
3146,3145,3147,-1,
3148,3146,3147,-1,
3148,3147,3149,-1,
3150,3148,3149,-1,
3150,3149,3151,-1,
3152,3150,3151,-1,
3152,3151,3153,-1,
3154,3152,3153,-1,
3154,3153,3155,-1,
3156,3154,3155,-1,
3156,3155,3157,-1,
3158,3156,3157,-1,
3158,3157,3159,-1,
3160,3158,3159,-1,
3160,3159,3161,-1,
3162,3160,3161,-1,
3162,3161,3163,-1,
3164,3162,3163,-1,
3164,3163,3165,-1,
3166,3164,3165,-1,
3166,3165,3167,-1,
3168,3166,3167,-1,
3168,3167,3169,-1,
3170,3169,3171,-1,
3170,3168,3169,-1,
3172,3171,3173,-1,
3172,3170,3171,-1,
3174,3173,3175,-1,
3174,3172,3173,-1,
3176,3175,3177,-1,
3176,3174,3175,-1,
3178,3176,3177,-1,
3178,3177,3179,-1,
3180,3178,3179,-1,
3180,3179,3181,-1,
3182,3180,3181,-1,
3182,3181,3183,-1,
3184,3182,3183,-1,
3184,3183,3185,-1,
3186,3184,3185,-1,
3186,3185,3187,-1,
3188,3186,3187,-1,
3188,3187,3189,-1,
3190,3188,3189,-1,
3190,3189,3191,-1,
3192,3190,3191,-1,
3192,3191,3193,-1,
3194,3192,3193,-1,
3194,3193,3195,-1,
3196,3194,3195,-1,
3196,3195,3197,-1,
3198,3196,3197,-1,
3198,3197,3199,-1,
3200,3198,3199,-1,
3200,3199,3201,-1,
3202,3200,3201,-1,
3202,3201,3203,-1,
3204,3202,3203,-1,
3204,3203,3205,-1,
3206,3204,3205,-1,
3206,3205,3207,-1,
3208,3207,3209,-1,
3208,3206,3207,-1,
3210,3209,3211,-1,
3210,3208,3209,-1,
3212,3211,3213,-1,
3212,3210,3211,-1,
3214,3213,3215,-1,
3214,3212,3213,-1,
3216,3215,3217,-1,
3216,3214,3215,-1,
3218,3217,3219,-1,
3218,3216,3217,-1,
3220,3219,3221,-1,
3220,3218,3219,-1,
3222,3221,3223,-1,
3222,3220,3221,-1,
3224,3223,3225,-1,
3224,3222,3223,-1,
3226,3225,3227,-1,
3226,3224,3225,-1,
3228,3226,3227,-1,
3228,3227,3229,-1,
3230,3228,3229,-1,
3230,3229,3231,-1,
3232,3230,3231,-1,
3232,3231,3233,-1,
3234,3232,3233,-1,
3234,3233,3235,-1,
3236,3235,3237,-1,
3236,3234,3235,-1,
3238,3237,3239,-1,
3238,3236,3237,-1,
3240,3239,3241,-1,
3240,3238,3239,-1,
3242,3241,3243,-1,
3242,3240,3241,-1,
3244,3243,3245,-1,
3244,3242,3243,-1,
3246,3245,3247,-1,
3246,3244,3245,-1,
3248,3247,3249,-1,
3248,3246,3247,-1,
3250,3249,3251,-1,
3250,3248,3249,-1,
3252,3251,3253,-1,
3252,3250,3251,-1,
3254,3253,3255,-1,
3254,3252,3253,-1,
3256,3255,3257,-1,
3256,3254,3255,-1,
3258,3257,3259,-1,
3258,3256,3257,-1,
3260,3259,3261,-1,
3260,3258,3259,-1,
3262,3261,3263,-1,
3262,3260,3261,-1,
3264,3263,3265,-1,
3264,3262,3263,-1,
3266,3264,3265,-1,
3266,3265,3267,-1,
3268,3266,3267,-1,
3268,3267,3269,-1,
3270,3268,3269,-1,
3270,3269,3271,-1,
3272,3273,3274,-1,
3275,3272,3274,-1,
3276,3277,3278,-1,
3276,3279,3277,-1,
3280,3281,3282,-1,
3282,3283,3284,-1,
3281,3283,3282,-1,
3284,3285,3286,-1,
3283,3285,3284,-1,
3286,3287,3288,-1,
3285,3287,3286,-1,
3288,3289,3290,-1,
3287,3289,3288,-1,
3290,3291,3292,-1,
3289,3291,3290,-1,
3292,3293,3294,-1,
3291,3293,3292,-1,
3294,3295,3296,-1,
3293,3295,3294,-1,
3296,3297,3298,-1,
3295,3297,3296,-1,
3298,3299,3300,-1,
3297,3299,3298,-1,
3300,3301,3302,-1,
3299,3301,3300,-1,
3302,3303,3304,-1,
3301,3303,3302,-1,
3304,3305,3306,-1,
3303,3305,3304,-1,
3306,3307,3308,-1,
3305,3307,3306,-1,
3308,3309,3310,-1,
3307,3309,3308,-1,
3309,3311,3310,-1,
3310,3311,3312,-1,
3311,3313,3312,-1,
3312,3313,3314,-1,
3313,3315,3314,-1,
3314,3315,3316,-1,
3315,3317,3316,-1,
3316,3317,3318,-1,
3317,3319,3318,-1,
3318,3319,3320,-1,
3319,3321,3320,-1,
3322,3323,3324,-1,
3324,3323,3325,-1,
3325,3323,3326,-1,
3326,3327,3328,-1,
3328,3327,3329,-1,
3323,3327,3326,-1,
3330,3331,3322,-1,
3322,3331,3323,-1,
3329,3332,3333,-1,
3333,3332,3334,-1,
3327,3332,3329,-1,
3323,3335,3327,-1,
3331,3335,3323,-1,
3334,3336,3337,-1,
3337,3336,3338,-1,
3332,3336,3334,-1,
3330,3339,3331,-1,
3340,3339,3330,-1,
3341,3339,3340,-1,
3342,3339,3341,-1,
3335,3343,3327,-1,
3327,3343,3332,-1,
3338,3344,3345,-1,
3345,3344,3346,-1,
3336,3344,3338,-1,
3339,3347,3331,-1,
3342,3347,3339,-1,
3348,3347,3342,-1,
3349,3347,3348,-1,
3331,3347,3335,-1,
3343,3350,3332,-1,
3332,3350,3336,-1,
3346,3351,3352,-1,
3352,3351,3353,-1,
3344,3351,3346,-1,
3347,3354,3335,-1,
3355,3354,3349,-1,
3356,3354,3355,-1,
3335,3354,3343,-1,
3349,3354,3347,-1,
3350,3357,3336,-1,
3336,3357,3344,-1,
3351,3358,3353,-1,
3353,3358,3359,-1,
3359,3358,3360,-1,
3354,3361,3343,-1,
3362,3361,3356,-1,
3363,3361,3362,-1,
3356,3361,3354,-1,
3343,3361,3350,-1,
3357,3364,3344,-1,
3344,3364,3351,-1,
3358,3365,3360,-1,
3360,3365,3366,-1,
3366,3365,3367,-1,
3361,3368,3350,-1,
3350,3368,3357,-1,
3369,3368,3363,-1,
3370,3368,3369,-1,
3363,3368,3361,-1,
3364,3371,3351,-1,
3351,3371,3358,-1,
3367,3372,3373,-1,
3373,3372,3374,-1,
3374,3372,3375,-1,
3365,3372,3367,-1,
3370,3376,3368,-1,
3357,3376,3364,-1,
3377,3376,3370,-1,
3378,3376,3377,-1,
3368,3376,3357,-1,
3371,3379,3358,-1,
3358,3379,3365,-1,
3378,3380,3376,-1,
3364,3380,3371,-1,
3381,3380,3378,-1,
3376,3380,3364,-1,
3382,3380,3381,-1,
3372,3383,3375,-1,
3375,3383,3384,-1,
3365,3383,3372,-1,
3379,3383,3365,-1,
3385,3386,3382,-1,
3371,3386,3379,-1,
3387,3386,3385,-1,
3382,3386,3380,-1,
3380,3386,3371,-1,
3388,3389,3387,-1,
3390,3389,3388,-1,
3384,3389,3390,-1,
3383,3389,3384,-1,
3387,3389,3386,-1,
3386,3389,3379,-1,
3379,3389,3383,-1,
3391,3392,3393,-1,
3393,3392,3394,-1,
3395,3396,3397,-1,
3397,3396,3398,-1,
3399,3400,3401,-1,
3402,3400,3399,-1,
3403,3404,3405,-1,
3403,3405,3406,-1,
3407,3408,3409,-1,
3410,3407,3403,-1,
3410,3403,3406,-1,
3410,3408,3407,-1,
3411,3412,3413,-1,
3411,3413,3414,-1,
3415,3416,3417,-1,
3418,3415,3411,-1,
3418,3411,3414,-1,
3418,3416,3415,-1,
3419,3420,3421,-1,
3419,3421,3422,-1,
3423,3424,3425,-1,
3426,3427,3428,-1,
3429,3423,3426,-1,
3429,3424,3423,-1,
3430,3429,3426,-1,
3430,3426,3428,-1,
3431,3429,3430,-1,
3432,3431,3433,-1,
3432,3433,3434,-1,
3435,3436,3437,-1,
3438,3435,3437,-1,
3439,3440,3441,-1,
3442,3432,3435,-1,
3442,3438,3439,-1,
3442,3439,3441,-1,
3442,3435,3438,-1,
3442,3429,3431,-1,
3442,3431,3432,-1,
3443,3444,3445,-1,
3445,3444,3446,-1,
3447,3448,3449,-1,
3449,3448,3450,-1,
3451,3452,3453,-1,
3453,3452,3454,-1,
3455,3456,3457,-1,
3458,3459,3455,-1,
3455,3459,3456,-1,
3460,3461,3462,-1,
3462,3461,3463,-1,
3460,3464,3461,-1,
3465,3466,3467,-1,
3465,3468,3466,-1,
3468,3469,3466,-1,
3469,3470,3471,-1,
3471,3470,3472,-1,
3468,3470,3469,-1,
3468,3473,3470,-1,
3473,3474,3475,-1,
3473,3476,3474,-1,
3468,3476,3473,-1,
3477,3478,3479,-1,
3479,3478,3480,-1,
3481,3482,3483,-1,
3478,3484,3481,-1,
3477,3484,3478,-1,
3481,3484,3482,-1,
3468,3484,3476,-1,
3476,3484,3477,-1,
3485,3486,3487,-1,
3485,3488,3486,-1,
3486,3489,3487,-1,
3490,3491,3489,-1,
3489,3491,3487,-1,
3490,3492,3491,-1,
3491,3493,3487,-1,
3493,3494,3487,-1,
3495,3496,3493,-1,
3493,3496,3494,-1,
3497,3498,3499,-1,
3497,3500,3498,-1,
3501,3502,3498,-1,
3499,3502,3494,-1,
3498,3502,3499,-1,
3494,3502,3487,-1,
3503,3504,3501,-1,
3501,3504,3502,-1,
3505,3506,3507,-1,
3507,3506,3508,-1,
3505,3509,3506,-1,
3509,3510,3511,-1,
3511,3510,3512,-1,
3505,3510,3509,-1,
3513,3514,3515,-1,
3514,3516,3515,-1,
3517,3518,3519,-1,
3519,3518,3520,-1,
3521,3522,3523,-1,
3518,3524,3522,-1,
3522,3524,3523,-1,
3517,3524,3518,-1,
3505,3524,3516,-1,
3505,3516,3514,-1,
3505,3514,3510,-1,
3516,3524,3517,-1,
3525,3526,3527,-1,
3528,3527,3529,-1,
3528,3525,3527,-1,
3530,3529,3531,-1,
3530,3528,3529,-1,
3532,3531,3533,-1,
3532,3530,3531,-1,
3534,3533,3535,-1,
3534,3532,3533,-1,
3536,3535,3537,-1,
3536,3534,3535,-1,
3538,3536,3537,-1,
3539,3540,3541,-1,
3542,3541,3543,-1,
3542,3539,3541,-1,
3544,3543,3545,-1,
3544,3542,3543,-1,
3546,3545,3547,-1,
3546,3544,3545,-1,
3548,3547,3549,-1,
3548,3546,3547,-1,
3550,3549,3551,-1,
3550,3548,3549,-1,
3552,3550,3551,-1,
3553,3554,3555,-1,
3555,3554,3556,-1,
3557,3558,3559,-1,
3554,3560,3556,-1,
3557,3561,3558,-1,
3560,3562,3561,-1,
3554,3562,3560,-1,
3561,3562,3558,-1,
3563,3564,3565,-1,
3566,3567,3563,-1,
3565,3566,3563,-1,
3568,3569,3570,-1,
3571,3569,3568,-1,
3572,3573,3574,-1,
3574,3573,3575,-1,
3576,3577,3578,-1,
3578,3577,3579,-1,
3580,3581,3582,-1,
3576,3583,3577,-1,
3581,3584,3582,-1,
3584,3585,3583,-1,
3581,3585,3584,-1,
3583,3585,3577,-1,
3586,3587,3588,-1,
3589,3590,3586,-1,
3590,3587,3586,-1,
3591,3592,3593,-1,
3593,3594,3591,-1,
3595,3596,3597,-1,
3598,3596,3595,-1,
3599,3600,3601,-1,
3601,3600,3602,-1,
3603,3604,3605,-1,
3605,3604,3606,-1,
3607,3608,3609,-1,
3609,3608,3610,-1,
3611,3612,3613,-1,
3614,3611,3613,-1,
3615,3616,3617,-1,
3615,3617,3618,-1,
3619,3620,3621,-1,
3619,3621,3622,-1,
3619,3622,3623,-1,
3624,3625,3626,-1,
3624,3626,3627,-1,
3628,3629,3630,-1,
3629,3631,3630,-1,
3632,3633,3634,-1,
3634,3633,3635,-1,
3636,3637,3638,-1,
3636,3639,3637,-1,
3640,3641,3642,-1,
3643,3642,3644,-1,
3643,3644,3645,-1,
3643,3640,3642,-1,
3646,3647,3648,-1,
3649,3648,3650,-1,
3649,3650,3651,-1,
3649,3646,3648,-1,
3652,3653,3654,-1,
3655,3656,3657,-1,
3655,3654,3656,-1,
3655,3652,3654,-1,
3658,3659,3660,-1,
3661,3659,3658,-1,
3662,3663,3664,-1,
3665,3662,3664,-1,
3666,3662,3665,-1,
3667,3668,3669,-1,
3670,3667,3669,-1,
3671,3670,3672,-1,
3671,3667,3670,-1,
3673,3674,3675,-1,
3676,3675,3677,-1,
3676,3673,3675,-1,
3678,3679,3680,-1,
3680,3679,3681,-1,
3682,3683,3684,-1,
3685,3682,3686,-1,
3685,3683,3682,-1,
3687,3688,3689,-1,
3687,3690,3691,-1,
3687,3691,3688,-1,
3692,3693,3694,-1,
3695,3693,3692,-1,
3696,3697,3698,-1,
3699,3696,3698,-1,
3700,3701,3702,-1,
3703,3701,3700,-1,
3704,3705,3706,-1,
3707,3705,3704,-1,
3708,3704,3709,-1,
3708,3707,3704,-1,
3710,3711,3707,-1,
3711,3705,3707,-1,
3712,3713,3714,-1,
3712,3715,3713,-1,
3716,3717,3718,-1,
3719,3716,3718,-1,
3720,3721,3722,-1,
3720,3723,3721,-1,
3724,3725,3726,-1,
3724,3726,3727,-1,
3728,3729,3730,-1,
3728,3730,3731,-1,
3732,3733,3734,-1,
3732,3735,3733,-1,
3736,3737,3738,-1,
3736,3738,3739,-1,
3740,3741,3742,-1,
3740,3742,3743,-1,
3744,3745,3746,-1,
3744,3746,3747,-1,
    ]
    creaseAngle 0.5
  }
}
Shape { # contacts
  appearance Appearance { material Material {
    diffuseColor 0.780 0.780 0.800
    specularColor 1.000 1.000 1.000
    shininess 0.4
    ambientIntensity 0.3
  } }
  geometry IndexedFaceSet {
    coord Coordinate { point [
1.2812 -0.0984 -0.5469,
1.2812 0.0984 -0.5469,
1.2823 -0.0984 -0.5484,
1.2823 0.0984 -0.5484,
1.2833 -0.0984 -0.5499,
1.2833 0.0984 -0.5499,
1.2843 -0.0984 -0.5515,
1.2843 0.0984 -0.5515,
1.2851 -0.0984 -0.5531,
1.2851 0.0984 -0.5531,
1.2859 -0.0984 -0.5548,
1.2859 0.0984 -0.5548,
1.2866 -0.0984 -0.5565,
1.2866 0.0984 -0.5565,
1.2873 -0.0984 -0.5582,
1.2873 0.0984 -0.5582,
1.2878 -0.0984 -0.5600,
1.2878 0.0984 -0.5600,
1.2883 -0.0984 -0.5617,
1.2883 0.0984 -0.5617,
1.2887 -0.0984 -0.5635,
1.2887 0.0984 -0.5635,
1.2890 -0.0984 -0.5654,
1.2890 0.0984 -0.5654,
1.2892 -0.0984 -0.5672,
1.2892 0.0984 -0.5672,
1.2893 -0.0984 -0.5690,
1.2893 0.0984 -0.5690,
1.2894 -0.0984 -0.5709,
1.2894 0.0984 -0.5709,
-0.1083 -0.0984 -0.5709,
-0.1083 0.0984 -0.5709,
-0.1082 -0.0984 -0.5690,
-0.1082 0.0984 -0.5690,
-0.1081 -0.0984 -0.5672,
-0.1081 0.0984 -0.5672,
-0.1079 -0.0984 -0.5654,
-0.1079 0.0984 -0.5654,
-0.1076 -0.0984 -0.5635,
-0.1076 0.0984 -0.5635,
-0.1072 -0.0984 -0.5617,
-0.1072 0.0984 -0.5617,
-0.1067 -0.0984 -0.5600,
-0.1067 0.0984 -0.5600,
-0.1062 -0.0984 -0.5582,
-0.1062 0.0984 -0.5582,
-0.1055 -0.0984 -0.5565,
-0.1055 0.0984 -0.5565,
-0.1048 -0.0984 -0.5548,
-0.1048 0.0984 -0.5548,
-0.1040 -0.0984 -0.5531,
-0.1040 0.0984 -0.5531,
-0.1032 -0.0984 -0.5515,
-0.1032 0.0984 -0.5515,
-0.1022 -0.0984 -0.5499,
-0.1022 0.0984 -0.5499,
-0.1012 -0.0984 -0.5484,
-0.1012 0.0984 -0.5484,
-0.1001 -0.0984 -0.5469,
-0.1001 0.0984 -0.5469,
0.5413 -1.4985 -1.3409,
0.5413 -1.5005 -1.3388,
0.5413 -1.4964 -1.3429,
0.5413 -1.5042 -1.3344,
0.5413 -1.5058 -1.3320,
0.5413 -1.5024 -1.3366,
0.5413 -1.4942 -1.3448,
0.5413 -1.4871 -1.3499,
0.5413 -1.4919 -1.3466,
0.5413 -1.4895 -1.3483,
0.5413 -1.4820 -1.3526,
0.5413 -1.4846 -1.3513,
0.5413 -1.4766 -1.3548,
0.5413 -1.4793 -1.3538,
0.5413 -1.4654 -1.3576,
0.5413 -1.4596 -1.3582,
0.5413 -1.4625 -1.3580,
0.5413 -1.4538 -1.3582,
0.5413 -1.4567 -1.3583,
0.5413 -1.4480 -1.3576,
0.5413 -1.4509 -1.3580,
0.5413 -1.4395 -1.3557,
0.5413 -1.4452 -1.3571,
0.5413 -1.4423 -1.3565,
0.5413 -1.4263 -1.3499,
0.5413 -1.4215 -1.3466,
0.5413 -1.4239 -1.3483,
0.5413 -1.5551 -1.2402,
0.5413 -1.4046 -1.3270,
0.5413 -1.5088 -1.3270,
0.5413 -1.5074 -1.3295,
0.5413 -1.4738 -1.3557,
0.5413 -1.4711 -1.3565,
0.5413 -1.4682 -1.3571,
0.5413 -1.4368 -1.3548,
0.5413 -1.4341 -1.3538,
0.5413 -1.4314 -1.3526,
0.5413 -1.4288 -1.3513,
0.5413 -1.4192 -1.3448,
0.5413 -1.4170 -1.3429,
0.5413 -1.4149 -1.3409,
0.5413 -1.4129 -1.3388,
0.5413 -1.4110 -1.3366,
0.5413 -1.4092 -1.3344,
0.5413 -1.4076 -1.3320,
0.5413 -1.4060 -1.3295,
0.5413 -1.3583 -1.2402,
0.5413 -1.3780 -0.0197,
0.5413 -1.5551 -0.0197,
0.5413 -1.3582 0.0216,
0.5413 -1.3583 0.0197,
0.5413 -1.3581 0.0235,
0.5413 -1.3578 0.0255,
0.5413 -1.3780 0.0984,
0.5413 -1.3575 0.0274,
0.5413 -1.3571 0.0293,
0.5413 -1.3566 0.0311,
0.5413 -1.3560 0.0329,
0.5413 -1.3553 0.0348,
0.5413 -1.3545 0.0365,
0.5413 -1.3536 0.0382,
0.5413 -1.3527 0.0399,
0.5413 -1.3516 0.0416,
0.5413 -1.3505 0.0431,
0.5413 -1.3493 0.0447,
0.5413 -1.3481 0.0461,
0.5413 -1.3467 0.0475,
0.5413 -1.3453 0.0489,
0.5413 -1.3439 0.0501,
0.5413 -1.3424 0.0513,
0.5413 -1.3408 0.0524,
0.5413 -1.3391 0.0535,
0.5413 -1.3375 0.0544,
0.5413 -1.3357 0.0553,
0.5413 -1.3340 0.0561,
0.5413 -1.3322 0.0568,
0.5413 -1.3303 0.0574,
0.5413 -1.3285 0.0579,
0.5413 -1.3266 0.0583,
0.5413 -1.3247 0.0586,
0.5413 -1.3228 0.0589,
0.5413 -1.3208 0.0590,
0.5413 -1.3189 0.0591,
0.5413 0.0591 0.0984,
0.5413 0.0591 0.0591,
0.5413 0.0610 0.0591,
0.5413 0.0629 0.0592,
0.5413 0.0648 0.0595,
0.5413 0.0667 0.0598,
0.5413 0.0686 0.0602,
0.5413 0.0705 0.0608,
0.5413 0.0723 0.0614,
0.5413 0.0741 0.0621,
0.5413 0.0759 0.0628,
0.5413 0.0776 0.0637,
0.5413 0.0793 0.0647,
0.5413 0.0809 0.0657,
0.5413 0.0825 0.0668,
0.5413 0.0840 0.0680,
0.5413 0.0855 0.0693,
0.5413 0.0869 0.0706,
0.5413 0.0882 0.0720,
0.5413 0.0895 0.0734,
0.5413 0.0907 0.0750,
0.5413 0.0918 0.0766,
0.5413 0.0928 0.0782,
0.5413 0.0938 0.0799,
0.5413 0.0946 0.0816,
0.5413 0.0954 0.0834,
0.5413 0.0961 0.0852,
0.5413 0.0967 0.0870,
0.5413 0.0972 0.0889,
0.5413 0.0977 0.0907,
0.5413 0.0980 0.0926,
0.5413 0.0982 0.0946,
0.5413 0.0984 0.0965,
0.5413 0.0984 0.0984,
0.5413 0.0984 0.8110,
0.5413 0.0591 0.8504,
0.5413 -1.5758 0.5689,
0.5413 -1.5742 0.5699,
0.5413 -1.5774 0.5679,
0.5413 -1.5789 0.5668,
0.5413 -1.5804 0.5656,
0.5413 -1.5818 0.5644,
0.5413 -1.5831 0.5631,
0.5413 -1.5844 0.5617,
0.5413 -1.5856 0.5603,
0.5413 -1.5868 0.5589,
0.5413 -1.5878 0.5573,
0.5413 -1.5888 0.5557,
0.5413 -1.5898 0.5541,
0.5413 -1.5906 0.5525,
0.5413 -1.5914 0.5508,
0.5413 -1.5921 0.5490,
0.5413 -1.5927 0.5472,
0.5413 -1.3250 0.7077,
0.5413 -1.3231 0.7082,
0.5413 -1.3267 0.7070,
0.5413 -1.3213 0.7085,
0.5413 -1.3194 0.7087,
0.5413 -1.3175 0.7086,
0.5413 -1.3156 0.7084,
0.5413 -1.3137 0.7080,
0.5413 -1.3119 0.7074,
0.5413 -1.3085 0.7057,
0.5413 -1.3102 0.7066,
0.5413 -1.3284 0.7062,
0.5413 -1.2247 0.6535,
0.5413 -0.6417 0.5472,
0.5413 -0.7126 0.6535,
0.5413 -0.5709 0.5945,
0.5413 -0.6159 0.7349,
0.5413 -0.6128 0.7372,
0.5413 -0.6111 0.7383,
0.5413 -0.6144 0.7361,
0.5413 -0.6094 0.7393,
0.5413 -0.6077 0.7402,
0.5413 -0.6059 0.7410,
0.5413 -0.6040 0.7417,
0.5413 -0.6022 0.7423,
0.5413 -0.6003 0.7429,
0.5413 -0.5984 0.7433,
0.5413 -0.5964 0.7437,
0.5413 -0.5945 0.7439,
0.5413 -0.5925 0.7440,
0.5413 -0.5906 0.7441,
0.5413 -0.5709 0.7441,
0.5413 -1.3277 0.9863,
0.5413 -1.3243 0.9850,
0.5413 -1.3260 0.9856,
0.5413 -1.3207 0.9843,
0.5413 -1.3170 0.9843,
0.5413 -1.3189 0.9843,
0.5413 -1.3152 0.9846,
0.5413 -1.3293 0.9872,
0.5413 -1.3100 0.9864,
0.5413 -1.3225 0.9846,
0.5413 -1.3134 0.9850,
0.5413 -1.3117 0.9856,
0.5413 -1.3084 0.9873,
0.5413 -1.4827 1.0827,
0.5413 -1.2008 1.0547,
0.5413 -1.1945 1.0585,
0.5413 -1.1880 1.0619,
0.5413 -1.1814 1.0651,
0.5413 -1.1746 1.0679,
0.5413 -1.1677 1.0704,
0.5413 -0.6693 1.0827,
0.5413 -0.6627 1.0787,
0.5413 -1.1172 1.0787,
0.5413 -1.1245 1.0786,
0.5413 -1.1318 1.0781,
0.5413 -1.1391 1.0772,
0.5413 -1.1464 1.0760,
0.5413 -1.1536 1.0745,
0.5413 -1.1607 1.0726,
0.6398 -1.5551 -1.2402,
0.5413 -1.5551 -0.0197,
0.5413 -1.5551 -1.2402,
0.6398 -1.5551 -0.0197,
0.6398 -1.5005 -1.3388,
0.6398 -1.4985 -1.3409,
0.6398 -1.4964 -1.3429,
0.6398 -1.5058 -1.3320,
0.6398 -1.5042 -1.3344,
0.6398 -1.5024 -1.3366,
0.6398 -1.4871 -1.3499,
0.6398 -1.4942 -1.3448,
0.6398 -1.4919 -1.3466,
0.6398 -1.4895 -1.3483,
0.6398 -1.4820 -1.3526,
0.6398 -1.4846 -1.3513,
0.6398 -1.4766 -1.3548,
0.6398 -1.4793 -1.3538,
0.6398 -1.4596 -1.3582,
0.6398 -1.4654 -1.3576,
0.6398 -1.4625 -1.3580,
0.6398 -1.4538 -1.3582,
0.6398 -1.4567 -1.3583,
0.6398 -1.4480 -1.3576,
0.6398 -1.4509 -1.3580,
0.6398 -1.4395 -1.3557,
0.6398 -1.4452 -1.3571,
0.6398 -1.4423 -1.3565,
0.6398 -1.4215 -1.3466,
0.6398 -1.4263 -1.3499,
0.6398 -1.4239 -1.3483,
0.6398 -1.4046 -1.3270,
0.6398 -1.5551 -1.2402,
0.6398 -1.5088 -1.3270,
0.6398 -1.5074 -1.3295,
0.6398 -1.4738 -1.3557,
0.6398 -1.4711 -1.3565,
0.6398 -1.4682 -1.3571,
0.6398 -1.4368 -1.3548,
0.6398 -1.4341 -1.3538,
0.6398 -1.4314 -1.3526,
0.6398 -1.4288 -1.3513,
0.6398 -1.4192 -1.3448,
0.6398 -1.4170 -1.3429,
0.6398 -1.4149 -1.3409,
0.6398 -1.4129 -1.3388,
0.6398 -1.4110 -1.3366,
0.6398 -1.4092 -1.3344,
0.6398 -1.4076 -1.3320,
0.6398 -1.4060 -1.3295,
0.6398 -1.3583 -1.2402,
0.6398 -1.3780 -0.0197,
0.6398 -1.5551 -0.0197,
0.6398 -1.3582 0.0216,
0.6398 -1.3583 0.0197,
0.6398 -1.3581 0.0235,
0.6398 -1.3578 0.0255,
0.6398 -1.3780 0.0984,
0.6398 -1.3575 0.0274,
0.6398 -1.3571 0.0293,
0.6398 -1.3566 0.0311,
0.6398 -1.3560 0.0329,
0.6398 -1.3553 0.0348,
0.6398 -1.3545 0.0365,
0.6398 -1.3536 0.0382,
0.6398 -1.3527 0.0399,
0.6398 -1.3516 0.0416,
0.6398 -1.3505 0.0431,
0.6398 -1.3493 0.0447,
0.6398 -1.3481 0.0461,
0.6398 -1.3467 0.0475,
0.6398 -1.3453 0.0489,
0.6398 -1.3439 0.0501,
0.6398 -1.3424 0.0513,
0.6398 -1.3408 0.0524,
0.6398 -1.3391 0.0535,
0.6398 -1.3375 0.0544,
0.6398 -1.3357 0.0553,
0.6398 -1.3340 0.0561,
0.6398 -1.3322 0.0568,
0.6398 -1.3303 0.0574,
0.6398 -1.3285 0.0579,
0.6398 -1.3266 0.0583,
0.6398 -1.3247 0.0586,
0.6398 -1.3228 0.0589,
0.6398 -1.3208 0.0590,
0.6398 -1.3189 0.0591,
0.6398 0.0591 0.0984,
0.6398 0.0591 0.0591,
0.6398 0.0610 0.0591,
0.6398 0.0629 0.0592,
0.6398 0.0648 0.0595,
0.6398 0.0667 0.0598,
0.6398 0.0686 0.0602,
0.6398 0.0705 0.0608,
0.6398 0.0723 0.0614,
0.6398 0.0741 0.0621,
0.6398 0.0759 0.0628,
0.6398 0.0776 0.0637,
0.6398 0.0793 0.0647,
0.6398 0.0809 0.0657,
0.6398 0.0825 0.0668,
0.6398 0.0840 0.0680,
0.6398 0.0855 0.0693,
0.6398 0.0869 0.0706,
0.6398 0.0882 0.0720,
0.6398 0.0895 0.0734,
0.6398 0.0907 0.0750,
0.6398 0.0918 0.0766,
0.6398 0.0928 0.0782,
0.6398 0.0938 0.0799,
0.6398 0.0946 0.0816,
0.6398 0.0954 0.0834,
0.6398 0.0961 0.0852,
0.6398 0.0967 0.0870,
0.6398 0.0972 0.0889,
0.6398 0.0977 0.0907,
0.6398 0.0980 0.0926,
0.6398 0.0982 0.0946,
0.6398 0.0984 0.0965,
0.6398 0.0984 0.0984,
0.6398 0.0984 0.8110,
0.6398 0.0591 0.8504,
0.6398 -1.5742 0.5699,
0.6398 -1.5758 0.5689,
0.6398 -1.5774 0.5679,
0.6398 -1.5789 0.5668,
0.6398 -1.5804 0.5656,
0.6398 -1.5818 0.5644,
0.6398 -1.5831 0.5631,
0.6398 -1.5844 0.5617,
0.6398 -1.5856 0.5603,
0.6398 -1.5868 0.5589,
0.6398 -1.5878 0.5573,
0.6398 -1.5888 0.5557,
0.6398 -1.5898 0.5541,
0.6398 -1.5906 0.5525,
0.6398 -1.5914 0.5508,
0.6398 -1.5921 0.5490,
0.6398 -1.5927 0.5472,
0.6398 -1.3231 0.7082,
0.6398 -1.3250 0.7077,
0.6398 -1.3267 0.7070,
0.6398 -1.3194 0.7087,
0.6398 -1.3213 0.7085,
0.6398 -1.3175 0.7086,
0.6398 -1.3156 0.7084,
0.6398 -1.3119 0.7074,
0.6398 -1.3137 0.7080,
0.6398 -1.3085 0.7057,
0.6398 -1.3102 0.7066,
0.6398 -1.3284 0.7062,
0.6398 -1.2247 0.6535,
0.6398 -0.6417 0.5472,
0.6398 -0.7126 0.6535,
0.6398 -0.5709 0.5945,
0.6398 -0.6159 0.7349,
0.6398 -0.6111 0.7383,
0.6398 -0.6128 0.7372,
0.6398 -0.6144 0.7361,
0.6398 -0.6077 0.7402,
0.6398 -0.6094 0.7393,
0.6398 -0.6059 0.7410,
0.6398 -0.6022 0.7423,
0.6398 -0.6040 0.7417,
0.6398 -0.5984 0.7433,
0.6398 -0.6003 0.7429,
0.6398 -0.5945 0.7439,
0.6398 -0.5964 0.7437,
0.6398 -0.5906 0.7441,
0.6398 -0.5925 0.7440,
0.6398 -0.5709 0.7441,
0.6398 -1.3225 0.9846,
0.6398 -1.3293 0.9872,
0.6398 -1.3277 0.9863,
0.6398 -1.3260 0.9856,
0.6398 -1.3243 0.9850,
0.6398 -1.3189 0.9843,
0.6398 -1.3207 0.9843,
0.6398 -1.3170 0.9843,
0.6398 -1.3117 0.9856,
0.6398 -1.3152 0.9846,
0.6398 -1.3134 0.9850,
0.6398 -1.3100 0.9864,
0.6398 -1.3084 0.9873,
0.6398 -1.2008 1.0547,
0.6398 -1.4827 1.0827,
0.6398 -1.1945 1.0585,
0.6398 -1.1880 1.0619,
0.6398 -1.1814 1.0651,
0.6398 -1.1746 1.0679,
0.6398 -1.1677 1.0704,
0.6398 -0.6627 1.0787,
0.6398 -0.6693 1.0827,
0.6398 -1.1172 1.0787,
0.6398 -1.1245 1.0786,
0.6398 -1.1318 1.0781,
0.6398 -1.1391 1.0772,
0.6398 -1.1464 1.0760,
0.6398 -1.1536 1.0745,
0.6398 -1.1607 1.0726,
1.7224 -1.5758 0.5689,
1.7224 -1.5742 0.5699,
1.7224 -1.5774 0.5679,
1.7224 -1.5789 0.5668,
1.7224 -1.5804 0.5656,
1.7224 -1.5818 0.5644,
1.7224 -1.5831 0.5631,
1.7224 -1.5844 0.5617,
1.7224 -1.5856 0.5603,
1.7224 -1.5868 0.5589,
1.7224 -1.5878 0.5573,
1.7224 -1.5888 0.5557,
1.7224 -1.5898 0.5541,
1.7224 -1.5906 0.5525,
1.7224 -1.5914 0.5508,
1.7224 -1.5921 0.5490,
1.7224 -1.5927 0.5472,
1.7224 -1.3250 0.7077,
1.7224 -1.3231 0.7082,
1.7224 -1.3267 0.7070,
1.7224 -1.3137 0.7080,
1.7224 -1.3119 0.7074,
1.7224 -1.3156 0.7084,
1.7224 -1.3175 0.7086,
1.7224 -1.3194 0.7087,
1.7224 -1.3213 0.7085,
1.7224 -1.3102 0.7066,
1.7224 -1.3085 0.7057,
1.7224 -1.3284 0.7062,
1.7224 -1.2247 0.6535,
1.7224 -0.6417 0.5472,
1.7224 -0.7126 0.6535,
1.7224 -0.5709 0.5945,
1.7224 -0.6159 0.7349,
1.7224 -0.6144 0.7361,
1.7224 -0.6128 0.7372,
1.7224 -0.6111 0.7383,
1.7224 -0.6094 0.7393,
1.7224 -0.6077 0.7402,
1.7224 -0.6022 0.7423,
1.7224 -0.6003 0.7429,
1.7224 -0.6040 0.7417,
1.7224 -0.6059 0.7410,
1.7224 -0.5984 0.7433,
1.7224 -0.5945 0.7439,
1.7224 -0.5925 0.7440,
1.7224 -0.5964 0.7437,
1.7224 -0.5906 0.7441,
1.7224 -0.5709 0.7441,
1.7224 -1.3277 0.9863,
1.7224 -1.3243 0.9850,
1.7224 -1.3260 0.9856,
1.7224 -1.3293 0.9872,
1.7224 -1.3225 0.9846,
1.7224 -1.3207 0.9843,
1.7224 -1.3189 0.9843,
1.7224 -1.3134 0.9850,
1.7224 -1.3170 0.9843,
1.7224 -1.3152 0.9846,
1.7224 -1.3100 0.9864,
1.7224 -1.3117 0.9856,
1.7224 -1.3084 0.9873,
1.7224 -1.4827 1.0827,
1.7224 -1.2008 1.0547,
1.7224 -1.1945 1.0585,
1.7224 -1.1880 1.0619,
1.7224 -1.1814 1.0651,
1.7224 -1.1746 1.0679,
1.7224 -1.1677 1.0704,
1.7224 -0.6693 1.0827,
1.7224 -0.6627 1.0787,
1.7224 -1.1172 1.0787,
1.7224 -1.1245 1.0786,
1.7224 -1.1318 1.0781,
1.7224 -1.1391 1.0772,
1.7224 -1.1464 1.0760,
1.7224 -1.1536 1.0745,
1.7224 -1.1607 1.0726,
1.7224 -1.4985 -1.3409,
1.7224 -1.5005 -1.3388,
1.7224 -1.4964 -1.3429,
1.7224 -1.5042 -1.3344,
1.7224 -1.5058 -1.3320,
1.7224 -1.5024 -1.3366,
1.7224 -1.4942 -1.3448,
1.7224 -1.4871 -1.3499,
1.7224 -1.4919 -1.3466,
1.7224 -1.4895 -1.3483,
1.7224 -1.4820 -1.3526,
1.7224 -1.4846 -1.3513,
1.7224 -1.4766 -1.3548,
1.7224 -1.4793 -1.3538,
1.7224 -1.4654 -1.3576,
1.7224 -1.4596 -1.3582,
1.7224 -1.4625 -1.3580,
1.7224 -1.4538 -1.3582,
1.7224 -1.4567 -1.3583,
1.7224 -1.4480 -1.3576,
1.7224 -1.4509 -1.3580,
1.7224 -1.4395 -1.3557,
1.7224 -1.4452 -1.3571,
1.7224 -1.4423 -1.3565,
1.7224 -1.4263 -1.3499,
1.7224 -1.4215 -1.3466,
1.7224 -1.4239 -1.3483,
1.7224 -1.5551 -1.2402,
1.7224 -1.4046 -1.3270,
1.7224 -1.5088 -1.3270,
1.7224 -1.5074 -1.3295,
1.7224 -1.4738 -1.3557,
1.7224 -1.4711 -1.3565,
1.7224 -1.4682 -1.3571,
1.7224 -1.4368 -1.3548,
1.7224 -1.4341 -1.3538,
1.7224 -1.4314 -1.3526,
1.7224 -1.4288 -1.3513,
1.7224 -1.4192 -1.3448,
1.7224 -1.4170 -1.3429,
1.7224 -1.4149 -1.3409,
1.7224 -1.4129 -1.3388,
1.7224 -1.4110 -1.3366,
1.7224 -1.4092 -1.3344,
1.7224 -1.4076 -1.3320,
1.7224 -1.4060 -1.3295,
1.7224 -1.3583 -1.2402,
1.7224 -1.3780 -0.0197,
1.7224 -1.5551 -0.0197,
1.7224 -1.3582 0.0216,
1.7224 -1.3583 0.0197,
1.7224 -1.3581 0.0235,
1.7224 -1.3578 0.0255,
1.7224 -1.3780 0.0984,
1.7224 -1.3575 0.0274,
1.7224 -1.3571 0.0293,
1.7224 -1.3566 0.0311,
1.7224 -1.3560 0.0329,
1.7224 -1.3553 0.0348,
1.7224 -1.3545 0.0365,
1.7224 -1.3536 0.0382,
1.7224 -1.3527 0.0399,
1.7224 -1.3516 0.0416,
1.7224 -1.3505 0.0431,
1.7224 -1.3493 0.0447,
1.7224 -1.3481 0.0461,
1.7224 -1.3467 0.0475,
1.7224 -1.3453 0.0489,
1.7224 -1.3439 0.0501,
1.7224 -1.3424 0.0513,
1.7224 -1.3408 0.0524,
1.7224 -1.3391 0.0535,
1.7224 -1.3375 0.0544,
1.7224 -1.3357 0.0553,
1.7224 -1.3340 0.0561,
1.7224 -1.3322 0.0568,
1.7224 -1.3303 0.0574,
1.7224 -1.3285 0.0579,
1.7224 -1.3266 0.0583,
1.7224 -1.3247 0.0586,
1.7224 -1.3228 0.0589,
1.7224 -1.3208 0.0590,
1.7224 -1.3189 0.0591,
1.7224 0.0591 0.0984,
1.7224 0.0591 0.0591,
1.7224 0.0610 0.0591,
1.7224 0.0629 0.0592,
1.7224 0.0648 0.0595,
1.7224 0.0667 0.0598,
1.7224 0.0686 0.0602,
1.7224 0.0705 0.0608,
1.7224 0.0723 0.0614,
1.7224 0.0741 0.0621,
1.7224 0.0759 0.0628,
1.7224 0.0776 0.0637,
1.7224 0.0793 0.0647,
1.7224 0.0809 0.0657,
1.7224 0.0825 0.0668,
1.7224 0.0840 0.0680,
1.7224 0.0855 0.0693,
1.7224 0.0869 0.0706,
1.7224 0.0882 0.0720,
1.7224 0.0895 0.0734,
1.7224 0.0907 0.0750,
1.7224 0.0918 0.0766,
1.7224 0.0928 0.0782,
1.7224 0.0938 0.0799,
1.7224 0.0946 0.0816,
1.7224 0.0954 0.0834,
1.7224 0.0961 0.0852,
1.7224 0.0967 0.0870,
1.7224 0.0972 0.0889,
1.7224 0.0977 0.0907,
1.7224 0.0980 0.0926,
1.7224 0.0982 0.0946,
1.7224 0.0984 0.0965,
1.7224 0.0984 0.0984,
1.7224 0.0984 0.8110,
1.7224 0.0591 0.8504,
0.0492 -1.5742 0.5699,
0.0492 -1.5758 0.5689,
0.0492 -1.5774 0.5679,
0.0492 -1.5789 0.5668,
0.0492 -1.5804 0.5656,
0.0492 -1.5818 0.5644,
0.0492 -1.5831 0.5631,
0.0492 -1.5844 0.5617,
0.0492 -1.5856 0.5603,
0.0492 -1.5868 0.5589,
0.0492 -1.5878 0.5573,
0.0492 -1.5888 0.5557,
0.0492 -1.5898 0.5541,
0.0492 -1.5906 0.5525,
0.0492 -1.5914 0.5508,
0.0492 -1.5921 0.5490,
0.0492 -1.5927 0.5472,
0.0492 -1.3194 0.7087,
0.0492 -1.3213 0.7085,
0.0492 -1.3231 0.7082,
0.0492 -1.3250 0.7077,
0.0492 -1.3267 0.7070,
0.0492 -1.3156 0.7084,
0.0492 -1.3175 0.7086,
0.0492 -1.3102 0.7066,
0.0492 -1.3119 0.7074,
0.0492 -1.3137 0.7080,
0.0492 -1.3085 0.7057,
0.0492 -1.3284 0.7062,
0.0492 -1.2247 0.6535,
0.0492 -0.6417 0.5472,
0.0492 -0.5748 0.6535,
0.0492 -0.5709 0.5945,
0.0492 -0.5709 0.6569,
0.0492 -1.3260 0.9856,
0.0492 -1.3293 0.9872,
0.0492 -1.3277 0.9863,
0.0492 -1.3243 0.9850,
0.0492 -1.3225 0.9846,
0.0492 -1.3189 0.9843,
0.0492 -1.3207 0.9843,
0.0492 -1.3134 0.9850,
0.0492 -1.3170 0.9843,
0.0492 -1.3152 0.9846,
0.0492 -1.3100 0.9864,
0.0492 -1.3117 0.9856,
0.0492 -1.3084 0.9873,
0.0492 -1.2008 1.0547,
0.0492 -1.4827 1.0827,
0.0492 -1.1945 1.0585,
0.0492 -1.1880 1.0619,
0.0492 -1.1814 1.0651,
0.0492 -1.1746 1.0679,
0.0492 -1.1677 1.0704,
0.0492 -0.6627 1.0787,
0.0492 -0.6693 1.0827,
0.0492 -1.1172 1.0787,
0.0492 -1.1245 1.0786,
0.0492 -1.1318 1.0781,
0.0492 -1.1391 1.0772,
0.0492 -1.1464 1.0760,
0.0492 -1.1536 1.0745,
0.0492 -1.1607 1.0726,
0.0492 -0.0984 -0.0197,
0.0492 -0.0984 -0.3523,
0.0492 0.0984 -0.3523,
0.0492 0.0591 0.0984,
0.0492 -0.1694 0.0587,
0.0492 -0.1656 0.0582,
0.0492 -0.1618 0.0575,
0.0492 -0.1580 0.0567,
0.0492 -0.1543 0.0557,
0.0492 -0.1506 0.0545,
0.0492 -0.1470 0.0531,
0.0492 -0.1435 0.0515,
0.0492 -0.1400 0.0498,
0.0492 -0.1367 0.0479,
0.0492 -0.1334 0.0458,
0.0492 -0.1303 0.0436,
0.0492 -0.1272 0.0412,
0.0492 -0.1243 0.0387,
0.0492 -0.1215 0.0360,
0.0492 -0.1188 0.0332,
0.0492 -0.1163 0.0303,
0.0492 -0.1139 0.0272,
0.0492 -0.1117 0.0241,
0.0492 -0.1096 0.0208,
0.0492 -0.1077 0.0174,
0.0492 -0.1060 0.0140,
0.0492 -0.1044 0.0104,
0.0492 -0.1030 0.0068,
0.0492 -0.1018 0.0032,
0.0492 -0.1008 -0.0006,
0.0492 -0.0999 -0.0043,
0.0492 -0.0993 -0.0081,
0.0492 -0.0988 -0.0120,
0.0492 -0.0985 -0.0158,
0.0492 0.0591 0.8504,
0.0492 0.0984 0.8110,
0.0492 -1.2913 0.0984,
0.0492 -0.1772 0.0591,
0.0492 -1.2480 0.0591,
0.0492 -0.1733 0.0590,
0.0492 -0.5709 0.6569,
-0.0492 -0.5748 0.6535,
0.0492 -0.5748 0.6535,
-0.0492 -0.5709 0.6569,
-0.0492 -1.5758 0.5689,
-0.0492 -1.5742 0.5699,
-0.0492 -1.5774 0.5679,
-0.0492 -1.5789 0.5668,
-0.0492 -1.5804 0.5656,
-0.0492 -1.5818 0.5644,
-0.0492 -1.5831 0.5631,
-0.0492 -1.5844 0.5617,
-0.0492 -1.5856 0.5603,
-0.0492 -1.5868 0.5589,
-0.0492 -1.5878 0.5573,
-0.0492 -1.5888 0.5557,
-0.0492 -1.5898 0.5541,
-0.0492 -1.5906 0.5525,
-0.0492 -1.5914 0.5508,
-0.0492 -1.5921 0.5490,
-0.0492 -1.5927 0.5472,
-0.0492 -1.3213 0.7085,
-0.0492 -1.3194 0.7087,
-0.0492 -1.3231 0.7082,
-0.0492 -1.3250 0.7077,
-0.0492 -1.3267 0.7070,
-0.0492 -1.3175 0.7086,
-0.0492 -1.3156 0.7084,
-0.0492 -1.3119 0.7074,
-0.0492 -1.3102 0.7066,
-0.0492 -1.3137 0.7080,
-0.0492 -1.3085 0.7057,
-0.0492 -1.3284 0.7062,
-0.0492 -1.2247 0.6535,
-0.0492 -0.6417 0.5472,
-0.0492 -0.5748 0.6535,
-0.0492 -0.5709 0.5945,
-0.0492 -0.5709 0.6569,
-0.0492 -1.3293 0.9872,
-0.0492 -1.3243 0.9850,
-0.0492 -1.3277 0.9863,
-0.0492 -1.3260 0.9856,
-0.0492 -1.3207 0.9843,
-0.0492 -1.3225 0.9846,
-0.0492 -1.3189 0.9843,
-0.0492 -1.3134 0.9850,
-0.0492 -1.3170 0.9843,
-0.0492 -1.3152 0.9846,
-0.0492 -1.3117 0.9856,
-0.0492 -1.3100 0.9864,
-0.0492 -1.3084 0.9873,
-0.0492 -1.4827 1.0827,
-0.0492 -1.2008 1.0547,
-0.0492 -1.1945 1.0585,
-0.0492 -1.1880 1.0619,
-0.0492 -1.1814 1.0651,
-0.0492 -1.1746 1.0679,
-0.0492 -1.1677 1.0704,
-0.0492 -0.6693 1.0827,
-0.0492 -0.6627 1.0787,
-0.0492 -1.1172 1.0787,
-0.0492 -1.1245 1.0786,
-0.0492 -1.1318 1.0781,
-0.0492 -1.1391 1.0772,
-0.0492 -1.1464 1.0760,
-0.0492 -1.1536 1.0745,
-0.0492 -1.1607 1.0726,
-0.0492 -0.0984 -0.3189,
-0.0492 -0.0984 -0.0197,
-0.0492 0.0984 -0.3189,
-0.0492 -0.1694 0.0587,
-0.0492 0.0591 0.0984,
-0.0492 -0.1656 0.0582,
-0.0492 -0.1618 0.0575,
-0.0492 -0.1580 0.0567,
-0.0492 -0.1543 0.0557,
-0.0492 -0.1506 0.0545,
-0.0492 -0.1470 0.0531,
-0.0492 -0.1435 0.0515,
-0.0492 -0.1400 0.0498,
-0.0492 -0.1367 0.0479,
-0.0492 -0.1334 0.0458,
-0.0492 -0.1303 0.0436,
-0.0492 -0.1272 0.0412,
-0.0492 -0.1243 0.0387,
-0.0492 -0.1215 0.0360,
-0.0492 -0.1188 0.0332,
-0.0492 -0.1163 0.0303,
-0.0492 -0.1139 0.0272,
-0.0492 -0.1117 0.0241,
-0.0492 -0.1096 0.0208,
-0.0492 -0.1077 0.0174,
-0.0492 -0.1060 0.0140,
-0.0492 -0.1044 0.0104,
-0.0492 -0.1030 0.0068,
-0.0492 -0.1018 0.0032,
-0.0492 -0.1008 -0.0006,
-0.0492 -0.0999 -0.0043,
-0.0492 -0.0993 -0.0081,
-0.0492 -0.0988 -0.0120,
-0.0492 -0.0985 -0.0158,
-0.0492 0.0984 0.8110,
-0.0492 0.0591 0.8504,
-0.0492 -1.2913 0.0984,
-0.0492 -1.2480 0.0591,
-0.0492 -0.1772 0.0591,
-0.0492 -0.1733 0.0590,
-0.0492 -1.2247 0.6535,
0.0492 -1.2247 0.6535,
0.0492 -0.5748 0.6535,
-0.0492 -0.5748 0.6535,
-0.0492 -1.3085 0.7057,
0.0492 -1.3085 0.7057,
0.0492 -1.2247 0.6535,
-0.0492 -1.2247 0.6535,
-0.0492 -1.3267 0.7070,
-0.0492 -1.3284 0.7062,
0.0492 -1.3284 0.7062,
0.0492 -1.3267 0.7070,
-0.0492 -1.3250 0.7077,
0.0492 -1.3250 0.7077,
-0.0492 -1.3231 0.7082,
0.0492 -1.3231 0.7082,
-0.0492 -1.3213 0.7085,
0.0492 -1.3213 0.7085,
-0.0492 -1.3194 0.7087,
0.0492 -1.3194 0.7087,
-0.0492 -1.3175 0.7086,
0.0492 -1.3175 0.7086,
-0.0492 -1.3156 0.7084,
0.0492 -1.3156 0.7084,
-0.0492 -1.3137 0.7080,
0.0492 -1.3137 0.7080,
-0.0492 -1.3119 0.7074,
0.0492 -1.3119 0.7074,
-0.0492 -1.3102 0.7066,
0.0492 -1.3102 0.7066,
0.0492 -1.3085 0.7057,
-0.0492 -1.3085 0.7057,
0.0492 -1.3284 0.7062,
-0.0492 -1.5742 0.5699,
0.0492 -1.5742 0.5699,
-0.0492 -1.3284 0.7062,
-0.0492 -1.5921 0.5490,
0.0492 -1.5927 0.5472,
0.0492 -1.5921 0.5490,
-0.0492 -1.5927 0.5472,
-0.0492 -1.5914 0.5508,
0.0492 -1.5914 0.5508,
-0.0492 -1.5906 0.5525,
0.0492 -1.5906 0.5525,
-0.0492 -1.5898 0.5541,
0.0492 -1.5898 0.5541,
-0.0492 -1.5888 0.5557,
0.0492 -1.5888 0.5557,
-0.0492 -1.5878 0.5573,
0.0492 -1.5878 0.5573,
-0.0492 -1.5868 0.5589,
0.0492 -1.5868 0.5589,
-0.0492 -1.5856 0.5603,
0.0492 -1.5856 0.5603,
-0.0492 -1.5844 0.5617,
0.0492 -1.5844 0.5617,
-0.0492 -1.5831 0.5631,
0.0492 -1.5831 0.5631,
-0.0492 -1.5818 0.5644,
0.0492 -1.5818 0.5644,
-0.0492 -1.5804 0.5656,
0.0492 -1.5804 0.5656,
-0.0492 -1.5789 0.5668,
0.0492 -1.5789 0.5668,
-0.0492 -1.5774 0.5679,
0.0492 -1.5774 0.5679,
0.0492 -1.5758 0.5689,
-0.0492 -1.5758 0.5689,
0.0492 -1.5742 0.5699,
-0.0492 -1.5742 0.5699,
1.2303 -1.3225 0.9846,
1.2303 -1.3293 0.9872,
1.2303 -1.3277 0.9863,
1.2303 -1.3260 0.9856,
1.2303 -1.3243 0.9850,
1.2303 -1.3207 0.9843,
1.2303 -1.3152 0.9846,
1.2303 -1.3189 0.9843,
1.2303 -1.3170 0.9843,
1.2303 -1.3117 0.9856,
1.2303 -1.3134 0.9850,
1.2303 -1.3100 0.9864,
1.2303 -1.3084 0.9873,
1.2303 -1.2008 1.0547,
1.2303 -1.4827 1.0827,
1.2303 -1.1945 1.0585,
1.2303 -1.1880 1.0619,
1.2303 -1.1814 1.0651,
1.2303 -1.1746 1.0679,
1.2303 -1.1677 1.0704,
1.2303 -0.6627 1.0787,
1.2303 -0.6693 1.0827,
1.2303 -1.1172 1.0787,
1.2303 -1.1245 1.0786,
1.2303 -1.1318 1.0781,
1.2303 -1.1391 1.0772,
1.2303 -1.1464 1.0760,
1.2303 -1.1536 1.0745,
1.2303 -1.1607 1.0726,
1.2303 -1.5906 0.5525,
1.2303 -1.5914 0.5508,
1.2303 -1.5921 0.5490,
1.2303 -1.5878 0.5573,
1.2303 -1.5888 0.5557,
1.2303 -1.5898 0.5541,
1.2303 -1.5856 0.5603,
1.2303 -1.5868 0.5589,
1.2303 -1.5818 0.5644,
1.2303 -1.5831 0.5631,
1.2303 -1.5844 0.5617,
1.2303 -1.5742 0.5699,
1.2303 -1.5758 0.5689,
1.2303 -1.5774 0.5679,
1.2303 -1.5789 0.5668,
1.2303 -1.5804 0.5656,
1.2303 -1.5927 0.5472,
1.2303 -1.3231 0.7082,
1.2303 -1.3250 0.7077,
1.2303 -1.3267 0.7070,
1.2303 -1.3156 0.7084,
1.2303 -1.3175 0.7086,
1.2303 -1.3194 0.7087,
1.2303 -1.3213 0.7085,
1.2303 -1.3102 0.7066,
1.2303 -1.3119 0.7074,
1.2303 -1.3137 0.7080,
1.2303 -1.3085 0.7057,
1.2303 -1.3284 0.7062,
1.2303 -1.2247 0.6535,
1.2303 -0.6417 0.5472,
1.2303 -0.5748 0.6535,
1.2303 -0.5709 0.5945,
1.2303 -0.5709 0.6569,
1.2303 -0.0984 -0.0197,
1.2303 -0.0984 -0.3189,
1.2303 0.0984 -0.3189,
1.2303 0.0591 0.0984,
1.2303 -0.1694 0.0587,
1.2303 -0.1656 0.0582,
1.2303 -0.1618 0.0575,
1.2303 -0.1580 0.0567,
1.2303 -0.1543 0.0557,
1.2303 -0.1506 0.0545,
1.2303 -0.1470 0.0531,
1.2303 -0.1435 0.0515,
1.2303 -0.1400 0.0498,
1.2303 -0.1367 0.0479,
1.2303 -0.1334 0.0458,
1.2303 -0.1303 0.0436,
1.2303 -0.1272 0.0412,
1.2303 -0.1243 0.0387,
1.2303 -0.1215 0.0360,
1.2303 -0.1188 0.0332,
1.2303 -0.1163 0.0303,
1.2303 -0.1139 0.0272,
1.2303 -0.1117 0.0241,
1.2303 -0.1096 0.0208,
1.2303 -0.1077 0.0174,
1.2303 -0.1060 0.0140,
1.2303 -0.1044 0.0104,
1.2303 -0.1030 0.0068,
1.2303 -0.1018 0.0032,
1.2303 -0.1008 -0.0006,
1.2303 -0.0999 -0.0043,
1.2303 -0.0993 -0.0081,
1.2303 -0.0988 -0.0120,
1.2303 -0.0985 -0.0158,
1.2303 0.0984 0.8110,
1.2303 0.0591 0.8504,
1.2303 -1.2913 0.0984,
1.2303 -0.1772 0.0591,
1.2303 -1.2480 0.0591,
1.2303 -0.1733 0.0590,
1.7224 -1.1172 1.0787,
1.8209 -0.6627 1.0787,
1.8209 -1.1172 1.0787,
1.7224 -0.6627 1.0787,
1.7224 -1.2008 1.0547,
1.7224 -1.1945 1.0585,
1.8209 -1.2008 1.0547,
1.8209 -1.1945 1.0585,
1.7224 -1.1880 1.0619,
1.8209 -1.1880 1.0619,
1.7224 -1.1814 1.0651,
1.8209 -1.1814 1.0651,
1.7224 -1.1746 1.0679,
1.8209 -1.1746 1.0679,
1.7224 -1.1677 1.0704,
1.8209 -1.1677 1.0704,
1.7224 -1.1607 1.0726,
1.8209 -1.1607 1.0726,
1.7224 -1.1536 1.0745,
1.8209 -1.1536 1.0745,
1.7224 -1.1464 1.0760,
1.8209 -1.1464 1.0760,
1.7224 -1.1391 1.0772,
1.8209 -1.1391 1.0772,
1.7224 -1.1318 1.0781,
1.8209 -1.1318 1.0781,
1.7224 -1.1245 1.0786,
1.8209 -1.1245 1.0786,
1.7224 -1.1172 1.0787,
1.8209 -1.1172 1.0787,
1.8209 -1.3084 0.9873,
1.7224 -1.2008 1.0547,
1.8209 -1.2008 1.0547,
1.7224 -1.3084 0.9873,
1.7224 -1.3100 0.9864,
1.7224 -1.3084 0.9873,
1.8209 -1.3084 0.9873,
1.8209 -1.3100 0.9864,
1.7224 -1.3117 0.9856,
1.8209 -1.3117 0.9856,
1.7224 -1.3134 0.9850,
1.8209 -1.3134 0.9850,
1.7224 -1.3152 0.9846,
1.8209 -1.3152 0.9846,
1.7224 -1.3170 0.9843,
1.8209 -1.3170 0.9843,
1.7224 -1.3189 0.9843,
1.8209 -1.3189 0.9843,
1.7224 -1.3207 0.9843,
1.8209 -1.3207 0.9843,
1.8209 -1.3225 0.9846,
1.7224 -1.3225 0.9846,
1.7224 -1.3243 0.9850,
1.8209 -1.3243 0.9850,
1.7224 -1.3260 0.9856,
1.8209 -1.3260 0.9856,
1.7224 -1.3277 0.9863,
1.8209 -1.3277 0.9863,
1.8209 -1.3293 0.9872,
1.7224 -1.3293 0.9872,
1.7224 -1.4827 1.0827,
1.7224 -1.3293 0.9872,
1.8209 -1.3293 0.9872,
1.8209 -1.4827 1.0827,
1.1319 -1.4827 1.0827,
1.1319 -1.3293 0.9872,
1.2303 -1.3293 0.9872,
1.2303 -1.4827 1.0827,
1.1319 -1.3100 0.9864,
1.1319 -1.3084 0.9873,
1.2303 -1.3084 0.9873,
1.2303 -1.3100 0.9864,
1.1319 -1.3117 0.9856,
1.2303 -1.3117 0.9856,
1.1319 -1.3134 0.9850,
1.2303 -1.3134 0.9850,
1.1319 -1.3152 0.9846,
1.2303 -1.3152 0.9846,
1.1319 -1.3170 0.9843,
1.2303 -1.3170 0.9843,
1.1319 -1.3189 0.9843,
1.2303 -1.3189 0.9843,
1.1319 -1.3207 0.9843,
1.2303 -1.3207 0.9843,
1.1319 -1.3225 0.9846,
1.2303 -1.3225 0.9846,
1.1319 -1.3243 0.9850,
1.2303 -1.3243 0.9850,
1.1319 -1.3260 0.9856,
1.2303 -1.3260 0.9856,
1.1319 -1.3277 0.9863,
1.2303 -1.3277 0.9863,
1.2303 -1.3293 0.9872,
1.1319 -1.3293 0.9872,
1.1319 -1.3243 0.9850,
1.1319 -1.3277 0.9863,
1.1319 -1.3293 0.9872,
1.1319 -1.3260 0.9856,
1.1319 -1.3207 0.9843,
1.1319 -1.3225 0.9846,
1.1319 -1.3170 0.9843,
1.1319 -1.3189 0.9843,
1.1319 -1.3117 0.9856,
1.1319 -1.3152 0.9846,
1.1319 -1.3134 0.9850,
1.1319 -1.3084 0.9873,
1.1319 -1.3100 0.9864,
1.1319 -1.2008 1.0547,
1.1319 -1.4827 1.0827,
1.1319 -1.1945 1.0585,
1.1319 -1.1880 1.0619,
1.1319 -1.1814 1.0651,
1.1319 -1.1746 1.0679,
1.1319 -1.1677 1.0704,
1.1319 -1.1607 1.0726,
1.1319 -0.6627 1.0787,
1.1319 -1.1172 1.0787,
1.1319 -0.6693 1.0827,
1.1319 -1.1245 1.0786,
1.1319 -1.1318 1.0781,
1.1319 -1.1391 1.0772,
1.1319 -1.1464 1.0760,
1.1319 -1.1536 1.0745,
1.1319 -1.5906 0.5525,
1.1319 -1.5921 0.5490,
1.1319 -1.5914 0.5508,
1.1319 -1.5878 0.5573,
1.1319 -1.5898 0.5541,
1.1319 -1.5888 0.5557,
1.1319 -1.5927 0.5472,
1.1319 -1.5856 0.5603,
1.1319 -1.5868 0.5589,
1.1319 -1.5831 0.5631,
1.1319 -1.5844 0.5617,
1.1319 -1.5758 0.5689,
1.1319 -1.5789 0.5668,
1.1319 -1.5774 0.5679,
1.1319 -1.5804 0.5656,
1.1319 -1.5818 0.5644,
1.1319 -1.5742 0.5699,
1.1319 -1.3250 0.7077,
1.1319 -1.3284 0.7062,
1.1319 -1.3267 0.7070,
1.1319 -1.3231 0.7082,
1.1319 -1.3194 0.7087,
1.1319 -1.3213 0.7085,
1.1319 -1.3156 0.7084,
1.1319 -1.3175 0.7086,
1.1319 -1.3102 0.7066,
1.1319 -1.3137 0.7080,
1.1319 -1.3119 0.7074,
1.1319 -1.3085 0.7057,
1.1319 -1.2247 0.6535,
1.1319 -0.5748 0.6535,
1.1319 -0.5709 0.5945,
1.1319 -0.6417 0.5472,
1.1319 -0.5709 0.6569,
1.1319 -0.0984 -0.0197,
1.1319 0.0984 -0.3523,
1.1319 -0.0984 -0.3523,
1.1319 0.0591 0.0984,
1.1319 -0.1656 0.0582,
1.1319 -0.1694 0.0587,
1.1319 -0.1618 0.0575,
1.1319 -0.1580 0.0567,
1.1319 -0.1543 0.0557,
1.1319 -0.1506 0.0545,
1.1319 -0.1470 0.0531,
1.1319 -0.1435 0.0515,
1.1319 -0.1400 0.0498,
1.1319 -0.1367 0.0479,
1.1319 -0.1334 0.0458,
1.1319 -0.1303 0.0436,
1.1319 -0.1272 0.0412,
1.1319 -0.1243 0.0387,
1.1319 -0.1215 0.0360,
1.1319 -0.1188 0.0332,
1.1319 -0.1163 0.0303,
1.1319 -0.1139 0.0272,
1.1319 -0.1117 0.0241,
1.1319 -0.1096 0.0208,
1.1319 -0.1077 0.0174,
1.1319 -0.1060 0.0140,
1.1319 -0.1044 0.0104,
1.1319 -0.1030 0.0068,
1.1319 -0.1018 0.0032,
1.1319 -0.1008 -0.0006,
1.1319 -0.0999 -0.0043,
1.1319 -0.0993 -0.0081,
1.1319 -0.0988 -0.0120,
1.1319 -0.0985 -0.0158,
1.1319 -1.2913 0.0984,
1.1319 -0.1772 0.0591,
1.1319 -0.1733 0.0590,
1.1319 -1.2480 0.0591,
1.1319 0.0591 0.8504,
1.1319 0.0984 0.8110,
1.2303 -1.3084 0.9873,
1.1319 -1.2008 1.0547,
1.2303 -1.2008 1.0547,
1.1319 -1.3084 0.9873,
1.1319 -1.2008 1.0547,
1.1319 -1.1945 1.0585,
1.2303 -1.2008 1.0547,
1.2303 -1.1945 1.0585,
1.1319 -1.1880 1.0619,
1.2303 -1.1880 1.0619,
1.1319 -1.1814 1.0651,
1.2303 -1.1814 1.0651,
1.1319 -1.1746 1.0679,
1.2303 -1.1746 1.0679,
1.1319 -1.1677 1.0704,
1.2303 -1.1677 1.0704,
1.1319 -1.1607 1.0726,
1.2303 -1.1607 1.0726,
1.1319 -1.1536 1.0745,
1.2303 -1.1536 1.0745,
1.1319 -1.1464 1.0760,
1.2303 -1.1464 1.0760,
1.1319 -1.1391 1.0772,
1.2303 -1.1391 1.0772,
1.1319 -1.1318 1.0781,
1.2303 -1.1318 1.0781,
1.1319 -1.1245 1.0786,
1.2303 -1.1245 1.0786,
1.1319 -1.1172 1.0787,
1.2303 -1.1172 1.0787,
1.1319 -1.1172 1.0787,
1.2303 -0.6627 1.0787,
1.2303 -1.1172 1.0787,
1.1319 -0.6627 1.0787,
1.2303 -0.5709 0.6569,
1.1319 -0.5748 0.6535,
1.2303 -0.5748 0.6535,
1.1319 -0.5709 0.6569,
1.1319 -1.2247 0.6535,
1.2303 -1.2247 0.6535,
1.2303 -0.5748 0.6535,
1.1319 -0.5748 0.6535,
1.1319 -1.3085 0.7057,
1.2303 -1.3085 0.7057,
1.2303 -1.2247 0.6535,
1.1319 -1.2247 0.6535,
1.1319 -1.3267 0.7070,
1.1319 -1.3284 0.7062,
1.2303 -1.3284 0.7062,
1.2303 -1.3267 0.7070,
1.1319 -1.3250 0.7077,
1.2303 -1.3250 0.7077,
1.1319 -1.3231 0.7082,
1.2303 -1.3231 0.7082,
1.1319 -1.3213 0.7085,
1.2303 -1.3213 0.7085,
1.1319 -1.3194 0.7087,
1.2303 -1.3194 0.7087,
1.1319 -1.3175 0.7086,
1.2303 -1.3175 0.7086,
1.1319 -1.3156 0.7084,
1.2303 -1.3156 0.7084,
1.1319 -1.3137 0.7080,
1.2303 -1.3137 0.7080,
1.1319 -1.3119 0.7074,
1.2303 -1.3119 0.7074,
1.1319 -1.3102 0.7066,
1.2303 -1.3102 0.7066,
1.2303 -1.3085 0.7057,
1.1319 -1.3085 0.7057,
1.2303 -1.3284 0.7062,
1.1319 -1.5742 0.5699,
1.2303 -1.5742 0.5699,
1.1319 -1.3284 0.7062,
1.1319 -1.5921 0.5490,
1.2303 -1.5927 0.5472,
1.2303 -1.5921 0.5490,
1.1319 -1.5927 0.5472,
1.1319 -1.5914 0.5508,
1.2303 -1.5914 0.5508,
1.1319 -1.5906 0.5525,
1.2303 -1.5906 0.5525,
1.1319 -1.5898 0.5541,
1.2303 -1.5898 0.5541,
1.1319 -1.5888 0.5557,
1.2303 -1.5888 0.5557,
1.1319 -1.5878 0.5573,
1.2303 -1.5878 0.5573,
1.1319 -1.5868 0.5589,
1.2303 -1.5868 0.5589,
1.1319 -1.5856 0.5603,
1.2303 -1.5856 0.5603,
1.1319 -1.5844 0.5617,
1.2303 -1.5844 0.5617,
1.1319 -1.5831 0.5631,
1.2303 -1.5831 0.5631,
1.1319 -1.5818 0.5644,
1.2303 -1.5818 0.5644,
1.1319 -1.5804 0.5656,
1.2303 -1.5804 0.5656,
1.1319 -1.5789 0.5668,
1.2303 -1.5789 0.5668,
1.1319 -1.5774 0.5679,
1.2303 -1.5774 0.5679,
1.2303 -1.5758 0.5689,
1.1319 -1.5758 0.5689,
1.2303 -1.5742 0.5699,
1.1319 -1.5742 0.5699,
1.1319 0.0984 -1.1220,
1.2303 0.0984 -1.1220,
1.2303 0.0984 -1.3583,
1.1319 0.0984 -1.3583,
1.1321 0.0984 -1.1134,
1.2307 0.0984 -1.1143,
1.2304 0.0984 -1.1182,
1.1327 0.0984 -1.1047,
1.2312 0.0984 -1.1105,
1.1338 0.0984 -1.0960,
1.2318 0.0984 -1.1067,
1.1353 0.0984 -1.0875,
1.2327 0.0984 -1.1029,
1.1372 0.0984 -1.0790,
1.2337 0.0984 -1.0992,
1.1395 0.0984 -1.0706,
1.3819 0.0984 -0.6109,
1.2877 0.0984 -0.5823,
1.2882 0.0984 -0.5804,
1.3851 0.0984 -0.5978,
1.3837 0.0984 -0.6044,
1.2886 0.0984 -0.5785,
1.3863 0.0984 -0.5911,
1.2889 0.0984 -0.5766,
1.3871 0.0984 -0.5844,
1.2892 0.0984 -0.5747,
1.3876 0.0984 -0.5776,
1.2893 0.0984 -0.5728,
1.3878 0.0984 -0.5709,
1.2894 0.0984 -0.5709,
1.2893 0.0984 -0.5690,
1.3876 0.0984 -0.5644,
1.2892 0.0984 -0.5672,
1.3872 0.0984 -0.5580,
1.2890 0.0984 -0.5654,
1.3864 0.0984 -0.5516,
1.2887 0.0984 -0.5635,
1.3854 0.0984 -0.5452,
1.2883 0.0984 -0.5617,
1.3840 0.0984 -0.5389,
1.2878 0.0984 -0.5600,
1.3824 0.0984 -0.5327,
1.2873 0.0984 -0.5582,
1.3805 0.0984 -0.5266,
1.2866 0.0984 -0.5565,
1.3783 0.0984 -0.5205,
1.2859 0.0984 -0.5548,
1.3758 0.0984 -0.5146,
1.2851 0.0984 -0.5531,
1.3730 0.0984 -0.5088,
1.2843 0.0984 -0.5515,
1.3700 0.0984 -0.5031,
1.2833 0.0984 -0.5499,
1.3667 0.0984 -0.4975,
1.2823 0.0984 -0.5484,
1.3593 0.0984 -0.4870,
1.3631 0.0984 -0.4922,
1.2812 0.0984 -0.5469,
1.2303 0.0984 -0.3189,
1.1319 0.0984 -0.3523,
1.1319 0.0984 0.8110,
1.2303 0.0984 0.8110,
-0.0492 0.0984 -1.1220,
0.0492 0.0984 -1.1220,
0.0492 0.0984 -1.3583,
-0.0492 0.0984 -1.3583,
-0.0493 0.0984 -1.1182,
0.0490 0.0984 -1.1134,
-0.0496 0.0984 -1.1143,
0.0484 0.0984 -1.1047,
-0.0501 0.0984 -1.1105,
0.0473 0.0984 -1.0960,
-0.0507 0.0984 -1.1067,
0.0458 0.0984 -1.0875,
-0.0516 0.0984 -1.1029,
0.0416 0.0984 -1.0706,
0.0439 0.0984 -1.0790,
-0.0526 0.0984 -1.0992,
-0.2008 0.0984 -0.6109,
-0.1071 0.0984 -0.5804,
-0.1066 0.0984 -0.5823,
-0.2026 0.0984 -0.6044,
-0.2040 0.0984 -0.5978,
-0.1075 0.0984 -0.5785,
-0.2052 0.0984 -0.5911,
-0.1078 0.0984 -0.5766,
-0.2060 0.0984 -0.5844,
-0.1081 0.0984 -0.5747,
-0.2065 0.0984 -0.5776,
-0.1083 0.0984 -0.5709,
-0.1082 0.0984 -0.5728,
-0.2067 0.0984 -0.5709,
-0.2065 0.0984 -0.5644,
-0.1081 0.0984 -0.5672,
-0.1082 0.0984 -0.5690,
-0.2061 0.0984 -0.5580,
-0.2053 0.0984 -0.5516,
-0.1079 0.0984 -0.5654,
-0.2043 0.0984 -0.5452,
-0.1076 0.0984 -0.5635,
-0.2029 0.0984 -0.5389,
-0.1072 0.0984 -0.5617,
-0.2013 0.0984 -0.5327,
-0.1067 0.0984 -0.5600,
-0.1994 0.0984 -0.5266,
-0.1062 0.0984 -0.5582,
-0.1972 0.0984 -0.5205,
-0.1055 0.0984 -0.5565,
-0.1947 0.0984 -0.5146,
-0.1048 0.0984 -0.5548,
-0.1919 0.0984 -0.5088,
-0.1040 0.0984 -0.5531,
-0.1889 0.0984 -0.5031,
-0.1032 0.0984 -0.5515,
-0.1856 0.0984 -0.4975,
-0.1022 0.0984 -0.5499,
-0.1820 0.0984 -0.4922,
-0.1001 0.0984 -0.5469,
-0.1012 0.0984 -0.5484,
-0.1782 0.0984 -0.4870,
-0.0492 0.0984 -0.3189,
0.0492 0.0984 -0.3523,
0.0492 0.0984 0.8110,
-0.0492 0.0984 0.8110,
1.1319 0.0591 0.8504,
1.2303 0.0591 0.8504,
1.2303 0.0984 0.8110,
1.1319 0.0984 0.8110,
1.1319 -0.0984 -0.3523,
1.2812 0.0984 -0.5469,
1.2812 -0.0984 -0.5469,
1.1319 0.0984 -0.3523,
-0.0492 -0.0984 -0.3189,
0.0492 -0.0984 -0.0197,
-0.0492 -0.0984 -0.0197,
0.0492 -0.0984 -0.3523,
-0.1001 -0.0984 -0.5469,
-0.1782 -0.0984 -0.4870,
-0.1012 -0.0984 -0.5484,
-0.1820 -0.0984 -0.4922,
-0.1856 -0.0984 -0.4975,
-0.1022 -0.0984 -0.5499,
-0.1889 -0.0984 -0.5031,
-0.1032 -0.0984 -0.5515,
-0.1919 -0.0984 -0.5088,
-0.1040 -0.0984 -0.5531,
-0.1947 -0.0984 -0.5146,
-0.1048 -0.0984 -0.5548,
-0.1972 -0.0984 -0.5205,
-0.1055 -0.0984 -0.5565,
-0.1994 -0.0984 -0.5266,
-0.1062 -0.0984 -0.5582,
-0.2013 -0.0984 -0.5327,
-0.1067 -0.0984 -0.5600,
-0.1072 -0.0984 -0.5617,
-0.2029 -0.0984 -0.5389,
-0.1076 -0.0984 -0.5635,
-0.2043 -0.0984 -0.5452,
-0.1079 -0.0984 -0.5654,
-0.2053 -0.0984 -0.5516,
-0.1081 -0.0984 -0.5672,
-0.2061 -0.0984 -0.5580,
-0.1082 -0.0984 -0.5690,
-0.2065 -0.0984 -0.5644,
-0.1083 -0.0984 -0.5709,
-0.2067 -0.0984 -0.5709,
-0.1082 -0.0984 -0.5728,
-0.2065 -0.0984 -0.5776,
-0.1081 -0.0984 -0.5747,
-0.2060 -0.0984 -0.5844,
-0.1078 -0.0984 -0.5766,
-0.2052 -0.0984 -0.5911,
-0.1075 -0.0984 -0.5785,
-0.2040 -0.0984 -0.5978,
-0.1071 -0.0984 -0.5804,
-0.2026 -0.0984 -0.6044,
-0.2008 -0.0984 -0.6109,
-0.1066 -0.0984 -0.5823,
0.0416 -0.0984 -1.0706,
-0.0526 -0.0984 -1.0992,
0.0439 -0.0984 -1.0790,
-0.0516 -0.0984 -1.1029,
-0.0507 -0.0984 -1.1067,
0.0458 -0.0984 -1.0875,
0.0473 -0.0984 -1.0960,
-0.0501 -0.0984 -1.1105,
-0.0496 -0.0984 -1.1143,
0.0484 -0.0984 -1.1047,
0.0490 -0.0984 -1.1134,
-0.0493 -0.0984 -1.1182,
-0.0492 -0.0984 -1.1220,
0.0492 -0.0984 -1.1220,
0.0492 -0.0984 -1.3583,
-0.0492 -0.0984 -1.3583,
1.2303 -0.0984 -0.3189,
1.2303 -0.0984 -0.0197,
1.1319 -0.0984 -0.0197,
1.1319 -0.0984 -0.3523,
1.2812 -0.0984 -0.5469,
1.3593 -0.0984 -0.4870,
1.3631 -0.0984 -0.4922,
1.2823 -0.0984 -0.5484,
1.2833 -0.0984 -0.5499,
1.3667 -0.0984 -0.4975,
1.2843 -0.0984 -0.5515,
1.3700 -0.0984 -0.5031,
1.2851 -0.0984 -0.5531,
1.3730 -0.0984 -0.5088,
1.2859 -0.0984 -0.5548,
1.3758 -0.0984 -0.5146,
1.2866 -0.0984 -0.5565,
1.3783 -0.0984 -0.5205,
1.2873 -0.0984 -0.5582,
1.3805 -0.0984 -0.5266,
1.2878 -0.0984 -0.5600,
1.3824 -0.0984 -0.5327,
1.2883 -0.0984 -0.5617,
1.3840 -0.0984 -0.5389,
1.2887 -0.0984 -0.5635,
1.3854 -0.0984 -0.5452,
1.2890 -0.0984 -0.5654,
1.3864 -0.0984 -0.5516,
1.3872 -0.0984 -0.5580,
1.2892 -0.0984 -0.5672,
1.2893 -0.0984 -0.5690,
1.3876 -0.0984 -0.5644,
1.3878 -0.0984 -0.5709,
1.2894 -0.0984 -0.5709,
1.3876 -0.0984 -0.5776,
1.2893 -0.0984 -0.5728,
1.2892 -0.0984 -0.5747,
1.3871 -0.0984 -0.5844,
1.2889 -0.0984 -0.5766,
1.3863 -0.0984 -0.5911,
1.2886 -0.0984 -0.5785,
1.3851 -0.0984 -0.5978,
1.2882 -0.0984 -0.5804,
1.3837 -0.0984 -0.6044,
1.3819 -0.0984 -0.6109,
1.2877 -0.0984 -0.5823,
1.1395 -0.0984 -1.0706,
1.2337 -0.0984 -1.0992,
1.2327 -0.0984 -1.1029,
1.1372 -0.0984 -1.0790,
1.1353 -0.0984 -1.0875,
1.2318 -0.0984 -1.1067,
1.1338 -0.0984 -1.0960,
1.2312 -0.0984 -1.1105,
1.1327 -0.0984 -1.1047,
1.2307 -0.0984 -1.1143,
1.1321 -0.0984 -1.1134,
1.2304 -0.0984 -1.1182,
1.1319 -0.0984 -1.1220,
1.2303 -0.0984 -1.1220,
1.2303 -0.0984 -1.3583,
1.1319 -0.0984 -1.3583,
-0.0492 -0.1772 0.0591,
-0.0492 -0.1733 0.0590,
0.0492 -0.1772 0.0591,
0.0492 -0.1733 0.0590,
-0.0492 -0.1694 0.0587,
0.0492 -0.1694 0.0587,
-0.0492 -0.1656 0.0582,
0.0492 -0.1656 0.0582,
-0.0492 -0.1618 0.0575,
0.0492 -0.1618 0.0575,
-0.0492 -0.1580 0.0567,
0.0492 -0.1580 0.0567,
-0.0492 -0.1543 0.0557,
0.0492 -0.1543 0.0557,
-0.0492 -0.1506 0.0545,
0.0492 -0.1506 0.0545,
-0.0492 -0.1470 0.0531,
0.0492 -0.1470 0.0531,
-0.0492 -0.1435 0.0515,
0.0492 -0.1435 0.0515,
-0.0492 -0.1400 0.0498,
0.0492 -0.1400 0.0498,
-0.0492 -0.1367 0.0479,
0.0492 -0.1367 0.0479,
-0.0492 -0.1334 0.0458,
0.0492 -0.1334 0.0458,
-0.0492 -0.1303 0.0436,
0.0492 -0.1303 0.0436,
-0.0492 -0.1272 0.0412,
0.0492 -0.1272 0.0412,
-0.0492 -0.1243 0.0387,
0.0492 -0.1243 0.0387,
-0.0492 -0.1215 0.0360,
0.0492 -0.1215 0.0360,
0.0492 -0.1188 0.0332,
-0.0492 -0.1188 0.0332,
-0.0492 -0.1163 0.0303,
0.0492 -0.1163 0.0303,
-0.0492 -0.1139 0.0272,
0.0492 -0.1139 0.0272,
0.0492 -0.1117 0.0241,
-0.0492 -0.1117 0.0241,
-0.0492 -0.1096 0.0208,
0.0492 -0.1096 0.0208,
-0.0492 -0.1077 0.0174,
0.0492 -0.1077 0.0174,
-0.0492 -0.1060 0.0140,
0.0492 -0.1060 0.0140,
-0.0492 -0.1044 0.0104,
0.0492 -0.1044 0.0104,
-0.0492 -0.1030 0.0068,
0.0492 -0.1030 0.0068,
-0.0492 -0.1018 0.0032,
0.0492 -0.1018 0.0032,
0.0492 -0.1008 -0.0006,
-0.0492 -0.1008 -0.0006,
-0.0492 -0.0999 -0.0043,
0.0492 -0.0999 -0.0043,
0.0492 -0.0993 -0.0081,
-0.0492 -0.0993 -0.0081,
-0.0492 -0.0988 -0.0120,
0.0492 -0.0988 -0.0120,
-0.0492 -0.0985 -0.0158,
0.0492 -0.0985 -0.0158,
-0.0492 -0.0984 -0.0197,
0.0492 -0.0984 -0.0197,
-0.0492 -1.2480 0.0591,
-0.0492 -0.1772 0.0591,
0.0492 -0.1772 0.0591,
0.0492 -1.2480 0.0591,
-0.0492 -1.2913 0.0984,
-0.0492 -1.2480 0.0591,
0.0492 -1.2480 0.0591,
0.0492 -1.2913 0.0984,
0.0492 -0.0984 -0.3523,
-0.1001 -0.0984 -0.5469,
-0.1001 0.0984 -0.5469,
0.0492 0.0984 -0.3523,
-0.1066 -0.0984 -0.5823,
-0.1066 0.0984 -0.5823,
-0.1071 -0.0984 -0.5804,
-0.1071 0.0984 -0.5804,
-0.1075 -0.0984 -0.5785,
-0.1075 0.0984 -0.5785,
-0.1078 -0.0984 -0.5766,
-0.1078 0.0984 -0.5766,
-0.1081 -0.0984 -0.5747,
-0.1081 0.0984 -0.5747,
-0.1082 -0.0984 -0.5728,
-0.1082 0.0984 -0.5728,
-0.1083 -0.0984 -0.5709,
-0.1083 0.0984 -0.5709,
-0.1066 0.0984 -0.5823,
-0.1066 -0.0984 -0.5823,
0.0416 -0.0984 -1.0706,
0.0416 0.0984 -1.0706,
0.0439 0.0984 -1.0790,
0.0416 0.0984 -1.0706,
0.0416 -0.0984 -1.0706,
0.0439 -0.0984 -1.0790,
0.0458 0.0984 -1.0875,
0.0458 -0.0984 -1.0875,
0.0473 0.0984 -1.0960,
0.0473 -0.0984 -1.0960,
0.0484 0.0984 -1.1047,
0.0484 -0.0984 -1.1047,
0.0490 0.0984 -1.1134,
0.0490 -0.0984 -1.1134,
0.0492 0.0984 -1.1220,
0.0492 -0.0984 -1.1220,
0.0492 0.0984 -1.1220,
0.0492 -0.0984 -1.1220,
0.0492 -0.0984 -1.3583,
0.0492 0.0984 -1.3583,
-0.0492 -0.0984 -1.3583,
0.0492 0.0984 -1.3583,
0.0492 -0.0984 -1.3583,
-0.0492 0.0984 -1.3583,
-0.0492 0.0984 -1.1220,
-0.0492 0.0984 -1.3583,
-0.0492 -0.0984 -1.3583,
-0.0492 -0.0984 -1.1220,
-0.0526 -0.0984 -1.0992,
-0.0526 0.0984 -1.0992,
-0.0516 -0.0984 -1.1029,
-0.0516 0.0984 -1.1029,
-0.0507 -0.0984 -1.1067,
-0.0507 0.0984 -1.1067,
-0.0501 -0.0984 -1.1105,
-0.0501 0.0984 -1.1105,
-0.0496 -0.0984 -1.1143,
-0.0496 0.0984 -1.1143,
-0.0493 -0.0984 -1.1182,
-0.0493 0.0984 -1.1182,
-0.0492 -0.0984 -1.1220,
-0.0492 0.0984 -1.1220,
-0.2008 -0.0984 -0.6109,
-0.0526 0.0984 -1.0992,
-0.0526 -0.0984 -1.0992,
-0.2008 0.0984 -0.6109,
-0.0492 -0.0984 -0.3189,
-0.1782 0.0984 -0.4870,
-0.1782 -0.0984 -0.4870,
-0.0492 0.0984 -0.3189,
1.1319 -0.1772 0.0591,
1.1319 -0.1733 0.0590,
1.2303 -0.1772 0.0591,
1.2303 -0.1733 0.0590,
1.1319 -0.1694 0.0587,
1.2303 -0.1694 0.0587,
1.1319 -0.1656 0.0582,
1.2303 -0.1656 0.0582,
1.1319 -0.1618 0.0575,
1.2303 -0.1618 0.0575,
1.1319 -0.1580 0.0567,
1.2303 -0.1580 0.0567,
1.1319 -0.1543 0.0557,
1.2303 -0.1543 0.0557,
1.1319 -0.1506 0.0545,
1.2303 -0.1506 0.0545,
1.1319 -0.1470 0.0531,
1.2303 -0.1470 0.0531,
1.1319 -0.1435 0.0515,
1.2303 -0.1435 0.0515,
1.1319 -0.1400 0.0498,
1.2303 -0.1400 0.0498,
1.1319 -0.1367 0.0479,
1.2303 -0.1367 0.0479,
1.1319 -0.1334 0.0458,
1.2303 -0.1334 0.0458,
1.1319 -0.1303 0.0436,
1.2303 -0.1303 0.0436,
1.1319 -0.1272 0.0412,
1.2303 -0.1272 0.0412,
1.1319 -0.1243 0.0387,
1.2303 -0.1243 0.0387,
1.1319 -0.1215 0.0360,
1.2303 -0.1215 0.0360,
1.2303 -0.1188 0.0332,
1.1319 -0.1188 0.0332,
1.1319 -0.1163 0.0303,
1.2303 -0.1163 0.0303,
1.1319 -0.1139 0.0272,
1.2303 -0.1139 0.0272,
1.2303 -0.1117 0.0241,
1.1319 -0.1117 0.0241,
1.1319 -0.1096 0.0208,
1.2303 -0.1096 0.0208,
1.1319 -0.1077 0.0174,
1.2303 -0.1077 0.0174,
1.1319 -0.1060 0.0140,
1.2303 -0.1060 0.0140,
1.1319 -0.1044 0.0104,
1.2303 -0.1044 0.0104,
1.1319 -0.1030 0.0068,
1.2303 -0.1030 0.0068,
1.1319 -0.1018 0.0032,
1.2303 -0.1018 0.0032,
1.1319 -0.1008 -0.0006,
1.2303 -0.1008 -0.0006,
1.1319 -0.0999 -0.0043,
1.2303 -0.0999 -0.0043,
1.2303 -0.0993 -0.0081,
1.1319 -0.0993 -0.0081,
1.2303 -0.0988 -0.0120,
1.1319 -0.0988 -0.0120,
1.1319 -0.0985 -0.0158,
1.2303 -0.0985 -0.0158,
1.1319 -0.0984 -0.0197,
1.2303 -0.0984 -0.0197,
1.1319 -1.2480 0.0591,
1.1319 -0.1772 0.0591,
1.2303 -0.1772 0.0591,
1.2303 -1.2480 0.0591,
1.1319 -1.2913 0.0984,
1.1319 -1.2480 0.0591,
1.2303 -1.2480 0.0591,
1.2303 -1.2913 0.0984,
1.2303 0.0984 -0.3189,
1.2303 -0.0984 -0.3189,
1.3593 -0.0984 -0.4870,
1.3593 0.0984 -0.4870,
1.3819 -0.0984 -0.6109,
1.2337 -0.0984 -1.0992,
1.2337 0.0984 -1.0992,
1.3819 0.0984 -0.6109,
1.2303 -0.0984 -1.1220,
1.2303 0.0984 -1.1220,
1.2304 -0.0984 -1.1182,
1.2304 0.0984 -1.1182,
1.2307 -0.0984 -1.1143,
1.2307 0.0984 -1.1143,
1.2312 -0.0984 -1.1105,
1.2312 0.0984 -1.1105,
1.2318 -0.0984 -1.1067,
1.2318 0.0984 -1.1067,
1.2327 -0.0984 -1.1029,
1.2327 0.0984 -1.1029,
1.2337 -0.0984 -1.0992,
1.2337 0.0984 -1.0992,
1.2303 0.0984 -1.1220,
1.2303 -0.0984 -1.1220,
1.2303 -0.0984 -1.3583,
1.2303 0.0984 -1.3583,
1.1319 -0.0984 -1.3583,
1.2303 0.0984 -1.3583,
1.2303 -0.0984 -1.3583,
1.1319 0.0984 -1.3583,
1.1319 0.0984 -1.1220,
1.1319 0.0984 -1.3583,
1.1319 -0.0984 -1.3583,
1.1319 -0.0984 -1.1220,
1.1321 0.0984 -1.1134,
1.1319 0.0984 -1.1220,
1.1319 -0.0984 -1.1220,
1.1321 -0.0984 -1.1134,
1.1327 -0.0984 -1.1047,
1.1327 0.0984 -1.1047,
1.1338 -0.0984 -1.0960,
1.1338 0.0984 -1.0960,
1.1353 -0.0984 -1.0875,
1.1353 0.0984 -1.0875,
1.1372 -0.0984 -1.0790,
1.1372 0.0984 -1.0790,
1.1395 -0.0984 -1.0706,
1.1395 0.0984 -1.0706,
1.2877 0.0984 -0.5823,
1.1395 0.0984 -1.0706,
1.1395 -0.0984 -1.0706,
1.2877 -0.0984 -0.5823,
1.2894 -0.0984 -0.5709,
1.2894 0.0984 -0.5709,
1.2893 -0.0984 -0.5728,
1.2893 0.0984 -0.5728,
1.2892 -0.0984 -0.5747,
1.2892 0.0984 -0.5747,
1.2889 -0.0984 -0.5766,
1.2889 0.0984 -0.5766,
1.2886 -0.0984 -0.5785,
1.2886 0.0984 -0.5785,
1.2882 -0.0984 -0.5804,
1.2882 0.0984 -0.5804,
1.2877 -0.0984 -0.5823,
1.2877 0.0984 -0.5823,
-0.0492 0.0591 0.8504,
0.0492 0.0591 0.8504,
0.0492 0.0984 0.8110,
-0.0492 0.0984 0.8110,
0.5413 -1.4827 1.0827,
0.5413 -1.3293 0.9872,
0.6398 -1.3293 0.9872,
0.6398 -1.4827 1.0827,
0.5413 -1.3100 0.9864,
0.5413 -1.3084 0.9873,
0.6398 -1.3084 0.9873,
0.6398 -1.3100 0.9864,
0.5413 -1.3117 0.9856,
0.6398 -1.3117 0.9856,
0.5413 -1.3134 0.9850,
0.6398 -1.3134 0.9850,
0.5413 -1.3152 0.9846,
0.6398 -1.3152 0.9846,
0.5413 -1.3170 0.9843,
0.6398 -1.3170 0.9843,
0.5413 -1.3189 0.9843,
0.6398 -1.3189 0.9843,
0.5413 -1.3207 0.9843,
0.6398 -1.3207 0.9843,
0.6398 -1.3225 0.9846,
0.5413 -1.3225 0.9846,
0.5413 -1.3243 0.9850,
0.6398 -1.3243 0.9850,
0.5413 -1.3260 0.9856,
0.6398 -1.3260 0.9856,
0.5413 -1.3277 0.9863,
0.6398 -1.3277 0.9863,
0.6398 -1.3293 0.9872,
0.5413 -1.3293 0.9872,
0.6398 -1.3084 0.9873,
0.5413 -1.2008 1.0547,
0.6398 -1.2008 1.0547,
0.5413 -1.3084 0.9873,
0.5413 -1.2008 1.0547,
0.5413 -1.1945 1.0585,
0.6398 -1.2008 1.0547,
0.6398 -1.1945 1.0585,
0.5413 -1.1880 1.0619,
0.6398 -1.1880 1.0619,
0.5413 -1.1814 1.0651,
0.6398 -1.1814 1.0651,
0.5413 -1.1746 1.0679,
0.6398 -1.1746 1.0679,
0.5413 -1.1677 1.0704,
0.6398 -1.1677 1.0704,
0.5413 -1.1607 1.0726,
0.6398 -1.1607 1.0726,
0.5413 -1.1536 1.0745,
0.6398 -1.1536 1.0745,
0.5413 -1.1464 1.0760,
0.6398 -1.1464 1.0760,
0.5413 -1.1391 1.0772,
0.6398 -1.1391 1.0772,
0.5413 -1.1318 1.0781,
0.6398 -1.1318 1.0781,
0.5413 -1.1245 1.0786,
0.6398 -1.1245 1.0786,
0.5413 -1.1172 1.0787,
0.6398 -1.1172 1.0787,
0.5413 -1.1172 1.0787,
0.6398 -0.6627 1.0787,
0.6398 -1.1172 1.0787,
0.5413 -0.6627 1.0787,
-0.0492 -1.4827 1.0827,
-0.0492 -1.3293 0.9872,
0.0492 -1.3293 0.9872,
0.0492 -1.4827 1.0827,
-0.0492 -1.3100 0.9864,
-0.0492 -1.3084 0.9873,
0.0492 -1.3084 0.9873,
0.0492 -1.3100 0.9864,
-0.0492 -1.3117 0.9856,
0.0492 -1.3117 0.9856,
-0.0492 -1.3134 0.9850,
0.0492 -1.3134 0.9850,
-0.0492 -1.3152 0.9846,
0.0492 -1.3152 0.9846,
-0.0492 -1.3170 0.9843,
0.0492 -1.3170 0.9843,
-0.0492 -1.3189 0.9843,
0.0492 -1.3189 0.9843,
-0.0492 -1.3207 0.9843,
0.0492 -1.3207 0.9843,
-0.0492 -1.3225 0.9846,
0.0492 -1.3225 0.9846,
-0.0492 -1.3243 0.9850,
0.0492 -1.3243 0.9850,
-0.0492 -1.3260 0.9856,
0.0492 -1.3260 0.9856,
-0.0492 -1.3277 0.9863,
0.0492 -1.3277 0.9863,
0.0492 -1.3293 0.9872,
-0.0492 -1.3293 0.9872,
0.0492 -1.3084 0.9873,
-0.0492 -1.2008 1.0547,
0.0492 -1.2008 1.0547,
-0.0492 -1.3084 0.9873,
-0.0492 -1.2008 1.0547,
-0.0492 -1.1945 1.0585,
0.0492 -1.2008 1.0547,
0.0492 -1.1945 1.0585,
-0.0492 -1.1880 1.0619,
0.0492 -1.1880 1.0619,
-0.0492 -1.1814 1.0651,
0.0492 -1.1814 1.0651,
-0.0492 -1.1746 1.0679,
0.0492 -1.1746 1.0679,
-0.0492 -1.1677 1.0704,
0.0492 -1.1677 1.0704,
-0.0492 -1.1607 1.0726,
0.0492 -1.1607 1.0726,
-0.0492 -1.1536 1.0745,
0.0492 -1.1536 1.0745,
-0.0492 -1.1464 1.0760,
0.0492 -1.1464 1.0760,
-0.0492 -1.1391 1.0772,
0.0492 -1.1391 1.0772,
-0.0492 -1.1318 1.0781,
0.0492 -1.1318 1.0781,
-0.0492 -1.1245 1.0786,
0.0492 -1.1245 1.0786,
-0.0492 -1.1172 1.0787,
0.0492 -1.1172 1.0787,
-0.0492 -1.1172 1.0787,
0.0492 -0.6627 1.0787,
0.0492 -1.1172 1.0787,
-0.0492 -0.6627 1.0787,
1.8209 -1.5742 0.5699,
1.8209 -1.5758 0.5689,
1.8209 -1.5774 0.5679,
1.8209 -1.5789 0.5668,
1.8209 -1.5804 0.5656,
1.8209 -1.5818 0.5644,
1.8209 -1.5831 0.5631,
1.8209 -1.5844 0.5617,
1.8209 -1.5856 0.5603,
1.8209 -1.5868 0.5589,
1.8209 -1.5878 0.5573,
1.8209 -1.5888 0.5557,
1.8209 -1.5898 0.5541,
1.8209 -1.5906 0.5525,
1.8209 -1.5914 0.5508,
1.8209 -1.5921 0.5490,
1.8209 -1.5927 0.5472,
1.8209 -1.3231 0.7082,
1.8209 -1.3250 0.7077,
1.8209 -1.3267 0.7070,
1.8209 -1.3194 0.7087,
1.8209 -1.3213 0.7085,
1.8209 -1.3175 0.7086,
1.8209 -1.3156 0.7084,
1.8209 -1.3119 0.7074,
1.8209 -1.3137 0.7080,
1.8209 -1.3085 0.7057,
1.8209 -1.3102 0.7066,
1.8209 -1.3284 0.7062,
1.8209 -1.2247 0.6535,
1.8209 -0.6417 0.5472,
1.8209 -0.7126 0.6535,
1.8209 -0.5709 0.5945,
1.8209 -0.6159 0.7349,
1.8209 -0.6111 0.7383,
1.8209 -0.6128 0.7372,
1.8209 -0.6144 0.7361,
1.8209 -0.6077 0.7402,
1.8209 -0.6094 0.7393,
1.8209 -0.6059 0.7410,
1.8209 -0.6022 0.7423,
1.8209 -0.6040 0.7417,
1.8209 -0.5984 0.7433,
1.8209 -0.6003 0.7429,
1.8209 -0.5945 0.7439,
1.8209 -0.5964 0.7437,
1.8209 -0.5906 0.7441,
1.8209 -0.5925 0.7440,
1.8209 -0.5709 0.7441,
1.8209 -1.3243 0.9850,
1.8209 -1.3277 0.9863,
1.8209 -1.3260 0.9856,
1.8209 -1.3170 0.9843,
1.8209 -1.3207 0.9843,
1.8209 -1.3189 0.9843,
1.8209 -1.3152 0.9846,
1.8209 -1.3100 0.9864,
1.8209 -1.3293 0.9872,
1.8209 -1.3225 0.9846,
1.8209 -1.3134 0.9850,
1.8209 -1.3117 0.9856,
1.8209 -1.3084 0.9873,
1.8209 -1.2008 1.0547,
1.8209 -1.4827 1.0827,
1.8209 -1.1945 1.0585,
1.8209 -1.1880 1.0619,
1.8209 -1.1814 1.0651,
1.8209 -1.1746 1.0679,
1.8209 -1.1677 1.0704,
1.8209 -0.6627 1.0787,
1.8209 -0.6693 1.0827,
1.8209 -1.1172 1.0787,
1.8209 -1.1245 1.0786,
1.8209 -1.1318 1.0781,
1.8209 -1.1391 1.0772,
1.8209 -1.1464 1.0760,
1.8209 -1.1536 1.0745,
1.8209 -1.1607 1.0726,
1.8209 -1.5005 -1.3388,
1.8209 -1.4985 -1.3409,
1.8209 -1.4964 -1.3429,
1.8209 -1.5058 -1.3320,
1.8209 -1.5042 -1.3344,
1.8209 -1.5024 -1.3366,
1.8209 -1.4871 -1.3499,
1.8209 -1.4942 -1.3448,
1.8209 -1.4919 -1.3466,
1.8209 -1.4895 -1.3483,
1.8209 -1.4820 -1.3526,
1.8209 -1.4846 -1.3513,
1.8209 -1.4766 -1.3548,
1.8209 -1.4793 -1.3538,
1.8209 -1.4596 -1.3582,
1.8209 -1.4654 -1.3576,
1.8209 -1.4625 -1.3580,
1.8209 -1.4538 -1.3582,
1.8209 -1.4567 -1.3583,
1.8209 -1.4480 -1.3576,
1.8209 -1.4509 -1.3580,
1.8209 -1.4395 -1.3557,
1.8209 -1.4452 -1.3571,
1.8209 -1.4423 -1.3565,
1.8209 -1.4215 -1.3466,
1.8209 -1.4263 -1.3499,
1.8209 -1.4239 -1.3483,
1.8209 -1.4046 -1.3270,
1.8209 -1.5551 -1.2402,
1.8209 -1.5088 -1.3270,
1.8209 -1.5074 -1.3295,
1.8209 -1.4738 -1.3557,
1.8209 -1.4711 -1.3565,
1.8209 -1.4682 -1.3571,
1.8209 -1.4368 -1.3548,
1.8209 -1.4341 -1.3538,
1.8209 -1.4314 -1.3526,
1.8209 -1.4288 -1.3513,
1.8209 -1.4192 -1.3448,
1.8209 -1.4170 -1.3429,
1.8209 -1.4149 -1.3409,
1.8209 -1.4129 -1.3388,
1.8209 -1.4110 -1.3366,
1.8209 -1.4092 -1.3344,
1.8209 -1.4076 -1.3320,
1.8209 -1.4060 -1.3295,
1.8209 -1.3583 -1.2402,
1.8209 -1.3780 -0.0197,
1.8209 -1.5551 -0.0197,
1.8209 -1.3582 0.0216,
1.8209 -1.3583 0.0197,
1.8209 -1.3581 0.0235,
1.8209 -1.3578 0.0255,
1.8209 -1.3780 0.0984,
1.8209 -1.3575 0.0274,
1.8209 -1.3571 0.0293,
1.8209 -1.3566 0.0311,
1.8209 -1.3560 0.0329,
1.8209 -1.3553 0.0348,
1.8209 -1.3545 0.0365,
1.8209 -1.3536 0.0382,
1.8209 -1.3527 0.0399,
1.8209 -1.3516 0.0416,
1.8209 -1.3505 0.0431,
1.8209 -1.3493 0.0447,
1.8209 -1.3481 0.0461,
1.8209 -1.3467 0.0475,
1.8209 -1.3453 0.0489,
1.8209 -1.3439 0.0501,
1.8209 -1.3424 0.0513,
1.8209 -1.3408 0.0524,
1.8209 -1.3391 0.0535,
1.8209 -1.3375 0.0544,
1.8209 -1.3357 0.0553,
1.8209 -1.3340 0.0561,
1.8209 -1.3322 0.0568,
1.8209 -1.3303 0.0574,
1.8209 -1.3285 0.0579,
1.8209 -1.3266 0.0583,
1.8209 -1.3247 0.0586,
1.8209 -1.3228 0.0589,
1.8209 -1.3208 0.0590,
1.8209 -1.3189 0.0591,
1.8209 0.0591 0.0984,
1.8209 0.0591 0.0591,
1.8209 0.0610 0.0591,
1.8209 0.0629 0.0592,
1.8209 0.0648 0.0595,
1.8209 0.0667 0.0598,
1.8209 0.0686 0.0602,
1.8209 0.0705 0.0608,
1.8209 0.0723 0.0614,
1.8209 0.0741 0.0621,
1.8209 0.0759 0.0628,
1.8209 0.0776 0.0637,
1.8209 0.0793 0.0647,
1.8209 0.0809 0.0657,
1.8209 0.0825 0.0668,
1.8209 0.0840 0.0680,
1.8209 0.0855 0.0693,
1.8209 0.0869 0.0706,
1.8209 0.0882 0.0720,
1.8209 0.0895 0.0734,
1.8209 0.0907 0.0750,
1.8209 0.0918 0.0766,
1.8209 0.0928 0.0782,
1.8209 0.0938 0.0799,
1.8209 0.0946 0.0816,
1.8209 0.0954 0.0834,
1.8209 0.0961 0.0852,
1.8209 0.0967 0.0870,
1.8209 0.0972 0.0889,
1.8209 0.0977 0.0907,
1.8209 0.0980 0.0926,
1.8209 0.0982 0.0946,
1.8209 0.0984 0.0965,
1.8209 0.0984 0.0984,
1.8209 0.0984 0.8110,
1.8209 0.0591 0.8504,
1.7224 -1.5921 0.5490,
1.8209 -1.5927 0.5472,
1.8209 -1.5921 0.5490,
1.7224 -1.5927 0.5472,
1.7224 -1.5914 0.5508,
1.8209 -1.5914 0.5508,
1.7224 -1.5906 0.5525,
1.8209 -1.5906 0.5525,
1.7224 -1.5898 0.5541,
1.8209 -1.5898 0.5541,
1.7224 -1.5888 0.5557,
1.8209 -1.5888 0.5557,
1.7224 -1.5878 0.5573,
1.8209 -1.5878 0.5573,
1.7224 -1.5868 0.5589,
1.8209 -1.5868 0.5589,
1.7224 -1.5856 0.5603,
1.8209 -1.5856 0.5603,
1.7224 -1.5844 0.5617,
1.8209 -1.5844 0.5617,
1.7224 -1.5831 0.5631,
1.8209 -1.5831 0.5631,
1.7224 -1.5818 0.5644,
1.8209 -1.5818 0.5644,
1.7224 -1.5804 0.5656,
1.8209 -1.5804 0.5656,
1.7224 -1.5789 0.5668,
1.8209 -1.5789 0.5668,
1.7224 -1.5774 0.5679,
1.8209 -1.5774 0.5679,
1.8209 -1.5758 0.5689,
1.7224 -1.5758 0.5689,
1.7224 -1.5742 0.5699,
1.8209 -1.5742 0.5699,
1.8209 -1.3284 0.7062,
1.7224 -1.5742 0.5699,
1.8209 -1.5742 0.5699,
1.7224 -1.3284 0.7062,
1.7224 -1.3267 0.7070,
1.7224 -1.3284 0.7062,
1.8209 -1.3284 0.7062,
1.8209 -1.3267 0.7070,
1.7224 -1.3250 0.7077,
1.8209 -1.3250 0.7077,
1.7224 -1.3231 0.7082,
1.8209 -1.3231 0.7082,
1.7224 -1.3213 0.7085,
1.8209 -1.3213 0.7085,
1.7224 -1.3194 0.7087,
1.8209 -1.3194 0.7087,
1.7224 -1.3175 0.7086,
1.8209 -1.3175 0.7086,
1.7224 -1.3156 0.7084,
1.8209 -1.3156 0.7084,
1.7224 -1.3137 0.7080,
1.8209 -1.3137 0.7080,
1.7224 -1.3119 0.7074,
1.8209 -1.3119 0.7074,
1.7224 -1.3102 0.7066,
1.8209 -1.3102 0.7066,
1.8209 -1.3085 0.7057,
1.7224 -1.3085 0.7057,
1.7224 -1.3085 0.7057,
1.8209 -1.3085 0.7057,
1.8209 -1.2247 0.6535,
1.7224 -1.2247 0.6535,
1.7224 -1.2247 0.6535,
1.8209 -1.2247 0.6535,
1.8209 -0.7126 0.6535,
1.7224 -0.7126 0.6535,
1.8209 -0.6159 0.7349,
1.7224 -0.7126 0.6535,
1.8209 -0.7126 0.6535,
1.7224 -0.6159 0.7349,
1.7224 -0.6144 0.7361,
1.7224 -0.6159 0.7349,
1.8209 -0.6159 0.7349,
1.8209 -0.6144 0.7361,
1.7224 -0.6128 0.7372,
1.8209 -0.6128 0.7372,
1.7224 -0.6111 0.7383,
1.8209 -0.6111 0.7383,
1.7224 -0.6094 0.7393,
1.8209 -0.6094 0.7393,
1.7224 -0.6077 0.7402,
1.8209 -0.6077 0.7402,
1.7224 -0.6059 0.7410,
1.8209 -0.6059 0.7410,
1.7224 -0.6040 0.7417,
1.8209 -0.6040 0.7417,
1.7224 -0.6022 0.7423,
1.8209 -0.6022 0.7423,
1.7224 -0.6003 0.7429,
1.8209 -0.6003 0.7429,
1.7224 -0.5984 0.7433,
1.8209 -0.5984 0.7433,
1.7224 -0.5964 0.7437,
1.8209 -0.5964 0.7437,
1.7224 -0.5945 0.7439,
1.8209 -0.5945 0.7439,
1.7224 -0.5925 0.7440,
1.8209 -0.5925 0.7440,
1.7224 -0.5906 0.7441,
1.8209 -0.5906 0.7441,
1.7224 -0.5906 0.7441,
1.8209 -0.5906 0.7441,
1.8209 -0.5709 0.7441,
1.7224 -0.5709 0.7441,
1.7224 0.0591 0.8504,
1.8209 0.0591 0.8504,
1.8209 0.0984 0.8110,
1.7224 0.0984 0.8110,
1.7224 0.0984 0.8110,
1.8209 0.0984 0.8110,
1.8209 0.0984 0.0984,
1.7224 0.0984 0.0984,
1.7224 0.0984 0.0965,
1.7224 0.0984 0.0984,
1.8209 0.0984 0.0984,
1.8209 0.0984 0.0965,
1.7224 0.0982 0.0946,
1.8209 0.0982 0.0946,
1.7224 0.0980 0.0926,
1.8209 0.0980 0.0926,
1.7224 0.0977 0.0907,
1.8209 0.0977 0.0907,
1.7224 0.0972 0.0889,
1.8209 0.0972 0.0889,
1.7224 0.0967 0.0870,
1.8209 0.0967 0.0870,
1.7224 0.0961 0.0852,
1.8209 0.0961 0.0852,
1.7224 0.0954 0.0834,
1.8209 0.0954 0.0834,
1.7224 0.0946 0.0816,
1.8209 0.0946 0.0816,
1.7224 0.0938 0.0799,
1.8209 0.0938 0.0799,
1.7224 0.0928 0.0782,
1.8209 0.0928 0.0782,
1.7224 0.0918 0.0766,
1.8209 0.0918 0.0766,
1.8209 0.0907 0.0750,
1.7224 0.0907 0.0750,
1.7224 0.0895 0.0734,
1.8209 0.0895 0.0734,
1.7224 0.0882 0.0720,
1.8209 0.0882 0.0720,
1.7224 0.0869 0.0706,
1.8209 0.0869 0.0706,
1.7224 0.0855 0.0693,
1.8209 0.0855 0.0693,
1.7224 0.0840 0.0680,
1.8209 0.0840 0.0680,
1.7224 0.0825 0.0668,
1.8209 0.0825 0.0668,
1.7224 0.0809 0.0657,
1.8209 0.0809 0.0657,
1.7224 0.0793 0.0647,
1.8209 0.0793 0.0647,
1.7224 0.0776 0.0637,
1.8209 0.0776 0.0637,
1.7224 0.0759 0.0628,
1.8209 0.0759 0.0628,
1.7224 0.0741 0.0621,
1.8209 0.0741 0.0621,
1.7224 0.0723 0.0614,
1.8209 0.0723 0.0614,
1.7224 0.0705 0.0608,
1.8209 0.0705 0.0608,
1.7224 0.0686 0.0602,
1.8209 0.0686 0.0602,
1.7224 0.0667 0.0598,
1.8209 0.0667 0.0598,
1.7224 0.0648 0.0595,
1.8209 0.0648 0.0595,
1.7224 0.0629 0.0592,
1.8209 0.0629 0.0592,
1.7224 0.0610 0.0591,
1.8209 0.0610 0.0591,
1.7224 0.0591 0.0591,
1.8209 0.0591 0.0591,
1.7224 -1.3189 0.0591,
1.7224 0.0591 0.0591,
1.8209 0.0591 0.0591,
1.8209 -1.3189 0.0591,
1.7224 -1.3583 0.0197,
1.7224 -1.3582 0.0216,
1.8209 -1.3583 0.0197,
1.8209 -1.3582 0.0216,
1.7224 -1.3581 0.0235,
1.8209 -1.3581 0.0235,
1.7224 -1.3578 0.0255,
1.8209 -1.3578 0.0255,
1.7224 -1.3575 0.0274,
1.8209 -1.3575 0.0274,
1.7224 -1.3571 0.0293,
1.8209 -1.3571 0.0293,
1.7224 -1.3566 0.0311,
1.8209 -1.3566 0.0311,
1.7224 -1.3560 0.0329,
1.8209 -1.3560 0.0329,
1.7224 -1.3553 0.0348,
1.8209 -1.3553 0.0348,
1.7224 -1.3545 0.0365,
1.8209 -1.3545 0.0365,
1.7224 -1.3536 0.0382,
1.8209 -1.3536 0.0382,
1.7224 -1.3527 0.0399,
1.8209 -1.3527 0.0399,
1.7224 -1.3516 0.0416,
1.8209 -1.3516 0.0416,
1.7224 -1.3505 0.0431,
1.8209 -1.3505 0.0431,
1.7224 -1.3493 0.0447,
1.8209 -1.3493 0.0447,
1.7224 -1.3481 0.0461,
1.8209 -1.3481 0.0461,
1.7224 -1.3467 0.0475,
1.8209 -1.3467 0.0475,
1.7224 -1.3453 0.0489,
1.8209 -1.3453 0.0489,
1.7224 -1.3439 0.0501,
1.8209 -1.3439 0.0501,
1.7224 -1.3424 0.0513,
1.8209 -1.3424 0.0513,
1.8209 -1.3408 0.0524,
1.7224 -1.3408 0.0524,
1.7224 -1.3391 0.0535,
1.8209 -1.3391 0.0535,
1.7224 -1.3375 0.0544,
1.8209 -1.3375 0.0544,
1.7224 -1.3357 0.0553,
1.8209 -1.3357 0.0553,
1.7224 -1.3340 0.0561,
1.8209 -1.3340 0.0561,
1.7224 -1.3322 0.0568,
1.8209 -1.3322 0.0568,
1.7224 -1.3303 0.0574,
1.8209 -1.3303 0.0574,
1.8209 -1.3285 0.0579,
1.7224 -1.3285 0.0579,
1.7224 -1.3266 0.0583,
1.8209 -1.3266 0.0583,
1.8209 -1.3247 0.0586,
1.7224 -1.3247 0.0586,
1.7224 -1.3228 0.0589,
1.8209 -1.3228 0.0589,
1.7224 -1.3208 0.0590,
1.8209 -1.3208 0.0590,
1.7224 -1.3189 0.0591,
1.8209 -1.3189 0.0591,
1.7224 -1.3583 0.0197,
1.8209 -1.3583 0.0197,
1.8209 -1.3583 -1.2402,
1.7224 -1.3583 -1.2402,
1.8209 -1.4046 -1.3270,
1.7224 -1.3583 -1.2402,
1.8209 -1.3583 -1.2402,
1.7224 -1.4046 -1.3270,
1.7224 -1.4060 -1.3295,
1.7224 -1.4046 -1.3270,
1.8209 -1.4046 -1.3270,
1.8209 -1.4060 -1.3295,
1.7224 -1.4076 -1.3320,
1.8209 -1.4076 -1.3320,
1.7224 -1.4092 -1.3344,
1.8209 -1.4092 -1.3344,
1.7224 -1.4110 -1.3366,
1.8209 -1.4110 -1.3366,
1.7224 -1.4129 -1.3388,
1.8209 -1.4129 -1.3388,
1.7224 -1.4149 -1.3409,
1.8209 -1.4149 -1.3409,
1.7224 -1.4170 -1.3429,
1.8209 -1.4170 -1.3429,
1.7224 -1.4192 -1.3448,
1.8209 -1.4192 -1.3448,
1.7224 -1.4215 -1.3466,
1.8209 -1.4215 -1.3466,
1.7224 -1.4239 -1.3483,
1.8209 -1.4239 -1.3483,
1.7224 -1.4263 -1.3499,
1.8209 -1.4263 -1.3499,
1.7224 -1.4288 -1.3513,
1.8209 -1.4288 -1.3513,
1.7224 -1.4314 -1.3526,
1.8209 -1.4314 -1.3526,
1.7224 -1.4341 -1.3538,
1.8209 -1.4341 -1.3538,
1.8209 -1.4368 -1.3548,
1.7224 -1.4368 -1.3548,
1.7224 -1.4395 -1.3557,
1.8209 -1.4395 -1.3557,
1.7224 -1.4423 -1.3565,
1.8209 -1.4423 -1.3565,
1.7224 -1.4452 -1.3571,
1.8209 -1.4452 -1.3571,
1.7224 -1.4480 -1.3576,
1.8209 -1.4480 -1.3576,
1.8209 -1.4509 -1.3580,
1.7224 -1.4509 -1.3580,
1.7224 -1.4538 -1.3582,
1.8209 -1.4538 -1.3582,
1.7224 -1.4567 -1.3583,
1.8209 -1.4567 -1.3583,
1.7224 -1.4596 -1.3582,
1.8209 -1.4596 -1.3582,
1.7224 -1.4625 -1.3580,
1.8209 -1.4625 -1.3580,
1.7224 -1.4654 -1.3576,
1.8209 -1.4654 -1.3576,
1.8209 -1.4682 -1.3571,
1.7224 -1.4682 -1.3571,
1.7224 -1.4711 -1.3565,
1.8209 -1.4711 -1.3565,
1.7224 -1.4738 -1.3557,
1.8209 -1.4738 -1.3557,
1.7224 -1.4766 -1.3548,
1.8209 -1.4766 -1.3548,
1.7224 -1.4793 -1.3538,
1.8209 -1.4793 -1.3538,
1.8209 -1.4820 -1.3526,
1.7224 -1.4820 -1.3526,
1.7224 -1.4846 -1.3513,
1.8209 -1.4846 -1.3513,
1.7224 -1.4871 -1.3499,
1.8209 -1.4871 -1.3499,
1.7224 -1.4895 -1.3483,
1.8209 -1.4895 -1.3483,
1.7224 -1.4919 -1.3466,
1.8209 -1.4919 -1.3466,
1.7224 -1.4942 -1.3448,
1.8209 -1.4942 -1.3448,
1.7224 -1.4964 -1.3429,
1.8209 -1.4964 -1.3429,
1.7224 -1.4985 -1.3409,
1.8209 -1.4985 -1.3409,
1.7224 -1.5005 -1.3388,
1.8209 -1.5005 -1.3388,
1.8209 -1.5024 -1.3366,
1.7224 -1.5024 -1.3366,
1.7224 -1.5042 -1.3344,
1.8209 -1.5042 -1.3344,
1.8209 -1.5058 -1.3320,
1.7224 -1.5058 -1.3320,
1.7224 -1.5074 -1.3295,
1.8209 -1.5074 -1.3295,
1.7224 -1.5088 -1.3270,
1.8209 -1.5088 -1.3270,
1.8209 -1.5088 -1.3270,
1.8209 -1.5551 -1.2402,
1.7224 -1.5551 -1.2402,
1.7224 -1.5088 -1.3270,
1.8209 -1.5551 -1.2402,
1.7224 -1.5551 -0.0197,
1.7224 -1.5551 -1.2402,
1.8209 -1.5551 -0.0197,
0.5413 -0.5906 0.7441,
0.6398 -0.5906 0.7441,
0.6398 -0.5709 0.7441,
0.5413 -0.5709 0.7441,
0.5413 -0.6144 0.7361,
0.5413 -0.6159 0.7349,
0.6398 -0.6159 0.7349,
0.6398 -0.6144 0.7361,
0.5413 -0.6128 0.7372,
0.6398 -0.6128 0.7372,
0.5413 -0.6111 0.7383,
0.6398 -0.6111 0.7383,
0.5413 -0.6094 0.7393,
0.6398 -0.6094 0.7393,
0.5413 -0.6077 0.7402,
0.6398 -0.6077 0.7402,
0.5413 -0.6059 0.7410,
0.6398 -0.6059 0.7410,
0.5413 -0.6040 0.7417,
0.6398 -0.6040 0.7417,
0.5413 -0.6022 0.7423,
0.6398 -0.6022 0.7423,
0.5413 -0.6003 0.7429,
0.6398 -0.6003 0.7429,
0.5413 -0.5984 0.7433,
0.6398 -0.5984 0.7433,
0.5413 -0.5964 0.7437,
0.6398 -0.5964 0.7437,
0.5413 -0.5945 0.7439,
0.6398 -0.5945 0.7439,
0.5413 -0.5925 0.7440,
0.6398 -0.5925 0.7440,
0.6398 -0.5906 0.7441,
0.5413 -0.5906 0.7441,
0.6398 -0.6159 0.7349,
0.5413 -0.7126 0.6535,
0.6398 -0.7126 0.6535,
0.5413 -0.6159 0.7349,
0.5413 -1.2247 0.6535,
0.6398 -1.2247 0.6535,
0.6398 -0.7126 0.6535,
0.5413 -0.7126 0.6535,
0.5413 -1.3085 0.7057,
0.6398 -1.3085 0.7057,
0.6398 -1.2247 0.6535,
0.5413 -1.2247 0.6535,
0.5413 -1.3267 0.7070,
0.5413 -1.3284 0.7062,
0.6398 -1.3284 0.7062,
0.6398 -1.3267 0.7070,
0.5413 -1.3250 0.7077,
0.6398 -1.3250 0.7077,
0.5413 -1.3231 0.7082,
0.6398 -1.3231 0.7082,
0.5413 -1.3213 0.7085,
0.6398 -1.3213 0.7085,
0.5413 -1.3194 0.7087,
0.6398 -1.3194 0.7087,
0.5413 -1.3175 0.7086,
0.6398 -1.3175 0.7086,
0.5413 -1.3156 0.7084,
0.6398 -1.3156 0.7084,
0.5413 -1.3137 0.7080,
0.6398 -1.3137 0.7080,
0.5413 -1.3119 0.7074,
0.6398 -1.3119 0.7074,
0.5413 -1.3102 0.7066,
0.6398 -1.3102 0.7066,
0.6398 -1.3085 0.7057,
0.5413 -1.3085 0.7057,
0.6398 -1.3284 0.7062,
0.5413 -1.5742 0.5699,
0.6398 -1.5742 0.5699,
0.5413 -1.3284 0.7062,
0.5413 -1.5921 0.5490,
0.6398 -1.5927 0.5472,
0.6398 -1.5921 0.5490,
0.5413 -1.5927 0.5472,
0.5413 -1.5914 0.5508,
0.6398 -1.5914 0.5508,
0.5413 -1.5906 0.5525,
0.6398 -1.5906 0.5525,
0.5413 -1.5898 0.5541,
0.6398 -1.5898 0.5541,
0.5413 -1.5888 0.5557,
0.6398 -1.5888 0.5557,
0.5413 -1.5878 0.5573,
0.6398 -1.5878 0.5573,
0.5413 -1.5868 0.5589,
0.6398 -1.5868 0.5589,
0.5413 -1.5856 0.5603,
0.6398 -1.5856 0.5603,
0.5413 -1.5844 0.5617,
0.6398 -1.5844 0.5617,
0.5413 -1.5831 0.5631,
0.6398 -1.5831 0.5631,
0.5413 -1.5818 0.5644,
0.6398 -1.5818 0.5644,
0.5413 -1.5804 0.5656,
0.6398 -1.5804 0.5656,
0.5413 -1.5789 0.5668,
0.6398 -1.5789 0.5668,
0.5413 -1.5774 0.5679,
0.6398 -1.5774 0.5679,
0.6398 -1.5758 0.5689,
0.5413 -1.5758 0.5689,
0.5413 -1.5742 0.5699,
0.6398 -1.5742 0.5699,
0.5413 0.0591 0.8504,
0.6398 0.0591 0.8504,
0.6398 0.0984 0.8110,
0.5413 0.0984 0.8110,
0.5413 0.0984 0.8110,
0.6398 0.0984 0.8110,
0.6398 0.0984 0.0984,
0.5413 0.0984 0.0984,
0.5413 0.0984 0.0965,
0.5413 0.0984 0.0984,
0.6398 0.0984 0.0984,
0.6398 0.0984 0.0965,
0.5413 0.0982 0.0946,
0.6398 0.0982 0.0946,
0.5413 0.0980 0.0926,
0.6398 0.0980 0.0926,
0.5413 0.0977 0.0907,
0.6398 0.0977 0.0907,
0.5413 0.0972 0.0889,
0.6398 0.0972 0.0889,
0.5413 0.0967 0.0870,
0.6398 0.0967 0.0870,
0.5413 0.0961 0.0852,
0.6398 0.0961 0.0852,
0.5413 0.0954 0.0834,
0.6398 0.0954 0.0834,
0.5413 0.0946 0.0816,
0.6398 0.0946 0.0816,
0.5413 0.0938 0.0799,
0.6398 0.0938 0.0799,
0.5413 0.0928 0.0782,
0.6398 0.0928 0.0782,
0.5413 0.0918 0.0766,
0.6398 0.0918 0.0766,
0.6398 0.0907 0.0750,
0.5413 0.0907 0.0750,
0.5413 0.0895 0.0734,
0.6398 0.0895 0.0734,
0.5413 0.0882 0.0720,
0.6398 0.0882 0.0720,
0.5413 0.0869 0.0706,
0.6398 0.0869 0.0706,
0.5413 0.0855 0.0693,
0.6398 0.0855 0.0693,
0.5413 0.0840 0.0680,
0.6398 0.0840 0.0680,
0.5413 0.0825 0.0668,
0.6398 0.0825 0.0668,
0.5413 0.0809 0.0657,
0.6398 0.0809 0.0657,
0.5413 0.0793 0.0647,
0.6398 0.0793 0.0647,
0.5413 0.0776 0.0637,
0.6398 0.0776 0.0637,
0.5413 0.0759 0.0628,
0.6398 0.0759 0.0628,
0.5413 0.0741 0.0621,
0.6398 0.0741 0.0621,
0.5413 0.0723 0.0614,
0.6398 0.0723 0.0614,
0.5413 0.0705 0.0608,
0.6398 0.0705 0.0608,
0.5413 0.0686 0.0602,
0.6398 0.0686 0.0602,
0.5413 0.0667 0.0598,
0.6398 0.0667 0.0598,
0.5413 0.0648 0.0595,
0.6398 0.0648 0.0595,
0.5413 0.0629 0.0592,
0.6398 0.0629 0.0592,
0.5413 0.0610 0.0591,
0.6398 0.0610 0.0591,
0.5413 0.0591 0.0591,
0.6398 0.0591 0.0591,
0.5413 -1.3189 0.0591,
0.5413 0.0591 0.0591,
0.6398 0.0591 0.0591,
0.6398 -1.3189 0.0591,
0.5413 -1.3583 0.0197,
0.5413 -1.3582 0.0216,
0.6398 -1.3583 0.0197,
0.6398 -1.3582 0.0216,
0.5413 -1.3581 0.0235,
0.6398 -1.3581 0.0235,
0.5413 -1.3578 0.0255,
0.6398 -1.3578 0.0255,
0.5413 -1.3575 0.0274,
0.6398 -1.3575 0.0274,
0.5413 -1.3571 0.0293,
0.6398 -1.3571 0.0293,
0.5413 -1.3566 0.0311,
0.6398 -1.3566 0.0311,
0.5413 -1.3560 0.0329,
0.6398 -1.3560 0.0329,
0.5413 -1.3553 0.0348,
0.6398 -1.3553 0.0348,
0.5413 -1.3545 0.0365,
0.6398 -1.3545 0.0365,
0.5413 -1.3536 0.0382,
0.6398 -1.3536 0.0382,
0.5413 -1.3527 0.0399,
0.6398 -1.3527 0.0399,
0.5413 -1.3516 0.0416,
0.6398 -1.3516 0.0416,
0.5413 -1.3505 0.0431,
0.6398 -1.3505 0.0431,
0.5413 -1.3493 0.0447,
0.6398 -1.3493 0.0447,
0.5413 -1.3481 0.0461,
0.6398 -1.3481 0.0461,
0.5413 -1.3467 0.0475,
0.6398 -1.3467 0.0475,
0.5413 -1.3453 0.0489,
0.6398 -1.3453 0.0489,
0.5413 -1.3439 0.0501,
0.6398 -1.3439 0.0501,
0.5413 -1.3424 0.0513,
0.6398 -1.3424 0.0513,
0.6398 -1.3408 0.0524,
0.5413 -1.3408 0.0524,
0.5413 -1.3391 0.0535,
0.6398 -1.3391 0.0535,
0.5413 -1.3375 0.0544,
0.6398 -1.3375 0.0544,
0.5413 -1.3357 0.0553,
0.6398 -1.3357 0.0553,
0.5413 -1.3340 0.0561,
0.6398 -1.3340 0.0561,
0.5413 -1.3322 0.0568,
0.6398 -1.3322 0.0568,
0.5413 -1.3303 0.0574,
0.6398 -1.3303 0.0574,
0.6398 -1.3285 0.0579,
0.5413 -1.3285 0.0579,
0.5413 -1.3266 0.0583,
0.6398 -1.3266 0.0583,
0.6398 -1.3247 0.0586,
0.5413 -1.3247 0.0586,
0.5413 -1.3228 0.0589,
0.6398 -1.3228 0.0589,
0.5413 -1.3208 0.0590,
0.6398 -1.3208 0.0590,
0.5413 -1.3189 0.0591,
0.6398 -1.3189 0.0591,
0.5413 -1.3583 0.0197,
0.6398 -1.3583 0.0197,
0.6398 -1.3583 -1.2402,
0.5413 -1.3583 -1.2402,
0.6398 -1.4046 -1.3270,
0.5413 -1.3583 -1.2402,
0.6398 -1.3583 -1.2402,
0.5413 -1.4046 -1.3270,
0.5413 -1.4060 -1.3295,
0.5413 -1.4046 -1.3270,
0.6398 -1.4046 -1.3270,
0.6398 -1.4060 -1.3295,
0.5413 -1.4076 -1.3320,
0.6398 -1.4076 -1.3320,
0.5413 -1.4092 -1.3344,
0.6398 -1.4092 -1.3344,
0.5413 -1.4110 -1.3366,
0.6398 -1.4110 -1.3366,
0.5413 -1.4129 -1.3388,
0.6398 -1.4129 -1.3388,
0.5413 -1.4149 -1.3409,
0.6398 -1.4149 -1.3409,
0.5413 -1.4170 -1.3429,
0.6398 -1.4170 -1.3429,
0.5413 -1.4192 -1.3448,
0.6398 -1.4192 -1.3448,
0.5413 -1.4215 -1.3466,
0.6398 -1.4215 -1.3466,
0.5413 -1.4239 -1.3483,
0.6398 -1.4239 -1.3483,
0.5413 -1.4263 -1.3499,
0.6398 -1.4263 -1.3499,
0.5413 -1.4288 -1.3513,
0.6398 -1.4288 -1.3513,
0.5413 -1.4314 -1.3526,
0.6398 -1.4314 -1.3526,
0.5413 -1.4341 -1.3538,
0.6398 -1.4341 -1.3538,
0.6398 -1.4368 -1.3548,
0.5413 -1.4368 -1.3548,
0.5413 -1.4395 -1.3557,
0.6398 -1.4395 -1.3557,
0.5413 -1.4423 -1.3565,
0.6398 -1.4423 -1.3565,
0.5413 -1.4452 -1.3571,
0.6398 -1.4452 -1.3571,
0.5413 -1.4480 -1.3576,
0.6398 -1.4480 -1.3576,
0.6398 -1.4509 -1.3580,
0.5413 -1.4509 -1.3580,
0.5413 -1.4538 -1.3582,
0.6398 -1.4538 -1.3582,
0.5413 -1.4567 -1.3583,
0.6398 -1.4567 -1.3583,
0.5413 -1.4596 -1.3582,
0.6398 -1.4596 -1.3582,
0.5413 -1.4625 -1.3580,
0.6398 -1.4625 -1.3580,
0.5413 -1.4654 -1.3576,
0.6398 -1.4654 -1.3576,
0.6398 -1.4682 -1.3571,
0.5413 -1.4682 -1.3571,
0.5413 -1.4711 -1.3565,
0.6398 -1.4711 -1.3565,
0.5413 -1.4738 -1.3557,
0.6398 -1.4738 -1.3557,
0.5413 -1.4766 -1.3548,
0.6398 -1.4766 -1.3548,
0.5413 -1.4793 -1.3538,
0.6398 -1.4793 -1.3538,
0.6398 -1.4820 -1.3526,
0.5413 -1.4820 -1.3526,
0.5413 -1.4846 -1.3513,
0.6398 -1.4846 -1.3513,
0.5413 -1.4871 -1.3499,
0.6398 -1.4871 -1.3499,
0.5413 -1.4895 -1.3483,
0.6398 -1.4895 -1.3483,
0.5413 -1.4919 -1.3466,
0.6398 -1.4919 -1.3466,
0.5413 -1.4942 -1.3448,
0.6398 -1.4942 -1.3448,
0.5413 -1.4964 -1.3429,
0.6398 -1.4964 -1.3429,
0.5413 -1.4985 -1.3409,
0.6398 -1.4985 -1.3409,
0.5413 -1.5005 -1.3388,
0.6398 -1.5005 -1.3388,
0.6398 -1.5024 -1.3366,
0.5413 -1.5024 -1.3366,
0.5413 -1.5042 -1.3344,
0.6398 -1.5042 -1.3344,
0.6398 -1.5058 -1.3320,
0.5413 -1.5058 -1.3320,
0.5413 -1.5074 -1.3295,
0.6398 -1.5074 -1.3295,
0.5413 -1.5088 -1.3270,
0.6398 -1.5088 -1.3270,
0.6398 -1.5088 -1.3270,
0.6398 -1.5551 -1.2402,
0.5413 -1.5551 -1.2402,
0.5413 -1.5088 -1.3270,
0.0000 -2.3622 2.0433,
-0.0787 -2.2835 2.3583,
-0.0787 -2.2835 1.9646,
0.0000 -2.3622 2.4370,
-0.0787 -0.2362 2.3583,
-0.0787 -0.2362 1.9646,
-0.0787 -2.2835 1.9646,
-0.0787 -2.2835 2.3583,
1.8504 -2.2835 2.3583,
1.7717 -2.3622 2.4370,
1.7717 -2.3622 2.0433,
1.8504 -2.2835 1.9646,
1.8504 -0.2362 2.3583,
1.8504 -2.2835 2.3583,
1.8504 -2.2835 1.9646,
1.8504 -0.2362 1.9646,
    ] }
    coordIndex [
0,1,2,-1,
2,3,4,-1,
1,3,2,-1,
4,5,6,-1,
3,5,4,-1,
6,7,8,-1,
5,7,6,-1,
8,9,10,-1,
7,9,8,-1,
10,11,12,-1,
9,11,10,-1,
12,13,14,-1,
11,13,12,-1,
14,15,16,-1,
13,15,14,-1,
16,17,18,-1,
15,17,16,-1,
18,19,20,-1,
17,19,18,-1,
20,21,22,-1,
19,21,20,-1,
22,23,24,-1,
21,23,22,-1,
24,25,26,-1,
23,25,24,-1,
26,27,28,-1,
25,27,26,-1,
27,29,28,-1,
30,31,32,-1,
32,33,34,-1,
31,33,32,-1,
34,35,36,-1,
33,35,34,-1,
36,37,38,-1,
35,37,36,-1,
38,39,40,-1,
37,39,38,-1,
40,41,42,-1,
39,41,40,-1,
42,43,44,-1,
41,43,42,-1,
44,45,46,-1,
43,45,44,-1,
46,47,48,-1,
45,47,46,-1,
48,49,50,-1,
47,49,48,-1,
50,51,52,-1,
49,51,50,-1,
52,53,54,-1,
51,53,52,-1,
54,55,56,-1,
53,55,54,-1,
56,57,58,-1,
55,57,56,-1,
57,59,58,-1,
60,61,62,-1,
63,64,65,-1,
66,67,68,-1,
68,67,69,-1,
67,70,71,-1,
70,72,73,-1,
74,75,76,-1,
75,77,78,-1,
74,77,75,-1,
77,79,80,-1,
79,81,82,-1,
82,81,83,-1,
84,85,86,-1,
87,88,89,-1,
89,88,90,-1,
90,88,64,-1,
65,88,61,-1,
62,88,66,-1,
72,88,91,-1,
91,88,92,-1,
92,88,93,-1,
93,88,74,-1,
61,88,62,-1,
81,88,94,-1,
94,88,95,-1,
95,88,96,-1,
64,88,65,-1,
96,88,97,-1,
97,88,84,-1,
66,88,67,-1,
85,88,98,-1,
98,88,99,-1,
99,88,100,-1,
67,88,70,-1,
100,88,101,-1,
101,88,102,-1,
102,88,103,-1,
103,88,104,-1,
104,88,105,-1,
70,88,72,-1,
74,88,77,-1,
77,88,79,-1,
79,88,81,-1,
84,88,85,-1,
87,106,88,-1,
87,107,106,-1,
108,107,87,-1,
107,109,110,-1,
107,111,109,-1,
107,112,111,-1,
107,113,112,-1,
112,113,114,-1,
114,113,115,-1,
115,113,116,-1,
116,113,117,-1,
117,113,118,-1,
118,113,119,-1,
119,113,120,-1,
120,113,121,-1,
121,113,122,-1,
122,113,123,-1,
123,113,124,-1,
124,113,125,-1,
125,113,126,-1,
126,113,127,-1,
127,113,128,-1,
128,113,129,-1,
129,113,130,-1,
130,113,131,-1,
131,113,132,-1,
132,113,133,-1,
113,134,133,-1,
113,135,134,-1,
113,136,135,-1,
113,137,136,-1,
113,138,137,-1,
113,139,138,-1,
113,140,139,-1,
113,141,140,-1,
113,142,141,-1,
142,143,144,-1,
144,143,145,-1,
145,143,146,-1,
146,143,147,-1,
147,143,148,-1,
148,143,149,-1,
149,143,150,-1,
150,143,151,-1,
151,143,152,-1,
152,143,153,-1,
153,143,154,-1,
154,143,155,-1,
155,143,156,-1,
156,143,157,-1,
157,143,158,-1,
158,143,159,-1,
159,143,160,-1,
143,161,160,-1,
143,162,161,-1,
143,163,162,-1,
143,164,163,-1,
143,165,164,-1,
143,166,165,-1,
143,167,166,-1,
143,168,167,-1,
143,169,168,-1,
143,170,169,-1,
143,171,170,-1,
143,172,171,-1,
143,173,172,-1,
143,174,173,-1,
143,175,174,-1,
143,176,175,-1,
143,177,176,-1,
143,178,177,-1,
110,106,107,-1,
113,143,142,-1,
179,180,181,-1,
181,180,182,-1,
182,180,183,-1,
183,180,184,-1,
184,180,185,-1,
185,180,186,-1,
186,180,187,-1,
187,180,188,-1,
188,180,189,-1,
189,180,190,-1,
190,180,191,-1,
191,180,192,-1,
192,180,193,-1,
193,180,194,-1,
194,180,195,-1,
196,197,198,-1,
199,200,197,-1,
200,201,197,-1,
201,202,197,-1,
203,204,202,-1,
202,204,197,-1,
204,205,197,-1,
206,205,204,-1,
198,205,207,-1,
197,205,198,-1,
207,208,180,-1,
180,208,195,-1,
205,208,207,-1,
208,209,195,-1,
208,210,209,-1,
210,211,209,-1,
210,212,211,-1,
213,214,215,-1,
215,214,212,-1,
216,217,214,-1,
214,217,212,-1,
217,218,212,-1,
219,220,218,-1,
218,220,212,-1,
221,222,220,-1,
220,222,212,-1,
223,224,222,-1,
222,224,212,-1,
225,226,224,-1,
224,226,212,-1,
212,227,211,-1,
226,227,212,-1,
228,229,230,-1,
231,232,233,-1,
231,234,232,-1,
235,236,228,-1,
229,236,237,-1,
237,236,231,-1,
234,236,238,-1,
238,236,239,-1,
228,236,229,-1,
231,236,234,-1,
235,240,236,-1,
241,242,235,-1,
235,242,240,-1,
241,243,242,-1,
241,244,243,-1,
241,245,244,-1,
241,246,245,-1,
241,247,246,-1,
248,249,250,-1,
241,248,250,-1,
241,250,251,-1,
241,251,252,-1,
241,252,253,-1,
241,253,254,-1,
241,254,255,-1,
241,255,256,-1,
241,256,247,-1,
257,258,259,-1,
257,260,258,-1,
261,262,263,-1,
264,265,266,-1,
267,268,269,-1,
267,269,270,-1,
271,267,272,-1,
273,271,274,-1,
275,276,277,-1,
278,275,279,-1,
278,276,275,-1,
280,278,281,-1,
282,280,283,-1,
282,283,284,-1,
285,286,287,-1,
288,289,290,-1,
288,290,291,-1,
288,291,264,-1,
288,266,261,-1,
288,263,268,-1,
288,273,292,-1,
288,292,293,-1,
288,293,294,-1,
288,294,276,-1,
288,261,263,-1,
288,282,295,-1,
288,295,296,-1,
288,296,297,-1,
288,297,298,-1,
288,264,266,-1,
288,298,286,-1,
288,285,299,-1,
288,268,267,-1,
288,299,300,-1,
288,300,301,-1,
288,301,302,-1,
288,267,271,-1,
288,302,303,-1,
288,303,304,-1,
288,304,305,-1,
288,305,306,-1,
288,271,273,-1,
288,276,278,-1,
288,278,280,-1,
288,280,282,-1,
288,286,285,-1,
307,289,288,-1,
308,309,289,-1,
308,289,307,-1,
310,308,311,-1,
312,308,310,-1,
313,308,312,-1,
314,308,313,-1,
314,313,315,-1,
314,315,316,-1,
314,316,317,-1,
314,317,318,-1,
314,318,319,-1,
314,319,320,-1,
314,320,321,-1,
314,321,322,-1,
314,322,323,-1,
314,323,324,-1,
314,324,325,-1,
314,325,326,-1,
314,326,327,-1,
314,327,328,-1,
314,328,329,-1,
314,329,330,-1,
314,330,331,-1,
314,331,332,-1,
314,332,333,-1,
314,333,334,-1,
335,314,334,-1,
336,314,335,-1,
337,314,336,-1,
338,314,337,-1,
339,314,338,-1,
340,314,339,-1,
341,314,340,-1,
342,314,341,-1,
343,314,342,-1,
344,343,345,-1,
344,345,346,-1,
344,346,347,-1,
344,347,348,-1,
344,348,349,-1,
344,349,350,-1,
344,350,351,-1,
344,351,352,-1,
344,352,353,-1,
344,353,354,-1,
344,354,355,-1,
344,355,356,-1,
344,356,357,-1,
344,357,358,-1,
344,358,359,-1,
344,359,360,-1,
344,360,361,-1,
362,344,361,-1,
363,344,362,-1,
364,344,363,-1,
365,344,364,-1,
366,344,365,-1,
367,344,366,-1,
368,344,367,-1,
369,344,368,-1,
370,344,369,-1,
371,344,370,-1,
372,344,371,-1,
373,344,372,-1,
374,344,373,-1,
375,344,374,-1,
376,344,375,-1,
377,344,376,-1,
378,344,377,-1,
379,344,378,-1,
307,311,308,-1,
344,314,343,-1,
380,381,382,-1,
380,382,383,-1,
380,383,384,-1,
380,384,385,-1,
380,385,386,-1,
380,386,387,-1,
380,387,388,-1,
380,388,389,-1,
380,389,390,-1,
380,390,391,-1,
380,391,392,-1,
380,392,393,-1,
380,393,394,-1,
380,394,395,-1,
380,395,396,-1,
397,398,399,-1,
400,401,397,-1,
402,400,397,-1,
403,402,397,-1,
404,405,403,-1,
404,403,397,-1,
406,404,397,-1,
406,407,404,-1,
406,399,408,-1,
406,397,399,-1,
409,408,380,-1,
409,380,396,-1,
409,406,408,-1,
410,409,396,-1,
411,409,410,-1,
412,411,410,-1,
413,411,412,-1,
414,415,416,-1,
414,416,413,-1,
417,418,414,-1,
417,414,413,-1,
419,417,413,-1,
420,421,419,-1,
420,419,413,-1,
422,423,420,-1,
422,420,413,-1,
424,425,422,-1,
424,422,413,-1,
426,427,424,-1,
426,424,413,-1,
428,413,412,-1,
428,426,413,-1,
429,430,431,-1,
429,431,432,-1,
429,432,433,-1,
434,429,435,-1,
436,429,434,-1,
437,436,438,-1,
437,438,439,-1,
440,430,429,-1,
440,436,437,-1,
440,429,436,-1,
441,430,440,-1,
442,443,430,-1,
442,430,441,-1,
444,443,442,-1,
445,443,444,-1,
446,443,445,-1,
447,443,446,-1,
448,443,447,-1,
449,450,451,-1,
450,443,451,-1,
451,443,452,-1,
452,443,453,-1,
453,443,454,-1,
454,443,455,-1,
455,443,456,-1,
456,443,457,-1,
457,443,448,-1,
458,459,460,-1,
460,459,461,-1,
461,459,462,-1,
462,459,463,-1,
463,459,464,-1,
464,459,465,-1,
465,459,466,-1,
466,459,467,-1,
467,459,468,-1,
468,459,469,-1,
469,459,470,-1,
470,459,471,-1,
471,459,472,-1,
472,459,473,-1,
473,459,474,-1,
475,476,477,-1,
478,479,480,-1,
480,479,481,-1,
481,479,482,-1,
482,479,483,-1,
483,479,476,-1,
479,484,476,-1,
484,485,476,-1,
477,485,486,-1,
476,485,477,-1,
486,487,459,-1,
459,487,474,-1,
485,487,486,-1,
487,488,474,-1,
487,489,488,-1,
489,490,488,-1,
489,491,490,-1,
492,493,491,-1,
493,494,491,-1,
494,495,491,-1,
495,496,491,-1,
497,498,499,-1,
499,498,500,-1,
500,498,496,-1,
496,501,491,-1,
498,501,496,-1,
502,503,504,-1,
504,503,501,-1,
501,503,491,-1,
503,505,491,-1,
491,506,490,-1,
505,506,491,-1,
507,508,509,-1,
510,511,507,-1,
507,511,508,-1,
510,512,511,-1,
513,514,515,-1,
515,514,516,-1,
512,517,513,-1,
514,517,518,-1,
510,517,512,-1,
513,517,514,-1,
510,519,517,-1,
520,521,510,-1,
510,521,519,-1,
520,522,521,-1,
520,523,522,-1,
520,524,523,-1,
520,525,524,-1,
520,526,525,-1,
527,528,529,-1,
520,527,529,-1,
520,529,530,-1,
520,530,531,-1,
520,531,532,-1,
520,532,533,-1,
520,533,534,-1,
520,534,535,-1,
520,535,526,-1,
536,537,538,-1,
539,540,541,-1,
542,543,544,-1,
544,543,545,-1,
543,546,547,-1,
546,548,549,-1,
550,551,552,-1,
551,553,554,-1,
550,553,551,-1,
553,555,556,-1,
555,557,558,-1,
558,557,559,-1,
560,561,562,-1,
563,564,565,-1,
565,564,566,-1,
566,564,540,-1,
541,564,537,-1,
538,564,542,-1,
548,564,567,-1,
567,564,568,-1,
568,564,569,-1,
569,564,550,-1,
537,564,538,-1,
557,564,570,-1,
570,564,571,-1,
571,564,572,-1,
540,564,541,-1,
572,564,573,-1,
573,564,560,-1,
542,564,543,-1,
561,564,574,-1,
574,564,575,-1,
575,564,576,-1,
543,564,546,-1,
576,564,577,-1,
577,564,578,-1,
578,564,579,-1,
579,564,580,-1,
580,564,581,-1,
546,564,548,-1,
550,564,553,-1,
553,564,555,-1,
555,564,557,-1,
560,564,561,-1,
563,582,564,-1,
563,583,582,-1,
584,583,563,-1,
583,585,586,-1,
583,587,585,-1,
583,588,587,-1,
583,589,588,-1,
588,589,590,-1,
590,589,591,-1,
591,589,592,-1,
592,589,593,-1,
593,589,594,-1,
594,589,595,-1,
595,589,596,-1,
596,589,597,-1,
597,589,598,-1,
598,589,599,-1,
599,589,600,-1,
600,589,601,-1,
601,589,602,-1,
602,589,603,-1,
603,589,604,-1,
604,589,605,-1,
605,589,606,-1,
606,589,607,-1,
607,589,608,-1,
608,589,609,-1,
589,610,609,-1,
589,611,610,-1,
589,612,611,-1,
589,613,612,-1,
589,614,613,-1,
589,615,614,-1,
589,616,615,-1,
589,617,616,-1,
589,618,617,-1,
618,619,620,-1,
620,619,621,-1,
621,619,622,-1,
622,619,623,-1,
623,619,624,-1,
624,619,625,-1,
625,619,626,-1,
626,619,627,-1,
627,619,628,-1,
628,619,629,-1,
629,619,630,-1,
630,619,631,-1,
631,619,632,-1,
632,619,633,-1,
633,619,634,-1,
634,619,635,-1,
635,619,636,-1,
619,637,636,-1,
619,638,637,-1,
619,639,638,-1,
619,640,639,-1,
619,641,640,-1,
619,642,641,-1,
619,643,642,-1,
619,644,643,-1,
619,645,644,-1,
619,646,645,-1,
619,647,646,-1,
619,648,647,-1,
619,649,648,-1,
619,650,649,-1,
619,651,650,-1,
619,652,651,-1,
619,653,652,-1,
619,654,653,-1,
586,582,583,-1,
589,619,618,-1,
655,656,657,-1,
655,657,658,-1,
655,658,659,-1,
655,659,660,-1,
655,660,661,-1,
655,661,662,-1,
655,662,663,-1,
655,663,664,-1,
655,664,665,-1,
655,665,666,-1,
655,666,667,-1,
655,667,668,-1,
655,668,669,-1,
655,669,670,-1,
655,670,671,-1,
672,673,674,-1,
672,674,675,-1,
672,675,676,-1,
677,678,672,-1,
677,672,676,-1,
679,680,681,-1,
679,681,677,-1,
682,676,683,-1,
682,677,676,-1,
682,679,677,-1,
684,683,655,-1,
684,655,671,-1,
684,682,683,-1,
685,684,671,-1,
686,685,687,-1,
686,684,685,-1,
688,686,687,-1,
689,690,691,-1,
692,690,689,-1,
693,690,692,-1,
694,693,695,-1,
696,694,697,-1,
696,697,698,-1,
699,696,700,-1,
699,690,693,-1,
699,693,694,-1,
699,694,696,-1,
701,690,699,-1,
702,703,690,-1,
702,690,701,-1,
704,703,702,-1,
705,703,704,-1,
706,703,705,-1,
707,703,706,-1,
708,703,707,-1,
709,710,711,-1,
710,703,711,-1,
711,703,712,-1,
712,703,713,-1,
713,703,714,-1,
714,703,715,-1,
715,703,716,-1,
716,703,717,-1,
717,703,708,-1,
718,719,720,-1,
721,722,723,-1,
721,723,724,-1,
721,724,725,-1,
721,725,726,-1,
721,726,727,-1,
721,727,728,-1,
721,728,729,-1,
721,729,730,-1,
721,730,731,-1,
721,731,732,-1,
721,732,733,-1,
721,733,734,-1,
721,734,735,-1,
721,735,736,-1,
721,736,737,-1,
721,737,738,-1,
721,738,739,-1,
721,739,740,-1,
721,740,741,-1,
721,741,742,-1,
721,742,743,-1,
721,743,744,-1,
721,744,745,-1,
721,745,746,-1,
721,746,747,-1,
721,747,748,-1,
721,748,749,-1,
721,749,750,-1,
721,750,751,-1,
721,751,718,-1,
721,718,720,-1,
752,721,753,-1,
721,754,755,-1,
755,754,756,-1,
721,755,757,-1,
721,757,722,-1,
720,753,721,-1,
758,759,760,-1,
758,761,759,-1,
762,763,764,-1,
764,763,765,-1,
765,763,766,-1,
766,763,767,-1,
767,763,768,-1,
768,763,769,-1,
769,763,770,-1,
770,763,771,-1,
771,763,772,-1,
772,763,773,-1,
773,763,774,-1,
774,763,775,-1,
775,763,776,-1,
776,763,777,-1,
777,763,778,-1,
779,780,781,-1,
781,780,782,-1,
782,780,783,-1,
784,785,780,-1,
780,785,783,-1,
786,787,788,-1,
788,787,785,-1,
783,789,790,-1,
785,789,783,-1,
787,789,785,-1,
790,791,763,-1,
763,791,778,-1,
789,791,790,-1,
791,792,778,-1,
792,793,794,-1,
791,793,792,-1,
793,795,794,-1,
796,797,798,-1,
798,797,799,-1,
797,800,801,-1,
797,802,800,-1,
802,803,804,-1,
804,803,805,-1,
802,806,803,-1,
796,807,797,-1,
797,807,802,-1,
802,807,806,-1,
796,808,807,-1,
809,810,796,-1,
796,810,808,-1,
809,811,810,-1,
809,812,811,-1,
809,813,812,-1,
809,814,813,-1,
809,815,814,-1,
816,817,818,-1,
809,816,818,-1,
809,818,819,-1,
809,819,820,-1,
809,820,821,-1,
809,821,822,-1,
809,822,823,-1,
809,823,824,-1,
809,824,815,-1,
825,826,827,-1,
828,829,830,-1,
830,829,831,-1,
831,829,832,-1,
832,829,833,-1,
833,829,834,-1,
834,829,835,-1,
835,829,836,-1,
836,829,837,-1,
837,829,838,-1,
838,829,839,-1,
839,829,840,-1,
840,829,841,-1,
841,829,842,-1,
842,829,843,-1,
843,829,844,-1,
844,829,845,-1,
845,829,846,-1,
846,829,847,-1,
847,829,848,-1,
848,829,849,-1,
849,829,850,-1,
850,829,851,-1,
851,829,852,-1,
852,829,853,-1,
853,829,854,-1,
854,829,855,-1,
855,829,856,-1,
856,829,857,-1,
857,829,858,-1,
858,829,826,-1,
826,829,827,-1,
859,827,829,-1,
829,860,859,-1,
861,829,862,-1,
862,829,863,-1,
863,829,864,-1,
864,829,828,-1,
865,866,867,-1,
865,867,868,-1,
869,870,871,-1,
869,871,872,-1,
873,874,875,-1,
873,875,876,-1,
877,876,878,-1,
877,873,876,-1,
879,878,880,-1,
879,877,878,-1,
881,880,882,-1,
881,879,880,-1,
883,882,884,-1,
883,881,882,-1,
885,884,886,-1,
885,883,884,-1,
887,886,888,-1,
887,885,886,-1,
889,888,890,-1,
889,887,888,-1,
891,890,892,-1,
891,889,890,-1,
893,894,895,-1,
893,892,894,-1,
893,891,892,-1,
896,893,895,-1,
897,898,899,-1,
897,900,898,-1,
901,902,903,-1,
901,904,902,-1,
905,903,906,-1,
905,901,903,-1,
907,906,908,-1,
907,905,906,-1,
909,908,910,-1,
909,907,908,-1,
911,910,912,-1,
911,909,910,-1,
913,912,914,-1,
913,911,912,-1,
915,914,916,-1,
915,913,914,-1,
917,916,918,-1,
917,915,916,-1,
919,918,920,-1,
919,917,918,-1,
921,920,922,-1,
921,919,920,-1,
923,922,924,-1,
923,921,922,-1,
925,924,926,-1,
925,923,924,-1,
927,926,928,-1,
927,925,926,-1,
929,930,931,-1,
929,928,930,-1,
929,927,928,-1,
932,931,933,-1,
932,929,931,-1,
934,932,933,-1,
935,936,937,-1,
935,937,938,-1,
935,938,939,-1,
940,936,935,-1,
941,940,942,-1,
941,942,943,-1,
944,941,945,-1,
946,936,940,-1,
946,940,941,-1,
946,941,944,-1,
947,936,946,-1,
948,949,936,-1,
948,936,947,-1,
950,949,948,-1,
951,949,950,-1,
952,949,951,-1,
953,949,952,-1,
954,949,953,-1,
955,956,957,-1,
956,949,957,-1,
957,949,958,-1,
958,949,959,-1,
959,949,960,-1,
960,949,961,-1,
961,949,962,-1,
962,949,963,-1,
963,949,954,-1,
964,965,966,-1,
967,968,969,-1,
967,969,964,-1,
970,971,967,-1,
972,973,974,-1,
975,976,977,-1,
975,977,978,-1,
975,978,979,-1,
975,979,972,-1,
975,974,970,-1,
975,966,980,-1,
975,964,966,-1,
975,967,964,-1,
975,970,967,-1,
975,972,974,-1,
981,982,983,-1,
984,985,986,-1,
984,986,987,-1,
988,989,990,-1,
988,990,984,-1,
991,987,981,-1,
991,983,992,-1,
991,981,983,-1,
991,984,987,-1,
991,988,984,-1,
993,992,975,-1,
993,975,980,-1,
993,991,992,-1,
994,993,980,-1,
995,994,996,-1,
995,993,994,-1,
997,995,996,-1,
998,999,1000,-1,
1001,1002,1003,-1,
1001,1003,1004,-1,
1001,1004,1005,-1,
1001,1005,1006,-1,
1001,1006,1007,-1,
1001,1007,1008,-1,
1001,1008,1009,-1,
1001,1009,1010,-1,
1001,1010,1011,-1,
1001,1011,1012,-1,
1001,1012,1013,-1,
1001,1013,1014,-1,
1001,1014,1015,-1,
1001,1015,1016,-1,
1001,1016,1017,-1,
1001,1017,1018,-1,
1001,1018,1019,-1,
1001,1019,1020,-1,
1001,1020,1021,-1,
1001,1021,1022,-1,
1001,1022,1023,-1,
1001,1023,1024,-1,
1001,1024,1025,-1,
1001,1025,1026,-1,
1001,1026,1027,-1,
1001,1027,1028,-1,
1001,1028,1029,-1,
1001,1029,1030,-1,
1001,1030,1031,-1,
1001,1031,998,-1,
1001,998,1000,-1,
1000,1032,1001,-1,
1033,1001,1032,-1,
1001,1034,1035,-1,
1035,1034,1036,-1,
1001,1035,1037,-1,
1001,1037,1002,-1,
1038,1039,1040,-1,
1038,1041,1039,-1,
1042,1043,1044,-1,
1044,1043,1045,-1,
1045,1046,1047,-1,
1043,1046,1045,-1,
1047,1048,1049,-1,
1046,1048,1047,-1,
1049,1050,1051,-1,
1048,1050,1049,-1,
1051,1052,1053,-1,
1050,1052,1051,-1,
1053,1054,1055,-1,
1052,1054,1053,-1,
1055,1056,1057,-1,
1054,1056,1055,-1,
1057,1058,1059,-1,
1056,1058,1057,-1,
1059,1060,1061,-1,
1058,1060,1059,-1,
1061,1062,1063,-1,
1060,1062,1061,-1,
1063,1064,1065,-1,
1062,1064,1063,-1,
1065,1066,1067,-1,
1064,1066,1065,-1,
1068,1069,1070,-1,
1068,1071,1069,-1,
1072,1073,1074,-1,
1072,1074,1075,-1,
1076,1075,1077,-1,
1076,1072,1075,-1,
1078,1077,1079,-1,
1078,1076,1077,-1,
1080,1079,1081,-1,
1080,1078,1079,-1,
1082,1081,1083,-1,
1082,1080,1081,-1,
1084,1083,1085,-1,
1084,1082,1083,-1,
1086,1087,1088,-1,
1086,1085,1087,-1,
1086,1084,1085,-1,
1089,1086,1088,-1,
1090,1088,1091,-1,
1090,1089,1088,-1,
1092,1091,1093,-1,
1092,1090,1091,-1,
1094,1095,1096,-1,
1094,1093,1095,-1,
1094,1092,1093,-1,
1097,1094,1096,-1,
1098,1099,1100,-1,
1098,1100,1101,-1,
1102,1103,1104,-1,
1102,1104,1105,-1,
1106,1107,1108,-1,
1106,1108,1109,-1,
1110,1109,1111,-1,
1110,1106,1109,-1,
1112,1111,1113,-1,
1112,1110,1111,-1,
1114,1113,1115,-1,
1114,1112,1113,-1,
1116,1115,1117,-1,
1116,1114,1115,-1,
1118,1117,1119,-1,
1118,1116,1117,-1,
1120,1119,1121,-1,
1120,1118,1119,-1,
1122,1121,1123,-1,
1122,1120,1121,-1,
1124,1123,1125,-1,
1124,1122,1123,-1,
1126,1125,1127,-1,
1126,1124,1125,-1,
1128,1129,1130,-1,
1128,1127,1129,-1,
1128,1126,1127,-1,
1131,1128,1130,-1,
1132,1133,1134,-1,
1132,1135,1133,-1,
1136,1137,1132,-1,
1138,1139,1136,-1,
1140,1141,1138,-1,
1140,1142,1141,-1,
1140,1138,1136,-1,
1143,1144,1140,-1,
1143,1136,1132,-1,
1143,1132,1134,-1,
1143,1140,1136,-1,
1145,1134,1146,-1,
1145,1143,1134,-1,
1147,1145,1146,-1,
1148,1147,1146,-1,
1149,1148,1146,-1,
1150,1149,1146,-1,
1151,1150,1146,-1,
1152,1151,1146,-1,
1153,1154,1155,-1,
1146,1155,1154,-1,
1146,1154,1156,-1,
1146,1156,1157,-1,
1146,1157,1158,-1,
1146,1158,1159,-1,
1146,1159,1160,-1,
1146,1160,1152,-1,
1161,1162,1163,-1,
1164,1165,1166,-1,
1164,1161,1165,-1,
1164,1167,1162,-1,
1164,1162,1161,-1,
1168,1164,1169,-1,
1170,1168,1171,-1,
1172,1173,1174,-1,
1172,1175,1173,-1,
1172,1176,1175,-1,
1172,1170,1176,-1,
1172,1167,1164,-1,
1172,1164,1168,-1,
1172,1168,1170,-1,
1177,1167,1172,-1,
1178,1179,1180,-1,
1181,1179,1178,-1,
1182,1181,1183,-1,
1182,1179,1181,-1,
1184,1182,1185,-1,
1184,1179,1182,-1,
1186,1187,1188,-1,
1189,1184,1187,-1,
1189,1187,1186,-1,
1189,1179,1184,-1,
1190,1177,1179,-1,
1190,1167,1177,-1,
1190,1179,1189,-1,
1191,1192,1193,-1,
1191,1193,1190,-1,
1194,1192,1191,-1,
1193,1167,1190,-1,
1195,1196,1197,-1,
1198,1199,1200,-1,
1198,1201,1199,-1,
1198,1202,1201,-1,
1198,1203,1202,-1,
1198,1204,1203,-1,
1198,1205,1204,-1,
1198,1206,1205,-1,
1198,1207,1206,-1,
1198,1208,1207,-1,
1198,1209,1208,-1,
1198,1210,1209,-1,
1198,1211,1210,-1,
1198,1212,1211,-1,
1198,1213,1212,-1,
1198,1214,1213,-1,
1198,1215,1214,-1,
1198,1216,1215,-1,
1198,1217,1216,-1,
1198,1218,1217,-1,
1198,1219,1218,-1,
1198,1220,1219,-1,
1198,1221,1220,-1,
1198,1222,1221,-1,
1198,1223,1222,-1,
1198,1224,1223,-1,
1198,1225,1224,-1,
1198,1226,1225,-1,
1198,1227,1226,-1,
1198,1228,1227,-1,
1198,1195,1228,-1,
1198,1196,1195,-1,
1229,1198,1230,-1,
1230,1198,1231,-1,
1231,1198,1200,-1,
1229,1230,1232,-1,
1198,1233,1234,-1,
1234,1196,1198,-1,
1235,1236,1237,-1,
1235,1238,1236,-1,
1239,1240,1241,-1,
1241,1240,1242,-1,
1242,1243,1244,-1,
1240,1243,1242,-1,
1244,1245,1246,-1,
1243,1245,1244,-1,
1246,1247,1248,-1,
1245,1247,1246,-1,
1248,1249,1250,-1,
1247,1249,1248,-1,
1250,1251,1252,-1,
1249,1251,1250,-1,
1252,1253,1254,-1,
1251,1253,1252,-1,
1254,1255,1256,-1,
1253,1255,1254,-1,
1256,1257,1258,-1,
1255,1257,1256,-1,
1258,1259,1260,-1,
1257,1259,1258,-1,
1260,1261,1262,-1,
1259,1261,1260,-1,
1262,1263,1264,-1,
1261,1263,1262,-1,
1265,1266,1267,-1,
1265,1268,1266,-1,
1269,1270,1271,-1,
1269,1272,1270,-1,
1273,1274,1275,-1,
1273,1275,1276,-1,
1277,1278,1279,-1,
1277,1279,1280,-1,
1281,1282,1283,-1,
1281,1283,1284,-1,
1285,1284,1286,-1,
1285,1281,1284,-1,
1287,1286,1288,-1,
1287,1285,1286,-1,
1289,1288,1290,-1,
1289,1287,1288,-1,
1291,1290,1292,-1,
1291,1289,1290,-1,
1293,1292,1294,-1,
1293,1291,1292,-1,
1295,1294,1296,-1,
1295,1293,1294,-1,
1297,1296,1298,-1,
1297,1295,1296,-1,
1299,1298,1300,-1,
1299,1297,1298,-1,
1301,1302,1303,-1,
1301,1300,1302,-1,
1301,1299,1300,-1,
1304,1301,1303,-1,
1305,1306,1307,-1,
1305,1308,1306,-1,
1309,1310,1311,-1,
1309,1312,1310,-1,
1313,1311,1314,-1,
1313,1309,1311,-1,
1315,1314,1316,-1,
1315,1313,1314,-1,
1317,1316,1318,-1,
1317,1315,1316,-1,
1319,1318,1320,-1,
1319,1317,1318,-1,
1321,1320,1322,-1,
1321,1319,1320,-1,
1323,1322,1324,-1,
1323,1321,1322,-1,
1325,1324,1326,-1,
1325,1323,1324,-1,
1327,1326,1328,-1,
1327,1325,1326,-1,
1329,1328,1330,-1,
1329,1327,1328,-1,
1331,1330,1332,-1,
1331,1329,1330,-1,
1333,1332,1334,-1,
1333,1331,1332,-1,
1335,1334,1336,-1,
1335,1333,1334,-1,
1337,1338,1339,-1,
1337,1336,1338,-1,
1337,1335,1336,-1,
1340,1339,1341,-1,
1340,1337,1339,-1,
1342,1340,1341,-1,
1343,1344,1345,-1,
1343,1345,1346,-1,
1347,1348,1349,-1,
1347,1349,1344,-1,
1347,1344,1343,-1,
1350,1351,1348,-1,
1350,1348,1347,-1,
1352,1353,1351,-1,
1352,1351,1350,-1,
1354,1355,1353,-1,
1354,1353,1352,-1,
1356,1357,1355,-1,
1356,1355,1354,-1,
1358,1357,1356,-1,
1359,1357,1358,-1,
1360,1359,1358,-1,
1361,1362,1363,-1,
1361,1363,1359,-1,
1361,1359,1360,-1,
1364,1362,1361,-1,
1364,1365,1362,-1,
1366,1365,1364,-1,
1366,1367,1365,-1,
1368,1367,1366,-1,
1368,1369,1367,-1,
1370,1371,1369,-1,
1370,1369,1368,-1,
1372,1371,1370,-1,
1373,1374,1371,-1,
1373,1371,1372,-1,
1375,1374,1373,-1,
1375,1376,1374,-1,
1377,1378,1376,-1,
1377,1376,1375,-1,
1379,1380,1378,-1,
1379,1378,1377,-1,
1381,1382,1380,-1,
1381,1380,1379,-1,
1383,1384,1382,-1,
1383,1382,1381,-1,
1385,1386,1384,-1,
1385,1384,1383,-1,
1387,1388,1386,-1,
1387,1386,1385,-1,
1389,1390,1388,-1,
1389,1388,1387,-1,
1391,1392,1390,-1,
1391,1390,1389,-1,
1393,1394,1392,-1,
1393,1392,1391,-1,
1395,1396,1394,-1,
1395,1394,1393,-1,
1397,1398,1399,-1,
1397,1399,1396,-1,
1397,1396,1395,-1,
1400,1398,1397,-1,
1401,1398,1400,-1,
1402,1401,1400,-1,
1403,1404,1401,-1,
1403,1401,1402,-1,
1405,1406,1407,-1,
1405,1407,1408,-1,
1409,1410,1406,-1,
1409,1406,1405,-1,
1411,1412,1410,-1,
1411,1410,1409,-1,
1413,1414,1412,-1,
1413,1412,1411,-1,
1415,1416,1414,-1,
1415,1414,1413,-1,
1417,1418,1419,-1,
1417,1419,1416,-1,
1417,1416,1415,-1,
1420,1418,1417,-1,
1421,1422,1423,-1,
1421,1423,1418,-1,
1421,1418,1420,-1,
1424,1422,1421,-1,
1425,1426,1422,-1,
1425,1422,1424,-1,
1427,1426,1425,-1,
1427,1428,1426,-1,
1429,1428,1427,-1,
1429,1430,1428,-1,
1431,1430,1429,-1,
1431,1432,1433,-1,
1431,1433,1430,-1,
1434,1432,1431,-1,
1435,1436,1437,-1,
1435,1437,1432,-1,
1435,1432,1434,-1,
1438,1436,1435,-1,
1439,1440,1436,-1,
1439,1436,1438,-1,
1441,1442,1440,-1,
1441,1440,1439,-1,
1443,1442,1441,-1,
1443,1444,1442,-1,
1445,1444,1443,-1,
1445,1446,1444,-1,
1447,1448,1446,-1,
1447,1446,1445,-1,
1449,1450,1448,-1,
1449,1448,1447,-1,
1451,1452,1450,-1,
1451,1450,1449,-1,
1453,1454,1452,-1,
1453,1452,1451,-1,
1455,1456,1454,-1,
1455,1454,1453,-1,
1457,1458,1456,-1,
1457,1456,1455,-1,
1459,1460,1461,-1,
1459,1461,1458,-1,
1459,1458,1457,-1,
1462,1460,1459,-1,
1463,1464,1460,-1,
1463,1460,1462,-1,
1465,1464,1463,-1,
1466,1465,1463,-1,
1467,1468,1469,-1,
1467,1469,1470,-1,
1471,1472,1473,-1,
1471,1474,1472,-1,
1475,1476,1477,-1,
1478,1476,1475,-1,
1479,1475,1480,-1,
1479,1478,1475,-1,
1481,1480,1482,-1,
1481,1482,1483,-1,
1481,1479,1480,-1,
1484,1483,1485,-1,
1484,1481,1483,-1,
1486,1485,1487,-1,
1486,1484,1485,-1,
1488,1487,1489,-1,
1488,1486,1487,-1,
1490,1489,1491,-1,
1490,1488,1489,-1,
1492,1491,1493,-1,
1492,1490,1491,-1,
1494,1493,1495,-1,
1494,1492,1493,-1,
1496,1494,1495,-1,
1497,1495,1498,-1,
1497,1496,1495,-1,
1499,1498,1500,-1,
1499,1497,1498,-1,
1501,1500,1502,-1,
1501,1499,1500,-1,
1503,1502,1504,-1,
1503,1501,1502,-1,
1505,1503,1504,-1,
1505,1504,1506,-1,
1507,1506,1508,-1,
1507,1505,1506,-1,
1509,1507,1508,-1,
1509,1508,1510,-1,
1511,1510,1512,-1,
1511,1509,1510,-1,
1513,1511,1512,-1,
1513,1512,1514,-1,
1515,1514,1516,-1,
1515,1513,1514,-1,
1517,1516,1518,-1,
1517,1518,1519,-1,
1517,1515,1516,-1,
1520,1517,1519,-1,
1521,1519,1522,-1,
1521,1520,1519,-1,
1523,1522,1524,-1,
1523,1524,1525,-1,
1523,1521,1522,-1,
1526,1523,1525,-1,
1527,1525,1528,-1,
1527,1528,1529,-1,
1527,1526,1525,-1,
1530,1527,1529,-1,
1531,1529,1532,-1,
1531,1532,1533,-1,
1531,1530,1529,-1,
1534,1531,1533,-1,
1535,1533,1536,-1,
1535,1534,1533,-1,
1537,1538,1539,-1,
1537,1539,1540,-1,
1541,1537,1540,-1,
1542,1537,1541,-1,
1543,1541,1544,-1,
1543,1544,1545,-1,
1543,1542,1541,-1,
1546,1545,1547,-1,
1546,1543,1545,-1,
1548,1547,1549,-1,
1548,1546,1547,-1,
1550,1548,1549,-1,
1550,1549,1551,-1,
1552,1551,1553,-1,
1552,1550,1551,-1,
1554,1552,1553,-1,
1554,1553,1555,-1,
1556,1555,1557,-1,
1556,1554,1555,-1,
1558,1557,1559,-1,
1558,1556,1557,-1,
1560,1558,1559,-1,
1560,1559,1561,-1,
1562,1561,1563,-1,
1562,1560,1561,-1,
1564,1562,1563,-1,
1565,1563,1566,-1,
1565,1566,1567,-1,
1565,1564,1563,-1,
1568,1565,1567,-1,
1569,1567,1570,-1,
1569,1568,1567,-1,
1571,1570,1572,-1,
1571,1572,1573,-1,
1571,1569,1570,-1,
1574,1573,1575,-1,
1574,1571,1573,-1,
1576,1575,1577,-1,
1576,1574,1575,-1,
1578,1576,1577,-1,
1578,1577,1579,-1,
1580,1578,1579,-1,
1581,1579,1582,-1,
1581,1580,1579,-1,
1583,1581,1582,-1,
1584,1581,1583,-1,
1585,1583,1586,-1,
1585,1586,1587,-1,
1585,1584,1583,-1,
1588,1587,1589,-1,
1588,1585,1587,-1,
1590,1589,1591,-1,
1590,1588,1589,-1,
1592,1591,1593,-1,
1592,1590,1591,-1,
1594,1593,1595,-1,
1594,1592,1593,-1,
1596,1594,1595,-1,
1597,1595,1598,-1,
1597,1596,1595,-1,
1599,1600,1601,-1,
1601,1600,1602,-1,
1602,1603,1604,-1,
1600,1603,1602,-1,
1604,1605,1606,-1,
1603,1605,1604,-1,
1606,1607,1608,-1,
1605,1607,1606,-1,
1608,1609,1610,-1,
1607,1609,1608,-1,
1610,1611,1612,-1,
1609,1611,1610,-1,
1612,1613,1614,-1,
1611,1613,1612,-1,
1614,1615,1616,-1,
1613,1615,1614,-1,
1615,1617,1616,-1,
1616,1617,1618,-1,
1617,1619,1618,-1,
1618,1619,1620,-1,
1619,1621,1620,-1,
1620,1621,1622,-1,
1621,1623,1622,-1,
1622,1623,1624,-1,
1623,1625,1624,-1,
1624,1625,1626,-1,
1625,1627,1626,-1,
1626,1627,1628,-1,
1627,1629,1628,-1,
1628,1629,1630,-1,
1629,1631,1630,-1,
1630,1631,1632,-1,
1632,1631,1633,-1,
1631,1634,1633,-1,
1634,1635,1633,-1,
1633,1635,1636,-1,
1635,1637,1636,-1,
1636,1637,1638,-1,
1638,1637,1639,-1,
1637,1640,1639,-1,
1639,1641,1642,-1,
1640,1641,1639,-1,
1642,1643,1644,-1,
1641,1643,1642,-1,
1644,1645,1646,-1,
1643,1645,1644,-1,
1646,1647,1648,-1,
1645,1647,1646,-1,
1648,1649,1650,-1,
1647,1649,1648,-1,
1650,1651,1652,-1,
1652,1651,1653,-1,
1649,1651,1650,-1,
1651,1654,1653,-1,
1653,1655,1656,-1,
1656,1655,1657,-1,
1654,1655,1653,-1,
1655,1658,1657,-1,
1657,1659,1660,-1,
1658,1659,1657,-1,
1660,1661,1662,-1,
1659,1661,1660,-1,
1662,1663,1664,-1,
1661,1663,1662,-1,
1665,1666,1667,-1,
1665,1667,1668,-1,
1669,1670,1671,-1,
1669,1671,1672,-1,
1673,1674,1675,-1,
1673,1675,1676,-1,
1677,1678,1679,-1,
1679,1680,1681,-1,
1678,1680,1679,-1,
1681,1682,1683,-1,
1680,1682,1681,-1,
1683,1684,1685,-1,
1682,1684,1683,-1,
1685,1686,1687,-1,
1684,1686,1685,-1,
1687,1688,1689,-1,
1686,1688,1687,-1,
1688,1690,1689,-1,
1691,1692,1693,-1,
1691,1693,1694,-1,
1695,1696,1697,-1,
1695,1697,1698,-1,
1699,1698,1700,-1,
1699,1695,1698,-1,
1701,1700,1702,-1,
1701,1699,1700,-1,
1703,1702,1704,-1,
1703,1701,1702,-1,
1705,1704,1706,-1,
1705,1703,1704,-1,
1707,1706,1708,-1,
1707,1705,1706,-1,
1709,1710,1711,-1,
1709,1711,1712,-1,
1713,1714,1715,-1,
1713,1716,1714,-1,
1717,1718,1719,-1,
1717,1719,1720,-1,
1721,1722,1723,-1,
1723,1724,1725,-1,
1722,1724,1723,-1,
1725,1726,1727,-1,
1724,1726,1725,-1,
1727,1728,1729,-1,
1726,1728,1727,-1,
1729,1730,1731,-1,
1728,1730,1729,-1,
1731,1732,1733,-1,
1730,1732,1731,-1,
1732,1734,1733,-1,
1735,1736,1737,-1,
1735,1738,1736,-1,
1739,1740,1741,-1,
1739,1742,1740,-1,
1743,1744,1745,-1,
1745,1744,1746,-1,
1746,1747,1748,-1,
1744,1747,1746,-1,
1748,1749,1750,-1,
1747,1749,1748,-1,
1750,1751,1752,-1,
1749,1751,1750,-1,
1752,1753,1754,-1,
1751,1753,1752,-1,
1754,1755,1756,-1,
1753,1755,1754,-1,
1756,1757,1758,-1,
1755,1757,1756,-1,
1758,1759,1760,-1,
1757,1759,1758,-1,
1759,1761,1760,-1,
1760,1761,1762,-1,
1761,1763,1762,-1,
1762,1763,1764,-1,
1763,1765,1764,-1,
1764,1765,1766,-1,
1765,1767,1766,-1,
1766,1767,1768,-1,
1767,1769,1768,-1,
1768,1769,1770,-1,
1769,1771,1770,-1,
1770,1771,1772,-1,
1771,1773,1772,-1,
1772,1773,1774,-1,
1773,1775,1774,-1,
1774,1775,1776,-1,
1776,1775,1777,-1,
1775,1778,1777,-1,
1778,1779,1777,-1,
1777,1779,1780,-1,
1779,1781,1780,-1,
1780,1781,1782,-1,
1782,1781,1783,-1,
1781,1784,1783,-1,
1783,1785,1786,-1,
1784,1785,1783,-1,
1786,1787,1788,-1,
1785,1787,1786,-1,
1788,1789,1790,-1,
1787,1789,1788,-1,
1790,1791,1792,-1,
1789,1791,1790,-1,
1792,1793,1794,-1,
1791,1793,1792,-1,
1794,1795,1796,-1,
1793,1795,1794,-1,
1796,1797,1798,-1,
1795,1797,1796,-1,
1798,1799,1800,-1,
1800,1799,1801,-1,
1797,1799,1798,-1,
1801,1802,1803,-1,
1799,1802,1801,-1,
1802,1804,1803,-1,
1803,1805,1806,-1,
1804,1805,1803,-1,
1805,1807,1806,-1,
1806,1807,1808,-1,
1809,1810,1811,-1,
1809,1811,1812,-1,
1813,1814,1815,-1,
1813,1815,1816,-1,
1817,1818,1819,-1,
1817,1819,1820,-1,
1821,1822,1823,-1,
1821,1823,1824,-1,
1825,1826,1827,-1,
1827,1828,1829,-1,
1826,1828,1827,-1,
1829,1830,1831,-1,
1828,1830,1829,-1,
1831,1832,1833,-1,
1830,1832,1831,-1,
1833,1834,1835,-1,
1832,1834,1833,-1,
1835,1836,1837,-1,
1834,1836,1835,-1,
1836,1838,1837,-1,
1839,1840,1841,-1,
1839,1841,1842,-1,
1843,1844,1845,-1,
1843,1846,1844,-1,
1847,1848,1849,-1,
1847,1849,1850,-1,
1851,1852,1853,-1,
1851,1854,1855,-1,
1851,1853,1854,-1,
1856,1855,1857,-1,
1856,1851,1855,-1,
1858,1857,1859,-1,
1858,1856,1857,-1,
1860,1859,1861,-1,
1860,1858,1859,-1,
1862,1861,1863,-1,
1862,1860,1861,-1,
1864,1862,1863,-1,
1865,1866,1867,-1,
1868,1865,1867,-1,
1869,1870,1871,-1,
1871,1872,1873,-1,
1870,1872,1871,-1,
1873,1874,1875,-1,
1872,1874,1873,-1,
1875,1876,1877,-1,
1874,1876,1875,-1,
1877,1878,1879,-1,
1876,1878,1877,-1,
1879,1880,1881,-1,
1878,1880,1879,-1,
1880,1882,1881,-1,
1883,1884,1885,-1,
1883,1885,1886,-1,
1887,1888,1889,-1,
1887,1889,1890,-1,
1891,1892,1893,-1,
1891,1893,1894,-1,
1895,1894,1896,-1,
1895,1891,1894,-1,
1897,1896,1898,-1,
1897,1895,1896,-1,
1899,1898,1900,-1,
1899,1897,1898,-1,
1901,1900,1902,-1,
1901,1899,1900,-1,
1903,1902,1904,-1,
1903,1901,1902,-1,
1905,1906,1907,-1,
1905,1904,1906,-1,
1905,1903,1904,-1,
1908,1905,1907,-1,
1909,1907,1910,-1,
1909,1908,1907,-1,
1911,1910,1912,-1,
1911,1909,1910,-1,
1913,1914,1915,-1,
1913,1912,1914,-1,
1913,1911,1912,-1,
1916,1913,1915,-1,
1917,1918,1919,-1,
1917,1920,1918,-1,
1921,1922,1923,-1,
1923,1922,1924,-1,
1924,1925,1926,-1,
1922,1925,1924,-1,
1926,1927,1928,-1,
1925,1927,1926,-1,
1928,1929,1930,-1,
1927,1929,1928,-1,
1930,1931,1932,-1,
1929,1931,1930,-1,
1932,1933,1934,-1,
1931,1933,1932,-1,
1934,1935,1936,-1,
1933,1935,1934,-1,
1936,1937,1938,-1,
1935,1937,1936,-1,
1938,1939,1940,-1,
1937,1939,1938,-1,
1940,1941,1942,-1,
1939,1941,1940,-1,
1942,1943,1944,-1,
1941,1943,1942,-1,
1944,1945,1946,-1,
1943,1945,1944,-1,
1947,1948,1949,-1,
1947,1950,1948,-1,
1951,1952,1953,-1,
1951,1953,1954,-1,
1955,1956,1957,-1,
1955,1957,1958,-1,
1959,1958,1960,-1,
1959,1955,1958,-1,
1961,1960,1962,-1,
1961,1959,1960,-1,
1963,1962,1964,-1,
1963,1961,1962,-1,
1965,1964,1966,-1,
1965,1963,1964,-1,
1967,1966,1968,-1,
1967,1965,1966,-1,
1969,1968,1970,-1,
1969,1967,1968,-1,
1971,1970,1972,-1,
1971,1969,1970,-1,
1973,1972,1974,-1,
1973,1971,1972,-1,
1975,1974,1976,-1,
1975,1973,1974,-1,
1977,1978,1979,-1,
1977,1976,1978,-1,
1977,1975,1976,-1,
1980,1977,1979,-1,
1981,1982,1983,-1,
1981,1984,1982,-1,
1985,1986,1987,-1,
1987,1986,1988,-1,
1988,1989,1990,-1,
1986,1989,1988,-1,
1990,1991,1992,-1,
1989,1991,1990,-1,
1992,1993,1994,-1,
1991,1993,1992,-1,
1994,1995,1996,-1,
1993,1995,1994,-1,
1996,1997,1998,-1,
1995,1997,1996,-1,
1998,1999,2000,-1,
1997,1999,1998,-1,
2000,2001,2002,-1,
1999,2001,2000,-1,
2002,2003,2004,-1,
2001,2003,2002,-1,
2004,2005,2006,-1,
2003,2005,2004,-1,
2006,2007,2008,-1,
2005,2007,2006,-1,
2008,2009,2010,-1,
2007,2009,2008,-1,
2011,2012,2013,-1,
2011,2014,2012,-1,
2015,2016,2017,-1,
2015,2017,2018,-1,
2015,2018,2019,-1,
2015,2019,2020,-1,
2015,2020,2021,-1,
2015,2021,2022,-1,
2015,2022,2023,-1,
2015,2023,2024,-1,
2015,2024,2025,-1,
2015,2025,2026,-1,
2015,2026,2027,-1,
2015,2027,2028,-1,
2015,2028,2029,-1,
2015,2029,2030,-1,
2015,2030,2031,-1,
2032,2033,2034,-1,
2035,2036,2032,-1,
2037,2035,2032,-1,
2038,2037,2032,-1,
2039,2040,2038,-1,
2039,2038,2032,-1,
2041,2039,2032,-1,
2041,2042,2039,-1,
2041,2034,2043,-1,
2041,2032,2034,-1,
2044,2043,2015,-1,
2044,2015,2031,-1,
2044,2041,2043,-1,
2045,2044,2031,-1,
2046,2044,2045,-1,
2047,2046,2045,-1,
2048,2046,2047,-1,
2049,2050,2051,-1,
2049,2051,2048,-1,
2052,2053,2049,-1,
2052,2049,2048,-1,
2054,2052,2048,-1,
2055,2056,2054,-1,
2055,2054,2048,-1,
2057,2058,2055,-1,
2057,2055,2048,-1,
2059,2060,2057,-1,
2059,2057,2048,-1,
2061,2062,2059,-1,
2061,2059,2048,-1,
2063,2048,2047,-1,
2063,2061,2048,-1,
2064,2065,2066,-1,
2067,2068,2069,-1,
2070,2068,2067,-1,
2071,2072,2065,-1,
2071,2064,2073,-1,
2071,2073,2068,-1,
2071,2070,2074,-1,
2071,2074,2075,-1,
2071,2065,2064,-1,
2071,2068,2070,-1,
2076,2072,2071,-1,
2077,2078,2072,-1,
2077,2072,2076,-1,
2079,2078,2077,-1,
2080,2078,2079,-1,
2081,2078,2080,-1,
2082,2078,2081,-1,
2083,2078,2082,-1,
2084,2085,2086,-1,
2085,2078,2086,-1,
2086,2078,2087,-1,
2087,2078,2088,-1,
2088,2078,2089,-1,
2089,2078,2090,-1,
2090,2078,2091,-1,
2091,2078,2092,-1,
2092,2078,2083,-1,
2093,2094,2095,-1,
2096,2097,2098,-1,
2099,2100,2101,-1,
2099,2101,2102,-1,
2103,2099,2104,-1,
2105,2103,2106,-1,
2107,2108,2109,-1,
2110,2107,2111,-1,
2110,2108,2107,-1,
2112,2110,2113,-1,
2114,2112,2115,-1,
2114,2115,2116,-1,
2117,2118,2119,-1,
2120,2121,2122,-1,
2120,2122,2123,-1,
2120,2123,2096,-1,
2120,2098,2093,-1,
2120,2095,2100,-1,
2120,2105,2124,-1,
2120,2124,2125,-1,
2120,2125,2126,-1,
2120,2126,2108,-1,
2120,2093,2095,-1,
2120,2114,2127,-1,
2120,2127,2128,-1,
2120,2128,2129,-1,
2120,2129,2130,-1,
2120,2096,2098,-1,
2120,2130,2118,-1,
2120,2117,2131,-1,
2120,2100,2099,-1,
2120,2131,2132,-1,
2120,2132,2133,-1,
2120,2133,2134,-1,
2120,2099,2103,-1,
2120,2134,2135,-1,
2120,2135,2136,-1,
2120,2136,2137,-1,
2120,2137,2138,-1,
2120,2103,2105,-1,
2120,2108,2110,-1,
2120,2110,2112,-1,
2120,2112,2114,-1,
2120,2118,2117,-1,
2139,2121,2120,-1,
2140,2141,2121,-1,
2140,2121,2139,-1,
2142,2140,2143,-1,
2144,2140,2142,-1,
2145,2140,2144,-1,
2146,2140,2145,-1,
2146,2145,2147,-1,
2146,2147,2148,-1,
2146,2148,2149,-1,
2146,2149,2150,-1,
2146,2150,2151,-1,
2146,2151,2152,-1,
2146,2152,2153,-1,
2146,2153,2154,-1,
2146,2154,2155,-1,
2146,2155,2156,-1,
2146,2156,2157,-1,
2146,2157,2158,-1,
2146,2158,2159,-1,
2146,2159,2160,-1,
2146,2160,2161,-1,
2146,2161,2162,-1,
2146,2162,2163,-1,
2146,2163,2164,-1,
2146,2164,2165,-1,
2146,2165,2166,-1,
2167,2146,2166,-1,
2168,2146,2167,-1,
2169,2146,2168,-1,
2170,2146,2169,-1,
2171,2146,2170,-1,
2172,2146,2171,-1,
2173,2146,2172,-1,
2174,2146,2173,-1,
2175,2146,2174,-1,
2176,2175,2177,-1,
2176,2177,2178,-1,
2176,2178,2179,-1,
2176,2179,2180,-1,
2176,2180,2181,-1,
2176,2181,2182,-1,
2176,2182,2183,-1,
2176,2183,2184,-1,
2176,2184,2185,-1,
2176,2185,2186,-1,
2176,2186,2187,-1,
2176,2187,2188,-1,
2176,2188,2189,-1,
2176,2189,2190,-1,
2176,2190,2191,-1,
2176,2191,2192,-1,
2176,2192,2193,-1,
2194,2176,2193,-1,
2195,2176,2194,-1,
2196,2176,2195,-1,
2197,2176,2196,-1,
2198,2176,2197,-1,
2199,2176,2198,-1,
2200,2176,2199,-1,
2201,2176,2200,-1,
2202,2176,2201,-1,
2203,2176,2202,-1,
2204,2176,2203,-1,
2205,2176,2204,-1,
2206,2176,2205,-1,
2207,2176,2206,-1,
2208,2176,2207,-1,
2209,2176,2208,-1,
2210,2176,2209,-1,
2211,2176,2210,-1,
2139,2143,2140,-1,
2176,2146,2175,-1,
2212,2213,2214,-1,
2212,2215,2213,-1,
2216,2214,2217,-1,
2216,2212,2214,-1,
2218,2217,2219,-1,
2218,2216,2217,-1,
2220,2219,2221,-1,
2220,2218,2219,-1,
2222,2221,2223,-1,
2222,2220,2221,-1,
2224,2223,2225,-1,
2224,2222,2223,-1,
2226,2225,2227,-1,
2226,2224,2225,-1,
2228,2227,2229,-1,
2228,2226,2227,-1,
2230,2229,2231,-1,
2230,2228,2229,-1,
2232,2231,2233,-1,
2232,2230,2231,-1,
2234,2233,2235,-1,
2234,2232,2233,-1,
2236,2235,2237,-1,
2236,2234,2235,-1,
2238,2237,2239,-1,
2238,2236,2237,-1,
2240,2241,2242,-1,
2240,2239,2241,-1,
2240,2238,2239,-1,
2243,2240,2242,-1,
2244,2243,2242,-1,
2244,2242,2245,-1,
2246,2247,2248,-1,
2246,2249,2247,-1,
2250,2251,2252,-1,
2250,2252,2253,-1,
2254,2253,2255,-1,
2254,2250,2253,-1,
2256,2255,2257,-1,
2256,2254,2255,-1,
2258,2257,2259,-1,
2258,2256,2257,-1,
2260,2259,2261,-1,
2260,2258,2259,-1,
2262,2261,2263,-1,
2262,2260,2261,-1,
2264,2263,2265,-1,
2264,2262,2263,-1,
2266,2265,2267,-1,
2266,2264,2265,-1,
2268,2267,2269,-1,
2268,2266,2267,-1,
2270,2271,2272,-1,
2270,2269,2271,-1,
2270,2268,2269,-1,
2273,2270,2272,-1,
2274,2275,2276,-1,
2274,2276,2277,-1,
2278,2279,2280,-1,
2278,2280,2281,-1,
2282,2283,2284,-1,
2282,2285,2283,-1,
2286,2287,2288,-1,
2286,2288,2289,-1,
2290,2289,2291,-1,
2290,2286,2289,-1,
2292,2291,2293,-1,
2292,2290,2291,-1,
2294,2293,2295,-1,
2294,2292,2293,-1,
2296,2295,2297,-1,
2296,2294,2295,-1,
2298,2297,2299,-1,
2298,2296,2297,-1,
2300,2299,2301,-1,
2300,2298,2299,-1,
2302,2301,2303,-1,
2302,2300,2301,-1,
2304,2303,2305,-1,
2304,2302,2303,-1,
2306,2305,2307,-1,
2306,2304,2305,-1,
2308,2307,2309,-1,
2308,2306,2307,-1,
2310,2309,2311,-1,
2310,2308,2309,-1,
2312,2311,2313,-1,
2312,2310,2311,-1,
2314,2313,2315,-1,
2314,2312,2313,-1,
2316,2317,2318,-1,
2316,2318,2319,-1,
2320,2321,2322,-1,
2320,2322,2323,-1,
2324,2325,2326,-1,
2324,2326,2327,-1,
2328,2329,2330,-1,
2328,2330,2331,-1,
2332,2331,2333,-1,
2332,2328,2331,-1,
2334,2333,2335,-1,
2334,2332,2333,-1,
2336,2335,2337,-1,
2336,2334,2335,-1,
2338,2337,2339,-1,
2338,2336,2337,-1,
2340,2339,2341,-1,
2340,2338,2339,-1,
2342,2341,2343,-1,
2342,2340,2341,-1,
2344,2342,2343,-1,
2344,2343,2345,-1,
2346,2344,2345,-1,
2346,2345,2347,-1,
2348,2346,2347,-1,
2348,2347,2349,-1,
2350,2348,2349,-1,
2350,2349,2351,-1,
2352,2350,2351,-1,
2352,2353,2354,-1,
2352,2351,2353,-1,
2355,2352,2354,-1,
2356,2354,2357,-1,
2356,2355,2354,-1,
2358,2357,2359,-1,
2358,2356,2357,-1,
2360,2359,2361,-1,
2360,2358,2359,-1,
2362,2361,2363,-1,
2362,2360,2361,-1,
2364,2363,2365,-1,
2364,2362,2363,-1,
2366,2365,2367,-1,
2366,2364,2365,-1,
2368,2367,2369,-1,
2368,2366,2367,-1,
2370,2369,2371,-1,
2370,2368,2369,-1,
2372,2371,2373,-1,
2372,2370,2371,-1,
2374,2373,2375,-1,
2374,2372,2373,-1,
2376,2375,2377,-1,
2376,2374,2375,-1,
2378,2377,2379,-1,
2378,2376,2377,-1,
2380,2379,2381,-1,
2380,2378,2379,-1,
2382,2381,2383,-1,
2382,2380,2381,-1,
2384,2383,2385,-1,
2384,2382,2383,-1,
2386,2385,2387,-1,
2386,2384,2385,-1,
2388,2387,2389,-1,
2388,2386,2387,-1,
2390,2389,2391,-1,
2390,2388,2389,-1,
2392,2391,2393,-1,
2392,2390,2391,-1,
2394,2395,2396,-1,
2394,2396,2397,-1,
2398,2399,2400,-1,
2400,2399,2401,-1,
2401,2402,2403,-1,
2399,2402,2401,-1,
2403,2404,2405,-1,
2402,2404,2403,-1,
2405,2406,2407,-1,
2404,2406,2405,-1,
2407,2408,2409,-1,
2406,2408,2407,-1,
2409,2410,2411,-1,
2408,2410,2409,-1,
2411,2412,2413,-1,
2410,2412,2411,-1,
2413,2414,2415,-1,
2412,2414,2413,-1,
2414,2416,2415,-1,
2415,2416,2417,-1,
2416,2418,2417,-1,
2417,2418,2419,-1,
2418,2420,2419,-1,
2419,2420,2421,-1,
2420,2422,2421,-1,
2421,2422,2423,-1,
2422,2424,2423,-1,
2423,2424,2425,-1,
2424,2426,2425,-1,
2425,2426,2427,-1,
2426,2428,2427,-1,
2427,2428,2429,-1,
2428,2430,2429,-1,
2429,2430,2431,-1,
2430,2432,2431,-1,
2431,2432,2433,-1,
2432,2434,2433,-1,
2433,2434,2435,-1,
2434,2436,2435,-1,
2435,2436,2437,-1,
2437,2436,2438,-1,
2436,2439,2438,-1,
2438,2440,2441,-1,
2439,2440,2438,-1,
2440,2442,2441,-1,
2441,2442,2443,-1,
2443,2444,2445,-1,
2442,2444,2443,-1,
2445,2446,2447,-1,
2444,2446,2445,-1,
2447,2448,2449,-1,
2446,2448,2447,-1,
2449,2450,2451,-1,
2451,2450,2452,-1,
2448,2450,2449,-1,
2450,2453,2452,-1,
2452,2454,2455,-1,
2455,2454,2456,-1,
2453,2454,2452,-1,
2454,2457,2456,-1,
2456,2458,2459,-1,
2457,2458,2456,-1,
2459,2460,2461,-1,
2458,2460,2459,-1,
2461,2462,2463,-1,
2460,2462,2461,-1,
2464,2465,2466,-1,
2464,2466,2467,-1,
2468,2469,2470,-1,
2468,2471,2469,-1,
2472,2473,2474,-1,
2472,2474,2475,-1,
2476,2472,2475,-1,
2476,2475,2477,-1,
2478,2476,2477,-1,
2478,2477,2479,-1,
2480,2478,2479,-1,
2480,2479,2481,-1,
2482,2480,2481,-1,
2482,2481,2483,-1,
2484,2482,2483,-1,
2484,2483,2485,-1,
2486,2484,2485,-1,
2486,2485,2487,-1,
2488,2486,2487,-1,
2488,2487,2489,-1,
2490,2488,2489,-1,
2490,2489,2491,-1,
2492,2491,2493,-1,
2492,2490,2491,-1,
2494,2493,2495,-1,
2494,2492,2493,-1,
2496,2495,2497,-1,
2496,2494,2495,-1,
2498,2497,2499,-1,
2498,2496,2497,-1,
2500,2501,2502,-1,
2500,2499,2501,-1,
2500,2498,2499,-1,
2503,2500,2502,-1,
2504,2502,2505,-1,
2504,2503,2502,-1,
2506,2505,2507,-1,
2506,2504,2505,-1,
2508,2507,2509,-1,
2508,2506,2507,-1,
2510,2511,2512,-1,
2510,2509,2511,-1,
2510,2508,2509,-1,
2513,2510,2512,-1,
2514,2512,2515,-1,
2514,2513,2512,-1,
2516,2515,2517,-1,
2516,2514,2515,-1,
2518,2517,2519,-1,
2518,2516,2517,-1,
2520,2519,2521,-1,
2520,2518,2519,-1,
2522,2523,2524,-1,
2522,2521,2523,-1,
2522,2520,2521,-1,
2525,2522,2524,-1,
2526,2525,2524,-1,
2526,2524,2527,-1,
2528,2526,2527,-1,
2528,2527,2529,-1,
2530,2528,2529,-1,
2530,2529,2531,-1,
2532,2533,2534,-1,
2532,2531,2533,-1,
2532,2530,2531,-1,
2535,2532,2534,-1,
2536,2534,2537,-1,
2536,2535,2534,-1,
2538,2537,2539,-1,
2538,2536,2537,-1,
2540,2539,2541,-1,
2540,2538,2539,-1,
2542,2541,2543,-1,
2542,2540,2541,-1,
2544,2543,2545,-1,
2544,2542,2543,-1,
2546,2545,2547,-1,
2546,2544,2545,-1,
2548,2547,2549,-1,
2548,2546,2547,-1,
2550,2551,2552,-1,
2550,2549,2551,-1,
2550,2548,2549,-1,
2553,2550,2552,-1,
2554,2555,2556,-1,
2554,2552,2555,-1,
2554,2553,2552,-1,
2557,2554,2556,-1,
2558,2556,2559,-1,
2558,2557,2556,-1,
2560,2559,2561,-1,
2560,2558,2559,-1,
2562,2563,2564,-1,
2562,2564,2565,-1,
2566,2567,2568,-1,
2566,2569,2567,-1,
2570,2571,2572,-1,
2570,2572,2573,-1,
2574,2575,2576,-1,
2574,2576,2577,-1,
2578,2577,2579,-1,
2578,2574,2577,-1,
2580,2579,2581,-1,
2580,2578,2579,-1,
2582,2581,2583,-1,
2582,2580,2581,-1,
2584,2583,2585,-1,
2584,2582,2583,-1,
2586,2585,2587,-1,
2586,2584,2585,-1,
2588,2587,2589,-1,
2588,2586,2587,-1,
2590,2589,2591,-1,
2590,2588,2589,-1,
2592,2591,2593,-1,
2592,2590,2591,-1,
2594,2593,2595,-1,
2594,2592,2593,-1,
2596,2595,2597,-1,
2596,2594,2595,-1,
2598,2597,2599,-1,
2598,2596,2597,-1,
2600,2601,2602,-1,
2600,2599,2601,-1,
2600,2598,2599,-1,
2603,2600,2602,-1,
2604,2605,2606,-1,
2604,2607,2605,-1,
2608,2609,2610,-1,
2608,2610,2611,-1,
2612,2613,2614,-1,
2612,2614,2615,-1,
2616,2617,2618,-1,
2616,2618,2619,-1,
2620,2619,2621,-1,
2620,2616,2619,-1,
2622,2621,2623,-1,
2622,2620,2621,-1,
2624,2623,2625,-1,
2624,2622,2623,-1,
2626,2625,2627,-1,
2626,2624,2625,-1,
2628,2627,2629,-1,
2628,2626,2627,-1,
2630,2629,2631,-1,
2630,2628,2629,-1,
2632,2631,2633,-1,
2632,2630,2631,-1,
2634,2633,2635,-1,
2634,2632,2633,-1,
2636,2637,2638,-1,
2636,2635,2637,-1,
2636,2634,2635,-1,
2639,2636,2638,-1,
2640,2641,2642,-1,
2640,2643,2641,-1,
2644,2645,2646,-1,
2644,2647,2645,-1,
2648,2646,2649,-1,
2648,2644,2646,-1,
2650,2649,2651,-1,
2650,2648,2649,-1,
2652,2651,2653,-1,
2652,2650,2651,-1,
2654,2653,2655,-1,
2654,2652,2653,-1,
2656,2655,2657,-1,
2656,2654,2655,-1,
2658,2657,2659,-1,
2658,2656,2657,-1,
2660,2659,2661,-1,
2660,2658,2659,-1,
2662,2661,2663,-1,
2662,2660,2661,-1,
2664,2663,2665,-1,
2664,2662,2663,-1,
2666,2665,2667,-1,
2666,2664,2665,-1,
2668,2667,2669,-1,
2668,2666,2667,-1,
2670,2669,2671,-1,
2670,2668,2669,-1,
2672,2673,2674,-1,
2672,2671,2673,-1,
2672,2670,2671,-1,
2675,2672,2674,-1,
2676,2675,2674,-1,
2676,2674,2677,-1,
2678,2679,2680,-1,
2678,2680,2681,-1,
2682,2683,2684,-1,
2682,2684,2685,-1,
2686,2687,2688,-1,
2686,2688,2689,-1,
2690,2689,2691,-1,
2690,2686,2689,-1,
2692,2691,2693,-1,
2692,2690,2691,-1,
2694,2693,2695,-1,
2694,2692,2693,-1,
2696,2695,2697,-1,
2696,2694,2695,-1,
2698,2697,2699,-1,
2698,2696,2697,-1,
2700,2699,2701,-1,
2700,2698,2699,-1,
2702,2700,2701,-1,
2702,2701,2703,-1,
2704,2702,2703,-1,
2704,2703,2705,-1,
2706,2704,2705,-1,
2706,2705,2707,-1,
2708,2706,2707,-1,
2708,2707,2709,-1,
2710,2708,2709,-1,
2710,2711,2712,-1,
2710,2709,2711,-1,
2713,2710,2712,-1,
2714,2712,2715,-1,
2714,2713,2712,-1,
2716,2715,2717,-1,
2716,2714,2715,-1,
2718,2717,2719,-1,
2718,2716,2717,-1,
2720,2719,2721,-1,
2720,2718,2719,-1,
2722,2721,2723,-1,
2722,2720,2721,-1,
2724,2723,2725,-1,
2724,2722,2723,-1,
2726,2725,2727,-1,
2726,2724,2725,-1,
2728,2727,2729,-1,
2728,2726,2727,-1,
2730,2729,2731,-1,
2730,2728,2729,-1,
2732,2731,2733,-1,
2732,2730,2731,-1,
2734,2733,2735,-1,
2734,2732,2733,-1,
2736,2735,2737,-1,
2736,2734,2735,-1,
2738,2737,2739,-1,
2738,2736,2737,-1,
2740,2739,2741,-1,
2740,2738,2739,-1,
2742,2741,2743,-1,
2742,2740,2741,-1,
2744,2743,2745,-1,
2744,2742,2743,-1,
2746,2745,2747,-1,
2746,2744,2745,-1,
2748,2747,2749,-1,
2748,2746,2747,-1,
2750,2749,2751,-1,
2750,2748,2749,-1,
2752,2753,2754,-1,
2752,2754,2755,-1,
2756,2757,2758,-1,
2758,2757,2759,-1,
2759,2760,2761,-1,
2757,2760,2759,-1,
2761,2762,2763,-1,
2760,2762,2761,-1,
2763,2764,2765,-1,
2762,2764,2763,-1,
2765,2766,2767,-1,
2764,2766,2765,-1,
2767,2768,2769,-1,
2766,2768,2767,-1,
2769,2770,2771,-1,
2768,2770,2769,-1,
2771,2772,2773,-1,
2770,2772,2771,-1,
2772,2774,2773,-1,
2773,2774,2775,-1,
2774,2776,2775,-1,
2775,2776,2777,-1,
2776,2778,2777,-1,
2777,2778,2779,-1,
2778,2780,2779,-1,
2779,2780,2781,-1,
2780,2782,2781,-1,
2781,2782,2783,-1,
2782,2784,2783,-1,
2783,2784,2785,-1,
2784,2786,2785,-1,
2785,2786,2787,-1,
2786,2788,2787,-1,
2787,2788,2789,-1,
2788,2790,2789,-1,
2789,2790,2791,-1,
2790,2792,2791,-1,
2791,2792,2793,-1,
2792,2794,2793,-1,
2793,2794,2795,-1,
2795,2794,2796,-1,
2794,2797,2796,-1,
2796,2798,2799,-1,
2797,2798,2796,-1,
2798,2800,2799,-1,
2799,2800,2801,-1,
2801,2802,2803,-1,
2800,2802,2801,-1,
2803,2804,2805,-1,
2802,2804,2803,-1,
2805,2806,2807,-1,
2804,2806,2805,-1,
2807,2808,2809,-1,
2809,2808,2810,-1,
2806,2808,2807,-1,
2808,2811,2810,-1,
2810,2812,2813,-1,
2813,2812,2814,-1,
2811,2812,2810,-1,
2812,2815,2814,-1,
2814,2816,2817,-1,
2815,2816,2814,-1,
2817,2818,2819,-1,
2816,2818,2817,-1,
2819,2820,2821,-1,
2818,2820,2819,-1,
2822,2823,2824,-1,
2822,2824,2825,-1,
2826,2827,2828,-1,
2826,2829,2827,-1,
2830,2831,2832,-1,
2830,2832,2833,-1,
2834,2830,2833,-1,
2834,2833,2835,-1,
2836,2834,2835,-1,
2836,2835,2837,-1,
2838,2836,2837,-1,
2838,2837,2839,-1,
2840,2838,2839,-1,
2840,2839,2841,-1,
2842,2840,2841,-1,
2842,2841,2843,-1,
2844,2842,2843,-1,
2844,2843,2845,-1,
2846,2844,2845,-1,
2846,2845,2847,-1,
2848,2846,2847,-1,
2848,2847,2849,-1,
2850,2849,2851,-1,
2850,2848,2849,-1,
2852,2851,2853,-1,
2852,2850,2851,-1,
2854,2853,2855,-1,
2854,2852,2853,-1,
2856,2855,2857,-1,
2856,2854,2855,-1,
2858,2859,2860,-1,
2858,2857,2859,-1,
2858,2856,2857,-1,
2861,2858,2860,-1,
2862,2860,2863,-1,
2862,2861,2860,-1,
2864,2863,2865,-1,
2864,2862,2863,-1,
2866,2865,2867,-1,
2866,2864,2865,-1,
2868,2869,2870,-1,
2868,2867,2869,-1,
2868,2866,2867,-1,
2871,2868,2870,-1,
2872,2870,2873,-1,
2872,2871,2870,-1,
2874,2873,2875,-1,
2874,2872,2873,-1,
2876,2875,2877,-1,
2876,2874,2875,-1,
2878,2877,2879,-1,
2878,2876,2877,-1,
2880,2881,2882,-1,
2880,2879,2881,-1,
2880,2878,2879,-1,
2883,2880,2882,-1,
2884,2883,2882,-1,
2884,2882,2885,-1,
2886,2884,2885,-1,
2886,2885,2887,-1,
2888,2886,2887,-1,
2888,2887,2889,-1,
2890,2891,2892,-1,
2890,2889,2891,-1,
2890,2888,2889,-1,
2893,2890,2892,-1,
2894,2892,2895,-1,
2894,2893,2892,-1,
2896,2895,2897,-1,
2896,2894,2895,-1,
2898,2897,2899,-1,
2898,2896,2897,-1,
2900,2899,2901,-1,
2900,2898,2899,-1,
2902,2901,2903,-1,
2902,2900,2901,-1,
2904,2903,2905,-1,
2904,2902,2903,-1,
2906,2905,2907,-1,
2906,2904,2905,-1,
2908,2909,2910,-1,
2908,2907,2909,-1,
2908,2906,2907,-1,
2911,2908,2910,-1,
2912,2913,2914,-1,
2912,2910,2913,-1,
2912,2911,2910,-1,
2915,2912,2914,-1,
2916,2914,2917,-1,
2916,2915,2914,-1,
2918,2917,2919,-1,
2918,2916,2917,-1,
2920,2921,2922,-1,
2920,2922,2923,-1,
2924,2925,2926,-1,
2924,2927,2925,-1,
2928,2929,2930,-1,
2928,2930,2931,-1,
2932,2933,2934,-1,
2932,2934,2935,-1,
2936,2937,2938,-1,
2936,2938,2939,-1,
    ]
    creaseAngle 0.5
  }
}
