ISO-10303-21;
HEADER;
FILE_DESCRIPTION(('FreeCAD Model'),'2;1');
FILE_NAME('Open CASCADE Shape Model','2026-09-10T18:14:46',('FreeCAD'),(
    'FreeCAD'),'Open CASCADE STEP processor 7.8','FreeCAD','Unknown');
FILE_SCHEMA(('AUTOMOTIVE_DESIGN { 1 0 10303 214 1 1 1 1 }'));
ENDSEC;
DATA;
#1 = APPLICATION_PROTOCOL_DEFINITION('international standard',
  'automotive_design',2000,#2);
#2 = APPLICATION_CONTEXT(
  'core data for automotive mechanical design processes');
#3 = SHAPE_DEFINITION_REPRESENTATION(#4,#10);
#4 = PRODUCT_DEFINITION_SHAPE('','',#5);
#5 = PRODUCT_DEFINITION('design','',#6,#9);
#6 = PRODUCT_DEFINITION_FORMATION('','',#7);
#7 = PRODUCT('Open CASCADE STEP translator 7.8 13',
  'Open CASCADE STEP translator 7.8 13','',(#8));
#8 = PRODUCT_CONTEXT('',#2,'mechanical');
#9 = PRODUCT_DEFINITION_CONTEXT('part definition',#2,'design');
#10 = SHAPE_REPRESENTATION('',(#11,#15,#15482,#15499,#15516,#15533,
    #15550,#15567,#15584,#15601,#15618,#15635,#15652,#15669,#15686,
    #15703,#15720,#15737,#15759),#15767);
#11 = AXIS2_PLACEMENT_3D('',#12,#13,#14);
#12 = CARTESIAN_POINT('',(0.,0.,0.));
#13 = DIRECTION('',(0.,0.,1.));
#14 = DIRECTION('',(1.,0.,-0.));
#15 = MANIFOLD_SOLID_BREP('',#16);
#16 = CLOSED_SHELL('',(#17,#59,#92,#134,#176,#218,#260,#958,#999,#1089,
    #1136,#1167,#1667,#1746,#1770,#1842,#1859,#1876,#1893,#1910,#2183,
    #2214,#2238,#2277,#2316,#2347,#2379,#2410,#2434,#2466,#2661,#2693,
    #2724,#2742,#2970,#2986,#3003,#3053,#3070,#3094,#3111,#3128,#3140,
    #3165,#3283,#3305,#3322,#3363,#3380,#3391,#3408,#3432,#3449,#3466,
    #3483,#3495,#3512,#3529,#3541,#3558,#3575,#3592,#3604,#3701,#3723,
    #3745,#3767,#3784,#3801,#3813,#3830,#3847,#3859,#3933,#3957,#3981,
    #3998,#4010,#4067,#4107,#4147,#4211,#4235,#4355,#4372,#4394,#4416,
    #4438,#4464,#4532,#4544,#4563,#4606,#4653,#4709,#4763,#4811,#4828,
    #4856,#4880,#5409,#5456,#5537,#5569,#5593,#5625,#5706,#5746,#5763,
    #5780,#5792,#5814,#5831,#5848,#5865,#5882,#5899,#5911,#6344,#6356,
    #6378,#6400,#6422,#6444,#6466,#6488,#6510,#6532,#6554,#6576,#6598,
    #6620,#6637,#6649,#6681,#6748,#6795,#6819,#6844,#6911,#6958,#6975,
    #6987,#7004,#7021,#7038,#7055,#7072,#7089,#7101,#7118,#7135,#7152,
    #7169,#7181,#7206,#7273,#7320,#7337,#7349,#7366,#7383,#7400,#7417,
    #7434,#7451,#7463,#7485,#7584,#7706,#7753,#7784,#7822,#7898,#8011,
    #8028,#8045,#8057,#8069,#8081,#8098,#8115,#8127,#8158,#8189,#8206,
    #8223,#8235,#8252,#8284,#8351,#8377,#8401,#8426,#8493,#8524,#8541,
    #8553,#8570,#8587,#8604,#8621,#8638,#8655,#8667,#8684,#8696,#8708,
    #8725,#8742,#8759,#8785,#8802,#8814,#8831,#8843,#8855,#8902,#8934,
    #9001,#9025,#9065,#9097,#9164,#9181,#9198,#9215,#9227,#9244,#9261,
    #9273,#9290,#9307,#9324,#9341,#9358,#9375,#9387,#9419,#9486,#9533,
    #9557,#9582,#9649,#9696,#9713,#9725,#9742,#9759,#9776,#9793,#9810,
    #9827,#9839,#9856,#9873,#9890,#9907,#9919,#9966,#10033,#10065,#10089
    ,#10129,#10196,#10228,#10245,#10262,#10279,#10291,#10308,#10325,
    #10342,#10359,#10376,#10393,#10405,#10422,#10439,#10451,#10498,
    #10565,#10597,#10621,#10661,#10728,#10760,#10777,#10794,#10811,
    #10823,#10840,#10857,#10874,#10891,#10908,#10925,#10937,#10954,
    #10971,#10983,#11030,#11097,#11129,#11153,#11193,#11260,#11292,
    #11309,#11326,#11343,#11355,#11372,#11389,#11406,#11423,#11440,
    #11457,#11469,#11486,#11503,#11515,#11562,#11629,#11661,#11685,
    #11725,#11792,#11824,#11841,#11858,#11875,#11887,#11904,#11921,
    #11938,#11955,#11972,#11989,#12001,#12018,#12035,#12047,#12094,
    #12161,#12193,#12217,#12257,#12324,#12356,#12373,#12390,#12407,
    #12419,#12436,#12453,#12470,#12487,#12504,#12521,#12533,#12550,
    #12567,#12579,#12626,#12693,#12725,#12749,#12789,#12856,#12888,
    #12905,#12922,#12939,#12951,#12968,#12985,#13002,#13019,#13036,
    #13053,#13065,#13082,#13099,#13111,#13158,#13225,#13257,#13281,
    #13321,#13388,#13420,#13437,#13454,#13471,#13483,#13500,#13517,
    #13534,#13551,#13568,#13585,#13597,#13614,#13631,#13643,#13690,
    #13757,#13789,#13813,#13853,#13920,#13952,#13969,#13986,#14003,
    #14015,#14032,#14049,#14066,#14083,#14100,#14117,#14129,#14146,
    #14163,#14175,#14192,#14209,#14226,#14238,#14262,#14326,#14358,
    #14387,#14406,#14430,#14461,#14478,#14509,#14564,#14588,#14620,
    #14649,#14663,#14688,#14705,#14729,#14741,#14759,#14771,#14794,
    #14817,#14835,#14857,#14869,#14881,#14894,#14911,#14935,#14952,
    #14983,#15000,#15017,#15039,#15051,#15068,#15080,#15121,#15145,
    #15169,#15186,#15198,#15210,#15222,#15234,#15246,#15258,#15275,
    #15292,#15304,#15321,#15333,#15349,#15366,#15377,#15408,#15433,
    #15451,#15469));
#17 = ADVANCED_FACE('',(#18),#54,.T.);
#18 = FACE_BOUND('',#19,.T.);
#19 = EDGE_LOOP('',(#20,#30,#39,#47));
#20 = ORIENTED_EDGE('',*,*,#21,.F.);
#21 = EDGE_CURVE('',#22,#24,#26,.T.);
#22 = VERTEX_POINT('',#23);
#23 = CARTESIAN_POINT('',(-1.649999142857,4.147734347539,-0.578777239088
    ));
#24 = VERTEX_POINT('',#25);
#25 = CARTESIAN_POINT('',(-1.649999142857,3.997730734283,-0.728781574011
    ));
#26 = LINE('',#27,#28);
#27 = CARTESIAN_POINT('',(-1.649999142857,4.072735595927,-0.653775082534
    ));
#28 = VECTOR('',#29,1.);
#29 = DIRECTION('',(-8.659466478012E-17,-0.707099098617,-0.707114463673)
  );
#30 = ORIENTED_EDGE('',*,*,#31,.T.);
#31 = EDGE_CURVE('',#22,#32,#34,.T.);
#32 = VERTEX_POINT('',#33);
#33 = CARTESIAN_POINT('',(-1.299999142857,3.797734347539,-0.578777239088
    ));
#34 = CIRCLE('',#35,0.35);
#35 = AXIS2_PLACEMENT_3D('',#36,#37,#38);
#36 = CARTESIAN_POINT('',(-1.649999142857,3.797734347539,-0.578777239088
    ));
#37 = DIRECTION('',(1.499759782662E-32,1.224646799147E-16,-1.));
#38 = DIRECTION('',(-1.,1.224646799147E-16,0.));
#39 = ORIENTED_EDGE('',*,*,#40,.F.);
#40 = EDGE_CURVE('',#41,#32,#43,.T.);
#41 = VERTEX_POINT('',#42);
#42 = CARTESIAN_POINT('',(-1.450002756117,3.797734347539,-0.728781574011
    ));
#43 = LINE('',#44,#45);
#44 = CARTESIAN_POINT('',(-1.450001316706,3.797734347539,-0.728780134591
    ));
#45 = VECTOR('',#46,1.);
#46 = DIRECTION('',(0.707104647148,-1.093987217323E-09,0.707108915219));
#47 = ORIENTED_EDGE('',*,*,#48,.F.);
#48 = EDGE_CURVE('',#24,#41,#49,.T.);
#49 = CIRCLE('',#50,0.199996386744);
#50 = AXIS2_PLACEMENT_3D('',#51,#52,#53);
#51 = CARTESIAN_POINT('',(-1.649999142857,3.797734347539,-0.728781574011
    ));
#52 = DIRECTION('',(1.499759782662E-32,1.224646799147E-16,-1.));
#53 = DIRECTION('',(-1.,1.224646799147E-16,0.));
#54 = CONICAL_SURFACE('',#55,0.275001248388,0.785387298662);
#55 = AXIS2_PLACEMENT_3D('',#56,#57,#58);
#56 = CARTESIAN_POINT('',(-1.649999142857,3.797734347539,-0.653775082534
    ));
#57 = DIRECTION('',(-1.499759782662E-32,-1.224646799147E-16,1.));
#58 = DIRECTION('',(-1.224646799147E-16,-1.,-1.224646799147E-16));
#59 = ADVANCED_FACE('',(#60),#87,.T.);
#60 = FACE_BOUND('',#61,.T.);
#61 = EDGE_LOOP('',(#62,#72,#79,#80));
#62 = ORIENTED_EDGE('',*,*,#63,.F.);
#63 = EDGE_CURVE('',#64,#66,#68,.T.);
#64 = VERTEX_POINT('',#65);
#65 = CARTESIAN_POINT('',(-1.649999142857,3.597737960795,-0.728781574011
    ));
#66 = VERTEX_POINT('',#67);
#67 = CARTESIAN_POINT('',(-1.649999142857,3.447734347539,-0.578777239088
    ));
#68 = LINE('',#69,#70);
#69 = CARTESIAN_POINT('',(-1.649999142857,3.522733099151,-0.653775082534
    ));
#70 = VECTOR('',#71,1.);
#71 = DIRECTION('',(-8.659466478012E-17,-0.707099098617,0.707114463673)
  );
#72 = ORIENTED_EDGE('',*,*,#73,.F.);
#73 = EDGE_CURVE('',#41,#64,#74,.T.);
#74 = CIRCLE('',#75,0.199996386744);
#75 = AXIS2_PLACEMENT_3D('',#76,#77,#78);
#76 = CARTESIAN_POINT('',(-1.649999142857,3.797734347539,-0.728781574011
    ));
#77 = DIRECTION('',(1.499759782662E-32,1.224646799147E-16,-1.));
#78 = DIRECTION('',(1.,-1.224646799147E-16,0.));
#79 = ORIENTED_EDGE('',*,*,#40,.T.);
#80 = ORIENTED_EDGE('',*,*,#81,.T.);
#81 = EDGE_CURVE('',#32,#66,#82,.T.);
#82 = CIRCLE('',#83,0.35);
#83 = AXIS2_PLACEMENT_3D('',#84,#85,#86);
#84 = CARTESIAN_POINT('',(-1.649999142857,3.797734347539,-0.578777239088
    ));
#85 = DIRECTION('',(1.499759782662E-32,1.224646799147E-16,-1.));
#86 = DIRECTION('',(1.,-1.224646799147E-16,0.));
#87 = CONICAL_SURFACE('',#88,0.275001248388,0.785387298662);
#88 = AXIS2_PLACEMENT_3D('',#89,#90,#91);
#89 = CARTESIAN_POINT('',(-1.649999142857,3.797734347539,-0.653775082534
    ));
#90 = DIRECTION('',(-1.499759782662E-32,-1.224646799147E-16,1.));
#91 = DIRECTION('',(-1.224646799147E-16,-1.,-1.224646799147E-16));
#92 = ADVANCED_FACE('',(#93),#129,.F.);
#93 = FACE_BOUND('',#94,.F.);
#94 = EDGE_LOOP('',(#95,#106,#114,#123));
#95 = ORIENTED_EDGE('',*,*,#96,.F.);
#96 = EDGE_CURVE('',#97,#99,#101,.T.);
#97 = VERTEX_POINT('',#98);
#98 = CARTESIAN_POINT('',(18.257358500778,0.203324386995,-1.015791575051
    ));
#99 = VERTEX_POINT('',#100);
#100 = CARTESIAN_POINT('',(18.300000857143,0.203870476223,
    -1.097704959202));
#101 = CIRCLE('',#102,0.1);
#102 = AXIS2_PLACEMENT_3D('',#103,#104,#105);
#103 = CARTESIAN_POINT('',(18.200000857143,0.203870476223,
    -1.097704959202));
#104 = DIRECTION('',(9.215718466127E-16,0.999977778518,
    6.666518523458E-03));
#105 = DIRECTION('',(0.573576436351,-5.460892276781E-03,0.819133841517)
  );
#106 = ORIENTED_EDGE('',*,*,#107,.F.);
#107 = EDGE_CURVE('',#108,#97,#110,.T.);
#108 = VERTEX_POINT('',#109);
#109 = CARTESIAN_POINT('',(18.257358500778,-0.245665635559,
    -1.018784841868));
#110 = LINE('',#111,#112);
#111 = CARTESIAN_POINT('',(18.257358500778,-0.245665635559,
    -1.018784841868));
#112 = VECTOR('',#113,1.);
#113 = DIRECTION('',(1.224619585681E-16,0.999977778518,
    6.666518523456E-03));
#114 = ORIENTED_EDGE('',*,*,#115,.T.);
#115 = EDGE_CURVE('',#108,#116,#118,.T.);
#116 = VERTEX_POINT('',#117);
#117 = CARTESIAN_POINT('',(18.300000857143,-0.245119546332,
    -1.100698226019));
#118 = CIRCLE('',#119,0.1);
#119 = AXIS2_PLACEMENT_3D('',#120,#121,#122);
#120 = CARTESIAN_POINT('',(18.200000857143,-0.245119546332,
    -1.100698226019));
#121 = DIRECTION('',(9.215718466127E-16,0.999977778518,
    6.666518523458E-03));
#122 = DIRECTION('',(0.573576436351,-5.460892276781E-03,0.819133841517)
  );
#123 = ORIENTED_EDGE('',*,*,#124,.T.);
#124 = EDGE_CURVE('',#116,#99,#125,.T.);
#125 = LINE('',#126,#127);
#126 = CARTESIAN_POINT('',(18.300000857143,-2.062453505445E-02,
    -1.09920159261));
#127 = VECTOR('',#128,1.);
#128 = DIRECTION('',(1.224619585681E-16,0.999977778518,
    6.666518523457E-03));
#129 = CYLINDRICAL_SURFACE('',#130,0.1);
#130 = AXIS2_PLACEMENT_3D('',#131,#132,#133);
#131 = CARTESIAN_POINT('',(18.200000857143,-0.245119546332,
    -1.100698226019));
#132 = DIRECTION('',(1.224619585681E-16,0.999977778518,
    6.666518523457E-03));
#133 = DIRECTION('',(1.,-1.224646799147E-16,0.));
#134 = ADVANCED_FACE('',(#135),#171,.T.);
#135 = FACE_BOUND('',#136,.T.);
#136 = EDGE_LOOP('',(#137,#147,#156,#164));
#137 = ORIENTED_EDGE('',*,*,#138,.F.);
#138 = EDGE_CURVE('',#139,#141,#143,.T.);
#139 = VERTEX_POINT('',#140);
#140 = CARTESIAN_POINT('',(18.550000857143,0.203870476223,
    -1.097704959202));
#141 = VERTEX_POINT('',#142);
#142 = CARTESIAN_POINT('',(18.550000857143,-0.245119546332,
    -1.100698226019));
#143 = LINE('',#144,#145);
#144 = CARTESIAN_POINT('',(18.550000857143,-2.062453505472E-02,
    -1.09920159261));
#145 = VECTOR('',#146,1.);
#146 = DIRECTION('',(-1.224619585681E-16,-0.999977778518,
    -6.666518523457E-03));
#147 = ORIENTED_EDGE('',*,*,#148,.T.);
#148 = EDGE_CURVE('',#139,#149,#151,.T.);
#149 = VERTEX_POINT('',#150);
#150 = CARTESIAN_POINT('',(18.400752609866,0.201959163926,
    -0.811008114671));
#151 = CIRCLE('',#152,0.35);
#152 = AXIS2_PLACEMENT_3D('',#153,#154,#155);
#153 = CARTESIAN_POINT('',(18.200000857143,0.203870476223,
    -1.097704959202));
#154 = DIRECTION('',(-1.919037845299E-16,-0.999977778518,
    -6.666518523457E-03));
#155 = DIRECTION('',(0.97685366458,1.426026093686E-03,-0.213903914053));
#156 = ORIENTED_EDGE('',*,*,#157,.F.);
#157 = EDGE_CURVE('',#158,#149,#160,.T.);
#158 = VERTEX_POINT('',#159);
#159 = CARTESIAN_POINT('',(18.400752609866,-0.247030858629,
    -0.814001381488));
#160 = LINE('',#161,#162);
#161 = CARTESIAN_POINT('',(18.400752609866,-0.247030858629,
    -0.814001381488));
#162 = VECTOR('',#163,1.);
#163 = DIRECTION('',(1.224619585681E-16,0.999977778518,
    6.666518523458E-03));
#164 = ORIENTED_EDGE('',*,*,#165,.F.);
#165 = EDGE_CURVE('',#141,#158,#166,.T.);
#166 = CIRCLE('',#167,0.35);
#167 = AXIS2_PLACEMENT_3D('',#168,#169,#170);
#168 = CARTESIAN_POINT('',(18.200000857143,-0.245119546332,
    -1.100698226019));
#169 = DIRECTION('',(-1.919037845299E-16,-0.999977778518,
    -6.666518523457E-03));
#170 = DIRECTION('',(0.97685366458,1.426026093686E-03,-0.213903914053));
#171 = CYLINDRICAL_SURFACE('',#172,0.35);
#172 = AXIS2_PLACEMENT_3D('',#173,#174,#175);
#173 = CARTESIAN_POINT('',(18.200000857143,-0.245119546332,
    -1.100698226019));
#174 = DIRECTION('',(1.224619585681E-16,0.999977778518,
    6.666518523457E-03));
#175 = DIRECTION('',(1.,-1.224646799147E-16,0.));
#176 = ADVANCED_FACE('',(#177),#213,.F.);
#177 = FACE_BOUND('',#178,.F.);
#178 = EDGE_LOOP('',(#179,#190,#198,#207));
#179 = ORIENTED_EDGE('',*,*,#180,.T.);
#180 = EDGE_CURVE('',#181,#183,#185,.T.);
#181 = VERTEX_POINT('',#182);
#182 = CARTESIAN_POINT('',(-0.299999142857,-0.245119546332,
    -1.100698226019));
#183 = VERTEX_POINT('',#184);
#184 = CARTESIAN_POINT('',(-0.257356786497,-0.245665635559,
    -1.018784841868));
#185 = CIRCLE('',#186,0.1);
#186 = AXIS2_PLACEMENT_3D('',#187,#188,#189);
#187 = CARTESIAN_POINT('',(-0.199999142857,-0.245119546332,
    -1.100698226019));
#188 = DIRECTION('',(-1.575562597056E-15,0.999977778518,
    6.666518523457E-03));
#189 = DIRECTION('',(-0.976853664579,1.426026093685E-03,-0.213903914053)
  );
#190 = ORIENTED_EDGE('',*,*,#191,.T.);
#191 = EDGE_CURVE('',#183,#192,#194,.T.);
#192 = VERTEX_POINT('',#193);
#193 = CARTESIAN_POINT('',(-0.257356786497,0.203324386995,
    -1.015791575051));
#194 = LINE('',#195,#196);
#195 = CARTESIAN_POINT('',(-0.257356786497,-0.245665635559,
    -1.018784841868));
#196 = VECTOR('',#197,1.);
#197 = DIRECTION('',(1.224619585681E-16,0.999977778518,
    6.666518523458E-03));
#198 = ORIENTED_EDGE('',*,*,#199,.F.);
#199 = EDGE_CURVE('',#200,#192,#202,.T.);
#200 = VERTEX_POINT('',#201);
#201 = CARTESIAN_POINT('',(-0.299999142857,0.203870476223,
    -1.097704959202));
#202 = CIRCLE('',#203,0.1);
#203 = AXIS2_PLACEMENT_3D('',#204,#205,#206);
#204 = CARTESIAN_POINT('',(-0.199999142857,0.203870476223,
    -1.097704959202));
#205 = DIRECTION('',(-1.575562597056E-15,0.999977778518,
    6.666518523457E-03));
#206 = DIRECTION('',(-0.976853664579,1.426026093685E-03,-0.213903914053)
  );
#207 = ORIENTED_EDGE('',*,*,#208,.T.);
#208 = EDGE_CURVE('',#200,#181,#209,.T.);
#209 = LINE('',#210,#211);
#210 = CARTESIAN_POINT('',(-0.299999142857,-2.062453505444E-02,
    -1.09920159261));
#211 = VECTOR('',#212,1.);
#212 = DIRECTION('',(-1.224619585681E-16,-0.999977778518,
    -6.666518523457E-03));
#213 = CYLINDRICAL_SURFACE('',#214,0.1);
#214 = AXIS2_PLACEMENT_3D('',#215,#216,#217);
#215 = CARTESIAN_POINT('',(-0.199999142857,-0.245119546332,
    -1.100698226019));
#216 = DIRECTION('',(1.224619585681E-16,0.999977778518,
    6.666518523457E-03));
#217 = DIRECTION('',(1.,-1.224646799147E-16,0.));
#218 = ADVANCED_FACE('',(#219),#255,.T.);
#219 = FACE_BOUND('',#220,.T.);
#220 = EDGE_LOOP('',(#221,#231,#240,#248));
#221 = ORIENTED_EDGE('',*,*,#222,.F.);
#222 = EDGE_CURVE('',#223,#225,#227,.T.);
#223 = VERTEX_POINT('',#224);
#224 = CARTESIAN_POINT('',(-0.549999142857,-0.245119546332,
    -1.100698226019));
#225 = VERTEX_POINT('',#226);
#226 = CARTESIAN_POINT('',(-0.549999142857,0.203870476223,
    -1.097704959202));
#227 = LINE('',#228,#229);
#228 = CARTESIAN_POINT('',(-0.549999142857,-2.062453505472E-02,
    -1.09920159261));
#229 = VECTOR('',#230,1.);
#230 = DIRECTION('',(1.224619585681E-16,0.999977778518,
    6.666518523457E-03));
#231 = ORIENTED_EDGE('',*,*,#232,.F.);
#232 = EDGE_CURVE('',#233,#223,#235,.T.);
#233 = VERTEX_POINT('',#234);
#234 = CARTESIAN_POINT('',(-0.400750895577,-0.247030858629,
    -0.814001381488));
#235 = CIRCLE('',#236,0.35);
#236 = AXIS2_PLACEMENT_3D('',#237,#238,#239);
#237 = CARTESIAN_POINT('',(-0.199999142857,-0.245119546332,
    -1.100698226019));
#238 = DIRECTION('',(-2.797241605013E-16,-0.999977778518,
    -6.666518523457E-03));
#239 = DIRECTION('',(-0.573576436351,-5.46089227678E-03,0.819133841517)
  );
#240 = ORIENTED_EDGE('',*,*,#241,.T.);
#241 = EDGE_CURVE('',#233,#242,#244,.T.);
#242 = VERTEX_POINT('',#243);
#243 = CARTESIAN_POINT('',(-0.400750895577,0.201959163926,
    -0.811008114671));
#244 = LINE('',#245,#246);
#245 = CARTESIAN_POINT('',(-0.400750895577,-0.247030858629,
    -0.814001381488));
#246 = VECTOR('',#247,1.);
#247 = DIRECTION('',(1.224619585681E-16,0.999977778518,
    6.666518523458E-03));
#248 = ORIENTED_EDGE('',*,*,#249,.T.);
#249 = EDGE_CURVE('',#242,#225,#250,.T.);
#250 = CIRCLE('',#251,0.35);
#251 = AXIS2_PLACEMENT_3D('',#252,#253,#254);
#252 = CARTESIAN_POINT('',(-0.199999142857,0.203870476223,
    -1.097704959202));
#253 = DIRECTION('',(-2.797241605013E-16,-0.999977778518,
    -6.666518523457E-03));
#254 = DIRECTION('',(-0.573576436351,-5.46089227678E-03,0.819133841517)
  );
#255 = CYLINDRICAL_SURFACE('',#256,0.35);
#256 = AXIS2_PLACEMENT_3D('',#257,#258,#259);
#257 = CARTESIAN_POINT('',(-0.199999142857,-0.245119546332,
    -1.100698226019));
#258 = DIRECTION('',(1.224619585681E-16,0.999977778518,
    6.666518523457E-03));
#259 = DIRECTION('',(1.,-1.224646799147E-16,0.));
#260 = ADVANCED_FACE('',(#261,#457,#491,#525,#559,#593,#627,#661,#695,
    #729,#763,#797,#831,#865,#899,#933),#953,.F.);
#261 = FACE_BOUND('',#262,.T.);
#262 = EDGE_LOOP('',(#263,#273,#281,#289,#297,#305,#313,#321,#329,#338,
    #346,#354,#362,#370,#378,#387,#395,#403,#411,#419,#427,#435,#443,
    #451));
#263 = ORIENTED_EDGE('',*,*,#264,.F.);
#264 = EDGE_CURVE('',#265,#267,#269,.T.);
#265 = VERTEX_POINT('',#266);
#266 = CARTESIAN_POINT('',(-0.499999142857,-0.762265652461,
    -2.878230661791E-02));
#267 = VERTEX_POINT('',#268);
#268 = CARTESIAN_POINT('',(-0.499999142857,-0.512265652461,
    -2.878230661791E-02));
#269 = LINE('',#270,#271);
#270 = CARTESIAN_POINT('',(-0.499999142857,-0.762265652461,
    -2.878230661791E-02));
#271 = VECTOR('',#272,1.);
#272 = DIRECTION('',(1.224646799147E-16,1.,1.224646799147E-16));
#273 = ORIENTED_EDGE('',*,*,#274,.F.);
#274 = EDGE_CURVE('',#275,#265,#277,.T.);
#275 = VERTEX_POINT('',#276);
#276 = CARTESIAN_POINT('',(-2.199999142857,-0.762265652461,
    -2.878230661791E-02));
#277 = LINE('',#278,#279);
#278 = CARTESIAN_POINT('',(-2.199999142857,-0.762265652461,
    -2.878230661791E-02));
#279 = VECTOR('',#280,1.);
#280 = DIRECTION('',(1.,-1.224646799147E-16,0.));
#281 = ORIENTED_EDGE('',*,*,#282,.F.);
#282 = EDGE_CURVE('',#283,#275,#285,.T.);
#283 = VERTEX_POINT('',#284);
#284 = CARTESIAN_POINT('',(-2.199999142857,0.137734347539,
    -2.878230661791E-02));
#285 = LINE('',#286,#287);
#286 = CARTESIAN_POINT('',(-2.199999142857,0.137734347539,
    -2.878230661791E-02));
#287 = VECTOR('',#288,1.);
#288 = DIRECTION('',(-1.224646799147E-16,-1.,-1.224646799147E-16));
#289 = ORIENTED_EDGE('',*,*,#290,.T.);
#290 = EDGE_CURVE('',#283,#291,#293,.T.);
#291 = VERTEX_POINT('',#292);
#292 = CARTESIAN_POINT('',(-0.399999142857,0.137734347539,
    -2.878230661791E-02));
#293 = LINE('',#294,#295);
#294 = CARTESIAN_POINT('',(-2.199999142857,0.137734347539,
    -2.878230661791E-02));
#295 = VECTOR('',#296,1.);
#296 = DIRECTION('',(1.,-1.224646799147E-16,0.));
#297 = ORIENTED_EDGE('',*,*,#298,.T.);
#298 = EDGE_CURVE('',#291,#299,#301,.T.);
#299 = VERTEX_POINT('',#300);
#300 = CARTESIAN_POINT('',(-0.399999142857,3.147734347539,
    -2.878230661791E-02));
#301 = LINE('',#302,#303);
#302 = CARTESIAN_POINT('',(-0.399999142857,0.137734347539,
    -2.878230661791E-02));
#303 = VECTOR('',#304,1.);
#304 = DIRECTION('',(1.224646799147E-16,1.,1.224646799147E-16));
#305 = ORIENTED_EDGE('',*,*,#306,.F.);
#306 = EDGE_CURVE('',#307,#299,#309,.T.);
#307 = VERTEX_POINT('',#308);
#308 = CARTESIAN_POINT('',(-2.199999142857,3.147734347539,
    -2.878230661791E-02));
#309 = LINE('',#310,#311);
#310 = CARTESIAN_POINT('',(-2.199999142857,3.147734347539,
    -2.878230661791E-02));
#311 = VECTOR('',#312,1.);
#312 = DIRECTION('',(1.,-1.224646799147E-16,0.));
#313 = ORIENTED_EDGE('',*,*,#314,.F.);
#314 = EDGE_CURVE('',#315,#307,#317,.T.);
#315 = VERTEX_POINT('',#316);
#316 = CARTESIAN_POINT('',(-2.199999142857,4.887734347539,
    -2.878230661791E-02));
#317 = LINE('',#318,#319);
#318 = CARTESIAN_POINT('',(-2.199999142857,4.887734347539,
    -2.878230661791E-02));
#319 = VECTOR('',#320,1.);
#320 = DIRECTION('',(-1.224646799147E-16,-1.,-1.224646799147E-16));
#321 = ORIENTED_EDGE('',*,*,#322,.T.);
#322 = EDGE_CURVE('',#315,#323,#325,.T.);
#323 = VERTEX_POINT('',#324);
#324 = CARTESIAN_POINT('',(-0.899999142857,4.887734347539,
    -2.878230661791E-02));
#325 = LINE('',#326,#327);
#326 = CARTESIAN_POINT('',(-2.199999142857,4.887734347539,
    -2.878230661791E-02));
#327 = VECTOR('',#328,1.);
#328 = DIRECTION('',(1.,-1.224646799147E-16,0.));
#329 = ORIENTED_EDGE('',*,*,#330,.F.);
#330 = EDGE_CURVE('',#331,#323,#333,.T.);
#331 = VERTEX_POINT('',#332);
#332 = CARTESIAN_POINT('',(-0.699999142857,4.687734347539,
    -2.878230661791E-02));
#333 = CIRCLE('',#334,0.2);
#334 = AXIS2_PLACEMENT_3D('',#335,#336,#337);
#335 = CARTESIAN_POINT('',(-0.699999142857,4.887734347539,
    -2.878230661791E-02));
#336 = DIRECTION('',(1.499759782662E-32,1.224646799147E-16,-1.));
#337 = DIRECTION('',(-1.224646799147E-16,-1.,-1.224646799147E-16));
#338 = ORIENTED_EDGE('',*,*,#339,.F.);
#339 = EDGE_CURVE('',#340,#331,#342,.T.);
#340 = VERTEX_POINT('',#341);
#341 = CARTESIAN_POINT('',(9.250000857143,4.687734347539,
    -2.878230661791E-02));
#342 = LINE('',#343,#344);
#343 = CARTESIAN_POINT('',(9.250000857143,4.687734347539,
    -2.878230661791E-02));
#344 = VECTOR('',#345,1.);
#345 = DIRECTION('',(-1.,1.224646799147E-16,0.));
#346 = ORIENTED_EDGE('',*,*,#347,.F.);
#347 = EDGE_CURVE('',#348,#340,#350,.T.);
#348 = VERTEX_POINT('',#349);
#349 = CARTESIAN_POINT('',(9.250000857143,4.887734347539,
    -2.878230661791E-02));
#350 = LINE('',#351,#352);
#351 = CARTESIAN_POINT('',(9.250000857143,4.887734347539,
    -2.878230661791E-02));
#352 = VECTOR('',#353,1.);
#353 = DIRECTION('',(-1.224646799147E-16,-1.,-1.224646799147E-16));
#354 = ORIENTED_EDGE('',*,*,#355,.T.);
#355 = EDGE_CURVE('',#348,#356,#358,.T.);
#356 = VERTEX_POINT('',#357);
#357 = CARTESIAN_POINT('',(10.250000857143,4.887734347539,
    -2.878230661791E-02));
#358 = LINE('',#359,#360);
#359 = CARTESIAN_POINT('',(9.250000857143,4.887734347539,
    -2.878230661791E-02));
#360 = VECTOR('',#361,1.);
#361 = DIRECTION('',(1.,-1.224646799147E-16,0.));
#362 = ORIENTED_EDGE('',*,*,#363,.T.);
#363 = EDGE_CURVE('',#356,#364,#366,.T.);
#364 = VERTEX_POINT('',#365);
#365 = CARTESIAN_POINT('',(10.250000857143,4.687734347539,
    -2.878230661791E-02));
#366 = LINE('',#367,#368);
#367 = CARTESIAN_POINT('',(10.250000857143,4.887734347539,
    -2.878230661791E-02));
#368 = VECTOR('',#369,1.);
#369 = DIRECTION('',(-1.224646799147E-16,-1.,-1.224646799147E-16));
#370 = ORIENTED_EDGE('',*,*,#371,.F.);
#371 = EDGE_CURVE('',#372,#364,#374,.T.);
#372 = VERTEX_POINT('',#373);
#373 = CARTESIAN_POINT('',(20.200000857143,4.687734347539,
    -2.878230661791E-02));
#374 = LINE('',#375,#376);
#375 = CARTESIAN_POINT('',(20.200000857143,4.687734347539,
    -2.878230661791E-02));
#376 = VECTOR('',#377,1.);
#377 = DIRECTION('',(-1.,1.224646799147E-16,0.));
#378 = ORIENTED_EDGE('',*,*,#379,.F.);
#379 = EDGE_CURVE('',#380,#372,#382,.T.);
#380 = VERTEX_POINT('',#381);
#381 = CARTESIAN_POINT('',(20.400000857143,4.887734347539,
    -2.878230661791E-02));
#382 = CIRCLE('',#383,0.2);
#383 = AXIS2_PLACEMENT_3D('',#384,#385,#386);
#384 = CARTESIAN_POINT('',(20.200000857143,4.887734347539,
    -2.878230661791E-02));
#385 = DIRECTION('',(1.499759782662E-32,1.224646799147E-16,-1.));
#386 = DIRECTION('',(1.,-1.224646799147E-16,0.));
#387 = ORIENTED_EDGE('',*,*,#388,.T.);
#388 = EDGE_CURVE('',#380,#389,#391,.T.);
#389 = VERTEX_POINT('',#390);
#390 = CARTESIAN_POINT('',(21.700000857143,4.887734347539,
    -2.878230661791E-02));
#391 = LINE('',#392,#393);
#392 = CARTESIAN_POINT('',(20.400000857143,4.887734347539,
    -2.878230661791E-02));
#393 = VECTOR('',#394,1.);
#394 = DIRECTION('',(1.,-1.224646799147E-16,0.));
#395 = ORIENTED_EDGE('',*,*,#396,.F.);
#396 = EDGE_CURVE('',#397,#389,#399,.T.);
#397 = VERTEX_POINT('',#398);
#398 = CARTESIAN_POINT('',(21.700000857143,3.147734347539,
    -2.878230661791E-02));
#399 = LINE('',#400,#401);
#400 = CARTESIAN_POINT('',(21.700000857143,3.147734347539,
    -2.878230661791E-02));
#401 = VECTOR('',#402,1.);
#402 = DIRECTION('',(1.224646799147E-16,1.,1.224646799147E-16));
#403 = ORIENTED_EDGE('',*,*,#404,.F.);
#404 = EDGE_CURVE('',#405,#397,#407,.T.);
#405 = VERTEX_POINT('',#406);
#406 = CARTESIAN_POINT('',(19.900000857143,3.147734347539,
    -2.878230661791E-02));
#407 = LINE('',#408,#409);
#408 = CARTESIAN_POINT('',(19.900000857143,3.147734347539,
    -2.878230661791E-02));
#409 = VECTOR('',#410,1.);
#410 = DIRECTION('',(1.,-1.224646799147E-16,0.));
#411 = ORIENTED_EDGE('',*,*,#412,.F.);
#412 = EDGE_CURVE('',#413,#405,#415,.T.);
#413 = VERTEX_POINT('',#414);
#414 = CARTESIAN_POINT('',(19.900000857143,0.137734347539,
    -2.878230661791E-02));
#415 = LINE('',#416,#417);
#416 = CARTESIAN_POINT('',(19.900000857143,0.137734347539,
    -2.878230661791E-02));
#417 = VECTOR('',#418,1.);
#418 = DIRECTION('',(1.224646799147E-16,1.,1.224646799147E-16));
#419 = ORIENTED_EDGE('',*,*,#420,.T.);
#420 = EDGE_CURVE('',#413,#421,#423,.T.);
#421 = VERTEX_POINT('',#422);
#422 = CARTESIAN_POINT('',(21.700000857143,0.137734347539,
    -2.878230661791E-02));
#423 = LINE('',#424,#425);
#424 = CARTESIAN_POINT('',(19.900000857143,0.137734347539,
    -2.878230661791E-02));
#425 = VECTOR('',#426,1.);
#426 = DIRECTION('',(1.,-1.224646799147E-16,0.));
#427 = ORIENTED_EDGE('',*,*,#428,.F.);
#428 = EDGE_CURVE('',#429,#421,#431,.T.);
#429 = VERTEX_POINT('',#430);
#430 = CARTESIAN_POINT('',(21.700000857143,-0.762265652461,
    -2.878230661791E-02));
#431 = LINE('',#432,#433);
#432 = CARTESIAN_POINT('',(21.700000857143,-0.762265652461,
    -2.878230661791E-02));
#433 = VECTOR('',#434,1.);
#434 = DIRECTION('',(1.224646799147E-16,1.,1.224646799147E-16));
#435 = ORIENTED_EDGE('',*,*,#436,.F.);
#436 = EDGE_CURVE('',#437,#429,#439,.T.);
#437 = VERTEX_POINT('',#438);
#438 = CARTESIAN_POINT('',(20.000000857143,-0.762265652461,
    -2.878230661791E-02));
#439 = LINE('',#440,#441);
#440 = CARTESIAN_POINT('',(20.000000857143,-0.762265652461,
    -2.878230661791E-02));
#441 = VECTOR('',#442,1.);
#442 = DIRECTION('',(1.,-1.224646799147E-16,0.));
#443 = ORIENTED_EDGE('',*,*,#444,.T.);
#444 = EDGE_CURVE('',#437,#445,#447,.T.);
#445 = VERTEX_POINT('',#446);
#446 = CARTESIAN_POINT('',(20.000000857143,-0.512265652461,
    -2.878230661791E-02));
#447 = LINE('',#448,#449);
#448 = CARTESIAN_POINT('',(20.000000857143,-0.762265652461,
    -2.878230661791E-02));
#449 = VECTOR('',#450,1.);
#450 = DIRECTION('',(1.224646799147E-16,1.,1.224646799147E-16));
#451 = ORIENTED_EDGE('',*,*,#452,.T.);
#452 = EDGE_CURVE('',#445,#267,#453,.T.);
#453 = LINE('',#454,#455);
#454 = CARTESIAN_POINT('',(20.000000857143,-0.512265652461,
    -2.878230661791E-02));
#455 = VECTOR('',#456,1.);
#456 = DIRECTION('',(-1.,1.224646799147E-16,0.));
#457 = FACE_BOUND('',#458,.T.);
#458 = EDGE_LOOP('',(#459,#469,#477,#485));
#459 = ORIENTED_EDGE('',*,*,#460,.T.);
#460 = EDGE_CURVE('',#461,#463,#465,.T.);
#461 = VERTEX_POINT('',#462);
#462 = CARTESIAN_POINT('',(2.875000857143,-0.252265652461,
    -2.878230661791E-02));
#463 = VERTEX_POINT('',#464);
#464 = CARTESIAN_POINT('',(3.125000857143,-0.252265652461,
    -2.878230661791E-02));
#465 = LINE('',#466,#467);
#466 = CARTESIAN_POINT('',(2.875000857143,-0.252265652461,
    -2.878230661791E-02));
#467 = VECTOR('',#468,1.);
#468 = DIRECTION('',(1.,-1.224646799147E-16,0.));
#469 = ORIENTED_EDGE('',*,*,#470,.T.);
#470 = EDGE_CURVE('',#463,#471,#473,.T.);
#471 = VERTEX_POINT('',#472);
#472 = CARTESIAN_POINT('',(3.125000857143,0.217734347539,
    -2.878230661791E-02));
#473 = LINE('',#474,#475);
#474 = CARTESIAN_POINT('',(3.125000857143,-0.252265652461,
    -2.878230661791E-02));
#475 = VECTOR('',#476,1.);
#476 = DIRECTION('',(1.224646799147E-16,1.,1.224646799147E-16));
#477 = ORIENTED_EDGE('',*,*,#478,.F.);
#478 = EDGE_CURVE('',#479,#471,#481,.T.);
#479 = VERTEX_POINT('',#480);
#480 = CARTESIAN_POINT('',(2.875000857143,0.217734347539,
    -2.878230661791E-02));
#481 = LINE('',#482,#483);
#482 = CARTESIAN_POINT('',(2.875000857143,0.217734347539,
    -2.878230661791E-02));
#483 = VECTOR('',#484,1.);
#484 = DIRECTION('',(1.,-1.224646799147E-16,0.));
#485 = ORIENTED_EDGE('',*,*,#486,.F.);
#486 = EDGE_CURVE('',#461,#479,#487,.T.);
#487 = LINE('',#488,#489);
#488 = CARTESIAN_POINT('',(2.875000857143,-0.252265652461,
    -2.878230661791E-02));
#489 = VECTOR('',#490,1.);
#490 = DIRECTION('',(1.224646799147E-16,1.,1.224646799147E-16));
#491 = FACE_BOUND('',#492,.T.);
#492 = EDGE_LOOP('',(#493,#503,#511,#519));
#493 = ORIENTED_EDGE('',*,*,#494,.T.);
#494 = EDGE_CURVE('',#495,#497,#499,.T.);
#495 = VERTEX_POINT('',#496);
#496 = CARTESIAN_POINT('',(5.875000857143,-0.252265652461,
    -2.878230661791E-02));
#497 = VERTEX_POINT('',#498);
#498 = CARTESIAN_POINT('',(6.125000857143,-0.252265652461,
    -2.878230661791E-02));
#499 = LINE('',#500,#501);
#500 = CARTESIAN_POINT('',(5.875000857143,-0.252265652461,
    -2.878230661791E-02));
#501 = VECTOR('',#502,1.);
#502 = DIRECTION('',(1.,-1.224646799147E-16,0.));
#503 = ORIENTED_EDGE('',*,*,#504,.T.);
#504 = EDGE_CURVE('',#497,#505,#507,.T.);
#505 = VERTEX_POINT('',#506);
#506 = CARTESIAN_POINT('',(6.125000857143,0.217734347539,
    -2.878230661791E-02));
#507 = LINE('',#508,#509);
#508 = CARTESIAN_POINT('',(6.125000857143,-0.252265652461,
    -2.878230661791E-02));
#509 = VECTOR('',#510,1.);
#510 = DIRECTION('',(1.224646799147E-16,1.,1.224646799147E-16));
#511 = ORIENTED_EDGE('',*,*,#512,.F.);
#512 = EDGE_CURVE('',#513,#505,#515,.T.);
#513 = VERTEX_POINT('',#514);
#514 = CARTESIAN_POINT('',(5.875000857143,0.217734347539,
    -2.878230661791E-02));
#515 = LINE('',#516,#517);
#516 = CARTESIAN_POINT('',(5.875000857143,0.217734347539,
    -2.878230661791E-02));
#517 = VECTOR('',#518,1.);
#518 = DIRECTION('',(1.,-1.224646799147E-16,0.));
#519 = ORIENTED_EDGE('',*,*,#520,.F.);
#520 = EDGE_CURVE('',#495,#513,#521,.T.);
#521 = LINE('',#522,#523);
#522 = CARTESIAN_POINT('',(5.875000857143,-0.252265652461,
    -2.878230661791E-02));
#523 = VECTOR('',#524,1.);
#524 = DIRECTION('',(1.224646799147E-16,1.,1.224646799147E-16));
#525 = FACE_BOUND('',#526,.T.);
#526 = EDGE_LOOP('',(#527,#537,#545,#553));
#527 = ORIENTED_EDGE('',*,*,#528,.T.);
#528 = EDGE_CURVE('',#529,#531,#533,.T.);
#529 = VERTEX_POINT('',#530);
#530 = CARTESIAN_POINT('',(8.875000857143,-0.252265652461,
    -2.878230661791E-02));
#531 = VERTEX_POINT('',#532);
#532 = CARTESIAN_POINT('',(9.125000857143,-0.252265652461,
    -2.878230661791E-02));
#533 = LINE('',#534,#535);
#534 = CARTESIAN_POINT('',(8.875000857143,-0.252265652461,
    -2.878230661791E-02));
#535 = VECTOR('',#536,1.);
#536 = DIRECTION('',(1.,-1.224646799147E-16,0.));
#537 = ORIENTED_EDGE('',*,*,#538,.T.);
#538 = EDGE_CURVE('',#531,#539,#541,.T.);
#539 = VERTEX_POINT('',#540);
#540 = CARTESIAN_POINT('',(9.125000857143,0.217734347539,
    -2.878230661791E-02));
#541 = LINE('',#542,#543);
#542 = CARTESIAN_POINT('',(9.125000857143,-0.252265652461,
    -2.878230661791E-02));
#543 = VECTOR('',#544,1.);
#544 = DIRECTION('',(1.224646799147E-16,1.,1.224646799147E-16));
#545 = ORIENTED_EDGE('',*,*,#546,.F.);
#546 = EDGE_CURVE('',#547,#539,#549,.T.);
#547 = VERTEX_POINT('',#548);
#548 = CARTESIAN_POINT('',(8.875000857143,0.217734347539,
    -2.878230661791E-02));
#549 = LINE('',#550,#551);
#550 = CARTESIAN_POINT('',(8.875000857143,0.217734347539,
    -2.878230661791E-02));
#551 = VECTOR('',#552,1.);
#552 = DIRECTION('',(1.,-1.224646799147E-16,0.));
#553 = ORIENTED_EDGE('',*,*,#554,.F.);
#554 = EDGE_CURVE('',#529,#547,#555,.T.);
#555 = LINE('',#556,#557);
#556 = CARTESIAN_POINT('',(8.875000857143,-0.252265652461,
    -2.878230661791E-02));
#557 = VECTOR('',#558,1.);
#558 = DIRECTION('',(1.224646799147E-16,1.,1.224646799147E-16));
#559 = FACE_BOUND('',#560,.T.);
#560 = EDGE_LOOP('',(#561,#571,#579,#587));
#561 = ORIENTED_EDGE('',*,*,#562,.T.);
#562 = EDGE_CURVE('',#563,#565,#567,.T.);
#563 = VERTEX_POINT('',#564);
#564 = CARTESIAN_POINT('',(11.875000857143,-0.252265652461,
    -2.878230661791E-02));
#565 = VERTEX_POINT('',#566);
#566 = CARTESIAN_POINT('',(12.125000857143,-0.252265652461,
    -2.878230661791E-02));
#567 = LINE('',#568,#569);
#568 = CARTESIAN_POINT('',(11.875000857143,-0.252265652461,
    -2.878230661791E-02));
#569 = VECTOR('',#570,1.);
#570 = DIRECTION('',(1.,-1.224646799147E-16,0.));
#571 = ORIENTED_EDGE('',*,*,#572,.T.);
#572 = EDGE_CURVE('',#565,#573,#575,.T.);
#573 = VERTEX_POINT('',#574);
#574 = CARTESIAN_POINT('',(12.125000857143,0.217734347539,
    -2.878230661791E-02));
#575 = LINE('',#576,#577);
#576 = CARTESIAN_POINT('',(12.125000857143,-0.252265652461,
    -2.878230661791E-02));
#577 = VECTOR('',#578,1.);
#578 = DIRECTION('',(1.224646799147E-16,1.,1.224646799147E-16));
#579 = ORIENTED_EDGE('',*,*,#580,.F.);
#580 = EDGE_CURVE('',#581,#573,#583,.T.);
#581 = VERTEX_POINT('',#582);
#582 = CARTESIAN_POINT('',(11.875000857143,0.217734347539,
    -2.878230661791E-02));
#583 = LINE('',#584,#585);
#584 = CARTESIAN_POINT('',(11.875000857143,0.217734347539,
    -2.878230661791E-02));
#585 = VECTOR('',#586,1.);
#586 = DIRECTION('',(1.,-1.224646799147E-16,0.));
#587 = ORIENTED_EDGE('',*,*,#588,.F.);
#588 = EDGE_CURVE('',#563,#581,#589,.T.);
#589 = LINE('',#590,#591);
#590 = CARTESIAN_POINT('',(11.875000857143,-0.252265652461,
    -2.878230661791E-02));
#591 = VECTOR('',#592,1.);
#592 = DIRECTION('',(1.224646799147E-16,1.,1.224646799147E-16));
#593 = FACE_BOUND('',#594,.T.);
#594 = EDGE_LOOP('',(#595,#605,#613,#621));
#595 = ORIENTED_EDGE('',*,*,#596,.T.);
#596 = EDGE_CURVE('',#597,#599,#601,.T.);
#597 = VERTEX_POINT('',#598);
#598 = CARTESIAN_POINT('',(14.875000857143,-0.252265652461,
    -2.878230661791E-02));
#599 = VERTEX_POINT('',#600);
#600 = CARTESIAN_POINT('',(15.125000857143,-0.252265652461,
    -2.878230661791E-02));
#601 = LINE('',#602,#603);
#602 = CARTESIAN_POINT('',(14.875000857143,-0.252265652461,
    -2.878230661791E-02));
#603 = VECTOR('',#604,1.);
#604 = DIRECTION('',(1.,-1.224646799147E-16,0.));
#605 = ORIENTED_EDGE('',*,*,#606,.T.);
#606 = EDGE_CURVE('',#599,#607,#609,.T.);
#607 = VERTEX_POINT('',#608);
#608 = CARTESIAN_POINT('',(15.125000857143,0.217734347539,
    -2.878230661791E-02));
#609 = LINE('',#610,#611);
#610 = CARTESIAN_POINT('',(15.125000857143,-0.252265652461,
    -2.878230661791E-02));
#611 = VECTOR('',#612,1.);
#612 = DIRECTION('',(1.224646799147E-16,1.,1.224646799147E-16));
#613 = ORIENTED_EDGE('',*,*,#614,.F.);
#614 = EDGE_CURVE('',#615,#607,#617,.T.);
#615 = VERTEX_POINT('',#616);
#616 = CARTESIAN_POINT('',(14.875000857143,0.217734347539,
    -2.878230661791E-02));
#617 = LINE('',#618,#619);
#618 = CARTESIAN_POINT('',(14.875000857143,0.217734347539,
    -2.878230661791E-02));
#619 = VECTOR('',#620,1.);
#620 = DIRECTION('',(1.,-1.224646799147E-16,0.));
#621 = ORIENTED_EDGE('',*,*,#622,.F.);
#622 = EDGE_CURVE('',#597,#615,#623,.T.);
#623 = LINE('',#624,#625);
#624 = CARTESIAN_POINT('',(14.875000857143,-0.252265652461,
    -2.878230661791E-02));
#625 = VECTOR('',#626,1.);
#626 = DIRECTION('',(1.224646799147E-16,1.,1.224646799147E-16));
#627 = FACE_BOUND('',#628,.T.);
#628 = EDGE_LOOP('',(#629,#639,#647,#655));
#629 = ORIENTED_EDGE('',*,*,#630,.T.);
#630 = EDGE_CURVE('',#631,#633,#635,.T.);
#631 = VERTEX_POINT('',#632);
#632 = CARTESIAN_POINT('',(17.875000857143,-0.252265652461,
    -2.878230661791E-02));
#633 = VERTEX_POINT('',#634);
#634 = CARTESIAN_POINT('',(18.125000857143,-0.252265652461,
    -2.878230661791E-02));
#635 = LINE('',#636,#637);
#636 = CARTESIAN_POINT('',(17.875000857143,-0.252265652461,
    -2.878230661791E-02));
#637 = VECTOR('',#638,1.);
#638 = DIRECTION('',(1.,-1.224646799147E-16,0.));
#639 = ORIENTED_EDGE('',*,*,#640,.T.);
#640 = EDGE_CURVE('',#633,#641,#643,.T.);
#641 = VERTEX_POINT('',#642);
#642 = CARTESIAN_POINT('',(18.125000857143,0.217734347539,
    -2.878230661791E-02));
#643 = LINE('',#644,#645);
#644 = CARTESIAN_POINT('',(18.125000857143,-0.252265652461,
    -2.878230661791E-02));
#645 = VECTOR('',#646,1.);
#646 = DIRECTION('',(1.224646799147E-16,1.,1.224646799147E-16));
#647 = ORIENTED_EDGE('',*,*,#648,.F.);
#648 = EDGE_CURVE('',#649,#641,#651,.T.);
#649 = VERTEX_POINT('',#650);
#650 = CARTESIAN_POINT('',(17.875000857143,0.217734347539,
    -2.878230661791E-02));
#651 = LINE('',#652,#653);
#652 = CARTESIAN_POINT('',(17.875000857143,0.217734347539,
    -2.878230661791E-02));
#653 = VECTOR('',#654,1.);
#654 = DIRECTION('',(1.,-1.224646799147E-16,0.));
#655 = ORIENTED_EDGE('',*,*,#656,.F.);
#656 = EDGE_CURVE('',#631,#649,#657,.T.);
#657 = LINE('',#658,#659);
#658 = CARTESIAN_POINT('',(17.875000857143,-0.252265652461,
    -2.878230661791E-02));
#659 = VECTOR('',#660,1.);
#660 = DIRECTION('',(1.224646799147E-16,1.,1.224646799147E-16));
#661 = FACE_BOUND('',#662,.T.);
#662 = EDGE_LOOP('',(#663,#673,#681,#689));
#663 = ORIENTED_EDGE('',*,*,#664,.T.);
#664 = EDGE_CURVE('',#665,#667,#669,.T.);
#665 = VERTEX_POINT('',#666);
#666 = CARTESIAN_POINT('',(1.375000857143,1.747734347539,
    -2.878230661791E-02));
#667 = VERTEX_POINT('',#668);
#668 = CARTESIAN_POINT('',(1.625000857143,1.747734347539,
    -2.878230661791E-02));
#669 = LINE('',#670,#671);
#670 = CARTESIAN_POINT('',(1.375000857143,1.747734347539,
    -2.878230661791E-02));
#671 = VECTOR('',#672,1.);
#672 = DIRECTION('',(1.,-1.224646799147E-16,0.));
#673 = ORIENTED_EDGE('',*,*,#674,.T.);
#674 = EDGE_CURVE('',#667,#675,#677,.T.);
#675 = VERTEX_POINT('',#676);
#676 = CARTESIAN_POINT('',(1.625000857143,2.247734347539,
    -2.878230661791E-02));
#677 = LINE('',#678,#679);
#678 = CARTESIAN_POINT('',(1.625000857143,1.747734347539,
    -2.878230661791E-02));
#679 = VECTOR('',#680,1.);
#680 = DIRECTION('',(1.224646799147E-16,1.,1.224646799147E-16));
#681 = ORIENTED_EDGE('',*,*,#682,.F.);
#682 = EDGE_CURVE('',#683,#675,#685,.T.);
#683 = VERTEX_POINT('',#684);
#684 = CARTESIAN_POINT('',(1.375000857143,2.247734347539,
    -2.878230661791E-02));
#685 = LINE('',#686,#687);
#686 = CARTESIAN_POINT('',(1.375000857143,2.247734347539,
    -2.878230661791E-02));
#687 = VECTOR('',#688,1.);
#688 = DIRECTION('',(1.,-1.224646799147E-16,0.));
#689 = ORIENTED_EDGE('',*,*,#690,.F.);
#690 = EDGE_CURVE('',#665,#683,#691,.T.);
#691 = LINE('',#692,#693);
#692 = CARTESIAN_POINT('',(1.375000857143,1.747734347539,
    -2.878230661791E-02));
#693 = VECTOR('',#694,1.);
#694 = DIRECTION('',(1.224646799147E-16,1.,1.224646799147E-16));
#695 = FACE_BOUND('',#696,.T.);
#696 = EDGE_LOOP('',(#697,#707,#715,#723));
#697 = ORIENTED_EDGE('',*,*,#698,.T.);
#698 = EDGE_CURVE('',#699,#701,#703,.T.);
#699 = VERTEX_POINT('',#700);
#700 = CARTESIAN_POINT('',(4.375000857143,1.747734347539,
    -2.878230661791E-02));
#701 = VERTEX_POINT('',#702);
#702 = CARTESIAN_POINT('',(4.625000857143,1.747734347539,
    -2.878230661791E-02));
#703 = LINE('',#704,#705);
#704 = CARTESIAN_POINT('',(4.375000857143,1.747734347539,
    -2.878230661791E-02));
#705 = VECTOR('',#706,1.);
#706 = DIRECTION('',(1.,-1.224646799147E-16,0.));
#707 = ORIENTED_EDGE('',*,*,#708,.T.);
#708 = EDGE_CURVE('',#701,#709,#711,.T.);
#709 = VERTEX_POINT('',#710);
#710 = CARTESIAN_POINT('',(4.625000857143,2.247734347539,
    -2.878230661791E-02));
#711 = LINE('',#712,#713);
#712 = CARTESIAN_POINT('',(4.625000857143,1.747734347539,
    -2.878230661791E-02));
#713 = VECTOR('',#714,1.);
#714 = DIRECTION('',(1.224646799147E-16,1.,1.224646799147E-16));
#715 = ORIENTED_EDGE('',*,*,#716,.F.);
#716 = EDGE_CURVE('',#717,#709,#719,.T.);
#717 = VERTEX_POINT('',#718);
#718 = CARTESIAN_POINT('',(4.375000857143,2.247734347539,
    -2.878230661791E-02));
#719 = LINE('',#720,#721);
#720 = CARTESIAN_POINT('',(4.375000857143,2.247734347539,
    -2.878230661791E-02));
#721 = VECTOR('',#722,1.);
#722 = DIRECTION('',(1.,-1.224646799147E-16,0.));
#723 = ORIENTED_EDGE('',*,*,#724,.F.);
#724 = EDGE_CURVE('',#699,#717,#725,.T.);
#725 = LINE('',#726,#727);
#726 = CARTESIAN_POINT('',(4.375000857143,1.747734347539,
    -2.878230661791E-02));
#727 = VECTOR('',#728,1.);
#728 = DIRECTION('',(1.224646799147E-16,1.,1.224646799147E-16));
#729 = FACE_BOUND('',#730,.T.);
#730 = EDGE_LOOP('',(#731,#741,#749,#757));
#731 = ORIENTED_EDGE('',*,*,#732,.T.);
#732 = EDGE_CURVE('',#733,#735,#737,.T.);
#733 = VERTEX_POINT('',#734);
#734 = CARTESIAN_POINT('',(7.375000857143,1.747734347539,
    -2.878230661791E-02));
#735 = VERTEX_POINT('',#736);
#736 = CARTESIAN_POINT('',(7.625000857143,1.747734347539,
    -2.878230661791E-02));
#737 = LINE('',#738,#739);
#738 = CARTESIAN_POINT('',(7.375000857143,1.747734347539,
    -2.878230661791E-02));
#739 = VECTOR('',#740,1.);
#740 = DIRECTION('',(1.,-1.224646799147E-16,0.));
#741 = ORIENTED_EDGE('',*,*,#742,.T.);
#742 = EDGE_CURVE('',#735,#743,#745,.T.);
#743 = VERTEX_POINT('',#744);
#744 = CARTESIAN_POINT('',(7.625000857143,2.247734347539,
    -2.878230661791E-02));
#745 = LINE('',#746,#747);
#746 = CARTESIAN_POINT('',(7.625000857143,1.747734347539,
    -2.878230661791E-02));
#747 = VECTOR('',#748,1.);
#748 = DIRECTION('',(1.224646799147E-16,1.,1.224646799147E-16));
#749 = ORIENTED_EDGE('',*,*,#750,.F.);
#750 = EDGE_CURVE('',#751,#743,#753,.T.);
#751 = VERTEX_POINT('',#752);
#752 = CARTESIAN_POINT('',(7.375000857143,2.247734347539,
    -2.878230661791E-02));
#753 = LINE('',#754,#755);
#754 = CARTESIAN_POINT('',(7.375000857143,2.247734347539,
    -2.878230661791E-02));
#755 = VECTOR('',#756,1.);
#756 = DIRECTION('',(1.,-1.224646799147E-16,0.));
#757 = ORIENTED_EDGE('',*,*,#758,.F.);
#758 = EDGE_CURVE('',#733,#751,#759,.T.);
#759 = LINE('',#760,#761);
#760 = CARTESIAN_POINT('',(7.375000857143,1.747734347539,
    -2.878230661791E-02));
#761 = VECTOR('',#762,1.);
#762 = DIRECTION('',(1.224646799147E-16,1.,1.224646799147E-16));
#763 = FACE_BOUND('',#764,.T.);
#764 = EDGE_LOOP('',(#765,#775,#783,#791));
#765 = ORIENTED_EDGE('',*,*,#766,.T.);
#766 = EDGE_CURVE('',#767,#769,#771,.T.);
#767 = VERTEX_POINT('',#768);
#768 = CARTESIAN_POINT('',(10.375000857143,1.747734347539,
    -2.878230661791E-02));
#769 = VERTEX_POINT('',#770);
#770 = CARTESIAN_POINT('',(10.625000857143,1.747734347539,
    -2.878230661791E-02));
#771 = LINE('',#772,#773);
#772 = CARTESIAN_POINT('',(10.375000857143,1.747734347539,
    -2.878230661791E-02));
#773 = VECTOR('',#774,1.);
#774 = DIRECTION('',(1.,-1.224646799147E-16,0.));
#775 = ORIENTED_EDGE('',*,*,#776,.T.);
#776 = EDGE_CURVE('',#769,#777,#779,.T.);
#777 = VERTEX_POINT('',#778);
#778 = CARTESIAN_POINT('',(10.625000857143,2.247734347539,
    -2.878230661791E-02));
#779 = LINE('',#780,#781);
#780 = CARTESIAN_POINT('',(10.625000857143,1.747734347539,
    -2.878230661791E-02));
#781 = VECTOR('',#782,1.);
#782 = DIRECTION('',(1.224646799147E-16,1.,1.224646799147E-16));
#783 = ORIENTED_EDGE('',*,*,#784,.F.);
#784 = EDGE_CURVE('',#785,#777,#787,.T.);
#785 = VERTEX_POINT('',#786);
#786 = CARTESIAN_POINT('',(10.375000857143,2.247734347539,
    -2.878230661791E-02));
#787 = LINE('',#788,#789);
#788 = CARTESIAN_POINT('',(10.375000857143,2.247734347539,
    -2.878230661791E-02));
#789 = VECTOR('',#790,1.);
#790 = DIRECTION('',(1.,-1.224646799147E-16,0.));
#791 = ORIENTED_EDGE('',*,*,#792,.F.);
#792 = EDGE_CURVE('',#767,#785,#793,.T.);
#793 = LINE('',#794,#795);
#794 = CARTESIAN_POINT('',(10.375000857143,1.747734347539,
    -2.878230661791E-02));
#795 = VECTOR('',#796,1.);
#796 = DIRECTION('',(1.224646799147E-16,1.,1.224646799147E-16));
#797 = FACE_BOUND('',#798,.T.);
#798 = EDGE_LOOP('',(#799,#809,#817,#825));
#799 = ORIENTED_EDGE('',*,*,#800,.T.);
#800 = EDGE_CURVE('',#801,#803,#805,.T.);
#801 = VERTEX_POINT('',#802);
#802 = CARTESIAN_POINT('',(13.375000857143,1.747734347539,
    -2.878230661791E-02));
#803 = VERTEX_POINT('',#804);
#804 = CARTESIAN_POINT('',(13.625000857143,1.747734347539,
    -2.878230661791E-02));
#805 = LINE('',#806,#807);
#806 = CARTESIAN_POINT('',(13.375000857143,1.747734347539,
    -2.878230661791E-02));
#807 = VECTOR('',#808,1.);
#808 = DIRECTION('',(1.,-1.224646799147E-16,0.));
#809 = ORIENTED_EDGE('',*,*,#810,.T.);
#810 = EDGE_CURVE('',#803,#811,#813,.T.);
#811 = VERTEX_POINT('',#812);
#812 = CARTESIAN_POINT('',(13.625000857143,2.247734347539,
    -2.878230661791E-02));
#813 = LINE('',#814,#815);
#814 = CARTESIAN_POINT('',(13.625000857143,1.747734347539,
    -2.878230661791E-02));
#815 = VECTOR('',#816,1.);
#816 = DIRECTION('',(1.224646799147E-16,1.,1.224646799147E-16));
#817 = ORIENTED_EDGE('',*,*,#818,.F.);
#818 = EDGE_CURVE('',#819,#811,#821,.T.);
#819 = VERTEX_POINT('',#820);
#820 = CARTESIAN_POINT('',(13.375000857143,2.247734347539,
    -2.878230661791E-02));
#821 = LINE('',#822,#823);
#822 = CARTESIAN_POINT('',(13.375000857143,2.247734347539,
    -2.878230661791E-02));
#823 = VECTOR('',#824,1.);
#824 = DIRECTION('',(1.,-1.224646799147E-16,0.));
#825 = ORIENTED_EDGE('',*,*,#826,.F.);
#826 = EDGE_CURVE('',#801,#819,#827,.T.);
#827 = LINE('',#828,#829);
#828 = CARTESIAN_POINT('',(13.375000857143,1.747734347539,
    -2.878230661791E-02));
#829 = VECTOR('',#830,1.);
#830 = DIRECTION('',(1.224646799147E-16,1.,1.224646799147E-16));
#831 = FACE_BOUND('',#832,.T.);
#832 = EDGE_LOOP('',(#833,#843,#851,#859));
#833 = ORIENTED_EDGE('',*,*,#834,.T.);
#834 = EDGE_CURVE('',#835,#837,#839,.T.);
#835 = VERTEX_POINT('',#836);
#836 = CARTESIAN_POINT('',(16.375000857143,1.747734347539,
    -2.878230661791E-02));
#837 = VERTEX_POINT('',#838);
#838 = CARTESIAN_POINT('',(16.625000857143,1.747734347539,
    -2.878230661791E-02));
#839 = LINE('',#840,#841);
#840 = CARTESIAN_POINT('',(16.375000857143,1.747734347539,
    -2.878230661791E-02));
#841 = VECTOR('',#842,1.);
#842 = DIRECTION('',(1.,-1.224646799147E-16,0.));
#843 = ORIENTED_EDGE('',*,*,#844,.T.);
#844 = EDGE_CURVE('',#837,#845,#847,.T.);
#845 = VERTEX_POINT('',#846);
#846 = CARTESIAN_POINT('',(16.625000857143,2.247734347539,
    -2.878230661791E-02));
#847 = LINE('',#848,#849);
#848 = CARTESIAN_POINT('',(16.625000857143,1.747734347539,
    -2.878230661791E-02));
#849 = VECTOR('',#850,1.);
#850 = DIRECTION('',(1.224646799147E-16,1.,1.224646799147E-16));
#851 = ORIENTED_EDGE('',*,*,#852,.F.);
#852 = EDGE_CURVE('',#853,#845,#855,.T.);
#853 = VERTEX_POINT('',#854);
#854 = CARTESIAN_POINT('',(16.375000857143,2.247734347539,
    -2.878230661791E-02));
#855 = LINE('',#856,#857);
#856 = CARTESIAN_POINT('',(16.375000857143,2.247734347539,
    -2.878230661791E-02));
#857 = VECTOR('',#858,1.);
#858 = DIRECTION('',(1.,-1.224646799147E-16,0.));
#859 = ORIENTED_EDGE('',*,*,#860,.F.);
#860 = EDGE_CURVE('',#835,#853,#861,.T.);
#861 = LINE('',#862,#863);
#862 = CARTESIAN_POINT('',(16.375000857143,1.747734347539,
    -2.878230661791E-02));
#863 = VECTOR('',#864,1.);
#864 = DIRECTION('',(1.224646799147E-16,1.,1.224646799147E-16));
#865 = FACE_BOUND('',#866,.T.);
#866 = EDGE_LOOP('',(#867,#877,#885,#893));
#867 = ORIENTED_EDGE('',*,*,#868,.T.);
#868 = EDGE_CURVE('',#869,#871,#873,.T.);
#869 = VERTEX_POINT('',#870);
#870 = CARTESIAN_POINT('',(19.375000857143,1.747734347539,
    -2.878230661791E-02));
#871 = VERTEX_POINT('',#872);
#872 = CARTESIAN_POINT('',(19.625000857143,1.747734347539,
    -2.878230661791E-02));
#873 = LINE('',#874,#875);
#874 = CARTESIAN_POINT('',(19.375000857143,1.747734347539,
    -2.878230661791E-02));
#875 = VECTOR('',#876,1.);
#876 = DIRECTION('',(1.,-1.224646799147E-16,0.));
#877 = ORIENTED_EDGE('',*,*,#878,.T.);
#878 = EDGE_CURVE('',#871,#879,#881,.T.);
#879 = VERTEX_POINT('',#880);
#880 = CARTESIAN_POINT('',(19.625000857143,2.247734347539,
    -2.878230661791E-02));
#881 = LINE('',#882,#883);
#882 = CARTESIAN_POINT('',(19.625000857143,1.747734347539,
    -2.878230661791E-02));
#883 = VECTOR('',#884,1.);
#884 = DIRECTION('',(1.224646799147E-16,1.,1.224646799147E-16));
#885 = ORIENTED_EDGE('',*,*,#886,.F.);
#886 = EDGE_CURVE('',#887,#879,#889,.T.);
#887 = VERTEX_POINT('',#888);
#888 = CARTESIAN_POINT('',(19.375000857143,2.247734347539,
    -2.878230661791E-02));
#889 = LINE('',#890,#891);
#890 = CARTESIAN_POINT('',(19.375000857143,2.247734347539,
    -2.878230661791E-02));
#891 = VECTOR('',#892,1.);
#892 = DIRECTION('',(1.,-1.224646799147E-16,0.));
#893 = ORIENTED_EDGE('',*,*,#894,.F.);
#894 = EDGE_CURVE('',#869,#887,#895,.T.);
#895 = LINE('',#896,#897);
#896 = CARTESIAN_POINT('',(19.375000857143,1.747734347539,
    -2.878230661791E-02));
#897 = VECTOR('',#898,1.);
#898 = DIRECTION('',(1.224646799147E-16,1.,1.224646799147E-16));
#899 = FACE_BOUND('',#900,.T.);
#900 = EDGE_LOOP('',(#901,#911,#919,#927));
#901 = ORIENTED_EDGE('',*,*,#902,.T.);
#902 = EDGE_CURVE('',#903,#905,#907,.T.);
#903 = VERTEX_POINT('',#904);
#904 = CARTESIAN_POINT('',(-0.124999142857,-0.252265652461,
    -2.878230661791E-02));
#905 = VERTEX_POINT('',#906);
#906 = CARTESIAN_POINT('',(0.125000857143,-0.252265652461,
    -2.878230661791E-02));
#907 = LINE('',#908,#909);
#908 = CARTESIAN_POINT('',(-0.124999142857,-0.252265652461,
    -2.878230661791E-02));
#909 = VECTOR('',#910,1.);
#910 = DIRECTION('',(1.,-1.224646799147E-16,0.));
#911 = ORIENTED_EDGE('',*,*,#912,.T.);
#912 = EDGE_CURVE('',#905,#913,#915,.T.);
#913 = VERTEX_POINT('',#914);
#914 = CARTESIAN_POINT('',(0.125000857143,0.217734347539,
    -2.878230661791E-02));
#915 = LINE('',#916,#917);
#916 = CARTESIAN_POINT('',(0.125000857143,-0.252265652461,
    -2.878230661791E-02));
#917 = VECTOR('',#918,1.);
#918 = DIRECTION('',(1.224646799147E-16,1.,1.224646799147E-16));
#919 = ORIENTED_EDGE('',*,*,#920,.F.);
#920 = EDGE_CURVE('',#921,#913,#923,.T.);
#921 = VERTEX_POINT('',#922);
#922 = CARTESIAN_POINT('',(-0.124999142857,0.217734347539,
    -2.878230661791E-02));
#923 = LINE('',#924,#925);
#924 = CARTESIAN_POINT('',(-0.124999142857,0.217734347539,
    -2.878230661791E-02));
#925 = VECTOR('',#926,1.);
#926 = DIRECTION('',(1.,-1.224646799147E-16,0.));
#927 = ORIENTED_EDGE('',*,*,#928,.F.);
#928 = EDGE_CURVE('',#903,#921,#929,.T.);
#929 = LINE('',#930,#931);
#930 = CARTESIAN_POINT('',(-0.124999142857,-0.252265652461,
    -2.878230661791E-02));
#931 = VECTOR('',#932,1.);
#932 = DIRECTION('',(1.224646799147E-16,1.,1.224646799147E-16));
#933 = FACE_BOUND('',#934,.T.);
#934 = EDGE_LOOP('',(#935,#946));
#935 = ORIENTED_EDGE('',*,*,#936,.F.);
#936 = EDGE_CURVE('',#937,#939,#941,.T.);
#937 = VERTEX_POINT('',#938);
#938 = CARTESIAN_POINT('',(-1.999999142857,3.797734347539,
    -2.878230661791E-02));
#939 = VERTEX_POINT('',#940);
#940 = CARTESIAN_POINT('',(-1.299999142857,3.797734347539,
    -2.878230661791E-02));
#941 = CIRCLE('',#942,0.35);
#942 = AXIS2_PLACEMENT_3D('',#943,#944,#945);
#943 = CARTESIAN_POINT('',(-1.649999142857,3.797734347539,
    -2.878230661791E-02));
#944 = DIRECTION('',(1.499759782662E-32,1.224646799147E-16,-1.));
#945 = DIRECTION('',(-1.,1.224646799147E-16,0.));
#946 = ORIENTED_EDGE('',*,*,#947,.F.);
#947 = EDGE_CURVE('',#939,#937,#948,.T.);
#948 = CIRCLE('',#949,0.35);
#949 = AXIS2_PLACEMENT_3D('',#950,#951,#952);
#950 = CARTESIAN_POINT('',(-1.649999142857,3.797734347539,
    -2.878230661791E-02));
#951 = DIRECTION('',(1.499759782662E-32,1.224646799147E-16,-1.));
#952 = DIRECTION('',(1.,-1.224646799147E-16,0.));
#953 = PLANE('',#954);
#954 = AXIS2_PLACEMENT_3D('',#955,#956,#957);
#955 = CARTESIAN_POINT('',(9.750000857143,3.187734347539,
    -2.878230661791E-02));
#956 = DIRECTION('',(-1.499759782662E-32,-1.224646799147E-16,1.));
#957 = DIRECTION('',(-1.224646799147E-16,-1.,-1.224646799147E-16));
#958 = ADVANCED_FACE('',(#959),#994,.F.);
#959 = FACE_BOUND('',#960,.T.);
#960 = EDGE_LOOP('',(#961,#971,#979,#988));
#961 = ORIENTED_EDGE('',*,*,#962,.F.);
#962 = EDGE_CURVE('',#963,#965,#967,.T.);
#963 = VERTEX_POINT('',#964);
#964 = CARTESIAN_POINT('',(-0.124999142857,1.647734347539,3.692143389766
    ));
#965 = VERTEX_POINT('',#966);
#966 = CARTESIAN_POINT('',(-0.124999142857,1.647734347539,4.944428887914
    ));
#967 = LINE('',#968,#969);
#968 = CARTESIAN_POINT('',(-0.124999142857,1.647734347539,3.692143389766
    ));
#969 = VECTOR('',#970,1.);
#970 = DIRECTION('',(-1.499759782662E-32,-1.224646799147E-16,1.));
#971 = ORIENTED_EDGE('',*,*,#972,.F.);
#972 = EDGE_CURVE('',#973,#963,#975,.T.);
#973 = VERTEX_POINT('',#974);
#974 = CARTESIAN_POINT('',(-0.124999142857,1.429594984688,4.467679270219
    ));
#975 = LINE('',#976,#977);
#976 = CARTESIAN_POINT('',(-0.124999142857,1.429594984688,4.467679270219
    ));
#977 = VECTOR('',#978,1.);
#978 = DIRECTION('',(3.315957318415E-17,0.27076846326,-0.962644503077));
#979 = ORIENTED_EDGE('',*,*,#980,.F.);
#980 = EDGE_CURVE('',#981,#973,#983,.T.);
#981 = VERTEX_POINT('',#982);
#982 = CARTESIAN_POINT('',(-0.124999142857,1.432776037158,4.503112717345
    ));
#983 = CIRCLE('',#984,5.E-02);
#984 = AXIS2_PLACEMENT_3D('',#985,#986,#987);
#985 = CARTESIAN_POINT('',(-0.124999142857,1.477727209842,4.481217693382
    ));
#986 = DIRECTION('',(1.,-1.224646799147E-16,6.162975822039E-33));
#987 = DIRECTION('',(-1.100986194907E-16,-0.89902345368,0.437900479257)
  );
#988 = ORIENTED_EDGE('',*,*,#989,.F.);
#989 = EDGE_CURVE('',#965,#981,#990,.T.);
#990 = LINE('',#991,#992);
#991 = CARTESIAN_POINT('',(-0.124999142857,1.647734347539,4.944428887914
    ));
#992 = VECTOR('',#993,1.);
#993 = DIRECTION('',(-5.362734202678E-17,-0.437900479257,-0.89902345368)
  );
#994 = PLANE('',#995);
#995 = AXIS2_PLACEMENT_3D('',#996,#997,#998);
#996 = CARTESIAN_POINT('',(-0.124999142857,2.512734347539,4.741217693382
    ));
#997 = DIRECTION('',(1.,-1.224646799147E-16,0.));
#998 = DIRECTION('',(1.499759782662E-32,1.224646799147E-16,-1.));
#999 = ADVANCED_FACE('',(#1000),#1084,.F.);
#1000 = FACE_BOUND('',#1001,.T.);
#1001 = EDGE_LOOP('',(#1002,#1012,#1020,#1028,#1037,#1045,#1054,#1062,
    #1070,#1078));
#1002 = ORIENTED_EDGE('',*,*,#1003,.F.);
#1003 = EDGE_CURVE('',#1004,#1006,#1008,.T.);
#1004 = VERTEX_POINT('',#1005);
#1005 = CARTESIAN_POINT('',(-0.124999142857,0.487734347539,
    2.471217693382));
#1006 = VERTEX_POINT('',#1007);
#1007 = CARTESIAN_POINT('',(-0.124999142857,1.377734347539,
    2.471217693382));
#1008 = LINE('',#1009,#1010);
#1009 = CARTESIAN_POINT('',(-0.124999142857,0.487734347539,
    2.471217693382));
#1010 = VECTOR('',#1011,1.);
#1011 = DIRECTION('',(1.224646799147E-16,1.,1.224646799147E-16));
#1012 = ORIENTED_EDGE('',*,*,#1013,.F.);
#1013 = EDGE_CURVE('',#1014,#1004,#1016,.T.);
#1014 = VERTEX_POINT('',#1015);
#1015 = CARTESIAN_POINT('',(-0.124999142857,0.287734347539,
    2.651217693382));
#1016 = LINE('',#1017,#1018);
#1017 = CARTESIAN_POINT('',(-0.124999142857,0.287734347539,
    2.651217693382));
#1018 = VECTOR('',#1019,1.);
#1019 = DIRECTION('',(9.102727970266E-17,0.743294146247,-0.668964731622)
  );
#1020 = ORIENTED_EDGE('',*,*,#1021,.T.);
#1021 = EDGE_CURVE('',#1014,#1022,#1024,.T.);
#1022 = VERTEX_POINT('',#1023);
#1023 = CARTESIAN_POINT('',(-0.124999142857,0.287734347539,
    5.077407590802));
#1024 = LINE('',#1025,#1026);
#1025 = CARTESIAN_POINT('',(-0.124999142857,0.287734347539,
    2.651217693382));
#1026 = VECTOR('',#1027,1.);
#1027 = DIRECTION('',(-1.499759782662E-32,-1.224646799147E-16,1.));
#1028 = ORIENTED_EDGE('',*,*,#1029,.F.);
#1029 = EDGE_CURVE('',#1030,#1022,#1032,.T.);
#1030 = VERTEX_POINT('',#1031);
#1031 = CARTESIAN_POINT('',(-0.124999142857,0.398537662164,
    4.971832962871));
#1032 = CIRCLE('',#1033,0.15);
#1033 = AXIS2_PLACEMENT_3D('',#1034,#1035,#1036);
#1034 = CARTESIAN_POINT('',(-0.124999142857,0.254140986703,
    4.931217693382));
#1035 = DIRECTION('',(1.,-1.224646799147E-16,0.));
#1036 = DIRECTION('',(1.17889950941E-16,0.962644503077,0.27076846326));
#1037 = ORIENTED_EDGE('',*,*,#1038,.F.);
#1038 = EDGE_CURVE('',#1039,#1030,#1041,.T.);
#1039 = VERTEX_POINT('',#1040);
#1040 = CARTESIAN_POINT('',(-0.124999142857,0.605859434996,
    4.234756116545));
#1041 = LINE('',#1042,#1043);
#1042 = CARTESIAN_POINT('',(-0.124999142857,0.605859434996,
    4.234756116545));
#1043 = VECTOR('',#1044,1.);
#1044 = DIRECTION('',(-3.315957318415E-17,-0.27076846326,0.962644503077)
  );
#1045 = ORIENTED_EDGE('',*,*,#1046,.F.);
#1046 = EDGE_CURVE('',#1047,#1039,#1049,.T.);
#1047 = VERTEX_POINT('',#1048);
#1048 = CARTESIAN_POINT('',(-0.124999142857,0.602678382526,
    4.199322669419));
#1049 = CIRCLE('',#1050,5.E-02);
#1050 = AXIS2_PLACEMENT_3D('',#1051,#1052,#1053);
#1051 = CARTESIAN_POINT('',(-0.124999142857,0.557727209842,
    4.221217693382));
#1052 = DIRECTION('',(1.,-1.224646799147E-16,6.162975822039E-33));
#1053 = DIRECTION('',(1.100986194907E-16,0.89902345368,-0.437900479257)
  );
#1054 = ORIENTED_EDGE('',*,*,#1055,.F.);
#1055 = EDGE_CURVE('',#1056,#1047,#1058,.T.);
#1056 = VERTEX_POINT('',#1057);
#1057 = CARTESIAN_POINT('',(-0.124999142857,0.447734347539,
    3.881217693382));
#1058 = LINE('',#1059,#1060);
#1059 = CARTESIAN_POINT('',(-0.124999142857,0.447734347539,
    3.881217693382));
#1060 = VECTOR('',#1061,1.);
#1061 = DIRECTION('',(5.362734202678E-17,0.437900479257,0.89902345368));
#1062 = ORIENTED_EDGE('',*,*,#1063,.F.);
#1063 = EDGE_CURVE('',#1064,#1056,#1066,.T.);
#1064 = VERTEX_POINT('',#1065);
#1065 = CARTESIAN_POINT('',(-0.124999142857,0.447734347539,
    2.581217693382));
#1066 = LINE('',#1067,#1068);
#1067 = CARTESIAN_POINT('',(-0.124999142857,0.447734347539,
    2.581217693382));
#1068 = VECTOR('',#1069,1.);
#1069 = DIRECTION('',(-1.499759782662E-32,-1.224646799147E-16,1.));
#1070 = ORIENTED_EDGE('',*,*,#1071,.F.);
#1071 = EDGE_CURVE('',#1072,#1064,#1074,.T.);
#1072 = VERTEX_POINT('',#1073);
#1073 = CARTESIAN_POINT('',(-0.124999142857,1.377734347539,
    2.581217693382));
#1074 = LINE('',#1075,#1076);
#1075 = CARTESIAN_POINT('',(-0.124999142857,1.377734347539,
    2.581217693382));
#1076 = VECTOR('',#1077,1.);
#1077 = DIRECTION('',(-1.224646799147E-16,-1.,-1.224646799147E-16));
#1078 = ORIENTED_EDGE('',*,*,#1079,.F.);
#1079 = EDGE_CURVE('',#1006,#1072,#1080,.T.);
#1080 = LINE('',#1081,#1082);
#1081 = CARTESIAN_POINT('',(-0.124999142857,1.377734347539,
    2.471217693382));
#1082 = VECTOR('',#1083,1.);
#1083 = DIRECTION('',(-1.499759782662E-32,-1.224646799147E-16,1.));
#1084 = PLANE('',#1085);
#1085 = AXIS2_PLACEMENT_3D('',#1086,#1087,#1088);
#1086 = CARTESIAN_POINT('',(-0.124999142857,2.512734347539,
    4.741217693382));
#1087 = DIRECTION('',(1.,-1.224646799147E-16,0.));
#1088 = DIRECTION('',(1.499759782662E-32,1.224646799147E-16,-1.));
#1089 = ADVANCED_FACE('',(#1090),#1131,.F.);
#1090 = FACE_BOUND('',#1091,.T.);
#1091 = EDGE_LOOP('',(#1092,#1093,#1101,#1109,#1117,#1125));
#1092 = ORIENTED_EDGE('',*,*,#928,.T.);
#1093 = ORIENTED_EDGE('',*,*,#1094,.F.);
#1094 = EDGE_CURVE('',#1095,#921,#1097,.T.);
#1095 = VERTEX_POINT('',#1096);
#1096 = CARTESIAN_POINT('',(-0.124999142857,0.217734347539,
    -0.401068864371));
#1097 = LINE('',#1098,#1099);
#1098 = CARTESIAN_POINT('',(-0.124999142857,0.217734347539,
    -0.401068864371));
#1099 = VECTOR('',#1100,1.);
#1100 = DIRECTION('',(-1.499759782662E-32,-1.224646799147E-16,1.));
#1101 = ORIENTED_EDGE('',*,*,#1102,.F.);
#1102 = EDGE_CURVE('',#1103,#1095,#1105,.T.);
#1103 = VERTEX_POINT('',#1104);
#1104 = CARTESIAN_POINT('',(-0.124999142857,0.199226235591,
    -0.401068864371));
#1105 = LINE('',#1106,#1107);
#1106 = CARTESIAN_POINT('',(-0.124999142857,0.199226235591,
    -0.401068864371));
#1107 = VECTOR('',#1108,1.);
#1108 = DIRECTION('',(1.224646799147E-16,1.,1.224646799147E-16));
#1109 = ORIENTED_EDGE('',*,*,#1110,.T.);
#1110 = EDGE_CURVE('',#1103,#1111,#1113,.T.);
#1111 = VERTEX_POINT('',#1112);
#1112 = CARTESIAN_POINT('',(-0.124999142857,0.200671969491,
    -0.617928949341));
#1113 = LINE('',#1114,#1115);
#1114 = CARTESIAN_POINT('',(-0.124999142857,0.199226235591,
    -0.401068864371));
#1115 = VECTOR('',#1116,1.);
#1116 = DIRECTION('',(8.164130571207E-19,6.666518523456E-03,
    -0.999977778518));
#1117 = ORIENTED_EDGE('',*,*,#1118,.F.);
#1118 = EDGE_CURVE('',#1119,#1111,#1121,.T.);
#1119 = VERTEX_POINT('',#1120);
#1120 = CARTESIAN_POINT('',(-0.124999142857,-0.248318053064,
    -0.620922216158));
#1121 = LINE('',#1122,#1123);
#1122 = CARTESIAN_POINT('',(-0.124999142857,-0.248318053064,
    -0.620922216158));
#1123 = VECTOR('',#1124,1.);
#1124 = DIRECTION('',(1.224619585681E-16,0.999977778518,
    6.666518523458E-03));
#1125 = ORIENTED_EDGE('',*,*,#1126,.F.);
#1126 = EDGE_CURVE('',#903,#1119,#1127,.T.);
#1127 = LINE('',#1128,#1129);
#1128 = CARTESIAN_POINT('',(-0.124999142857,-0.252265652461,
    -2.878230661791E-02));
#1129 = VECTOR('',#1130,1.);
#1130 = DIRECTION('',(8.164130571206E-19,6.666518523455E-03,
    -0.999977778518));
#1131 = PLANE('',#1132);
#1132 = AXIS2_PLACEMENT_3D('',#1133,#1134,#1135);
#1133 = CARTESIAN_POINT('',(-0.124999142857,2.512734347539,
    4.741217693382));
#1134 = DIRECTION('',(1.,-1.224646799147E-16,0.));
#1135 = DIRECTION('',(1.499759782662E-32,1.224646799147E-16,-1.));
#1136 = ADVANCED_FACE('',(#1137),#1162,.T.);
#1137 = FACE_BOUND('',#1138,.T.);
#1138 = EDGE_LOOP('',(#1139,#1147,#1155,#1161));
#1139 = ORIENTED_EDGE('',*,*,#1140,.T.);
#1140 = EDGE_CURVE('',#981,#1141,#1143,.T.);
#1141 = VERTEX_POINT('',#1142);
#1142 = CARTESIAN_POINT('',(0.125000857143,1.432776037158,4.503112717345
    ));
#1143 = LINE('',#1144,#1145);
#1144 = CARTESIAN_POINT('',(-0.124999142857,1.432776037158,
    4.503112717345));
#1145 = VECTOR('',#1146,1.);
#1146 = DIRECTION('',(1.,-1.224646799147E-16,0.));
#1147 = ORIENTED_EDGE('',*,*,#1148,.F.);
#1148 = EDGE_CURVE('',#1149,#1141,#1151,.T.);
#1149 = VERTEX_POINT('',#1150);
#1150 = CARTESIAN_POINT('',(0.125000857143,1.647734347539,4.944428887914
    ));
#1151 = LINE('',#1152,#1153);
#1152 = CARTESIAN_POINT('',(0.125000857143,1.647734347539,4.944428887914
    ));
#1153 = VECTOR('',#1154,1.);
#1154 = DIRECTION('',(-5.362734202678E-17,-0.437900479257,-0.89902345368
    ));
#1155 = ORIENTED_EDGE('',*,*,#1156,.F.);
#1156 = EDGE_CURVE('',#965,#1149,#1157,.T.);
#1157 = LINE('',#1158,#1159);
#1158 = CARTESIAN_POINT('',(-0.124999142857,1.647734347539,
    4.944428887914));
#1159 = VECTOR('',#1160,1.);
#1160 = DIRECTION('',(1.,-1.224646799147E-16,0.));
#1161 = ORIENTED_EDGE('',*,*,#989,.T.);
#1162 = PLANE('',#1163);
#1163 = AXIS2_PLACEMENT_3D('',#1164,#1165,#1166);
#1164 = CARTESIAN_POINT('',(-0.124999142857,1.686983066107,
    5.025007741308));
#1165 = DIRECTION('',(-1.100986194907E-16,-0.89902345368,0.437900479257)
  );
#1166 = DIRECTION('',(5.362734202678E-17,0.437900479257,0.89902345368));
#1167 = ADVANCED_FACE('',(#1168,#1202,#1220,#1254,#1288,#1322,#1356,
    #1390,#1424,#1458,#1492,#1526,#1560,#1594,#1628),#1662,.F.);
#1168 = FACE_BOUND('',#1169,.T.);
#1169 = EDGE_LOOP('',(#1170,#1180,#1188,#1196));
#1170 = ORIENTED_EDGE('',*,*,#1171,.F.);
#1171 = EDGE_CURVE('',#1172,#1174,#1176,.T.);
#1172 = VERTEX_POINT('',#1173);
#1173 = CARTESIAN_POINT('',(20.100000857143,1.647734347539,
    2.721217693382));
#1174 = VERTEX_POINT('',#1175);
#1175 = CARTESIAN_POINT('',(-0.599999142857,1.647734347539,
    2.721217693382));
#1176 = LINE('',#1177,#1178);
#1177 = CARTESIAN_POINT('',(20.100000857143,1.647734347539,
    2.721217693382));
#1178 = VECTOR('',#1179,1.);
#1179 = DIRECTION('',(-1.,1.224646799147E-16,0.));
#1180 = ORIENTED_EDGE('',*,*,#1181,.T.);
#1181 = EDGE_CURVE('',#1172,#1182,#1184,.T.);
#1182 = VERTEX_POINT('',#1183);
#1183 = CARTESIAN_POINT('',(20.100000857143,1.647734347539,
    5.221217693382));
#1184 = LINE('',#1185,#1186);
#1185 = CARTESIAN_POINT('',(20.100000857143,1.647734347539,
    2.721217693382));
#1186 = VECTOR('',#1187,1.);
#1187 = DIRECTION('',(-1.499759782662E-32,-1.224646799147E-16,1.));
#1188 = ORIENTED_EDGE('',*,*,#1189,.T.);
#1189 = EDGE_CURVE('',#1182,#1190,#1192,.T.);
#1190 = VERTEX_POINT('',#1191);
#1191 = CARTESIAN_POINT('',(-0.599999142857,1.647734347539,
    5.221217693382));
#1192 = LINE('',#1193,#1194);
#1193 = CARTESIAN_POINT('',(20.100000857143,1.647734347539,
    5.221217693382));
#1194 = VECTOR('',#1195,1.);
#1195 = DIRECTION('',(-1.,1.224646799147E-16,0.));
#1196 = ORIENTED_EDGE('',*,*,#1197,.F.);
#1197 = EDGE_CURVE('',#1174,#1190,#1198,.T.);
#1198 = LINE('',#1199,#1200);
#1199 = CARTESIAN_POINT('',(-0.599999142857,1.647734347539,
    2.721217693382));
#1200 = VECTOR('',#1201,1.);
#1201 = DIRECTION('',(-1.499759782662E-32,-1.224646799147E-16,1.));
#1202 = FACE_BOUND('',#1203,.T.);
#1203 = EDGE_LOOP('',(#1204,#1205,#1213,#1219));
#1204 = ORIENTED_EDGE('',*,*,#1156,.T.);
#1205 = ORIENTED_EDGE('',*,*,#1206,.F.);
#1206 = EDGE_CURVE('',#1207,#1149,#1209,.T.);
#1207 = VERTEX_POINT('',#1208);
#1208 = CARTESIAN_POINT('',(0.125000857143,1.647734347539,3.692143389766
    ));
#1209 = LINE('',#1210,#1211);
#1210 = CARTESIAN_POINT('',(0.125000857143,1.647734347539,3.692143389766
    ));
#1211 = VECTOR('',#1212,1.);
#1212 = DIRECTION('',(-1.499759782662E-32,-1.224646799147E-16,1.));
#1213 = ORIENTED_EDGE('',*,*,#1214,.F.);
#1214 = EDGE_CURVE('',#963,#1207,#1215,.T.);
#1215 = LINE('',#1216,#1217);
#1216 = CARTESIAN_POINT('',(-0.124999142857,1.647734347539,
    3.692143389766));
#1217 = VECTOR('',#1218,1.);
#1218 = DIRECTION('',(1.,-1.224646799147E-16,0.));
#1219 = ORIENTED_EDGE('',*,*,#962,.T.);
#1220 = FACE_BOUND('',#1221,.T.);
#1221 = EDGE_LOOP('',(#1222,#1232,#1240,#1248));
#1222 = ORIENTED_EDGE('',*,*,#1223,.T.);
#1223 = EDGE_CURVE('',#1224,#1226,#1228,.T.);
#1224 = VERTEX_POINT('',#1225);
#1225 = CARTESIAN_POINT('',(2.875000857143,1.647734347539,4.944428887914
    ));
#1226 = VERTEX_POINT('',#1227);
#1227 = CARTESIAN_POINT('',(3.125000857143,1.647734347539,4.944428887914
    ));
#1228 = LINE('',#1229,#1230);
#1229 = CARTESIAN_POINT('',(2.875000857143,1.647734347539,4.944428887914
    ));
#1230 = VECTOR('',#1231,1.);
#1231 = DIRECTION('',(1.,-1.224646799147E-16,0.));
#1232 = ORIENTED_EDGE('',*,*,#1233,.F.);
#1233 = EDGE_CURVE('',#1234,#1226,#1236,.T.);
#1234 = VERTEX_POINT('',#1235);
#1235 = CARTESIAN_POINT('',(3.125000857143,1.647734347539,3.692143389766
    ));
#1236 = LINE('',#1237,#1238);
#1237 = CARTESIAN_POINT('',(3.125000857143,1.647734347539,3.692143389766
    ));
#1238 = VECTOR('',#1239,1.);
#1239 = DIRECTION('',(-1.499759782662E-32,-1.224646799147E-16,1.));
#1240 = ORIENTED_EDGE('',*,*,#1241,.F.);
#1241 = EDGE_CURVE('',#1242,#1234,#1244,.T.);
#1242 = VERTEX_POINT('',#1243);
#1243 = CARTESIAN_POINT('',(2.875000857143,1.647734347539,3.692143389766
    ));
#1244 = LINE('',#1245,#1246);
#1245 = CARTESIAN_POINT('',(2.875000857143,1.647734347539,3.692143389766
    ));
#1246 = VECTOR('',#1247,1.);
#1247 = DIRECTION('',(1.,-1.224646799147E-16,0.));
#1248 = ORIENTED_EDGE('',*,*,#1249,.T.);
#1249 = EDGE_CURVE('',#1242,#1224,#1250,.T.);
#1250 = LINE('',#1251,#1252);
#1251 = CARTESIAN_POINT('',(2.875000857143,1.647734347539,3.692143389766
    ));
#1252 = VECTOR('',#1253,1.);
#1253 = DIRECTION('',(-1.499759782662E-32,-1.224646799147E-16,1.));
#1254 = FACE_BOUND('',#1255,.T.);
#1255 = EDGE_LOOP('',(#1256,#1266,#1274,#1282));
#1256 = ORIENTED_EDGE('',*,*,#1257,.T.);
#1257 = EDGE_CURVE('',#1258,#1260,#1262,.T.);
#1258 = VERTEX_POINT('',#1259);
#1259 = CARTESIAN_POINT('',(5.875000857143,1.647734347539,4.944428887914
    ));
#1260 = VERTEX_POINT('',#1261);
#1261 = CARTESIAN_POINT('',(6.125000857143,1.647734347539,4.944428887914
    ));
#1262 = LINE('',#1263,#1264);
#1263 = CARTESIAN_POINT('',(5.875000857143,1.647734347539,4.944428887914
    ));
#1264 = VECTOR('',#1265,1.);
#1265 = DIRECTION('',(1.,-1.224646799147E-16,0.));
#1266 = ORIENTED_EDGE('',*,*,#1267,.F.);
#1267 = EDGE_CURVE('',#1268,#1260,#1270,.T.);
#1268 = VERTEX_POINT('',#1269);
#1269 = CARTESIAN_POINT('',(6.125000857143,1.647734347539,3.692143389766
    ));
#1270 = LINE('',#1271,#1272);
#1271 = CARTESIAN_POINT('',(6.125000857143,1.647734347539,3.692143389766
    ));
#1272 = VECTOR('',#1273,1.);
#1273 = DIRECTION('',(-1.499759782662E-32,-1.224646799147E-16,1.));
#1274 = ORIENTED_EDGE('',*,*,#1275,.F.);
#1275 = EDGE_CURVE('',#1276,#1268,#1278,.T.);
#1276 = VERTEX_POINT('',#1277);
#1277 = CARTESIAN_POINT('',(5.875000857143,1.647734347539,3.692143389766
    ));
#1278 = LINE('',#1279,#1280);
#1279 = CARTESIAN_POINT('',(5.875000857143,1.647734347539,3.692143389766
    ));
#1280 = VECTOR('',#1281,1.);
#1281 = DIRECTION('',(1.,-1.224646799147E-16,0.));
#1282 = ORIENTED_EDGE('',*,*,#1283,.T.);
#1283 = EDGE_CURVE('',#1276,#1258,#1284,.T.);
#1284 = LINE('',#1285,#1286);
#1285 = CARTESIAN_POINT('',(5.875000857143,1.647734347539,3.692143389766
    ));
#1286 = VECTOR('',#1287,1.);
#1287 = DIRECTION('',(-1.499759782662E-32,-1.224646799147E-16,1.));
#1288 = FACE_BOUND('',#1289,.T.);
#1289 = EDGE_LOOP('',(#1290,#1300,#1308,#1316));
#1290 = ORIENTED_EDGE('',*,*,#1291,.T.);
#1291 = EDGE_CURVE('',#1292,#1294,#1296,.T.);
#1292 = VERTEX_POINT('',#1293);
#1293 = CARTESIAN_POINT('',(8.875000857143,1.647734347539,4.944428887914
    ));
#1294 = VERTEX_POINT('',#1295);
#1295 = CARTESIAN_POINT('',(9.125000857143,1.647734347539,4.944428887914
    ));
#1296 = LINE('',#1297,#1298);
#1297 = CARTESIAN_POINT('',(8.875000857143,1.647734347539,4.944428887914
    ));
#1298 = VECTOR('',#1299,1.);
#1299 = DIRECTION('',(1.,-1.224646799147E-16,0.));
#1300 = ORIENTED_EDGE('',*,*,#1301,.F.);
#1301 = EDGE_CURVE('',#1302,#1294,#1304,.T.);
#1302 = VERTEX_POINT('',#1303);
#1303 = CARTESIAN_POINT('',(9.125000857143,1.647734347539,3.692143389766
    ));
#1304 = LINE('',#1305,#1306);
#1305 = CARTESIAN_POINT('',(9.125000857143,1.647734347539,3.692143389766
    ));
#1306 = VECTOR('',#1307,1.);
#1307 = DIRECTION('',(-1.499759782662E-32,-1.224646799147E-16,1.));
#1308 = ORIENTED_EDGE('',*,*,#1309,.F.);
#1309 = EDGE_CURVE('',#1310,#1302,#1312,.T.);
#1310 = VERTEX_POINT('',#1311);
#1311 = CARTESIAN_POINT('',(8.875000857143,1.647734347539,3.692143389766
    ));
#1312 = LINE('',#1313,#1314);
#1313 = CARTESIAN_POINT('',(8.875000857143,1.647734347539,3.692143389766
    ));
#1314 = VECTOR('',#1315,1.);
#1315 = DIRECTION('',(1.,-1.224646799147E-16,0.));
#1316 = ORIENTED_EDGE('',*,*,#1317,.T.);
#1317 = EDGE_CURVE('',#1310,#1292,#1318,.T.);
#1318 = LINE('',#1319,#1320);
#1319 = CARTESIAN_POINT('',(8.875000857143,1.647734347539,3.692143389766
    ));
#1320 = VECTOR('',#1321,1.);
#1321 = DIRECTION('',(-1.499759782662E-32,-1.224646799147E-16,1.));
#1322 = FACE_BOUND('',#1323,.T.);
#1323 = EDGE_LOOP('',(#1324,#1334,#1342,#1350));
#1324 = ORIENTED_EDGE('',*,*,#1325,.T.);
#1325 = EDGE_CURVE('',#1326,#1328,#1330,.T.);
#1326 = VERTEX_POINT('',#1327);
#1327 = CARTESIAN_POINT('',(11.875000857143,1.647734347539,
    4.944428887914));
#1328 = VERTEX_POINT('',#1329);
#1329 = CARTESIAN_POINT('',(12.125000857143,1.647734347539,
    4.944428887914));
#1330 = LINE('',#1331,#1332);
#1331 = CARTESIAN_POINT('',(11.875000857143,1.647734347539,
    4.944428887914));
#1332 = VECTOR('',#1333,1.);
#1333 = DIRECTION('',(1.,-1.224646799147E-16,0.));
#1334 = ORIENTED_EDGE('',*,*,#1335,.F.);
#1335 = EDGE_CURVE('',#1336,#1328,#1338,.T.);
#1336 = VERTEX_POINT('',#1337);
#1337 = CARTESIAN_POINT('',(12.125000857143,1.647734347539,
    3.692143389766));
#1338 = LINE('',#1339,#1340);
#1339 = CARTESIAN_POINT('',(12.125000857143,1.647734347539,
    3.692143389766));
#1340 = VECTOR('',#1341,1.);
#1341 = DIRECTION('',(-1.499759782662E-32,-1.224646799147E-16,1.));
#1342 = ORIENTED_EDGE('',*,*,#1343,.F.);
#1343 = EDGE_CURVE('',#1344,#1336,#1346,.T.);
#1344 = VERTEX_POINT('',#1345);
#1345 = CARTESIAN_POINT('',(11.875000857143,1.647734347539,
    3.692143389766));
#1346 = LINE('',#1347,#1348);
#1347 = CARTESIAN_POINT('',(11.875000857143,1.647734347539,
    3.692143389766));
#1348 = VECTOR('',#1349,1.);
#1349 = DIRECTION('',(1.,-1.224646799147E-16,0.));
#1350 = ORIENTED_EDGE('',*,*,#1351,.T.);
#1351 = EDGE_CURVE('',#1344,#1326,#1352,.T.);
#1352 = LINE('',#1353,#1354);
#1353 = CARTESIAN_POINT('',(11.875000857143,1.647734347539,
    3.692143389766));
#1354 = VECTOR('',#1355,1.);
#1355 = DIRECTION('',(-1.499759782662E-32,-1.224646799147E-16,1.));
#1356 = FACE_BOUND('',#1357,.T.);
#1357 = EDGE_LOOP('',(#1358,#1368,#1376,#1384));
#1358 = ORIENTED_EDGE('',*,*,#1359,.T.);
#1359 = EDGE_CURVE('',#1360,#1362,#1364,.T.);
#1360 = VERTEX_POINT('',#1361);
#1361 = CARTESIAN_POINT('',(14.875000857143,1.647734347539,
    4.944428887914));
#1362 = VERTEX_POINT('',#1363);
#1363 = CARTESIAN_POINT('',(15.125000857143,1.647734347539,
    4.944428887914));
#1364 = LINE('',#1365,#1366);
#1365 = CARTESIAN_POINT('',(14.875000857143,1.647734347539,
    4.944428887914));
#1366 = VECTOR('',#1367,1.);
#1367 = DIRECTION('',(1.,-1.224646799147E-16,0.));
#1368 = ORIENTED_EDGE('',*,*,#1369,.F.);
#1369 = EDGE_CURVE('',#1370,#1362,#1372,.T.);
#1370 = VERTEX_POINT('',#1371);
#1371 = CARTESIAN_POINT('',(15.125000857143,1.647734347539,
    3.692143389766));
#1372 = LINE('',#1373,#1374);
#1373 = CARTESIAN_POINT('',(15.125000857143,1.647734347539,
    3.692143389766));
#1374 = VECTOR('',#1375,1.);
#1375 = DIRECTION('',(-1.499759782662E-32,-1.224646799147E-16,1.));
#1376 = ORIENTED_EDGE('',*,*,#1377,.F.);
#1377 = EDGE_CURVE('',#1378,#1370,#1380,.T.);
#1378 = VERTEX_POINT('',#1379);
#1379 = CARTESIAN_POINT('',(14.875000857143,1.647734347539,
    3.692143389766));
#1380 = LINE('',#1381,#1382);
#1381 = CARTESIAN_POINT('',(14.875000857143,1.647734347539,
    3.692143389766));
#1382 = VECTOR('',#1383,1.);
#1383 = DIRECTION('',(1.,-1.224646799147E-16,0.));
#1384 = ORIENTED_EDGE('',*,*,#1385,.T.);
#1385 = EDGE_CURVE('',#1378,#1360,#1386,.T.);
#1386 = LINE('',#1387,#1388);
#1387 = CARTESIAN_POINT('',(14.875000857143,1.647734347539,
    3.692143389766));
#1388 = VECTOR('',#1389,1.);
#1389 = DIRECTION('',(-1.499759782662E-32,-1.224646799147E-16,1.));
#1390 = FACE_BOUND('',#1391,.T.);
#1391 = EDGE_LOOP('',(#1392,#1402,#1410,#1418));
#1392 = ORIENTED_EDGE('',*,*,#1393,.T.);
#1393 = EDGE_CURVE('',#1394,#1396,#1398,.T.);
#1394 = VERTEX_POINT('',#1395);
#1395 = CARTESIAN_POINT('',(17.875000857143,1.647734347539,
    4.944428887914));
#1396 = VERTEX_POINT('',#1397);
#1397 = CARTESIAN_POINT('',(18.125000857143,1.647734347539,
    4.944428887914));
#1398 = LINE('',#1399,#1400);
#1399 = CARTESIAN_POINT('',(17.875000857143,1.647734347539,
    4.944428887914));
#1400 = VECTOR('',#1401,1.);
#1401 = DIRECTION('',(1.,-1.224646799147E-16,0.));
#1402 = ORIENTED_EDGE('',*,*,#1403,.F.);
#1403 = EDGE_CURVE('',#1404,#1396,#1406,.T.);
#1404 = VERTEX_POINT('',#1405);
#1405 = CARTESIAN_POINT('',(18.125000857143,1.647734347539,
    3.692143389766));
#1406 = LINE('',#1407,#1408);
#1407 = CARTESIAN_POINT('',(18.125000857143,1.647734347539,
    3.692143389766));
#1408 = VECTOR('',#1409,1.);
#1409 = DIRECTION('',(-1.499759782662E-32,-1.224646799147E-16,1.));
#1410 = ORIENTED_EDGE('',*,*,#1411,.F.);
#1411 = EDGE_CURVE('',#1412,#1404,#1414,.T.);
#1412 = VERTEX_POINT('',#1413);
#1413 = CARTESIAN_POINT('',(17.875000857143,1.647734347539,
    3.692143389766));
#1414 = LINE('',#1415,#1416);
#1415 = CARTESIAN_POINT('',(17.875000857143,1.647734347539,
    3.692143389766));
#1416 = VECTOR('',#1417,1.);
#1417 = DIRECTION('',(1.,-1.224646799147E-16,0.));
#1418 = ORIENTED_EDGE('',*,*,#1419,.T.);
#1419 = EDGE_CURVE('',#1412,#1394,#1420,.T.);
#1420 = LINE('',#1421,#1422);
#1421 = CARTESIAN_POINT('',(17.875000857143,1.647734347539,
    3.692143389766));
#1422 = VECTOR('',#1423,1.);
#1423 = DIRECTION('',(-1.499759782662E-32,-1.224646799147E-16,1.));
#1424 = FACE_BOUND('',#1425,.T.);
#1425 = EDGE_LOOP('',(#1426,#1436,#1444,#1452));
#1426 = ORIENTED_EDGE('',*,*,#1427,.T.);
#1427 = EDGE_CURVE('',#1428,#1430,#1432,.T.);
#1428 = VERTEX_POINT('',#1429);
#1429 = CARTESIAN_POINT('',(1.375000857143,1.647734347539,4.944428887914
    ));
#1430 = VERTEX_POINT('',#1431);
#1431 = CARTESIAN_POINT('',(1.625000857143,1.647734347539,4.944428887914
    ));
#1432 = LINE('',#1433,#1434);
#1433 = CARTESIAN_POINT('',(1.375000857143,1.647734347539,4.944428887914
    ));
#1434 = VECTOR('',#1435,1.);
#1435 = DIRECTION('',(1.,-1.224646799147E-16,0.));
#1436 = ORIENTED_EDGE('',*,*,#1437,.F.);
#1437 = EDGE_CURVE('',#1438,#1430,#1440,.T.);
#1438 = VERTEX_POINT('',#1439);
#1439 = CARTESIAN_POINT('',(1.625000857143,1.647734347539,3.692143389766
    ));
#1440 = LINE('',#1441,#1442);
#1441 = CARTESIAN_POINT('',(1.625000857143,1.647734347539,3.692143389766
    ));
#1442 = VECTOR('',#1443,1.);
#1443 = DIRECTION('',(-1.499759782662E-32,-1.224646799147E-16,1.));
#1444 = ORIENTED_EDGE('',*,*,#1445,.F.);
#1445 = EDGE_CURVE('',#1446,#1438,#1448,.T.);
#1446 = VERTEX_POINT('',#1447);
#1447 = CARTESIAN_POINT('',(1.375000857143,1.647734347539,3.692143389766
    ));
#1448 = LINE('',#1449,#1450);
#1449 = CARTESIAN_POINT('',(1.375000857143,1.647734347539,3.692143389766
    ));
#1450 = VECTOR('',#1451,1.);
#1451 = DIRECTION('',(1.,-1.224646799147E-16,0.));
#1452 = ORIENTED_EDGE('',*,*,#1453,.T.);
#1453 = EDGE_CURVE('',#1446,#1428,#1454,.T.);
#1454 = LINE('',#1455,#1456);
#1455 = CARTESIAN_POINT('',(1.375000857143,1.647734347539,3.692143389766
    ));
#1456 = VECTOR('',#1457,1.);
#1457 = DIRECTION('',(-1.499759782662E-32,-1.224646799147E-16,1.));
#1458 = FACE_BOUND('',#1459,.T.);
#1459 = EDGE_LOOP('',(#1460,#1470,#1478,#1486));
#1460 = ORIENTED_EDGE('',*,*,#1461,.T.);
#1461 = EDGE_CURVE('',#1462,#1464,#1466,.T.);
#1462 = VERTEX_POINT('',#1463);
#1463 = CARTESIAN_POINT('',(4.375000857143,1.647734347539,4.944428887914
    ));
#1464 = VERTEX_POINT('',#1465);
#1465 = CARTESIAN_POINT('',(4.625000857143,1.647734347539,4.944428887914
    ));
#1466 = LINE('',#1467,#1468);
#1467 = CARTESIAN_POINT('',(4.375000857143,1.647734347539,4.944428887914
    ));
#1468 = VECTOR('',#1469,1.);
#1469 = DIRECTION('',(1.,-1.224646799147E-16,0.));
#1470 = ORIENTED_EDGE('',*,*,#1471,.F.);
#1471 = EDGE_CURVE('',#1472,#1464,#1474,.T.);
#1472 = VERTEX_POINT('',#1473);
#1473 = CARTESIAN_POINT('',(4.625000857143,1.647734347539,3.692143389766
    ));
#1474 = LINE('',#1475,#1476);
#1475 = CARTESIAN_POINT('',(4.625000857143,1.647734347539,3.692143389766
    ));
#1476 = VECTOR('',#1477,1.);
#1477 = DIRECTION('',(-1.499759782662E-32,-1.224646799147E-16,1.));
#1478 = ORIENTED_EDGE('',*,*,#1479,.F.);
#1479 = EDGE_CURVE('',#1480,#1472,#1482,.T.);
#1480 = VERTEX_POINT('',#1481);
#1481 = CARTESIAN_POINT('',(4.375000857143,1.647734347539,3.692143389766
    ));
#1482 = LINE('',#1483,#1484);
#1483 = CARTESIAN_POINT('',(4.375000857143,1.647734347539,3.692143389766
    ));
#1484 = VECTOR('',#1485,1.);
#1485 = DIRECTION('',(1.,-1.224646799147E-16,0.));
#1486 = ORIENTED_EDGE('',*,*,#1487,.T.);
#1487 = EDGE_CURVE('',#1480,#1462,#1488,.T.);
#1488 = LINE('',#1489,#1490);
#1489 = CARTESIAN_POINT('',(4.375000857143,1.647734347539,3.692143389766
    ));
#1490 = VECTOR('',#1491,1.);
#1491 = DIRECTION('',(-1.499759782662E-32,-1.224646799147E-16,1.));
#1492 = FACE_BOUND('',#1493,.T.);
#1493 = EDGE_LOOP('',(#1494,#1504,#1512,#1520));
#1494 = ORIENTED_EDGE('',*,*,#1495,.T.);
#1495 = EDGE_CURVE('',#1496,#1498,#1500,.T.);
#1496 = VERTEX_POINT('',#1497);
#1497 = CARTESIAN_POINT('',(7.375000857143,1.647734347539,4.944428887914
    ));
#1498 = VERTEX_POINT('',#1499);
#1499 = CARTESIAN_POINT('',(7.625000857143,1.647734347539,4.944428887914
    ));
#1500 = LINE('',#1501,#1502);
#1501 = CARTESIAN_POINT('',(7.375000857143,1.647734347539,4.944428887914
    ));
#1502 = VECTOR('',#1503,1.);
#1503 = DIRECTION('',(1.,-1.224646799147E-16,0.));
#1504 = ORIENTED_EDGE('',*,*,#1505,.F.);
#1505 = EDGE_CURVE('',#1506,#1498,#1508,.T.);
#1506 = VERTEX_POINT('',#1507);
#1507 = CARTESIAN_POINT('',(7.625000857143,1.647734347539,3.692143389766
    ));
#1508 = LINE('',#1509,#1510);
#1509 = CARTESIAN_POINT('',(7.625000857143,1.647734347539,3.692143389766
    ));
#1510 = VECTOR('',#1511,1.);
#1511 = DIRECTION('',(-1.499759782662E-32,-1.224646799147E-16,1.));
#1512 = ORIENTED_EDGE('',*,*,#1513,.F.);
#1513 = EDGE_CURVE('',#1514,#1506,#1516,.T.);
#1514 = VERTEX_POINT('',#1515);
#1515 = CARTESIAN_POINT('',(7.375000857143,1.647734347539,3.692143389766
    ));
#1516 = LINE('',#1517,#1518);
#1517 = CARTESIAN_POINT('',(7.375000857143,1.647734347539,3.692143389766
    ));
#1518 = VECTOR('',#1519,1.);
#1519 = DIRECTION('',(1.,-1.224646799147E-16,0.));
#1520 = ORIENTED_EDGE('',*,*,#1521,.T.);
#1521 = EDGE_CURVE('',#1514,#1496,#1522,.T.);
#1522 = LINE('',#1523,#1524);
#1523 = CARTESIAN_POINT('',(7.375000857143,1.647734347539,3.692143389766
    ));
#1524 = VECTOR('',#1525,1.);
#1525 = DIRECTION('',(-1.499759782662E-32,-1.224646799147E-16,1.));
#1526 = FACE_BOUND('',#1527,.T.);
#1527 = EDGE_LOOP('',(#1528,#1538,#1546,#1554));
#1528 = ORIENTED_EDGE('',*,*,#1529,.T.);
#1529 = EDGE_CURVE('',#1530,#1532,#1534,.T.);
#1530 = VERTEX_POINT('',#1531);
#1531 = CARTESIAN_POINT('',(10.375000857143,1.647734347539,
    4.944428887914));
#1532 = VERTEX_POINT('',#1533);
#1533 = CARTESIAN_POINT('',(10.625000857143,1.647734347539,
    4.944428887914));
#1534 = LINE('',#1535,#1536);
#1535 = CARTESIAN_POINT('',(10.375000857143,1.647734347539,
    4.944428887914));
#1536 = VECTOR('',#1537,1.);
#1537 = DIRECTION('',(1.,-1.224646799147E-16,0.));
#1538 = ORIENTED_EDGE('',*,*,#1539,.F.);
#1539 = EDGE_CURVE('',#1540,#1532,#1542,.T.);
#1540 = VERTEX_POINT('',#1541);
#1541 = CARTESIAN_POINT('',(10.625000857143,1.647734347539,
    3.692143389766));
#1542 = LINE('',#1543,#1544);
#1543 = CARTESIAN_POINT('',(10.625000857143,1.647734347539,
    3.692143389766));
#1544 = VECTOR('',#1545,1.);
#1545 = DIRECTION('',(-1.499759782662E-32,-1.224646799147E-16,1.));
#1546 = ORIENTED_EDGE('',*,*,#1547,.F.);
#1547 = EDGE_CURVE('',#1548,#1540,#1550,.T.);
#1548 = VERTEX_POINT('',#1549);
#1549 = CARTESIAN_POINT('',(10.375000857143,1.647734347539,
    3.692143389766));
#1550 = LINE('',#1551,#1552);
#1551 = CARTESIAN_POINT('',(10.375000857143,1.647734347539,
    3.692143389766));
#1552 = VECTOR('',#1553,1.);
#1553 = DIRECTION('',(1.,-1.224646799147E-16,0.));
#1554 = ORIENTED_EDGE('',*,*,#1555,.T.);
#1555 = EDGE_CURVE('',#1548,#1530,#1556,.T.);
#1556 = LINE('',#1557,#1558);
#1557 = CARTESIAN_POINT('',(10.375000857143,1.647734347539,
    3.692143389766));
#1558 = VECTOR('',#1559,1.);
#1559 = DIRECTION('',(-1.499759782662E-32,-1.224646799147E-16,1.));
#1560 = FACE_BOUND('',#1561,.T.);
#1561 = EDGE_LOOP('',(#1562,#1572,#1580,#1588));
#1562 = ORIENTED_EDGE('',*,*,#1563,.T.);
#1563 = EDGE_CURVE('',#1564,#1566,#1568,.T.);
#1564 = VERTEX_POINT('',#1565);
#1565 = CARTESIAN_POINT('',(13.375000857143,1.647734347539,
    4.944428887914));
#1566 = VERTEX_POINT('',#1567);
#1567 = CARTESIAN_POINT('',(13.625000857143,1.647734347539,
    4.944428887914));
#1568 = LINE('',#1569,#1570);
#1569 = CARTESIAN_POINT('',(13.375000857143,1.647734347539,
    4.944428887914));
#1570 = VECTOR('',#1571,1.);
#1571 = DIRECTION('',(1.,-1.224646799147E-16,0.));
#1572 = ORIENTED_EDGE('',*,*,#1573,.F.);
#1573 = EDGE_CURVE('',#1574,#1566,#1576,.T.);
#1574 = VERTEX_POINT('',#1575);
#1575 = CARTESIAN_POINT('',(13.625000857143,1.647734347539,
    3.692143389766));
#1576 = LINE('',#1577,#1578);
#1577 = CARTESIAN_POINT('',(13.625000857143,1.647734347539,
    3.692143389766));
#1578 = VECTOR('',#1579,1.);
#1579 = DIRECTION('',(-1.499759782662E-32,-1.224646799147E-16,1.));
#1580 = ORIENTED_EDGE('',*,*,#1581,.F.);
#1581 = EDGE_CURVE('',#1582,#1574,#1584,.T.);
#1582 = VERTEX_POINT('',#1583);
#1583 = CARTESIAN_POINT('',(13.375000857143,1.647734347539,
    3.692143389766));
#1584 = LINE('',#1585,#1586);
#1585 = CARTESIAN_POINT('',(13.375000857143,1.647734347539,
    3.692143389766));
#1586 = VECTOR('',#1587,1.);
#1587 = DIRECTION('',(1.,-1.224646799147E-16,0.));
#1588 = ORIENTED_EDGE('',*,*,#1589,.T.);
#1589 = EDGE_CURVE('',#1582,#1564,#1590,.T.);
#1590 = LINE('',#1591,#1592);
#1591 = CARTESIAN_POINT('',(13.375000857143,1.647734347539,
    3.692143389766));
#1592 = VECTOR('',#1593,1.);
#1593 = DIRECTION('',(-1.499759782662E-32,-1.224646799147E-16,1.));
#1594 = FACE_BOUND('',#1595,.T.);
#1595 = EDGE_LOOP('',(#1596,#1606,#1614,#1622));
#1596 = ORIENTED_EDGE('',*,*,#1597,.T.);
#1597 = EDGE_CURVE('',#1598,#1600,#1602,.T.);
#1598 = VERTEX_POINT('',#1599);
#1599 = CARTESIAN_POINT('',(16.375000857143,1.647734347539,
    4.944428887914));
#1600 = VERTEX_POINT('',#1601);
#1601 = CARTESIAN_POINT('',(16.625000857143,1.647734347539,
    4.944428887914));
#1602 = LINE('',#1603,#1604);
#1603 = CARTESIAN_POINT('',(16.375000857143,1.647734347539,
    4.944428887914));
#1604 = VECTOR('',#1605,1.);
#1605 = DIRECTION('',(1.,-1.224646799147E-16,0.));
#1606 = ORIENTED_EDGE('',*,*,#1607,.F.);
#1607 = EDGE_CURVE('',#1608,#1600,#1610,.T.);
#1608 = VERTEX_POINT('',#1609);
#1609 = CARTESIAN_POINT('',(16.625000857143,1.647734347539,
    3.692143389766));
#1610 = LINE('',#1611,#1612);
#1611 = CARTESIAN_POINT('',(16.625000857143,1.647734347539,
    3.692143389766));
#1612 = VECTOR('',#1613,1.);
#1613 = DIRECTION('',(-1.499759782662E-32,-1.224646799147E-16,1.));
#1614 = ORIENTED_EDGE('',*,*,#1615,.F.);
#1615 = EDGE_CURVE('',#1616,#1608,#1618,.T.);
#1616 = VERTEX_POINT('',#1617);
#1617 = CARTESIAN_POINT('',(16.375000857143,1.647734347539,
    3.692143389766));
#1618 = LINE('',#1619,#1620);
#1619 = CARTESIAN_POINT('',(16.375000857143,1.647734347539,
    3.692143389766));
#1620 = VECTOR('',#1621,1.);
#1621 = DIRECTION('',(1.,-1.224646799147E-16,0.));
#1622 = ORIENTED_EDGE('',*,*,#1623,.T.);
#1623 = EDGE_CURVE('',#1616,#1598,#1624,.T.);
#1624 = LINE('',#1625,#1626);
#1625 = CARTESIAN_POINT('',(16.375000857143,1.647734347539,
    3.692143389766));
#1626 = VECTOR('',#1627,1.);
#1627 = DIRECTION('',(-1.499759782662E-32,-1.224646799147E-16,1.));
#1628 = FACE_BOUND('',#1629,.T.);
#1629 = EDGE_LOOP('',(#1630,#1640,#1648,#1656));
#1630 = ORIENTED_EDGE('',*,*,#1631,.T.);
#1631 = EDGE_CURVE('',#1632,#1634,#1636,.T.);
#1632 = VERTEX_POINT('',#1633);
#1633 = CARTESIAN_POINT('',(19.375000857143,1.647734347539,
    4.944428887914));
#1634 = VERTEX_POINT('',#1635);
#1635 = CARTESIAN_POINT('',(19.625000857143,1.647734347539,
    4.944428887914));
#1636 = LINE('',#1637,#1638);
#1637 = CARTESIAN_POINT('',(19.375000857143,1.647734347539,
    4.944428887914));
#1638 = VECTOR('',#1639,1.);
#1639 = DIRECTION('',(1.,-1.224646799147E-16,0.));
#1640 = ORIENTED_EDGE('',*,*,#1641,.F.);
#1641 = EDGE_CURVE('',#1642,#1634,#1644,.T.);
#1642 = VERTEX_POINT('',#1643);
#1643 = CARTESIAN_POINT('',(19.625000857143,1.647734347539,
    3.692143389766));
#1644 = LINE('',#1645,#1646);
#1645 = CARTESIAN_POINT('',(19.625000857143,1.647734347539,
    3.692143389766));
#1646 = VECTOR('',#1647,1.);
#1647 = DIRECTION('',(-1.499759782662E-32,-1.224646799147E-16,1.));
#1648 = ORIENTED_EDGE('',*,*,#1649,.F.);
#1649 = EDGE_CURVE('',#1650,#1642,#1652,.T.);
#1650 = VERTEX_POINT('',#1651);
#1651 = CARTESIAN_POINT('',(19.375000857143,1.647734347539,
    3.692143389766));
#1652 = LINE('',#1653,#1654);
#1653 = CARTESIAN_POINT('',(19.375000857143,1.647734347539,
    3.692143389766));
#1654 = VECTOR('',#1655,1.);
#1655 = DIRECTION('',(1.,-1.224646799147E-16,0.));
#1656 = ORIENTED_EDGE('',*,*,#1657,.T.);
#1657 = EDGE_CURVE('',#1650,#1632,#1658,.T.);
#1658 = LINE('',#1659,#1660);
#1659 = CARTESIAN_POINT('',(19.375000857143,1.647734347539,
    3.692143389766));
#1660 = VECTOR('',#1661,1.);
#1661 = DIRECTION('',(-1.499759782662E-32,-1.224646799147E-16,1.));
#1662 = PLANE('',#1663);
#1663 = AXIS2_PLACEMENT_3D('',#1664,#1665,#1666);
#1664 = CARTESIAN_POINT('',(1.250000857143,1.647734347539,2.721217693382
    ));
#1665 = DIRECTION('',(1.224646799147E-16,1.,1.224646799147E-16));
#1666 = DIRECTION('',(-1.,1.224646799147E-16,0.));
#1667 = ADVANCED_FACE('',(#1668),#1741,.F.);
#1668 = FACE_BOUND('',#1669,.T.);
#1669 = EDGE_LOOP('',(#1670,#1678,#1686,#1694,#1702,#1710,#1718,#1726,
    #1734,#1740));
#1670 = ORIENTED_EDGE('',*,*,#1671,.T.);
#1671 = EDGE_CURVE('',#1190,#1672,#1674,.T.);
#1672 = VERTEX_POINT('',#1673);
#1673 = CARTESIAN_POINT('',(-0.599999142857,1.947734347539,
    5.521217693382));
#1674 = LINE('',#1675,#1676);
#1675 = CARTESIAN_POINT('',(-0.599999142857,1.647734347539,
    5.221217693382));
#1676 = VECTOR('',#1677,1.);
#1677 = DIRECTION('',(8.659560562355E-17,0.707106781187,0.707106781187)
  );
#1678 = ORIENTED_EDGE('',*,*,#1679,.T.);
#1679 = EDGE_CURVE('',#1672,#1680,#1682,.T.);
#1680 = VERTEX_POINT('',#1681);
#1681 = CARTESIAN_POINT('',(-0.599999142857,2.497734347539,
    5.521217693382));
#1682 = LINE('',#1683,#1684);
#1683 = CARTESIAN_POINT('',(-0.599999142857,1.947734347539,
    5.521217693382));
#1684 = VECTOR('',#1685,1.);
#1685 = DIRECTION('',(1.224646799147E-16,1.,1.224646799147E-16));
#1686 = ORIENTED_EDGE('',*,*,#1687,.T.);
#1687 = EDGE_CURVE('',#1680,#1688,#1690,.T.);
#1688 = VERTEX_POINT('',#1689);
#1689 = CARTESIAN_POINT('',(-0.599999142857,2.697734347539,
    5.171217693382));
#1690 = LINE('',#1691,#1692);
#1691 = CARTESIAN_POINT('',(-0.599999142857,2.497734347539,
    5.521217693382));
#1692 = VECTOR('',#1693,1.);
#1693 = DIRECTION('',(6.07594962791E-17,0.496138938357,-0.868243142124)
  );
#1694 = ORIENTED_EDGE('',*,*,#1695,.T.);
#1695 = EDGE_CURVE('',#1688,#1696,#1698,.T.);
#1696 = VERTEX_POINT('',#1697);
#1697 = CARTESIAN_POINT('',(-0.599999142857,2.697734347539,
    1.721217693382));
#1698 = LINE('',#1699,#1700);
#1699 = CARTESIAN_POINT('',(-0.599999142857,2.697734347539,
    5.171217693382));
#1700 = VECTOR('',#1701,1.);
#1701 = DIRECTION('',(1.499759782662E-32,1.224646799147E-16,-1.));
#1702 = ORIENTED_EDGE('',*,*,#1703,.F.);
#1703 = EDGE_CURVE('',#1704,#1696,#1706,.T.);
#1704 = VERTEX_POINT('',#1705);
#1705 = CARTESIAN_POINT('',(-0.599999142857,0.287734347539,
    1.721217693382));
#1706 = LINE('',#1707,#1708);
#1707 = CARTESIAN_POINT('',(-0.599999142857,0.287734347539,
    1.721217693382));
#1708 = VECTOR('',#1709,1.);
#1709 = DIRECTION('',(1.224646799147E-16,1.,1.224646799147E-16));
#1710 = ORIENTED_EDGE('',*,*,#1711,.F.);
#1711 = EDGE_CURVE('',#1712,#1704,#1714,.T.);
#1712 = VERTEX_POINT('',#1713);
#1713 = CARTESIAN_POINT('',(-0.599999142857,0.287734347539,
    2.651217693382));
#1714 = LINE('',#1715,#1716);
#1715 = CARTESIAN_POINT('',(-0.599999142857,0.287734347539,
    2.651217693382));
#1716 = VECTOR('',#1717,1.);
#1717 = DIRECTION('',(1.499759782662E-32,1.224646799147E-16,-1.));
#1718 = ORIENTED_EDGE('',*,*,#1719,.T.);
#1719 = EDGE_CURVE('',#1712,#1720,#1722,.T.);
#1720 = VERTEX_POINT('',#1721);
#1721 = CARTESIAN_POINT('',(-0.599999142857,0.487734347539,
    2.471217693382));
#1722 = LINE('',#1723,#1724);
#1723 = CARTESIAN_POINT('',(-0.599999142857,0.287734347539,
    2.651217693382));
#1724 = VECTOR('',#1725,1.);
#1725 = DIRECTION('',(9.102727970266E-17,0.743294146247,-0.668964731622)
  );
#1726 = ORIENTED_EDGE('',*,*,#1727,.T.);
#1727 = EDGE_CURVE('',#1720,#1728,#1730,.T.);
#1728 = VERTEX_POINT('',#1729);
#1729 = CARTESIAN_POINT('',(-0.599999142857,1.497734347539,
    2.471217693382));
#1730 = LINE('',#1731,#1732);
#1731 = CARTESIAN_POINT('',(-0.599999142857,0.487734347539,
    2.471217693382));
#1732 = VECTOR('',#1733,1.);
#1733 = DIRECTION('',(1.224646799147E-16,1.,1.224646799147E-16));
#1734 = ORIENTED_EDGE('',*,*,#1735,.T.);
#1735 = EDGE_CURVE('',#1728,#1174,#1736,.T.);
#1736 = LINE('',#1737,#1738);
#1737 = CARTESIAN_POINT('',(-0.599999142857,1.497734347539,
    2.471217693382));
#1738 = VECTOR('',#1739,1.);
#1739 = DIRECTION('',(6.300755800592E-17,0.514495755428,0.857492925713)
  );
#1740 = ORIENTED_EDGE('',*,*,#1197,.T.);
#1741 = PLANE('',#1742);
#1742 = AXIS2_PLACEMENT_3D('',#1743,#1744,#1745);
#1743 = CARTESIAN_POINT('',(-0.599999142857,0.287734347539,
    5.521217693382));
#1744 = DIRECTION('',(1.,-1.224646799147E-16,0.));
#1745 = DIRECTION('',(1.499759782662E-32,1.224646799147E-16,-1.));
#1746 = ADVANCED_FACE('',(#1747),#1765,.F.);
#1747 = FACE_BOUND('',#1748,.T.);
#1748 = EDGE_LOOP('',(#1749,#1750,#1758,#1764));
#1749 = ORIENTED_EDGE('',*,*,#1735,.F.);
#1750 = ORIENTED_EDGE('',*,*,#1751,.F.);
#1751 = EDGE_CURVE('',#1752,#1728,#1754,.T.);
#1752 = VERTEX_POINT('',#1753);
#1753 = CARTESIAN_POINT('',(20.100000857143,1.497734347539,
    2.471217693382));
#1754 = LINE('',#1755,#1756);
#1755 = CARTESIAN_POINT('',(20.100000857143,1.497734347539,
    2.471217693382));
#1756 = VECTOR('',#1757,1.);
#1757 = DIRECTION('',(-1.,1.224646799147E-16,0.));
#1758 = ORIENTED_EDGE('',*,*,#1759,.T.);
#1759 = EDGE_CURVE('',#1752,#1172,#1760,.T.);
#1760 = LINE('',#1761,#1762);
#1761 = CARTESIAN_POINT('',(20.100000857143,1.497734347539,
    2.471217693382));
#1762 = VECTOR('',#1763,1.);
#1763 = DIRECTION('',(6.300755800592E-17,0.514495755428,0.857492925713)
  );
#1764 = ORIENTED_EDGE('',*,*,#1171,.T.);
#1765 = PLANE('',#1766);
#1766 = AXIS2_PLACEMENT_3D('',#1767,#1768,#1769);
#1767 = CARTESIAN_POINT('',(1.250000857143,1.497734347539,2.471217693382
    ));
#1768 = DIRECTION('',(1.050125966765E-16,0.857492925713,-0.514495755428)
  );
#1769 = DIRECTION('',(-1.,1.224646799147E-16,0.));
#1770 = ADVANCED_FACE('',(#1771),#1837,.F.);
#1771 = FACE_BOUND('',#1772,.T.);
#1772 = EDGE_LOOP('',(#1773,#1774,#1782,#1790,#1798,#1806,#1814,#1822,
    #1830,#1836));
#1773 = ORIENTED_EDGE('',*,*,#1759,.F.);
#1774 = ORIENTED_EDGE('',*,*,#1775,.F.);
#1775 = EDGE_CURVE('',#1776,#1752,#1778,.T.);
#1776 = VERTEX_POINT('',#1777);
#1777 = CARTESIAN_POINT('',(20.100000857143,0.487734347539,
    2.471217693382));
#1778 = LINE('',#1779,#1780);
#1779 = CARTESIAN_POINT('',(20.100000857143,0.487734347539,
    2.471217693382));
#1780 = VECTOR('',#1781,1.);
#1781 = DIRECTION('',(1.224646799147E-16,1.,1.224646799147E-16));
#1782 = ORIENTED_EDGE('',*,*,#1783,.F.);
#1783 = EDGE_CURVE('',#1784,#1776,#1786,.T.);
#1784 = VERTEX_POINT('',#1785);
#1785 = CARTESIAN_POINT('',(20.100000857143,0.287734347539,
    2.651217693382));
#1786 = LINE('',#1787,#1788);
#1787 = CARTESIAN_POINT('',(20.100000857143,0.287734347539,
    2.651217693382));
#1788 = VECTOR('',#1789,1.);
#1789 = DIRECTION('',(9.102727970266E-17,0.743294146247,-0.668964731622)
  );
#1790 = ORIENTED_EDGE('',*,*,#1791,.T.);
#1791 = EDGE_CURVE('',#1784,#1792,#1794,.T.);
#1792 = VERTEX_POINT('',#1793);
#1793 = CARTESIAN_POINT('',(20.100000857143,0.287734347539,
    1.721217693382));
#1794 = LINE('',#1795,#1796);
#1795 = CARTESIAN_POINT('',(20.100000857143,0.287734347539,
    2.651217693382));
#1796 = VECTOR('',#1797,1.);
#1797 = DIRECTION('',(1.499759782662E-32,1.224646799147E-16,-1.));
#1798 = ORIENTED_EDGE('',*,*,#1799,.F.);
#1799 = EDGE_CURVE('',#1800,#1792,#1802,.T.);
#1800 = VERTEX_POINT('',#1801);
#1801 = CARTESIAN_POINT('',(20.100000857143,2.697734347539,
    1.721217693382));
#1802 = LINE('',#1803,#1804);
#1803 = CARTESIAN_POINT('',(20.100000857143,2.697734347539,
    1.721217693382));
#1804 = VECTOR('',#1805,1.);
#1805 = DIRECTION('',(-1.224646799147E-16,-1.,-1.224646799147E-16));
#1806 = ORIENTED_EDGE('',*,*,#1807,.F.);
#1807 = EDGE_CURVE('',#1808,#1800,#1810,.T.);
#1808 = VERTEX_POINT('',#1809);
#1809 = CARTESIAN_POINT('',(20.100000857143,2.697734347539,
    5.171217693382));
#1810 = LINE('',#1811,#1812);
#1811 = CARTESIAN_POINT('',(20.100000857143,2.697734347539,
    5.171217693382));
#1812 = VECTOR('',#1813,1.);
#1813 = DIRECTION('',(1.499759782662E-32,1.224646799147E-16,-1.));
#1814 = ORIENTED_EDGE('',*,*,#1815,.F.);
#1815 = EDGE_CURVE('',#1816,#1808,#1818,.T.);
#1816 = VERTEX_POINT('',#1817);
#1817 = CARTESIAN_POINT('',(20.100000857143,2.497734347539,
    5.521217693382));
#1818 = LINE('',#1819,#1820);
#1819 = CARTESIAN_POINT('',(20.100000857143,2.497734347539,
    5.521217693382));
#1820 = VECTOR('',#1821,1.);
#1821 = DIRECTION('',(6.07594962791E-17,0.496138938357,-0.868243142124)
  );
#1822 = ORIENTED_EDGE('',*,*,#1823,.F.);
#1823 = EDGE_CURVE('',#1824,#1816,#1826,.T.);
#1824 = VERTEX_POINT('',#1825);
#1825 = CARTESIAN_POINT('',(20.100000857143,1.947734347539,
    5.521217693382));
#1826 = LINE('',#1827,#1828);
#1827 = CARTESIAN_POINT('',(20.100000857143,1.947734347539,
    5.521217693382));
#1828 = VECTOR('',#1829,1.);
#1829 = DIRECTION('',(1.224646799147E-16,1.,1.224646799147E-16));
#1830 = ORIENTED_EDGE('',*,*,#1831,.F.);
#1831 = EDGE_CURVE('',#1182,#1824,#1832,.T.);
#1832 = LINE('',#1833,#1834);
#1833 = CARTESIAN_POINT('',(20.100000857143,1.647734347539,
    5.221217693382));
#1834 = VECTOR('',#1835,1.);
#1835 = DIRECTION('',(8.659560562355E-17,0.707106781187,0.707106781187)
  );
#1836 = ORIENTED_EDGE('',*,*,#1181,.F.);
#1837 = PLANE('',#1838);
#1838 = AXIS2_PLACEMENT_3D('',#1839,#1840,#1841);
#1839 = CARTESIAN_POINT('',(20.100000857143,2.697734347539,
    5.521217693382));
#1840 = DIRECTION('',(-1.,1.224646799147E-16,0.));
#1841 = DIRECTION('',(1.224646799147E-16,1.,1.224646799147E-16));
#1842 = ADVANCED_FACE('',(#1843),#1854,.F.);
#1843 = FACE_BOUND('',#1844,.T.);
#1844 = EDGE_LOOP('',(#1845,#1846,#1847,#1853));
#1845 = ORIENTED_EDGE('',*,*,#1189,.F.);
#1846 = ORIENTED_EDGE('',*,*,#1831,.T.);
#1847 = ORIENTED_EDGE('',*,*,#1848,.T.);
#1848 = EDGE_CURVE('',#1824,#1672,#1849,.T.);
#1849 = LINE('',#1850,#1851);
#1850 = CARTESIAN_POINT('',(20.100000857143,1.947734347539,
    5.521217693382));
#1851 = VECTOR('',#1852,1.);
#1852 = DIRECTION('',(-1.,1.224646799147E-16,0.));
#1853 = ORIENTED_EDGE('',*,*,#1671,.F.);
#1854 = PLANE('',#1855);
#1855 = AXIS2_PLACEMENT_3D('',#1856,#1857,#1858);
#1856 = CARTESIAN_POINT('',(1.250000857143,1.647734347539,5.221217693382
    ));
#1857 = DIRECTION('',(8.659560562355E-17,0.707106781187,-0.707106781187)
  );
#1858 = DIRECTION('',(-1.,1.224646799147E-16,0.));
#1859 = ADVANCED_FACE('',(#1860),#1871,.F.);
#1860 = FACE_BOUND('',#1861,.T.);
#1861 = EDGE_LOOP('',(#1862,#1863,#1864,#1870));
#1862 = ORIENTED_EDGE('',*,*,#1848,.F.);
#1863 = ORIENTED_EDGE('',*,*,#1823,.T.);
#1864 = ORIENTED_EDGE('',*,*,#1865,.T.);
#1865 = EDGE_CURVE('',#1816,#1680,#1866,.T.);
#1866 = LINE('',#1867,#1868);
#1867 = CARTESIAN_POINT('',(20.100000857143,2.497734347539,
    5.521217693382));
#1868 = VECTOR('',#1869,1.);
#1869 = DIRECTION('',(-1.,1.224646799147E-16,0.));
#1870 = ORIENTED_EDGE('',*,*,#1679,.F.);
#1871 = PLANE('',#1872);
#1872 = AXIS2_PLACEMENT_3D('',#1873,#1874,#1875);
#1873 = CARTESIAN_POINT('',(1.250000857143,1.947734347539,5.521217693382
    ));
#1874 = DIRECTION('',(1.499759782662E-32,1.224646799147E-16,-1.));
#1875 = DIRECTION('',(-1.,1.224646799147E-16,0.));
#1876 = ADVANCED_FACE('',(#1877),#1888,.F.);
#1877 = FACE_BOUND('',#1878,.T.);
#1878 = EDGE_LOOP('',(#1879,#1880,#1881,#1887));
#1879 = ORIENTED_EDGE('',*,*,#1865,.F.);
#1880 = ORIENTED_EDGE('',*,*,#1815,.T.);
#1881 = ORIENTED_EDGE('',*,*,#1882,.T.);
#1882 = EDGE_CURVE('',#1808,#1688,#1883,.T.);
#1883 = LINE('',#1884,#1885);
#1884 = CARTESIAN_POINT('',(20.100000857143,2.697734347539,
    5.171217693382));
#1885 = VECTOR('',#1886,1.);
#1886 = DIRECTION('',(-1.,1.224646799147E-16,0.));
#1887 = ORIENTED_EDGE('',*,*,#1687,.F.);
#1888 = PLANE('',#1889);
#1889 = AXIS2_PLACEMENT_3D('',#1890,#1891,#1892);
#1890 = CARTESIAN_POINT('',(1.250000857143,2.497734347539,5.521217693382
    ));
#1891 = DIRECTION('',(-1.063291184884E-16,-0.868243142124,
    -0.496138938357));
#1892 = DIRECTION('',(1.,-1.224646799147E-16,0.));
#1893 = ADVANCED_FACE('',(#1894),#1905,.F.);
#1894 = FACE_BOUND('',#1895,.T.);
#1895 = EDGE_LOOP('',(#1896,#1897,#1898,#1904));
#1896 = ORIENTED_EDGE('',*,*,#1882,.F.);
#1897 = ORIENTED_EDGE('',*,*,#1807,.T.);
#1898 = ORIENTED_EDGE('',*,*,#1899,.T.);
#1899 = EDGE_CURVE('',#1800,#1696,#1900,.T.);
#1900 = LINE('',#1901,#1902);
#1901 = CARTESIAN_POINT('',(20.100000857143,2.697734347539,
    1.721217693382));
#1902 = VECTOR('',#1903,1.);
#1903 = DIRECTION('',(-1.,1.224646799147E-16,0.));
#1904 = ORIENTED_EDGE('',*,*,#1695,.F.);
#1905 = PLANE('',#1906);
#1906 = AXIS2_PLACEMENT_3D('',#1907,#1908,#1909);
#1907 = CARTESIAN_POINT('',(1.250000857143,2.697734347539,5.171217693382
    ));
#1908 = DIRECTION('',(-1.224646799147E-16,-1.,-1.224646799147E-16));
#1909 = DIRECTION('',(-1.499759782662E-32,-1.224646799147E-16,1.));
#1910 = ADVANCED_FACE('',(#1911),#2178,.F.);
#1911 = FACE_BOUND('',#1912,.T.);
#1912 = EDGE_LOOP('',(#1913,#1923,#1931,#1939,#1947,#1955,#1963,#1971,
    #1979,#1987,#1995,#2003,#2011,#2019,#2027,#2035,#2043,#2051,#2059,
    #2067,#2075,#2083,#2091,#2097,#2098,#2099,#2100,#2108,#2116,#2124,
    #2132,#2140,#2148,#2156,#2164,#2172));
#1913 = ORIENTED_EDGE('',*,*,#1914,.F.);
#1914 = EDGE_CURVE('',#1915,#1917,#1919,.T.);
#1915 = VERTEX_POINT('',#1916);
#1916 = CARTESIAN_POINT('',(18.250000857143,3.407734347539,
    1.721217693382));
#1917 = VERTEX_POINT('',#1918);
#1918 = CARTESIAN_POINT('',(20.150000857143,3.407734347539,
    1.721217693382));
#1919 = LINE('',#1920,#1921);
#1920 = CARTESIAN_POINT('',(18.250000857143,3.407734347539,
    1.721217693382));
#1921 = VECTOR('',#1922,1.);
#1922 = DIRECTION('',(1.,-1.224646799147E-16,0.));
#1923 = ORIENTED_EDGE('',*,*,#1924,.F.);
#1924 = EDGE_CURVE('',#1925,#1915,#1927,.T.);
#1925 = VERTEX_POINT('',#1926);
#1926 = CARTESIAN_POINT('',(18.250000857143,4.887734347539,
    1.721217693382));
#1927 = LINE('',#1928,#1929);
#1928 = CARTESIAN_POINT('',(18.250000857143,4.887734347539,
    1.721217693382));
#1929 = VECTOR('',#1930,1.);
#1930 = DIRECTION('',(-1.224646799147E-16,-1.,-1.224646799147E-16));
#1931 = ORIENTED_EDGE('',*,*,#1932,.T.);
#1932 = EDGE_CURVE('',#1925,#1933,#1935,.T.);
#1933 = VERTEX_POINT('',#1934);
#1934 = CARTESIAN_POINT('',(16.750000857143,4.887734347539,
    1.721217693382));
#1935 = LINE('',#1936,#1937);
#1936 = CARTESIAN_POINT('',(18.250000857143,4.887734347539,
    1.721217693382));
#1937 = VECTOR('',#1938,1.);
#1938 = DIRECTION('',(-1.,1.224646799147E-16,0.));
#1939 = ORIENTED_EDGE('',*,*,#1940,.T.);
#1940 = EDGE_CURVE('',#1933,#1941,#1943,.T.);
#1941 = VERTEX_POINT('',#1942);
#1942 = CARTESIAN_POINT('',(16.750000857143,3.887734347539,
    1.721217693382));
#1943 = LINE('',#1944,#1945);
#1944 = CARTESIAN_POINT('',(16.750000857143,4.887734347539,
    1.721217693382));
#1945 = VECTOR('',#1946,1.);
#1946 = DIRECTION('',(-1.224646799147E-16,-1.,-1.224646799147E-16));
#1947 = ORIENTED_EDGE('',*,*,#1948,.F.);
#1948 = EDGE_CURVE('',#1949,#1941,#1951,.T.);
#1949 = VERTEX_POINT('',#1950);
#1950 = CARTESIAN_POINT('',(16.000000857143,3.887734347539,
    1.721217693382));
#1951 = LINE('',#1952,#1953);
#1952 = CARTESIAN_POINT('',(16.000000857143,3.887734347539,
    1.721217693382));
#1953 = VECTOR('',#1954,1.);
#1954 = DIRECTION('',(1.,-1.224646799147E-16,0.));
#1955 = ORIENTED_EDGE('',*,*,#1956,.F.);
#1956 = EDGE_CURVE('',#1957,#1949,#1959,.T.);
#1957 = VERTEX_POINT('',#1958);
#1958 = CARTESIAN_POINT('',(16.000000857143,4.887734347539,
    1.721217693382));
#1959 = LINE('',#1960,#1961);
#1960 = CARTESIAN_POINT('',(16.000000857143,4.887734347539,
    1.721217693382));
#1961 = VECTOR('',#1962,1.);
#1962 = DIRECTION('',(-1.224646799147E-16,-1.,-1.224646799147E-16));
#1963 = ORIENTED_EDGE('',*,*,#1964,.T.);
#1964 = EDGE_CURVE('',#1957,#1965,#1967,.T.);
#1965 = VERTEX_POINT('',#1966);
#1966 = CARTESIAN_POINT('',(3.500000857143,4.887734347539,1.721217693382
    ));
#1967 = LINE('',#1968,#1969);
#1968 = CARTESIAN_POINT('',(16.000000857143,4.887734347539,
    1.721217693382));
#1969 = VECTOR('',#1970,1.);
#1970 = DIRECTION('',(-1.,1.224646799147E-16,0.));
#1971 = ORIENTED_EDGE('',*,*,#1972,.T.);
#1972 = EDGE_CURVE('',#1965,#1973,#1975,.T.);
#1973 = VERTEX_POINT('',#1974);
#1974 = CARTESIAN_POINT('',(3.500000857143,3.887734347539,1.721217693382
    ));
#1975 = LINE('',#1976,#1977);
#1976 = CARTESIAN_POINT('',(3.500000857143,4.887734347539,1.721217693382
    ));
#1977 = VECTOR('',#1978,1.);
#1978 = DIRECTION('',(-1.224646799147E-16,-1.,-1.224646799147E-16));
#1979 = ORIENTED_EDGE('',*,*,#1980,.F.);
#1980 = EDGE_CURVE('',#1981,#1973,#1983,.T.);
#1981 = VERTEX_POINT('',#1982);
#1982 = CARTESIAN_POINT('',(2.750000857143,3.887734347539,1.721217693382
    ));
#1983 = LINE('',#1984,#1985);
#1984 = CARTESIAN_POINT('',(2.750000857143,3.887734347539,1.721217693382
    ));
#1985 = VECTOR('',#1986,1.);
#1986 = DIRECTION('',(1.,-1.224646799147E-16,0.));
#1987 = ORIENTED_EDGE('',*,*,#1988,.F.);
#1988 = EDGE_CURVE('',#1989,#1981,#1991,.T.);
#1989 = VERTEX_POINT('',#1990);
#1990 = CARTESIAN_POINT('',(2.750000857143,4.887734347539,1.721217693382
    ));
#1991 = LINE('',#1992,#1993);
#1992 = CARTESIAN_POINT('',(2.750000857143,4.887734347539,1.721217693382
    ));
#1993 = VECTOR('',#1994,1.);
#1994 = DIRECTION('',(-1.224646799147E-16,-1.,-1.224646799147E-16));
#1995 = ORIENTED_EDGE('',*,*,#1996,.T.);
#1996 = EDGE_CURVE('',#1989,#1997,#1999,.T.);
#1997 = VERTEX_POINT('',#1998);
#1998 = CARTESIAN_POINT('',(1.250000857143,4.887734347539,1.721217693382
    ));
#1999 = LINE('',#2000,#2001);
#2000 = CARTESIAN_POINT('',(2.750000857143,4.887734347539,1.721217693382
    ));
#2001 = VECTOR('',#2002,1.);
#2002 = DIRECTION('',(-1.,1.224646799147E-16,0.));
#2003 = ORIENTED_EDGE('',*,*,#2004,.T.);
#2004 = EDGE_CURVE('',#1997,#2005,#2007,.T.);
#2005 = VERTEX_POINT('',#2006);
#2006 = CARTESIAN_POINT('',(1.250000857143,3.407734347539,1.721217693382
    ));
#2007 = LINE('',#2008,#2009);
#2008 = CARTESIAN_POINT('',(1.250000857143,4.887734347539,1.721217693382
    ));
#2009 = VECTOR('',#2010,1.);
#2010 = DIRECTION('',(-1.224646799147E-16,-1.,-1.224646799147E-16));
#2011 = ORIENTED_EDGE('',*,*,#2012,.F.);
#2012 = EDGE_CURVE('',#2013,#2005,#2015,.T.);
#2013 = VERTEX_POINT('',#2014);
#2014 = CARTESIAN_POINT('',(-0.649999142857,3.407734347539,
    1.721217693382));
#2015 = LINE('',#2016,#2017);
#2016 = CARTESIAN_POINT('',(-0.649999142857,3.407734347539,
    1.721217693382));
#2017 = VECTOR('',#2018,1.);
#2018 = DIRECTION('',(1.,-1.224646799147E-16,0.));
#2019 = ORIENTED_EDGE('',*,*,#2020,.F.);
#2020 = EDGE_CURVE('',#2021,#2013,#2023,.T.);
#2021 = VERTEX_POINT('',#2022);
#2022 = CARTESIAN_POINT('',(-0.649999142857,3.377734347539,
    1.721217693382));
#2023 = LINE('',#2024,#2025);
#2024 = CARTESIAN_POINT('',(-0.649999142857,3.377734347539,
    1.721217693382));
#2025 = VECTOR('',#2026,1.);
#2026 = DIRECTION('',(1.224646799147E-16,1.,1.224646799147E-16));
#2027 = ORIENTED_EDGE('',*,*,#2028,.F.);
#2028 = EDGE_CURVE('',#2029,#2021,#2031,.T.);
#2029 = VERTEX_POINT('',#2030);
#2030 = CARTESIAN_POINT('',(-0.949999142857,3.377734347539,
    1.721217693382));
#2031 = LINE('',#2032,#2033);
#2032 = CARTESIAN_POINT('',(-0.949999142857,3.377734347539,
    1.721217693382));
#2033 = VECTOR('',#2034,1.);
#2034 = DIRECTION('',(1.,-1.224646799147E-16,0.));
#2035 = ORIENTED_EDGE('',*,*,#2036,.F.);
#2036 = EDGE_CURVE('',#2037,#2029,#2039,.T.);
#2037 = VERTEX_POINT('',#2038);
#2038 = CARTESIAN_POINT('',(-0.949999142857,3.407734347539,
    1.721217693382));
#2039 = LINE('',#2040,#2041);
#2040 = CARTESIAN_POINT('',(-0.949999142857,3.407734347539,
    1.721217693382));
#2041 = VECTOR('',#2042,1.);
#2042 = DIRECTION('',(-1.224646799147E-16,-1.,-1.224646799147E-16));
#2043 = ORIENTED_EDGE('',*,*,#2044,.F.);
#2044 = EDGE_CURVE('',#2045,#2037,#2047,.T.);
#2045 = VERTEX_POINT('',#2046);
#2046 = CARTESIAN_POINT('',(-1.449999142857,3.407734347539,
    1.721217693382));
#2047 = LINE('',#2048,#2049);
#2048 = CARTESIAN_POINT('',(-1.449999142857,3.407734347539,
    1.721217693382));
#2049 = VECTOR('',#2050,1.);
#2050 = DIRECTION('',(1.,-1.224646799147E-16,0.));
#2051 = ORIENTED_EDGE('',*,*,#2052,.F.);
#2052 = EDGE_CURVE('',#2053,#2045,#2055,.T.);
#2053 = VERTEX_POINT('',#2054);
#2054 = CARTESIAN_POINT('',(-1.449999142857,1.947734347539,
    1.721217693382));
#2055 = LINE('',#2056,#2057);
#2056 = CARTESIAN_POINT('',(-1.449999142857,1.947734347539,
    1.721217693382));
#2057 = VECTOR('',#2058,1.);
#2058 = DIRECTION('',(1.224646799147E-16,1.,1.224646799147E-16));
#2059 = ORIENTED_EDGE('',*,*,#2060,.T.);
#2060 = EDGE_CURVE('',#2053,#2061,#2063,.T.);
#2061 = VERTEX_POINT('',#2062);
#2062 = CARTESIAN_POINT('',(-1.389999142857,1.947734347539,
    1.721217693382));
#2063 = LINE('',#2064,#2065);
#2064 = CARTESIAN_POINT('',(-1.449999142857,1.947734347539,
    1.721217693382));
#2065 = VECTOR('',#2066,1.);
#2066 = DIRECTION('',(1.,-1.224646799147E-16,0.));
#2067 = ORIENTED_EDGE('',*,*,#2068,.F.);
#2068 = EDGE_CURVE('',#2069,#2061,#2071,.T.);
#2069 = VERTEX_POINT('',#2070);
#2070 = CARTESIAN_POINT('',(-1.389999142857,1.647734347539,
    1.721217693382));
#2071 = LINE('',#2072,#2073);
#2072 = CARTESIAN_POINT('',(-1.389999142857,1.647734347539,
    1.721217693382));
#2073 = VECTOR('',#2074,1.);
#2074 = DIRECTION('',(1.224646799147E-16,1.,1.224646799147E-16));
#2075 = ORIENTED_EDGE('',*,*,#2076,.F.);
#2076 = EDGE_CURVE('',#2077,#2069,#2079,.T.);
#2077 = VERTEX_POINT('',#2078);
#2078 = CARTESIAN_POINT('',(-1.449999142857,1.647734347539,
    1.721217693382));
#2079 = LINE('',#2080,#2081);
#2080 = CARTESIAN_POINT('',(-1.449999142857,1.647734347539,
    1.721217693382));
#2081 = VECTOR('',#2082,1.);
#2082 = DIRECTION('',(1.,-1.224646799147E-16,0.));
#2083 = ORIENTED_EDGE('',*,*,#2084,.F.);
#2084 = EDGE_CURVE('',#2085,#2077,#2087,.T.);
#2085 = VERTEX_POINT('',#2086);
#2086 = CARTESIAN_POINT('',(-1.449999142857,0.287734347539,
    1.721217693382));
#2087 = LINE('',#2088,#2089);
#2088 = CARTESIAN_POINT('',(-1.449999142857,0.287734347539,
    1.721217693382));
#2089 = VECTOR('',#2090,1.);
#2090 = DIRECTION('',(1.224646799147E-16,1.,1.224646799147E-16));
#2091 = ORIENTED_EDGE('',*,*,#2092,.T.);
#2092 = EDGE_CURVE('',#2085,#1704,#2093,.T.);
#2093 = LINE('',#2094,#2095);
#2094 = CARTESIAN_POINT('',(-1.449999142857,0.287734347539,
    1.721217693382));
#2095 = VECTOR('',#2096,1.);
#2096 = DIRECTION('',(1.,-1.224646799147E-16,0.));
#2097 = ORIENTED_EDGE('',*,*,#1703,.T.);
#2098 = ORIENTED_EDGE('',*,*,#1899,.F.);
#2099 = ORIENTED_EDGE('',*,*,#1799,.T.);
#2100 = ORIENTED_EDGE('',*,*,#2101,.T.);
#2101 = EDGE_CURVE('',#1792,#2102,#2104,.T.);
#2102 = VERTEX_POINT('',#2103);
#2103 = CARTESIAN_POINT('',(20.950000857143,0.287734347539,
    1.721217693382));
#2104 = LINE('',#2105,#2106);
#2105 = CARTESIAN_POINT('',(20.100000857143,0.287734347539,
    1.721217693382));
#2106 = VECTOR('',#2107,1.);
#2107 = DIRECTION('',(1.,-1.224646799147E-16,0.));
#2108 = ORIENTED_EDGE('',*,*,#2109,.F.);
#2109 = EDGE_CURVE('',#2110,#2102,#2112,.T.);
#2110 = VERTEX_POINT('',#2111);
#2111 = CARTESIAN_POINT('',(20.950000857143,1.647734347539,
    1.721217693382));
#2112 = LINE('',#2113,#2114);
#2113 = CARTESIAN_POINT('',(20.950000857143,1.647734347539,
    1.721217693382));
#2114 = VECTOR('',#2115,1.);
#2115 = DIRECTION('',(-1.224646799147E-16,-1.,-1.224646799147E-16));
#2116 = ORIENTED_EDGE('',*,*,#2117,.T.);
#2117 = EDGE_CURVE('',#2110,#2118,#2120,.T.);
#2118 = VERTEX_POINT('',#2119);
#2119 = CARTESIAN_POINT('',(20.890000857143,1.647734347539,
    1.721217693382));
#2120 = LINE('',#2121,#2122);
#2121 = CARTESIAN_POINT('',(20.950000857143,1.647734347539,
    1.721217693382));
#2122 = VECTOR('',#2123,1.);
#2123 = DIRECTION('',(-1.,1.224646799147E-16,0.));
#2124 = ORIENTED_EDGE('',*,*,#2125,.F.);
#2125 = EDGE_CURVE('',#2126,#2118,#2128,.T.);
#2126 = VERTEX_POINT('',#2127);
#2127 = CARTESIAN_POINT('',(20.890000857143,1.947734347539,
    1.721217693382));
#2128 = LINE('',#2129,#2130);
#2129 = CARTESIAN_POINT('',(20.890000857143,1.947734347539,
    1.721217693382));
#2130 = VECTOR('',#2131,1.);
#2131 = DIRECTION('',(-1.224646799147E-16,-1.,-1.224646799147E-16));
#2132 = ORIENTED_EDGE('',*,*,#2133,.F.);
#2133 = EDGE_CURVE('',#2134,#2126,#2136,.T.);
#2134 = VERTEX_POINT('',#2135);
#2135 = CARTESIAN_POINT('',(20.950000857143,1.947734347539,
    1.721217693382));
#2136 = LINE('',#2137,#2138);
#2137 = CARTESIAN_POINT('',(20.950000857143,1.947734347539,
    1.721217693382));
#2138 = VECTOR('',#2139,1.);
#2139 = DIRECTION('',(-1.,1.224646799147E-16,0.));
#2140 = ORIENTED_EDGE('',*,*,#2141,.F.);
#2141 = EDGE_CURVE('',#2142,#2134,#2144,.T.);
#2142 = VERTEX_POINT('',#2143);
#2143 = CARTESIAN_POINT('',(20.950000857143,3.407734347539,
    1.721217693382));
#2144 = LINE('',#2145,#2146);
#2145 = CARTESIAN_POINT('',(20.950000857143,3.407734347539,
    1.721217693382));
#2146 = VECTOR('',#2147,1.);
#2147 = DIRECTION('',(-1.224646799147E-16,-1.,-1.224646799147E-16));
#2148 = ORIENTED_EDGE('',*,*,#2149,.F.);
#2149 = EDGE_CURVE('',#2150,#2142,#2152,.T.);
#2150 = VERTEX_POINT('',#2151);
#2151 = CARTESIAN_POINT('',(20.450000857143,3.407734347539,
    1.721217693382));
#2152 = LINE('',#2153,#2154);
#2153 = CARTESIAN_POINT('',(20.450000857143,3.407734347539,
    1.721217693382));
#2154 = VECTOR('',#2155,1.);
#2155 = DIRECTION('',(1.,-1.224646799147E-16,0.));
#2156 = ORIENTED_EDGE('',*,*,#2157,.F.);
#2157 = EDGE_CURVE('',#2158,#2150,#2160,.T.);
#2158 = VERTEX_POINT('',#2159);
#2159 = CARTESIAN_POINT('',(20.450000857143,3.377734347539,
    1.721217693382));
#2160 = LINE('',#2161,#2162);
#2161 = CARTESIAN_POINT('',(20.450000857143,3.377734347539,
    1.721217693382));
#2162 = VECTOR('',#2163,1.);
#2163 = DIRECTION('',(1.224646799147E-16,1.,1.224646799147E-16));
#2164 = ORIENTED_EDGE('',*,*,#2165,.F.);
#2165 = EDGE_CURVE('',#2166,#2158,#2168,.T.);
#2166 = VERTEX_POINT('',#2167);
#2167 = CARTESIAN_POINT('',(20.150000857143,3.377734347539,
    1.721217693382));
#2168 = LINE('',#2169,#2170);
#2169 = CARTESIAN_POINT('',(20.150000857143,3.377734347539,
    1.721217693382));
#2170 = VECTOR('',#2171,1.);
#2171 = DIRECTION('',(1.,-1.224646799147E-16,0.));
#2172 = ORIENTED_EDGE('',*,*,#2173,.F.);
#2173 = EDGE_CURVE('',#1917,#2166,#2174,.T.);
#2174 = LINE('',#2175,#2176);
#2175 = CARTESIAN_POINT('',(20.150000857143,3.407734347539,
    1.721217693382));
#2176 = VECTOR('',#2177,1.);
#2177 = DIRECTION('',(-1.224646799147E-16,-1.,-1.224646799147E-16));
#2178 = PLANE('',#2179);
#2179 = AXIS2_PLACEMENT_3D('',#2180,#2181,#2182);
#2180 = CARTESIAN_POINT('',(1.250000857143,2.697734347539,1.721217693382
    ));
#2181 = DIRECTION('',(1.499759782662E-32,1.224646799147E-16,-1.));
#2182 = DIRECTION('',(-1.,1.224646799147E-16,0.));
#2183 = ADVANCED_FACE('',(#2184),#2209,.T.);
#2184 = FACE_BOUND('',#2185,.T.);
#2185 = EDGE_LOOP('',(#2186,#2194,#2202,#2208));
#2186 = ORIENTED_EDGE('',*,*,#2187,.F.);
#2187 = EDGE_CURVE('',#2188,#2166,#2190,.T.);
#2188 = VERTEX_POINT('',#2189);
#2189 = CARTESIAN_POINT('',(20.150000857143,3.377734347539,
    7.121217693382));
#2190 = LINE('',#2191,#2192);
#2191 = CARTESIAN_POINT('',(20.150000857143,3.377734347539,
    7.121217693382));
#2192 = VECTOR('',#2193,1.);
#2193 = DIRECTION('',(1.499759782662E-32,1.224646799147E-16,-1.));
#2194 = ORIENTED_EDGE('',*,*,#2195,.F.);
#2195 = EDGE_CURVE('',#2196,#2188,#2198,.T.);
#2196 = VERTEX_POINT('',#2197);
#2197 = CARTESIAN_POINT('',(20.150000857143,3.407734347539,
    7.121217693382));
#2198 = LINE('',#2199,#2200);
#2199 = CARTESIAN_POINT('',(20.150000857143,3.407734347539,
    7.121217693382));
#2200 = VECTOR('',#2201,1.);
#2201 = DIRECTION('',(-1.224646799147E-16,-1.,-1.224646799147E-16));
#2202 = ORIENTED_EDGE('',*,*,#2203,.F.);
#2203 = EDGE_CURVE('',#1917,#2196,#2204,.T.);
#2204 = LINE('',#2205,#2206);
#2205 = CARTESIAN_POINT('',(20.150000857143,3.407734347539,
    1.721217693382));
#2206 = VECTOR('',#2207,1.);
#2207 = DIRECTION('',(-1.499759782662E-32,-1.224646799147E-16,1.));
#2208 = ORIENTED_EDGE('',*,*,#2173,.T.);
#2209 = PLANE('',#2210);
#2210 = AXIS2_PLACEMENT_3D('',#2211,#2212,#2213);
#2211 = CARTESIAN_POINT('',(20.150000857143,3.407734347539,
    7.121217693382));
#2212 = DIRECTION('',(-1.,1.224646799147E-16,0.));
#2213 = DIRECTION('',(1.224646799147E-16,1.,1.224646799147E-16));
#2214 = ADVANCED_FACE('',(#2215),#2233,.F.);
#2215 = FACE_BOUND('',#2216,.T.);
#2216 = EDGE_LOOP('',(#2217,#2225,#2231,#2232));
#2217 = ORIENTED_EDGE('',*,*,#2218,.F.);
#2218 = EDGE_CURVE('',#2219,#2196,#2221,.T.);
#2219 = VERTEX_POINT('',#2220);
#2220 = CARTESIAN_POINT('',(18.250000857143,3.407734347539,
    7.121217693382));
#2221 = LINE('',#2222,#2223);
#2222 = CARTESIAN_POINT('',(18.250000857143,3.407734347539,
    7.121217693382));
#2223 = VECTOR('',#2224,1.);
#2224 = DIRECTION('',(1.,-1.224646799147E-16,0.));
#2225 = ORIENTED_EDGE('',*,*,#2226,.T.);
#2226 = EDGE_CURVE('',#2219,#1915,#2227,.T.);
#2227 = LINE('',#2228,#2229);
#2228 = CARTESIAN_POINT('',(18.250000857143,3.407734347539,
    7.121217693382));
#2229 = VECTOR('',#2230,1.);
#2230 = DIRECTION('',(1.499759782662E-32,1.224646799147E-16,-1.));
#2231 = ORIENTED_EDGE('',*,*,#1914,.T.);
#2232 = ORIENTED_EDGE('',*,*,#2203,.T.);
#2233 = PLANE('',#2234);
#2234 = AXIS2_PLACEMENT_3D('',#2235,#2236,#2237);
#2235 = CARTESIAN_POINT('',(-1.449999142857,3.407734347539,
    1.721217693382));
#2236 = DIRECTION('',(1.224646799147E-16,1.,1.224646799147E-16));
#2237 = DIRECTION('',(-1.,1.224646799147E-16,0.));
#2238 = ADVANCED_FACE('',(#2239),#2272,.F.);
#2239 = FACE_BOUND('',#2240,.T.);
#2240 = EDGE_LOOP('',(#2241,#2242,#2250,#2258,#2266));
#2241 = ORIENTED_EDGE('',*,*,#2149,.T.);
#2242 = ORIENTED_EDGE('',*,*,#2243,.T.);
#2243 = EDGE_CURVE('',#2142,#2244,#2246,.T.);
#2244 = VERTEX_POINT('',#2245);
#2245 = CARTESIAN_POINT('',(20.950000857143,3.407734347539,
    7.021217693382));
#2246 = LINE('',#2247,#2248);
#2247 = CARTESIAN_POINT('',(20.950000857143,3.407734347539,
    1.721217693382));
#2248 = VECTOR('',#2249,1.);
#2249 = DIRECTION('',(-1.499759782662E-32,-1.224646799147E-16,1.));
#2250 = ORIENTED_EDGE('',*,*,#2251,.T.);
#2251 = EDGE_CURVE('',#2244,#2252,#2254,.T.);
#2252 = VERTEX_POINT('',#2253);
#2253 = CARTESIAN_POINT('',(21.050000857143,3.407734347539,
    7.121217693382));
#2254 = LINE('',#2255,#2256);
#2255 = CARTESIAN_POINT('',(20.950000857143,3.407734347539,
    7.021217693382));
#2256 = VECTOR('',#2257,1.);
#2257 = DIRECTION('',(0.707106781187,-1.731912112471E-16,0.707106781187)
  );
#2258 = ORIENTED_EDGE('',*,*,#2259,.F.);
#2259 = EDGE_CURVE('',#2260,#2252,#2262,.T.);
#2260 = VERTEX_POINT('',#2261);
#2261 = CARTESIAN_POINT('',(20.450000857143,3.407734347539,
    7.121217693382));
#2262 = LINE('',#2263,#2264);
#2263 = CARTESIAN_POINT('',(20.450000857143,3.407734347539,
    7.121217693382));
#2264 = VECTOR('',#2265,1.);
#2265 = DIRECTION('',(1.,-1.224646799147E-16,0.));
#2266 = ORIENTED_EDGE('',*,*,#2267,.F.);
#2267 = EDGE_CURVE('',#2150,#2260,#2268,.T.);
#2268 = LINE('',#2269,#2270);
#2269 = CARTESIAN_POINT('',(20.450000857143,3.407734347539,
    1.721217693382));
#2270 = VECTOR('',#2271,1.);
#2271 = DIRECTION('',(-1.499759782662E-32,-1.224646799147E-16,1.));
#2272 = PLANE('',#2273);
#2273 = AXIS2_PLACEMENT_3D('',#2274,#2275,#2276);
#2274 = CARTESIAN_POINT('',(-1.449999142857,3.407734347539,
    1.721217693382));
#2275 = DIRECTION('',(1.224646799147E-16,1.,1.224646799147E-16));
#2276 = DIRECTION('',(-1.,1.224646799147E-16,0.));
#2277 = ADVANCED_FACE('',(#2278),#2311,.F.);
#2278 = FACE_BOUND('',#2279,.T.);
#2279 = EDGE_LOOP('',(#2280,#2290,#2298,#2304,#2305));
#2280 = ORIENTED_EDGE('',*,*,#2281,.F.);
#2281 = EDGE_CURVE('',#2282,#2284,#2286,.T.);
#2282 = VERTEX_POINT('',#2283);
#2283 = CARTESIAN_POINT('',(-1.549999142857,3.407734347539,
    7.121217693382));
#2284 = VERTEX_POINT('',#2285);
#2285 = CARTESIAN_POINT('',(-0.949999142857,3.407734347539,
    7.121217693382));
#2286 = LINE('',#2287,#2288);
#2287 = CARTESIAN_POINT('',(-1.549999142857,3.407734347539,
    7.121217693382));
#2288 = VECTOR('',#2289,1.);
#2289 = DIRECTION('',(1.,-1.224646799147E-16,0.));
#2290 = ORIENTED_EDGE('',*,*,#2291,.T.);
#2291 = EDGE_CURVE('',#2282,#2292,#2294,.T.);
#2292 = VERTEX_POINT('',#2293);
#2293 = CARTESIAN_POINT('',(-1.449999142857,3.407734347539,
    7.021217693382));
#2294 = LINE('',#2295,#2296);
#2295 = CARTESIAN_POINT('',(-1.549999142857,3.407734347539,
    7.121217693382));
#2296 = VECTOR('',#2297,1.);
#2297 = DIRECTION('',(0.707106781187,0.,-0.707106781187));
#2298 = ORIENTED_EDGE('',*,*,#2299,.F.);
#2299 = EDGE_CURVE('',#2045,#2292,#2300,.T.);
#2300 = LINE('',#2301,#2302);
#2301 = CARTESIAN_POINT('',(-1.449999142857,3.407734347539,
    1.721217693382));
#2302 = VECTOR('',#2303,1.);
#2303 = DIRECTION('',(-1.499759782662E-32,-1.224646799147E-16,1.));
#2304 = ORIENTED_EDGE('',*,*,#2044,.T.);
#2305 = ORIENTED_EDGE('',*,*,#2306,.T.);
#2306 = EDGE_CURVE('',#2037,#2284,#2307,.T.);
#2307 = LINE('',#2308,#2309);
#2308 = CARTESIAN_POINT('',(-0.949999142857,3.407734347539,
    1.721217693382));
#2309 = VECTOR('',#2310,1.);
#2310 = DIRECTION('',(-1.499759782662E-32,-1.224646799147E-16,1.));
#2311 = PLANE('',#2312);
#2312 = AXIS2_PLACEMENT_3D('',#2313,#2314,#2315);
#2313 = CARTESIAN_POINT('',(-1.449999142857,3.407734347539,
    1.721217693382));
#2314 = DIRECTION('',(1.224646799147E-16,1.,1.224646799147E-16));
#2315 = DIRECTION('',(-1.,1.224646799147E-16,0.));
#2316 = ADVANCED_FACE('',(#2317),#2342,.F.);
#2317 = FACE_BOUND('',#2318,.T.);
#2318 = EDGE_LOOP('',(#2319,#2320,#2328,#2336));
#2319 = ORIENTED_EDGE('',*,*,#2012,.T.);
#2320 = ORIENTED_EDGE('',*,*,#2321,.F.);
#2321 = EDGE_CURVE('',#2322,#2005,#2324,.T.);
#2322 = VERTEX_POINT('',#2323);
#2323 = CARTESIAN_POINT('',(1.250000857143,3.407734347539,7.121217693382
    ));
#2324 = LINE('',#2325,#2326);
#2325 = CARTESIAN_POINT('',(1.250000857143,3.407734347539,7.121217693382
    ));
#2326 = VECTOR('',#2327,1.);
#2327 = DIRECTION('',(1.499759782662E-32,1.224646799147E-16,-1.));
#2328 = ORIENTED_EDGE('',*,*,#2329,.F.);
#2329 = EDGE_CURVE('',#2330,#2322,#2332,.T.);
#2330 = VERTEX_POINT('',#2331);
#2331 = CARTESIAN_POINT('',(-0.649999142857,3.407734347539,
    7.121217693382));
#2332 = LINE('',#2333,#2334);
#2333 = CARTESIAN_POINT('',(-0.649999142857,3.407734347539,
    7.121217693382));
#2334 = VECTOR('',#2335,1.);
#2335 = DIRECTION('',(1.,-1.224646799147E-16,0.));
#2336 = ORIENTED_EDGE('',*,*,#2337,.F.);
#2337 = EDGE_CURVE('',#2013,#2330,#2338,.T.);
#2338 = LINE('',#2339,#2340);
#2339 = CARTESIAN_POINT('',(-0.649999142857,3.407734347539,
    1.721217693382));
#2340 = VECTOR('',#2341,1.);
#2341 = DIRECTION('',(-1.499759782662E-32,-1.224646799147E-16,1.));
#2342 = PLANE('',#2343);
#2343 = AXIS2_PLACEMENT_3D('',#2344,#2345,#2346);
#2344 = CARTESIAN_POINT('',(-1.449999142857,3.407734347539,
    1.721217693382));
#2345 = DIRECTION('',(1.224646799147E-16,1.,1.224646799147E-16));
#2346 = DIRECTION('',(-1.,1.224646799147E-16,0.));
#2347 = ADVANCED_FACE('',(#2348),#2374,.F.);
#2348 = FACE_BOUND('',#2349,.T.);
#2349 = EDGE_LOOP('',(#2350,#2351,#2352,#2360,#2368));
#2350 = ORIENTED_EDGE('',*,*,#1924,.T.);
#2351 = ORIENTED_EDGE('',*,*,#2226,.F.);
#2352 = ORIENTED_EDGE('',*,*,#2353,.F.);
#2353 = EDGE_CURVE('',#2354,#2219,#2356,.T.);
#2354 = VERTEX_POINT('',#2355);
#2355 = CARTESIAN_POINT('',(18.250000857143,4.987734347539,
    7.121217693382));
#2356 = LINE('',#2357,#2358);
#2357 = CARTESIAN_POINT('',(18.250000857143,4.987734347539,
    7.121217693382));
#2358 = VECTOR('',#2359,1.);
#2359 = DIRECTION('',(-1.224646799147E-16,-1.,-1.224646799147E-16));
#2360 = ORIENTED_EDGE('',*,*,#2361,.T.);
#2361 = EDGE_CURVE('',#2354,#2362,#2364,.T.);
#2362 = VERTEX_POINT('',#2363);
#2363 = CARTESIAN_POINT('',(18.250000857143,4.887734347539,
    7.021217693382));
#2364 = LINE('',#2365,#2366);
#2365 = CARTESIAN_POINT('',(18.250000857143,4.987734347539,
    7.121217693382));
#2366 = VECTOR('',#2367,1.);
#2367 = DIRECTION('',(-8.659560562355E-17,-0.707106781187,
    -0.707106781187));
#2368 = ORIENTED_EDGE('',*,*,#2369,.F.);
#2369 = EDGE_CURVE('',#1925,#2362,#2370,.T.);
#2370 = LINE('',#2371,#2372);
#2371 = CARTESIAN_POINT('',(18.250000857143,4.887734347539,
    1.721217693382));
#2372 = VECTOR('',#2373,1.);
#2373 = DIRECTION('',(-1.499759782662E-32,-1.224646799147E-16,1.));
#2374 = PLANE('',#2375);
#2375 = AXIS2_PLACEMENT_3D('',#2376,#2377,#2378);
#2376 = CARTESIAN_POINT('',(18.250000857143,2.512734347539,
    4.741217693382));
#2377 = DIRECTION('',(1.,-1.224646799147E-16,0.));
#2378 = DIRECTION('',(1.499759782662E-32,1.224646799147E-16,-1.));
#2379 = ADVANCED_FACE('',(#2380),#2405,.F.);
#2380 = FACE_BOUND('',#2381,.T.);
#2381 = EDGE_LOOP('',(#2382,#2390,#2391,#2399));
#2382 = ORIENTED_EDGE('',*,*,#2383,.F.);
#2383 = EDGE_CURVE('',#1997,#2384,#2386,.T.);
#2384 = VERTEX_POINT('',#2385);
#2385 = CARTESIAN_POINT('',(1.250000857143,4.887734347539,7.021217693382
    ));
#2386 = LINE('',#2387,#2388);
#2387 = CARTESIAN_POINT('',(1.250000857143,4.887734347539,1.721217693382
    ));
#2388 = VECTOR('',#2389,1.);
#2389 = DIRECTION('',(-1.499759782662E-32,-1.224646799147E-16,1.));
#2390 = ORIENTED_EDGE('',*,*,#1996,.F.);
#2391 = ORIENTED_EDGE('',*,*,#2392,.T.);
#2392 = EDGE_CURVE('',#1989,#2393,#2395,.T.);
#2393 = VERTEX_POINT('',#2394);
#2394 = CARTESIAN_POINT('',(2.750000857143,4.887734347539,7.021217693382
    ));
#2395 = LINE('',#2396,#2397);
#2396 = CARTESIAN_POINT('',(2.750000857143,4.887734347539,1.721217693382
    ));
#2397 = VECTOR('',#2398,1.);
#2398 = DIRECTION('',(-1.499759782662E-32,-1.224646799147E-16,1.));
#2399 = ORIENTED_EDGE('',*,*,#2400,.F.);
#2400 = EDGE_CURVE('',#2384,#2393,#2401,.T.);
#2401 = LINE('',#2402,#2403);
#2402 = CARTESIAN_POINT('',(1.250000857143,4.887734347539,7.021217693382
    ));
#2403 = VECTOR('',#2404,1.);
#2404 = DIRECTION('',(1.,-1.224646799147E-16,0.));
#2405 = PLANE('',#2406);
#2406 = AXIS2_PLACEMENT_3D('',#2407,#2408,#2409);
#2407 = CARTESIAN_POINT('',(1.250000857143,4.887734347539,1.721217693382
    ));
#2408 = DIRECTION('',(1.224646799147E-16,1.,1.224646799147E-16));
#2409 = DIRECTION('',(-1.,1.224646799147E-16,0.));
#2410 = ADVANCED_FACE('',(#2411),#2429,.F.);
#2411 = FACE_BOUND('',#2412,.T.);
#2412 = EDGE_LOOP('',(#2413,#2421,#2422,#2423));
#2413 = ORIENTED_EDGE('',*,*,#2414,.F.);
#2414 = EDGE_CURVE('',#1933,#2415,#2417,.T.);
#2415 = VERTEX_POINT('',#2416);
#2416 = CARTESIAN_POINT('',(16.750000857143,4.887734347539,
    7.021217693382));
#2417 = LINE('',#2418,#2419);
#2418 = CARTESIAN_POINT('',(16.750000857143,4.887734347539,
    1.721217693382));
#2419 = VECTOR('',#2420,1.);
#2420 = DIRECTION('',(-1.499759782662E-32,-1.224646799147E-16,1.));
#2421 = ORIENTED_EDGE('',*,*,#1932,.F.);
#2422 = ORIENTED_EDGE('',*,*,#2369,.T.);
#2423 = ORIENTED_EDGE('',*,*,#2424,.F.);
#2424 = EDGE_CURVE('',#2415,#2362,#2425,.T.);
#2425 = LINE('',#2426,#2427);
#2426 = CARTESIAN_POINT('',(16.750000857143,4.887734347539,
    7.021217693382));
#2427 = VECTOR('',#2428,1.);
#2428 = DIRECTION('',(1.,-1.224646799147E-16,0.));
#2429 = PLANE('',#2430);
#2430 = AXIS2_PLACEMENT_3D('',#2431,#2432,#2433);
#2431 = CARTESIAN_POINT('',(1.250000857143,4.887734347539,1.721217693382
    ));
#2432 = DIRECTION('',(1.224646799147E-16,1.,1.224646799147E-16));
#2433 = DIRECTION('',(-1.,1.224646799147E-16,0.));
#2434 = ADVANCED_FACE('',(#2435),#2461,.F.);
#2435 = FACE_BOUND('',#2436,.T.);
#2436 = EDGE_LOOP('',(#2437,#2447,#2455));
#2437 = ORIENTED_EDGE('',*,*,#2438,.T.);
#2438 = EDGE_CURVE('',#2439,#2441,#2443,.T.);
#2439 = VERTEX_POINT('',#2440);
#2440 = CARTESIAN_POINT('',(16.000000857143,4.887734347539,
    7.021217693382));
#2441 = VERTEX_POINT('',#2442);
#2442 = CARTESIAN_POINT('',(16.100000857143,4.887734347539,
    7.121217693382));
#2443 = LINE('',#2444,#2445);
#2444 = CARTESIAN_POINT('',(16.000000857143,4.887734347539,
    7.021217693382));
#2445 = VECTOR('',#2446,1.);
#2446 = DIRECTION('',(0.707106781187,-1.731912112471E-16,0.707106781187)
  );
#2447 = ORIENTED_EDGE('',*,*,#2448,.F.);
#2448 = EDGE_CURVE('',#2449,#2441,#2451,.T.);
#2449 = VERTEX_POINT('',#2450);
#2450 = CARTESIAN_POINT('',(16.000000857143,4.887734347539,
    7.121217693382));
#2451 = LINE('',#2452,#2453);
#2452 = CARTESIAN_POINT('',(16.000000857143,4.887734347539,
    7.121217693382));
#2453 = VECTOR('',#2454,1.);
#2454 = DIRECTION('',(1.,-1.224646799147E-16,0.));
#2455 = ORIENTED_EDGE('',*,*,#2456,.T.);
#2456 = EDGE_CURVE('',#2449,#2439,#2457,.T.);
#2457 = LINE('',#2458,#2459);
#2458 = CARTESIAN_POINT('',(16.000000857143,4.887734347539,
    7.121217693382));
#2459 = VECTOR('',#2460,1.);
#2460 = DIRECTION('',(1.499759782662E-32,1.224646799147E-16,-1.));
#2461 = PLANE('',#2462);
#2462 = AXIS2_PLACEMENT_3D('',#2463,#2464,#2465);
#2463 = CARTESIAN_POINT('',(1.250000857143,4.887734347539,1.721217693382
    ));
#2464 = DIRECTION('',(1.224646799147E-16,1.,1.224646799147E-16));
#2465 = DIRECTION('',(-1.,1.224646799147E-16,0.));
#2466 = ADVANCED_FACE('',(#2467),#2656,.F.);
#2467 = FACE_BOUND('',#2468,.T.);
#2468 = EDGE_LOOP('',(#2469,#2479,#2487,#2496,#2504,#2513,#2521,#2529,
    #2535,#2536,#2544,#2552,#2560,#2569,#2577,#2586,#2594,#2602,#2610,
    #2618,#2626,#2634,#2642,#2650));
#2469 = ORIENTED_EDGE('',*,*,#2470,.T.);
#2470 = EDGE_CURVE('',#2471,#2473,#2475,.T.);
#2471 = VERTEX_POINT('',#2472);
#2472 = CARTESIAN_POINT('',(7.150000857143,4.887734347539,6.121217693382
    ));
#2473 = VERTEX_POINT('',#2474);
#2474 = CARTESIAN_POINT('',(3.500000857143,4.887734347539,6.121217693382
    ));
#2475 = LINE('',#2476,#2477);
#2476 = CARTESIAN_POINT('',(7.150000857143,4.887734347539,6.121217693382
    ));
#2477 = VECTOR('',#2478,1.);
#2478 = DIRECTION('',(-1.,1.224646799147E-16,0.));
#2479 = ORIENTED_EDGE('',*,*,#2480,.F.);
#2480 = EDGE_CURVE('',#2481,#2473,#2483,.T.);
#2481 = VERTEX_POINT('',#2482);
#2482 = CARTESIAN_POINT('',(3.500000857143,4.887734347539,5.341217693382
    ));
#2483 = LINE('',#2484,#2485);
#2484 = CARTESIAN_POINT('',(3.500000857143,4.887734347539,5.341217693382
    ));
#2485 = VECTOR('',#2486,1.);
#2486 = DIRECTION('',(-1.499759782662E-32,-1.224646799147E-16,1.));
#2487 = ORIENTED_EDGE('',*,*,#2488,.T.);
#2488 = EDGE_CURVE('',#2481,#2489,#2491,.T.);
#2489 = VERTEX_POINT('',#2490);
#2490 = CARTESIAN_POINT('',(3.750000857143,4.887734347539,5.591217693382
    ));
#2491 = CIRCLE('',#2492,0.25);
#2492 = AXIS2_PLACEMENT_3D('',#2493,#2494,#2495);
#2493 = CARTESIAN_POINT('',(3.750000857143,4.887734347539,5.341217693382
    ));
#2494 = DIRECTION('',(1.224646799147E-16,1.,1.224646799147E-16));
#2495 = DIRECTION('',(-1.,1.224646799147E-16,0.));
#2496 = ORIENTED_EDGE('',*,*,#2497,.T.);
#2497 = EDGE_CURVE('',#2489,#2498,#2500,.T.);
#2498 = VERTEX_POINT('',#2499);
#2499 = CARTESIAN_POINT('',(6.900000857143,4.887734347539,5.591217693382
    ));
#2500 = LINE('',#2501,#2502);
#2501 = CARTESIAN_POINT('',(3.750000857143,4.887734347539,5.591217693382
    ));
#2502 = VECTOR('',#2503,1.);
#2503 = DIRECTION('',(1.,-1.224646799147E-16,0.));
#2504 = ORIENTED_EDGE('',*,*,#2505,.T.);
#2505 = EDGE_CURVE('',#2498,#2506,#2508,.T.);
#2506 = VERTEX_POINT('',#2507);
#2507 = CARTESIAN_POINT('',(7.150000857143,4.887734347539,5.341217693382
    ));
#2508 = CIRCLE('',#2509,0.25);
#2509 = AXIS2_PLACEMENT_3D('',#2510,#2511,#2512);
#2510 = CARTESIAN_POINT('',(6.900000857143,4.887734347539,5.341217693382
    ));
#2511 = DIRECTION('',(1.224646799147E-16,1.,1.224646799147E-16));
#2512 = DIRECTION('',(-1.499759782662E-32,-1.224646799147E-16,1.));
#2513 = ORIENTED_EDGE('',*,*,#2514,.T.);
#2514 = EDGE_CURVE('',#2506,#2515,#2517,.T.);
#2515 = VERTEX_POINT('',#2516);
#2516 = CARTESIAN_POINT('',(7.150000857143,4.887734347539,3.971217693382
    ));
#2517 = LINE('',#2518,#2519);
#2518 = CARTESIAN_POINT('',(7.150000857143,4.887734347539,5.341217693382
    ));
#2519 = VECTOR('',#2520,1.);
#2520 = DIRECTION('',(1.499759782662E-32,1.224646799147E-16,-1.));
#2521 = ORIENTED_EDGE('',*,*,#2522,.T.);
#2522 = EDGE_CURVE('',#2515,#2523,#2525,.T.);
#2523 = VERTEX_POINT('',#2524);
#2524 = CARTESIAN_POINT('',(3.500000857143,4.887734347539,3.971217693382
    ));
#2525 = LINE('',#2526,#2527);
#2526 = CARTESIAN_POINT('',(7.150000857143,4.887734347539,3.971217693382
    ));
#2527 = VECTOR('',#2528,1.);
#2528 = DIRECTION('',(-1.,1.224646799147E-16,0.));
#2529 = ORIENTED_EDGE('',*,*,#2530,.F.);
#2530 = EDGE_CURVE('',#1965,#2523,#2531,.T.);
#2531 = LINE('',#2532,#2533);
#2532 = CARTESIAN_POINT('',(3.500000857143,4.887734347539,1.721217693382
    ));
#2533 = VECTOR('',#2534,1.);
#2534 = DIRECTION('',(-1.499759782662E-32,-1.224646799147E-16,1.));
#2535 = ORIENTED_EDGE('',*,*,#1964,.F.);
#2536 = ORIENTED_EDGE('',*,*,#2537,.T.);
#2537 = EDGE_CURVE('',#1957,#2538,#2540,.T.);
#2538 = VERTEX_POINT('',#2539);
#2539 = CARTESIAN_POINT('',(16.000000857143,4.887734347539,
    3.971217693382));
#2540 = LINE('',#2541,#2542);
#2541 = CARTESIAN_POINT('',(16.000000857143,4.887734347539,
    1.721217693382));
#2542 = VECTOR('',#2543,1.);
#2543 = DIRECTION('',(-1.499759782662E-32,-1.224646799147E-16,1.));
#2544 = ORIENTED_EDGE('',*,*,#2545,.T.);
#2545 = EDGE_CURVE('',#2538,#2546,#2548,.T.);
#2546 = VERTEX_POINT('',#2547);
#2547 = CARTESIAN_POINT('',(12.350000857143,4.887734347539,
    3.971217693382));
#2548 = LINE('',#2549,#2550);
#2549 = CARTESIAN_POINT('',(16.000000857143,4.887734347539,
    3.971217693382));
#2550 = VECTOR('',#2551,1.);
#2551 = DIRECTION('',(-1.,1.224646799147E-16,0.));
#2552 = ORIENTED_EDGE('',*,*,#2553,.T.);
#2553 = EDGE_CURVE('',#2546,#2554,#2556,.T.);
#2554 = VERTEX_POINT('',#2555);
#2555 = CARTESIAN_POINT('',(12.350000857143,4.887734347539,
    5.341217693382));
#2556 = LINE('',#2557,#2558);
#2557 = CARTESIAN_POINT('',(12.350000857143,4.887734347539,
    3.971217693382));
#2558 = VECTOR('',#2559,1.);
#2559 = DIRECTION('',(-1.499759782662E-32,-1.224646799147E-16,1.));
#2560 = ORIENTED_EDGE('',*,*,#2561,.T.);
#2561 = EDGE_CURVE('',#2554,#2562,#2564,.T.);
#2562 = VERTEX_POINT('',#2563);
#2563 = CARTESIAN_POINT('',(12.600000857143,4.887734347539,
    5.591217693382));
#2564 = CIRCLE('',#2565,0.25);
#2565 = AXIS2_PLACEMENT_3D('',#2566,#2567,#2568);
#2566 = CARTESIAN_POINT('',(12.600000857143,4.887734347539,
    5.341217693382));
#2567 = DIRECTION('',(1.224646799147E-16,1.,1.224646799147E-16));
#2568 = DIRECTION('',(-1.,1.224646799147E-16,0.));
#2569 = ORIENTED_EDGE('',*,*,#2570,.T.);
#2570 = EDGE_CURVE('',#2562,#2571,#2573,.T.);
#2571 = VERTEX_POINT('',#2572);
#2572 = CARTESIAN_POINT('',(15.750000857143,4.887734347539,
    5.591217693382));
#2573 = LINE('',#2574,#2575);
#2574 = CARTESIAN_POINT('',(12.600000857143,4.887734347539,
    5.591217693382));
#2575 = VECTOR('',#2576,1.);
#2576 = DIRECTION('',(1.,-1.224646799147E-16,0.));
#2577 = ORIENTED_EDGE('',*,*,#2578,.T.);
#2578 = EDGE_CURVE('',#2571,#2579,#2581,.T.);
#2579 = VERTEX_POINT('',#2580);
#2580 = CARTESIAN_POINT('',(16.000000857143,4.887734347539,
    5.341217693382));
#2581 = CIRCLE('',#2582,0.25);
#2582 = AXIS2_PLACEMENT_3D('',#2583,#2584,#2585);
#2583 = CARTESIAN_POINT('',(15.750000857143,4.887734347539,
    5.341217693382));
#2584 = DIRECTION('',(1.224646799147E-16,1.,1.224646799147E-16));
#2585 = DIRECTION('',(-1.499759782662E-32,-1.224646799147E-16,1.));
#2586 = ORIENTED_EDGE('',*,*,#2587,.T.);
#2587 = EDGE_CURVE('',#2579,#2588,#2590,.T.);
#2588 = VERTEX_POINT('',#2589);
#2589 = CARTESIAN_POINT('',(16.000000857143,4.887734347539,
    6.121217693382));
#2590 = LINE('',#2591,#2592);
#2591 = CARTESIAN_POINT('',(16.000000857143,4.887734347539,
    5.341217693382));
#2592 = VECTOR('',#2593,1.);
#2593 = DIRECTION('',(-1.499759782662E-32,-1.224646799147E-16,1.));
#2594 = ORIENTED_EDGE('',*,*,#2595,.T.);
#2595 = EDGE_CURVE('',#2588,#2596,#2598,.T.);
#2596 = VERTEX_POINT('',#2597);
#2597 = CARTESIAN_POINT('',(12.350000857143,4.887734347539,
    6.121217693382));
#2598 = LINE('',#2599,#2600);
#2599 = CARTESIAN_POINT('',(16.000000857143,4.887734347539,
    6.121217693382));
#2600 = VECTOR('',#2601,1.);
#2601 = DIRECTION('',(-1.,1.224646799147E-16,0.));
#2602 = ORIENTED_EDGE('',*,*,#2603,.F.);
#2603 = EDGE_CURVE('',#2604,#2596,#2606,.T.);
#2604 = VERTEX_POINT('',#2605);
#2605 = CARTESIAN_POINT('',(12.350000857143,4.887734347539,
    7.121217693382));
#2606 = LINE('',#2607,#2608);
#2607 = CARTESIAN_POINT('',(12.350000857143,4.887734347539,
    7.121217693382));
#2608 = VECTOR('',#2609,1.);
#2609 = DIRECTION('',(1.499759782662E-32,1.224646799147E-16,-1.));
#2610 = ORIENTED_EDGE('',*,*,#2611,.F.);
#2611 = EDGE_CURVE('',#2612,#2604,#2614,.T.);
#2612 = VERTEX_POINT('',#2613);
#2613 = CARTESIAN_POINT('',(11.850000857143,4.887734347539,
    7.121217693382));
#2614 = LINE('',#2615,#2616);
#2615 = CARTESIAN_POINT('',(11.850000857143,4.887734347539,
    7.121217693382));
#2616 = VECTOR('',#2617,1.);
#2617 = DIRECTION('',(1.,-1.224646799147E-16,0.));
#2618 = ORIENTED_EDGE('',*,*,#2619,.T.);
#2619 = EDGE_CURVE('',#2612,#2620,#2622,.T.);
#2620 = VERTEX_POINT('',#2621);
#2621 = CARTESIAN_POINT('',(11.850000857143,4.887734347539,
    7.021217693382));
#2622 = LINE('',#2623,#2624);
#2623 = CARTESIAN_POINT('',(11.850000857143,4.887734347539,
    7.121217693382));
#2624 = VECTOR('',#2625,1.);
#2625 = DIRECTION('',(1.499759782662E-32,1.224646799147E-16,-1.));
#2626 = ORIENTED_EDGE('',*,*,#2627,.F.);
#2627 = EDGE_CURVE('',#2628,#2620,#2630,.T.);
#2628 = VERTEX_POINT('',#2629);
#2629 = CARTESIAN_POINT('',(7.650000857143,4.887734347539,7.021217693382
    ));
#2630 = LINE('',#2631,#2632);
#2631 = CARTESIAN_POINT('',(7.650000857143,4.887734347539,7.021217693382
    ));
#2632 = VECTOR('',#2633,1.);
#2633 = DIRECTION('',(1.,-1.224646799147E-16,0.));
#2634 = ORIENTED_EDGE('',*,*,#2635,.F.);
#2635 = EDGE_CURVE('',#2636,#2628,#2638,.T.);
#2636 = VERTEX_POINT('',#2637);
#2637 = CARTESIAN_POINT('',(7.650000857143,4.887734347539,7.121217693382
    ));
#2638 = LINE('',#2639,#2640);
#2639 = CARTESIAN_POINT('',(7.650000857143,4.887734347539,7.121217693382
    ));
#2640 = VECTOR('',#2641,1.);
#2641 = DIRECTION('',(1.499759782662E-32,1.224646799147E-16,-1.));
#2642 = ORIENTED_EDGE('',*,*,#2643,.F.);
#2643 = EDGE_CURVE('',#2644,#2636,#2646,.T.);
#2644 = VERTEX_POINT('',#2645);
#2645 = CARTESIAN_POINT('',(7.150000857143,4.887734347539,7.121217693382
    ));
#2646 = LINE('',#2647,#2648);
#2647 = CARTESIAN_POINT('',(7.150000857143,4.887734347539,7.121217693382
    ));
#2648 = VECTOR('',#2649,1.);
#2649 = DIRECTION('',(1.,-1.224646799147E-16,0.));
#2650 = ORIENTED_EDGE('',*,*,#2651,.T.);
#2651 = EDGE_CURVE('',#2644,#2471,#2652,.T.);
#2652 = LINE('',#2653,#2654);
#2653 = CARTESIAN_POINT('',(7.150000857143,4.887734347539,7.121217693382
    ));
#2654 = VECTOR('',#2655,1.);
#2655 = DIRECTION('',(1.499759782662E-32,1.224646799147E-16,-1.));
#2656 = PLANE('',#2657);
#2657 = AXIS2_PLACEMENT_3D('',#2658,#2659,#2660);
#2658 = CARTESIAN_POINT('',(1.250000857143,4.887734347539,1.721217693382
    ));
#2659 = DIRECTION('',(1.224646799147E-16,1.,1.224646799147E-16));
#2660 = DIRECTION('',(-1.,1.224646799147E-16,0.));
#2661 = ADVANCED_FACE('',(#2662),#2688,.F.);
#2662 = FACE_BOUND('',#2663,.T.);
#2663 = EDGE_LOOP('',(#2664,#2674,#2682));
#2664 = ORIENTED_EDGE('',*,*,#2665,.F.);
#2665 = EDGE_CURVE('',#2666,#2668,#2670,.T.);
#2666 = VERTEX_POINT('',#2667);
#2667 = CARTESIAN_POINT('',(3.400000857143,4.887734347539,7.121217693382
    ));
#2668 = VERTEX_POINT('',#2669);
#2669 = CARTESIAN_POINT('',(3.500000857143,4.887734347539,7.121217693382
    ));
#2670 = LINE('',#2671,#2672);
#2671 = CARTESIAN_POINT('',(3.400000857143,4.887734347539,7.121217693382
    ));
#2672 = VECTOR('',#2673,1.);
#2673 = DIRECTION('',(1.,-1.224646799147E-16,0.));
#2674 = ORIENTED_EDGE('',*,*,#2675,.T.);
#2675 = EDGE_CURVE('',#2666,#2676,#2678,.T.);
#2676 = VERTEX_POINT('',#2677);
#2677 = CARTESIAN_POINT('',(3.500000857143,4.887734347539,7.021217693382
    ));
#2678 = LINE('',#2679,#2680);
#2679 = CARTESIAN_POINT('',(3.400000857143,4.887734347539,7.121217693382
    ));
#2680 = VECTOR('',#2681,1.);
#2681 = DIRECTION('',(0.707106781187,-1.212873641777E-29,-0.707106781186
    ));
#2682 = ORIENTED_EDGE('',*,*,#2683,.F.);
#2683 = EDGE_CURVE('',#2668,#2676,#2684,.T.);
#2684 = LINE('',#2685,#2686);
#2685 = CARTESIAN_POINT('',(3.500000857143,4.887734347539,7.121217693382
    ));
#2686 = VECTOR('',#2687,1.);
#2687 = DIRECTION('',(1.499759782662E-32,1.224646799147E-16,-1.));
#2688 = PLANE('',#2689);
#2689 = AXIS2_PLACEMENT_3D('',#2690,#2691,#2692);
#2690 = CARTESIAN_POINT('',(1.250000857143,4.887734347539,1.721217693382
    ));
#2691 = DIRECTION('',(1.224646799147E-16,1.,1.224646799147E-16));
#2692 = DIRECTION('',(-1.,1.224646799147E-16,0.));
#2693 = ADVANCED_FACE('',(#2694),#2719,.T.);
#2694 = FACE_BOUND('',#2695,.T.);
#2695 = EDGE_LOOP('',(#2696,#2704,#2712,#2718));
#2696 = ORIENTED_EDGE('',*,*,#2697,.F.);
#2697 = EDGE_CURVE('',#2698,#2393,#2700,.T.);
#2698 = VERTEX_POINT('',#2699);
#2699 = CARTESIAN_POINT('',(2.850000857143,4.987734347539,7.121217693382
    ));
#2700 = LINE('',#2701,#2702);
#2701 = CARTESIAN_POINT('',(2.850000857143,4.987734347539,7.121217693382
    ));
#2702 = VECTOR('',#2703,1.);
#2703 = DIRECTION('',(-0.57735026919,-0.57735026919,-0.57735026919));
#2704 = ORIENTED_EDGE('',*,*,#2705,.F.);
#2705 = EDGE_CURVE('',#2706,#2698,#2708,.T.);
#2706 = VERTEX_POINT('',#2707);
#2707 = CARTESIAN_POINT('',(1.250000857143,4.987734347539,7.121217693382
    ));
#2708 = LINE('',#2709,#2710);
#2709 = CARTESIAN_POINT('',(1.250000857143,4.987734347539,7.121217693382
    ));
#2710 = VECTOR('',#2711,1.);
#2711 = DIRECTION('',(1.,-1.224646799147E-16,0.));
#2712 = ORIENTED_EDGE('',*,*,#2713,.F.);
#2713 = EDGE_CURVE('',#2384,#2706,#2714,.T.);
#2714 = LINE('',#2715,#2716);
#2715 = CARTESIAN_POINT('',(1.250000857143,4.887734347539,7.021217693382
    ));
#2716 = VECTOR('',#2717,1.);
#2717 = DIRECTION('',(8.659560562356E-17,0.707106781187,0.707106781186)
  );
#2718 = ORIENTED_EDGE('',*,*,#2400,.T.);
#2719 = PLANE('',#2720);
#2720 = AXIS2_PLACEMENT_3D('',#2721,#2722,#2723);
#2721 = CARTESIAN_POINT('',(2.000000857143,4.937734347539,7.071217693382
    ));
#2722 = DIRECTION('',(-8.659560562355E-17,-0.707106781187,0.707106781187
    ));
#2723 = DIRECTION('',(-8.659560562355E-17,-0.707106781187,
    -0.707106781187));
#2724 = ADVANCED_FACE('',(#2725),#2737,.T.);
#2725 = FACE_BOUND('',#2726,.T.);
#2726 = EDGE_LOOP('',(#2727,#2728,#2729,#2730,#2731));
#2727 = ORIENTED_EDGE('',*,*,#2321,.T.);
#2728 = ORIENTED_EDGE('',*,*,#2004,.F.);
#2729 = ORIENTED_EDGE('',*,*,#2383,.T.);
#2730 = ORIENTED_EDGE('',*,*,#2713,.T.);
#2731 = ORIENTED_EDGE('',*,*,#2732,.F.);
#2732 = EDGE_CURVE('',#2322,#2706,#2733,.T.);
#2733 = LINE('',#2734,#2735);
#2734 = CARTESIAN_POINT('',(1.250000857143,3.407734347539,7.121217693382
    ));
#2735 = VECTOR('',#2736,1.);
#2736 = DIRECTION('',(1.224646799147E-16,1.,1.224646799147E-16));
#2737 = PLANE('',#2738);
#2738 = AXIS2_PLACEMENT_3D('',#2739,#2740,#2741);
#2739 = CARTESIAN_POINT('',(1.250000857143,2.512734347539,4.741217693382
    ));
#2740 = DIRECTION('',(1.,-1.224646799147E-16,0.));
#2741 = DIRECTION('',(1.499759782662E-32,1.224646799147E-16,-1.));
#2742 = ADVANCED_FACE('',(#2743),#2965,.F.);
#2743 = FACE_BOUND('',#2744,.T.);
#2744 = EDGE_LOOP('',(#2745,#2746,#2754,#2762,#2768,#2769,#2777,#2785,
    #2791,#2792,#2800,#2808,#2816,#2822,#2823,#2824,#2825,#2833,#2839,
    #2840,#2848,#2856,#2864,#2872,#2880,#2888,#2894,#2895,#2903,#2911,
    #2917,#2918,#2919,#2920,#2928,#2936,#2942,#2943,#2951,#2959));
#2745 = ORIENTED_EDGE('',*,*,#2643,.T.);
#2746 = ORIENTED_EDGE('',*,*,#2747,.T.);
#2747 = EDGE_CURVE('',#2636,#2748,#2750,.T.);
#2748 = VERTEX_POINT('',#2749);
#2749 = CARTESIAN_POINT('',(7.650000857143,4.987734347539,7.121217693382
    ));
#2750 = LINE('',#2751,#2752);
#2751 = CARTESIAN_POINT('',(7.650000857143,4.887734347539,7.121217693382
    ));
#2752 = VECTOR('',#2753,1.);
#2753 = DIRECTION('',(1.224646799147E-16,1.,1.224646799147E-16));
#2754 = ORIENTED_EDGE('',*,*,#2755,.T.);
#2755 = EDGE_CURVE('',#2748,#2756,#2758,.T.);
#2756 = VERTEX_POINT('',#2757);
#2757 = CARTESIAN_POINT('',(11.850000857143,4.987734347539,
    7.121217693382));
#2758 = LINE('',#2759,#2760);
#2759 = CARTESIAN_POINT('',(7.650000857143,4.987734347539,7.121217693382
    ));
#2760 = VECTOR('',#2761,1.);
#2761 = DIRECTION('',(1.,-1.224646799147E-16,0.));
#2762 = ORIENTED_EDGE('',*,*,#2763,.F.);
#2763 = EDGE_CURVE('',#2612,#2756,#2764,.T.);
#2764 = LINE('',#2765,#2766);
#2765 = CARTESIAN_POINT('',(11.850000857143,4.887734347539,
    7.121217693382));
#2766 = VECTOR('',#2767,1.);
#2767 = DIRECTION('',(1.224646799147E-16,1.,1.224646799147E-16));
#2768 = ORIENTED_EDGE('',*,*,#2611,.T.);
#2769 = ORIENTED_EDGE('',*,*,#2770,.T.);
#2770 = EDGE_CURVE('',#2604,#2771,#2773,.T.);
#2771 = VERTEX_POINT('',#2772);
#2772 = CARTESIAN_POINT('',(12.350000857143,5.437734347539,
    7.121217693382));
#2773 = LINE('',#2774,#2775);
#2774 = CARTESIAN_POINT('',(12.350000857143,4.887734347539,
    7.121217693382));
#2775 = VECTOR('',#2776,1.);
#2776 = DIRECTION('',(1.224646799147E-16,1.,1.224646799147E-16));
#2777 = ORIENTED_EDGE('',*,*,#2778,.T.);
#2778 = EDGE_CURVE('',#2771,#2779,#2781,.T.);
#2779 = VERTEX_POINT('',#2780);
#2780 = CARTESIAN_POINT('',(16.000000857143,5.437734347539,
    7.121217693382));
#2781 = LINE('',#2782,#2783);
#2782 = CARTESIAN_POINT('',(12.350000857143,5.437734347539,
    7.121217693382));
#2783 = VECTOR('',#2784,1.);
#2784 = DIRECTION('',(1.,-1.224646799147E-16,0.));
#2785 = ORIENTED_EDGE('',*,*,#2786,.F.);
#2786 = EDGE_CURVE('',#2449,#2779,#2787,.T.);
#2787 = LINE('',#2788,#2789);
#2788 = CARTESIAN_POINT('',(16.000000857143,4.887734347539,
    7.121217693382));
#2789 = VECTOR('',#2790,1.);
#2790 = DIRECTION('',(1.224646799147E-16,1.,1.224646799147E-16));
#2791 = ORIENTED_EDGE('',*,*,#2448,.T.);
#2792 = ORIENTED_EDGE('',*,*,#2793,.T.);
#2793 = EDGE_CURVE('',#2441,#2794,#2796,.T.);
#2794 = VERTEX_POINT('',#2795);
#2795 = CARTESIAN_POINT('',(16.100000857143,3.987734347539,
    7.121217693382));
#2796 = LINE('',#2797,#2798);
#2797 = CARTESIAN_POINT('',(16.100000857143,4.887734347539,
    7.121217693382));
#2798 = VECTOR('',#2799,1.);
#2799 = DIRECTION('',(-1.224646799147E-16,-1.,-1.224646799147E-16));
#2800 = ORIENTED_EDGE('',*,*,#2801,.T.);
#2801 = EDGE_CURVE('',#2794,#2802,#2804,.T.);
#2802 = VERTEX_POINT('',#2803);
#2803 = CARTESIAN_POINT('',(16.650000857143,3.987734347539,
    7.121217693382));
#2804 = LINE('',#2805,#2806);
#2805 = CARTESIAN_POINT('',(16.100000857143,3.987734347539,
    7.121217693382));
#2806 = VECTOR('',#2807,1.);
#2807 = DIRECTION('',(1.,-1.224646799147E-16,0.));
#2808 = ORIENTED_EDGE('',*,*,#2809,.T.);
#2809 = EDGE_CURVE('',#2802,#2810,#2812,.T.);
#2810 = VERTEX_POINT('',#2811);
#2811 = CARTESIAN_POINT('',(16.650000857143,4.987734347539,
    7.121217693382));
#2812 = LINE('',#2813,#2814);
#2813 = CARTESIAN_POINT('',(16.650000857143,3.987734347539,
    7.121217693382));
#2814 = VECTOR('',#2815,1.);
#2815 = DIRECTION('',(1.224646799147E-16,1.,1.224646799147E-16));
#2816 = ORIENTED_EDGE('',*,*,#2817,.T.);
#2817 = EDGE_CURVE('',#2810,#2354,#2818,.T.);
#2818 = LINE('',#2819,#2820);
#2819 = CARTESIAN_POINT('',(16.650000857143,4.987734347539,
    7.121217693382));
#2820 = VECTOR('',#2821,1.);
#2821 = DIRECTION('',(1.,-1.224646799147E-16,0.));
#2822 = ORIENTED_EDGE('',*,*,#2353,.T.);
#2823 = ORIENTED_EDGE('',*,*,#2218,.T.);
#2824 = ORIENTED_EDGE('',*,*,#2195,.T.);
#2825 = ORIENTED_EDGE('',*,*,#2826,.T.);
#2826 = EDGE_CURVE('',#2188,#2827,#2829,.T.);
#2827 = VERTEX_POINT('',#2828);
#2828 = CARTESIAN_POINT('',(20.450000857143,3.377734347539,
    7.121217693382));
#2829 = LINE('',#2830,#2831);
#2830 = CARTESIAN_POINT('',(20.150000857143,3.377734347539,
    7.121217693382));
#2831 = VECTOR('',#2832,1.);
#2832 = DIRECTION('',(1.,-1.224646799147E-16,0.));
#2833 = ORIENTED_EDGE('',*,*,#2834,.T.);
#2834 = EDGE_CURVE('',#2827,#2260,#2835,.T.);
#2835 = LINE('',#2836,#2837);
#2836 = CARTESIAN_POINT('',(20.450000857143,3.377734347539,
    7.121217693382));
#2837 = VECTOR('',#2838,1.);
#2838 = DIRECTION('',(1.224646799147E-16,1.,1.224646799147E-16));
#2839 = ORIENTED_EDGE('',*,*,#2259,.T.);
#2840 = ORIENTED_EDGE('',*,*,#2841,.T.);
#2841 = EDGE_CURVE('',#2252,#2842,#2844,.T.);
#2842 = VERTEX_POINT('',#2843);
#2843 = CARTESIAN_POINT('',(21.050000857143,1.277734347539,
    7.121217693382));
#2844 = LINE('',#2845,#2846);
#2845 = CARTESIAN_POINT('',(21.050000857143,3.407734347539,
    7.121217693382));
#2846 = VECTOR('',#2847,1.);
#2847 = DIRECTION('',(-1.224646799147E-16,-1.,-1.224646799147E-16));
#2848 = ORIENTED_EDGE('',*,*,#2849,.F.);
#2849 = EDGE_CURVE('',#2850,#2842,#2852,.T.);
#2850 = VERTEX_POINT('',#2851);
#2851 = CARTESIAN_POINT('',(21.700000857143,1.277734347539,
    7.121217693382));
#2852 = LINE('',#2853,#2854);
#2853 = CARTESIAN_POINT('',(21.700000857143,1.277734347539,
    7.121217693382));
#2854 = VECTOR('',#2855,1.);
#2855 = DIRECTION('',(-1.,1.224646799147E-16,0.));
#2856 = ORIENTED_EDGE('',*,*,#2857,.F.);
#2857 = EDGE_CURVE('',#2858,#2850,#2860,.T.);
#2858 = VERTEX_POINT('',#2859);
#2859 = CARTESIAN_POINT('',(21.700000857143,5.787734347539,
    7.121217693382));
#2860 = LINE('',#2861,#2862);
#2861 = CARTESIAN_POINT('',(21.700000857143,5.787734347539,
    7.121217693382));
#2862 = VECTOR('',#2863,1.);
#2863 = DIRECTION('',(-1.224646799147E-16,-1.,-1.224646799147E-16));
#2864 = ORIENTED_EDGE('',*,*,#2865,.T.);
#2865 = EDGE_CURVE('',#2858,#2866,#2868,.T.);
#2866 = VERTEX_POINT('',#2867);
#2867 = CARTESIAN_POINT('',(-2.199999142857,5.787734347539,
    7.121217693382));
#2868 = LINE('',#2869,#2870);
#2869 = CARTESIAN_POINT('',(21.700000857143,5.787734347539,
    7.121217693382));
#2870 = VECTOR('',#2871,1.);
#2871 = DIRECTION('',(-1.,1.224646799147E-16,0.));
#2872 = ORIENTED_EDGE('',*,*,#2873,.T.);
#2873 = EDGE_CURVE('',#2866,#2874,#2876,.T.);
#2874 = VERTEX_POINT('',#2875);
#2875 = CARTESIAN_POINT('',(-2.199999142857,1.277734347539,
    7.121217693382));
#2876 = LINE('',#2877,#2878);
#2877 = CARTESIAN_POINT('',(-2.199999142857,5.787734347539,
    7.121217693382));
#2878 = VECTOR('',#2879,1.);
#2879 = DIRECTION('',(-1.224646799147E-16,-1.,-1.224646799147E-16));
#2880 = ORIENTED_EDGE('',*,*,#2881,.F.);
#2881 = EDGE_CURVE('',#2882,#2874,#2884,.T.);
#2882 = VERTEX_POINT('',#2883);
#2883 = CARTESIAN_POINT('',(-1.549999142857,1.277734347539,
    7.121217693382));
#2884 = LINE('',#2885,#2886);
#2885 = CARTESIAN_POINT('',(-1.549999142857,1.277734347539,
    7.121217693382));
#2886 = VECTOR('',#2887,1.);
#2887 = DIRECTION('',(-1.,1.224646799147E-16,0.));
#2888 = ORIENTED_EDGE('',*,*,#2889,.T.);
#2889 = EDGE_CURVE('',#2882,#2282,#2890,.T.);
#2890 = LINE('',#2891,#2892);
#2891 = CARTESIAN_POINT('',(-1.549999142857,1.277734347539,
    7.121217693382));
#2892 = VECTOR('',#2893,1.);
#2893 = DIRECTION('',(1.224646799147E-16,1.,1.224646799147E-16));
#2894 = ORIENTED_EDGE('',*,*,#2281,.T.);
#2895 = ORIENTED_EDGE('',*,*,#2896,.T.);
#2896 = EDGE_CURVE('',#2284,#2897,#2899,.T.);
#2897 = VERTEX_POINT('',#2898);
#2898 = CARTESIAN_POINT('',(-0.949999142857,3.377734347539,
    7.121217693382));
#2899 = LINE('',#2900,#2901);
#2900 = CARTESIAN_POINT('',(-0.949999142857,3.407734347539,
    7.121217693382));
#2901 = VECTOR('',#2902,1.);
#2902 = DIRECTION('',(-1.224646799147E-16,-1.,-1.224646799147E-16));
#2903 = ORIENTED_EDGE('',*,*,#2904,.T.);
#2904 = EDGE_CURVE('',#2897,#2905,#2907,.T.);
#2905 = VERTEX_POINT('',#2906);
#2906 = CARTESIAN_POINT('',(-0.649999142857,3.377734347539,
    7.121217693382));
#2907 = LINE('',#2908,#2909);
#2908 = CARTESIAN_POINT('',(-0.949999142857,3.377734347539,
    7.121217693382));
#2909 = VECTOR('',#2910,1.);
#2910 = DIRECTION('',(1.,-1.224646799147E-16,0.));
#2911 = ORIENTED_EDGE('',*,*,#2912,.T.);
#2912 = EDGE_CURVE('',#2905,#2330,#2913,.T.);
#2913 = LINE('',#2914,#2915);
#2914 = CARTESIAN_POINT('',(-0.649999142857,3.377734347539,
    7.121217693382));
#2915 = VECTOR('',#2916,1.);
#2916 = DIRECTION('',(1.224646799147E-16,1.,1.224646799147E-16));
#2917 = ORIENTED_EDGE('',*,*,#2329,.T.);
#2918 = ORIENTED_EDGE('',*,*,#2732,.T.);
#2919 = ORIENTED_EDGE('',*,*,#2705,.T.);
#2920 = ORIENTED_EDGE('',*,*,#2921,.T.);
#2921 = EDGE_CURVE('',#2698,#2922,#2924,.T.);
#2922 = VERTEX_POINT('',#2923);
#2923 = CARTESIAN_POINT('',(2.850000857143,3.987734347539,7.121217693382
    ));
#2924 = LINE('',#2925,#2926);
#2925 = CARTESIAN_POINT('',(2.850000857143,4.987734347539,7.121217693382
    ));
#2926 = VECTOR('',#2927,1.);
#2927 = DIRECTION('',(-1.224646799147E-16,-1.,-1.224646799147E-16));
#2928 = ORIENTED_EDGE('',*,*,#2929,.T.);
#2929 = EDGE_CURVE('',#2922,#2930,#2932,.T.);
#2930 = VERTEX_POINT('',#2931);
#2931 = CARTESIAN_POINT('',(3.400000857143,3.987734347539,7.121217693382
    ));
#2932 = LINE('',#2933,#2934);
#2933 = CARTESIAN_POINT('',(2.850000857143,3.987734347539,7.121217693382
    ));
#2934 = VECTOR('',#2935,1.);
#2935 = DIRECTION('',(1.,-1.224646799147E-16,0.));
#2936 = ORIENTED_EDGE('',*,*,#2937,.T.);
#2937 = EDGE_CURVE('',#2930,#2666,#2938,.T.);
#2938 = LINE('',#2939,#2940);
#2939 = CARTESIAN_POINT('',(3.400000857143,3.987734347539,7.121217693382
    ));
#2940 = VECTOR('',#2941,1.);
#2941 = DIRECTION('',(1.224646799147E-16,1.,1.224646799147E-16));
#2942 = ORIENTED_EDGE('',*,*,#2665,.T.);
#2943 = ORIENTED_EDGE('',*,*,#2944,.T.);
#2944 = EDGE_CURVE('',#2668,#2945,#2947,.T.);
#2945 = VERTEX_POINT('',#2946);
#2946 = CARTESIAN_POINT('',(3.500000857143,5.437734347539,7.121217693382
    ));
#2947 = LINE('',#2948,#2949);
#2948 = CARTESIAN_POINT('',(3.500000857143,4.887734347539,7.121217693382
    ));
#2949 = VECTOR('',#2950,1.);
#2950 = DIRECTION('',(1.224646799147E-16,1.,1.224646799147E-16));
#2951 = ORIENTED_EDGE('',*,*,#2952,.F.);
#2952 = EDGE_CURVE('',#2953,#2945,#2955,.T.);
#2953 = VERTEX_POINT('',#2954);
#2954 = CARTESIAN_POINT('',(7.150000857143,5.437734347539,7.121217693382
    ));
#2955 = LINE('',#2956,#2957);
#2956 = CARTESIAN_POINT('',(7.150000857143,5.437734347539,7.121217693382
    ));
#2957 = VECTOR('',#2958,1.);
#2958 = DIRECTION('',(-1.,1.224646799147E-16,0.));
#2959 = ORIENTED_EDGE('',*,*,#2960,.F.);
#2960 = EDGE_CURVE('',#2644,#2953,#2961,.T.);
#2961 = LINE('',#2962,#2963);
#2962 = CARTESIAN_POINT('',(7.150000857143,4.887734347539,7.121217693382
    ));
#2963 = VECTOR('',#2964,1.);
#2964 = DIRECTION('',(1.224646799147E-16,1.,1.224646799147E-16));
#2965 = PLANE('',#2966);
#2966 = AXIS2_PLACEMENT_3D('',#2967,#2968,#2969);
#2967 = CARTESIAN_POINT('',(21.700000857143,1.277734347539,
    7.121217693382));
#2968 = DIRECTION('',(1.499759782662E-32,1.224646799147E-16,-1.));
#2969 = DIRECTION('',(-1.,1.224646799147E-16,0.));
#2970 = ADVANCED_FACE('',(#2971),#2981,.F.);
#2971 = FACE_BOUND('',#2972,.T.);
#2972 = EDGE_LOOP('',(#2973,#2979,#2980));
#2973 = ORIENTED_EDGE('',*,*,#2974,.F.);
#2974 = EDGE_CURVE('',#2471,#2953,#2975,.T.);
#2975 = LINE('',#2976,#2977);
#2976 = CARTESIAN_POINT('',(7.150000857143,4.887734347539,6.121217693382
    ));
#2977 = VECTOR('',#2978,1.);
#2978 = DIRECTION('',(5.901802543576E-17,0.481918749772,0.876215908677)
  );
#2979 = ORIENTED_EDGE('',*,*,#2651,.F.);
#2980 = ORIENTED_EDGE('',*,*,#2960,.T.);
#2981 = PLANE('',#2982);
#2982 = AXIS2_PLACEMENT_3D('',#2983,#2984,#2985);
#2983 = CARTESIAN_POINT('',(7.150000857143,2.512734347539,4.741217693382
    ));
#2984 = DIRECTION('',(1.,-1.224646799147E-16,0.));
#2985 = DIRECTION('',(1.499759782662E-32,1.224646799147E-16,-1.));
#2986 = ADVANCED_FACE('',(#2987),#2998,.T.);
#2987 = FACE_BOUND('',#2988,.T.);
#2988 = EDGE_LOOP('',(#2989,#2995,#2996,#2997));
#2989 = ORIENTED_EDGE('',*,*,#2990,.F.);
#2990 = EDGE_CURVE('',#2473,#2945,#2991,.T.);
#2991 = LINE('',#2992,#2993);
#2992 = CARTESIAN_POINT('',(3.500000857143,4.887734347539,6.121217693382
    ));
#2993 = VECTOR('',#2994,1.);
#2994 = DIRECTION('',(5.901802543576E-17,0.481918749772,0.876215908677)
  );
#2995 = ORIENTED_EDGE('',*,*,#2470,.F.);
#2996 = ORIENTED_EDGE('',*,*,#2974,.T.);
#2997 = ORIENTED_EDGE('',*,*,#2952,.T.);
#2998 = PLANE('',#2999);
#2999 = AXIS2_PLACEMENT_3D('',#3000,#3001,#3002);
#3000 = CARTESIAN_POINT('',(7.150000857143,4.887734347539,6.121217693382
    ));
#3001 = DIRECTION('',(-1.073055007923E-16,-0.876215908677,0.481918749772
    ));
#3002 = DIRECTION('',(5.901802543576E-17,0.481918749772,0.876215908677)
  );
#3003 = ADVANCED_FACE('',(#3004),#3048,.T.);
#3004 = FACE_BOUND('',#3005,.T.);
#3005 = EDGE_LOOP('',(#3006,#3014,#3015,#3016,#3024,#3032,#3038,#3039,
    #3040,#3041,#3042));
#3006 = ORIENTED_EDGE('',*,*,#3007,.F.);
#3007 = EDGE_CURVE('',#1973,#3008,#3010,.T.);
#3008 = VERTEX_POINT('',#3009);
#3009 = CARTESIAN_POINT('',(3.500000857143,3.887734347539,7.021217693382
    ));
#3010 = LINE('',#3011,#3012);
#3011 = CARTESIAN_POINT('',(3.500000857143,3.887734347539,1.721217693382
    ));
#3012 = VECTOR('',#3013,1.);
#3013 = DIRECTION('',(-1.499759782662E-32,-1.224646799147E-16,1.));
#3014 = ORIENTED_EDGE('',*,*,#1972,.F.);
#3015 = ORIENTED_EDGE('',*,*,#2530,.T.);
#3016 = ORIENTED_EDGE('',*,*,#3017,.F.);
#3017 = EDGE_CURVE('',#3018,#2523,#3020,.T.);
#3018 = VERTEX_POINT('',#3019);
#3019 = CARTESIAN_POINT('',(3.500000857143,5.787734347539,3.971217693382
    ));
#3020 = LINE('',#3021,#3022);
#3021 = CARTESIAN_POINT('',(3.500000857143,5.787734347539,3.971217693382
    ));
#3022 = VECTOR('',#3023,1.);
#3023 = DIRECTION('',(-1.224646799147E-16,-1.,-1.224646799147E-16));
#3024 = ORIENTED_EDGE('',*,*,#3025,.T.);
#3025 = EDGE_CURVE('',#3018,#3026,#3028,.T.);
#3026 = VERTEX_POINT('',#3027);
#3027 = CARTESIAN_POINT('',(3.500000857143,5.787734347539,5.341217693382
    ));
#3028 = LINE('',#3029,#3030);
#3029 = CARTESIAN_POINT('',(3.500000857143,5.787734347539,3.971217693382
    ));
#3030 = VECTOR('',#3031,1.);
#3031 = DIRECTION('',(-1.499759782662E-32,-1.224646799147E-16,1.));
#3032 = ORIENTED_EDGE('',*,*,#3033,.T.);
#3033 = EDGE_CURVE('',#3026,#2481,#3034,.T.);
#3034 = LINE('',#3035,#3036);
#3035 = CARTESIAN_POINT('',(3.500000857143,5.787734347539,5.341217693382
    ));
#3036 = VECTOR('',#3037,1.);
#3037 = DIRECTION('',(-1.224646799147E-16,-1.,-1.224646799147E-16));
#3038 = ORIENTED_EDGE('',*,*,#2480,.T.);
#3039 = ORIENTED_EDGE('',*,*,#2990,.T.);
#3040 = ORIENTED_EDGE('',*,*,#2944,.F.);
#3041 = ORIENTED_EDGE('',*,*,#2683,.T.);
#3042 = ORIENTED_EDGE('',*,*,#3043,.F.);
#3043 = EDGE_CURVE('',#3008,#2676,#3044,.T.);
#3044 = LINE('',#3045,#3046);
#3045 = CARTESIAN_POINT('',(3.500000857143,3.887734347539,7.021217693382
    ));
#3046 = VECTOR('',#3047,1.);
#3047 = DIRECTION('',(1.224646799147E-16,1.,1.224646799147E-16));
#3048 = PLANE('',#3049);
#3049 = AXIS2_PLACEMENT_3D('',#3050,#3051,#3052);
#3050 = CARTESIAN_POINT('',(3.500000857143,3.887734347539,1.721217693382
    ));
#3051 = DIRECTION('',(1.,-1.224646799147E-16,0.));
#3052 = DIRECTION('',(1.499759782662E-32,1.224646799147E-16,-1.));
#3053 = ADVANCED_FACE('',(#3054),#3065,.T.);
#3054 = FACE_BOUND('',#3055,.T.);
#3055 = EDGE_LOOP('',(#3056,#3057,#3058,#3064));
#3056 = ORIENTED_EDGE('',*,*,#2675,.F.);
#3057 = ORIENTED_EDGE('',*,*,#2937,.F.);
#3058 = ORIENTED_EDGE('',*,*,#3059,.T.);
#3059 = EDGE_CURVE('',#2930,#3008,#3060,.T.);
#3060 = LINE('',#3061,#3062);
#3061 = CARTESIAN_POINT('',(3.400000857143,3.987734347539,7.121217693382
    ));
#3062 = VECTOR('',#3063,1.);
#3063 = DIRECTION('',(0.57735026919,-0.57735026919,-0.57735026919));
#3064 = ORIENTED_EDGE('',*,*,#3043,.T.);
#3065 = PLANE('',#3066);
#3066 = AXIS2_PLACEMENT_3D('',#3067,#3068,#3069);
#3067 = CARTESIAN_POINT('',(3.450000857143,4.387734347539,7.071217693382
    ));
#3068 = DIRECTION('',(0.707106781186,-1.731912112471E-16,0.707106781187)
  );
#3069 = DIRECTION('',(0.707106781187,-1.225199593421E-29,-0.707106781186
    ));
#3070 = ADVANCED_FACE('',(#3071),#3089,.T.);
#3071 = FACE_BOUND('',#3072,.T.);
#3072 = EDGE_LOOP('',(#3073,#3074,#3075,#3083));
#3073 = ORIENTED_EDGE('',*,*,#3059,.F.);
#3074 = ORIENTED_EDGE('',*,*,#2929,.F.);
#3075 = ORIENTED_EDGE('',*,*,#3076,.T.);
#3076 = EDGE_CURVE('',#2922,#3077,#3079,.T.);
#3077 = VERTEX_POINT('',#3078);
#3078 = CARTESIAN_POINT('',(2.750000857143,3.887734347539,7.021217693382
    ));
#3079 = LINE('',#3080,#3081);
#3080 = CARTESIAN_POINT('',(2.850000857143,3.987734347539,7.121217693382
    ));
#3081 = VECTOR('',#3082,1.);
#3082 = DIRECTION('',(-0.57735026919,-0.57735026919,-0.57735026919));
#3083 = ORIENTED_EDGE('',*,*,#3084,.T.);
#3084 = EDGE_CURVE('',#3077,#3008,#3085,.T.);
#3085 = LINE('',#3086,#3087);
#3086 = CARTESIAN_POINT('',(2.750000857143,3.887734347539,7.021217693382
    ));
#3087 = VECTOR('',#3088,1.);
#3088 = DIRECTION('',(1.,-1.224646799147E-16,0.));
#3089 = PLANE('',#3090);
#3090 = AXIS2_PLACEMENT_3D('',#3091,#3092,#3093);
#3091 = CARTESIAN_POINT('',(3.125000857143,3.937734347539,7.071217693382
    ));
#3092 = DIRECTION('',(-8.659560562355E-17,-0.707106781187,0.707106781187
    ));
#3093 = DIRECTION('',(-8.659560562355E-17,-0.707106781187,
    -0.707106781187));
#3094 = ADVANCED_FACE('',(#3095),#3106,.T.);
#3095 = FACE_BOUND('',#3096,.T.);
#3096 = EDGE_LOOP('',(#3097,#3103,#3104,#3105));
#3097 = ORIENTED_EDGE('',*,*,#3098,.F.);
#3098 = EDGE_CURVE('',#1981,#3077,#3099,.T.);
#3099 = LINE('',#3100,#3101);
#3100 = CARTESIAN_POINT('',(2.750000857143,3.887734347539,1.721217693382
    ));
#3101 = VECTOR('',#3102,1.);
#3102 = DIRECTION('',(-1.499759782662E-32,-1.224646799147E-16,1.));
#3103 = ORIENTED_EDGE('',*,*,#1980,.T.);
#3104 = ORIENTED_EDGE('',*,*,#3007,.T.);
#3105 = ORIENTED_EDGE('',*,*,#3084,.F.);
#3106 = PLANE('',#3107);
#3107 = AXIS2_PLACEMENT_3D('',#3108,#3109,#3110);
#3108 = CARTESIAN_POINT('',(2.750000857143,3.887734347539,1.721217693382
    ));
#3109 = DIRECTION('',(-1.224646799147E-16,-1.,-1.224646799147E-16));
#3110 = DIRECTION('',(-1.499759782662E-32,-1.224646799147E-16,1.));
#3111 = ADVANCED_FACE('',(#3112),#3123,.T.);
#3112 = FACE_BOUND('',#3113,.T.);
#3113 = EDGE_LOOP('',(#3114,#3115,#3116,#3117));
#3114 = ORIENTED_EDGE('',*,*,#2392,.F.);
#3115 = ORIENTED_EDGE('',*,*,#1988,.T.);
#3116 = ORIENTED_EDGE('',*,*,#3098,.T.);
#3117 = ORIENTED_EDGE('',*,*,#3118,.F.);
#3118 = EDGE_CURVE('',#2393,#3077,#3119,.T.);
#3119 = LINE('',#3120,#3121);
#3120 = CARTESIAN_POINT('',(2.750000857143,4.887734347539,7.021217693382
    ));
#3121 = VECTOR('',#3122,1.);
#3122 = DIRECTION('',(-1.224646799147E-16,-1.,-1.224646799147E-16));
#3123 = PLANE('',#3124);
#3124 = AXIS2_PLACEMENT_3D('',#3125,#3126,#3127);
#3125 = CARTESIAN_POINT('',(2.750000857143,4.887734347539,1.721217693382
    ));
#3126 = DIRECTION('',(-1.,1.224646799147E-16,0.));
#3127 = DIRECTION('',(1.224646799147E-16,1.,1.224646799147E-16));
#3128 = ADVANCED_FACE('',(#3129),#3135,.T.);
#3129 = FACE_BOUND('',#3130,.T.);
#3130 = EDGE_LOOP('',(#3131,#3132,#3133,#3134));
#3131 = ORIENTED_EDGE('',*,*,#3076,.F.);
#3132 = ORIENTED_EDGE('',*,*,#2921,.F.);
#3133 = ORIENTED_EDGE('',*,*,#2697,.T.);
#3134 = ORIENTED_EDGE('',*,*,#3118,.T.);
#3135 = PLANE('',#3136);
#3136 = AXIS2_PLACEMENT_3D('',#3137,#3138,#3139);
#3137 = CARTESIAN_POINT('',(2.800000857143,4.387734347539,7.071217693382
    ));
#3138 = DIRECTION('',(-0.707106781186,-1.225199593421E-29,0.707106781187
    ));
#3139 = DIRECTION('',(-1.224646799147E-16,-1.,-1.224646799147E-16));
#3140 = ADVANCED_FACE('',(#3141),#3160,.F.);
#3141 = FACE_BOUND('',#3142,.F.);
#3142 = EDGE_LOOP('',(#3143,#3152,#3153,#3154));
#3143 = ORIENTED_EDGE('',*,*,#3144,.F.);
#3144 = EDGE_CURVE('',#3026,#3145,#3147,.T.);
#3145 = VERTEX_POINT('',#3146);
#3146 = CARTESIAN_POINT('',(3.750000857143,5.787734347539,5.591217693382
    ));
#3147 = CIRCLE('',#3148,0.25);
#3148 = AXIS2_PLACEMENT_3D('',#3149,#3150,#3151);
#3149 = CARTESIAN_POINT('',(3.750000857143,5.787734347539,5.341217693382
    ));
#3150 = DIRECTION('',(1.224646799147E-16,1.,1.224646799147E-16));
#3151 = DIRECTION('',(-1.,1.224646799147E-16,0.));
#3152 = ORIENTED_EDGE('',*,*,#3033,.T.);
#3153 = ORIENTED_EDGE('',*,*,#2488,.T.);
#3154 = ORIENTED_EDGE('',*,*,#3155,.F.);
#3155 = EDGE_CURVE('',#3145,#2489,#3156,.T.);
#3156 = LINE('',#3157,#3158);
#3157 = CARTESIAN_POINT('',(3.750000857143,5.787734347539,5.591217693382
    ));
#3158 = VECTOR('',#3159,1.);
#3159 = DIRECTION('',(-1.224646799147E-16,-1.,-1.224646799147E-16));
#3160 = CYLINDRICAL_SURFACE('',#3161,0.25);
#3161 = AXIS2_PLACEMENT_3D('',#3162,#3163,#3164);
#3162 = CARTESIAN_POINT('',(3.750000857143,5.787734347539,5.341217693382
    ));
#3163 = DIRECTION('',(-1.224646799147E-16,-1.,-1.224646799147E-16));
#3164 = DIRECTION('',(1.,-1.224646799147E-16,0.));
#3165 = ADVANCED_FACE('',(#3166,#3191,#3226),#3278,.T.);
#3166 = FACE_BOUND('',#3167,.T.);
#3167 = EDGE_LOOP('',(#3168,#3176,#3177,#3185));
#3168 = ORIENTED_EDGE('',*,*,#3169,.T.);
#3169 = EDGE_CURVE('',#3170,#2866,#3172,.T.);
#3170 = VERTEX_POINT('',#3171);
#3171 = CARTESIAN_POINT('',(-2.199999142857,5.787734347539,
    0.921217693382));
#3172 = LINE('',#3173,#3174);
#3173 = CARTESIAN_POINT('',(-2.199999142857,5.787734347539,
    0.921217693382));
#3174 = VECTOR('',#3175,1.);
#3175 = DIRECTION('',(-1.499759782662E-32,-1.224646799147E-16,1.));
#3176 = ORIENTED_EDGE('',*,*,#2865,.F.);
#3177 = ORIENTED_EDGE('',*,*,#3178,.F.);
#3178 = EDGE_CURVE('',#3179,#2858,#3181,.T.);
#3179 = VERTEX_POINT('',#3180);
#3180 = CARTESIAN_POINT('',(21.700000857143,5.787734347539,
    0.921217693382));
#3181 = LINE('',#3182,#3183);
#3182 = CARTESIAN_POINT('',(21.700000857143,5.787734347539,
    0.921217693382));
#3183 = VECTOR('',#3184,1.);
#3184 = DIRECTION('',(-1.499759782662E-32,-1.224646799147E-16,1.));
#3185 = ORIENTED_EDGE('',*,*,#3186,.T.);
#3186 = EDGE_CURVE('',#3179,#3170,#3187,.T.);
#3187 = LINE('',#3188,#3189);
#3188 = CARTESIAN_POINT('',(21.700000857143,5.787734347539,
    0.921217693382));
#3189 = VECTOR('',#3190,1.);
#3190 = DIRECTION('',(-1.,1.224646799147E-16,0.));
#3191 = FACE_BOUND('',#3192,.T.);
#3192 = EDGE_LOOP('',(#3193,#3203,#3212,#3218,#3219,#3220));
#3193 = ORIENTED_EDGE('',*,*,#3194,.F.);
#3194 = EDGE_CURVE('',#3195,#3197,#3199,.T.);
#3195 = VERTEX_POINT('',#3196);
#3196 = CARTESIAN_POINT('',(7.150000857143,5.787734347539,5.341217693382
    ));
#3197 = VERTEX_POINT('',#3198);
#3198 = CARTESIAN_POINT('',(7.150000857143,5.787734347539,3.971217693382
    ));
#3199 = LINE('',#3200,#3201);
#3200 = CARTESIAN_POINT('',(7.150000857143,5.787734347539,5.341217693382
    ));
#3201 = VECTOR('',#3202,1.);
#3202 = DIRECTION('',(1.499759782662E-32,1.224646799147E-16,-1.));
#3203 = ORIENTED_EDGE('',*,*,#3204,.F.);
#3204 = EDGE_CURVE('',#3205,#3195,#3207,.T.);
#3205 = VERTEX_POINT('',#3206);
#3206 = CARTESIAN_POINT('',(6.900000857143,5.787734347539,5.591217693382
    ));
#3207 = CIRCLE('',#3208,0.25);
#3208 = AXIS2_PLACEMENT_3D('',#3209,#3210,#3211);
#3209 = CARTESIAN_POINT('',(6.900000857143,5.787734347539,5.341217693382
    ));
#3210 = DIRECTION('',(1.224646799147E-16,1.,1.224646799147E-16));
#3211 = DIRECTION('',(-1.499759782662E-32,-1.224646799147E-16,1.));
#3212 = ORIENTED_EDGE('',*,*,#3213,.F.);
#3213 = EDGE_CURVE('',#3145,#3205,#3214,.T.);
#3214 = LINE('',#3215,#3216);
#3215 = CARTESIAN_POINT('',(3.750000857143,5.787734347539,5.591217693382
    ));
#3216 = VECTOR('',#3217,1.);
#3217 = DIRECTION('',(1.,-1.224646799147E-16,0.));
#3218 = ORIENTED_EDGE('',*,*,#3144,.F.);
#3219 = ORIENTED_EDGE('',*,*,#3025,.F.);
#3220 = ORIENTED_EDGE('',*,*,#3221,.F.);
#3221 = EDGE_CURVE('',#3197,#3018,#3222,.T.);
#3222 = LINE('',#3223,#3224);
#3223 = CARTESIAN_POINT('',(7.150000857143,5.787734347539,3.971217693382
    ));
#3224 = VECTOR('',#3225,1.);
#3225 = DIRECTION('',(-1.,1.224646799147E-16,0.));
#3226 = FACE_BOUND('',#3227,.T.);
#3227 = EDGE_LOOP('',(#3228,#3238,#3246,#3255,#3263,#3272));
#3228 = ORIENTED_EDGE('',*,*,#3229,.F.);
#3229 = EDGE_CURVE('',#3230,#3232,#3234,.T.);
#3230 = VERTEX_POINT('',#3231);
#3231 = CARTESIAN_POINT('',(16.000000857143,5.787734347539,
    3.971217693382));
#3232 = VERTEX_POINT('',#3233);
#3233 = CARTESIAN_POINT('',(12.350000857143,5.787734347539,
    3.971217693382));
#3234 = LINE('',#3235,#3236);
#3235 = CARTESIAN_POINT('',(16.000000857143,5.787734347539,
    3.971217693382));
#3236 = VECTOR('',#3237,1.);
#3237 = DIRECTION('',(-1.,1.224646799147E-16,0.));
#3238 = ORIENTED_EDGE('',*,*,#3239,.F.);
#3239 = EDGE_CURVE('',#3240,#3230,#3242,.T.);
#3240 = VERTEX_POINT('',#3241);
#3241 = CARTESIAN_POINT('',(16.000000857143,5.787734347539,
    5.341217693382));
#3242 = LINE('',#3243,#3244);
#3243 = CARTESIAN_POINT('',(16.000000857143,5.787734347539,
    5.341217693382));
#3244 = VECTOR('',#3245,1.);
#3245 = DIRECTION('',(1.499759782662E-32,1.224646799147E-16,-1.));
#3246 = ORIENTED_EDGE('',*,*,#3247,.F.);
#3247 = EDGE_CURVE('',#3248,#3240,#3250,.T.);
#3248 = VERTEX_POINT('',#3249);
#3249 = CARTESIAN_POINT('',(15.750000857143,5.787734347539,
    5.591217693382));
#3250 = CIRCLE('',#3251,0.25);
#3251 = AXIS2_PLACEMENT_3D('',#3252,#3253,#3254);
#3252 = CARTESIAN_POINT('',(15.750000857143,5.787734347539,
    5.341217693382));
#3253 = DIRECTION('',(1.224646799147E-16,1.,1.224646799147E-16));
#3254 = DIRECTION('',(-1.499759782662E-32,-1.224646799147E-16,1.));
#3255 = ORIENTED_EDGE('',*,*,#3256,.F.);
#3256 = EDGE_CURVE('',#3257,#3248,#3259,.T.);
#3257 = VERTEX_POINT('',#3258);
#3258 = CARTESIAN_POINT('',(12.600000857143,5.787734347539,
    5.591217693382));
#3259 = LINE('',#3260,#3261);
#3260 = CARTESIAN_POINT('',(12.600000857143,5.787734347539,
    5.591217693382));
#3261 = VECTOR('',#3262,1.);
#3262 = DIRECTION('',(1.,-1.224646799147E-16,0.));
#3263 = ORIENTED_EDGE('',*,*,#3264,.F.);
#3264 = EDGE_CURVE('',#3265,#3257,#3267,.T.);
#3265 = VERTEX_POINT('',#3266);
#3266 = CARTESIAN_POINT('',(12.350000857143,5.787734347539,
    5.341217693382));
#3267 = CIRCLE('',#3268,0.25);
#3268 = AXIS2_PLACEMENT_3D('',#3269,#3270,#3271);
#3269 = CARTESIAN_POINT('',(12.600000857143,5.787734347539,
    5.341217693382));
#3270 = DIRECTION('',(1.224646799147E-16,1.,1.224646799147E-16));
#3271 = DIRECTION('',(-1.,1.224646799147E-16,0.));
#3272 = ORIENTED_EDGE('',*,*,#3273,.F.);
#3273 = EDGE_CURVE('',#3232,#3265,#3274,.T.);
#3274 = LINE('',#3275,#3276);
#3275 = CARTESIAN_POINT('',(12.350000857143,5.787734347539,
    3.971217693382));
#3276 = VECTOR('',#3277,1.);
#3277 = DIRECTION('',(-1.499759782662E-32,-1.224646799147E-16,1.));
#3278 = PLANE('',#3279);
#3279 = AXIS2_PLACEMENT_3D('',#3280,#3281,#3282);
#3280 = CARTESIAN_POINT('',(21.700000857143,5.787734347539,
    -2.878230661791E-02));
#3281 = DIRECTION('',(1.224646799147E-16,1.,1.224646799147E-16));
#3282 = DIRECTION('',(-1.,1.224646799147E-16,0.));
#3283 = ADVANCED_FACE('',(#3284),#3300,.F.);
#3284 = FACE_BOUND('',#3285,.T.);
#3285 = EDGE_LOOP('',(#3286,#3292,#3293,#3299));
#3286 = ORIENTED_EDGE('',*,*,#3287,.T.);
#3287 = EDGE_CURVE('',#3265,#2554,#3288,.T.);
#3288 = LINE('',#3289,#3290);
#3289 = CARTESIAN_POINT('',(12.350000857143,5.787734347539,
    5.341217693382));
#3290 = VECTOR('',#3291,1.);
#3291 = DIRECTION('',(-1.224646799147E-16,-1.,-1.224646799147E-16));
#3292 = ORIENTED_EDGE('',*,*,#2553,.F.);
#3293 = ORIENTED_EDGE('',*,*,#3294,.F.);
#3294 = EDGE_CURVE('',#3232,#2546,#3295,.T.);
#3295 = LINE('',#3296,#3297);
#3296 = CARTESIAN_POINT('',(12.350000857143,5.787734347539,
    3.971217693382));
#3297 = VECTOR('',#3298,1.);
#3298 = DIRECTION('',(-1.224646799147E-16,-1.,-1.224646799147E-16));
#3299 = ORIENTED_EDGE('',*,*,#3273,.T.);
#3300 = PLANE('',#3301);
#3301 = AXIS2_PLACEMENT_3D('',#3302,#3303,#3304);
#3302 = CARTESIAN_POINT('',(12.350000857143,5.787734347539,
    3.971217693382));
#3303 = DIRECTION('',(-1.,1.224646799147E-16,0.));
#3304 = DIRECTION('',(1.224646799147E-16,1.,1.224646799147E-16));
#3305 = ADVANCED_FACE('',(#3306),#3317,.F.);
#3306 = FACE_BOUND('',#3307,.T.);
#3307 = EDGE_LOOP('',(#3308,#3309,#3310,#3316));
#3308 = ORIENTED_EDGE('',*,*,#3294,.T.);
#3309 = ORIENTED_EDGE('',*,*,#2545,.F.);
#3310 = ORIENTED_EDGE('',*,*,#3311,.F.);
#3311 = EDGE_CURVE('',#3230,#2538,#3312,.T.);
#3312 = LINE('',#3313,#3314);
#3313 = CARTESIAN_POINT('',(16.000000857143,5.787734347539,
    3.971217693382));
#3314 = VECTOR('',#3315,1.);
#3315 = DIRECTION('',(-1.224646799147E-16,-1.,-1.224646799147E-16));
#3316 = ORIENTED_EDGE('',*,*,#3229,.T.);
#3317 = PLANE('',#3318);
#3318 = AXIS2_PLACEMENT_3D('',#3319,#3320,#3321);
#3319 = CARTESIAN_POINT('',(16.000000857143,5.787734347539,
    3.971217693382));
#3320 = DIRECTION('',(1.499759782662E-32,1.224646799147E-16,-1.));
#3321 = DIRECTION('',(-1.,1.224646799147E-16,0.));
#3322 = ADVANCED_FACE('',(#3323),#3358,.T.);
#3323 = FACE_BOUND('',#3324,.T.);
#3324 = EDGE_LOOP('',(#3325,#3331,#3332,#3333,#3334,#3335,#3343,#3349,
    #3350,#3351,#3357));
#3325 = ORIENTED_EDGE('',*,*,#3326,.F.);
#3326 = EDGE_CURVE('',#3240,#2579,#3327,.T.);
#3327 = LINE('',#3328,#3329);
#3328 = CARTESIAN_POINT('',(16.000000857143,5.787734347539,
    5.341217693382));
#3329 = VECTOR('',#3330,1.);
#3330 = DIRECTION('',(-1.224646799147E-16,-1.,-1.224646799147E-16));
#3331 = ORIENTED_EDGE('',*,*,#3239,.T.);
#3332 = ORIENTED_EDGE('',*,*,#3311,.T.);
#3333 = ORIENTED_EDGE('',*,*,#2537,.F.);
#3334 = ORIENTED_EDGE('',*,*,#1956,.T.);
#3335 = ORIENTED_EDGE('',*,*,#3336,.T.);
#3336 = EDGE_CURVE('',#1949,#3337,#3339,.T.);
#3337 = VERTEX_POINT('',#3338);
#3338 = CARTESIAN_POINT('',(16.000000857143,3.887734347539,
    7.021217693382));
#3339 = LINE('',#3340,#3341);
#3340 = CARTESIAN_POINT('',(16.000000857143,3.887734347539,
    1.721217693382));
#3341 = VECTOR('',#3342,1.);
#3342 = DIRECTION('',(-1.499759782662E-32,-1.224646799147E-16,1.));
#3343 = ORIENTED_EDGE('',*,*,#3344,.F.);
#3344 = EDGE_CURVE('',#2439,#3337,#3345,.T.);
#3345 = LINE('',#3346,#3347);
#3346 = CARTESIAN_POINT('',(16.000000857143,4.887734347539,
    7.021217693382));
#3347 = VECTOR('',#3348,1.);
#3348 = DIRECTION('',(-1.224646799147E-16,-1.,-1.224646799147E-16));
#3349 = ORIENTED_EDGE('',*,*,#2456,.F.);
#3350 = ORIENTED_EDGE('',*,*,#2786,.T.);
#3351 = ORIENTED_EDGE('',*,*,#3352,.F.);
#3352 = EDGE_CURVE('',#2588,#2779,#3353,.T.);
#3353 = LINE('',#3354,#3355);
#3354 = CARTESIAN_POINT('',(16.000000857143,4.887734347539,
    6.121217693382));
#3355 = VECTOR('',#3356,1.);
#3356 = DIRECTION('',(5.901802543576E-17,0.481918749772,0.876215908677)
  );
#3357 = ORIENTED_EDGE('',*,*,#2587,.F.);
#3358 = PLANE('',#3359);
#3359 = AXIS2_PLACEMENT_3D('',#3360,#3361,#3362);
#3360 = CARTESIAN_POINT('',(16.000000857143,4.887734347539,
    1.721217693382));
#3361 = DIRECTION('',(-1.,1.224646799147E-16,0.));
#3362 = DIRECTION('',(1.224646799147E-16,1.,1.224646799147E-16));
#3363 = ADVANCED_FACE('',(#3364),#3375,.F.);
#3364 = FACE_BOUND('',#3365,.T.);
#3365 = EDGE_LOOP('',(#3366,#3372,#3373,#3374));
#3366 = ORIENTED_EDGE('',*,*,#3367,.F.);
#3367 = EDGE_CURVE('',#2596,#2771,#3368,.T.);
#3368 = LINE('',#3369,#3370);
#3369 = CARTESIAN_POINT('',(12.350000857143,4.887734347539,
    6.121217693382));
#3370 = VECTOR('',#3371,1.);
#3371 = DIRECTION('',(5.901802543576E-17,0.481918749772,0.876215908677)
  );
#3372 = ORIENTED_EDGE('',*,*,#2595,.F.);
#3373 = ORIENTED_EDGE('',*,*,#3352,.T.);
#3374 = ORIENTED_EDGE('',*,*,#2778,.F.);
#3375 = PLANE('',#3376);
#3376 = AXIS2_PLACEMENT_3D('',#3377,#3378,#3379);
#3377 = CARTESIAN_POINT('',(12.350000857143,4.887734347539,
    6.121217693382));
#3378 = DIRECTION('',(1.073055007923E-16,0.876215908677,-0.481918749772)
  );
#3379 = DIRECTION('',(-1.,1.224646799147E-16,0.));
#3380 = ADVANCED_FACE('',(#3381),#3386,.T.);
#3381 = FACE_BOUND('',#3382,.T.);
#3382 = EDGE_LOOP('',(#3383,#3384,#3385));
#3383 = ORIENTED_EDGE('',*,*,#2603,.T.);
#3384 = ORIENTED_EDGE('',*,*,#3367,.T.);
#3385 = ORIENTED_EDGE('',*,*,#2770,.F.);
#3386 = PLANE('',#3387);
#3387 = AXIS2_PLACEMENT_3D('',#3388,#3389,#3390);
#3388 = CARTESIAN_POINT('',(12.350000857143,2.512734347539,
    4.741217693382));
#3389 = DIRECTION('',(1.,-1.224646799147E-16,0.));
#3390 = DIRECTION('',(1.499759782662E-32,1.224646799147E-16,-1.));
#3391 = ADVANCED_FACE('',(#3392),#3403,.T.);
#3392 = FACE_BOUND('',#3393,.T.);
#3393 = EDGE_LOOP('',(#3394,#3400,#3401,#3402));
#3394 = ORIENTED_EDGE('',*,*,#3395,.F.);
#3395 = EDGE_CURVE('',#2794,#3337,#3396,.T.);
#3396 = LINE('',#3397,#3398);
#3397 = CARTESIAN_POINT('',(16.100000857143,3.987734347539,
    7.121217693382));
#3398 = VECTOR('',#3399,1.);
#3399 = DIRECTION('',(-0.57735026919,-0.57735026919,-0.57735026919));
#3400 = ORIENTED_EDGE('',*,*,#2793,.F.);
#3401 = ORIENTED_EDGE('',*,*,#2438,.F.);
#3402 = ORIENTED_EDGE('',*,*,#3344,.T.);
#3403 = PLANE('',#3404);
#3404 = AXIS2_PLACEMENT_3D('',#3405,#3406,#3407);
#3405 = CARTESIAN_POINT('',(16.050000857143,4.387734347539,
    7.071217693382));
#3406 = DIRECTION('',(-0.707106781187,0.,0.707106781187));
#3407 = DIRECTION('',(-1.224646799147E-16,-1.,-1.224646799147E-16));
#3408 = ADVANCED_FACE('',(#3409),#3427,.T.);
#3409 = FACE_BOUND('',#3410,.T.);
#3410 = EDGE_LOOP('',(#3411,#3419,#3420,#3421));
#3411 = ORIENTED_EDGE('',*,*,#3412,.F.);
#3412 = EDGE_CURVE('',#2802,#3413,#3415,.T.);
#3413 = VERTEX_POINT('',#3414);
#3414 = CARTESIAN_POINT('',(16.750000857143,3.887734347539,
    7.021217693382));
#3415 = LINE('',#3416,#3417);
#3416 = CARTESIAN_POINT('',(16.650000857143,3.987734347539,
    7.121217693382));
#3417 = VECTOR('',#3418,1.);
#3418 = DIRECTION('',(0.57735026919,-0.57735026919,-0.57735026919));
#3419 = ORIENTED_EDGE('',*,*,#2801,.F.);
#3420 = ORIENTED_EDGE('',*,*,#3395,.T.);
#3421 = ORIENTED_EDGE('',*,*,#3422,.T.);
#3422 = EDGE_CURVE('',#3337,#3413,#3423,.T.);
#3423 = LINE('',#3424,#3425);
#3424 = CARTESIAN_POINT('',(16.000000857143,3.887734347539,
    7.021217693382));
#3425 = VECTOR('',#3426,1.);
#3426 = DIRECTION('',(1.,-1.224646799147E-16,0.));
#3427 = PLANE('',#3428);
#3428 = AXIS2_PLACEMENT_3D('',#3429,#3430,#3431);
#3429 = CARTESIAN_POINT('',(16.375000857143,3.937734347539,
    7.071217693382));
#3430 = DIRECTION('',(-8.659560562355E-17,-0.707106781187,0.707106781187
    ));
#3431 = DIRECTION('',(-8.659560562355E-17,-0.707106781187,
    -0.707106781187));
#3432 = ADVANCED_FACE('',(#3433),#3444,.T.);
#3433 = FACE_BOUND('',#3434,.T.);
#3434 = EDGE_LOOP('',(#3435,#3436,#3437,#3443));
#3435 = ORIENTED_EDGE('',*,*,#3336,.F.);
#3436 = ORIENTED_EDGE('',*,*,#1948,.T.);
#3437 = ORIENTED_EDGE('',*,*,#3438,.T.);
#3438 = EDGE_CURVE('',#1941,#3413,#3439,.T.);
#3439 = LINE('',#3440,#3441);
#3440 = CARTESIAN_POINT('',(16.750000857143,3.887734347539,
    1.721217693382));
#3441 = VECTOR('',#3442,1.);
#3442 = DIRECTION('',(-1.499759782662E-32,-1.224646799147E-16,1.));
#3443 = ORIENTED_EDGE('',*,*,#3422,.F.);
#3444 = PLANE('',#3445);
#3445 = AXIS2_PLACEMENT_3D('',#3446,#3447,#3448);
#3446 = CARTESIAN_POINT('',(16.000000857143,3.887734347539,
    1.721217693382));
#3447 = DIRECTION('',(-1.224646799147E-16,-1.,-1.224646799147E-16));
#3448 = DIRECTION('',(-1.499759782662E-32,-1.224646799147E-16,1.));
#3449 = ADVANCED_FACE('',(#3450),#3461,.T.);
#3450 = FACE_BOUND('',#3451,.T.);
#3451 = EDGE_LOOP('',(#3452,#3453,#3454,#3455));
#3452 = ORIENTED_EDGE('',*,*,#3438,.F.);
#3453 = ORIENTED_EDGE('',*,*,#1940,.F.);
#3454 = ORIENTED_EDGE('',*,*,#2414,.T.);
#3455 = ORIENTED_EDGE('',*,*,#3456,.F.);
#3456 = EDGE_CURVE('',#3413,#2415,#3457,.T.);
#3457 = LINE('',#3458,#3459);
#3458 = CARTESIAN_POINT('',(16.750000857143,3.887734347539,
    7.021217693382));
#3459 = VECTOR('',#3460,1.);
#3460 = DIRECTION('',(1.224646799147E-16,1.,1.224646799147E-16));
#3461 = PLANE('',#3462);
#3462 = AXIS2_PLACEMENT_3D('',#3463,#3464,#3465);
#3463 = CARTESIAN_POINT('',(16.750000857143,3.887734347539,
    1.721217693382));
#3464 = DIRECTION('',(1.,-1.224646799147E-16,0.));
#3465 = DIRECTION('',(1.499759782662E-32,1.224646799147E-16,-1.));
#3466 = ADVANCED_FACE('',(#3467),#3478,.T.);
#3467 = FACE_BOUND('',#3468,.T.);
#3468 = EDGE_LOOP('',(#3469,#3475,#3476,#3477));
#3469 = ORIENTED_EDGE('',*,*,#3470,.F.);
#3470 = EDGE_CURVE('',#2810,#2415,#3471,.T.);
#3471 = LINE('',#3472,#3473);
#3472 = CARTESIAN_POINT('',(16.650000857143,4.987734347539,
    7.121217693382));
#3473 = VECTOR('',#3474,1.);
#3474 = DIRECTION('',(0.57735026919,-0.57735026919,-0.57735026919));
#3475 = ORIENTED_EDGE('',*,*,#2809,.F.);
#3476 = ORIENTED_EDGE('',*,*,#3412,.T.);
#3477 = ORIENTED_EDGE('',*,*,#3456,.T.);
#3478 = PLANE('',#3479);
#3479 = AXIS2_PLACEMENT_3D('',#3480,#3481,#3482);
#3480 = CARTESIAN_POINT('',(16.700000857143,4.387734347539,
    7.071217693382));
#3481 = DIRECTION('',(0.707106781186,-1.731912112471E-16,0.707106781187)
  );
#3482 = DIRECTION('',(0.707106781187,-1.225199593421E-29,-0.707106781186
    ));
#3483 = ADVANCED_FACE('',(#3484),#3490,.T.);
#3484 = FACE_BOUND('',#3485,.T.);
#3485 = EDGE_LOOP('',(#3486,#3487,#3488,#3489));
#3486 = ORIENTED_EDGE('',*,*,#2361,.F.);
#3487 = ORIENTED_EDGE('',*,*,#2817,.F.);
#3488 = ORIENTED_EDGE('',*,*,#3470,.T.);
#3489 = ORIENTED_EDGE('',*,*,#2424,.T.);
#3490 = PLANE('',#3491);
#3491 = AXIS2_PLACEMENT_3D('',#3492,#3493,#3494);
#3492 = CARTESIAN_POINT('',(17.500000857143,4.937734347539,
    7.071217693382));
#3493 = DIRECTION('',(-8.659560562355E-17,-0.707106781187,0.707106781187
    ));
#3494 = DIRECTION('',(-8.659560562355E-17,-0.707106781187,
    -0.707106781187));
#3495 = ADVANCED_FACE('',(#3496),#3507,.F.);
#3496 = FACE_BOUND('',#3497,.F.);
#3497 = EDGE_LOOP('',(#3498,#3499,#3505,#3506));
#3498 = ORIENTED_EDGE('',*,*,#3247,.F.);
#3499 = ORIENTED_EDGE('',*,*,#3500,.T.);
#3500 = EDGE_CURVE('',#3248,#2571,#3501,.T.);
#3501 = LINE('',#3502,#3503);
#3502 = CARTESIAN_POINT('',(15.750000857143,5.787734347539,
    5.591217693382));
#3503 = VECTOR('',#3504,1.);
#3504 = DIRECTION('',(-1.224646799147E-16,-1.,-1.224646799147E-16));
#3505 = ORIENTED_EDGE('',*,*,#2578,.T.);
#3506 = ORIENTED_EDGE('',*,*,#3326,.F.);
#3507 = CYLINDRICAL_SURFACE('',#3508,0.25);
#3508 = AXIS2_PLACEMENT_3D('',#3509,#3510,#3511);
#3509 = CARTESIAN_POINT('',(15.750000857143,5.787734347539,
    5.341217693382));
#3510 = DIRECTION('',(-1.224646799147E-16,-1.,-1.224646799147E-16));
#3511 = DIRECTION('',(1.,-1.224646799147E-16,0.));
#3512 = ADVANCED_FACE('',(#3513),#3524,.F.);
#3513 = FACE_BOUND('',#3514,.T.);
#3514 = EDGE_LOOP('',(#3515,#3516,#3517,#3523));
#3515 = ORIENTED_EDGE('',*,*,#3500,.T.);
#3516 = ORIENTED_EDGE('',*,*,#2570,.F.);
#3517 = ORIENTED_EDGE('',*,*,#3518,.F.);
#3518 = EDGE_CURVE('',#3257,#2562,#3519,.T.);
#3519 = LINE('',#3520,#3521);
#3520 = CARTESIAN_POINT('',(12.600000857143,5.787734347539,
    5.591217693382));
#3521 = VECTOR('',#3522,1.);
#3522 = DIRECTION('',(-1.224646799147E-16,-1.,-1.224646799147E-16));
#3523 = ORIENTED_EDGE('',*,*,#3256,.T.);
#3524 = PLANE('',#3525);
#3525 = AXIS2_PLACEMENT_3D('',#3526,#3527,#3528);
#3526 = CARTESIAN_POINT('',(12.600000857143,5.787734347539,
    5.591217693382));
#3527 = DIRECTION('',(-1.499759782662E-32,-1.224646799147E-16,1.));
#3528 = DIRECTION('',(-1.224646799147E-16,-1.,-1.224646799147E-16));
#3529 = ADVANCED_FACE('',(#3530),#3536,.F.);
#3530 = FACE_BOUND('',#3531,.F.);
#3531 = EDGE_LOOP('',(#3532,#3533,#3534,#3535));
#3532 = ORIENTED_EDGE('',*,*,#3264,.F.);
#3533 = ORIENTED_EDGE('',*,*,#3287,.T.);
#3534 = ORIENTED_EDGE('',*,*,#2561,.T.);
#3535 = ORIENTED_EDGE('',*,*,#3518,.F.);
#3536 = CYLINDRICAL_SURFACE('',#3537,0.25);
#3537 = AXIS2_PLACEMENT_3D('',#3538,#3539,#3540);
#3538 = CARTESIAN_POINT('',(12.600000857143,5.787734347539,
    5.341217693382));
#3539 = DIRECTION('',(-1.224646799147E-16,-1.,-1.224646799147E-16));
#3540 = DIRECTION('',(1.,-1.224646799147E-16,0.));
#3541 = ADVANCED_FACE('',(#3542),#3553,.F.);
#3542 = FACE_BOUND('',#3543,.T.);
#3543 = EDGE_LOOP('',(#3544,#3545,#3546,#3552));
#3544 = ORIENTED_EDGE('',*,*,#3017,.T.);
#3545 = ORIENTED_EDGE('',*,*,#2522,.F.);
#3546 = ORIENTED_EDGE('',*,*,#3547,.F.);
#3547 = EDGE_CURVE('',#3197,#2515,#3548,.T.);
#3548 = LINE('',#3549,#3550);
#3549 = CARTESIAN_POINT('',(7.150000857143,5.787734347539,3.971217693382
    ));
#3550 = VECTOR('',#3551,1.);
#3551 = DIRECTION('',(-1.224646799147E-16,-1.,-1.224646799147E-16));
#3552 = ORIENTED_EDGE('',*,*,#3221,.T.);
#3553 = PLANE('',#3554);
#3554 = AXIS2_PLACEMENT_3D('',#3555,#3556,#3557);
#3555 = CARTESIAN_POINT('',(7.150000857143,5.787734347539,3.971217693382
    ));
#3556 = DIRECTION('',(1.499759782662E-32,1.224646799147E-16,-1.));
#3557 = DIRECTION('',(-1.,1.224646799147E-16,0.));
#3558 = ADVANCED_FACE('',(#3559),#3570,.F.);
#3559 = FACE_BOUND('',#3560,.T.);
#3560 = EDGE_LOOP('',(#3561,#3562,#3563,#3569));
#3561 = ORIENTED_EDGE('',*,*,#3547,.T.);
#3562 = ORIENTED_EDGE('',*,*,#2514,.F.);
#3563 = ORIENTED_EDGE('',*,*,#3564,.F.);
#3564 = EDGE_CURVE('',#3195,#2506,#3565,.T.);
#3565 = LINE('',#3566,#3567);
#3566 = CARTESIAN_POINT('',(7.150000857143,5.787734347539,5.341217693382
    ));
#3567 = VECTOR('',#3568,1.);
#3568 = DIRECTION('',(-1.224646799147E-16,-1.,-1.224646799147E-16));
#3569 = ORIENTED_EDGE('',*,*,#3194,.T.);
#3570 = PLANE('',#3571);
#3571 = AXIS2_PLACEMENT_3D('',#3572,#3573,#3574);
#3572 = CARTESIAN_POINT('',(7.150000857143,5.787734347539,5.341217693382
    ));
#3573 = DIRECTION('',(1.,-1.224646799147E-16,0.));
#3574 = DIRECTION('',(1.499759782662E-32,1.224646799147E-16,-1.));
#3575 = ADVANCED_FACE('',(#3576),#3587,.F.);
#3576 = FACE_BOUND('',#3577,.F.);
#3577 = EDGE_LOOP('',(#3578,#3579,#3585,#3586));
#3578 = ORIENTED_EDGE('',*,*,#3204,.F.);
#3579 = ORIENTED_EDGE('',*,*,#3580,.T.);
#3580 = EDGE_CURVE('',#3205,#2498,#3581,.T.);
#3581 = LINE('',#3582,#3583);
#3582 = CARTESIAN_POINT('',(6.900000857143,5.787734347539,5.591217693382
    ));
#3583 = VECTOR('',#3584,1.);
#3584 = DIRECTION('',(-1.224646799147E-16,-1.,-1.224646799147E-16));
#3585 = ORIENTED_EDGE('',*,*,#2505,.T.);
#3586 = ORIENTED_EDGE('',*,*,#3564,.F.);
#3587 = CYLINDRICAL_SURFACE('',#3588,0.25);
#3588 = AXIS2_PLACEMENT_3D('',#3589,#3590,#3591);
#3589 = CARTESIAN_POINT('',(6.900000857143,5.787734347539,5.341217693382
    ));
#3590 = DIRECTION('',(-1.224646799147E-16,-1.,-1.224646799147E-16));
#3591 = DIRECTION('',(1.,-1.224646799147E-16,0.));
#3592 = ADVANCED_FACE('',(#3593),#3599,.F.);
#3593 = FACE_BOUND('',#3594,.T.);
#3594 = EDGE_LOOP('',(#3595,#3596,#3597,#3598));
#3595 = ORIENTED_EDGE('',*,*,#3580,.T.);
#3596 = ORIENTED_EDGE('',*,*,#2497,.F.);
#3597 = ORIENTED_EDGE('',*,*,#3155,.F.);
#3598 = ORIENTED_EDGE('',*,*,#3213,.T.);
#3599 = PLANE('',#3600);
#3600 = AXIS2_PLACEMENT_3D('',#3601,#3602,#3603);
#3601 = CARTESIAN_POINT('',(3.750000857143,5.787734347539,5.591217693382
    ));
#3602 = DIRECTION('',(-1.499759782662E-32,-1.224646799147E-16,1.));
#3603 = DIRECTION('',(-1.224646799147E-16,-1.,-1.224646799147E-16));
#3604 = ADVANCED_FACE('',(#3605),#3696,.F.);
#3605 = FACE_BOUND('',#3606,.T.);
#3606 = EDGE_LOOP('',(#3607,#3615,#3616,#3624,#3632,#3641,#3649,#3657,
    #3665,#3673,#3681,#3690));
#3607 = ORIENTED_EDGE('',*,*,#3608,.F.);
#3608 = EDGE_CURVE('',#3170,#3609,#3611,.T.);
#3609 = VERTEX_POINT('',#3610);
#3610 = CARTESIAN_POINT('',(-2.199999142857,4.887734347539,
    0.921217693382));
#3611 = LINE('',#3612,#3613);
#3612 = CARTESIAN_POINT('',(-2.199999142857,5.787734347539,
    0.921217693382));
#3613 = VECTOR('',#3614,1.);
#3614 = DIRECTION('',(-1.224646799147E-16,-1.,-1.224646799147E-16));
#3615 = ORIENTED_EDGE('',*,*,#3186,.F.);
#3616 = ORIENTED_EDGE('',*,*,#3617,.T.);
#3617 = EDGE_CURVE('',#3179,#3618,#3620,.T.);
#3618 = VERTEX_POINT('',#3619);
#3619 = CARTESIAN_POINT('',(21.700000857143,4.887734347539,
    0.921217693382));
#3620 = LINE('',#3621,#3622);
#3621 = CARTESIAN_POINT('',(21.700000857143,5.787734347539,
    0.921217693382));
#3622 = VECTOR('',#3623,1.);
#3623 = DIRECTION('',(-1.224646799147E-16,-1.,-1.224646799147E-16));
#3624 = ORIENTED_EDGE('',*,*,#3625,.T.);
#3625 = EDGE_CURVE('',#3618,#3626,#3628,.T.);
#3626 = VERTEX_POINT('',#3627);
#3627 = CARTESIAN_POINT('',(20.400000857143,4.887734347539,
    0.921217693382));
#3628 = LINE('',#3629,#3630);
#3629 = CARTESIAN_POINT('',(21.700000857143,4.887734347539,
    0.921217693382));
#3630 = VECTOR('',#3631,1.);
#3631 = DIRECTION('',(-1.,1.224646799147E-16,0.));
#3632 = ORIENTED_EDGE('',*,*,#3633,.T.);
#3633 = EDGE_CURVE('',#3626,#3634,#3636,.T.);
#3634 = VERTEX_POINT('',#3635);
#3635 = CARTESIAN_POINT('',(20.200000857143,4.687734347539,
    0.921217693382));
#3636 = CIRCLE('',#3637,0.2);
#3637 = AXIS2_PLACEMENT_3D('',#3638,#3639,#3640);
#3638 = CARTESIAN_POINT('',(20.200000857143,4.887734347539,
    0.921217693382));
#3639 = DIRECTION('',(1.499759782662E-32,1.224646799147E-16,-1.));
#3640 = DIRECTION('',(1.,-1.224646799147E-16,0.));
#3641 = ORIENTED_EDGE('',*,*,#3642,.T.);
#3642 = EDGE_CURVE('',#3634,#3643,#3645,.T.);
#3643 = VERTEX_POINT('',#3644);
#3644 = CARTESIAN_POINT('',(10.250000857143,4.687734347539,
    0.921217693382));
#3645 = LINE('',#3646,#3647);
#3646 = CARTESIAN_POINT('',(20.200000857143,4.687734347539,
    0.921217693382));
#3647 = VECTOR('',#3648,1.);
#3648 = DIRECTION('',(-1.,1.224646799147E-16,0.));
#3649 = ORIENTED_EDGE('',*,*,#3650,.T.);
#3650 = EDGE_CURVE('',#3643,#3651,#3653,.T.);
#3651 = VERTEX_POINT('',#3652);
#3652 = CARTESIAN_POINT('',(10.250000857143,4.887734347539,
    0.921217693382));
#3653 = LINE('',#3654,#3655);
#3654 = CARTESIAN_POINT('',(10.250000857143,4.687734347539,
    0.921217693382));
#3655 = VECTOR('',#3656,1.);
#3656 = DIRECTION('',(1.224646799147E-16,1.,1.224646799147E-16));
#3657 = ORIENTED_EDGE('',*,*,#3658,.T.);
#3658 = EDGE_CURVE('',#3651,#3659,#3661,.T.);
#3659 = VERTEX_POINT('',#3660);
#3660 = CARTESIAN_POINT('',(9.250000857143,4.887734347539,0.921217693382
    ));
#3661 = LINE('',#3662,#3663);
#3662 = CARTESIAN_POINT('',(10.250000857143,4.887734347539,
    0.921217693382));
#3663 = VECTOR('',#3664,1.);
#3664 = DIRECTION('',(-1.,1.224646799147E-16,0.));
#3665 = ORIENTED_EDGE('',*,*,#3666,.T.);
#3666 = EDGE_CURVE('',#3659,#3667,#3669,.T.);
#3667 = VERTEX_POINT('',#3668);
#3668 = CARTESIAN_POINT('',(9.250000857143,4.687734347539,0.921217693382
    ));
#3669 = LINE('',#3670,#3671);
#3670 = CARTESIAN_POINT('',(9.250000857143,4.887734347539,0.921217693382
    ));
#3671 = VECTOR('',#3672,1.);
#3672 = DIRECTION('',(-1.224646799147E-16,-1.,-1.224646799147E-16));
#3673 = ORIENTED_EDGE('',*,*,#3674,.T.);
#3674 = EDGE_CURVE('',#3667,#3675,#3677,.T.);
#3675 = VERTEX_POINT('',#3676);
#3676 = CARTESIAN_POINT('',(-0.699999142857,4.687734347539,
    0.921217693382));
#3677 = LINE('',#3678,#3679);
#3678 = CARTESIAN_POINT('',(9.250000857143,4.687734347539,0.921217693382
    ));
#3679 = VECTOR('',#3680,1.);
#3680 = DIRECTION('',(-1.,1.224646799147E-16,0.));
#3681 = ORIENTED_EDGE('',*,*,#3682,.T.);
#3682 = EDGE_CURVE('',#3675,#3683,#3685,.T.);
#3683 = VERTEX_POINT('',#3684);
#3684 = CARTESIAN_POINT('',(-0.899999142857,4.887734347539,
    0.921217693382));
#3685 = CIRCLE('',#3686,0.2);
#3686 = AXIS2_PLACEMENT_3D('',#3687,#3688,#3689);
#3687 = CARTESIAN_POINT('',(-0.699999142857,4.887734347539,
    0.921217693382));
#3688 = DIRECTION('',(1.499759782662E-32,1.224646799147E-16,-1.));
#3689 = DIRECTION('',(-1.224646799147E-16,-1.,-1.224646799147E-16));
#3690 = ORIENTED_EDGE('',*,*,#3691,.T.);
#3691 = EDGE_CURVE('',#3683,#3609,#3692,.T.);
#3692 = LINE('',#3693,#3694);
#3693 = CARTESIAN_POINT('',(-0.899999142857,4.887734347539,
    0.921217693382));
#3694 = VECTOR('',#3695,1.);
#3695 = DIRECTION('',(-1.,1.224646799147E-16,0.));
#3696 = PLANE('',#3697);
#3697 = AXIS2_PLACEMENT_3D('',#3698,#3699,#3700);
#3698 = CARTESIAN_POINT('',(21.700000857143,5.787734347539,
    0.921217693382));
#3699 = DIRECTION('',(-1.499759782662E-32,-1.224646799147E-16,1.));
#3700 = DIRECTION('',(-1.224646799147E-16,-1.,-1.224646799147E-16));
#3701 = ADVANCED_FACE('',(#3702),#3718,.F.);
#3702 = FACE_BOUND('',#3703,.T.);
#3703 = EDGE_LOOP('',(#3704,#3705,#3711,#3712));
#3704 = ORIENTED_EDGE('',*,*,#355,.F.);
#3705 = ORIENTED_EDGE('',*,*,#3706,.F.);
#3706 = EDGE_CURVE('',#3659,#348,#3707,.T.);
#3707 = LINE('',#3708,#3709);
#3708 = CARTESIAN_POINT('',(9.250000857143,4.887734347539,0.921217693382
    ));
#3709 = VECTOR('',#3710,1.);
#3710 = DIRECTION('',(1.499759782662E-32,1.224646799147E-16,-1.));
#3711 = ORIENTED_EDGE('',*,*,#3658,.F.);
#3712 = ORIENTED_EDGE('',*,*,#3713,.T.);
#3713 = EDGE_CURVE('',#3651,#356,#3714,.T.);
#3714 = LINE('',#3715,#3716);
#3715 = CARTESIAN_POINT('',(10.250000857143,4.887734347539,
    0.921217693382));
#3716 = VECTOR('',#3717,1.);
#3717 = DIRECTION('',(1.499759782662E-32,1.224646799147E-16,-1.));
#3718 = PLANE('',#3719);
#3719 = AXIS2_PLACEMENT_3D('',#3720,#3721,#3722);
#3720 = CARTESIAN_POINT('',(21.700000857143,4.887734347539,
    0.921217693382));
#3721 = DIRECTION('',(-1.224646799147E-16,-1.,-1.224646799147E-16));
#3722 = DIRECTION('',(-1.499759782662E-32,-1.224646799147E-16,1.));
#3723 = ADVANCED_FACE('',(#3724),#3740,.F.);
#3724 = FACE_BOUND('',#3725,.T.);
#3725 = EDGE_LOOP('',(#3726,#3727,#3733,#3734));
#3726 = ORIENTED_EDGE('',*,*,#3625,.F.);
#3727 = ORIENTED_EDGE('',*,*,#3728,.F.);
#3728 = EDGE_CURVE('',#389,#3618,#3729,.T.);
#3729 = LINE('',#3730,#3731);
#3730 = CARTESIAN_POINT('',(21.700000857143,4.887734347539,
    -2.878230661791E-02));
#3731 = VECTOR('',#3732,1.);
#3732 = DIRECTION('',(-1.499759782662E-32,-1.224646799147E-16,1.));
#3733 = ORIENTED_EDGE('',*,*,#388,.F.);
#3734 = ORIENTED_EDGE('',*,*,#3735,.F.);
#3735 = EDGE_CURVE('',#3626,#380,#3736,.T.);
#3736 = LINE('',#3737,#3738);
#3737 = CARTESIAN_POINT('',(20.400000857143,4.887734347539,
    0.921217693382));
#3738 = VECTOR('',#3739,1.);
#3739 = DIRECTION('',(1.499759782662E-32,1.224646799147E-16,-1.));
#3740 = PLANE('',#3741);
#3741 = AXIS2_PLACEMENT_3D('',#3742,#3743,#3744);
#3742 = CARTESIAN_POINT('',(21.700000857143,4.887734347539,
    0.921217693382));
#3743 = DIRECTION('',(-1.224646799147E-16,-1.,-1.224646799147E-16));
#3744 = DIRECTION('',(-1.499759782662E-32,-1.224646799147E-16,1.));
#3745 = ADVANCED_FACE('',(#3746),#3762,.F.);
#3746 = FACE_BOUND('',#3747,.T.);
#3747 = EDGE_LOOP('',(#3748,#3749,#3755,#3756));
#3748 = ORIENTED_EDGE('',*,*,#322,.F.);
#3749 = ORIENTED_EDGE('',*,*,#3750,.T.);
#3750 = EDGE_CURVE('',#315,#3609,#3751,.T.);
#3751 = LINE('',#3752,#3753);
#3752 = CARTESIAN_POINT('',(-2.199999142857,4.887734347539,
    -2.878230661791E-02));
#3753 = VECTOR('',#3754,1.);
#3754 = DIRECTION('',(-1.499759782662E-32,-1.224646799147E-16,1.));
#3755 = ORIENTED_EDGE('',*,*,#3691,.F.);
#3756 = ORIENTED_EDGE('',*,*,#3757,.T.);
#3757 = EDGE_CURVE('',#3683,#323,#3758,.T.);
#3758 = LINE('',#3759,#3760);
#3759 = CARTESIAN_POINT('',(-0.899999142857,4.887734347539,
    0.921217693382));
#3760 = VECTOR('',#3761,1.);
#3761 = DIRECTION('',(1.499759782662E-32,1.224646799147E-16,-1.));
#3762 = PLANE('',#3763);
#3763 = AXIS2_PLACEMENT_3D('',#3764,#3765,#3766);
#3764 = CARTESIAN_POINT('',(21.700000857143,4.887734347539,
    0.921217693382));
#3765 = DIRECTION('',(-1.224646799147E-16,-1.,-1.224646799147E-16));
#3766 = DIRECTION('',(-1.499759782662E-32,-1.224646799147E-16,1.));
#3767 = ADVANCED_FACE('',(#3768),#3779,.F.);
#3768 = FACE_BOUND('',#3769,.T.);
#3769 = EDGE_LOOP('',(#3770,#3771,#3772,#3778));
#3770 = ORIENTED_EDGE('',*,*,#3713,.F.);
#3771 = ORIENTED_EDGE('',*,*,#3650,.F.);
#3772 = ORIENTED_EDGE('',*,*,#3773,.F.);
#3773 = EDGE_CURVE('',#364,#3643,#3774,.T.);
#3774 = LINE('',#3775,#3776);
#3775 = CARTESIAN_POINT('',(10.250000857143,4.687734347539,
    -2.878230661791E-02));
#3776 = VECTOR('',#3777,1.);
#3777 = DIRECTION('',(-1.499759782662E-32,-1.224646799147E-16,1.));
#3778 = ORIENTED_EDGE('',*,*,#363,.F.);
#3779 = PLANE('',#3780);
#3780 = AXIS2_PLACEMENT_3D('',#3781,#3782,#3783);
#3781 = CARTESIAN_POINT('',(10.250000857143,4.687734347539,
    -2.878230661791E-02));
#3782 = DIRECTION('',(-1.,1.224646799147E-16,0.));
#3783 = DIRECTION('',(1.224646799147E-16,1.,1.224646799147E-16));
#3784 = ADVANCED_FACE('',(#3785),#3796,.F.);
#3785 = FACE_BOUND('',#3786,.T.);
#3786 = EDGE_LOOP('',(#3787,#3788,#3789,#3795));
#3787 = ORIENTED_EDGE('',*,*,#3773,.T.);
#3788 = ORIENTED_EDGE('',*,*,#3642,.F.);
#3789 = ORIENTED_EDGE('',*,*,#3790,.F.);
#3790 = EDGE_CURVE('',#372,#3634,#3791,.T.);
#3791 = LINE('',#3792,#3793);
#3792 = CARTESIAN_POINT('',(20.200000857143,4.687734347539,
    -2.878230661791E-02));
#3793 = VECTOR('',#3794,1.);
#3794 = DIRECTION('',(-1.499759782662E-32,-1.224646799147E-16,1.));
#3795 = ORIENTED_EDGE('',*,*,#371,.T.);
#3796 = PLANE('',#3797);
#3797 = AXIS2_PLACEMENT_3D('',#3798,#3799,#3800);
#3798 = CARTESIAN_POINT('',(20.200000857143,4.687734347539,
    -2.878230661791E-02));
#3799 = DIRECTION('',(-1.224646799147E-16,-1.,-1.224646799147E-16));
#3800 = DIRECTION('',(-1.499759782662E-32,-1.224646799147E-16,1.));
#3801 = ADVANCED_FACE('',(#3802),#3808,.F.);
#3802 = FACE_BOUND('',#3803,.F.);
#3803 = EDGE_LOOP('',(#3804,#3805,#3806,#3807));
#3804 = ORIENTED_EDGE('',*,*,#379,.F.);
#3805 = ORIENTED_EDGE('',*,*,#3735,.F.);
#3806 = ORIENTED_EDGE('',*,*,#3633,.T.);
#3807 = ORIENTED_EDGE('',*,*,#3790,.F.);
#3808 = CYLINDRICAL_SURFACE('',#3809,0.2);
#3809 = AXIS2_PLACEMENT_3D('',#3810,#3811,#3812);
#3810 = CARTESIAN_POINT('',(20.200000857143,4.887734347539,
    -2.878230661791E-02));
#3811 = DIRECTION('',(-1.499759782662E-32,-1.224646799147E-16,1.));
#3812 = DIRECTION('',(-1.,1.224646799147E-16,0.));
#3813 = ADVANCED_FACE('',(#3814),#3825,.F.);
#3814 = FACE_BOUND('',#3815,.T.);
#3815 = EDGE_LOOP('',(#3816,#3822,#3823,#3824));
#3816 = ORIENTED_EDGE('',*,*,#3817,.T.);
#3817 = EDGE_CURVE('',#340,#3667,#3818,.T.);
#3818 = LINE('',#3819,#3820);
#3819 = CARTESIAN_POINT('',(9.250000857143,4.687734347539,
    -2.878230661791E-02));
#3820 = VECTOR('',#3821,1.);
#3821 = DIRECTION('',(-1.499759782662E-32,-1.224646799147E-16,1.));
#3822 = ORIENTED_EDGE('',*,*,#3666,.F.);
#3823 = ORIENTED_EDGE('',*,*,#3706,.T.);
#3824 = ORIENTED_EDGE('',*,*,#347,.T.);
#3825 = PLANE('',#3826);
#3826 = AXIS2_PLACEMENT_3D('',#3827,#3828,#3829);
#3827 = CARTESIAN_POINT('',(9.250000857143,4.887734347539,
    -2.878230661791E-02));
#3828 = DIRECTION('',(1.,-1.224646799147E-16,0.));
#3829 = DIRECTION('',(1.499759782662E-32,1.224646799147E-16,-1.));
#3830 = ADVANCED_FACE('',(#3831),#3842,.F.);
#3831 = FACE_BOUND('',#3832,.T.);
#3832 = EDGE_LOOP('',(#3833,#3839,#3840,#3841));
#3833 = ORIENTED_EDGE('',*,*,#3834,.T.);
#3834 = EDGE_CURVE('',#331,#3675,#3835,.T.);
#3835 = LINE('',#3836,#3837);
#3836 = CARTESIAN_POINT('',(-0.699999142857,4.687734347539,
    -2.878230661791E-02));
#3837 = VECTOR('',#3838,1.);
#3838 = DIRECTION('',(-1.499759782662E-32,-1.224646799147E-16,1.));
#3839 = ORIENTED_EDGE('',*,*,#3674,.F.);
#3840 = ORIENTED_EDGE('',*,*,#3817,.F.);
#3841 = ORIENTED_EDGE('',*,*,#339,.T.);
#3842 = PLANE('',#3843);
#3843 = AXIS2_PLACEMENT_3D('',#3844,#3845,#3846);
#3844 = CARTESIAN_POINT('',(9.250000857143,4.687734347539,
    -2.878230661791E-02));
#3845 = DIRECTION('',(-1.224646799147E-16,-1.,-1.224646799147E-16));
#3846 = DIRECTION('',(-1.499759782662E-32,-1.224646799147E-16,1.));
#3847 = ADVANCED_FACE('',(#3848),#3854,.F.);
#3848 = FACE_BOUND('',#3849,.F.);
#3849 = EDGE_LOOP('',(#3850,#3851,#3852,#3853));
#3850 = ORIENTED_EDGE('',*,*,#330,.F.);
#3851 = ORIENTED_EDGE('',*,*,#3834,.T.);
#3852 = ORIENTED_EDGE('',*,*,#3682,.T.);
#3853 = ORIENTED_EDGE('',*,*,#3757,.T.);
#3854 = CYLINDRICAL_SURFACE('',#3855,0.2);
#3855 = AXIS2_PLACEMENT_3D('',#3856,#3857,#3858);
#3856 = CARTESIAN_POINT('',(-0.699999142857,4.887734347539,
    -2.878230661791E-02));
#3857 = DIRECTION('',(-1.499759782662E-32,-1.224646799147E-16,1.));
#3858 = DIRECTION('',(-1.,1.224646799147E-16,0.));
#3859 = ADVANCED_FACE('',(#3860),#3928,.T.);
#3860 = FACE_BOUND('',#3861,.T.);
#3861 = EDGE_LOOP('',(#3862,#3863,#3864,#3872,#3880,#3888,#3896,#3902,
    #3903,#3911,#3919,#3925,#3926,#3927));
#3862 = ORIENTED_EDGE('',*,*,#3178,.T.);
#3863 = ORIENTED_EDGE('',*,*,#2857,.T.);
#3864 = ORIENTED_EDGE('',*,*,#3865,.F.);
#3865 = EDGE_CURVE('',#3866,#2850,#3868,.T.);
#3866 = VERTEX_POINT('',#3867);
#3867 = CARTESIAN_POINT('',(21.700000857143,1.077734347539,
    7.321217693382));
#3868 = LINE('',#3869,#3870);
#3869 = CARTESIAN_POINT('',(21.700000857143,1.077734347539,
    7.321217693382));
#3870 = VECTOR('',#3871,1.);
#3871 = DIRECTION('',(8.659560562355E-17,0.707106781187,-0.707106781187)
  );
#3872 = ORIENTED_EDGE('',*,*,#3873,.F.);
#3873 = EDGE_CURVE('',#3874,#3866,#3876,.T.);
#3874 = VERTEX_POINT('',#3875);
#3875 = CARTESIAN_POINT('',(21.700000857143,1.077734347539,
    7.721217693382));
#3876 = LINE('',#3877,#3878);
#3877 = CARTESIAN_POINT('',(21.700000857143,1.077734347539,
    7.721217693382));
#3878 = VECTOR('',#3879,1.);
#3879 = DIRECTION('',(1.499759782662E-32,1.224646799147E-16,-1.));
#3880 = ORIENTED_EDGE('',*,*,#3881,.F.);
#3881 = EDGE_CURVE('',#3882,#3874,#3884,.T.);
#3882 = VERTEX_POINT('',#3883);
#3883 = CARTESIAN_POINT('',(21.700000857143,0.877734347539,
    7.921217693382));
#3884 = LINE('',#3885,#3886);
#3885 = CARTESIAN_POINT('',(21.700000857143,0.877734347539,
    7.921217693382));
#3886 = VECTOR('',#3887,1.);
#3887 = DIRECTION('',(8.659560562355E-17,0.707106781187,-0.707106781187)
  );
#3888 = ORIENTED_EDGE('',*,*,#3889,.F.);
#3889 = EDGE_CURVE('',#3890,#3882,#3892,.T.);
#3890 = VERTEX_POINT('',#3891);
#3891 = CARTESIAN_POINT('',(21.700000857143,-0.762265652461,
    7.921217693382));
#3892 = LINE('',#3893,#3894);
#3893 = CARTESIAN_POINT('',(21.700000857143,-0.762265652461,
    7.921217693382));
#3894 = VECTOR('',#3895,1.);
#3895 = DIRECTION('',(1.224646799147E-16,1.,1.224646799147E-16));
#3896 = ORIENTED_EDGE('',*,*,#3897,.F.);
#3897 = EDGE_CURVE('',#429,#3890,#3898,.T.);
#3898 = LINE('',#3899,#3900);
#3899 = CARTESIAN_POINT('',(21.700000857143,-0.762265652461,
    -2.878230661791E-02));
#3900 = VECTOR('',#3901,1.);
#3901 = DIRECTION('',(-1.499759782662E-32,-1.224646799147E-16,1.));
#3902 = ORIENTED_EDGE('',*,*,#428,.T.);
#3903 = ORIENTED_EDGE('',*,*,#3904,.T.);
#3904 = EDGE_CURVE('',#421,#3905,#3907,.T.);
#3905 = VERTEX_POINT('',#3906);
#3906 = CARTESIAN_POINT('',(21.700000857143,0.137734347539,
    0.221217693382));
#3907 = LINE('',#3908,#3909);
#3908 = CARTESIAN_POINT('',(21.700000857143,0.137734347539,
    -2.878230661791E-02));
#3909 = VECTOR('',#3910,1.);
#3910 = DIRECTION('',(-1.499759782662E-32,-1.224646799147E-16,1.));
#3911 = ORIENTED_EDGE('',*,*,#3912,.F.);
#3912 = EDGE_CURVE('',#3913,#3905,#3915,.T.);
#3913 = VERTEX_POINT('',#3914);
#3914 = CARTESIAN_POINT('',(21.700000857143,3.147734347539,
    0.221217693382));
#3915 = LINE('',#3916,#3917);
#3916 = CARTESIAN_POINT('',(21.700000857143,3.147734347539,
    0.221217693382));
#3917 = VECTOR('',#3918,1.);
#3918 = DIRECTION('',(-1.224646799147E-16,-1.,-1.224646799147E-16));
#3919 = ORIENTED_EDGE('',*,*,#3920,.F.);
#3920 = EDGE_CURVE('',#397,#3913,#3921,.T.);
#3921 = LINE('',#3922,#3923);
#3922 = CARTESIAN_POINT('',(21.700000857143,3.147734347539,
    -2.878230661791E-02));
#3923 = VECTOR('',#3924,1.);
#3924 = DIRECTION('',(-1.499759782662E-32,-1.224646799147E-16,1.));
#3925 = ORIENTED_EDGE('',*,*,#396,.T.);
#3926 = ORIENTED_EDGE('',*,*,#3728,.T.);
#3927 = ORIENTED_EDGE('',*,*,#3617,.F.);
#3928 = PLANE('',#3929);
#3929 = AXIS2_PLACEMENT_3D('',#3930,#3931,#3932);
#3930 = CARTESIAN_POINT('',(21.700000857143,-0.762265652461,
    -2.878230661791E-02));
#3931 = DIRECTION('',(1.,-1.224646799147E-16,0.));
#3932 = DIRECTION('',(1.499759782662E-32,1.224646799147E-16,-1.));
#3933 = ADVANCED_FACE('',(#3934),#3952,.F.);
#3934 = FACE_BOUND('',#3935,.T.);
#3935 = EDGE_LOOP('',(#3936,#3937,#3945,#3951));
#3936 = ORIENTED_EDGE('',*,*,#3920,.T.);
#3937 = ORIENTED_EDGE('',*,*,#3938,.T.);
#3938 = EDGE_CURVE('',#3913,#3939,#3941,.T.);
#3939 = VERTEX_POINT('',#3940);
#3940 = CARTESIAN_POINT('',(19.900000857143,3.147734347539,
    0.221217693382));
#3941 = LINE('',#3942,#3943);
#3942 = CARTESIAN_POINT('',(21.700000857143,3.147734347539,
    0.221217693382));
#3943 = VECTOR('',#3944,1.);
#3944 = DIRECTION('',(-1.,1.224646799147E-16,0.));
#3945 = ORIENTED_EDGE('',*,*,#3946,.F.);
#3946 = EDGE_CURVE('',#405,#3939,#3947,.T.);
#3947 = LINE('',#3948,#3949);
#3948 = CARTESIAN_POINT('',(19.900000857143,3.147734347539,
    -2.878230661791E-02));
#3949 = VECTOR('',#3950,1.);
#3950 = DIRECTION('',(-1.499759782662E-32,-1.224646799147E-16,1.));
#3951 = ORIENTED_EDGE('',*,*,#404,.T.);
#3952 = PLANE('',#3953);
#3953 = AXIS2_PLACEMENT_3D('',#3954,#3955,#3956);
#3954 = CARTESIAN_POINT('',(21.700000857143,3.147734347539,
    -2.878230661791E-02));
#3955 = DIRECTION('',(1.224646799147E-16,1.,1.224646799147E-16));
#3956 = DIRECTION('',(-1.,1.224646799147E-16,0.));
#3957 = ADVANCED_FACE('',(#3958),#3976,.T.);
#3958 = FACE_BOUND('',#3959,.T.);
#3959 = EDGE_LOOP('',(#3960,#3961,#3969,#3975));
#3960 = ORIENTED_EDGE('',*,*,#3946,.T.);
#3961 = ORIENTED_EDGE('',*,*,#3962,.T.);
#3962 = EDGE_CURVE('',#3939,#3963,#3965,.T.);
#3963 = VERTEX_POINT('',#3964);
#3964 = CARTESIAN_POINT('',(19.900000857143,0.137734347539,
    0.221217693382));
#3965 = LINE('',#3966,#3967);
#3966 = CARTESIAN_POINT('',(19.900000857143,3.147734347539,
    0.221217693382));
#3967 = VECTOR('',#3968,1.);
#3968 = DIRECTION('',(-1.224646799147E-16,-1.,-1.224646799147E-16));
#3969 = ORIENTED_EDGE('',*,*,#3970,.T.);
#3970 = EDGE_CURVE('',#3963,#413,#3971,.T.);
#3971 = LINE('',#3972,#3973);
#3972 = CARTESIAN_POINT('',(19.900000857143,0.137734347539,
    0.221217693382));
#3973 = VECTOR('',#3974,1.);
#3974 = DIRECTION('',(1.499759782662E-32,1.224646799147E-16,-1.));
#3975 = ORIENTED_EDGE('',*,*,#412,.T.);
#3976 = PLANE('',#3977);
#3977 = AXIS2_PLACEMENT_3D('',#3978,#3979,#3980);
#3978 = CARTESIAN_POINT('',(19.900000857143,3.187734347539,
    -2.878230661791E-02));
#3979 = DIRECTION('',(1.,-1.224646799147E-16,0.));
#3980 = DIRECTION('',(1.499759782662E-32,1.224646799147E-16,-1.));
#3981 = ADVANCED_FACE('',(#3982),#3993,.F.);
#3982 = FACE_BOUND('',#3983,.T.);
#3983 = EDGE_LOOP('',(#3984,#3985,#3991,#3992));
#3984 = ORIENTED_EDGE('',*,*,#3970,.F.);
#3985 = ORIENTED_EDGE('',*,*,#3986,.F.);
#3986 = EDGE_CURVE('',#3905,#3963,#3987,.T.);
#3987 = LINE('',#3988,#3989);
#3988 = CARTESIAN_POINT('',(21.700000857143,0.137734347539,
    0.221217693382));
#3989 = VECTOR('',#3990,1.);
#3990 = DIRECTION('',(-1.,1.224646799147E-16,0.));
#3991 = ORIENTED_EDGE('',*,*,#3904,.F.);
#3992 = ORIENTED_EDGE('',*,*,#420,.F.);
#3993 = PLANE('',#3994);
#3994 = AXIS2_PLACEMENT_3D('',#3995,#3996,#3997);
#3995 = CARTESIAN_POINT('',(21.700000857143,0.137734347539,
    0.221217693382));
#3996 = DIRECTION('',(-1.224646799147E-16,-1.,-1.224646799147E-16));
#3997 = DIRECTION('',(-1.499759782662E-32,-1.224646799147E-16,1.));
#3998 = ADVANCED_FACE('',(#3999),#4005,.F.);
#3999 = FACE_BOUND('',#4000,.T.);
#4000 = EDGE_LOOP('',(#4001,#4002,#4003,#4004));
#4001 = ORIENTED_EDGE('',*,*,#3986,.T.);
#4002 = ORIENTED_EDGE('',*,*,#3962,.F.);
#4003 = ORIENTED_EDGE('',*,*,#3938,.F.);
#4004 = ORIENTED_EDGE('',*,*,#3912,.T.);
#4005 = PLANE('',#4006);
#4006 = AXIS2_PLACEMENT_3D('',#4007,#4008,#4009);
#4007 = CARTESIAN_POINT('',(21.700000857143,3.147734347539,
    0.221217693382));
#4008 = DIRECTION('',(-1.499759782662E-32,-1.224646799147E-16,1.));
#4009 = DIRECTION('',(-1.224646799147E-16,-1.,-1.224646799147E-16));
#4010 = ADVANCED_FACE('',(#4011),#4062,.T.);
#4011 = FACE_BOUND('',#4012,.T.);
#4012 = EDGE_LOOP('',(#4013,#4014,#4015,#4023,#4031,#4040,#4048,#4056));
#4013 = ORIENTED_EDGE('',*,*,#436,.T.);
#4014 = ORIENTED_EDGE('',*,*,#3897,.T.);
#4015 = ORIENTED_EDGE('',*,*,#4016,.F.);
#4016 = EDGE_CURVE('',#4017,#3890,#4019,.T.);
#4017 = VERTEX_POINT('',#4018);
#4018 = CARTESIAN_POINT('',(18.850000857143,-0.762265652461,
    7.921217693382));
#4019 = LINE('',#4020,#4021);
#4020 = CARTESIAN_POINT('',(18.850000857143,-0.762265652461,
    7.921217693382));
#4021 = VECTOR('',#4022,1.);
#4022 = DIRECTION('',(1.,-1.224646799147E-16,0.));
#4023 = ORIENTED_EDGE('',*,*,#4024,.F.);
#4024 = EDGE_CURVE('',#4025,#4017,#4027,.T.);
#4025 = VERTEX_POINT('',#4026);
#4026 = CARTESIAN_POINT('',(18.496876188392,-0.762265652461,
    7.35621822338));
#4027 = LINE('',#4028,#4029);
#4028 = CARTESIAN_POINT('',(18.496876188392,-0.762265652461,
    7.35621822338));
#4029 = VECTOR('',#4030,1.);
#4030 = DIRECTION('',(0.529998940003,-1.687559914109E-16,0.847998304005)
  );
#4031 = ORIENTED_EDGE('',*,*,#4032,.F.);
#4032 = EDGE_CURVE('',#4033,#4025,#4035,.T.);
#4033 = VERTEX_POINT('',#4034);
#4034 = CARTESIAN_POINT('',(18.200000857143,-0.762265652461,
    7.137648118039));
#4035 = CIRCLE('',#4036,0.5);
#4036 = AXIS2_PLACEMENT_3D('',#4037,#4038,#4039);
#4037 = CARTESIAN_POINT('',(18.072877036389,-0.762265652461,
    7.621217693382));
#4038 = DIRECTION('',(-1.224646799147E-16,-1.,-1.224646799147E-16));
#4039 = DIRECTION('',(0.254247641507,8.730403048543E-17,-0.967139150685)
  );
#4040 = ORIENTED_EDGE('',*,*,#4041,.F.);
#4041 = EDGE_CURVE('',#4042,#4033,#4044,.T.);
#4042 = VERTEX_POINT('',#4043);
#4043 = CARTESIAN_POINT('',(18.200000857143,-0.762265652461,
    0.221217693382));
#4044 = LINE('',#4045,#4046);
#4045 = CARTESIAN_POINT('',(18.200000857143,-0.762265652461,
    0.221217693382));
#4046 = VECTOR('',#4047,1.);
#4047 = DIRECTION('',(-1.499759782662E-32,-1.224646799147E-16,1.));
#4048 = ORIENTED_EDGE('',*,*,#4049,.F.);
#4049 = EDGE_CURVE('',#4050,#4042,#4052,.T.);
#4050 = VERTEX_POINT('',#4051);
#4051 = CARTESIAN_POINT('',(20.000000857143,-0.762265652461,
    0.221217693382));
#4052 = LINE('',#4053,#4054);
#4053 = CARTESIAN_POINT('',(20.000000857143,-0.762265652461,
    0.221217693382));
#4054 = VECTOR('',#4055,1.);
#4055 = DIRECTION('',(-1.,1.224646799147E-16,0.));
#4056 = ORIENTED_EDGE('',*,*,#4057,.F.);
#4057 = EDGE_CURVE('',#437,#4050,#4058,.T.);
#4058 = LINE('',#4059,#4060);
#4059 = CARTESIAN_POINT('',(20.000000857143,-0.762265652461,
    -2.878230661791E-02));
#4060 = VECTOR('',#4061,1.);
#4061 = DIRECTION('',(-1.499759782662E-32,-1.224646799147E-16,1.));
#4062 = PLANE('',#4063);
#4063 = AXIS2_PLACEMENT_3D('',#4064,#4065,#4066);
#4064 = CARTESIAN_POINT('',(-2.199999142857,-0.762265652461,
    -2.878230661791E-02));
#4065 = DIRECTION('',(-1.224646799147E-16,-1.,-1.224646799147E-16));
#4066 = DIRECTION('',(-1.499759782662E-32,-1.224646799147E-16,1.));
#4067 = ADVANCED_FACE('',(#4068),#4102,.T.);
#4068 = FACE_BOUND('',#4069,.T.);
#4069 = EDGE_LOOP('',(#4070,#4080,#4088,#4096));
#4070 = ORIENTED_EDGE('',*,*,#4071,.T.);
#4071 = EDGE_CURVE('',#4072,#4074,#4076,.T.);
#4072 = VERTEX_POINT('',#4073);
#4073 = CARTESIAN_POINT('',(15.950000857143,-0.762265652461,
    0.221217693382));
#4074 = VERTEX_POINT('',#4075);
#4075 = CARTESIAN_POINT('',(15.950000857143,-0.762265652461,
    7.121217693382));
#4076 = LINE('',#4077,#4078);
#4077 = CARTESIAN_POINT('',(15.950000857143,-0.762265652461,
    0.221217693382));
#4078 = VECTOR('',#4079,1.);
#4079 = DIRECTION('',(-1.499759782662E-32,-1.224646799147E-16,1.));
#4080 = ORIENTED_EDGE('',*,*,#4081,.F.);
#4081 = EDGE_CURVE('',#4082,#4074,#4084,.T.);
#4082 = VERTEX_POINT('',#4083);
#4083 = CARTESIAN_POINT('',(11.000000857143,-0.762265652461,
    7.121217693382));
#4084 = LINE('',#4085,#4086);
#4085 = CARTESIAN_POINT('',(11.000000857143,-0.762265652461,
    7.121217693382));
#4086 = VECTOR('',#4087,1.);
#4087 = DIRECTION('',(1.,-1.224646799147E-16,0.));
#4088 = ORIENTED_EDGE('',*,*,#4089,.F.);
#4089 = EDGE_CURVE('',#4090,#4082,#4092,.T.);
#4090 = VERTEX_POINT('',#4091);
#4091 = CARTESIAN_POINT('',(11.000000857143,-0.762265652461,
    0.221217693382));
#4092 = LINE('',#4093,#4094);
#4093 = CARTESIAN_POINT('',(11.000000857143,-0.762265652461,
    0.221217693382));
#4094 = VECTOR('',#4095,1.);
#4095 = DIRECTION('',(-1.499759782662E-32,-1.224646799147E-16,1.));
#4096 = ORIENTED_EDGE('',*,*,#4097,.F.);
#4097 = EDGE_CURVE('',#4072,#4090,#4098,.T.);
#4098 = LINE('',#4099,#4100);
#4099 = CARTESIAN_POINT('',(15.950000857143,-0.762265652461,
    0.221217693382));
#4100 = VECTOR('',#4101,1.);
#4101 = DIRECTION('',(-1.,1.224646799147E-16,0.));
#4102 = PLANE('',#4103);
#4103 = AXIS2_PLACEMENT_3D('',#4104,#4105,#4106);
#4104 = CARTESIAN_POINT('',(-2.199999142857,-0.762265652461,
    -2.878230661791E-02));
#4105 = DIRECTION('',(-1.224646799147E-16,-1.,-1.224646799147E-16));
#4106 = DIRECTION('',(-1.499759782662E-32,-1.224646799147E-16,1.));
#4107 = ADVANCED_FACE('',(#4108),#4142,.T.);
#4108 = FACE_BOUND('',#4109,.T.);
#4109 = EDGE_LOOP('',(#4110,#4120,#4128,#4136));
#4110 = ORIENTED_EDGE('',*,*,#4111,.T.);
#4111 = EDGE_CURVE('',#4112,#4114,#4116,.T.);
#4112 = VERTEX_POINT('',#4113);
#4113 = CARTESIAN_POINT('',(8.500000857143,-0.762265652461,
    0.221217693382));
#4114 = VERTEX_POINT('',#4115);
#4115 = CARTESIAN_POINT('',(8.500000857143,-0.762265652461,
    7.121217693382));
#4116 = LINE('',#4117,#4118);
#4117 = CARTESIAN_POINT('',(8.500000857143,-0.762265652461,
    0.221217693382));
#4118 = VECTOR('',#4119,1.);
#4119 = DIRECTION('',(-1.499759782662E-32,-1.224646799147E-16,1.));
#4120 = ORIENTED_EDGE('',*,*,#4121,.F.);
#4121 = EDGE_CURVE('',#4122,#4114,#4124,.T.);
#4122 = VERTEX_POINT('',#4123);
#4123 = CARTESIAN_POINT('',(3.550000857143,-0.762265652461,
    7.121217693382));
#4124 = LINE('',#4125,#4126);
#4125 = CARTESIAN_POINT('',(3.550000857143,-0.762265652461,
    7.121217693382));
#4126 = VECTOR('',#4127,1.);
#4127 = DIRECTION('',(1.,-1.224646799147E-16,0.));
#4128 = ORIENTED_EDGE('',*,*,#4129,.F.);
#4129 = EDGE_CURVE('',#4130,#4122,#4132,.T.);
#4130 = VERTEX_POINT('',#4131);
#4131 = CARTESIAN_POINT('',(3.550000857143,-0.762265652461,
    0.221217693382));
#4132 = LINE('',#4133,#4134);
#4133 = CARTESIAN_POINT('',(3.550000857143,-0.762265652461,
    0.221217693382));
#4134 = VECTOR('',#4135,1.);
#4135 = DIRECTION('',(-1.499759782662E-32,-1.224646799147E-16,1.));
#4136 = ORIENTED_EDGE('',*,*,#4137,.F.);
#4137 = EDGE_CURVE('',#4112,#4130,#4138,.T.);
#4138 = LINE('',#4139,#4140);
#4139 = CARTESIAN_POINT('',(8.500000857143,-0.762265652461,
    0.221217693382));
#4140 = VECTOR('',#4141,1.);
#4141 = DIRECTION('',(-1.,1.224646799147E-16,0.));
#4142 = PLANE('',#4143);
#4143 = AXIS2_PLACEMENT_3D('',#4144,#4145,#4146);
#4144 = CARTESIAN_POINT('',(-2.199999142857,-0.762265652461,
    -2.878230661791E-02));
#4145 = DIRECTION('',(-1.224646799147E-16,-1.,-1.224646799147E-16));
#4146 = DIRECTION('',(-1.499759782662E-32,-1.224646799147E-16,1.));
#4147 = ADVANCED_FACE('',(#4148),#4206,.T.);
#4148 = FACE_BOUND('',#4149,.T.);
#4149 = EDGE_LOOP('',(#4150,#4160,#4169,#4177,#4185,#4191,#4192,#4200));
#4150 = ORIENTED_EDGE('',*,*,#4151,.T.);
#4151 = EDGE_CURVE('',#4152,#4154,#4156,.T.);
#4152 = VERTEX_POINT('',#4153);
#4153 = CARTESIAN_POINT('',(1.300000857143,-0.762265652461,
    0.221217693382));
#4154 = VERTEX_POINT('',#4155);
#4155 = CARTESIAN_POINT('',(1.300000857143,-0.762265652461,
    7.137648118039));
#4156 = LINE('',#4157,#4158);
#4157 = CARTESIAN_POINT('',(1.300000857143,-0.762265652461,
    0.221217693382));
#4158 = VECTOR('',#4159,1.);
#4159 = DIRECTION('',(-1.499759782662E-32,-1.224646799147E-16,1.));
#4160 = ORIENTED_EDGE('',*,*,#4161,.F.);
#4161 = EDGE_CURVE('',#4162,#4154,#4164,.T.);
#4162 = VERTEX_POINT('',#4163);
#4163 = CARTESIAN_POINT('',(1.003125525894,-0.762265652461,7.35621822338
    ));
#4164 = CIRCLE('',#4165,0.5);
#4165 = AXIS2_PLACEMENT_3D('',#4166,#4167,#4168);
#4166 = CARTESIAN_POINT('',(1.427124677897,-0.762265652461,
    7.621217693382));
#4167 = DIRECTION('',(-1.224646799147E-16,-1.,-1.224646799147E-16));
#4168 = DIRECTION('',(-0.847998304005,1.687559914109E-16,-0.529998940003
    ));
#4169 = ORIENTED_EDGE('',*,*,#4170,.F.);
#4170 = EDGE_CURVE('',#4171,#4162,#4173,.T.);
#4171 = VERTEX_POINT('',#4172);
#4172 = CARTESIAN_POINT('',(0.650000857143,-0.762265652461,
    7.921217693382));
#4173 = LINE('',#4174,#4175);
#4174 = CARTESIAN_POINT('',(0.650000857143,-0.762265652461,
    7.921217693382));
#4175 = VECTOR('',#4176,1.);
#4176 = DIRECTION('',(0.529998940003,3.894369032558E-17,-0.847998304005)
  );
#4177 = ORIENTED_EDGE('',*,*,#4178,.F.);
#4178 = EDGE_CURVE('',#4179,#4171,#4181,.T.);
#4179 = VERTEX_POINT('',#4180);
#4180 = CARTESIAN_POINT('',(-2.199999142857,-0.762265652461,
    7.921217693382));
#4181 = LINE('',#4182,#4183);
#4182 = CARTESIAN_POINT('',(-2.199999142857,-0.762265652461,
    7.921217693382));
#4183 = VECTOR('',#4184,1.);
#4184 = DIRECTION('',(1.,-1.224646799147E-16,0.));
#4185 = ORIENTED_EDGE('',*,*,#4186,.F.);
#4186 = EDGE_CURVE('',#275,#4179,#4187,.T.);
#4187 = LINE('',#4188,#4189);
#4188 = CARTESIAN_POINT('',(-2.199999142857,-0.762265652461,
    -2.878230661791E-02));
#4189 = VECTOR('',#4190,1.);
#4190 = DIRECTION('',(-1.499759782662E-32,-1.224646799147E-16,1.));
#4191 = ORIENTED_EDGE('',*,*,#274,.T.);
#4192 = ORIENTED_EDGE('',*,*,#4193,.T.);
#4193 = EDGE_CURVE('',#265,#4194,#4196,.T.);
#4194 = VERTEX_POINT('',#4195);
#4195 = CARTESIAN_POINT('',(-0.499999142857,-0.762265652461,
    0.221217693382));
#4196 = LINE('',#4197,#4198);
#4197 = CARTESIAN_POINT('',(-0.499999142857,-0.762265652461,
    -2.878230661791E-02));
#4198 = VECTOR('',#4199,1.);
#4199 = DIRECTION('',(-1.499759782662E-32,-1.224646799147E-16,1.));
#4200 = ORIENTED_EDGE('',*,*,#4201,.F.);
#4201 = EDGE_CURVE('',#4152,#4194,#4202,.T.);
#4202 = LINE('',#4203,#4204);
#4203 = CARTESIAN_POINT('',(1.300000857143,-0.762265652461,
    0.221217693382));
#4204 = VECTOR('',#4205,1.);
#4205 = DIRECTION('',(-1.,1.224646799147E-16,0.));
#4206 = PLANE('',#4207);
#4207 = AXIS2_PLACEMENT_3D('',#4208,#4209,#4210);
#4208 = CARTESIAN_POINT('',(-2.199999142857,-0.762265652461,
    -2.878230661791E-02));
#4209 = DIRECTION('',(-1.224646799147E-16,-1.,-1.224646799147E-16));
#4210 = DIRECTION('',(-1.499759782662E-32,-1.224646799147E-16,1.));
#4211 = ADVANCED_FACE('',(#4212),#4230,.F.);
#4212 = FACE_BOUND('',#4213,.T.);
#4213 = EDGE_LOOP('',(#4214,#4215,#4223,#4229));
#4214 = ORIENTED_EDGE('',*,*,#4057,.T.);
#4215 = ORIENTED_EDGE('',*,*,#4216,.T.);
#4216 = EDGE_CURVE('',#4050,#4217,#4219,.T.);
#4217 = VERTEX_POINT('',#4218);
#4218 = CARTESIAN_POINT('',(20.000000857143,-0.512265652461,
    0.221217693382));
#4219 = LINE('',#4220,#4221);
#4220 = CARTESIAN_POINT('',(20.000000857143,-0.762265652461,
    0.221217693382));
#4221 = VECTOR('',#4222,1.);
#4222 = DIRECTION('',(1.224646799147E-16,1.,1.224646799147E-16));
#4223 = ORIENTED_EDGE('',*,*,#4224,.F.);
#4224 = EDGE_CURVE('',#445,#4217,#4225,.T.);
#4225 = LINE('',#4226,#4227);
#4226 = CARTESIAN_POINT('',(20.000000857143,-0.512265652461,
    -2.878230661791E-02));
#4227 = VECTOR('',#4228,1.);
#4228 = DIRECTION('',(-1.499759782662E-32,-1.224646799147E-16,1.));
#4229 = ORIENTED_EDGE('',*,*,#444,.F.);
#4230 = PLANE('',#4231);
#4231 = AXIS2_PLACEMENT_3D('',#4232,#4233,#4234);
#4232 = CARTESIAN_POINT('',(20.000000857143,-0.762265652461,
    -2.878230661791E-02));
#4233 = DIRECTION('',(1.,-1.224646799147E-16,0.));
#4234 = DIRECTION('',(1.499759782662E-32,1.224646799147E-16,-1.));
#4235 = ADVANCED_FACE('',(#4236),#4350,.F.);
#4236 = FACE_BOUND('',#4237,.T.);
#4237 = EDGE_LOOP('',(#4238,#4248,#4256,#4264,#4272,#4280,#4288,#4296,
    #4304,#4310,#4311,#4312,#4320,#4328,#4336,#4344));
#4238 = ORIENTED_EDGE('',*,*,#4239,.T.);
#4239 = EDGE_CURVE('',#4240,#4242,#4244,.T.);
#4240 = VERTEX_POINT('',#4241);
#4241 = CARTESIAN_POINT('',(10.750000857143,-0.512265652461,
    0.221217693382));
#4242 = VERTEX_POINT('',#4243);
#4243 = CARTESIAN_POINT('',(10.750000857143,-0.512265652461,
    7.121217693382));
#4244 = LINE('',#4245,#4246);
#4245 = CARTESIAN_POINT('',(10.750000857143,-0.512265652461,
    0.221217693382));
#4246 = VECTOR('',#4247,1.);
#4247 = DIRECTION('',(-1.499759782662E-32,-1.224646799147E-16,1.));
#4248 = ORIENTED_EDGE('',*,*,#4249,.F.);
#4249 = EDGE_CURVE('',#4250,#4242,#4252,.T.);
#4250 = VERTEX_POINT('',#4251);
#4251 = CARTESIAN_POINT('',(8.750000857143,-0.512265652461,
    7.121217693382));
#4252 = LINE('',#4253,#4254);
#4253 = CARTESIAN_POINT('',(8.750000857143,-0.512265652461,
    7.121217693382));
#4254 = VECTOR('',#4255,1.);
#4255 = DIRECTION('',(1.,-1.224646799147E-16,0.));
#4256 = ORIENTED_EDGE('',*,*,#4257,.F.);
#4257 = EDGE_CURVE('',#4258,#4250,#4260,.T.);
#4258 = VERTEX_POINT('',#4259);
#4259 = CARTESIAN_POINT('',(8.750000857143,-0.512265652461,
    0.221217693382));
#4260 = LINE('',#4261,#4262);
#4261 = CARTESIAN_POINT('',(8.750000857143,-0.512265652461,
    0.221217693382));
#4262 = VECTOR('',#4263,1.);
#4263 = DIRECTION('',(-1.499759782662E-32,-1.224646799147E-16,1.));
#4264 = ORIENTED_EDGE('',*,*,#4265,.T.);
#4265 = EDGE_CURVE('',#4258,#4266,#4268,.T.);
#4266 = VERTEX_POINT('',#4267);
#4267 = CARTESIAN_POINT('',(3.550000857143,-0.512265652461,
    0.221217693382));
#4268 = LINE('',#4269,#4270);
#4269 = CARTESIAN_POINT('',(8.750000857143,-0.512265652461,
    0.221217693382));
#4270 = VECTOR('',#4271,1.);
#4271 = DIRECTION('',(-1.,1.224646799147E-16,0.));
#4272 = ORIENTED_EDGE('',*,*,#4273,.F.);
#4273 = EDGE_CURVE('',#4274,#4266,#4276,.T.);
#4274 = VERTEX_POINT('',#4275);
#4275 = CARTESIAN_POINT('',(3.550000857143,-0.512265652461,
    7.121217693382));
#4276 = LINE('',#4277,#4278);
#4277 = CARTESIAN_POINT('',(3.550000857143,-0.512265652461,
    7.121217693382));
#4278 = VECTOR('',#4279,1.);
#4279 = DIRECTION('',(1.499759782662E-32,1.224646799147E-16,-1.));
#4280 = ORIENTED_EDGE('',*,*,#4281,.F.);
#4281 = EDGE_CURVE('',#4282,#4274,#4284,.T.);
#4282 = VERTEX_POINT('',#4283);
#4283 = CARTESIAN_POINT('',(1.550000857143,-0.512265652461,
    7.121217693382));
#4284 = LINE('',#4285,#4286);
#4285 = CARTESIAN_POINT('',(1.550000857143,-0.512265652461,
    7.121217693382));
#4286 = VECTOR('',#4287,1.);
#4287 = DIRECTION('',(1.,-1.224646799147E-16,0.));
#4288 = ORIENTED_EDGE('',*,*,#4289,.T.);
#4289 = EDGE_CURVE('',#4282,#4290,#4292,.T.);
#4290 = VERTEX_POINT('',#4291);
#4291 = CARTESIAN_POINT('',(1.550000857143,-0.512265652461,
    0.221217693382));
#4292 = LINE('',#4293,#4294);
#4293 = CARTESIAN_POINT('',(1.550000857143,-0.512265652461,
    7.121217693382));
#4294 = VECTOR('',#4295,1.);
#4295 = DIRECTION('',(1.499759782662E-32,1.224646799147E-16,-1.));
#4296 = ORIENTED_EDGE('',*,*,#4297,.T.);
#4297 = EDGE_CURVE('',#4290,#4298,#4300,.T.);
#4298 = VERTEX_POINT('',#4299);
#4299 = CARTESIAN_POINT('',(-0.499999142857,-0.512265652461,
    0.221217693382));
#4300 = LINE('',#4301,#4302);
#4301 = CARTESIAN_POINT('',(1.550000857143,-0.512265652461,
    0.221217693382));
#4302 = VECTOR('',#4303,1.);
#4303 = DIRECTION('',(-1.,1.224646799147E-16,0.));
#4304 = ORIENTED_EDGE('',*,*,#4305,.T.);
#4305 = EDGE_CURVE('',#4298,#267,#4306,.T.);
#4306 = LINE('',#4307,#4308);
#4307 = CARTESIAN_POINT('',(-0.499999142857,-0.512265652461,
    0.221217693382));
#4308 = VECTOR('',#4309,1.);
#4309 = DIRECTION('',(1.499759782662E-32,1.224646799147E-16,-1.));
#4310 = ORIENTED_EDGE('',*,*,#452,.F.);
#4311 = ORIENTED_EDGE('',*,*,#4224,.T.);
#4312 = ORIENTED_EDGE('',*,*,#4313,.T.);
#4313 = EDGE_CURVE('',#4217,#4314,#4316,.T.);
#4314 = VERTEX_POINT('',#4315);
#4315 = CARTESIAN_POINT('',(17.950000857143,-0.512265652461,
    0.221217693382));
#4316 = LINE('',#4317,#4318);
#4317 = CARTESIAN_POINT('',(20.000000857143,-0.512265652461,
    0.221217693382));
#4318 = VECTOR('',#4319,1.);
#4319 = DIRECTION('',(-1.,1.224646799147E-16,0.));
#4320 = ORIENTED_EDGE('',*,*,#4321,.F.);
#4321 = EDGE_CURVE('',#4322,#4314,#4324,.T.);
#4322 = VERTEX_POINT('',#4323);
#4323 = CARTESIAN_POINT('',(17.950000857143,-0.512265652461,
    7.121217693382));
#4324 = LINE('',#4325,#4326);
#4325 = CARTESIAN_POINT('',(17.950000857143,-0.512265652461,
    7.121217693382));
#4326 = VECTOR('',#4327,1.);
#4327 = DIRECTION('',(1.499759782662E-32,1.224646799147E-16,-1.));
#4328 = ORIENTED_EDGE('',*,*,#4329,.F.);
#4329 = EDGE_CURVE('',#4330,#4322,#4332,.T.);
#4330 = VERTEX_POINT('',#4331);
#4331 = CARTESIAN_POINT('',(15.950000857143,-0.512265652461,
    7.121217693382));
#4332 = LINE('',#4333,#4334);
#4333 = CARTESIAN_POINT('',(15.950000857143,-0.512265652461,
    7.121217693382));
#4334 = VECTOR('',#4335,1.);
#4335 = DIRECTION('',(1.,-1.224646799147E-16,0.));
#4336 = ORIENTED_EDGE('',*,*,#4337,.T.);
#4337 = EDGE_CURVE('',#4330,#4338,#4340,.T.);
#4338 = VERTEX_POINT('',#4339);
#4339 = CARTESIAN_POINT('',(15.950000857143,-0.512265652461,
    0.221217693382));
#4340 = LINE('',#4341,#4342);
#4341 = CARTESIAN_POINT('',(15.950000857143,-0.512265652461,
    7.121217693382));
#4342 = VECTOR('',#4343,1.);
#4343 = DIRECTION('',(1.499759782662E-32,1.224646799147E-16,-1.));
#4344 = ORIENTED_EDGE('',*,*,#4345,.T.);
#4345 = EDGE_CURVE('',#4338,#4240,#4346,.T.);
#4346 = LINE('',#4347,#4348);
#4347 = CARTESIAN_POINT('',(15.950000857143,-0.512265652461,
    0.221217693382));
#4348 = VECTOR('',#4349,1.);
#4349 = DIRECTION('',(-1.,1.224646799147E-16,0.));
#4350 = PLANE('',#4351);
#4351 = AXIS2_PLACEMENT_3D('',#4352,#4353,#4354);
#4352 = CARTESIAN_POINT('',(1.550000857143,-0.512265652461,
    -2.878230661791E-02));
#4353 = DIRECTION('',(1.224646799147E-16,1.,1.224646799147E-16));
#4354 = DIRECTION('',(-1.,1.224646799147E-16,0.));
#4355 = ADVANCED_FACE('',(#4356),#4367,.F.);
#4356 = FACE_BOUND('',#4357,.T.);
#4357 = EDGE_LOOP('',(#4358,#4364,#4365,#4366));
#4358 = ORIENTED_EDGE('',*,*,#4359,.F.);
#4359 = EDGE_CURVE('',#4314,#4042,#4360,.T.);
#4360 = LINE('',#4361,#4362);
#4361 = CARTESIAN_POINT('',(17.950000857143,-0.512265652461,
    0.221217693382));
#4362 = VECTOR('',#4363,1.);
#4363 = DIRECTION('',(0.707106781187,-0.707106781187,-8.659560562355E-17
    ));
#4364 = ORIENTED_EDGE('',*,*,#4313,.F.);
#4365 = ORIENTED_EDGE('',*,*,#4216,.F.);
#4366 = ORIENTED_EDGE('',*,*,#4049,.T.);
#4367 = PLANE('',#4368);
#4368 = AXIS2_PLACEMENT_3D('',#4369,#4370,#4371);
#4369 = CARTESIAN_POINT('',(20.000000857143,-0.762265652461,
    0.221217693382));
#4370 = DIRECTION('',(-1.499759782662E-32,-1.224646799147E-16,1.));
#4371 = DIRECTION('',(-1.224646799147E-16,-1.,-1.224646799147E-16));
#4372 = ADVANCED_FACE('',(#4373),#4389,.F.);
#4373 = FACE_BOUND('',#4374,.T.);
#4374 = EDGE_LOOP('',(#4375,#4381,#4382,#4388));
#4375 = ORIENTED_EDGE('',*,*,#4376,.F.);
#4376 = EDGE_CURVE('',#4240,#4090,#4377,.T.);
#4377 = LINE('',#4378,#4379);
#4378 = CARTESIAN_POINT('',(10.750000857143,-0.512265652461,
    0.221217693382));
#4379 = VECTOR('',#4380,1.);
#4380 = DIRECTION('',(0.707106781187,-0.707106781187,-8.659560562355E-17
    ));
#4381 = ORIENTED_EDGE('',*,*,#4345,.F.);
#4382 = ORIENTED_EDGE('',*,*,#4383,.F.);
#4383 = EDGE_CURVE('',#4072,#4338,#4384,.T.);
#4384 = LINE('',#4385,#4386);
#4385 = CARTESIAN_POINT('',(15.950000857143,-0.762265652461,
    0.221217693382));
#4386 = VECTOR('',#4387,1.);
#4387 = DIRECTION('',(1.224646799147E-16,1.,1.224646799147E-16));
#4388 = ORIENTED_EDGE('',*,*,#4097,.T.);
#4389 = PLANE('',#4390);
#4390 = AXIS2_PLACEMENT_3D('',#4391,#4392,#4393);
#4391 = CARTESIAN_POINT('',(20.000000857143,-0.762265652461,
    0.221217693382));
#4392 = DIRECTION('',(-1.499759782662E-32,-1.224646799147E-16,1.));
#4393 = DIRECTION('',(-1.224646799147E-16,-1.,-1.224646799147E-16));
#4394 = ADVANCED_FACE('',(#4395),#4411,.F.);
#4395 = FACE_BOUND('',#4396,.T.);
#4396 = EDGE_LOOP('',(#4397,#4403,#4404,#4410));
#4397 = ORIENTED_EDGE('',*,*,#4398,.F.);
#4398 = EDGE_CURVE('',#4266,#4130,#4399,.T.);
#4399 = LINE('',#4400,#4401);
#4400 = CARTESIAN_POINT('',(3.550000857143,-0.512265652461,
    0.221217693382));
#4401 = VECTOR('',#4402,1.);
#4402 = DIRECTION('',(-1.224646799147E-16,-1.,-1.224646799147E-16));
#4403 = ORIENTED_EDGE('',*,*,#4265,.F.);
#4404 = ORIENTED_EDGE('',*,*,#4405,.F.);
#4405 = EDGE_CURVE('',#4112,#4258,#4406,.T.);
#4406 = LINE('',#4407,#4408);
#4407 = CARTESIAN_POINT('',(8.500000857143,-0.762265652461,
    0.221217693382));
#4408 = VECTOR('',#4409,1.);
#4409 = DIRECTION('',(0.707106781187,0.707106781187,8.659560562355E-17)
  );
#4410 = ORIENTED_EDGE('',*,*,#4137,.T.);
#4411 = PLANE('',#4412);
#4412 = AXIS2_PLACEMENT_3D('',#4413,#4414,#4415);
#4413 = CARTESIAN_POINT('',(20.000000857143,-0.762265652461,
    0.221217693382));
#4414 = DIRECTION('',(-1.499759782662E-32,-1.224646799147E-16,1.));
#4415 = DIRECTION('',(-1.224646799147E-16,-1.,-1.224646799147E-16));
#4416 = ADVANCED_FACE('',(#4417),#4433,.F.);
#4417 = FACE_BOUND('',#4418,.T.);
#4418 = EDGE_LOOP('',(#4419,#4425,#4426,#4432));
#4419 = ORIENTED_EDGE('',*,*,#4420,.T.);
#4420 = EDGE_CURVE('',#4194,#4298,#4421,.T.);
#4421 = LINE('',#4422,#4423);
#4422 = CARTESIAN_POINT('',(-0.499999142857,-0.762265652461,
    0.221217693382));
#4423 = VECTOR('',#4424,1.);
#4424 = DIRECTION('',(1.224646799147E-16,1.,1.224646799147E-16));
#4425 = ORIENTED_EDGE('',*,*,#4297,.F.);
#4426 = ORIENTED_EDGE('',*,*,#4427,.F.);
#4427 = EDGE_CURVE('',#4152,#4290,#4428,.T.);
#4428 = LINE('',#4429,#4430);
#4429 = CARTESIAN_POINT('',(1.300000857143,-0.762265652461,
    0.221217693382));
#4430 = VECTOR('',#4431,1.);
#4431 = DIRECTION('',(0.707106781187,0.707106781187,8.659560562355E-17)
  );
#4432 = ORIENTED_EDGE('',*,*,#4201,.T.);
#4433 = PLANE('',#4434);
#4434 = AXIS2_PLACEMENT_3D('',#4435,#4436,#4437);
#4435 = CARTESIAN_POINT('',(20.000000857143,-0.762265652461,
    0.221217693382));
#4436 = DIRECTION('',(-1.499759782662E-32,-1.224646799147E-16,1.));
#4437 = DIRECTION('',(-1.224646799147E-16,-1.,-1.224646799147E-16));
#4438 = ADVANCED_FACE('',(#4439),#4459,.F.);
#4439 = FACE_BOUND('',#4440,.T.);
#4440 = EDGE_LOOP('',(#4441,#4442,#4451,#4457,#4458));
#4441 = ORIENTED_EDGE('',*,*,#4041,.T.);
#4442 = ORIENTED_EDGE('',*,*,#4443,.F.);
#4443 = EDGE_CURVE('',#4444,#4033,#4446,.T.);
#4444 = VERTEX_POINT('',#4445);
#4445 = CARTESIAN_POINT('',(18.072877036389,-0.635141831707,
    7.121217693382));
#4446 = B_SPLINE_CURVE_WITH_KNOTS('',3,(#4447,#4448,#4449,#4450),
  .UNSPECIFIED.,.F.,.F.,(4,4),(0.,1.),.PIECEWISE_BEZIER_KNOTS.);
#4447 = CARTESIAN_POINT('',(18.072877036389,-0.635141831707,
    7.121217693382));
#4448 = CARTESIAN_POINT('',(18.115608530937,-0.677873326255,
    7.121217693382));
#4449 = CARTESIAN_POINT('',(18.157989049008,-0.720253844326,
    7.126603788869));
#4450 = CARTESIAN_POINT('',(18.200000857143,-0.762265652461,
    7.137648118039));
#4451 = ORIENTED_EDGE('',*,*,#4452,.F.);
#4452 = EDGE_CURVE('',#4322,#4444,#4453,.T.);
#4453 = LINE('',#4454,#4455);
#4454 = CARTESIAN_POINT('',(17.950000857143,-0.512265652461,
    7.121217693382));
#4455 = VECTOR('',#4456,1.);
#4456 = DIRECTION('',(0.707106781187,-0.707106781187,-8.659560562355E-17
    ));
#4457 = ORIENTED_EDGE('',*,*,#4321,.T.);
#4458 = ORIENTED_EDGE('',*,*,#4359,.T.);
#4459 = PLANE('',#4460);
#4460 = AXIS2_PLACEMENT_3D('',#4461,#4462,#4463);
#4461 = CARTESIAN_POINT('',(17.950000857143,-0.512265652461,
    -2.878230661791E-02));
#4462 = DIRECTION('',(0.707106781187,0.707106781187,8.659560562355E-17)
  );
#4463 = DIRECTION('',(1.499759782662E-32,1.224646799147E-16,-1.));
#4464 = ADVANCED_FACE('',(#4465),#4527,.F.);
#4465 = FACE_BOUND('',#4466,.T.);
#4466 = EDGE_LOOP('',(#4467,#4473,#4474,#4480,#4481,#4487,#4488,#4489,
    #4497,#4505,#4513,#4519,#4520,#4526));
#4467 = ORIENTED_EDGE('',*,*,#4468,.T.);
#4468 = EDGE_CURVE('',#4114,#4250,#4469,.T.);
#4469 = LINE('',#4470,#4471);
#4470 = CARTESIAN_POINT('',(8.500000857143,-0.762265652461,
    7.121217693382));
#4471 = VECTOR('',#4472,1.);
#4472 = DIRECTION('',(0.707106781187,0.707106781187,8.659560562355E-17)
  );
#4473 = ORIENTED_EDGE('',*,*,#4249,.T.);
#4474 = ORIENTED_EDGE('',*,*,#4475,.T.);
#4475 = EDGE_CURVE('',#4242,#4082,#4476,.T.);
#4476 = LINE('',#4477,#4478);
#4477 = CARTESIAN_POINT('',(10.750000857143,-0.512265652461,
    7.121217693382));
#4478 = VECTOR('',#4479,1.);
#4479 = DIRECTION('',(0.707106781187,-0.707106781187,-8.659560562355E-17
    ));
#4480 = ORIENTED_EDGE('',*,*,#4081,.T.);
#4481 = ORIENTED_EDGE('',*,*,#4482,.T.);
#4482 = EDGE_CURVE('',#4074,#4330,#4483,.T.);
#4483 = LINE('',#4484,#4485);
#4484 = CARTESIAN_POINT('',(15.950000857143,-0.762265652461,
    7.121217693382));
#4485 = VECTOR('',#4486,1.);
#4486 = DIRECTION('',(1.224646799147E-16,1.,1.224646799147E-16));
#4487 = ORIENTED_EDGE('',*,*,#4329,.T.);
#4488 = ORIENTED_EDGE('',*,*,#4452,.T.);
#4489 = ORIENTED_EDGE('',*,*,#4490,.T.);
#4490 = EDGE_CURVE('',#4444,#4491,#4493,.T.);
#4491 = VERTEX_POINT('',#4492);
#4492 = CARTESIAN_POINT('',(18.072877036389,0.287734347539,
    7.121217693382));
#4493 = LINE('',#4494,#4495);
#4494 = CARTESIAN_POINT('',(18.072877036389,-0.635141831707,
    7.121217693382));
#4495 = VECTOR('',#4496,1.);
#4496 = DIRECTION('',(1.224646799147E-16,1.,1.224646799147E-16));
#4497 = ORIENTED_EDGE('',*,*,#4498,.F.);
#4498 = EDGE_CURVE('',#4499,#4491,#4501,.T.);
#4499 = VERTEX_POINT('',#4500);
#4500 = CARTESIAN_POINT('',(1.427124677897,0.287734347539,7.121217693382
    ));
#4501 = LINE('',#4502,#4503);
#4502 = CARTESIAN_POINT('',(1.427124677897,0.287734347539,7.121217693382
    ));
#4503 = VECTOR('',#4504,1.);
#4504 = DIRECTION('',(1.,-1.224646799147E-16,0.));
#4505 = ORIENTED_EDGE('',*,*,#4506,.F.);
#4506 = EDGE_CURVE('',#4507,#4499,#4509,.T.);
#4507 = VERTEX_POINT('',#4508);
#4508 = CARTESIAN_POINT('',(1.427124677897,-0.635141831707,
    7.121217693382));
#4509 = LINE('',#4510,#4511);
#4510 = CARTESIAN_POINT('',(1.427124677897,-0.635141831707,
    7.121217693382));
#4511 = VECTOR('',#4512,1.);
#4512 = DIRECTION('',(1.224646799147E-16,1.,1.224646799147E-16));
#4513 = ORIENTED_EDGE('',*,*,#4514,.F.);
#4514 = EDGE_CURVE('',#4282,#4507,#4515,.T.);
#4515 = LINE('',#4516,#4517);
#4516 = CARTESIAN_POINT('',(1.550000857143,-0.512265652461,
    7.121217693382));
#4517 = VECTOR('',#4518,1.);
#4518 = DIRECTION('',(-0.707106781187,-0.707106781187,
    -8.659560562355E-17));
#4519 = ORIENTED_EDGE('',*,*,#4281,.T.);
#4520 = ORIENTED_EDGE('',*,*,#4521,.T.);
#4521 = EDGE_CURVE('',#4274,#4122,#4522,.T.);
#4522 = LINE('',#4523,#4524);
#4523 = CARTESIAN_POINT('',(3.550000857143,-0.512265652461,
    7.121217693382));
#4524 = VECTOR('',#4525,1.);
#4525 = DIRECTION('',(-1.224646799147E-16,-1.,-1.224646799147E-16));
#4526 = ORIENTED_EDGE('',*,*,#4121,.T.);
#4527 = PLANE('',#4528);
#4528 = AXIS2_PLACEMENT_3D('',#4529,#4530,#4531);
#4529 = CARTESIAN_POINT('',(1.427124677897,-0.762265652461,
    7.121217693382));
#4530 = DIRECTION('',(1.499759782662E-32,1.224646799147E-16,-1.));
#4531 = DIRECTION('',(-1.,1.224646799147E-16,0.));
#4532 = ADVANCED_FACE('',(#4533),#4539,.F.);
#4533 = FACE_BOUND('',#4534,.T.);
#4534 = EDGE_LOOP('',(#4535,#4536,#4537,#4538));
#4535 = ORIENTED_EDGE('',*,*,#4129,.T.);
#4536 = ORIENTED_EDGE('',*,*,#4521,.F.);
#4537 = ORIENTED_EDGE('',*,*,#4273,.T.);
#4538 = ORIENTED_EDGE('',*,*,#4398,.T.);
#4539 = PLANE('',#4540);
#4540 = AXIS2_PLACEMENT_3D('',#4541,#4542,#4543);
#4541 = CARTESIAN_POINT('',(3.550000857143,-0.512265652461,
    -2.878230661791E-02));
#4542 = DIRECTION('',(1.,-1.224646799147E-16,0.));
#4543 = DIRECTION('',(1.499759782662E-32,1.224646799147E-16,-1.));
#4544 = ADVANCED_FACE('',(#4545),#4558,.F.);
#4545 = FACE_BOUND('',#4546,.T.);
#4546 = EDGE_LOOP('',(#4547,#4548,#4549,#4556,#4557));
#4547 = ORIENTED_EDGE('',*,*,#4289,.F.);
#4548 = ORIENTED_EDGE('',*,*,#4514,.T.);
#4549 = ORIENTED_EDGE('',*,*,#4550,.F.);
#4550 = EDGE_CURVE('',#4154,#4507,#4551,.T.);
#4551 = B_SPLINE_CURVE_WITH_KNOTS('',3,(#4552,#4553,#4554,#4555),
  .UNSPECIFIED.,.F.,.F.,(4,4),(0.,1.),.PIECEWISE_BEZIER_KNOTS.);
#4552 = CARTESIAN_POINT('',(1.300000857143,-0.762265652461,
    7.137648118039));
#4553 = CARTESIAN_POINT('',(1.342012665278,-0.720253844326,
    7.126603788869));
#4554 = CARTESIAN_POINT('',(1.384393183349,-0.677873326255,
    7.121217693382));
#4555 = CARTESIAN_POINT('',(1.427124677897,-0.635141831707,
    7.121217693382));
#4556 = ORIENTED_EDGE('',*,*,#4151,.F.);
#4557 = ORIENTED_EDGE('',*,*,#4427,.T.);
#4558 = PLANE('',#4559);
#4559 = AXIS2_PLACEMENT_3D('',#4560,#4561,#4562);
#4560 = CARTESIAN_POINT('',(1.300000857143,-0.762265652461,
    -2.878230661791E-02));
#4561 = DIRECTION('',(-0.707106781187,0.707106781187,8.659560562355E-17)
  );
#4562 = DIRECTION('',(-1.499759782662E-32,-1.224646799147E-16,1.));
#4563 = ADVANCED_FACE('',(#4564),#4601,.F.);
#4564 = FACE_BOUND('',#4565,.F.);
#4565 = EDGE_LOOP('',(#4566,#4577,#4585,#4592,#4593,#4594,#4595));
#4566 = ORIENTED_EDGE('',*,*,#4567,.T.);
#4567 = EDGE_CURVE('',#4568,#4570,#4572,.T.);
#4568 = VERTEX_POINT('',#4569);
#4569 = CARTESIAN_POINT('',(1.003125525894,-0.462265652461,7.35621822338
    ));
#4570 = VERTEX_POINT('',#4571);
#4571 = CARTESIAN_POINT('',(1.300000857143,-0.462265652461,
    7.137648118039));
#4572 = CIRCLE('',#4573,0.5);
#4573 = AXIS2_PLACEMENT_3D('',#4574,#4575,#4576);
#4574 = CARTESIAN_POINT('',(1.427124677897,-0.462265652461,
    7.621217693382));
#4575 = DIRECTION('',(-1.224646799147E-16,-1.,-1.224646799147E-16));
#4576 = DIRECTION('',(-0.847998304005,1.687559914109E-16,-0.529998940003
    ));
#4577 = ORIENTED_EDGE('',*,*,#4578,.F.);
#4578 = EDGE_CURVE('',#4579,#4570,#4581,.T.);
#4579 = VERTEX_POINT('',#4580);
#4580 = CARTESIAN_POINT('',(1.300000857143,0.287734347539,7.137648118039
    ));
#4581 = LINE('',#4582,#4583);
#4582 = CARTESIAN_POINT('',(1.300000857143,0.287734347539,7.137648118039
    ));
#4583 = VECTOR('',#4584,1.);
#4584 = DIRECTION('',(-1.224646799147E-16,-1.,-1.224646799147E-16));
#4585 = ORIENTED_EDGE('',*,*,#4586,.T.);
#4586 = EDGE_CURVE('',#4579,#4499,#4587,.T.);
#4587 = CIRCLE('',#4588,0.5);
#4588 = AXIS2_PLACEMENT_3D('',#4589,#4590,#4591);
#4589 = CARTESIAN_POINT('',(1.427124677897,0.287734347539,7.621217693382
    ));
#4590 = DIRECTION('',(-1.224646799147E-16,-1.,-1.224646799147E-16));
#4591 = DIRECTION('',(-0.254247641507,1.495767425579E-16,-0.967139150685
    ));
#4592 = ORIENTED_EDGE('',*,*,#4506,.F.);
#4593 = ORIENTED_EDGE('',*,*,#4550,.F.);
#4594 = ORIENTED_EDGE('',*,*,#4161,.F.);
#4595 = ORIENTED_EDGE('',*,*,#4596,.T.);
#4596 = EDGE_CURVE('',#4162,#4568,#4597,.T.);
#4597 = LINE('',#4598,#4599);
#4598 = CARTESIAN_POINT('',(1.003125525894,-0.762265652461,7.35621822338
    ));
#4599 = VECTOR('',#4600,1.);
#4600 = DIRECTION('',(1.224646799147E-16,1.,1.224646799147E-16));
#4601 = CYLINDRICAL_SURFACE('',#4602,0.5);
#4602 = AXIS2_PLACEMENT_3D('',#4603,#4604,#4605);
#4603 = CARTESIAN_POINT('',(1.427124677897,-0.762265652461,
    7.621217693382));
#4604 = DIRECTION('',(1.224646799147E-16,1.,1.224646799147E-16));
#4605 = DIRECTION('',(1.,-1.224646799147E-16,0.));
#4606 = ADVANCED_FACE('',(#4607),#4648,.F.);
#4607 = FACE_BOUND('',#4608,.T.);
#4608 = EDGE_LOOP('',(#4609,#4617,#4618,#4626,#4634,#4642));
#4609 = ORIENTED_EDGE('',*,*,#4610,.T.);
#4610 = EDGE_CURVE('',#4611,#4568,#4613,.T.);
#4611 = VERTEX_POINT('',#4612);
#4612 = CARTESIAN_POINT('',(0.650000857143,-0.462265652461,
    7.921217693382));
#4613 = LINE('',#4614,#4615);
#4614 = CARTESIAN_POINT('',(0.650000857143,-0.462265652461,
    7.921217693382));
#4615 = VECTOR('',#4616,1.);
#4616 = DIRECTION('',(0.529998940003,3.894369032558E-17,-0.847998304005)
  );
#4617 = ORIENTED_EDGE('',*,*,#4567,.T.);
#4618 = ORIENTED_EDGE('',*,*,#4619,.T.);
#4619 = EDGE_CURVE('',#4570,#4620,#4622,.T.);
#4620 = VERTEX_POINT('',#4621);
#4621 = CARTESIAN_POINT('',(1.300000857143,-0.462265652461,
    7.121217693382));
#4622 = LINE('',#4623,#4624);
#4623 = CARTESIAN_POINT('',(1.300000857143,-0.462265652461,
    7.137648118039));
#4624 = VECTOR('',#4625,1.);
#4625 = DIRECTION('',(1.499759782662E-32,1.224646799147E-16,-1.));
#4626 = ORIENTED_EDGE('',*,*,#4627,.F.);
#4627 = EDGE_CURVE('',#4628,#4620,#4630,.T.);
#4628 = VERTEX_POINT('',#4629);
#4629 = CARTESIAN_POINT('',(0.550000857143,-0.462265652461,
    7.121217693382));
#4630 = LINE('',#4631,#4632);
#4631 = CARTESIAN_POINT('',(0.550000857143,-0.462265652461,
    7.121217693382));
#4632 = VECTOR('',#4633,1.);
#4633 = DIRECTION('',(1.,-1.224646799147E-16,0.));
#4634 = ORIENTED_EDGE('',*,*,#4635,.F.);
#4635 = EDGE_CURVE('',#4636,#4628,#4638,.T.);
#4636 = VERTEX_POINT('',#4637);
#4637 = CARTESIAN_POINT('',(0.550000857143,-0.462265652461,
    7.921217693382));
#4638 = LINE('',#4639,#4640);
#4639 = CARTESIAN_POINT('',(0.550000857143,-0.462265652461,
    7.921217693382));
#4640 = VECTOR('',#4641,1.);
#4641 = DIRECTION('',(1.499759782662E-32,1.224646799147E-16,-1.));
#4642 = ORIENTED_EDGE('',*,*,#4643,.T.);
#4643 = EDGE_CURVE('',#4636,#4611,#4644,.T.);
#4644 = LINE('',#4645,#4646);
#4645 = CARTESIAN_POINT('',(0.550000857143,-0.462265652461,
    7.921217693382));
#4646 = VECTOR('',#4647,1.);
#4647 = DIRECTION('',(1.,-1.224646799147E-16,0.));
#4648 = PLANE('',#4649);
#4649 = AXIS2_PLACEMENT_3D('',#4650,#4651,#4652);
#4650 = CARTESIAN_POINT('',(0.550000857143,-0.462265652461,
    7.921217693382));
#4651 = DIRECTION('',(-1.224646799147E-16,-1.,-1.224646799147E-16));
#4652 = DIRECTION('',(-1.499759782662E-32,-1.224646799147E-16,1.));
#4653 = ADVANCED_FACE('',(#4654),#4704,.T.);
#4654 = FACE_BOUND('',#4655,.T.);
#4655 = EDGE_LOOP('',(#4656,#4664,#4665,#4666,#4674,#4682,#4690,#4698));
#4656 = ORIENTED_EDGE('',*,*,#4657,.F.);
#4657 = EDGE_CURVE('',#4017,#4658,#4660,.T.);
#4658 = VERTEX_POINT('',#4659);
#4659 = CARTESIAN_POINT('',(18.850000857143,-0.462265652461,
    7.921217693382));
#4660 = LINE('',#4661,#4662);
#4661 = CARTESIAN_POINT('',(18.850000857143,-0.762265652461,
    7.921217693382));
#4662 = VECTOR('',#4663,1.);
#4663 = DIRECTION('',(1.224646799147E-16,1.,1.224646799147E-16));
#4664 = ORIENTED_EDGE('',*,*,#4016,.T.);
#4665 = ORIENTED_EDGE('',*,*,#3889,.T.);
#4666 = ORIENTED_EDGE('',*,*,#4667,.F.);
#4667 = EDGE_CURVE('',#4668,#3882,#4670,.T.);
#4668 = VERTEX_POINT('',#4669);
#4669 = CARTESIAN_POINT('',(21.050000857143,0.877734347539,
    7.921217693382));
#4670 = LINE('',#4671,#4672);
#4671 = CARTESIAN_POINT('',(21.050000857143,0.877734347539,
    7.921217693382));
#4672 = VECTOR('',#4673,1.);
#4673 = DIRECTION('',(1.,-1.224646799147E-16,0.));
#4674 = ORIENTED_EDGE('',*,*,#4675,.T.);
#4675 = EDGE_CURVE('',#4668,#4676,#4678,.T.);
#4676 = VERTEX_POINT('',#4677);
#4677 = CARTESIAN_POINT('',(21.050000857143,8.773434753874E-02,
    7.921217693382));
#4678 = LINE('',#4679,#4680);
#4679 = CARTESIAN_POINT('',(21.050000857143,0.877734347539,
    7.921217693382));
#4680 = VECTOR('',#4681,1.);
#4681 = DIRECTION('',(-1.224646799147E-16,-1.,-1.224646799147E-16));
#4682 = ORIENTED_EDGE('',*,*,#4683,.F.);
#4683 = EDGE_CURVE('',#4684,#4676,#4686,.T.);
#4684 = VERTEX_POINT('',#4685);
#4685 = CARTESIAN_POINT('',(18.950000857143,8.773434753874E-02,
    7.921217693382));
#4686 = LINE('',#4687,#4688);
#4687 = CARTESIAN_POINT('',(18.950000857143,8.773434753874E-02,
    7.921217693382));
#4688 = VECTOR('',#4689,1.);
#4689 = DIRECTION('',(1.,-1.224646799147E-16,0.));
#4690 = ORIENTED_EDGE('',*,*,#4691,.F.);
#4691 = EDGE_CURVE('',#4692,#4684,#4694,.T.);
#4692 = VERTEX_POINT('',#4693);
#4693 = CARTESIAN_POINT('',(18.950000857143,-0.462265652461,
    7.921217693382));
#4694 = LINE('',#4695,#4696);
#4695 = CARTESIAN_POINT('',(18.950000857143,-0.462265652461,
    7.921217693382));
#4696 = VECTOR('',#4697,1.);
#4697 = DIRECTION('',(1.224646799147E-16,1.,1.224646799147E-16));
#4698 = ORIENTED_EDGE('',*,*,#4699,.F.);
#4699 = EDGE_CURVE('',#4658,#4692,#4700,.T.);
#4700 = LINE('',#4701,#4702);
#4701 = CARTESIAN_POINT('',(18.850000857143,-0.462265652461,
    7.921217693382));
#4702 = VECTOR('',#4703,1.);
#4703 = DIRECTION('',(1.,-1.224646799147E-16,0.));
#4704 = PLANE('',#4705);
#4705 = AXIS2_PLACEMENT_3D('',#4706,#4707,#4708);
#4706 = CARTESIAN_POINT('',(9.750000857143,3.187734347539,7.921217693382
    ));
#4707 = DIRECTION('',(-1.499759782662E-32,-1.224646799147E-16,1.));
#4708 = DIRECTION('',(-1.224646799147E-16,-1.,-1.224646799147E-16));
#4709 = ADVANCED_FACE('',(#4710),#4758,.T.);
#4710 = FACE_BOUND('',#4711,.T.);
#4711 = EDGE_LOOP('',(#4712,#4722,#4730,#4738,#4744,#4745,#4751,#4752));
#4712 = ORIENTED_EDGE('',*,*,#4713,.F.);
#4713 = EDGE_CURVE('',#4714,#4716,#4718,.T.);
#4714 = VERTEX_POINT('',#4715);
#4715 = CARTESIAN_POINT('',(-1.549999142857,8.773434753874E-02,
    7.921217693382));
#4716 = VERTEX_POINT('',#4717);
#4717 = CARTESIAN_POINT('',(0.550000857143,8.773434753874E-02,
    7.921217693382));
#4718 = LINE('',#4719,#4720);
#4719 = CARTESIAN_POINT('',(-1.549999142857,8.773434753874E-02,
    7.921217693382));
#4720 = VECTOR('',#4721,1.);
#4721 = DIRECTION('',(1.,-1.224646799147E-16,0.));
#4722 = ORIENTED_EDGE('',*,*,#4723,.T.);
#4723 = EDGE_CURVE('',#4714,#4724,#4726,.T.);
#4724 = VERTEX_POINT('',#4725);
#4725 = CARTESIAN_POINT('',(-1.549999142857,0.877734347539,
    7.921217693382));
#4726 = LINE('',#4727,#4728);
#4727 = CARTESIAN_POINT('',(-1.549999142857,8.773434753874E-02,
    7.921217693382));
#4728 = VECTOR('',#4729,1.);
#4729 = DIRECTION('',(1.224646799147E-16,1.,1.224646799147E-16));
#4730 = ORIENTED_EDGE('',*,*,#4731,.F.);
#4731 = EDGE_CURVE('',#4732,#4724,#4734,.T.);
#4732 = VERTEX_POINT('',#4733);
#4733 = CARTESIAN_POINT('',(-2.199999142857,0.877734347539,
    7.921217693382));
#4734 = LINE('',#4735,#4736);
#4735 = CARTESIAN_POINT('',(-2.199999142857,0.877734347539,
    7.921217693382));
#4736 = VECTOR('',#4737,1.);
#4737 = DIRECTION('',(1.,-1.224646799147E-16,0.));
#4738 = ORIENTED_EDGE('',*,*,#4739,.T.);
#4739 = EDGE_CURVE('',#4732,#4179,#4740,.T.);
#4740 = LINE('',#4741,#4742);
#4741 = CARTESIAN_POINT('',(-2.199999142857,0.877734347539,
    7.921217693382));
#4742 = VECTOR('',#4743,1.);
#4743 = DIRECTION('',(-1.224646799147E-16,-1.,-1.224646799147E-16));
#4744 = ORIENTED_EDGE('',*,*,#4178,.T.);
#4745 = ORIENTED_EDGE('',*,*,#4746,.T.);
#4746 = EDGE_CURVE('',#4171,#4611,#4747,.T.);
#4747 = LINE('',#4748,#4749);
#4748 = CARTESIAN_POINT('',(0.650000857143,-0.762265652461,
    7.921217693382));
#4749 = VECTOR('',#4750,1.);
#4750 = DIRECTION('',(1.224646799147E-16,1.,1.224646799147E-16));
#4751 = ORIENTED_EDGE('',*,*,#4643,.F.);
#4752 = ORIENTED_EDGE('',*,*,#4753,.F.);
#4753 = EDGE_CURVE('',#4716,#4636,#4754,.T.);
#4754 = LINE('',#4755,#4756);
#4755 = CARTESIAN_POINT('',(0.550000857143,8.773434753874E-02,
    7.921217693382));
#4756 = VECTOR('',#4757,1.);
#4757 = DIRECTION('',(-1.224646799147E-16,-1.,-1.224646799147E-16));
#4758 = PLANE('',#4759);
#4759 = AXIS2_PLACEMENT_3D('',#4760,#4761,#4762);
#4760 = CARTESIAN_POINT('',(9.750000857143,3.187734347539,7.921217693382
    ));
#4761 = DIRECTION('',(-1.499759782662E-32,-1.224646799147E-16,1.));
#4762 = DIRECTION('',(-1.224646799147E-16,-1.,-1.224646799147E-16));
#4763 = ADVANCED_FACE('',(#4764),#4806,.F.);
#4764 = FACE_BOUND('',#4765,.T.);
#4765 = EDGE_LOOP('',(#4766,#4774,#4782,#4790,#4799,#4805));
#4766 = ORIENTED_EDGE('',*,*,#4767,.T.);
#4767 = EDGE_CURVE('',#4692,#4768,#4770,.T.);
#4768 = VERTEX_POINT('',#4769);
#4769 = CARTESIAN_POINT('',(18.950000857143,-0.462265652461,
    7.121217693382));
#4770 = LINE('',#4771,#4772);
#4771 = CARTESIAN_POINT('',(18.950000857143,-0.462265652461,
    7.921217693382));
#4772 = VECTOR('',#4773,1.);
#4773 = DIRECTION('',(1.499759782662E-32,1.224646799147E-16,-1.));
#4774 = ORIENTED_EDGE('',*,*,#4775,.F.);
#4775 = EDGE_CURVE('',#4776,#4768,#4778,.T.);
#4776 = VERTEX_POINT('',#4777);
#4777 = CARTESIAN_POINT('',(18.200000857143,-0.462265652461,
    7.121217693382));
#4778 = LINE('',#4779,#4780);
#4779 = CARTESIAN_POINT('',(18.200000857143,-0.462265652461,
    7.121217693382));
#4780 = VECTOR('',#4781,1.);
#4781 = DIRECTION('',(1.,-1.224646799147E-16,0.));
#4782 = ORIENTED_EDGE('',*,*,#4783,.F.);
#4783 = EDGE_CURVE('',#4784,#4776,#4786,.T.);
#4784 = VERTEX_POINT('',#4785);
#4785 = CARTESIAN_POINT('',(18.200000857143,-0.462265652461,
    7.137648118039));
#4786 = LINE('',#4787,#4788);
#4787 = CARTESIAN_POINT('',(18.200000857143,-0.462265652461,
    7.137648118039));
#4788 = VECTOR('',#4789,1.);
#4789 = DIRECTION('',(1.499759782662E-32,1.224646799147E-16,-1.));
#4790 = ORIENTED_EDGE('',*,*,#4791,.T.);
#4791 = EDGE_CURVE('',#4784,#4792,#4794,.T.);
#4792 = VERTEX_POINT('',#4793);
#4793 = CARTESIAN_POINT('',(18.496876188392,-0.462265652461,
    7.35621822338));
#4794 = CIRCLE('',#4795,0.5);
#4795 = AXIS2_PLACEMENT_3D('',#4796,#4797,#4798);
#4796 = CARTESIAN_POINT('',(18.072877036389,-0.462265652461,
    7.621217693382));
#4797 = DIRECTION('',(-1.224646799147E-16,-1.,-1.224646799147E-16));
#4798 = DIRECTION('',(0.254247641507,8.730403048543E-17,-0.967139150685)
  );
#4799 = ORIENTED_EDGE('',*,*,#4800,.T.);
#4800 = EDGE_CURVE('',#4792,#4658,#4801,.T.);
#4801 = LINE('',#4802,#4803);
#4802 = CARTESIAN_POINT('',(18.496876188392,-0.462265652461,
    7.35621822338));
#4803 = VECTOR('',#4804,1.);
#4804 = DIRECTION('',(0.529998940003,-1.687559914109E-16,0.847998304005)
  );
#4805 = ORIENTED_EDGE('',*,*,#4699,.T.);
#4806 = PLANE('',#4807);
#4807 = AXIS2_PLACEMENT_3D('',#4808,#4809,#4810);
#4808 = CARTESIAN_POINT('',(18.200000857143,-0.462265652461,
    7.921217693382));
#4809 = DIRECTION('',(-1.224646799147E-16,-1.,-1.224646799147E-16));
#4810 = DIRECTION('',(-1.499759782662E-32,-1.224646799147E-16,1.));
#4811 = ADVANCED_FACE('',(#4812),#4823,.F.);
#4812 = FACE_BOUND('',#4813,.T.);
#4813 = EDGE_LOOP('',(#4814,#4820,#4821,#4822));
#4814 = ORIENTED_EDGE('',*,*,#4815,.F.);
#4815 = EDGE_CURVE('',#4025,#4792,#4816,.T.);
#4816 = LINE('',#4817,#4818);
#4817 = CARTESIAN_POINT('',(18.496876188392,-0.762265652461,
    7.35621822338));
#4818 = VECTOR('',#4819,1.);
#4819 = DIRECTION('',(1.224646799147E-16,1.,1.224646799147E-16));
#4820 = ORIENTED_EDGE('',*,*,#4024,.T.);
#4821 = ORIENTED_EDGE('',*,*,#4657,.T.);
#4822 = ORIENTED_EDGE('',*,*,#4800,.F.);
#4823 = PLANE('',#4824);
#4824 = AXIS2_PLACEMENT_3D('',#4825,#4826,#4827);
#4825 = CARTESIAN_POINT('',(18.496876188392,-0.762265652461,
    7.35621822338));
#4826 = DIRECTION('',(0.847998304005,-3.894369032558E-17,-0.529998940003
    ));
#4827 = DIRECTION('',(1.224646799147E-16,1.,1.224646799147E-16));
#4828 = ADVANCED_FACE('',(#4829),#4851,.F.);
#4829 = FACE_BOUND('',#4830,.F.);
#4830 = EDGE_LOOP('',(#4831,#4839,#4840,#4841,#4842,#4843,#4844));
#4831 = ORIENTED_EDGE('',*,*,#4832,.T.);
#4832 = EDGE_CURVE('',#4833,#4784,#4835,.T.);
#4833 = VERTEX_POINT('',#4834);
#4834 = CARTESIAN_POINT('',(18.200000857143,0.287734347539,
    7.137648118039));
#4835 = LINE('',#4836,#4837);
#4836 = CARTESIAN_POINT('',(18.200000857143,0.287734347539,
    7.137648118039));
#4837 = VECTOR('',#4838,1.);
#4838 = DIRECTION('',(-1.224646799147E-16,-1.,-1.224646799147E-16));
#4839 = ORIENTED_EDGE('',*,*,#4791,.T.);
#4840 = ORIENTED_EDGE('',*,*,#4815,.F.);
#4841 = ORIENTED_EDGE('',*,*,#4032,.F.);
#4842 = ORIENTED_EDGE('',*,*,#4443,.F.);
#4843 = ORIENTED_EDGE('',*,*,#4490,.T.);
#4844 = ORIENTED_EDGE('',*,*,#4845,.T.);
#4845 = EDGE_CURVE('',#4491,#4833,#4846,.T.);
#4846 = CIRCLE('',#4847,0.5);
#4847 = AXIS2_PLACEMENT_3D('',#4848,#4849,#4850);
#4848 = CARTESIAN_POINT('',(18.072877036389,0.287734347539,
    7.621217693382));
#4849 = DIRECTION('',(-1.224646799147E-16,-1.,-1.224646799147E-16));
#4850 = DIRECTION('',(1.499759782662E-32,1.224646799147E-16,-1.));
#4851 = CYLINDRICAL_SURFACE('',#4852,0.5);
#4852 = AXIS2_PLACEMENT_3D('',#4853,#4854,#4855);
#4853 = CARTESIAN_POINT('',(18.072877036389,-0.762265652461,
    7.621217693382));
#4854 = DIRECTION('',(1.224646799147E-16,1.,1.224646799147E-16));
#4855 = DIRECTION('',(1.,-1.224646799147E-16,0.));
#4856 = ADVANCED_FACE('',(#4857),#4875,.F.);
#4857 = FACE_BOUND('',#4858,.T.);
#4858 = EDGE_LOOP('',(#4859,#4860,#4868,#4874));
#4859 = ORIENTED_EDGE('',*,*,#4783,.T.);
#4860 = ORIENTED_EDGE('',*,*,#4861,.F.);
#4861 = EDGE_CURVE('',#4862,#4776,#4864,.T.);
#4862 = VERTEX_POINT('',#4863);
#4863 = CARTESIAN_POINT('',(18.200000857143,0.287734347539,
    7.121217693382));
#4864 = LINE('',#4865,#4866);
#4865 = CARTESIAN_POINT('',(18.200000857143,0.287734347539,
    7.121217693382));
#4866 = VECTOR('',#4867,1.);
#4867 = DIRECTION('',(-1.224646799147E-16,-1.,-1.224646799147E-16));
#4868 = ORIENTED_EDGE('',*,*,#4869,.F.);
#4869 = EDGE_CURVE('',#4833,#4862,#4870,.T.);
#4870 = LINE('',#4871,#4872);
#4871 = CARTESIAN_POINT('',(18.200000857143,0.287734347539,
    7.137648118039));
#4872 = VECTOR('',#4873,1.);
#4873 = DIRECTION('',(1.499759782662E-32,1.224646799147E-16,-1.));
#4874 = ORIENTED_EDGE('',*,*,#4832,.T.);
#4875 = PLANE('',#4876);
#4876 = AXIS2_PLACEMENT_3D('',#4877,#4878,#4879);
#4877 = CARTESIAN_POINT('',(18.200000857143,0.287734347539,
    7.921217693382));
#4878 = DIRECTION('',(-1.,1.224646799147E-16,0.));
#4879 = DIRECTION('',(1.224646799147E-16,1.,1.224646799147E-16));
#4880 = ADVANCED_FACE('',(#4881),#5404,.F.);
#4881 = FACE_BOUND('',#4882,.T.);
#4882 = EDGE_LOOP('',(#4883,#4893,#4901,#4909,#4917,#4925,#4933,#4941,
    #4949,#4957,#4965,#4973,#4981,#4989,#4997,#5005,#5013,#5021,#5029,
    #5037,#5045,#5053,#5061,#5069,#5077,#5085,#5093,#5101,#5109,#5117,
    #5125,#5133,#5141,#5149,#5157,#5165,#5173,#5181,#5189,#5197,#5205,
    #5213,#5221,#5229,#5237,#5245,#5253,#5261,#5269,#5277,#5285,#5291,
    #5292,#5298,#5299,#5300,#5308,#5316,#5324,#5332,#5338,#5339,#5340,
    #5341,#5342,#5350,#5358,#5366,#5372,#5373,#5374,#5382,#5390,#5398));
#4883 = ORIENTED_EDGE('',*,*,#4884,.F.);
#4884 = EDGE_CURVE('',#4885,#4887,#4889,.T.);
#4885 = VERTEX_POINT('',#4886);
#4886 = CARTESIAN_POINT('',(18.125000857143,0.287734347539,
    2.651217693382));
#4887 = VERTEX_POINT('',#4888);
#4888 = CARTESIAN_POINT('',(19.375000857143,0.287734347539,
    2.651217693382));
#4889 = LINE('',#4890,#4891);
#4890 = CARTESIAN_POINT('',(18.125000857143,0.287734347539,
    2.651217693382));
#4891 = VECTOR('',#4892,1.);
#4892 = DIRECTION('',(1.,-1.224646799147E-16,0.));
#4893 = ORIENTED_EDGE('',*,*,#4894,.T.);
#4894 = EDGE_CURVE('',#4885,#4895,#4897,.T.);
#4895 = VERTEX_POINT('',#4896);
#4896 = CARTESIAN_POINT('',(18.125000857143,0.287734347539,
    5.077407590802));
#4897 = LINE('',#4898,#4899);
#4898 = CARTESIAN_POINT('',(18.125000857143,0.287734347539,
    2.651217693382));
#4899 = VECTOR('',#4900,1.);
#4900 = DIRECTION('',(-1.499759782662E-32,-1.224646799147E-16,1.));
#4901 = ORIENTED_EDGE('',*,*,#4902,.F.);
#4902 = EDGE_CURVE('',#4903,#4895,#4905,.T.);
#4903 = VERTEX_POINT('',#4904);
#4904 = CARTESIAN_POINT('',(17.875000857143,0.287734347539,
    5.077407590802));
#4905 = LINE('',#4906,#4907);
#4906 = CARTESIAN_POINT('',(17.875000857143,0.287734347539,
    5.077407590802));
#4907 = VECTOR('',#4908,1.);
#4908 = DIRECTION('',(1.,-1.224646799147E-16,0.));
#4909 = ORIENTED_EDGE('',*,*,#4910,.F.);
#4910 = EDGE_CURVE('',#4911,#4903,#4913,.T.);
#4911 = VERTEX_POINT('',#4912);
#4912 = CARTESIAN_POINT('',(17.875000857143,0.287734347539,
    2.651217693382));
#4913 = LINE('',#4914,#4915);
#4914 = CARTESIAN_POINT('',(17.875000857143,0.287734347539,
    2.651217693382));
#4915 = VECTOR('',#4916,1.);
#4916 = DIRECTION('',(-1.499759782662E-32,-1.224646799147E-16,1.));
#4917 = ORIENTED_EDGE('',*,*,#4918,.F.);
#4918 = EDGE_CURVE('',#4919,#4911,#4921,.T.);
#4919 = VERTEX_POINT('',#4920);
#4920 = CARTESIAN_POINT('',(16.625000857143,0.287734347539,
    2.651217693382));
#4921 = LINE('',#4922,#4923);
#4922 = CARTESIAN_POINT('',(16.625000857143,0.287734347539,
    2.651217693382));
#4923 = VECTOR('',#4924,1.);
#4924 = DIRECTION('',(1.,-1.224646799147E-16,0.));
#4925 = ORIENTED_EDGE('',*,*,#4926,.T.);
#4926 = EDGE_CURVE('',#4919,#4927,#4929,.T.);
#4927 = VERTEX_POINT('',#4928);
#4928 = CARTESIAN_POINT('',(16.625000857143,0.287734347539,
    5.077407590802));
#4929 = LINE('',#4930,#4931);
#4930 = CARTESIAN_POINT('',(16.625000857143,0.287734347539,
    2.651217693382));
#4931 = VECTOR('',#4932,1.);
#4932 = DIRECTION('',(-1.499759782662E-32,-1.224646799147E-16,1.));
#4933 = ORIENTED_EDGE('',*,*,#4934,.F.);
#4934 = EDGE_CURVE('',#4935,#4927,#4937,.T.);
#4935 = VERTEX_POINT('',#4936);
#4936 = CARTESIAN_POINT('',(16.375000857143,0.287734347539,
    5.077407590802));
#4937 = LINE('',#4938,#4939);
#4938 = CARTESIAN_POINT('',(16.375000857143,0.287734347539,
    5.077407590802));
#4939 = VECTOR('',#4940,1.);
#4940 = DIRECTION('',(1.,-1.224646799147E-16,0.));
#4941 = ORIENTED_EDGE('',*,*,#4942,.F.);
#4942 = EDGE_CURVE('',#4943,#4935,#4945,.T.);
#4943 = VERTEX_POINT('',#4944);
#4944 = CARTESIAN_POINT('',(16.375000857143,0.287734347539,
    2.651217693382));
#4945 = LINE('',#4946,#4947);
#4946 = CARTESIAN_POINT('',(16.375000857143,0.287734347539,
    2.651217693382));
#4947 = VECTOR('',#4948,1.);
#4948 = DIRECTION('',(-1.499759782662E-32,-1.224646799147E-16,1.));
#4949 = ORIENTED_EDGE('',*,*,#4950,.F.);
#4950 = EDGE_CURVE('',#4951,#4943,#4953,.T.);
#4951 = VERTEX_POINT('',#4952);
#4952 = CARTESIAN_POINT('',(15.125000857143,0.287734347539,
    2.651217693382));
#4953 = LINE('',#4954,#4955);
#4954 = CARTESIAN_POINT('',(15.125000857143,0.287734347539,
    2.651217693382));
#4955 = VECTOR('',#4956,1.);
#4956 = DIRECTION('',(1.,-1.224646799147E-16,0.));
#4957 = ORIENTED_EDGE('',*,*,#4958,.T.);
#4958 = EDGE_CURVE('',#4951,#4959,#4961,.T.);
#4959 = VERTEX_POINT('',#4960);
#4960 = CARTESIAN_POINT('',(15.125000857143,0.287734347539,
    5.077407590802));
#4961 = LINE('',#4962,#4963);
#4962 = CARTESIAN_POINT('',(15.125000857143,0.287734347539,
    2.651217693382));
#4963 = VECTOR('',#4964,1.);
#4964 = DIRECTION('',(-1.499759782662E-32,-1.224646799147E-16,1.));
#4965 = ORIENTED_EDGE('',*,*,#4966,.F.);
#4966 = EDGE_CURVE('',#4967,#4959,#4969,.T.);
#4967 = VERTEX_POINT('',#4968);
#4968 = CARTESIAN_POINT('',(14.875000857143,0.287734347539,
    5.077407590802));
#4969 = LINE('',#4970,#4971);
#4970 = CARTESIAN_POINT('',(14.875000857143,0.287734347539,
    5.077407590802));
#4971 = VECTOR('',#4972,1.);
#4972 = DIRECTION('',(1.,-1.224646799147E-16,0.));
#4973 = ORIENTED_EDGE('',*,*,#4974,.F.);
#4974 = EDGE_CURVE('',#4975,#4967,#4977,.T.);
#4975 = VERTEX_POINT('',#4976);
#4976 = CARTESIAN_POINT('',(14.875000857143,0.287734347539,
    2.651217693382));
#4977 = LINE('',#4978,#4979);
#4978 = CARTESIAN_POINT('',(14.875000857143,0.287734347539,
    2.651217693382));
#4979 = VECTOR('',#4980,1.);
#4980 = DIRECTION('',(-1.499759782662E-32,-1.224646799147E-16,1.));
#4981 = ORIENTED_EDGE('',*,*,#4982,.F.);
#4982 = EDGE_CURVE('',#4983,#4975,#4985,.T.);
#4983 = VERTEX_POINT('',#4984);
#4984 = CARTESIAN_POINT('',(13.625000857143,0.287734347539,
    2.651217693382));
#4985 = LINE('',#4986,#4987);
#4986 = CARTESIAN_POINT('',(13.625000857143,0.287734347539,
    2.651217693382));
#4987 = VECTOR('',#4988,1.);
#4988 = DIRECTION('',(1.,-1.224646799147E-16,0.));
#4989 = ORIENTED_EDGE('',*,*,#4990,.T.);
#4990 = EDGE_CURVE('',#4983,#4991,#4993,.T.);
#4991 = VERTEX_POINT('',#4992);
#4992 = CARTESIAN_POINT('',(13.625000857143,0.287734347539,
    5.077407590802));
#4993 = LINE('',#4994,#4995);
#4994 = CARTESIAN_POINT('',(13.625000857143,0.287734347539,
    2.651217693382));
#4995 = VECTOR('',#4996,1.);
#4996 = DIRECTION('',(-1.499759782662E-32,-1.224646799147E-16,1.));
#4997 = ORIENTED_EDGE('',*,*,#4998,.F.);
#4998 = EDGE_CURVE('',#4999,#4991,#5001,.T.);
#4999 = VERTEX_POINT('',#5000);
#5000 = CARTESIAN_POINT('',(13.375000857143,0.287734347539,
    5.077407590802));
#5001 = LINE('',#5002,#5003);
#5002 = CARTESIAN_POINT('',(13.375000857143,0.287734347539,
    5.077407590802));
#5003 = VECTOR('',#5004,1.);
#5004 = DIRECTION('',(1.,-1.224646799147E-16,0.));
#5005 = ORIENTED_EDGE('',*,*,#5006,.F.);
#5006 = EDGE_CURVE('',#5007,#4999,#5009,.T.);
#5007 = VERTEX_POINT('',#5008);
#5008 = CARTESIAN_POINT('',(13.375000857143,0.287734347539,
    2.651217693382));
#5009 = LINE('',#5010,#5011);
#5010 = CARTESIAN_POINT('',(13.375000857143,0.287734347539,
    2.651217693382));
#5011 = VECTOR('',#5012,1.);
#5012 = DIRECTION('',(-1.499759782662E-32,-1.224646799147E-16,1.));
#5013 = ORIENTED_EDGE('',*,*,#5014,.F.);
#5014 = EDGE_CURVE('',#5015,#5007,#5017,.T.);
#5015 = VERTEX_POINT('',#5016);
#5016 = CARTESIAN_POINT('',(12.125000857143,0.287734347539,
    2.651217693382));
#5017 = LINE('',#5018,#5019);
#5018 = CARTESIAN_POINT('',(12.125000857143,0.287734347539,
    2.651217693382));
#5019 = VECTOR('',#5020,1.);
#5020 = DIRECTION('',(1.,-1.224646799147E-16,0.));
#5021 = ORIENTED_EDGE('',*,*,#5022,.T.);
#5022 = EDGE_CURVE('',#5015,#5023,#5025,.T.);
#5023 = VERTEX_POINT('',#5024);
#5024 = CARTESIAN_POINT('',(12.125000857143,0.287734347539,
    5.077407590802));
#5025 = LINE('',#5026,#5027);
#5026 = CARTESIAN_POINT('',(12.125000857143,0.287734347539,
    2.651217693382));
#5027 = VECTOR('',#5028,1.);
#5028 = DIRECTION('',(-1.499759782662E-32,-1.224646799147E-16,1.));
#5029 = ORIENTED_EDGE('',*,*,#5030,.F.);
#5030 = EDGE_CURVE('',#5031,#5023,#5033,.T.);
#5031 = VERTEX_POINT('',#5032);
#5032 = CARTESIAN_POINT('',(11.875000857143,0.287734347539,
    5.077407590802));
#5033 = LINE('',#5034,#5035);
#5034 = CARTESIAN_POINT('',(11.875000857143,0.287734347539,
    5.077407590802));
#5035 = VECTOR('',#5036,1.);
#5036 = DIRECTION('',(1.,-1.224646799147E-16,0.));
#5037 = ORIENTED_EDGE('',*,*,#5038,.F.);
#5038 = EDGE_CURVE('',#5039,#5031,#5041,.T.);
#5039 = VERTEX_POINT('',#5040);
#5040 = CARTESIAN_POINT('',(11.875000857143,0.287734347539,
    2.651217693382));
#5041 = LINE('',#5042,#5043);
#5042 = CARTESIAN_POINT('',(11.875000857143,0.287734347539,
    2.651217693382));
#5043 = VECTOR('',#5044,1.);
#5044 = DIRECTION('',(-1.499759782662E-32,-1.224646799147E-16,1.));
#5045 = ORIENTED_EDGE('',*,*,#5046,.F.);
#5046 = EDGE_CURVE('',#5047,#5039,#5049,.T.);
#5047 = VERTEX_POINT('',#5048);
#5048 = CARTESIAN_POINT('',(10.625000857143,0.287734347539,
    2.651217693382));
#5049 = LINE('',#5050,#5051);
#5050 = CARTESIAN_POINT('',(10.625000857143,0.287734347539,
    2.651217693382));
#5051 = VECTOR('',#5052,1.);
#5052 = DIRECTION('',(1.,-1.224646799147E-16,0.));
#5053 = ORIENTED_EDGE('',*,*,#5054,.T.);
#5054 = EDGE_CURVE('',#5047,#5055,#5057,.T.);
#5055 = VERTEX_POINT('',#5056);
#5056 = CARTESIAN_POINT('',(10.625000857143,0.287734347539,
    5.077407590802));
#5057 = LINE('',#5058,#5059);
#5058 = CARTESIAN_POINT('',(10.625000857143,0.287734347539,
    2.651217693382));
#5059 = VECTOR('',#5060,1.);
#5060 = DIRECTION('',(-1.499759782662E-32,-1.224646799147E-16,1.));
#5061 = ORIENTED_EDGE('',*,*,#5062,.F.);
#5062 = EDGE_CURVE('',#5063,#5055,#5065,.T.);
#5063 = VERTEX_POINT('',#5064);
#5064 = CARTESIAN_POINT('',(10.375000857143,0.287734347539,
    5.077407590802));
#5065 = LINE('',#5066,#5067);
#5066 = CARTESIAN_POINT('',(10.375000857143,0.287734347539,
    5.077407590802));
#5067 = VECTOR('',#5068,1.);
#5068 = DIRECTION('',(1.,-1.224646799147E-16,0.));
#5069 = ORIENTED_EDGE('',*,*,#5070,.F.);
#5070 = EDGE_CURVE('',#5071,#5063,#5073,.T.);
#5071 = VERTEX_POINT('',#5072);
#5072 = CARTESIAN_POINT('',(10.375000857143,0.287734347539,
    2.651217693382));
#5073 = LINE('',#5074,#5075);
#5074 = CARTESIAN_POINT('',(10.375000857143,0.287734347539,
    2.651217693382));
#5075 = VECTOR('',#5076,1.);
#5076 = DIRECTION('',(-1.499759782662E-32,-1.224646799147E-16,1.));
#5077 = ORIENTED_EDGE('',*,*,#5078,.F.);
#5078 = EDGE_CURVE('',#5079,#5071,#5081,.T.);
#5079 = VERTEX_POINT('',#5080);
#5080 = CARTESIAN_POINT('',(9.125000857143,0.287734347539,2.651217693382
    ));
#5081 = LINE('',#5082,#5083);
#5082 = CARTESIAN_POINT('',(9.125000857143,0.287734347539,2.651217693382
    ));
#5083 = VECTOR('',#5084,1.);
#5084 = DIRECTION('',(1.,-1.224646799147E-16,0.));
#5085 = ORIENTED_EDGE('',*,*,#5086,.T.);
#5086 = EDGE_CURVE('',#5079,#5087,#5089,.T.);
#5087 = VERTEX_POINT('',#5088);
#5088 = CARTESIAN_POINT('',(9.125000857143,0.287734347539,5.077407590802
    ));
#5089 = LINE('',#5090,#5091);
#5090 = CARTESIAN_POINT('',(9.125000857143,0.287734347539,2.651217693382
    ));
#5091 = VECTOR('',#5092,1.);
#5092 = DIRECTION('',(-1.499759782662E-32,-1.224646799147E-16,1.));
#5093 = ORIENTED_EDGE('',*,*,#5094,.F.);
#5094 = EDGE_CURVE('',#5095,#5087,#5097,.T.);
#5095 = VERTEX_POINT('',#5096);
#5096 = CARTESIAN_POINT('',(8.875000857143,0.287734347539,5.077407590802
    ));
#5097 = LINE('',#5098,#5099);
#5098 = CARTESIAN_POINT('',(8.875000857143,0.287734347539,5.077407590802
    ));
#5099 = VECTOR('',#5100,1.);
#5100 = DIRECTION('',(1.,-1.224646799147E-16,0.));
#5101 = ORIENTED_EDGE('',*,*,#5102,.F.);
#5102 = EDGE_CURVE('',#5103,#5095,#5105,.T.);
#5103 = VERTEX_POINT('',#5104);
#5104 = CARTESIAN_POINT('',(8.875000857143,0.287734347539,2.651217693382
    ));
#5105 = LINE('',#5106,#5107);
#5106 = CARTESIAN_POINT('',(8.875000857143,0.287734347539,2.651217693382
    ));
#5107 = VECTOR('',#5108,1.);
#5108 = DIRECTION('',(-1.499759782662E-32,-1.224646799147E-16,1.));
#5109 = ORIENTED_EDGE('',*,*,#5110,.F.);
#5110 = EDGE_CURVE('',#5111,#5103,#5113,.T.);
#5111 = VERTEX_POINT('',#5112);
#5112 = CARTESIAN_POINT('',(7.625000857143,0.287734347539,2.651217693382
    ));
#5113 = LINE('',#5114,#5115);
#5114 = CARTESIAN_POINT('',(7.625000857143,0.287734347539,2.651217693382
    ));
#5115 = VECTOR('',#5116,1.);
#5116 = DIRECTION('',(1.,-1.224646799147E-16,0.));
#5117 = ORIENTED_EDGE('',*,*,#5118,.T.);
#5118 = EDGE_CURVE('',#5111,#5119,#5121,.T.);
#5119 = VERTEX_POINT('',#5120);
#5120 = CARTESIAN_POINT('',(7.625000857143,0.287734347539,5.077407590802
    ));
#5121 = LINE('',#5122,#5123);
#5122 = CARTESIAN_POINT('',(7.625000857143,0.287734347539,2.651217693382
    ));
#5123 = VECTOR('',#5124,1.);
#5124 = DIRECTION('',(-1.499759782662E-32,-1.224646799147E-16,1.));
#5125 = ORIENTED_EDGE('',*,*,#5126,.F.);
#5126 = EDGE_CURVE('',#5127,#5119,#5129,.T.);
#5127 = VERTEX_POINT('',#5128);
#5128 = CARTESIAN_POINT('',(7.375000857143,0.287734347539,5.077407590802
    ));
#5129 = LINE('',#5130,#5131);
#5130 = CARTESIAN_POINT('',(7.375000857143,0.287734347539,5.077407590802
    ));
#5131 = VECTOR('',#5132,1.);
#5132 = DIRECTION('',(1.,-1.224646799147E-16,0.));
#5133 = ORIENTED_EDGE('',*,*,#5134,.F.);
#5134 = EDGE_CURVE('',#5135,#5127,#5137,.T.);
#5135 = VERTEX_POINT('',#5136);
#5136 = CARTESIAN_POINT('',(7.375000857143,0.287734347539,2.651217693382
    ));
#5137 = LINE('',#5138,#5139);
#5138 = CARTESIAN_POINT('',(7.375000857143,0.287734347539,2.651217693382
    ));
#5139 = VECTOR('',#5140,1.);
#5140 = DIRECTION('',(-1.499759782662E-32,-1.224646799147E-16,1.));
#5141 = ORIENTED_EDGE('',*,*,#5142,.F.);
#5142 = EDGE_CURVE('',#5143,#5135,#5145,.T.);
#5143 = VERTEX_POINT('',#5144);
#5144 = CARTESIAN_POINT('',(6.125000857143,0.287734347539,2.651217693382
    ));
#5145 = LINE('',#5146,#5147);
#5146 = CARTESIAN_POINT('',(6.125000857143,0.287734347539,2.651217693382
    ));
#5147 = VECTOR('',#5148,1.);
#5148 = DIRECTION('',(1.,-1.224646799147E-16,0.));
#5149 = ORIENTED_EDGE('',*,*,#5150,.T.);
#5150 = EDGE_CURVE('',#5143,#5151,#5153,.T.);
#5151 = VERTEX_POINT('',#5152);
#5152 = CARTESIAN_POINT('',(6.125000857143,0.287734347539,5.077407590802
    ));
#5153 = LINE('',#5154,#5155);
#5154 = CARTESIAN_POINT('',(6.125000857143,0.287734347539,2.651217693382
    ));
#5155 = VECTOR('',#5156,1.);
#5156 = DIRECTION('',(-1.499759782662E-32,-1.224646799147E-16,1.));
#5157 = ORIENTED_EDGE('',*,*,#5158,.F.);
#5158 = EDGE_CURVE('',#5159,#5151,#5161,.T.);
#5159 = VERTEX_POINT('',#5160);
#5160 = CARTESIAN_POINT('',(5.875000857143,0.287734347539,5.077407590802
    ));
#5161 = LINE('',#5162,#5163);
#5162 = CARTESIAN_POINT('',(5.875000857143,0.287734347539,5.077407590802
    ));
#5163 = VECTOR('',#5164,1.);
#5164 = DIRECTION('',(1.,-1.224646799147E-16,0.));
#5165 = ORIENTED_EDGE('',*,*,#5166,.F.);
#5166 = EDGE_CURVE('',#5167,#5159,#5169,.T.);
#5167 = VERTEX_POINT('',#5168);
#5168 = CARTESIAN_POINT('',(5.875000857143,0.287734347539,2.651217693382
    ));
#5169 = LINE('',#5170,#5171);
#5170 = CARTESIAN_POINT('',(5.875000857143,0.287734347539,2.651217693382
    ));
#5171 = VECTOR('',#5172,1.);
#5172 = DIRECTION('',(-1.499759782662E-32,-1.224646799147E-16,1.));
#5173 = ORIENTED_EDGE('',*,*,#5174,.F.);
#5174 = EDGE_CURVE('',#5175,#5167,#5177,.T.);
#5175 = VERTEX_POINT('',#5176);
#5176 = CARTESIAN_POINT('',(4.625000857143,0.287734347539,2.651217693382
    ));
#5177 = LINE('',#5178,#5179);
#5178 = CARTESIAN_POINT('',(4.625000857143,0.287734347539,2.651217693382
    ));
#5179 = VECTOR('',#5180,1.);
#5180 = DIRECTION('',(1.,-1.224646799147E-16,0.));
#5181 = ORIENTED_EDGE('',*,*,#5182,.T.);
#5182 = EDGE_CURVE('',#5175,#5183,#5185,.T.);
#5183 = VERTEX_POINT('',#5184);
#5184 = CARTESIAN_POINT('',(4.625000857143,0.287734347539,5.077407590802
    ));
#5185 = LINE('',#5186,#5187);
#5186 = CARTESIAN_POINT('',(4.625000857143,0.287734347539,2.651217693382
    ));
#5187 = VECTOR('',#5188,1.);
#5188 = DIRECTION('',(-1.499759782662E-32,-1.224646799147E-16,1.));
#5189 = ORIENTED_EDGE('',*,*,#5190,.F.);
#5190 = EDGE_CURVE('',#5191,#5183,#5193,.T.);
#5191 = VERTEX_POINT('',#5192);
#5192 = CARTESIAN_POINT('',(4.375000857143,0.287734347539,5.077407590802
    ));
#5193 = LINE('',#5194,#5195);
#5194 = CARTESIAN_POINT('',(4.375000857143,0.287734347539,5.077407590802
    ));
#5195 = VECTOR('',#5196,1.);
#5196 = DIRECTION('',(1.,-1.224646799147E-16,0.));
#5197 = ORIENTED_EDGE('',*,*,#5198,.F.);
#5198 = EDGE_CURVE('',#5199,#5191,#5201,.T.);
#5199 = VERTEX_POINT('',#5200);
#5200 = CARTESIAN_POINT('',(4.375000857143,0.287734347539,2.651217693382
    ));
#5201 = LINE('',#5202,#5203);
#5202 = CARTESIAN_POINT('',(4.375000857143,0.287734347539,2.651217693382
    ));
#5203 = VECTOR('',#5204,1.);
#5204 = DIRECTION('',(-1.499759782662E-32,-1.224646799147E-16,1.));
#5205 = ORIENTED_EDGE('',*,*,#5206,.F.);
#5206 = EDGE_CURVE('',#5207,#5199,#5209,.T.);
#5207 = VERTEX_POINT('',#5208);
#5208 = CARTESIAN_POINT('',(3.125000857143,0.287734347539,2.651217693382
    ));
#5209 = LINE('',#5210,#5211);
#5210 = CARTESIAN_POINT('',(3.125000857143,0.287734347539,2.651217693382
    ));
#5211 = VECTOR('',#5212,1.);
#5212 = DIRECTION('',(1.,-1.224646799147E-16,0.));
#5213 = ORIENTED_EDGE('',*,*,#5214,.T.);
#5214 = EDGE_CURVE('',#5207,#5215,#5217,.T.);
#5215 = VERTEX_POINT('',#5216);
#5216 = CARTESIAN_POINT('',(3.125000857143,0.287734347539,5.077407590802
    ));
#5217 = LINE('',#5218,#5219);
#5218 = CARTESIAN_POINT('',(3.125000857143,0.287734347539,2.651217693382
    ));
#5219 = VECTOR('',#5220,1.);
#5220 = DIRECTION('',(-1.499759782662E-32,-1.224646799147E-16,1.));
#5221 = ORIENTED_EDGE('',*,*,#5222,.F.);
#5222 = EDGE_CURVE('',#5223,#5215,#5225,.T.);
#5223 = VERTEX_POINT('',#5224);
#5224 = CARTESIAN_POINT('',(2.875000857143,0.287734347539,5.077407590802
    ));
#5225 = LINE('',#5226,#5227);
#5226 = CARTESIAN_POINT('',(2.875000857143,0.287734347539,5.077407590802
    ));
#5227 = VECTOR('',#5228,1.);
#5228 = DIRECTION('',(1.,-1.224646799147E-16,0.));
#5229 = ORIENTED_EDGE('',*,*,#5230,.F.);
#5230 = EDGE_CURVE('',#5231,#5223,#5233,.T.);
#5231 = VERTEX_POINT('',#5232);
#5232 = CARTESIAN_POINT('',(2.875000857143,0.287734347539,2.651217693382
    ));
#5233 = LINE('',#5234,#5235);
#5234 = CARTESIAN_POINT('',(2.875000857143,0.287734347539,2.651217693382
    ));
#5235 = VECTOR('',#5236,1.);
#5236 = DIRECTION('',(-1.499759782662E-32,-1.224646799147E-16,1.));
#5237 = ORIENTED_EDGE('',*,*,#5238,.F.);
#5238 = EDGE_CURVE('',#5239,#5231,#5241,.T.);
#5239 = VERTEX_POINT('',#5240);
#5240 = CARTESIAN_POINT('',(1.625000857143,0.287734347539,2.651217693382
    ));
#5241 = LINE('',#5242,#5243);
#5242 = CARTESIAN_POINT('',(1.625000857143,0.287734347539,2.651217693382
    ));
#5243 = VECTOR('',#5244,1.);
#5244 = DIRECTION('',(1.,-1.224646799147E-16,0.));
#5245 = ORIENTED_EDGE('',*,*,#5246,.T.);
#5246 = EDGE_CURVE('',#5239,#5247,#5249,.T.);
#5247 = VERTEX_POINT('',#5248);
#5248 = CARTESIAN_POINT('',(1.625000857143,0.287734347539,5.077407590802
    ));
#5249 = LINE('',#5250,#5251);
#5250 = CARTESIAN_POINT('',(1.625000857143,0.287734347539,2.651217693382
    ));
#5251 = VECTOR('',#5252,1.);
#5252 = DIRECTION('',(-1.499759782662E-32,-1.224646799147E-16,1.));
#5253 = ORIENTED_EDGE('',*,*,#5254,.F.);
#5254 = EDGE_CURVE('',#5255,#5247,#5257,.T.);
#5255 = VERTEX_POINT('',#5256);
#5256 = CARTESIAN_POINT('',(1.375000857143,0.287734347539,5.077407590802
    ));
#5257 = LINE('',#5258,#5259);
#5258 = CARTESIAN_POINT('',(1.375000857143,0.287734347539,5.077407590802
    ));
#5259 = VECTOR('',#5260,1.);
#5260 = DIRECTION('',(1.,-1.224646799147E-16,0.));
#5261 = ORIENTED_EDGE('',*,*,#5262,.F.);
#5262 = EDGE_CURVE('',#5263,#5255,#5265,.T.);
#5263 = VERTEX_POINT('',#5264);
#5264 = CARTESIAN_POINT('',(1.375000857143,0.287734347539,2.651217693382
    ));
#5265 = LINE('',#5266,#5267);
#5266 = CARTESIAN_POINT('',(1.375000857143,0.287734347539,2.651217693382
    ));
#5267 = VECTOR('',#5268,1.);
#5268 = DIRECTION('',(-1.499759782662E-32,-1.224646799147E-16,1.));
#5269 = ORIENTED_EDGE('',*,*,#5270,.F.);
#5270 = EDGE_CURVE('',#5271,#5263,#5273,.T.);
#5271 = VERTEX_POINT('',#5272);
#5272 = CARTESIAN_POINT('',(0.125000857143,0.287734347539,2.651217693382
    ));
#5273 = LINE('',#5274,#5275);
#5274 = CARTESIAN_POINT('',(0.125000857143,0.287734347539,2.651217693382
    ));
#5275 = VECTOR('',#5276,1.);
#5276 = DIRECTION('',(1.,-1.224646799147E-16,0.));
#5277 = ORIENTED_EDGE('',*,*,#5278,.T.);
#5278 = EDGE_CURVE('',#5271,#5279,#5281,.T.);
#5279 = VERTEX_POINT('',#5280);
#5280 = CARTESIAN_POINT('',(0.125000857143,0.287734347539,5.077407590802
    ));
#5281 = LINE('',#5282,#5283);
#5282 = CARTESIAN_POINT('',(0.125000857143,0.287734347539,2.651217693382
    ));
#5283 = VECTOR('',#5284,1.);
#5284 = DIRECTION('',(-1.499759782662E-32,-1.224646799147E-16,1.));
#5285 = ORIENTED_EDGE('',*,*,#5286,.F.);
#5286 = EDGE_CURVE('',#1022,#5279,#5287,.T.);
#5287 = LINE('',#5288,#5289);
#5288 = CARTESIAN_POINT('',(-0.124999142857,0.287734347539,
    5.077407590802));
#5289 = VECTOR('',#5290,1.);
#5290 = DIRECTION('',(1.,-1.224646799147E-16,0.));
#5291 = ORIENTED_EDGE('',*,*,#1021,.F.);
#5292 = ORIENTED_EDGE('',*,*,#5293,.F.);
#5293 = EDGE_CURVE('',#1712,#1014,#5294,.T.);
#5294 = LINE('',#5295,#5296);
#5295 = CARTESIAN_POINT('',(-0.599999142857,0.287734347539,
    2.651217693382));
#5296 = VECTOR('',#5297,1.);
#5297 = DIRECTION('',(1.,-1.224646799147E-16,0.));
#5298 = ORIENTED_EDGE('',*,*,#1711,.T.);
#5299 = ORIENTED_EDGE('',*,*,#2092,.F.);
#5300 = ORIENTED_EDGE('',*,*,#5301,.F.);
#5301 = EDGE_CURVE('',#5302,#2085,#5304,.T.);
#5302 = VERTEX_POINT('',#5303);
#5303 = CARTESIAN_POINT('',(-1.449999142857,0.287734347539,
    7.721217693382));
#5304 = LINE('',#5305,#5306);
#5305 = CARTESIAN_POINT('',(-1.449999142857,0.287734347539,
    7.721217693382));
#5306 = VECTOR('',#5307,1.);
#5307 = DIRECTION('',(1.499759782662E-32,1.224646799147E-16,-1.));
#5308 = ORIENTED_EDGE('',*,*,#5309,.T.);
#5309 = EDGE_CURVE('',#5302,#5310,#5312,.T.);
#5310 = VERTEX_POINT('',#5311);
#5311 = CARTESIAN_POINT('',(0.550000857143,0.287734347539,7.721217693382
    ));
#5312 = LINE('',#5313,#5314);
#5313 = CARTESIAN_POINT('',(-1.449999142857,0.287734347539,
    7.721217693382));
#5314 = VECTOR('',#5315,1.);
#5315 = DIRECTION('',(1.,-1.224646799147E-16,0.));
#5316 = ORIENTED_EDGE('',*,*,#5317,.T.);
#5317 = EDGE_CURVE('',#5310,#5318,#5320,.T.);
#5318 = VERTEX_POINT('',#5319);
#5319 = CARTESIAN_POINT('',(0.550000857143,0.287734347539,7.121217693382
    ));
#5320 = LINE('',#5321,#5322);
#5321 = CARTESIAN_POINT('',(0.550000857143,0.287734347539,7.721217693382
    ));
#5322 = VECTOR('',#5323,1.);
#5323 = DIRECTION('',(1.499759782662E-32,1.224646799147E-16,-1.));
#5324 = ORIENTED_EDGE('',*,*,#5325,.T.);
#5325 = EDGE_CURVE('',#5318,#5326,#5328,.T.);
#5326 = VERTEX_POINT('',#5327);
#5327 = CARTESIAN_POINT('',(1.300000857143,0.287734347539,7.121217693382
    ));
#5328 = LINE('',#5329,#5330);
#5329 = CARTESIAN_POINT('',(0.550000857143,0.287734347539,7.121217693382
    ));
#5330 = VECTOR('',#5331,1.);
#5331 = DIRECTION('',(1.,-1.224646799147E-16,0.));
#5332 = ORIENTED_EDGE('',*,*,#5333,.F.);
#5333 = EDGE_CURVE('',#4579,#5326,#5334,.T.);
#5334 = LINE('',#5335,#5336);
#5335 = CARTESIAN_POINT('',(1.300000857143,0.287734347539,7.137648118039
    ));
#5336 = VECTOR('',#5337,1.);
#5337 = DIRECTION('',(1.499759782662E-32,1.224646799147E-16,-1.));
#5338 = ORIENTED_EDGE('',*,*,#4586,.T.);
#5339 = ORIENTED_EDGE('',*,*,#4498,.T.);
#5340 = ORIENTED_EDGE('',*,*,#4845,.T.);
#5341 = ORIENTED_EDGE('',*,*,#4869,.T.);
#5342 = ORIENTED_EDGE('',*,*,#5343,.T.);
#5343 = EDGE_CURVE('',#4862,#5344,#5346,.T.);
#5344 = VERTEX_POINT('',#5345);
#5345 = CARTESIAN_POINT('',(18.950000857143,0.287734347539,
    7.121217693382));
#5346 = LINE('',#5347,#5348);
#5347 = CARTESIAN_POINT('',(18.200000857143,0.287734347539,
    7.121217693382));
#5348 = VECTOR('',#5349,1.);
#5349 = DIRECTION('',(1.,-1.224646799147E-16,0.));
#5350 = ORIENTED_EDGE('',*,*,#5351,.F.);
#5351 = EDGE_CURVE('',#5352,#5344,#5354,.T.);
#5352 = VERTEX_POINT('',#5353);
#5353 = CARTESIAN_POINT('',(18.950000857143,0.287734347539,
    7.721217693382));
#5354 = LINE('',#5355,#5356);
#5355 = CARTESIAN_POINT('',(18.950000857143,0.287734347539,
    7.721217693382));
#5356 = VECTOR('',#5357,1.);
#5357 = DIRECTION('',(1.499759782662E-32,1.224646799147E-16,-1.));
#5358 = ORIENTED_EDGE('',*,*,#5359,.T.);
#5359 = EDGE_CURVE('',#5352,#5360,#5362,.T.);
#5360 = VERTEX_POINT('',#5361);
#5361 = CARTESIAN_POINT('',(20.950000857143,0.287734347539,
    7.721217693382));
#5362 = LINE('',#5363,#5364);
#5363 = CARTESIAN_POINT('',(18.950000857143,0.287734347539,
    7.721217693382));
#5364 = VECTOR('',#5365,1.);
#5365 = DIRECTION('',(1.,-1.224646799147E-16,0.));
#5366 = ORIENTED_EDGE('',*,*,#5367,.T.);
#5367 = EDGE_CURVE('',#5360,#2102,#5368,.T.);
#5368 = LINE('',#5369,#5370);
#5369 = CARTESIAN_POINT('',(20.950000857143,0.287734347539,
    7.721217693382));
#5370 = VECTOR('',#5371,1.);
#5371 = DIRECTION('',(1.499759782662E-32,1.224646799147E-16,-1.));
#5372 = ORIENTED_EDGE('',*,*,#2101,.F.);
#5373 = ORIENTED_EDGE('',*,*,#1791,.F.);
#5374 = ORIENTED_EDGE('',*,*,#5375,.F.);
#5375 = EDGE_CURVE('',#5376,#1784,#5378,.T.);
#5376 = VERTEX_POINT('',#5377);
#5377 = CARTESIAN_POINT('',(19.625000857143,0.287734347539,
    2.651217693382));
#5378 = LINE('',#5379,#5380);
#5379 = CARTESIAN_POINT('',(19.625000857143,0.287734347539,
    2.651217693382));
#5380 = VECTOR('',#5381,1.);
#5381 = DIRECTION('',(1.,-1.224646799147E-16,0.));
#5382 = ORIENTED_EDGE('',*,*,#5383,.T.);
#5383 = EDGE_CURVE('',#5376,#5384,#5386,.T.);
#5384 = VERTEX_POINT('',#5385);
#5385 = CARTESIAN_POINT('',(19.625000857143,0.287734347539,
    5.077407590802));
#5386 = LINE('',#5387,#5388);
#5387 = CARTESIAN_POINT('',(19.625000857143,0.287734347539,
    2.651217693382));
#5388 = VECTOR('',#5389,1.);
#5389 = DIRECTION('',(-1.499759782662E-32,-1.224646799147E-16,1.));
#5390 = ORIENTED_EDGE('',*,*,#5391,.F.);
#5391 = EDGE_CURVE('',#5392,#5384,#5394,.T.);
#5392 = VERTEX_POINT('',#5393);
#5393 = CARTESIAN_POINT('',(19.375000857143,0.287734347539,
    5.077407590802));
#5394 = LINE('',#5395,#5396);
#5395 = CARTESIAN_POINT('',(19.375000857143,0.287734347539,
    5.077407590802));
#5396 = VECTOR('',#5397,1.);
#5397 = DIRECTION('',(1.,-1.224646799147E-16,0.));
#5398 = ORIENTED_EDGE('',*,*,#5399,.F.);
#5399 = EDGE_CURVE('',#4887,#5392,#5400,.T.);
#5400 = LINE('',#5401,#5402);
#5401 = CARTESIAN_POINT('',(19.375000857143,0.287734347539,
    2.651217693382));
#5402 = VECTOR('',#5403,1.);
#5403 = DIRECTION('',(-1.499759782662E-32,-1.224646799147E-16,1.));
#5404 = PLANE('',#5405);
#5405 = AXIS2_PLACEMENT_3D('',#5406,#5407,#5408);
#5406 = CARTESIAN_POINT('',(1.250000857143,0.287734347539,7.921217693382
    ));
#5407 = DIRECTION('',(-1.224646799147E-16,-1.,-1.224646799147E-16));
#5408 = DIRECTION('',(-1.499759782662E-32,-1.224646799147E-16,1.));
#5409 = ADVANCED_FACE('',(#5410),#5451,.F.);
#5410 = FACE_BOUND('',#5411,.T.);
#5411 = EDGE_LOOP('',(#5412,#5420,#5428,#5436,#5444,#5450));
#5412 = ORIENTED_EDGE('',*,*,#5413,.F.);
#5413 = EDGE_CURVE('',#5414,#887,#5416,.T.);
#5414 = VERTEX_POINT('',#5415);
#5415 = CARTESIAN_POINT('',(19.375000857143,2.247734347539,
    -3.128782306618));
#5416 = LINE('',#5417,#5418);
#5417 = CARTESIAN_POINT('',(19.375000857143,2.247734347539,
    -3.128782306618));
#5418 = VECTOR('',#5419,1.);
#5419 = DIRECTION('',(-1.499759782662E-32,-1.224646799147E-16,1.));
#5420 = ORIENTED_EDGE('',*,*,#5421,.F.);
#5421 = EDGE_CURVE('',#5422,#5414,#5424,.T.);
#5422 = VERTEX_POINT('',#5423);
#5423 = CARTESIAN_POINT('',(19.375000857143,2.087734347539,
    -3.428782306618));
#5424 = LINE('',#5425,#5426);
#5425 = CARTESIAN_POINT('',(19.375000857143,2.087734347539,
    -3.428782306618));
#5426 = VECTOR('',#5427,1.);
#5427 = DIRECTION('',(5.763043760693E-17,0.470588235294,0.882352941176)
  );
#5428 = ORIENTED_EDGE('',*,*,#5429,.F.);
#5429 = EDGE_CURVE('',#5430,#5422,#5432,.T.);
#5430 = VERTEX_POINT('',#5431);
#5431 = CARTESIAN_POINT('',(19.375000857143,1.897734347539,
    -3.428782306618));
#5432 = LINE('',#5433,#5434);
#5433 = CARTESIAN_POINT('',(19.375000857143,1.897734347539,
    -3.428782306618));
#5434 = VECTOR('',#5435,1.);
#5435 = DIRECTION('',(1.224646799147E-16,1.,1.224646799147E-16));
#5436 = ORIENTED_EDGE('',*,*,#5437,.F.);
#5437 = EDGE_CURVE('',#5438,#5430,#5440,.T.);
#5438 = VERTEX_POINT('',#5439);
#5439 = CARTESIAN_POINT('',(19.375000857143,1.747734347539,
    -3.128782306618));
#5440 = LINE('',#5441,#5442);
#5441 = CARTESIAN_POINT('',(19.375000857143,1.747734347539,
    -3.128782306618));
#5442 = VECTOR('',#5443,1.);
#5443 = DIRECTION('',(5.476786982643E-17,0.4472135955,-0.894427191));
#5444 = ORIENTED_EDGE('',*,*,#5445,.F.);
#5445 = EDGE_CURVE('',#869,#5438,#5446,.T.);
#5446 = LINE('',#5447,#5448);
#5447 = CARTESIAN_POINT('',(19.375000857143,1.747734347539,
    -2.878230661791E-02));
#5448 = VECTOR('',#5449,1.);
#5449 = DIRECTION('',(1.499759782662E-32,1.224646799147E-16,-1.));
#5450 = ORIENTED_EDGE('',*,*,#894,.T.);
#5451 = PLANE('',#5452);
#5452 = AXIS2_PLACEMENT_3D('',#5453,#5454,#5455);
#5453 = CARTESIAN_POINT('',(19.375000857143,2.512734347539,
    4.741217693382));
#5454 = DIRECTION('',(1.,-1.224646799147E-16,0.));
#5455 = DIRECTION('',(1.499759782662E-32,1.224646799147E-16,-1.));
#5456 = ADVANCED_FACE('',(#5457),#5532,.F.);
#5457 = FACE_BOUND('',#5458,.T.);
#5458 = EDGE_LOOP('',(#5459,#5468,#5476,#5485,#5493,#5501,#5509,#5517,
    #5525,#5531));
#5459 = ORIENTED_EDGE('',*,*,#5460,.F.);
#5460 = EDGE_CURVE('',#5461,#5392,#5463,.T.);
#5461 = VERTEX_POINT('',#5462);
#5462 = CARTESIAN_POINT('',(19.375000857143,0.398537662164,
    4.971832962871));
#5463 = CIRCLE('',#5464,0.15);
#5464 = AXIS2_PLACEMENT_3D('',#5465,#5466,#5467);
#5465 = CARTESIAN_POINT('',(19.375000857143,0.254140986703,
    4.931217693382));
#5466 = DIRECTION('',(1.,-1.224646799147E-16,0.));
#5467 = DIRECTION('',(1.17889950941E-16,0.962644503077,0.27076846326));
#5468 = ORIENTED_EDGE('',*,*,#5469,.F.);
#5469 = EDGE_CURVE('',#5470,#5461,#5472,.T.);
#5470 = VERTEX_POINT('',#5471);
#5471 = CARTESIAN_POINT('',(19.375000857143,0.605859434996,
    4.234756116545));
#5472 = LINE('',#5473,#5474);
#5473 = CARTESIAN_POINT('',(19.375000857143,0.605859434996,
    4.234756116545));
#5474 = VECTOR('',#5475,1.);
#5475 = DIRECTION('',(-3.315957318415E-17,-0.27076846326,0.962644503077)
  );
#5476 = ORIENTED_EDGE('',*,*,#5477,.F.);
#5477 = EDGE_CURVE('',#5478,#5470,#5480,.T.);
#5478 = VERTEX_POINT('',#5479);
#5479 = CARTESIAN_POINT('',(19.375000857143,0.602678382526,
    4.199322669419));
#5480 = CIRCLE('',#5481,5.E-02);
#5481 = AXIS2_PLACEMENT_3D('',#5482,#5483,#5484);
#5482 = CARTESIAN_POINT('',(19.375000857143,0.557727209842,
    4.221217693382));
#5483 = DIRECTION('',(1.,-1.224646799147E-16,6.162975822039E-33));
#5484 = DIRECTION('',(1.100986194907E-16,0.89902345368,-0.437900479257)
  );
#5485 = ORIENTED_EDGE('',*,*,#5486,.F.);
#5486 = EDGE_CURVE('',#5487,#5478,#5489,.T.);
#5487 = VERTEX_POINT('',#5488);
#5488 = CARTESIAN_POINT('',(19.375000857143,0.447734347539,
    3.881217693382));
#5489 = LINE('',#5490,#5491);
#5490 = CARTESIAN_POINT('',(19.375000857143,0.447734347539,
    3.881217693382));
#5491 = VECTOR('',#5492,1.);
#5492 = DIRECTION('',(5.362734202678E-17,0.437900479257,0.89902345368));
#5493 = ORIENTED_EDGE('',*,*,#5494,.F.);
#5494 = EDGE_CURVE('',#5495,#5487,#5497,.T.);
#5495 = VERTEX_POINT('',#5496);
#5496 = CARTESIAN_POINT('',(19.375000857143,0.447734347539,
    2.581217693382));
#5497 = LINE('',#5498,#5499);
#5498 = CARTESIAN_POINT('',(19.375000857143,0.447734347539,
    2.581217693382));
#5499 = VECTOR('',#5500,1.);
#5500 = DIRECTION('',(-1.499759782662E-32,-1.224646799147E-16,1.));
#5501 = ORIENTED_EDGE('',*,*,#5502,.F.);
#5502 = EDGE_CURVE('',#5503,#5495,#5505,.T.);
#5503 = VERTEX_POINT('',#5504);
#5504 = CARTESIAN_POINT('',(19.375000857143,1.377734347539,
    2.581217693382));
#5505 = LINE('',#5506,#5507);
#5506 = CARTESIAN_POINT('',(19.375000857143,1.377734347539,
    2.581217693382));
#5507 = VECTOR('',#5508,1.);
#5508 = DIRECTION('',(-1.224646799147E-16,-1.,-1.224646799147E-16));
#5509 = ORIENTED_EDGE('',*,*,#5510,.F.);
#5510 = EDGE_CURVE('',#5511,#5503,#5513,.T.);
#5511 = VERTEX_POINT('',#5512);
#5512 = CARTESIAN_POINT('',(19.375000857143,1.377734347539,
    2.471217693382));
#5513 = LINE('',#5514,#5515);
#5514 = CARTESIAN_POINT('',(19.375000857143,1.377734347539,
    2.471217693382));
#5515 = VECTOR('',#5516,1.);
#5516 = DIRECTION('',(-1.499759782662E-32,-1.224646799147E-16,1.));
#5517 = ORIENTED_EDGE('',*,*,#5518,.F.);
#5518 = EDGE_CURVE('',#5519,#5511,#5521,.T.);
#5519 = VERTEX_POINT('',#5520);
#5520 = CARTESIAN_POINT('',(19.375000857143,0.487734347539,
    2.471217693382));
#5521 = LINE('',#5522,#5523);
#5522 = CARTESIAN_POINT('',(19.375000857143,0.487734347539,
    2.471217693382));
#5523 = VECTOR('',#5524,1.);
#5524 = DIRECTION('',(1.224646799147E-16,1.,1.224646799147E-16));
#5525 = ORIENTED_EDGE('',*,*,#5526,.F.);
#5526 = EDGE_CURVE('',#4887,#5519,#5527,.T.);
#5527 = LINE('',#5528,#5529);
#5528 = CARTESIAN_POINT('',(19.375000857143,0.287734347539,
    2.651217693382));
#5529 = VECTOR('',#5530,1.);
#5530 = DIRECTION('',(9.102727970266E-17,0.743294146247,-0.668964731622)
  );
#5531 = ORIENTED_EDGE('',*,*,#5399,.T.);
#5532 = PLANE('',#5533);
#5533 = AXIS2_PLACEMENT_3D('',#5534,#5535,#5536);
#5534 = CARTESIAN_POINT('',(19.375000857143,2.512734347539,
    4.741217693382));
#5535 = DIRECTION('',(1.,-1.224646799147E-16,0.));
#5536 = DIRECTION('',(1.499759782662E-32,1.224646799147E-16,-1.));
#5537 = ADVANCED_FACE('',(#5538),#5564,.F.);
#5538 = FACE_BOUND('',#5539,.T.);
#5539 = EDGE_LOOP('',(#5540,#5548,#5557,#5563));
#5540 = ORIENTED_EDGE('',*,*,#5541,.F.);
#5541 = EDGE_CURVE('',#5542,#1650,#5544,.T.);
#5542 = VERTEX_POINT('',#5543);
#5543 = CARTESIAN_POINT('',(19.375000857143,1.429594984688,
    4.467679270219));
#5544 = LINE('',#5545,#5546);
#5545 = CARTESIAN_POINT('',(19.375000857143,1.429594984688,
    4.467679270219));
#5546 = VECTOR('',#5547,1.);
#5547 = DIRECTION('',(3.315957318415E-17,0.27076846326,-0.962644503077)
  );
#5548 = ORIENTED_EDGE('',*,*,#5549,.F.);
#5549 = EDGE_CURVE('',#5550,#5542,#5552,.T.);
#5550 = VERTEX_POINT('',#5551);
#5551 = CARTESIAN_POINT('',(19.375000857143,1.432776037158,
    4.503112717345));
#5552 = CIRCLE('',#5553,5.E-02);
#5553 = AXIS2_PLACEMENT_3D('',#5554,#5555,#5556);
#5554 = CARTESIAN_POINT('',(19.375000857143,1.477727209842,
    4.481217693382));
#5555 = DIRECTION('',(1.,-1.224646799147E-16,6.162975822039E-33));
#5556 = DIRECTION('',(-1.100986194907E-16,-0.89902345368,0.437900479257)
  );
#5557 = ORIENTED_EDGE('',*,*,#5558,.F.);
#5558 = EDGE_CURVE('',#1632,#5550,#5559,.T.);
#5559 = LINE('',#5560,#5561);
#5560 = CARTESIAN_POINT('',(19.375000857143,1.647734347539,
    4.944428887914));
#5561 = VECTOR('',#5562,1.);
#5562 = DIRECTION('',(-5.362734202678E-17,-0.437900479257,-0.89902345368
    ));
#5563 = ORIENTED_EDGE('',*,*,#1657,.F.);
#5564 = PLANE('',#5565);
#5565 = AXIS2_PLACEMENT_3D('',#5566,#5567,#5568);
#5566 = CARTESIAN_POINT('',(19.375000857143,2.512734347539,
    4.741217693382));
#5567 = DIRECTION('',(1.,-1.224646799147E-16,0.));
#5568 = DIRECTION('',(1.499759782662E-32,1.224646799147E-16,-1.));
#5569 = ADVANCED_FACE('',(#5570),#5588,.T.);
#5570 = FACE_BOUND('',#5571,.T.);
#5571 = EDGE_LOOP('',(#5572,#5573,#5581,#5587));
#5572 = ORIENTED_EDGE('',*,*,#5445,.T.);
#5573 = ORIENTED_EDGE('',*,*,#5574,.T.);
#5574 = EDGE_CURVE('',#5438,#5575,#5577,.T.);
#5575 = VERTEX_POINT('',#5576);
#5576 = CARTESIAN_POINT('',(19.625000857143,1.747734347539,
    -3.128782306618));
#5577 = LINE('',#5578,#5579);
#5578 = CARTESIAN_POINT('',(19.375000857143,1.747734347539,
    -3.128782306618));
#5579 = VECTOR('',#5580,1.);
#5580 = DIRECTION('',(1.,-1.224646799147E-16,0.));
#5581 = ORIENTED_EDGE('',*,*,#5582,.F.);
#5582 = EDGE_CURVE('',#871,#5575,#5583,.T.);
#5583 = LINE('',#5584,#5585);
#5584 = CARTESIAN_POINT('',(19.625000857143,1.747734347539,
    -2.878230661791E-02));
#5585 = VECTOR('',#5586,1.);
#5586 = DIRECTION('',(1.499759782662E-32,1.224646799147E-16,-1.));
#5587 = ORIENTED_EDGE('',*,*,#868,.F.);
#5588 = PLANE('',#5589);
#5589 = AXIS2_PLACEMENT_3D('',#5590,#5591,#5592);
#5590 = CARTESIAN_POINT('',(19.375000857143,1.747734347539,
    -1.878230661791E-02));
#5591 = DIRECTION('',(-1.224646799147E-16,-1.,-1.224646799147E-16));
#5592 = DIRECTION('',(-1.499759782662E-32,-1.224646799147E-16,1.));
#5593 = ADVANCED_FACE('',(#5594),#5620,.T.);
#5594 = FACE_BOUND('',#5595,.T.);
#5595 = EDGE_LOOP('',(#5596,#5607,#5613,#5614));
#5596 = ORIENTED_EDGE('',*,*,#5597,.T.);
#5597 = EDGE_CURVE('',#5598,#5600,#5602,.T.);
#5598 = VERTEX_POINT('',#5599);
#5599 = CARTESIAN_POINT('',(19.625000857143,1.432776037158,
    4.503112717345));
#5600 = VERTEX_POINT('',#5601);
#5601 = CARTESIAN_POINT('',(19.625000857143,1.429594984688,
    4.467679270219));
#5602 = CIRCLE('',#5603,5.E-02);
#5603 = AXIS2_PLACEMENT_3D('',#5604,#5605,#5606);
#5604 = CARTESIAN_POINT('',(19.625000857143,1.477727209842,
    4.481217693382));
#5605 = DIRECTION('',(1.,-1.224646799147E-16,6.162975822039E-33));
#5606 = DIRECTION('',(-1.100986194907E-16,-0.89902345368,0.437900479257)
  );
#5607 = ORIENTED_EDGE('',*,*,#5608,.T.);
#5608 = EDGE_CURVE('',#5600,#1642,#5609,.T.);
#5609 = LINE('',#5610,#5611);
#5610 = CARTESIAN_POINT('',(19.625000857143,1.429594984688,
    4.467679270219));
#5611 = VECTOR('',#5612,1.);
#5612 = DIRECTION('',(3.315957318415E-17,0.27076846326,-0.962644503077)
  );
#5613 = ORIENTED_EDGE('',*,*,#1641,.T.);
#5614 = ORIENTED_EDGE('',*,*,#5615,.T.);
#5615 = EDGE_CURVE('',#1634,#5598,#5616,.T.);
#5616 = LINE('',#5617,#5618);
#5617 = CARTESIAN_POINT('',(19.625000857143,1.647734347539,
    4.944428887914));
#5618 = VECTOR('',#5619,1.);
#5619 = DIRECTION('',(-5.362734202678E-17,-0.437900479257,-0.89902345368
    ));
#5620 = PLANE('',#5621);
#5621 = AXIS2_PLACEMENT_3D('',#5622,#5623,#5624);
#5622 = CARTESIAN_POINT('',(19.625000857143,2.512734347539,
    4.741217693382));
#5623 = DIRECTION('',(1.,-1.224646799147E-16,0.));
#5624 = DIRECTION('',(1.499759782662E-32,1.224646799147E-16,-1.));
#5625 = ADVANCED_FACE('',(#5626),#5701,.T.);
#5626 = FACE_BOUND('',#5627,.T.);
#5627 = EDGE_LOOP('',(#5628,#5638,#5646,#5654,#5663,#5671,#5678,#5679,
    #5687,#5695));
#5628 = ORIENTED_EDGE('',*,*,#5629,.T.);
#5629 = EDGE_CURVE('',#5630,#5632,#5634,.T.);
#5630 = VERTEX_POINT('',#5631);
#5631 = CARTESIAN_POINT('',(19.625000857143,1.377734347539,
    2.581217693382));
#5632 = VERTEX_POINT('',#5633);
#5633 = CARTESIAN_POINT('',(19.625000857143,0.447734347539,
    2.581217693382));
#5634 = LINE('',#5635,#5636);
#5635 = CARTESIAN_POINT('',(19.625000857143,1.377734347539,
    2.581217693382));
#5636 = VECTOR('',#5637,1.);
#5637 = DIRECTION('',(-1.224646799147E-16,-1.,-1.224646799147E-16));
#5638 = ORIENTED_EDGE('',*,*,#5639,.T.);
#5639 = EDGE_CURVE('',#5632,#5640,#5642,.T.);
#5640 = VERTEX_POINT('',#5641);
#5641 = CARTESIAN_POINT('',(19.625000857143,0.447734347539,
    3.881217693382));
#5642 = LINE('',#5643,#5644);
#5643 = CARTESIAN_POINT('',(19.625000857143,0.447734347539,
    2.581217693382));
#5644 = VECTOR('',#5645,1.);
#5645 = DIRECTION('',(-1.499759782662E-32,-1.224646799147E-16,1.));
#5646 = ORIENTED_EDGE('',*,*,#5647,.T.);
#5647 = EDGE_CURVE('',#5640,#5648,#5650,.T.);
#5648 = VERTEX_POINT('',#5649);
#5649 = CARTESIAN_POINT('',(19.625000857143,0.602678382526,
    4.199322669419));
#5650 = LINE('',#5651,#5652);
#5651 = CARTESIAN_POINT('',(19.625000857143,0.447734347539,
    3.881217693382));
#5652 = VECTOR('',#5653,1.);
#5653 = DIRECTION('',(5.362734202678E-17,0.437900479257,0.89902345368));
#5654 = ORIENTED_EDGE('',*,*,#5655,.T.);
#5655 = EDGE_CURVE('',#5648,#5656,#5658,.T.);
#5656 = VERTEX_POINT('',#5657);
#5657 = CARTESIAN_POINT('',(19.625000857143,0.605859434996,
    4.234756116545));
#5658 = CIRCLE('',#5659,5.E-02);
#5659 = AXIS2_PLACEMENT_3D('',#5660,#5661,#5662);
#5660 = CARTESIAN_POINT('',(19.625000857143,0.557727209842,
    4.221217693382));
#5661 = DIRECTION('',(1.,-1.224646799147E-16,6.162975822039E-33));
#5662 = DIRECTION('',(1.100986194907E-16,0.89902345368,-0.437900479257)
  );
#5663 = ORIENTED_EDGE('',*,*,#5664,.T.);
#5664 = EDGE_CURVE('',#5656,#5665,#5667,.T.);
#5665 = VERTEX_POINT('',#5666);
#5666 = CARTESIAN_POINT('',(19.625000857143,0.398537662164,
    4.971832962871));
#5667 = LINE('',#5668,#5669);
#5668 = CARTESIAN_POINT('',(19.625000857143,0.605859434996,
    4.234756116545));
#5669 = VECTOR('',#5670,1.);
#5670 = DIRECTION('',(-3.315957318415E-17,-0.27076846326,0.962644503077)
  );
#5671 = ORIENTED_EDGE('',*,*,#5672,.T.);
#5672 = EDGE_CURVE('',#5665,#5384,#5673,.T.);
#5673 = CIRCLE('',#5674,0.15);
#5674 = AXIS2_PLACEMENT_3D('',#5675,#5676,#5677);
#5675 = CARTESIAN_POINT('',(19.625000857143,0.254140986703,
    4.931217693382));
#5676 = DIRECTION('',(1.,-1.224646799147E-16,0.));
#5677 = DIRECTION('',(1.17889950941E-16,0.962644503077,0.27076846326));
#5678 = ORIENTED_EDGE('',*,*,#5383,.F.);
#5679 = ORIENTED_EDGE('',*,*,#5680,.T.);
#5680 = EDGE_CURVE('',#5376,#5681,#5683,.T.);
#5681 = VERTEX_POINT('',#5682);
#5682 = CARTESIAN_POINT('',(19.625000857143,0.487734347539,
    2.471217693382));
#5683 = LINE('',#5684,#5685);
#5684 = CARTESIAN_POINT('',(19.625000857143,0.287734347539,
    2.651217693382));
#5685 = VECTOR('',#5686,1.);
#5686 = DIRECTION('',(9.102727970266E-17,0.743294146247,-0.668964731622)
  );
#5687 = ORIENTED_EDGE('',*,*,#5688,.T.);
#5688 = EDGE_CURVE('',#5681,#5689,#5691,.T.);
#5689 = VERTEX_POINT('',#5690);
#5690 = CARTESIAN_POINT('',(19.625000857143,1.377734347539,
    2.471217693382));
#5691 = LINE('',#5692,#5693);
#5692 = CARTESIAN_POINT('',(19.625000857143,0.487734347539,
    2.471217693382));
#5693 = VECTOR('',#5694,1.);
#5694 = DIRECTION('',(1.224646799147E-16,1.,1.224646799147E-16));
#5695 = ORIENTED_EDGE('',*,*,#5696,.T.);
#5696 = EDGE_CURVE('',#5689,#5630,#5697,.T.);
#5697 = LINE('',#5698,#5699);
#5698 = CARTESIAN_POINT('',(19.625000857143,1.377734347539,
    2.471217693382));
#5699 = VECTOR('',#5700,1.);
#5700 = DIRECTION('',(-1.499759782662E-32,-1.224646799147E-16,1.));
#5701 = PLANE('',#5702);
#5702 = AXIS2_PLACEMENT_3D('',#5703,#5704,#5705);
#5703 = CARTESIAN_POINT('',(19.625000857143,2.512734347539,
    4.741217693382));
#5704 = DIRECTION('',(1.,-1.224646799147E-16,0.));
#5705 = DIRECTION('',(1.499759782662E-32,1.224646799147E-16,-1.));
#5706 = ADVANCED_FACE('',(#5707),#5741,.T.);
#5707 = FACE_BOUND('',#5708,.T.);
#5708 = EDGE_LOOP('',(#5709,#5710,#5718,#5726,#5734,#5740));
#5709 = ORIENTED_EDGE('',*,*,#5582,.T.);
#5710 = ORIENTED_EDGE('',*,*,#5711,.T.);
#5711 = EDGE_CURVE('',#5575,#5712,#5714,.T.);
#5712 = VERTEX_POINT('',#5713);
#5713 = CARTESIAN_POINT('',(19.625000857143,1.897734347539,
    -3.428782306618));
#5714 = LINE('',#5715,#5716);
#5715 = CARTESIAN_POINT('',(19.625000857143,1.747734347539,
    -3.128782306618));
#5716 = VECTOR('',#5717,1.);
#5717 = DIRECTION('',(5.476786982643E-17,0.4472135955,-0.894427191));
#5718 = ORIENTED_EDGE('',*,*,#5719,.T.);
#5719 = EDGE_CURVE('',#5712,#5720,#5722,.T.);
#5720 = VERTEX_POINT('',#5721);
#5721 = CARTESIAN_POINT('',(19.625000857143,2.087734347539,
    -3.428782306618));
#5722 = LINE('',#5723,#5724);
#5723 = CARTESIAN_POINT('',(19.625000857143,1.897734347539,
    -3.428782306618));
#5724 = VECTOR('',#5725,1.);
#5725 = DIRECTION('',(1.224646799147E-16,1.,1.224646799147E-16));
#5726 = ORIENTED_EDGE('',*,*,#5727,.T.);
#5727 = EDGE_CURVE('',#5720,#5728,#5730,.T.);
#5728 = VERTEX_POINT('',#5729);
#5729 = CARTESIAN_POINT('',(19.625000857143,2.247734347539,
    -3.128782306618));
#5730 = LINE('',#5731,#5732);
#5731 = CARTESIAN_POINT('',(19.625000857143,2.087734347539,
    -3.428782306618));
#5732 = VECTOR('',#5733,1.);
#5733 = DIRECTION('',(5.763043760693E-17,0.470588235294,0.882352941176)
  );
#5734 = ORIENTED_EDGE('',*,*,#5735,.T.);
#5735 = EDGE_CURVE('',#5728,#879,#5736,.T.);
#5736 = LINE('',#5737,#5738);
#5737 = CARTESIAN_POINT('',(19.625000857143,2.247734347539,
    -3.128782306618));
#5738 = VECTOR('',#5739,1.);
#5739 = DIRECTION('',(-1.499759782662E-32,-1.224646799147E-16,1.));
#5740 = ORIENTED_EDGE('',*,*,#878,.F.);
#5741 = PLANE('',#5742);
#5742 = AXIS2_PLACEMENT_3D('',#5743,#5744,#5745);
#5743 = CARTESIAN_POINT('',(19.625000857143,2.512734347539,
    4.741217693382));
#5744 = DIRECTION('',(1.,-1.224646799147E-16,0.));
#5745 = DIRECTION('',(1.499759782662E-32,1.224646799147E-16,-1.));
#5746 = ADVANCED_FACE('',(#5747),#5758,.T.);
#5747 = FACE_BOUND('',#5748,.T.);
#5748 = EDGE_LOOP('',(#5749,#5750,#5751,#5757));
#5749 = ORIENTED_EDGE('',*,*,#1631,.F.);
#5750 = ORIENTED_EDGE('',*,*,#5558,.T.);
#5751 = ORIENTED_EDGE('',*,*,#5752,.T.);
#5752 = EDGE_CURVE('',#5550,#5598,#5753,.T.);
#5753 = LINE('',#5754,#5755);
#5754 = CARTESIAN_POINT('',(19.375000857143,1.432776037158,
    4.503112717345));
#5755 = VECTOR('',#5756,1.);
#5756 = DIRECTION('',(1.,-1.224646799147E-16,0.));
#5757 = ORIENTED_EDGE('',*,*,#5615,.F.);
#5758 = PLANE('',#5759);
#5759 = AXIS2_PLACEMENT_3D('',#5760,#5761,#5762);
#5760 = CARTESIAN_POINT('',(19.375000857143,1.686983066107,
    5.025007741308));
#5761 = DIRECTION('',(-1.100986194907E-16,-0.89902345368,0.437900479257)
  );
#5762 = DIRECTION('',(5.362734202678E-17,0.437900479257,0.89902345368));
#5763 = ADVANCED_FACE('',(#5764),#5775,.T.);
#5764 = FACE_BOUND('',#5765,.T.);
#5765 = EDGE_LOOP('',(#5766,#5772,#5773,#5774));
#5766 = ORIENTED_EDGE('',*,*,#5767,.T.);
#5767 = EDGE_CURVE('',#5542,#5600,#5768,.T.);
#5768 = LINE('',#5769,#5770);
#5769 = CARTESIAN_POINT('',(19.375000857143,1.429594984688,
    4.467679270219));
#5770 = VECTOR('',#5771,1.);
#5771 = DIRECTION('',(1.,-1.224646799147E-16,0.));
#5772 = ORIENTED_EDGE('',*,*,#5597,.F.);
#5773 = ORIENTED_EDGE('',*,*,#5752,.F.);
#5774 = ORIENTED_EDGE('',*,*,#5549,.T.);
#5775 = CYLINDRICAL_SURFACE('',#5776,5.E-02);
#5776 = AXIS2_PLACEMENT_3D('',#5777,#5778,#5779);
#5777 = CARTESIAN_POINT('',(19.375000857143,1.477727209842,
    4.481217693382));
#5778 = DIRECTION('',(-1.,1.224646799147E-16,0.));
#5779 = DIRECTION('',(1.499759782662E-32,1.224646799147E-16,-1.));
#5780 = ADVANCED_FACE('',(#5781),#5787,.T.);
#5781 = FACE_BOUND('',#5782,.T.);
#5782 = EDGE_LOOP('',(#5783,#5784,#5785,#5786));
#5783 = ORIENTED_EDGE('',*,*,#5767,.F.);
#5784 = ORIENTED_EDGE('',*,*,#5541,.T.);
#5785 = ORIENTED_EDGE('',*,*,#1649,.T.);
#5786 = ORIENTED_EDGE('',*,*,#5608,.F.);
#5787 = PLANE('',#5788);
#5788 = AXIS2_PLACEMENT_3D('',#5789,#5790,#5791);
#5789 = CARTESIAN_POINT('',(19.375000857143,1.429594984688,
    4.467679270219));
#5790 = DIRECTION('',(-1.17889950941E-16,-0.962644503077,-0.27076846326)
  );
#5791 = DIRECTION('',(1.,-1.224646799147E-16,0.));
#5792 = ADVANCED_FACE('',(#5793),#5809,.T.);
#5793 = FACE_BOUND('',#5794,.T.);
#5794 = EDGE_LOOP('',(#5795,#5801,#5802,#5808));
#5795 = ORIENTED_EDGE('',*,*,#5796,.F.);
#5796 = EDGE_CURVE('',#5511,#5689,#5797,.T.);
#5797 = LINE('',#5798,#5799);
#5798 = CARTESIAN_POINT('',(19.375000857143,1.377734347539,
    2.471217693382));
#5799 = VECTOR('',#5800,1.);
#5800 = DIRECTION('',(1.,-1.224646799147E-16,0.));
#5801 = ORIENTED_EDGE('',*,*,#5510,.T.);
#5802 = ORIENTED_EDGE('',*,*,#5803,.T.);
#5803 = EDGE_CURVE('',#5503,#5630,#5804,.T.);
#5804 = LINE('',#5805,#5806);
#5805 = CARTESIAN_POINT('',(19.375000857143,1.377734347539,
    2.581217693382));
#5806 = VECTOR('',#5807,1.);
#5807 = DIRECTION('',(1.,-1.224646799147E-16,0.));
#5808 = ORIENTED_EDGE('',*,*,#5696,.F.);
#5809 = PLANE('',#5810);
#5810 = AXIS2_PLACEMENT_3D('',#5811,#5812,#5813);
#5811 = CARTESIAN_POINT('',(19.375000857143,1.377734347539,
    2.001217693382));
#5812 = DIRECTION('',(1.224646799147E-16,1.,1.224646799147E-16));
#5813 = DIRECTION('',(-1.,1.224646799147E-16,0.));
#5814 = ADVANCED_FACE('',(#5815),#5826,.T.);
#5815 = FACE_BOUND('',#5816,.T.);
#5816 = EDGE_LOOP('',(#5817,#5823,#5824,#5825));
#5817 = ORIENTED_EDGE('',*,*,#5818,.T.);
#5818 = EDGE_CURVE('',#5495,#5632,#5819,.T.);
#5819 = LINE('',#5820,#5821);
#5820 = CARTESIAN_POINT('',(19.375000857143,0.447734347539,
    2.581217693382));
#5821 = VECTOR('',#5822,1.);
#5822 = DIRECTION('',(1.,-1.224646799147E-16,0.));
#5823 = ORIENTED_EDGE('',*,*,#5629,.F.);
#5824 = ORIENTED_EDGE('',*,*,#5803,.F.);
#5825 = ORIENTED_EDGE('',*,*,#5502,.T.);
#5826 = PLANE('',#5827);
#5827 = AXIS2_PLACEMENT_3D('',#5828,#5829,#5830);
#5828 = CARTESIAN_POINT('',(19.375000857143,1.377734347539,
    2.581217693382));
#5829 = DIRECTION('',(-1.499759782662E-32,-1.224646799147E-16,1.));
#5830 = DIRECTION('',(-1.224646799147E-16,-1.,-1.224646799147E-16));
#5831 = ADVANCED_FACE('',(#5832),#5843,.T.);
#5832 = FACE_BOUND('',#5833,.T.);
#5833 = EDGE_LOOP('',(#5834,#5840,#5841,#5842));
#5834 = ORIENTED_EDGE('',*,*,#5835,.T.);
#5835 = EDGE_CURVE('',#5487,#5640,#5836,.T.);
#5836 = LINE('',#5837,#5838);
#5837 = CARTESIAN_POINT('',(19.375000857143,0.447734347539,
    3.881217693382));
#5838 = VECTOR('',#5839,1.);
#5839 = DIRECTION('',(1.,-1.224646799147E-16,0.));
#5840 = ORIENTED_EDGE('',*,*,#5639,.F.);
#5841 = ORIENTED_EDGE('',*,*,#5818,.F.);
#5842 = ORIENTED_EDGE('',*,*,#5494,.T.);
#5843 = PLANE('',#5844);
#5844 = AXIS2_PLACEMENT_3D('',#5845,#5846,#5847);
#5845 = CARTESIAN_POINT('',(19.375000857143,0.447734347539,
    2.581217693382));
#5846 = DIRECTION('',(1.224646799147E-16,1.,1.224646799147E-16));
#5847 = DIRECTION('',(-1.,1.224646799147E-16,0.));
#5848 = ADVANCED_FACE('',(#5849),#5860,.T.);
#5849 = FACE_BOUND('',#5850,.T.);
#5850 = EDGE_LOOP('',(#5851,#5857,#5858,#5859));
#5851 = ORIENTED_EDGE('',*,*,#5852,.T.);
#5852 = EDGE_CURVE('',#5478,#5648,#5853,.T.);
#5853 = LINE('',#5854,#5855);
#5854 = CARTESIAN_POINT('',(19.375000857143,0.602678382526,
    4.199322669419));
#5855 = VECTOR('',#5856,1.);
#5856 = DIRECTION('',(1.,-1.224646799147E-16,0.));
#5857 = ORIENTED_EDGE('',*,*,#5647,.F.);
#5858 = ORIENTED_EDGE('',*,*,#5835,.F.);
#5859 = ORIENTED_EDGE('',*,*,#5486,.T.);
#5860 = PLANE('',#5861);
#5861 = AXIS2_PLACEMENT_3D('',#5862,#5863,#5864);
#5862 = CARTESIAN_POINT('',(19.375000857143,0.447734347539,
    3.881217693382));
#5863 = DIRECTION('',(1.100986194907E-16,0.89902345368,-0.437900479257)
  );
#5864 = DIRECTION('',(-1.,1.224646799147E-16,0.));
#5865 = ADVANCED_FACE('',(#5866),#5877,.T.);
#5866 = FACE_BOUND('',#5867,.T.);
#5867 = EDGE_LOOP('',(#5868,#5874,#5875,#5876));
#5868 = ORIENTED_EDGE('',*,*,#5869,.T.);
#5869 = EDGE_CURVE('',#5470,#5656,#5870,.T.);
#5870 = LINE('',#5871,#5872);
#5871 = CARTESIAN_POINT('',(19.375000857143,0.605859434996,
    4.234756116545));
#5872 = VECTOR('',#5873,1.);
#5873 = DIRECTION('',(1.,-1.224646799147E-16,0.));
#5874 = ORIENTED_EDGE('',*,*,#5655,.F.);
#5875 = ORIENTED_EDGE('',*,*,#5852,.F.);
#5876 = ORIENTED_EDGE('',*,*,#5477,.T.);
#5877 = CYLINDRICAL_SURFACE('',#5878,5.E-02);
#5878 = AXIS2_PLACEMENT_3D('',#5879,#5880,#5881);
#5879 = CARTESIAN_POINT('',(19.375000857143,0.557727209842,
    4.221217693382));
#5880 = DIRECTION('',(-1.,1.224646799147E-16,0.));
#5881 = DIRECTION('',(1.499759782662E-32,1.224646799147E-16,-1.));
#5882 = ADVANCED_FACE('',(#5883),#5894,.T.);
#5883 = FACE_BOUND('',#5884,.T.);
#5884 = EDGE_LOOP('',(#5885,#5891,#5892,#5893));
#5885 = ORIENTED_EDGE('',*,*,#5886,.T.);
#5886 = EDGE_CURVE('',#5461,#5665,#5887,.T.);
#5887 = LINE('',#5888,#5889);
#5888 = CARTESIAN_POINT('',(19.375000857143,0.398537662164,
    4.971832962871));
#5889 = VECTOR('',#5890,1.);
#5890 = DIRECTION('',(1.,-1.224646799147E-16,0.));
#5891 = ORIENTED_EDGE('',*,*,#5664,.F.);
#5892 = ORIENTED_EDGE('',*,*,#5869,.F.);
#5893 = ORIENTED_EDGE('',*,*,#5469,.T.);
#5894 = PLANE('',#5895);
#5895 = AXIS2_PLACEMENT_3D('',#5896,#5897,#5898);
#5896 = CARTESIAN_POINT('',(19.375000857143,0.605859434996,
    4.234756116545));
#5897 = DIRECTION('',(1.17889950941E-16,0.962644503077,0.27076846326));
#5898 = DIRECTION('',(1.,-1.224646799147E-16,0.));
#5899 = ADVANCED_FACE('',(#5900),#5906,.T.);
#5900 = FACE_BOUND('',#5901,.T.);
#5901 = EDGE_LOOP('',(#5902,#5903,#5904,#5905));
#5902 = ORIENTED_EDGE('',*,*,#5886,.F.);
#5903 = ORIENTED_EDGE('',*,*,#5460,.T.);
#5904 = ORIENTED_EDGE('',*,*,#5391,.T.);
#5905 = ORIENTED_EDGE('',*,*,#5672,.F.);
#5906 = CYLINDRICAL_SURFACE('',#5907,0.15);
#5907 = AXIS2_PLACEMENT_3D('',#5908,#5909,#5910);
#5908 = CARTESIAN_POINT('',(19.375000857143,0.254140986703,
    4.931217693382));
#5909 = DIRECTION('',(-1.,1.224646799147E-16,0.));
#5910 = DIRECTION('',(1.499759782662E-32,1.224646799147E-16,-1.));
#5911 = ADVANCED_FACE('',(#5912),#6339,.F.);
#5912 = FACE_BOUND('',#5913,.T.);
#5913 = EDGE_LOOP('',(#5914,#5915,#5916,#5922,#5923,#5924,#5925,#5931,
    #5932,#5940,#5948,#5956,#5964,#5972,#5980,#5988,#5996,#6004,#6012,
    #6020,#6028,#6036,#6044,#6052,#6060,#6068,#6076,#6084,#6092,#6100,
    #6108,#6116,#6124,#6132,#6140,#6148,#6156,#6164,#6172,#6180,#6188,
    #6196,#6204,#6212,#6220,#6228,#6236,#6244,#6252,#6260,#6268,#6276,
    #6284,#6292,#6300,#6308,#6316,#6324,#6332,#6338));
#5914 = ORIENTED_EDGE('',*,*,#5796,.T.);
#5915 = ORIENTED_EDGE('',*,*,#5688,.F.);
#5916 = ORIENTED_EDGE('',*,*,#5917,.F.);
#5917 = EDGE_CURVE('',#1776,#5681,#5918,.T.);
#5918 = LINE('',#5919,#5920);
#5919 = CARTESIAN_POINT('',(20.100000857143,0.487734347539,
    2.471217693382));
#5920 = VECTOR('',#5921,1.);
#5921 = DIRECTION('',(-1.,1.224646799147E-16,0.));
#5922 = ORIENTED_EDGE('',*,*,#1775,.T.);
#5923 = ORIENTED_EDGE('',*,*,#1751,.T.);
#5924 = ORIENTED_EDGE('',*,*,#1727,.F.);
#5925 = ORIENTED_EDGE('',*,*,#5926,.F.);
#5926 = EDGE_CURVE('',#1004,#1720,#5927,.T.);
#5927 = LINE('',#5928,#5929);
#5928 = CARTESIAN_POINT('',(-0.124999142857,0.487734347539,
    2.471217693382));
#5929 = VECTOR('',#5930,1.);
#5930 = DIRECTION('',(-1.,1.224646799147E-16,0.));
#5931 = ORIENTED_EDGE('',*,*,#1003,.T.);
#5932 = ORIENTED_EDGE('',*,*,#5933,.T.);
#5933 = EDGE_CURVE('',#1006,#5934,#5936,.T.);
#5934 = VERTEX_POINT('',#5935);
#5935 = CARTESIAN_POINT('',(0.125000857143,1.377734347539,2.471217693382
    ));
#5936 = LINE('',#5937,#5938);
#5937 = CARTESIAN_POINT('',(-0.124999142857,1.377734347539,
    2.471217693382));
#5938 = VECTOR('',#5939,1.);
#5939 = DIRECTION('',(1.,-1.224646799147E-16,0.));
#5940 = ORIENTED_EDGE('',*,*,#5941,.F.);
#5941 = EDGE_CURVE('',#5942,#5934,#5944,.T.);
#5942 = VERTEX_POINT('',#5943);
#5943 = CARTESIAN_POINT('',(0.125000857143,0.487734347539,2.471217693382
    ));
#5944 = LINE('',#5945,#5946);
#5945 = CARTESIAN_POINT('',(0.125000857143,0.487734347539,2.471217693382
    ));
#5946 = VECTOR('',#5947,1.);
#5947 = DIRECTION('',(1.224646799147E-16,1.,1.224646799147E-16));
#5948 = ORIENTED_EDGE('',*,*,#5949,.F.);
#5949 = EDGE_CURVE('',#5950,#5942,#5952,.T.);
#5950 = VERTEX_POINT('',#5951);
#5951 = CARTESIAN_POINT('',(1.375000857143,0.487734347539,2.471217693382
    ));
#5952 = LINE('',#5953,#5954);
#5953 = CARTESIAN_POINT('',(1.375000857143,0.487734347539,2.471217693382
    ));
#5954 = VECTOR('',#5955,1.);
#5955 = DIRECTION('',(-1.,1.224646799147E-16,0.));
#5956 = ORIENTED_EDGE('',*,*,#5957,.T.);
#5957 = EDGE_CURVE('',#5950,#5958,#5960,.T.);
#5958 = VERTEX_POINT('',#5959);
#5959 = CARTESIAN_POINT('',(1.375000857143,1.377734347539,2.471217693382
    ));
#5960 = LINE('',#5961,#5962);
#5961 = CARTESIAN_POINT('',(1.375000857143,0.487734347539,2.471217693382
    ));
#5962 = VECTOR('',#5963,1.);
#5963 = DIRECTION('',(1.224646799147E-16,1.,1.224646799147E-16));
#5964 = ORIENTED_EDGE('',*,*,#5965,.T.);
#5965 = EDGE_CURVE('',#5958,#5966,#5968,.T.);
#5966 = VERTEX_POINT('',#5967);
#5967 = CARTESIAN_POINT('',(1.625000857143,1.377734347539,2.471217693382
    ));
#5968 = LINE('',#5969,#5970);
#5969 = CARTESIAN_POINT('',(1.375000857143,1.377734347539,2.471217693382
    ));
#5970 = VECTOR('',#5971,1.);
#5971 = DIRECTION('',(1.,-1.224646799147E-16,0.));
#5972 = ORIENTED_EDGE('',*,*,#5973,.F.);
#5973 = EDGE_CURVE('',#5974,#5966,#5976,.T.);
#5974 = VERTEX_POINT('',#5975);
#5975 = CARTESIAN_POINT('',(1.625000857143,0.487734347539,2.471217693382
    ));
#5976 = LINE('',#5977,#5978);
#5977 = CARTESIAN_POINT('',(1.625000857143,0.487734347539,2.471217693382
    ));
#5978 = VECTOR('',#5979,1.);
#5979 = DIRECTION('',(1.224646799147E-16,1.,1.224646799147E-16));
#5980 = ORIENTED_EDGE('',*,*,#5981,.F.);
#5981 = EDGE_CURVE('',#5982,#5974,#5984,.T.);
#5982 = VERTEX_POINT('',#5983);
#5983 = CARTESIAN_POINT('',(2.875000857143,0.487734347539,2.471217693382
    ));
#5984 = LINE('',#5985,#5986);
#5985 = CARTESIAN_POINT('',(2.875000857143,0.487734347539,2.471217693382
    ));
#5986 = VECTOR('',#5987,1.);
#5987 = DIRECTION('',(-1.,1.224646799147E-16,0.));
#5988 = ORIENTED_EDGE('',*,*,#5989,.T.);
#5989 = EDGE_CURVE('',#5982,#5990,#5992,.T.);
#5990 = VERTEX_POINT('',#5991);
#5991 = CARTESIAN_POINT('',(2.875000857143,1.377734347539,2.471217693382
    ));
#5992 = LINE('',#5993,#5994);
#5993 = CARTESIAN_POINT('',(2.875000857143,0.487734347539,2.471217693382
    ));
#5994 = VECTOR('',#5995,1.);
#5995 = DIRECTION('',(1.224646799147E-16,1.,1.224646799147E-16));
#5996 = ORIENTED_EDGE('',*,*,#5997,.T.);
#5997 = EDGE_CURVE('',#5990,#5998,#6000,.T.);
#5998 = VERTEX_POINT('',#5999);
#5999 = CARTESIAN_POINT('',(3.125000857143,1.377734347539,2.471217693382
    ));
#6000 = LINE('',#6001,#6002);
#6001 = CARTESIAN_POINT('',(2.875000857143,1.377734347539,2.471217693382
    ));
#6002 = VECTOR('',#6003,1.);
#6003 = DIRECTION('',(1.,-1.224646799147E-16,0.));
#6004 = ORIENTED_EDGE('',*,*,#6005,.F.);
#6005 = EDGE_CURVE('',#6006,#5998,#6008,.T.);
#6006 = VERTEX_POINT('',#6007);
#6007 = CARTESIAN_POINT('',(3.125000857143,0.487734347539,2.471217693382
    ));
#6008 = LINE('',#6009,#6010);
#6009 = CARTESIAN_POINT('',(3.125000857143,0.487734347539,2.471217693382
    ));
#6010 = VECTOR('',#6011,1.);
#6011 = DIRECTION('',(1.224646799147E-16,1.,1.224646799147E-16));
#6012 = ORIENTED_EDGE('',*,*,#6013,.F.);
#6013 = EDGE_CURVE('',#6014,#6006,#6016,.T.);
#6014 = VERTEX_POINT('',#6015);
#6015 = CARTESIAN_POINT('',(4.375000857143,0.487734347539,2.471217693382
    ));
#6016 = LINE('',#6017,#6018);
#6017 = CARTESIAN_POINT('',(4.375000857143,0.487734347539,2.471217693382
    ));
#6018 = VECTOR('',#6019,1.);
#6019 = DIRECTION('',(-1.,1.224646799147E-16,0.));
#6020 = ORIENTED_EDGE('',*,*,#6021,.T.);
#6021 = EDGE_CURVE('',#6014,#6022,#6024,.T.);
#6022 = VERTEX_POINT('',#6023);
#6023 = CARTESIAN_POINT('',(4.375000857143,1.377734347539,2.471217693382
    ));
#6024 = LINE('',#6025,#6026);
#6025 = CARTESIAN_POINT('',(4.375000857143,0.487734347539,2.471217693382
    ));
#6026 = VECTOR('',#6027,1.);
#6027 = DIRECTION('',(1.224646799147E-16,1.,1.224646799147E-16));
#6028 = ORIENTED_EDGE('',*,*,#6029,.T.);
#6029 = EDGE_CURVE('',#6022,#6030,#6032,.T.);
#6030 = VERTEX_POINT('',#6031);
#6031 = CARTESIAN_POINT('',(4.625000857143,1.377734347539,2.471217693382
    ));
#6032 = LINE('',#6033,#6034);
#6033 = CARTESIAN_POINT('',(4.375000857143,1.377734347539,2.471217693382
    ));
#6034 = VECTOR('',#6035,1.);
#6035 = DIRECTION('',(1.,-1.224646799147E-16,0.));
#6036 = ORIENTED_EDGE('',*,*,#6037,.F.);
#6037 = EDGE_CURVE('',#6038,#6030,#6040,.T.);
#6038 = VERTEX_POINT('',#6039);
#6039 = CARTESIAN_POINT('',(4.625000857143,0.487734347539,2.471217693382
    ));
#6040 = LINE('',#6041,#6042);
#6041 = CARTESIAN_POINT('',(4.625000857143,0.487734347539,2.471217693382
    ));
#6042 = VECTOR('',#6043,1.);
#6043 = DIRECTION('',(1.224646799147E-16,1.,1.224646799147E-16));
#6044 = ORIENTED_EDGE('',*,*,#6045,.F.);
#6045 = EDGE_CURVE('',#6046,#6038,#6048,.T.);
#6046 = VERTEX_POINT('',#6047);
#6047 = CARTESIAN_POINT('',(5.875000857143,0.487734347539,2.471217693382
    ));
#6048 = LINE('',#6049,#6050);
#6049 = CARTESIAN_POINT('',(5.875000857143,0.487734347539,2.471217693382
    ));
#6050 = VECTOR('',#6051,1.);
#6051 = DIRECTION('',(-1.,1.224646799147E-16,0.));
#6052 = ORIENTED_EDGE('',*,*,#6053,.T.);
#6053 = EDGE_CURVE('',#6046,#6054,#6056,.T.);
#6054 = VERTEX_POINT('',#6055);
#6055 = CARTESIAN_POINT('',(5.875000857143,1.377734347539,2.471217693382
    ));
#6056 = LINE('',#6057,#6058);
#6057 = CARTESIAN_POINT('',(5.875000857143,0.487734347539,2.471217693382
    ));
#6058 = VECTOR('',#6059,1.);
#6059 = DIRECTION('',(1.224646799147E-16,1.,1.224646799147E-16));
#6060 = ORIENTED_EDGE('',*,*,#6061,.T.);
#6061 = EDGE_CURVE('',#6054,#6062,#6064,.T.);
#6062 = VERTEX_POINT('',#6063);
#6063 = CARTESIAN_POINT('',(6.125000857143,1.377734347539,2.471217693382
    ));
#6064 = LINE('',#6065,#6066);
#6065 = CARTESIAN_POINT('',(5.875000857143,1.377734347539,2.471217693382
    ));
#6066 = VECTOR('',#6067,1.);
#6067 = DIRECTION('',(1.,-1.224646799147E-16,0.));
#6068 = ORIENTED_EDGE('',*,*,#6069,.F.);
#6069 = EDGE_CURVE('',#6070,#6062,#6072,.T.);
#6070 = VERTEX_POINT('',#6071);
#6071 = CARTESIAN_POINT('',(6.125000857143,0.487734347539,2.471217693382
    ));
#6072 = LINE('',#6073,#6074);
#6073 = CARTESIAN_POINT('',(6.125000857143,0.487734347539,2.471217693382
    ));
#6074 = VECTOR('',#6075,1.);
#6075 = DIRECTION('',(1.224646799147E-16,1.,1.224646799147E-16));
#6076 = ORIENTED_EDGE('',*,*,#6077,.F.);
#6077 = EDGE_CURVE('',#6078,#6070,#6080,.T.);
#6078 = VERTEX_POINT('',#6079);
#6079 = CARTESIAN_POINT('',(7.375000857143,0.487734347539,2.471217693382
    ));
#6080 = LINE('',#6081,#6082);
#6081 = CARTESIAN_POINT('',(7.375000857143,0.487734347539,2.471217693382
    ));
#6082 = VECTOR('',#6083,1.);
#6083 = DIRECTION('',(-1.,1.224646799147E-16,0.));
#6084 = ORIENTED_EDGE('',*,*,#6085,.T.);
#6085 = EDGE_CURVE('',#6078,#6086,#6088,.T.);
#6086 = VERTEX_POINT('',#6087);
#6087 = CARTESIAN_POINT('',(7.375000857143,1.377734347539,2.471217693382
    ));
#6088 = LINE('',#6089,#6090);
#6089 = CARTESIAN_POINT('',(7.375000857143,0.487734347539,2.471217693382
    ));
#6090 = VECTOR('',#6091,1.);
#6091 = DIRECTION('',(1.224646799147E-16,1.,1.224646799147E-16));
#6092 = ORIENTED_EDGE('',*,*,#6093,.T.);
#6093 = EDGE_CURVE('',#6086,#6094,#6096,.T.);
#6094 = VERTEX_POINT('',#6095);
#6095 = CARTESIAN_POINT('',(7.625000857143,1.377734347539,2.471217693382
    ));
#6096 = LINE('',#6097,#6098);
#6097 = CARTESIAN_POINT('',(7.375000857143,1.377734347539,2.471217693382
    ));
#6098 = VECTOR('',#6099,1.);
#6099 = DIRECTION('',(1.,-1.224646799147E-16,0.));
#6100 = ORIENTED_EDGE('',*,*,#6101,.F.);
#6101 = EDGE_CURVE('',#6102,#6094,#6104,.T.);
#6102 = VERTEX_POINT('',#6103);
#6103 = CARTESIAN_POINT('',(7.625000857143,0.487734347539,2.471217693382
    ));
#6104 = LINE('',#6105,#6106);
#6105 = CARTESIAN_POINT('',(7.625000857143,0.487734347539,2.471217693382
    ));
#6106 = VECTOR('',#6107,1.);
#6107 = DIRECTION('',(1.224646799147E-16,1.,1.224646799147E-16));
#6108 = ORIENTED_EDGE('',*,*,#6109,.F.);
#6109 = EDGE_CURVE('',#6110,#6102,#6112,.T.);
#6110 = VERTEX_POINT('',#6111);
#6111 = CARTESIAN_POINT('',(8.875000857143,0.487734347539,2.471217693382
    ));
#6112 = LINE('',#6113,#6114);
#6113 = CARTESIAN_POINT('',(8.875000857143,0.487734347539,2.471217693382
    ));
#6114 = VECTOR('',#6115,1.);
#6115 = DIRECTION('',(-1.,1.224646799147E-16,0.));
#6116 = ORIENTED_EDGE('',*,*,#6117,.T.);
#6117 = EDGE_CURVE('',#6110,#6118,#6120,.T.);
#6118 = VERTEX_POINT('',#6119);
#6119 = CARTESIAN_POINT('',(8.875000857143,1.377734347539,2.471217693382
    ));
#6120 = LINE('',#6121,#6122);
#6121 = CARTESIAN_POINT('',(8.875000857143,0.487734347539,2.471217693382
    ));
#6122 = VECTOR('',#6123,1.);
#6123 = DIRECTION('',(1.224646799147E-16,1.,1.224646799147E-16));
#6124 = ORIENTED_EDGE('',*,*,#6125,.T.);
#6125 = EDGE_CURVE('',#6118,#6126,#6128,.T.);
#6126 = VERTEX_POINT('',#6127);
#6127 = CARTESIAN_POINT('',(9.125000857143,1.377734347539,2.471217693382
    ));
#6128 = LINE('',#6129,#6130);
#6129 = CARTESIAN_POINT('',(8.875000857143,1.377734347539,2.471217693382
    ));
#6130 = VECTOR('',#6131,1.);
#6131 = DIRECTION('',(1.,-1.224646799147E-16,0.));
#6132 = ORIENTED_EDGE('',*,*,#6133,.F.);
#6133 = EDGE_CURVE('',#6134,#6126,#6136,.T.);
#6134 = VERTEX_POINT('',#6135);
#6135 = CARTESIAN_POINT('',(9.125000857143,0.487734347539,2.471217693382
    ));
#6136 = LINE('',#6137,#6138);
#6137 = CARTESIAN_POINT('',(9.125000857143,0.487734347539,2.471217693382
    ));
#6138 = VECTOR('',#6139,1.);
#6139 = DIRECTION('',(1.224646799147E-16,1.,1.224646799147E-16));
#6140 = ORIENTED_EDGE('',*,*,#6141,.F.);
#6141 = EDGE_CURVE('',#6142,#6134,#6144,.T.);
#6142 = VERTEX_POINT('',#6143);
#6143 = CARTESIAN_POINT('',(10.375000857143,0.487734347539,
    2.471217693382));
#6144 = LINE('',#6145,#6146);
#6145 = CARTESIAN_POINT('',(10.375000857143,0.487734347539,
    2.471217693382));
#6146 = VECTOR('',#6147,1.);
#6147 = DIRECTION('',(-1.,1.224646799147E-16,0.));
#6148 = ORIENTED_EDGE('',*,*,#6149,.T.);
#6149 = EDGE_CURVE('',#6142,#6150,#6152,.T.);
#6150 = VERTEX_POINT('',#6151);
#6151 = CARTESIAN_POINT('',(10.375000857143,1.377734347539,
    2.471217693382));
#6152 = LINE('',#6153,#6154);
#6153 = CARTESIAN_POINT('',(10.375000857143,0.487734347539,
    2.471217693382));
#6154 = VECTOR('',#6155,1.);
#6155 = DIRECTION('',(1.224646799147E-16,1.,1.224646799147E-16));
#6156 = ORIENTED_EDGE('',*,*,#6157,.T.);
#6157 = EDGE_CURVE('',#6150,#6158,#6160,.T.);
#6158 = VERTEX_POINT('',#6159);
#6159 = CARTESIAN_POINT('',(10.625000857143,1.377734347539,
    2.471217693382));
#6160 = LINE('',#6161,#6162);
#6161 = CARTESIAN_POINT('',(10.375000857143,1.377734347539,
    2.471217693382));
#6162 = VECTOR('',#6163,1.);
#6163 = DIRECTION('',(1.,-1.224646799147E-16,0.));
#6164 = ORIENTED_EDGE('',*,*,#6165,.F.);
#6165 = EDGE_CURVE('',#6166,#6158,#6168,.T.);
#6166 = VERTEX_POINT('',#6167);
#6167 = CARTESIAN_POINT('',(10.625000857143,0.487734347539,
    2.471217693382));
#6168 = LINE('',#6169,#6170);
#6169 = CARTESIAN_POINT('',(10.625000857143,0.487734347539,
    2.471217693382));
#6170 = VECTOR('',#6171,1.);
#6171 = DIRECTION('',(1.224646799147E-16,1.,1.224646799147E-16));
#6172 = ORIENTED_EDGE('',*,*,#6173,.F.);
#6173 = EDGE_CURVE('',#6174,#6166,#6176,.T.);
#6174 = VERTEX_POINT('',#6175);
#6175 = CARTESIAN_POINT('',(11.875000857143,0.487734347539,
    2.471217693382));
#6176 = LINE('',#6177,#6178);
#6177 = CARTESIAN_POINT('',(11.875000857143,0.487734347539,
    2.471217693382));
#6178 = VECTOR('',#6179,1.);
#6179 = DIRECTION('',(-1.,1.224646799147E-16,0.));
#6180 = ORIENTED_EDGE('',*,*,#6181,.T.);
#6181 = EDGE_CURVE('',#6174,#6182,#6184,.T.);
#6182 = VERTEX_POINT('',#6183);
#6183 = CARTESIAN_POINT('',(11.875000857143,1.377734347539,
    2.471217693382));
#6184 = LINE('',#6185,#6186);
#6185 = CARTESIAN_POINT('',(11.875000857143,0.487734347539,
    2.471217693382));
#6186 = VECTOR('',#6187,1.);
#6187 = DIRECTION('',(1.224646799147E-16,1.,1.224646799147E-16));
#6188 = ORIENTED_EDGE('',*,*,#6189,.T.);
#6189 = EDGE_CURVE('',#6182,#6190,#6192,.T.);
#6190 = VERTEX_POINT('',#6191);
#6191 = CARTESIAN_POINT('',(12.125000857143,1.377734347539,
    2.471217693382));
#6192 = LINE('',#6193,#6194);
#6193 = CARTESIAN_POINT('',(11.875000857143,1.377734347539,
    2.471217693382));
#6194 = VECTOR('',#6195,1.);
#6195 = DIRECTION('',(1.,-1.224646799147E-16,0.));
#6196 = ORIENTED_EDGE('',*,*,#6197,.F.);
#6197 = EDGE_CURVE('',#6198,#6190,#6200,.T.);
#6198 = VERTEX_POINT('',#6199);
#6199 = CARTESIAN_POINT('',(12.125000857143,0.487734347539,
    2.471217693382));
#6200 = LINE('',#6201,#6202);
#6201 = CARTESIAN_POINT('',(12.125000857143,0.487734347539,
    2.471217693382));
#6202 = VECTOR('',#6203,1.);
#6203 = DIRECTION('',(1.224646799147E-16,1.,1.224646799147E-16));
#6204 = ORIENTED_EDGE('',*,*,#6205,.F.);
#6205 = EDGE_CURVE('',#6206,#6198,#6208,.T.);
#6206 = VERTEX_POINT('',#6207);
#6207 = CARTESIAN_POINT('',(13.375000857143,0.487734347539,
    2.471217693382));
#6208 = LINE('',#6209,#6210);
#6209 = CARTESIAN_POINT('',(13.375000857143,0.487734347539,
    2.471217693382));
#6210 = VECTOR('',#6211,1.);
#6211 = DIRECTION('',(-1.,1.224646799147E-16,0.));
#6212 = ORIENTED_EDGE('',*,*,#6213,.T.);
#6213 = EDGE_CURVE('',#6206,#6214,#6216,.T.);
#6214 = VERTEX_POINT('',#6215);
#6215 = CARTESIAN_POINT('',(13.375000857143,1.377734347539,
    2.471217693382));
#6216 = LINE('',#6217,#6218);
#6217 = CARTESIAN_POINT('',(13.375000857143,0.487734347539,
    2.471217693382));
#6218 = VECTOR('',#6219,1.);
#6219 = DIRECTION('',(1.224646799147E-16,1.,1.224646799147E-16));
#6220 = ORIENTED_EDGE('',*,*,#6221,.T.);
#6221 = EDGE_CURVE('',#6214,#6222,#6224,.T.);
#6222 = VERTEX_POINT('',#6223);
#6223 = CARTESIAN_POINT('',(13.625000857143,1.377734347539,
    2.471217693382));
#6224 = LINE('',#6225,#6226);
#6225 = CARTESIAN_POINT('',(13.375000857143,1.377734347539,
    2.471217693382));
#6226 = VECTOR('',#6227,1.);
#6227 = DIRECTION('',(1.,-1.224646799147E-16,0.));
#6228 = ORIENTED_EDGE('',*,*,#6229,.F.);
#6229 = EDGE_CURVE('',#6230,#6222,#6232,.T.);
#6230 = VERTEX_POINT('',#6231);
#6231 = CARTESIAN_POINT('',(13.625000857143,0.487734347539,
    2.471217693382));
#6232 = LINE('',#6233,#6234);
#6233 = CARTESIAN_POINT('',(13.625000857143,0.487734347539,
    2.471217693382));
#6234 = VECTOR('',#6235,1.);
#6235 = DIRECTION('',(1.224646799147E-16,1.,1.224646799147E-16));
#6236 = ORIENTED_EDGE('',*,*,#6237,.F.);
#6237 = EDGE_CURVE('',#6238,#6230,#6240,.T.);
#6238 = VERTEX_POINT('',#6239);
#6239 = CARTESIAN_POINT('',(14.875000857143,0.487734347539,
    2.471217693382));
#6240 = LINE('',#6241,#6242);
#6241 = CARTESIAN_POINT('',(14.875000857143,0.487734347539,
    2.471217693382));
#6242 = VECTOR('',#6243,1.);
#6243 = DIRECTION('',(-1.,1.224646799147E-16,0.));
#6244 = ORIENTED_EDGE('',*,*,#6245,.T.);
#6245 = EDGE_CURVE('',#6238,#6246,#6248,.T.);
#6246 = VERTEX_POINT('',#6247);
#6247 = CARTESIAN_POINT('',(14.875000857143,1.377734347539,
    2.471217693382));
#6248 = LINE('',#6249,#6250);
#6249 = CARTESIAN_POINT('',(14.875000857143,0.487734347539,
    2.471217693382));
#6250 = VECTOR('',#6251,1.);
#6251 = DIRECTION('',(1.224646799147E-16,1.,1.224646799147E-16));
#6252 = ORIENTED_EDGE('',*,*,#6253,.T.);
#6253 = EDGE_CURVE('',#6246,#6254,#6256,.T.);
#6254 = VERTEX_POINT('',#6255);
#6255 = CARTESIAN_POINT('',(15.125000857143,1.377734347539,
    2.471217693382));
#6256 = LINE('',#6257,#6258);
#6257 = CARTESIAN_POINT('',(14.875000857143,1.377734347539,
    2.471217693382));
#6258 = VECTOR('',#6259,1.);
#6259 = DIRECTION('',(1.,-1.224646799147E-16,0.));
#6260 = ORIENTED_EDGE('',*,*,#6261,.F.);
#6261 = EDGE_CURVE('',#6262,#6254,#6264,.T.);
#6262 = VERTEX_POINT('',#6263);
#6263 = CARTESIAN_POINT('',(15.125000857143,0.487734347539,
    2.471217693382));
#6264 = LINE('',#6265,#6266);
#6265 = CARTESIAN_POINT('',(15.125000857143,0.487734347539,
    2.471217693382));
#6266 = VECTOR('',#6267,1.);
#6267 = DIRECTION('',(1.224646799147E-16,1.,1.224646799147E-16));
#6268 = ORIENTED_EDGE('',*,*,#6269,.F.);
#6269 = EDGE_CURVE('',#6270,#6262,#6272,.T.);
#6270 = VERTEX_POINT('',#6271);
#6271 = CARTESIAN_POINT('',(16.375000857143,0.487734347539,
    2.471217693382));
#6272 = LINE('',#6273,#6274);
#6273 = CARTESIAN_POINT('',(16.375000857143,0.487734347539,
    2.471217693382));
#6274 = VECTOR('',#6275,1.);
#6275 = DIRECTION('',(-1.,1.224646799147E-16,0.));
#6276 = ORIENTED_EDGE('',*,*,#6277,.T.);
#6277 = EDGE_CURVE('',#6270,#6278,#6280,.T.);
#6278 = VERTEX_POINT('',#6279);
#6279 = CARTESIAN_POINT('',(16.375000857143,1.377734347539,
    2.471217693382));
#6280 = LINE('',#6281,#6282);
#6281 = CARTESIAN_POINT('',(16.375000857143,0.487734347539,
    2.471217693382));
#6282 = VECTOR('',#6283,1.);
#6283 = DIRECTION('',(1.224646799147E-16,1.,1.224646799147E-16));
#6284 = ORIENTED_EDGE('',*,*,#6285,.T.);
#6285 = EDGE_CURVE('',#6278,#6286,#6288,.T.);
#6286 = VERTEX_POINT('',#6287);
#6287 = CARTESIAN_POINT('',(16.625000857143,1.377734347539,
    2.471217693382));
#6288 = LINE('',#6289,#6290);
#6289 = CARTESIAN_POINT('',(16.375000857143,1.377734347539,
    2.471217693382));
#6290 = VECTOR('',#6291,1.);
#6291 = DIRECTION('',(1.,-1.224646799147E-16,0.));
#6292 = ORIENTED_EDGE('',*,*,#6293,.F.);
#6293 = EDGE_CURVE('',#6294,#6286,#6296,.T.);
#6294 = VERTEX_POINT('',#6295);
#6295 = CARTESIAN_POINT('',(16.625000857143,0.487734347539,
    2.471217693382));
#6296 = LINE('',#6297,#6298);
#6297 = CARTESIAN_POINT('',(16.625000857143,0.487734347539,
    2.471217693382));
#6298 = VECTOR('',#6299,1.);
#6299 = DIRECTION('',(1.224646799147E-16,1.,1.224646799147E-16));
#6300 = ORIENTED_EDGE('',*,*,#6301,.F.);
#6301 = EDGE_CURVE('',#6302,#6294,#6304,.T.);
#6302 = VERTEX_POINT('',#6303);
#6303 = CARTESIAN_POINT('',(17.875000857143,0.487734347539,
    2.471217693382));
#6304 = LINE('',#6305,#6306);
#6305 = CARTESIAN_POINT('',(17.875000857143,0.487734347539,
    2.471217693382));
#6306 = VECTOR('',#6307,1.);
#6307 = DIRECTION('',(-1.,1.224646799147E-16,0.));
#6308 = ORIENTED_EDGE('',*,*,#6309,.T.);
#6309 = EDGE_CURVE('',#6302,#6310,#6312,.T.);
#6310 = VERTEX_POINT('',#6311);
#6311 = CARTESIAN_POINT('',(17.875000857143,1.377734347539,
    2.471217693382));
#6312 = LINE('',#6313,#6314);
#6313 = CARTESIAN_POINT('',(17.875000857143,0.487734347539,
    2.471217693382));
#6314 = VECTOR('',#6315,1.);
#6315 = DIRECTION('',(1.224646799147E-16,1.,1.224646799147E-16));
#6316 = ORIENTED_EDGE('',*,*,#6317,.T.);
#6317 = EDGE_CURVE('',#6310,#6318,#6320,.T.);
#6318 = VERTEX_POINT('',#6319);
#6319 = CARTESIAN_POINT('',(18.125000857143,1.377734347539,
    2.471217693382));
#6320 = LINE('',#6321,#6322);
#6321 = CARTESIAN_POINT('',(17.875000857143,1.377734347539,
    2.471217693382));
#6322 = VECTOR('',#6323,1.);
#6323 = DIRECTION('',(1.,-1.224646799147E-16,0.));
#6324 = ORIENTED_EDGE('',*,*,#6325,.F.);
#6325 = EDGE_CURVE('',#6326,#6318,#6328,.T.);
#6326 = VERTEX_POINT('',#6327);
#6327 = CARTESIAN_POINT('',(18.125000857143,0.487734347539,
    2.471217693382));
#6328 = LINE('',#6329,#6330);
#6329 = CARTESIAN_POINT('',(18.125000857143,0.487734347539,
    2.471217693382));
#6330 = VECTOR('',#6331,1.);
#6331 = DIRECTION('',(1.224646799147E-16,1.,1.224646799147E-16));
#6332 = ORIENTED_EDGE('',*,*,#6333,.F.);
#6333 = EDGE_CURVE('',#5519,#6326,#6334,.T.);
#6334 = LINE('',#6335,#6336);
#6335 = CARTESIAN_POINT('',(19.375000857143,0.487734347539,
    2.471217693382));
#6336 = VECTOR('',#6337,1.);
#6337 = DIRECTION('',(-1.,1.224646799147E-16,0.));
#6338 = ORIENTED_EDGE('',*,*,#5518,.T.);
#6339 = PLANE('',#6340);
#6340 = AXIS2_PLACEMENT_3D('',#6341,#6342,#6343);
#6341 = CARTESIAN_POINT('',(1.250000857143,0.487734347539,2.471217693382
    ));
#6342 = DIRECTION('',(1.499759782662E-32,1.224646799147E-16,-1.));
#6343 = DIRECTION('',(-1.,1.224646799147E-16,0.));
#6344 = ADVANCED_FACE('',(#6345),#6351,.F.);
#6345 = FACE_BOUND('',#6346,.T.);
#6346 = EDGE_LOOP('',(#6347,#6348,#6349,#6350));
#6347 = ORIENTED_EDGE('',*,*,#5926,.T.);
#6348 = ORIENTED_EDGE('',*,*,#1719,.F.);
#6349 = ORIENTED_EDGE('',*,*,#5293,.T.);
#6350 = ORIENTED_EDGE('',*,*,#1013,.T.);
#6351 = PLANE('',#6352);
#6352 = AXIS2_PLACEMENT_3D('',#6353,#6354,#6355);
#6353 = CARTESIAN_POINT('',(1.250000857143,0.287734347539,2.651217693382
    ));
#6354 = DIRECTION('',(-8.192455173238E-17,-0.668964731622,
    -0.743294146247));
#6355 = DIRECTION('',(1.,-1.224646799147E-16,0.));
#6356 = ADVANCED_FACE('',(#6357),#6373,.F.);
#6357 = FACE_BOUND('',#6358,.T.);
#6358 = EDGE_LOOP('',(#6359,#6360,#6366,#6367));
#6359 = ORIENTED_EDGE('',*,*,#5949,.T.);
#6360 = ORIENTED_EDGE('',*,*,#6361,.F.);
#6361 = EDGE_CURVE('',#5271,#5942,#6362,.T.);
#6362 = LINE('',#6363,#6364);
#6363 = CARTESIAN_POINT('',(0.125000857143,0.287734347539,2.651217693382
    ));
#6364 = VECTOR('',#6365,1.);
#6365 = DIRECTION('',(9.102727970266E-17,0.743294146247,-0.668964731622)
  );
#6366 = ORIENTED_EDGE('',*,*,#5270,.T.);
#6367 = ORIENTED_EDGE('',*,*,#6368,.T.);
#6368 = EDGE_CURVE('',#5263,#5950,#6369,.T.);
#6369 = LINE('',#6370,#6371);
#6370 = CARTESIAN_POINT('',(1.375000857143,0.287734347539,2.651217693382
    ));
#6371 = VECTOR('',#6372,1.);
#6372 = DIRECTION('',(9.102727970266E-17,0.743294146247,-0.668964731622)
  );
#6373 = PLANE('',#6374);
#6374 = AXIS2_PLACEMENT_3D('',#6375,#6376,#6377);
#6375 = CARTESIAN_POINT('',(1.250000857143,0.287734347539,2.651217693382
    ));
#6376 = DIRECTION('',(-8.192455173238E-17,-0.668964731622,
    -0.743294146247));
#6377 = DIRECTION('',(1.,-1.224646799147E-16,0.));
#6378 = ADVANCED_FACE('',(#6379),#6395,.F.);
#6379 = FACE_BOUND('',#6380,.T.);
#6380 = EDGE_LOOP('',(#6381,#6382,#6388,#6389));
#6381 = ORIENTED_EDGE('',*,*,#5238,.T.);
#6382 = ORIENTED_EDGE('',*,*,#6383,.T.);
#6383 = EDGE_CURVE('',#5231,#5982,#6384,.T.);
#6384 = LINE('',#6385,#6386);
#6385 = CARTESIAN_POINT('',(2.875000857143,0.287734347539,2.651217693382
    ));
#6386 = VECTOR('',#6387,1.);
#6387 = DIRECTION('',(9.102727970266E-17,0.743294146247,-0.668964731622)
  );
#6388 = ORIENTED_EDGE('',*,*,#5981,.T.);
#6389 = ORIENTED_EDGE('',*,*,#6390,.F.);
#6390 = EDGE_CURVE('',#5239,#5974,#6391,.T.);
#6391 = LINE('',#6392,#6393);
#6392 = CARTESIAN_POINT('',(1.625000857143,0.287734347539,2.651217693382
    ));
#6393 = VECTOR('',#6394,1.);
#6394 = DIRECTION('',(9.102727970266E-17,0.743294146247,-0.668964731622)
  );
#6395 = PLANE('',#6396);
#6396 = AXIS2_PLACEMENT_3D('',#6397,#6398,#6399);
#6397 = CARTESIAN_POINT('',(1.250000857143,0.287734347539,2.651217693382
    ));
#6398 = DIRECTION('',(-8.192455173238E-17,-0.668964731622,
    -0.743294146247));
#6399 = DIRECTION('',(1.,-1.224646799147E-16,0.));
#6400 = ADVANCED_FACE('',(#6401),#6417,.F.);
#6401 = FACE_BOUND('',#6402,.T.);
#6402 = EDGE_LOOP('',(#6403,#6404,#6410,#6411));
#6403 = ORIENTED_EDGE('',*,*,#6013,.T.);
#6404 = ORIENTED_EDGE('',*,*,#6405,.F.);
#6405 = EDGE_CURVE('',#5207,#6006,#6406,.T.);
#6406 = LINE('',#6407,#6408);
#6407 = CARTESIAN_POINT('',(3.125000857143,0.287734347539,2.651217693382
    ));
#6408 = VECTOR('',#6409,1.);
#6409 = DIRECTION('',(9.102727970266E-17,0.743294146247,-0.668964731622)
  );
#6410 = ORIENTED_EDGE('',*,*,#5206,.T.);
#6411 = ORIENTED_EDGE('',*,*,#6412,.T.);
#6412 = EDGE_CURVE('',#5199,#6014,#6413,.T.);
#6413 = LINE('',#6414,#6415);
#6414 = CARTESIAN_POINT('',(4.375000857143,0.287734347539,2.651217693382
    ));
#6415 = VECTOR('',#6416,1.);
#6416 = DIRECTION('',(9.102727970266E-17,0.743294146247,-0.668964731622)
  );
#6417 = PLANE('',#6418);
#6418 = AXIS2_PLACEMENT_3D('',#6419,#6420,#6421);
#6419 = CARTESIAN_POINT('',(1.250000857143,0.287734347539,2.651217693382
    ));
#6420 = DIRECTION('',(-8.192455173238E-17,-0.668964731622,
    -0.743294146247));
#6421 = DIRECTION('',(1.,-1.224646799147E-16,0.));
#6422 = ADVANCED_FACE('',(#6423),#6439,.F.);
#6423 = FACE_BOUND('',#6424,.T.);
#6424 = EDGE_LOOP('',(#6425,#6426,#6432,#6433));
#6425 = ORIENTED_EDGE('',*,*,#5174,.T.);
#6426 = ORIENTED_EDGE('',*,*,#6427,.T.);
#6427 = EDGE_CURVE('',#5167,#6046,#6428,.T.);
#6428 = LINE('',#6429,#6430);
#6429 = CARTESIAN_POINT('',(5.875000857143,0.287734347539,2.651217693382
    ));
#6430 = VECTOR('',#6431,1.);
#6431 = DIRECTION('',(9.102727970266E-17,0.743294146247,-0.668964731622)
  );
#6432 = ORIENTED_EDGE('',*,*,#6045,.T.);
#6433 = ORIENTED_EDGE('',*,*,#6434,.F.);
#6434 = EDGE_CURVE('',#5175,#6038,#6435,.T.);
#6435 = LINE('',#6436,#6437);
#6436 = CARTESIAN_POINT('',(4.625000857143,0.287734347539,2.651217693382
    ));
#6437 = VECTOR('',#6438,1.);
#6438 = DIRECTION('',(9.102727970266E-17,0.743294146247,-0.668964731622)
  );
#6439 = PLANE('',#6440);
#6440 = AXIS2_PLACEMENT_3D('',#6441,#6442,#6443);
#6441 = CARTESIAN_POINT('',(1.250000857143,0.287734347539,2.651217693382
    ));
#6442 = DIRECTION('',(-8.192455173238E-17,-0.668964731622,
    -0.743294146247));
#6443 = DIRECTION('',(1.,-1.224646799147E-16,0.));
#6444 = ADVANCED_FACE('',(#6445),#6461,.F.);
#6445 = FACE_BOUND('',#6446,.T.);
#6446 = EDGE_LOOP('',(#6447,#6448,#6454,#6455));
#6447 = ORIENTED_EDGE('',*,*,#6077,.T.);
#6448 = ORIENTED_EDGE('',*,*,#6449,.F.);
#6449 = EDGE_CURVE('',#5143,#6070,#6450,.T.);
#6450 = LINE('',#6451,#6452);
#6451 = CARTESIAN_POINT('',(6.125000857143,0.287734347539,2.651217693382
    ));
#6452 = VECTOR('',#6453,1.);
#6453 = DIRECTION('',(9.102727970266E-17,0.743294146247,-0.668964731622)
  );
#6454 = ORIENTED_EDGE('',*,*,#5142,.T.);
#6455 = ORIENTED_EDGE('',*,*,#6456,.T.);
#6456 = EDGE_CURVE('',#5135,#6078,#6457,.T.);
#6457 = LINE('',#6458,#6459);
#6458 = CARTESIAN_POINT('',(7.375000857143,0.287734347539,2.651217693382
    ));
#6459 = VECTOR('',#6460,1.);
#6460 = DIRECTION('',(9.102727970266E-17,0.743294146247,-0.668964731622)
  );
#6461 = PLANE('',#6462);
#6462 = AXIS2_PLACEMENT_3D('',#6463,#6464,#6465);
#6463 = CARTESIAN_POINT('',(1.250000857143,0.287734347539,2.651217693382
    ));
#6464 = DIRECTION('',(-8.192455173238E-17,-0.668964731622,
    -0.743294146247));
#6465 = DIRECTION('',(1.,-1.224646799147E-16,0.));
#6466 = ADVANCED_FACE('',(#6467),#6483,.F.);
#6467 = FACE_BOUND('',#6468,.T.);
#6468 = EDGE_LOOP('',(#6469,#6470,#6476,#6477));
#6469 = ORIENTED_EDGE('',*,*,#5110,.T.);
#6470 = ORIENTED_EDGE('',*,*,#6471,.T.);
#6471 = EDGE_CURVE('',#5103,#6110,#6472,.T.);
#6472 = LINE('',#6473,#6474);
#6473 = CARTESIAN_POINT('',(8.875000857143,0.287734347539,2.651217693382
    ));
#6474 = VECTOR('',#6475,1.);
#6475 = DIRECTION('',(9.102727970266E-17,0.743294146247,-0.668964731622)
  );
#6476 = ORIENTED_EDGE('',*,*,#6109,.T.);
#6477 = ORIENTED_EDGE('',*,*,#6478,.F.);
#6478 = EDGE_CURVE('',#5111,#6102,#6479,.T.);
#6479 = LINE('',#6480,#6481);
#6480 = CARTESIAN_POINT('',(7.625000857143,0.287734347539,2.651217693382
    ));
#6481 = VECTOR('',#6482,1.);
#6482 = DIRECTION('',(9.102727970266E-17,0.743294146247,-0.668964731622)
  );
#6483 = PLANE('',#6484);
#6484 = AXIS2_PLACEMENT_3D('',#6485,#6486,#6487);
#6485 = CARTESIAN_POINT('',(1.250000857143,0.287734347539,2.651217693382
    ));
#6486 = DIRECTION('',(-8.192455173238E-17,-0.668964731622,
    -0.743294146247));
#6487 = DIRECTION('',(1.,-1.224646799147E-16,0.));
#6488 = ADVANCED_FACE('',(#6489),#6505,.F.);
#6489 = FACE_BOUND('',#6490,.T.);
#6490 = EDGE_LOOP('',(#6491,#6492,#6498,#6499));
#6491 = ORIENTED_EDGE('',*,*,#6141,.T.);
#6492 = ORIENTED_EDGE('',*,*,#6493,.F.);
#6493 = EDGE_CURVE('',#5079,#6134,#6494,.T.);
#6494 = LINE('',#6495,#6496);
#6495 = CARTESIAN_POINT('',(9.125000857143,0.287734347539,2.651217693382
    ));
#6496 = VECTOR('',#6497,1.);
#6497 = DIRECTION('',(9.102727970266E-17,0.743294146247,-0.668964731622)
  );
#6498 = ORIENTED_EDGE('',*,*,#5078,.T.);
#6499 = ORIENTED_EDGE('',*,*,#6500,.T.);
#6500 = EDGE_CURVE('',#5071,#6142,#6501,.T.);
#6501 = LINE('',#6502,#6503);
#6502 = CARTESIAN_POINT('',(10.375000857143,0.287734347539,
    2.651217693382));
#6503 = VECTOR('',#6504,1.);
#6504 = DIRECTION('',(9.102727970266E-17,0.743294146247,-0.668964731622)
  );
#6505 = PLANE('',#6506);
#6506 = AXIS2_PLACEMENT_3D('',#6507,#6508,#6509);
#6507 = CARTESIAN_POINT('',(1.250000857143,0.287734347539,2.651217693382
    ));
#6508 = DIRECTION('',(-8.192455173238E-17,-0.668964731622,
    -0.743294146247));
#6509 = DIRECTION('',(1.,-1.224646799147E-16,0.));
#6510 = ADVANCED_FACE('',(#6511),#6527,.F.);
#6511 = FACE_BOUND('',#6512,.T.);
#6512 = EDGE_LOOP('',(#6513,#6514,#6520,#6521));
#6513 = ORIENTED_EDGE('',*,*,#5046,.T.);
#6514 = ORIENTED_EDGE('',*,*,#6515,.T.);
#6515 = EDGE_CURVE('',#5039,#6174,#6516,.T.);
#6516 = LINE('',#6517,#6518);
#6517 = CARTESIAN_POINT('',(11.875000857143,0.287734347539,
    2.651217693382));
#6518 = VECTOR('',#6519,1.);
#6519 = DIRECTION('',(9.102727970266E-17,0.743294146247,-0.668964731622)
  );
#6520 = ORIENTED_EDGE('',*,*,#6173,.T.);
#6521 = ORIENTED_EDGE('',*,*,#6522,.F.);
#6522 = EDGE_CURVE('',#5047,#6166,#6523,.T.);
#6523 = LINE('',#6524,#6525);
#6524 = CARTESIAN_POINT('',(10.625000857143,0.287734347539,
    2.651217693382));
#6525 = VECTOR('',#6526,1.);
#6526 = DIRECTION('',(9.102727970266E-17,0.743294146247,-0.668964731622)
  );
#6527 = PLANE('',#6528);
#6528 = AXIS2_PLACEMENT_3D('',#6529,#6530,#6531);
#6529 = CARTESIAN_POINT('',(1.250000857143,0.287734347539,2.651217693382
    ));
#6530 = DIRECTION('',(-8.192455173238E-17,-0.668964731622,
    -0.743294146247));
#6531 = DIRECTION('',(1.,-1.224646799147E-16,0.));
#6532 = ADVANCED_FACE('',(#6533),#6549,.F.);
#6533 = FACE_BOUND('',#6534,.T.);
#6534 = EDGE_LOOP('',(#6535,#6536,#6542,#6543));
#6535 = ORIENTED_EDGE('',*,*,#6205,.T.);
#6536 = ORIENTED_EDGE('',*,*,#6537,.F.);
#6537 = EDGE_CURVE('',#5015,#6198,#6538,.T.);
#6538 = LINE('',#6539,#6540);
#6539 = CARTESIAN_POINT('',(12.125000857143,0.287734347539,
    2.651217693382));
#6540 = VECTOR('',#6541,1.);
#6541 = DIRECTION('',(9.102727970266E-17,0.743294146247,-0.668964731622)
  );
#6542 = ORIENTED_EDGE('',*,*,#5014,.T.);
#6543 = ORIENTED_EDGE('',*,*,#6544,.T.);
#6544 = EDGE_CURVE('',#5007,#6206,#6545,.T.);
#6545 = LINE('',#6546,#6547);
#6546 = CARTESIAN_POINT('',(13.375000857143,0.287734347539,
    2.651217693382));
#6547 = VECTOR('',#6548,1.);
#6548 = DIRECTION('',(9.102727970266E-17,0.743294146247,-0.668964731622)
  );
#6549 = PLANE('',#6550);
#6550 = AXIS2_PLACEMENT_3D('',#6551,#6552,#6553);
#6551 = CARTESIAN_POINT('',(1.250000857143,0.287734347539,2.651217693382
    ));
#6552 = DIRECTION('',(-8.192455173238E-17,-0.668964731622,
    -0.743294146247));
#6553 = DIRECTION('',(1.,-1.224646799147E-16,0.));
#6554 = ADVANCED_FACE('',(#6555),#6571,.F.);
#6555 = FACE_BOUND('',#6556,.T.);
#6556 = EDGE_LOOP('',(#6557,#6558,#6564,#6565));
#6557 = ORIENTED_EDGE('',*,*,#4982,.T.);
#6558 = ORIENTED_EDGE('',*,*,#6559,.T.);
#6559 = EDGE_CURVE('',#4975,#6238,#6560,.T.);
#6560 = LINE('',#6561,#6562);
#6561 = CARTESIAN_POINT('',(14.875000857143,0.287734347539,
    2.651217693382));
#6562 = VECTOR('',#6563,1.);
#6563 = DIRECTION('',(9.102727970266E-17,0.743294146247,-0.668964731622)
  );
#6564 = ORIENTED_EDGE('',*,*,#6237,.T.);
#6565 = ORIENTED_EDGE('',*,*,#6566,.F.);
#6566 = EDGE_CURVE('',#4983,#6230,#6567,.T.);
#6567 = LINE('',#6568,#6569);
#6568 = CARTESIAN_POINT('',(13.625000857143,0.287734347539,
    2.651217693382));
#6569 = VECTOR('',#6570,1.);
#6570 = DIRECTION('',(9.102727970266E-17,0.743294146247,-0.668964731622)
  );
#6571 = PLANE('',#6572);
#6572 = AXIS2_PLACEMENT_3D('',#6573,#6574,#6575);
#6573 = CARTESIAN_POINT('',(1.250000857143,0.287734347539,2.651217693382
    ));
#6574 = DIRECTION('',(-8.192455173238E-17,-0.668964731622,
    -0.743294146247));
#6575 = DIRECTION('',(1.,-1.224646799147E-16,0.));
#6576 = ADVANCED_FACE('',(#6577),#6593,.F.);
#6577 = FACE_BOUND('',#6578,.T.);
#6578 = EDGE_LOOP('',(#6579,#6580,#6586,#6587));
#6579 = ORIENTED_EDGE('',*,*,#6269,.T.);
#6580 = ORIENTED_EDGE('',*,*,#6581,.F.);
#6581 = EDGE_CURVE('',#4951,#6262,#6582,.T.);
#6582 = LINE('',#6583,#6584);
#6583 = CARTESIAN_POINT('',(15.125000857143,0.287734347539,
    2.651217693382));
#6584 = VECTOR('',#6585,1.);
#6585 = DIRECTION('',(9.102727970266E-17,0.743294146247,-0.668964731622)
  );
#6586 = ORIENTED_EDGE('',*,*,#4950,.T.);
#6587 = ORIENTED_EDGE('',*,*,#6588,.T.);
#6588 = EDGE_CURVE('',#4943,#6270,#6589,.T.);
#6589 = LINE('',#6590,#6591);
#6590 = CARTESIAN_POINT('',(16.375000857143,0.287734347539,
    2.651217693382));
#6591 = VECTOR('',#6592,1.);
#6592 = DIRECTION('',(9.102727970266E-17,0.743294146247,-0.668964731622)
  );
#6593 = PLANE('',#6594);
#6594 = AXIS2_PLACEMENT_3D('',#6595,#6596,#6597);
#6595 = CARTESIAN_POINT('',(1.250000857143,0.287734347539,2.651217693382
    ));
#6596 = DIRECTION('',(-8.192455173238E-17,-0.668964731622,
    -0.743294146247));
#6597 = DIRECTION('',(1.,-1.224646799147E-16,0.));
#6598 = ADVANCED_FACE('',(#6599),#6615,.F.);
#6599 = FACE_BOUND('',#6600,.T.);
#6600 = EDGE_LOOP('',(#6601,#6602,#6608,#6609));
#6601 = ORIENTED_EDGE('',*,*,#4918,.T.);
#6602 = ORIENTED_EDGE('',*,*,#6603,.T.);
#6603 = EDGE_CURVE('',#4911,#6302,#6604,.T.);
#6604 = LINE('',#6605,#6606);
#6605 = CARTESIAN_POINT('',(17.875000857143,0.287734347539,
    2.651217693382));
#6606 = VECTOR('',#6607,1.);
#6607 = DIRECTION('',(9.102727970266E-17,0.743294146247,-0.668964731622)
  );
#6608 = ORIENTED_EDGE('',*,*,#6301,.T.);
#6609 = ORIENTED_EDGE('',*,*,#6610,.F.);
#6610 = EDGE_CURVE('',#4919,#6294,#6611,.T.);
#6611 = LINE('',#6612,#6613);
#6612 = CARTESIAN_POINT('',(16.625000857143,0.287734347539,
    2.651217693382));
#6613 = VECTOR('',#6614,1.);
#6614 = DIRECTION('',(9.102727970266E-17,0.743294146247,-0.668964731622)
  );
#6615 = PLANE('',#6616);
#6616 = AXIS2_PLACEMENT_3D('',#6617,#6618,#6619);
#6617 = CARTESIAN_POINT('',(1.250000857143,0.287734347539,2.651217693382
    ));
#6618 = DIRECTION('',(-8.192455173238E-17,-0.668964731622,
    -0.743294146247));
#6619 = DIRECTION('',(1.,-1.224646799147E-16,0.));
#6620 = ADVANCED_FACE('',(#6621),#6632,.F.);
#6621 = FACE_BOUND('',#6622,.T.);
#6622 = EDGE_LOOP('',(#6623,#6624,#6630,#6631));
#6623 = ORIENTED_EDGE('',*,*,#6333,.T.);
#6624 = ORIENTED_EDGE('',*,*,#6625,.F.);
#6625 = EDGE_CURVE('',#4885,#6326,#6626,.T.);
#6626 = LINE('',#6627,#6628);
#6627 = CARTESIAN_POINT('',(18.125000857143,0.287734347539,
    2.651217693382));
#6628 = VECTOR('',#6629,1.);
#6629 = DIRECTION('',(9.102727970266E-17,0.743294146247,-0.668964731622)
  );
#6630 = ORIENTED_EDGE('',*,*,#4884,.T.);
#6631 = ORIENTED_EDGE('',*,*,#5526,.T.);
#6632 = PLANE('',#6633);
#6633 = AXIS2_PLACEMENT_3D('',#6634,#6635,#6636);
#6634 = CARTESIAN_POINT('',(1.250000857143,0.287734347539,2.651217693382
    ));
#6635 = DIRECTION('',(-8.192455173238E-17,-0.668964731622,
    -0.743294146247));
#6636 = DIRECTION('',(1.,-1.224646799147E-16,0.));
#6637 = ADVANCED_FACE('',(#6638),#6644,.F.);
#6638 = FACE_BOUND('',#6639,.T.);
#6639 = EDGE_LOOP('',(#6640,#6641,#6642,#6643));
#6640 = ORIENTED_EDGE('',*,*,#5375,.T.);
#6641 = ORIENTED_EDGE('',*,*,#1783,.T.);
#6642 = ORIENTED_EDGE('',*,*,#5917,.T.);
#6643 = ORIENTED_EDGE('',*,*,#5680,.F.);
#6644 = PLANE('',#6645);
#6645 = AXIS2_PLACEMENT_3D('',#6646,#6647,#6648);
#6646 = CARTESIAN_POINT('',(1.250000857143,0.287734347539,2.651217693382
    ));
#6647 = DIRECTION('',(-8.192455173238E-17,-0.668964731622,
    -0.743294146247));
#6648 = DIRECTION('',(1.,-1.224646799147E-16,0.));
#6649 = ADVANCED_FACE('',(#6650),#6676,.F.);
#6650 = FACE_BOUND('',#6651,.T.);
#6651 = EDGE_LOOP('',(#6652,#6653,#6661,#6670));
#6652 = ORIENTED_EDGE('',*,*,#1453,.F.);
#6653 = ORIENTED_EDGE('',*,*,#6654,.F.);
#6654 = EDGE_CURVE('',#6655,#1446,#6657,.T.);
#6655 = VERTEX_POINT('',#6656);
#6656 = CARTESIAN_POINT('',(1.375000857143,1.429594984688,4.467679270219
    ));
#6657 = LINE('',#6658,#6659);
#6658 = CARTESIAN_POINT('',(1.375000857143,1.429594984688,4.467679270219
    ));
#6659 = VECTOR('',#6660,1.);
#6660 = DIRECTION('',(3.315957318415E-17,0.27076846326,-0.962644503077)
  );
#6661 = ORIENTED_EDGE('',*,*,#6662,.F.);
#6662 = EDGE_CURVE('',#6663,#6655,#6665,.T.);
#6663 = VERTEX_POINT('',#6664);
#6664 = CARTESIAN_POINT('',(1.375000857143,1.432776037158,4.503112717345
    ));
#6665 = CIRCLE('',#6666,5.E-02);
#6666 = AXIS2_PLACEMENT_3D('',#6667,#6668,#6669);
#6667 = CARTESIAN_POINT('',(1.375000857143,1.477727209842,4.481217693382
    ));
#6668 = DIRECTION('',(1.,-1.224646799147E-16,6.162975822039E-33));
#6669 = DIRECTION('',(-1.100986194907E-16,-0.89902345368,0.437900479257)
  );
#6670 = ORIENTED_EDGE('',*,*,#6671,.F.);
#6671 = EDGE_CURVE('',#1428,#6663,#6672,.T.);
#6672 = LINE('',#6673,#6674);
#6673 = CARTESIAN_POINT('',(1.375000857143,1.647734347539,4.944428887914
    ));
#6674 = VECTOR('',#6675,1.);
#6675 = DIRECTION('',(-5.362734202678E-17,-0.437900479257,-0.89902345368
    ));
#6676 = PLANE('',#6677);
#6677 = AXIS2_PLACEMENT_3D('',#6678,#6679,#6680);
#6678 = CARTESIAN_POINT('',(1.375000857143,2.512734347539,4.741217693382
    ));
#6679 = DIRECTION('',(1.,-1.224646799147E-16,0.));
#6680 = DIRECTION('',(1.499759782662E-32,1.224646799147E-16,-1.));
#6681 = ADVANCED_FACE('',(#6682),#6743,.F.);
#6682 = FACE_BOUND('',#6683,.T.);
#6683 = EDGE_LOOP('',(#6684,#6685,#6686,#6687,#6696,#6704,#6713,#6721,
    #6729,#6737));
#6684 = ORIENTED_EDGE('',*,*,#5957,.F.);
#6685 = ORIENTED_EDGE('',*,*,#6368,.F.);
#6686 = ORIENTED_EDGE('',*,*,#5262,.T.);
#6687 = ORIENTED_EDGE('',*,*,#6688,.F.);
#6688 = EDGE_CURVE('',#6689,#5255,#6691,.T.);
#6689 = VERTEX_POINT('',#6690);
#6690 = CARTESIAN_POINT('',(1.375000857143,0.398537662164,4.971832962871
    ));
#6691 = CIRCLE('',#6692,0.15);
#6692 = AXIS2_PLACEMENT_3D('',#6693,#6694,#6695);
#6693 = CARTESIAN_POINT('',(1.375000857143,0.254140986703,4.931217693382
    ));
#6694 = DIRECTION('',(1.,-1.224646799147E-16,0.));
#6695 = DIRECTION('',(1.17889950941E-16,0.962644503077,0.27076846326));
#6696 = ORIENTED_EDGE('',*,*,#6697,.F.);
#6697 = EDGE_CURVE('',#6698,#6689,#6700,.T.);
#6698 = VERTEX_POINT('',#6699);
#6699 = CARTESIAN_POINT('',(1.375000857143,0.605859434996,4.234756116545
    ));
#6700 = LINE('',#6701,#6702);
#6701 = CARTESIAN_POINT('',(1.375000857143,0.605859434996,4.234756116545
    ));
#6702 = VECTOR('',#6703,1.);
#6703 = DIRECTION('',(-3.315957318415E-17,-0.27076846326,0.962644503077)
  );
#6704 = ORIENTED_EDGE('',*,*,#6705,.F.);
#6705 = EDGE_CURVE('',#6706,#6698,#6708,.T.);
#6706 = VERTEX_POINT('',#6707);
#6707 = CARTESIAN_POINT('',(1.375000857143,0.602678382526,4.199322669419
    ));
#6708 = CIRCLE('',#6709,5.E-02);
#6709 = AXIS2_PLACEMENT_3D('',#6710,#6711,#6712);
#6710 = CARTESIAN_POINT('',(1.375000857143,0.557727209842,4.221217693382
    ));
#6711 = DIRECTION('',(1.,-1.224646799147E-16,6.162975822039E-33));
#6712 = DIRECTION('',(1.100986194907E-16,0.89902345368,-0.437900479257)
  );
#6713 = ORIENTED_EDGE('',*,*,#6714,.F.);
#6714 = EDGE_CURVE('',#6715,#6706,#6717,.T.);
#6715 = VERTEX_POINT('',#6716);
#6716 = CARTESIAN_POINT('',(1.375000857143,0.447734347539,3.881217693382
    ));
#6717 = LINE('',#6718,#6719);
#6718 = CARTESIAN_POINT('',(1.375000857143,0.447734347539,3.881217693382
    ));
#6719 = VECTOR('',#6720,1.);
#6720 = DIRECTION('',(5.362734202678E-17,0.437900479257,0.89902345368));
#6721 = ORIENTED_EDGE('',*,*,#6722,.F.);
#6722 = EDGE_CURVE('',#6723,#6715,#6725,.T.);
#6723 = VERTEX_POINT('',#6724);
#6724 = CARTESIAN_POINT('',(1.375000857143,0.447734347539,2.581217693382
    ));
#6725 = LINE('',#6726,#6727);
#6726 = CARTESIAN_POINT('',(1.375000857143,0.447734347539,2.581217693382
    ));
#6727 = VECTOR('',#6728,1.);
#6728 = DIRECTION('',(-1.499759782662E-32,-1.224646799147E-16,1.));
#6729 = ORIENTED_EDGE('',*,*,#6730,.F.);
#6730 = EDGE_CURVE('',#6731,#6723,#6733,.T.);
#6731 = VERTEX_POINT('',#6732);
#6732 = CARTESIAN_POINT('',(1.375000857143,1.377734347539,2.581217693382
    ));
#6733 = LINE('',#6734,#6735);
#6734 = CARTESIAN_POINT('',(1.375000857143,1.377734347539,2.581217693382
    ));
#6735 = VECTOR('',#6736,1.);
#6736 = DIRECTION('',(-1.224646799147E-16,-1.,-1.224646799147E-16));
#6737 = ORIENTED_EDGE('',*,*,#6738,.F.);
#6738 = EDGE_CURVE('',#5958,#6731,#6739,.T.);
#6739 = LINE('',#6740,#6741);
#6740 = CARTESIAN_POINT('',(1.375000857143,1.377734347539,2.471217693382
    ));
#6741 = VECTOR('',#6742,1.);
#6742 = DIRECTION('',(-1.499759782662E-32,-1.224646799147E-16,1.));
#6743 = PLANE('',#6744);
#6744 = AXIS2_PLACEMENT_3D('',#6745,#6746,#6747);
#6745 = CARTESIAN_POINT('',(1.375000857143,2.512734347539,4.741217693382
    ));
#6746 = DIRECTION('',(1.,-1.224646799147E-16,0.));
#6747 = DIRECTION('',(1.499759782662E-32,1.224646799147E-16,-1.));
#6748 = ADVANCED_FACE('',(#6749),#6790,.F.);
#6749 = FACE_BOUND('',#6750,.T.);
#6750 = EDGE_LOOP('',(#6751,#6759,#6767,#6775,#6783,#6789));
#6751 = ORIENTED_EDGE('',*,*,#6752,.F.);
#6752 = EDGE_CURVE('',#6753,#683,#6755,.T.);
#6753 = VERTEX_POINT('',#6754);
#6754 = CARTESIAN_POINT('',(1.375000857143,2.247734347539,
    -3.128782306618));
#6755 = LINE('',#6756,#6757);
#6756 = CARTESIAN_POINT('',(1.375000857143,2.247734347539,
    -3.128782306618));
#6757 = VECTOR('',#6758,1.);
#6758 = DIRECTION('',(-1.499759782662E-32,-1.224646799147E-16,1.));
#6759 = ORIENTED_EDGE('',*,*,#6760,.F.);
#6760 = EDGE_CURVE('',#6761,#6753,#6763,.T.);
#6761 = VERTEX_POINT('',#6762);
#6762 = CARTESIAN_POINT('',(1.375000857143,2.087734347539,
    -3.428782306618));
#6763 = LINE('',#6764,#6765);
#6764 = CARTESIAN_POINT('',(1.375000857143,2.087734347539,
    -3.428782306618));
#6765 = VECTOR('',#6766,1.);
#6766 = DIRECTION('',(5.763043760693E-17,0.470588235294,0.882352941176)
  );
#6767 = ORIENTED_EDGE('',*,*,#6768,.F.);
#6768 = EDGE_CURVE('',#6769,#6761,#6771,.T.);
#6769 = VERTEX_POINT('',#6770);
#6770 = CARTESIAN_POINT('',(1.375000857143,1.897734347539,
    -3.428782306618));
#6771 = LINE('',#6772,#6773);
#6772 = CARTESIAN_POINT('',(1.375000857143,1.897734347539,
    -3.428782306618));
#6773 = VECTOR('',#6774,1.);
#6774 = DIRECTION('',(1.224646799147E-16,1.,1.224646799147E-16));
#6775 = ORIENTED_EDGE('',*,*,#6776,.F.);
#6776 = EDGE_CURVE('',#6777,#6769,#6779,.T.);
#6777 = VERTEX_POINT('',#6778);
#6778 = CARTESIAN_POINT('',(1.375000857143,1.747734347539,
    -3.128782306618));
#6779 = LINE('',#6780,#6781);
#6780 = CARTESIAN_POINT('',(1.375000857143,1.747734347539,
    -3.128782306618));
#6781 = VECTOR('',#6782,1.);
#6782 = DIRECTION('',(5.476786982643E-17,0.4472135955,-0.894427191));
#6783 = ORIENTED_EDGE('',*,*,#6784,.F.);
#6784 = EDGE_CURVE('',#665,#6777,#6785,.T.);
#6785 = LINE('',#6786,#6787);
#6786 = CARTESIAN_POINT('',(1.375000857143,1.747734347539,
    -2.878230661791E-02));
#6787 = VECTOR('',#6788,1.);
#6788 = DIRECTION('',(1.499759782662E-32,1.224646799147E-16,-1.));
#6789 = ORIENTED_EDGE('',*,*,#690,.T.);
#6790 = PLANE('',#6791);
#6791 = AXIS2_PLACEMENT_3D('',#6792,#6793,#6794);
#6792 = CARTESIAN_POINT('',(1.375000857143,2.512734347539,4.741217693382
    ));
#6793 = DIRECTION('',(1.,-1.224646799147E-16,0.));
#6794 = DIRECTION('',(1.499759782662E-32,1.224646799147E-16,-1.));
#6795 = ADVANCED_FACE('',(#6796),#6814,.T.);
#6796 = FACE_BOUND('',#6797,.T.);
#6797 = EDGE_LOOP('',(#6798,#6806,#6812,#6813));
#6798 = ORIENTED_EDGE('',*,*,#6799,.T.);
#6799 = EDGE_CURVE('',#6663,#6800,#6802,.T.);
#6800 = VERTEX_POINT('',#6801);
#6801 = CARTESIAN_POINT('',(1.625000857143,1.432776037158,4.503112717345
    ));
#6802 = LINE('',#6803,#6804);
#6803 = CARTESIAN_POINT('',(1.375000857143,1.432776037158,4.503112717345
    ));
#6804 = VECTOR('',#6805,1.);
#6805 = DIRECTION('',(1.,-1.224646799147E-16,0.));
#6806 = ORIENTED_EDGE('',*,*,#6807,.F.);
#6807 = EDGE_CURVE('',#1430,#6800,#6808,.T.);
#6808 = LINE('',#6809,#6810);
#6809 = CARTESIAN_POINT('',(1.625000857143,1.647734347539,4.944428887914
    ));
#6810 = VECTOR('',#6811,1.);
#6811 = DIRECTION('',(-5.362734202678E-17,-0.437900479257,-0.89902345368
    ));
#6812 = ORIENTED_EDGE('',*,*,#1427,.F.);
#6813 = ORIENTED_EDGE('',*,*,#6671,.T.);
#6814 = PLANE('',#6815);
#6815 = AXIS2_PLACEMENT_3D('',#6816,#6817,#6818);
#6816 = CARTESIAN_POINT('',(1.375000857143,1.686983066107,5.025007741308
    ));
#6817 = DIRECTION('',(-1.100986194907E-16,-0.89902345368,0.437900479257)
  );
#6818 = DIRECTION('',(5.362734202678E-17,0.437900479257,0.89902345368));
#6819 = ADVANCED_FACE('',(#6820),#6839,.T.);
#6820 = FACE_BOUND('',#6821,.T.);
#6821 = EDGE_LOOP('',(#6822,#6831,#6837,#6838));
#6822 = ORIENTED_EDGE('',*,*,#6823,.T.);
#6823 = EDGE_CURVE('',#6800,#6824,#6826,.T.);
#6824 = VERTEX_POINT('',#6825);
#6825 = CARTESIAN_POINT('',(1.625000857143,1.429594984688,4.467679270219
    ));
#6826 = CIRCLE('',#6827,5.E-02);
#6827 = AXIS2_PLACEMENT_3D('',#6828,#6829,#6830);
#6828 = CARTESIAN_POINT('',(1.625000857143,1.477727209842,4.481217693382
    ));
#6829 = DIRECTION('',(1.,-1.224646799147E-16,6.162975822039E-33));
#6830 = DIRECTION('',(-1.100986194907E-16,-0.89902345368,0.437900479257)
  );
#6831 = ORIENTED_EDGE('',*,*,#6832,.T.);
#6832 = EDGE_CURVE('',#6824,#1438,#6833,.T.);
#6833 = LINE('',#6834,#6835);
#6834 = CARTESIAN_POINT('',(1.625000857143,1.429594984688,4.467679270219
    ));
#6835 = VECTOR('',#6836,1.);
#6836 = DIRECTION('',(3.315957318415E-17,0.27076846326,-0.962644503077)
  );
#6837 = ORIENTED_EDGE('',*,*,#1437,.T.);
#6838 = ORIENTED_EDGE('',*,*,#6807,.T.);
#6839 = PLANE('',#6840);
#6840 = AXIS2_PLACEMENT_3D('',#6841,#6842,#6843);
#6841 = CARTESIAN_POINT('',(1.625000857143,2.512734347539,4.741217693382
    ));
#6842 = DIRECTION('',(1.,-1.224646799147E-16,0.));
#6843 = DIRECTION('',(1.499759782662E-32,1.224646799147E-16,-1.));
#6844 = ADVANCED_FACE('',(#6845),#6906,.T.);
#6845 = FACE_BOUND('',#6846,.T.);
#6846 = EDGE_LOOP('',(#6847,#6857,#6865,#6873,#6882,#6890,#6897,#6898,
    #6899,#6900));
#6847 = ORIENTED_EDGE('',*,*,#6848,.T.);
#6848 = EDGE_CURVE('',#6849,#6851,#6853,.T.);
#6849 = VERTEX_POINT('',#6850);
#6850 = CARTESIAN_POINT('',(1.625000857143,1.377734347539,2.581217693382
    ));
#6851 = VERTEX_POINT('',#6852);
#6852 = CARTESIAN_POINT('',(1.625000857143,0.447734347539,2.581217693382
    ));
#6853 = LINE('',#6854,#6855);
#6854 = CARTESIAN_POINT('',(1.625000857143,1.377734347539,2.581217693382
    ));
#6855 = VECTOR('',#6856,1.);
#6856 = DIRECTION('',(-1.224646799147E-16,-1.,-1.224646799147E-16));
#6857 = ORIENTED_EDGE('',*,*,#6858,.T.);
#6858 = EDGE_CURVE('',#6851,#6859,#6861,.T.);
#6859 = VERTEX_POINT('',#6860);
#6860 = CARTESIAN_POINT('',(1.625000857143,0.447734347539,3.881217693382
    ));
#6861 = LINE('',#6862,#6863);
#6862 = CARTESIAN_POINT('',(1.625000857143,0.447734347539,2.581217693382
    ));
#6863 = VECTOR('',#6864,1.);
#6864 = DIRECTION('',(-1.499759782662E-32,-1.224646799147E-16,1.));
#6865 = ORIENTED_EDGE('',*,*,#6866,.T.);
#6866 = EDGE_CURVE('',#6859,#6867,#6869,.T.);
#6867 = VERTEX_POINT('',#6868);
#6868 = CARTESIAN_POINT('',(1.625000857143,0.602678382526,4.199322669419
    ));
#6869 = LINE('',#6870,#6871);
#6870 = CARTESIAN_POINT('',(1.625000857143,0.447734347539,3.881217693382
    ));
#6871 = VECTOR('',#6872,1.);
#6872 = DIRECTION('',(5.362734202678E-17,0.437900479257,0.89902345368));
#6873 = ORIENTED_EDGE('',*,*,#6874,.T.);
#6874 = EDGE_CURVE('',#6867,#6875,#6877,.T.);
#6875 = VERTEX_POINT('',#6876);
#6876 = CARTESIAN_POINT('',(1.625000857143,0.605859434996,4.234756116545
    ));
#6877 = CIRCLE('',#6878,5.E-02);
#6878 = AXIS2_PLACEMENT_3D('',#6879,#6880,#6881);
#6879 = CARTESIAN_POINT('',(1.625000857143,0.557727209842,4.221217693382
    ));
#6880 = DIRECTION('',(1.,-1.224646799147E-16,6.162975822039E-33));
#6881 = DIRECTION('',(1.100986194907E-16,0.89902345368,-0.437900479257)
  );
#6882 = ORIENTED_EDGE('',*,*,#6883,.T.);
#6883 = EDGE_CURVE('',#6875,#6884,#6886,.T.);
#6884 = VERTEX_POINT('',#6885);
#6885 = CARTESIAN_POINT('',(1.625000857143,0.398537662164,4.971832962871
    ));
#6886 = LINE('',#6887,#6888);
#6887 = CARTESIAN_POINT('',(1.625000857143,0.605859434996,4.234756116545
    ));
#6888 = VECTOR('',#6889,1.);
#6889 = DIRECTION('',(-3.315957318415E-17,-0.27076846326,0.962644503077)
  );
#6890 = ORIENTED_EDGE('',*,*,#6891,.T.);
#6891 = EDGE_CURVE('',#6884,#5247,#6892,.T.);
#6892 = CIRCLE('',#6893,0.15);
#6893 = AXIS2_PLACEMENT_3D('',#6894,#6895,#6896);
#6894 = CARTESIAN_POINT('',(1.625000857143,0.254140986703,4.931217693382
    ));
#6895 = DIRECTION('',(1.,-1.224646799147E-16,0.));
#6896 = DIRECTION('',(1.17889950941E-16,0.962644503077,0.27076846326));
#6897 = ORIENTED_EDGE('',*,*,#5246,.F.);
#6898 = ORIENTED_EDGE('',*,*,#6390,.T.);
#6899 = ORIENTED_EDGE('',*,*,#5973,.T.);
#6900 = ORIENTED_EDGE('',*,*,#6901,.T.);
#6901 = EDGE_CURVE('',#5966,#6849,#6902,.T.);
#6902 = LINE('',#6903,#6904);
#6903 = CARTESIAN_POINT('',(1.625000857143,1.377734347539,2.471217693382
    ));
#6904 = VECTOR('',#6905,1.);
#6905 = DIRECTION('',(-1.499759782662E-32,-1.224646799147E-16,1.));
#6906 = PLANE('',#6907);
#6907 = AXIS2_PLACEMENT_3D('',#6908,#6909,#6910);
#6908 = CARTESIAN_POINT('',(1.625000857143,2.512734347539,4.741217693382
    ));
#6909 = DIRECTION('',(1.,-1.224646799147E-16,0.));
#6910 = DIRECTION('',(1.499759782662E-32,1.224646799147E-16,-1.));
#6911 = ADVANCED_FACE('',(#6912),#6953,.T.);
#6912 = FACE_BOUND('',#6913,.T.);
#6913 = EDGE_LOOP('',(#6914,#6922,#6930,#6938,#6946,#6952));
#6914 = ORIENTED_EDGE('',*,*,#6915,.T.);
#6915 = EDGE_CURVE('',#667,#6916,#6918,.T.);
#6916 = VERTEX_POINT('',#6917);
#6917 = CARTESIAN_POINT('',(1.625000857143,1.747734347539,
    -3.128782306618));
#6918 = LINE('',#6919,#6920);
#6919 = CARTESIAN_POINT('',(1.625000857143,1.747734347539,
    -2.878230661791E-02));
#6920 = VECTOR('',#6921,1.);
#6921 = DIRECTION('',(1.499759782662E-32,1.224646799147E-16,-1.));
#6922 = ORIENTED_EDGE('',*,*,#6923,.T.);
#6923 = EDGE_CURVE('',#6916,#6924,#6926,.T.);
#6924 = VERTEX_POINT('',#6925);
#6925 = CARTESIAN_POINT('',(1.625000857143,1.897734347539,
    -3.428782306618));
#6926 = LINE('',#6927,#6928);
#6927 = CARTESIAN_POINT('',(1.625000857143,1.747734347539,
    -3.128782306618));
#6928 = VECTOR('',#6929,1.);
#6929 = DIRECTION('',(5.476786982643E-17,0.4472135955,-0.894427191));
#6930 = ORIENTED_EDGE('',*,*,#6931,.T.);
#6931 = EDGE_CURVE('',#6924,#6932,#6934,.T.);
#6932 = VERTEX_POINT('',#6933);
#6933 = CARTESIAN_POINT('',(1.625000857143,2.087734347539,
    -3.428782306618));
#6934 = LINE('',#6935,#6936);
#6935 = CARTESIAN_POINT('',(1.625000857143,1.897734347539,
    -3.428782306618));
#6936 = VECTOR('',#6937,1.);
#6937 = DIRECTION('',(1.224646799147E-16,1.,1.224646799147E-16));
#6938 = ORIENTED_EDGE('',*,*,#6939,.T.);
#6939 = EDGE_CURVE('',#6932,#6940,#6942,.T.);
#6940 = VERTEX_POINT('',#6941);
#6941 = CARTESIAN_POINT('',(1.625000857143,2.247734347539,
    -3.128782306618));
#6942 = LINE('',#6943,#6944);
#6943 = CARTESIAN_POINT('',(1.625000857143,2.087734347539,
    -3.428782306618));
#6944 = VECTOR('',#6945,1.);
#6945 = DIRECTION('',(5.763043760693E-17,0.470588235294,0.882352941176)
  );
#6946 = ORIENTED_EDGE('',*,*,#6947,.T.);
#6947 = EDGE_CURVE('',#6940,#675,#6948,.T.);
#6948 = LINE('',#6949,#6950);
#6949 = CARTESIAN_POINT('',(1.625000857143,2.247734347539,
    -3.128782306618));
#6950 = VECTOR('',#6951,1.);
#6951 = DIRECTION('',(-1.499759782662E-32,-1.224646799147E-16,1.));
#6952 = ORIENTED_EDGE('',*,*,#674,.F.);
#6953 = PLANE('',#6954);
#6954 = AXIS2_PLACEMENT_3D('',#6955,#6956,#6957);
#6955 = CARTESIAN_POINT('',(1.625000857143,2.512734347539,4.741217693382
    ));
#6956 = DIRECTION('',(1.,-1.224646799147E-16,0.));
#6957 = DIRECTION('',(1.499759782662E-32,1.224646799147E-16,-1.));
#6958 = ADVANCED_FACE('',(#6959),#6970,.T.);
#6959 = FACE_BOUND('',#6960,.T.);
#6960 = EDGE_LOOP('',(#6961,#6962,#6963,#6969));
#6961 = ORIENTED_EDGE('',*,*,#1445,.T.);
#6962 = ORIENTED_EDGE('',*,*,#6832,.F.);
#6963 = ORIENTED_EDGE('',*,*,#6964,.F.);
#6964 = EDGE_CURVE('',#6655,#6824,#6965,.T.);
#6965 = LINE('',#6966,#6967);
#6966 = CARTESIAN_POINT('',(1.375000857143,1.429594984688,4.467679270219
    ));
#6967 = VECTOR('',#6968,1.);
#6968 = DIRECTION('',(1.,-1.224646799147E-16,0.));
#6969 = ORIENTED_EDGE('',*,*,#6654,.T.);
#6970 = PLANE('',#6971);
#6971 = AXIS2_PLACEMENT_3D('',#6972,#6973,#6974);
#6972 = CARTESIAN_POINT('',(1.375000857143,1.429594984688,4.467679270219
    ));
#6973 = DIRECTION('',(-1.17889950941E-16,-0.962644503077,-0.27076846326)
  );
#6974 = DIRECTION('',(1.,-1.224646799147E-16,0.));
#6975 = ADVANCED_FACE('',(#6976),#6982,.T.);
#6976 = FACE_BOUND('',#6977,.T.);
#6977 = EDGE_LOOP('',(#6978,#6979,#6980,#6981));
#6978 = ORIENTED_EDGE('',*,*,#6964,.T.);
#6979 = ORIENTED_EDGE('',*,*,#6823,.F.);
#6980 = ORIENTED_EDGE('',*,*,#6799,.F.);
#6981 = ORIENTED_EDGE('',*,*,#6662,.T.);
#6982 = CYLINDRICAL_SURFACE('',#6983,5.E-02);
#6983 = AXIS2_PLACEMENT_3D('',#6984,#6985,#6986);
#6984 = CARTESIAN_POINT('',(1.375000857143,1.477727209842,4.481217693382
    ));
#6985 = DIRECTION('',(-1.,1.224646799147E-16,0.));
#6986 = DIRECTION('',(1.499759782662E-32,1.224646799147E-16,-1.));
#6987 = ADVANCED_FACE('',(#6988),#6999,.T.);
#6988 = FACE_BOUND('',#6989,.T.);
#6989 = EDGE_LOOP('',(#6990,#6996,#6997,#6998));
#6990 = ORIENTED_EDGE('',*,*,#6991,.T.);
#6991 = EDGE_CURVE('',#6731,#6849,#6992,.T.);
#6992 = LINE('',#6993,#6994);
#6993 = CARTESIAN_POINT('',(1.375000857143,1.377734347539,2.581217693382
    ));
#6994 = VECTOR('',#6995,1.);
#6995 = DIRECTION('',(1.,-1.224646799147E-16,0.));
#6996 = ORIENTED_EDGE('',*,*,#6901,.F.);
#6997 = ORIENTED_EDGE('',*,*,#5965,.F.);
#6998 = ORIENTED_EDGE('',*,*,#6738,.T.);
#6999 = PLANE('',#7000);
#7000 = AXIS2_PLACEMENT_3D('',#7001,#7002,#7003);
#7001 = CARTESIAN_POINT('',(1.375000857143,1.377734347539,2.001217693382
    ));
#7002 = DIRECTION('',(1.224646799147E-16,1.,1.224646799147E-16));
#7003 = DIRECTION('',(-1.,1.224646799147E-16,0.));
#7004 = ADVANCED_FACE('',(#7005),#7016,.T.);
#7005 = FACE_BOUND('',#7006,.T.);
#7006 = EDGE_LOOP('',(#7007,#7013,#7014,#7015));
#7007 = ORIENTED_EDGE('',*,*,#7008,.T.);
#7008 = EDGE_CURVE('',#6723,#6851,#7009,.T.);
#7009 = LINE('',#7010,#7011);
#7010 = CARTESIAN_POINT('',(1.375000857143,0.447734347539,2.581217693382
    ));
#7011 = VECTOR('',#7012,1.);
#7012 = DIRECTION('',(1.,-1.224646799147E-16,0.));
#7013 = ORIENTED_EDGE('',*,*,#6848,.F.);
#7014 = ORIENTED_EDGE('',*,*,#6991,.F.);
#7015 = ORIENTED_EDGE('',*,*,#6730,.T.);
#7016 = PLANE('',#7017);
#7017 = AXIS2_PLACEMENT_3D('',#7018,#7019,#7020);
#7018 = CARTESIAN_POINT('',(1.375000857143,1.377734347539,2.581217693382
    ));
#7019 = DIRECTION('',(-1.499759782662E-32,-1.224646799147E-16,1.));
#7020 = DIRECTION('',(-1.224646799147E-16,-1.,-1.224646799147E-16));
#7021 = ADVANCED_FACE('',(#7022),#7033,.T.);
#7022 = FACE_BOUND('',#7023,.T.);
#7023 = EDGE_LOOP('',(#7024,#7030,#7031,#7032));
#7024 = ORIENTED_EDGE('',*,*,#7025,.T.);
#7025 = EDGE_CURVE('',#6715,#6859,#7026,.T.);
#7026 = LINE('',#7027,#7028);
#7027 = CARTESIAN_POINT('',(1.375000857143,0.447734347539,3.881217693382
    ));
#7028 = VECTOR('',#7029,1.);
#7029 = DIRECTION('',(1.,-1.224646799147E-16,0.));
#7030 = ORIENTED_EDGE('',*,*,#6858,.F.);
#7031 = ORIENTED_EDGE('',*,*,#7008,.F.);
#7032 = ORIENTED_EDGE('',*,*,#6722,.T.);
#7033 = PLANE('',#7034);
#7034 = AXIS2_PLACEMENT_3D('',#7035,#7036,#7037);
#7035 = CARTESIAN_POINT('',(1.375000857143,0.447734347539,2.581217693382
    ));
#7036 = DIRECTION('',(1.224646799147E-16,1.,1.224646799147E-16));
#7037 = DIRECTION('',(-1.,1.224646799147E-16,0.));
#7038 = ADVANCED_FACE('',(#7039),#7050,.T.);
#7039 = FACE_BOUND('',#7040,.T.);
#7040 = EDGE_LOOP('',(#7041,#7047,#7048,#7049));
#7041 = ORIENTED_EDGE('',*,*,#7042,.T.);
#7042 = EDGE_CURVE('',#6706,#6867,#7043,.T.);
#7043 = LINE('',#7044,#7045);
#7044 = CARTESIAN_POINT('',(1.375000857143,0.602678382526,4.199322669419
    ));
#7045 = VECTOR('',#7046,1.);
#7046 = DIRECTION('',(1.,-1.224646799147E-16,0.));
#7047 = ORIENTED_EDGE('',*,*,#6866,.F.);
#7048 = ORIENTED_EDGE('',*,*,#7025,.F.);
#7049 = ORIENTED_EDGE('',*,*,#6714,.T.);
#7050 = PLANE('',#7051);
#7051 = AXIS2_PLACEMENT_3D('',#7052,#7053,#7054);
#7052 = CARTESIAN_POINT('',(1.375000857143,0.447734347539,3.881217693382
    ));
#7053 = DIRECTION('',(1.100986194907E-16,0.89902345368,-0.437900479257)
  );
#7054 = DIRECTION('',(-1.,1.224646799147E-16,0.));
#7055 = ADVANCED_FACE('',(#7056),#7067,.T.);
#7056 = FACE_BOUND('',#7057,.T.);
#7057 = EDGE_LOOP('',(#7058,#7064,#7065,#7066));
#7058 = ORIENTED_EDGE('',*,*,#7059,.T.);
#7059 = EDGE_CURVE('',#6698,#6875,#7060,.T.);
#7060 = LINE('',#7061,#7062);
#7061 = CARTESIAN_POINT('',(1.375000857143,0.605859434996,4.234756116545
    ));
#7062 = VECTOR('',#7063,1.);
#7063 = DIRECTION('',(1.,-1.224646799147E-16,0.));
#7064 = ORIENTED_EDGE('',*,*,#6874,.F.);
#7065 = ORIENTED_EDGE('',*,*,#7042,.F.);
#7066 = ORIENTED_EDGE('',*,*,#6705,.T.);
#7067 = CYLINDRICAL_SURFACE('',#7068,5.E-02);
#7068 = AXIS2_PLACEMENT_3D('',#7069,#7070,#7071);
#7069 = CARTESIAN_POINT('',(1.375000857143,0.557727209842,4.221217693382
    ));
#7070 = DIRECTION('',(-1.,1.224646799147E-16,0.));
#7071 = DIRECTION('',(1.499759782662E-32,1.224646799147E-16,-1.));
#7072 = ADVANCED_FACE('',(#7073),#7084,.T.);
#7073 = FACE_BOUND('',#7074,.T.);
#7074 = EDGE_LOOP('',(#7075,#7081,#7082,#7083));
#7075 = ORIENTED_EDGE('',*,*,#7076,.T.);
#7076 = EDGE_CURVE('',#6689,#6884,#7077,.T.);
#7077 = LINE('',#7078,#7079);
#7078 = CARTESIAN_POINT('',(1.375000857143,0.398537662164,4.971832962871
    ));
#7079 = VECTOR('',#7080,1.);
#7080 = DIRECTION('',(1.,-1.224646799147E-16,0.));
#7081 = ORIENTED_EDGE('',*,*,#6883,.F.);
#7082 = ORIENTED_EDGE('',*,*,#7059,.F.);
#7083 = ORIENTED_EDGE('',*,*,#6697,.T.);
#7084 = PLANE('',#7085);
#7085 = AXIS2_PLACEMENT_3D('',#7086,#7087,#7088);
#7086 = CARTESIAN_POINT('',(1.375000857143,0.605859434996,4.234756116545
    ));
#7087 = DIRECTION('',(1.17889950941E-16,0.962644503077,0.27076846326));
#7088 = DIRECTION('',(1.,-1.224646799147E-16,0.));
#7089 = ADVANCED_FACE('',(#7090),#7096,.T.);
#7090 = FACE_BOUND('',#7091,.T.);
#7091 = EDGE_LOOP('',(#7092,#7093,#7094,#7095));
#7092 = ORIENTED_EDGE('',*,*,#5254,.T.);
#7093 = ORIENTED_EDGE('',*,*,#6891,.F.);
#7094 = ORIENTED_EDGE('',*,*,#7076,.F.);
#7095 = ORIENTED_EDGE('',*,*,#6688,.T.);
#7096 = CYLINDRICAL_SURFACE('',#7097,0.15);
#7097 = AXIS2_PLACEMENT_3D('',#7098,#7099,#7100);
#7098 = CARTESIAN_POINT('',(1.375000857143,0.254140986703,4.931217693382
    ));
#7099 = DIRECTION('',(-1.,1.224646799147E-16,0.));
#7100 = DIRECTION('',(1.499759782662E-32,1.224646799147E-16,-1.));
#7101 = ADVANCED_FACE('',(#7102),#7113,.T.);
#7102 = FACE_BOUND('',#7103,.T.);
#7103 = EDGE_LOOP('',(#7104,#7105,#7111,#7112));
#7104 = ORIENTED_EDGE('',*,*,#6947,.F.);
#7105 = ORIENTED_EDGE('',*,*,#7106,.F.);
#7106 = EDGE_CURVE('',#6753,#6940,#7107,.T.);
#7107 = LINE('',#7108,#7109);
#7108 = CARTESIAN_POINT('',(1.375000857143,2.247734347539,
    -3.128782306618));
#7109 = VECTOR('',#7110,1.);
#7110 = DIRECTION('',(1.,-1.224646799147E-16,0.));
#7111 = ORIENTED_EDGE('',*,*,#6752,.T.);
#7112 = ORIENTED_EDGE('',*,*,#682,.T.);
#7113 = PLANE('',#7114);
#7114 = AXIS2_PLACEMENT_3D('',#7115,#7116,#7117);
#7115 = CARTESIAN_POINT('',(1.375000857143,2.247734347539,
    -3.128782306618));
#7116 = DIRECTION('',(1.224646799147E-16,1.,1.224646799147E-16));
#7117 = DIRECTION('',(-1.,1.224646799147E-16,0.));
#7118 = ADVANCED_FACE('',(#7119),#7130,.T.);
#7119 = FACE_BOUND('',#7120,.T.);
#7120 = EDGE_LOOP('',(#7121,#7122,#7123,#7129));
#7121 = ORIENTED_EDGE('',*,*,#7106,.T.);
#7122 = ORIENTED_EDGE('',*,*,#6939,.F.);
#7123 = ORIENTED_EDGE('',*,*,#7124,.F.);
#7124 = EDGE_CURVE('',#6761,#6932,#7125,.T.);
#7125 = LINE('',#7126,#7127);
#7126 = CARTESIAN_POINT('',(1.375000857143,2.087734347539,
    -3.428782306618));
#7127 = VECTOR('',#7128,1.);
#7128 = DIRECTION('',(1.,-1.224646799147E-16,0.));
#7129 = ORIENTED_EDGE('',*,*,#6760,.T.);
#7130 = PLANE('',#7131);
#7131 = AXIS2_PLACEMENT_3D('',#7132,#7133,#7134);
#7132 = CARTESIAN_POINT('',(1.375000857143,2.087734347539,
    -3.428782306618));
#7133 = DIRECTION('',(1.08057070513E-16,0.882352941176,-0.470588235294)
  );
#7134 = DIRECTION('',(-1.,1.224646799147E-16,0.));
#7135 = ADVANCED_FACE('',(#7136),#7147,.T.);
#7136 = FACE_BOUND('',#7137,.T.);
#7137 = EDGE_LOOP('',(#7138,#7139,#7140,#7146));
#7138 = ORIENTED_EDGE('',*,*,#7124,.T.);
#7139 = ORIENTED_EDGE('',*,*,#6931,.F.);
#7140 = ORIENTED_EDGE('',*,*,#7141,.F.);
#7141 = EDGE_CURVE('',#6769,#6924,#7142,.T.);
#7142 = LINE('',#7143,#7144);
#7143 = CARTESIAN_POINT('',(1.375000857143,1.897734347539,
    -3.428782306618));
#7144 = VECTOR('',#7145,1.);
#7145 = DIRECTION('',(1.,-1.224646799147E-16,0.));
#7146 = ORIENTED_EDGE('',*,*,#6768,.T.);
#7147 = PLANE('',#7148);
#7148 = AXIS2_PLACEMENT_3D('',#7149,#7150,#7151);
#7149 = CARTESIAN_POINT('',(1.375000857143,1.897734347539,
    -3.428782306618));
#7150 = DIRECTION('',(1.499759782662E-32,1.224646799147E-16,-1.));
#7151 = DIRECTION('',(-1.,1.224646799147E-16,0.));
#7152 = ADVANCED_FACE('',(#7153),#7164,.T.);
#7153 = FACE_BOUND('',#7154,.T.);
#7154 = EDGE_LOOP('',(#7155,#7156,#7157,#7163));
#7155 = ORIENTED_EDGE('',*,*,#7141,.T.);
#7156 = ORIENTED_EDGE('',*,*,#6923,.F.);
#7157 = ORIENTED_EDGE('',*,*,#7158,.F.);
#7158 = EDGE_CURVE('',#6777,#6916,#7159,.T.);
#7159 = LINE('',#7160,#7161);
#7160 = CARTESIAN_POINT('',(1.375000857143,1.747734347539,
    -3.128782306618));
#7161 = VECTOR('',#7162,1.);
#7162 = DIRECTION('',(1.,-1.224646799147E-16,0.));
#7163 = ORIENTED_EDGE('',*,*,#6776,.T.);
#7164 = PLANE('',#7165);
#7165 = AXIS2_PLACEMENT_3D('',#7166,#7167,#7168);
#7166 = CARTESIAN_POINT('',(1.375000857143,1.747734347539,
    -3.128782306618));
#7167 = DIRECTION('',(-1.095357396528E-16,-0.894427191,-0.4472135955));
#7168 = DIRECTION('',(1.,-1.224646799147E-16,0.));
#7169 = ADVANCED_FACE('',(#7170),#7176,.T.);
#7170 = FACE_BOUND('',#7171,.T.);
#7171 = EDGE_LOOP('',(#7172,#7173,#7174,#7175));
#7172 = ORIENTED_EDGE('',*,*,#6784,.T.);
#7173 = ORIENTED_EDGE('',*,*,#7158,.T.);
#7174 = ORIENTED_EDGE('',*,*,#6915,.F.);
#7175 = ORIENTED_EDGE('',*,*,#664,.F.);
#7176 = PLANE('',#7177);
#7177 = AXIS2_PLACEMENT_3D('',#7178,#7179,#7180);
#7178 = CARTESIAN_POINT('',(1.375000857143,1.747734347539,
    -1.878230661791E-02));
#7179 = DIRECTION('',(-1.224646799147E-16,-1.,-1.224646799147E-16));
#7180 = DIRECTION('',(-1.499759782662E-32,-1.224646799147E-16,1.));
#7181 = ADVANCED_FACE('',(#7182),#7201,.T.);
#7182 = FACE_BOUND('',#7183,.T.);
#7183 = EDGE_LOOP('',(#7184,#7193,#7199,#7200));
#7184 = ORIENTED_EDGE('',*,*,#7185,.T.);
#7185 = EDGE_CURVE('',#1141,#7186,#7188,.T.);
#7186 = VERTEX_POINT('',#7187);
#7187 = CARTESIAN_POINT('',(0.125000857143,1.429594984688,4.467679270219
    ));
#7188 = CIRCLE('',#7189,5.E-02);
#7189 = AXIS2_PLACEMENT_3D('',#7190,#7191,#7192);
#7190 = CARTESIAN_POINT('',(0.125000857143,1.477727209842,4.481217693382
    ));
#7191 = DIRECTION('',(1.,-1.224646799147E-16,6.162975822039E-33));
#7192 = DIRECTION('',(-1.100986194907E-16,-0.89902345368,0.437900479257)
  );
#7193 = ORIENTED_EDGE('',*,*,#7194,.T.);
#7194 = EDGE_CURVE('',#7186,#1207,#7195,.T.);
#7195 = LINE('',#7196,#7197);
#7196 = CARTESIAN_POINT('',(0.125000857143,1.429594984688,4.467679270219
    ));
#7197 = VECTOR('',#7198,1.);
#7198 = DIRECTION('',(3.315957318415E-17,0.27076846326,-0.962644503077)
  );
#7199 = ORIENTED_EDGE('',*,*,#1206,.T.);
#7200 = ORIENTED_EDGE('',*,*,#1148,.T.);
#7201 = PLANE('',#7202);
#7202 = AXIS2_PLACEMENT_3D('',#7203,#7204,#7205);
#7203 = CARTESIAN_POINT('',(0.125000857143,2.512734347539,4.741217693382
    ));
#7204 = DIRECTION('',(1.,-1.224646799147E-16,0.));
#7205 = DIRECTION('',(1.499759782662E-32,1.224646799147E-16,-1.));
#7206 = ADVANCED_FACE('',(#7207),#7268,.T.);
#7207 = FACE_BOUND('',#7208,.T.);
#7208 = EDGE_LOOP('',(#7209,#7219,#7227,#7235,#7244,#7252,#7259,#7260,
    #7261,#7262));
#7209 = ORIENTED_EDGE('',*,*,#7210,.T.);
#7210 = EDGE_CURVE('',#7211,#7213,#7215,.T.);
#7211 = VERTEX_POINT('',#7212);
#7212 = CARTESIAN_POINT('',(0.125000857143,1.377734347539,2.581217693382
    ));
#7213 = VERTEX_POINT('',#7214);
#7214 = CARTESIAN_POINT('',(0.125000857143,0.447734347539,2.581217693382
    ));
#7215 = LINE('',#7216,#7217);
#7216 = CARTESIAN_POINT('',(0.125000857143,1.377734347539,2.581217693382
    ));
#7217 = VECTOR('',#7218,1.);
#7218 = DIRECTION('',(-1.224646799147E-16,-1.,-1.224646799147E-16));
#7219 = ORIENTED_EDGE('',*,*,#7220,.T.);
#7220 = EDGE_CURVE('',#7213,#7221,#7223,.T.);
#7221 = VERTEX_POINT('',#7222);
#7222 = CARTESIAN_POINT('',(0.125000857143,0.447734347539,3.881217693382
    ));
#7223 = LINE('',#7224,#7225);
#7224 = CARTESIAN_POINT('',(0.125000857143,0.447734347539,2.581217693382
    ));
#7225 = VECTOR('',#7226,1.);
#7226 = DIRECTION('',(-1.499759782662E-32,-1.224646799147E-16,1.));
#7227 = ORIENTED_EDGE('',*,*,#7228,.T.);
#7228 = EDGE_CURVE('',#7221,#7229,#7231,.T.);
#7229 = VERTEX_POINT('',#7230);
#7230 = CARTESIAN_POINT('',(0.125000857143,0.602678382526,4.199322669419
    ));
#7231 = LINE('',#7232,#7233);
#7232 = CARTESIAN_POINT('',(0.125000857143,0.447734347539,3.881217693382
    ));
#7233 = VECTOR('',#7234,1.);
#7234 = DIRECTION('',(5.362734202678E-17,0.437900479257,0.89902345368));
#7235 = ORIENTED_EDGE('',*,*,#7236,.T.);
#7236 = EDGE_CURVE('',#7229,#7237,#7239,.T.);
#7237 = VERTEX_POINT('',#7238);
#7238 = CARTESIAN_POINT('',(0.125000857143,0.605859434996,4.234756116545
    ));
#7239 = CIRCLE('',#7240,5.E-02);
#7240 = AXIS2_PLACEMENT_3D('',#7241,#7242,#7243);
#7241 = CARTESIAN_POINT('',(0.125000857143,0.557727209842,4.221217693382
    ));
#7242 = DIRECTION('',(1.,-1.224646799147E-16,6.162975822039E-33));
#7243 = DIRECTION('',(1.100986194907E-16,0.89902345368,-0.437900479257)
  );
#7244 = ORIENTED_EDGE('',*,*,#7245,.T.);
#7245 = EDGE_CURVE('',#7237,#7246,#7248,.T.);
#7246 = VERTEX_POINT('',#7247);
#7247 = CARTESIAN_POINT('',(0.125000857143,0.398537662164,4.971832962871
    ));
#7248 = LINE('',#7249,#7250);
#7249 = CARTESIAN_POINT('',(0.125000857143,0.605859434996,4.234756116545
    ));
#7250 = VECTOR('',#7251,1.);
#7251 = DIRECTION('',(-3.315957318415E-17,-0.27076846326,0.962644503077)
  );
#7252 = ORIENTED_EDGE('',*,*,#7253,.T.);
#7253 = EDGE_CURVE('',#7246,#5279,#7254,.T.);
#7254 = CIRCLE('',#7255,0.15);
#7255 = AXIS2_PLACEMENT_3D('',#7256,#7257,#7258);
#7256 = CARTESIAN_POINT('',(0.125000857143,0.254140986703,4.931217693382
    ));
#7257 = DIRECTION('',(1.,-1.224646799147E-16,0.));
#7258 = DIRECTION('',(1.17889950941E-16,0.962644503077,0.27076846326));
#7259 = ORIENTED_EDGE('',*,*,#5278,.F.);
#7260 = ORIENTED_EDGE('',*,*,#6361,.T.);
#7261 = ORIENTED_EDGE('',*,*,#5941,.T.);
#7262 = ORIENTED_EDGE('',*,*,#7263,.T.);
#7263 = EDGE_CURVE('',#5934,#7211,#7264,.T.);
#7264 = LINE('',#7265,#7266);
#7265 = CARTESIAN_POINT('',(0.125000857143,1.377734347539,2.471217693382
    ));
#7266 = VECTOR('',#7267,1.);
#7267 = DIRECTION('',(-1.499759782662E-32,-1.224646799147E-16,1.));
#7268 = PLANE('',#7269);
#7269 = AXIS2_PLACEMENT_3D('',#7270,#7271,#7272);
#7270 = CARTESIAN_POINT('',(0.125000857143,2.512734347539,4.741217693382
    ));
#7271 = DIRECTION('',(1.,-1.224646799147E-16,0.));
#7272 = DIRECTION('',(1.499759782662E-32,1.224646799147E-16,-1.));
#7273 = ADVANCED_FACE('',(#7274),#7315,.T.);
#7274 = FACE_BOUND('',#7275,.T.);
#7275 = EDGE_LOOP('',(#7276,#7284,#7285,#7293,#7301,#7309));
#7276 = ORIENTED_EDGE('',*,*,#7277,.T.);
#7277 = EDGE_CURVE('',#7278,#913,#7280,.T.);
#7278 = VERTEX_POINT('',#7279);
#7279 = CARTESIAN_POINT('',(0.125000857143,0.217734347539,
    -0.401068864371));
#7280 = LINE('',#7281,#7282);
#7281 = CARTESIAN_POINT('',(0.125000857143,0.217734347539,
    -0.401068864371));
#7282 = VECTOR('',#7283,1.);
#7283 = DIRECTION('',(-1.499759782662E-32,-1.224646799147E-16,1.));
#7284 = ORIENTED_EDGE('',*,*,#912,.F.);
#7285 = ORIENTED_EDGE('',*,*,#7286,.F.);
#7286 = EDGE_CURVE('',#7287,#905,#7289,.T.);
#7287 = VERTEX_POINT('',#7288);
#7288 = CARTESIAN_POINT('',(0.125000857143,-0.247450460593,
    -0.751061086853));
#7289 = LINE('',#7290,#7291);
#7290 = CARTESIAN_POINT('',(0.125000857143,-0.247450460593,
    -0.751061086853));
#7291 = VECTOR('',#7292,1.);
#7292 = DIRECTION('',(-8.164130571207E-19,-6.666518523456E-03,
    0.999977778518));
#7293 = ORIENTED_EDGE('',*,*,#7294,.T.);
#7294 = EDGE_CURVE('',#7287,#7295,#7297,.T.);
#7295 = VERTEX_POINT('',#7296);
#7296 = CARTESIAN_POINT('',(0.125000857143,0.201539561962,
    -0.748067820036));
#7297 = LINE('',#7298,#7299);
#7298 = CARTESIAN_POINT('',(0.125000857143,-0.247450460593,
    -0.751061086853));
#7299 = VECTOR('',#7300,1.);
#7300 = DIRECTION('',(1.224619585681E-16,0.999977778518,
    6.666518523458E-03));
#7301 = ORIENTED_EDGE('',*,*,#7302,.T.);
#7302 = EDGE_CURVE('',#7295,#7303,#7305,.T.);
#7303 = VERTEX_POINT('',#7304);
#7304 = CARTESIAN_POINT('',(0.125000857143,0.199226235591,
    -0.401068864371));
#7305 = LINE('',#7306,#7307);
#7306 = CARTESIAN_POINT('',(0.125000857143,0.201539561962,
    -0.748067820036));
#7307 = VECTOR('',#7308,1.);
#7308 = DIRECTION('',(-8.164130571208E-19,-6.666518523457E-03,
    0.999977778518));
#7309 = ORIENTED_EDGE('',*,*,#7310,.T.);
#7310 = EDGE_CURVE('',#7303,#7278,#7311,.T.);
#7311 = LINE('',#7312,#7313);
#7312 = CARTESIAN_POINT('',(0.125000857143,0.199226235591,
    -0.401068864371));
#7313 = VECTOR('',#7314,1.);
#7314 = DIRECTION('',(1.224646799147E-16,1.,1.224646799147E-16));
#7315 = PLANE('',#7316);
#7316 = AXIS2_PLACEMENT_3D('',#7317,#7318,#7319);
#7317 = CARTESIAN_POINT('',(0.125000857143,2.512734347539,4.741217693382
    ));
#7318 = DIRECTION('',(1.,-1.224646799147E-16,0.));
#7319 = DIRECTION('',(1.499759782662E-32,1.224646799147E-16,-1.));
#7320 = ADVANCED_FACE('',(#7321),#7332,.T.);
#7321 = FACE_BOUND('',#7322,.T.);
#7322 = EDGE_LOOP('',(#7323,#7324,#7325,#7331));
#7323 = ORIENTED_EDGE('',*,*,#1214,.T.);
#7324 = ORIENTED_EDGE('',*,*,#7194,.F.);
#7325 = ORIENTED_EDGE('',*,*,#7326,.F.);
#7326 = EDGE_CURVE('',#973,#7186,#7327,.T.);
#7327 = LINE('',#7328,#7329);
#7328 = CARTESIAN_POINT('',(-0.124999142857,1.429594984688,
    4.467679270219));
#7329 = VECTOR('',#7330,1.);
#7330 = DIRECTION('',(1.,-1.224646799147E-16,0.));
#7331 = ORIENTED_EDGE('',*,*,#972,.T.);
#7332 = PLANE('',#7333);
#7333 = AXIS2_PLACEMENT_3D('',#7334,#7335,#7336);
#7334 = CARTESIAN_POINT('',(-0.124999142857,1.429594984688,
    4.467679270219));
#7335 = DIRECTION('',(-1.17889950941E-16,-0.962644503077,-0.27076846326)
  );
#7336 = DIRECTION('',(1.,-1.224646799147E-16,0.));
#7337 = ADVANCED_FACE('',(#7338),#7344,.T.);
#7338 = FACE_BOUND('',#7339,.T.);
#7339 = EDGE_LOOP('',(#7340,#7341,#7342,#7343));
#7340 = ORIENTED_EDGE('',*,*,#7326,.T.);
#7341 = ORIENTED_EDGE('',*,*,#7185,.F.);
#7342 = ORIENTED_EDGE('',*,*,#1140,.F.);
#7343 = ORIENTED_EDGE('',*,*,#980,.T.);
#7344 = CYLINDRICAL_SURFACE('',#7345,5.E-02);
#7345 = AXIS2_PLACEMENT_3D('',#7346,#7347,#7348);
#7346 = CARTESIAN_POINT('',(-0.124999142857,1.477727209842,
    4.481217693382));
#7347 = DIRECTION('',(-1.,1.224646799147E-16,0.));
#7348 = DIRECTION('',(1.499759782662E-32,1.224646799147E-16,-1.));
#7349 = ADVANCED_FACE('',(#7350),#7361,.T.);
#7350 = FACE_BOUND('',#7351,.T.);
#7351 = EDGE_LOOP('',(#7352,#7358,#7359,#7360));
#7352 = ORIENTED_EDGE('',*,*,#7353,.T.);
#7353 = EDGE_CURVE('',#1072,#7211,#7354,.T.);
#7354 = LINE('',#7355,#7356);
#7355 = CARTESIAN_POINT('',(-0.124999142857,1.377734347539,
    2.581217693382));
#7356 = VECTOR('',#7357,1.);
#7357 = DIRECTION('',(1.,-1.224646799147E-16,0.));
#7358 = ORIENTED_EDGE('',*,*,#7263,.F.);
#7359 = ORIENTED_EDGE('',*,*,#5933,.F.);
#7360 = ORIENTED_EDGE('',*,*,#1079,.T.);
#7361 = PLANE('',#7362);
#7362 = AXIS2_PLACEMENT_3D('',#7363,#7364,#7365);
#7363 = CARTESIAN_POINT('',(-0.124999142857,1.377734347539,
    2.001217693382));
#7364 = DIRECTION('',(1.224646799147E-16,1.,1.224646799147E-16));
#7365 = DIRECTION('',(-1.,1.224646799147E-16,0.));
#7366 = ADVANCED_FACE('',(#7367),#7378,.T.);
#7367 = FACE_BOUND('',#7368,.T.);
#7368 = EDGE_LOOP('',(#7369,#7375,#7376,#7377));
#7369 = ORIENTED_EDGE('',*,*,#7370,.T.);
#7370 = EDGE_CURVE('',#1064,#7213,#7371,.T.);
#7371 = LINE('',#7372,#7373);
#7372 = CARTESIAN_POINT('',(-0.124999142857,0.447734347539,
    2.581217693382));
#7373 = VECTOR('',#7374,1.);
#7374 = DIRECTION('',(1.,-1.224646799147E-16,0.));
#7375 = ORIENTED_EDGE('',*,*,#7210,.F.);
#7376 = ORIENTED_EDGE('',*,*,#7353,.F.);
#7377 = ORIENTED_EDGE('',*,*,#1071,.T.);
#7378 = PLANE('',#7379);
#7379 = AXIS2_PLACEMENT_3D('',#7380,#7381,#7382);
#7380 = CARTESIAN_POINT('',(-0.124999142857,1.377734347539,
    2.581217693382));
#7381 = DIRECTION('',(-1.499759782662E-32,-1.224646799147E-16,1.));
#7382 = DIRECTION('',(-1.224646799147E-16,-1.,-1.224646799147E-16));
#7383 = ADVANCED_FACE('',(#7384),#7395,.T.);
#7384 = FACE_BOUND('',#7385,.T.);
#7385 = EDGE_LOOP('',(#7386,#7392,#7393,#7394));
#7386 = ORIENTED_EDGE('',*,*,#7387,.T.);
#7387 = EDGE_CURVE('',#1056,#7221,#7388,.T.);
#7388 = LINE('',#7389,#7390);
#7389 = CARTESIAN_POINT('',(-0.124999142857,0.447734347539,
    3.881217693382));
#7390 = VECTOR('',#7391,1.);
#7391 = DIRECTION('',(1.,-1.224646799147E-16,0.));
#7392 = ORIENTED_EDGE('',*,*,#7220,.F.);
#7393 = ORIENTED_EDGE('',*,*,#7370,.F.);
#7394 = ORIENTED_EDGE('',*,*,#1063,.T.);
#7395 = PLANE('',#7396);
#7396 = AXIS2_PLACEMENT_3D('',#7397,#7398,#7399);
#7397 = CARTESIAN_POINT('',(-0.124999142857,0.447734347539,
    2.581217693382));
#7398 = DIRECTION('',(1.224646799147E-16,1.,1.224646799147E-16));
#7399 = DIRECTION('',(-1.,1.224646799147E-16,0.));
#7400 = ADVANCED_FACE('',(#7401),#7412,.T.);
#7401 = FACE_BOUND('',#7402,.T.);
#7402 = EDGE_LOOP('',(#7403,#7409,#7410,#7411));
#7403 = ORIENTED_EDGE('',*,*,#7404,.T.);
#7404 = EDGE_CURVE('',#1047,#7229,#7405,.T.);
#7405 = LINE('',#7406,#7407);
#7406 = CARTESIAN_POINT('',(-0.124999142857,0.602678382526,
    4.199322669419));
#7407 = VECTOR('',#7408,1.);
#7408 = DIRECTION('',(1.,-1.224646799147E-16,0.));
#7409 = ORIENTED_EDGE('',*,*,#7228,.F.);
#7410 = ORIENTED_EDGE('',*,*,#7387,.F.);
#7411 = ORIENTED_EDGE('',*,*,#1055,.T.);
#7412 = PLANE('',#7413);
#7413 = AXIS2_PLACEMENT_3D('',#7414,#7415,#7416);
#7414 = CARTESIAN_POINT('',(-0.124999142857,0.447734347539,
    3.881217693382));
#7415 = DIRECTION('',(1.100986194907E-16,0.89902345368,-0.437900479257)
  );
#7416 = DIRECTION('',(-1.,1.224646799147E-16,0.));
#7417 = ADVANCED_FACE('',(#7418),#7429,.T.);
#7418 = FACE_BOUND('',#7419,.T.);
#7419 = EDGE_LOOP('',(#7420,#7426,#7427,#7428));
#7420 = ORIENTED_EDGE('',*,*,#7421,.T.);
#7421 = EDGE_CURVE('',#1039,#7237,#7422,.T.);
#7422 = LINE('',#7423,#7424);
#7423 = CARTESIAN_POINT('',(-0.124999142857,0.605859434996,
    4.234756116545));
#7424 = VECTOR('',#7425,1.);
#7425 = DIRECTION('',(1.,-1.224646799147E-16,0.));
#7426 = ORIENTED_EDGE('',*,*,#7236,.F.);
#7427 = ORIENTED_EDGE('',*,*,#7404,.F.);
#7428 = ORIENTED_EDGE('',*,*,#1046,.T.);
#7429 = CYLINDRICAL_SURFACE('',#7430,5.E-02);
#7430 = AXIS2_PLACEMENT_3D('',#7431,#7432,#7433);
#7431 = CARTESIAN_POINT('',(-0.124999142857,0.557727209842,
    4.221217693382));
#7432 = DIRECTION('',(-1.,1.224646799147E-16,0.));
#7433 = DIRECTION('',(1.499759782662E-32,1.224646799147E-16,-1.));
#7434 = ADVANCED_FACE('',(#7435),#7446,.T.);
#7435 = FACE_BOUND('',#7436,.T.);
#7436 = EDGE_LOOP('',(#7437,#7443,#7444,#7445));
#7437 = ORIENTED_EDGE('',*,*,#7438,.T.);
#7438 = EDGE_CURVE('',#1030,#7246,#7439,.T.);
#7439 = LINE('',#7440,#7441);
#7440 = CARTESIAN_POINT('',(-0.124999142857,0.398537662164,
    4.971832962871));
#7441 = VECTOR('',#7442,1.);
#7442 = DIRECTION('',(1.,-1.224646799147E-16,0.));
#7443 = ORIENTED_EDGE('',*,*,#7245,.F.);
#7444 = ORIENTED_EDGE('',*,*,#7421,.F.);
#7445 = ORIENTED_EDGE('',*,*,#1038,.T.);
#7446 = PLANE('',#7447);
#7447 = AXIS2_PLACEMENT_3D('',#7448,#7449,#7450);
#7448 = CARTESIAN_POINT('',(-0.124999142857,0.605859434996,
    4.234756116545));
#7449 = DIRECTION('',(1.17889950941E-16,0.962644503077,0.27076846326));
#7450 = DIRECTION('',(1.,-1.224646799147E-16,0.));
#7451 = ADVANCED_FACE('',(#7452),#7458,.T.);
#7452 = FACE_BOUND('',#7453,.T.);
#7453 = EDGE_LOOP('',(#7454,#7455,#7456,#7457));
#7454 = ORIENTED_EDGE('',*,*,#5286,.T.);
#7455 = ORIENTED_EDGE('',*,*,#7253,.F.);
#7456 = ORIENTED_EDGE('',*,*,#7438,.F.);
#7457 = ORIENTED_EDGE('',*,*,#1029,.T.);
#7458 = CYLINDRICAL_SURFACE('',#7459,0.15);
#7459 = AXIS2_PLACEMENT_3D('',#7460,#7461,#7462);
#7460 = CARTESIAN_POINT('',(-0.124999142857,0.254140986703,
    4.931217693382));
#7461 = DIRECTION('',(-1.,1.224646799147E-16,0.));
#7462 = DIRECTION('',(1.499759782662E-32,1.224646799147E-16,-1.));
#7463 = ADVANCED_FACE('',(#7464),#7480,.F.);
#7464 = FACE_BOUND('',#7465,.T.);
#7465 = EDGE_LOOP('',(#7466,#7467,#7473,#7474));
#7466 = ORIENTED_EDGE('',*,*,#1102,.T.);
#7467 = ORIENTED_EDGE('',*,*,#7468,.T.);
#7468 = EDGE_CURVE('',#1095,#7278,#7469,.T.);
#7469 = LINE('',#7470,#7471);
#7470 = CARTESIAN_POINT('',(-0.124999142857,0.217734347539,
    -0.401068864371));
#7471 = VECTOR('',#7472,1.);
#7472 = DIRECTION('',(1.,-1.224646799147E-16,0.));
#7473 = ORIENTED_EDGE('',*,*,#7310,.F.);
#7474 = ORIENTED_EDGE('',*,*,#7475,.T.);
#7475 = EDGE_CURVE('',#7303,#1103,#7476,.T.);
#7476 = LINE('',#7477,#7478);
#7477 = CARTESIAN_POINT('',(0.125000857143,0.199226235591,
    -0.401068864371));
#7478 = VECTOR('',#7479,1.);
#7479 = DIRECTION('',(-1.,1.224646799147E-16,0.));
#7480 = PLANE('',#7481);
#7481 = AXIS2_PLACEMENT_3D('',#7482,#7483,#7484);
#7482 = CARTESIAN_POINT('',(0.250000857143,-0.762265652461,
    -0.401068864371));
#7483 = DIRECTION('',(-1.499759782662E-32,-1.224646799147E-16,1.));
#7484 = DIRECTION('',(-1.224646799147E-16,-1.,-1.224646799147E-16));
#7485 = ADVANCED_FACE('',(#7486),#7579,.F.);
#7486 = FACE_BOUND('',#7487,.T.);
#7487 = EDGE_LOOP('',(#7488,#7499,#7507,#7514,#7515,#7521,#7522,#7523,
    #7524,#7530,#7531,#7540,#7548,#7557,#7565,#7573));
#7488 = ORIENTED_EDGE('',*,*,#7489,.F.);
#7489 = EDGE_CURVE('',#7490,#7492,#7494,.T.);
#7490 = VERTEX_POINT('',#7491);
#7491 = CARTESIAN_POINT('',(-0.129628409941,0.216920675273,
    -3.055234816744));
#7492 = VERTEX_POINT('',#7493);
#7493 = CARTESIAN_POINT('',(-0.124999142857,0.217205880492,
    -3.098015599554));
#7494 = CIRCLE('',#7495,0.2);
#7495 = AXIS2_PLACEMENT_3D('',#7496,#7497,#7498);
#7496 = CARTESIAN_POINT('',(-0.324999142857,0.217205880492,
    -3.098015599554));
#7497 = DIRECTION('',(3.777360368939E-16,0.999977778518,
    6.666518523457E-03));
#7498 = DIRECTION('',(0.976853664579,-1.426026093687E-03,0.213903914053)
  );
#7499 = ORIENTED_EDGE('',*,*,#7500,.F.);
#7500 = EDGE_CURVE('',#7501,#7490,#7503,.T.);
#7501 = VERTEX_POINT('',#7502);
#7502 = CARTESIAN_POINT('',(-0.541897925457,0.204369585356,
    -1.172571329121));
#7503 = LINE('',#7504,#7505);
#7504 = CARTESIAN_POINT('',(-0.541897925457,0.204369585356,
    -1.172571329121));
#7505 = VECTOR('',#7506,1.);
#7506 = DIRECTION('',(0.21390866742,6.512213049626E-03,-0.976831957444)
  );
#7507 = ORIENTED_EDGE('',*,*,#7508,.F.);
#7508 = EDGE_CURVE('',#225,#7501,#7509,.T.);
#7509 = CIRCLE('',#7510,0.35);
#7510 = AXIS2_PLACEMENT_3D('',#7511,#7512,#7513);
#7511 = CARTESIAN_POINT('',(-0.199999142857,0.203870476223,
    -1.097704959202));
#7512 = DIRECTION('',(-2.797241605013E-16,-0.999977778518,
    -6.666518523457E-03));
#7513 = DIRECTION('',(-0.573576436351,-5.46089227678E-03,0.819133841517)
  );
#7514 = ORIENTED_EDGE('',*,*,#249,.F.);
#7515 = ORIENTED_EDGE('',*,*,#7516,.F.);
#7516 = EDGE_CURVE('',#1111,#242,#7517,.T.);
#7517 = LINE('',#7518,#7519);
#7518 = CARTESIAN_POINT('',(-0.124999142857,0.200671969491,
    -0.617928949341));
#7519 = VECTOR('',#7520,1.);
#7520 = DIRECTION('',(-0.819152044289,3.823757937552E-03,-0.573563690633
    ));
#7521 = ORIENTED_EDGE('',*,*,#1110,.F.);
#7522 = ORIENTED_EDGE('',*,*,#7475,.F.);
#7523 = ORIENTED_EDGE('',*,*,#7302,.F.);
#7524 = ORIENTED_EDGE('',*,*,#7525,.F.);
#7525 = EDGE_CURVE('',#192,#7295,#7526,.T.);
#7526 = LINE('',#7527,#7528);
#7527 = CARTESIAN_POINT('',(-0.257356786497,0.203324386995,
    -1.015791575051));
#7528 = VECTOR('',#7529,1.);
#7529 = DIRECTION('',(0.819152044289,-3.823757937552E-03,0.573563690633)
  );
#7530 = ORIENTED_EDGE('',*,*,#199,.F.);
#7531 = ORIENTED_EDGE('',*,*,#7532,.F.);
#7532 = EDGE_CURVE('',#7533,#200,#7535,.T.);
#7533 = VERTEX_POINT('',#7534);
#7534 = CARTESIAN_POINT('',(-0.297684509317,0.204013078833,
    -1.119095350608));
#7535 = CIRCLE('',#7536,0.1);
#7536 = AXIS2_PLACEMENT_3D('',#7537,#7538,#7539);
#7537 = CARTESIAN_POINT('',(-0.199999142857,0.203870476223,
    -1.097704959202));
#7538 = DIRECTION('',(-1.575562597056E-15,0.999977778518,
    6.666518523457E-03));
#7539 = DIRECTION('',(-0.976853664579,1.426026093685E-03,-0.213903914053
    ));
#7540 = ORIENTED_EDGE('',*,*,#7541,.F.);
#7541 = EDGE_CURVE('',#7542,#7533,#7544,.T.);
#7542 = VERTEX_POINT('',#7543);
#7543 = CARTESIAN_POINT('',(0.114585006204,0.21656416875,-3.001758838231
    ));
#7544 = LINE('',#7545,#7546);
#7545 = CARTESIAN_POINT('',(0.114585006204,0.21656416875,-3.001758838231
    ));
#7546 = VECTOR('',#7547,1.);
#7547 = DIRECTION('',(-0.21390866742,-6.512213049626E-03,0.976831957444)
  );
#7548 = ORIENTED_EDGE('',*,*,#7549,.F.);
#7549 = EDGE_CURVE('',#7550,#7542,#7552,.T.);
#7550 = VERTEX_POINT('',#7551);
#7551 = CARTESIAN_POINT('',(0.125000857143,0.217205880492,
    -3.098015599554));
#7552 = CIRCLE('',#7553,0.45);
#7553 = AXIS2_PLACEMENT_3D('',#7554,#7555,#7556);
#7554 = CARTESIAN_POINT('',(-0.324999142857,0.217205880492,
    -3.098015599554));
#7555 = DIRECTION('',(-1.224619585681E-16,-0.999977778518,
    -6.666518523457E-03));
#7556 = DIRECTION('',(1.,-1.224646799147E-16,0.));
#7557 = ORIENTED_EDGE('',*,*,#7558,.F.);
#7558 = EDGE_CURVE('',#7559,#7550,#7561,.T.);
#7559 = VERTEX_POINT('',#7560);
#7560 = CARTESIAN_POINT('',(0.125000857143,0.217539206418,-3.14801448848
    ));
#7561 = LINE('',#7562,#7563);
#7562 = CARTESIAN_POINT('',(0.125000857143,0.217539206418,-3.14801448848
    ));
#7563 = VECTOR('',#7564,1.);
#7564 = DIRECTION('',(-8.164130571203E-19,-6.666518523453E-03,
    0.999977778518));
#7565 = ORIENTED_EDGE('',*,*,#7566,.T.);
#7566 = EDGE_CURVE('',#7559,#7567,#7569,.T.);
#7567 = VERTEX_POINT('',#7568);
#7568 = CARTESIAN_POINT('',(-0.124999142857,0.217539206418,
    -3.14801448848));
#7569 = LINE('',#7570,#7571);
#7570 = CARTESIAN_POINT('',(0.125000857143,0.217539206418,-3.14801448848
    ));
#7571 = VECTOR('',#7572,1.);
#7572 = DIRECTION('',(-1.,1.224646799147E-16,0.));
#7573 = ORIENTED_EDGE('',*,*,#7574,.F.);
#7574 = EDGE_CURVE('',#7492,#7567,#7575,.T.);
#7575 = LINE('',#7576,#7577);
#7576 = CARTESIAN_POINT('',(-0.124999142857,0.217205880492,
    -3.098015599554));
#7577 = VECTOR('',#7578,1.);
#7578 = DIRECTION('',(8.164130571203E-19,6.666518523453E-03,
    -0.999977778518));
#7579 = PLANE('',#7580);
#7580 = AXIS2_PLACEMENT_3D('',#7581,#7582,#7583);
#7581 = CARTESIAN_POINT('',(-0.124999142857,0.165048666792,4.72556645551
    ));
#7582 = DIRECTION('',(-1.224619585681E-16,-0.999977778518,
    -6.666518523457E-03));
#7583 = DIRECTION('',(1.,-1.224646799147E-16,0.));
#7584 = ADVANCED_FACE('',(#7585),#7701,.F.);
#7585 = FACE_BOUND('',#7586,.T.);
#7586 = EDGE_LOOP('',(#7587,#7598,#7606,#7613,#7614,#7622,#7630,#7638,
    #7646,#7652,#7653,#7662,#7670,#7679,#7687,#7695));
#7587 = ORIENTED_EDGE('',*,*,#7588,.F.);
#7588 = EDGE_CURVE('',#7589,#7591,#7593,.T.);
#7589 = VERTEX_POINT('',#7590);
#7590 = CARTESIAN_POINT('',(17.885416708082,0.21656416875,
    -3.001758838231));
#7591 = VERTEX_POINT('',#7592);
#7592 = CARTESIAN_POINT('',(17.875000857143,0.217205880492,
    -3.098015599554));
#7593 = CIRCLE('',#7594,0.45);
#7594 = AXIS2_PLACEMENT_3D('',#7595,#7596,#7597);
#7595 = CARTESIAN_POINT('',(18.325000857143,0.217205880492,
    -3.098015599554));
#7596 = DIRECTION('',(-8.426419284557E-16,-0.999977778518,
    -6.666518523457E-03));
#7597 = DIRECTION('',(-0.976853664579,-1.426026093686E-03,0.213903914053
    ));
#7598 = ORIENTED_EDGE('',*,*,#7599,.F.);
#7599 = EDGE_CURVE('',#7600,#7589,#7602,.T.);
#7600 = VERTEX_POINT('',#7601);
#7601 = CARTESIAN_POINT('',(18.297686223601,0.204013078833,
    -1.119095350608));
#7602 = LINE('',#7603,#7604);
#7603 = CARTESIAN_POINT('',(18.297686223601,0.204013078833,
    -1.119095350608));
#7604 = VECTOR('',#7605,1.);
#7605 = DIRECTION('',(-0.21390866742,6.512213049626E-03,-0.976831957444)
  );
#7606 = ORIENTED_EDGE('',*,*,#7607,.F.);
#7607 = EDGE_CURVE('',#99,#7600,#7608,.T.);
#7608 = CIRCLE('',#7609,0.1);
#7609 = AXIS2_PLACEMENT_3D('',#7610,#7611,#7612);
#7610 = CARTESIAN_POINT('',(18.200000857143,0.203870476223,
    -1.097704959202));
#7611 = DIRECTION('',(9.215718466127E-16,0.999977778518,
    6.666518523458E-03));
#7612 = DIRECTION('',(0.573576436351,-5.460892276781E-03,0.819133841517)
  );
#7613 = ORIENTED_EDGE('',*,*,#96,.F.);
#7614 = ORIENTED_EDGE('',*,*,#7615,.F.);
#7615 = EDGE_CURVE('',#7616,#97,#7618,.T.);
#7616 = VERTEX_POINT('',#7617);
#7617 = CARTESIAN_POINT('',(17.875000857143,0.201539561962,
    -0.748067820036));
#7618 = LINE('',#7619,#7620);
#7619 = CARTESIAN_POINT('',(17.875000857143,0.201539561962,
    -0.748067820036));
#7620 = VECTOR('',#7621,1.);
#7621 = DIRECTION('',(0.819152044289,3.823757937552E-03,-0.573563690633)
  );
#7622 = ORIENTED_EDGE('',*,*,#7623,.F.);
#7623 = EDGE_CURVE('',#7624,#7616,#7626,.T.);
#7624 = VERTEX_POINT('',#7625);
#7625 = CARTESIAN_POINT('',(17.875000857143,0.199226235591,
    -0.401068864371));
#7626 = LINE('',#7627,#7628);
#7627 = CARTESIAN_POINT('',(17.875000857143,0.199226235591,
    -0.401068864371));
#7628 = VECTOR('',#7629,1.);
#7629 = DIRECTION('',(8.164130571208E-19,6.666518523457E-03,
    -0.999977778518));
#7630 = ORIENTED_EDGE('',*,*,#7631,.F.);
#7631 = EDGE_CURVE('',#7632,#7624,#7634,.T.);
#7632 = VERTEX_POINT('',#7633);
#7633 = CARTESIAN_POINT('',(18.125000857143,0.199226235591,
    -0.401068864371));
#7634 = LINE('',#7635,#7636);
#7635 = CARTESIAN_POINT('',(18.125000857143,0.199226235591,
    -0.401068864371));
#7636 = VECTOR('',#7637,1.);
#7637 = DIRECTION('',(-1.,1.224646799147E-16,0.));
#7638 = ORIENTED_EDGE('',*,*,#7639,.F.);
#7639 = EDGE_CURVE('',#7640,#7632,#7642,.T.);
#7640 = VERTEX_POINT('',#7641);
#7641 = CARTESIAN_POINT('',(18.125000857143,0.200671969491,
    -0.617928949341));
#7642 = LINE('',#7643,#7644);
#7643 = CARTESIAN_POINT('',(18.125000857143,0.200671969491,
    -0.617928949341));
#7644 = VECTOR('',#7645,1.);
#7645 = DIRECTION('',(-8.164130571207E-19,-6.666518523456E-03,
    0.999977778518));
#7646 = ORIENTED_EDGE('',*,*,#7647,.F.);
#7647 = EDGE_CURVE('',#149,#7640,#7648,.T.);
#7648 = LINE('',#7649,#7650);
#7649 = CARTESIAN_POINT('',(18.400752609866,0.201959163926,
    -0.811008114671));
#7650 = VECTOR('',#7651,1.);
#7651 = DIRECTION('',(-0.819152044289,-3.823757937552E-03,0.573563690633
    ));
#7652 = ORIENTED_EDGE('',*,*,#148,.F.);
#7653 = ORIENTED_EDGE('',*,*,#7654,.F.);
#7654 = EDGE_CURVE('',#7655,#139,#7657,.T.);
#7655 = VERTEX_POINT('',#7656);
#7656 = CARTESIAN_POINT('',(18.541899639746,0.204369585356,
    -1.172571329121));
#7657 = CIRCLE('',#7658,0.35);
#7658 = AXIS2_PLACEMENT_3D('',#7659,#7660,#7661);
#7659 = CARTESIAN_POINT('',(18.200000857143,0.203870476223,
    -1.097704959202));
#7660 = DIRECTION('',(-1.919037845299E-16,-0.999977778518,
    -6.666518523457E-03));
#7661 = DIRECTION('',(0.97685366458,1.426026093686E-03,-0.213903914053)
  );
#7662 = ORIENTED_EDGE('',*,*,#7663,.F.);
#7663 = EDGE_CURVE('',#7664,#7655,#7666,.T.);
#7664 = VERTEX_POINT('',#7665);
#7665 = CARTESIAN_POINT('',(18.129630124227,0.216920675273,
    -3.055234816744));
#7666 = LINE('',#7667,#7668);
#7667 = CARTESIAN_POINT('',(18.129630124227,0.216920675273,
    -3.055234816744));
#7668 = VECTOR('',#7669,1.);
#7669 = DIRECTION('',(0.21390866742,-6.512213049626E-03,0.976831957444)
  );
#7670 = ORIENTED_EDGE('',*,*,#7671,.F.);
#7671 = EDGE_CURVE('',#7672,#7664,#7674,.T.);
#7672 = VERTEX_POINT('',#7673);
#7673 = CARTESIAN_POINT('',(18.125000857143,0.217205880492,
    -3.098015599554));
#7674 = CIRCLE('',#7675,0.2);
#7675 = AXIS2_PLACEMENT_3D('',#7676,#7677,#7678);
#7676 = CARTESIAN_POINT('',(18.325000857143,0.217205880492,
    -3.098015599554));
#7677 = DIRECTION('',(1.224619585681E-16,0.999977778518,
    6.666518523457E-03));
#7678 = DIRECTION('',(-1.,1.224646799147E-16,0.));
#7679 = ORIENTED_EDGE('',*,*,#7680,.F.);
#7680 = EDGE_CURVE('',#7681,#7672,#7683,.T.);
#7681 = VERTEX_POINT('',#7682);
#7682 = CARTESIAN_POINT('',(18.125000857143,0.217539206418,
    -3.14801448848));
#7683 = LINE('',#7684,#7685);
#7684 = CARTESIAN_POINT('',(18.125000857143,0.217539206418,
    -3.14801448848));
#7685 = VECTOR('',#7686,1.);
#7686 = DIRECTION('',(-8.164130571202E-19,-6.666518523452E-03,
    0.999977778518));
#7687 = ORIENTED_EDGE('',*,*,#7688,.T.);
#7688 = EDGE_CURVE('',#7681,#7689,#7691,.T.);
#7689 = VERTEX_POINT('',#7690);
#7690 = CARTESIAN_POINT('',(17.875000857143,0.217539206418,
    -3.14801448848));
#7691 = LINE('',#7692,#7693);
#7692 = CARTESIAN_POINT('',(18.125000857143,0.217539206418,
    -3.14801448848));
#7693 = VECTOR('',#7694,1.);
#7694 = DIRECTION('',(-1.,1.224646799147E-16,0.));
#7695 = ORIENTED_EDGE('',*,*,#7696,.F.);
#7696 = EDGE_CURVE('',#7591,#7689,#7697,.T.);
#7697 = LINE('',#7698,#7699);
#7698 = CARTESIAN_POINT('',(17.875000857143,0.217205880492,
    -3.098015599554));
#7699 = VECTOR('',#7700,1.);
#7700 = DIRECTION('',(8.164130571202E-19,6.666518523452E-03,
    -0.999977778518));
#7701 = PLANE('',#7702);
#7702 = AXIS2_PLACEMENT_3D('',#7703,#7704,#7705);
#7703 = CARTESIAN_POINT('',(-0.124999142857,0.165048666792,4.72556645551
    ));
#7704 = DIRECTION('',(-1.224619585681E-16,-0.999977778518,
    -6.666518523457E-03));
#7705 = DIRECTION('',(1.,-1.224646799147E-16,0.));
#7706 = ADVANCED_FACE('',(#7707),#7748,.T.);
#7707 = FACE_BOUND('',#7708,.T.);
#7708 = EDGE_LOOP('',(#7709,#7719,#7725,#7726,#7734,#7742));
#7709 = ORIENTED_EDGE('',*,*,#7710,.F.);
#7710 = EDGE_CURVE('',#7711,#7713,#7715,.T.);
#7711 = VERTEX_POINT('',#7712);
#7712 = CARTESIAN_POINT('',(-0.124999142857,-0.231784142063,
    -3.101008866371));
#7713 = VERTEX_POINT('',#7714);
#7714 = CARTESIAN_POINT('',(-0.124999142857,-0.23111749021,
    -3.201006644223));
#7715 = LINE('',#7716,#7717);
#7716 = CARTESIAN_POINT('',(-0.124999142857,-0.231784142063,
    -3.101008866371));
#7717 = VECTOR('',#7718,1.);
#7718 = DIRECTION('',(8.164130571203E-19,6.666518523453E-03,
    -0.999977778518));
#7719 = ORIENTED_EDGE('',*,*,#7720,.T.);
#7720 = EDGE_CURVE('',#7711,#7492,#7721,.T.);
#7721 = LINE('',#7722,#7723);
#7722 = CARTESIAN_POINT('',(-0.124999142857,-0.231784142063,
    -3.101008866371));
#7723 = VECTOR('',#7724,1.);
#7724 = DIRECTION('',(1.224619585681E-16,0.999977778518,
    6.666518523454E-03));
#7725 = ORIENTED_EDGE('',*,*,#7574,.T.);
#7726 = ORIENTED_EDGE('',*,*,#7727,.T.);
#7727 = EDGE_CURVE('',#7567,#7728,#7730,.T.);
#7728 = VERTEX_POINT('',#7729);
#7729 = CARTESIAN_POINT('',(-0.124999142857,6.987582112374E-02,
    -3.49900668874));
#7730 = LINE('',#7731,#7732);
#7731 = CARTESIAN_POINT('',(-0.124999142857,0.217539206418,
    -3.14801448848));
#7732 = VECTOR('',#7733,1.);
#7733 = DIRECTION('',(-4.748972681789E-17,-0.38778304774,-0.921750675554
    ));
#7734 = ORIENTED_EDGE('',*,*,#7735,.F.);
#7735 = EDGE_CURVE('',#7736,#7728,#7738,.T.);
#7736 = VERTEX_POINT('',#7737);
#7737 = CARTESIAN_POINT('',(-0.124999142857,-7.912086787526E-02,-3.5));
#7738 = LINE('',#7739,#7740);
#7739 = CARTESIAN_POINT('',(-0.124999142857,-7.912086787526E-02,-3.5));
#7740 = VECTOR('',#7741,1.);
#7741 = DIRECTION('',(1.224619585681E-16,0.999977778518,
    6.666518523456E-03));
#7742 = ORIENTED_EDGE('',*,*,#7743,.T.);
#7743 = EDGE_CURVE('',#7736,#7713,#7744,.T.);
#7744 = LINE('',#7745,#7746);
#7745 = CARTESIAN_POINT('',(-0.124999142857,-7.912086787526E-02,-3.5));
#7746 = VECTOR('',#7747,1.);
#7747 = DIRECTION('',(-5.549687484059E-17,-0.453166373188,0.891425957784
    ));
#7748 = PLANE('',#7749);
#7749 = AXIS2_PLACEMENT_3D('',#7750,#7751,#7752);
#7750 = CARTESIAN_POINT('',(-0.124999142857,-0.231784142063,
    -3.101008866371));
#7751 = DIRECTION('',(-1.,1.224646799147E-16,0.));
#7752 = DIRECTION('',(1.224646799147E-16,1.,1.224646799147E-16));
#7753 = ADVANCED_FACE('',(#7754),#7779,.T.);
#7754 = FACE_BOUND('',#7755,.T.);
#7755 = EDGE_LOOP('',(#7756,#7764,#7765,#7773));
#7756 = ORIENTED_EDGE('',*,*,#7757,.F.);
#7757 = EDGE_CURVE('',#7713,#7758,#7760,.T.);
#7758 = VERTEX_POINT('',#7759);
#7759 = CARTESIAN_POINT('',(0.125000857143,-0.23111749021,
    -3.201006644223));
#7760 = LINE('',#7761,#7762);
#7761 = CARTESIAN_POINT('',(-0.124999142857,-0.23111749021,
    -3.201006644223));
#7762 = VECTOR('',#7763,1.);
#7763 = DIRECTION('',(1.,-1.224646799147E-16,0.));
#7764 = ORIENTED_EDGE('',*,*,#7743,.F.);
#7765 = ORIENTED_EDGE('',*,*,#7766,.T.);
#7766 = EDGE_CURVE('',#7736,#7767,#7769,.T.);
#7767 = VERTEX_POINT('',#7768);
#7768 = CARTESIAN_POINT('',(0.125000857143,-7.912086787526E-02,-3.5));
#7769 = LINE('',#7770,#7771);
#7770 = CARTESIAN_POINT('',(-0.124999142857,-7.912086787526E-02,-3.5));
#7771 = VECTOR('',#7772,1.);
#7772 = DIRECTION('',(1.,-1.224646799147E-16,0.));
#7773 = ORIENTED_EDGE('',*,*,#7774,.F.);
#7774 = EDGE_CURVE('',#7758,#7767,#7775,.T.);
#7775 = LINE('',#7776,#7777);
#7776 = CARTESIAN_POINT('',(0.125000857143,-0.23111749021,
    -3.201006644223));
#7777 = VECTOR('',#7778,1.);
#7778 = DIRECTION('',(5.549687484059E-17,0.453166373188,-0.891425957784)
  );
#7779 = PLANE('',#7780);
#7780 = AXIS2_PLACEMENT_3D('',#7781,#7782,#7783);
#7781 = CARTESIAN_POINT('',(8.571428562476E-07,-0.155119179043,
    -3.350503322112));
#7782 = DIRECTION('',(-1.091681945877E-16,-0.891425957784,
    -0.453166373188));
#7783 = DIRECTION('',(1.,-1.224646799147E-16,0.));
#7784 = ADVANCED_FACE('',(#7785),#7817,.T.);
#7785 = FACE_BOUND('',#7786,.T.);
#7786 = EDGE_LOOP('',(#7787,#7795,#7801,#7802,#7810,#7816));
#7787 = ORIENTED_EDGE('',*,*,#7788,.T.);
#7788 = EDGE_CURVE('',#7767,#7789,#7791,.T.);
#7789 = VERTEX_POINT('',#7790);
#7790 = CARTESIAN_POINT('',(0.125000857143,6.987582112374E-02,
    -3.49900668874));
#7791 = LINE('',#7792,#7793);
#7792 = CARTESIAN_POINT('',(0.125000857143,-7.912086787526E-02,-3.5));
#7793 = VECTOR('',#7794,1.);
#7794 = DIRECTION('',(1.224619585681E-16,0.999977778518,
    6.666518523456E-03));
#7795 = ORIENTED_EDGE('',*,*,#7796,.T.);
#7796 = EDGE_CURVE('',#7789,#7559,#7797,.T.);
#7797 = LINE('',#7798,#7799);
#7798 = CARTESIAN_POINT('',(0.125000857143,6.987582112374E-02,
    -3.49900668874));
#7799 = VECTOR('',#7800,1.);
#7800 = DIRECTION('',(4.748972681789E-17,0.38778304774,0.921750675554));
#7801 = ORIENTED_EDGE('',*,*,#7558,.T.);
#7802 = ORIENTED_EDGE('',*,*,#7803,.F.);
#7803 = EDGE_CURVE('',#7804,#7550,#7806,.T.);
#7804 = VERTEX_POINT('',#7805);
#7805 = CARTESIAN_POINT('',(0.125000857143,-0.231784142063,
    -3.101008866371));
#7806 = LINE('',#7807,#7808);
#7807 = CARTESIAN_POINT('',(0.125000857143,-0.231784142063,
    -3.101008866371));
#7808 = VECTOR('',#7809,1.);
#7809 = DIRECTION('',(1.224619585681E-16,0.999977778518,
    6.666518523454E-03));
#7810 = ORIENTED_EDGE('',*,*,#7811,.F.);
#7811 = EDGE_CURVE('',#7758,#7804,#7812,.T.);
#7812 = LINE('',#7813,#7814);
#7813 = CARTESIAN_POINT('',(0.125000857143,-0.23111749021,
    -3.201006644223));
#7814 = VECTOR('',#7815,1.);
#7815 = DIRECTION('',(-8.164130571203E-19,-6.666518523453E-03,
    0.999977778518));
#7816 = ORIENTED_EDGE('',*,*,#7774,.T.);
#7817 = PLANE('',#7818);
#7818 = AXIS2_PLACEMENT_3D('',#7819,#7820,#7821);
#7819 = CARTESIAN_POINT('',(0.125000857143,-0.229117534653,
    -3.500999977779));
#7820 = DIRECTION('',(1.,-1.224646799147E-16,0.));
#7821 = DIRECTION('',(1.499759782662E-32,1.224646799147E-16,-1.));
#7822 = ADVANCED_FACE('',(#7823),#7893,.T.);
#7823 = FACE_BOUND('',#7824,.T.);
#7824 = EDGE_LOOP('',(#7825,#7826,#7835,#7843,#7850,#7851,#7857,#7858,
    #7859,#7860,#7866,#7867,#7876,#7884,#7891,#7892));
#7825 = ORIENTED_EDGE('',*,*,#7811,.T.);
#7826 = ORIENTED_EDGE('',*,*,#7827,.T.);
#7827 = EDGE_CURVE('',#7804,#7828,#7830,.T.);
#7828 = VERTEX_POINT('',#7829);
#7829 = CARTESIAN_POINT('',(0.114585006204,-0.232425853805,
    -3.004752105048));
#7830 = CIRCLE('',#7831,0.45);
#7831 = AXIS2_PLACEMENT_3D('',#7832,#7833,#7834);
#7832 = CARTESIAN_POINT('',(-0.324999142857,-0.231784142063,
    -3.101008866371));
#7833 = DIRECTION('',(-1.224619585681E-16,-0.999977778518,
    -6.666518523457E-03));
#7834 = DIRECTION('',(1.,-1.224646799147E-16,0.));
#7835 = ORIENTED_EDGE('',*,*,#7836,.T.);
#7836 = EDGE_CURVE('',#7828,#7837,#7839,.T.);
#7837 = VERTEX_POINT('',#7838);
#7838 = CARTESIAN_POINT('',(-0.297684509317,-0.244976943722,
    -1.122088617425));
#7839 = LINE('',#7840,#7841);
#7840 = CARTESIAN_POINT('',(0.114585006204,-0.232425853805,
    -3.004752105048));
#7841 = VECTOR('',#7842,1.);
#7842 = DIRECTION('',(-0.21390866742,-6.512213049626E-03,0.976831957444)
  );
#7843 = ORIENTED_EDGE('',*,*,#7844,.T.);
#7844 = EDGE_CURVE('',#7837,#181,#7845,.T.);
#7845 = CIRCLE('',#7846,0.1);
#7846 = AXIS2_PLACEMENT_3D('',#7847,#7848,#7849);
#7847 = CARTESIAN_POINT('',(-0.199999142857,-0.245119546332,
    -1.100698226019));
#7848 = DIRECTION('',(-1.575562597056E-15,0.999977778518,
    6.666518523457E-03));
#7849 = DIRECTION('',(-0.976853664579,1.426026093685E-03,-0.213903914053
    ));
#7850 = ORIENTED_EDGE('',*,*,#180,.T.);
#7851 = ORIENTED_EDGE('',*,*,#7852,.T.);
#7852 = EDGE_CURVE('',#183,#7287,#7853,.T.);
#7853 = LINE('',#7854,#7855);
#7854 = CARTESIAN_POINT('',(-0.257356786497,-0.245665635559,
    -1.018784841868));
#7855 = VECTOR('',#7856,1.);
#7856 = DIRECTION('',(0.819152044289,-3.823757937552E-03,0.573563690633)
  );
#7857 = ORIENTED_EDGE('',*,*,#7286,.T.);
#7858 = ORIENTED_EDGE('',*,*,#902,.F.);
#7859 = ORIENTED_EDGE('',*,*,#1126,.T.);
#7860 = ORIENTED_EDGE('',*,*,#7861,.T.);
#7861 = EDGE_CURVE('',#1119,#233,#7862,.T.);
#7862 = LINE('',#7863,#7864);
#7863 = CARTESIAN_POINT('',(-0.124999142857,-0.248318053064,
    -0.620922216158));
#7864 = VECTOR('',#7865,1.);
#7865 = DIRECTION('',(-0.819152044289,3.823757937552E-03,-0.573563690633
    ));
#7866 = ORIENTED_EDGE('',*,*,#232,.T.);
#7867 = ORIENTED_EDGE('',*,*,#7868,.T.);
#7868 = EDGE_CURVE('',#223,#7869,#7871,.T.);
#7869 = VERTEX_POINT('',#7870);
#7870 = CARTESIAN_POINT('',(-0.541897925457,-0.244620437199,
    -1.175564595938));
#7871 = CIRCLE('',#7872,0.35);
#7872 = AXIS2_PLACEMENT_3D('',#7873,#7874,#7875);
#7873 = CARTESIAN_POINT('',(-0.199999142857,-0.245119546332,
    -1.100698226019));
#7874 = DIRECTION('',(-2.797241605013E-16,-0.999977778518,
    -6.666518523457E-03));
#7875 = DIRECTION('',(-0.573576436351,-5.46089227678E-03,0.819133841517)
  );
#7876 = ORIENTED_EDGE('',*,*,#7877,.T.);
#7877 = EDGE_CURVE('',#7869,#7878,#7880,.T.);
#7878 = VERTEX_POINT('',#7879);
#7879 = CARTESIAN_POINT('',(-0.129628409941,-0.232069347281,
    -3.058228083561));
#7880 = LINE('',#7881,#7882);
#7881 = CARTESIAN_POINT('',(-0.541897925457,-0.244620437199,
    -1.175564595938));
#7882 = VECTOR('',#7883,1.);
#7883 = DIRECTION('',(0.21390866742,6.512213049626E-03,-0.976831957444)
  );
#7884 = ORIENTED_EDGE('',*,*,#7885,.T.);
#7885 = EDGE_CURVE('',#7878,#7711,#7886,.T.);
#7886 = CIRCLE('',#7887,0.2);
#7887 = AXIS2_PLACEMENT_3D('',#7888,#7889,#7890);
#7888 = CARTESIAN_POINT('',(-0.324999142857,-0.231784142063,
    -3.101008866371));
#7889 = DIRECTION('',(3.777360368939E-16,0.999977778518,
    6.666518523457E-03));
#7890 = DIRECTION('',(0.976853664579,-1.426026093687E-03,0.213903914053)
  );
#7891 = ORIENTED_EDGE('',*,*,#7710,.T.);
#7892 = ORIENTED_EDGE('',*,*,#7757,.T.);
#7893 = PLANE('',#7894);
#7894 = AXIS2_PLACEMENT_3D('',#7895,#7896,#7897);
#7895 = CARTESIAN_POINT('',(-0.124999142857,-0.252265652461,
    -2.878230661791E-02));
#7896 = DIRECTION('',(-1.224619585681E-16,-0.999977778518,
    -6.666518523457E-03));
#7897 = DIRECTION('',(1.,-1.224646799147E-16,0.));
#7898 = ADVANCED_FACE('',(#7899),#8006,.T.);
#7899 = FACE_BOUND('',#7900,.T.);
#7900 = EDGE_LOOP('',(#7901,#7911,#7920,#7928,#7935,#7936,#7944,#7950,
    #7951,#7959,#7965,#7966,#7975,#7983,#7992,#8000));
#7901 = ORIENTED_EDGE('',*,*,#7902,.T.);
#7902 = EDGE_CURVE('',#7903,#7905,#7907,.T.);
#7903 = VERTEX_POINT('',#7904);
#7904 = CARTESIAN_POINT('',(18.125000857143,-0.23111749021,
    -3.201006644223));
#7905 = VERTEX_POINT('',#7906);
#7906 = CARTESIAN_POINT('',(18.125000857143,-0.231784142063,
    -3.101008866371));
#7907 = LINE('',#7908,#7909);
#7908 = CARTESIAN_POINT('',(18.125000857143,-0.23111749021,
    -3.201006644223));
#7909 = VECTOR('',#7910,1.);
#7910 = DIRECTION('',(-8.164130571203E-19,-6.666518523453E-03,
    0.999977778518));
#7911 = ORIENTED_EDGE('',*,*,#7912,.T.);
#7912 = EDGE_CURVE('',#7905,#7913,#7915,.T.);
#7913 = VERTEX_POINT('',#7914);
#7914 = CARTESIAN_POINT('',(18.129630124227,-0.232069347281,
    -3.058228083561));
#7915 = CIRCLE('',#7916,0.2);
#7916 = AXIS2_PLACEMENT_3D('',#7917,#7918,#7919);
#7917 = CARTESIAN_POINT('',(18.325000857143,-0.231784142063,
    -3.101008866371));
#7918 = DIRECTION('',(1.224619585681E-16,0.999977778518,
    6.666518523457E-03));
#7919 = DIRECTION('',(-1.,1.224646799147E-16,0.));
#7920 = ORIENTED_EDGE('',*,*,#7921,.T.);
#7921 = EDGE_CURVE('',#7913,#7922,#7924,.T.);
#7922 = VERTEX_POINT('',#7923);
#7923 = CARTESIAN_POINT('',(18.541899639746,-0.244620437199,
    -1.175564595938));
#7924 = LINE('',#7925,#7926);
#7925 = CARTESIAN_POINT('',(18.129630124227,-0.232069347281,
    -3.058228083561));
#7926 = VECTOR('',#7927,1.);
#7927 = DIRECTION('',(0.21390866742,-6.512213049626E-03,0.976831957444)
  );
#7928 = ORIENTED_EDGE('',*,*,#7929,.T.);
#7929 = EDGE_CURVE('',#7922,#141,#7930,.T.);
#7930 = CIRCLE('',#7931,0.35);
#7931 = AXIS2_PLACEMENT_3D('',#7932,#7933,#7934);
#7932 = CARTESIAN_POINT('',(18.200000857143,-0.245119546332,
    -1.100698226019));
#7933 = DIRECTION('',(-1.919037845299E-16,-0.999977778518,
    -6.666518523457E-03));
#7934 = DIRECTION('',(0.97685366458,1.426026093686E-03,-0.213903914053)
  );
#7935 = ORIENTED_EDGE('',*,*,#165,.T.);
#7936 = ORIENTED_EDGE('',*,*,#7937,.T.);
#7937 = EDGE_CURVE('',#158,#7938,#7940,.T.);
#7938 = VERTEX_POINT('',#7939);
#7939 = CARTESIAN_POINT('',(18.125000857143,-0.248318053064,
    -0.620922216158));
#7940 = LINE('',#7941,#7942);
#7941 = CARTESIAN_POINT('',(18.400752609866,-0.247030858629,
    -0.814001381488));
#7942 = VECTOR('',#7943,1.);
#7943 = DIRECTION('',(-0.819152044289,-3.823757937552E-03,0.573563690633
    ));
#7944 = ORIENTED_EDGE('',*,*,#7945,.T.);
#7945 = EDGE_CURVE('',#7938,#633,#7946,.T.);
#7946 = LINE('',#7947,#7948);
#7947 = CARTESIAN_POINT('',(18.125000857143,-0.248318053064,
    -0.620922216158));
#7948 = VECTOR('',#7949,1.);
#7949 = DIRECTION('',(-8.164130571206E-19,-6.666518523455E-03,
    0.999977778518));
#7950 = ORIENTED_EDGE('',*,*,#630,.F.);
#7951 = ORIENTED_EDGE('',*,*,#7952,.T.);
#7952 = EDGE_CURVE('',#631,#7953,#7955,.T.);
#7953 = VERTEX_POINT('',#7954);
#7954 = CARTESIAN_POINT('',(17.875000857143,-0.247450460593,
    -0.751061086853));
#7955 = LINE('',#7956,#7957);
#7956 = CARTESIAN_POINT('',(17.875000857143,-0.252265652461,
    -2.878230661791E-02));
#7957 = VECTOR('',#7958,1.);
#7958 = DIRECTION('',(8.164130571207E-19,6.666518523456E-03,
    -0.999977778518));
#7959 = ORIENTED_EDGE('',*,*,#7960,.T.);
#7960 = EDGE_CURVE('',#7953,#108,#7961,.T.);
#7961 = LINE('',#7962,#7963);
#7962 = CARTESIAN_POINT('',(17.875000857143,-0.247450460593,
    -0.751061086853));
#7963 = VECTOR('',#7964,1.);
#7964 = DIRECTION('',(0.819152044289,3.823757937552E-03,-0.573563690633)
  );
#7965 = ORIENTED_EDGE('',*,*,#115,.T.);
#7966 = ORIENTED_EDGE('',*,*,#7967,.T.);
#7967 = EDGE_CURVE('',#116,#7968,#7970,.T.);
#7968 = VERTEX_POINT('',#7969);
#7969 = CARTESIAN_POINT('',(18.297686223601,-0.244976943722,
    -1.122088617425));
#7970 = CIRCLE('',#7971,0.1);
#7971 = AXIS2_PLACEMENT_3D('',#7972,#7973,#7974);
#7972 = CARTESIAN_POINT('',(18.200000857143,-0.245119546332,
    -1.100698226019));
#7973 = DIRECTION('',(9.215718466127E-16,0.999977778518,
    6.666518523458E-03));
#7974 = DIRECTION('',(0.573576436351,-5.460892276781E-03,0.819133841517)
  );
#7975 = ORIENTED_EDGE('',*,*,#7976,.T.);
#7976 = EDGE_CURVE('',#7968,#7977,#7979,.T.);
#7977 = VERTEX_POINT('',#7978);
#7978 = CARTESIAN_POINT('',(17.885416708082,-0.232425853805,
    -3.004752105048));
#7979 = LINE('',#7980,#7981);
#7980 = CARTESIAN_POINT('',(18.297686223601,-0.244976943722,
    -1.122088617425));
#7981 = VECTOR('',#7982,1.);
#7982 = DIRECTION('',(-0.21390866742,6.512213049626E-03,-0.976831957444)
  );
#7983 = ORIENTED_EDGE('',*,*,#7984,.T.);
#7984 = EDGE_CURVE('',#7977,#7985,#7987,.T.);
#7985 = VERTEX_POINT('',#7986);
#7986 = CARTESIAN_POINT('',(17.875000857143,-0.231784142063,
    -3.101008866371));
#7987 = CIRCLE('',#7988,0.45);
#7988 = AXIS2_PLACEMENT_3D('',#7989,#7990,#7991);
#7989 = CARTESIAN_POINT('',(18.325000857143,-0.231784142063,
    -3.101008866371));
#7990 = DIRECTION('',(-8.426419284557E-16,-0.999977778518,
    -6.666518523457E-03));
#7991 = DIRECTION('',(-0.976853664579,-1.426026093686E-03,0.213903914053
    ));
#7992 = ORIENTED_EDGE('',*,*,#7993,.T.);
#7993 = EDGE_CURVE('',#7985,#7994,#7996,.T.);
#7994 = VERTEX_POINT('',#7995);
#7995 = CARTESIAN_POINT('',(17.875000857143,-0.23111749021,
    -3.201006644223));
#7996 = LINE('',#7997,#7998);
#7997 = CARTESIAN_POINT('',(17.875000857143,-0.231784142063,
    -3.101008866371));
#7998 = VECTOR('',#7999,1.);
#7999 = DIRECTION('',(1.776438480706E-14,6.666518523453E-03,
    -0.999977778518));
#8000 = ORIENTED_EDGE('',*,*,#8001,.T.);
#8001 = EDGE_CURVE('',#7994,#7903,#8002,.T.);
#8002 = LINE('',#8003,#8004);
#8003 = CARTESIAN_POINT('',(17.875000857143,-0.23111749021,
    -3.201006644223));
#8004 = VECTOR('',#8005,1.);
#8005 = DIRECTION('',(1.,-1.224646799147E-16,0.));
#8006 = PLANE('',#8007);
#8007 = AXIS2_PLACEMENT_3D('',#8008,#8009,#8010);
#8008 = CARTESIAN_POINT('',(-0.124999142857,-0.252265652461,
    -2.878230661791E-02));
#8009 = DIRECTION('',(-1.224619585681E-16,-0.999977778518,
    -6.666518523457E-03));
#8010 = DIRECTION('',(1.,-1.224646799147E-16,0.));
#8011 = ADVANCED_FACE('',(#8012),#8023,.F.);
#8012 = FACE_BOUND('',#8013,.F.);
#8013 = EDGE_LOOP('',(#8014,#8015,#8016,#8017));
#8014 = ORIENTED_EDGE('',*,*,#7885,.T.);
#8015 = ORIENTED_EDGE('',*,*,#7720,.T.);
#8016 = ORIENTED_EDGE('',*,*,#7489,.F.);
#8017 = ORIENTED_EDGE('',*,*,#8018,.F.);
#8018 = EDGE_CURVE('',#7878,#7490,#8019,.T.);
#8019 = LINE('',#8020,#8021);
#8020 = CARTESIAN_POINT('',(-0.129628409941,-0.232069347281,
    -3.058228083561));
#8021 = VECTOR('',#8022,1.);
#8022 = DIRECTION('',(1.224619585681E-16,0.999977778518,
    6.666518523458E-03));
#8023 = CYLINDRICAL_SURFACE('',#8024,0.2);
#8024 = AXIS2_PLACEMENT_3D('',#8025,#8026,#8027);
#8025 = CARTESIAN_POINT('',(-0.324999142857,-0.231784142063,
    -3.101008866371));
#8026 = DIRECTION('',(1.224619585681E-16,0.999977778518,
    6.666518523457E-03));
#8027 = DIRECTION('',(1.,-1.224646799147E-16,0.));
#8028 = ADVANCED_FACE('',(#8029),#8040,.T.);
#8029 = FACE_BOUND('',#8030,.T.);
#8030 = EDGE_LOOP('',(#8031,#8037,#8038,#8039));
#8031 = ORIENTED_EDGE('',*,*,#8032,.T.);
#8032 = EDGE_CURVE('',#7869,#7501,#8033,.T.);
#8033 = LINE('',#8034,#8035);
#8034 = CARTESIAN_POINT('',(-0.541897925457,-0.244620437199,
    -1.175564595938));
#8035 = VECTOR('',#8036,1.);
#8036 = DIRECTION('',(1.224619585681E-16,0.999977778518,
    6.666518523458E-03));
#8037 = ORIENTED_EDGE('',*,*,#7500,.T.);
#8038 = ORIENTED_EDGE('',*,*,#8018,.F.);
#8039 = ORIENTED_EDGE('',*,*,#7877,.F.);
#8040 = PLANE('',#8041);
#8041 = AXIS2_PLACEMENT_3D('',#8042,#8043,#8044);
#8042 = CARTESIAN_POINT('',(-0.541897925457,-0.244620437199,
    -1.175564595938));
#8043 = DIRECTION('',(-0.976853664579,1.426026093686E-03,-0.213903914053
    ));
#8044 = DIRECTION('',(-1.192093520507E-16,-0.999977778518,
    -6.666518523454E-03));
#8045 = ADVANCED_FACE('',(#8046),#8052,.T.);
#8046 = FACE_BOUND('',#8047,.T.);
#8047 = EDGE_LOOP('',(#8048,#8049,#8050,#8051));
#8048 = ORIENTED_EDGE('',*,*,#222,.T.);
#8049 = ORIENTED_EDGE('',*,*,#7508,.T.);
#8050 = ORIENTED_EDGE('',*,*,#8032,.F.);
#8051 = ORIENTED_EDGE('',*,*,#7868,.F.);
#8052 = CYLINDRICAL_SURFACE('',#8053,0.35);
#8053 = AXIS2_PLACEMENT_3D('',#8054,#8055,#8056);
#8054 = CARTESIAN_POINT('',(-0.199999142857,-0.245119546332,
    -1.100698226019));
#8055 = DIRECTION('',(1.224619585681E-16,0.999977778518,
    6.666518523457E-03));
#8056 = DIRECTION('',(1.,-1.224646799147E-16,0.));
#8057 = ADVANCED_FACE('',(#8058),#8064,.T.);
#8058 = FACE_BOUND('',#8059,.T.);
#8059 = EDGE_LOOP('',(#8060,#8061,#8062,#8063));
#8060 = ORIENTED_EDGE('',*,*,#1118,.T.);
#8061 = ORIENTED_EDGE('',*,*,#7516,.T.);
#8062 = ORIENTED_EDGE('',*,*,#241,.F.);
#8063 = ORIENTED_EDGE('',*,*,#7861,.F.);
#8064 = PLANE('',#8065);
#8065 = AXIS2_PLACEMENT_3D('',#8066,#8067,#8068);
#8066 = CARTESIAN_POINT('',(-0.124999142857,-0.248318053064,
    -0.620922216158));
#8067 = DIRECTION('',(-0.573576436351,-5.46089227678E-03,0.819133841517)
  );
#8068 = DIRECTION('',(-1.267987672581E-16,-0.999977778518,
    -6.666518523457E-03));
#8069 = ADVANCED_FACE('',(#8070),#8076,.T.);
#8070 = FACE_BOUND('',#8071,.T.);
#8071 = EDGE_LOOP('',(#8072,#8073,#8074,#8075));
#8072 = ORIENTED_EDGE('',*,*,#191,.T.);
#8073 = ORIENTED_EDGE('',*,*,#7525,.T.);
#8074 = ORIENTED_EDGE('',*,*,#7294,.F.);
#8075 = ORIENTED_EDGE('',*,*,#7852,.F.);
#8076 = PLANE('',#8077);
#8077 = AXIS2_PLACEMENT_3D('',#8078,#8079,#8080);
#8078 = CARTESIAN_POINT('',(-0.257356786497,-0.245665635559,
    -1.018784841868));
#8079 = DIRECTION('',(0.573576436351,5.46089227678E-03,-0.819133841517)
  );
#8080 = DIRECTION('',(-9.520343664427E-03,0.999954680501,
    1.215917681388E-16));
#8081 = ADVANCED_FACE('',(#8082),#8093,.F.);
#8082 = FACE_BOUND('',#8083,.F.);
#8083 = EDGE_LOOP('',(#8084,#8085,#8091,#8092));
#8084 = ORIENTED_EDGE('',*,*,#7532,.F.);
#8085 = ORIENTED_EDGE('',*,*,#8086,.F.);
#8086 = EDGE_CURVE('',#7837,#7533,#8087,.T.);
#8087 = LINE('',#8088,#8089);
#8088 = CARTESIAN_POINT('',(-0.297684509317,-0.244976943722,
    -1.122088617425));
#8089 = VECTOR('',#8090,1.);
#8090 = DIRECTION('',(1.224619585681E-16,0.999977778518,
    6.666518523458E-03));
#8091 = ORIENTED_EDGE('',*,*,#7844,.T.);
#8092 = ORIENTED_EDGE('',*,*,#208,.F.);
#8093 = CYLINDRICAL_SURFACE('',#8094,0.1);
#8094 = AXIS2_PLACEMENT_3D('',#8095,#8096,#8097);
#8095 = CARTESIAN_POINT('',(-0.199999142857,-0.245119546332,
    -1.100698226019));
#8096 = DIRECTION('',(1.224619585681E-16,0.999977778518,
    6.666518523457E-03));
#8097 = DIRECTION('',(1.,-1.224646799147E-16,0.));
#8098 = ADVANCED_FACE('',(#8099),#8110,.T.);
#8099 = FACE_BOUND('',#8100,.T.);
#8100 = EDGE_LOOP('',(#8101,#8107,#8108,#8109));
#8101 = ORIENTED_EDGE('',*,*,#8102,.T.);
#8102 = EDGE_CURVE('',#7828,#7542,#8103,.T.);
#8103 = LINE('',#8104,#8105);
#8104 = CARTESIAN_POINT('',(0.114585006204,-0.232425853805,
    -3.004752105048));
#8105 = VECTOR('',#8106,1.);
#8106 = DIRECTION('',(1.224619585681E-16,0.999977778518,
    6.666518523456E-03));
#8107 = ORIENTED_EDGE('',*,*,#7541,.T.);
#8108 = ORIENTED_EDGE('',*,*,#8086,.F.);
#8109 = ORIENTED_EDGE('',*,*,#7836,.F.);
#8110 = PLANE('',#8111);
#8111 = AXIS2_PLACEMENT_3D('',#8112,#8113,#8114);
#8112 = CARTESIAN_POINT('',(0.114585006204,-0.232425853805,
    -3.004752105048));
#8113 = DIRECTION('',(0.976853664579,-1.426026093686E-03,0.213903914053)
  );
#8114 = DIRECTION('',(0.213904131546,9.381396275155E-17,-0.976854657822)
  );
#8115 = ADVANCED_FACE('',(#8116),#8122,.T.);
#8116 = FACE_BOUND('',#8117,.T.);
#8117 = EDGE_LOOP('',(#8118,#8119,#8120,#8121));
#8118 = ORIENTED_EDGE('',*,*,#7803,.T.);
#8119 = ORIENTED_EDGE('',*,*,#7549,.T.);
#8120 = ORIENTED_EDGE('',*,*,#8102,.F.);
#8121 = ORIENTED_EDGE('',*,*,#7827,.F.);
#8122 = CYLINDRICAL_SURFACE('',#8123,0.45);
#8123 = AXIS2_PLACEMENT_3D('',#8124,#8125,#8126);
#8124 = CARTESIAN_POINT('',(-0.324999142857,-0.231784142063,
    -3.101008866371));
#8125 = DIRECTION('',(1.224619585681E-16,0.999977778518,
    6.666518523457E-03));
#8126 = DIRECTION('',(1.,-1.224646799147E-16,0.));
#8127 = ADVANCED_FACE('',(#8128),#8153,.T.);
#8128 = FACE_BOUND('',#8129,.T.);
#8129 = EDGE_LOOP('',(#8130,#8131,#8139,#8147));
#8130 = ORIENTED_EDGE('',*,*,#8001,.F.);
#8131 = ORIENTED_EDGE('',*,*,#8132,.F.);
#8132 = EDGE_CURVE('',#8133,#7994,#8135,.T.);
#8133 = VERTEX_POINT('',#8134);
#8134 = CARTESIAN_POINT('',(17.875000857143,-7.912086787526E-02,-3.5));
#8135 = LINE('',#8136,#8137);
#8136 = CARTESIAN_POINT('',(17.875000857143,-7.912086787526E-02,-3.5));
#8137 = VECTOR('',#8138,1.);
#8138 = DIRECTION('',(-5.549687484059E-17,-0.453166373188,0.891425957784
    ));
#8139 = ORIENTED_EDGE('',*,*,#8140,.T.);
#8140 = EDGE_CURVE('',#8133,#8141,#8143,.T.);
#8141 = VERTEX_POINT('',#8142);
#8142 = CARTESIAN_POINT('',(18.125000857143,-7.912086787526E-02,-3.5));
#8143 = LINE('',#8144,#8145);
#8144 = CARTESIAN_POINT('',(17.875000857143,-7.912086787526E-02,-3.5));
#8145 = VECTOR('',#8146,1.);
#8146 = DIRECTION('',(1.,-1.224646799147E-16,0.));
#8147 = ORIENTED_EDGE('',*,*,#8148,.F.);
#8148 = EDGE_CURVE('',#7903,#8141,#8149,.T.);
#8149 = LINE('',#8150,#8151);
#8150 = CARTESIAN_POINT('',(18.125000857143,-0.23111749021,
    -3.201006644223));
#8151 = VECTOR('',#8152,1.);
#8152 = DIRECTION('',(5.549687484059E-17,0.453166373188,-0.891425957784)
  );
#8153 = PLANE('',#8154);
#8154 = AXIS2_PLACEMENT_3D('',#8155,#8156,#8157);
#8155 = CARTESIAN_POINT('',(18.000000857143,-0.155119179043,
    -3.350503322112));
#8156 = DIRECTION('',(-1.091681945877E-16,-0.891425957784,
    -0.453166373188));
#8157 = DIRECTION('',(1.,-1.224646799147E-16,0.));
#8158 = ADVANCED_FACE('',(#8159),#8184,.T.);
#8159 = FACE_BOUND('',#8160,.T.);
#8160 = EDGE_LOOP('',(#8161,#8169,#8175,#8176,#8182,#8183));
#8161 = ORIENTED_EDGE('',*,*,#8162,.T.);
#8162 = EDGE_CURVE('',#8141,#8163,#8165,.T.);
#8163 = VERTEX_POINT('',#8164);
#8164 = CARTESIAN_POINT('',(18.125000857143,6.987582112374E-02,
    -3.49900668874));
#8165 = LINE('',#8166,#8167);
#8166 = CARTESIAN_POINT('',(18.125000857143,-7.912086787526E-02,-3.5));
#8167 = VECTOR('',#8168,1.);
#8168 = DIRECTION('',(1.224619585681E-16,0.999977778518,
    6.666518523456E-03));
#8169 = ORIENTED_EDGE('',*,*,#8170,.T.);
#8170 = EDGE_CURVE('',#8163,#7681,#8171,.T.);
#8171 = LINE('',#8172,#8173);
#8172 = CARTESIAN_POINT('',(18.125000857143,6.987582112374E-02,
    -3.49900668874));
#8173 = VECTOR('',#8174,1.);
#8174 = DIRECTION('',(4.748972681789E-17,0.38778304774,0.921750675554));
#8175 = ORIENTED_EDGE('',*,*,#7680,.T.);
#8176 = ORIENTED_EDGE('',*,*,#8177,.F.);
#8177 = EDGE_CURVE('',#7905,#7672,#8178,.T.);
#8178 = LINE('',#8179,#8180);
#8179 = CARTESIAN_POINT('',(18.125000857143,-0.231784142063,
    -3.101008866371));
#8180 = VECTOR('',#8181,1.);
#8181 = DIRECTION('',(1.224619585681E-16,0.999977778518,
    6.666518523456E-03));
#8182 = ORIENTED_EDGE('',*,*,#7902,.F.);
#8183 = ORIENTED_EDGE('',*,*,#8148,.T.);
#8184 = PLANE('',#8185);
#8185 = AXIS2_PLACEMENT_3D('',#8186,#8187,#8188);
#8186 = CARTESIAN_POINT('',(18.125000857143,-0.229117534653,
    -3.500999977779));
#8187 = DIRECTION('',(1.,-1.224646799147E-16,0.));
#8188 = DIRECTION('',(1.499759782662E-32,1.224646799147E-16,-1.));
#8189 = ADVANCED_FACE('',(#8190),#8201,.F.);
#8190 = FACE_BOUND('',#8191,.F.);
#8191 = EDGE_LOOP('',(#8192,#8193,#8199,#8200));
#8192 = ORIENTED_EDGE('',*,*,#7912,.T.);
#8193 = ORIENTED_EDGE('',*,*,#8194,.T.);
#8194 = EDGE_CURVE('',#7913,#7664,#8195,.T.);
#8195 = LINE('',#8196,#8197);
#8196 = CARTESIAN_POINT('',(18.129630124227,-0.232069347281,
    -3.058228083561));
#8197 = VECTOR('',#8198,1.);
#8198 = DIRECTION('',(1.224619585681E-16,0.999977778518,
    6.666518523456E-03));
#8199 = ORIENTED_EDGE('',*,*,#7671,.F.);
#8200 = ORIENTED_EDGE('',*,*,#8177,.F.);
#8201 = CYLINDRICAL_SURFACE('',#8202,0.2);
#8202 = AXIS2_PLACEMENT_3D('',#8203,#8204,#8205);
#8203 = CARTESIAN_POINT('',(18.325000857143,-0.231784142063,
    -3.101008866371));
#8204 = DIRECTION('',(1.224619585681E-16,0.999977778518,
    6.666518523457E-03));
#8205 = DIRECTION('',(1.,-1.224646799147E-16,0.));
#8206 = ADVANCED_FACE('',(#8207),#8218,.T.);
#8207 = FACE_BOUND('',#8208,.T.);
#8208 = EDGE_LOOP('',(#8209,#8210,#8211,#8217));
#8209 = ORIENTED_EDGE('',*,*,#8194,.T.);
#8210 = ORIENTED_EDGE('',*,*,#7663,.T.);
#8211 = ORIENTED_EDGE('',*,*,#8212,.F.);
#8212 = EDGE_CURVE('',#7922,#7655,#8213,.T.);
#8213 = LINE('',#8214,#8215);
#8214 = CARTESIAN_POINT('',(18.541899639746,-0.244620437199,
    -1.175564595938));
#8215 = VECTOR('',#8216,1.);
#8216 = DIRECTION('',(1.224619585681E-16,0.999977778518,
    6.666518523458E-03));
#8217 = ORIENTED_EDGE('',*,*,#7921,.F.);
#8218 = PLANE('',#8219);
#8219 = AXIS2_PLACEMENT_3D('',#8220,#8221,#8222);
#8220 = CARTESIAN_POINT('',(18.129630124227,-0.232069347281,
    -3.058228083561));
#8221 = DIRECTION('',(0.976853664579,1.426026093686E-03,-0.213903914053)
  );
#8222 = DIRECTION('',(-1.459813916783E-03,0.999998934471,
    1.22627179751E-16));
#8223 = ADVANCED_FACE('',(#8224),#8230,.T.);
#8224 = FACE_BOUND('',#8225,.T.);
#8225 = EDGE_LOOP('',(#8226,#8227,#8228,#8229));
#8226 = ORIENTED_EDGE('',*,*,#138,.T.);
#8227 = ORIENTED_EDGE('',*,*,#7929,.F.);
#8228 = ORIENTED_EDGE('',*,*,#8212,.T.);
#8229 = ORIENTED_EDGE('',*,*,#7654,.T.);
#8230 = CYLINDRICAL_SURFACE('',#8231,0.35);
#8231 = AXIS2_PLACEMENT_3D('',#8232,#8233,#8234);
#8232 = CARTESIAN_POINT('',(18.200000857143,-0.245119546332,
    -1.100698226019));
#8233 = DIRECTION('',(1.224619585681E-16,0.999977778518,
    6.666518523457E-03));
#8234 = DIRECTION('',(1.,-1.224646799147E-16,0.));
#8235 = ADVANCED_FACE('',(#8236),#8247,.T.);
#8236 = FACE_BOUND('',#8237,.T.);
#8237 = EDGE_LOOP('',(#8238,#8239,#8240,#8246));
#8238 = ORIENTED_EDGE('',*,*,#157,.T.);
#8239 = ORIENTED_EDGE('',*,*,#7647,.T.);
#8240 = ORIENTED_EDGE('',*,*,#8241,.F.);
#8241 = EDGE_CURVE('',#7938,#7640,#8242,.T.);
#8242 = LINE('',#8243,#8244);
#8243 = CARTESIAN_POINT('',(18.125000857143,-0.248318053064,
    -0.620922216158));
#8244 = VECTOR('',#8245,1.);
#8245 = DIRECTION('',(1.224619585681E-16,0.999977778518,
    6.666518523454E-03));
#8246 = ORIENTED_EDGE('',*,*,#7937,.F.);
#8247 = PLANE('',#8248);
#8248 = AXIS2_PLACEMENT_3D('',#8249,#8250,#8251);
#8249 = CARTESIAN_POINT('',(18.400752609866,-0.247030858629,
    -0.814001381488));
#8250 = DIRECTION('',(0.573576436351,-5.46089227678E-03,0.819133841517)
  );
#8251 = DIRECTION('',(0.819146055626,-3.093991916773E-17,-0.573584988953
    ));
#8252 = ADVANCED_FACE('',(#8253),#8279,.T.);
#8253 = FACE_BOUND('',#8254,.T.);
#8254 = EDGE_LOOP('',(#8255,#8263,#8272,#8278));
#8255 = ORIENTED_EDGE('',*,*,#8256,.T.);
#8256 = EDGE_CURVE('',#1396,#8257,#8259,.T.);
#8257 = VERTEX_POINT('',#8258);
#8258 = CARTESIAN_POINT('',(18.125000857143,1.432776037158,
    4.503112717345));
#8259 = LINE('',#8260,#8261);
#8260 = CARTESIAN_POINT('',(18.125000857143,1.647734347539,
    4.944428887914));
#8261 = VECTOR('',#8262,1.);
#8262 = DIRECTION('',(-5.362734202678E-17,-0.437900479257,-0.89902345368
    ));
#8263 = ORIENTED_EDGE('',*,*,#8264,.T.);
#8264 = EDGE_CURVE('',#8257,#8265,#8267,.T.);
#8265 = VERTEX_POINT('',#8266);
#8266 = CARTESIAN_POINT('',(18.125000857143,1.429594984688,
    4.467679270219));
#8267 = CIRCLE('',#8268,5.E-02);
#8268 = AXIS2_PLACEMENT_3D('',#8269,#8270,#8271);
#8269 = CARTESIAN_POINT('',(18.125000857143,1.477727209842,
    4.481217693382));
#8270 = DIRECTION('',(1.,-1.224646799147E-16,6.162975822039E-33));
#8271 = DIRECTION('',(-1.100986194907E-16,-0.89902345368,0.437900479257)
  );
#8272 = ORIENTED_EDGE('',*,*,#8273,.T.);
#8273 = EDGE_CURVE('',#8265,#1404,#8274,.T.);
#8274 = LINE('',#8275,#8276);
#8275 = CARTESIAN_POINT('',(18.125000857143,1.429594984688,
    4.467679270219));
#8276 = VECTOR('',#8277,1.);
#8277 = DIRECTION('',(3.315957318415E-17,0.27076846326,-0.962644503077)
  );
#8278 = ORIENTED_EDGE('',*,*,#1403,.T.);
#8279 = PLANE('',#8280);
#8280 = AXIS2_PLACEMENT_3D('',#8281,#8282,#8283);
#8281 = CARTESIAN_POINT('',(18.125000857143,-0.248318053064,
    -0.620922216158));
#8282 = DIRECTION('',(1.,-1.224646799147E-16,0.));
#8283 = DIRECTION('',(1.499759782662E-32,1.224646799147E-16,-1.));
#8284 = ADVANCED_FACE('',(#8285),#8346,.T.);
#8285 = FACE_BOUND('',#8286,.T.);
#8286 = EDGE_LOOP('',(#8287,#8288,#8289,#8297,#8305,#8313,#8321,#8330,
    #8338,#8345));
#8287 = ORIENTED_EDGE('',*,*,#6625,.T.);
#8288 = ORIENTED_EDGE('',*,*,#6325,.T.);
#8289 = ORIENTED_EDGE('',*,*,#8290,.T.);
#8290 = EDGE_CURVE('',#6318,#8291,#8293,.T.);
#8291 = VERTEX_POINT('',#8292);
#8292 = CARTESIAN_POINT('',(18.125000857143,1.377734347539,
    2.581217693382));
#8293 = LINE('',#8294,#8295);
#8294 = CARTESIAN_POINT('',(18.125000857143,1.377734347539,
    2.471217693382));
#8295 = VECTOR('',#8296,1.);
#8296 = DIRECTION('',(-1.499759782662E-32,-1.224646799147E-16,1.));
#8297 = ORIENTED_EDGE('',*,*,#8298,.T.);
#8298 = EDGE_CURVE('',#8291,#8299,#8301,.T.);
#8299 = VERTEX_POINT('',#8300);
#8300 = CARTESIAN_POINT('',(18.125000857143,0.447734347539,
    2.581217693382));
#8301 = LINE('',#8302,#8303);
#8302 = CARTESIAN_POINT('',(18.125000857143,1.377734347539,
    2.581217693382));
#8303 = VECTOR('',#8304,1.);
#8304 = DIRECTION('',(-1.224646799147E-16,-1.,-1.224646799147E-16));
#8305 = ORIENTED_EDGE('',*,*,#8306,.T.);
#8306 = EDGE_CURVE('',#8299,#8307,#8309,.T.);
#8307 = VERTEX_POINT('',#8308);
#8308 = CARTESIAN_POINT('',(18.125000857143,0.447734347539,
    3.881217693382));
#8309 = LINE('',#8310,#8311);
#8310 = CARTESIAN_POINT('',(18.125000857143,0.447734347539,
    2.581217693382));
#8311 = VECTOR('',#8312,1.);
#8312 = DIRECTION('',(-1.499759782662E-32,-1.224646799147E-16,1.));
#8313 = ORIENTED_EDGE('',*,*,#8314,.T.);
#8314 = EDGE_CURVE('',#8307,#8315,#8317,.T.);
#8315 = VERTEX_POINT('',#8316);
#8316 = CARTESIAN_POINT('',(18.125000857143,0.602678382526,
    4.199322669419));
#8317 = LINE('',#8318,#8319);
#8318 = CARTESIAN_POINT('',(18.125000857143,0.447734347539,
    3.881217693382));
#8319 = VECTOR('',#8320,1.);
#8320 = DIRECTION('',(5.362734202678E-17,0.437900479257,0.89902345368));
#8321 = ORIENTED_EDGE('',*,*,#8322,.T.);
#8322 = EDGE_CURVE('',#8315,#8323,#8325,.T.);
#8323 = VERTEX_POINT('',#8324);
#8324 = CARTESIAN_POINT('',(18.125000857143,0.605859434996,
    4.234756116545));
#8325 = CIRCLE('',#8326,5.E-02);
#8326 = AXIS2_PLACEMENT_3D('',#8327,#8328,#8329);
#8327 = CARTESIAN_POINT('',(18.125000857143,0.557727209842,
    4.221217693382));
#8328 = DIRECTION('',(1.,-1.224646799147E-16,6.162975822039E-33));
#8329 = DIRECTION('',(1.100986194907E-16,0.89902345368,-0.437900479257)
  );
#8330 = ORIENTED_EDGE('',*,*,#8331,.T.);
#8331 = EDGE_CURVE('',#8323,#8332,#8334,.T.);
#8332 = VERTEX_POINT('',#8333);
#8333 = CARTESIAN_POINT('',(18.125000857143,0.398537662164,
    4.971832962871));
#8334 = LINE('',#8335,#8336);
#8335 = CARTESIAN_POINT('',(18.125000857143,0.605859434996,
    4.234756116545));
#8336 = VECTOR('',#8337,1.);
#8337 = DIRECTION('',(-3.315957318415E-17,-0.27076846326,0.962644503077)
  );
#8338 = ORIENTED_EDGE('',*,*,#8339,.T.);
#8339 = EDGE_CURVE('',#8332,#4895,#8340,.T.);
#8340 = CIRCLE('',#8341,0.15);
#8341 = AXIS2_PLACEMENT_3D('',#8342,#8343,#8344);
#8342 = CARTESIAN_POINT('',(18.125000857143,0.254140986703,
    4.931217693382));
#8343 = DIRECTION('',(1.,-1.224646799147E-16,0.));
#8344 = DIRECTION('',(1.17889950941E-16,0.962644503077,0.27076846326));
#8345 = ORIENTED_EDGE('',*,*,#4894,.F.);
#8346 = PLANE('',#8347);
#8347 = AXIS2_PLACEMENT_3D('',#8348,#8349,#8350);
#8348 = CARTESIAN_POINT('',(18.125000857143,-0.248318053064,
    -0.620922216158));
#8349 = DIRECTION('',(1.,-1.224646799147E-16,0.));
#8350 = DIRECTION('',(1.499759782662E-32,1.224646799147E-16,-1.));
#8351 = ADVANCED_FACE('',(#8352),#8372,.T.);
#8352 = FACE_BOUND('',#8353,.T.);
#8353 = EDGE_LOOP('',(#8354,#8355,#8356,#8364,#8370,#8371));
#8354 = ORIENTED_EDGE('',*,*,#8241,.T.);
#8355 = ORIENTED_EDGE('',*,*,#7639,.T.);
#8356 = ORIENTED_EDGE('',*,*,#8357,.T.);
#8357 = EDGE_CURVE('',#7632,#8358,#8360,.T.);
#8358 = VERTEX_POINT('',#8359);
#8359 = CARTESIAN_POINT('',(18.125000857143,0.217734347539,
    -0.401068864371));
#8360 = LINE('',#8361,#8362);
#8361 = CARTESIAN_POINT('',(18.125000857143,0.199226235591,
    -0.401068864371));
#8362 = VECTOR('',#8363,1.);
#8363 = DIRECTION('',(1.224646799147E-16,1.,1.224646799147E-16));
#8364 = ORIENTED_EDGE('',*,*,#8365,.T.);
#8365 = EDGE_CURVE('',#8358,#641,#8366,.T.);
#8366 = LINE('',#8367,#8368);
#8367 = CARTESIAN_POINT('',(18.125000857143,0.217734347539,
    -0.401068864371));
#8368 = VECTOR('',#8369,1.);
#8369 = DIRECTION('',(-1.499759782662E-32,-1.224646799147E-16,1.));
#8370 = ORIENTED_EDGE('',*,*,#640,.F.);
#8371 = ORIENTED_EDGE('',*,*,#7945,.F.);
#8372 = PLANE('',#8373);
#8373 = AXIS2_PLACEMENT_3D('',#8374,#8375,#8376);
#8374 = CARTESIAN_POINT('',(18.125000857143,-0.248318053064,
    -0.620922216158));
#8375 = DIRECTION('',(1.,-1.224646799147E-16,0.));
#8376 = DIRECTION('',(1.499759782662E-32,1.224646799147E-16,-1.));
#8377 = ADVANCED_FACE('',(#8378),#8396,.T.);
#8378 = FACE_BOUND('',#8379,.T.);
#8379 = EDGE_LOOP('',(#8380,#8381,#8389,#8395));
#8380 = ORIENTED_EDGE('',*,*,#8273,.F.);
#8381 = ORIENTED_EDGE('',*,*,#8382,.F.);
#8382 = EDGE_CURVE('',#8383,#8265,#8385,.T.);
#8383 = VERTEX_POINT('',#8384);
#8384 = CARTESIAN_POINT('',(17.875000857143,1.429594984688,
    4.467679270219));
#8385 = LINE('',#8386,#8387);
#8386 = CARTESIAN_POINT('',(17.875000857143,1.429594984688,
    4.467679270219));
#8387 = VECTOR('',#8388,1.);
#8388 = DIRECTION('',(1.,-1.224646799147E-16,0.));
#8389 = ORIENTED_EDGE('',*,*,#8390,.T.);
#8390 = EDGE_CURVE('',#8383,#1412,#8391,.T.);
#8391 = LINE('',#8392,#8393);
#8392 = CARTESIAN_POINT('',(17.875000857143,1.429594984688,
    4.467679270219));
#8393 = VECTOR('',#8394,1.);
#8394 = DIRECTION('',(3.315957318415E-17,0.27076846326,-0.962644503077)
  );
#8395 = ORIENTED_EDGE('',*,*,#1411,.T.);
#8396 = PLANE('',#8397);
#8397 = AXIS2_PLACEMENT_3D('',#8398,#8399,#8400);
#8398 = CARTESIAN_POINT('',(17.875000857143,1.429594984688,
    4.467679270219));
#8399 = DIRECTION('',(-1.17889950941E-16,-0.962644503077,-0.27076846326)
  );
#8400 = DIRECTION('',(1.,-1.224646799147E-16,0.));
#8401 = ADVANCED_FACE('',(#8402),#8421,.T.);
#8402 = FACE_BOUND('',#8403,.T.);
#8403 = EDGE_LOOP('',(#8404,#8405,#8414,#8420));
#8404 = ORIENTED_EDGE('',*,*,#8390,.F.);
#8405 = ORIENTED_EDGE('',*,*,#8406,.F.);
#8406 = EDGE_CURVE('',#8407,#8383,#8409,.T.);
#8407 = VERTEX_POINT('',#8408);
#8408 = CARTESIAN_POINT('',(17.875000857143,1.432776037158,
    4.503112717345));
#8409 = CIRCLE('',#8410,5.E-02);
#8410 = AXIS2_PLACEMENT_3D('',#8411,#8412,#8413);
#8411 = CARTESIAN_POINT('',(17.875000857143,1.477727209842,
    4.481217693382));
#8412 = DIRECTION('',(1.,-1.224646799147E-16,6.162975822039E-33));
#8413 = DIRECTION('',(-1.100986194907E-16,-0.89902345368,0.437900479257)
  );
#8414 = ORIENTED_EDGE('',*,*,#8415,.F.);
#8415 = EDGE_CURVE('',#1394,#8407,#8416,.T.);
#8416 = LINE('',#8417,#8418);
#8417 = CARTESIAN_POINT('',(17.875000857143,1.647734347539,
    4.944428887914));
#8418 = VECTOR('',#8419,1.);
#8419 = DIRECTION('',(-5.362734202678E-17,-0.437900479257,-0.89902345368
    ));
#8420 = ORIENTED_EDGE('',*,*,#1419,.F.);
#8421 = PLANE('',#8422);
#8422 = AXIS2_PLACEMENT_3D('',#8423,#8424,#8425);
#8423 = CARTESIAN_POINT('',(17.875000857143,-0.249783742076,
    -0.401068864371));
#8424 = DIRECTION('',(-1.,1.224646799147E-16,0.));
#8425 = DIRECTION('',(1.224646799147E-16,1.,1.224646799147E-16));
#8426 = ADVANCED_FACE('',(#8427),#8488,.T.);
#8427 = FACE_BOUND('',#8428,.T.);
#8428 = EDGE_LOOP('',(#8429,#8438,#8446,#8455,#8463,#8471,#8479,#8485,
    #8486,#8487));
#8429 = ORIENTED_EDGE('',*,*,#8430,.F.);
#8430 = EDGE_CURVE('',#8431,#4903,#8433,.T.);
#8431 = VERTEX_POINT('',#8432);
#8432 = CARTESIAN_POINT('',(17.875000857143,0.398537662164,
    4.971832962871));
#8433 = CIRCLE('',#8434,0.15);
#8434 = AXIS2_PLACEMENT_3D('',#8435,#8436,#8437);
#8435 = CARTESIAN_POINT('',(17.875000857143,0.254140986703,
    4.931217693382));
#8436 = DIRECTION('',(1.,-1.224646799147E-16,0.));
#8437 = DIRECTION('',(1.17889950941E-16,0.962644503077,0.27076846326));
#8438 = ORIENTED_EDGE('',*,*,#8439,.F.);
#8439 = EDGE_CURVE('',#8440,#8431,#8442,.T.);
#8440 = VERTEX_POINT('',#8441);
#8441 = CARTESIAN_POINT('',(17.875000857143,0.605859434996,
    4.234756116545));
#8442 = LINE('',#8443,#8444);
#8443 = CARTESIAN_POINT('',(17.875000857143,0.605859434996,
    4.234756116545));
#8444 = VECTOR('',#8445,1.);
#8445 = DIRECTION('',(-3.315957318415E-17,-0.27076846326,0.962644503077)
  );
#8446 = ORIENTED_EDGE('',*,*,#8447,.F.);
#8447 = EDGE_CURVE('',#8448,#8440,#8450,.T.);
#8448 = VERTEX_POINT('',#8449);
#8449 = CARTESIAN_POINT('',(17.875000857143,0.602678382526,
    4.199322669419));
#8450 = CIRCLE('',#8451,5.E-02);
#8451 = AXIS2_PLACEMENT_3D('',#8452,#8453,#8454);
#8452 = CARTESIAN_POINT('',(17.875000857143,0.557727209842,
    4.221217693382));
#8453 = DIRECTION('',(1.,-1.224646799147E-16,6.162975822039E-33));
#8454 = DIRECTION('',(1.100986194907E-16,0.89902345368,-0.437900479257)
  );
#8455 = ORIENTED_EDGE('',*,*,#8456,.F.);
#8456 = EDGE_CURVE('',#8457,#8448,#8459,.T.);
#8457 = VERTEX_POINT('',#8458);
#8458 = CARTESIAN_POINT('',(17.875000857143,0.447734347539,
    3.881217693382));
#8459 = LINE('',#8460,#8461);
#8460 = CARTESIAN_POINT('',(17.875000857143,0.447734347539,
    3.881217693382));
#8461 = VECTOR('',#8462,1.);
#8462 = DIRECTION('',(5.362734202678E-17,0.437900479257,0.89902345368));
#8463 = ORIENTED_EDGE('',*,*,#8464,.F.);
#8464 = EDGE_CURVE('',#8465,#8457,#8467,.T.);
#8465 = VERTEX_POINT('',#8466);
#8466 = CARTESIAN_POINT('',(17.875000857143,0.447734347539,
    2.581217693382));
#8467 = LINE('',#8468,#8469);
#8468 = CARTESIAN_POINT('',(17.875000857143,0.447734347539,
    2.581217693382));
#8469 = VECTOR('',#8470,1.);
#8470 = DIRECTION('',(-1.499759782662E-32,-1.224646799147E-16,1.));
#8471 = ORIENTED_EDGE('',*,*,#8472,.F.);
#8472 = EDGE_CURVE('',#8473,#8465,#8475,.T.);
#8473 = VERTEX_POINT('',#8474);
#8474 = CARTESIAN_POINT('',(17.875000857143,1.377734347539,
    2.581217693382));
#8475 = LINE('',#8476,#8477);
#8476 = CARTESIAN_POINT('',(17.875000857143,1.377734347539,
    2.581217693382));
#8477 = VECTOR('',#8478,1.);
#8478 = DIRECTION('',(-1.224646799147E-16,-1.,-1.224646799147E-16));
#8479 = ORIENTED_EDGE('',*,*,#8480,.F.);
#8480 = EDGE_CURVE('',#6310,#8473,#8481,.T.);
#8481 = LINE('',#8482,#8483);
#8482 = CARTESIAN_POINT('',(17.875000857143,1.377734347539,
    2.471217693382));
#8483 = VECTOR('',#8484,1.);
#8484 = DIRECTION('',(-1.499759782662E-32,-1.224646799147E-16,1.));
#8485 = ORIENTED_EDGE('',*,*,#6309,.F.);
#8486 = ORIENTED_EDGE('',*,*,#6603,.F.);
#8487 = ORIENTED_EDGE('',*,*,#4910,.T.);
#8488 = PLANE('',#8489);
#8489 = AXIS2_PLACEMENT_3D('',#8490,#8491,#8492);
#8490 = CARTESIAN_POINT('',(17.875000857143,-0.249783742076,
    -0.401068864371));
#8491 = DIRECTION('',(-1.,1.224646799147E-16,0.));
#8492 = DIRECTION('',(1.224646799147E-16,1.,1.224646799147E-16));
#8493 = ADVANCED_FACE('',(#8494),#8519,.T.);
#8494 = FACE_BOUND('',#8495,.T.);
#8495 = EDGE_LOOP('',(#8496,#8502,#8503,#8504,#8512,#8518));
#8496 = ORIENTED_EDGE('',*,*,#8497,.F.);
#8497 = EDGE_CURVE('',#7953,#7616,#8498,.T.);
#8498 = LINE('',#8499,#8500);
#8499 = CARTESIAN_POINT('',(17.875000857143,-0.247450460593,
    -0.751061086853));
#8500 = VECTOR('',#8501,1.);
#8501 = DIRECTION('',(1.224619585681E-16,0.999977778518,
    6.666518523458E-03));
#8502 = ORIENTED_EDGE('',*,*,#7952,.F.);
#8503 = ORIENTED_EDGE('',*,*,#656,.T.);
#8504 = ORIENTED_EDGE('',*,*,#8505,.F.);
#8505 = EDGE_CURVE('',#8506,#649,#8508,.T.);
#8506 = VERTEX_POINT('',#8507);
#8507 = CARTESIAN_POINT('',(17.875000857143,0.217734347539,
    -0.401068864371));
#8508 = LINE('',#8509,#8510);
#8509 = CARTESIAN_POINT('',(17.875000857143,0.217734347539,
    -0.401068864371));
#8510 = VECTOR('',#8511,1.);
#8511 = DIRECTION('',(-1.499759782662E-32,-1.224646799147E-16,1.));
#8512 = ORIENTED_EDGE('',*,*,#8513,.F.);
#8513 = EDGE_CURVE('',#7624,#8506,#8514,.T.);
#8514 = LINE('',#8515,#8516);
#8515 = CARTESIAN_POINT('',(17.875000857143,0.199226235591,
    -0.401068864371));
#8516 = VECTOR('',#8517,1.);
#8517 = DIRECTION('',(1.224646799147E-16,1.,1.224646799147E-16));
#8518 = ORIENTED_EDGE('',*,*,#7623,.T.);
#8519 = PLANE('',#8520);
#8520 = AXIS2_PLACEMENT_3D('',#8521,#8522,#8523);
#8521 = CARTESIAN_POINT('',(17.875000857143,-0.249783742076,
    -0.401068864371));
#8522 = DIRECTION('',(-1.,1.224646799147E-16,0.));
#8523 = DIRECTION('',(1.224646799147E-16,1.,1.224646799147E-16));
#8524 = ADVANCED_FACE('',(#8525),#8536,.T.);
#8525 = FACE_BOUND('',#8526,.T.);
#8526 = EDGE_LOOP('',(#8527,#8528,#8534,#8535));
#8527 = ORIENTED_EDGE('',*,*,#8415,.T.);
#8528 = ORIENTED_EDGE('',*,*,#8529,.T.);
#8529 = EDGE_CURVE('',#8407,#8257,#8530,.T.);
#8530 = LINE('',#8531,#8532);
#8531 = CARTESIAN_POINT('',(17.875000857143,1.432776037158,
    4.503112717345));
#8532 = VECTOR('',#8533,1.);
#8533 = DIRECTION('',(1.,-1.224646799147E-16,0.));
#8534 = ORIENTED_EDGE('',*,*,#8256,.F.);
#8535 = ORIENTED_EDGE('',*,*,#1393,.F.);
#8536 = PLANE('',#8537);
#8537 = AXIS2_PLACEMENT_3D('',#8538,#8539,#8540);
#8538 = CARTESIAN_POINT('',(17.875000857143,1.686983066107,
    5.025007741308));
#8539 = DIRECTION('',(-1.100986194907E-16,-0.89902345368,0.437900479257)
  );
#8540 = DIRECTION('',(5.362734202678E-17,0.437900479257,0.89902345368));
#8541 = ADVANCED_FACE('',(#8542),#8548,.T.);
#8542 = FACE_BOUND('',#8543,.T.);
#8543 = EDGE_LOOP('',(#8544,#8545,#8546,#8547));
#8544 = ORIENTED_EDGE('',*,*,#8382,.T.);
#8545 = ORIENTED_EDGE('',*,*,#8264,.F.);
#8546 = ORIENTED_EDGE('',*,*,#8529,.F.);
#8547 = ORIENTED_EDGE('',*,*,#8406,.T.);
#8548 = CYLINDRICAL_SURFACE('',#8549,5.E-02);
#8549 = AXIS2_PLACEMENT_3D('',#8550,#8551,#8552);
#8550 = CARTESIAN_POINT('',(17.875000857143,1.477727209842,
    4.481217693382));
#8551 = DIRECTION('',(-1.,1.224646799147E-16,0.));
#8552 = DIRECTION('',(1.499759782662E-32,1.224646799147E-16,-1.));
#8553 = ADVANCED_FACE('',(#8554),#8565,.T.);
#8554 = FACE_BOUND('',#8555,.T.);
#8555 = EDGE_LOOP('',(#8556,#8557,#8563,#8564));
#8556 = ORIENTED_EDGE('',*,*,#8480,.T.);
#8557 = ORIENTED_EDGE('',*,*,#8558,.T.);
#8558 = EDGE_CURVE('',#8473,#8291,#8559,.T.);
#8559 = LINE('',#8560,#8561);
#8560 = CARTESIAN_POINT('',(17.875000857143,1.377734347539,
    2.581217693382));
#8561 = VECTOR('',#8562,1.);
#8562 = DIRECTION('',(1.,-1.224646799147E-16,0.));
#8563 = ORIENTED_EDGE('',*,*,#8290,.F.);
#8564 = ORIENTED_EDGE('',*,*,#6317,.F.);
#8565 = PLANE('',#8566);
#8566 = AXIS2_PLACEMENT_3D('',#8567,#8568,#8569);
#8567 = CARTESIAN_POINT('',(17.875000857143,1.377734347539,
    2.001217693382));
#8568 = DIRECTION('',(1.224646799147E-16,1.,1.224646799147E-16));
#8569 = DIRECTION('',(-1.,1.224646799147E-16,0.));
#8570 = ADVANCED_FACE('',(#8571),#8582,.T.);
#8571 = FACE_BOUND('',#8572,.T.);
#8572 = EDGE_LOOP('',(#8573,#8579,#8580,#8581));
#8573 = ORIENTED_EDGE('',*,*,#8574,.T.);
#8574 = EDGE_CURVE('',#8465,#8299,#8575,.T.);
#8575 = LINE('',#8576,#8577);
#8576 = CARTESIAN_POINT('',(17.875000857143,0.447734347539,
    2.581217693382));
#8577 = VECTOR('',#8578,1.);
#8578 = DIRECTION('',(1.,-1.224646799147E-16,0.));
#8579 = ORIENTED_EDGE('',*,*,#8298,.F.);
#8580 = ORIENTED_EDGE('',*,*,#8558,.F.);
#8581 = ORIENTED_EDGE('',*,*,#8472,.T.);
#8582 = PLANE('',#8583);
#8583 = AXIS2_PLACEMENT_3D('',#8584,#8585,#8586);
#8584 = CARTESIAN_POINT('',(17.875000857143,1.377734347539,
    2.581217693382));
#8585 = DIRECTION('',(-1.499759782662E-32,-1.224646799147E-16,1.));
#8586 = DIRECTION('',(-1.224646799147E-16,-1.,-1.224646799147E-16));
#8587 = ADVANCED_FACE('',(#8588),#8599,.T.);
#8588 = FACE_BOUND('',#8589,.T.);
#8589 = EDGE_LOOP('',(#8590,#8596,#8597,#8598));
#8590 = ORIENTED_EDGE('',*,*,#8591,.T.);
#8591 = EDGE_CURVE('',#8457,#8307,#8592,.T.);
#8592 = LINE('',#8593,#8594);
#8593 = CARTESIAN_POINT('',(17.875000857143,0.447734347539,
    3.881217693382));
#8594 = VECTOR('',#8595,1.);
#8595 = DIRECTION('',(1.,-1.224646799147E-16,0.));
#8596 = ORIENTED_EDGE('',*,*,#8306,.F.);
#8597 = ORIENTED_EDGE('',*,*,#8574,.F.);
#8598 = ORIENTED_EDGE('',*,*,#8464,.T.);
#8599 = PLANE('',#8600);
#8600 = AXIS2_PLACEMENT_3D('',#8601,#8602,#8603);
#8601 = CARTESIAN_POINT('',(17.875000857143,0.447734347539,
    2.581217693382));
#8602 = DIRECTION('',(1.224646799147E-16,1.,1.224646799147E-16));
#8603 = DIRECTION('',(-1.,1.224646799147E-16,0.));
#8604 = ADVANCED_FACE('',(#8605),#8616,.T.);
#8605 = FACE_BOUND('',#8606,.T.);
#8606 = EDGE_LOOP('',(#8607,#8613,#8614,#8615));
#8607 = ORIENTED_EDGE('',*,*,#8608,.T.);
#8608 = EDGE_CURVE('',#8448,#8315,#8609,.T.);
#8609 = LINE('',#8610,#8611);
#8610 = CARTESIAN_POINT('',(17.875000857143,0.602678382526,
    4.199322669419));
#8611 = VECTOR('',#8612,1.);
#8612 = DIRECTION('',(1.,-1.224646799147E-16,0.));
#8613 = ORIENTED_EDGE('',*,*,#8314,.F.);
#8614 = ORIENTED_EDGE('',*,*,#8591,.F.);
#8615 = ORIENTED_EDGE('',*,*,#8456,.T.);
#8616 = PLANE('',#8617);
#8617 = AXIS2_PLACEMENT_3D('',#8618,#8619,#8620);
#8618 = CARTESIAN_POINT('',(17.875000857143,0.447734347539,
    3.881217693382));
#8619 = DIRECTION('',(1.100986194907E-16,0.89902345368,-0.437900479257)
  );
#8620 = DIRECTION('',(-1.,1.224646799147E-16,0.));
#8621 = ADVANCED_FACE('',(#8622),#8633,.T.);
#8622 = FACE_BOUND('',#8623,.T.);
#8623 = EDGE_LOOP('',(#8624,#8630,#8631,#8632));
#8624 = ORIENTED_EDGE('',*,*,#8625,.T.);
#8625 = EDGE_CURVE('',#8440,#8323,#8626,.T.);
#8626 = LINE('',#8627,#8628);
#8627 = CARTESIAN_POINT('',(17.875000857143,0.605859434996,
    4.234756116545));
#8628 = VECTOR('',#8629,1.);
#8629 = DIRECTION('',(1.,-1.224646799147E-16,0.));
#8630 = ORIENTED_EDGE('',*,*,#8322,.F.);
#8631 = ORIENTED_EDGE('',*,*,#8608,.F.);
#8632 = ORIENTED_EDGE('',*,*,#8447,.T.);
#8633 = CYLINDRICAL_SURFACE('',#8634,5.E-02);
#8634 = AXIS2_PLACEMENT_3D('',#8635,#8636,#8637);
#8635 = CARTESIAN_POINT('',(17.875000857143,0.557727209842,
    4.221217693382));
#8636 = DIRECTION('',(-1.,1.224646799147E-16,0.));
#8637 = DIRECTION('',(1.499759782662E-32,1.224646799147E-16,-1.));
#8638 = ADVANCED_FACE('',(#8639),#8650,.T.);
#8639 = FACE_BOUND('',#8640,.T.);
#8640 = EDGE_LOOP('',(#8641,#8647,#8648,#8649));
#8641 = ORIENTED_EDGE('',*,*,#8642,.T.);
#8642 = EDGE_CURVE('',#8431,#8332,#8643,.T.);
#8643 = LINE('',#8644,#8645);
#8644 = CARTESIAN_POINT('',(17.875000857143,0.398537662164,
    4.971832962871));
#8645 = VECTOR('',#8646,1.);
#8646 = DIRECTION('',(1.,-1.224646799147E-16,0.));
#8647 = ORIENTED_EDGE('',*,*,#8331,.F.);
#8648 = ORIENTED_EDGE('',*,*,#8625,.F.);
#8649 = ORIENTED_EDGE('',*,*,#8439,.T.);
#8650 = PLANE('',#8651);
#8651 = AXIS2_PLACEMENT_3D('',#8652,#8653,#8654);
#8652 = CARTESIAN_POINT('',(17.875000857143,0.605859434996,
    4.234756116545));
#8653 = DIRECTION('',(1.17889950941E-16,0.962644503077,0.27076846326));
#8654 = DIRECTION('',(1.,-1.224646799147E-16,0.));
#8655 = ADVANCED_FACE('',(#8656),#8662,.T.);
#8656 = FACE_BOUND('',#8657,.T.);
#8657 = EDGE_LOOP('',(#8658,#8659,#8660,#8661));
#8658 = ORIENTED_EDGE('',*,*,#8339,.F.);
#8659 = ORIENTED_EDGE('',*,*,#8642,.F.);
#8660 = ORIENTED_EDGE('',*,*,#8430,.T.);
#8661 = ORIENTED_EDGE('',*,*,#4902,.T.);
#8662 = CYLINDRICAL_SURFACE('',#8663,0.15);
#8663 = AXIS2_PLACEMENT_3D('',#8664,#8665,#8666);
#8664 = CARTESIAN_POINT('',(17.875000857143,0.254140986703,
    4.931217693382));
#8665 = DIRECTION('',(-1.,1.224646799147E-16,0.));
#8666 = DIRECTION('',(1.499759782662E-32,1.224646799147E-16,-1.));
#8667 = ADVANCED_FACE('',(#8668),#8679,.F.);
#8668 = FACE_BOUND('',#8669,.T.);
#8669 = EDGE_LOOP('',(#8670,#8671,#8677,#8678));
#8670 = ORIENTED_EDGE('',*,*,#8513,.T.);
#8671 = ORIENTED_EDGE('',*,*,#8672,.T.);
#8672 = EDGE_CURVE('',#8506,#8358,#8673,.T.);
#8673 = LINE('',#8674,#8675);
#8674 = CARTESIAN_POINT('',(17.875000857143,0.217734347539,
    -0.401068864371));
#8675 = VECTOR('',#8676,1.);
#8676 = DIRECTION('',(1.,-1.224646799147E-16,0.));
#8677 = ORIENTED_EDGE('',*,*,#8357,.F.);
#8678 = ORIENTED_EDGE('',*,*,#7631,.T.);
#8679 = PLANE('',#8680);
#8680 = AXIS2_PLACEMENT_3D('',#8681,#8682,#8683);
#8681 = CARTESIAN_POINT('',(18.250000857143,-0.762265652461,
    -0.401068864371));
#8682 = DIRECTION('',(-1.499759782662E-32,-1.224646799147E-16,1.));
#8683 = DIRECTION('',(-1.224646799147E-16,-1.,-1.224646799147E-16));
#8684 = ADVANCED_FACE('',(#8685),#8691,.T.);
#8685 = FACE_BOUND('',#8686,.T.);
#8686 = EDGE_LOOP('',(#8687,#8688,#8689,#8690));
#8687 = ORIENTED_EDGE('',*,*,#8505,.T.);
#8688 = ORIENTED_EDGE('',*,*,#648,.T.);
#8689 = ORIENTED_EDGE('',*,*,#8365,.F.);
#8690 = ORIENTED_EDGE('',*,*,#8672,.F.);
#8691 = PLANE('',#8692);
#8692 = AXIS2_PLACEMENT_3D('',#8693,#8694,#8695);
#8693 = CARTESIAN_POINT('',(17.875000857143,0.217734347539,
    -3.128782306618));
#8694 = DIRECTION('',(1.224646799147E-16,1.,1.224646799147E-16));
#8695 = DIRECTION('',(-1.,1.224646799147E-16,0.));
#8696 = ADVANCED_FACE('',(#8697),#8703,.T.);
#8697 = FACE_BOUND('',#8698,.T.);
#8698 = EDGE_LOOP('',(#8699,#8700,#8701,#8702));
#8699 = ORIENTED_EDGE('',*,*,#8497,.T.);
#8700 = ORIENTED_EDGE('',*,*,#7615,.T.);
#8701 = ORIENTED_EDGE('',*,*,#107,.F.);
#8702 = ORIENTED_EDGE('',*,*,#7960,.F.);
#8703 = PLANE('',#8704);
#8704 = AXIS2_PLACEMENT_3D('',#8705,#8706,#8707);
#8705 = CARTESIAN_POINT('',(17.875000857143,-0.247450460593,
    -0.751061086853));
#8706 = DIRECTION('',(-0.573576436351,5.46089227678E-03,-0.819133841517)
  );
#8707 = DIRECTION('',(-9.520343664427E-03,-0.999954680501,
    -1.215917681388E-16));
#8708 = ADVANCED_FACE('',(#8709),#8720,.F.);
#8709 = FACE_BOUND('',#8710,.F.);
#8710 = EDGE_LOOP('',(#8711,#8712,#8718,#8719));
#8711 = ORIENTED_EDGE('',*,*,#7967,.T.);
#8712 = ORIENTED_EDGE('',*,*,#8713,.T.);
#8713 = EDGE_CURVE('',#7968,#7600,#8714,.T.);
#8714 = LINE('',#8715,#8716);
#8715 = CARTESIAN_POINT('',(18.297686223601,-0.244976943722,
    -1.122088617425));
#8716 = VECTOR('',#8717,1.);
#8717 = DIRECTION('',(1.224619585681E-16,0.999977778518,
    6.666518523458E-03));
#8718 = ORIENTED_EDGE('',*,*,#7607,.F.);
#8719 = ORIENTED_EDGE('',*,*,#124,.F.);
#8720 = CYLINDRICAL_SURFACE('',#8721,0.1);
#8721 = AXIS2_PLACEMENT_3D('',#8722,#8723,#8724);
#8722 = CARTESIAN_POINT('',(18.200000857143,-0.245119546332,
    -1.100698226019));
#8723 = DIRECTION('',(1.224619585681E-16,0.999977778518,
    6.666518523457E-03));
#8724 = DIRECTION('',(1.,-1.224646799147E-16,0.));
#8725 = ADVANCED_FACE('',(#8726),#8737,.T.);
#8726 = FACE_BOUND('',#8727,.T.);
#8727 = EDGE_LOOP('',(#8728,#8729,#8730,#8736));
#8728 = ORIENTED_EDGE('',*,*,#8713,.T.);
#8729 = ORIENTED_EDGE('',*,*,#7599,.T.);
#8730 = ORIENTED_EDGE('',*,*,#8731,.F.);
#8731 = EDGE_CURVE('',#7977,#7589,#8732,.T.);
#8732 = LINE('',#8733,#8734);
#8733 = CARTESIAN_POINT('',(17.885416708082,-0.232425853805,
    -3.004752105048));
#8734 = VECTOR('',#8735,1.);
#8735 = DIRECTION('',(1.224619585681E-16,0.999977778518,
    6.666518523456E-03));
#8736 = ORIENTED_EDGE('',*,*,#7976,.F.);
#8737 = PLANE('',#8738);
#8738 = AXIS2_PLACEMENT_3D('',#8739,#8740,#8741);
#8739 = CARTESIAN_POINT('',(18.297686223601,-0.244976943722,
    -1.122088617425));
#8740 = DIRECTION('',(-0.976853664579,-1.426026093686E-03,0.213903914053
    ));
#8741 = DIRECTION('',(-1.257145650856E-16,-0.999977778518,
    -6.666518523454E-03));
#8742 = ADVANCED_FACE('',(#8743),#8754,.T.);
#8743 = FACE_BOUND('',#8744,.T.);
#8744 = EDGE_LOOP('',(#8745,#8746,#8747,#8753));
#8745 = ORIENTED_EDGE('',*,*,#8731,.T.);
#8746 = ORIENTED_EDGE('',*,*,#7588,.T.);
#8747 = ORIENTED_EDGE('',*,*,#8748,.F.);
#8748 = EDGE_CURVE('',#7985,#7591,#8749,.T.);
#8749 = LINE('',#8750,#8751);
#8750 = CARTESIAN_POINT('',(17.875000857143,-0.231784142063,
    -3.101008866371));
#8751 = VECTOR('',#8752,1.);
#8752 = DIRECTION('',(1.224619585681E-16,0.999977778518,
    6.666518523456E-03));
#8753 = ORIENTED_EDGE('',*,*,#7984,.F.);
#8754 = CYLINDRICAL_SURFACE('',#8755,0.45);
#8755 = AXIS2_PLACEMENT_3D('',#8756,#8757,#8758);
#8756 = CARTESIAN_POINT('',(18.325000857143,-0.231784142063,
    -3.101008866371));
#8757 = DIRECTION('',(1.224619585681E-16,0.999977778518,
    6.666518523457E-03));
#8758 = DIRECTION('',(1.,-1.224646799147E-16,0.));
#8759 = ADVANCED_FACE('',(#8760),#8780,.T.);
#8760 = FACE_BOUND('',#8761,.T.);
#8761 = EDGE_LOOP('',(#8762,#8763,#8764,#8765,#8773,#8779));
#8762 = ORIENTED_EDGE('',*,*,#7993,.F.);
#8763 = ORIENTED_EDGE('',*,*,#8748,.T.);
#8764 = ORIENTED_EDGE('',*,*,#7696,.T.);
#8765 = ORIENTED_EDGE('',*,*,#8766,.T.);
#8766 = EDGE_CURVE('',#7689,#8767,#8769,.T.);
#8767 = VERTEX_POINT('',#8768);
#8768 = CARTESIAN_POINT('',(17.875000857143,6.987582112374E-02,
    -3.49900668874));
#8769 = LINE('',#8770,#8771);
#8770 = CARTESIAN_POINT('',(17.875000857143,0.217539206418,
    -3.14801448848));
#8771 = VECTOR('',#8772,1.);
#8772 = DIRECTION('',(-4.748972681789E-17,-0.38778304774,-0.921750675554
    ));
#8773 = ORIENTED_EDGE('',*,*,#8774,.F.);
#8774 = EDGE_CURVE('',#8133,#8767,#8775,.T.);
#8775 = LINE('',#8776,#8777);
#8776 = CARTESIAN_POINT('',(17.875000857143,-7.912086787526E-02,-3.5));
#8777 = VECTOR('',#8778,1.);
#8778 = DIRECTION('',(1.224619585681E-16,0.999977778518,
    6.666518523456E-03));
#8779 = ORIENTED_EDGE('',*,*,#8132,.T.);
#8780 = PLANE('',#8781);
#8781 = AXIS2_PLACEMENT_3D('',#8782,#8783,#8784);
#8782 = CARTESIAN_POINT('',(17.875000857143,-0.231784142063,
    -3.101008866371));
#8783 = DIRECTION('',(-1.,1.224646799147E-16,0.));
#8784 = DIRECTION('',(1.224646799147E-16,1.,1.224646799147E-16));
#8785 = ADVANCED_FACE('',(#8786),#8797,.T.);
#8786 = FACE_BOUND('',#8787,.T.);
#8787 = EDGE_LOOP('',(#8788,#8789,#8795,#8796));
#8788 = ORIENTED_EDGE('',*,*,#8774,.T.);
#8789 = ORIENTED_EDGE('',*,*,#8790,.F.);
#8790 = EDGE_CURVE('',#8163,#8767,#8791,.T.);
#8791 = LINE('',#8792,#8793);
#8792 = CARTESIAN_POINT('',(18.125000857143,6.987582112374E-02,
    -3.49900668874));
#8793 = VECTOR('',#8794,1.);
#8794 = DIRECTION('',(-1.,1.224646799147E-16,0.));
#8795 = ORIENTED_EDGE('',*,*,#8162,.F.);
#8796 = ORIENTED_EDGE('',*,*,#8140,.F.);
#8797 = PLANE('',#8798);
#8798 = AXIS2_PLACEMENT_3D('',#8799,#8800,#8801);
#8799 = CARTESIAN_POINT('',(17.875000857143,-0.229117534653,
    -3.500999977779));
#8800 = DIRECTION('',(8.164130571208E-19,6.666518523457E-03,
    -0.999977778518));
#8801 = DIRECTION('',(-1.,1.224646799147E-16,0.));
#8802 = ADVANCED_FACE('',(#8803),#8809,.T.);
#8803 = FACE_BOUND('',#8804,.T.);
#8804 = EDGE_LOOP('',(#8805,#8806,#8807,#8808));
#8805 = ORIENTED_EDGE('',*,*,#7688,.F.);
#8806 = ORIENTED_EDGE('',*,*,#8170,.F.);
#8807 = ORIENTED_EDGE('',*,*,#8790,.T.);
#8808 = ORIENTED_EDGE('',*,*,#8766,.F.);
#8809 = PLANE('',#8810);
#8810 = AXIS2_PLACEMENT_3D('',#8811,#8812,#8813);
#8811 = CARTESIAN_POINT('',(18.000000857143,0.143707513771,
    -3.32351058861));
#8812 = DIRECTION('',(1.12881901443E-16,0.921750675554,-0.38778304774));
#8813 = DIRECTION('',(-1.,1.224646799147E-16,0.));
#8814 = ADVANCED_FACE('',(#8815),#8826,.T.);
#8815 = FACE_BOUND('',#8816,.T.);
#8816 = EDGE_LOOP('',(#8817,#8818,#8819,#8825));
#8817 = ORIENTED_EDGE('',*,*,#7566,.F.);
#8818 = ORIENTED_EDGE('',*,*,#7796,.F.);
#8819 = ORIENTED_EDGE('',*,*,#8820,.T.);
#8820 = EDGE_CURVE('',#7789,#7728,#8821,.T.);
#8821 = LINE('',#8822,#8823);
#8822 = CARTESIAN_POINT('',(0.125000857143,6.987582112374E-02,
    -3.49900668874));
#8823 = VECTOR('',#8824,1.);
#8824 = DIRECTION('',(-1.,1.224646799147E-16,0.));
#8825 = ORIENTED_EDGE('',*,*,#7727,.F.);
#8826 = PLANE('',#8827);
#8827 = AXIS2_PLACEMENT_3D('',#8828,#8829,#8830);
#8828 = CARTESIAN_POINT('',(8.571428562476E-07,0.143707513771,
    -3.32351058861));
#8829 = DIRECTION('',(1.12881901443E-16,0.921750675554,-0.38778304774));
#8830 = DIRECTION('',(-1.,1.224646799147E-16,0.));
#8831 = ADVANCED_FACE('',(#8832),#8838,.T.);
#8832 = FACE_BOUND('',#8833,.T.);
#8833 = EDGE_LOOP('',(#8834,#8835,#8836,#8837));
#8834 = ORIENTED_EDGE('',*,*,#7735,.T.);
#8835 = ORIENTED_EDGE('',*,*,#8820,.F.);
#8836 = ORIENTED_EDGE('',*,*,#7788,.F.);
#8837 = ORIENTED_EDGE('',*,*,#7766,.F.);
#8838 = PLANE('',#8839);
#8839 = AXIS2_PLACEMENT_3D('',#8840,#8841,#8842);
#8840 = CARTESIAN_POINT('',(-0.124999142857,-0.229117534653,
    -3.500999977779));
#8841 = DIRECTION('',(8.164130571208E-19,6.666518523457E-03,
    -0.999977778518));
#8842 = DIRECTION('',(-1.,1.224646799147E-16,0.));
#8843 = ADVANCED_FACE('',(#8844),#8850,.T.);
#8844 = FACE_BOUND('',#8845,.T.);
#8845 = EDGE_LOOP('',(#8846,#8847,#8848,#8849));
#8846 = ORIENTED_EDGE('',*,*,#1094,.T.);
#8847 = ORIENTED_EDGE('',*,*,#920,.T.);
#8848 = ORIENTED_EDGE('',*,*,#7277,.F.);
#8849 = ORIENTED_EDGE('',*,*,#7468,.F.);
#8850 = PLANE('',#8851);
#8851 = AXIS2_PLACEMENT_3D('',#8852,#8853,#8854);
#8852 = CARTESIAN_POINT('',(-0.124999142857,0.217734347539,
    -3.128782306618));
#8853 = DIRECTION('',(1.224646799147E-16,1.,1.224646799147E-16));
#8854 = DIRECTION('',(-1.,1.224646799147E-16,0.));
#8855 = ADVANCED_FACE('',(#8856),#8897,.F.);
#8856 = FACE_BOUND('',#8857,.T.);
#8857 = EDGE_LOOP('',(#8858,#8859,#8867,#8875,#8883,#8891));
#8858 = ORIENTED_EDGE('',*,*,#486,.T.);
#8859 = ORIENTED_EDGE('',*,*,#8860,.F.);
#8860 = EDGE_CURVE('',#8861,#479,#8863,.T.);
#8861 = VERTEX_POINT('',#8862);
#8862 = CARTESIAN_POINT('',(2.875000857143,0.217734347539,
    -3.128782306618));
#8863 = LINE('',#8864,#8865);
#8864 = CARTESIAN_POINT('',(2.875000857143,0.217734347539,
    -3.128782306618));
#8865 = VECTOR('',#8866,1.);
#8866 = DIRECTION('',(-1.499759782662E-32,-1.224646799147E-16,1.));
#8867 = ORIENTED_EDGE('',*,*,#8868,.F.);
#8868 = EDGE_CURVE('',#8869,#8861,#8871,.T.);
#8869 = VERTEX_POINT('',#8870);
#8870 = CARTESIAN_POINT('',(2.875000857143,6.773434753874E-02,
    -3.428782306618));
#8871 = LINE('',#8872,#8873);
#8872 = CARTESIAN_POINT('',(2.875000857143,6.773434753874E-02,
    -3.428782306618));
#8873 = VECTOR('',#8874,1.);
#8874 = DIRECTION('',(5.476786982643E-17,0.4472135955,0.894427191));
#8875 = ORIENTED_EDGE('',*,*,#8876,.F.);
#8876 = EDGE_CURVE('',#8877,#8869,#8879,.T.);
#8877 = VERTEX_POINT('',#8878);
#8878 = CARTESIAN_POINT('',(2.875000857143,-8.226565246126E-02,
    -3.428782306618));
#8879 = LINE('',#8880,#8881);
#8880 = CARTESIAN_POINT('',(2.875000857143,-8.226565246126E-02,
    -3.428782306618));
#8881 = VECTOR('',#8882,1.);
#8882 = DIRECTION('',(1.224646799147E-16,1.,1.224646799147E-16));
#8883 = ORIENTED_EDGE('',*,*,#8884,.F.);
#8884 = EDGE_CURVE('',#8885,#8877,#8887,.T.);
#8885 = VERTEX_POINT('',#8886);
#8886 = CARTESIAN_POINT('',(2.875000857143,-0.232265652461,
    -3.028782306618));
#8887 = LINE('',#8888,#8889);
#8888 = CARTESIAN_POINT('',(2.875000857143,-0.232265652461,
    -3.028782306618));
#8889 = VECTOR('',#8890,1.);
#8890 = DIRECTION('',(4.300021988469E-17,0.351123441588,-0.936329177569)
  );
#8891 = ORIENTED_EDGE('',*,*,#8892,.F.);
#8892 = EDGE_CURVE('',#461,#8885,#8893,.T.);
#8893 = LINE('',#8894,#8895);
#8894 = CARTESIAN_POINT('',(2.875000857143,-0.252265652461,
    -2.878230661791E-02));
#8895 = VECTOR('',#8896,1.);
#8896 = DIRECTION('',(8.164130571207E-19,6.666518523456E-03,
    -0.999977778518));
#8897 = PLANE('',#8898);
#8898 = AXIS2_PLACEMENT_3D('',#8899,#8900,#8901);
#8899 = CARTESIAN_POINT('',(2.875000857143,2.512734347539,4.741217693382
    ));
#8900 = DIRECTION('',(1.,-1.224646799147E-16,0.));
#8901 = DIRECTION('',(1.499759782662E-32,1.224646799147E-16,-1.));
#8902 = ADVANCED_FACE('',(#8903),#8929,.F.);
#8903 = FACE_BOUND('',#8904,.T.);
#8904 = EDGE_LOOP('',(#8905,#8906,#8914,#8923));
#8905 = ORIENTED_EDGE('',*,*,#1249,.F.);
#8906 = ORIENTED_EDGE('',*,*,#8907,.F.);
#8907 = EDGE_CURVE('',#8908,#1242,#8910,.T.);
#8908 = VERTEX_POINT('',#8909);
#8909 = CARTESIAN_POINT('',(2.875000857143,1.429594984688,4.467679270219
    ));
#8910 = LINE('',#8911,#8912);
#8911 = CARTESIAN_POINT('',(2.875000857143,1.429594984688,4.467679270219
    ));
#8912 = VECTOR('',#8913,1.);
#8913 = DIRECTION('',(3.315957318415E-17,0.27076846326,-0.962644503077)
  );
#8914 = ORIENTED_EDGE('',*,*,#8915,.F.);
#8915 = EDGE_CURVE('',#8916,#8908,#8918,.T.);
#8916 = VERTEX_POINT('',#8917);
#8917 = CARTESIAN_POINT('',(2.875000857143,1.432776037158,4.503112717345
    ));
#8918 = CIRCLE('',#8919,5.E-02);
#8919 = AXIS2_PLACEMENT_3D('',#8920,#8921,#8922);
#8920 = CARTESIAN_POINT('',(2.875000857143,1.477727209842,4.481217693382
    ));
#8921 = DIRECTION('',(1.,-1.224646799147E-16,6.162975822039E-33));
#8922 = DIRECTION('',(-1.100986194907E-16,-0.89902345368,0.437900479257)
  );
#8923 = ORIENTED_EDGE('',*,*,#8924,.F.);
#8924 = EDGE_CURVE('',#1224,#8916,#8925,.T.);
#8925 = LINE('',#8926,#8927);
#8926 = CARTESIAN_POINT('',(2.875000857143,1.647734347539,4.944428887914
    ));
#8927 = VECTOR('',#8928,1.);
#8928 = DIRECTION('',(-5.362734202678E-17,-0.437900479257,-0.89902345368
    ));
#8929 = PLANE('',#8930);
#8930 = AXIS2_PLACEMENT_3D('',#8931,#8932,#8933);
#8931 = CARTESIAN_POINT('',(2.875000857143,2.512734347539,4.741217693382
    ));
#8932 = DIRECTION('',(1.,-1.224646799147E-16,0.));
#8933 = DIRECTION('',(1.499759782662E-32,1.224646799147E-16,-1.));
#8934 = ADVANCED_FACE('',(#8935),#8996,.F.);
#8935 = FACE_BOUND('',#8936,.T.);
#8936 = EDGE_LOOP('',(#8937,#8938,#8939,#8940,#8949,#8957,#8966,#8974,
    #8982,#8990));
#8937 = ORIENTED_EDGE('',*,*,#5989,.F.);
#8938 = ORIENTED_EDGE('',*,*,#6383,.F.);
#8939 = ORIENTED_EDGE('',*,*,#5230,.T.);
#8940 = ORIENTED_EDGE('',*,*,#8941,.F.);
#8941 = EDGE_CURVE('',#8942,#5223,#8944,.T.);
#8942 = VERTEX_POINT('',#8943);
#8943 = CARTESIAN_POINT('',(2.875000857143,0.398537662164,4.971832962871
    ));
#8944 = CIRCLE('',#8945,0.15);
#8945 = AXIS2_PLACEMENT_3D('',#8946,#8947,#8948);
#8946 = CARTESIAN_POINT('',(2.875000857143,0.254140986703,4.931217693382
    ));
#8947 = DIRECTION('',(1.,-1.224646799147E-16,0.));
#8948 = DIRECTION('',(1.17889950941E-16,0.962644503077,0.27076846326));
#8949 = ORIENTED_EDGE('',*,*,#8950,.F.);
#8950 = EDGE_CURVE('',#8951,#8942,#8953,.T.);
#8951 = VERTEX_POINT('',#8952);
#8952 = CARTESIAN_POINT('',(2.875000857143,0.605859434996,4.234756116545
    ));
#8953 = LINE('',#8954,#8955);
#8954 = CARTESIAN_POINT('',(2.875000857143,0.605859434996,4.234756116545
    ));
#8955 = VECTOR('',#8956,1.);
#8956 = DIRECTION('',(-3.315957318415E-17,-0.27076846326,0.962644503077)
  );
#8957 = ORIENTED_EDGE('',*,*,#8958,.F.);
#8958 = EDGE_CURVE('',#8959,#8951,#8961,.T.);
#8959 = VERTEX_POINT('',#8960);
#8960 = CARTESIAN_POINT('',(2.875000857143,0.602678382526,4.199322669419
    ));
#8961 = CIRCLE('',#8962,5.E-02);
#8962 = AXIS2_PLACEMENT_3D('',#8963,#8964,#8965);
#8963 = CARTESIAN_POINT('',(2.875000857143,0.557727209842,4.221217693382
    ));
#8964 = DIRECTION('',(1.,-1.224646799147E-16,6.162975822039E-33));
#8965 = DIRECTION('',(1.100986194907E-16,0.89902345368,-0.437900479257)
  );
#8966 = ORIENTED_EDGE('',*,*,#8967,.F.);
#8967 = EDGE_CURVE('',#8968,#8959,#8970,.T.);
#8968 = VERTEX_POINT('',#8969);
#8969 = CARTESIAN_POINT('',(2.875000857143,0.447734347539,3.881217693382
    ));
#8970 = LINE('',#8971,#8972);
#8971 = CARTESIAN_POINT('',(2.875000857143,0.447734347539,3.881217693382
    ));
#8972 = VECTOR('',#8973,1.);
#8973 = DIRECTION('',(5.362734202678E-17,0.437900479257,0.89902345368));
#8974 = ORIENTED_EDGE('',*,*,#8975,.F.);
#8975 = EDGE_CURVE('',#8976,#8968,#8978,.T.);
#8976 = VERTEX_POINT('',#8977);
#8977 = CARTESIAN_POINT('',(2.875000857143,0.447734347539,2.581217693382
    ));
#8978 = LINE('',#8979,#8980);
#8979 = CARTESIAN_POINT('',(2.875000857143,0.447734347539,2.581217693382
    ));
#8980 = VECTOR('',#8981,1.);
#8981 = DIRECTION('',(-1.499759782662E-32,-1.224646799147E-16,1.));
#8982 = ORIENTED_EDGE('',*,*,#8983,.F.);
#8983 = EDGE_CURVE('',#8984,#8976,#8986,.T.);
#8984 = VERTEX_POINT('',#8985);
#8985 = CARTESIAN_POINT('',(2.875000857143,1.377734347539,2.581217693382
    ));
#8986 = LINE('',#8987,#8988);
#8987 = CARTESIAN_POINT('',(2.875000857143,1.377734347539,2.581217693382
    ));
#8988 = VECTOR('',#8989,1.);
#8989 = DIRECTION('',(-1.224646799147E-16,-1.,-1.224646799147E-16));
#8990 = ORIENTED_EDGE('',*,*,#8991,.F.);
#8991 = EDGE_CURVE('',#5990,#8984,#8992,.T.);
#8992 = LINE('',#8993,#8994);
#8993 = CARTESIAN_POINT('',(2.875000857143,1.377734347539,2.471217693382
    ));
#8994 = VECTOR('',#8995,1.);
#8995 = DIRECTION('',(-1.499759782662E-32,-1.224646799147E-16,1.));
#8996 = PLANE('',#8997);
#8997 = AXIS2_PLACEMENT_3D('',#8998,#8999,#9000);
#8998 = CARTESIAN_POINT('',(2.875000857143,2.512734347539,4.741217693382
    ));
#8999 = DIRECTION('',(1.,-1.224646799147E-16,0.));
#9000 = DIRECTION('',(1.499759782662E-32,1.224646799147E-16,-1.));
#9001 = ADVANCED_FACE('',(#9002),#9020,.T.);
#9002 = FACE_BOUND('',#9003,.T.);
#9003 = EDGE_LOOP('',(#9004,#9012,#9018,#9019));
#9004 = ORIENTED_EDGE('',*,*,#9005,.T.);
#9005 = EDGE_CURVE('',#8885,#9006,#9008,.T.);
#9006 = VERTEX_POINT('',#9007);
#9007 = CARTESIAN_POINT('',(3.125000857143,-0.232265652461,
    -3.028782306618));
#9008 = LINE('',#9009,#9010);
#9009 = CARTESIAN_POINT('',(2.875000857143,-0.232265652461,
    -3.028782306618));
#9010 = VECTOR('',#9011,1.);
#9011 = DIRECTION('',(1.,-1.224646799147E-16,0.));
#9012 = ORIENTED_EDGE('',*,*,#9013,.F.);
#9013 = EDGE_CURVE('',#463,#9006,#9014,.T.);
#9014 = LINE('',#9015,#9016);
#9015 = CARTESIAN_POINT('',(3.125000857143,-0.252265652461,
    -2.878230661791E-02));
#9016 = VECTOR('',#9017,1.);
#9017 = DIRECTION('',(8.164130571207E-19,6.666518523456E-03,
    -0.999977778518));
#9018 = ORIENTED_EDGE('',*,*,#460,.F.);
#9019 = ORIENTED_EDGE('',*,*,#8892,.T.);
#9020 = PLANE('',#9021);
#9021 = AXIS2_PLACEMENT_3D('',#9022,#9023,#9024);
#9022 = CARTESIAN_POINT('',(2.875000857143,-0.252265652461,
    -2.878230661791E-02));
#9023 = DIRECTION('',(-1.224619585681E-16,-0.999977778518,
    -6.666518523457E-03));
#9024 = DIRECTION('',(1.,-1.224646799147E-16,0.));
#9025 = ADVANCED_FACE('',(#9026),#9060,.T.);
#9026 = FACE_BOUND('',#9027,.T.);
#9027 = EDGE_LOOP('',(#9028,#9036,#9044,#9052,#9058,#9059));
#9028 = ORIENTED_EDGE('',*,*,#9029,.T.);
#9029 = EDGE_CURVE('',#9006,#9030,#9032,.T.);
#9030 = VERTEX_POINT('',#9031);
#9031 = CARTESIAN_POINT('',(3.125000857143,-8.226565246126E-02,
    -3.428782306618));
#9032 = LINE('',#9033,#9034);
#9033 = CARTESIAN_POINT('',(3.125000857143,-0.232265652461,
    -3.028782306618));
#9034 = VECTOR('',#9035,1.);
#9035 = DIRECTION('',(4.300021988469E-17,0.351123441588,-0.936329177569)
  );
#9036 = ORIENTED_EDGE('',*,*,#9037,.T.);
#9037 = EDGE_CURVE('',#9030,#9038,#9040,.T.);
#9038 = VERTEX_POINT('',#9039);
#9039 = CARTESIAN_POINT('',(3.125000857143,6.773434753874E-02,
    -3.428782306618));
#9040 = LINE('',#9041,#9042);
#9041 = CARTESIAN_POINT('',(3.125000857143,-8.226565246126E-02,
    -3.428782306618));
#9042 = VECTOR('',#9043,1.);
#9043 = DIRECTION('',(1.224646799147E-16,1.,1.224646799147E-16));
#9044 = ORIENTED_EDGE('',*,*,#9045,.T.);
#9045 = EDGE_CURVE('',#9038,#9046,#9048,.T.);
#9046 = VERTEX_POINT('',#9047);
#9047 = CARTESIAN_POINT('',(3.125000857143,0.217734347539,
    -3.128782306618));
#9048 = LINE('',#9049,#9050);
#9049 = CARTESIAN_POINT('',(3.125000857143,6.773434753874E-02,
    -3.428782306618));
#9050 = VECTOR('',#9051,1.);
#9051 = DIRECTION('',(5.476786982643E-17,0.4472135955,0.894427191));
#9052 = ORIENTED_EDGE('',*,*,#9053,.T.);
#9053 = EDGE_CURVE('',#9046,#471,#9054,.T.);
#9054 = LINE('',#9055,#9056);
#9055 = CARTESIAN_POINT('',(3.125000857143,0.217734347539,
    -3.128782306618));
#9056 = VECTOR('',#9057,1.);
#9057 = DIRECTION('',(-1.499759782662E-32,-1.224646799147E-16,1.));
#9058 = ORIENTED_EDGE('',*,*,#470,.F.);
#9059 = ORIENTED_EDGE('',*,*,#9013,.T.);
#9060 = PLANE('',#9061);
#9061 = AXIS2_PLACEMENT_3D('',#9062,#9063,#9064);
#9062 = CARTESIAN_POINT('',(3.125000857143,2.512734347539,4.741217693382
    ));
#9063 = DIRECTION('',(1.,-1.224646799147E-16,0.));
#9064 = DIRECTION('',(1.499759782662E-32,1.224646799147E-16,-1.));
#9065 = ADVANCED_FACE('',(#9066),#9092,.T.);
#9066 = FACE_BOUND('',#9067,.T.);
#9067 = EDGE_LOOP('',(#9068,#9079,#9085,#9086));
#9068 = ORIENTED_EDGE('',*,*,#9069,.T.);
#9069 = EDGE_CURVE('',#9070,#9072,#9074,.T.);
#9070 = VERTEX_POINT('',#9071);
#9071 = CARTESIAN_POINT('',(3.125000857143,1.432776037158,4.503112717345
    ));
#9072 = VERTEX_POINT('',#9073);
#9073 = CARTESIAN_POINT('',(3.125000857143,1.429594984688,4.467679270219
    ));
#9074 = CIRCLE('',#9075,5.E-02);
#9075 = AXIS2_PLACEMENT_3D('',#9076,#9077,#9078);
#9076 = CARTESIAN_POINT('',(3.125000857143,1.477727209842,4.481217693382
    ));
#9077 = DIRECTION('',(1.,-1.224646799147E-16,6.162975822039E-33));
#9078 = DIRECTION('',(-1.100986194907E-16,-0.89902345368,0.437900479257)
  );
#9079 = ORIENTED_EDGE('',*,*,#9080,.T.);
#9080 = EDGE_CURVE('',#9072,#1234,#9081,.T.);
#9081 = LINE('',#9082,#9083);
#9082 = CARTESIAN_POINT('',(3.125000857143,1.429594984688,4.467679270219
    ));
#9083 = VECTOR('',#9084,1.);
#9084 = DIRECTION('',(3.315957318415E-17,0.27076846326,-0.962644503077)
  );
#9085 = ORIENTED_EDGE('',*,*,#1233,.T.);
#9086 = ORIENTED_EDGE('',*,*,#9087,.T.);
#9087 = EDGE_CURVE('',#1226,#9070,#9088,.T.);
#9088 = LINE('',#9089,#9090);
#9089 = CARTESIAN_POINT('',(3.125000857143,1.647734347539,4.944428887914
    ));
#9090 = VECTOR('',#9091,1.);
#9091 = DIRECTION('',(-5.362734202678E-17,-0.437900479257,-0.89902345368
    ));
#9092 = PLANE('',#9093);
#9093 = AXIS2_PLACEMENT_3D('',#9094,#9095,#9096);
#9094 = CARTESIAN_POINT('',(3.125000857143,2.512734347539,4.741217693382
    ));
#9095 = DIRECTION('',(1.,-1.224646799147E-16,0.));
#9096 = DIRECTION('',(1.499759782662E-32,1.224646799147E-16,-1.));
#9097 = ADVANCED_FACE('',(#9098),#9159,.T.);
#9098 = FACE_BOUND('',#9099,.T.);
#9099 = EDGE_LOOP('',(#9100,#9110,#9118,#9126,#9135,#9143,#9150,#9151,
    #9152,#9153));
#9100 = ORIENTED_EDGE('',*,*,#9101,.T.);
#9101 = EDGE_CURVE('',#9102,#9104,#9106,.T.);
#9102 = VERTEX_POINT('',#9103);
#9103 = CARTESIAN_POINT('',(3.125000857143,1.377734347539,2.581217693382
    ));
#9104 = VERTEX_POINT('',#9105);
#9105 = CARTESIAN_POINT('',(3.125000857143,0.447734347539,2.581217693382
    ));
#9106 = LINE('',#9107,#9108);
#9107 = CARTESIAN_POINT('',(3.125000857143,1.377734347539,2.581217693382
    ));
#9108 = VECTOR('',#9109,1.);
#9109 = DIRECTION('',(-1.224646799147E-16,-1.,-1.224646799147E-16));
#9110 = ORIENTED_EDGE('',*,*,#9111,.T.);
#9111 = EDGE_CURVE('',#9104,#9112,#9114,.T.);
#9112 = VERTEX_POINT('',#9113);
#9113 = CARTESIAN_POINT('',(3.125000857143,0.447734347539,3.881217693382
    ));
#9114 = LINE('',#9115,#9116);
#9115 = CARTESIAN_POINT('',(3.125000857143,0.447734347539,2.581217693382
    ));
#9116 = VECTOR('',#9117,1.);
#9117 = DIRECTION('',(-1.499759782662E-32,-1.224646799147E-16,1.));
#9118 = ORIENTED_EDGE('',*,*,#9119,.T.);
#9119 = EDGE_CURVE('',#9112,#9120,#9122,.T.);
#9120 = VERTEX_POINT('',#9121);
#9121 = CARTESIAN_POINT('',(3.125000857143,0.602678382526,4.199322669419
    ));
#9122 = LINE('',#9123,#9124);
#9123 = CARTESIAN_POINT('',(3.125000857143,0.447734347539,3.881217693382
    ));
#9124 = VECTOR('',#9125,1.);
#9125 = DIRECTION('',(5.362734202678E-17,0.437900479257,0.89902345368));
#9126 = ORIENTED_EDGE('',*,*,#9127,.T.);
#9127 = EDGE_CURVE('',#9120,#9128,#9130,.T.);
#9128 = VERTEX_POINT('',#9129);
#9129 = CARTESIAN_POINT('',(3.125000857143,0.605859434996,4.234756116545
    ));
#9130 = CIRCLE('',#9131,5.E-02);
#9131 = AXIS2_PLACEMENT_3D('',#9132,#9133,#9134);
#9132 = CARTESIAN_POINT('',(3.125000857143,0.557727209842,4.221217693382
    ));
#9133 = DIRECTION('',(1.,-1.224646799147E-16,6.162975822039E-33));
#9134 = DIRECTION('',(1.100986194907E-16,0.89902345368,-0.437900479257)
  );
#9135 = ORIENTED_EDGE('',*,*,#9136,.T.);
#9136 = EDGE_CURVE('',#9128,#9137,#9139,.T.);
#9137 = VERTEX_POINT('',#9138);
#9138 = CARTESIAN_POINT('',(3.125000857143,0.398537662164,4.971832962871
    ));
#9139 = LINE('',#9140,#9141);
#9140 = CARTESIAN_POINT('',(3.125000857143,0.605859434996,4.234756116545
    ));
#9141 = VECTOR('',#9142,1.);
#9142 = DIRECTION('',(-3.315957318415E-17,-0.27076846326,0.962644503077)
  );
#9143 = ORIENTED_EDGE('',*,*,#9144,.T.);
#9144 = EDGE_CURVE('',#9137,#5215,#9145,.T.);
#9145 = CIRCLE('',#9146,0.15);
#9146 = AXIS2_PLACEMENT_3D('',#9147,#9148,#9149);
#9147 = CARTESIAN_POINT('',(3.125000857143,0.254140986703,4.931217693382
    ));
#9148 = DIRECTION('',(1.,-1.224646799147E-16,0.));
#9149 = DIRECTION('',(1.17889950941E-16,0.962644503077,0.27076846326));
#9150 = ORIENTED_EDGE('',*,*,#5214,.F.);
#9151 = ORIENTED_EDGE('',*,*,#6405,.T.);
#9152 = ORIENTED_EDGE('',*,*,#6005,.T.);
#9153 = ORIENTED_EDGE('',*,*,#9154,.T.);
#9154 = EDGE_CURVE('',#5998,#9102,#9155,.T.);
#9155 = LINE('',#9156,#9157);
#9156 = CARTESIAN_POINT('',(3.125000857143,1.377734347539,2.471217693382
    ));
#9157 = VECTOR('',#9158,1.);
#9158 = DIRECTION('',(-1.499759782662E-32,-1.224646799147E-16,1.));
#9159 = PLANE('',#9160);
#9160 = AXIS2_PLACEMENT_3D('',#9161,#9162,#9163);
#9161 = CARTESIAN_POINT('',(3.125000857143,2.512734347539,4.741217693382
    ));
#9162 = DIRECTION('',(1.,-1.224646799147E-16,0.));
#9163 = DIRECTION('',(1.499759782662E-32,1.224646799147E-16,-1.));
#9164 = ADVANCED_FACE('',(#9165),#9176,.T.);
#9165 = FACE_BOUND('',#9166,.T.);
#9166 = EDGE_LOOP('',(#9167,#9168,#9174,#9175));
#9167 = ORIENTED_EDGE('',*,*,#9053,.F.);
#9168 = ORIENTED_EDGE('',*,*,#9169,.F.);
#9169 = EDGE_CURVE('',#8861,#9046,#9170,.T.);
#9170 = LINE('',#9171,#9172);
#9171 = CARTESIAN_POINT('',(2.875000857143,0.217734347539,
    -3.128782306618));
#9172 = VECTOR('',#9173,1.);
#9173 = DIRECTION('',(1.,-1.224646799147E-16,0.));
#9174 = ORIENTED_EDGE('',*,*,#8860,.T.);
#9175 = ORIENTED_EDGE('',*,*,#478,.T.);
#9176 = PLANE('',#9177);
#9177 = AXIS2_PLACEMENT_3D('',#9178,#9179,#9180);
#9178 = CARTESIAN_POINT('',(2.875000857143,0.217734347539,
    -3.128782306618));
#9179 = DIRECTION('',(1.224646799147E-16,1.,1.224646799147E-16));
#9180 = DIRECTION('',(-1.,1.224646799147E-16,0.));
#9181 = ADVANCED_FACE('',(#9182),#9193,.T.);
#9182 = FACE_BOUND('',#9183,.T.);
#9183 = EDGE_LOOP('',(#9184,#9185,#9186,#9192));
#9184 = ORIENTED_EDGE('',*,*,#9169,.T.);
#9185 = ORIENTED_EDGE('',*,*,#9045,.F.);
#9186 = ORIENTED_EDGE('',*,*,#9187,.F.);
#9187 = EDGE_CURVE('',#8869,#9038,#9188,.T.);
#9188 = LINE('',#9189,#9190);
#9189 = CARTESIAN_POINT('',(2.875000857143,6.773434753874E-02,
    -3.428782306618));
#9190 = VECTOR('',#9191,1.);
#9191 = DIRECTION('',(1.,-1.224646799147E-16,0.));
#9192 = ORIENTED_EDGE('',*,*,#8868,.T.);
#9193 = PLANE('',#9194);
#9194 = AXIS2_PLACEMENT_3D('',#9195,#9196,#9197);
#9195 = CARTESIAN_POINT('',(2.875000857143,6.773434753874E-02,
    -3.428782306618));
#9196 = DIRECTION('',(1.095357396528E-16,0.894427191,-0.4472135955));
#9197 = DIRECTION('',(-1.,1.224646799147E-16,0.));
#9198 = ADVANCED_FACE('',(#9199),#9210,.T.);
#9199 = FACE_BOUND('',#9200,.T.);
#9200 = EDGE_LOOP('',(#9201,#9202,#9203,#9209));
#9201 = ORIENTED_EDGE('',*,*,#9187,.T.);
#9202 = ORIENTED_EDGE('',*,*,#9037,.F.);
#9203 = ORIENTED_EDGE('',*,*,#9204,.F.);
#9204 = EDGE_CURVE('',#8877,#9030,#9205,.T.);
#9205 = LINE('',#9206,#9207);
#9206 = CARTESIAN_POINT('',(2.875000857143,-8.226565246126E-02,
    -3.428782306618));
#9207 = VECTOR('',#9208,1.);
#9208 = DIRECTION('',(1.,-1.224646799147E-16,0.));
#9209 = ORIENTED_EDGE('',*,*,#8876,.T.);
#9210 = PLANE('',#9211);
#9211 = AXIS2_PLACEMENT_3D('',#9212,#9213,#9214);
#9212 = CARTESIAN_POINT('',(2.875000857143,-8.226565246126E-02,
    -3.428782306618));
#9213 = DIRECTION('',(1.499759782662E-32,1.224646799147E-16,-1.));
#9214 = DIRECTION('',(-1.,1.224646799147E-16,0.));
#9215 = ADVANCED_FACE('',(#9216),#9222,.T.);
#9216 = FACE_BOUND('',#9217,.T.);
#9217 = EDGE_LOOP('',(#9218,#9219,#9220,#9221));
#9218 = ORIENTED_EDGE('',*,*,#9204,.T.);
#9219 = ORIENTED_EDGE('',*,*,#9029,.F.);
#9220 = ORIENTED_EDGE('',*,*,#9005,.F.);
#9221 = ORIENTED_EDGE('',*,*,#8884,.T.);
#9222 = PLANE('',#9223);
#9223 = AXIS2_PLACEMENT_3D('',#9224,#9225,#9226);
#9224 = CARTESIAN_POINT('',(2.875000857143,-0.232265652461,
    -3.028782306618));
#9225 = DIRECTION('',(-1.146672530258E-16,-0.936329177569,
    -0.351123441588));
#9226 = DIRECTION('',(1.,-1.224646799147E-16,0.));
#9227 = ADVANCED_FACE('',(#9228),#9239,.T.);
#9228 = FACE_BOUND('',#9229,.T.);
#9229 = EDGE_LOOP('',(#9230,#9236,#9237,#9238));
#9230 = ORIENTED_EDGE('',*,*,#9231,.T.);
#9231 = EDGE_CURVE('',#8916,#9070,#9232,.T.);
#9232 = LINE('',#9233,#9234);
#9233 = CARTESIAN_POINT('',(2.875000857143,1.432776037158,4.503112717345
    ));
#9234 = VECTOR('',#9235,1.);
#9235 = DIRECTION('',(1.,-1.224646799147E-16,0.));
#9236 = ORIENTED_EDGE('',*,*,#9087,.F.);
#9237 = ORIENTED_EDGE('',*,*,#1223,.F.);
#9238 = ORIENTED_EDGE('',*,*,#8924,.T.);
#9239 = PLANE('',#9240);
#9240 = AXIS2_PLACEMENT_3D('',#9241,#9242,#9243);
#9241 = CARTESIAN_POINT('',(2.875000857143,1.686983066107,5.025007741308
    ));
#9242 = DIRECTION('',(-1.100986194907E-16,-0.89902345368,0.437900479257)
  );
#9243 = DIRECTION('',(5.362734202678E-17,0.437900479257,0.89902345368));
#9244 = ADVANCED_FACE('',(#9245),#9256,.T.);
#9245 = FACE_BOUND('',#9246,.T.);
#9246 = EDGE_LOOP('',(#9247,#9253,#9254,#9255));
#9247 = ORIENTED_EDGE('',*,*,#9248,.T.);
#9248 = EDGE_CURVE('',#8908,#9072,#9249,.T.);
#9249 = LINE('',#9250,#9251);
#9250 = CARTESIAN_POINT('',(2.875000857143,1.429594984688,4.467679270219
    ));
#9251 = VECTOR('',#9252,1.);
#9252 = DIRECTION('',(1.,-1.224646799147E-16,0.));
#9253 = ORIENTED_EDGE('',*,*,#9069,.F.);
#9254 = ORIENTED_EDGE('',*,*,#9231,.F.);
#9255 = ORIENTED_EDGE('',*,*,#8915,.T.);
#9256 = CYLINDRICAL_SURFACE('',#9257,5.E-02);
#9257 = AXIS2_PLACEMENT_3D('',#9258,#9259,#9260);
#9258 = CARTESIAN_POINT('',(2.875000857143,1.477727209842,4.481217693382
    ));
#9259 = DIRECTION('',(-1.,1.224646799147E-16,0.));
#9260 = DIRECTION('',(1.499759782662E-32,1.224646799147E-16,-1.));
#9261 = ADVANCED_FACE('',(#9262),#9268,.T.);
#9262 = FACE_BOUND('',#9263,.T.);
#9263 = EDGE_LOOP('',(#9264,#9265,#9266,#9267));
#9264 = ORIENTED_EDGE('',*,*,#1241,.T.);
#9265 = ORIENTED_EDGE('',*,*,#9080,.F.);
#9266 = ORIENTED_EDGE('',*,*,#9248,.F.);
#9267 = ORIENTED_EDGE('',*,*,#8907,.T.);
#9268 = PLANE('',#9269);
#9269 = AXIS2_PLACEMENT_3D('',#9270,#9271,#9272);
#9270 = CARTESIAN_POINT('',(2.875000857143,1.429594984688,4.467679270219
    ));
#9271 = DIRECTION('',(-1.17889950941E-16,-0.962644503077,-0.27076846326)
  );
#9272 = DIRECTION('',(1.,-1.224646799147E-16,0.));
#9273 = ADVANCED_FACE('',(#9274),#9285,.T.);
#9274 = FACE_BOUND('',#9275,.T.);
#9275 = EDGE_LOOP('',(#9276,#9282,#9283,#9284));
#9276 = ORIENTED_EDGE('',*,*,#9277,.T.);
#9277 = EDGE_CURVE('',#8984,#9102,#9278,.T.);
#9278 = LINE('',#9279,#9280);
#9279 = CARTESIAN_POINT('',(2.875000857143,1.377734347539,2.581217693382
    ));
#9280 = VECTOR('',#9281,1.);
#9281 = DIRECTION('',(1.,-1.224646799147E-16,0.));
#9282 = ORIENTED_EDGE('',*,*,#9154,.F.);
#9283 = ORIENTED_EDGE('',*,*,#5997,.F.);
#9284 = ORIENTED_EDGE('',*,*,#8991,.T.);
#9285 = PLANE('',#9286);
#9286 = AXIS2_PLACEMENT_3D('',#9287,#9288,#9289);
#9287 = CARTESIAN_POINT('',(2.875000857143,1.377734347539,2.001217693382
    ));
#9288 = DIRECTION('',(1.224646799147E-16,1.,1.224646799147E-16));
#9289 = DIRECTION('',(-1.,1.224646799147E-16,0.));
#9290 = ADVANCED_FACE('',(#9291),#9302,.T.);
#9291 = FACE_BOUND('',#9292,.T.);
#9292 = EDGE_LOOP('',(#9293,#9299,#9300,#9301));
#9293 = ORIENTED_EDGE('',*,*,#9294,.T.);
#9294 = EDGE_CURVE('',#8976,#9104,#9295,.T.);
#9295 = LINE('',#9296,#9297);
#9296 = CARTESIAN_POINT('',(2.875000857143,0.447734347539,2.581217693382
    ));
#9297 = VECTOR('',#9298,1.);
#9298 = DIRECTION('',(1.,-1.224646799147E-16,0.));
#9299 = ORIENTED_EDGE('',*,*,#9101,.F.);
#9300 = ORIENTED_EDGE('',*,*,#9277,.F.);
#9301 = ORIENTED_EDGE('',*,*,#8983,.T.);
#9302 = PLANE('',#9303);
#9303 = AXIS2_PLACEMENT_3D('',#9304,#9305,#9306);
#9304 = CARTESIAN_POINT('',(2.875000857143,1.377734347539,2.581217693382
    ));
#9305 = DIRECTION('',(-1.499759782662E-32,-1.224646799147E-16,1.));
#9306 = DIRECTION('',(-1.224646799147E-16,-1.,-1.224646799147E-16));
#9307 = ADVANCED_FACE('',(#9308),#9319,.T.);
#9308 = FACE_BOUND('',#9309,.T.);
#9309 = EDGE_LOOP('',(#9310,#9316,#9317,#9318));
#9310 = ORIENTED_EDGE('',*,*,#9311,.T.);
#9311 = EDGE_CURVE('',#8968,#9112,#9312,.T.);
#9312 = LINE('',#9313,#9314);
#9313 = CARTESIAN_POINT('',(2.875000857143,0.447734347539,3.881217693382
    ));
#9314 = VECTOR('',#9315,1.);
#9315 = DIRECTION('',(1.,-1.224646799147E-16,0.));
#9316 = ORIENTED_EDGE('',*,*,#9111,.F.);
#9317 = ORIENTED_EDGE('',*,*,#9294,.F.);
#9318 = ORIENTED_EDGE('',*,*,#8975,.T.);
#9319 = PLANE('',#9320);
#9320 = AXIS2_PLACEMENT_3D('',#9321,#9322,#9323);
#9321 = CARTESIAN_POINT('',(2.875000857143,0.447734347539,2.581217693382
    ));
#9322 = DIRECTION('',(1.224646799147E-16,1.,1.224646799147E-16));
#9323 = DIRECTION('',(-1.,1.224646799147E-16,0.));
#9324 = ADVANCED_FACE('',(#9325),#9336,.T.);
#9325 = FACE_BOUND('',#9326,.T.);
#9326 = EDGE_LOOP('',(#9327,#9333,#9334,#9335));
#9327 = ORIENTED_EDGE('',*,*,#9328,.T.);
#9328 = EDGE_CURVE('',#8959,#9120,#9329,.T.);
#9329 = LINE('',#9330,#9331);
#9330 = CARTESIAN_POINT('',(2.875000857143,0.602678382526,4.199322669419
    ));
#9331 = VECTOR('',#9332,1.);
#9332 = DIRECTION('',(1.,-1.224646799147E-16,0.));
#9333 = ORIENTED_EDGE('',*,*,#9119,.F.);
#9334 = ORIENTED_EDGE('',*,*,#9311,.F.);
#9335 = ORIENTED_EDGE('',*,*,#8967,.T.);
#9336 = PLANE('',#9337);
#9337 = AXIS2_PLACEMENT_3D('',#9338,#9339,#9340);
#9338 = CARTESIAN_POINT('',(2.875000857143,0.447734347539,3.881217693382
    ));
#9339 = DIRECTION('',(1.100986194907E-16,0.89902345368,-0.437900479257)
  );
#9340 = DIRECTION('',(-1.,1.224646799147E-16,0.));
#9341 = ADVANCED_FACE('',(#9342),#9353,.T.);
#9342 = FACE_BOUND('',#9343,.T.);
#9343 = EDGE_LOOP('',(#9344,#9350,#9351,#9352));
#9344 = ORIENTED_EDGE('',*,*,#9345,.T.);
#9345 = EDGE_CURVE('',#8951,#9128,#9346,.T.);
#9346 = LINE('',#9347,#9348);
#9347 = CARTESIAN_POINT('',(2.875000857143,0.605859434996,4.234756116545
    ));
#9348 = VECTOR('',#9349,1.);
#9349 = DIRECTION('',(1.,-1.224646799147E-16,0.));
#9350 = ORIENTED_EDGE('',*,*,#9127,.F.);
#9351 = ORIENTED_EDGE('',*,*,#9328,.F.);
#9352 = ORIENTED_EDGE('',*,*,#8958,.T.);
#9353 = CYLINDRICAL_SURFACE('',#9354,5.E-02);
#9354 = AXIS2_PLACEMENT_3D('',#9355,#9356,#9357);
#9355 = CARTESIAN_POINT('',(2.875000857143,0.557727209842,4.221217693382
    ));
#9356 = DIRECTION('',(-1.,1.224646799147E-16,0.));
#9357 = DIRECTION('',(1.499759782662E-32,1.224646799147E-16,-1.));
#9358 = ADVANCED_FACE('',(#9359),#9370,.T.);
#9359 = FACE_BOUND('',#9360,.T.);
#9360 = EDGE_LOOP('',(#9361,#9367,#9368,#9369));
#9361 = ORIENTED_EDGE('',*,*,#9362,.T.);
#9362 = EDGE_CURVE('',#8942,#9137,#9363,.T.);
#9363 = LINE('',#9364,#9365);
#9364 = CARTESIAN_POINT('',(2.875000857143,0.398537662164,4.971832962871
    ));
#9365 = VECTOR('',#9366,1.);
#9366 = DIRECTION('',(1.,-1.224646799147E-16,0.));
#9367 = ORIENTED_EDGE('',*,*,#9136,.F.);
#9368 = ORIENTED_EDGE('',*,*,#9345,.F.);
#9369 = ORIENTED_EDGE('',*,*,#8950,.T.);
#9370 = PLANE('',#9371);
#9371 = AXIS2_PLACEMENT_3D('',#9372,#9373,#9374);
#9372 = CARTESIAN_POINT('',(2.875000857143,0.605859434996,4.234756116545
    ));
#9373 = DIRECTION('',(1.17889950941E-16,0.962644503077,0.27076846326));
#9374 = DIRECTION('',(1.,-1.224646799147E-16,0.));
#9375 = ADVANCED_FACE('',(#9376),#9382,.T.);
#9376 = FACE_BOUND('',#9377,.T.);
#9377 = EDGE_LOOP('',(#9378,#9379,#9380,#9381));
#9378 = ORIENTED_EDGE('',*,*,#5222,.T.);
#9379 = ORIENTED_EDGE('',*,*,#9144,.F.);
#9380 = ORIENTED_EDGE('',*,*,#9362,.F.);
#9381 = ORIENTED_EDGE('',*,*,#8941,.T.);
#9382 = CYLINDRICAL_SURFACE('',#9383,0.15);
#9383 = AXIS2_PLACEMENT_3D('',#9384,#9385,#9386);
#9384 = CARTESIAN_POINT('',(2.875000857143,0.254140986703,4.931217693382
    ));
#9385 = DIRECTION('',(-1.,1.224646799147E-16,0.));
#9386 = DIRECTION('',(1.499759782662E-32,1.224646799147E-16,-1.));
#9387 = ADVANCED_FACE('',(#9388),#9414,.F.);
#9388 = FACE_BOUND('',#9389,.T.);
#9389 = EDGE_LOOP('',(#9390,#9391,#9399,#9408));
#9390 = ORIENTED_EDGE('',*,*,#1487,.F.);
#9391 = ORIENTED_EDGE('',*,*,#9392,.F.);
#9392 = EDGE_CURVE('',#9393,#1480,#9395,.T.);
#9393 = VERTEX_POINT('',#9394);
#9394 = CARTESIAN_POINT('',(4.375000857143,1.429594984688,4.467679270219
    ));
#9395 = LINE('',#9396,#9397);
#9396 = CARTESIAN_POINT('',(4.375000857143,1.429594984688,4.467679270219
    ));
#9397 = VECTOR('',#9398,1.);
#9398 = DIRECTION('',(3.315957318415E-17,0.27076846326,-0.962644503077)
  );
#9399 = ORIENTED_EDGE('',*,*,#9400,.F.);
#9400 = EDGE_CURVE('',#9401,#9393,#9403,.T.);
#9401 = VERTEX_POINT('',#9402);
#9402 = CARTESIAN_POINT('',(4.375000857143,1.432776037158,4.503112717345
    ));
#9403 = CIRCLE('',#9404,5.E-02);
#9404 = AXIS2_PLACEMENT_3D('',#9405,#9406,#9407);
#9405 = CARTESIAN_POINT('',(4.375000857143,1.477727209842,4.481217693382
    ));
#9406 = DIRECTION('',(1.,-1.224646799147E-16,6.162975822039E-33));
#9407 = DIRECTION('',(-1.100986194907E-16,-0.89902345368,0.437900479257)
  );
#9408 = ORIENTED_EDGE('',*,*,#9409,.F.);
#9409 = EDGE_CURVE('',#1462,#9401,#9410,.T.);
#9410 = LINE('',#9411,#9412);
#9411 = CARTESIAN_POINT('',(4.375000857143,1.647734347539,4.944428887914
    ));
#9412 = VECTOR('',#9413,1.);
#9413 = DIRECTION('',(-5.362734202678E-17,-0.437900479257,-0.89902345368
    ));
#9414 = PLANE('',#9415);
#9415 = AXIS2_PLACEMENT_3D('',#9416,#9417,#9418);
#9416 = CARTESIAN_POINT('',(4.375000857143,2.512734347539,4.741217693382
    ));
#9417 = DIRECTION('',(1.,-1.224646799147E-16,0.));
#9418 = DIRECTION('',(1.499759782662E-32,1.224646799147E-16,-1.));
#9419 = ADVANCED_FACE('',(#9420),#9481,.F.);
#9420 = FACE_BOUND('',#9421,.T.);
#9421 = EDGE_LOOP('',(#9422,#9423,#9424,#9425,#9434,#9442,#9451,#9459,
    #9467,#9475));
#9422 = ORIENTED_EDGE('',*,*,#6021,.F.);
#9423 = ORIENTED_EDGE('',*,*,#6412,.F.);
#9424 = ORIENTED_EDGE('',*,*,#5198,.T.);
#9425 = ORIENTED_EDGE('',*,*,#9426,.F.);
#9426 = EDGE_CURVE('',#9427,#5191,#9429,.T.);
#9427 = VERTEX_POINT('',#9428);
#9428 = CARTESIAN_POINT('',(4.375000857143,0.398537662164,4.971832962871
    ));
#9429 = CIRCLE('',#9430,0.15);
#9430 = AXIS2_PLACEMENT_3D('',#9431,#9432,#9433);
#9431 = CARTESIAN_POINT('',(4.375000857143,0.254140986703,4.931217693382
    ));
#9432 = DIRECTION('',(1.,-1.224646799147E-16,0.));
#9433 = DIRECTION('',(1.17889950941E-16,0.962644503077,0.27076846326));
#9434 = ORIENTED_EDGE('',*,*,#9435,.F.);
#9435 = EDGE_CURVE('',#9436,#9427,#9438,.T.);
#9436 = VERTEX_POINT('',#9437);
#9437 = CARTESIAN_POINT('',(4.375000857143,0.605859434996,4.234756116545
    ));
#9438 = LINE('',#9439,#9440);
#9439 = CARTESIAN_POINT('',(4.375000857143,0.605859434996,4.234756116545
    ));
#9440 = VECTOR('',#9441,1.);
#9441 = DIRECTION('',(-3.315957318415E-17,-0.27076846326,0.962644503077)
  );
#9442 = ORIENTED_EDGE('',*,*,#9443,.F.);
#9443 = EDGE_CURVE('',#9444,#9436,#9446,.T.);
#9444 = VERTEX_POINT('',#9445);
#9445 = CARTESIAN_POINT('',(4.375000857143,0.602678382526,4.199322669419
    ));
#9446 = CIRCLE('',#9447,5.E-02);
#9447 = AXIS2_PLACEMENT_3D('',#9448,#9449,#9450);
#9448 = CARTESIAN_POINT('',(4.375000857143,0.557727209842,4.221217693382
    ));
#9449 = DIRECTION('',(1.,-1.224646799147E-16,6.162975822039E-33));
#9450 = DIRECTION('',(1.100986194907E-16,0.89902345368,-0.437900479257)
  );
#9451 = ORIENTED_EDGE('',*,*,#9452,.F.);
#9452 = EDGE_CURVE('',#9453,#9444,#9455,.T.);
#9453 = VERTEX_POINT('',#9454);
#9454 = CARTESIAN_POINT('',(4.375000857143,0.447734347539,3.881217693382
    ));
#9455 = LINE('',#9456,#9457);
#9456 = CARTESIAN_POINT('',(4.375000857143,0.447734347539,3.881217693382
    ));
#9457 = VECTOR('',#9458,1.);
#9458 = DIRECTION('',(5.362734202678E-17,0.437900479257,0.89902345368));
#9459 = ORIENTED_EDGE('',*,*,#9460,.F.);
#9460 = EDGE_CURVE('',#9461,#9453,#9463,.T.);
#9461 = VERTEX_POINT('',#9462);
#9462 = CARTESIAN_POINT('',(4.375000857143,0.447734347539,2.581217693382
    ));
#9463 = LINE('',#9464,#9465);
#9464 = CARTESIAN_POINT('',(4.375000857143,0.447734347539,2.581217693382
    ));
#9465 = VECTOR('',#9466,1.);
#9466 = DIRECTION('',(-1.499759782662E-32,-1.224646799147E-16,1.));
#9467 = ORIENTED_EDGE('',*,*,#9468,.F.);
#9468 = EDGE_CURVE('',#9469,#9461,#9471,.T.);
#9469 = VERTEX_POINT('',#9470);
#9470 = CARTESIAN_POINT('',(4.375000857143,1.377734347539,2.581217693382
    ));
#9471 = LINE('',#9472,#9473);
#9472 = CARTESIAN_POINT('',(4.375000857143,1.377734347539,2.581217693382
    ));
#9473 = VECTOR('',#9474,1.);
#9474 = DIRECTION('',(-1.224646799147E-16,-1.,-1.224646799147E-16));
#9475 = ORIENTED_EDGE('',*,*,#9476,.F.);
#9476 = EDGE_CURVE('',#6022,#9469,#9477,.T.);
#9477 = LINE('',#9478,#9479);
#9478 = CARTESIAN_POINT('',(4.375000857143,1.377734347539,2.471217693382
    ));
#9479 = VECTOR('',#9480,1.);
#9480 = DIRECTION('',(-1.499759782662E-32,-1.224646799147E-16,1.));
#9481 = PLANE('',#9482);
#9482 = AXIS2_PLACEMENT_3D('',#9483,#9484,#9485);
#9483 = CARTESIAN_POINT('',(4.375000857143,2.512734347539,4.741217693382
    ));
#9484 = DIRECTION('',(1.,-1.224646799147E-16,0.));
#9485 = DIRECTION('',(1.499759782662E-32,1.224646799147E-16,-1.));
#9486 = ADVANCED_FACE('',(#9487),#9528,.F.);
#9487 = FACE_BOUND('',#9488,.T.);
#9488 = EDGE_LOOP('',(#9489,#9497,#9505,#9513,#9521,#9527));
#9489 = ORIENTED_EDGE('',*,*,#9490,.F.);
#9490 = EDGE_CURVE('',#9491,#717,#9493,.T.);
#9491 = VERTEX_POINT('',#9492);
#9492 = CARTESIAN_POINT('',(4.375000857143,2.247734347539,
    -3.128782306618));
#9493 = LINE('',#9494,#9495);
#9494 = CARTESIAN_POINT('',(4.375000857143,2.247734347539,
    -3.128782306618));
#9495 = VECTOR('',#9496,1.);
#9496 = DIRECTION('',(-1.499759782662E-32,-1.224646799147E-16,1.));
#9497 = ORIENTED_EDGE('',*,*,#9498,.F.);
#9498 = EDGE_CURVE('',#9499,#9491,#9501,.T.);
#9499 = VERTEX_POINT('',#9500);
#9500 = CARTESIAN_POINT('',(4.375000857143,2.087734347539,
    -3.428782306618));
#9501 = LINE('',#9502,#9503);
#9502 = CARTESIAN_POINT('',(4.375000857143,2.087734347539,
    -3.428782306618));
#9503 = VECTOR('',#9504,1.);
#9504 = DIRECTION('',(5.763043760693E-17,0.470588235294,0.882352941176)
  );
#9505 = ORIENTED_EDGE('',*,*,#9506,.F.);
#9506 = EDGE_CURVE('',#9507,#9499,#9509,.T.);
#9507 = VERTEX_POINT('',#9508);
#9508 = CARTESIAN_POINT('',(4.375000857143,1.897734347539,
    -3.428782306618));
#9509 = LINE('',#9510,#9511);
#9510 = CARTESIAN_POINT('',(4.375000857143,1.897734347539,
    -3.428782306618));
#9511 = VECTOR('',#9512,1.);
#9512 = DIRECTION('',(1.224646799147E-16,1.,1.224646799147E-16));
#9513 = ORIENTED_EDGE('',*,*,#9514,.F.);
#9514 = EDGE_CURVE('',#9515,#9507,#9517,.T.);
#9515 = VERTEX_POINT('',#9516);
#9516 = CARTESIAN_POINT('',(4.375000857143,1.747734347539,
    -3.128782306618));
#9517 = LINE('',#9518,#9519);
#9518 = CARTESIAN_POINT('',(4.375000857143,1.747734347539,
    -3.128782306618));
#9519 = VECTOR('',#9520,1.);
#9520 = DIRECTION('',(5.476786982643E-17,0.4472135955,-0.894427191));
#9521 = ORIENTED_EDGE('',*,*,#9522,.F.);
#9522 = EDGE_CURVE('',#699,#9515,#9523,.T.);
#9523 = LINE('',#9524,#9525);
#9524 = CARTESIAN_POINT('',(4.375000857143,1.747734347539,
    -2.878230661791E-02));
#9525 = VECTOR('',#9526,1.);
#9526 = DIRECTION('',(1.499759782662E-32,1.224646799147E-16,-1.));
#9527 = ORIENTED_EDGE('',*,*,#724,.T.);
#9528 = PLANE('',#9529);
#9529 = AXIS2_PLACEMENT_3D('',#9530,#9531,#9532);
#9530 = CARTESIAN_POINT('',(4.375000857143,2.512734347539,4.741217693382
    ));
#9531 = DIRECTION('',(1.,-1.224646799147E-16,0.));
#9532 = DIRECTION('',(1.499759782662E-32,1.224646799147E-16,-1.));
#9533 = ADVANCED_FACE('',(#9534),#9552,.T.);
#9534 = FACE_BOUND('',#9535,.T.);
#9535 = EDGE_LOOP('',(#9536,#9544,#9550,#9551));
#9536 = ORIENTED_EDGE('',*,*,#9537,.T.);
#9537 = EDGE_CURVE('',#9401,#9538,#9540,.T.);
#9538 = VERTEX_POINT('',#9539);
#9539 = CARTESIAN_POINT('',(4.625000857143,1.432776037158,4.503112717345
    ));
#9540 = LINE('',#9541,#9542);
#9541 = CARTESIAN_POINT('',(4.375000857143,1.432776037158,4.503112717345
    ));
#9542 = VECTOR('',#9543,1.);
#9543 = DIRECTION('',(1.,-1.224646799147E-16,0.));
#9544 = ORIENTED_EDGE('',*,*,#9545,.F.);
#9545 = EDGE_CURVE('',#1464,#9538,#9546,.T.);
#9546 = LINE('',#9547,#9548);
#9547 = CARTESIAN_POINT('',(4.625000857143,1.647734347539,4.944428887914
    ));
#9548 = VECTOR('',#9549,1.);
#9549 = DIRECTION('',(-5.362734202678E-17,-0.437900479257,-0.89902345368
    ));
#9550 = ORIENTED_EDGE('',*,*,#1461,.F.);
#9551 = ORIENTED_EDGE('',*,*,#9409,.T.);
#9552 = PLANE('',#9553);
#9553 = AXIS2_PLACEMENT_3D('',#9554,#9555,#9556);
#9554 = CARTESIAN_POINT('',(4.375000857143,1.686983066107,5.025007741308
    ));
#9555 = DIRECTION('',(-1.100986194907E-16,-0.89902345368,0.437900479257)
  );
#9556 = DIRECTION('',(5.362734202678E-17,0.437900479257,0.89902345368));
#9557 = ADVANCED_FACE('',(#9558),#9577,.T.);
#9558 = FACE_BOUND('',#9559,.T.);
#9559 = EDGE_LOOP('',(#9560,#9569,#9575,#9576));
#9560 = ORIENTED_EDGE('',*,*,#9561,.T.);
#9561 = EDGE_CURVE('',#9538,#9562,#9564,.T.);
#9562 = VERTEX_POINT('',#9563);
#9563 = CARTESIAN_POINT('',(4.625000857143,1.429594984688,4.467679270219
    ));
#9564 = CIRCLE('',#9565,5.E-02);
#9565 = AXIS2_PLACEMENT_3D('',#9566,#9567,#9568);
#9566 = CARTESIAN_POINT('',(4.625000857143,1.477727209842,4.481217693382
    ));
#9567 = DIRECTION('',(1.,-1.224646799147E-16,6.162975822039E-33));
#9568 = DIRECTION('',(-1.100986194907E-16,-0.89902345368,0.437900479257)
  );
#9569 = ORIENTED_EDGE('',*,*,#9570,.T.);
#9570 = EDGE_CURVE('',#9562,#1472,#9571,.T.);
#9571 = LINE('',#9572,#9573);
#9572 = CARTESIAN_POINT('',(4.625000857143,1.429594984688,4.467679270219
    ));
#9573 = VECTOR('',#9574,1.);
#9574 = DIRECTION('',(3.315957318415E-17,0.27076846326,-0.962644503077)
  );
#9575 = ORIENTED_EDGE('',*,*,#1471,.T.);
#9576 = ORIENTED_EDGE('',*,*,#9545,.T.);
#9577 = PLANE('',#9578);
#9578 = AXIS2_PLACEMENT_3D('',#9579,#9580,#9581);
#9579 = CARTESIAN_POINT('',(4.625000857143,2.512734347539,4.741217693382
    ));
#9580 = DIRECTION('',(1.,-1.224646799147E-16,0.));
#9581 = DIRECTION('',(1.499759782662E-32,1.224646799147E-16,-1.));
#9582 = ADVANCED_FACE('',(#9583),#9644,.T.);
#9583 = FACE_BOUND('',#9584,.T.);
#9584 = EDGE_LOOP('',(#9585,#9595,#9603,#9611,#9620,#9628,#9635,#9636,
    #9637,#9638));
#9585 = ORIENTED_EDGE('',*,*,#9586,.T.);
#9586 = EDGE_CURVE('',#9587,#9589,#9591,.T.);
#9587 = VERTEX_POINT('',#9588);
#9588 = CARTESIAN_POINT('',(4.625000857143,1.377734347539,2.581217693382
    ));
#9589 = VERTEX_POINT('',#9590);
#9590 = CARTESIAN_POINT('',(4.625000857143,0.447734347539,2.581217693382
    ));
#9591 = LINE('',#9592,#9593);
#9592 = CARTESIAN_POINT('',(4.625000857143,1.377734347539,2.581217693382
    ));
#9593 = VECTOR('',#9594,1.);
#9594 = DIRECTION('',(-1.224646799147E-16,-1.,-1.224646799147E-16));
#9595 = ORIENTED_EDGE('',*,*,#9596,.T.);
#9596 = EDGE_CURVE('',#9589,#9597,#9599,.T.);
#9597 = VERTEX_POINT('',#9598);
#9598 = CARTESIAN_POINT('',(4.625000857143,0.447734347539,3.881217693382
    ));
#9599 = LINE('',#9600,#9601);
#9600 = CARTESIAN_POINT('',(4.625000857143,0.447734347539,2.581217693382
    ));
#9601 = VECTOR('',#9602,1.);
#9602 = DIRECTION('',(-1.499759782662E-32,-1.224646799147E-16,1.));
#9603 = ORIENTED_EDGE('',*,*,#9604,.T.);
#9604 = EDGE_CURVE('',#9597,#9605,#9607,.T.);
#9605 = VERTEX_POINT('',#9606);
#9606 = CARTESIAN_POINT('',(4.625000857143,0.602678382526,4.199322669419
    ));
#9607 = LINE('',#9608,#9609);
#9608 = CARTESIAN_POINT('',(4.625000857143,0.447734347539,3.881217693382
    ));
#9609 = VECTOR('',#9610,1.);
#9610 = DIRECTION('',(5.362734202678E-17,0.437900479257,0.89902345368));
#9611 = ORIENTED_EDGE('',*,*,#9612,.T.);
#9612 = EDGE_CURVE('',#9605,#9613,#9615,.T.);
#9613 = VERTEX_POINT('',#9614);
#9614 = CARTESIAN_POINT('',(4.625000857143,0.605859434996,4.234756116545
    ));
#9615 = CIRCLE('',#9616,5.E-02);
#9616 = AXIS2_PLACEMENT_3D('',#9617,#9618,#9619);
#9617 = CARTESIAN_POINT('',(4.625000857143,0.557727209842,4.221217693382
    ));
#9618 = DIRECTION('',(1.,-1.224646799147E-16,6.162975822039E-33));
#9619 = DIRECTION('',(1.100986194907E-16,0.89902345368,-0.437900479257)
  );
#9620 = ORIENTED_EDGE('',*,*,#9621,.T.);
#9621 = EDGE_CURVE('',#9613,#9622,#9624,.T.);
#9622 = VERTEX_POINT('',#9623);
#9623 = CARTESIAN_POINT('',(4.625000857143,0.398537662164,4.971832962871
    ));
#9624 = LINE('',#9625,#9626);
#9625 = CARTESIAN_POINT('',(4.625000857143,0.605859434996,4.234756116545
    ));
#9626 = VECTOR('',#9627,1.);
#9627 = DIRECTION('',(-3.315957318415E-17,-0.27076846326,0.962644503077)
  );
#9628 = ORIENTED_EDGE('',*,*,#9629,.T.);
#9629 = EDGE_CURVE('',#9622,#5183,#9630,.T.);
#9630 = CIRCLE('',#9631,0.15);
#9631 = AXIS2_PLACEMENT_3D('',#9632,#9633,#9634);
#9632 = CARTESIAN_POINT('',(4.625000857143,0.254140986703,4.931217693382
    ));
#9633 = DIRECTION('',(1.,-1.224646799147E-16,0.));
#9634 = DIRECTION('',(1.17889950941E-16,0.962644503077,0.27076846326));
#9635 = ORIENTED_EDGE('',*,*,#5182,.F.);
#9636 = ORIENTED_EDGE('',*,*,#6434,.T.);
#9637 = ORIENTED_EDGE('',*,*,#6037,.T.);
#9638 = ORIENTED_EDGE('',*,*,#9639,.T.);
#9639 = EDGE_CURVE('',#6030,#9587,#9640,.T.);
#9640 = LINE('',#9641,#9642);
#9641 = CARTESIAN_POINT('',(4.625000857143,1.377734347539,2.471217693382
    ));
#9642 = VECTOR('',#9643,1.);
#9643 = DIRECTION('',(-1.499759782662E-32,-1.224646799147E-16,1.));
#9644 = PLANE('',#9645);
#9645 = AXIS2_PLACEMENT_3D('',#9646,#9647,#9648);
#9646 = CARTESIAN_POINT('',(4.625000857143,2.512734347539,4.741217693382
    ));
#9647 = DIRECTION('',(1.,-1.224646799147E-16,0.));
#9648 = DIRECTION('',(1.499759782662E-32,1.224646799147E-16,-1.));
#9649 = ADVANCED_FACE('',(#9650),#9691,.T.);
#9650 = FACE_BOUND('',#9651,.T.);
#9651 = EDGE_LOOP('',(#9652,#9660,#9668,#9676,#9684,#9690));
#9652 = ORIENTED_EDGE('',*,*,#9653,.T.);
#9653 = EDGE_CURVE('',#701,#9654,#9656,.T.);
#9654 = VERTEX_POINT('',#9655);
#9655 = CARTESIAN_POINT('',(4.625000857143,1.747734347539,
    -3.128782306618));
#9656 = LINE('',#9657,#9658);
#9657 = CARTESIAN_POINT('',(4.625000857143,1.747734347539,
    -2.878230661791E-02));
#9658 = VECTOR('',#9659,1.);
#9659 = DIRECTION('',(1.499759782662E-32,1.224646799147E-16,-1.));
#9660 = ORIENTED_EDGE('',*,*,#9661,.T.);
#9661 = EDGE_CURVE('',#9654,#9662,#9664,.T.);
#9662 = VERTEX_POINT('',#9663);
#9663 = CARTESIAN_POINT('',(4.625000857143,1.897734347539,
    -3.428782306618));
#9664 = LINE('',#9665,#9666);
#9665 = CARTESIAN_POINT('',(4.625000857143,1.747734347539,
    -3.128782306618));
#9666 = VECTOR('',#9667,1.);
#9667 = DIRECTION('',(5.476786982643E-17,0.4472135955,-0.894427191));
#9668 = ORIENTED_EDGE('',*,*,#9669,.T.);
#9669 = EDGE_CURVE('',#9662,#9670,#9672,.T.);
#9670 = VERTEX_POINT('',#9671);
#9671 = CARTESIAN_POINT('',(4.625000857143,2.087734347539,
    -3.428782306618));
#9672 = LINE('',#9673,#9674);
#9673 = CARTESIAN_POINT('',(4.625000857143,1.897734347539,
    -3.428782306618));
#9674 = VECTOR('',#9675,1.);
#9675 = DIRECTION('',(1.224646799147E-16,1.,1.224646799147E-16));
#9676 = ORIENTED_EDGE('',*,*,#9677,.T.);
#9677 = EDGE_CURVE('',#9670,#9678,#9680,.T.);
#9678 = VERTEX_POINT('',#9679);
#9679 = CARTESIAN_POINT('',(4.625000857143,2.247734347539,
    -3.128782306618));
#9680 = LINE('',#9681,#9682);
#9681 = CARTESIAN_POINT('',(4.625000857143,2.087734347539,
    -3.428782306618));
#9682 = VECTOR('',#9683,1.);
#9683 = DIRECTION('',(5.763043760693E-17,0.470588235294,0.882352941176)
  );
#9684 = ORIENTED_EDGE('',*,*,#9685,.T.);
#9685 = EDGE_CURVE('',#9678,#709,#9686,.T.);
#9686 = LINE('',#9687,#9688);
#9687 = CARTESIAN_POINT('',(4.625000857143,2.247734347539,
    -3.128782306618));
#9688 = VECTOR('',#9689,1.);
#9689 = DIRECTION('',(-1.499759782662E-32,-1.224646799147E-16,1.));
#9690 = ORIENTED_EDGE('',*,*,#708,.F.);
#9691 = PLANE('',#9692);
#9692 = AXIS2_PLACEMENT_3D('',#9693,#9694,#9695);
#9693 = CARTESIAN_POINT('',(4.625000857143,2.512734347539,4.741217693382
    ));
#9694 = DIRECTION('',(1.,-1.224646799147E-16,0.));
#9695 = DIRECTION('',(1.499759782662E-32,1.224646799147E-16,-1.));
#9696 = ADVANCED_FACE('',(#9697),#9708,.T.);
#9697 = FACE_BOUND('',#9698,.T.);
#9698 = EDGE_LOOP('',(#9699,#9700,#9701,#9707));
#9699 = ORIENTED_EDGE('',*,*,#1479,.T.);
#9700 = ORIENTED_EDGE('',*,*,#9570,.F.);
#9701 = ORIENTED_EDGE('',*,*,#9702,.F.);
#9702 = EDGE_CURVE('',#9393,#9562,#9703,.T.);
#9703 = LINE('',#9704,#9705);
#9704 = CARTESIAN_POINT('',(4.375000857143,1.429594984688,4.467679270219
    ));
#9705 = VECTOR('',#9706,1.);
#9706 = DIRECTION('',(1.,-1.224646799147E-16,0.));
#9707 = ORIENTED_EDGE('',*,*,#9392,.T.);
#9708 = PLANE('',#9709);
#9709 = AXIS2_PLACEMENT_3D('',#9710,#9711,#9712);
#9710 = CARTESIAN_POINT('',(4.375000857143,1.429594984688,4.467679270219
    ));
#9711 = DIRECTION('',(-1.17889950941E-16,-0.962644503077,-0.27076846326)
  );
#9712 = DIRECTION('',(1.,-1.224646799147E-16,0.));
#9713 = ADVANCED_FACE('',(#9714),#9720,.T.);
#9714 = FACE_BOUND('',#9715,.T.);
#9715 = EDGE_LOOP('',(#9716,#9717,#9718,#9719));
#9716 = ORIENTED_EDGE('',*,*,#9702,.T.);
#9717 = ORIENTED_EDGE('',*,*,#9561,.F.);
#9718 = ORIENTED_EDGE('',*,*,#9537,.F.);
#9719 = ORIENTED_EDGE('',*,*,#9400,.T.);
#9720 = CYLINDRICAL_SURFACE('',#9721,5.E-02);
#9721 = AXIS2_PLACEMENT_3D('',#9722,#9723,#9724);
#9722 = CARTESIAN_POINT('',(4.375000857143,1.477727209842,4.481217693382
    ));
#9723 = DIRECTION('',(-1.,1.224646799147E-16,0.));
#9724 = DIRECTION('',(1.499759782662E-32,1.224646799147E-16,-1.));
#9725 = ADVANCED_FACE('',(#9726),#9737,.T.);
#9726 = FACE_BOUND('',#9727,.T.);
#9727 = EDGE_LOOP('',(#9728,#9734,#9735,#9736));
#9728 = ORIENTED_EDGE('',*,*,#9729,.T.);
#9729 = EDGE_CURVE('',#9469,#9587,#9730,.T.);
#9730 = LINE('',#9731,#9732);
#9731 = CARTESIAN_POINT('',(4.375000857143,1.377734347539,2.581217693382
    ));
#9732 = VECTOR('',#9733,1.);
#9733 = DIRECTION('',(1.,-1.224646799147E-16,0.));
#9734 = ORIENTED_EDGE('',*,*,#9639,.F.);
#9735 = ORIENTED_EDGE('',*,*,#6029,.F.);
#9736 = ORIENTED_EDGE('',*,*,#9476,.T.);
#9737 = PLANE('',#9738);
#9738 = AXIS2_PLACEMENT_3D('',#9739,#9740,#9741);
#9739 = CARTESIAN_POINT('',(4.375000857143,1.377734347539,2.001217693382
    ));
#9740 = DIRECTION('',(1.224646799147E-16,1.,1.224646799147E-16));
#9741 = DIRECTION('',(-1.,1.224646799147E-16,0.));
#9742 = ADVANCED_FACE('',(#9743),#9754,.T.);
#9743 = FACE_BOUND('',#9744,.T.);
#9744 = EDGE_LOOP('',(#9745,#9751,#9752,#9753));
#9745 = ORIENTED_EDGE('',*,*,#9746,.T.);
#9746 = EDGE_CURVE('',#9461,#9589,#9747,.T.);
#9747 = LINE('',#9748,#9749);
#9748 = CARTESIAN_POINT('',(4.375000857143,0.447734347539,2.581217693382
    ));
#9749 = VECTOR('',#9750,1.);
#9750 = DIRECTION('',(1.,-1.224646799147E-16,0.));
#9751 = ORIENTED_EDGE('',*,*,#9586,.F.);
#9752 = ORIENTED_EDGE('',*,*,#9729,.F.);
#9753 = ORIENTED_EDGE('',*,*,#9468,.T.);
#9754 = PLANE('',#9755);
#9755 = AXIS2_PLACEMENT_3D('',#9756,#9757,#9758);
#9756 = CARTESIAN_POINT('',(4.375000857143,1.377734347539,2.581217693382
    ));
#9757 = DIRECTION('',(-1.499759782662E-32,-1.224646799147E-16,1.));
#9758 = DIRECTION('',(-1.224646799147E-16,-1.,-1.224646799147E-16));
#9759 = ADVANCED_FACE('',(#9760),#9771,.T.);
#9760 = FACE_BOUND('',#9761,.T.);
#9761 = EDGE_LOOP('',(#9762,#9768,#9769,#9770));
#9762 = ORIENTED_EDGE('',*,*,#9763,.T.);
#9763 = EDGE_CURVE('',#9453,#9597,#9764,.T.);
#9764 = LINE('',#9765,#9766);
#9765 = CARTESIAN_POINT('',(4.375000857143,0.447734347539,3.881217693382
    ));
#9766 = VECTOR('',#9767,1.);
#9767 = DIRECTION('',(1.,-1.224646799147E-16,0.));
#9768 = ORIENTED_EDGE('',*,*,#9596,.F.);
#9769 = ORIENTED_EDGE('',*,*,#9746,.F.);
#9770 = ORIENTED_EDGE('',*,*,#9460,.T.);
#9771 = PLANE('',#9772);
#9772 = AXIS2_PLACEMENT_3D('',#9773,#9774,#9775);
#9773 = CARTESIAN_POINT('',(4.375000857143,0.447734347539,2.581217693382
    ));
#9774 = DIRECTION('',(1.224646799147E-16,1.,1.224646799147E-16));
#9775 = DIRECTION('',(-1.,1.224646799147E-16,0.));
#9776 = ADVANCED_FACE('',(#9777),#9788,.T.);
#9777 = FACE_BOUND('',#9778,.T.);
#9778 = EDGE_LOOP('',(#9779,#9785,#9786,#9787));
#9779 = ORIENTED_EDGE('',*,*,#9780,.T.);
#9780 = EDGE_CURVE('',#9444,#9605,#9781,.T.);
#9781 = LINE('',#9782,#9783);
#9782 = CARTESIAN_POINT('',(4.375000857143,0.602678382526,4.199322669419
    ));
#9783 = VECTOR('',#9784,1.);
#9784 = DIRECTION('',(1.,-1.224646799147E-16,0.));
#9785 = ORIENTED_EDGE('',*,*,#9604,.F.);
#9786 = ORIENTED_EDGE('',*,*,#9763,.F.);
#9787 = ORIENTED_EDGE('',*,*,#9452,.T.);
#9788 = PLANE('',#9789);
#9789 = AXIS2_PLACEMENT_3D('',#9790,#9791,#9792);
#9790 = CARTESIAN_POINT('',(4.375000857143,0.447734347539,3.881217693382
    ));
#9791 = DIRECTION('',(1.100986194907E-16,0.89902345368,-0.437900479257)
  );
#9792 = DIRECTION('',(-1.,1.224646799147E-16,0.));
#9793 = ADVANCED_FACE('',(#9794),#9805,.T.);
#9794 = FACE_BOUND('',#9795,.T.);
#9795 = EDGE_LOOP('',(#9796,#9802,#9803,#9804));
#9796 = ORIENTED_EDGE('',*,*,#9797,.T.);
#9797 = EDGE_CURVE('',#9436,#9613,#9798,.T.);
#9798 = LINE('',#9799,#9800);
#9799 = CARTESIAN_POINT('',(4.375000857143,0.605859434996,4.234756116545
    ));
#9800 = VECTOR('',#9801,1.);
#9801 = DIRECTION('',(1.,-1.224646799147E-16,0.));
#9802 = ORIENTED_EDGE('',*,*,#9612,.F.);
#9803 = ORIENTED_EDGE('',*,*,#9780,.F.);
#9804 = ORIENTED_EDGE('',*,*,#9443,.T.);
#9805 = CYLINDRICAL_SURFACE('',#9806,5.E-02);
#9806 = AXIS2_PLACEMENT_3D('',#9807,#9808,#9809);
#9807 = CARTESIAN_POINT('',(4.375000857143,0.557727209842,4.221217693382
    ));
#9808 = DIRECTION('',(-1.,1.224646799147E-16,0.));
#9809 = DIRECTION('',(1.499759782662E-32,1.224646799147E-16,-1.));
#9810 = ADVANCED_FACE('',(#9811),#9822,.T.);
#9811 = FACE_BOUND('',#9812,.T.);
#9812 = EDGE_LOOP('',(#9813,#9819,#9820,#9821));
#9813 = ORIENTED_EDGE('',*,*,#9814,.T.);
#9814 = EDGE_CURVE('',#9427,#9622,#9815,.T.);
#9815 = LINE('',#9816,#9817);
#9816 = CARTESIAN_POINT('',(4.375000857143,0.398537662164,4.971832962871
    ));
#9817 = VECTOR('',#9818,1.);
#9818 = DIRECTION('',(1.,-1.224646799147E-16,0.));
#9819 = ORIENTED_EDGE('',*,*,#9621,.F.);
#9820 = ORIENTED_EDGE('',*,*,#9797,.F.);
#9821 = ORIENTED_EDGE('',*,*,#9435,.T.);
#9822 = PLANE('',#9823);
#9823 = AXIS2_PLACEMENT_3D('',#9824,#9825,#9826);
#9824 = CARTESIAN_POINT('',(4.375000857143,0.605859434996,4.234756116545
    ));
#9825 = DIRECTION('',(1.17889950941E-16,0.962644503077,0.27076846326));
#9826 = DIRECTION('',(1.,-1.224646799147E-16,0.));
#9827 = ADVANCED_FACE('',(#9828),#9834,.T.);
#9828 = FACE_BOUND('',#9829,.T.);
#9829 = EDGE_LOOP('',(#9830,#9831,#9832,#9833));
#9830 = ORIENTED_EDGE('',*,*,#5190,.T.);
#9831 = ORIENTED_EDGE('',*,*,#9629,.F.);
#9832 = ORIENTED_EDGE('',*,*,#9814,.F.);
#9833 = ORIENTED_EDGE('',*,*,#9426,.T.);
#9834 = CYLINDRICAL_SURFACE('',#9835,0.15);
#9835 = AXIS2_PLACEMENT_3D('',#9836,#9837,#9838);
#9836 = CARTESIAN_POINT('',(4.375000857143,0.254140986703,4.931217693382
    ));
#9837 = DIRECTION('',(-1.,1.224646799147E-16,0.));
#9838 = DIRECTION('',(1.499759782662E-32,1.224646799147E-16,-1.));
#9839 = ADVANCED_FACE('',(#9840),#9851,.T.);
#9840 = FACE_BOUND('',#9841,.T.);
#9841 = EDGE_LOOP('',(#9842,#9843,#9849,#9850));
#9842 = ORIENTED_EDGE('',*,*,#9685,.F.);
#9843 = ORIENTED_EDGE('',*,*,#9844,.F.);
#9844 = EDGE_CURVE('',#9491,#9678,#9845,.T.);
#9845 = LINE('',#9846,#9847);
#9846 = CARTESIAN_POINT('',(4.375000857143,2.247734347539,
    -3.128782306618));
#9847 = VECTOR('',#9848,1.);
#9848 = DIRECTION('',(1.,-1.224646799147E-16,0.));
#9849 = ORIENTED_EDGE('',*,*,#9490,.T.);
#9850 = ORIENTED_EDGE('',*,*,#716,.T.);
#9851 = PLANE('',#9852);
#9852 = AXIS2_PLACEMENT_3D('',#9853,#9854,#9855);
#9853 = CARTESIAN_POINT('',(4.375000857143,2.247734347539,
    -3.128782306618));
#9854 = DIRECTION('',(1.224646799147E-16,1.,1.224646799147E-16));
#9855 = DIRECTION('',(-1.,1.224646799147E-16,0.));
#9856 = ADVANCED_FACE('',(#9857),#9868,.T.);
#9857 = FACE_BOUND('',#9858,.T.);
#9858 = EDGE_LOOP('',(#9859,#9860,#9861,#9867));
#9859 = ORIENTED_EDGE('',*,*,#9844,.T.);
#9860 = ORIENTED_EDGE('',*,*,#9677,.F.);
#9861 = ORIENTED_EDGE('',*,*,#9862,.F.);
#9862 = EDGE_CURVE('',#9499,#9670,#9863,.T.);
#9863 = LINE('',#9864,#9865);
#9864 = CARTESIAN_POINT('',(4.375000857143,2.087734347539,
    -3.428782306618));
#9865 = VECTOR('',#9866,1.);
#9866 = DIRECTION('',(1.,-1.224646799147E-16,0.));
#9867 = ORIENTED_EDGE('',*,*,#9498,.T.);
#9868 = PLANE('',#9869);
#9869 = AXIS2_PLACEMENT_3D('',#9870,#9871,#9872);
#9870 = CARTESIAN_POINT('',(4.375000857143,2.087734347539,
    -3.428782306618));
#9871 = DIRECTION('',(1.08057070513E-16,0.882352941176,-0.470588235294)
  );
#9872 = DIRECTION('',(-1.,1.224646799147E-16,0.));
#9873 = ADVANCED_FACE('',(#9874),#9885,.T.);
#9874 = FACE_BOUND('',#9875,.T.);
#9875 = EDGE_LOOP('',(#9876,#9877,#9878,#9884));
#9876 = ORIENTED_EDGE('',*,*,#9862,.T.);
#9877 = ORIENTED_EDGE('',*,*,#9669,.F.);
#9878 = ORIENTED_EDGE('',*,*,#9879,.F.);
#9879 = EDGE_CURVE('',#9507,#9662,#9880,.T.);
#9880 = LINE('',#9881,#9882);
#9881 = CARTESIAN_POINT('',(4.375000857143,1.897734347539,
    -3.428782306618));
#9882 = VECTOR('',#9883,1.);
#9883 = DIRECTION('',(1.,-1.224646799147E-16,0.));
#9884 = ORIENTED_EDGE('',*,*,#9506,.T.);
#9885 = PLANE('',#9886);
#9886 = AXIS2_PLACEMENT_3D('',#9887,#9888,#9889);
#9887 = CARTESIAN_POINT('',(4.375000857143,1.897734347539,
    -3.428782306618));
#9888 = DIRECTION('',(1.499759782662E-32,1.224646799147E-16,-1.));
#9889 = DIRECTION('',(-1.,1.224646799147E-16,0.));
#9890 = ADVANCED_FACE('',(#9891),#9902,.T.);
#9891 = FACE_BOUND('',#9892,.T.);
#9892 = EDGE_LOOP('',(#9893,#9894,#9895,#9901));
#9893 = ORIENTED_EDGE('',*,*,#9879,.T.);
#9894 = ORIENTED_EDGE('',*,*,#9661,.F.);
#9895 = ORIENTED_EDGE('',*,*,#9896,.F.);
#9896 = EDGE_CURVE('',#9515,#9654,#9897,.T.);
#9897 = LINE('',#9898,#9899);
#9898 = CARTESIAN_POINT('',(4.375000857143,1.747734347539,
    -3.128782306618));
#9899 = VECTOR('',#9900,1.);
#9900 = DIRECTION('',(1.,-1.224646799147E-16,0.));
#9901 = ORIENTED_EDGE('',*,*,#9514,.T.);
#9902 = PLANE('',#9903);
#9903 = AXIS2_PLACEMENT_3D('',#9904,#9905,#9906);
#9904 = CARTESIAN_POINT('',(4.375000857143,1.747734347539,
    -3.128782306618));
#9905 = DIRECTION('',(-1.095357396528E-16,-0.894427191,-0.4472135955));
#9906 = DIRECTION('',(1.,-1.224646799147E-16,0.));
#9907 = ADVANCED_FACE('',(#9908),#9914,.T.);
#9908 = FACE_BOUND('',#9909,.T.);
#9909 = EDGE_LOOP('',(#9910,#9911,#9912,#9913));
#9910 = ORIENTED_EDGE('',*,*,#9522,.T.);
#9911 = ORIENTED_EDGE('',*,*,#9896,.T.);
#9912 = ORIENTED_EDGE('',*,*,#9653,.F.);
#9913 = ORIENTED_EDGE('',*,*,#698,.F.);
#9914 = PLANE('',#9915);
#9915 = AXIS2_PLACEMENT_3D('',#9916,#9917,#9918);
#9916 = CARTESIAN_POINT('',(4.375000857143,1.747734347539,
    -1.878230661791E-02));
#9917 = DIRECTION('',(-1.224646799147E-16,-1.,-1.224646799147E-16));
#9918 = DIRECTION('',(-1.499759782662E-32,-1.224646799147E-16,1.));
#9919 = ADVANCED_FACE('',(#9920),#9961,.F.);
#9920 = FACE_BOUND('',#9921,.T.);
#9921 = EDGE_LOOP('',(#9922,#9923,#9931,#9939,#9947,#9955));
#9922 = ORIENTED_EDGE('',*,*,#520,.T.);
#9923 = ORIENTED_EDGE('',*,*,#9924,.F.);
#9924 = EDGE_CURVE('',#9925,#513,#9927,.T.);
#9925 = VERTEX_POINT('',#9926);
#9926 = CARTESIAN_POINT('',(5.875000857143,0.217734347539,
    -3.128782306618));
#9927 = LINE('',#9928,#9929);
#9928 = CARTESIAN_POINT('',(5.875000857143,0.217734347539,
    -3.128782306618));
#9929 = VECTOR('',#9930,1.);
#9930 = DIRECTION('',(-1.499759782662E-32,-1.224646799147E-16,1.));
#9931 = ORIENTED_EDGE('',*,*,#9932,.F.);
#9932 = EDGE_CURVE('',#9933,#9925,#9935,.T.);
#9933 = VERTEX_POINT('',#9934);
#9934 = CARTESIAN_POINT('',(5.875000857143,6.773434753874E-02,
    -3.428782306618));
#9935 = LINE('',#9936,#9937);
#9936 = CARTESIAN_POINT('',(5.875000857143,6.773434753874E-02,
    -3.428782306618));
#9937 = VECTOR('',#9938,1.);
#9938 = DIRECTION('',(5.476786982643E-17,0.4472135955,0.894427191));
#9939 = ORIENTED_EDGE('',*,*,#9940,.F.);
#9940 = EDGE_CURVE('',#9941,#9933,#9943,.T.);
#9941 = VERTEX_POINT('',#9942);
#9942 = CARTESIAN_POINT('',(5.875000857143,-8.226565246126E-02,
    -3.428782306618));
#9943 = LINE('',#9944,#9945);
#9944 = CARTESIAN_POINT('',(5.875000857143,-8.226565246126E-02,
    -3.428782306618));
#9945 = VECTOR('',#9946,1.);
#9946 = DIRECTION('',(1.224646799147E-16,1.,1.224646799147E-16));
#9947 = ORIENTED_EDGE('',*,*,#9948,.F.);
#9948 = EDGE_CURVE('',#9949,#9941,#9951,.T.);
#9949 = VERTEX_POINT('',#9950);
#9950 = CARTESIAN_POINT('',(5.875000857143,-0.232265652461,
    -3.028782306618));
#9951 = LINE('',#9952,#9953);
#9952 = CARTESIAN_POINT('',(5.875000857143,-0.232265652461,
    -3.028782306618));
#9953 = VECTOR('',#9954,1.);
#9954 = DIRECTION('',(4.300021988469E-17,0.351123441588,-0.936329177569)
  );
#9955 = ORIENTED_EDGE('',*,*,#9956,.F.);
#9956 = EDGE_CURVE('',#495,#9949,#9957,.T.);
#9957 = LINE('',#9958,#9959);
#9958 = CARTESIAN_POINT('',(5.875000857143,-0.252265652461,
    -2.878230661791E-02));
#9959 = VECTOR('',#9960,1.);
#9960 = DIRECTION('',(8.164130571207E-19,6.666518523456E-03,
    -0.999977778518));
#9961 = PLANE('',#9962);
#9962 = AXIS2_PLACEMENT_3D('',#9963,#9964,#9965);
#9963 = CARTESIAN_POINT('',(5.875000857143,2.512734347539,4.741217693382
    ));
#9964 = DIRECTION('',(1.,-1.224646799147E-16,0.));
#9965 = DIRECTION('',(1.499759782662E-32,1.224646799147E-16,-1.));
#9966 = ADVANCED_FACE('',(#9967),#10028,.F.);
#9967 = FACE_BOUND('',#9968,.T.);
#9968 = EDGE_LOOP('',(#9969,#9978,#9986,#9995,#10003,#10011,#10019,
    #10025,#10026,#10027));
#9969 = ORIENTED_EDGE('',*,*,#9970,.F.);
#9970 = EDGE_CURVE('',#9971,#5159,#9973,.T.);
#9971 = VERTEX_POINT('',#9972);
#9972 = CARTESIAN_POINT('',(5.875000857143,0.398537662164,4.971832962871
    ));
#9973 = CIRCLE('',#9974,0.15);
#9974 = AXIS2_PLACEMENT_3D('',#9975,#9976,#9977);
#9975 = CARTESIAN_POINT('',(5.875000857143,0.254140986703,4.931217693382
    ));
#9976 = DIRECTION('',(1.,-1.224646799147E-16,0.));
#9977 = DIRECTION('',(1.17889950941E-16,0.962644503077,0.27076846326));
#9978 = ORIENTED_EDGE('',*,*,#9979,.F.);
#9979 = EDGE_CURVE('',#9980,#9971,#9982,.T.);
#9980 = VERTEX_POINT('',#9981);
#9981 = CARTESIAN_POINT('',(5.875000857143,0.605859434996,4.234756116545
    ));
#9982 = LINE('',#9983,#9984);
#9983 = CARTESIAN_POINT('',(5.875000857143,0.605859434996,4.234756116545
    ));
#9984 = VECTOR('',#9985,1.);
#9985 = DIRECTION('',(-3.315957318415E-17,-0.27076846326,0.962644503077)
  );
#9986 = ORIENTED_EDGE('',*,*,#9987,.F.);
#9987 = EDGE_CURVE('',#9988,#9980,#9990,.T.);
#9988 = VERTEX_POINT('',#9989);
#9989 = CARTESIAN_POINT('',(5.875000857143,0.602678382526,4.199322669419
    ));
#9990 = CIRCLE('',#9991,5.E-02);
#9991 = AXIS2_PLACEMENT_3D('',#9992,#9993,#9994);
#9992 = CARTESIAN_POINT('',(5.875000857143,0.557727209842,4.221217693382
    ));
#9993 = DIRECTION('',(1.,-1.224646799147E-16,6.162975822039E-33));
#9994 = DIRECTION('',(1.100986194907E-16,0.89902345368,-0.437900479257)
  );
#9995 = ORIENTED_EDGE('',*,*,#9996,.F.);
#9996 = EDGE_CURVE('',#9997,#9988,#9999,.T.);
#9997 = VERTEX_POINT('',#9998);
#9998 = CARTESIAN_POINT('',(5.875000857143,0.447734347539,3.881217693382
    ));
#9999 = LINE('',#10000,#10001);
#10000 = CARTESIAN_POINT('',(5.875000857143,0.447734347539,
    3.881217693382));
#10001 = VECTOR('',#10002,1.);
#10002 = DIRECTION('',(5.362734202678E-17,0.437900479257,0.89902345368)
  );
#10003 = ORIENTED_EDGE('',*,*,#10004,.F.);
#10004 = EDGE_CURVE('',#10005,#9997,#10007,.T.);
#10005 = VERTEX_POINT('',#10006);
#10006 = CARTESIAN_POINT('',(5.875000857143,0.447734347539,
    2.581217693382));
#10007 = LINE('',#10008,#10009);
#10008 = CARTESIAN_POINT('',(5.875000857143,0.447734347539,
    2.581217693382));
#10009 = VECTOR('',#10010,1.);
#10010 = DIRECTION('',(-1.499759782662E-32,-1.224646799147E-16,1.));
#10011 = ORIENTED_EDGE('',*,*,#10012,.F.);
#10012 = EDGE_CURVE('',#10013,#10005,#10015,.T.);
#10013 = VERTEX_POINT('',#10014);
#10014 = CARTESIAN_POINT('',(5.875000857143,1.377734347539,
    2.581217693382));
#10015 = LINE('',#10016,#10017);
#10016 = CARTESIAN_POINT('',(5.875000857143,1.377734347539,
    2.581217693382));
#10017 = VECTOR('',#10018,1.);
#10018 = DIRECTION('',(-1.224646799147E-16,-1.,-1.224646799147E-16));
#10019 = ORIENTED_EDGE('',*,*,#10020,.F.);
#10020 = EDGE_CURVE('',#6054,#10013,#10021,.T.);
#10021 = LINE('',#10022,#10023);
#10022 = CARTESIAN_POINT('',(5.875000857143,1.377734347539,
    2.471217693382));
#10023 = VECTOR('',#10024,1.);
#10024 = DIRECTION('',(-1.499759782662E-32,-1.224646799147E-16,1.));
#10025 = ORIENTED_EDGE('',*,*,#6053,.F.);
#10026 = ORIENTED_EDGE('',*,*,#6427,.F.);
#10027 = ORIENTED_EDGE('',*,*,#5166,.T.);
#10028 = PLANE('',#10029);
#10029 = AXIS2_PLACEMENT_3D('',#10030,#10031,#10032);
#10030 = CARTESIAN_POINT('',(5.875000857143,2.512734347539,
    4.741217693382));
#10031 = DIRECTION('',(1.,-1.224646799147E-16,0.));
#10032 = DIRECTION('',(1.499759782662E-32,1.224646799147E-16,-1.));
#10033 = ADVANCED_FACE('',(#10034),#10060,.F.);
#10034 = FACE_BOUND('',#10035,.T.);
#10035 = EDGE_LOOP('',(#10036,#10044,#10053,#10059));
#10036 = ORIENTED_EDGE('',*,*,#10037,.F.);
#10037 = EDGE_CURVE('',#10038,#1276,#10040,.T.);
#10038 = VERTEX_POINT('',#10039);
#10039 = CARTESIAN_POINT('',(5.875000857143,1.429594984688,
    4.467679270219));
#10040 = LINE('',#10041,#10042);
#10041 = CARTESIAN_POINT('',(5.875000857143,1.429594984688,
    4.467679270219));
#10042 = VECTOR('',#10043,1.);
#10043 = DIRECTION('',(3.315957318415E-17,0.27076846326,-0.962644503077)
  );
#10044 = ORIENTED_EDGE('',*,*,#10045,.F.);
#10045 = EDGE_CURVE('',#10046,#10038,#10048,.T.);
#10046 = VERTEX_POINT('',#10047);
#10047 = CARTESIAN_POINT('',(5.875000857143,1.432776037158,
    4.503112717345));
#10048 = CIRCLE('',#10049,5.E-02);
#10049 = AXIS2_PLACEMENT_3D('',#10050,#10051,#10052);
#10050 = CARTESIAN_POINT('',(5.875000857143,1.477727209842,
    4.481217693382));
#10051 = DIRECTION('',(1.,-1.224646799147E-16,6.162975822039E-33));
#10052 = DIRECTION('',(-1.100986194907E-16,-0.89902345368,0.437900479257
    ));
#10053 = ORIENTED_EDGE('',*,*,#10054,.F.);
#10054 = EDGE_CURVE('',#1258,#10046,#10055,.T.);
#10055 = LINE('',#10056,#10057);
#10056 = CARTESIAN_POINT('',(5.875000857143,1.647734347539,
    4.944428887914));
#10057 = VECTOR('',#10058,1.);
#10058 = DIRECTION('',(-5.362734202678E-17,-0.437900479257,
    -0.89902345368));
#10059 = ORIENTED_EDGE('',*,*,#1283,.F.);
#10060 = PLANE('',#10061);
#10061 = AXIS2_PLACEMENT_3D('',#10062,#10063,#10064);
#10062 = CARTESIAN_POINT('',(5.875000857143,2.512734347539,
    4.741217693382));
#10063 = DIRECTION('',(1.,-1.224646799147E-16,0.));
#10064 = DIRECTION('',(1.499759782662E-32,1.224646799147E-16,-1.));
#10065 = ADVANCED_FACE('',(#10066),#10084,.T.);
#10066 = FACE_BOUND('',#10067,.T.);
#10067 = EDGE_LOOP('',(#10068,#10076,#10082,#10083));
#10068 = ORIENTED_EDGE('',*,*,#10069,.T.);
#10069 = EDGE_CURVE('',#9949,#10070,#10072,.T.);
#10070 = VERTEX_POINT('',#10071);
#10071 = CARTESIAN_POINT('',(6.125000857143,-0.232265652461,
    -3.028782306618));
#10072 = LINE('',#10073,#10074);
#10073 = CARTESIAN_POINT('',(5.875000857143,-0.232265652461,
    -3.028782306618));
#10074 = VECTOR('',#10075,1.);
#10075 = DIRECTION('',(1.,-1.224646799147E-16,0.));
#10076 = ORIENTED_EDGE('',*,*,#10077,.F.);
#10077 = EDGE_CURVE('',#497,#10070,#10078,.T.);
#10078 = LINE('',#10079,#10080);
#10079 = CARTESIAN_POINT('',(6.125000857143,-0.252265652461,
    -2.878230661791E-02));
#10080 = VECTOR('',#10081,1.);
#10081 = DIRECTION('',(8.164130571207E-19,6.666518523456E-03,
    -0.999977778518));
#10082 = ORIENTED_EDGE('',*,*,#494,.F.);
#10083 = ORIENTED_EDGE('',*,*,#9956,.T.);
#10084 = PLANE('',#10085);
#10085 = AXIS2_PLACEMENT_3D('',#10086,#10087,#10088);
#10086 = CARTESIAN_POINT('',(5.875000857143,-0.252265652461,
    -2.878230661791E-02));
#10087 = DIRECTION('',(-1.224619585681E-16,-0.999977778518,
    -6.666518523457E-03));
#10088 = DIRECTION('',(1.,-1.224646799147E-16,0.));
#10089 = ADVANCED_FACE('',(#10090),#10124,.T.);
#10090 = FACE_BOUND('',#10091,.T.);
#10091 = EDGE_LOOP('',(#10092,#10100,#10108,#10116,#10122,#10123));
#10092 = ORIENTED_EDGE('',*,*,#10093,.T.);
#10093 = EDGE_CURVE('',#10070,#10094,#10096,.T.);
#10094 = VERTEX_POINT('',#10095);
#10095 = CARTESIAN_POINT('',(6.125000857143,-8.226565246126E-02,
    -3.428782306618));
#10096 = LINE('',#10097,#10098);
#10097 = CARTESIAN_POINT('',(6.125000857143,-0.232265652461,
    -3.028782306618));
#10098 = VECTOR('',#10099,1.);
#10099 = DIRECTION('',(4.300021988469E-17,0.351123441588,-0.936329177569
    ));
#10100 = ORIENTED_EDGE('',*,*,#10101,.T.);
#10101 = EDGE_CURVE('',#10094,#10102,#10104,.T.);
#10102 = VERTEX_POINT('',#10103);
#10103 = CARTESIAN_POINT('',(6.125000857143,6.773434753874E-02,
    -3.428782306618));
#10104 = LINE('',#10105,#10106);
#10105 = CARTESIAN_POINT('',(6.125000857143,-8.226565246126E-02,
    -3.428782306618));
#10106 = VECTOR('',#10107,1.);
#10107 = DIRECTION('',(1.224646799147E-16,1.,1.224646799147E-16));
#10108 = ORIENTED_EDGE('',*,*,#10109,.T.);
#10109 = EDGE_CURVE('',#10102,#10110,#10112,.T.);
#10110 = VERTEX_POINT('',#10111);
#10111 = CARTESIAN_POINT('',(6.125000857143,0.217734347539,
    -3.128782306618));
#10112 = LINE('',#10113,#10114);
#10113 = CARTESIAN_POINT('',(6.125000857143,6.773434753874E-02,
    -3.428782306618));
#10114 = VECTOR('',#10115,1.);
#10115 = DIRECTION('',(5.476786982643E-17,0.4472135955,0.894427191));
#10116 = ORIENTED_EDGE('',*,*,#10117,.T.);
#10117 = EDGE_CURVE('',#10110,#505,#10118,.T.);
#10118 = LINE('',#10119,#10120);
#10119 = CARTESIAN_POINT('',(6.125000857143,0.217734347539,
    -3.128782306618));
#10120 = VECTOR('',#10121,1.);
#10121 = DIRECTION('',(-1.499759782662E-32,-1.224646799147E-16,1.));
#10122 = ORIENTED_EDGE('',*,*,#504,.F.);
#10123 = ORIENTED_EDGE('',*,*,#10077,.T.);
#10124 = PLANE('',#10125);
#10125 = AXIS2_PLACEMENT_3D('',#10126,#10127,#10128);
#10126 = CARTESIAN_POINT('',(6.125000857143,2.512734347539,
    4.741217693382));
#10127 = DIRECTION('',(1.,-1.224646799147E-16,0.));
#10128 = DIRECTION('',(1.499759782662E-32,1.224646799147E-16,-1.));
#10129 = ADVANCED_FACE('',(#10130),#10191,.T.);
#10130 = FACE_BOUND('',#10131,.T.);
#10131 = EDGE_LOOP('',(#10132,#10133,#10134,#10142,#10150,#10158,#10166,
    #10175,#10183,#10190));
#10132 = ORIENTED_EDGE('',*,*,#6449,.T.);
#10133 = ORIENTED_EDGE('',*,*,#6069,.T.);
#10134 = ORIENTED_EDGE('',*,*,#10135,.T.);
#10135 = EDGE_CURVE('',#6062,#10136,#10138,.T.);
#10136 = VERTEX_POINT('',#10137);
#10137 = CARTESIAN_POINT('',(6.125000857143,1.377734347539,
    2.581217693382));
#10138 = LINE('',#10139,#10140);
#10139 = CARTESIAN_POINT('',(6.125000857143,1.377734347539,
    2.471217693382));
#10140 = VECTOR('',#10141,1.);
#10141 = DIRECTION('',(-1.499759782662E-32,-1.224646799147E-16,1.));
#10142 = ORIENTED_EDGE('',*,*,#10143,.T.);
#10143 = EDGE_CURVE('',#10136,#10144,#10146,.T.);
#10144 = VERTEX_POINT('',#10145);
#10145 = CARTESIAN_POINT('',(6.125000857143,0.447734347539,
    2.581217693382));
#10146 = LINE('',#10147,#10148);
#10147 = CARTESIAN_POINT('',(6.125000857143,1.377734347539,
    2.581217693382));
#10148 = VECTOR('',#10149,1.);
#10149 = DIRECTION('',(-1.224646799147E-16,-1.,-1.224646799147E-16));
#10150 = ORIENTED_EDGE('',*,*,#10151,.T.);
#10151 = EDGE_CURVE('',#10144,#10152,#10154,.T.);
#10152 = VERTEX_POINT('',#10153);
#10153 = CARTESIAN_POINT('',(6.125000857143,0.447734347539,
    3.881217693382));
#10154 = LINE('',#10155,#10156);
#10155 = CARTESIAN_POINT('',(6.125000857143,0.447734347539,
    2.581217693382));
#10156 = VECTOR('',#10157,1.);
#10157 = DIRECTION('',(-1.499759782662E-32,-1.224646799147E-16,1.));
#10158 = ORIENTED_EDGE('',*,*,#10159,.T.);
#10159 = EDGE_CURVE('',#10152,#10160,#10162,.T.);
#10160 = VERTEX_POINT('',#10161);
#10161 = CARTESIAN_POINT('',(6.125000857143,0.602678382526,
    4.199322669419));
#10162 = LINE('',#10163,#10164);
#10163 = CARTESIAN_POINT('',(6.125000857143,0.447734347539,
    3.881217693382));
#10164 = VECTOR('',#10165,1.);
#10165 = DIRECTION('',(5.362734202678E-17,0.437900479257,0.89902345368)
  );
#10166 = ORIENTED_EDGE('',*,*,#10167,.T.);
#10167 = EDGE_CURVE('',#10160,#10168,#10170,.T.);
#10168 = VERTEX_POINT('',#10169);
#10169 = CARTESIAN_POINT('',(6.125000857143,0.605859434996,
    4.234756116545));
#10170 = CIRCLE('',#10171,5.E-02);
#10171 = AXIS2_PLACEMENT_3D('',#10172,#10173,#10174);
#10172 = CARTESIAN_POINT('',(6.125000857143,0.557727209842,
    4.221217693382));
#10173 = DIRECTION('',(1.,-1.224646799147E-16,6.162975822039E-33));
#10174 = DIRECTION('',(1.100986194907E-16,0.89902345368,-0.437900479257)
  );
#10175 = ORIENTED_EDGE('',*,*,#10176,.T.);
#10176 = EDGE_CURVE('',#10168,#10177,#10179,.T.);
#10177 = VERTEX_POINT('',#10178);
#10178 = CARTESIAN_POINT('',(6.125000857143,0.398537662164,
    4.971832962871));
#10179 = LINE('',#10180,#10181);
#10180 = CARTESIAN_POINT('',(6.125000857143,0.605859434996,
    4.234756116545));
#10181 = VECTOR('',#10182,1.);
#10182 = DIRECTION('',(-3.315957318415E-17,-0.27076846326,0.962644503077
    ));
#10183 = ORIENTED_EDGE('',*,*,#10184,.T.);
#10184 = EDGE_CURVE('',#10177,#5151,#10185,.T.);
#10185 = CIRCLE('',#10186,0.15);
#10186 = AXIS2_PLACEMENT_3D('',#10187,#10188,#10189);
#10187 = CARTESIAN_POINT('',(6.125000857143,0.254140986703,
    4.931217693382));
#10188 = DIRECTION('',(1.,-1.224646799147E-16,0.));
#10189 = DIRECTION('',(1.17889950941E-16,0.962644503077,0.27076846326));
#10190 = ORIENTED_EDGE('',*,*,#5150,.F.);
#10191 = PLANE('',#10192);
#10192 = AXIS2_PLACEMENT_3D('',#10193,#10194,#10195);
#10193 = CARTESIAN_POINT('',(6.125000857143,2.512734347539,
    4.741217693382));
#10194 = DIRECTION('',(1.,-1.224646799147E-16,0.));
#10195 = DIRECTION('',(1.499759782662E-32,1.224646799147E-16,-1.));
#10196 = ADVANCED_FACE('',(#10197),#10223,.T.);
#10197 = FACE_BOUND('',#10198,.T.);
#10198 = EDGE_LOOP('',(#10199,#10207,#10216,#10222));
#10199 = ORIENTED_EDGE('',*,*,#10200,.T.);
#10200 = EDGE_CURVE('',#1260,#10201,#10203,.T.);
#10201 = VERTEX_POINT('',#10202);
#10202 = CARTESIAN_POINT('',(6.125000857143,1.432776037158,
    4.503112717345));
#10203 = LINE('',#10204,#10205);
#10204 = CARTESIAN_POINT('',(6.125000857143,1.647734347539,
    4.944428887914));
#10205 = VECTOR('',#10206,1.);
#10206 = DIRECTION('',(-5.362734202678E-17,-0.437900479257,
    -0.89902345368));
#10207 = ORIENTED_EDGE('',*,*,#10208,.T.);
#10208 = EDGE_CURVE('',#10201,#10209,#10211,.T.);
#10209 = VERTEX_POINT('',#10210);
#10210 = CARTESIAN_POINT('',(6.125000857143,1.429594984688,
    4.467679270219));
#10211 = CIRCLE('',#10212,5.E-02);
#10212 = AXIS2_PLACEMENT_3D('',#10213,#10214,#10215);
#10213 = CARTESIAN_POINT('',(6.125000857143,1.477727209842,
    4.481217693382));
#10214 = DIRECTION('',(1.,-1.224646799147E-16,6.162975822039E-33));
#10215 = DIRECTION('',(-1.100986194907E-16,-0.89902345368,0.437900479257
    ));
#10216 = ORIENTED_EDGE('',*,*,#10217,.T.);
#10217 = EDGE_CURVE('',#10209,#1268,#10218,.T.);
#10218 = LINE('',#10219,#10220);
#10219 = CARTESIAN_POINT('',(6.125000857143,1.429594984688,
    4.467679270219));
#10220 = VECTOR('',#10221,1.);
#10221 = DIRECTION('',(3.315957318415E-17,0.27076846326,-0.962644503077)
  );
#10222 = ORIENTED_EDGE('',*,*,#1267,.T.);
#10223 = PLANE('',#10224);
#10224 = AXIS2_PLACEMENT_3D('',#10225,#10226,#10227);
#10225 = CARTESIAN_POINT('',(6.125000857143,2.512734347539,
    4.741217693382));
#10226 = DIRECTION('',(1.,-1.224646799147E-16,0.));
#10227 = DIRECTION('',(1.499759782662E-32,1.224646799147E-16,-1.));
#10228 = ADVANCED_FACE('',(#10229),#10240,.T.);
#10229 = FACE_BOUND('',#10230,.T.);
#10230 = EDGE_LOOP('',(#10231,#10232,#10238,#10239));
#10231 = ORIENTED_EDGE('',*,*,#10117,.F.);
#10232 = ORIENTED_EDGE('',*,*,#10233,.F.);
#10233 = EDGE_CURVE('',#9925,#10110,#10234,.T.);
#10234 = LINE('',#10235,#10236);
#10235 = CARTESIAN_POINT('',(5.875000857143,0.217734347539,
    -3.128782306618));
#10236 = VECTOR('',#10237,1.);
#10237 = DIRECTION('',(1.,-1.224646799147E-16,0.));
#10238 = ORIENTED_EDGE('',*,*,#9924,.T.);
#10239 = ORIENTED_EDGE('',*,*,#512,.T.);
#10240 = PLANE('',#10241);
#10241 = AXIS2_PLACEMENT_3D('',#10242,#10243,#10244);
#10242 = CARTESIAN_POINT('',(5.875000857143,0.217734347539,
    -3.128782306618));
#10243 = DIRECTION('',(1.224646799147E-16,1.,1.224646799147E-16));
#10244 = DIRECTION('',(-1.,1.224646799147E-16,0.));
#10245 = ADVANCED_FACE('',(#10246),#10257,.T.);
#10246 = FACE_BOUND('',#10247,.T.);
#10247 = EDGE_LOOP('',(#10248,#10249,#10250,#10256));
#10248 = ORIENTED_EDGE('',*,*,#10233,.T.);
#10249 = ORIENTED_EDGE('',*,*,#10109,.F.);
#10250 = ORIENTED_EDGE('',*,*,#10251,.F.);
#10251 = EDGE_CURVE('',#9933,#10102,#10252,.T.);
#10252 = LINE('',#10253,#10254);
#10253 = CARTESIAN_POINT('',(5.875000857143,6.773434753874E-02,
    -3.428782306618));
#10254 = VECTOR('',#10255,1.);
#10255 = DIRECTION('',(1.,-1.224646799147E-16,0.));
#10256 = ORIENTED_EDGE('',*,*,#9932,.T.);
#10257 = PLANE('',#10258);
#10258 = AXIS2_PLACEMENT_3D('',#10259,#10260,#10261);
#10259 = CARTESIAN_POINT('',(5.875000857143,6.773434753874E-02,
    -3.428782306618));
#10260 = DIRECTION('',(1.095357396528E-16,0.894427191,-0.4472135955));
#10261 = DIRECTION('',(-1.,1.224646799147E-16,0.));
#10262 = ADVANCED_FACE('',(#10263),#10274,.T.);
#10263 = FACE_BOUND('',#10264,.T.);
#10264 = EDGE_LOOP('',(#10265,#10266,#10267,#10273));
#10265 = ORIENTED_EDGE('',*,*,#10251,.T.);
#10266 = ORIENTED_EDGE('',*,*,#10101,.F.);
#10267 = ORIENTED_EDGE('',*,*,#10268,.F.);
#10268 = EDGE_CURVE('',#9941,#10094,#10269,.T.);
#10269 = LINE('',#10270,#10271);
#10270 = CARTESIAN_POINT('',(5.875000857143,-8.226565246126E-02,
    -3.428782306618));
#10271 = VECTOR('',#10272,1.);
#10272 = DIRECTION('',(1.,-1.224646799147E-16,0.));
#10273 = ORIENTED_EDGE('',*,*,#9940,.T.);
#10274 = PLANE('',#10275);
#10275 = AXIS2_PLACEMENT_3D('',#10276,#10277,#10278);
#10276 = CARTESIAN_POINT('',(5.875000857143,-8.226565246126E-02,
    -3.428782306618));
#10277 = DIRECTION('',(1.499759782662E-32,1.224646799147E-16,-1.));
#10278 = DIRECTION('',(-1.,1.224646799147E-16,0.));
#10279 = ADVANCED_FACE('',(#10280),#10286,.T.);
#10280 = FACE_BOUND('',#10281,.T.);
#10281 = EDGE_LOOP('',(#10282,#10283,#10284,#10285));
#10282 = ORIENTED_EDGE('',*,*,#10268,.T.);
#10283 = ORIENTED_EDGE('',*,*,#10093,.F.);
#10284 = ORIENTED_EDGE('',*,*,#10069,.F.);
#10285 = ORIENTED_EDGE('',*,*,#9948,.T.);
#10286 = PLANE('',#10287);
#10287 = AXIS2_PLACEMENT_3D('',#10288,#10289,#10290);
#10288 = CARTESIAN_POINT('',(5.875000857143,-0.232265652461,
    -3.028782306618));
#10289 = DIRECTION('',(-1.146672530258E-16,-0.936329177569,
    -0.351123441588));
#10290 = DIRECTION('',(1.,-1.224646799147E-16,0.));
#10291 = ADVANCED_FACE('',(#10292),#10303,.T.);
#10292 = FACE_BOUND('',#10293,.T.);
#10293 = EDGE_LOOP('',(#10294,#10295,#10301,#10302));
#10294 = ORIENTED_EDGE('',*,*,#10184,.F.);
#10295 = ORIENTED_EDGE('',*,*,#10296,.F.);
#10296 = EDGE_CURVE('',#9971,#10177,#10297,.T.);
#10297 = LINE('',#10298,#10299);
#10298 = CARTESIAN_POINT('',(5.875000857143,0.398537662164,
    4.971832962871));
#10299 = VECTOR('',#10300,1.);
#10300 = DIRECTION('',(1.,-1.224646799147E-16,0.));
#10301 = ORIENTED_EDGE('',*,*,#9970,.T.);
#10302 = ORIENTED_EDGE('',*,*,#5158,.T.);
#10303 = CYLINDRICAL_SURFACE('',#10304,0.15);
#10304 = AXIS2_PLACEMENT_3D('',#10305,#10306,#10307);
#10305 = CARTESIAN_POINT('',(5.875000857143,0.254140986703,
    4.931217693382));
#10306 = DIRECTION('',(-1.,1.224646799147E-16,0.));
#10307 = DIRECTION('',(1.499759782662E-32,1.224646799147E-16,-1.));
#10308 = ADVANCED_FACE('',(#10309),#10320,.T.);
#10309 = FACE_BOUND('',#10310,.T.);
#10310 = EDGE_LOOP('',(#10311,#10312,#10313,#10319));
#10311 = ORIENTED_EDGE('',*,*,#10296,.T.);
#10312 = ORIENTED_EDGE('',*,*,#10176,.F.);
#10313 = ORIENTED_EDGE('',*,*,#10314,.F.);
#10314 = EDGE_CURVE('',#9980,#10168,#10315,.T.);
#10315 = LINE('',#10316,#10317);
#10316 = CARTESIAN_POINT('',(5.875000857143,0.605859434996,
    4.234756116545));
#10317 = VECTOR('',#10318,1.);
#10318 = DIRECTION('',(1.,-1.224646799147E-16,0.));
#10319 = ORIENTED_EDGE('',*,*,#9979,.T.);
#10320 = PLANE('',#10321);
#10321 = AXIS2_PLACEMENT_3D('',#10322,#10323,#10324);
#10322 = CARTESIAN_POINT('',(5.875000857143,0.605859434996,
    4.234756116545));
#10323 = DIRECTION('',(1.17889950941E-16,0.962644503077,0.27076846326));
#10324 = DIRECTION('',(1.,-1.224646799147E-16,0.));
#10325 = ADVANCED_FACE('',(#10326),#10337,.T.);
#10326 = FACE_BOUND('',#10327,.T.);
#10327 = EDGE_LOOP('',(#10328,#10329,#10330,#10336));
#10328 = ORIENTED_EDGE('',*,*,#10314,.T.);
#10329 = ORIENTED_EDGE('',*,*,#10167,.F.);
#10330 = ORIENTED_EDGE('',*,*,#10331,.F.);
#10331 = EDGE_CURVE('',#9988,#10160,#10332,.T.);
#10332 = LINE('',#10333,#10334);
#10333 = CARTESIAN_POINT('',(5.875000857143,0.602678382526,
    4.199322669419));
#10334 = VECTOR('',#10335,1.);
#10335 = DIRECTION('',(1.,-1.224646799147E-16,0.));
#10336 = ORIENTED_EDGE('',*,*,#9987,.T.);
#10337 = CYLINDRICAL_SURFACE('',#10338,5.E-02);
#10338 = AXIS2_PLACEMENT_3D('',#10339,#10340,#10341);
#10339 = CARTESIAN_POINT('',(5.875000857143,0.557727209842,
    4.221217693382));
#10340 = DIRECTION('',(-1.,1.224646799147E-16,0.));
#10341 = DIRECTION('',(1.499759782662E-32,1.224646799147E-16,-1.));
#10342 = ADVANCED_FACE('',(#10343),#10354,.T.);
#10343 = FACE_BOUND('',#10344,.T.);
#10344 = EDGE_LOOP('',(#10345,#10346,#10347,#10353));
#10345 = ORIENTED_EDGE('',*,*,#10331,.T.);
#10346 = ORIENTED_EDGE('',*,*,#10159,.F.);
#10347 = ORIENTED_EDGE('',*,*,#10348,.F.);
#10348 = EDGE_CURVE('',#9997,#10152,#10349,.T.);
#10349 = LINE('',#10350,#10351);
#10350 = CARTESIAN_POINT('',(5.875000857143,0.447734347539,
    3.881217693382));
#10351 = VECTOR('',#10352,1.);
#10352 = DIRECTION('',(1.,-1.224646799147E-16,0.));
#10353 = ORIENTED_EDGE('',*,*,#9996,.T.);
#10354 = PLANE('',#10355);
#10355 = AXIS2_PLACEMENT_3D('',#10356,#10357,#10358);
#10356 = CARTESIAN_POINT('',(5.875000857143,0.447734347539,
    3.881217693382));
#10357 = DIRECTION('',(1.100986194907E-16,0.89902345368,-0.437900479257)
  );
#10358 = DIRECTION('',(-1.,1.224646799147E-16,0.));
#10359 = ADVANCED_FACE('',(#10360),#10371,.T.);
#10360 = FACE_BOUND('',#10361,.T.);
#10361 = EDGE_LOOP('',(#10362,#10363,#10364,#10370));
#10362 = ORIENTED_EDGE('',*,*,#10348,.T.);
#10363 = ORIENTED_EDGE('',*,*,#10151,.F.);
#10364 = ORIENTED_EDGE('',*,*,#10365,.F.);
#10365 = EDGE_CURVE('',#10005,#10144,#10366,.T.);
#10366 = LINE('',#10367,#10368);
#10367 = CARTESIAN_POINT('',(5.875000857143,0.447734347539,
    2.581217693382));
#10368 = VECTOR('',#10369,1.);
#10369 = DIRECTION('',(1.,-1.224646799147E-16,0.));
#10370 = ORIENTED_EDGE('',*,*,#10004,.T.);
#10371 = PLANE('',#10372);
#10372 = AXIS2_PLACEMENT_3D('',#10373,#10374,#10375);
#10373 = CARTESIAN_POINT('',(5.875000857143,0.447734347539,
    2.581217693382));
#10374 = DIRECTION('',(1.224646799147E-16,1.,1.224646799147E-16));
#10375 = DIRECTION('',(-1.,1.224646799147E-16,0.));
#10376 = ADVANCED_FACE('',(#10377),#10388,.T.);
#10377 = FACE_BOUND('',#10378,.T.);
#10378 = EDGE_LOOP('',(#10379,#10380,#10381,#10387));
#10379 = ORIENTED_EDGE('',*,*,#10365,.T.);
#10380 = ORIENTED_EDGE('',*,*,#10143,.F.);
#10381 = ORIENTED_EDGE('',*,*,#10382,.F.);
#10382 = EDGE_CURVE('',#10013,#10136,#10383,.T.);
#10383 = LINE('',#10384,#10385);
#10384 = CARTESIAN_POINT('',(5.875000857143,1.377734347539,
    2.581217693382));
#10385 = VECTOR('',#10386,1.);
#10386 = DIRECTION('',(1.,-1.224646799147E-16,0.));
#10387 = ORIENTED_EDGE('',*,*,#10012,.T.);
#10388 = PLANE('',#10389);
#10389 = AXIS2_PLACEMENT_3D('',#10390,#10391,#10392);
#10390 = CARTESIAN_POINT('',(5.875000857143,1.377734347539,
    2.581217693382));
#10391 = DIRECTION('',(-1.499759782662E-32,-1.224646799147E-16,1.));
#10392 = DIRECTION('',(-1.224646799147E-16,-1.,-1.224646799147E-16));
#10393 = ADVANCED_FACE('',(#10394),#10400,.T.);
#10394 = FACE_BOUND('',#10395,.T.);
#10395 = EDGE_LOOP('',(#10396,#10397,#10398,#10399));
#10396 = ORIENTED_EDGE('',*,*,#10020,.T.);
#10397 = ORIENTED_EDGE('',*,*,#10382,.T.);
#10398 = ORIENTED_EDGE('',*,*,#10135,.F.);
#10399 = ORIENTED_EDGE('',*,*,#6061,.F.);
#10400 = PLANE('',#10401);
#10401 = AXIS2_PLACEMENT_3D('',#10402,#10403,#10404);
#10402 = CARTESIAN_POINT('',(5.875000857143,1.377734347539,
    2.001217693382));
#10403 = DIRECTION('',(1.224646799147E-16,1.,1.224646799147E-16));
#10404 = DIRECTION('',(-1.,1.224646799147E-16,0.));
#10405 = ADVANCED_FACE('',(#10406),#10417,.T.);
#10406 = FACE_BOUND('',#10407,.T.);
#10407 = EDGE_LOOP('',(#10408,#10409,#10415,#10416));
#10408 = ORIENTED_EDGE('',*,*,#10217,.F.);
#10409 = ORIENTED_EDGE('',*,*,#10410,.F.);
#10410 = EDGE_CURVE('',#10038,#10209,#10411,.T.);
#10411 = LINE('',#10412,#10413);
#10412 = CARTESIAN_POINT('',(5.875000857143,1.429594984688,
    4.467679270219));
#10413 = VECTOR('',#10414,1.);
#10414 = DIRECTION('',(1.,-1.224646799147E-16,0.));
#10415 = ORIENTED_EDGE('',*,*,#10037,.T.);
#10416 = ORIENTED_EDGE('',*,*,#1275,.T.);
#10417 = PLANE('',#10418);
#10418 = AXIS2_PLACEMENT_3D('',#10419,#10420,#10421);
#10419 = CARTESIAN_POINT('',(5.875000857143,1.429594984688,
    4.467679270219));
#10420 = DIRECTION('',(-1.17889950941E-16,-0.962644503077,-0.27076846326
    ));
#10421 = DIRECTION('',(1.,-1.224646799147E-16,0.));
#10422 = ADVANCED_FACE('',(#10423),#10434,.T.);
#10423 = FACE_BOUND('',#10424,.T.);
#10424 = EDGE_LOOP('',(#10425,#10426,#10427,#10433));
#10425 = ORIENTED_EDGE('',*,*,#10410,.T.);
#10426 = ORIENTED_EDGE('',*,*,#10208,.F.);
#10427 = ORIENTED_EDGE('',*,*,#10428,.F.);
#10428 = EDGE_CURVE('',#10046,#10201,#10429,.T.);
#10429 = LINE('',#10430,#10431);
#10430 = CARTESIAN_POINT('',(5.875000857143,1.432776037158,
    4.503112717345));
#10431 = VECTOR('',#10432,1.);
#10432 = DIRECTION('',(1.,-1.224646799147E-16,0.));
#10433 = ORIENTED_EDGE('',*,*,#10045,.T.);
#10434 = CYLINDRICAL_SURFACE('',#10435,5.E-02);
#10435 = AXIS2_PLACEMENT_3D('',#10436,#10437,#10438);
#10436 = CARTESIAN_POINT('',(5.875000857143,1.477727209842,
    4.481217693382));
#10437 = DIRECTION('',(-1.,1.224646799147E-16,0.));
#10438 = DIRECTION('',(1.499759782662E-32,1.224646799147E-16,-1.));
#10439 = ADVANCED_FACE('',(#10440),#10446,.T.);
#10440 = FACE_BOUND('',#10441,.T.);
#10441 = EDGE_LOOP('',(#10442,#10443,#10444,#10445));
#10442 = ORIENTED_EDGE('',*,*,#10054,.T.);
#10443 = ORIENTED_EDGE('',*,*,#10428,.T.);
#10444 = ORIENTED_EDGE('',*,*,#10200,.F.);
#10445 = ORIENTED_EDGE('',*,*,#1257,.F.);
#10446 = PLANE('',#10447);
#10447 = AXIS2_PLACEMENT_3D('',#10448,#10449,#10450);
#10448 = CARTESIAN_POINT('',(5.875000857143,1.686983066107,
    5.025007741308));
#10449 = DIRECTION('',(-1.100986194907E-16,-0.89902345368,0.437900479257
    ));
#10450 = DIRECTION('',(5.362734202678E-17,0.437900479257,0.89902345368)
  );
#10451 = ADVANCED_FACE('',(#10452),#10493,.F.);
#10452 = FACE_BOUND('',#10453,.T.);
#10453 = EDGE_LOOP('',(#10454,#10462,#10470,#10478,#10486,#10492));
#10454 = ORIENTED_EDGE('',*,*,#10455,.F.);
#10455 = EDGE_CURVE('',#10456,#751,#10458,.T.);
#10456 = VERTEX_POINT('',#10457);
#10457 = CARTESIAN_POINT('',(7.375000857143,2.247734347539,
    -3.128782306618));
#10458 = LINE('',#10459,#10460);
#10459 = CARTESIAN_POINT('',(7.375000857143,2.247734347539,
    -3.128782306618));
#10460 = VECTOR('',#10461,1.);
#10461 = DIRECTION('',(-1.499759782662E-32,-1.224646799147E-16,1.));
#10462 = ORIENTED_EDGE('',*,*,#10463,.F.);
#10463 = EDGE_CURVE('',#10464,#10456,#10466,.T.);
#10464 = VERTEX_POINT('',#10465);
#10465 = CARTESIAN_POINT('',(7.375000857143,2.087734347539,
    -3.428782306618));
#10466 = LINE('',#10467,#10468);
#10467 = CARTESIAN_POINT('',(7.375000857143,2.087734347539,
    -3.428782306618));
#10468 = VECTOR('',#10469,1.);
#10469 = DIRECTION('',(5.763043760693E-17,0.470588235294,0.882352941176)
  );
#10470 = ORIENTED_EDGE('',*,*,#10471,.F.);
#10471 = EDGE_CURVE('',#10472,#10464,#10474,.T.);
#10472 = VERTEX_POINT('',#10473);
#10473 = CARTESIAN_POINT('',(7.375000857143,1.897734347539,
    -3.428782306618));
#10474 = LINE('',#10475,#10476);
#10475 = CARTESIAN_POINT('',(7.375000857143,1.897734347539,
    -3.428782306618));
#10476 = VECTOR('',#10477,1.);
#10477 = DIRECTION('',(1.224646799147E-16,1.,1.224646799147E-16));
#10478 = ORIENTED_EDGE('',*,*,#10479,.F.);
#10479 = EDGE_CURVE('',#10480,#10472,#10482,.T.);
#10480 = VERTEX_POINT('',#10481);
#10481 = CARTESIAN_POINT('',(7.375000857143,1.747734347539,
    -3.128782306618));
#10482 = LINE('',#10483,#10484);
#10483 = CARTESIAN_POINT('',(7.375000857143,1.747734347539,
    -3.128782306618));
#10484 = VECTOR('',#10485,1.);
#10485 = DIRECTION('',(5.476786982643E-17,0.4472135955,-0.894427191));
#10486 = ORIENTED_EDGE('',*,*,#10487,.F.);
#10487 = EDGE_CURVE('',#733,#10480,#10488,.T.);
#10488 = LINE('',#10489,#10490);
#10489 = CARTESIAN_POINT('',(7.375000857143,1.747734347539,
    -2.878230661791E-02));
#10490 = VECTOR('',#10491,1.);
#10491 = DIRECTION('',(1.499759782662E-32,1.224646799147E-16,-1.));
#10492 = ORIENTED_EDGE('',*,*,#758,.T.);
#10493 = PLANE('',#10494);
#10494 = AXIS2_PLACEMENT_3D('',#10495,#10496,#10497);
#10495 = CARTESIAN_POINT('',(7.375000857143,2.512734347539,
    4.741217693382));
#10496 = DIRECTION('',(1.,-1.224646799147E-16,0.));
#10497 = DIRECTION('',(1.499759782662E-32,1.224646799147E-16,-1.));
#10498 = ADVANCED_FACE('',(#10499),#10560,.F.);
#10499 = FACE_BOUND('',#10500,.T.);
#10500 = EDGE_LOOP('',(#10501,#10510,#10518,#10527,#10535,#10543,#10551,
    #10557,#10558,#10559));
#10501 = ORIENTED_EDGE('',*,*,#10502,.F.);
#10502 = EDGE_CURVE('',#10503,#5127,#10505,.T.);
#10503 = VERTEX_POINT('',#10504);
#10504 = CARTESIAN_POINT('',(7.375000857143,0.398537662164,
    4.971832962871));
#10505 = CIRCLE('',#10506,0.15);
#10506 = AXIS2_PLACEMENT_3D('',#10507,#10508,#10509);
#10507 = CARTESIAN_POINT('',(7.375000857143,0.254140986703,
    4.931217693382));
#10508 = DIRECTION('',(1.,-1.224646799147E-16,0.));
#10509 = DIRECTION('',(1.17889950941E-16,0.962644503077,0.27076846326));
#10510 = ORIENTED_EDGE('',*,*,#10511,.F.);
#10511 = EDGE_CURVE('',#10512,#10503,#10514,.T.);
#10512 = VERTEX_POINT('',#10513);
#10513 = CARTESIAN_POINT('',(7.375000857143,0.605859434996,
    4.234756116545));
#10514 = LINE('',#10515,#10516);
#10515 = CARTESIAN_POINT('',(7.375000857143,0.605859434996,
    4.234756116545));
#10516 = VECTOR('',#10517,1.);
#10517 = DIRECTION('',(-3.315957318415E-17,-0.27076846326,0.962644503077
    ));
#10518 = ORIENTED_EDGE('',*,*,#10519,.F.);
#10519 = EDGE_CURVE('',#10520,#10512,#10522,.T.);
#10520 = VERTEX_POINT('',#10521);
#10521 = CARTESIAN_POINT('',(7.375000857143,0.602678382526,
    4.199322669419));
#10522 = CIRCLE('',#10523,5.E-02);
#10523 = AXIS2_PLACEMENT_3D('',#10524,#10525,#10526);
#10524 = CARTESIAN_POINT('',(7.375000857143,0.557727209842,
    4.221217693382));
#10525 = DIRECTION('',(1.,-1.224646799147E-16,6.162975822039E-33));
#10526 = DIRECTION('',(1.100986194907E-16,0.89902345368,-0.437900479257)
  );
#10527 = ORIENTED_EDGE('',*,*,#10528,.F.);
#10528 = EDGE_CURVE('',#10529,#10520,#10531,.T.);
#10529 = VERTEX_POINT('',#10530);
#10530 = CARTESIAN_POINT('',(7.375000857143,0.447734347539,
    3.881217693382));
#10531 = LINE('',#10532,#10533);
#10532 = CARTESIAN_POINT('',(7.375000857143,0.447734347539,
    3.881217693382));
#10533 = VECTOR('',#10534,1.);
#10534 = DIRECTION('',(5.362734202678E-17,0.437900479257,0.89902345368)
  );
#10535 = ORIENTED_EDGE('',*,*,#10536,.F.);
#10536 = EDGE_CURVE('',#10537,#10529,#10539,.T.);
#10537 = VERTEX_POINT('',#10538);
#10538 = CARTESIAN_POINT('',(7.375000857143,0.447734347539,
    2.581217693382));
#10539 = LINE('',#10540,#10541);
#10540 = CARTESIAN_POINT('',(7.375000857143,0.447734347539,
    2.581217693382));
#10541 = VECTOR('',#10542,1.);
#10542 = DIRECTION('',(-1.499759782662E-32,-1.224646799147E-16,1.));
#10543 = ORIENTED_EDGE('',*,*,#10544,.F.);
#10544 = EDGE_CURVE('',#10545,#10537,#10547,.T.);
#10545 = VERTEX_POINT('',#10546);
#10546 = CARTESIAN_POINT('',(7.375000857143,1.377734347539,
    2.581217693382));
#10547 = LINE('',#10548,#10549);
#10548 = CARTESIAN_POINT('',(7.375000857143,1.377734347539,
    2.581217693382));
#10549 = VECTOR('',#10550,1.);
#10550 = DIRECTION('',(-1.224646799147E-16,-1.,-1.224646799147E-16));
#10551 = ORIENTED_EDGE('',*,*,#10552,.F.);
#10552 = EDGE_CURVE('',#6086,#10545,#10553,.T.);
#10553 = LINE('',#10554,#10555);
#10554 = CARTESIAN_POINT('',(7.375000857143,1.377734347539,
    2.471217693382));
#10555 = VECTOR('',#10556,1.);
#10556 = DIRECTION('',(-1.499759782662E-32,-1.224646799147E-16,1.));
#10557 = ORIENTED_EDGE('',*,*,#6085,.F.);
#10558 = ORIENTED_EDGE('',*,*,#6456,.F.);
#10559 = ORIENTED_EDGE('',*,*,#5134,.T.);
#10560 = PLANE('',#10561);
#10561 = AXIS2_PLACEMENT_3D('',#10562,#10563,#10564);
#10562 = CARTESIAN_POINT('',(7.375000857143,2.512734347539,
    4.741217693382));
#10563 = DIRECTION('',(1.,-1.224646799147E-16,0.));
#10564 = DIRECTION('',(1.499759782662E-32,1.224646799147E-16,-1.));
#10565 = ADVANCED_FACE('',(#10566),#10592,.F.);
#10566 = FACE_BOUND('',#10567,.T.);
#10567 = EDGE_LOOP('',(#10568,#10576,#10585,#10591));
#10568 = ORIENTED_EDGE('',*,*,#10569,.F.);
#10569 = EDGE_CURVE('',#10570,#1514,#10572,.T.);
#10570 = VERTEX_POINT('',#10571);
#10571 = CARTESIAN_POINT('',(7.375000857143,1.429594984688,
    4.467679270219));
#10572 = LINE('',#10573,#10574);
#10573 = CARTESIAN_POINT('',(7.375000857143,1.429594984688,
    4.467679270219));
#10574 = VECTOR('',#10575,1.);
#10575 = DIRECTION('',(3.315957318415E-17,0.27076846326,-0.962644503077)
  );
#10576 = ORIENTED_EDGE('',*,*,#10577,.F.);
#10577 = EDGE_CURVE('',#10578,#10570,#10580,.T.);
#10578 = VERTEX_POINT('',#10579);
#10579 = CARTESIAN_POINT('',(7.375000857143,1.432776037158,
    4.503112717345));
#10580 = CIRCLE('',#10581,5.E-02);
#10581 = AXIS2_PLACEMENT_3D('',#10582,#10583,#10584);
#10582 = CARTESIAN_POINT('',(7.375000857143,1.477727209842,
    4.481217693382));
#10583 = DIRECTION('',(1.,-1.224646799147E-16,6.162975822039E-33));
#10584 = DIRECTION('',(-1.100986194907E-16,-0.89902345368,0.437900479257
    ));
#10585 = ORIENTED_EDGE('',*,*,#10586,.F.);
#10586 = EDGE_CURVE('',#1496,#10578,#10587,.T.);
#10587 = LINE('',#10588,#10589);
#10588 = CARTESIAN_POINT('',(7.375000857143,1.647734347539,
    4.944428887914));
#10589 = VECTOR('',#10590,1.);
#10590 = DIRECTION('',(-5.362734202678E-17,-0.437900479257,
    -0.89902345368));
#10591 = ORIENTED_EDGE('',*,*,#1521,.F.);
#10592 = PLANE('',#10593);
#10593 = AXIS2_PLACEMENT_3D('',#10594,#10595,#10596);
#10594 = CARTESIAN_POINT('',(7.375000857143,2.512734347539,
    4.741217693382));
#10595 = DIRECTION('',(1.,-1.224646799147E-16,0.));
#10596 = DIRECTION('',(1.499759782662E-32,1.224646799147E-16,-1.));
#10597 = ADVANCED_FACE('',(#10598),#10616,.T.);
#10598 = FACE_BOUND('',#10599,.T.);
#10599 = EDGE_LOOP('',(#10600,#10601,#10609,#10615));
#10600 = ORIENTED_EDGE('',*,*,#10487,.T.);
#10601 = ORIENTED_EDGE('',*,*,#10602,.T.);
#10602 = EDGE_CURVE('',#10480,#10603,#10605,.T.);
#10603 = VERTEX_POINT('',#10604);
#10604 = CARTESIAN_POINT('',(7.625000857143,1.747734347539,
    -3.128782306618));
#10605 = LINE('',#10606,#10607);
#10606 = CARTESIAN_POINT('',(7.375000857143,1.747734347539,
    -3.128782306618));
#10607 = VECTOR('',#10608,1.);
#10608 = DIRECTION('',(1.,-1.224646799147E-16,0.));
#10609 = ORIENTED_EDGE('',*,*,#10610,.F.);
#10610 = EDGE_CURVE('',#735,#10603,#10611,.T.);
#10611 = LINE('',#10612,#10613);
#10612 = CARTESIAN_POINT('',(7.625000857143,1.747734347539,
    -2.878230661791E-02));
#10613 = VECTOR('',#10614,1.);
#10614 = DIRECTION('',(1.499759782662E-32,1.224646799147E-16,-1.));
#10615 = ORIENTED_EDGE('',*,*,#732,.F.);
#10616 = PLANE('',#10617);
#10617 = AXIS2_PLACEMENT_3D('',#10618,#10619,#10620);
#10618 = CARTESIAN_POINT('',(7.375000857143,1.747734347539,
    -1.878230661791E-02));
#10619 = DIRECTION('',(-1.224646799147E-16,-1.,-1.224646799147E-16));
#10620 = DIRECTION('',(-1.499759782662E-32,-1.224646799147E-16,1.));
#10621 = ADVANCED_FACE('',(#10622),#10656,.T.);
#10622 = FACE_BOUND('',#10623,.T.);
#10623 = EDGE_LOOP('',(#10624,#10625,#10633,#10641,#10649,#10655));
#10624 = ORIENTED_EDGE('',*,*,#10610,.T.);
#10625 = ORIENTED_EDGE('',*,*,#10626,.T.);
#10626 = EDGE_CURVE('',#10603,#10627,#10629,.T.);
#10627 = VERTEX_POINT('',#10628);
#10628 = CARTESIAN_POINT('',(7.625000857143,1.897734347539,
    -3.428782306618));
#10629 = LINE('',#10630,#10631);
#10630 = CARTESIAN_POINT('',(7.625000857143,1.747734347539,
    -3.128782306618));
#10631 = VECTOR('',#10632,1.);
#10632 = DIRECTION('',(5.476786982643E-17,0.4472135955,-0.894427191));
#10633 = ORIENTED_EDGE('',*,*,#10634,.T.);
#10634 = EDGE_CURVE('',#10627,#10635,#10637,.T.);
#10635 = VERTEX_POINT('',#10636);
#10636 = CARTESIAN_POINT('',(7.625000857143,2.087734347539,
    -3.428782306618));
#10637 = LINE('',#10638,#10639);
#10638 = CARTESIAN_POINT('',(7.625000857143,1.897734347539,
    -3.428782306618));
#10639 = VECTOR('',#10640,1.);
#10640 = DIRECTION('',(1.224646799147E-16,1.,1.224646799147E-16));
#10641 = ORIENTED_EDGE('',*,*,#10642,.T.);
#10642 = EDGE_CURVE('',#10635,#10643,#10645,.T.);
#10643 = VERTEX_POINT('',#10644);
#10644 = CARTESIAN_POINT('',(7.625000857143,2.247734347539,
    -3.128782306618));
#10645 = LINE('',#10646,#10647);
#10646 = CARTESIAN_POINT('',(7.625000857143,2.087734347539,
    -3.428782306618));
#10647 = VECTOR('',#10648,1.);
#10648 = DIRECTION('',(5.763043760693E-17,0.470588235294,0.882352941176)
  );
#10649 = ORIENTED_EDGE('',*,*,#10650,.T.);
#10650 = EDGE_CURVE('',#10643,#743,#10651,.T.);
#10651 = LINE('',#10652,#10653);
#10652 = CARTESIAN_POINT('',(7.625000857143,2.247734347539,
    -3.128782306618));
#10653 = VECTOR('',#10654,1.);
#10654 = DIRECTION('',(-1.499759782662E-32,-1.224646799147E-16,1.));
#10655 = ORIENTED_EDGE('',*,*,#742,.F.);
#10656 = PLANE('',#10657);
#10657 = AXIS2_PLACEMENT_3D('',#10658,#10659,#10660);
#10658 = CARTESIAN_POINT('',(7.625000857143,2.512734347539,
    4.741217693382));
#10659 = DIRECTION('',(1.,-1.224646799147E-16,0.));
#10660 = DIRECTION('',(1.499759782662E-32,1.224646799147E-16,-1.));
#10661 = ADVANCED_FACE('',(#10662),#10723,.T.);
#10662 = FACE_BOUND('',#10663,.T.);
#10663 = EDGE_LOOP('',(#10664,#10665,#10666,#10674,#10682,#10690,#10698,
    #10707,#10715,#10722));
#10664 = ORIENTED_EDGE('',*,*,#6478,.T.);
#10665 = ORIENTED_EDGE('',*,*,#6101,.T.);
#10666 = ORIENTED_EDGE('',*,*,#10667,.T.);
#10667 = EDGE_CURVE('',#6094,#10668,#10670,.T.);
#10668 = VERTEX_POINT('',#10669);
#10669 = CARTESIAN_POINT('',(7.625000857143,1.377734347539,
    2.581217693382));
#10670 = LINE('',#10671,#10672);
#10671 = CARTESIAN_POINT('',(7.625000857143,1.377734347539,
    2.471217693382));
#10672 = VECTOR('',#10673,1.);
#10673 = DIRECTION('',(-1.499759782662E-32,-1.224646799147E-16,1.));
#10674 = ORIENTED_EDGE('',*,*,#10675,.T.);
#10675 = EDGE_CURVE('',#10668,#10676,#10678,.T.);
#10676 = VERTEX_POINT('',#10677);
#10677 = CARTESIAN_POINT('',(7.625000857143,0.447734347539,
    2.581217693382));
#10678 = LINE('',#10679,#10680);
#10679 = CARTESIAN_POINT('',(7.625000857143,1.377734347539,
    2.581217693382));
#10680 = VECTOR('',#10681,1.);
#10681 = DIRECTION('',(-1.224646799147E-16,-1.,-1.224646799147E-16));
#10682 = ORIENTED_EDGE('',*,*,#10683,.T.);
#10683 = EDGE_CURVE('',#10676,#10684,#10686,.T.);
#10684 = VERTEX_POINT('',#10685);
#10685 = CARTESIAN_POINT('',(7.625000857143,0.447734347539,
    3.881217693382));
#10686 = LINE('',#10687,#10688);
#10687 = CARTESIAN_POINT('',(7.625000857143,0.447734347539,
    2.581217693382));
#10688 = VECTOR('',#10689,1.);
#10689 = DIRECTION('',(-1.499759782662E-32,-1.224646799147E-16,1.));
#10690 = ORIENTED_EDGE('',*,*,#10691,.T.);
#10691 = EDGE_CURVE('',#10684,#10692,#10694,.T.);
#10692 = VERTEX_POINT('',#10693);
#10693 = CARTESIAN_POINT('',(7.625000857143,0.602678382526,
    4.199322669419));
#10694 = LINE('',#10695,#10696);
#10695 = CARTESIAN_POINT('',(7.625000857143,0.447734347539,
    3.881217693382));
#10696 = VECTOR('',#10697,1.);
#10697 = DIRECTION('',(5.362734202678E-17,0.437900479257,0.89902345368)
  );
#10698 = ORIENTED_EDGE('',*,*,#10699,.T.);
#10699 = EDGE_CURVE('',#10692,#10700,#10702,.T.);
#10700 = VERTEX_POINT('',#10701);
#10701 = CARTESIAN_POINT('',(7.625000857143,0.605859434996,
    4.234756116545));
#10702 = CIRCLE('',#10703,5.E-02);
#10703 = AXIS2_PLACEMENT_3D('',#10704,#10705,#10706);
#10704 = CARTESIAN_POINT('',(7.625000857143,0.557727209842,
    4.221217693382));
#10705 = DIRECTION('',(1.,-1.224646799147E-16,6.162975822039E-33));
#10706 = DIRECTION('',(1.100986194907E-16,0.89902345368,-0.437900479257)
  );
#10707 = ORIENTED_EDGE('',*,*,#10708,.T.);
#10708 = EDGE_CURVE('',#10700,#10709,#10711,.T.);
#10709 = VERTEX_POINT('',#10710);
#10710 = CARTESIAN_POINT('',(7.625000857143,0.398537662164,
    4.971832962871));
#10711 = LINE('',#10712,#10713);
#10712 = CARTESIAN_POINT('',(7.625000857143,0.605859434996,
    4.234756116545));
#10713 = VECTOR('',#10714,1.);
#10714 = DIRECTION('',(-3.315957318415E-17,-0.27076846326,0.962644503077
    ));
#10715 = ORIENTED_EDGE('',*,*,#10716,.T.);
#10716 = EDGE_CURVE('',#10709,#5119,#10717,.T.);
#10717 = CIRCLE('',#10718,0.15);
#10718 = AXIS2_PLACEMENT_3D('',#10719,#10720,#10721);
#10719 = CARTESIAN_POINT('',(7.625000857143,0.254140986703,
    4.931217693382));
#10720 = DIRECTION('',(1.,-1.224646799147E-16,0.));
#10721 = DIRECTION('',(1.17889950941E-16,0.962644503077,0.27076846326));
#10722 = ORIENTED_EDGE('',*,*,#5118,.F.);
#10723 = PLANE('',#10724);
#10724 = AXIS2_PLACEMENT_3D('',#10725,#10726,#10727);
#10725 = CARTESIAN_POINT('',(7.625000857143,2.512734347539,
    4.741217693382));
#10726 = DIRECTION('',(1.,-1.224646799147E-16,0.));
#10727 = DIRECTION('',(1.499759782662E-32,1.224646799147E-16,-1.));
#10728 = ADVANCED_FACE('',(#10729),#10755,.T.);
#10729 = FACE_BOUND('',#10730,.T.);
#10730 = EDGE_LOOP('',(#10731,#10739,#10748,#10754));
#10731 = ORIENTED_EDGE('',*,*,#10732,.T.);
#10732 = EDGE_CURVE('',#1498,#10733,#10735,.T.);
#10733 = VERTEX_POINT('',#10734);
#10734 = CARTESIAN_POINT('',(7.625000857143,1.432776037158,
    4.503112717345));
#10735 = LINE('',#10736,#10737);
#10736 = CARTESIAN_POINT('',(7.625000857143,1.647734347539,
    4.944428887914));
#10737 = VECTOR('',#10738,1.);
#10738 = DIRECTION('',(-5.362734202678E-17,-0.437900479257,
    -0.89902345368));
#10739 = ORIENTED_EDGE('',*,*,#10740,.T.);
#10740 = EDGE_CURVE('',#10733,#10741,#10743,.T.);
#10741 = VERTEX_POINT('',#10742);
#10742 = CARTESIAN_POINT('',(7.625000857143,1.429594984688,
    4.467679270219));
#10743 = CIRCLE('',#10744,5.E-02);
#10744 = AXIS2_PLACEMENT_3D('',#10745,#10746,#10747);
#10745 = CARTESIAN_POINT('',(7.625000857143,1.477727209842,
    4.481217693382));
#10746 = DIRECTION('',(1.,-1.224646799147E-16,6.162975822039E-33));
#10747 = DIRECTION('',(-1.100986194907E-16,-0.89902345368,0.437900479257
    ));
#10748 = ORIENTED_EDGE('',*,*,#10749,.T.);
#10749 = EDGE_CURVE('',#10741,#1506,#10750,.T.);
#10750 = LINE('',#10751,#10752);
#10751 = CARTESIAN_POINT('',(7.625000857143,1.429594984688,
    4.467679270219));
#10752 = VECTOR('',#10753,1.);
#10753 = DIRECTION('',(3.315957318415E-17,0.27076846326,-0.962644503077)
  );
#10754 = ORIENTED_EDGE('',*,*,#1505,.T.);
#10755 = PLANE('',#10756);
#10756 = AXIS2_PLACEMENT_3D('',#10757,#10758,#10759);
#10757 = CARTESIAN_POINT('',(7.625000857143,2.512734347539,
    4.741217693382));
#10758 = DIRECTION('',(1.,-1.224646799147E-16,0.));
#10759 = DIRECTION('',(1.499759782662E-32,1.224646799147E-16,-1.));
#10760 = ADVANCED_FACE('',(#10761),#10772,.T.);
#10761 = FACE_BOUND('',#10762,.T.);
#10762 = EDGE_LOOP('',(#10763,#10764,#10770,#10771));
#10763 = ORIENTED_EDGE('',*,*,#10650,.F.);
#10764 = ORIENTED_EDGE('',*,*,#10765,.F.);
#10765 = EDGE_CURVE('',#10456,#10643,#10766,.T.);
#10766 = LINE('',#10767,#10768);
#10767 = CARTESIAN_POINT('',(7.375000857143,2.247734347539,
    -3.128782306618));
#10768 = VECTOR('',#10769,1.);
#10769 = DIRECTION('',(1.,-1.224646799147E-16,0.));
#10770 = ORIENTED_EDGE('',*,*,#10455,.T.);
#10771 = ORIENTED_EDGE('',*,*,#750,.T.);
#10772 = PLANE('',#10773);
#10773 = AXIS2_PLACEMENT_3D('',#10774,#10775,#10776);
#10774 = CARTESIAN_POINT('',(7.375000857143,2.247734347539,
    -3.128782306618));
#10775 = DIRECTION('',(1.224646799147E-16,1.,1.224646799147E-16));
#10776 = DIRECTION('',(-1.,1.224646799147E-16,0.));
#10777 = ADVANCED_FACE('',(#10778),#10789,.T.);
#10778 = FACE_BOUND('',#10779,.T.);
#10779 = EDGE_LOOP('',(#10780,#10781,#10782,#10788));
#10780 = ORIENTED_EDGE('',*,*,#10765,.T.);
#10781 = ORIENTED_EDGE('',*,*,#10642,.F.);
#10782 = ORIENTED_EDGE('',*,*,#10783,.F.);
#10783 = EDGE_CURVE('',#10464,#10635,#10784,.T.);
#10784 = LINE('',#10785,#10786);
#10785 = CARTESIAN_POINT('',(7.375000857143,2.087734347539,
    -3.428782306618));
#10786 = VECTOR('',#10787,1.);
#10787 = DIRECTION('',(1.,-1.224646799147E-16,0.));
#10788 = ORIENTED_EDGE('',*,*,#10463,.T.);
#10789 = PLANE('',#10790);
#10790 = AXIS2_PLACEMENT_3D('',#10791,#10792,#10793);
#10791 = CARTESIAN_POINT('',(7.375000857143,2.087734347539,
    -3.428782306618));
#10792 = DIRECTION('',(1.08057070513E-16,0.882352941176,-0.470588235294)
  );
#10793 = DIRECTION('',(-1.,1.224646799147E-16,0.));
#10794 = ADVANCED_FACE('',(#10795),#10806,.T.);
#10795 = FACE_BOUND('',#10796,.T.);
#10796 = EDGE_LOOP('',(#10797,#10798,#10799,#10805));
#10797 = ORIENTED_EDGE('',*,*,#10783,.T.);
#10798 = ORIENTED_EDGE('',*,*,#10634,.F.);
#10799 = ORIENTED_EDGE('',*,*,#10800,.F.);
#10800 = EDGE_CURVE('',#10472,#10627,#10801,.T.);
#10801 = LINE('',#10802,#10803);
#10802 = CARTESIAN_POINT('',(7.375000857143,1.897734347539,
    -3.428782306618));
#10803 = VECTOR('',#10804,1.);
#10804 = DIRECTION('',(1.,-1.224646799147E-16,0.));
#10805 = ORIENTED_EDGE('',*,*,#10471,.T.);
#10806 = PLANE('',#10807);
#10807 = AXIS2_PLACEMENT_3D('',#10808,#10809,#10810);
#10808 = CARTESIAN_POINT('',(7.375000857143,1.897734347539,
    -3.428782306618));
#10809 = DIRECTION('',(1.499759782662E-32,1.224646799147E-16,-1.));
#10810 = DIRECTION('',(-1.,1.224646799147E-16,0.));
#10811 = ADVANCED_FACE('',(#10812),#10818,.T.);
#10812 = FACE_BOUND('',#10813,.T.);
#10813 = EDGE_LOOP('',(#10814,#10815,#10816,#10817));
#10814 = ORIENTED_EDGE('',*,*,#10800,.T.);
#10815 = ORIENTED_EDGE('',*,*,#10626,.F.);
#10816 = ORIENTED_EDGE('',*,*,#10602,.F.);
#10817 = ORIENTED_EDGE('',*,*,#10479,.T.);
#10818 = PLANE('',#10819);
#10819 = AXIS2_PLACEMENT_3D('',#10820,#10821,#10822);
#10820 = CARTESIAN_POINT('',(7.375000857143,1.747734347539,
    -3.128782306618));
#10821 = DIRECTION('',(-1.095357396528E-16,-0.894427191,-0.4472135955));
#10822 = DIRECTION('',(1.,-1.224646799147E-16,0.));
#10823 = ADVANCED_FACE('',(#10824),#10835,.T.);
#10824 = FACE_BOUND('',#10825,.T.);
#10825 = EDGE_LOOP('',(#10826,#10827,#10833,#10834));
#10826 = ORIENTED_EDGE('',*,*,#10716,.F.);
#10827 = ORIENTED_EDGE('',*,*,#10828,.F.);
#10828 = EDGE_CURVE('',#10503,#10709,#10829,.T.);
#10829 = LINE('',#10830,#10831);
#10830 = CARTESIAN_POINT('',(7.375000857143,0.398537662164,
    4.971832962871));
#10831 = VECTOR('',#10832,1.);
#10832 = DIRECTION('',(1.,-1.224646799147E-16,0.));
#10833 = ORIENTED_EDGE('',*,*,#10502,.T.);
#10834 = ORIENTED_EDGE('',*,*,#5126,.T.);
#10835 = CYLINDRICAL_SURFACE('',#10836,0.15);
#10836 = AXIS2_PLACEMENT_3D('',#10837,#10838,#10839);
#10837 = CARTESIAN_POINT('',(7.375000857143,0.254140986703,
    4.931217693382));
#10838 = DIRECTION('',(-1.,1.224646799147E-16,0.));
#10839 = DIRECTION('',(1.499759782662E-32,1.224646799147E-16,-1.));
#10840 = ADVANCED_FACE('',(#10841),#10852,.T.);
#10841 = FACE_BOUND('',#10842,.T.);
#10842 = EDGE_LOOP('',(#10843,#10844,#10845,#10851));
#10843 = ORIENTED_EDGE('',*,*,#10828,.T.);
#10844 = ORIENTED_EDGE('',*,*,#10708,.F.);
#10845 = ORIENTED_EDGE('',*,*,#10846,.F.);
#10846 = EDGE_CURVE('',#10512,#10700,#10847,.T.);
#10847 = LINE('',#10848,#10849);
#10848 = CARTESIAN_POINT('',(7.375000857143,0.605859434996,
    4.234756116545));
#10849 = VECTOR('',#10850,1.);
#10850 = DIRECTION('',(1.,-1.224646799147E-16,0.));
#10851 = ORIENTED_EDGE('',*,*,#10511,.T.);
#10852 = PLANE('',#10853);
#10853 = AXIS2_PLACEMENT_3D('',#10854,#10855,#10856);
#10854 = CARTESIAN_POINT('',(7.375000857143,0.605859434996,
    4.234756116545));
#10855 = DIRECTION('',(1.17889950941E-16,0.962644503077,0.27076846326));
#10856 = DIRECTION('',(1.,-1.224646799147E-16,0.));
#10857 = ADVANCED_FACE('',(#10858),#10869,.T.);
#10858 = FACE_BOUND('',#10859,.T.);
#10859 = EDGE_LOOP('',(#10860,#10861,#10862,#10868));
#10860 = ORIENTED_EDGE('',*,*,#10846,.T.);
#10861 = ORIENTED_EDGE('',*,*,#10699,.F.);
#10862 = ORIENTED_EDGE('',*,*,#10863,.F.);
#10863 = EDGE_CURVE('',#10520,#10692,#10864,.T.);
#10864 = LINE('',#10865,#10866);
#10865 = CARTESIAN_POINT('',(7.375000857143,0.602678382526,
    4.199322669419));
#10866 = VECTOR('',#10867,1.);
#10867 = DIRECTION('',(1.,-1.224646799147E-16,0.));
#10868 = ORIENTED_EDGE('',*,*,#10519,.T.);
#10869 = CYLINDRICAL_SURFACE('',#10870,5.E-02);
#10870 = AXIS2_PLACEMENT_3D('',#10871,#10872,#10873);
#10871 = CARTESIAN_POINT('',(7.375000857143,0.557727209842,
    4.221217693382));
#10872 = DIRECTION('',(-1.,1.224646799147E-16,0.));
#10873 = DIRECTION('',(1.499759782662E-32,1.224646799147E-16,-1.));
#10874 = ADVANCED_FACE('',(#10875),#10886,.T.);
#10875 = FACE_BOUND('',#10876,.T.);
#10876 = EDGE_LOOP('',(#10877,#10878,#10879,#10885));
#10877 = ORIENTED_EDGE('',*,*,#10863,.T.);
#10878 = ORIENTED_EDGE('',*,*,#10691,.F.);
#10879 = ORIENTED_EDGE('',*,*,#10880,.F.);
#10880 = EDGE_CURVE('',#10529,#10684,#10881,.T.);
#10881 = LINE('',#10882,#10883);
#10882 = CARTESIAN_POINT('',(7.375000857143,0.447734347539,
    3.881217693382));
#10883 = VECTOR('',#10884,1.);
#10884 = DIRECTION('',(1.,-1.224646799147E-16,0.));
#10885 = ORIENTED_EDGE('',*,*,#10528,.T.);
#10886 = PLANE('',#10887);
#10887 = AXIS2_PLACEMENT_3D('',#10888,#10889,#10890);
#10888 = CARTESIAN_POINT('',(7.375000857143,0.447734347539,
    3.881217693382));
#10889 = DIRECTION('',(1.100986194907E-16,0.89902345368,-0.437900479257)
  );
#10890 = DIRECTION('',(-1.,1.224646799147E-16,0.));
#10891 = ADVANCED_FACE('',(#10892),#10903,.T.);
#10892 = FACE_BOUND('',#10893,.T.);
#10893 = EDGE_LOOP('',(#10894,#10895,#10896,#10902));
#10894 = ORIENTED_EDGE('',*,*,#10880,.T.);
#10895 = ORIENTED_EDGE('',*,*,#10683,.F.);
#10896 = ORIENTED_EDGE('',*,*,#10897,.F.);
#10897 = EDGE_CURVE('',#10537,#10676,#10898,.T.);
#10898 = LINE('',#10899,#10900);
#10899 = CARTESIAN_POINT('',(7.375000857143,0.447734347539,
    2.581217693382));
#10900 = VECTOR('',#10901,1.);
#10901 = DIRECTION('',(1.,-1.224646799147E-16,0.));
#10902 = ORIENTED_EDGE('',*,*,#10536,.T.);
#10903 = PLANE('',#10904);
#10904 = AXIS2_PLACEMENT_3D('',#10905,#10906,#10907);
#10905 = CARTESIAN_POINT('',(7.375000857143,0.447734347539,
    2.581217693382));
#10906 = DIRECTION('',(1.224646799147E-16,1.,1.224646799147E-16));
#10907 = DIRECTION('',(-1.,1.224646799147E-16,0.));
#10908 = ADVANCED_FACE('',(#10909),#10920,.T.);
#10909 = FACE_BOUND('',#10910,.T.);
#10910 = EDGE_LOOP('',(#10911,#10912,#10913,#10919));
#10911 = ORIENTED_EDGE('',*,*,#10897,.T.);
#10912 = ORIENTED_EDGE('',*,*,#10675,.F.);
#10913 = ORIENTED_EDGE('',*,*,#10914,.F.);
#10914 = EDGE_CURVE('',#10545,#10668,#10915,.T.);
#10915 = LINE('',#10916,#10917);
#10916 = CARTESIAN_POINT('',(7.375000857143,1.377734347539,
    2.581217693382));
#10917 = VECTOR('',#10918,1.);
#10918 = DIRECTION('',(1.,-1.224646799147E-16,0.));
#10919 = ORIENTED_EDGE('',*,*,#10544,.T.);
#10920 = PLANE('',#10921);
#10921 = AXIS2_PLACEMENT_3D('',#10922,#10923,#10924);
#10922 = CARTESIAN_POINT('',(7.375000857143,1.377734347539,
    2.581217693382));
#10923 = DIRECTION('',(-1.499759782662E-32,-1.224646799147E-16,1.));
#10924 = DIRECTION('',(-1.224646799147E-16,-1.,-1.224646799147E-16));
#10925 = ADVANCED_FACE('',(#10926),#10932,.T.);
#10926 = FACE_BOUND('',#10927,.T.);
#10927 = EDGE_LOOP('',(#10928,#10929,#10930,#10931));
#10928 = ORIENTED_EDGE('',*,*,#10552,.T.);
#10929 = ORIENTED_EDGE('',*,*,#10914,.T.);
#10930 = ORIENTED_EDGE('',*,*,#10667,.F.);
#10931 = ORIENTED_EDGE('',*,*,#6093,.F.);
#10932 = PLANE('',#10933);
#10933 = AXIS2_PLACEMENT_3D('',#10934,#10935,#10936);
#10934 = CARTESIAN_POINT('',(7.375000857143,1.377734347539,
    2.001217693382));
#10935 = DIRECTION('',(1.224646799147E-16,1.,1.224646799147E-16));
#10936 = DIRECTION('',(-1.,1.224646799147E-16,0.));
#10937 = ADVANCED_FACE('',(#10938),#10949,.T.);
#10938 = FACE_BOUND('',#10939,.T.);
#10939 = EDGE_LOOP('',(#10940,#10941,#10947,#10948));
#10940 = ORIENTED_EDGE('',*,*,#10749,.F.);
#10941 = ORIENTED_EDGE('',*,*,#10942,.F.);
#10942 = EDGE_CURVE('',#10570,#10741,#10943,.T.);
#10943 = LINE('',#10944,#10945);
#10944 = CARTESIAN_POINT('',(7.375000857143,1.429594984688,
    4.467679270219));
#10945 = VECTOR('',#10946,1.);
#10946 = DIRECTION('',(1.,-1.224646799147E-16,0.));
#10947 = ORIENTED_EDGE('',*,*,#10569,.T.);
#10948 = ORIENTED_EDGE('',*,*,#1513,.T.);
#10949 = PLANE('',#10950);
#10950 = AXIS2_PLACEMENT_3D('',#10951,#10952,#10953);
#10951 = CARTESIAN_POINT('',(7.375000857143,1.429594984688,
    4.467679270219));
#10952 = DIRECTION('',(-1.17889950941E-16,-0.962644503077,-0.27076846326
    ));
#10953 = DIRECTION('',(1.,-1.224646799147E-16,0.));
#10954 = ADVANCED_FACE('',(#10955),#10966,.T.);
#10955 = FACE_BOUND('',#10956,.T.);
#10956 = EDGE_LOOP('',(#10957,#10958,#10959,#10965));
#10957 = ORIENTED_EDGE('',*,*,#10942,.T.);
#10958 = ORIENTED_EDGE('',*,*,#10740,.F.);
#10959 = ORIENTED_EDGE('',*,*,#10960,.F.);
#10960 = EDGE_CURVE('',#10578,#10733,#10961,.T.);
#10961 = LINE('',#10962,#10963);
#10962 = CARTESIAN_POINT('',(7.375000857143,1.432776037158,
    4.503112717345));
#10963 = VECTOR('',#10964,1.);
#10964 = DIRECTION('',(1.,-1.224646799147E-16,0.));
#10965 = ORIENTED_EDGE('',*,*,#10577,.T.);
#10966 = CYLINDRICAL_SURFACE('',#10967,5.E-02);
#10967 = AXIS2_PLACEMENT_3D('',#10968,#10969,#10970);
#10968 = CARTESIAN_POINT('',(7.375000857143,1.477727209842,
    4.481217693382));
#10969 = DIRECTION('',(-1.,1.224646799147E-16,0.));
#10970 = DIRECTION('',(1.499759782662E-32,1.224646799147E-16,-1.));
#10971 = ADVANCED_FACE('',(#10972),#10978,.T.);
#10972 = FACE_BOUND('',#10973,.T.);
#10973 = EDGE_LOOP('',(#10974,#10975,#10976,#10977));
#10974 = ORIENTED_EDGE('',*,*,#10586,.T.);
#10975 = ORIENTED_EDGE('',*,*,#10960,.T.);
#10976 = ORIENTED_EDGE('',*,*,#10732,.F.);
#10977 = ORIENTED_EDGE('',*,*,#1495,.F.);
#10978 = PLANE('',#10979);
#10979 = AXIS2_PLACEMENT_3D('',#10980,#10981,#10982);
#10980 = CARTESIAN_POINT('',(7.375000857143,1.686983066107,
    5.025007741308));
#10981 = DIRECTION('',(-1.100986194907E-16,-0.89902345368,0.437900479257
    ));
#10982 = DIRECTION('',(5.362734202678E-17,0.437900479257,0.89902345368)
  );
#10983 = ADVANCED_FACE('',(#10984),#11025,.F.);
#10984 = FACE_BOUND('',#10985,.T.);
#10985 = EDGE_LOOP('',(#10986,#10987,#10995,#11003,#11011,#11019));
#10986 = ORIENTED_EDGE('',*,*,#554,.T.);
#10987 = ORIENTED_EDGE('',*,*,#10988,.F.);
#10988 = EDGE_CURVE('',#10989,#547,#10991,.T.);
#10989 = VERTEX_POINT('',#10990);
#10990 = CARTESIAN_POINT('',(8.875000857143,0.217734347539,
    -3.128782306618));
#10991 = LINE('',#10992,#10993);
#10992 = CARTESIAN_POINT('',(8.875000857143,0.217734347539,
    -3.128782306618));
#10993 = VECTOR('',#10994,1.);
#10994 = DIRECTION('',(-1.499759782662E-32,-1.224646799147E-16,1.));
#10995 = ORIENTED_EDGE('',*,*,#10996,.F.);
#10996 = EDGE_CURVE('',#10997,#10989,#10999,.T.);
#10997 = VERTEX_POINT('',#10998);
#10998 = CARTESIAN_POINT('',(8.875000857143,6.773434753874E-02,
    -3.428782306618));
#10999 = LINE('',#11000,#11001);
#11000 = CARTESIAN_POINT('',(8.875000857143,6.773434753874E-02,
    -3.428782306618));
#11001 = VECTOR('',#11002,1.);
#11002 = DIRECTION('',(5.476786982643E-17,0.4472135955,0.894427191));
#11003 = ORIENTED_EDGE('',*,*,#11004,.F.);
#11004 = EDGE_CURVE('',#11005,#10997,#11007,.T.);
#11005 = VERTEX_POINT('',#11006);
#11006 = CARTESIAN_POINT('',(8.875000857143,-8.226565246126E-02,
    -3.428782306618));
#11007 = LINE('',#11008,#11009);
#11008 = CARTESIAN_POINT('',(8.875000857143,-8.226565246126E-02,
    -3.428782306618));
#11009 = VECTOR('',#11010,1.);
#11010 = DIRECTION('',(1.224646799147E-16,1.,1.224646799147E-16));
#11011 = ORIENTED_EDGE('',*,*,#11012,.F.);
#11012 = EDGE_CURVE('',#11013,#11005,#11015,.T.);
#11013 = VERTEX_POINT('',#11014);
#11014 = CARTESIAN_POINT('',(8.875000857143,-0.232265652461,
    -3.028782306618));
#11015 = LINE('',#11016,#11017);
#11016 = CARTESIAN_POINT('',(8.875000857143,-0.232265652461,
    -3.028782306618));
#11017 = VECTOR('',#11018,1.);
#11018 = DIRECTION('',(4.300021988469E-17,0.351123441588,-0.936329177569
    ));
#11019 = ORIENTED_EDGE('',*,*,#11020,.F.);
#11020 = EDGE_CURVE('',#529,#11013,#11021,.T.);
#11021 = LINE('',#11022,#11023);
#11022 = CARTESIAN_POINT('',(8.875000857143,-0.252265652461,
    -2.878230661791E-02));
#11023 = VECTOR('',#11024,1.);
#11024 = DIRECTION('',(8.164130571207E-19,6.666518523456E-03,
    -0.999977778518));
#11025 = PLANE('',#11026);
#11026 = AXIS2_PLACEMENT_3D('',#11027,#11028,#11029);
#11027 = CARTESIAN_POINT('',(8.875000857143,2.512734347539,
    4.741217693382));
#11028 = DIRECTION('',(1.,-1.224646799147E-16,0.));
#11029 = DIRECTION('',(1.499759782662E-32,1.224646799147E-16,-1.));
#11030 = ADVANCED_FACE('',(#11031),#11092,.F.);
#11031 = FACE_BOUND('',#11032,.T.);
#11032 = EDGE_LOOP('',(#11033,#11042,#11050,#11059,#11067,#11075,#11083,
    #11089,#11090,#11091));
#11033 = ORIENTED_EDGE('',*,*,#11034,.F.);
#11034 = EDGE_CURVE('',#11035,#5095,#11037,.T.);
#11035 = VERTEX_POINT('',#11036);
#11036 = CARTESIAN_POINT('',(8.875000857143,0.398537662164,
    4.971832962871));
#11037 = CIRCLE('',#11038,0.15);
#11038 = AXIS2_PLACEMENT_3D('',#11039,#11040,#11041);
#11039 = CARTESIAN_POINT('',(8.875000857143,0.254140986703,
    4.931217693382));
#11040 = DIRECTION('',(1.,-1.224646799147E-16,0.));
#11041 = DIRECTION('',(1.17889950941E-16,0.962644503077,0.27076846326));
#11042 = ORIENTED_EDGE('',*,*,#11043,.F.);
#11043 = EDGE_CURVE('',#11044,#11035,#11046,.T.);
#11044 = VERTEX_POINT('',#11045);
#11045 = CARTESIAN_POINT('',(8.875000857143,0.605859434996,
    4.234756116545));
#11046 = LINE('',#11047,#11048);
#11047 = CARTESIAN_POINT('',(8.875000857143,0.605859434996,
    4.234756116545));
#11048 = VECTOR('',#11049,1.);
#11049 = DIRECTION('',(-3.315957318415E-17,-0.27076846326,0.962644503077
    ));
#11050 = ORIENTED_EDGE('',*,*,#11051,.F.);
#11051 = EDGE_CURVE('',#11052,#11044,#11054,.T.);
#11052 = VERTEX_POINT('',#11053);
#11053 = CARTESIAN_POINT('',(8.875000857143,0.602678382526,
    4.199322669419));
#11054 = CIRCLE('',#11055,5.E-02);
#11055 = AXIS2_PLACEMENT_3D('',#11056,#11057,#11058);
#11056 = CARTESIAN_POINT('',(8.875000857143,0.557727209842,
    4.221217693382));
#11057 = DIRECTION('',(1.,-1.224646799147E-16,6.162975822039E-33));
#11058 = DIRECTION('',(1.100986194907E-16,0.89902345368,-0.437900479257)
  );
#11059 = ORIENTED_EDGE('',*,*,#11060,.F.);
#11060 = EDGE_CURVE('',#11061,#11052,#11063,.T.);
#11061 = VERTEX_POINT('',#11062);
#11062 = CARTESIAN_POINT('',(8.875000857143,0.447734347539,
    3.881217693382));
#11063 = LINE('',#11064,#11065);
#11064 = CARTESIAN_POINT('',(8.875000857143,0.447734347539,
    3.881217693382));
#11065 = VECTOR('',#11066,1.);
#11066 = DIRECTION('',(5.362734202678E-17,0.437900479257,0.89902345368)
  );
#11067 = ORIENTED_EDGE('',*,*,#11068,.F.);
#11068 = EDGE_CURVE('',#11069,#11061,#11071,.T.);
#11069 = VERTEX_POINT('',#11070);
#11070 = CARTESIAN_POINT('',(8.875000857143,0.447734347539,
    2.581217693382));
#11071 = LINE('',#11072,#11073);
#11072 = CARTESIAN_POINT('',(8.875000857143,0.447734347539,
    2.581217693382));
#11073 = VECTOR('',#11074,1.);
#11074 = DIRECTION('',(-1.499759782662E-32,-1.224646799147E-16,1.));
#11075 = ORIENTED_EDGE('',*,*,#11076,.F.);
#11076 = EDGE_CURVE('',#11077,#11069,#11079,.T.);
#11077 = VERTEX_POINT('',#11078);
#11078 = CARTESIAN_POINT('',(8.875000857143,1.377734347539,
    2.581217693382));
#11079 = LINE('',#11080,#11081);
#11080 = CARTESIAN_POINT('',(8.875000857143,1.377734347539,
    2.581217693382));
#11081 = VECTOR('',#11082,1.);
#11082 = DIRECTION('',(-1.224646799147E-16,-1.,-1.224646799147E-16));
#11083 = ORIENTED_EDGE('',*,*,#11084,.F.);
#11084 = EDGE_CURVE('',#6118,#11077,#11085,.T.);
#11085 = LINE('',#11086,#11087);
#11086 = CARTESIAN_POINT('',(8.875000857143,1.377734347539,
    2.471217693382));
#11087 = VECTOR('',#11088,1.);
#11088 = DIRECTION('',(-1.499759782662E-32,-1.224646799147E-16,1.));
#11089 = ORIENTED_EDGE('',*,*,#6117,.F.);
#11090 = ORIENTED_EDGE('',*,*,#6471,.F.);
#11091 = ORIENTED_EDGE('',*,*,#5102,.T.);
#11092 = PLANE('',#11093);
#11093 = AXIS2_PLACEMENT_3D('',#11094,#11095,#11096);
#11094 = CARTESIAN_POINT('',(8.875000857143,2.512734347539,
    4.741217693382));
#11095 = DIRECTION('',(1.,-1.224646799147E-16,0.));
#11096 = DIRECTION('',(1.499759782662E-32,1.224646799147E-16,-1.));
#11097 = ADVANCED_FACE('',(#11098),#11124,.F.);
#11098 = FACE_BOUND('',#11099,.T.);
#11099 = EDGE_LOOP('',(#11100,#11108,#11117,#11123));
#11100 = ORIENTED_EDGE('',*,*,#11101,.F.);
#11101 = EDGE_CURVE('',#11102,#1310,#11104,.T.);
#11102 = VERTEX_POINT('',#11103);
#11103 = CARTESIAN_POINT('',(8.875000857143,1.429594984688,
    4.467679270219));
#11104 = LINE('',#11105,#11106);
#11105 = CARTESIAN_POINT('',(8.875000857143,1.429594984688,
    4.467679270219));
#11106 = VECTOR('',#11107,1.);
#11107 = DIRECTION('',(3.315957318415E-17,0.27076846326,-0.962644503077)
  );
#11108 = ORIENTED_EDGE('',*,*,#11109,.F.);
#11109 = EDGE_CURVE('',#11110,#11102,#11112,.T.);
#11110 = VERTEX_POINT('',#11111);
#11111 = CARTESIAN_POINT('',(8.875000857143,1.432776037158,
    4.503112717345));
#11112 = CIRCLE('',#11113,5.E-02);
#11113 = AXIS2_PLACEMENT_3D('',#11114,#11115,#11116);
#11114 = CARTESIAN_POINT('',(8.875000857143,1.477727209842,
    4.481217693382));
#11115 = DIRECTION('',(1.,-1.224646799147E-16,6.162975822039E-33));
#11116 = DIRECTION('',(-1.100986194907E-16,-0.89902345368,0.437900479257
    ));
#11117 = ORIENTED_EDGE('',*,*,#11118,.F.);
#11118 = EDGE_CURVE('',#1292,#11110,#11119,.T.);
#11119 = LINE('',#11120,#11121);
#11120 = CARTESIAN_POINT('',(8.875000857143,1.647734347539,
    4.944428887914));
#11121 = VECTOR('',#11122,1.);
#11122 = DIRECTION('',(-5.362734202678E-17,-0.437900479257,
    -0.89902345368));
#11123 = ORIENTED_EDGE('',*,*,#1317,.F.);
#11124 = PLANE('',#11125);
#11125 = AXIS2_PLACEMENT_3D('',#11126,#11127,#11128);
#11126 = CARTESIAN_POINT('',(8.875000857143,2.512734347539,
    4.741217693382));
#11127 = DIRECTION('',(1.,-1.224646799147E-16,0.));
#11128 = DIRECTION('',(1.499759782662E-32,1.224646799147E-16,-1.));
#11129 = ADVANCED_FACE('',(#11130),#11148,.T.);
#11130 = FACE_BOUND('',#11131,.T.);
#11131 = EDGE_LOOP('',(#11132,#11140,#11146,#11147));
#11132 = ORIENTED_EDGE('',*,*,#11133,.T.);
#11133 = EDGE_CURVE('',#11013,#11134,#11136,.T.);
#11134 = VERTEX_POINT('',#11135);
#11135 = CARTESIAN_POINT('',(9.125000857143,-0.232265652461,
    -3.028782306618));
#11136 = LINE('',#11137,#11138);
#11137 = CARTESIAN_POINT('',(8.875000857143,-0.232265652461,
    -3.028782306618));
#11138 = VECTOR('',#11139,1.);
#11139 = DIRECTION('',(1.,-1.224646799147E-16,0.));
#11140 = ORIENTED_EDGE('',*,*,#11141,.F.);
#11141 = EDGE_CURVE('',#531,#11134,#11142,.T.);
#11142 = LINE('',#11143,#11144);
#11143 = CARTESIAN_POINT('',(9.125000857143,-0.252265652461,
    -2.878230661791E-02));
#11144 = VECTOR('',#11145,1.);
#11145 = DIRECTION('',(8.164130571207E-19,6.666518523456E-03,
    -0.999977778518));
#11146 = ORIENTED_EDGE('',*,*,#528,.F.);
#11147 = ORIENTED_EDGE('',*,*,#11020,.T.);
#11148 = PLANE('',#11149);
#11149 = AXIS2_PLACEMENT_3D('',#11150,#11151,#11152);
#11150 = CARTESIAN_POINT('',(8.875000857143,-0.252265652461,
    -2.878230661791E-02));
#11151 = DIRECTION('',(-1.224619585681E-16,-0.999977778518,
    -6.666518523457E-03));
#11152 = DIRECTION('',(1.,-1.224646799147E-16,0.));
#11153 = ADVANCED_FACE('',(#11154),#11188,.T.);
#11154 = FACE_BOUND('',#11155,.T.);
#11155 = EDGE_LOOP('',(#11156,#11164,#11172,#11180,#11186,#11187));
#11156 = ORIENTED_EDGE('',*,*,#11157,.T.);
#11157 = EDGE_CURVE('',#11134,#11158,#11160,.T.);
#11158 = VERTEX_POINT('',#11159);
#11159 = CARTESIAN_POINT('',(9.125000857143,-8.226565246126E-02,
    -3.428782306618));
#11160 = LINE('',#11161,#11162);
#11161 = CARTESIAN_POINT('',(9.125000857143,-0.232265652461,
    -3.028782306618));
#11162 = VECTOR('',#11163,1.);
#11163 = DIRECTION('',(4.300021988469E-17,0.351123441588,-0.936329177569
    ));
#11164 = ORIENTED_EDGE('',*,*,#11165,.T.);
#11165 = EDGE_CURVE('',#11158,#11166,#11168,.T.);
#11166 = VERTEX_POINT('',#11167);
#11167 = CARTESIAN_POINT('',(9.125000857143,6.773434753874E-02,
    -3.428782306618));
#11168 = LINE('',#11169,#11170);
#11169 = CARTESIAN_POINT('',(9.125000857143,-8.226565246126E-02,
    -3.428782306618));
#11170 = VECTOR('',#11171,1.);
#11171 = DIRECTION('',(1.224646799147E-16,1.,1.224646799147E-16));
#11172 = ORIENTED_EDGE('',*,*,#11173,.T.);
#11173 = EDGE_CURVE('',#11166,#11174,#11176,.T.);
#11174 = VERTEX_POINT('',#11175);
#11175 = CARTESIAN_POINT('',(9.125000857143,0.217734347539,
    -3.128782306618));
#11176 = LINE('',#11177,#11178);
#11177 = CARTESIAN_POINT('',(9.125000857143,6.773434753874E-02,
    -3.428782306618));
#11178 = VECTOR('',#11179,1.);
#11179 = DIRECTION('',(5.476786982643E-17,0.4472135955,0.894427191));
#11180 = ORIENTED_EDGE('',*,*,#11181,.T.);
#11181 = EDGE_CURVE('',#11174,#539,#11182,.T.);
#11182 = LINE('',#11183,#11184);
#11183 = CARTESIAN_POINT('',(9.125000857143,0.217734347539,
    -3.128782306618));
#11184 = VECTOR('',#11185,1.);
#11185 = DIRECTION('',(-1.499759782662E-32,-1.224646799147E-16,1.));
#11186 = ORIENTED_EDGE('',*,*,#538,.F.);
#11187 = ORIENTED_EDGE('',*,*,#11141,.T.);
#11188 = PLANE('',#11189);
#11189 = AXIS2_PLACEMENT_3D('',#11190,#11191,#11192);
#11190 = CARTESIAN_POINT('',(9.125000857143,2.512734347539,
    4.741217693382));
#11191 = DIRECTION('',(1.,-1.224646799147E-16,0.));
#11192 = DIRECTION('',(1.499759782662E-32,1.224646799147E-16,-1.));
#11193 = ADVANCED_FACE('',(#11194),#11255,.T.);
#11194 = FACE_BOUND('',#11195,.T.);
#11195 = EDGE_LOOP('',(#11196,#11197,#11198,#11206,#11214,#11222,#11230,
    #11239,#11247,#11254));
#11196 = ORIENTED_EDGE('',*,*,#6493,.T.);
#11197 = ORIENTED_EDGE('',*,*,#6133,.T.);
#11198 = ORIENTED_EDGE('',*,*,#11199,.T.);
#11199 = EDGE_CURVE('',#6126,#11200,#11202,.T.);
#11200 = VERTEX_POINT('',#11201);
#11201 = CARTESIAN_POINT('',(9.125000857143,1.377734347539,
    2.581217693382));
#11202 = LINE('',#11203,#11204);
#11203 = CARTESIAN_POINT('',(9.125000857143,1.377734347539,
    2.471217693382));
#11204 = VECTOR('',#11205,1.);
#11205 = DIRECTION('',(-1.499759782662E-32,-1.224646799147E-16,1.));
#11206 = ORIENTED_EDGE('',*,*,#11207,.T.);
#11207 = EDGE_CURVE('',#11200,#11208,#11210,.T.);
#11208 = VERTEX_POINT('',#11209);
#11209 = CARTESIAN_POINT('',(9.125000857143,0.447734347539,
    2.581217693382));
#11210 = LINE('',#11211,#11212);
#11211 = CARTESIAN_POINT('',(9.125000857143,1.377734347539,
    2.581217693382));
#11212 = VECTOR('',#11213,1.);
#11213 = DIRECTION('',(-1.224646799147E-16,-1.,-1.224646799147E-16));
#11214 = ORIENTED_EDGE('',*,*,#11215,.T.);
#11215 = EDGE_CURVE('',#11208,#11216,#11218,.T.);
#11216 = VERTEX_POINT('',#11217);
#11217 = CARTESIAN_POINT('',(9.125000857143,0.447734347539,
    3.881217693382));
#11218 = LINE('',#11219,#11220);
#11219 = CARTESIAN_POINT('',(9.125000857143,0.447734347539,
    2.581217693382));
#11220 = VECTOR('',#11221,1.);
#11221 = DIRECTION('',(-1.499759782662E-32,-1.224646799147E-16,1.));
#11222 = ORIENTED_EDGE('',*,*,#11223,.T.);
#11223 = EDGE_CURVE('',#11216,#11224,#11226,.T.);
#11224 = VERTEX_POINT('',#11225);
#11225 = CARTESIAN_POINT('',(9.125000857143,0.602678382526,
    4.199322669419));
#11226 = LINE('',#11227,#11228);
#11227 = CARTESIAN_POINT('',(9.125000857143,0.447734347539,
    3.881217693382));
#11228 = VECTOR('',#11229,1.);
#11229 = DIRECTION('',(5.362734202678E-17,0.437900479257,0.89902345368)
  );
#11230 = ORIENTED_EDGE('',*,*,#11231,.T.);
#11231 = EDGE_CURVE('',#11224,#11232,#11234,.T.);
#11232 = VERTEX_POINT('',#11233);
#11233 = CARTESIAN_POINT('',(9.125000857143,0.605859434996,
    4.234756116545));
#11234 = CIRCLE('',#11235,5.E-02);
#11235 = AXIS2_PLACEMENT_3D('',#11236,#11237,#11238);
#11236 = CARTESIAN_POINT('',(9.125000857143,0.557727209842,
    4.221217693382));
#11237 = DIRECTION('',(1.,-1.224646799147E-16,6.162975822039E-33));
#11238 = DIRECTION('',(1.100986194907E-16,0.89902345368,-0.437900479257)
  );
#11239 = ORIENTED_EDGE('',*,*,#11240,.T.);
#11240 = EDGE_CURVE('',#11232,#11241,#11243,.T.);
#11241 = VERTEX_POINT('',#11242);
#11242 = CARTESIAN_POINT('',(9.125000857143,0.398537662164,
    4.971832962871));
#11243 = LINE('',#11244,#11245);
#11244 = CARTESIAN_POINT('',(9.125000857143,0.605859434996,
    4.234756116545));
#11245 = VECTOR('',#11246,1.);
#11246 = DIRECTION('',(-3.315957318415E-17,-0.27076846326,0.962644503077
    ));
#11247 = ORIENTED_EDGE('',*,*,#11248,.T.);
#11248 = EDGE_CURVE('',#11241,#5087,#11249,.T.);
#11249 = CIRCLE('',#11250,0.15);
#11250 = AXIS2_PLACEMENT_3D('',#11251,#11252,#11253);
#11251 = CARTESIAN_POINT('',(9.125000857143,0.254140986703,
    4.931217693382));
#11252 = DIRECTION('',(1.,-1.224646799147E-16,0.));
#11253 = DIRECTION('',(1.17889950941E-16,0.962644503077,0.27076846326));
#11254 = ORIENTED_EDGE('',*,*,#5086,.F.);
#11255 = PLANE('',#11256);
#11256 = AXIS2_PLACEMENT_3D('',#11257,#11258,#11259);
#11257 = CARTESIAN_POINT('',(9.125000857143,2.512734347539,
    4.741217693382));
#11258 = DIRECTION('',(1.,-1.224646799147E-16,0.));
#11259 = DIRECTION('',(1.499759782662E-32,1.224646799147E-16,-1.));
#11260 = ADVANCED_FACE('',(#11261),#11287,.T.);
#11261 = FACE_BOUND('',#11262,.T.);
#11262 = EDGE_LOOP('',(#11263,#11271,#11280,#11286));
#11263 = ORIENTED_EDGE('',*,*,#11264,.T.);
#11264 = EDGE_CURVE('',#1294,#11265,#11267,.T.);
#11265 = VERTEX_POINT('',#11266);
#11266 = CARTESIAN_POINT('',(9.125000857143,1.432776037158,
    4.503112717345));
#11267 = LINE('',#11268,#11269);
#11268 = CARTESIAN_POINT('',(9.125000857143,1.647734347539,
    4.944428887914));
#11269 = VECTOR('',#11270,1.);
#11270 = DIRECTION('',(-5.362734202678E-17,-0.437900479257,
    -0.89902345368));
#11271 = ORIENTED_EDGE('',*,*,#11272,.T.);
#11272 = EDGE_CURVE('',#11265,#11273,#11275,.T.);
#11273 = VERTEX_POINT('',#11274);
#11274 = CARTESIAN_POINT('',(9.125000857143,1.429594984688,
    4.467679270219));
#11275 = CIRCLE('',#11276,5.E-02);
#11276 = AXIS2_PLACEMENT_3D('',#11277,#11278,#11279);
#11277 = CARTESIAN_POINT('',(9.125000857143,1.477727209842,
    4.481217693382));
#11278 = DIRECTION('',(1.,-1.224646799147E-16,6.162975822039E-33));
#11279 = DIRECTION('',(-1.100986194907E-16,-0.89902345368,0.437900479257
    ));
#11280 = ORIENTED_EDGE('',*,*,#11281,.T.);
#11281 = EDGE_CURVE('',#11273,#1302,#11282,.T.);
#11282 = LINE('',#11283,#11284);
#11283 = CARTESIAN_POINT('',(9.125000857143,1.429594984688,
    4.467679270219));
#11284 = VECTOR('',#11285,1.);
#11285 = DIRECTION('',(3.315957318415E-17,0.27076846326,-0.962644503077)
  );
#11286 = ORIENTED_EDGE('',*,*,#1301,.T.);
#11287 = PLANE('',#11288);
#11288 = AXIS2_PLACEMENT_3D('',#11289,#11290,#11291);
#11289 = CARTESIAN_POINT('',(9.125000857143,2.512734347539,
    4.741217693382));
#11290 = DIRECTION('',(1.,-1.224646799147E-16,0.));
#11291 = DIRECTION('',(1.499759782662E-32,1.224646799147E-16,-1.));
#11292 = ADVANCED_FACE('',(#11293),#11304,.T.);
#11293 = FACE_BOUND('',#11294,.T.);
#11294 = EDGE_LOOP('',(#11295,#11296,#11302,#11303));
#11295 = ORIENTED_EDGE('',*,*,#11181,.F.);
#11296 = ORIENTED_EDGE('',*,*,#11297,.F.);
#11297 = EDGE_CURVE('',#10989,#11174,#11298,.T.);
#11298 = LINE('',#11299,#11300);
#11299 = CARTESIAN_POINT('',(8.875000857143,0.217734347539,
    -3.128782306618));
#11300 = VECTOR('',#11301,1.);
#11301 = DIRECTION('',(1.,-1.224646799147E-16,0.));
#11302 = ORIENTED_EDGE('',*,*,#10988,.T.);
#11303 = ORIENTED_EDGE('',*,*,#546,.T.);
#11304 = PLANE('',#11305);
#11305 = AXIS2_PLACEMENT_3D('',#11306,#11307,#11308);
#11306 = CARTESIAN_POINT('',(8.875000857143,0.217734347539,
    -3.128782306618));
#11307 = DIRECTION('',(1.224646799147E-16,1.,1.224646799147E-16));
#11308 = DIRECTION('',(-1.,1.224646799147E-16,0.));
#11309 = ADVANCED_FACE('',(#11310),#11321,.T.);
#11310 = FACE_BOUND('',#11311,.T.);
#11311 = EDGE_LOOP('',(#11312,#11313,#11314,#11320));
#11312 = ORIENTED_EDGE('',*,*,#11297,.T.);
#11313 = ORIENTED_EDGE('',*,*,#11173,.F.);
#11314 = ORIENTED_EDGE('',*,*,#11315,.F.);
#11315 = EDGE_CURVE('',#10997,#11166,#11316,.T.);
#11316 = LINE('',#11317,#11318);
#11317 = CARTESIAN_POINT('',(8.875000857143,6.773434753874E-02,
    -3.428782306618));
#11318 = VECTOR('',#11319,1.);
#11319 = DIRECTION('',(1.,-1.224646799147E-16,0.));
#11320 = ORIENTED_EDGE('',*,*,#10996,.T.);
#11321 = PLANE('',#11322);
#11322 = AXIS2_PLACEMENT_3D('',#11323,#11324,#11325);
#11323 = CARTESIAN_POINT('',(8.875000857143,6.773434753874E-02,
    -3.428782306618));
#11324 = DIRECTION('',(1.095357396528E-16,0.894427191,-0.4472135955));
#11325 = DIRECTION('',(-1.,1.224646799147E-16,0.));
#11326 = ADVANCED_FACE('',(#11327),#11338,.T.);
#11327 = FACE_BOUND('',#11328,.T.);
#11328 = EDGE_LOOP('',(#11329,#11330,#11331,#11337));
#11329 = ORIENTED_EDGE('',*,*,#11315,.T.);
#11330 = ORIENTED_EDGE('',*,*,#11165,.F.);
#11331 = ORIENTED_EDGE('',*,*,#11332,.F.);
#11332 = EDGE_CURVE('',#11005,#11158,#11333,.T.);
#11333 = LINE('',#11334,#11335);
#11334 = CARTESIAN_POINT('',(8.875000857143,-8.226565246126E-02,
    -3.428782306618));
#11335 = VECTOR('',#11336,1.);
#11336 = DIRECTION('',(1.,-1.224646799147E-16,0.));
#11337 = ORIENTED_EDGE('',*,*,#11004,.T.);
#11338 = PLANE('',#11339);
#11339 = AXIS2_PLACEMENT_3D('',#11340,#11341,#11342);
#11340 = CARTESIAN_POINT('',(8.875000857143,-8.226565246126E-02,
    -3.428782306618));
#11341 = DIRECTION('',(1.499759782662E-32,1.224646799147E-16,-1.));
#11342 = DIRECTION('',(-1.,1.224646799147E-16,0.));
#11343 = ADVANCED_FACE('',(#11344),#11350,.T.);
#11344 = FACE_BOUND('',#11345,.T.);
#11345 = EDGE_LOOP('',(#11346,#11347,#11348,#11349));
#11346 = ORIENTED_EDGE('',*,*,#11332,.T.);
#11347 = ORIENTED_EDGE('',*,*,#11157,.F.);
#11348 = ORIENTED_EDGE('',*,*,#11133,.F.);
#11349 = ORIENTED_EDGE('',*,*,#11012,.T.);
#11350 = PLANE('',#11351);
#11351 = AXIS2_PLACEMENT_3D('',#11352,#11353,#11354);
#11352 = CARTESIAN_POINT('',(8.875000857143,-0.232265652461,
    -3.028782306618));
#11353 = DIRECTION('',(-1.146672530258E-16,-0.936329177569,
    -0.351123441588));
#11354 = DIRECTION('',(1.,-1.224646799147E-16,0.));
#11355 = ADVANCED_FACE('',(#11356),#11367,.T.);
#11356 = FACE_BOUND('',#11357,.T.);
#11357 = EDGE_LOOP('',(#11358,#11359,#11365,#11366));
#11358 = ORIENTED_EDGE('',*,*,#11248,.F.);
#11359 = ORIENTED_EDGE('',*,*,#11360,.F.);
#11360 = EDGE_CURVE('',#11035,#11241,#11361,.T.);
#11361 = LINE('',#11362,#11363);
#11362 = CARTESIAN_POINT('',(8.875000857143,0.398537662164,
    4.971832962871));
#11363 = VECTOR('',#11364,1.);
#11364 = DIRECTION('',(1.,-1.224646799147E-16,0.));
#11365 = ORIENTED_EDGE('',*,*,#11034,.T.);
#11366 = ORIENTED_EDGE('',*,*,#5094,.T.);
#11367 = CYLINDRICAL_SURFACE('',#11368,0.15);
#11368 = AXIS2_PLACEMENT_3D('',#11369,#11370,#11371);
#11369 = CARTESIAN_POINT('',(8.875000857143,0.254140986703,
    4.931217693382));
#11370 = DIRECTION('',(-1.,1.224646799147E-16,0.));
#11371 = DIRECTION('',(1.499759782662E-32,1.224646799147E-16,-1.));
#11372 = ADVANCED_FACE('',(#11373),#11384,.T.);
#11373 = FACE_BOUND('',#11374,.T.);
#11374 = EDGE_LOOP('',(#11375,#11376,#11377,#11383));
#11375 = ORIENTED_EDGE('',*,*,#11360,.T.);
#11376 = ORIENTED_EDGE('',*,*,#11240,.F.);
#11377 = ORIENTED_EDGE('',*,*,#11378,.F.);
#11378 = EDGE_CURVE('',#11044,#11232,#11379,.T.);
#11379 = LINE('',#11380,#11381);
#11380 = CARTESIAN_POINT('',(8.875000857143,0.605859434996,
    4.234756116545));
#11381 = VECTOR('',#11382,1.);
#11382 = DIRECTION('',(1.,-1.224646799147E-16,0.));
#11383 = ORIENTED_EDGE('',*,*,#11043,.T.);
#11384 = PLANE('',#11385);
#11385 = AXIS2_PLACEMENT_3D('',#11386,#11387,#11388);
#11386 = CARTESIAN_POINT('',(8.875000857143,0.605859434996,
    4.234756116545));
#11387 = DIRECTION('',(1.17889950941E-16,0.962644503077,0.27076846326));
#11388 = DIRECTION('',(1.,-1.224646799147E-16,0.));
#11389 = ADVANCED_FACE('',(#11390),#11401,.T.);
#11390 = FACE_BOUND('',#11391,.T.);
#11391 = EDGE_LOOP('',(#11392,#11393,#11394,#11400));
#11392 = ORIENTED_EDGE('',*,*,#11378,.T.);
#11393 = ORIENTED_EDGE('',*,*,#11231,.F.);
#11394 = ORIENTED_EDGE('',*,*,#11395,.F.);
#11395 = EDGE_CURVE('',#11052,#11224,#11396,.T.);
#11396 = LINE('',#11397,#11398);
#11397 = CARTESIAN_POINT('',(8.875000857143,0.602678382526,
    4.199322669419));
#11398 = VECTOR('',#11399,1.);
#11399 = DIRECTION('',(1.,-1.224646799147E-16,0.));
#11400 = ORIENTED_EDGE('',*,*,#11051,.T.);
#11401 = CYLINDRICAL_SURFACE('',#11402,5.E-02);
#11402 = AXIS2_PLACEMENT_3D('',#11403,#11404,#11405);
#11403 = CARTESIAN_POINT('',(8.875000857143,0.557727209842,
    4.221217693382));
#11404 = DIRECTION('',(-1.,1.224646799147E-16,0.));
#11405 = DIRECTION('',(1.499759782662E-32,1.224646799147E-16,-1.));
#11406 = ADVANCED_FACE('',(#11407),#11418,.T.);
#11407 = FACE_BOUND('',#11408,.T.);
#11408 = EDGE_LOOP('',(#11409,#11410,#11411,#11417));
#11409 = ORIENTED_EDGE('',*,*,#11395,.T.);
#11410 = ORIENTED_EDGE('',*,*,#11223,.F.);
#11411 = ORIENTED_EDGE('',*,*,#11412,.F.);
#11412 = EDGE_CURVE('',#11061,#11216,#11413,.T.);
#11413 = LINE('',#11414,#11415);
#11414 = CARTESIAN_POINT('',(8.875000857143,0.447734347539,
    3.881217693382));
#11415 = VECTOR('',#11416,1.);
#11416 = DIRECTION('',(1.,-1.224646799147E-16,0.));
#11417 = ORIENTED_EDGE('',*,*,#11060,.T.);
#11418 = PLANE('',#11419);
#11419 = AXIS2_PLACEMENT_3D('',#11420,#11421,#11422);
#11420 = CARTESIAN_POINT('',(8.875000857143,0.447734347539,
    3.881217693382));
#11421 = DIRECTION('',(1.100986194907E-16,0.89902345368,-0.437900479257)
  );
#11422 = DIRECTION('',(-1.,1.224646799147E-16,0.));
#11423 = ADVANCED_FACE('',(#11424),#11435,.T.);
#11424 = FACE_BOUND('',#11425,.T.);
#11425 = EDGE_LOOP('',(#11426,#11427,#11428,#11434));
#11426 = ORIENTED_EDGE('',*,*,#11412,.T.);
#11427 = ORIENTED_EDGE('',*,*,#11215,.F.);
#11428 = ORIENTED_EDGE('',*,*,#11429,.F.);
#11429 = EDGE_CURVE('',#11069,#11208,#11430,.T.);
#11430 = LINE('',#11431,#11432);
#11431 = CARTESIAN_POINT('',(8.875000857143,0.447734347539,
    2.581217693382));
#11432 = VECTOR('',#11433,1.);
#11433 = DIRECTION('',(1.,-1.224646799147E-16,0.));
#11434 = ORIENTED_EDGE('',*,*,#11068,.T.);
#11435 = PLANE('',#11436);
#11436 = AXIS2_PLACEMENT_3D('',#11437,#11438,#11439);
#11437 = CARTESIAN_POINT('',(8.875000857143,0.447734347539,
    2.581217693382));
#11438 = DIRECTION('',(1.224646799147E-16,1.,1.224646799147E-16));
#11439 = DIRECTION('',(-1.,1.224646799147E-16,0.));
#11440 = ADVANCED_FACE('',(#11441),#11452,.T.);
#11441 = FACE_BOUND('',#11442,.T.);
#11442 = EDGE_LOOP('',(#11443,#11444,#11445,#11451));
#11443 = ORIENTED_EDGE('',*,*,#11429,.T.);
#11444 = ORIENTED_EDGE('',*,*,#11207,.F.);
#11445 = ORIENTED_EDGE('',*,*,#11446,.F.);
#11446 = EDGE_CURVE('',#11077,#11200,#11447,.T.);
#11447 = LINE('',#11448,#11449);
#11448 = CARTESIAN_POINT('',(8.875000857143,1.377734347539,
    2.581217693382));
#11449 = VECTOR('',#11450,1.);
#11450 = DIRECTION('',(1.,-1.224646799147E-16,0.));
#11451 = ORIENTED_EDGE('',*,*,#11076,.T.);
#11452 = PLANE('',#11453);
#11453 = AXIS2_PLACEMENT_3D('',#11454,#11455,#11456);
#11454 = CARTESIAN_POINT('',(8.875000857143,1.377734347539,
    2.581217693382));
#11455 = DIRECTION('',(-1.499759782662E-32,-1.224646799147E-16,1.));
#11456 = DIRECTION('',(-1.224646799147E-16,-1.,-1.224646799147E-16));
#11457 = ADVANCED_FACE('',(#11458),#11464,.T.);
#11458 = FACE_BOUND('',#11459,.T.);
#11459 = EDGE_LOOP('',(#11460,#11461,#11462,#11463));
#11460 = ORIENTED_EDGE('',*,*,#11084,.T.);
#11461 = ORIENTED_EDGE('',*,*,#11446,.T.);
#11462 = ORIENTED_EDGE('',*,*,#11199,.F.);
#11463 = ORIENTED_EDGE('',*,*,#6125,.F.);
#11464 = PLANE('',#11465);
#11465 = AXIS2_PLACEMENT_3D('',#11466,#11467,#11468);
#11466 = CARTESIAN_POINT('',(8.875000857143,1.377734347539,
    2.001217693382));
#11467 = DIRECTION('',(1.224646799147E-16,1.,1.224646799147E-16));
#11468 = DIRECTION('',(-1.,1.224646799147E-16,0.));
#11469 = ADVANCED_FACE('',(#11470),#11481,.T.);
#11470 = FACE_BOUND('',#11471,.T.);
#11471 = EDGE_LOOP('',(#11472,#11473,#11479,#11480));
#11472 = ORIENTED_EDGE('',*,*,#11281,.F.);
#11473 = ORIENTED_EDGE('',*,*,#11474,.F.);
#11474 = EDGE_CURVE('',#11102,#11273,#11475,.T.);
#11475 = LINE('',#11476,#11477);
#11476 = CARTESIAN_POINT('',(8.875000857143,1.429594984688,
    4.467679270219));
#11477 = VECTOR('',#11478,1.);
#11478 = DIRECTION('',(1.,-1.224646799147E-16,0.));
#11479 = ORIENTED_EDGE('',*,*,#11101,.T.);
#11480 = ORIENTED_EDGE('',*,*,#1309,.T.);
#11481 = PLANE('',#11482);
#11482 = AXIS2_PLACEMENT_3D('',#11483,#11484,#11485);
#11483 = CARTESIAN_POINT('',(8.875000857143,1.429594984688,
    4.467679270219));
#11484 = DIRECTION('',(-1.17889950941E-16,-0.962644503077,-0.27076846326
    ));
#11485 = DIRECTION('',(1.,-1.224646799147E-16,0.));
#11486 = ADVANCED_FACE('',(#11487),#11498,.T.);
#11487 = FACE_BOUND('',#11488,.T.);
#11488 = EDGE_LOOP('',(#11489,#11490,#11491,#11497));
#11489 = ORIENTED_EDGE('',*,*,#11474,.T.);
#11490 = ORIENTED_EDGE('',*,*,#11272,.F.);
#11491 = ORIENTED_EDGE('',*,*,#11492,.F.);
#11492 = EDGE_CURVE('',#11110,#11265,#11493,.T.);
#11493 = LINE('',#11494,#11495);
#11494 = CARTESIAN_POINT('',(8.875000857143,1.432776037158,
    4.503112717345));
#11495 = VECTOR('',#11496,1.);
#11496 = DIRECTION('',(1.,-1.224646799147E-16,0.));
#11497 = ORIENTED_EDGE('',*,*,#11109,.T.);
#11498 = CYLINDRICAL_SURFACE('',#11499,5.E-02);
#11499 = AXIS2_PLACEMENT_3D('',#11500,#11501,#11502);
#11500 = CARTESIAN_POINT('',(8.875000857143,1.477727209842,
    4.481217693382));
#11501 = DIRECTION('',(-1.,1.224646799147E-16,0.));
#11502 = DIRECTION('',(1.499759782662E-32,1.224646799147E-16,-1.));
#11503 = ADVANCED_FACE('',(#11504),#11510,.T.);
#11504 = FACE_BOUND('',#11505,.T.);
#11505 = EDGE_LOOP('',(#11506,#11507,#11508,#11509));
#11506 = ORIENTED_EDGE('',*,*,#11118,.T.);
#11507 = ORIENTED_EDGE('',*,*,#11492,.T.);
#11508 = ORIENTED_EDGE('',*,*,#11264,.F.);
#11509 = ORIENTED_EDGE('',*,*,#1291,.F.);
#11510 = PLANE('',#11511);
#11511 = AXIS2_PLACEMENT_3D('',#11512,#11513,#11514);
#11512 = CARTESIAN_POINT('',(8.875000857143,1.686983066107,
    5.025007741308));
#11513 = DIRECTION('',(-1.100986194907E-16,-0.89902345368,0.437900479257
    ));
#11514 = DIRECTION('',(5.362734202678E-17,0.437900479257,0.89902345368)
  );
#11515 = ADVANCED_FACE('',(#11516),#11557,.F.);
#11516 = FACE_BOUND('',#11517,.T.);
#11517 = EDGE_LOOP('',(#11518,#11526,#11534,#11542,#11550,#11556));
#11518 = ORIENTED_EDGE('',*,*,#11519,.F.);
#11519 = EDGE_CURVE('',#11520,#785,#11522,.T.);
#11520 = VERTEX_POINT('',#11521);
#11521 = CARTESIAN_POINT('',(10.375000857143,2.247734347539,
    -3.128782306618));
#11522 = LINE('',#11523,#11524);
#11523 = CARTESIAN_POINT('',(10.375000857143,2.247734347539,
    -3.128782306618));
#11524 = VECTOR('',#11525,1.);
#11525 = DIRECTION('',(-1.499759782662E-32,-1.224646799147E-16,1.));
#11526 = ORIENTED_EDGE('',*,*,#11527,.F.);
#11527 = EDGE_CURVE('',#11528,#11520,#11530,.T.);
#11528 = VERTEX_POINT('',#11529);
#11529 = CARTESIAN_POINT('',(10.375000857143,2.087734347539,
    -3.428782306618));
#11530 = LINE('',#11531,#11532);
#11531 = CARTESIAN_POINT('',(10.375000857143,2.087734347539,
    -3.428782306618));
#11532 = VECTOR('',#11533,1.);
#11533 = DIRECTION('',(5.763043760693E-17,0.470588235294,0.882352941176)
  );
#11534 = ORIENTED_EDGE('',*,*,#11535,.F.);
#11535 = EDGE_CURVE('',#11536,#11528,#11538,.T.);
#11536 = VERTEX_POINT('',#11537);
#11537 = CARTESIAN_POINT('',(10.375000857143,1.897734347539,
    -3.428782306618));
#11538 = LINE('',#11539,#11540);
#11539 = CARTESIAN_POINT('',(10.375000857143,1.897734347539,
    -3.428782306618));
#11540 = VECTOR('',#11541,1.);
#11541 = DIRECTION('',(1.224646799147E-16,1.,1.224646799147E-16));
#11542 = ORIENTED_EDGE('',*,*,#11543,.F.);
#11543 = EDGE_CURVE('',#11544,#11536,#11546,.T.);
#11544 = VERTEX_POINT('',#11545);
#11545 = CARTESIAN_POINT('',(10.375000857143,1.747734347539,
    -3.128782306618));
#11546 = LINE('',#11547,#11548);
#11547 = CARTESIAN_POINT('',(10.375000857143,1.747734347539,
    -3.128782306618));
#11548 = VECTOR('',#11549,1.);
#11549 = DIRECTION('',(5.476786982643E-17,0.4472135955,-0.894427191));
#11550 = ORIENTED_EDGE('',*,*,#11551,.F.);
#11551 = EDGE_CURVE('',#767,#11544,#11552,.T.);
#11552 = LINE('',#11553,#11554);
#11553 = CARTESIAN_POINT('',(10.375000857143,1.747734347539,
    -2.878230661791E-02));
#11554 = VECTOR('',#11555,1.);
#11555 = DIRECTION('',(1.499759782662E-32,1.224646799147E-16,-1.));
#11556 = ORIENTED_EDGE('',*,*,#792,.T.);
#11557 = PLANE('',#11558);
#11558 = AXIS2_PLACEMENT_3D('',#11559,#11560,#11561);
#11559 = CARTESIAN_POINT('',(10.375000857143,2.512734347539,
    4.741217693382));
#11560 = DIRECTION('',(1.,-1.224646799147E-16,0.));
#11561 = DIRECTION('',(1.499759782662E-32,1.224646799147E-16,-1.));
#11562 = ADVANCED_FACE('',(#11563),#11624,.F.);
#11563 = FACE_BOUND('',#11564,.T.);
#11564 = EDGE_LOOP('',(#11565,#11574,#11582,#11591,#11599,#11607,#11615,
    #11621,#11622,#11623));
#11565 = ORIENTED_EDGE('',*,*,#11566,.F.);
#11566 = EDGE_CURVE('',#11567,#5063,#11569,.T.);
#11567 = VERTEX_POINT('',#11568);
#11568 = CARTESIAN_POINT('',(10.375000857143,0.398537662164,
    4.971832962871));
#11569 = CIRCLE('',#11570,0.15);
#11570 = AXIS2_PLACEMENT_3D('',#11571,#11572,#11573);
#11571 = CARTESIAN_POINT('',(10.375000857143,0.254140986703,
    4.931217693382));
#11572 = DIRECTION('',(1.,-1.224646799147E-16,0.));
#11573 = DIRECTION('',(1.17889950941E-16,0.962644503077,0.27076846326));
#11574 = ORIENTED_EDGE('',*,*,#11575,.F.);
#11575 = EDGE_CURVE('',#11576,#11567,#11578,.T.);
#11576 = VERTEX_POINT('',#11577);
#11577 = CARTESIAN_POINT('',(10.375000857143,0.605859434996,
    4.234756116545));
#11578 = LINE('',#11579,#11580);
#11579 = CARTESIAN_POINT('',(10.375000857143,0.605859434996,
    4.234756116545));
#11580 = VECTOR('',#11581,1.);
#11581 = DIRECTION('',(-3.315957318415E-17,-0.27076846326,0.962644503077
    ));
#11582 = ORIENTED_EDGE('',*,*,#11583,.F.);
#11583 = EDGE_CURVE('',#11584,#11576,#11586,.T.);
#11584 = VERTEX_POINT('',#11585);
#11585 = CARTESIAN_POINT('',(10.375000857143,0.602678382526,
    4.199322669419));
#11586 = CIRCLE('',#11587,5.E-02);
#11587 = AXIS2_PLACEMENT_3D('',#11588,#11589,#11590);
#11588 = CARTESIAN_POINT('',(10.375000857143,0.557727209842,
    4.221217693382));
#11589 = DIRECTION('',(1.,-1.224646799147E-16,6.162975822039E-33));
#11590 = DIRECTION('',(1.100986194907E-16,0.89902345368,-0.437900479257)
  );
#11591 = ORIENTED_EDGE('',*,*,#11592,.F.);
#11592 = EDGE_CURVE('',#11593,#11584,#11595,.T.);
#11593 = VERTEX_POINT('',#11594);
#11594 = CARTESIAN_POINT('',(10.375000857143,0.447734347539,
    3.881217693382));
#11595 = LINE('',#11596,#11597);
#11596 = CARTESIAN_POINT('',(10.375000857143,0.447734347539,
    3.881217693382));
#11597 = VECTOR('',#11598,1.);
#11598 = DIRECTION('',(5.362734202678E-17,0.437900479257,0.89902345368)
  );
#11599 = ORIENTED_EDGE('',*,*,#11600,.F.);
#11600 = EDGE_CURVE('',#11601,#11593,#11603,.T.);
#11601 = VERTEX_POINT('',#11602);
#11602 = CARTESIAN_POINT('',(10.375000857143,0.447734347539,
    2.581217693382));
#11603 = LINE('',#11604,#11605);
#11604 = CARTESIAN_POINT('',(10.375000857143,0.447734347539,
    2.581217693382));
#11605 = VECTOR('',#11606,1.);
#11606 = DIRECTION('',(-1.499759782662E-32,-1.224646799147E-16,1.));
#11607 = ORIENTED_EDGE('',*,*,#11608,.F.);
#11608 = EDGE_CURVE('',#11609,#11601,#11611,.T.);
#11609 = VERTEX_POINT('',#11610);
#11610 = CARTESIAN_POINT('',(10.375000857143,1.377734347539,
    2.581217693382));
#11611 = LINE('',#11612,#11613);
#11612 = CARTESIAN_POINT('',(10.375000857143,1.377734347539,
    2.581217693382));
#11613 = VECTOR('',#11614,1.);
#11614 = DIRECTION('',(-1.224646799147E-16,-1.,-1.224646799147E-16));
#11615 = ORIENTED_EDGE('',*,*,#11616,.F.);
#11616 = EDGE_CURVE('',#6150,#11609,#11617,.T.);
#11617 = LINE('',#11618,#11619);
#11618 = CARTESIAN_POINT('',(10.375000857143,1.377734347539,
    2.471217693382));
#11619 = VECTOR('',#11620,1.);
#11620 = DIRECTION('',(-1.499759782662E-32,-1.224646799147E-16,1.));
#11621 = ORIENTED_EDGE('',*,*,#6149,.F.);
#11622 = ORIENTED_EDGE('',*,*,#6500,.F.);
#11623 = ORIENTED_EDGE('',*,*,#5070,.T.);
#11624 = PLANE('',#11625);
#11625 = AXIS2_PLACEMENT_3D('',#11626,#11627,#11628);
#11626 = CARTESIAN_POINT('',(10.375000857143,2.512734347539,
    4.741217693382));
#11627 = DIRECTION('',(1.,-1.224646799147E-16,0.));
#11628 = DIRECTION('',(1.499759782662E-32,1.224646799147E-16,-1.));
#11629 = ADVANCED_FACE('',(#11630),#11656,.F.);
#11630 = FACE_BOUND('',#11631,.T.);
#11631 = EDGE_LOOP('',(#11632,#11640,#11649,#11655));
#11632 = ORIENTED_EDGE('',*,*,#11633,.F.);
#11633 = EDGE_CURVE('',#11634,#1548,#11636,.T.);
#11634 = VERTEX_POINT('',#11635);
#11635 = CARTESIAN_POINT('',(10.375000857143,1.429594984688,
    4.467679270219));
#11636 = LINE('',#11637,#11638);
#11637 = CARTESIAN_POINT('',(10.375000857143,1.429594984688,
    4.467679270219));
#11638 = VECTOR('',#11639,1.);
#11639 = DIRECTION('',(3.315957318415E-17,0.27076846326,-0.962644503077)
  );
#11640 = ORIENTED_EDGE('',*,*,#11641,.F.);
#11641 = EDGE_CURVE('',#11642,#11634,#11644,.T.);
#11642 = VERTEX_POINT('',#11643);
#11643 = CARTESIAN_POINT('',(10.375000857143,1.432776037158,
    4.503112717345));
#11644 = CIRCLE('',#11645,5.E-02);
#11645 = AXIS2_PLACEMENT_3D('',#11646,#11647,#11648);
#11646 = CARTESIAN_POINT('',(10.375000857143,1.477727209842,
    4.481217693382));
#11647 = DIRECTION('',(1.,-1.224646799147E-16,6.162975822039E-33));
#11648 = DIRECTION('',(-1.100986194907E-16,-0.89902345368,0.437900479257
    ));
#11649 = ORIENTED_EDGE('',*,*,#11650,.F.);
#11650 = EDGE_CURVE('',#1530,#11642,#11651,.T.);
#11651 = LINE('',#11652,#11653);
#11652 = CARTESIAN_POINT('',(10.375000857143,1.647734347539,
    4.944428887914));
#11653 = VECTOR('',#11654,1.);
#11654 = DIRECTION('',(-5.362734202678E-17,-0.437900479257,
    -0.89902345368));
#11655 = ORIENTED_EDGE('',*,*,#1555,.F.);
#11656 = PLANE('',#11657);
#11657 = AXIS2_PLACEMENT_3D('',#11658,#11659,#11660);
#11658 = CARTESIAN_POINT('',(10.375000857143,2.512734347539,
    4.741217693382));
#11659 = DIRECTION('',(1.,-1.224646799147E-16,0.));
#11660 = DIRECTION('',(1.499759782662E-32,1.224646799147E-16,-1.));
#11661 = ADVANCED_FACE('',(#11662),#11680,.T.);
#11662 = FACE_BOUND('',#11663,.T.);
#11663 = EDGE_LOOP('',(#11664,#11665,#11673,#11679));
#11664 = ORIENTED_EDGE('',*,*,#11551,.T.);
#11665 = ORIENTED_EDGE('',*,*,#11666,.T.);
#11666 = EDGE_CURVE('',#11544,#11667,#11669,.T.);
#11667 = VERTEX_POINT('',#11668);
#11668 = CARTESIAN_POINT('',(10.625000857143,1.747734347539,
    -3.128782306618));
#11669 = LINE('',#11670,#11671);
#11670 = CARTESIAN_POINT('',(10.375000857143,1.747734347539,
    -3.128782306618));
#11671 = VECTOR('',#11672,1.);
#11672 = DIRECTION('',(1.,-1.224646799147E-16,0.));
#11673 = ORIENTED_EDGE('',*,*,#11674,.F.);
#11674 = EDGE_CURVE('',#769,#11667,#11675,.T.);
#11675 = LINE('',#11676,#11677);
#11676 = CARTESIAN_POINT('',(10.625000857143,1.747734347539,
    -2.878230661791E-02));
#11677 = VECTOR('',#11678,1.);
#11678 = DIRECTION('',(1.499759782662E-32,1.224646799147E-16,-1.));
#11679 = ORIENTED_EDGE('',*,*,#766,.F.);
#11680 = PLANE('',#11681);
#11681 = AXIS2_PLACEMENT_3D('',#11682,#11683,#11684);
#11682 = CARTESIAN_POINT('',(10.375000857143,1.747734347539,
    -1.878230661791E-02));
#11683 = DIRECTION('',(-1.224646799147E-16,-1.,-1.224646799147E-16));
#11684 = DIRECTION('',(-1.499759782662E-32,-1.224646799147E-16,1.));
#11685 = ADVANCED_FACE('',(#11686),#11720,.T.);
#11686 = FACE_BOUND('',#11687,.T.);
#11687 = EDGE_LOOP('',(#11688,#11689,#11697,#11705,#11713,#11719));
#11688 = ORIENTED_EDGE('',*,*,#11674,.T.);
#11689 = ORIENTED_EDGE('',*,*,#11690,.T.);
#11690 = EDGE_CURVE('',#11667,#11691,#11693,.T.);
#11691 = VERTEX_POINT('',#11692);
#11692 = CARTESIAN_POINT('',(10.625000857143,1.897734347539,
    -3.428782306618));
#11693 = LINE('',#11694,#11695);
#11694 = CARTESIAN_POINT('',(10.625000857143,1.747734347539,
    -3.128782306618));
#11695 = VECTOR('',#11696,1.);
#11696 = DIRECTION('',(5.476786982643E-17,0.4472135955,-0.894427191));
#11697 = ORIENTED_EDGE('',*,*,#11698,.T.);
#11698 = EDGE_CURVE('',#11691,#11699,#11701,.T.);
#11699 = VERTEX_POINT('',#11700);
#11700 = CARTESIAN_POINT('',(10.625000857143,2.087734347539,
    -3.428782306618));
#11701 = LINE('',#11702,#11703);
#11702 = CARTESIAN_POINT('',(10.625000857143,1.897734347539,
    -3.428782306618));
#11703 = VECTOR('',#11704,1.);
#11704 = DIRECTION('',(1.224646799147E-16,1.,1.224646799147E-16));
#11705 = ORIENTED_EDGE('',*,*,#11706,.T.);
#11706 = EDGE_CURVE('',#11699,#11707,#11709,.T.);
#11707 = VERTEX_POINT('',#11708);
#11708 = CARTESIAN_POINT('',(10.625000857143,2.247734347539,
    -3.128782306618));
#11709 = LINE('',#11710,#11711);
#11710 = CARTESIAN_POINT('',(10.625000857143,2.087734347539,
    -3.428782306618));
#11711 = VECTOR('',#11712,1.);
#11712 = DIRECTION('',(5.763043760693E-17,0.470588235294,0.882352941176)
  );
#11713 = ORIENTED_EDGE('',*,*,#11714,.T.);
#11714 = EDGE_CURVE('',#11707,#777,#11715,.T.);
#11715 = LINE('',#11716,#11717);
#11716 = CARTESIAN_POINT('',(10.625000857143,2.247734347539,
    -3.128782306618));
#11717 = VECTOR('',#11718,1.);
#11718 = DIRECTION('',(-1.499759782662E-32,-1.224646799147E-16,1.));
#11719 = ORIENTED_EDGE('',*,*,#776,.F.);
#11720 = PLANE('',#11721);
#11721 = AXIS2_PLACEMENT_3D('',#11722,#11723,#11724);
#11722 = CARTESIAN_POINT('',(10.625000857143,2.512734347539,
    4.741217693382));
#11723 = DIRECTION('',(1.,-1.224646799147E-16,0.));
#11724 = DIRECTION('',(1.499759782662E-32,1.224646799147E-16,-1.));
#11725 = ADVANCED_FACE('',(#11726),#11787,.T.);
#11726 = FACE_BOUND('',#11727,.T.);
#11727 = EDGE_LOOP('',(#11728,#11729,#11730,#11738,#11746,#11754,#11762,
    #11771,#11779,#11786));
#11728 = ORIENTED_EDGE('',*,*,#6522,.T.);
#11729 = ORIENTED_EDGE('',*,*,#6165,.T.);
#11730 = ORIENTED_EDGE('',*,*,#11731,.T.);
#11731 = EDGE_CURVE('',#6158,#11732,#11734,.T.);
#11732 = VERTEX_POINT('',#11733);
#11733 = CARTESIAN_POINT('',(10.625000857143,1.377734347539,
    2.581217693382));
#11734 = LINE('',#11735,#11736);
#11735 = CARTESIAN_POINT('',(10.625000857143,1.377734347539,
    2.471217693382));
#11736 = VECTOR('',#11737,1.);
#11737 = DIRECTION('',(-1.499759782662E-32,-1.224646799147E-16,1.));
#11738 = ORIENTED_EDGE('',*,*,#11739,.T.);
#11739 = EDGE_CURVE('',#11732,#11740,#11742,.T.);
#11740 = VERTEX_POINT('',#11741);
#11741 = CARTESIAN_POINT('',(10.625000857143,0.447734347539,
    2.581217693382));
#11742 = LINE('',#11743,#11744);
#11743 = CARTESIAN_POINT('',(10.625000857143,1.377734347539,
    2.581217693382));
#11744 = VECTOR('',#11745,1.);
#11745 = DIRECTION('',(-1.224646799147E-16,-1.,-1.224646799147E-16));
#11746 = ORIENTED_EDGE('',*,*,#11747,.T.);
#11747 = EDGE_CURVE('',#11740,#11748,#11750,.T.);
#11748 = VERTEX_POINT('',#11749);
#11749 = CARTESIAN_POINT('',(10.625000857143,0.447734347539,
    3.881217693382));
#11750 = LINE('',#11751,#11752);
#11751 = CARTESIAN_POINT('',(10.625000857143,0.447734347539,
    2.581217693382));
#11752 = VECTOR('',#11753,1.);
#11753 = DIRECTION('',(-1.499759782662E-32,-1.224646799147E-16,1.));
#11754 = ORIENTED_EDGE('',*,*,#11755,.T.);
#11755 = EDGE_CURVE('',#11748,#11756,#11758,.T.);
#11756 = VERTEX_POINT('',#11757);
#11757 = CARTESIAN_POINT('',(10.625000857143,0.602678382526,
    4.199322669419));
#11758 = LINE('',#11759,#11760);
#11759 = CARTESIAN_POINT('',(10.625000857143,0.447734347539,
    3.881217693382));
#11760 = VECTOR('',#11761,1.);
#11761 = DIRECTION('',(5.362734202678E-17,0.437900479257,0.89902345368)
  );
#11762 = ORIENTED_EDGE('',*,*,#11763,.T.);
#11763 = EDGE_CURVE('',#11756,#11764,#11766,.T.);
#11764 = VERTEX_POINT('',#11765);
#11765 = CARTESIAN_POINT('',(10.625000857143,0.605859434996,
    4.234756116545));
#11766 = CIRCLE('',#11767,5.E-02);
#11767 = AXIS2_PLACEMENT_3D('',#11768,#11769,#11770);
#11768 = CARTESIAN_POINT('',(10.625000857143,0.557727209842,
    4.221217693382));
#11769 = DIRECTION('',(1.,-1.224646799147E-16,6.162975822039E-33));
#11770 = DIRECTION('',(1.100986194907E-16,0.89902345368,-0.437900479257)
  );
#11771 = ORIENTED_EDGE('',*,*,#11772,.T.);
#11772 = EDGE_CURVE('',#11764,#11773,#11775,.T.);
#11773 = VERTEX_POINT('',#11774);
#11774 = CARTESIAN_POINT('',(10.625000857143,0.398537662164,
    4.971832962871));
#11775 = LINE('',#11776,#11777);
#11776 = CARTESIAN_POINT('',(10.625000857143,0.605859434996,
    4.234756116545));
#11777 = VECTOR('',#11778,1.);
#11778 = DIRECTION('',(-3.315957318415E-17,-0.27076846326,0.962644503077
    ));
#11779 = ORIENTED_EDGE('',*,*,#11780,.T.);
#11780 = EDGE_CURVE('',#11773,#5055,#11781,.T.);
#11781 = CIRCLE('',#11782,0.15);
#11782 = AXIS2_PLACEMENT_3D('',#11783,#11784,#11785);
#11783 = CARTESIAN_POINT('',(10.625000857143,0.254140986703,
    4.931217693382));
#11784 = DIRECTION('',(1.,-1.224646799147E-16,0.));
#11785 = DIRECTION('',(1.17889950941E-16,0.962644503077,0.27076846326));
#11786 = ORIENTED_EDGE('',*,*,#5054,.F.);
#11787 = PLANE('',#11788);
#11788 = AXIS2_PLACEMENT_3D('',#11789,#11790,#11791);
#11789 = CARTESIAN_POINT('',(10.625000857143,2.512734347539,
    4.741217693382));
#11790 = DIRECTION('',(1.,-1.224646799147E-16,0.));
#11791 = DIRECTION('',(1.499759782662E-32,1.224646799147E-16,-1.));
#11792 = ADVANCED_FACE('',(#11793),#11819,.T.);
#11793 = FACE_BOUND('',#11794,.T.);
#11794 = EDGE_LOOP('',(#11795,#11803,#11812,#11818));
#11795 = ORIENTED_EDGE('',*,*,#11796,.T.);
#11796 = EDGE_CURVE('',#1532,#11797,#11799,.T.);
#11797 = VERTEX_POINT('',#11798);
#11798 = CARTESIAN_POINT('',(10.625000857143,1.432776037158,
    4.503112717345));
#11799 = LINE('',#11800,#11801);
#11800 = CARTESIAN_POINT('',(10.625000857143,1.647734347539,
    4.944428887914));
#11801 = VECTOR('',#11802,1.);
#11802 = DIRECTION('',(-5.362734202678E-17,-0.437900479257,
    -0.89902345368));
#11803 = ORIENTED_EDGE('',*,*,#11804,.T.);
#11804 = EDGE_CURVE('',#11797,#11805,#11807,.T.);
#11805 = VERTEX_POINT('',#11806);
#11806 = CARTESIAN_POINT('',(10.625000857143,1.429594984688,
    4.467679270219));
#11807 = CIRCLE('',#11808,5.E-02);
#11808 = AXIS2_PLACEMENT_3D('',#11809,#11810,#11811);
#11809 = CARTESIAN_POINT('',(10.625000857143,1.477727209842,
    4.481217693382));
#11810 = DIRECTION('',(1.,-1.224646799147E-16,6.162975822039E-33));
#11811 = DIRECTION('',(-1.100986194907E-16,-0.89902345368,0.437900479257
    ));
#11812 = ORIENTED_EDGE('',*,*,#11813,.T.);
#11813 = EDGE_CURVE('',#11805,#1540,#11814,.T.);
#11814 = LINE('',#11815,#11816);
#11815 = CARTESIAN_POINT('',(10.625000857143,1.429594984688,
    4.467679270219));
#11816 = VECTOR('',#11817,1.);
#11817 = DIRECTION('',(3.315957318415E-17,0.27076846326,-0.962644503077)
  );
#11818 = ORIENTED_EDGE('',*,*,#1539,.T.);
#11819 = PLANE('',#11820);
#11820 = AXIS2_PLACEMENT_3D('',#11821,#11822,#11823);
#11821 = CARTESIAN_POINT('',(10.625000857143,2.512734347539,
    4.741217693382));
#11822 = DIRECTION('',(1.,-1.224646799147E-16,0.));
#11823 = DIRECTION('',(1.499759782662E-32,1.224646799147E-16,-1.));
#11824 = ADVANCED_FACE('',(#11825),#11836,.T.);
#11825 = FACE_BOUND('',#11826,.T.);
#11826 = EDGE_LOOP('',(#11827,#11828,#11834,#11835));
#11827 = ORIENTED_EDGE('',*,*,#11714,.F.);
#11828 = ORIENTED_EDGE('',*,*,#11829,.F.);
#11829 = EDGE_CURVE('',#11520,#11707,#11830,.T.);
#11830 = LINE('',#11831,#11832);
#11831 = CARTESIAN_POINT('',(10.375000857143,2.247734347539,
    -3.128782306618));
#11832 = VECTOR('',#11833,1.);
#11833 = DIRECTION('',(1.,-1.224646799147E-16,0.));
#11834 = ORIENTED_EDGE('',*,*,#11519,.T.);
#11835 = ORIENTED_EDGE('',*,*,#784,.T.);
#11836 = PLANE('',#11837);
#11837 = AXIS2_PLACEMENT_3D('',#11838,#11839,#11840);
#11838 = CARTESIAN_POINT('',(10.375000857143,2.247734347539,
    -3.128782306618));
#11839 = DIRECTION('',(1.224646799147E-16,1.,1.224646799147E-16));
#11840 = DIRECTION('',(-1.,1.224646799147E-16,0.));
#11841 = ADVANCED_FACE('',(#11842),#11853,.T.);
#11842 = FACE_BOUND('',#11843,.T.);
#11843 = EDGE_LOOP('',(#11844,#11845,#11846,#11852));
#11844 = ORIENTED_EDGE('',*,*,#11829,.T.);
#11845 = ORIENTED_EDGE('',*,*,#11706,.F.);
#11846 = ORIENTED_EDGE('',*,*,#11847,.F.);
#11847 = EDGE_CURVE('',#11528,#11699,#11848,.T.);
#11848 = LINE('',#11849,#11850);
#11849 = CARTESIAN_POINT('',(10.375000857143,2.087734347539,
    -3.428782306618));
#11850 = VECTOR('',#11851,1.);
#11851 = DIRECTION('',(1.,-1.224646799147E-16,0.));
#11852 = ORIENTED_EDGE('',*,*,#11527,.T.);
#11853 = PLANE('',#11854);
#11854 = AXIS2_PLACEMENT_3D('',#11855,#11856,#11857);
#11855 = CARTESIAN_POINT('',(10.375000857143,2.087734347539,
    -3.428782306618));
#11856 = DIRECTION('',(1.08057070513E-16,0.882352941176,-0.470588235294)
  );
#11857 = DIRECTION('',(-1.,1.224646799147E-16,0.));
#11858 = ADVANCED_FACE('',(#11859),#11870,.T.);
#11859 = FACE_BOUND('',#11860,.T.);
#11860 = EDGE_LOOP('',(#11861,#11862,#11863,#11869));
#11861 = ORIENTED_EDGE('',*,*,#11847,.T.);
#11862 = ORIENTED_EDGE('',*,*,#11698,.F.);
#11863 = ORIENTED_EDGE('',*,*,#11864,.F.);
#11864 = EDGE_CURVE('',#11536,#11691,#11865,.T.);
#11865 = LINE('',#11866,#11867);
#11866 = CARTESIAN_POINT('',(10.375000857143,1.897734347539,
    -3.428782306618));
#11867 = VECTOR('',#11868,1.);
#11868 = DIRECTION('',(1.,-1.224646799147E-16,0.));
#11869 = ORIENTED_EDGE('',*,*,#11535,.T.);
#11870 = PLANE('',#11871);
#11871 = AXIS2_PLACEMENT_3D('',#11872,#11873,#11874);
#11872 = CARTESIAN_POINT('',(10.375000857143,1.897734347539,
    -3.428782306618));
#11873 = DIRECTION('',(1.499759782662E-32,1.224646799147E-16,-1.));
#11874 = DIRECTION('',(-1.,1.224646799147E-16,0.));
#11875 = ADVANCED_FACE('',(#11876),#11882,.T.);
#11876 = FACE_BOUND('',#11877,.T.);
#11877 = EDGE_LOOP('',(#11878,#11879,#11880,#11881));
#11878 = ORIENTED_EDGE('',*,*,#11864,.T.);
#11879 = ORIENTED_EDGE('',*,*,#11690,.F.);
#11880 = ORIENTED_EDGE('',*,*,#11666,.F.);
#11881 = ORIENTED_EDGE('',*,*,#11543,.T.);
#11882 = PLANE('',#11883);
#11883 = AXIS2_PLACEMENT_3D('',#11884,#11885,#11886);
#11884 = CARTESIAN_POINT('',(10.375000857143,1.747734347539,
    -3.128782306618));
#11885 = DIRECTION('',(-1.095357396528E-16,-0.894427191,-0.4472135955));
#11886 = DIRECTION('',(1.,-1.224646799147E-16,0.));
#11887 = ADVANCED_FACE('',(#11888),#11899,.T.);
#11888 = FACE_BOUND('',#11889,.T.);
#11889 = EDGE_LOOP('',(#11890,#11891,#11897,#11898));
#11890 = ORIENTED_EDGE('',*,*,#11780,.F.);
#11891 = ORIENTED_EDGE('',*,*,#11892,.F.);
#11892 = EDGE_CURVE('',#11567,#11773,#11893,.T.);
#11893 = LINE('',#11894,#11895);
#11894 = CARTESIAN_POINT('',(10.375000857143,0.398537662164,
    4.971832962871));
#11895 = VECTOR('',#11896,1.);
#11896 = DIRECTION('',(1.,-1.224646799147E-16,0.));
#11897 = ORIENTED_EDGE('',*,*,#11566,.T.);
#11898 = ORIENTED_EDGE('',*,*,#5062,.T.);
#11899 = CYLINDRICAL_SURFACE('',#11900,0.15);
#11900 = AXIS2_PLACEMENT_3D('',#11901,#11902,#11903);
#11901 = CARTESIAN_POINT('',(10.375000857143,0.254140986703,
    4.931217693382));
#11902 = DIRECTION('',(-1.,1.224646799147E-16,0.));
#11903 = DIRECTION('',(1.499759782662E-32,1.224646799147E-16,-1.));
#11904 = ADVANCED_FACE('',(#11905),#11916,.T.);
#11905 = FACE_BOUND('',#11906,.T.);
#11906 = EDGE_LOOP('',(#11907,#11908,#11909,#11915));
#11907 = ORIENTED_EDGE('',*,*,#11892,.T.);
#11908 = ORIENTED_EDGE('',*,*,#11772,.F.);
#11909 = ORIENTED_EDGE('',*,*,#11910,.F.);
#11910 = EDGE_CURVE('',#11576,#11764,#11911,.T.);
#11911 = LINE('',#11912,#11913);
#11912 = CARTESIAN_POINT('',(10.375000857143,0.605859434996,
    4.234756116545));
#11913 = VECTOR('',#11914,1.);
#11914 = DIRECTION('',(1.,-1.224646799147E-16,0.));
#11915 = ORIENTED_EDGE('',*,*,#11575,.T.);
#11916 = PLANE('',#11917);
#11917 = AXIS2_PLACEMENT_3D('',#11918,#11919,#11920);
#11918 = CARTESIAN_POINT('',(10.375000857143,0.605859434996,
    4.234756116545));
#11919 = DIRECTION('',(1.17889950941E-16,0.962644503077,0.27076846326));
#11920 = DIRECTION('',(1.,-1.224646799147E-16,0.));
#11921 = ADVANCED_FACE('',(#11922),#11933,.T.);
#11922 = FACE_BOUND('',#11923,.T.);
#11923 = EDGE_LOOP('',(#11924,#11925,#11926,#11932));
#11924 = ORIENTED_EDGE('',*,*,#11910,.T.);
#11925 = ORIENTED_EDGE('',*,*,#11763,.F.);
#11926 = ORIENTED_EDGE('',*,*,#11927,.F.);
#11927 = EDGE_CURVE('',#11584,#11756,#11928,.T.);
#11928 = LINE('',#11929,#11930);
#11929 = CARTESIAN_POINT('',(10.375000857143,0.602678382526,
    4.199322669419));
#11930 = VECTOR('',#11931,1.);
#11931 = DIRECTION('',(1.,-1.224646799147E-16,0.));
#11932 = ORIENTED_EDGE('',*,*,#11583,.T.);
#11933 = CYLINDRICAL_SURFACE('',#11934,5.E-02);
#11934 = AXIS2_PLACEMENT_3D('',#11935,#11936,#11937);
#11935 = CARTESIAN_POINT('',(10.375000857143,0.557727209842,
    4.221217693382));
#11936 = DIRECTION('',(-1.,1.224646799147E-16,0.));
#11937 = DIRECTION('',(1.499759782662E-32,1.224646799147E-16,-1.));
#11938 = ADVANCED_FACE('',(#11939),#11950,.T.);
#11939 = FACE_BOUND('',#11940,.T.);
#11940 = EDGE_LOOP('',(#11941,#11942,#11943,#11949));
#11941 = ORIENTED_EDGE('',*,*,#11927,.T.);
#11942 = ORIENTED_EDGE('',*,*,#11755,.F.);
#11943 = ORIENTED_EDGE('',*,*,#11944,.F.);
#11944 = EDGE_CURVE('',#11593,#11748,#11945,.T.);
#11945 = LINE('',#11946,#11947);
#11946 = CARTESIAN_POINT('',(10.375000857143,0.447734347539,
    3.881217693382));
#11947 = VECTOR('',#11948,1.);
#11948 = DIRECTION('',(1.,-1.224646799147E-16,0.));
#11949 = ORIENTED_EDGE('',*,*,#11592,.T.);
#11950 = PLANE('',#11951);
#11951 = AXIS2_PLACEMENT_3D('',#11952,#11953,#11954);
#11952 = CARTESIAN_POINT('',(10.375000857143,0.447734347539,
    3.881217693382));
#11953 = DIRECTION('',(1.100986194907E-16,0.89902345368,-0.437900479257)
  );
#11954 = DIRECTION('',(-1.,1.224646799147E-16,0.));
#11955 = ADVANCED_FACE('',(#11956),#11967,.T.);
#11956 = FACE_BOUND('',#11957,.T.);
#11957 = EDGE_LOOP('',(#11958,#11959,#11960,#11966));
#11958 = ORIENTED_EDGE('',*,*,#11944,.T.);
#11959 = ORIENTED_EDGE('',*,*,#11747,.F.);
#11960 = ORIENTED_EDGE('',*,*,#11961,.F.);
#11961 = EDGE_CURVE('',#11601,#11740,#11962,.T.);
#11962 = LINE('',#11963,#11964);
#11963 = CARTESIAN_POINT('',(10.375000857143,0.447734347539,
    2.581217693382));
#11964 = VECTOR('',#11965,1.);
#11965 = DIRECTION('',(1.,-1.224646799147E-16,0.));
#11966 = ORIENTED_EDGE('',*,*,#11600,.T.);
#11967 = PLANE('',#11968);
#11968 = AXIS2_PLACEMENT_3D('',#11969,#11970,#11971);
#11969 = CARTESIAN_POINT('',(10.375000857143,0.447734347539,
    2.581217693382));
#11970 = DIRECTION('',(1.224646799147E-16,1.,1.224646799147E-16));
#11971 = DIRECTION('',(-1.,1.224646799147E-16,0.));
#11972 = ADVANCED_FACE('',(#11973),#11984,.T.);
#11973 = FACE_BOUND('',#11974,.T.);
#11974 = EDGE_LOOP('',(#11975,#11976,#11977,#11983));
#11975 = ORIENTED_EDGE('',*,*,#11961,.T.);
#11976 = ORIENTED_EDGE('',*,*,#11739,.F.);
#11977 = ORIENTED_EDGE('',*,*,#11978,.F.);
#11978 = EDGE_CURVE('',#11609,#11732,#11979,.T.);
#11979 = LINE('',#11980,#11981);
#11980 = CARTESIAN_POINT('',(10.375000857143,1.377734347539,
    2.581217693382));
#11981 = VECTOR('',#11982,1.);
#11982 = DIRECTION('',(1.,-1.224646799147E-16,0.));
#11983 = ORIENTED_EDGE('',*,*,#11608,.T.);
#11984 = PLANE('',#11985);
#11985 = AXIS2_PLACEMENT_3D('',#11986,#11987,#11988);
#11986 = CARTESIAN_POINT('',(10.375000857143,1.377734347539,
    2.581217693382));
#11987 = DIRECTION('',(-1.499759782662E-32,-1.224646799147E-16,1.));
#11988 = DIRECTION('',(-1.224646799147E-16,-1.,-1.224646799147E-16));
#11989 = ADVANCED_FACE('',(#11990),#11996,.T.);
#11990 = FACE_BOUND('',#11991,.T.);
#11991 = EDGE_LOOP('',(#11992,#11993,#11994,#11995));
#11992 = ORIENTED_EDGE('',*,*,#11616,.T.);
#11993 = ORIENTED_EDGE('',*,*,#11978,.T.);
#11994 = ORIENTED_EDGE('',*,*,#11731,.F.);
#11995 = ORIENTED_EDGE('',*,*,#6157,.F.);
#11996 = PLANE('',#11997);
#11997 = AXIS2_PLACEMENT_3D('',#11998,#11999,#12000);
#11998 = CARTESIAN_POINT('',(10.375000857143,1.377734347539,
    2.001217693382));
#11999 = DIRECTION('',(1.224646799147E-16,1.,1.224646799147E-16));
#12000 = DIRECTION('',(-1.,1.224646799147E-16,0.));
#12001 = ADVANCED_FACE('',(#12002),#12013,.T.);
#12002 = FACE_BOUND('',#12003,.T.);
#12003 = EDGE_LOOP('',(#12004,#12005,#12011,#12012));
#12004 = ORIENTED_EDGE('',*,*,#11813,.F.);
#12005 = ORIENTED_EDGE('',*,*,#12006,.F.);
#12006 = EDGE_CURVE('',#11634,#11805,#12007,.T.);
#12007 = LINE('',#12008,#12009);
#12008 = CARTESIAN_POINT('',(10.375000857143,1.429594984688,
    4.467679270219));
#12009 = VECTOR('',#12010,1.);
#12010 = DIRECTION('',(1.,-1.224646799147E-16,0.));
#12011 = ORIENTED_EDGE('',*,*,#11633,.T.);
#12012 = ORIENTED_EDGE('',*,*,#1547,.T.);
#12013 = PLANE('',#12014);
#12014 = AXIS2_PLACEMENT_3D('',#12015,#12016,#12017);
#12015 = CARTESIAN_POINT('',(10.375000857143,1.429594984688,
    4.467679270219));
#12016 = DIRECTION('',(-1.17889950941E-16,-0.962644503077,-0.27076846326
    ));
#12017 = DIRECTION('',(1.,-1.224646799147E-16,0.));
#12018 = ADVANCED_FACE('',(#12019),#12030,.T.);
#12019 = FACE_BOUND('',#12020,.T.);
#12020 = EDGE_LOOP('',(#12021,#12022,#12023,#12029));
#12021 = ORIENTED_EDGE('',*,*,#12006,.T.);
#12022 = ORIENTED_EDGE('',*,*,#11804,.F.);
#12023 = ORIENTED_EDGE('',*,*,#12024,.F.);
#12024 = EDGE_CURVE('',#11642,#11797,#12025,.T.);
#12025 = LINE('',#12026,#12027);
#12026 = CARTESIAN_POINT('',(10.375000857143,1.432776037158,
    4.503112717345));
#12027 = VECTOR('',#12028,1.);
#12028 = DIRECTION('',(1.,-1.224646799147E-16,0.));
#12029 = ORIENTED_EDGE('',*,*,#11641,.T.);
#12030 = CYLINDRICAL_SURFACE('',#12031,5.E-02);
#12031 = AXIS2_PLACEMENT_3D('',#12032,#12033,#12034);
#12032 = CARTESIAN_POINT('',(10.375000857143,1.477727209842,
    4.481217693382));
#12033 = DIRECTION('',(-1.,1.224646799147E-16,0.));
#12034 = DIRECTION('',(1.499759782662E-32,1.224646799147E-16,-1.));
#12035 = ADVANCED_FACE('',(#12036),#12042,.T.);
#12036 = FACE_BOUND('',#12037,.T.);
#12037 = EDGE_LOOP('',(#12038,#12039,#12040,#12041));
#12038 = ORIENTED_EDGE('',*,*,#11650,.T.);
#12039 = ORIENTED_EDGE('',*,*,#12024,.T.);
#12040 = ORIENTED_EDGE('',*,*,#11796,.F.);
#12041 = ORIENTED_EDGE('',*,*,#1529,.F.);
#12042 = PLANE('',#12043);
#12043 = AXIS2_PLACEMENT_3D('',#12044,#12045,#12046);
#12044 = CARTESIAN_POINT('',(10.375000857143,1.686983066107,
    5.025007741308));
#12045 = DIRECTION('',(-1.100986194907E-16,-0.89902345368,0.437900479257
    ));
#12046 = DIRECTION('',(5.362734202678E-17,0.437900479257,0.89902345368)
  );
#12047 = ADVANCED_FACE('',(#12048),#12089,.F.);
#12048 = FACE_BOUND('',#12049,.T.);
#12049 = EDGE_LOOP('',(#12050,#12051,#12059,#12067,#12075,#12083));
#12050 = ORIENTED_EDGE('',*,*,#588,.T.);
#12051 = ORIENTED_EDGE('',*,*,#12052,.F.);
#12052 = EDGE_CURVE('',#12053,#581,#12055,.T.);
#12053 = VERTEX_POINT('',#12054);
#12054 = CARTESIAN_POINT('',(11.875000857143,0.217734347539,
    -3.128782306618));
#12055 = LINE('',#12056,#12057);
#12056 = CARTESIAN_POINT('',(11.875000857143,0.217734347539,
    -3.128782306618));
#12057 = VECTOR('',#12058,1.);
#12058 = DIRECTION('',(-1.499759782662E-32,-1.224646799147E-16,1.));
#12059 = ORIENTED_EDGE('',*,*,#12060,.F.);
#12060 = EDGE_CURVE('',#12061,#12053,#12063,.T.);
#12061 = VERTEX_POINT('',#12062);
#12062 = CARTESIAN_POINT('',(11.875000857143,6.773434753874E-02,
    -3.428782306618));
#12063 = LINE('',#12064,#12065);
#12064 = CARTESIAN_POINT('',(11.875000857143,6.773434753874E-02,
    -3.428782306618));
#12065 = VECTOR('',#12066,1.);
#12066 = DIRECTION('',(5.476786982643E-17,0.4472135955,0.894427191));
#12067 = ORIENTED_EDGE('',*,*,#12068,.F.);
#12068 = EDGE_CURVE('',#12069,#12061,#12071,.T.);
#12069 = VERTEX_POINT('',#12070);
#12070 = CARTESIAN_POINT('',(11.875000857143,-8.226565246126E-02,
    -3.428782306618));
#12071 = LINE('',#12072,#12073);
#12072 = CARTESIAN_POINT('',(11.875000857143,-8.226565246126E-02,
    -3.428782306618));
#12073 = VECTOR('',#12074,1.);
#12074 = DIRECTION('',(1.224646799147E-16,1.,1.224646799147E-16));
#12075 = ORIENTED_EDGE('',*,*,#12076,.F.);
#12076 = EDGE_CURVE('',#12077,#12069,#12079,.T.);
#12077 = VERTEX_POINT('',#12078);
#12078 = CARTESIAN_POINT('',(11.875000857143,-0.232265652461,
    -3.028782306618));
#12079 = LINE('',#12080,#12081);
#12080 = CARTESIAN_POINT('',(11.875000857143,-0.232265652461,
    -3.028782306618));
#12081 = VECTOR('',#12082,1.);
#12082 = DIRECTION('',(4.300021988469E-17,0.351123441588,-0.936329177569
    ));
#12083 = ORIENTED_EDGE('',*,*,#12084,.F.);
#12084 = EDGE_CURVE('',#563,#12077,#12085,.T.);
#12085 = LINE('',#12086,#12087);
#12086 = CARTESIAN_POINT('',(11.875000857143,-0.252265652461,
    -2.878230661791E-02));
#12087 = VECTOR('',#12088,1.);
#12088 = DIRECTION('',(8.164130571207E-19,6.666518523456E-03,
    -0.999977778518));
#12089 = PLANE('',#12090);
#12090 = AXIS2_PLACEMENT_3D('',#12091,#12092,#12093);
#12091 = CARTESIAN_POINT('',(11.875000857143,2.512734347539,
    4.741217693382));
#12092 = DIRECTION('',(1.,-1.224646799147E-16,0.));
#12093 = DIRECTION('',(1.499759782662E-32,1.224646799147E-16,-1.));
#12094 = ADVANCED_FACE('',(#12095),#12156,.F.);
#12095 = FACE_BOUND('',#12096,.T.);
#12096 = EDGE_LOOP('',(#12097,#12106,#12114,#12123,#12131,#12139,#12147,
    #12153,#12154,#12155));
#12097 = ORIENTED_EDGE('',*,*,#12098,.F.);
#12098 = EDGE_CURVE('',#12099,#5031,#12101,.T.);
#12099 = VERTEX_POINT('',#12100);
#12100 = CARTESIAN_POINT('',(11.875000857143,0.398537662164,
    4.971832962871));
#12101 = CIRCLE('',#12102,0.15);
#12102 = AXIS2_PLACEMENT_3D('',#12103,#12104,#12105);
#12103 = CARTESIAN_POINT('',(11.875000857143,0.254140986703,
    4.931217693382));
#12104 = DIRECTION('',(1.,-1.224646799147E-16,0.));
#12105 = DIRECTION('',(1.17889950941E-16,0.962644503077,0.27076846326));
#12106 = ORIENTED_EDGE('',*,*,#12107,.F.);
#12107 = EDGE_CURVE('',#12108,#12099,#12110,.T.);
#12108 = VERTEX_POINT('',#12109);
#12109 = CARTESIAN_POINT('',(11.875000857143,0.605859434996,
    4.234756116545));
#12110 = LINE('',#12111,#12112);
#12111 = CARTESIAN_POINT('',(11.875000857143,0.605859434996,
    4.234756116545));
#12112 = VECTOR('',#12113,1.);
#12113 = DIRECTION('',(-3.315957318415E-17,-0.27076846326,0.962644503077
    ));
#12114 = ORIENTED_EDGE('',*,*,#12115,.F.);
#12115 = EDGE_CURVE('',#12116,#12108,#12118,.T.);
#12116 = VERTEX_POINT('',#12117);
#12117 = CARTESIAN_POINT('',(11.875000857143,0.602678382526,
    4.199322669419));
#12118 = CIRCLE('',#12119,5.E-02);
#12119 = AXIS2_PLACEMENT_3D('',#12120,#12121,#12122);
#12120 = CARTESIAN_POINT('',(11.875000857143,0.557727209842,
    4.221217693382));
#12121 = DIRECTION('',(1.,-1.224646799147E-16,6.162975822039E-33));
#12122 = DIRECTION('',(1.100986194907E-16,0.89902345368,-0.437900479257)
  );
#12123 = ORIENTED_EDGE('',*,*,#12124,.F.);
#12124 = EDGE_CURVE('',#12125,#12116,#12127,.T.);
#12125 = VERTEX_POINT('',#12126);
#12126 = CARTESIAN_POINT('',(11.875000857143,0.447734347539,
    3.881217693382));
#12127 = LINE('',#12128,#12129);
#12128 = CARTESIAN_POINT('',(11.875000857143,0.447734347539,
    3.881217693382));
#12129 = VECTOR('',#12130,1.);
#12130 = DIRECTION('',(5.362734202678E-17,0.437900479257,0.89902345368)
  );
#12131 = ORIENTED_EDGE('',*,*,#12132,.F.);
#12132 = EDGE_CURVE('',#12133,#12125,#12135,.T.);
#12133 = VERTEX_POINT('',#12134);
#12134 = CARTESIAN_POINT('',(11.875000857143,0.447734347539,
    2.581217693382));
#12135 = LINE('',#12136,#12137);
#12136 = CARTESIAN_POINT('',(11.875000857143,0.447734347539,
    2.581217693382));
#12137 = VECTOR('',#12138,1.);
#12138 = DIRECTION('',(-1.499759782662E-32,-1.224646799147E-16,1.));
#12139 = ORIENTED_EDGE('',*,*,#12140,.F.);
#12140 = EDGE_CURVE('',#12141,#12133,#12143,.T.);
#12141 = VERTEX_POINT('',#12142);
#12142 = CARTESIAN_POINT('',(11.875000857143,1.377734347539,
    2.581217693382));
#12143 = LINE('',#12144,#12145);
#12144 = CARTESIAN_POINT('',(11.875000857143,1.377734347539,
    2.581217693382));
#12145 = VECTOR('',#12146,1.);
#12146 = DIRECTION('',(-1.224646799147E-16,-1.,-1.224646799147E-16));
#12147 = ORIENTED_EDGE('',*,*,#12148,.F.);
#12148 = EDGE_CURVE('',#6182,#12141,#12149,.T.);
#12149 = LINE('',#12150,#12151);
#12150 = CARTESIAN_POINT('',(11.875000857143,1.377734347539,
    2.471217693382));
#12151 = VECTOR('',#12152,1.);
#12152 = DIRECTION('',(-1.499759782662E-32,-1.224646799147E-16,1.));
#12153 = ORIENTED_EDGE('',*,*,#6181,.F.);
#12154 = ORIENTED_EDGE('',*,*,#6515,.F.);
#12155 = ORIENTED_EDGE('',*,*,#5038,.T.);
#12156 = PLANE('',#12157);
#12157 = AXIS2_PLACEMENT_3D('',#12158,#12159,#12160);
#12158 = CARTESIAN_POINT('',(11.875000857143,2.512734347539,
    4.741217693382));
#12159 = DIRECTION('',(1.,-1.224646799147E-16,0.));
#12160 = DIRECTION('',(1.499759782662E-32,1.224646799147E-16,-1.));
#12161 = ADVANCED_FACE('',(#12162),#12188,.F.);
#12162 = FACE_BOUND('',#12163,.T.);
#12163 = EDGE_LOOP('',(#12164,#12172,#12181,#12187));
#12164 = ORIENTED_EDGE('',*,*,#12165,.F.);
#12165 = EDGE_CURVE('',#12166,#1344,#12168,.T.);
#12166 = VERTEX_POINT('',#12167);
#12167 = CARTESIAN_POINT('',(11.875000857143,1.429594984688,
    4.467679270219));
#12168 = LINE('',#12169,#12170);
#12169 = CARTESIAN_POINT('',(11.875000857143,1.429594984688,
    4.467679270219));
#12170 = VECTOR('',#12171,1.);
#12171 = DIRECTION('',(3.315957318415E-17,0.27076846326,-0.962644503077)
  );
#12172 = ORIENTED_EDGE('',*,*,#12173,.F.);
#12173 = EDGE_CURVE('',#12174,#12166,#12176,.T.);
#12174 = VERTEX_POINT('',#12175);
#12175 = CARTESIAN_POINT('',(11.875000857143,1.432776037158,
    4.503112717345));
#12176 = CIRCLE('',#12177,5.E-02);
#12177 = AXIS2_PLACEMENT_3D('',#12178,#12179,#12180);
#12178 = CARTESIAN_POINT('',(11.875000857143,1.477727209842,
    4.481217693382));
#12179 = DIRECTION('',(1.,-1.224646799147E-16,6.162975822039E-33));
#12180 = DIRECTION('',(-1.100986194907E-16,-0.89902345368,0.437900479257
    ));
#12181 = ORIENTED_EDGE('',*,*,#12182,.F.);
#12182 = EDGE_CURVE('',#1326,#12174,#12183,.T.);
#12183 = LINE('',#12184,#12185);
#12184 = CARTESIAN_POINT('',(11.875000857143,1.647734347539,
    4.944428887914));
#12185 = VECTOR('',#12186,1.);
#12186 = DIRECTION('',(-5.362734202678E-17,-0.437900479257,
    -0.89902345368));
#12187 = ORIENTED_EDGE('',*,*,#1351,.F.);
#12188 = PLANE('',#12189);
#12189 = AXIS2_PLACEMENT_3D('',#12190,#12191,#12192);
#12190 = CARTESIAN_POINT('',(11.875000857143,2.512734347539,
    4.741217693382));
#12191 = DIRECTION('',(1.,-1.224646799147E-16,0.));
#12192 = DIRECTION('',(1.499759782662E-32,1.224646799147E-16,-1.));
#12193 = ADVANCED_FACE('',(#12194),#12212,.T.);
#12194 = FACE_BOUND('',#12195,.T.);
#12195 = EDGE_LOOP('',(#12196,#12204,#12210,#12211));
#12196 = ORIENTED_EDGE('',*,*,#12197,.T.);
#12197 = EDGE_CURVE('',#12077,#12198,#12200,.T.);
#12198 = VERTEX_POINT('',#12199);
#12199 = CARTESIAN_POINT('',(12.125000857143,-0.232265652461,
    -3.028782306618));
#12200 = LINE('',#12201,#12202);
#12201 = CARTESIAN_POINT('',(11.875000857143,-0.232265652461,
    -3.028782306618));
#12202 = VECTOR('',#12203,1.);
#12203 = DIRECTION('',(1.,-1.224646799147E-16,0.));
#12204 = ORIENTED_EDGE('',*,*,#12205,.F.);
#12205 = EDGE_CURVE('',#565,#12198,#12206,.T.);
#12206 = LINE('',#12207,#12208);
#12207 = CARTESIAN_POINT('',(12.125000857143,-0.252265652461,
    -2.878230661791E-02));
#12208 = VECTOR('',#12209,1.);
#12209 = DIRECTION('',(8.164130571207E-19,6.666518523456E-03,
    -0.999977778518));
#12210 = ORIENTED_EDGE('',*,*,#562,.F.);
#12211 = ORIENTED_EDGE('',*,*,#12084,.T.);
#12212 = PLANE('',#12213);
#12213 = AXIS2_PLACEMENT_3D('',#12214,#12215,#12216);
#12214 = CARTESIAN_POINT('',(11.875000857143,-0.252265652461,
    -2.878230661791E-02));
#12215 = DIRECTION('',(-1.224619585681E-16,-0.999977778518,
    -6.666518523457E-03));
#12216 = DIRECTION('',(1.,-1.224646799147E-16,0.));
#12217 = ADVANCED_FACE('',(#12218),#12252,.T.);
#12218 = FACE_BOUND('',#12219,.T.);
#12219 = EDGE_LOOP('',(#12220,#12228,#12236,#12244,#12250,#12251));
#12220 = ORIENTED_EDGE('',*,*,#12221,.T.);
#12221 = EDGE_CURVE('',#12198,#12222,#12224,.T.);
#12222 = VERTEX_POINT('',#12223);
#12223 = CARTESIAN_POINT('',(12.125000857143,-8.226565246126E-02,
    -3.428782306618));
#12224 = LINE('',#12225,#12226);
#12225 = CARTESIAN_POINT('',(12.125000857143,-0.232265652461,
    -3.028782306618));
#12226 = VECTOR('',#12227,1.);
#12227 = DIRECTION('',(4.300021988469E-17,0.351123441588,-0.936329177569
    ));
#12228 = ORIENTED_EDGE('',*,*,#12229,.T.);
#12229 = EDGE_CURVE('',#12222,#12230,#12232,.T.);
#12230 = VERTEX_POINT('',#12231);
#12231 = CARTESIAN_POINT('',(12.125000857143,6.773434753874E-02,
    -3.428782306618));
#12232 = LINE('',#12233,#12234);
#12233 = CARTESIAN_POINT('',(12.125000857143,-8.226565246126E-02,
    -3.428782306618));
#12234 = VECTOR('',#12235,1.);
#12235 = DIRECTION('',(1.224646799147E-16,1.,1.224646799147E-16));
#12236 = ORIENTED_EDGE('',*,*,#12237,.T.);
#12237 = EDGE_CURVE('',#12230,#12238,#12240,.T.);
#12238 = VERTEX_POINT('',#12239);
#12239 = CARTESIAN_POINT('',(12.125000857143,0.217734347539,
    -3.128782306618));
#12240 = LINE('',#12241,#12242);
#12241 = CARTESIAN_POINT('',(12.125000857143,6.773434753874E-02,
    -3.428782306618));
#12242 = VECTOR('',#12243,1.);
#12243 = DIRECTION('',(5.476786982643E-17,0.4472135955,0.894427191));
#12244 = ORIENTED_EDGE('',*,*,#12245,.T.);
#12245 = EDGE_CURVE('',#12238,#573,#12246,.T.);
#12246 = LINE('',#12247,#12248);
#12247 = CARTESIAN_POINT('',(12.125000857143,0.217734347539,
    -3.128782306618));
#12248 = VECTOR('',#12249,1.);
#12249 = DIRECTION('',(-1.499759782662E-32,-1.224646799147E-16,1.));
#12250 = ORIENTED_EDGE('',*,*,#572,.F.);
#12251 = ORIENTED_EDGE('',*,*,#12205,.T.);
#12252 = PLANE('',#12253);
#12253 = AXIS2_PLACEMENT_3D('',#12254,#12255,#12256);
#12254 = CARTESIAN_POINT('',(12.125000857143,2.512734347539,
    4.741217693382));
#12255 = DIRECTION('',(1.,-1.224646799147E-16,0.));
#12256 = DIRECTION('',(1.499759782662E-32,1.224646799147E-16,-1.));
#12257 = ADVANCED_FACE('',(#12258),#12319,.T.);
#12258 = FACE_BOUND('',#12259,.T.);
#12259 = EDGE_LOOP('',(#12260,#12261,#12262,#12270,#12278,#12286,#12294,
    #12303,#12311,#12318));
#12260 = ORIENTED_EDGE('',*,*,#6537,.T.);
#12261 = ORIENTED_EDGE('',*,*,#6197,.T.);
#12262 = ORIENTED_EDGE('',*,*,#12263,.T.);
#12263 = EDGE_CURVE('',#6190,#12264,#12266,.T.);
#12264 = VERTEX_POINT('',#12265);
#12265 = CARTESIAN_POINT('',(12.125000857143,1.377734347539,
    2.581217693382));
#12266 = LINE('',#12267,#12268);
#12267 = CARTESIAN_POINT('',(12.125000857143,1.377734347539,
    2.471217693382));
#12268 = VECTOR('',#12269,1.);
#12269 = DIRECTION('',(-1.499759782662E-32,-1.224646799147E-16,1.));
#12270 = ORIENTED_EDGE('',*,*,#12271,.T.);
#12271 = EDGE_CURVE('',#12264,#12272,#12274,.T.);
#12272 = VERTEX_POINT('',#12273);
#12273 = CARTESIAN_POINT('',(12.125000857143,0.447734347539,
    2.581217693382));
#12274 = LINE('',#12275,#12276);
#12275 = CARTESIAN_POINT('',(12.125000857143,1.377734347539,
    2.581217693382));
#12276 = VECTOR('',#12277,1.);
#12277 = DIRECTION('',(-1.224646799147E-16,-1.,-1.224646799147E-16));
#12278 = ORIENTED_EDGE('',*,*,#12279,.T.);
#12279 = EDGE_CURVE('',#12272,#12280,#12282,.T.);
#12280 = VERTEX_POINT('',#12281);
#12281 = CARTESIAN_POINT('',(12.125000857143,0.447734347539,
    3.881217693382));
#12282 = LINE('',#12283,#12284);
#12283 = CARTESIAN_POINT('',(12.125000857143,0.447734347539,
    2.581217693382));
#12284 = VECTOR('',#12285,1.);
#12285 = DIRECTION('',(-1.499759782662E-32,-1.224646799147E-16,1.));
#12286 = ORIENTED_EDGE('',*,*,#12287,.T.);
#12287 = EDGE_CURVE('',#12280,#12288,#12290,.T.);
#12288 = VERTEX_POINT('',#12289);
#12289 = CARTESIAN_POINT('',(12.125000857143,0.602678382526,
    4.199322669419));
#12290 = LINE('',#12291,#12292);
#12291 = CARTESIAN_POINT('',(12.125000857143,0.447734347539,
    3.881217693382));
#12292 = VECTOR('',#12293,1.);
#12293 = DIRECTION('',(5.362734202678E-17,0.437900479257,0.89902345368)
  );
#12294 = ORIENTED_EDGE('',*,*,#12295,.T.);
#12295 = EDGE_CURVE('',#12288,#12296,#12298,.T.);
#12296 = VERTEX_POINT('',#12297);
#12297 = CARTESIAN_POINT('',(12.125000857143,0.605859434996,
    4.234756116545));
#12298 = CIRCLE('',#12299,5.E-02);
#12299 = AXIS2_PLACEMENT_3D('',#12300,#12301,#12302);
#12300 = CARTESIAN_POINT('',(12.125000857143,0.557727209842,
    4.221217693382));
#12301 = DIRECTION('',(1.,-1.224646799147E-16,6.162975822039E-33));
#12302 = DIRECTION('',(1.100986194907E-16,0.89902345368,-0.437900479257)
  );
#12303 = ORIENTED_EDGE('',*,*,#12304,.T.);
#12304 = EDGE_CURVE('',#12296,#12305,#12307,.T.);
#12305 = VERTEX_POINT('',#12306);
#12306 = CARTESIAN_POINT('',(12.125000857143,0.398537662164,
    4.971832962871));
#12307 = LINE('',#12308,#12309);
#12308 = CARTESIAN_POINT('',(12.125000857143,0.605859434996,
    4.234756116545));
#12309 = VECTOR('',#12310,1.);
#12310 = DIRECTION('',(-3.315957318415E-17,-0.27076846326,0.962644503077
    ));
#12311 = ORIENTED_EDGE('',*,*,#12312,.T.);
#12312 = EDGE_CURVE('',#12305,#5023,#12313,.T.);
#12313 = CIRCLE('',#12314,0.15);
#12314 = AXIS2_PLACEMENT_3D('',#12315,#12316,#12317);
#12315 = CARTESIAN_POINT('',(12.125000857143,0.254140986703,
    4.931217693382));
#12316 = DIRECTION('',(1.,-1.224646799147E-16,0.));
#12317 = DIRECTION('',(1.17889950941E-16,0.962644503077,0.27076846326));
#12318 = ORIENTED_EDGE('',*,*,#5022,.F.);
#12319 = PLANE('',#12320);
#12320 = AXIS2_PLACEMENT_3D('',#12321,#12322,#12323);
#12321 = CARTESIAN_POINT('',(12.125000857143,2.512734347539,
    4.741217693382));
#12322 = DIRECTION('',(1.,-1.224646799147E-16,0.));
#12323 = DIRECTION('',(1.499759782662E-32,1.224646799147E-16,-1.));
#12324 = ADVANCED_FACE('',(#12325),#12351,.T.);
#12325 = FACE_BOUND('',#12326,.T.);
#12326 = EDGE_LOOP('',(#12327,#12335,#12344,#12350));
#12327 = ORIENTED_EDGE('',*,*,#12328,.T.);
#12328 = EDGE_CURVE('',#1328,#12329,#12331,.T.);
#12329 = VERTEX_POINT('',#12330);
#12330 = CARTESIAN_POINT('',(12.125000857143,1.432776037158,
    4.503112717345));
#12331 = LINE('',#12332,#12333);
#12332 = CARTESIAN_POINT('',(12.125000857143,1.647734347539,
    4.944428887914));
#12333 = VECTOR('',#12334,1.);
#12334 = DIRECTION('',(-5.362734202678E-17,-0.437900479257,
    -0.89902345368));
#12335 = ORIENTED_EDGE('',*,*,#12336,.T.);
#12336 = EDGE_CURVE('',#12329,#12337,#12339,.T.);
#12337 = VERTEX_POINT('',#12338);
#12338 = CARTESIAN_POINT('',(12.125000857143,1.429594984688,
    4.467679270219));
#12339 = CIRCLE('',#12340,5.E-02);
#12340 = AXIS2_PLACEMENT_3D('',#12341,#12342,#12343);
#12341 = CARTESIAN_POINT('',(12.125000857143,1.477727209842,
    4.481217693382));
#12342 = DIRECTION('',(1.,-1.224646799147E-16,6.162975822039E-33));
#12343 = DIRECTION('',(-1.100986194907E-16,-0.89902345368,0.437900479257
    ));
#12344 = ORIENTED_EDGE('',*,*,#12345,.T.);
#12345 = EDGE_CURVE('',#12337,#1336,#12346,.T.);
#12346 = LINE('',#12347,#12348);
#12347 = CARTESIAN_POINT('',(12.125000857143,1.429594984688,
    4.467679270219));
#12348 = VECTOR('',#12349,1.);
#12349 = DIRECTION('',(3.315957318415E-17,0.27076846326,-0.962644503077)
  );
#12350 = ORIENTED_EDGE('',*,*,#1335,.T.);
#12351 = PLANE('',#12352);
#12352 = AXIS2_PLACEMENT_3D('',#12353,#12354,#12355);
#12353 = CARTESIAN_POINT('',(12.125000857143,2.512734347539,
    4.741217693382));
#12354 = DIRECTION('',(1.,-1.224646799147E-16,0.));
#12355 = DIRECTION('',(1.499759782662E-32,1.224646799147E-16,-1.));
#12356 = ADVANCED_FACE('',(#12357),#12368,.T.);
#12357 = FACE_BOUND('',#12358,.T.);
#12358 = EDGE_LOOP('',(#12359,#12360,#12366,#12367));
#12359 = ORIENTED_EDGE('',*,*,#12245,.F.);
#12360 = ORIENTED_EDGE('',*,*,#12361,.F.);
#12361 = EDGE_CURVE('',#12053,#12238,#12362,.T.);
#12362 = LINE('',#12363,#12364);
#12363 = CARTESIAN_POINT('',(11.875000857143,0.217734347539,
    -3.128782306618));
#12364 = VECTOR('',#12365,1.);
#12365 = DIRECTION('',(1.,-1.224646799147E-16,0.));
#12366 = ORIENTED_EDGE('',*,*,#12052,.T.);
#12367 = ORIENTED_EDGE('',*,*,#580,.T.);
#12368 = PLANE('',#12369);
#12369 = AXIS2_PLACEMENT_3D('',#12370,#12371,#12372);
#12370 = CARTESIAN_POINT('',(11.875000857143,0.217734347539,
    -3.128782306618));
#12371 = DIRECTION('',(1.224646799147E-16,1.,1.224646799147E-16));
#12372 = DIRECTION('',(-1.,1.224646799147E-16,0.));
#12373 = ADVANCED_FACE('',(#12374),#12385,.T.);
#12374 = FACE_BOUND('',#12375,.T.);
#12375 = EDGE_LOOP('',(#12376,#12377,#12378,#12384));
#12376 = ORIENTED_EDGE('',*,*,#12361,.T.);
#12377 = ORIENTED_EDGE('',*,*,#12237,.F.);
#12378 = ORIENTED_EDGE('',*,*,#12379,.F.);
#12379 = EDGE_CURVE('',#12061,#12230,#12380,.T.);
#12380 = LINE('',#12381,#12382);
#12381 = CARTESIAN_POINT('',(11.875000857143,6.773434753874E-02,
    -3.428782306618));
#12382 = VECTOR('',#12383,1.);
#12383 = DIRECTION('',(1.,-1.224646799147E-16,0.));
#12384 = ORIENTED_EDGE('',*,*,#12060,.T.);
#12385 = PLANE('',#12386);
#12386 = AXIS2_PLACEMENT_3D('',#12387,#12388,#12389);
#12387 = CARTESIAN_POINT('',(11.875000857143,6.773434753874E-02,
    -3.428782306618));
#12388 = DIRECTION('',(1.095357396528E-16,0.894427191,-0.4472135955));
#12389 = DIRECTION('',(-1.,1.224646799147E-16,0.));
#12390 = ADVANCED_FACE('',(#12391),#12402,.T.);
#12391 = FACE_BOUND('',#12392,.T.);
#12392 = EDGE_LOOP('',(#12393,#12394,#12395,#12401));
#12393 = ORIENTED_EDGE('',*,*,#12379,.T.);
#12394 = ORIENTED_EDGE('',*,*,#12229,.F.);
#12395 = ORIENTED_EDGE('',*,*,#12396,.F.);
#12396 = EDGE_CURVE('',#12069,#12222,#12397,.T.);
#12397 = LINE('',#12398,#12399);
#12398 = CARTESIAN_POINT('',(11.875000857143,-8.226565246126E-02,
    -3.428782306618));
#12399 = VECTOR('',#12400,1.);
#12400 = DIRECTION('',(1.,-1.224646799147E-16,0.));
#12401 = ORIENTED_EDGE('',*,*,#12068,.T.);
#12402 = PLANE('',#12403);
#12403 = AXIS2_PLACEMENT_3D('',#12404,#12405,#12406);
#12404 = CARTESIAN_POINT('',(11.875000857143,-8.226565246126E-02,
    -3.428782306618));
#12405 = DIRECTION('',(1.499759782662E-32,1.224646799147E-16,-1.));
#12406 = DIRECTION('',(-1.,1.224646799147E-16,0.));
#12407 = ADVANCED_FACE('',(#12408),#12414,.T.);
#12408 = FACE_BOUND('',#12409,.T.);
#12409 = EDGE_LOOP('',(#12410,#12411,#12412,#12413));
#12410 = ORIENTED_EDGE('',*,*,#12396,.T.);
#12411 = ORIENTED_EDGE('',*,*,#12221,.F.);
#12412 = ORIENTED_EDGE('',*,*,#12197,.F.);
#12413 = ORIENTED_EDGE('',*,*,#12076,.T.);
#12414 = PLANE('',#12415);
#12415 = AXIS2_PLACEMENT_3D('',#12416,#12417,#12418);
#12416 = CARTESIAN_POINT('',(11.875000857143,-0.232265652461,
    -3.028782306618));
#12417 = DIRECTION('',(-1.146672530258E-16,-0.936329177569,
    -0.351123441588));
#12418 = DIRECTION('',(1.,-1.224646799147E-16,0.));
#12419 = ADVANCED_FACE('',(#12420),#12431,.T.);
#12420 = FACE_BOUND('',#12421,.T.);
#12421 = EDGE_LOOP('',(#12422,#12423,#12429,#12430));
#12422 = ORIENTED_EDGE('',*,*,#12312,.F.);
#12423 = ORIENTED_EDGE('',*,*,#12424,.F.);
#12424 = EDGE_CURVE('',#12099,#12305,#12425,.T.);
#12425 = LINE('',#12426,#12427);
#12426 = CARTESIAN_POINT('',(11.875000857143,0.398537662164,
    4.971832962871));
#12427 = VECTOR('',#12428,1.);
#12428 = DIRECTION('',(1.,-1.224646799147E-16,0.));
#12429 = ORIENTED_EDGE('',*,*,#12098,.T.);
#12430 = ORIENTED_EDGE('',*,*,#5030,.T.);
#12431 = CYLINDRICAL_SURFACE('',#12432,0.15);
#12432 = AXIS2_PLACEMENT_3D('',#12433,#12434,#12435);
#12433 = CARTESIAN_POINT('',(11.875000857143,0.254140986703,
    4.931217693382));
#12434 = DIRECTION('',(-1.,1.224646799147E-16,0.));
#12435 = DIRECTION('',(1.499759782662E-32,1.224646799147E-16,-1.));
#12436 = ADVANCED_FACE('',(#12437),#12448,.T.);
#12437 = FACE_BOUND('',#12438,.T.);
#12438 = EDGE_LOOP('',(#12439,#12440,#12441,#12447));
#12439 = ORIENTED_EDGE('',*,*,#12424,.T.);
#12440 = ORIENTED_EDGE('',*,*,#12304,.F.);
#12441 = ORIENTED_EDGE('',*,*,#12442,.F.);
#12442 = EDGE_CURVE('',#12108,#12296,#12443,.T.);
#12443 = LINE('',#12444,#12445);
#12444 = CARTESIAN_POINT('',(11.875000857143,0.605859434996,
    4.234756116545));
#12445 = VECTOR('',#12446,1.);
#12446 = DIRECTION('',(1.,-1.224646799147E-16,0.));
#12447 = ORIENTED_EDGE('',*,*,#12107,.T.);
#12448 = PLANE('',#12449);
#12449 = AXIS2_PLACEMENT_3D('',#12450,#12451,#12452);
#12450 = CARTESIAN_POINT('',(11.875000857143,0.605859434996,
    4.234756116545));
#12451 = DIRECTION('',(1.17889950941E-16,0.962644503077,0.27076846326));
#12452 = DIRECTION('',(1.,-1.224646799147E-16,0.));
#12453 = ADVANCED_FACE('',(#12454),#12465,.T.);
#12454 = FACE_BOUND('',#12455,.T.);
#12455 = EDGE_LOOP('',(#12456,#12457,#12458,#12464));
#12456 = ORIENTED_EDGE('',*,*,#12442,.T.);
#12457 = ORIENTED_EDGE('',*,*,#12295,.F.);
#12458 = ORIENTED_EDGE('',*,*,#12459,.F.);
#12459 = EDGE_CURVE('',#12116,#12288,#12460,.T.);
#12460 = LINE('',#12461,#12462);
#12461 = CARTESIAN_POINT('',(11.875000857143,0.602678382526,
    4.199322669419));
#12462 = VECTOR('',#12463,1.);
#12463 = DIRECTION('',(1.,-1.224646799147E-16,0.));
#12464 = ORIENTED_EDGE('',*,*,#12115,.T.);
#12465 = CYLINDRICAL_SURFACE('',#12466,5.E-02);
#12466 = AXIS2_PLACEMENT_3D('',#12467,#12468,#12469);
#12467 = CARTESIAN_POINT('',(11.875000857143,0.557727209842,
    4.221217693382));
#12468 = DIRECTION('',(-1.,1.224646799147E-16,0.));
#12469 = DIRECTION('',(1.499759782662E-32,1.224646799147E-16,-1.));
#12470 = ADVANCED_FACE('',(#12471),#12482,.T.);
#12471 = FACE_BOUND('',#12472,.T.);
#12472 = EDGE_LOOP('',(#12473,#12474,#12475,#12481));
#12473 = ORIENTED_EDGE('',*,*,#12459,.T.);
#12474 = ORIENTED_EDGE('',*,*,#12287,.F.);
#12475 = ORIENTED_EDGE('',*,*,#12476,.F.);
#12476 = EDGE_CURVE('',#12125,#12280,#12477,.T.);
#12477 = LINE('',#12478,#12479);
#12478 = CARTESIAN_POINT('',(11.875000857143,0.447734347539,
    3.881217693382));
#12479 = VECTOR('',#12480,1.);
#12480 = DIRECTION('',(1.,-1.224646799147E-16,0.));
#12481 = ORIENTED_EDGE('',*,*,#12124,.T.);
#12482 = PLANE('',#12483);
#12483 = AXIS2_PLACEMENT_3D('',#12484,#12485,#12486);
#12484 = CARTESIAN_POINT('',(11.875000857143,0.447734347539,
    3.881217693382));
#12485 = DIRECTION('',(1.100986194907E-16,0.89902345368,-0.437900479257)
  );
#12486 = DIRECTION('',(-1.,1.224646799147E-16,0.));
#12487 = ADVANCED_FACE('',(#12488),#12499,.T.);
#12488 = FACE_BOUND('',#12489,.T.);
#12489 = EDGE_LOOP('',(#12490,#12491,#12492,#12498));
#12490 = ORIENTED_EDGE('',*,*,#12476,.T.);
#12491 = ORIENTED_EDGE('',*,*,#12279,.F.);
#12492 = ORIENTED_EDGE('',*,*,#12493,.F.);
#12493 = EDGE_CURVE('',#12133,#12272,#12494,.T.);
#12494 = LINE('',#12495,#12496);
#12495 = CARTESIAN_POINT('',(11.875000857143,0.447734347539,
    2.581217693382));
#12496 = VECTOR('',#12497,1.);
#12497 = DIRECTION('',(1.,-1.224646799147E-16,0.));
#12498 = ORIENTED_EDGE('',*,*,#12132,.T.);
#12499 = PLANE('',#12500);
#12500 = AXIS2_PLACEMENT_3D('',#12501,#12502,#12503);
#12501 = CARTESIAN_POINT('',(11.875000857143,0.447734347539,
    2.581217693382));
#12502 = DIRECTION('',(1.224646799147E-16,1.,1.224646799147E-16));
#12503 = DIRECTION('',(-1.,1.224646799147E-16,0.));
#12504 = ADVANCED_FACE('',(#12505),#12516,.T.);
#12505 = FACE_BOUND('',#12506,.T.);
#12506 = EDGE_LOOP('',(#12507,#12508,#12509,#12515));
#12507 = ORIENTED_EDGE('',*,*,#12493,.T.);
#12508 = ORIENTED_EDGE('',*,*,#12271,.F.);
#12509 = ORIENTED_EDGE('',*,*,#12510,.F.);
#12510 = EDGE_CURVE('',#12141,#12264,#12511,.T.);
#12511 = LINE('',#12512,#12513);
#12512 = CARTESIAN_POINT('',(11.875000857143,1.377734347539,
    2.581217693382));
#12513 = VECTOR('',#12514,1.);
#12514 = DIRECTION('',(1.,-1.224646799147E-16,0.));
#12515 = ORIENTED_EDGE('',*,*,#12140,.T.);
#12516 = PLANE('',#12517);
#12517 = AXIS2_PLACEMENT_3D('',#12518,#12519,#12520);
#12518 = CARTESIAN_POINT('',(11.875000857143,1.377734347539,
    2.581217693382));
#12519 = DIRECTION('',(-1.499759782662E-32,-1.224646799147E-16,1.));
#12520 = DIRECTION('',(-1.224646799147E-16,-1.,-1.224646799147E-16));
#12521 = ADVANCED_FACE('',(#12522),#12528,.T.);
#12522 = FACE_BOUND('',#12523,.T.);
#12523 = EDGE_LOOP('',(#12524,#12525,#12526,#12527));
#12524 = ORIENTED_EDGE('',*,*,#12148,.T.);
#12525 = ORIENTED_EDGE('',*,*,#12510,.T.);
#12526 = ORIENTED_EDGE('',*,*,#12263,.F.);
#12527 = ORIENTED_EDGE('',*,*,#6189,.F.);
#12528 = PLANE('',#12529);
#12529 = AXIS2_PLACEMENT_3D('',#12530,#12531,#12532);
#12530 = CARTESIAN_POINT('',(11.875000857143,1.377734347539,
    2.001217693382));
#12531 = DIRECTION('',(1.224646799147E-16,1.,1.224646799147E-16));
#12532 = DIRECTION('',(-1.,1.224646799147E-16,0.));
#12533 = ADVANCED_FACE('',(#12534),#12545,.T.);
#12534 = FACE_BOUND('',#12535,.T.);
#12535 = EDGE_LOOP('',(#12536,#12537,#12543,#12544));
#12536 = ORIENTED_EDGE('',*,*,#12345,.F.);
#12537 = ORIENTED_EDGE('',*,*,#12538,.F.);
#12538 = EDGE_CURVE('',#12166,#12337,#12539,.T.);
#12539 = LINE('',#12540,#12541);
#12540 = CARTESIAN_POINT('',(11.875000857143,1.429594984688,
    4.467679270219));
#12541 = VECTOR('',#12542,1.);
#12542 = DIRECTION('',(1.,-1.224646799147E-16,0.));
#12543 = ORIENTED_EDGE('',*,*,#12165,.T.);
#12544 = ORIENTED_EDGE('',*,*,#1343,.T.);
#12545 = PLANE('',#12546);
#12546 = AXIS2_PLACEMENT_3D('',#12547,#12548,#12549);
#12547 = CARTESIAN_POINT('',(11.875000857143,1.429594984688,
    4.467679270219));
#12548 = DIRECTION('',(-1.17889950941E-16,-0.962644503077,-0.27076846326
    ));
#12549 = DIRECTION('',(1.,-1.224646799147E-16,0.));
#12550 = ADVANCED_FACE('',(#12551),#12562,.T.);
#12551 = FACE_BOUND('',#12552,.T.);
#12552 = EDGE_LOOP('',(#12553,#12554,#12555,#12561));
#12553 = ORIENTED_EDGE('',*,*,#12538,.T.);
#12554 = ORIENTED_EDGE('',*,*,#12336,.F.);
#12555 = ORIENTED_EDGE('',*,*,#12556,.F.);
#12556 = EDGE_CURVE('',#12174,#12329,#12557,.T.);
#12557 = LINE('',#12558,#12559);
#12558 = CARTESIAN_POINT('',(11.875000857143,1.432776037158,
    4.503112717345));
#12559 = VECTOR('',#12560,1.);
#12560 = DIRECTION('',(1.,-1.224646799147E-16,0.));
#12561 = ORIENTED_EDGE('',*,*,#12173,.T.);
#12562 = CYLINDRICAL_SURFACE('',#12563,5.E-02);
#12563 = AXIS2_PLACEMENT_3D('',#12564,#12565,#12566);
#12564 = CARTESIAN_POINT('',(11.875000857143,1.477727209842,
    4.481217693382));
#12565 = DIRECTION('',(-1.,1.224646799147E-16,0.));
#12566 = DIRECTION('',(1.499759782662E-32,1.224646799147E-16,-1.));
#12567 = ADVANCED_FACE('',(#12568),#12574,.T.);
#12568 = FACE_BOUND('',#12569,.T.);
#12569 = EDGE_LOOP('',(#12570,#12571,#12572,#12573));
#12570 = ORIENTED_EDGE('',*,*,#12182,.T.);
#12571 = ORIENTED_EDGE('',*,*,#12556,.T.);
#12572 = ORIENTED_EDGE('',*,*,#12328,.F.);
#12573 = ORIENTED_EDGE('',*,*,#1325,.F.);
#12574 = PLANE('',#12575);
#12575 = AXIS2_PLACEMENT_3D('',#12576,#12577,#12578);
#12576 = CARTESIAN_POINT('',(11.875000857143,1.686983066107,
    5.025007741308));
#12577 = DIRECTION('',(-1.100986194907E-16,-0.89902345368,0.437900479257
    ));
#12578 = DIRECTION('',(5.362734202678E-17,0.437900479257,0.89902345368)
  );
#12579 = ADVANCED_FACE('',(#12580),#12621,.F.);
#12580 = FACE_BOUND('',#12581,.T.);
#12581 = EDGE_LOOP('',(#12582,#12590,#12598,#12606,#12614,#12620));
#12582 = ORIENTED_EDGE('',*,*,#12583,.F.);
#12583 = EDGE_CURVE('',#12584,#819,#12586,.T.);
#12584 = VERTEX_POINT('',#12585);
#12585 = CARTESIAN_POINT('',(13.375000857143,2.247734347539,
    -3.128782306618));
#12586 = LINE('',#12587,#12588);
#12587 = CARTESIAN_POINT('',(13.375000857143,2.247734347539,
    -3.128782306618));
#12588 = VECTOR('',#12589,1.);
#12589 = DIRECTION('',(-1.499759782662E-32,-1.224646799147E-16,1.));
#12590 = ORIENTED_EDGE('',*,*,#12591,.F.);
#12591 = EDGE_CURVE('',#12592,#12584,#12594,.T.);
#12592 = VERTEX_POINT('',#12593);
#12593 = CARTESIAN_POINT('',(13.375000857143,2.087734347539,
    -3.428782306618));
#12594 = LINE('',#12595,#12596);
#12595 = CARTESIAN_POINT('',(13.375000857143,2.087734347539,
    -3.428782306618));
#12596 = VECTOR('',#12597,1.);
#12597 = DIRECTION('',(5.763043760693E-17,0.470588235294,0.882352941176)
  );
#12598 = ORIENTED_EDGE('',*,*,#12599,.F.);
#12599 = EDGE_CURVE('',#12600,#12592,#12602,.T.);
#12600 = VERTEX_POINT('',#12601);
#12601 = CARTESIAN_POINT('',(13.375000857143,1.897734347539,
    -3.428782306618));
#12602 = LINE('',#12603,#12604);
#12603 = CARTESIAN_POINT('',(13.375000857143,1.897734347539,
    -3.428782306618));
#12604 = VECTOR('',#12605,1.);
#12605 = DIRECTION('',(1.224646799147E-16,1.,1.224646799147E-16));
#12606 = ORIENTED_EDGE('',*,*,#12607,.F.);
#12607 = EDGE_CURVE('',#12608,#12600,#12610,.T.);
#12608 = VERTEX_POINT('',#12609);
#12609 = CARTESIAN_POINT('',(13.375000857143,1.747734347539,
    -3.128782306618));
#12610 = LINE('',#12611,#12612);
#12611 = CARTESIAN_POINT('',(13.375000857143,1.747734347539,
    -3.128782306618));
#12612 = VECTOR('',#12613,1.);
#12613 = DIRECTION('',(5.476786982643E-17,0.4472135955,-0.894427191));
#12614 = ORIENTED_EDGE('',*,*,#12615,.F.);
#12615 = EDGE_CURVE('',#801,#12608,#12616,.T.);
#12616 = LINE('',#12617,#12618);
#12617 = CARTESIAN_POINT('',(13.375000857143,1.747734347539,
    -2.878230661791E-02));
#12618 = VECTOR('',#12619,1.);
#12619 = DIRECTION('',(1.499759782662E-32,1.224646799147E-16,-1.));
#12620 = ORIENTED_EDGE('',*,*,#826,.T.);
#12621 = PLANE('',#12622);
#12622 = AXIS2_PLACEMENT_3D('',#12623,#12624,#12625);
#12623 = CARTESIAN_POINT('',(13.375000857143,2.512734347539,
    4.741217693382));
#12624 = DIRECTION('',(1.,-1.224646799147E-16,0.));
#12625 = DIRECTION('',(1.499759782662E-32,1.224646799147E-16,-1.));
#12626 = ADVANCED_FACE('',(#12627),#12688,.F.);
#12627 = FACE_BOUND('',#12628,.T.);
#12628 = EDGE_LOOP('',(#12629,#12638,#12646,#12655,#12663,#12671,#12679,
    #12685,#12686,#12687));
#12629 = ORIENTED_EDGE('',*,*,#12630,.F.);
#12630 = EDGE_CURVE('',#12631,#4999,#12633,.T.);
#12631 = VERTEX_POINT('',#12632);
#12632 = CARTESIAN_POINT('',(13.375000857143,0.398537662164,
    4.971832962871));
#12633 = CIRCLE('',#12634,0.15);
#12634 = AXIS2_PLACEMENT_3D('',#12635,#12636,#12637);
#12635 = CARTESIAN_POINT('',(13.375000857143,0.254140986703,
    4.931217693382));
#12636 = DIRECTION('',(1.,-1.224646799147E-16,0.));
#12637 = DIRECTION('',(1.17889950941E-16,0.962644503077,0.27076846326));
#12638 = ORIENTED_EDGE('',*,*,#12639,.F.);
#12639 = EDGE_CURVE('',#12640,#12631,#12642,.T.);
#12640 = VERTEX_POINT('',#12641);
#12641 = CARTESIAN_POINT('',(13.375000857143,0.605859434996,
    4.234756116545));
#12642 = LINE('',#12643,#12644);
#12643 = CARTESIAN_POINT('',(13.375000857143,0.605859434996,
    4.234756116545));
#12644 = VECTOR('',#12645,1.);
#12645 = DIRECTION('',(-3.315957318415E-17,-0.27076846326,0.962644503077
    ));
#12646 = ORIENTED_EDGE('',*,*,#12647,.F.);
#12647 = EDGE_CURVE('',#12648,#12640,#12650,.T.);
#12648 = VERTEX_POINT('',#12649);
#12649 = CARTESIAN_POINT('',(13.375000857143,0.602678382526,
    4.199322669419));
#12650 = CIRCLE('',#12651,5.E-02);
#12651 = AXIS2_PLACEMENT_3D('',#12652,#12653,#12654);
#12652 = CARTESIAN_POINT('',(13.375000857143,0.557727209842,
    4.221217693382));
#12653 = DIRECTION('',(1.,-1.224646799147E-16,6.162975822039E-33));
#12654 = DIRECTION('',(1.100986194907E-16,0.89902345368,-0.437900479257)
  );
#12655 = ORIENTED_EDGE('',*,*,#12656,.F.);
#12656 = EDGE_CURVE('',#12657,#12648,#12659,.T.);
#12657 = VERTEX_POINT('',#12658);
#12658 = CARTESIAN_POINT('',(13.375000857143,0.447734347539,
    3.881217693382));
#12659 = LINE('',#12660,#12661);
#12660 = CARTESIAN_POINT('',(13.375000857143,0.447734347539,
    3.881217693382));
#12661 = VECTOR('',#12662,1.);
#12662 = DIRECTION('',(5.362734202678E-17,0.437900479257,0.89902345368)
  );
#12663 = ORIENTED_EDGE('',*,*,#12664,.F.);
#12664 = EDGE_CURVE('',#12665,#12657,#12667,.T.);
#12665 = VERTEX_POINT('',#12666);
#12666 = CARTESIAN_POINT('',(13.375000857143,0.447734347539,
    2.581217693382));
#12667 = LINE('',#12668,#12669);
#12668 = CARTESIAN_POINT('',(13.375000857143,0.447734347539,
    2.581217693382));
#12669 = VECTOR('',#12670,1.);
#12670 = DIRECTION('',(-1.499759782662E-32,-1.224646799147E-16,1.));
#12671 = ORIENTED_EDGE('',*,*,#12672,.F.);
#12672 = EDGE_CURVE('',#12673,#12665,#12675,.T.);
#12673 = VERTEX_POINT('',#12674);
#12674 = CARTESIAN_POINT('',(13.375000857143,1.377734347539,
    2.581217693382));
#12675 = LINE('',#12676,#12677);
#12676 = CARTESIAN_POINT('',(13.375000857143,1.377734347539,
    2.581217693382));
#12677 = VECTOR('',#12678,1.);
#12678 = DIRECTION('',(-1.224646799147E-16,-1.,-1.224646799147E-16));
#12679 = ORIENTED_EDGE('',*,*,#12680,.F.);
#12680 = EDGE_CURVE('',#6214,#12673,#12681,.T.);
#12681 = LINE('',#12682,#12683);
#12682 = CARTESIAN_POINT('',(13.375000857143,1.377734347539,
    2.471217693382));
#12683 = VECTOR('',#12684,1.);
#12684 = DIRECTION('',(-1.499759782662E-32,-1.224646799147E-16,1.));
#12685 = ORIENTED_EDGE('',*,*,#6213,.F.);
#12686 = ORIENTED_EDGE('',*,*,#6544,.F.);
#12687 = ORIENTED_EDGE('',*,*,#5006,.T.);
#12688 = PLANE('',#12689);
#12689 = AXIS2_PLACEMENT_3D('',#12690,#12691,#12692);
#12690 = CARTESIAN_POINT('',(13.375000857143,2.512734347539,
    4.741217693382));
#12691 = DIRECTION('',(1.,-1.224646799147E-16,0.));
#12692 = DIRECTION('',(1.499759782662E-32,1.224646799147E-16,-1.));
#12693 = ADVANCED_FACE('',(#12694),#12720,.F.);
#12694 = FACE_BOUND('',#12695,.T.);
#12695 = EDGE_LOOP('',(#12696,#12704,#12713,#12719));
#12696 = ORIENTED_EDGE('',*,*,#12697,.F.);
#12697 = EDGE_CURVE('',#12698,#1582,#12700,.T.);
#12698 = VERTEX_POINT('',#12699);
#12699 = CARTESIAN_POINT('',(13.375000857143,1.429594984688,
    4.467679270219));
#12700 = LINE('',#12701,#12702);
#12701 = CARTESIAN_POINT('',(13.375000857143,1.429594984688,
    4.467679270219));
#12702 = VECTOR('',#12703,1.);
#12703 = DIRECTION('',(3.315957318415E-17,0.27076846326,-0.962644503077)
  );
#12704 = ORIENTED_EDGE('',*,*,#12705,.F.);
#12705 = EDGE_CURVE('',#12706,#12698,#12708,.T.);
#12706 = VERTEX_POINT('',#12707);
#12707 = CARTESIAN_POINT('',(13.375000857143,1.432776037158,
    4.503112717345));
#12708 = CIRCLE('',#12709,5.E-02);
#12709 = AXIS2_PLACEMENT_3D('',#12710,#12711,#12712);
#12710 = CARTESIAN_POINT('',(13.375000857143,1.477727209842,
    4.481217693382));
#12711 = DIRECTION('',(1.,-1.224646799147E-16,6.162975822039E-33));
#12712 = DIRECTION('',(-1.100986194907E-16,-0.89902345368,0.437900479257
    ));
#12713 = ORIENTED_EDGE('',*,*,#12714,.F.);
#12714 = EDGE_CURVE('',#1564,#12706,#12715,.T.);
#12715 = LINE('',#12716,#12717);
#12716 = CARTESIAN_POINT('',(13.375000857143,1.647734347539,
    4.944428887914));
#12717 = VECTOR('',#12718,1.);
#12718 = DIRECTION('',(-5.362734202678E-17,-0.437900479257,
    -0.89902345368));
#12719 = ORIENTED_EDGE('',*,*,#1589,.F.);
#12720 = PLANE('',#12721);
#12721 = AXIS2_PLACEMENT_3D('',#12722,#12723,#12724);
#12722 = CARTESIAN_POINT('',(13.375000857143,2.512734347539,
    4.741217693382));
#12723 = DIRECTION('',(1.,-1.224646799147E-16,0.));
#12724 = DIRECTION('',(1.499759782662E-32,1.224646799147E-16,-1.));
#12725 = ADVANCED_FACE('',(#12726),#12744,.T.);
#12726 = FACE_BOUND('',#12727,.T.);
#12727 = EDGE_LOOP('',(#12728,#12729,#12737,#12743));
#12728 = ORIENTED_EDGE('',*,*,#12615,.T.);
#12729 = ORIENTED_EDGE('',*,*,#12730,.T.);
#12730 = EDGE_CURVE('',#12608,#12731,#12733,.T.);
#12731 = VERTEX_POINT('',#12732);
#12732 = CARTESIAN_POINT('',(13.625000857143,1.747734347539,
    -3.128782306618));
#12733 = LINE('',#12734,#12735);
#12734 = CARTESIAN_POINT('',(13.375000857143,1.747734347539,
    -3.128782306618));
#12735 = VECTOR('',#12736,1.);
#12736 = DIRECTION('',(1.,-1.224646799147E-16,0.));
#12737 = ORIENTED_EDGE('',*,*,#12738,.F.);
#12738 = EDGE_CURVE('',#803,#12731,#12739,.T.);
#12739 = LINE('',#12740,#12741);
#12740 = CARTESIAN_POINT('',(13.625000857143,1.747734347539,
    -2.878230661791E-02));
#12741 = VECTOR('',#12742,1.);
#12742 = DIRECTION('',(1.499759782662E-32,1.224646799147E-16,-1.));
#12743 = ORIENTED_EDGE('',*,*,#800,.F.);
#12744 = PLANE('',#12745);
#12745 = AXIS2_PLACEMENT_3D('',#12746,#12747,#12748);
#12746 = CARTESIAN_POINT('',(13.375000857143,1.747734347539,
    -1.878230661791E-02));
#12747 = DIRECTION('',(-1.224646799147E-16,-1.,-1.224646799147E-16));
#12748 = DIRECTION('',(-1.499759782662E-32,-1.224646799147E-16,1.));
#12749 = ADVANCED_FACE('',(#12750),#12784,.T.);
#12750 = FACE_BOUND('',#12751,.T.);
#12751 = EDGE_LOOP('',(#12752,#12753,#12761,#12769,#12777,#12783));
#12752 = ORIENTED_EDGE('',*,*,#12738,.T.);
#12753 = ORIENTED_EDGE('',*,*,#12754,.T.);
#12754 = EDGE_CURVE('',#12731,#12755,#12757,.T.);
#12755 = VERTEX_POINT('',#12756);
#12756 = CARTESIAN_POINT('',(13.625000857143,1.897734347539,
    -3.428782306618));
#12757 = LINE('',#12758,#12759);
#12758 = CARTESIAN_POINT('',(13.625000857143,1.747734347539,
    -3.128782306618));
#12759 = VECTOR('',#12760,1.);
#12760 = DIRECTION('',(5.476786982643E-17,0.4472135955,-0.894427191));
#12761 = ORIENTED_EDGE('',*,*,#12762,.T.);
#12762 = EDGE_CURVE('',#12755,#12763,#12765,.T.);
#12763 = VERTEX_POINT('',#12764);
#12764 = CARTESIAN_POINT('',(13.625000857143,2.087734347539,
    -3.428782306618));
#12765 = LINE('',#12766,#12767);
#12766 = CARTESIAN_POINT('',(13.625000857143,1.897734347539,
    -3.428782306618));
#12767 = VECTOR('',#12768,1.);
#12768 = DIRECTION('',(1.224646799147E-16,1.,1.224646799147E-16));
#12769 = ORIENTED_EDGE('',*,*,#12770,.T.);
#12770 = EDGE_CURVE('',#12763,#12771,#12773,.T.);
#12771 = VERTEX_POINT('',#12772);
#12772 = CARTESIAN_POINT('',(13.625000857143,2.247734347539,
    -3.128782306618));
#12773 = LINE('',#12774,#12775);
#12774 = CARTESIAN_POINT('',(13.625000857143,2.087734347539,
    -3.428782306618));
#12775 = VECTOR('',#12776,1.);
#12776 = DIRECTION('',(5.763043760693E-17,0.470588235294,0.882352941176)
  );
#12777 = ORIENTED_EDGE('',*,*,#12778,.T.);
#12778 = EDGE_CURVE('',#12771,#811,#12779,.T.);
#12779 = LINE('',#12780,#12781);
#12780 = CARTESIAN_POINT('',(13.625000857143,2.247734347539,
    -3.128782306618));
#12781 = VECTOR('',#12782,1.);
#12782 = DIRECTION('',(-1.499759782662E-32,-1.224646799147E-16,1.));
#12783 = ORIENTED_EDGE('',*,*,#810,.F.);
#12784 = PLANE('',#12785);
#12785 = AXIS2_PLACEMENT_3D('',#12786,#12787,#12788);
#12786 = CARTESIAN_POINT('',(13.625000857143,2.512734347539,
    4.741217693382));
#12787 = DIRECTION('',(1.,-1.224646799147E-16,0.));
#12788 = DIRECTION('',(1.499759782662E-32,1.224646799147E-16,-1.));
#12789 = ADVANCED_FACE('',(#12790),#12851,.T.);
#12790 = FACE_BOUND('',#12791,.T.);
#12791 = EDGE_LOOP('',(#12792,#12793,#12794,#12802,#12810,#12818,#12826,
    #12835,#12843,#12850));
#12792 = ORIENTED_EDGE('',*,*,#6566,.T.);
#12793 = ORIENTED_EDGE('',*,*,#6229,.T.);
#12794 = ORIENTED_EDGE('',*,*,#12795,.T.);
#12795 = EDGE_CURVE('',#6222,#12796,#12798,.T.);
#12796 = VERTEX_POINT('',#12797);
#12797 = CARTESIAN_POINT('',(13.625000857143,1.377734347539,
    2.581217693382));
#12798 = LINE('',#12799,#12800);
#12799 = CARTESIAN_POINT('',(13.625000857143,1.377734347539,
    2.471217693382));
#12800 = VECTOR('',#12801,1.);
#12801 = DIRECTION('',(-1.499759782662E-32,-1.224646799147E-16,1.));
#12802 = ORIENTED_EDGE('',*,*,#12803,.T.);
#12803 = EDGE_CURVE('',#12796,#12804,#12806,.T.);
#12804 = VERTEX_POINT('',#12805);
#12805 = CARTESIAN_POINT('',(13.625000857143,0.447734347539,
    2.581217693382));
#12806 = LINE('',#12807,#12808);
#12807 = CARTESIAN_POINT('',(13.625000857143,1.377734347539,
    2.581217693382));
#12808 = VECTOR('',#12809,1.);
#12809 = DIRECTION('',(-1.224646799147E-16,-1.,-1.224646799147E-16));
#12810 = ORIENTED_EDGE('',*,*,#12811,.T.);
#12811 = EDGE_CURVE('',#12804,#12812,#12814,.T.);
#12812 = VERTEX_POINT('',#12813);
#12813 = CARTESIAN_POINT('',(13.625000857143,0.447734347539,
    3.881217693382));
#12814 = LINE('',#12815,#12816);
#12815 = CARTESIAN_POINT('',(13.625000857143,0.447734347539,
    2.581217693382));
#12816 = VECTOR('',#12817,1.);
#12817 = DIRECTION('',(-1.499759782662E-32,-1.224646799147E-16,1.));
#12818 = ORIENTED_EDGE('',*,*,#12819,.T.);
#12819 = EDGE_CURVE('',#12812,#12820,#12822,.T.);
#12820 = VERTEX_POINT('',#12821);
#12821 = CARTESIAN_POINT('',(13.625000857143,0.602678382526,
    4.199322669419));
#12822 = LINE('',#12823,#12824);
#12823 = CARTESIAN_POINT('',(13.625000857143,0.447734347539,
    3.881217693382));
#12824 = VECTOR('',#12825,1.);
#12825 = DIRECTION('',(5.362734202678E-17,0.437900479257,0.89902345368)
  );
#12826 = ORIENTED_EDGE('',*,*,#12827,.T.);
#12827 = EDGE_CURVE('',#12820,#12828,#12830,.T.);
#12828 = VERTEX_POINT('',#12829);
#12829 = CARTESIAN_POINT('',(13.625000857143,0.605859434996,
    4.234756116545));
#12830 = CIRCLE('',#12831,5.E-02);
#12831 = AXIS2_PLACEMENT_3D('',#12832,#12833,#12834);
#12832 = CARTESIAN_POINT('',(13.625000857143,0.557727209842,
    4.221217693382));
#12833 = DIRECTION('',(1.,-1.224646799147E-16,6.162975822039E-33));
#12834 = DIRECTION('',(1.100986194907E-16,0.89902345368,-0.437900479257)
  );
#12835 = ORIENTED_EDGE('',*,*,#12836,.T.);
#12836 = EDGE_CURVE('',#12828,#12837,#12839,.T.);
#12837 = VERTEX_POINT('',#12838);
#12838 = CARTESIAN_POINT('',(13.625000857143,0.398537662164,
    4.971832962871));
#12839 = LINE('',#12840,#12841);
#12840 = CARTESIAN_POINT('',(13.625000857143,0.605859434996,
    4.234756116545));
#12841 = VECTOR('',#12842,1.);
#12842 = DIRECTION('',(-3.315957318415E-17,-0.27076846326,0.962644503077
    ));
#12843 = ORIENTED_EDGE('',*,*,#12844,.T.);
#12844 = EDGE_CURVE('',#12837,#4991,#12845,.T.);
#12845 = CIRCLE('',#12846,0.15);
#12846 = AXIS2_PLACEMENT_3D('',#12847,#12848,#12849);
#12847 = CARTESIAN_POINT('',(13.625000857143,0.254140986703,
    4.931217693382));
#12848 = DIRECTION('',(1.,-1.224646799147E-16,0.));
#12849 = DIRECTION('',(1.17889950941E-16,0.962644503077,0.27076846326));
#12850 = ORIENTED_EDGE('',*,*,#4990,.F.);
#12851 = PLANE('',#12852);
#12852 = AXIS2_PLACEMENT_3D('',#12853,#12854,#12855);
#12853 = CARTESIAN_POINT('',(13.625000857143,2.512734347539,
    4.741217693382));
#12854 = DIRECTION('',(1.,-1.224646799147E-16,0.));
#12855 = DIRECTION('',(1.499759782662E-32,1.224646799147E-16,-1.));
#12856 = ADVANCED_FACE('',(#12857),#12883,.T.);
#12857 = FACE_BOUND('',#12858,.T.);
#12858 = EDGE_LOOP('',(#12859,#12867,#12876,#12882));
#12859 = ORIENTED_EDGE('',*,*,#12860,.T.);
#12860 = EDGE_CURVE('',#1566,#12861,#12863,.T.);
#12861 = VERTEX_POINT('',#12862);
#12862 = CARTESIAN_POINT('',(13.625000857143,1.432776037158,
    4.503112717345));
#12863 = LINE('',#12864,#12865);
#12864 = CARTESIAN_POINT('',(13.625000857143,1.647734347539,
    4.944428887914));
#12865 = VECTOR('',#12866,1.);
#12866 = DIRECTION('',(-5.362734202678E-17,-0.437900479257,
    -0.89902345368));
#12867 = ORIENTED_EDGE('',*,*,#12868,.T.);
#12868 = EDGE_CURVE('',#12861,#12869,#12871,.T.);
#12869 = VERTEX_POINT('',#12870);
#12870 = CARTESIAN_POINT('',(13.625000857143,1.429594984688,
    4.467679270219));
#12871 = CIRCLE('',#12872,5.E-02);
#12872 = AXIS2_PLACEMENT_3D('',#12873,#12874,#12875);
#12873 = CARTESIAN_POINT('',(13.625000857143,1.477727209842,
    4.481217693382));
#12874 = DIRECTION('',(1.,-1.224646799147E-16,6.162975822039E-33));
#12875 = DIRECTION('',(-1.100986194907E-16,-0.89902345368,0.437900479257
    ));
#12876 = ORIENTED_EDGE('',*,*,#12877,.T.);
#12877 = EDGE_CURVE('',#12869,#1574,#12878,.T.);
#12878 = LINE('',#12879,#12880);
#12879 = CARTESIAN_POINT('',(13.625000857143,1.429594984688,
    4.467679270219));
#12880 = VECTOR('',#12881,1.);
#12881 = DIRECTION('',(3.315957318415E-17,0.27076846326,-0.962644503077)
  );
#12882 = ORIENTED_EDGE('',*,*,#1573,.T.);
#12883 = PLANE('',#12884);
#12884 = AXIS2_PLACEMENT_3D('',#12885,#12886,#12887);
#12885 = CARTESIAN_POINT('',(13.625000857143,2.512734347539,
    4.741217693382));
#12886 = DIRECTION('',(1.,-1.224646799147E-16,0.));
#12887 = DIRECTION('',(1.499759782662E-32,1.224646799147E-16,-1.));
#12888 = ADVANCED_FACE('',(#12889),#12900,.T.);
#12889 = FACE_BOUND('',#12890,.T.);
#12890 = EDGE_LOOP('',(#12891,#12892,#12898,#12899));
#12891 = ORIENTED_EDGE('',*,*,#12778,.F.);
#12892 = ORIENTED_EDGE('',*,*,#12893,.F.);
#12893 = EDGE_CURVE('',#12584,#12771,#12894,.T.);
#12894 = LINE('',#12895,#12896);
#12895 = CARTESIAN_POINT('',(13.375000857143,2.247734347539,
    -3.128782306618));
#12896 = VECTOR('',#12897,1.);
#12897 = DIRECTION('',(1.,-1.224646799147E-16,0.));
#12898 = ORIENTED_EDGE('',*,*,#12583,.T.);
#12899 = ORIENTED_EDGE('',*,*,#818,.T.);
#12900 = PLANE('',#12901);
#12901 = AXIS2_PLACEMENT_3D('',#12902,#12903,#12904);
#12902 = CARTESIAN_POINT('',(13.375000857143,2.247734347539,
    -3.128782306618));
#12903 = DIRECTION('',(1.224646799147E-16,1.,1.224646799147E-16));
#12904 = DIRECTION('',(-1.,1.224646799147E-16,0.));
#12905 = ADVANCED_FACE('',(#12906),#12917,.T.);
#12906 = FACE_BOUND('',#12907,.T.);
#12907 = EDGE_LOOP('',(#12908,#12909,#12910,#12916));
#12908 = ORIENTED_EDGE('',*,*,#12893,.T.);
#12909 = ORIENTED_EDGE('',*,*,#12770,.F.);
#12910 = ORIENTED_EDGE('',*,*,#12911,.F.);
#12911 = EDGE_CURVE('',#12592,#12763,#12912,.T.);
#12912 = LINE('',#12913,#12914);
#12913 = CARTESIAN_POINT('',(13.375000857143,2.087734347539,
    -3.428782306618));
#12914 = VECTOR('',#12915,1.);
#12915 = DIRECTION('',(1.,-1.224646799147E-16,0.));
#12916 = ORIENTED_EDGE('',*,*,#12591,.T.);
#12917 = PLANE('',#12918);
#12918 = AXIS2_PLACEMENT_3D('',#12919,#12920,#12921);
#12919 = CARTESIAN_POINT('',(13.375000857143,2.087734347539,
    -3.428782306618));
#12920 = DIRECTION('',(1.08057070513E-16,0.882352941176,-0.470588235294)
  );
#12921 = DIRECTION('',(-1.,1.224646799147E-16,0.));
#12922 = ADVANCED_FACE('',(#12923),#12934,.T.);
#12923 = FACE_BOUND('',#12924,.T.);
#12924 = EDGE_LOOP('',(#12925,#12926,#12927,#12933));
#12925 = ORIENTED_EDGE('',*,*,#12911,.T.);
#12926 = ORIENTED_EDGE('',*,*,#12762,.F.);
#12927 = ORIENTED_EDGE('',*,*,#12928,.F.);
#12928 = EDGE_CURVE('',#12600,#12755,#12929,.T.);
#12929 = LINE('',#12930,#12931);
#12930 = CARTESIAN_POINT('',(13.375000857143,1.897734347539,
    -3.428782306618));
#12931 = VECTOR('',#12932,1.);
#12932 = DIRECTION('',(1.,-1.224646799147E-16,0.));
#12933 = ORIENTED_EDGE('',*,*,#12599,.T.);
#12934 = PLANE('',#12935);
#12935 = AXIS2_PLACEMENT_3D('',#12936,#12937,#12938);
#12936 = CARTESIAN_POINT('',(13.375000857143,1.897734347539,
    -3.428782306618));
#12937 = DIRECTION('',(1.499759782662E-32,1.224646799147E-16,-1.));
#12938 = DIRECTION('',(-1.,1.224646799147E-16,0.));
#12939 = ADVANCED_FACE('',(#12940),#12946,.T.);
#12940 = FACE_BOUND('',#12941,.T.);
#12941 = EDGE_LOOP('',(#12942,#12943,#12944,#12945));
#12942 = ORIENTED_EDGE('',*,*,#12928,.T.);
#12943 = ORIENTED_EDGE('',*,*,#12754,.F.);
#12944 = ORIENTED_EDGE('',*,*,#12730,.F.);
#12945 = ORIENTED_EDGE('',*,*,#12607,.T.);
#12946 = PLANE('',#12947);
#12947 = AXIS2_PLACEMENT_3D('',#12948,#12949,#12950);
#12948 = CARTESIAN_POINT('',(13.375000857143,1.747734347539,
    -3.128782306618));
#12949 = DIRECTION('',(-1.095357396528E-16,-0.894427191,-0.4472135955));
#12950 = DIRECTION('',(1.,-1.224646799147E-16,0.));
#12951 = ADVANCED_FACE('',(#12952),#12963,.T.);
#12952 = FACE_BOUND('',#12953,.T.);
#12953 = EDGE_LOOP('',(#12954,#12955,#12961,#12962));
#12954 = ORIENTED_EDGE('',*,*,#12844,.F.);
#12955 = ORIENTED_EDGE('',*,*,#12956,.F.);
#12956 = EDGE_CURVE('',#12631,#12837,#12957,.T.);
#12957 = LINE('',#12958,#12959);
#12958 = CARTESIAN_POINT('',(13.375000857143,0.398537662164,
    4.971832962871));
#12959 = VECTOR('',#12960,1.);
#12960 = DIRECTION('',(1.,-1.224646799147E-16,0.));
#12961 = ORIENTED_EDGE('',*,*,#12630,.T.);
#12962 = ORIENTED_EDGE('',*,*,#4998,.T.);
#12963 = CYLINDRICAL_SURFACE('',#12964,0.15);
#12964 = AXIS2_PLACEMENT_3D('',#12965,#12966,#12967);
#12965 = CARTESIAN_POINT('',(13.375000857143,0.254140986703,
    4.931217693382));
#12966 = DIRECTION('',(-1.,1.224646799147E-16,0.));
#12967 = DIRECTION('',(1.499759782662E-32,1.224646799147E-16,-1.));
#12968 = ADVANCED_FACE('',(#12969),#12980,.T.);
#12969 = FACE_BOUND('',#12970,.T.);
#12970 = EDGE_LOOP('',(#12971,#12972,#12973,#12979));
#12971 = ORIENTED_EDGE('',*,*,#12956,.T.);
#12972 = ORIENTED_EDGE('',*,*,#12836,.F.);
#12973 = ORIENTED_EDGE('',*,*,#12974,.F.);
#12974 = EDGE_CURVE('',#12640,#12828,#12975,.T.);
#12975 = LINE('',#12976,#12977);
#12976 = CARTESIAN_POINT('',(13.375000857143,0.605859434996,
    4.234756116545));
#12977 = VECTOR('',#12978,1.);
#12978 = DIRECTION('',(1.,-1.224646799147E-16,0.));
#12979 = ORIENTED_EDGE('',*,*,#12639,.T.);
#12980 = PLANE('',#12981);
#12981 = AXIS2_PLACEMENT_3D('',#12982,#12983,#12984);
#12982 = CARTESIAN_POINT('',(13.375000857143,0.605859434996,
    4.234756116545));
#12983 = DIRECTION('',(1.17889950941E-16,0.962644503077,0.27076846326));
#12984 = DIRECTION('',(1.,-1.224646799147E-16,0.));
#12985 = ADVANCED_FACE('',(#12986),#12997,.T.);
#12986 = FACE_BOUND('',#12987,.T.);
#12987 = EDGE_LOOP('',(#12988,#12989,#12990,#12996));
#12988 = ORIENTED_EDGE('',*,*,#12974,.T.);
#12989 = ORIENTED_EDGE('',*,*,#12827,.F.);
#12990 = ORIENTED_EDGE('',*,*,#12991,.F.);
#12991 = EDGE_CURVE('',#12648,#12820,#12992,.T.);
#12992 = LINE('',#12993,#12994);
#12993 = CARTESIAN_POINT('',(13.375000857143,0.602678382526,
    4.199322669419));
#12994 = VECTOR('',#12995,1.);
#12995 = DIRECTION('',(1.,-1.224646799147E-16,0.));
#12996 = ORIENTED_EDGE('',*,*,#12647,.T.);
#12997 = CYLINDRICAL_SURFACE('',#12998,5.E-02);
#12998 = AXIS2_PLACEMENT_3D('',#12999,#13000,#13001);
#12999 = CARTESIAN_POINT('',(13.375000857143,0.557727209842,
    4.221217693382));
#13000 = DIRECTION('',(-1.,1.224646799147E-16,0.));
#13001 = DIRECTION('',(1.499759782662E-32,1.224646799147E-16,-1.));
#13002 = ADVANCED_FACE('',(#13003),#13014,.T.);
#13003 = FACE_BOUND('',#13004,.T.);
#13004 = EDGE_LOOP('',(#13005,#13006,#13007,#13013));
#13005 = ORIENTED_EDGE('',*,*,#12991,.T.);
#13006 = ORIENTED_EDGE('',*,*,#12819,.F.);
#13007 = ORIENTED_EDGE('',*,*,#13008,.F.);
#13008 = EDGE_CURVE('',#12657,#12812,#13009,.T.);
#13009 = LINE('',#13010,#13011);
#13010 = CARTESIAN_POINT('',(13.375000857143,0.447734347539,
    3.881217693382));
#13011 = VECTOR('',#13012,1.);
#13012 = DIRECTION('',(1.,-1.224646799147E-16,0.));
#13013 = ORIENTED_EDGE('',*,*,#12656,.T.);
#13014 = PLANE('',#13015);
#13015 = AXIS2_PLACEMENT_3D('',#13016,#13017,#13018);
#13016 = CARTESIAN_POINT('',(13.375000857143,0.447734347539,
    3.881217693382));
#13017 = DIRECTION('',(1.100986194907E-16,0.89902345368,-0.437900479257)
  );
#13018 = DIRECTION('',(-1.,1.224646799147E-16,0.));
#13019 = ADVANCED_FACE('',(#13020),#13031,.T.);
#13020 = FACE_BOUND('',#13021,.T.);
#13021 = EDGE_LOOP('',(#13022,#13023,#13024,#13030));
#13022 = ORIENTED_EDGE('',*,*,#13008,.T.);
#13023 = ORIENTED_EDGE('',*,*,#12811,.F.);
#13024 = ORIENTED_EDGE('',*,*,#13025,.F.);
#13025 = EDGE_CURVE('',#12665,#12804,#13026,.T.);
#13026 = LINE('',#13027,#13028);
#13027 = CARTESIAN_POINT('',(13.375000857143,0.447734347539,
    2.581217693382));
#13028 = VECTOR('',#13029,1.);
#13029 = DIRECTION('',(1.,-1.224646799147E-16,0.));
#13030 = ORIENTED_EDGE('',*,*,#12664,.T.);
#13031 = PLANE('',#13032);
#13032 = AXIS2_PLACEMENT_3D('',#13033,#13034,#13035);
#13033 = CARTESIAN_POINT('',(13.375000857143,0.447734347539,
    2.581217693382));
#13034 = DIRECTION('',(1.224646799147E-16,1.,1.224646799147E-16));
#13035 = DIRECTION('',(-1.,1.224646799147E-16,0.));
#13036 = ADVANCED_FACE('',(#13037),#13048,.T.);
#13037 = FACE_BOUND('',#13038,.T.);
#13038 = EDGE_LOOP('',(#13039,#13040,#13041,#13047));
#13039 = ORIENTED_EDGE('',*,*,#13025,.T.);
#13040 = ORIENTED_EDGE('',*,*,#12803,.F.);
#13041 = ORIENTED_EDGE('',*,*,#13042,.F.);
#13042 = EDGE_CURVE('',#12673,#12796,#13043,.T.);
#13043 = LINE('',#13044,#13045);
#13044 = CARTESIAN_POINT('',(13.375000857143,1.377734347539,
    2.581217693382));
#13045 = VECTOR('',#13046,1.);
#13046 = DIRECTION('',(1.,-1.224646799147E-16,0.));
#13047 = ORIENTED_EDGE('',*,*,#12672,.T.);
#13048 = PLANE('',#13049);
#13049 = AXIS2_PLACEMENT_3D('',#13050,#13051,#13052);
#13050 = CARTESIAN_POINT('',(13.375000857143,1.377734347539,
    2.581217693382));
#13051 = DIRECTION('',(-1.499759782662E-32,-1.224646799147E-16,1.));
#13052 = DIRECTION('',(-1.224646799147E-16,-1.,-1.224646799147E-16));
#13053 = ADVANCED_FACE('',(#13054),#13060,.T.);
#13054 = FACE_BOUND('',#13055,.T.);
#13055 = EDGE_LOOP('',(#13056,#13057,#13058,#13059));
#13056 = ORIENTED_EDGE('',*,*,#12680,.T.);
#13057 = ORIENTED_EDGE('',*,*,#13042,.T.);
#13058 = ORIENTED_EDGE('',*,*,#12795,.F.);
#13059 = ORIENTED_EDGE('',*,*,#6221,.F.);
#13060 = PLANE('',#13061);
#13061 = AXIS2_PLACEMENT_3D('',#13062,#13063,#13064);
#13062 = CARTESIAN_POINT('',(13.375000857143,1.377734347539,
    2.001217693382));
#13063 = DIRECTION('',(1.224646799147E-16,1.,1.224646799147E-16));
#13064 = DIRECTION('',(-1.,1.224646799147E-16,0.));
#13065 = ADVANCED_FACE('',(#13066),#13077,.T.);
#13066 = FACE_BOUND('',#13067,.T.);
#13067 = EDGE_LOOP('',(#13068,#13069,#13075,#13076));
#13068 = ORIENTED_EDGE('',*,*,#12877,.F.);
#13069 = ORIENTED_EDGE('',*,*,#13070,.F.);
#13070 = EDGE_CURVE('',#12698,#12869,#13071,.T.);
#13071 = LINE('',#13072,#13073);
#13072 = CARTESIAN_POINT('',(13.375000857143,1.429594984688,
    4.467679270219));
#13073 = VECTOR('',#13074,1.);
#13074 = DIRECTION('',(1.,-1.224646799147E-16,0.));
#13075 = ORIENTED_EDGE('',*,*,#12697,.T.);
#13076 = ORIENTED_EDGE('',*,*,#1581,.T.);
#13077 = PLANE('',#13078);
#13078 = AXIS2_PLACEMENT_3D('',#13079,#13080,#13081);
#13079 = CARTESIAN_POINT('',(13.375000857143,1.429594984688,
    4.467679270219));
#13080 = DIRECTION('',(-1.17889950941E-16,-0.962644503077,-0.27076846326
    ));
#13081 = DIRECTION('',(1.,-1.224646799147E-16,0.));
#13082 = ADVANCED_FACE('',(#13083),#13094,.T.);
#13083 = FACE_BOUND('',#13084,.T.);
#13084 = EDGE_LOOP('',(#13085,#13086,#13087,#13093));
#13085 = ORIENTED_EDGE('',*,*,#13070,.T.);
#13086 = ORIENTED_EDGE('',*,*,#12868,.F.);
#13087 = ORIENTED_EDGE('',*,*,#13088,.F.);
#13088 = EDGE_CURVE('',#12706,#12861,#13089,.T.);
#13089 = LINE('',#13090,#13091);
#13090 = CARTESIAN_POINT('',(13.375000857143,1.432776037158,
    4.503112717345));
#13091 = VECTOR('',#13092,1.);
#13092 = DIRECTION('',(1.,-1.224646799147E-16,0.));
#13093 = ORIENTED_EDGE('',*,*,#12705,.T.);
#13094 = CYLINDRICAL_SURFACE('',#13095,5.E-02);
#13095 = AXIS2_PLACEMENT_3D('',#13096,#13097,#13098);
#13096 = CARTESIAN_POINT('',(13.375000857143,1.477727209842,
    4.481217693382));
#13097 = DIRECTION('',(-1.,1.224646799147E-16,0.));
#13098 = DIRECTION('',(1.499759782662E-32,1.224646799147E-16,-1.));
#13099 = ADVANCED_FACE('',(#13100),#13106,.T.);
#13100 = FACE_BOUND('',#13101,.T.);
#13101 = EDGE_LOOP('',(#13102,#13103,#13104,#13105));
#13102 = ORIENTED_EDGE('',*,*,#12714,.T.);
#13103 = ORIENTED_EDGE('',*,*,#13088,.T.);
#13104 = ORIENTED_EDGE('',*,*,#12860,.F.);
#13105 = ORIENTED_EDGE('',*,*,#1563,.F.);
#13106 = PLANE('',#13107);
#13107 = AXIS2_PLACEMENT_3D('',#13108,#13109,#13110);
#13108 = CARTESIAN_POINT('',(13.375000857143,1.686983066107,
    5.025007741308));
#13109 = DIRECTION('',(-1.100986194907E-16,-0.89902345368,0.437900479257
    ));
#13110 = DIRECTION('',(5.362734202678E-17,0.437900479257,0.89902345368)
  );
#13111 = ADVANCED_FACE('',(#13112),#13153,.F.);
#13112 = FACE_BOUND('',#13113,.T.);
#13113 = EDGE_LOOP('',(#13114,#13115,#13123,#13131,#13139,#13147));
#13114 = ORIENTED_EDGE('',*,*,#622,.T.);
#13115 = ORIENTED_EDGE('',*,*,#13116,.F.);
#13116 = EDGE_CURVE('',#13117,#615,#13119,.T.);
#13117 = VERTEX_POINT('',#13118);
#13118 = CARTESIAN_POINT('',(14.875000857143,0.217734347539,
    -3.128782306618));
#13119 = LINE('',#13120,#13121);
#13120 = CARTESIAN_POINT('',(14.875000857143,0.217734347539,
    -3.128782306618));
#13121 = VECTOR('',#13122,1.);
#13122 = DIRECTION('',(-1.499759782662E-32,-1.224646799147E-16,1.));
#13123 = ORIENTED_EDGE('',*,*,#13124,.F.);
#13124 = EDGE_CURVE('',#13125,#13117,#13127,.T.);
#13125 = VERTEX_POINT('',#13126);
#13126 = CARTESIAN_POINT('',(14.875000857143,6.773434753874E-02,
    -3.428782306618));
#13127 = LINE('',#13128,#13129);
#13128 = CARTESIAN_POINT('',(14.875000857143,6.773434753874E-02,
    -3.428782306618));
#13129 = VECTOR('',#13130,1.);
#13130 = DIRECTION('',(5.476786982643E-17,0.4472135955,0.894427191));
#13131 = ORIENTED_EDGE('',*,*,#13132,.F.);
#13132 = EDGE_CURVE('',#13133,#13125,#13135,.T.);
#13133 = VERTEX_POINT('',#13134);
#13134 = CARTESIAN_POINT('',(14.875000857143,-8.226565246126E-02,
    -3.428782306618));
#13135 = LINE('',#13136,#13137);
#13136 = CARTESIAN_POINT('',(14.875000857143,-8.226565246126E-02,
    -3.428782306618));
#13137 = VECTOR('',#13138,1.);
#13138 = DIRECTION('',(1.224646799147E-16,1.,1.224646799147E-16));
#13139 = ORIENTED_EDGE('',*,*,#13140,.F.);
#13140 = EDGE_CURVE('',#13141,#13133,#13143,.T.);
#13141 = VERTEX_POINT('',#13142);
#13142 = CARTESIAN_POINT('',(14.875000857143,-0.232265652461,
    -3.028782306618));
#13143 = LINE('',#13144,#13145);
#13144 = CARTESIAN_POINT('',(14.875000857143,-0.232265652461,
    -3.028782306618));
#13145 = VECTOR('',#13146,1.);
#13146 = DIRECTION('',(4.300021988469E-17,0.351123441588,-0.936329177569
    ));
#13147 = ORIENTED_EDGE('',*,*,#13148,.F.);
#13148 = EDGE_CURVE('',#597,#13141,#13149,.T.);
#13149 = LINE('',#13150,#13151);
#13150 = CARTESIAN_POINT('',(14.875000857143,-0.252265652461,
    -2.878230661791E-02));
#13151 = VECTOR('',#13152,1.);
#13152 = DIRECTION('',(8.164130571207E-19,6.666518523456E-03,
    -0.999977778518));
#13153 = PLANE('',#13154);
#13154 = AXIS2_PLACEMENT_3D('',#13155,#13156,#13157);
#13155 = CARTESIAN_POINT('',(14.875000857143,2.512734347539,
    4.741217693382));
#13156 = DIRECTION('',(1.,-1.224646799147E-16,0.));
#13157 = DIRECTION('',(1.499759782662E-32,1.224646799147E-16,-1.));
#13158 = ADVANCED_FACE('',(#13159),#13220,.F.);
#13159 = FACE_BOUND('',#13160,.T.);
#13160 = EDGE_LOOP('',(#13161,#13170,#13178,#13187,#13195,#13203,#13211,
    #13217,#13218,#13219));
#13161 = ORIENTED_EDGE('',*,*,#13162,.F.);
#13162 = EDGE_CURVE('',#13163,#4967,#13165,.T.);
#13163 = VERTEX_POINT('',#13164);
#13164 = CARTESIAN_POINT('',(14.875000857143,0.398537662164,
    4.971832962871));
#13165 = CIRCLE('',#13166,0.15);
#13166 = AXIS2_PLACEMENT_3D('',#13167,#13168,#13169);
#13167 = CARTESIAN_POINT('',(14.875000857143,0.254140986703,
    4.931217693382));
#13168 = DIRECTION('',(1.,-1.224646799147E-16,0.));
#13169 = DIRECTION('',(1.17889950941E-16,0.962644503077,0.27076846326));
#13170 = ORIENTED_EDGE('',*,*,#13171,.F.);
#13171 = EDGE_CURVE('',#13172,#13163,#13174,.T.);
#13172 = VERTEX_POINT('',#13173);
#13173 = CARTESIAN_POINT('',(14.875000857143,0.605859434996,
    4.234756116545));
#13174 = LINE('',#13175,#13176);
#13175 = CARTESIAN_POINT('',(14.875000857143,0.605859434996,
    4.234756116545));
#13176 = VECTOR('',#13177,1.);
#13177 = DIRECTION('',(-3.315957318415E-17,-0.27076846326,0.962644503077
    ));
#13178 = ORIENTED_EDGE('',*,*,#13179,.F.);
#13179 = EDGE_CURVE('',#13180,#13172,#13182,.T.);
#13180 = VERTEX_POINT('',#13181);
#13181 = CARTESIAN_POINT('',(14.875000857143,0.602678382526,
    4.199322669419));
#13182 = CIRCLE('',#13183,5.E-02);
#13183 = AXIS2_PLACEMENT_3D('',#13184,#13185,#13186);
#13184 = CARTESIAN_POINT('',(14.875000857143,0.557727209842,
    4.221217693382));
#13185 = DIRECTION('',(1.,-1.224646799147E-16,6.162975822039E-33));
#13186 = DIRECTION('',(1.100986194907E-16,0.89902345368,-0.437900479257)
  );
#13187 = ORIENTED_EDGE('',*,*,#13188,.F.);
#13188 = EDGE_CURVE('',#13189,#13180,#13191,.T.);
#13189 = VERTEX_POINT('',#13190);
#13190 = CARTESIAN_POINT('',(14.875000857143,0.447734347539,
    3.881217693382));
#13191 = LINE('',#13192,#13193);
#13192 = CARTESIAN_POINT('',(14.875000857143,0.447734347539,
    3.881217693382));
#13193 = VECTOR('',#13194,1.);
#13194 = DIRECTION('',(5.362734202678E-17,0.437900479257,0.89902345368)
  );
#13195 = ORIENTED_EDGE('',*,*,#13196,.F.);
#13196 = EDGE_CURVE('',#13197,#13189,#13199,.T.);
#13197 = VERTEX_POINT('',#13198);
#13198 = CARTESIAN_POINT('',(14.875000857143,0.447734347539,
    2.581217693382));
#13199 = LINE('',#13200,#13201);
#13200 = CARTESIAN_POINT('',(14.875000857143,0.447734347539,
    2.581217693382));
#13201 = VECTOR('',#13202,1.);
#13202 = DIRECTION('',(-1.499759782662E-32,-1.224646799147E-16,1.));
#13203 = ORIENTED_EDGE('',*,*,#13204,.F.);
#13204 = EDGE_CURVE('',#13205,#13197,#13207,.T.);
#13205 = VERTEX_POINT('',#13206);
#13206 = CARTESIAN_POINT('',(14.875000857143,1.377734347539,
    2.581217693382));
#13207 = LINE('',#13208,#13209);
#13208 = CARTESIAN_POINT('',(14.875000857143,1.377734347539,
    2.581217693382));
#13209 = VECTOR('',#13210,1.);
#13210 = DIRECTION('',(-1.224646799147E-16,-1.,-1.224646799147E-16));
#13211 = ORIENTED_EDGE('',*,*,#13212,.F.);
#13212 = EDGE_CURVE('',#6246,#13205,#13213,.T.);
#13213 = LINE('',#13214,#13215);
#13214 = CARTESIAN_POINT('',(14.875000857143,1.377734347539,
    2.471217693382));
#13215 = VECTOR('',#13216,1.);
#13216 = DIRECTION('',(-1.499759782662E-32,-1.224646799147E-16,1.));
#13217 = ORIENTED_EDGE('',*,*,#6245,.F.);
#13218 = ORIENTED_EDGE('',*,*,#6559,.F.);
#13219 = ORIENTED_EDGE('',*,*,#4974,.T.);
#13220 = PLANE('',#13221);
#13221 = AXIS2_PLACEMENT_3D('',#13222,#13223,#13224);
#13222 = CARTESIAN_POINT('',(14.875000857143,2.512734347539,
    4.741217693382));
#13223 = DIRECTION('',(1.,-1.224646799147E-16,0.));
#13224 = DIRECTION('',(1.499759782662E-32,1.224646799147E-16,-1.));
#13225 = ADVANCED_FACE('',(#13226),#13252,.F.);
#13226 = FACE_BOUND('',#13227,.T.);
#13227 = EDGE_LOOP('',(#13228,#13236,#13245,#13251));
#13228 = ORIENTED_EDGE('',*,*,#13229,.F.);
#13229 = EDGE_CURVE('',#13230,#1378,#13232,.T.);
#13230 = VERTEX_POINT('',#13231);
#13231 = CARTESIAN_POINT('',(14.875000857143,1.429594984688,
    4.467679270219));
#13232 = LINE('',#13233,#13234);
#13233 = CARTESIAN_POINT('',(14.875000857143,1.429594984688,
    4.467679270219));
#13234 = VECTOR('',#13235,1.);
#13235 = DIRECTION('',(3.315957318415E-17,0.27076846326,-0.962644503077)
  );
#13236 = ORIENTED_EDGE('',*,*,#13237,.F.);
#13237 = EDGE_CURVE('',#13238,#13230,#13240,.T.);
#13238 = VERTEX_POINT('',#13239);
#13239 = CARTESIAN_POINT('',(14.875000857143,1.432776037158,
    4.503112717345));
#13240 = CIRCLE('',#13241,5.E-02);
#13241 = AXIS2_PLACEMENT_3D('',#13242,#13243,#13244);
#13242 = CARTESIAN_POINT('',(14.875000857143,1.477727209842,
    4.481217693382));
#13243 = DIRECTION('',(1.,-1.224646799147E-16,6.162975822039E-33));
#13244 = DIRECTION('',(-1.100986194907E-16,-0.89902345368,0.437900479257
    ));
#13245 = ORIENTED_EDGE('',*,*,#13246,.F.);
#13246 = EDGE_CURVE('',#1360,#13238,#13247,.T.);
#13247 = LINE('',#13248,#13249);
#13248 = CARTESIAN_POINT('',(14.875000857143,1.647734347539,
    4.944428887914));
#13249 = VECTOR('',#13250,1.);
#13250 = DIRECTION('',(-5.362734202678E-17,-0.437900479257,
    -0.89902345368));
#13251 = ORIENTED_EDGE('',*,*,#1385,.F.);
#13252 = PLANE('',#13253);
#13253 = AXIS2_PLACEMENT_3D('',#13254,#13255,#13256);
#13254 = CARTESIAN_POINT('',(14.875000857143,2.512734347539,
    4.741217693382));
#13255 = DIRECTION('',(1.,-1.224646799147E-16,0.));
#13256 = DIRECTION('',(1.499759782662E-32,1.224646799147E-16,-1.));
#13257 = ADVANCED_FACE('',(#13258),#13276,.T.);
#13258 = FACE_BOUND('',#13259,.T.);
#13259 = EDGE_LOOP('',(#13260,#13268,#13274,#13275));
#13260 = ORIENTED_EDGE('',*,*,#13261,.T.);
#13261 = EDGE_CURVE('',#13141,#13262,#13264,.T.);
#13262 = VERTEX_POINT('',#13263);
#13263 = CARTESIAN_POINT('',(15.125000857143,-0.232265652461,
    -3.028782306618));
#13264 = LINE('',#13265,#13266);
#13265 = CARTESIAN_POINT('',(14.875000857143,-0.232265652461,
    -3.028782306618));
#13266 = VECTOR('',#13267,1.);
#13267 = DIRECTION('',(1.,-1.224646799147E-16,0.));
#13268 = ORIENTED_EDGE('',*,*,#13269,.F.);
#13269 = EDGE_CURVE('',#599,#13262,#13270,.T.);
#13270 = LINE('',#13271,#13272);
#13271 = CARTESIAN_POINT('',(15.125000857143,-0.252265652461,
    -2.878230661791E-02));
#13272 = VECTOR('',#13273,1.);
#13273 = DIRECTION('',(8.164130571207E-19,6.666518523456E-03,
    -0.999977778518));
#13274 = ORIENTED_EDGE('',*,*,#596,.F.);
#13275 = ORIENTED_EDGE('',*,*,#13148,.T.);
#13276 = PLANE('',#13277);
#13277 = AXIS2_PLACEMENT_3D('',#13278,#13279,#13280);
#13278 = CARTESIAN_POINT('',(14.875000857143,-0.252265652461,
    -2.878230661791E-02));
#13279 = DIRECTION('',(-1.224619585681E-16,-0.999977778518,
    -6.666518523457E-03));
#13280 = DIRECTION('',(1.,-1.224646799147E-16,0.));
#13281 = ADVANCED_FACE('',(#13282),#13316,.T.);
#13282 = FACE_BOUND('',#13283,.T.);
#13283 = EDGE_LOOP('',(#13284,#13292,#13300,#13308,#13314,#13315));
#13284 = ORIENTED_EDGE('',*,*,#13285,.T.);
#13285 = EDGE_CURVE('',#13262,#13286,#13288,.T.);
#13286 = VERTEX_POINT('',#13287);
#13287 = CARTESIAN_POINT('',(15.125000857143,-8.226565246126E-02,
    -3.428782306618));
#13288 = LINE('',#13289,#13290);
#13289 = CARTESIAN_POINT('',(15.125000857143,-0.232265652461,
    -3.028782306618));
#13290 = VECTOR('',#13291,1.);
#13291 = DIRECTION('',(4.300021988469E-17,0.351123441588,-0.936329177569
    ));
#13292 = ORIENTED_EDGE('',*,*,#13293,.T.);
#13293 = EDGE_CURVE('',#13286,#13294,#13296,.T.);
#13294 = VERTEX_POINT('',#13295);
#13295 = CARTESIAN_POINT('',(15.125000857143,6.773434753874E-02,
    -3.428782306618));
#13296 = LINE('',#13297,#13298);
#13297 = CARTESIAN_POINT('',(15.125000857143,-8.226565246126E-02,
    -3.428782306618));
#13298 = VECTOR('',#13299,1.);
#13299 = DIRECTION('',(1.224646799147E-16,1.,1.224646799147E-16));
#13300 = ORIENTED_EDGE('',*,*,#13301,.T.);
#13301 = EDGE_CURVE('',#13294,#13302,#13304,.T.);
#13302 = VERTEX_POINT('',#13303);
#13303 = CARTESIAN_POINT('',(15.125000857143,0.217734347539,
    -3.128782306618));
#13304 = LINE('',#13305,#13306);
#13305 = CARTESIAN_POINT('',(15.125000857143,6.773434753874E-02,
    -3.428782306618));
#13306 = VECTOR('',#13307,1.);
#13307 = DIRECTION('',(5.476786982643E-17,0.4472135955,0.894427191));
#13308 = ORIENTED_EDGE('',*,*,#13309,.T.);
#13309 = EDGE_CURVE('',#13302,#607,#13310,.T.);
#13310 = LINE('',#13311,#13312);
#13311 = CARTESIAN_POINT('',(15.125000857143,0.217734347539,
    -3.128782306618));
#13312 = VECTOR('',#13313,1.);
#13313 = DIRECTION('',(-1.499759782662E-32,-1.224646799147E-16,1.));
#13314 = ORIENTED_EDGE('',*,*,#606,.F.);
#13315 = ORIENTED_EDGE('',*,*,#13269,.T.);
#13316 = PLANE('',#13317);
#13317 = AXIS2_PLACEMENT_3D('',#13318,#13319,#13320);
#13318 = CARTESIAN_POINT('',(15.125000857143,2.512734347539,
    4.741217693382));
#13319 = DIRECTION('',(1.,-1.224646799147E-16,0.));
#13320 = DIRECTION('',(1.499759782662E-32,1.224646799147E-16,-1.));
#13321 = ADVANCED_FACE('',(#13322),#13383,.T.);
#13322 = FACE_BOUND('',#13323,.T.);
#13323 = EDGE_LOOP('',(#13324,#13325,#13326,#13334,#13342,#13350,#13358,
    #13367,#13375,#13382));
#13324 = ORIENTED_EDGE('',*,*,#6581,.T.);
#13325 = ORIENTED_EDGE('',*,*,#6261,.T.);
#13326 = ORIENTED_EDGE('',*,*,#13327,.T.);
#13327 = EDGE_CURVE('',#6254,#13328,#13330,.T.);
#13328 = VERTEX_POINT('',#13329);
#13329 = CARTESIAN_POINT('',(15.125000857143,1.377734347539,
    2.581217693382));
#13330 = LINE('',#13331,#13332);
#13331 = CARTESIAN_POINT('',(15.125000857143,1.377734347539,
    2.471217693382));
#13332 = VECTOR('',#13333,1.);
#13333 = DIRECTION('',(-1.499759782662E-32,-1.224646799147E-16,1.));
#13334 = ORIENTED_EDGE('',*,*,#13335,.T.);
#13335 = EDGE_CURVE('',#13328,#13336,#13338,.T.);
#13336 = VERTEX_POINT('',#13337);
#13337 = CARTESIAN_POINT('',(15.125000857143,0.447734347539,
    2.581217693382));
#13338 = LINE('',#13339,#13340);
#13339 = CARTESIAN_POINT('',(15.125000857143,1.377734347539,
    2.581217693382));
#13340 = VECTOR('',#13341,1.);
#13341 = DIRECTION('',(-1.224646799147E-16,-1.,-1.224646799147E-16));
#13342 = ORIENTED_EDGE('',*,*,#13343,.T.);
#13343 = EDGE_CURVE('',#13336,#13344,#13346,.T.);
#13344 = VERTEX_POINT('',#13345);
#13345 = CARTESIAN_POINT('',(15.125000857143,0.447734347539,
    3.881217693382));
#13346 = LINE('',#13347,#13348);
#13347 = CARTESIAN_POINT('',(15.125000857143,0.447734347539,
    2.581217693382));
#13348 = VECTOR('',#13349,1.);
#13349 = DIRECTION('',(-1.499759782662E-32,-1.224646799147E-16,1.));
#13350 = ORIENTED_EDGE('',*,*,#13351,.T.);
#13351 = EDGE_CURVE('',#13344,#13352,#13354,.T.);
#13352 = VERTEX_POINT('',#13353);
#13353 = CARTESIAN_POINT('',(15.125000857143,0.602678382526,
    4.199322669419));
#13354 = LINE('',#13355,#13356);
#13355 = CARTESIAN_POINT('',(15.125000857143,0.447734347539,
    3.881217693382));
#13356 = VECTOR('',#13357,1.);
#13357 = DIRECTION('',(5.362734202678E-17,0.437900479257,0.89902345368)
  );
#13358 = ORIENTED_EDGE('',*,*,#13359,.T.);
#13359 = EDGE_CURVE('',#13352,#13360,#13362,.T.);
#13360 = VERTEX_POINT('',#13361);
#13361 = CARTESIAN_POINT('',(15.125000857143,0.605859434996,
    4.234756116545));
#13362 = CIRCLE('',#13363,5.E-02);
#13363 = AXIS2_PLACEMENT_3D('',#13364,#13365,#13366);
#13364 = CARTESIAN_POINT('',(15.125000857143,0.557727209842,
    4.221217693382));
#13365 = DIRECTION('',(1.,-1.224646799147E-16,6.162975822039E-33));
#13366 = DIRECTION('',(1.100986194907E-16,0.89902345368,-0.437900479257)
  );
#13367 = ORIENTED_EDGE('',*,*,#13368,.T.);
#13368 = EDGE_CURVE('',#13360,#13369,#13371,.T.);
#13369 = VERTEX_POINT('',#13370);
#13370 = CARTESIAN_POINT('',(15.125000857143,0.398537662164,
    4.971832962871));
#13371 = LINE('',#13372,#13373);
#13372 = CARTESIAN_POINT('',(15.125000857143,0.605859434996,
    4.234756116545));
#13373 = VECTOR('',#13374,1.);
#13374 = DIRECTION('',(-3.315957318415E-17,-0.27076846326,0.962644503077
    ));
#13375 = ORIENTED_EDGE('',*,*,#13376,.T.);
#13376 = EDGE_CURVE('',#13369,#4959,#13377,.T.);
#13377 = CIRCLE('',#13378,0.15);
#13378 = AXIS2_PLACEMENT_3D('',#13379,#13380,#13381);
#13379 = CARTESIAN_POINT('',(15.125000857143,0.254140986703,
    4.931217693382));
#13380 = DIRECTION('',(1.,-1.224646799147E-16,0.));
#13381 = DIRECTION('',(1.17889950941E-16,0.962644503077,0.27076846326));
#13382 = ORIENTED_EDGE('',*,*,#4958,.F.);
#13383 = PLANE('',#13384);
#13384 = AXIS2_PLACEMENT_3D('',#13385,#13386,#13387);
#13385 = CARTESIAN_POINT('',(15.125000857143,2.512734347539,
    4.741217693382));
#13386 = DIRECTION('',(1.,-1.224646799147E-16,0.));
#13387 = DIRECTION('',(1.499759782662E-32,1.224646799147E-16,-1.));
#13388 = ADVANCED_FACE('',(#13389),#13415,.T.);
#13389 = FACE_BOUND('',#13390,.T.);
#13390 = EDGE_LOOP('',(#13391,#13399,#13408,#13414));
#13391 = ORIENTED_EDGE('',*,*,#13392,.T.);
#13392 = EDGE_CURVE('',#1362,#13393,#13395,.T.);
#13393 = VERTEX_POINT('',#13394);
#13394 = CARTESIAN_POINT('',(15.125000857143,1.432776037158,
    4.503112717345));
#13395 = LINE('',#13396,#13397);
#13396 = CARTESIAN_POINT('',(15.125000857143,1.647734347539,
    4.944428887914));
#13397 = VECTOR('',#13398,1.);
#13398 = DIRECTION('',(-5.362734202678E-17,-0.437900479257,
    -0.89902345368));
#13399 = ORIENTED_EDGE('',*,*,#13400,.T.);
#13400 = EDGE_CURVE('',#13393,#13401,#13403,.T.);
#13401 = VERTEX_POINT('',#13402);
#13402 = CARTESIAN_POINT('',(15.125000857143,1.429594984688,
    4.467679270219));
#13403 = CIRCLE('',#13404,5.E-02);
#13404 = AXIS2_PLACEMENT_3D('',#13405,#13406,#13407);
#13405 = CARTESIAN_POINT('',(15.125000857143,1.477727209842,
    4.481217693382));
#13406 = DIRECTION('',(1.,-1.224646799147E-16,6.162975822039E-33));
#13407 = DIRECTION('',(-1.100986194907E-16,-0.89902345368,0.437900479257
    ));
#13408 = ORIENTED_EDGE('',*,*,#13409,.T.);
#13409 = EDGE_CURVE('',#13401,#1370,#13410,.T.);
#13410 = LINE('',#13411,#13412);
#13411 = CARTESIAN_POINT('',(15.125000857143,1.429594984688,
    4.467679270219));
#13412 = VECTOR('',#13413,1.);
#13413 = DIRECTION('',(3.315957318415E-17,0.27076846326,-0.962644503077)
  );
#13414 = ORIENTED_EDGE('',*,*,#1369,.T.);
#13415 = PLANE('',#13416);
#13416 = AXIS2_PLACEMENT_3D('',#13417,#13418,#13419);
#13417 = CARTESIAN_POINT('',(15.125000857143,2.512734347539,
    4.741217693382));
#13418 = DIRECTION('',(1.,-1.224646799147E-16,0.));
#13419 = DIRECTION('',(1.499759782662E-32,1.224646799147E-16,-1.));
#13420 = ADVANCED_FACE('',(#13421),#13432,.T.);
#13421 = FACE_BOUND('',#13422,.T.);
#13422 = EDGE_LOOP('',(#13423,#13424,#13430,#13431));
#13423 = ORIENTED_EDGE('',*,*,#13309,.F.);
#13424 = ORIENTED_EDGE('',*,*,#13425,.F.);
#13425 = EDGE_CURVE('',#13117,#13302,#13426,.T.);
#13426 = LINE('',#13427,#13428);
#13427 = CARTESIAN_POINT('',(14.875000857143,0.217734347539,
    -3.128782306618));
#13428 = VECTOR('',#13429,1.);
#13429 = DIRECTION('',(1.,-1.224646799147E-16,0.));
#13430 = ORIENTED_EDGE('',*,*,#13116,.T.);
#13431 = ORIENTED_EDGE('',*,*,#614,.T.);
#13432 = PLANE('',#13433);
#13433 = AXIS2_PLACEMENT_3D('',#13434,#13435,#13436);
#13434 = CARTESIAN_POINT('',(14.875000857143,0.217734347539,
    -3.128782306618));
#13435 = DIRECTION('',(1.224646799147E-16,1.,1.224646799147E-16));
#13436 = DIRECTION('',(-1.,1.224646799147E-16,0.));
#13437 = ADVANCED_FACE('',(#13438),#13449,.T.);
#13438 = FACE_BOUND('',#13439,.T.);
#13439 = EDGE_LOOP('',(#13440,#13441,#13442,#13448));
#13440 = ORIENTED_EDGE('',*,*,#13425,.T.);
#13441 = ORIENTED_EDGE('',*,*,#13301,.F.);
#13442 = ORIENTED_EDGE('',*,*,#13443,.F.);
#13443 = EDGE_CURVE('',#13125,#13294,#13444,.T.);
#13444 = LINE('',#13445,#13446);
#13445 = CARTESIAN_POINT('',(14.875000857143,6.773434753874E-02,
    -3.428782306618));
#13446 = VECTOR('',#13447,1.);
#13447 = DIRECTION('',(1.,-1.224646799147E-16,0.));
#13448 = ORIENTED_EDGE('',*,*,#13124,.T.);
#13449 = PLANE('',#13450);
#13450 = AXIS2_PLACEMENT_3D('',#13451,#13452,#13453);
#13451 = CARTESIAN_POINT('',(14.875000857143,6.773434753874E-02,
    -3.428782306618));
#13452 = DIRECTION('',(1.095357396528E-16,0.894427191,-0.4472135955));
#13453 = DIRECTION('',(-1.,1.224646799147E-16,0.));
#13454 = ADVANCED_FACE('',(#13455),#13466,.T.);
#13455 = FACE_BOUND('',#13456,.T.);
#13456 = EDGE_LOOP('',(#13457,#13458,#13459,#13465));
#13457 = ORIENTED_EDGE('',*,*,#13443,.T.);
#13458 = ORIENTED_EDGE('',*,*,#13293,.F.);
#13459 = ORIENTED_EDGE('',*,*,#13460,.F.);
#13460 = EDGE_CURVE('',#13133,#13286,#13461,.T.);
#13461 = LINE('',#13462,#13463);
#13462 = CARTESIAN_POINT('',(14.875000857143,-8.226565246126E-02,
    -3.428782306618));
#13463 = VECTOR('',#13464,1.);
#13464 = DIRECTION('',(1.,-1.224646799147E-16,0.));
#13465 = ORIENTED_EDGE('',*,*,#13132,.T.);
#13466 = PLANE('',#13467);
#13467 = AXIS2_PLACEMENT_3D('',#13468,#13469,#13470);
#13468 = CARTESIAN_POINT('',(14.875000857143,-8.226565246126E-02,
    -3.428782306618));
#13469 = DIRECTION('',(1.499759782662E-32,1.224646799147E-16,-1.));
#13470 = DIRECTION('',(-1.,1.224646799147E-16,0.));
#13471 = ADVANCED_FACE('',(#13472),#13478,.T.);
#13472 = FACE_BOUND('',#13473,.T.);
#13473 = EDGE_LOOP('',(#13474,#13475,#13476,#13477));
#13474 = ORIENTED_EDGE('',*,*,#13460,.T.);
#13475 = ORIENTED_EDGE('',*,*,#13285,.F.);
#13476 = ORIENTED_EDGE('',*,*,#13261,.F.);
#13477 = ORIENTED_EDGE('',*,*,#13140,.T.);
#13478 = PLANE('',#13479);
#13479 = AXIS2_PLACEMENT_3D('',#13480,#13481,#13482);
#13480 = CARTESIAN_POINT('',(14.875000857143,-0.232265652461,
    -3.028782306618));
#13481 = DIRECTION('',(-1.146672530258E-16,-0.936329177569,
    -0.351123441588));
#13482 = DIRECTION('',(1.,-1.224646799147E-16,0.));
#13483 = ADVANCED_FACE('',(#13484),#13495,.T.);
#13484 = FACE_BOUND('',#13485,.T.);
#13485 = EDGE_LOOP('',(#13486,#13487,#13493,#13494));
#13486 = ORIENTED_EDGE('',*,*,#13376,.F.);
#13487 = ORIENTED_EDGE('',*,*,#13488,.F.);
#13488 = EDGE_CURVE('',#13163,#13369,#13489,.T.);
#13489 = LINE('',#13490,#13491);
#13490 = CARTESIAN_POINT('',(14.875000857143,0.398537662164,
    4.971832962871));
#13491 = VECTOR('',#13492,1.);
#13492 = DIRECTION('',(1.,-1.224646799147E-16,0.));
#13493 = ORIENTED_EDGE('',*,*,#13162,.T.);
#13494 = ORIENTED_EDGE('',*,*,#4966,.T.);
#13495 = CYLINDRICAL_SURFACE('',#13496,0.15);
#13496 = AXIS2_PLACEMENT_3D('',#13497,#13498,#13499);
#13497 = CARTESIAN_POINT('',(14.875000857143,0.254140986703,
    4.931217693382));
#13498 = DIRECTION('',(-1.,1.224646799147E-16,0.));
#13499 = DIRECTION('',(1.499759782662E-32,1.224646799147E-16,-1.));
#13500 = ADVANCED_FACE('',(#13501),#13512,.T.);
#13501 = FACE_BOUND('',#13502,.T.);
#13502 = EDGE_LOOP('',(#13503,#13504,#13505,#13511));
#13503 = ORIENTED_EDGE('',*,*,#13488,.T.);
#13504 = ORIENTED_EDGE('',*,*,#13368,.F.);
#13505 = ORIENTED_EDGE('',*,*,#13506,.F.);
#13506 = EDGE_CURVE('',#13172,#13360,#13507,.T.);
#13507 = LINE('',#13508,#13509);
#13508 = CARTESIAN_POINT('',(14.875000857143,0.605859434996,
    4.234756116545));
#13509 = VECTOR('',#13510,1.);
#13510 = DIRECTION('',(1.,-1.224646799147E-16,0.));
#13511 = ORIENTED_EDGE('',*,*,#13171,.T.);
#13512 = PLANE('',#13513);
#13513 = AXIS2_PLACEMENT_3D('',#13514,#13515,#13516);
#13514 = CARTESIAN_POINT('',(14.875000857143,0.605859434996,
    4.234756116545));
#13515 = DIRECTION('',(1.17889950941E-16,0.962644503077,0.27076846326));
#13516 = DIRECTION('',(1.,-1.224646799147E-16,0.));
#13517 = ADVANCED_FACE('',(#13518),#13529,.T.);
#13518 = FACE_BOUND('',#13519,.T.);
#13519 = EDGE_LOOP('',(#13520,#13521,#13522,#13528));
#13520 = ORIENTED_EDGE('',*,*,#13506,.T.);
#13521 = ORIENTED_EDGE('',*,*,#13359,.F.);
#13522 = ORIENTED_EDGE('',*,*,#13523,.F.);
#13523 = EDGE_CURVE('',#13180,#13352,#13524,.T.);
#13524 = LINE('',#13525,#13526);
#13525 = CARTESIAN_POINT('',(14.875000857143,0.602678382526,
    4.199322669419));
#13526 = VECTOR('',#13527,1.);
#13527 = DIRECTION('',(1.,-1.224646799147E-16,0.));
#13528 = ORIENTED_EDGE('',*,*,#13179,.T.);
#13529 = CYLINDRICAL_SURFACE('',#13530,5.E-02);
#13530 = AXIS2_PLACEMENT_3D('',#13531,#13532,#13533);
#13531 = CARTESIAN_POINT('',(14.875000857143,0.557727209842,
    4.221217693382));
#13532 = DIRECTION('',(-1.,1.224646799147E-16,0.));
#13533 = DIRECTION('',(1.499759782662E-32,1.224646799147E-16,-1.));
#13534 = ADVANCED_FACE('',(#13535),#13546,.T.);
#13535 = FACE_BOUND('',#13536,.T.);
#13536 = EDGE_LOOP('',(#13537,#13538,#13539,#13545));
#13537 = ORIENTED_EDGE('',*,*,#13523,.T.);
#13538 = ORIENTED_EDGE('',*,*,#13351,.F.);
#13539 = ORIENTED_EDGE('',*,*,#13540,.F.);
#13540 = EDGE_CURVE('',#13189,#13344,#13541,.T.);
#13541 = LINE('',#13542,#13543);
#13542 = CARTESIAN_POINT('',(14.875000857143,0.447734347539,
    3.881217693382));
#13543 = VECTOR('',#13544,1.);
#13544 = DIRECTION('',(1.,-1.224646799147E-16,0.));
#13545 = ORIENTED_EDGE('',*,*,#13188,.T.);
#13546 = PLANE('',#13547);
#13547 = AXIS2_PLACEMENT_3D('',#13548,#13549,#13550);
#13548 = CARTESIAN_POINT('',(14.875000857143,0.447734347539,
    3.881217693382));
#13549 = DIRECTION('',(1.100986194907E-16,0.89902345368,-0.437900479257)
  );
#13550 = DIRECTION('',(-1.,1.224646799147E-16,0.));
#13551 = ADVANCED_FACE('',(#13552),#13563,.T.);
#13552 = FACE_BOUND('',#13553,.T.);
#13553 = EDGE_LOOP('',(#13554,#13555,#13556,#13562));
#13554 = ORIENTED_EDGE('',*,*,#13540,.T.);
#13555 = ORIENTED_EDGE('',*,*,#13343,.F.);
#13556 = ORIENTED_EDGE('',*,*,#13557,.F.);
#13557 = EDGE_CURVE('',#13197,#13336,#13558,.T.);
#13558 = LINE('',#13559,#13560);
#13559 = CARTESIAN_POINT('',(14.875000857143,0.447734347539,
    2.581217693382));
#13560 = VECTOR('',#13561,1.);
#13561 = DIRECTION('',(1.,-1.224646799147E-16,0.));
#13562 = ORIENTED_EDGE('',*,*,#13196,.T.);
#13563 = PLANE('',#13564);
#13564 = AXIS2_PLACEMENT_3D('',#13565,#13566,#13567);
#13565 = CARTESIAN_POINT('',(14.875000857143,0.447734347539,
    2.581217693382));
#13566 = DIRECTION('',(1.224646799147E-16,1.,1.224646799147E-16));
#13567 = DIRECTION('',(-1.,1.224646799147E-16,0.));
#13568 = ADVANCED_FACE('',(#13569),#13580,.T.);
#13569 = FACE_BOUND('',#13570,.T.);
#13570 = EDGE_LOOP('',(#13571,#13572,#13573,#13579));
#13571 = ORIENTED_EDGE('',*,*,#13557,.T.);
#13572 = ORIENTED_EDGE('',*,*,#13335,.F.);
#13573 = ORIENTED_EDGE('',*,*,#13574,.F.);
#13574 = EDGE_CURVE('',#13205,#13328,#13575,.T.);
#13575 = LINE('',#13576,#13577);
#13576 = CARTESIAN_POINT('',(14.875000857143,1.377734347539,
    2.581217693382));
#13577 = VECTOR('',#13578,1.);
#13578 = DIRECTION('',(1.,-1.224646799147E-16,0.));
#13579 = ORIENTED_EDGE('',*,*,#13204,.T.);
#13580 = PLANE('',#13581);
#13581 = AXIS2_PLACEMENT_3D('',#13582,#13583,#13584);
#13582 = CARTESIAN_POINT('',(14.875000857143,1.377734347539,
    2.581217693382));
#13583 = DIRECTION('',(-1.499759782662E-32,-1.224646799147E-16,1.));
#13584 = DIRECTION('',(-1.224646799147E-16,-1.,-1.224646799147E-16));
#13585 = ADVANCED_FACE('',(#13586),#13592,.T.);
#13586 = FACE_BOUND('',#13587,.T.);
#13587 = EDGE_LOOP('',(#13588,#13589,#13590,#13591));
#13588 = ORIENTED_EDGE('',*,*,#13212,.T.);
#13589 = ORIENTED_EDGE('',*,*,#13574,.T.);
#13590 = ORIENTED_EDGE('',*,*,#13327,.F.);
#13591 = ORIENTED_EDGE('',*,*,#6253,.F.);
#13592 = PLANE('',#13593);
#13593 = AXIS2_PLACEMENT_3D('',#13594,#13595,#13596);
#13594 = CARTESIAN_POINT('',(14.875000857143,1.377734347539,
    2.001217693382));
#13595 = DIRECTION('',(1.224646799147E-16,1.,1.224646799147E-16));
#13596 = DIRECTION('',(-1.,1.224646799147E-16,0.));
#13597 = ADVANCED_FACE('',(#13598),#13609,.T.);
#13598 = FACE_BOUND('',#13599,.T.);
#13599 = EDGE_LOOP('',(#13600,#13601,#13607,#13608));
#13600 = ORIENTED_EDGE('',*,*,#13409,.F.);
#13601 = ORIENTED_EDGE('',*,*,#13602,.F.);
#13602 = EDGE_CURVE('',#13230,#13401,#13603,.T.);
#13603 = LINE('',#13604,#13605);
#13604 = CARTESIAN_POINT('',(14.875000857143,1.429594984688,
    4.467679270219));
#13605 = VECTOR('',#13606,1.);
#13606 = DIRECTION('',(1.,-1.224646799147E-16,0.));
#13607 = ORIENTED_EDGE('',*,*,#13229,.T.);
#13608 = ORIENTED_EDGE('',*,*,#1377,.T.);
#13609 = PLANE('',#13610);
#13610 = AXIS2_PLACEMENT_3D('',#13611,#13612,#13613);
#13611 = CARTESIAN_POINT('',(14.875000857143,1.429594984688,
    4.467679270219));
#13612 = DIRECTION('',(-1.17889950941E-16,-0.962644503077,-0.27076846326
    ));
#13613 = DIRECTION('',(1.,-1.224646799147E-16,0.));
#13614 = ADVANCED_FACE('',(#13615),#13626,.T.);
#13615 = FACE_BOUND('',#13616,.T.);
#13616 = EDGE_LOOP('',(#13617,#13618,#13619,#13625));
#13617 = ORIENTED_EDGE('',*,*,#13602,.T.);
#13618 = ORIENTED_EDGE('',*,*,#13400,.F.);
#13619 = ORIENTED_EDGE('',*,*,#13620,.F.);
#13620 = EDGE_CURVE('',#13238,#13393,#13621,.T.);
#13621 = LINE('',#13622,#13623);
#13622 = CARTESIAN_POINT('',(14.875000857143,1.432776037158,
    4.503112717345));
#13623 = VECTOR('',#13624,1.);
#13624 = DIRECTION('',(1.,-1.224646799147E-16,0.));
#13625 = ORIENTED_EDGE('',*,*,#13237,.T.);
#13626 = CYLINDRICAL_SURFACE('',#13627,5.E-02);
#13627 = AXIS2_PLACEMENT_3D('',#13628,#13629,#13630);
#13628 = CARTESIAN_POINT('',(14.875000857143,1.477727209842,
    4.481217693382));
#13629 = DIRECTION('',(-1.,1.224646799147E-16,0.));
#13630 = DIRECTION('',(1.499759782662E-32,1.224646799147E-16,-1.));
#13631 = ADVANCED_FACE('',(#13632),#13638,.T.);
#13632 = FACE_BOUND('',#13633,.T.);
#13633 = EDGE_LOOP('',(#13634,#13635,#13636,#13637));
#13634 = ORIENTED_EDGE('',*,*,#13246,.T.);
#13635 = ORIENTED_EDGE('',*,*,#13620,.T.);
#13636 = ORIENTED_EDGE('',*,*,#13392,.F.);
#13637 = ORIENTED_EDGE('',*,*,#1359,.F.);
#13638 = PLANE('',#13639);
#13639 = AXIS2_PLACEMENT_3D('',#13640,#13641,#13642);
#13640 = CARTESIAN_POINT('',(14.875000857143,1.686983066107,
    5.025007741308));
#13641 = DIRECTION('',(-1.100986194907E-16,-0.89902345368,0.437900479257
    ));
#13642 = DIRECTION('',(5.362734202678E-17,0.437900479257,0.89902345368)
  );
#13643 = ADVANCED_FACE('',(#13644),#13685,.F.);
#13644 = FACE_BOUND('',#13645,.T.);
#13645 = EDGE_LOOP('',(#13646,#13654,#13662,#13670,#13678,#13684));
#13646 = ORIENTED_EDGE('',*,*,#13647,.F.);
#13647 = EDGE_CURVE('',#13648,#853,#13650,.T.);
#13648 = VERTEX_POINT('',#13649);
#13649 = CARTESIAN_POINT('',(16.375000857143,2.247734347539,
    -3.128782306618));
#13650 = LINE('',#13651,#13652);
#13651 = CARTESIAN_POINT('',(16.375000857143,2.247734347539,
    -3.128782306618));
#13652 = VECTOR('',#13653,1.);
#13653 = DIRECTION('',(-1.499759782662E-32,-1.224646799147E-16,1.));
#13654 = ORIENTED_EDGE('',*,*,#13655,.F.);
#13655 = EDGE_CURVE('',#13656,#13648,#13658,.T.);
#13656 = VERTEX_POINT('',#13657);
#13657 = CARTESIAN_POINT('',(16.375000857143,2.087734347539,
    -3.428782306618));
#13658 = LINE('',#13659,#13660);
#13659 = CARTESIAN_POINT('',(16.375000857143,2.087734347539,
    -3.428782306618));
#13660 = VECTOR('',#13661,1.);
#13661 = DIRECTION('',(5.763043760693E-17,0.470588235294,0.882352941176)
  );
#13662 = ORIENTED_EDGE('',*,*,#13663,.F.);
#13663 = EDGE_CURVE('',#13664,#13656,#13666,.T.);
#13664 = VERTEX_POINT('',#13665);
#13665 = CARTESIAN_POINT('',(16.375000857143,1.897734347539,
    -3.428782306618));
#13666 = LINE('',#13667,#13668);
#13667 = CARTESIAN_POINT('',(16.375000857143,1.897734347539,
    -3.428782306618));
#13668 = VECTOR('',#13669,1.);
#13669 = DIRECTION('',(1.224646799147E-16,1.,1.224646799147E-16));
#13670 = ORIENTED_EDGE('',*,*,#13671,.F.);
#13671 = EDGE_CURVE('',#13672,#13664,#13674,.T.);
#13672 = VERTEX_POINT('',#13673);
#13673 = CARTESIAN_POINT('',(16.375000857143,1.747734347539,
    -3.128782306618));
#13674 = LINE('',#13675,#13676);
#13675 = CARTESIAN_POINT('',(16.375000857143,1.747734347539,
    -3.128782306618));
#13676 = VECTOR('',#13677,1.);
#13677 = DIRECTION('',(5.476786982643E-17,0.4472135955,-0.894427191));
#13678 = ORIENTED_EDGE('',*,*,#13679,.F.);
#13679 = EDGE_CURVE('',#835,#13672,#13680,.T.);
#13680 = LINE('',#13681,#13682);
#13681 = CARTESIAN_POINT('',(16.375000857143,1.747734347539,
    -2.878230661791E-02));
#13682 = VECTOR('',#13683,1.);
#13683 = DIRECTION('',(1.499759782662E-32,1.224646799147E-16,-1.));
#13684 = ORIENTED_EDGE('',*,*,#860,.T.);
#13685 = PLANE('',#13686);
#13686 = AXIS2_PLACEMENT_3D('',#13687,#13688,#13689);
#13687 = CARTESIAN_POINT('',(16.375000857143,2.512734347539,
    4.741217693382));
#13688 = DIRECTION('',(1.,-1.224646799147E-16,0.));
#13689 = DIRECTION('',(1.499759782662E-32,1.224646799147E-16,-1.));
#13690 = ADVANCED_FACE('',(#13691),#13752,.F.);
#13691 = FACE_BOUND('',#13692,.T.);
#13692 = EDGE_LOOP('',(#13693,#13702,#13710,#13719,#13727,#13735,#13743,
    #13749,#13750,#13751));
#13693 = ORIENTED_EDGE('',*,*,#13694,.F.);
#13694 = EDGE_CURVE('',#13695,#4935,#13697,.T.);
#13695 = VERTEX_POINT('',#13696);
#13696 = CARTESIAN_POINT('',(16.375000857143,0.398537662164,
    4.971832962871));
#13697 = CIRCLE('',#13698,0.15);
#13698 = AXIS2_PLACEMENT_3D('',#13699,#13700,#13701);
#13699 = CARTESIAN_POINT('',(16.375000857143,0.254140986703,
    4.931217693382));
#13700 = DIRECTION('',(1.,-1.224646799147E-16,0.));
#13701 = DIRECTION('',(1.17889950941E-16,0.962644503077,0.27076846326));
#13702 = ORIENTED_EDGE('',*,*,#13703,.F.);
#13703 = EDGE_CURVE('',#13704,#13695,#13706,.T.);
#13704 = VERTEX_POINT('',#13705);
#13705 = CARTESIAN_POINT('',(16.375000857143,0.605859434996,
    4.234756116545));
#13706 = LINE('',#13707,#13708);
#13707 = CARTESIAN_POINT('',(16.375000857143,0.605859434996,
    4.234756116545));
#13708 = VECTOR('',#13709,1.);
#13709 = DIRECTION('',(-3.315957318415E-17,-0.27076846326,0.962644503077
    ));
#13710 = ORIENTED_EDGE('',*,*,#13711,.F.);
#13711 = EDGE_CURVE('',#13712,#13704,#13714,.T.);
#13712 = VERTEX_POINT('',#13713);
#13713 = CARTESIAN_POINT('',(16.375000857143,0.602678382526,
    4.199322669419));
#13714 = CIRCLE('',#13715,5.E-02);
#13715 = AXIS2_PLACEMENT_3D('',#13716,#13717,#13718);
#13716 = CARTESIAN_POINT('',(16.375000857143,0.557727209842,
    4.221217693382));
#13717 = DIRECTION('',(1.,-1.224646799147E-16,6.162975822039E-33));
#13718 = DIRECTION('',(1.100986194907E-16,0.89902345368,-0.437900479257)
  );
#13719 = ORIENTED_EDGE('',*,*,#13720,.F.);
#13720 = EDGE_CURVE('',#13721,#13712,#13723,.T.);
#13721 = VERTEX_POINT('',#13722);
#13722 = CARTESIAN_POINT('',(16.375000857143,0.447734347539,
    3.881217693382));
#13723 = LINE('',#13724,#13725);
#13724 = CARTESIAN_POINT('',(16.375000857143,0.447734347539,
    3.881217693382));
#13725 = VECTOR('',#13726,1.);
#13726 = DIRECTION('',(5.362734202678E-17,0.437900479257,0.89902345368)
  );
#13727 = ORIENTED_EDGE('',*,*,#13728,.F.);
#13728 = EDGE_CURVE('',#13729,#13721,#13731,.T.);
#13729 = VERTEX_POINT('',#13730);
#13730 = CARTESIAN_POINT('',(16.375000857143,0.447734347539,
    2.581217693382));
#13731 = LINE('',#13732,#13733);
#13732 = CARTESIAN_POINT('',(16.375000857143,0.447734347539,
    2.581217693382));
#13733 = VECTOR('',#13734,1.);
#13734 = DIRECTION('',(-1.499759782662E-32,-1.224646799147E-16,1.));
#13735 = ORIENTED_EDGE('',*,*,#13736,.F.);
#13736 = EDGE_CURVE('',#13737,#13729,#13739,.T.);
#13737 = VERTEX_POINT('',#13738);
#13738 = CARTESIAN_POINT('',(16.375000857143,1.377734347539,
    2.581217693382));
#13739 = LINE('',#13740,#13741);
#13740 = CARTESIAN_POINT('',(16.375000857143,1.377734347539,
    2.581217693382));
#13741 = VECTOR('',#13742,1.);
#13742 = DIRECTION('',(-1.224646799147E-16,-1.,-1.224646799147E-16));
#13743 = ORIENTED_EDGE('',*,*,#13744,.F.);
#13744 = EDGE_CURVE('',#6278,#13737,#13745,.T.);
#13745 = LINE('',#13746,#13747);
#13746 = CARTESIAN_POINT('',(16.375000857143,1.377734347539,
    2.471217693382));
#13747 = VECTOR('',#13748,1.);
#13748 = DIRECTION('',(-1.499759782662E-32,-1.224646799147E-16,1.));
#13749 = ORIENTED_EDGE('',*,*,#6277,.F.);
#13750 = ORIENTED_EDGE('',*,*,#6588,.F.);
#13751 = ORIENTED_EDGE('',*,*,#4942,.T.);
#13752 = PLANE('',#13753);
#13753 = AXIS2_PLACEMENT_3D('',#13754,#13755,#13756);
#13754 = CARTESIAN_POINT('',(16.375000857143,2.512734347539,
    4.741217693382));
#13755 = DIRECTION('',(1.,-1.224646799147E-16,0.));
#13756 = DIRECTION('',(1.499759782662E-32,1.224646799147E-16,-1.));
#13757 = ADVANCED_FACE('',(#13758),#13784,.F.);
#13758 = FACE_BOUND('',#13759,.T.);
#13759 = EDGE_LOOP('',(#13760,#13768,#13777,#13783));
#13760 = ORIENTED_EDGE('',*,*,#13761,.F.);
#13761 = EDGE_CURVE('',#13762,#1616,#13764,.T.);
#13762 = VERTEX_POINT('',#13763);
#13763 = CARTESIAN_POINT('',(16.375000857143,1.429594984688,
    4.467679270219));
#13764 = LINE('',#13765,#13766);
#13765 = CARTESIAN_POINT('',(16.375000857143,1.429594984688,
    4.467679270219));
#13766 = VECTOR('',#13767,1.);
#13767 = DIRECTION('',(3.315957318415E-17,0.27076846326,-0.962644503077)
  );
#13768 = ORIENTED_EDGE('',*,*,#13769,.F.);
#13769 = EDGE_CURVE('',#13770,#13762,#13772,.T.);
#13770 = VERTEX_POINT('',#13771);
#13771 = CARTESIAN_POINT('',(16.375000857143,1.432776037158,
    4.503112717345));
#13772 = CIRCLE('',#13773,5.E-02);
#13773 = AXIS2_PLACEMENT_3D('',#13774,#13775,#13776);
#13774 = CARTESIAN_POINT('',(16.375000857143,1.477727209842,
    4.481217693382));
#13775 = DIRECTION('',(1.,-1.224646799147E-16,6.162975822039E-33));
#13776 = DIRECTION('',(-1.100986194907E-16,-0.89902345368,0.437900479257
    ));
#13777 = ORIENTED_EDGE('',*,*,#13778,.F.);
#13778 = EDGE_CURVE('',#1598,#13770,#13779,.T.);
#13779 = LINE('',#13780,#13781);
#13780 = CARTESIAN_POINT('',(16.375000857143,1.647734347539,
    4.944428887914));
#13781 = VECTOR('',#13782,1.);
#13782 = DIRECTION('',(-5.362734202678E-17,-0.437900479257,
    -0.89902345368));
#13783 = ORIENTED_EDGE('',*,*,#1623,.F.);
#13784 = PLANE('',#13785);
#13785 = AXIS2_PLACEMENT_3D('',#13786,#13787,#13788);
#13786 = CARTESIAN_POINT('',(16.375000857143,2.512734347539,
    4.741217693382));
#13787 = DIRECTION('',(1.,-1.224646799147E-16,0.));
#13788 = DIRECTION('',(1.499759782662E-32,1.224646799147E-16,-1.));
#13789 = ADVANCED_FACE('',(#13790),#13808,.T.);
#13790 = FACE_BOUND('',#13791,.T.);
#13791 = EDGE_LOOP('',(#13792,#13793,#13801,#13807));
#13792 = ORIENTED_EDGE('',*,*,#13679,.T.);
#13793 = ORIENTED_EDGE('',*,*,#13794,.T.);
#13794 = EDGE_CURVE('',#13672,#13795,#13797,.T.);
#13795 = VERTEX_POINT('',#13796);
#13796 = CARTESIAN_POINT('',(16.625000857143,1.747734347539,
    -3.128782306618));
#13797 = LINE('',#13798,#13799);
#13798 = CARTESIAN_POINT('',(16.375000857143,1.747734347539,
    -3.128782306618));
#13799 = VECTOR('',#13800,1.);
#13800 = DIRECTION('',(1.,-1.224646799147E-16,0.));
#13801 = ORIENTED_EDGE('',*,*,#13802,.F.);
#13802 = EDGE_CURVE('',#837,#13795,#13803,.T.);
#13803 = LINE('',#13804,#13805);
#13804 = CARTESIAN_POINT('',(16.625000857143,1.747734347539,
    -2.878230661791E-02));
#13805 = VECTOR('',#13806,1.);
#13806 = DIRECTION('',(1.499759782662E-32,1.224646799147E-16,-1.));
#13807 = ORIENTED_EDGE('',*,*,#834,.F.);
#13808 = PLANE('',#13809);
#13809 = AXIS2_PLACEMENT_3D('',#13810,#13811,#13812);
#13810 = CARTESIAN_POINT('',(16.375000857143,1.747734347539,
    -1.878230661791E-02));
#13811 = DIRECTION('',(-1.224646799147E-16,-1.,-1.224646799147E-16));
#13812 = DIRECTION('',(-1.499759782662E-32,-1.224646799147E-16,1.));
#13813 = ADVANCED_FACE('',(#13814),#13848,.T.);
#13814 = FACE_BOUND('',#13815,.T.);
#13815 = EDGE_LOOP('',(#13816,#13817,#13825,#13833,#13841,#13847));
#13816 = ORIENTED_EDGE('',*,*,#13802,.T.);
#13817 = ORIENTED_EDGE('',*,*,#13818,.T.);
#13818 = EDGE_CURVE('',#13795,#13819,#13821,.T.);
#13819 = VERTEX_POINT('',#13820);
#13820 = CARTESIAN_POINT('',(16.625000857143,1.897734347539,
    -3.428782306618));
#13821 = LINE('',#13822,#13823);
#13822 = CARTESIAN_POINT('',(16.625000857143,1.747734347539,
    -3.128782306618));
#13823 = VECTOR('',#13824,1.);
#13824 = DIRECTION('',(5.476786982643E-17,0.4472135955,-0.894427191));
#13825 = ORIENTED_EDGE('',*,*,#13826,.T.);
#13826 = EDGE_CURVE('',#13819,#13827,#13829,.T.);
#13827 = VERTEX_POINT('',#13828);
#13828 = CARTESIAN_POINT('',(16.625000857143,2.087734347539,
    -3.428782306618));
#13829 = LINE('',#13830,#13831);
#13830 = CARTESIAN_POINT('',(16.625000857143,1.897734347539,
    -3.428782306618));
#13831 = VECTOR('',#13832,1.);
#13832 = DIRECTION('',(1.224646799147E-16,1.,1.224646799147E-16));
#13833 = ORIENTED_EDGE('',*,*,#13834,.T.);
#13834 = EDGE_CURVE('',#13827,#13835,#13837,.T.);
#13835 = VERTEX_POINT('',#13836);
#13836 = CARTESIAN_POINT('',(16.625000857143,2.247734347539,
    -3.128782306618));
#13837 = LINE('',#13838,#13839);
#13838 = CARTESIAN_POINT('',(16.625000857143,2.087734347539,
    -3.428782306618));
#13839 = VECTOR('',#13840,1.);
#13840 = DIRECTION('',(5.763043760693E-17,0.470588235294,0.882352941176)
  );
#13841 = ORIENTED_EDGE('',*,*,#13842,.T.);
#13842 = EDGE_CURVE('',#13835,#845,#13843,.T.);
#13843 = LINE('',#13844,#13845);
#13844 = CARTESIAN_POINT('',(16.625000857143,2.247734347539,
    -3.128782306618));
#13845 = VECTOR('',#13846,1.);
#13846 = DIRECTION('',(-1.499759782662E-32,-1.224646799147E-16,1.));
#13847 = ORIENTED_EDGE('',*,*,#844,.F.);
#13848 = PLANE('',#13849);
#13849 = AXIS2_PLACEMENT_3D('',#13850,#13851,#13852);
#13850 = CARTESIAN_POINT('',(16.625000857143,2.512734347539,
    4.741217693382));
#13851 = DIRECTION('',(1.,-1.224646799147E-16,0.));
#13852 = DIRECTION('',(1.499759782662E-32,1.224646799147E-16,-1.));
#13853 = ADVANCED_FACE('',(#13854),#13915,.T.);
#13854 = FACE_BOUND('',#13855,.T.);
#13855 = EDGE_LOOP('',(#13856,#13857,#13858,#13866,#13874,#13882,#13890,
    #13899,#13907,#13914));
#13856 = ORIENTED_EDGE('',*,*,#6610,.T.);
#13857 = ORIENTED_EDGE('',*,*,#6293,.T.);
#13858 = ORIENTED_EDGE('',*,*,#13859,.T.);
#13859 = EDGE_CURVE('',#6286,#13860,#13862,.T.);
#13860 = VERTEX_POINT('',#13861);
#13861 = CARTESIAN_POINT('',(16.625000857143,1.377734347539,
    2.581217693382));
#13862 = LINE('',#13863,#13864);
#13863 = CARTESIAN_POINT('',(16.625000857143,1.377734347539,
    2.471217693382));
#13864 = VECTOR('',#13865,1.);
#13865 = DIRECTION('',(-1.499759782662E-32,-1.224646799147E-16,1.));
#13866 = ORIENTED_EDGE('',*,*,#13867,.T.);
#13867 = EDGE_CURVE('',#13860,#13868,#13870,.T.);
#13868 = VERTEX_POINT('',#13869);
#13869 = CARTESIAN_POINT('',(16.625000857143,0.447734347539,
    2.581217693382));
#13870 = LINE('',#13871,#13872);
#13871 = CARTESIAN_POINT('',(16.625000857143,1.377734347539,
    2.581217693382));
#13872 = VECTOR('',#13873,1.);
#13873 = DIRECTION('',(-1.224646799147E-16,-1.,-1.224646799147E-16));
#13874 = ORIENTED_EDGE('',*,*,#13875,.T.);
#13875 = EDGE_CURVE('',#13868,#13876,#13878,.T.);
#13876 = VERTEX_POINT('',#13877);
#13877 = CARTESIAN_POINT('',(16.625000857143,0.447734347539,
    3.881217693382));
#13878 = LINE('',#13879,#13880);
#13879 = CARTESIAN_POINT('',(16.625000857143,0.447734347539,
    2.581217693382));
#13880 = VECTOR('',#13881,1.);
#13881 = DIRECTION('',(-1.499759782662E-32,-1.224646799147E-16,1.));
#13882 = ORIENTED_EDGE('',*,*,#13883,.T.);
#13883 = EDGE_CURVE('',#13876,#13884,#13886,.T.);
#13884 = VERTEX_POINT('',#13885);
#13885 = CARTESIAN_POINT('',(16.625000857143,0.602678382526,
    4.199322669419));
#13886 = LINE('',#13887,#13888);
#13887 = CARTESIAN_POINT('',(16.625000857143,0.447734347539,
    3.881217693382));
#13888 = VECTOR('',#13889,1.);
#13889 = DIRECTION('',(5.362734202678E-17,0.437900479257,0.89902345368)
  );
#13890 = ORIENTED_EDGE('',*,*,#13891,.T.);
#13891 = EDGE_CURVE('',#13884,#13892,#13894,.T.);
#13892 = VERTEX_POINT('',#13893);
#13893 = CARTESIAN_POINT('',(16.625000857143,0.605859434996,
    4.234756116545));
#13894 = CIRCLE('',#13895,5.E-02);
#13895 = AXIS2_PLACEMENT_3D('',#13896,#13897,#13898);
#13896 = CARTESIAN_POINT('',(16.625000857143,0.557727209842,
    4.221217693382));
#13897 = DIRECTION('',(1.,-1.224646799147E-16,6.162975822039E-33));
#13898 = DIRECTION('',(1.100986194907E-16,0.89902345368,-0.437900479257)
  );
#13899 = ORIENTED_EDGE('',*,*,#13900,.T.);
#13900 = EDGE_CURVE('',#13892,#13901,#13903,.T.);
#13901 = VERTEX_POINT('',#13902);
#13902 = CARTESIAN_POINT('',(16.625000857143,0.398537662164,
    4.971832962871));
#13903 = LINE('',#13904,#13905);
#13904 = CARTESIAN_POINT('',(16.625000857143,0.605859434996,
    4.234756116545));
#13905 = VECTOR('',#13906,1.);
#13906 = DIRECTION('',(-3.315957318415E-17,-0.27076846326,0.962644503077
    ));
#13907 = ORIENTED_EDGE('',*,*,#13908,.T.);
#13908 = EDGE_CURVE('',#13901,#4927,#13909,.T.);
#13909 = CIRCLE('',#13910,0.15);
#13910 = AXIS2_PLACEMENT_3D('',#13911,#13912,#13913);
#13911 = CARTESIAN_POINT('',(16.625000857143,0.254140986703,
    4.931217693382));
#13912 = DIRECTION('',(1.,-1.224646799147E-16,0.));
#13913 = DIRECTION('',(1.17889950941E-16,0.962644503077,0.27076846326));
#13914 = ORIENTED_EDGE('',*,*,#4926,.F.);
#13915 = PLANE('',#13916);
#13916 = AXIS2_PLACEMENT_3D('',#13917,#13918,#13919);
#13917 = CARTESIAN_POINT('',(16.625000857143,2.512734347539,
    4.741217693382));
#13918 = DIRECTION('',(1.,-1.224646799147E-16,0.));
#13919 = DIRECTION('',(1.499759782662E-32,1.224646799147E-16,-1.));
#13920 = ADVANCED_FACE('',(#13921),#13947,.T.);
#13921 = FACE_BOUND('',#13922,.T.);
#13922 = EDGE_LOOP('',(#13923,#13931,#13940,#13946));
#13923 = ORIENTED_EDGE('',*,*,#13924,.T.);
#13924 = EDGE_CURVE('',#1600,#13925,#13927,.T.);
#13925 = VERTEX_POINT('',#13926);
#13926 = CARTESIAN_POINT('',(16.625000857143,1.432776037158,
    4.503112717345));
#13927 = LINE('',#13928,#13929);
#13928 = CARTESIAN_POINT('',(16.625000857143,1.647734347539,
    4.944428887914));
#13929 = VECTOR('',#13930,1.);
#13930 = DIRECTION('',(-5.362734202678E-17,-0.437900479257,
    -0.89902345368));
#13931 = ORIENTED_EDGE('',*,*,#13932,.T.);
#13932 = EDGE_CURVE('',#13925,#13933,#13935,.T.);
#13933 = VERTEX_POINT('',#13934);
#13934 = CARTESIAN_POINT('',(16.625000857143,1.429594984688,
    4.467679270219));
#13935 = CIRCLE('',#13936,5.E-02);
#13936 = AXIS2_PLACEMENT_3D('',#13937,#13938,#13939);
#13937 = CARTESIAN_POINT('',(16.625000857143,1.477727209842,
    4.481217693382));
#13938 = DIRECTION('',(1.,-1.224646799147E-16,6.162975822039E-33));
#13939 = DIRECTION('',(-1.100986194907E-16,-0.89902345368,0.437900479257
    ));
#13940 = ORIENTED_EDGE('',*,*,#13941,.T.);
#13941 = EDGE_CURVE('',#13933,#1608,#13942,.T.);
#13942 = LINE('',#13943,#13944);
#13943 = CARTESIAN_POINT('',(16.625000857143,1.429594984688,
    4.467679270219));
#13944 = VECTOR('',#13945,1.);
#13945 = DIRECTION('',(3.315957318415E-17,0.27076846326,-0.962644503077)
  );
#13946 = ORIENTED_EDGE('',*,*,#1607,.T.);
#13947 = PLANE('',#13948);
#13948 = AXIS2_PLACEMENT_3D('',#13949,#13950,#13951);
#13949 = CARTESIAN_POINT('',(16.625000857143,2.512734347539,
    4.741217693382));
#13950 = DIRECTION('',(1.,-1.224646799147E-16,0.));
#13951 = DIRECTION('',(1.499759782662E-32,1.224646799147E-16,-1.));
#13952 = ADVANCED_FACE('',(#13953),#13964,.T.);
#13953 = FACE_BOUND('',#13954,.T.);
#13954 = EDGE_LOOP('',(#13955,#13956,#13962,#13963));
#13955 = ORIENTED_EDGE('',*,*,#13842,.F.);
#13956 = ORIENTED_EDGE('',*,*,#13957,.F.);
#13957 = EDGE_CURVE('',#13648,#13835,#13958,.T.);
#13958 = LINE('',#13959,#13960);
#13959 = CARTESIAN_POINT('',(16.375000857143,2.247734347539,
    -3.128782306618));
#13960 = VECTOR('',#13961,1.);
#13961 = DIRECTION('',(1.,-1.224646799147E-16,0.));
#13962 = ORIENTED_EDGE('',*,*,#13647,.T.);
#13963 = ORIENTED_EDGE('',*,*,#852,.T.);
#13964 = PLANE('',#13965);
#13965 = AXIS2_PLACEMENT_3D('',#13966,#13967,#13968);
#13966 = CARTESIAN_POINT('',(16.375000857143,2.247734347539,
    -3.128782306618));
#13967 = DIRECTION('',(1.224646799147E-16,1.,1.224646799147E-16));
#13968 = DIRECTION('',(-1.,1.224646799147E-16,0.));
#13969 = ADVANCED_FACE('',(#13970),#13981,.T.);
#13970 = FACE_BOUND('',#13971,.T.);
#13971 = EDGE_LOOP('',(#13972,#13973,#13974,#13980));
#13972 = ORIENTED_EDGE('',*,*,#13957,.T.);
#13973 = ORIENTED_EDGE('',*,*,#13834,.F.);
#13974 = ORIENTED_EDGE('',*,*,#13975,.F.);
#13975 = EDGE_CURVE('',#13656,#13827,#13976,.T.);
#13976 = LINE('',#13977,#13978);
#13977 = CARTESIAN_POINT('',(16.375000857143,2.087734347539,
    -3.428782306618));
#13978 = VECTOR('',#13979,1.);
#13979 = DIRECTION('',(1.,-1.224646799147E-16,0.));
#13980 = ORIENTED_EDGE('',*,*,#13655,.T.);
#13981 = PLANE('',#13982);
#13982 = AXIS2_PLACEMENT_3D('',#13983,#13984,#13985);
#13983 = CARTESIAN_POINT('',(16.375000857143,2.087734347539,
    -3.428782306618));
#13984 = DIRECTION('',(1.08057070513E-16,0.882352941176,-0.470588235294)
  );
#13985 = DIRECTION('',(-1.,1.224646799147E-16,0.));
#13986 = ADVANCED_FACE('',(#13987),#13998,.T.);
#13987 = FACE_BOUND('',#13988,.T.);
#13988 = EDGE_LOOP('',(#13989,#13990,#13991,#13997));
#13989 = ORIENTED_EDGE('',*,*,#13975,.T.);
#13990 = ORIENTED_EDGE('',*,*,#13826,.F.);
#13991 = ORIENTED_EDGE('',*,*,#13992,.F.);
#13992 = EDGE_CURVE('',#13664,#13819,#13993,.T.);
#13993 = LINE('',#13994,#13995);
#13994 = CARTESIAN_POINT('',(16.375000857143,1.897734347539,
    -3.428782306618));
#13995 = VECTOR('',#13996,1.);
#13996 = DIRECTION('',(1.,-1.224646799147E-16,0.));
#13997 = ORIENTED_EDGE('',*,*,#13663,.T.);
#13998 = PLANE('',#13999);
#13999 = AXIS2_PLACEMENT_3D('',#14000,#14001,#14002);
#14000 = CARTESIAN_POINT('',(16.375000857143,1.897734347539,
    -3.428782306618));
#14001 = DIRECTION('',(1.499759782662E-32,1.224646799147E-16,-1.));
#14002 = DIRECTION('',(-1.,1.224646799147E-16,0.));
#14003 = ADVANCED_FACE('',(#14004),#14010,.T.);
#14004 = FACE_BOUND('',#14005,.T.);
#14005 = EDGE_LOOP('',(#14006,#14007,#14008,#14009));
#14006 = ORIENTED_EDGE('',*,*,#13992,.T.);
#14007 = ORIENTED_EDGE('',*,*,#13818,.F.);
#14008 = ORIENTED_EDGE('',*,*,#13794,.F.);
#14009 = ORIENTED_EDGE('',*,*,#13671,.T.);
#14010 = PLANE('',#14011);
#14011 = AXIS2_PLACEMENT_3D('',#14012,#14013,#14014);
#14012 = CARTESIAN_POINT('',(16.375000857143,1.747734347539,
    -3.128782306618));
#14013 = DIRECTION('',(-1.095357396528E-16,-0.894427191,-0.4472135955));
#14014 = DIRECTION('',(1.,-1.224646799147E-16,0.));
#14015 = ADVANCED_FACE('',(#14016),#14027,.T.);
#14016 = FACE_BOUND('',#14017,.T.);
#14017 = EDGE_LOOP('',(#14018,#14019,#14025,#14026));
#14018 = ORIENTED_EDGE('',*,*,#13908,.F.);
#14019 = ORIENTED_EDGE('',*,*,#14020,.F.);
#14020 = EDGE_CURVE('',#13695,#13901,#14021,.T.);
#14021 = LINE('',#14022,#14023);
#14022 = CARTESIAN_POINT('',(16.375000857143,0.398537662164,
    4.971832962871));
#14023 = VECTOR('',#14024,1.);
#14024 = DIRECTION('',(1.,-1.224646799147E-16,0.));
#14025 = ORIENTED_EDGE('',*,*,#13694,.T.);
#14026 = ORIENTED_EDGE('',*,*,#4934,.T.);
#14027 = CYLINDRICAL_SURFACE('',#14028,0.15);
#14028 = AXIS2_PLACEMENT_3D('',#14029,#14030,#14031);
#14029 = CARTESIAN_POINT('',(16.375000857143,0.254140986703,
    4.931217693382));
#14030 = DIRECTION('',(-1.,1.224646799147E-16,0.));
#14031 = DIRECTION('',(1.499759782662E-32,1.224646799147E-16,-1.));
#14032 = ADVANCED_FACE('',(#14033),#14044,.T.);
#14033 = FACE_BOUND('',#14034,.T.);
#14034 = EDGE_LOOP('',(#14035,#14036,#14037,#14043));
#14035 = ORIENTED_EDGE('',*,*,#14020,.T.);
#14036 = ORIENTED_EDGE('',*,*,#13900,.F.);
#14037 = ORIENTED_EDGE('',*,*,#14038,.F.);
#14038 = EDGE_CURVE('',#13704,#13892,#14039,.T.);
#14039 = LINE('',#14040,#14041);
#14040 = CARTESIAN_POINT('',(16.375000857143,0.605859434996,
    4.234756116545));
#14041 = VECTOR('',#14042,1.);
#14042 = DIRECTION('',(1.,-1.224646799147E-16,0.));
#14043 = ORIENTED_EDGE('',*,*,#13703,.T.);
#14044 = PLANE('',#14045);
#14045 = AXIS2_PLACEMENT_3D('',#14046,#14047,#14048);
#14046 = CARTESIAN_POINT('',(16.375000857143,0.605859434996,
    4.234756116545));
#14047 = DIRECTION('',(1.17889950941E-16,0.962644503077,0.27076846326));
#14048 = DIRECTION('',(1.,-1.224646799147E-16,0.));
#14049 = ADVANCED_FACE('',(#14050),#14061,.T.);
#14050 = FACE_BOUND('',#14051,.T.);
#14051 = EDGE_LOOP('',(#14052,#14053,#14054,#14060));
#14052 = ORIENTED_EDGE('',*,*,#14038,.T.);
#14053 = ORIENTED_EDGE('',*,*,#13891,.F.);
#14054 = ORIENTED_EDGE('',*,*,#14055,.F.);
#14055 = EDGE_CURVE('',#13712,#13884,#14056,.T.);
#14056 = LINE('',#14057,#14058);
#14057 = CARTESIAN_POINT('',(16.375000857143,0.602678382526,
    4.199322669419));
#14058 = VECTOR('',#14059,1.);
#14059 = DIRECTION('',(1.,-1.224646799147E-16,0.));
#14060 = ORIENTED_EDGE('',*,*,#13711,.T.);
#14061 = CYLINDRICAL_SURFACE('',#14062,5.E-02);
#14062 = AXIS2_PLACEMENT_3D('',#14063,#14064,#14065);
#14063 = CARTESIAN_POINT('',(16.375000857143,0.557727209842,
    4.221217693382));
#14064 = DIRECTION('',(-1.,1.224646799147E-16,0.));
#14065 = DIRECTION('',(1.499759782662E-32,1.224646799147E-16,-1.));
#14066 = ADVANCED_FACE('',(#14067),#14078,.T.);
#14067 = FACE_BOUND('',#14068,.T.);
#14068 = EDGE_LOOP('',(#14069,#14070,#14071,#14077));
#14069 = ORIENTED_EDGE('',*,*,#14055,.T.);
#14070 = ORIENTED_EDGE('',*,*,#13883,.F.);
#14071 = ORIENTED_EDGE('',*,*,#14072,.F.);
#14072 = EDGE_CURVE('',#13721,#13876,#14073,.T.);
#14073 = LINE('',#14074,#14075);
#14074 = CARTESIAN_POINT('',(16.375000857143,0.447734347539,
    3.881217693382));
#14075 = VECTOR('',#14076,1.);
#14076 = DIRECTION('',(1.,-1.224646799147E-16,0.));
#14077 = ORIENTED_EDGE('',*,*,#13720,.T.);
#14078 = PLANE('',#14079);
#14079 = AXIS2_PLACEMENT_3D('',#14080,#14081,#14082);
#14080 = CARTESIAN_POINT('',(16.375000857143,0.447734347539,
    3.881217693382));
#14081 = DIRECTION('',(1.100986194907E-16,0.89902345368,-0.437900479257)
  );
#14082 = DIRECTION('',(-1.,1.224646799147E-16,0.));
#14083 = ADVANCED_FACE('',(#14084),#14095,.T.);
#14084 = FACE_BOUND('',#14085,.T.);
#14085 = EDGE_LOOP('',(#14086,#14087,#14088,#14094));
#14086 = ORIENTED_EDGE('',*,*,#14072,.T.);
#14087 = ORIENTED_EDGE('',*,*,#13875,.F.);
#14088 = ORIENTED_EDGE('',*,*,#14089,.F.);
#14089 = EDGE_CURVE('',#13729,#13868,#14090,.T.);
#14090 = LINE('',#14091,#14092);
#14091 = CARTESIAN_POINT('',(16.375000857143,0.447734347539,
    2.581217693382));
#14092 = VECTOR('',#14093,1.);
#14093 = DIRECTION('',(1.,-1.224646799147E-16,0.));
#14094 = ORIENTED_EDGE('',*,*,#13728,.T.);
#14095 = PLANE('',#14096);
#14096 = AXIS2_PLACEMENT_3D('',#14097,#14098,#14099);
#14097 = CARTESIAN_POINT('',(16.375000857143,0.447734347539,
    2.581217693382));
#14098 = DIRECTION('',(1.224646799147E-16,1.,1.224646799147E-16));
#14099 = DIRECTION('',(-1.,1.224646799147E-16,0.));
#14100 = ADVANCED_FACE('',(#14101),#14112,.T.);
#14101 = FACE_BOUND('',#14102,.T.);
#14102 = EDGE_LOOP('',(#14103,#14104,#14105,#14111));
#14103 = ORIENTED_EDGE('',*,*,#14089,.T.);
#14104 = ORIENTED_EDGE('',*,*,#13867,.F.);
#14105 = ORIENTED_EDGE('',*,*,#14106,.F.);
#14106 = EDGE_CURVE('',#13737,#13860,#14107,.T.);
#14107 = LINE('',#14108,#14109);
#14108 = CARTESIAN_POINT('',(16.375000857143,1.377734347539,
    2.581217693382));
#14109 = VECTOR('',#14110,1.);
#14110 = DIRECTION('',(1.,-1.224646799147E-16,0.));
#14111 = ORIENTED_EDGE('',*,*,#13736,.T.);
#14112 = PLANE('',#14113);
#14113 = AXIS2_PLACEMENT_3D('',#14114,#14115,#14116);
#14114 = CARTESIAN_POINT('',(16.375000857143,1.377734347539,
    2.581217693382));
#14115 = DIRECTION('',(-1.499759782662E-32,-1.224646799147E-16,1.));
#14116 = DIRECTION('',(-1.224646799147E-16,-1.,-1.224646799147E-16));
#14117 = ADVANCED_FACE('',(#14118),#14124,.T.);
#14118 = FACE_BOUND('',#14119,.T.);
#14119 = EDGE_LOOP('',(#14120,#14121,#14122,#14123));
#14120 = ORIENTED_EDGE('',*,*,#13744,.T.);
#14121 = ORIENTED_EDGE('',*,*,#14106,.T.);
#14122 = ORIENTED_EDGE('',*,*,#13859,.F.);
#14123 = ORIENTED_EDGE('',*,*,#6285,.F.);
#14124 = PLANE('',#14125);
#14125 = AXIS2_PLACEMENT_3D('',#14126,#14127,#14128);
#14126 = CARTESIAN_POINT('',(16.375000857143,1.377734347539,
    2.001217693382));
#14127 = DIRECTION('',(1.224646799147E-16,1.,1.224646799147E-16));
#14128 = DIRECTION('',(-1.,1.224646799147E-16,0.));
#14129 = ADVANCED_FACE('',(#14130),#14141,.T.);
#14130 = FACE_BOUND('',#14131,.T.);
#14131 = EDGE_LOOP('',(#14132,#14133,#14139,#14140));
#14132 = ORIENTED_EDGE('',*,*,#13941,.F.);
#14133 = ORIENTED_EDGE('',*,*,#14134,.F.);
#14134 = EDGE_CURVE('',#13762,#13933,#14135,.T.);
#14135 = LINE('',#14136,#14137);
#14136 = CARTESIAN_POINT('',(16.375000857143,1.429594984688,
    4.467679270219));
#14137 = VECTOR('',#14138,1.);
#14138 = DIRECTION('',(1.,-1.224646799147E-16,0.));
#14139 = ORIENTED_EDGE('',*,*,#13761,.T.);
#14140 = ORIENTED_EDGE('',*,*,#1615,.T.);
#14141 = PLANE('',#14142);
#14142 = AXIS2_PLACEMENT_3D('',#14143,#14144,#14145);
#14143 = CARTESIAN_POINT('',(16.375000857143,1.429594984688,
    4.467679270219));
#14144 = DIRECTION('',(-1.17889950941E-16,-0.962644503077,-0.27076846326
    ));
#14145 = DIRECTION('',(1.,-1.224646799147E-16,0.));
#14146 = ADVANCED_FACE('',(#14147),#14158,.T.);
#14147 = FACE_BOUND('',#14148,.T.);
#14148 = EDGE_LOOP('',(#14149,#14150,#14151,#14157));
#14149 = ORIENTED_EDGE('',*,*,#14134,.T.);
#14150 = ORIENTED_EDGE('',*,*,#13932,.F.);
#14151 = ORIENTED_EDGE('',*,*,#14152,.F.);
#14152 = EDGE_CURVE('',#13770,#13925,#14153,.T.);
#14153 = LINE('',#14154,#14155);
#14154 = CARTESIAN_POINT('',(16.375000857143,1.432776037158,
    4.503112717345));
#14155 = VECTOR('',#14156,1.);
#14156 = DIRECTION('',(1.,-1.224646799147E-16,0.));
#14157 = ORIENTED_EDGE('',*,*,#13769,.T.);
#14158 = CYLINDRICAL_SURFACE('',#14159,5.E-02);
#14159 = AXIS2_PLACEMENT_3D('',#14160,#14161,#14162);
#14160 = CARTESIAN_POINT('',(16.375000857143,1.477727209842,
    4.481217693382));
#14161 = DIRECTION('',(-1.,1.224646799147E-16,0.));
#14162 = DIRECTION('',(1.499759782662E-32,1.224646799147E-16,-1.));
#14163 = ADVANCED_FACE('',(#14164),#14170,.T.);
#14164 = FACE_BOUND('',#14165,.T.);
#14165 = EDGE_LOOP('',(#14166,#14167,#14168,#14169));
#14166 = ORIENTED_EDGE('',*,*,#13778,.T.);
#14167 = ORIENTED_EDGE('',*,*,#14152,.T.);
#14168 = ORIENTED_EDGE('',*,*,#13924,.F.);
#14169 = ORIENTED_EDGE('',*,*,#1597,.F.);
#14170 = PLANE('',#14171);
#14171 = AXIS2_PLACEMENT_3D('',#14172,#14173,#14174);
#14172 = CARTESIAN_POINT('',(16.375000857143,1.686983066107,
    5.025007741308));
#14173 = DIRECTION('',(-1.100986194907E-16,-0.89902345368,0.437900479257
    ));
#14174 = DIRECTION('',(5.362734202678E-17,0.437900479257,0.89902345368)
  );
#14175 = ADVANCED_FACE('',(#14176),#14187,.T.);
#14176 = FACE_BOUND('',#14177,.T.);
#14177 = EDGE_LOOP('',(#14178,#14179,#14185,#14186));
#14178 = ORIENTED_EDGE('',*,*,#5735,.F.);
#14179 = ORIENTED_EDGE('',*,*,#14180,.F.);
#14180 = EDGE_CURVE('',#5414,#5728,#14181,.T.);
#14181 = LINE('',#14182,#14183);
#14182 = CARTESIAN_POINT('',(19.375000857143,2.247734347539,
    -3.128782306618));
#14183 = VECTOR('',#14184,1.);
#14184 = DIRECTION('',(1.,-1.224646799147E-16,0.));
#14185 = ORIENTED_EDGE('',*,*,#5413,.T.);
#14186 = ORIENTED_EDGE('',*,*,#886,.T.);
#14187 = PLANE('',#14188);
#14188 = AXIS2_PLACEMENT_3D('',#14189,#14190,#14191);
#14189 = CARTESIAN_POINT('',(19.375000857143,2.247734347539,
    -3.128782306618));
#14190 = DIRECTION('',(1.224646799147E-16,1.,1.224646799147E-16));
#14191 = DIRECTION('',(-1.,1.224646799147E-16,0.));
#14192 = ADVANCED_FACE('',(#14193),#14204,.T.);
#14193 = FACE_BOUND('',#14194,.T.);
#14194 = EDGE_LOOP('',(#14195,#14196,#14197,#14203));
#14195 = ORIENTED_EDGE('',*,*,#14180,.T.);
#14196 = ORIENTED_EDGE('',*,*,#5727,.F.);
#14197 = ORIENTED_EDGE('',*,*,#14198,.F.);
#14198 = EDGE_CURVE('',#5422,#5720,#14199,.T.);
#14199 = LINE('',#14200,#14201);
#14200 = CARTESIAN_POINT('',(19.375000857143,2.087734347539,
    -3.428782306618));
#14201 = VECTOR('',#14202,1.);
#14202 = DIRECTION('',(1.,-1.224646799147E-16,0.));
#14203 = ORIENTED_EDGE('',*,*,#5421,.T.);
#14204 = PLANE('',#14205);
#14205 = AXIS2_PLACEMENT_3D('',#14206,#14207,#14208);
#14206 = CARTESIAN_POINT('',(19.375000857143,2.087734347539,
    -3.428782306618));
#14207 = DIRECTION('',(1.08057070513E-16,0.882352941176,-0.470588235294)
  );
#14208 = DIRECTION('',(-1.,1.224646799147E-16,0.));
#14209 = ADVANCED_FACE('',(#14210),#14221,.T.);
#14210 = FACE_BOUND('',#14211,.T.);
#14211 = EDGE_LOOP('',(#14212,#14213,#14214,#14220));
#14212 = ORIENTED_EDGE('',*,*,#14198,.T.);
#14213 = ORIENTED_EDGE('',*,*,#5719,.F.);
#14214 = ORIENTED_EDGE('',*,*,#14215,.F.);
#14215 = EDGE_CURVE('',#5430,#5712,#14216,.T.);
#14216 = LINE('',#14217,#14218);
#14217 = CARTESIAN_POINT('',(19.375000857143,1.897734347539,
    -3.428782306618));
#14218 = VECTOR('',#14219,1.);
#14219 = DIRECTION('',(1.,-1.224646799147E-16,0.));
#14220 = ORIENTED_EDGE('',*,*,#5429,.T.);
#14221 = PLANE('',#14222);
#14222 = AXIS2_PLACEMENT_3D('',#14223,#14224,#14225);
#14223 = CARTESIAN_POINT('',(19.375000857143,1.897734347539,
    -3.428782306618));
#14224 = DIRECTION('',(1.499759782662E-32,1.224646799147E-16,-1.));
#14225 = DIRECTION('',(-1.,1.224646799147E-16,0.));
#14226 = ADVANCED_FACE('',(#14227),#14233,.T.);
#14227 = FACE_BOUND('',#14228,.T.);
#14228 = EDGE_LOOP('',(#14229,#14230,#14231,#14232));
#14229 = ORIENTED_EDGE('',*,*,#14215,.T.);
#14230 = ORIENTED_EDGE('',*,*,#5711,.F.);
#14231 = ORIENTED_EDGE('',*,*,#5574,.F.);
#14232 = ORIENTED_EDGE('',*,*,#5437,.T.);
#14233 = PLANE('',#14234);
#14234 = AXIS2_PLACEMENT_3D('',#14235,#14236,#14237);
#14235 = CARTESIAN_POINT('',(19.375000857143,1.747734347539,
    -3.128782306618));
#14236 = DIRECTION('',(-1.095357396528E-16,-0.894427191,-0.4472135955));
#14237 = DIRECTION('',(1.,-1.224646799147E-16,0.));
#14238 = ADVANCED_FACE('',(#14239),#14257,.F.);
#14239 = FACE_BOUND('',#14240,.T.);
#14240 = EDGE_LOOP('',(#14241,#14249,#14250,#14251));
#14241 = ORIENTED_EDGE('',*,*,#14242,.F.);
#14242 = EDGE_CURVE('',#2244,#14243,#14245,.T.);
#14243 = VERTEX_POINT('',#14244);
#14244 = CARTESIAN_POINT('',(20.950000857143,1.947734347539,
    7.021217693382));
#14245 = LINE('',#14246,#14247);
#14246 = CARTESIAN_POINT('',(20.950000857143,3.407734347539,
    7.021217693382));
#14247 = VECTOR('',#14248,1.);
#14248 = DIRECTION('',(-1.224646799147E-16,-1.,-1.224646799147E-16));
#14249 = ORIENTED_EDGE('',*,*,#2243,.F.);
#14250 = ORIENTED_EDGE('',*,*,#2141,.T.);
#14251 = ORIENTED_EDGE('',*,*,#14252,.T.);
#14252 = EDGE_CURVE('',#2134,#14243,#14253,.T.);
#14253 = LINE('',#14254,#14255);
#14254 = CARTESIAN_POINT('',(20.950000857143,1.947734347539,
    1.721217693382));
#14255 = VECTOR('',#14256,1.);
#14256 = DIRECTION('',(-1.499759782662E-32,-1.224646799147E-16,1.));
#14257 = PLANE('',#14258);
#14258 = AXIS2_PLACEMENT_3D('',#14259,#14260,#14261);
#14259 = CARTESIAN_POINT('',(20.950000857143,2.512734347539,
    4.741217693382));
#14260 = DIRECTION('',(1.,-1.224646799147E-16,0.));
#14261 = DIRECTION('',(1.499759782662E-32,1.224646799147E-16,-1.));
#14262 = ADVANCED_FACE('',(#14263),#14321,.F.);
#14263 = FACE_BOUND('',#14264,.T.);
#14264 = EDGE_LOOP('',(#14265,#14266,#14267,#14275,#14283,#14291,#14299,
    #14307,#14315));
#14265 = ORIENTED_EDGE('',*,*,#2109,.T.);
#14266 = ORIENTED_EDGE('',*,*,#5367,.F.);
#14267 = ORIENTED_EDGE('',*,*,#14268,.F.);
#14268 = EDGE_CURVE('',#14269,#5360,#14271,.T.);
#14269 = VERTEX_POINT('',#14270);
#14270 = CARTESIAN_POINT('',(20.950000857143,0.187734347539,
    7.821217693382));
#14271 = LINE('',#14272,#14273);
#14272 = CARTESIAN_POINT('',(20.950000857143,0.187734347539,
    7.821217693382));
#14273 = VECTOR('',#14274,1.);
#14274 = DIRECTION('',(-1.247414406385E-14,0.707106781187,
    -0.707106781187));
#14275 = ORIENTED_EDGE('',*,*,#14276,.F.);
#14276 = EDGE_CURVE('',#14277,#14269,#14279,.T.);
#14277 = VERTEX_POINT('',#14278);
#14278 = CARTESIAN_POINT('',(20.950000857143,0.836312991302,
    7.821217693382));
#14279 = LINE('',#14280,#14281);
#14280 = CARTESIAN_POINT('',(20.950000857143,0.836312991302,
    7.821217693382));
#14281 = VECTOR('',#14282,1.);
#14282 = DIRECTION('',(-1.224646799147E-16,-1.,-1.224646799147E-16));
#14283 = ORIENTED_EDGE('',*,*,#14284,.F.);
#14284 = EDGE_CURVE('',#14285,#14277,#14287,.T.);
#14285 = VERTEX_POINT('',#14286);
#14286 = CARTESIAN_POINT('',(20.950000857143,0.977734347539,
    7.679796337145));
#14287 = LINE('',#14288,#14289);
#14288 = CARTESIAN_POINT('',(20.950000857143,0.977734347539,
    7.679796337145));
#14289 = VECTOR('',#14290,1.);
#14290 = DIRECTION('',(-8.659560562355E-17,-0.707106781187,
    0.707106781187));
#14291 = ORIENTED_EDGE('',*,*,#14292,.F.);
#14292 = EDGE_CURVE('',#14293,#14285,#14295,.T.);
#14293 = VERTEX_POINT('',#14294);
#14294 = CARTESIAN_POINT('',(20.950000857143,0.977734347539,
    7.279796337145));
#14295 = LINE('',#14296,#14297);
#14296 = CARTESIAN_POINT('',(20.950000857143,0.977734347539,
    7.279796337145));
#14297 = VECTOR('',#14298,1.);
#14298 = DIRECTION('',(-1.499759782662E-32,-1.224646799147E-16,1.));
#14299 = ORIENTED_EDGE('',*,*,#14300,.F.);
#14300 = EDGE_CURVE('',#14301,#14293,#14303,.T.);
#14301 = VERTEX_POINT('',#14302);
#14302 = CARTESIAN_POINT('',(20.950000857143,1.236312991302,
    7.021217693382));
#14303 = LINE('',#14304,#14305);
#14304 = CARTESIAN_POINT('',(20.950000857143,1.236312991302,
    7.021217693382));
#14305 = VECTOR('',#14306,1.);
#14306 = DIRECTION('',(-8.659560562355E-17,-0.707106781187,
    0.707106781187));
#14307 = ORIENTED_EDGE('',*,*,#14308,.F.);
#14308 = EDGE_CURVE('',#14309,#14301,#14311,.T.);
#14309 = VERTEX_POINT('',#14310);
#14310 = CARTESIAN_POINT('',(20.950000857143,1.647734347539,
    7.021217693382));
#14311 = LINE('',#14312,#14313);
#14312 = CARTESIAN_POINT('',(20.950000857143,1.647734347539,
    7.021217693382));
#14313 = VECTOR('',#14314,1.);
#14314 = DIRECTION('',(-1.224646799147E-16,-1.,-1.224646799147E-16));
#14315 = ORIENTED_EDGE('',*,*,#14316,.F.);
#14316 = EDGE_CURVE('',#2110,#14309,#14317,.T.);
#14317 = LINE('',#14318,#14319);
#14318 = CARTESIAN_POINT('',(20.950000857143,1.647734347539,
    1.721217693382));
#14319 = VECTOR('',#14320,1.);
#14320 = DIRECTION('',(-1.499759782662E-32,-1.224646799147E-16,1.));
#14321 = PLANE('',#14322);
#14322 = AXIS2_PLACEMENT_3D('',#14323,#14324,#14325);
#14323 = CARTESIAN_POINT('',(20.950000857143,2.512734347539,
    4.741217693382));
#14324 = DIRECTION('',(1.,-1.224646799147E-16,0.));
#14325 = DIRECTION('',(1.499759782662E-32,1.224646799147E-16,-1.));
#14326 = ADVANCED_FACE('',(#14327),#14353,.T.);
#14327 = FACE_BOUND('',#14328,.T.);
#14328 = EDGE_LOOP('',(#14329,#14337,#14345,#14351,#14352));
#14329 = ORIENTED_EDGE('',*,*,#14330,.F.);
#14330 = EDGE_CURVE('',#14331,#2126,#14333,.T.);
#14331 = VERTEX_POINT('',#14332);
#14332 = CARTESIAN_POINT('',(20.890000857143,1.947734347539,
    7.121217693382));
#14333 = LINE('',#14334,#14335);
#14334 = CARTESIAN_POINT('',(20.890000857143,1.947734347539,
    7.121217693382));
#14335 = VECTOR('',#14336,1.);
#14336 = DIRECTION('',(1.499759782662E-32,1.224646799147E-16,-1.));
#14337 = ORIENTED_EDGE('',*,*,#14338,.F.);
#14338 = EDGE_CURVE('',#14339,#14331,#14341,.T.);
#14339 = VERTEX_POINT('',#14340);
#14340 = CARTESIAN_POINT('',(20.950000857143,1.947734347539,
    7.121217693382));
#14341 = LINE('',#14342,#14343);
#14342 = CARTESIAN_POINT('',(20.950000857143,1.947734347539,
    7.121217693382));
#14343 = VECTOR('',#14344,1.);
#14344 = DIRECTION('',(-1.,1.224646799147E-16,0.));
#14345 = ORIENTED_EDGE('',*,*,#14346,.T.);
#14346 = EDGE_CURVE('',#14339,#14243,#14347,.T.);
#14347 = LINE('',#14348,#14349);
#14348 = CARTESIAN_POINT('',(20.950000857143,1.947734347539,
    7.121217693382));
#14349 = VECTOR('',#14350,1.);
#14350 = DIRECTION('',(1.7763568394E-14,1.224646799147E-16,-1.));
#14351 = ORIENTED_EDGE('',*,*,#14252,.F.);
#14352 = ORIENTED_EDGE('',*,*,#2133,.T.);
#14353 = PLANE('',#14354);
#14354 = AXIS2_PLACEMENT_3D('',#14355,#14356,#14357);
#14355 = CARTESIAN_POINT('',(20.950000857143,1.947734347539,
    7.121217693382));
#14356 = DIRECTION('',(1.224646799147E-16,1.,1.224646799147E-16));
#14357 = DIRECTION('',(-1.,1.224646799147E-16,0.));
#14358 = ADVANCED_FACE('',(#14359),#14382,.T.);
#14359 = FACE_BOUND('',#14360,.T.);
#14360 = EDGE_LOOP('',(#14361,#14369,#14375,#14381));
#14361 = ORIENTED_EDGE('',*,*,#14362,.F.);
#14362 = EDGE_CURVE('',#14363,#14339,#14365,.T.);
#14363 = VERTEX_POINT('',#14364);
#14364 = CARTESIAN_POINT('',(20.950000857143,1.647734347539,
    7.121217693382));
#14365 = LINE('',#14366,#14367);
#14366 = CARTESIAN_POINT('',(20.950000857143,1.647734347539,
    7.121217693382));
#14367 = VECTOR('',#14368,1.);
#14368 = DIRECTION('',(1.224646799147E-16,1.,1.224646799147E-16));
#14369 = ORIENTED_EDGE('',*,*,#14370,.T.);
#14370 = EDGE_CURVE('',#14363,#14309,#14371,.T.);
#14371 = LINE('',#14372,#14373);
#14372 = CARTESIAN_POINT('',(20.950000857143,1.647734347539,
    7.121217693382));
#14373 = VECTOR('',#14374,1.);
#14374 = DIRECTION('',(1.7763568394E-14,1.224646799147E-16,-1.));
#14375 = ORIENTED_EDGE('',*,*,#14376,.T.);
#14376 = EDGE_CURVE('',#14309,#14243,#14377,.T.);
#14377 = LINE('',#14378,#14379);
#14378 = CARTESIAN_POINT('',(20.950000857143,1.647734347539,
    7.021217693382));
#14379 = VECTOR('',#14380,1.);
#14380 = DIRECTION('',(1.224646799147E-16,1.,1.224646799147E-16));
#14381 = ORIENTED_EDGE('',*,*,#14346,.F.);
#14382 = PLANE('',#14383);
#14383 = AXIS2_PLACEMENT_3D('',#14384,#14385,#14386);
#14384 = CARTESIAN_POINT('',(20.950000857143,1.647734347539,
    7.121217693382));
#14385 = DIRECTION('',(1.,-1.224646799147E-16,0.));
#14386 = DIRECTION('',(1.499759782662E-32,1.224646799147E-16,-1.));
#14387 = ADVANCED_FACE('',(#14388),#14401,.T.);
#14388 = FACE_BOUND('',#14389,.T.);
#14389 = EDGE_LOOP('',(#14390,#14391,#14397,#14398,#14399,#14400));
#14390 = ORIENTED_EDGE('',*,*,#14308,.T.);
#14391 = ORIENTED_EDGE('',*,*,#14392,.F.);
#14392 = EDGE_CURVE('',#2842,#14301,#14393,.T.);
#14393 = LINE('',#14394,#14395);
#14394 = CARTESIAN_POINT('',(21.050000857143,1.277734347539,
    7.121217693382));
#14395 = VECTOR('',#14396,1.);
#14396 = DIRECTION('',(-0.678598344546,-0.281084637715,-0.678598344546)
  );
#14397 = ORIENTED_EDGE('',*,*,#2841,.F.);
#14398 = ORIENTED_EDGE('',*,*,#2251,.F.);
#14399 = ORIENTED_EDGE('',*,*,#14242,.T.);
#14400 = ORIENTED_EDGE('',*,*,#14376,.F.);
#14401 = PLANE('',#14402);
#14402 = AXIS2_PLACEMENT_3D('',#14403,#14404,#14405);
#14403 = CARTESIAN_POINT('',(21.000000857143,2.342734347539,
    7.071217693382));
#14404 = DIRECTION('',(-0.707106781187,0.,0.707106781187));
#14405 = DIRECTION('',(-1.224646799147E-16,-1.,-1.224646799147E-16));
#14406 = ADVANCED_FACE('',(#14407),#14425,.T.);
#14407 = FACE_BOUND('',#14408,.T.);
#14408 = EDGE_LOOP('',(#14409,#14417,#14423,#14424));
#14409 = ORIENTED_EDGE('',*,*,#14410,.F.);
#14410 = EDGE_CURVE('',#14411,#14293,#14413,.T.);
#14411 = VERTEX_POINT('',#14412);
#14412 = CARTESIAN_POINT('',(21.050000857143,1.077734347539,
    7.321217693382));
#14413 = LINE('',#14414,#14415);
#14414 = CARTESIAN_POINT('',(21.050000857143,1.077734347539,
    7.321217693382));
#14415 = VECTOR('',#14416,1.);
#14416 = DIRECTION('',(-0.678598344546,-0.678598344546,-0.281084637715)
  );
#14417 = ORIENTED_EDGE('',*,*,#14418,.F.);
#14418 = EDGE_CURVE('',#2842,#14411,#14419,.T.);
#14419 = LINE('',#14420,#14421);
#14420 = CARTESIAN_POINT('',(21.050000857143,1.277734347539,
    7.121217693382));
#14421 = VECTOR('',#14422,1.);
#14422 = DIRECTION('',(-8.659560562355E-17,-0.707106781187,
    0.707106781187));
#14423 = ORIENTED_EDGE('',*,*,#14392,.T.);
#14424 = ORIENTED_EDGE('',*,*,#14300,.T.);
#14425 = PLANE('',#14426);
#14426 = AXIS2_PLACEMENT_3D('',#14427,#14428,#14429);
#14427 = CARTESIAN_POINT('',(21.000000857143,1.14237900848,
    7.185862354323));
#14428 = DIRECTION('',(-0.707106781187,0.5,0.5));
#14429 = DIRECTION('',(-8.659560562355E-17,-0.707106781187,
    0.707106781187));
#14430 = ADVANCED_FACE('',(#14431),#14456,.F.);
#14431 = FACE_BOUND('',#14432,.T.);
#14432 = EDGE_LOOP('',(#14433,#14434,#14442,#14450));
#14433 = ORIENTED_EDGE('',*,*,#2881,.T.);
#14434 = ORIENTED_EDGE('',*,*,#14435,.F.);
#14435 = EDGE_CURVE('',#14436,#2874,#14438,.T.);
#14436 = VERTEX_POINT('',#14437);
#14437 = CARTESIAN_POINT('',(-2.199999142857,1.077734347539,
    7.321217693382));
#14438 = LINE('',#14439,#14440);
#14439 = CARTESIAN_POINT('',(-2.199999142857,1.077734347539,
    7.321217693382));
#14440 = VECTOR('',#14441,1.);
#14441 = DIRECTION('',(8.659560562355E-17,0.707106781187,-0.707106781187
    ));
#14442 = ORIENTED_EDGE('',*,*,#14443,.F.);
#14443 = EDGE_CURVE('',#14444,#14436,#14446,.T.);
#14444 = VERTEX_POINT('',#14445);
#14445 = CARTESIAN_POINT('',(-1.549999142857,1.077734347539,
    7.321217693382));
#14446 = LINE('',#14447,#14448);
#14447 = CARTESIAN_POINT('',(-1.549999142857,1.077734347539,
    7.321217693382));
#14448 = VECTOR('',#14449,1.);
#14449 = DIRECTION('',(-1.,1.224646799147E-16,0.));
#14450 = ORIENTED_EDGE('',*,*,#14451,.T.);
#14451 = EDGE_CURVE('',#14444,#2882,#14452,.T.);
#14452 = LINE('',#14453,#14454);
#14453 = CARTESIAN_POINT('',(-1.549999142857,1.077734347539,
    7.321217693382));
#14454 = VECTOR('',#14455,1.);
#14455 = DIRECTION('',(8.659560562355E-17,0.707106781187,-0.707106781187
    ));
#14456 = PLANE('',#14457);
#14457 = AXIS2_PLACEMENT_3D('',#14458,#14459,#14460);
#14458 = CARTESIAN_POINT('',(21.700000857143,1.077734347539,
    7.321217693382));
#14459 = DIRECTION('',(-8.659560562355E-17,-0.707106781187,
    -0.707106781187));
#14460 = DIRECTION('',(1.,-1.224646799147E-16,0.));
#14461 = ADVANCED_FACE('',(#14462),#14473,.F.);
#14462 = FACE_BOUND('',#14463,.T.);
#14463 = EDGE_LOOP('',(#14464,#14470,#14471,#14472));
#14464 = ORIENTED_EDGE('',*,*,#14465,.F.);
#14465 = EDGE_CURVE('',#3866,#14411,#14466,.T.);
#14466 = LINE('',#14467,#14468);
#14467 = CARTESIAN_POINT('',(21.700000857143,1.077734347539,
    7.321217693382));
#14468 = VECTOR('',#14469,1.);
#14469 = DIRECTION('',(-1.,1.224646799147E-16,0.));
#14470 = ORIENTED_EDGE('',*,*,#3865,.T.);
#14471 = ORIENTED_EDGE('',*,*,#2849,.T.);
#14472 = ORIENTED_EDGE('',*,*,#14418,.T.);
#14473 = PLANE('',#14474);
#14474 = AXIS2_PLACEMENT_3D('',#14475,#14476,#14477);
#14475 = CARTESIAN_POINT('',(21.700000857143,1.077734347539,
    7.321217693382));
#14476 = DIRECTION('',(-8.659560562355E-17,-0.707106781187,
    -0.707106781187));
#14477 = DIRECTION('',(1.,-1.224646799147E-16,0.));
#14478 = ADVANCED_FACE('',(#14479),#14504,.T.);
#14479 = FACE_BOUND('',#14480,.T.);
#14480 = EDGE_LOOP('',(#14481,#14489,#14490,#14498));
#14481 = ORIENTED_EDGE('',*,*,#14482,.F.);
#14482 = EDGE_CURVE('',#2882,#14483,#14485,.T.);
#14483 = VERTEX_POINT('',#14484);
#14484 = CARTESIAN_POINT('',(-1.449999142857,1.236312991302,
    7.021217693382));
#14485 = LINE('',#14486,#14487);
#14486 = CARTESIAN_POINT('',(-1.549999142857,1.277734347539,
    7.121217693382));
#14487 = VECTOR('',#14488,1.);
#14488 = DIRECTION('',(0.678598344546,-0.281084637715,-0.678598344546));
#14489 = ORIENTED_EDGE('',*,*,#14451,.F.);
#14490 = ORIENTED_EDGE('',*,*,#14491,.T.);
#14491 = EDGE_CURVE('',#14444,#14492,#14494,.T.);
#14492 = VERTEX_POINT('',#14493);
#14493 = CARTESIAN_POINT('',(-1.449999142857,0.977734347539,
    7.279796337145));
#14494 = LINE('',#14495,#14496);
#14495 = CARTESIAN_POINT('',(-1.549999142857,1.077734347539,
    7.321217693382));
#14496 = VECTOR('',#14497,1.);
#14497 = DIRECTION('',(0.678598344546,-0.678598344546,-0.281084637715));
#14498 = ORIENTED_EDGE('',*,*,#14499,.T.);
#14499 = EDGE_CURVE('',#14492,#14483,#14500,.T.);
#14500 = LINE('',#14501,#14502);
#14501 = CARTESIAN_POINT('',(-1.449999142857,0.977734347539,
    7.279796337145));
#14502 = VECTOR('',#14503,1.);
#14503 = DIRECTION('',(8.659560562355E-17,0.707106781187,-0.707106781187
    ));
#14504 = PLANE('',#14505);
#14505 = AXIS2_PLACEMENT_3D('',#14506,#14507,#14508);
#14506 = CARTESIAN_POINT('',(-1.499999142857,1.14237900848,
    7.185862354323));
#14507 = DIRECTION('',(0.707106781187,0.5,0.5));
#14508 = DIRECTION('',(0.57735026919,-1.094909015584E-16,-0.816496580928
    ));
#14509 = ADVANCED_FACE('',(#14510),#14559,.T.);
#14510 = FACE_BOUND('',#14511,.T.);
#14511 = EDGE_LOOP('',(#14512,#14520,#14521,#14529,#14537,#14545,#14551,
    #14552,#14553));
#14512 = ORIENTED_EDGE('',*,*,#14513,.F.);
#14513 = EDGE_CURVE('',#14483,#14514,#14516,.T.);
#14514 = VERTEX_POINT('',#14515);
#14515 = CARTESIAN_POINT('',(-1.449999142857,1.647734347539,
    7.021217693382));
#14516 = LINE('',#14517,#14518);
#14517 = CARTESIAN_POINT('',(-1.449999142857,1.236312991302,
    7.021217693382));
#14518 = VECTOR('',#14519,1.);
#14519 = DIRECTION('',(1.224646799147E-16,1.,1.224646799147E-16));
#14520 = ORIENTED_EDGE('',*,*,#14499,.F.);
#14521 = ORIENTED_EDGE('',*,*,#14522,.F.);
#14522 = EDGE_CURVE('',#14523,#14492,#14525,.T.);
#14523 = VERTEX_POINT('',#14524);
#14524 = CARTESIAN_POINT('',(-1.449999142857,0.977734347539,
    7.679796337145));
#14525 = LINE('',#14526,#14527);
#14526 = CARTESIAN_POINT('',(-1.449999142857,0.977734347539,
    7.679796337145));
#14527 = VECTOR('',#14528,1.);
#14528 = DIRECTION('',(1.499759782662E-32,1.224646799147E-16,-1.));
#14529 = ORIENTED_EDGE('',*,*,#14530,.F.);
#14530 = EDGE_CURVE('',#14531,#14523,#14533,.T.);
#14531 = VERTEX_POINT('',#14532);
#14532 = CARTESIAN_POINT('',(-1.449999142857,0.836312991302,
    7.821217693382));
#14533 = LINE('',#14534,#14535);
#14534 = CARTESIAN_POINT('',(-1.449999142857,0.836312991302,
    7.821217693382));
#14535 = VECTOR('',#14536,1.);
#14536 = DIRECTION('',(8.659560562355E-17,0.707106781187,-0.707106781187
    ));
#14537 = ORIENTED_EDGE('',*,*,#14538,.F.);
#14538 = EDGE_CURVE('',#14539,#14531,#14541,.T.);
#14539 = VERTEX_POINT('',#14540);
#14540 = CARTESIAN_POINT('',(-1.449999142857,0.187734347539,
    7.821217693382));
#14541 = LINE('',#14542,#14543);
#14542 = CARTESIAN_POINT('',(-1.449999142857,0.187734347539,
    7.821217693382));
#14543 = VECTOR('',#14544,1.);
#14544 = DIRECTION('',(1.224646799147E-16,1.,1.224646799147E-16));
#14545 = ORIENTED_EDGE('',*,*,#14546,.T.);
#14546 = EDGE_CURVE('',#14539,#5302,#14547,.T.);
#14547 = LINE('',#14548,#14549);
#14548 = CARTESIAN_POINT('',(-1.449999142857,0.187734347539,
    7.821217693382));
#14549 = VECTOR('',#14550,1.);
#14550 = DIRECTION('',(1.264733527509E-14,0.707106781187,-0.707106781187
    ));
#14551 = ORIENTED_EDGE('',*,*,#5301,.T.);
#14552 = ORIENTED_EDGE('',*,*,#2084,.T.);
#14553 = ORIENTED_EDGE('',*,*,#14554,.T.);
#14554 = EDGE_CURVE('',#2077,#14514,#14555,.T.);
#14555 = LINE('',#14556,#14557);
#14556 = CARTESIAN_POINT('',(-1.449999142857,1.647734347539,
    1.721217693382));
#14557 = VECTOR('',#14558,1.);
#14558 = DIRECTION('',(-1.499759782662E-32,-1.224646799147E-16,1.));
#14559 = PLANE('',#14560);
#14560 = AXIS2_PLACEMENT_3D('',#14561,#14562,#14563);
#14561 = CARTESIAN_POINT('',(-1.449999142857,2.512734347539,
    4.741217693382));
#14562 = DIRECTION('',(1.,-1.224646799147E-16,0.));
#14563 = DIRECTION('',(1.499759782662E-32,1.224646799147E-16,-1.));
#14564 = ADVANCED_FACE('',(#14565),#14583,.T.);
#14565 = FACE_BOUND('',#14566,.T.);
#14566 = EDGE_LOOP('',(#14567,#14568,#14569,#14577));
#14567 = ORIENTED_EDGE('',*,*,#2052,.T.);
#14568 = ORIENTED_EDGE('',*,*,#2299,.T.);
#14569 = ORIENTED_EDGE('',*,*,#14570,.F.);
#14570 = EDGE_CURVE('',#14571,#2292,#14573,.T.);
#14571 = VERTEX_POINT('',#14572);
#14572 = CARTESIAN_POINT('',(-1.449999142857,1.947734347539,
    7.021217693382));
#14573 = LINE('',#14574,#14575);
#14574 = CARTESIAN_POINT('',(-1.449999142857,1.947734347539,
    7.021217693382));
#14575 = VECTOR('',#14576,1.);
#14576 = DIRECTION('',(1.224646799147E-16,1.,1.224646799147E-16));
#14577 = ORIENTED_EDGE('',*,*,#14578,.F.);
#14578 = EDGE_CURVE('',#2053,#14571,#14579,.T.);
#14579 = LINE('',#14580,#14581);
#14580 = CARTESIAN_POINT('',(-1.449999142857,1.947734347539,
    1.721217693382));
#14581 = VECTOR('',#14582,1.);
#14582 = DIRECTION('',(-1.499759782662E-32,-1.224646799147E-16,1.));
#14583 = PLANE('',#14584);
#14584 = AXIS2_PLACEMENT_3D('',#14585,#14586,#14587);
#14585 = CARTESIAN_POINT('',(-1.449999142857,2.512734347539,
    4.741217693382));
#14586 = DIRECTION('',(1.,-1.224646799147E-16,0.));
#14587 = DIRECTION('',(1.499759782662E-32,1.224646799147E-16,-1.));
#14588 = ADVANCED_FACE('',(#14589),#14615,.T.);
#14589 = FACE_BOUND('',#14590,.T.);
#14590 = EDGE_LOOP('',(#14591,#14599,#14607,#14613,#14614));
#14591 = ORIENTED_EDGE('',*,*,#14592,.F.);
#14592 = EDGE_CURVE('',#14593,#2069,#14595,.T.);
#14593 = VERTEX_POINT('',#14594);
#14594 = CARTESIAN_POINT('',(-1.389999142857,1.647734347539,
    7.121217693382));
#14595 = LINE('',#14596,#14597);
#14596 = CARTESIAN_POINT('',(-1.389999142857,1.647734347539,
    7.121217693382));
#14597 = VECTOR('',#14598,1.);
#14598 = DIRECTION('',(1.499759782662E-32,1.224646799147E-16,-1.));
#14599 = ORIENTED_EDGE('',*,*,#14600,.F.);
#14600 = EDGE_CURVE('',#14601,#14593,#14603,.T.);
#14601 = VERTEX_POINT('',#14602);
#14602 = CARTESIAN_POINT('',(-1.449999142857,1.647734347539,
    7.121217693382));
#14603 = LINE('',#14604,#14605);
#14604 = CARTESIAN_POINT('',(-1.449999142857,1.647734347539,
    7.121217693382));
#14605 = VECTOR('',#14606,1.);
#14606 = DIRECTION('',(1.,-1.224646799147E-16,0.));
#14607 = ORIENTED_EDGE('',*,*,#14608,.T.);
#14608 = EDGE_CURVE('',#14601,#14514,#14609,.T.);
#14609 = LINE('',#14610,#14611);
#14610 = CARTESIAN_POINT('',(-1.449999142857,1.647734347539,
    7.121217693382));
#14611 = VECTOR('',#14612,1.);
#14612 = DIRECTION('',(-3.5527136788E-14,1.224646799147E-16,-1.));
#14613 = ORIENTED_EDGE('',*,*,#14554,.F.);
#14614 = ORIENTED_EDGE('',*,*,#2076,.T.);
#14615 = PLANE('',#14616);
#14616 = AXIS2_PLACEMENT_3D('',#14617,#14618,#14619);
#14617 = CARTESIAN_POINT('',(-1.449999142857,1.647734347539,
    7.121217693382));
#14618 = DIRECTION('',(-1.224646799147E-16,-1.,-1.224646799147E-16));
#14619 = DIRECTION('',(-1.499759782662E-32,-1.224646799147E-16,1.));
#14620 = ADVANCED_FACE('',(#14621),#14644,.T.);
#14621 = FACE_BOUND('',#14622,.T.);
#14622 = EDGE_LOOP('',(#14623,#14624,#14632,#14638));
#14623 = ORIENTED_EDGE('',*,*,#14608,.F.);
#14624 = ORIENTED_EDGE('',*,*,#14625,.F.);
#14625 = EDGE_CURVE('',#14626,#14601,#14628,.T.);
#14626 = VERTEX_POINT('',#14627);
#14627 = CARTESIAN_POINT('',(-1.449999142857,1.947734347539,
    7.121217693382));
#14628 = LINE('',#14629,#14630);
#14629 = CARTESIAN_POINT('',(-1.449999142857,1.947734347539,
    7.121217693382));
#14630 = VECTOR('',#14631,1.);
#14631 = DIRECTION('',(-1.224646799147E-16,-1.,-1.224646799147E-16));
#14632 = ORIENTED_EDGE('',*,*,#14633,.T.);
#14633 = EDGE_CURVE('',#14626,#14571,#14634,.T.);
#14634 = LINE('',#14635,#14636);
#14635 = CARTESIAN_POINT('',(-1.449999142857,1.947734347539,
    7.121217693382));
#14636 = VECTOR('',#14637,1.);
#14637 = DIRECTION('',(-3.5527136788E-14,1.224646799147E-16,-1.));
#14638 = ORIENTED_EDGE('',*,*,#14639,.T.);
#14639 = EDGE_CURVE('',#14571,#14514,#14640,.T.);
#14640 = LINE('',#14641,#14642);
#14641 = CARTESIAN_POINT('',(-1.449999142857,1.947734347539,
    7.021217693382));
#14642 = VECTOR('',#14643,1.);
#14643 = DIRECTION('',(-1.224646799147E-16,-1.,-1.224646799147E-16));
#14644 = PLANE('',#14645);
#14645 = AXIS2_PLACEMENT_3D('',#14646,#14647,#14648);
#14646 = CARTESIAN_POINT('',(-1.449999142857,1.947734347539,
    7.121217693382));
#14647 = DIRECTION('',(-1.,1.224646799147E-16,0.));
#14648 = DIRECTION('',(1.224646799147E-16,1.,1.224646799147E-16));
#14649 = ADVANCED_FACE('',(#14650),#14658,.T.);
#14650 = FACE_BOUND('',#14651,.T.);
#14651 = EDGE_LOOP('',(#14652,#14653,#14654,#14655,#14656,#14657));
#14652 = ORIENTED_EDGE('',*,*,#14570,.T.);
#14653 = ORIENTED_EDGE('',*,*,#2291,.F.);
#14654 = ORIENTED_EDGE('',*,*,#2889,.F.);
#14655 = ORIENTED_EDGE('',*,*,#14482,.T.);
#14656 = ORIENTED_EDGE('',*,*,#14513,.T.);
#14657 = ORIENTED_EDGE('',*,*,#14639,.F.);
#14658 = PLANE('',#14659);
#14659 = AXIS2_PLACEMENT_3D('',#14660,#14661,#14662);
#14660 = CARTESIAN_POINT('',(-1.499999142857,2.342734347539,
    7.071217693382));
#14661 = DIRECTION('',(0.707106781186,-1.731912112471E-16,0.707106781187
    ));
#14662 = DIRECTION('',(0.707106781187,-1.225199593421E-29,
    -0.707106781186));
#14663 = ADVANCED_FACE('',(#14664),#14683,.T.);
#14664 = FACE_BOUND('',#14665,.T.);
#14665 = EDGE_LOOP('',(#14666,#14667,#14668,#14676,#14682));
#14666 = ORIENTED_EDGE('',*,*,#14578,.T.);
#14667 = ORIENTED_EDGE('',*,*,#14633,.F.);
#14668 = ORIENTED_EDGE('',*,*,#14669,.F.);
#14669 = EDGE_CURVE('',#14670,#14626,#14672,.T.);
#14670 = VERTEX_POINT('',#14671);
#14671 = CARTESIAN_POINT('',(-1.389999142857,1.947734347539,
    7.121217693382));
#14672 = LINE('',#14673,#14674);
#14673 = CARTESIAN_POINT('',(-1.389999142857,1.947734347539,
    7.121217693382));
#14674 = VECTOR('',#14675,1.);
#14675 = DIRECTION('',(-1.,1.224646799147E-16,0.));
#14676 = ORIENTED_EDGE('',*,*,#14677,.T.);
#14677 = EDGE_CURVE('',#14670,#2061,#14678,.T.);
#14678 = LINE('',#14679,#14680);
#14679 = CARTESIAN_POINT('',(-1.389999142857,1.947734347539,
    7.121217693382));
#14680 = VECTOR('',#14681,1.);
#14681 = DIRECTION('',(1.499759782662E-32,1.224646799147E-16,-1.));
#14682 = ORIENTED_EDGE('',*,*,#2060,.F.);
#14683 = PLANE('',#14684);
#14684 = AXIS2_PLACEMENT_3D('',#14685,#14686,#14687);
#14685 = CARTESIAN_POINT('',(-1.389999142857,1.947734347539,
    7.121217693382));
#14686 = DIRECTION('',(1.224646799147E-16,1.,1.224646799147E-16));
#14687 = DIRECTION('',(-1.,1.224646799147E-16,0.));
#14688 = ADVANCED_FACE('',(#14689),#14700,.T.);
#14689 = FACE_BOUND('',#14690,.T.);
#14690 = EDGE_LOOP('',(#14691,#14692,#14698,#14699));
#14691 = ORIENTED_EDGE('',*,*,#14677,.F.);
#14692 = ORIENTED_EDGE('',*,*,#14693,.F.);
#14693 = EDGE_CURVE('',#14593,#14670,#14694,.T.);
#14694 = LINE('',#14695,#14696);
#14695 = CARTESIAN_POINT('',(-1.389999142857,1.647734347539,
    7.121217693382));
#14696 = VECTOR('',#14697,1.);
#14697 = DIRECTION('',(1.224646799147E-16,1.,1.224646799147E-16));
#14698 = ORIENTED_EDGE('',*,*,#14592,.T.);
#14699 = ORIENTED_EDGE('',*,*,#2068,.T.);
#14700 = PLANE('',#14701);
#14701 = AXIS2_PLACEMENT_3D('',#14702,#14703,#14704);
#14702 = CARTESIAN_POINT('',(-1.389999142857,1.647734347539,
    7.121217693382));
#14703 = DIRECTION('',(1.,-1.224646799147E-16,0.));
#14704 = DIRECTION('',(1.499759782662E-32,1.224646799147E-16,-1.));
#14705 = ADVANCED_FACE('',(#14706),#14724,.T.);
#14706 = FACE_BOUND('',#14707,.T.);
#14707 = EDGE_LOOP('',(#14708,#14716,#14722,#14723));
#14708 = ORIENTED_EDGE('',*,*,#14709,.T.);
#14709 = EDGE_CURVE('',#14331,#14710,#14712,.T.);
#14710 = VERTEX_POINT('',#14711);
#14711 = CARTESIAN_POINT('',(20.890000857143,1.647734347539,
    7.121217693382));
#14712 = LINE('',#14713,#14714);
#14713 = CARTESIAN_POINT('',(20.890000857143,1.947734347539,
    7.121217693382));
#14714 = VECTOR('',#14715,1.);
#14715 = DIRECTION('',(-1.224646799147E-16,-1.,-1.224646799147E-16));
#14716 = ORIENTED_EDGE('',*,*,#14717,.T.);
#14717 = EDGE_CURVE('',#14710,#14363,#14718,.T.);
#14718 = LINE('',#14719,#14720);
#14719 = CARTESIAN_POINT('',(20.890000857143,1.647734347539,
    7.121217693382));
#14720 = VECTOR('',#14721,1.);
#14721 = DIRECTION('',(1.,-1.224646799147E-16,0.));
#14722 = ORIENTED_EDGE('',*,*,#14362,.T.);
#14723 = ORIENTED_EDGE('',*,*,#14338,.T.);
#14724 = PLANE('',#14725);
#14725 = AXIS2_PLACEMENT_3D('',#14726,#14727,#14728);
#14726 = CARTESIAN_POINT('',(21.700000857143,3.187734347539,
    7.121217693382));
#14727 = DIRECTION('',(-1.499759782662E-32,-1.224646799147E-16,1.));
#14728 = DIRECTION('',(-1.224646799147E-16,-1.,-1.224646799147E-16));
#14729 = ADVANCED_FACE('',(#14730),#14736,.T.);
#14730 = FACE_BOUND('',#14731,.T.);
#14731 = EDGE_LOOP('',(#14732,#14733,#14734,#14735));
#14732 = ORIENTED_EDGE('',*,*,#14600,.T.);
#14733 = ORIENTED_EDGE('',*,*,#14693,.T.);
#14734 = ORIENTED_EDGE('',*,*,#14669,.T.);
#14735 = ORIENTED_EDGE('',*,*,#14625,.T.);
#14736 = PLANE('',#14737);
#14737 = AXIS2_PLACEMENT_3D('',#14738,#14739,#14740);
#14738 = CARTESIAN_POINT('',(21.700000857143,3.187734347539,
    7.121217693382));
#14739 = DIRECTION('',(-1.499759782662E-32,-1.224646799147E-16,1.));
#14740 = DIRECTION('',(-1.224646799147E-16,-1.,-1.224646799147E-16));
#14741 = ADVANCED_FACE('',(#14742),#14754,.T.);
#14742 = FACE_BOUND('',#14743,.T.);
#14743 = EDGE_LOOP('',(#14744,#14745,#14746,#14747,#14753));
#14744 = ORIENTED_EDGE('',*,*,#14316,.T.);
#14745 = ORIENTED_EDGE('',*,*,#14370,.F.);
#14746 = ORIENTED_EDGE('',*,*,#14717,.F.);
#14747 = ORIENTED_EDGE('',*,*,#14748,.T.);
#14748 = EDGE_CURVE('',#14710,#2118,#14749,.T.);
#14749 = LINE('',#14750,#14751);
#14750 = CARTESIAN_POINT('',(20.890000857143,1.647734347539,
    7.121217693382));
#14751 = VECTOR('',#14752,1.);
#14752 = DIRECTION('',(1.499759782662E-32,1.224646799147E-16,-1.));
#14753 = ORIENTED_EDGE('',*,*,#2117,.F.);
#14754 = PLANE('',#14755);
#14755 = AXIS2_PLACEMENT_3D('',#14756,#14757,#14758);
#14756 = CARTESIAN_POINT('',(20.890000857143,1.647734347539,
    7.121217693382));
#14757 = DIRECTION('',(-1.224646799147E-16,-1.,-1.224646799147E-16));
#14758 = DIRECTION('',(-1.499759782662E-32,-1.224646799147E-16,1.));
#14759 = ADVANCED_FACE('',(#14760),#14766,.T.);
#14760 = FACE_BOUND('',#14761,.T.);
#14761 = EDGE_LOOP('',(#14762,#14763,#14764,#14765));
#14762 = ORIENTED_EDGE('',*,*,#14748,.F.);
#14763 = ORIENTED_EDGE('',*,*,#14709,.F.);
#14764 = ORIENTED_EDGE('',*,*,#14330,.T.);
#14765 = ORIENTED_EDGE('',*,*,#2125,.T.);
#14766 = PLANE('',#14767);
#14767 = AXIS2_PLACEMENT_3D('',#14768,#14769,#14770);
#14768 = CARTESIAN_POINT('',(20.890000857143,1.947734347539,
    7.121217693382));
#14769 = DIRECTION('',(-1.,1.224646799147E-16,0.));
#14770 = DIRECTION('',(1.224646799147E-16,1.,1.224646799147E-16));
#14771 = ADVANCED_FACE('',(#14772),#14789,.T.);
#14772 = FACE_BOUND('',#14773,.T.);
#14773 = EDGE_LOOP('',(#14774,#14775,#14781,#14782,#14783));
#14774 = ORIENTED_EDGE('',*,*,#4683,.T.);
#14775 = ORIENTED_EDGE('',*,*,#14776,.F.);
#14776 = EDGE_CURVE('',#14269,#4676,#14777,.T.);
#14777 = LINE('',#14778,#14779);
#14778 = CARTESIAN_POINT('',(20.950000857143,0.187734347539,
    7.821217693382));
#14779 = VECTOR('',#14780,1.);
#14780 = DIRECTION('',(0.57735026919,-0.57735026919,0.57735026919));
#14781 = ORIENTED_EDGE('',*,*,#14268,.T.);
#14782 = ORIENTED_EDGE('',*,*,#5359,.F.);
#14783 = ORIENTED_EDGE('',*,*,#14784,.T.);
#14784 = EDGE_CURVE('',#5352,#4684,#14785,.T.);
#14785 = LINE('',#14786,#14787);
#14786 = CARTESIAN_POINT('',(18.950000857143,0.287734347539,
    7.721217693382));
#14787 = VECTOR('',#14788,1.);
#14788 = DIRECTION('',(-8.659560562355E-17,-0.707106781187,
    0.707106781187));
#14789 = PLANE('',#14790);
#14790 = AXIS2_PLACEMENT_3D('',#14791,#14792,#14793);
#14791 = CARTESIAN_POINT('',(9.750000857143,0.187734347539,
    7.821217693382));
#14792 = DIRECTION('',(8.659560562355E-17,0.707106781187,0.707106781187)
  );
#14793 = DIRECTION('',(1.,-1.224646799147E-16,0.));
#14794 = ADVANCED_FACE('',(#14795),#14812,.T.);
#14795 = FACE_BOUND('',#14796,.T.);
#14796 = EDGE_LOOP('',(#14797,#14798,#14799,#14805,#14806));
#14797 = ORIENTED_EDGE('',*,*,#5309,.F.);
#14798 = ORIENTED_EDGE('',*,*,#14546,.F.);
#14799 = ORIENTED_EDGE('',*,*,#14800,.T.);
#14800 = EDGE_CURVE('',#14539,#4714,#14801,.T.);
#14801 = LINE('',#14802,#14803);
#14802 = CARTESIAN_POINT('',(-1.449999142857,0.187734347539,
    7.821217693382));
#14803 = VECTOR('',#14804,1.);
#14804 = DIRECTION('',(-0.57735026919,-0.57735026919,0.57735026919));
#14805 = ORIENTED_EDGE('',*,*,#4713,.T.);
#14806 = ORIENTED_EDGE('',*,*,#14807,.F.);
#14807 = EDGE_CURVE('',#5310,#4716,#14808,.T.);
#14808 = LINE('',#14809,#14810);
#14809 = CARTESIAN_POINT('',(0.550000857143,0.287734347539,
    7.721217693382));
#14810 = VECTOR('',#14811,1.);
#14811 = DIRECTION('',(-8.659560562355E-17,-0.707106781187,
    0.707106781187));
#14812 = PLANE('',#14813);
#14813 = AXIS2_PLACEMENT_3D('',#14814,#14815,#14816);
#14814 = CARTESIAN_POINT('',(9.750000857143,0.187734347539,
    7.821217693382));
#14815 = DIRECTION('',(8.659560562355E-17,0.707106781187,0.707106781187)
  );
#14816 = DIRECTION('',(1.,-1.224646799147E-16,0.));
#14817 = ADVANCED_FACE('',(#14818),#14830,.F.);
#14818 = FACE_BOUND('',#14819,.T.);
#14819 = EDGE_LOOP('',(#14820,#14821,#14822,#14828,#14829));
#14820 = ORIENTED_EDGE('',*,*,#14784,.F.);
#14821 = ORIENTED_EDGE('',*,*,#5351,.T.);
#14822 = ORIENTED_EDGE('',*,*,#14823,.F.);
#14823 = EDGE_CURVE('',#4768,#5344,#14824,.T.);
#14824 = LINE('',#14825,#14826);
#14825 = CARTESIAN_POINT('',(18.950000857143,-0.462265652461,
    7.121217693382));
#14826 = VECTOR('',#14827,1.);
#14827 = DIRECTION('',(1.224646799147E-16,1.,1.224646799147E-16));
#14828 = ORIENTED_EDGE('',*,*,#4767,.F.);
#14829 = ORIENTED_EDGE('',*,*,#4691,.T.);
#14830 = PLANE('',#14831);
#14831 = AXIS2_PLACEMENT_3D('',#14832,#14833,#14834);
#14832 = CARTESIAN_POINT('',(18.950000857143,-0.462265652461,
    7.921217693382));
#14833 = DIRECTION('',(1.,-1.224646799147E-16,0.));
#14834 = DIRECTION('',(1.499759782662E-32,1.224646799147E-16,-1.));
#14835 = ADVANCED_FACE('',(#14836),#14852,.F.);
#14836 = FACE_BOUND('',#14837,.T.);
#14837 = EDGE_LOOP('',(#14838,#14844,#14845,#14851));
#14838 = ORIENTED_EDGE('',*,*,#14839,.T.);
#14839 = EDGE_CURVE('',#5318,#4628,#14840,.T.);
#14840 = LINE('',#14841,#14842);
#14841 = CARTESIAN_POINT('',(0.550000857143,0.287734347539,
    7.121217693382));
#14842 = VECTOR('',#14843,1.);
#14843 = DIRECTION('',(-1.224646799147E-16,-1.,-1.224646799147E-16));
#14844 = ORIENTED_EDGE('',*,*,#4627,.T.);
#14845 = ORIENTED_EDGE('',*,*,#14846,.T.);
#14846 = EDGE_CURVE('',#4620,#5326,#14847,.T.);
#14847 = LINE('',#14848,#14849);
#14848 = CARTESIAN_POINT('',(1.300000857143,-0.462265652461,
    7.121217693382));
#14849 = VECTOR('',#14850,1.);
#14850 = DIRECTION('',(1.224646799147E-16,1.,1.224646799147E-16));
#14851 = ORIENTED_EDGE('',*,*,#5325,.F.);
#14852 = PLANE('',#14853);
#14853 = AXIS2_PLACEMENT_3D('',#14854,#14855,#14856);
#14854 = CARTESIAN_POINT('',(21.700000857143,1.277734347539,
    7.121217693382));
#14855 = DIRECTION('',(1.499759782662E-32,1.224646799147E-16,-1.));
#14856 = DIRECTION('',(-1.,1.224646799147E-16,0.));
#14857 = ADVANCED_FACE('',(#14858),#14864,.F.);
#14858 = FACE_BOUND('',#14859,.T.);
#14859 = EDGE_LOOP('',(#14860,#14861,#14862,#14863));
#14860 = ORIENTED_EDGE('',*,*,#4861,.T.);
#14861 = ORIENTED_EDGE('',*,*,#4775,.T.);
#14862 = ORIENTED_EDGE('',*,*,#14823,.T.);
#14863 = ORIENTED_EDGE('',*,*,#5343,.F.);
#14864 = PLANE('',#14865);
#14865 = AXIS2_PLACEMENT_3D('',#14866,#14867,#14868);
#14866 = CARTESIAN_POINT('',(21.700000857143,1.277734347539,
    7.121217693382));
#14867 = DIRECTION('',(1.499759782662E-32,1.224646799147E-16,-1.));
#14868 = DIRECTION('',(-1.,1.224646799147E-16,0.));
#14869 = ADVANCED_FACE('',(#14870),#14876,.F.);
#14870 = FACE_BOUND('',#14871,.T.);
#14871 = EDGE_LOOP('',(#14872,#14873,#14874,#14875));
#14872 = ORIENTED_EDGE('',*,*,#5333,.T.);
#14873 = ORIENTED_EDGE('',*,*,#14846,.F.);
#14874 = ORIENTED_EDGE('',*,*,#4619,.F.);
#14875 = ORIENTED_EDGE('',*,*,#4578,.F.);
#14876 = PLANE('',#14877);
#14877 = AXIS2_PLACEMENT_3D('',#14878,#14879,#14880);
#14878 = CARTESIAN_POINT('',(1.300000857143,-0.462265652461,
    7.921217693382));
#14879 = DIRECTION('',(1.,-1.224646799147E-16,0.));
#14880 = DIRECTION('',(1.499759782662E-32,1.224646799147E-16,-1.));
#14881 = ADVANCED_FACE('',(#14882),#14889,.F.);
#14882 = FACE_BOUND('',#14883,.T.);
#14883 = EDGE_LOOP('',(#14884,#14885,#14886,#14887,#14888));
#14884 = ORIENTED_EDGE('',*,*,#4635,.T.);
#14885 = ORIENTED_EDGE('',*,*,#14839,.F.);
#14886 = ORIENTED_EDGE('',*,*,#5317,.F.);
#14887 = ORIENTED_EDGE('',*,*,#14807,.T.);
#14888 = ORIENTED_EDGE('',*,*,#4753,.T.);
#14889 = PLANE('',#14890);
#14890 = AXIS2_PLACEMENT_3D('',#14891,#14892,#14893);
#14891 = CARTESIAN_POINT('',(0.550000857143,0.287734347539,
    7.921217693382));
#14892 = DIRECTION('',(-1.,1.224646799147E-16,0.));
#14893 = DIRECTION('',(1.224646799147E-16,1.,1.224646799147E-16));
#14894 = ADVANCED_FACE('',(#14895),#14906,.T.);
#14895 = FACE_BOUND('',#14896,.T.);
#14896 = EDGE_LOOP('',(#14897,#14898,#14899,#14905));
#14897 = ORIENTED_EDGE('',*,*,#14776,.T.);
#14898 = ORIENTED_EDGE('',*,*,#4675,.F.);
#14899 = ORIENTED_EDGE('',*,*,#14900,.T.);
#14900 = EDGE_CURVE('',#4668,#14277,#14901,.T.);
#14901 = LINE('',#14902,#14903);
#14902 = CARTESIAN_POINT('',(21.050000857143,0.877734347539,
    7.921217693382));
#14903 = VECTOR('',#14904,1.);
#14904 = DIRECTION('',(-0.678598344546,-0.281084637715,-0.678598344546)
  );
#14905 = ORIENTED_EDGE('',*,*,#14276,.T.);
#14906 = PLANE('',#14907);
#14907 = AXIS2_PLACEMENT_3D('',#14908,#14909,#14910);
#14908 = CARTESIAN_POINT('',(21.000000857143,0.582734347539,
    7.871217693382));
#14909 = DIRECTION('',(-0.707106781187,0.,0.707106781187));
#14910 = DIRECTION('',(-1.224646799147E-16,-1.,-1.224646799147E-16));
#14911 = ADVANCED_FACE('',(#14912),#14930,.T.);
#14912 = FACE_BOUND('',#14913,.T.);
#14913 = EDGE_LOOP('',(#14914,#14915,#14923,#14929));
#14914 = ORIENTED_EDGE('',*,*,#14900,.F.);
#14915 = ORIENTED_EDGE('',*,*,#14916,.F.);
#14916 = EDGE_CURVE('',#14917,#4668,#14919,.T.);
#14917 = VERTEX_POINT('',#14918);
#14918 = CARTESIAN_POINT('',(21.050000857143,1.077734347539,
    7.721217693382));
#14919 = LINE('',#14920,#14921);
#14920 = CARTESIAN_POINT('',(21.050000857143,1.077734347539,
    7.721217693382));
#14921 = VECTOR('',#14922,1.);
#14922 = DIRECTION('',(-8.659560562355E-17,-0.707106781187,
    0.707106781187));
#14923 = ORIENTED_EDGE('',*,*,#14924,.T.);
#14924 = EDGE_CURVE('',#14917,#14285,#14925,.T.);
#14925 = LINE('',#14926,#14927);
#14926 = CARTESIAN_POINT('',(21.050000857143,1.077734347539,
    7.721217693382));
#14927 = VECTOR('',#14928,1.);
#14928 = DIRECTION('',(-0.678598344546,-0.678598344546,-0.281084637715)
  );
#14929 = ORIENTED_EDGE('',*,*,#14284,.T.);
#14930 = PLANE('',#14931);
#14931 = AXIS2_PLACEMENT_3D('',#14932,#14933,#14934);
#14932 = CARTESIAN_POINT('',(21.000000857143,0.94237900848,
    7.785862354323));
#14933 = DIRECTION('',(-0.707106781187,0.5,0.5));
#14934 = DIRECTION('',(-8.659560562355E-17,-0.707106781187,
    0.707106781187));
#14935 = ADVANCED_FACE('',(#14936),#14947,.T.);
#14936 = FACE_BOUND('',#14937,.T.);
#14937 = EDGE_LOOP('',(#14938,#14939,#14945,#14946));
#14938 = ORIENTED_EDGE('',*,*,#14924,.F.);
#14939 = ORIENTED_EDGE('',*,*,#14940,.F.);
#14940 = EDGE_CURVE('',#14411,#14917,#14941,.T.);
#14941 = LINE('',#14942,#14943);
#14942 = CARTESIAN_POINT('',(21.050000857143,1.077734347539,
    7.321217693382));
#14943 = VECTOR('',#14944,1.);
#14944 = DIRECTION('',(-1.499759782662E-32,-1.224646799147E-16,1.));
#14945 = ORIENTED_EDGE('',*,*,#14410,.T.);
#14946 = ORIENTED_EDGE('',*,*,#14292,.T.);
#14947 = PLANE('',#14948);
#14948 = AXIS2_PLACEMENT_3D('',#14949,#14950,#14951);
#14949 = CARTESIAN_POINT('',(21.000000857143,1.027734347539,
    7.521217693382));
#14950 = DIRECTION('',(-0.707106781187,0.707106781187,8.659560562355E-17
    ));
#14951 = DIRECTION('',(-1.499759782662E-32,-1.224646799147E-16,1.));
#14952 = ADVANCED_FACE('',(#14953),#14978,.F.);
#14953 = FACE_BOUND('',#14954,.T.);
#14954 = EDGE_LOOP('',(#14955,#14956,#14964,#14972));
#14955 = ORIENTED_EDGE('',*,*,#14443,.T.);
#14956 = ORIENTED_EDGE('',*,*,#14957,.F.);
#14957 = EDGE_CURVE('',#14958,#14436,#14960,.T.);
#14958 = VERTEX_POINT('',#14959);
#14959 = CARTESIAN_POINT('',(-2.199999142857,1.077734347539,
    7.721217693382));
#14960 = LINE('',#14961,#14962);
#14961 = CARTESIAN_POINT('',(-2.199999142857,1.077734347539,
    7.721217693382));
#14962 = VECTOR('',#14963,1.);
#14963 = DIRECTION('',(1.499759782662E-32,1.224646799147E-16,-1.));
#14964 = ORIENTED_EDGE('',*,*,#14965,.F.);
#14965 = EDGE_CURVE('',#14966,#14958,#14968,.T.);
#14966 = VERTEX_POINT('',#14967);
#14967 = CARTESIAN_POINT('',(-1.549999142857,1.077734347539,
    7.721217693382));
#14968 = LINE('',#14969,#14970);
#14969 = CARTESIAN_POINT('',(-1.549999142857,1.077734347539,
    7.721217693382));
#14970 = VECTOR('',#14971,1.);
#14971 = DIRECTION('',(-1.,1.224646799147E-16,0.));
#14972 = ORIENTED_EDGE('',*,*,#14973,.T.);
#14973 = EDGE_CURVE('',#14966,#14444,#14974,.T.);
#14974 = LINE('',#14975,#14976);
#14975 = CARTESIAN_POINT('',(-1.549999142857,1.077734347539,
    7.721217693382));
#14976 = VECTOR('',#14977,1.);
#14977 = DIRECTION('',(1.499759782662E-32,1.224646799147E-16,-1.));
#14978 = PLANE('',#14979);
#14979 = AXIS2_PLACEMENT_3D('',#14980,#14981,#14982);
#14980 = CARTESIAN_POINT('',(21.700000857143,1.077734347539,
    7.721217693382));
#14981 = DIRECTION('',(-1.224646799147E-16,-1.,-1.224646799147E-16));
#14982 = DIRECTION('',(-1.499759782662E-32,-1.224646799147E-16,1.));
#14983 = ADVANCED_FACE('',(#14984),#14995,.F.);
#14984 = FACE_BOUND('',#14985,.T.);
#14985 = EDGE_LOOP('',(#14986,#14992,#14993,#14994));
#14986 = ORIENTED_EDGE('',*,*,#14987,.F.);
#14987 = EDGE_CURVE('',#3874,#14917,#14988,.T.);
#14988 = LINE('',#14989,#14990);
#14989 = CARTESIAN_POINT('',(21.700000857143,1.077734347539,
    7.721217693382));
#14990 = VECTOR('',#14991,1.);
#14991 = DIRECTION('',(-1.,1.224646799147E-16,0.));
#14992 = ORIENTED_EDGE('',*,*,#3873,.T.);
#14993 = ORIENTED_EDGE('',*,*,#14465,.T.);
#14994 = ORIENTED_EDGE('',*,*,#14940,.T.);
#14995 = PLANE('',#14996);
#14996 = AXIS2_PLACEMENT_3D('',#14997,#14998,#14999);
#14997 = CARTESIAN_POINT('',(21.700000857143,1.077734347539,
    7.721217693382));
#14998 = DIRECTION('',(-1.224646799147E-16,-1.,-1.224646799147E-16));
#14999 = DIRECTION('',(-1.499759782662E-32,-1.224646799147E-16,1.));
#15000 = ADVANCED_FACE('',(#15001),#15012,.T.);
#15001 = FACE_BOUND('',#15002,.T.);
#15002 = EDGE_LOOP('',(#15003,#15004,#15005,#15011));
#15003 = ORIENTED_EDGE('',*,*,#14491,.F.);
#15004 = ORIENTED_EDGE('',*,*,#14973,.F.);
#15005 = ORIENTED_EDGE('',*,*,#15006,.T.);
#15006 = EDGE_CURVE('',#14966,#14523,#15007,.T.);
#15007 = LINE('',#15008,#15009);
#15008 = CARTESIAN_POINT('',(-1.549999142857,1.077734347539,
    7.721217693382));
#15009 = VECTOR('',#15010,1.);
#15010 = DIRECTION('',(0.678598344546,-0.678598344546,-0.281084637715));
#15011 = ORIENTED_EDGE('',*,*,#14522,.T.);
#15012 = PLANE('',#15013);
#15013 = AXIS2_PLACEMENT_3D('',#15014,#15015,#15016);
#15014 = CARTESIAN_POINT('',(-1.499999142857,1.027734347539,
    7.521217693382));
#15015 = DIRECTION('',(0.707106781186,0.707106781187,8.659560562356E-17)
  );
#15016 = DIRECTION('',(1.499759782662E-32,1.224646799147E-16,-1.));
#15017 = ADVANCED_FACE('',(#15018),#15034,.T.);
#15018 = FACE_BOUND('',#15019,.T.);
#15019 = EDGE_LOOP('',(#15020,#15021,#15027,#15033));
#15020 = ORIENTED_EDGE('',*,*,#15006,.F.);
#15021 = ORIENTED_EDGE('',*,*,#15022,.F.);
#15022 = EDGE_CURVE('',#4724,#14966,#15023,.T.);
#15023 = LINE('',#15024,#15025);
#15024 = CARTESIAN_POINT('',(-1.549999142857,0.877734347539,
    7.921217693382));
#15025 = VECTOR('',#15026,1.);
#15026 = DIRECTION('',(8.659560562355E-17,0.707106781187,-0.707106781187
    ));
#15027 = ORIENTED_EDGE('',*,*,#15028,.T.);
#15028 = EDGE_CURVE('',#4724,#14531,#15029,.T.);
#15029 = LINE('',#15030,#15031);
#15030 = CARTESIAN_POINT('',(-1.549999142857,0.877734347539,
    7.921217693382));
#15031 = VECTOR('',#15032,1.);
#15032 = DIRECTION('',(0.678598344546,-0.281084637715,-0.678598344546));
#15033 = ORIENTED_EDGE('',*,*,#14530,.T.);
#15034 = PLANE('',#15035);
#15035 = AXIS2_PLACEMENT_3D('',#15036,#15037,#15038);
#15036 = CARTESIAN_POINT('',(-1.499999142857,0.94237900848,
    7.785862354323));
#15037 = DIRECTION('',(0.707106781187,0.5,0.5));
#15038 = DIRECTION('',(0.57735026919,-1.094909015584E-16,-0.816496580928
    ));
#15039 = ADVANCED_FACE('',(#15040),#15046,.T.);
#15040 = FACE_BOUND('',#15041,.T.);
#15041 = EDGE_LOOP('',(#15042,#15043,#15044,#15045));
#15042 = ORIENTED_EDGE('',*,*,#15028,.F.);
#15043 = ORIENTED_EDGE('',*,*,#4723,.F.);
#15044 = ORIENTED_EDGE('',*,*,#14800,.F.);
#15045 = ORIENTED_EDGE('',*,*,#14538,.T.);
#15046 = PLANE('',#15047);
#15047 = AXIS2_PLACEMENT_3D('',#15048,#15049,#15050);
#15048 = CARTESIAN_POINT('',(-1.499999142857,0.582734347539,
    7.871217693382));
#15049 = DIRECTION('',(0.707106781187,-1.731912112471E-16,0.707106781187
    ));
#15050 = DIRECTION('',(0.707106781187,0.,-0.707106781187));
#15051 = ADVANCED_FACE('',(#15052),#15063,.F.);
#15052 = FACE_BOUND('',#15053,.T.);
#15053 = EDGE_LOOP('',(#15054,#15055,#15061,#15062));
#15054 = ORIENTED_EDGE('',*,*,#14965,.T.);
#15055 = ORIENTED_EDGE('',*,*,#15056,.F.);
#15056 = EDGE_CURVE('',#4732,#14958,#15057,.T.);
#15057 = LINE('',#15058,#15059);
#15058 = CARTESIAN_POINT('',(-2.199999142857,0.877734347539,
    7.921217693382));
#15059 = VECTOR('',#15060,1.);
#15060 = DIRECTION('',(8.659560562355E-17,0.707106781187,-0.707106781187
    ));
#15061 = ORIENTED_EDGE('',*,*,#4731,.T.);
#15062 = ORIENTED_EDGE('',*,*,#15022,.T.);
#15063 = PLANE('',#15064);
#15064 = AXIS2_PLACEMENT_3D('',#15065,#15066,#15067);
#15065 = CARTESIAN_POINT('',(21.700000857143,0.877734347539,
    7.921217693382));
#15066 = DIRECTION('',(-8.659560562355E-17,-0.707106781187,
    -0.707106781187));
#15067 = DIRECTION('',(1.,-1.224646799147E-16,0.));
#15068 = ADVANCED_FACE('',(#15069),#15075,.F.);
#15069 = FACE_BOUND('',#15070,.T.);
#15070 = EDGE_LOOP('',(#15071,#15072,#15073,#15074));
#15071 = ORIENTED_EDGE('',*,*,#4667,.T.);
#15072 = ORIENTED_EDGE('',*,*,#3881,.T.);
#15073 = ORIENTED_EDGE('',*,*,#14987,.T.);
#15074 = ORIENTED_EDGE('',*,*,#14916,.T.);
#15075 = PLANE('',#15076);
#15076 = AXIS2_PLACEMENT_3D('',#15077,#15078,#15079);
#15077 = CARTESIAN_POINT('',(21.700000857143,0.877734347539,
    7.921217693382));
#15078 = DIRECTION('',(-8.659560562355E-17,-0.707106781187,
    -0.707106781187));
#15079 = DIRECTION('',(1.,-1.224646799147E-16,0.));
#15080 = ADVANCED_FACE('',(#15081),#15116,.T.);
#15081 = FACE_BOUND('',#15082,.T.);
#15082 = EDGE_LOOP('',(#15083,#15084,#15085,#15093,#15101,#15107,#15108,
    #15109,#15110,#15111,#15112,#15113,#15114,#15115));
#15083 = ORIENTED_EDGE('',*,*,#3750,.F.);
#15084 = ORIENTED_EDGE('',*,*,#314,.T.);
#15085 = ORIENTED_EDGE('',*,*,#15086,.T.);
#15086 = EDGE_CURVE('',#307,#15087,#15089,.T.);
#15087 = VERTEX_POINT('',#15088);
#15088 = CARTESIAN_POINT('',(-2.199999142857,3.147734347539,
    0.221217693382));
#15089 = LINE('',#15090,#15091);
#15090 = CARTESIAN_POINT('',(-2.199999142857,3.147734347539,
    -2.878230661791E-02));
#15091 = VECTOR('',#15092,1.);
#15092 = DIRECTION('',(-1.499759782662E-32,-1.224646799147E-16,1.));
#15093 = ORIENTED_EDGE('',*,*,#15094,.T.);
#15094 = EDGE_CURVE('',#15087,#15095,#15097,.T.);
#15095 = VERTEX_POINT('',#15096);
#15096 = CARTESIAN_POINT('',(-2.199999142857,0.137734347539,
    0.221217693382));
#15097 = LINE('',#15098,#15099);
#15098 = CARTESIAN_POINT('',(-2.199999142857,3.147734347539,
    0.221217693382));
#15099 = VECTOR('',#15100,1.);
#15100 = DIRECTION('',(-1.224646799147E-16,-1.,-1.224646799147E-16));
#15101 = ORIENTED_EDGE('',*,*,#15102,.F.);
#15102 = EDGE_CURVE('',#283,#15095,#15103,.T.);
#15103 = LINE('',#15104,#15105);
#15104 = CARTESIAN_POINT('',(-2.199999142857,0.137734347539,
    -2.878230661791E-02));
#15105 = VECTOR('',#15106,1.);
#15106 = DIRECTION('',(-1.499759782662E-32,-1.224646799147E-16,1.));
#15107 = ORIENTED_EDGE('',*,*,#282,.T.);
#15108 = ORIENTED_EDGE('',*,*,#4186,.T.);
#15109 = ORIENTED_EDGE('',*,*,#4739,.F.);
#15110 = ORIENTED_EDGE('',*,*,#15056,.T.);
#15111 = ORIENTED_EDGE('',*,*,#14957,.T.);
#15112 = ORIENTED_EDGE('',*,*,#14435,.T.);
#15113 = ORIENTED_EDGE('',*,*,#2873,.F.);
#15114 = ORIENTED_EDGE('',*,*,#3169,.F.);
#15115 = ORIENTED_EDGE('',*,*,#3608,.T.);
#15116 = PLANE('',#15117);
#15117 = AXIS2_PLACEMENT_3D('',#15118,#15119,#15120);
#15118 = CARTESIAN_POINT('',(-2.199999142857,5.787734347539,
    -2.878230661791E-02));
#15119 = DIRECTION('',(-1.,1.224646799147E-16,0.));
#15120 = DIRECTION('',(1.224646799147E-16,1.,1.224646799147E-16));
#15121 = ADVANCED_FACE('',(#15122),#15140,.T.);
#15122 = FACE_BOUND('',#15123,.T.);
#15123 = EDGE_LOOP('',(#15124,#15125,#15133,#15139));
#15124 = ORIENTED_EDGE('',*,*,#15102,.T.);
#15125 = ORIENTED_EDGE('',*,*,#15126,.T.);
#15126 = EDGE_CURVE('',#15095,#15127,#15129,.T.);
#15127 = VERTEX_POINT('',#15128);
#15128 = CARTESIAN_POINT('',(-0.399999142857,0.137734347539,
    0.221217693382));
#15129 = LINE('',#15130,#15131);
#15130 = CARTESIAN_POINT('',(-2.199999142857,0.137734347539,
    0.221217693382));
#15131 = VECTOR('',#15132,1.);
#15132 = DIRECTION('',(1.,-1.224646799147E-16,0.));
#15133 = ORIENTED_EDGE('',*,*,#15134,.T.);
#15134 = EDGE_CURVE('',#15127,#291,#15135,.T.);
#15135 = LINE('',#15136,#15137);
#15136 = CARTESIAN_POINT('',(-0.399999142857,0.137734347539,
    0.221217693382));
#15137 = VECTOR('',#15138,1.);
#15138 = DIRECTION('',(1.499759782662E-32,1.224646799147E-16,-1.));
#15139 = ORIENTED_EDGE('',*,*,#290,.F.);
#15140 = PLANE('',#15141);
#15141 = AXIS2_PLACEMENT_3D('',#15142,#15143,#15144);
#15142 = CARTESIAN_POINT('',(-2.199999142857,0.137734347539,
    0.221217693382));
#15143 = DIRECTION('',(1.224646799147E-16,1.,1.224646799147E-16));
#15144 = DIRECTION('',(-1.,1.224646799147E-16,0.));
#15145 = ADVANCED_FACE('',(#15146),#15164,.F.);
#15146 = FACE_BOUND('',#15147,.T.);
#15147 = EDGE_LOOP('',(#15148,#15149,#15157,#15163));
#15148 = ORIENTED_EDGE('',*,*,#15134,.F.);
#15149 = ORIENTED_EDGE('',*,*,#15150,.F.);
#15150 = EDGE_CURVE('',#15151,#15127,#15153,.T.);
#15151 = VERTEX_POINT('',#15152);
#15152 = CARTESIAN_POINT('',(-0.399999142857,3.147734347539,
    0.221217693382));
#15153 = LINE('',#15154,#15155);
#15154 = CARTESIAN_POINT('',(-0.399999142857,3.147734347539,
    0.221217693382));
#15155 = VECTOR('',#15156,1.);
#15156 = DIRECTION('',(-1.224646799147E-16,-1.,-1.224646799147E-16));
#15157 = ORIENTED_EDGE('',*,*,#15158,.F.);
#15158 = EDGE_CURVE('',#299,#15151,#15159,.T.);
#15159 = LINE('',#15160,#15161);
#15160 = CARTESIAN_POINT('',(-0.399999142857,3.147734347539,
    -2.878230661791E-02));
#15161 = VECTOR('',#15162,1.);
#15162 = DIRECTION('',(-1.499759782662E-32,-1.224646799147E-16,1.));
#15163 = ORIENTED_EDGE('',*,*,#298,.F.);
#15164 = PLANE('',#15165);
#15165 = AXIS2_PLACEMENT_3D('',#15166,#15167,#15168);
#15166 = CARTESIAN_POINT('',(-0.399999142857,3.187734347539,
    -2.878230661791E-02));
#15167 = DIRECTION('',(1.,-1.224646799147E-16,0.));
#15168 = DIRECTION('',(1.499759782662E-32,1.224646799147E-16,-1.));
#15169 = ADVANCED_FACE('',(#15170),#15181,.T.);
#15170 = FACE_BOUND('',#15171,.T.);
#15171 = EDGE_LOOP('',(#15172,#15173,#15179,#15180));
#15172 = ORIENTED_EDGE('',*,*,#15158,.T.);
#15173 = ORIENTED_EDGE('',*,*,#15174,.F.);
#15174 = EDGE_CURVE('',#15087,#15151,#15175,.T.);
#15175 = LINE('',#15176,#15177);
#15176 = CARTESIAN_POINT('',(-2.199999142857,3.147734347539,
    0.221217693382));
#15177 = VECTOR('',#15178,1.);
#15178 = DIRECTION('',(1.,-1.224646799147E-16,0.));
#15179 = ORIENTED_EDGE('',*,*,#15086,.F.);
#15180 = ORIENTED_EDGE('',*,*,#306,.T.);
#15181 = PLANE('',#15182);
#15182 = AXIS2_PLACEMENT_3D('',#15183,#15184,#15185);
#15183 = CARTESIAN_POINT('',(-2.199999142857,3.147734347539,
    -2.878230661791E-02));
#15184 = DIRECTION('',(-1.224646799147E-16,-1.,-1.224646799147E-16));
#15185 = DIRECTION('',(-1.499759782662E-32,-1.224646799147E-16,1.));
#15186 = ADVANCED_FACE('',(#15187),#15193,.T.);
#15187 = FACE_BOUND('',#15188,.T.);
#15188 = EDGE_LOOP('',(#15189,#15190,#15191,#15192));
#15189 = ORIENTED_EDGE('',*,*,#15174,.T.);
#15190 = ORIENTED_EDGE('',*,*,#15150,.T.);
#15191 = ORIENTED_EDGE('',*,*,#15126,.F.);
#15192 = ORIENTED_EDGE('',*,*,#15094,.F.);
#15193 = PLANE('',#15194);
#15194 = AXIS2_PLACEMENT_3D('',#15195,#15196,#15197);
#15195 = CARTESIAN_POINT('',(-2.199999142857,3.147734347539,
    0.221217693382));
#15196 = DIRECTION('',(1.499759782662E-32,1.224646799147E-16,-1.));
#15197 = DIRECTION('',(-1.,1.224646799147E-16,0.));
#15198 = ADVANCED_FACE('',(#15199),#15205,.F.);
#15199 = FACE_BOUND('',#15200,.T.);
#15200 = EDGE_LOOP('',(#15201,#15202,#15203,#15204));
#15201 = ORIENTED_EDGE('',*,*,#4746,.F.);
#15202 = ORIENTED_EDGE('',*,*,#4170,.T.);
#15203 = ORIENTED_EDGE('',*,*,#4596,.T.);
#15204 = ORIENTED_EDGE('',*,*,#4610,.F.);
#15205 = PLANE('',#15206);
#15206 = AXIS2_PLACEMENT_3D('',#15207,#15208,#15209);
#15207 = CARTESIAN_POINT('',(0.650000857143,-0.762265652461,
    7.921217693382));
#15208 = DIRECTION('',(-0.847998304005,1.687559914109E-16,
    -0.529998940003));
#15209 = DIRECTION('',(-1.224646799147E-16,-1.,-1.224646799147E-16));
#15210 = ADVANCED_FACE('',(#15211),#15217,.F.);
#15211 = FACE_BOUND('',#15212,.T.);
#15212 = EDGE_LOOP('',(#15213,#15214,#15215,#15216));
#15213 = ORIENTED_EDGE('',*,*,#4337,.F.);
#15214 = ORIENTED_EDGE('',*,*,#4482,.F.);
#15215 = ORIENTED_EDGE('',*,*,#4071,.F.);
#15216 = ORIENTED_EDGE('',*,*,#4383,.T.);
#15217 = PLANE('',#15218);
#15218 = AXIS2_PLACEMENT_3D('',#15219,#15220,#15221);
#15219 = CARTESIAN_POINT('',(15.950000857143,-0.762265652461,
    -2.878230661791E-02));
#15220 = DIRECTION('',(-1.,1.224646799147E-16,0.));
#15221 = DIRECTION('',(1.224646799147E-16,1.,1.224646799147E-16));
#15222 = ADVANCED_FACE('',(#15223),#15229,.F.);
#15223 = FACE_BOUND('',#15224,.T.);
#15224 = EDGE_LOOP('',(#15225,#15226,#15227,#15228));
#15225 = ORIENTED_EDGE('',*,*,#4089,.T.);
#15226 = ORIENTED_EDGE('',*,*,#4475,.F.);
#15227 = ORIENTED_EDGE('',*,*,#4239,.F.);
#15228 = ORIENTED_EDGE('',*,*,#4376,.T.);
#15229 = PLANE('',#15230);
#15230 = AXIS2_PLACEMENT_3D('',#15231,#15232,#15233);
#15231 = CARTESIAN_POINT('',(10.750000857143,-0.512265652461,
    -2.878230661791E-02));
#15232 = DIRECTION('',(0.707106781187,0.707106781187,8.659560562355E-17)
  );
#15233 = DIRECTION('',(1.499759782662E-32,1.224646799147E-16,-1.));
#15234 = ADVANCED_FACE('',(#15235),#15241,.F.);
#15235 = FACE_BOUND('',#15236,.T.);
#15236 = EDGE_LOOP('',(#15237,#15238,#15239,#15240));
#15237 = ORIENTED_EDGE('',*,*,#4257,.T.);
#15238 = ORIENTED_EDGE('',*,*,#4468,.F.);
#15239 = ORIENTED_EDGE('',*,*,#4111,.F.);
#15240 = ORIENTED_EDGE('',*,*,#4405,.T.);
#15241 = PLANE('',#15242);
#15242 = AXIS2_PLACEMENT_3D('',#15243,#15244,#15245);
#15243 = CARTESIAN_POINT('',(8.500000857143,-0.762265652461,
    -2.878230661791E-02));
#15244 = DIRECTION('',(-0.707106781187,0.707106781187,8.659560562355E-17
    ));
#15245 = DIRECTION('',(-1.499759782662E-32,-1.224646799147E-16,1.));
#15246 = ADVANCED_FACE('',(#15247),#15253,.F.);
#15247 = FACE_BOUND('',#15248,.T.);
#15248 = EDGE_LOOP('',(#15249,#15250,#15251,#15252));
#15249 = ORIENTED_EDGE('',*,*,#4305,.F.);
#15250 = ORIENTED_EDGE('',*,*,#4420,.F.);
#15251 = ORIENTED_EDGE('',*,*,#4193,.F.);
#15252 = ORIENTED_EDGE('',*,*,#264,.T.);
#15253 = PLANE('',#15254);
#15254 = AXIS2_PLACEMENT_3D('',#15255,#15256,#15257);
#15255 = CARTESIAN_POINT('',(-0.499999142857,-0.762265652461,
    0.221217693382));
#15256 = DIRECTION('',(-1.,1.224646799147E-16,0.));
#15257 = DIRECTION('',(1.224646799147E-16,1.,1.224646799147E-16));
#15258 = ADVANCED_FACE('',(#15259),#15270,.T.);
#15259 = FACE_BOUND('',#15260,.T.);
#15260 = EDGE_LOOP('',(#15261,#15262,#15263,#15269));
#15261 = ORIENTED_EDGE('',*,*,#2337,.T.);
#15262 = ORIENTED_EDGE('',*,*,#2912,.F.);
#15263 = ORIENTED_EDGE('',*,*,#15264,.T.);
#15264 = EDGE_CURVE('',#2905,#2021,#15265,.T.);
#15265 = LINE('',#15266,#15267);
#15266 = CARTESIAN_POINT('',(-0.649999142857,3.377734347539,
    7.121217693382));
#15267 = VECTOR('',#15268,1.);
#15268 = DIRECTION('',(1.499759782662E-32,1.224646799147E-16,-1.));
#15269 = ORIENTED_EDGE('',*,*,#2020,.T.);
#15270 = PLANE('',#15271);
#15271 = AXIS2_PLACEMENT_3D('',#15272,#15273,#15274);
#15272 = CARTESIAN_POINT('',(-0.649999142857,3.377734347539,
    7.121217693382));
#15273 = DIRECTION('',(1.,-1.224646799147E-16,0.));
#15274 = DIRECTION('',(1.499759782662E-32,1.224646799147E-16,-1.));
#15275 = ADVANCED_FACE('',(#15276),#15287,.T.);
#15276 = FACE_BOUND('',#15277,.T.);
#15277 = EDGE_LOOP('',(#15278,#15279,#15280,#15286));
#15278 = ORIENTED_EDGE('',*,*,#15264,.F.);
#15279 = ORIENTED_EDGE('',*,*,#2904,.F.);
#15280 = ORIENTED_EDGE('',*,*,#15281,.T.);
#15281 = EDGE_CURVE('',#2897,#2029,#15282,.T.);
#15282 = LINE('',#15283,#15284);
#15283 = CARTESIAN_POINT('',(-0.949999142857,3.377734347539,
    7.121217693382));
#15284 = VECTOR('',#15285,1.);
#15285 = DIRECTION('',(1.499759782662E-32,1.224646799147E-16,-1.));
#15286 = ORIENTED_EDGE('',*,*,#2028,.T.);
#15287 = PLANE('',#15288);
#15288 = AXIS2_PLACEMENT_3D('',#15289,#15290,#15291);
#15289 = CARTESIAN_POINT('',(-0.949999142857,3.377734347539,
    7.121217693382));
#15290 = DIRECTION('',(-1.224646799147E-16,-1.,-1.224646799147E-16));
#15291 = DIRECTION('',(-1.499759782662E-32,-1.224646799147E-16,1.));
#15292 = ADVANCED_FACE('',(#15293),#15299,.T.);
#15293 = FACE_BOUND('',#15294,.T.);
#15294 = EDGE_LOOP('',(#15295,#15296,#15297,#15298));
#15295 = ORIENTED_EDGE('',*,*,#15281,.F.);
#15296 = ORIENTED_EDGE('',*,*,#2896,.F.);
#15297 = ORIENTED_EDGE('',*,*,#2306,.F.);
#15298 = ORIENTED_EDGE('',*,*,#2036,.T.);
#15299 = PLANE('',#15300);
#15300 = AXIS2_PLACEMENT_3D('',#15301,#15302,#15303);
#15301 = CARTESIAN_POINT('',(-0.949999142857,3.407734347539,
    7.121217693382));
#15302 = DIRECTION('',(-1.,1.224646799147E-16,0.));
#15303 = DIRECTION('',(1.224646799147E-16,1.,1.224646799147E-16));
#15304 = ADVANCED_FACE('',(#15305),#15316,.T.);
#15305 = FACE_BOUND('',#15306,.T.);
#15306 = EDGE_LOOP('',(#15307,#15308,#15309,#15315));
#15307 = ORIENTED_EDGE('',*,*,#2267,.T.);
#15308 = ORIENTED_EDGE('',*,*,#2834,.F.);
#15309 = ORIENTED_EDGE('',*,*,#15310,.T.);
#15310 = EDGE_CURVE('',#2827,#2158,#15311,.T.);
#15311 = LINE('',#15312,#15313);
#15312 = CARTESIAN_POINT('',(20.450000857143,3.377734347539,
    7.121217693382));
#15313 = VECTOR('',#15314,1.);
#15314 = DIRECTION('',(1.499759782662E-32,1.224646799147E-16,-1.));
#15315 = ORIENTED_EDGE('',*,*,#2157,.T.);
#15316 = PLANE('',#15317);
#15317 = AXIS2_PLACEMENT_3D('',#15318,#15319,#15320);
#15318 = CARTESIAN_POINT('',(20.450000857143,3.377734347539,
    7.121217693382));
#15319 = DIRECTION('',(1.,-1.224646799147E-16,0.));
#15320 = DIRECTION('',(1.499759782662E-32,1.224646799147E-16,-1.));
#15321 = ADVANCED_FACE('',(#15322),#15328,.T.);
#15322 = FACE_BOUND('',#15323,.T.);
#15323 = EDGE_LOOP('',(#15324,#15325,#15326,#15327));
#15324 = ORIENTED_EDGE('',*,*,#15310,.F.);
#15325 = ORIENTED_EDGE('',*,*,#2826,.F.);
#15326 = ORIENTED_EDGE('',*,*,#2187,.T.);
#15327 = ORIENTED_EDGE('',*,*,#2165,.T.);
#15328 = PLANE('',#15329);
#15329 = AXIS2_PLACEMENT_3D('',#15330,#15331,#15332);
#15330 = CARTESIAN_POINT('',(20.150000857143,3.377734347539,
    7.121217693382));
#15331 = DIRECTION('',(-1.224646799147E-16,-1.,-1.224646799147E-16));
#15332 = DIRECTION('',(-1.499759782662E-32,-1.224646799147E-16,1.));
#15333 = ADVANCED_FACE('',(#15334),#15344,.F.);
#15334 = FACE_BOUND('',#15335,.T.);
#15335 = EDGE_LOOP('',(#15336,#15342,#15343));
#15336 = ORIENTED_EDGE('',*,*,#15337,.F.);
#15337 = EDGE_CURVE('',#2620,#2756,#15338,.T.);
#15338 = LINE('',#15339,#15340);
#15339 = CARTESIAN_POINT('',(11.850000857143,4.887734347539,
    7.021217693382));
#15340 = VECTOR('',#15341,1.);
#15341 = DIRECTION('',(8.659560562355E-17,0.707106781187,0.707106781187)
  );
#15342 = ORIENTED_EDGE('',*,*,#2619,.F.);
#15343 = ORIENTED_EDGE('',*,*,#2763,.T.);
#15344 = PLANE('',#15345);
#15345 = AXIS2_PLACEMENT_3D('',#15346,#15347,#15348);
#15346 = CARTESIAN_POINT('',(11.850000857143,2.512734347539,
    4.741217693382));
#15347 = DIRECTION('',(1.,-1.224646799147E-16,0.));
#15348 = DIRECTION('',(1.499759782662E-32,1.224646799147E-16,-1.));
#15349 = ADVANCED_FACE('',(#15350),#15361,.F.);
#15350 = FACE_BOUND('',#15351,.T.);
#15351 = EDGE_LOOP('',(#15352,#15358,#15359,#15360));
#15352 = ORIENTED_EDGE('',*,*,#15353,.F.);
#15353 = EDGE_CURVE('',#2628,#2748,#15354,.T.);
#15354 = LINE('',#15355,#15356);
#15355 = CARTESIAN_POINT('',(7.650000857143,4.887734347539,
    7.021217693382));
#15356 = VECTOR('',#15357,1.);
#15357 = DIRECTION('',(8.659560562355E-17,0.707106781187,0.707106781187)
  );
#15358 = ORIENTED_EDGE('',*,*,#2627,.T.);
#15359 = ORIENTED_EDGE('',*,*,#15337,.T.);
#15360 = ORIENTED_EDGE('',*,*,#2755,.F.);
#15361 = PLANE('',#15362);
#15362 = AXIS2_PLACEMENT_3D('',#15363,#15364,#15365);
#15363 = CARTESIAN_POINT('',(7.650000857143,4.887734347539,
    7.021217693382));
#15364 = DIRECTION('',(8.659560562355E-17,0.707106781187,-0.707106781187
    ));
#15365 = DIRECTION('',(-1.,1.224646799147E-16,0.));
#15366 = ADVANCED_FACE('',(#15367),#15372,.T.);
#15367 = FACE_BOUND('',#15368,.T.);
#15368 = EDGE_LOOP('',(#15369,#15370,#15371));
#15369 = ORIENTED_EDGE('',*,*,#2635,.T.);
#15370 = ORIENTED_EDGE('',*,*,#15353,.T.);
#15371 = ORIENTED_EDGE('',*,*,#2747,.F.);
#15372 = PLANE('',#15373);
#15373 = AXIS2_PLACEMENT_3D('',#15374,#15375,#15376);
#15374 = CARTESIAN_POINT('',(7.650000857143,2.512734347539,
    4.741217693382));
#15375 = DIRECTION('',(1.,-1.224646799147E-16,0.));
#15376 = DIRECTION('',(1.499759782662E-32,1.224646799147E-16,-1.));
#15377 = ADVANCED_FACE('',(#15378),#15403,.T.);
#15378 = FACE_BOUND('',#15379,.T.);
#15379 = EDGE_LOOP('',(#15380,#15386,#15387,#15395,#15402));
#15380 = ORIENTED_EDGE('',*,*,#15381,.F.);
#15381 = EDGE_CURVE('',#939,#32,#15382,.T.);
#15382 = LINE('',#15383,#15384);
#15383 = CARTESIAN_POINT('',(-1.299999142857,3.797734347539,
    -2.878230661791E-02));
#15384 = VECTOR('',#15385,1.);
#15385 = DIRECTION('',(-3.45914028144E-06,-1.772174270738E-09,
    -0.999999999994));
#15386 = ORIENTED_EDGE('',*,*,#947,.T.);
#15387 = ORIENTED_EDGE('',*,*,#15388,.T.);
#15388 = EDGE_CURVE('',#937,#15389,#15391,.T.);
#15389 = VERTEX_POINT('',#15390);
#15390 = CARTESIAN_POINT('',(-1.999999142857,3.797734347539,
    -0.578777239088));
#15391 = LINE('',#15392,#15393);
#15392 = CARTESIAN_POINT('',(-1.999999142857,3.797734347539,
    -2.878230661791E-02));
#15393 = VECTOR('',#15394,1.);
#15394 = DIRECTION('',(3.459140278211E-06,1.772174919386E-09,
    -0.999999999994));
#15395 = ORIENTED_EDGE('',*,*,#15396,.F.);
#15396 = EDGE_CURVE('',#66,#15389,#15397,.T.);
#15397 = CIRCLE('',#15398,0.35);
#15398 = AXIS2_PLACEMENT_3D('',#15399,#15400,#15401);
#15399 = CARTESIAN_POINT('',(-1.649999142857,3.797734347539,
    -0.578777239088));
#15400 = DIRECTION('',(1.499759782662E-32,1.224646799147E-16,-1.));
#15401 = DIRECTION('',(1.,-1.224646799147E-16,0.));
#15402 = ORIENTED_EDGE('',*,*,#81,.F.);
#15403 = CYLINDRICAL_SURFACE('',#15404,0.35);
#15404 = AXIS2_PLACEMENT_3D('',#15405,#15406,#15407);
#15405 = CARTESIAN_POINT('',(-1.649999142857,3.797734347539,
    -2.878230661791E-02));
#15406 = DIRECTION('',(-1.499759782662E-32,-1.224646799147E-16,1.));
#15407 = DIRECTION('',(1.,-1.224646799147E-16,0.));
#15408 = ADVANCED_FACE('',(#15409),#15428,.T.);
#15409 = FACE_BOUND('',#15410,.T.);
#15410 = EDGE_LOOP('',(#15411,#15412,#15413,#15421));
#15411 = ORIENTED_EDGE('',*,*,#63,.T.);
#15412 = ORIENTED_EDGE('',*,*,#15396,.T.);
#15413 = ORIENTED_EDGE('',*,*,#15414,.F.);
#15414 = EDGE_CURVE('',#15415,#15389,#15417,.T.);
#15415 = VERTEX_POINT('',#15416);
#15416 = CARTESIAN_POINT('',(-1.849995529597,3.797734347539,
    -0.728781574011));
#15417 = LINE('',#15418,#15419);
#15418 = CARTESIAN_POINT('',(-1.849996969009,3.797734347539,
    -0.728780134591));
#15419 = VECTOR('',#15420,1.);
#15420 = DIRECTION('',(-0.707104647148,1.093987567495E-09,0.707108915219
    ));
#15421 = ORIENTED_EDGE('',*,*,#15422,.F.);
#15422 = EDGE_CURVE('',#64,#15415,#15423,.T.);
#15423 = CIRCLE('',#15424,0.199996386744);
#15424 = AXIS2_PLACEMENT_3D('',#15425,#15426,#15427);
#15425 = CARTESIAN_POINT('',(-1.649999142857,3.797734347539,
    -0.728781574011));
#15426 = DIRECTION('',(1.499759782662E-32,1.224646799147E-16,-1.));
#15427 = DIRECTION('',(1.,-1.224646799147E-16,0.));
#15428 = CONICAL_SURFACE('',#15429,0.275001248388,0.785387298662);
#15429 = AXIS2_PLACEMENT_3D('',#15430,#15431,#15432);
#15430 = CARTESIAN_POINT('',(-1.649999142857,3.797734347539,
    -0.653775082534));
#15431 = DIRECTION('',(-1.499759782662E-32,-1.224646799147E-16,1.));
#15432 = DIRECTION('',(-1.224646799147E-16,-1.,-1.224646799147E-16));
#15433 = ADVANCED_FACE('',(#15434),#15446,.T.);
#15434 = FACE_BOUND('',#15435,.T.);
#15435 = EDGE_LOOP('',(#15436,#15443,#15444,#15445));
#15436 = ORIENTED_EDGE('',*,*,#15437,.T.);
#15437 = EDGE_CURVE('',#15415,#24,#15438,.T.);
#15438 = CIRCLE('',#15439,0.199996386744);
#15439 = AXIS2_PLACEMENT_3D('',#15440,#15441,#15442);
#15440 = CARTESIAN_POINT('',(-1.649999142857,3.797734347539,
    -0.728781574011));
#15441 = DIRECTION('',(1.499759782662E-32,1.224646799147E-16,-1.));
#15442 = DIRECTION('',(-1.,1.224646799147E-16,0.));
#15443 = ORIENTED_EDGE('',*,*,#48,.T.);
#15444 = ORIENTED_EDGE('',*,*,#73,.T.);
#15445 = ORIENTED_EDGE('',*,*,#15422,.T.);
#15446 = PLANE('',#15447);
#15447 = AXIS2_PLACEMENT_3D('',#15448,#15449,#15450);
#15448 = CARTESIAN_POINT('',(9.750000857143,3.187734347539,
    -0.728782306618));
#15449 = DIRECTION('',(1.499759782662E-32,1.224646799147E-16,-1.));
#15450 = DIRECTION('',(-1.,1.224646799147E-16,0.));
#15451 = ADVANCED_FACE('',(#15452),#15464,.T.);
#15452 = FACE_BOUND('',#15453,.T.);
#15453 = EDGE_LOOP('',(#15454,#15455,#15456,#15457));
#15454 = ORIENTED_EDGE('',*,*,#21,.T.);
#15455 = ORIENTED_EDGE('',*,*,#15437,.F.);
#15456 = ORIENTED_EDGE('',*,*,#15414,.T.);
#15457 = ORIENTED_EDGE('',*,*,#15458,.T.);
#15458 = EDGE_CURVE('',#15389,#22,#15459,.T.);
#15459 = CIRCLE('',#15460,0.35);
#15460 = AXIS2_PLACEMENT_3D('',#15461,#15462,#15463);
#15461 = CARTESIAN_POINT('',(-1.649999142857,3.797734347539,
    -0.578777239088));
#15462 = DIRECTION('',(1.499759782662E-32,1.224646799147E-16,-1.));
#15463 = DIRECTION('',(-1.,1.224646799147E-16,0.));
#15464 = CONICAL_SURFACE('',#15465,0.275001248388,0.785387298662);
#15465 = AXIS2_PLACEMENT_3D('',#15466,#15467,#15468);
#15466 = CARTESIAN_POINT('',(-1.649999142857,3.797734347539,
    -0.653775082534));
#15467 = DIRECTION('',(-1.499759782662E-32,-1.224646799147E-16,1.));
#15468 = DIRECTION('',(-1.224646799147E-16,-1.,-1.224646799147E-16));
#15469 = ADVANCED_FACE('',(#15470),#15477,.T.);
#15470 = FACE_BOUND('',#15471,.T.);
#15471 = EDGE_LOOP('',(#15472,#15473,#15474,#15475,#15476));
#15472 = ORIENTED_EDGE('',*,*,#15388,.F.);
#15473 = ORIENTED_EDGE('',*,*,#936,.T.);
#15474 = ORIENTED_EDGE('',*,*,#15381,.T.);
#15475 = ORIENTED_EDGE('',*,*,#31,.F.);
#15476 = ORIENTED_EDGE('',*,*,#15458,.F.);
#15477 = CYLINDRICAL_SURFACE('',#15478,0.35);
#15478 = AXIS2_PLACEMENT_3D('',#15479,#15480,#15481);
#15479 = CARTESIAN_POINT('',(-1.649999142857,3.797734347539,
    -2.878230661791E-02));
#15480 = DIRECTION('',(-1.499759782662E-32,-1.224646799147E-16,1.));
#15481 = DIRECTION('',(1.,-1.224646799147E-16,0.));
#15482 = GEOMETRIC_CURVE_SET('',(#15483,#15491));
#15483 = TRIMMED_CURVE('',#15484,(#15489,PARAMETER_VALUE(0.)),(#15490,
    PARAMETER_VALUE(3.141592653589)),.T.,.PARAMETER.);
#15484 = CIRCLE('',#15485,0.4);
#15485 = AXIS2_PLACEMENT_3D('',#15486,#15487,#15488);
#15486 = CARTESIAN_POINT('',(-1.649999142857,3.797734347539,
    -2.878230661791E-02));
#15487 = DIRECTION('',(1.499759782662E-32,1.224646799147E-16,-1.));
#15488 = DIRECTION('',(-1.,1.224646799147E-16,0.));
#15489 = CARTESIAN_POINT('',(-2.049999142857,3.797734347539,
    -2.878230661791E-02));
#15490 = CARTESIAN_POINT('',(-1.249999142857,3.797734347539,
    -2.878230661791E-02));
#15491 = TRIMMED_CURVE('',#15492,(#15497,PARAMETER_VALUE(0.)),(#15498,
    PARAMETER_VALUE(3.141592653589)),.T.,.PARAMETER.);
#15492 = CIRCLE('',#15493,0.4);
#15493 = AXIS2_PLACEMENT_3D('',#15494,#15495,#15496);
#15494 = CARTESIAN_POINT('',(-1.649999142857,3.797734347539,
    -2.878230661791E-02));
#15495 = DIRECTION('',(1.499759782662E-32,1.224646799147E-16,-1.));
#15496 = DIRECTION('',(1.,-1.224646799147E-16,0.));
#15497 = CARTESIAN_POINT('',(-1.249999142857,3.797734347539,
    -2.878230661791E-02));
#15498 = CARTESIAN_POINT('',(-2.049999142857,3.797734347539,
    -2.878230661791E-02));
#15499 = GEOMETRIC_CURVE_SET('',(#15500,#15508));
#15500 = TRIMMED_CURVE('',#15501,(#15506,PARAMETER_VALUE(0.)),(#15507,
    PARAMETER_VALUE(3.141592653589)),.T.,.PARAMETER.);
#15501 = CIRCLE('',#15502,0.35);
#15502 = AXIS2_PLACEMENT_3D('',#15503,#15504,#15505);
#15503 = CARTESIAN_POINT('',(8.571428562476E-07,-2.265652461261E-03,
    -2.878230661791E-02));
#15504 = DIRECTION('',(1.499759782662E-32,1.224646799147E-16,-1.));
#15505 = DIRECTION('',(-1.,1.224646799147E-16,0.));
#15506 = CARTESIAN_POINT('',(-0.349999142857,-2.265652461364E-03,
    -2.878230661791E-02));
#15507 = CARTESIAN_POINT('',(0.350000857143,-2.265652461157E-03,
    -2.878230661791E-02));
#15508 = TRIMMED_CURVE('',#15509,(#15514,PARAMETER_VALUE(0.)),(#15515,
    PARAMETER_VALUE(3.141592653589)),.T.,.PARAMETER.);
#15509 = CIRCLE('',#15510,0.35);
#15510 = AXIS2_PLACEMENT_3D('',#15511,#15512,#15513);
#15511 = CARTESIAN_POINT('',(8.571428562476E-07,-2.265652461261E-03,
    -2.878230661791E-02));
#15512 = DIRECTION('',(1.499759782662E-32,1.224646799147E-16,-1.));
#15513 = DIRECTION('',(1.,-1.224646799147E-16,0.));
#15514 = CARTESIAN_POINT('',(0.350000857143,-2.265652461157E-03,
    -2.878230661791E-02));
#15515 = CARTESIAN_POINT('',(-0.349999142857,-2.265652461364E-03,
    -2.878230661791E-02));
#15516 = GEOMETRIC_CURVE_SET('',(#15517,#15525));
#15517 = TRIMMED_CURVE('',#15518,(#15523,PARAMETER_VALUE(0.)),(#15524,
    PARAMETER_VALUE(3.141592653589)),.T.,.PARAMETER.);
#15518 = CIRCLE('',#15519,0.35);
#15519 = AXIS2_PLACEMENT_3D('',#15520,#15521,#15522);
#15520 = CARTESIAN_POINT('',(3.000000857143,-2.265652461261E-03,
    -2.878230661791E-02));
#15521 = DIRECTION('',(1.499759782662E-32,1.224646799147E-16,-1.));
#15522 = DIRECTION('',(-1.,1.224646799147E-16,0.));
#15523 = CARTESIAN_POINT('',(2.650000857143,-2.265652461365E-03,
    -2.878230661791E-02));
#15524 = CARTESIAN_POINT('',(3.350000857143,-2.265652461157E-03,
    -2.878230661791E-02));
#15525 = TRIMMED_CURVE('',#15526,(#15531,PARAMETER_VALUE(0.)),(#15532,
    PARAMETER_VALUE(3.141592653589)),.T.,.PARAMETER.);
#15526 = CIRCLE('',#15527,0.35);
#15527 = AXIS2_PLACEMENT_3D('',#15528,#15529,#15530);
#15528 = CARTESIAN_POINT('',(3.000000857143,-2.265652461261E-03,
    -2.878230661791E-02));
#15529 = DIRECTION('',(1.499759782662E-32,1.224646799147E-16,-1.));
#15530 = DIRECTION('',(1.,-1.224646799147E-16,0.));
#15531 = CARTESIAN_POINT('',(3.350000857143,-2.265652461157E-03,
    -2.878230661791E-02));
#15532 = CARTESIAN_POINT('',(2.650000857143,-2.265652461365E-03,
    -2.878230661791E-02));
#15533 = GEOMETRIC_CURVE_SET('',(#15534,#15542));
#15534 = TRIMMED_CURVE('',#15535,(#15540,PARAMETER_VALUE(0.)),(#15541,
    PARAMETER_VALUE(3.141592653589)),.T.,.PARAMETER.);
#15535 = CIRCLE('',#15536,0.35);
#15536 = AXIS2_PLACEMENT_3D('',#15537,#15538,#15539);
#15537 = CARTESIAN_POINT('',(6.000000857143,-2.265652461261E-03,
    -2.878230661791E-02));
#15538 = DIRECTION('',(1.499759782662E-32,1.224646799147E-16,-1.));
#15539 = DIRECTION('',(-1.,1.224646799147E-16,0.));
#15540 = CARTESIAN_POINT('',(5.650000857143,-2.265652461365E-03,
    -2.878230661791E-02));
#15541 = CARTESIAN_POINT('',(6.350000857143,-2.265652461158E-03,
    -2.878230661791E-02));
#15542 = TRIMMED_CURVE('',#15543,(#15548,PARAMETER_VALUE(0.)),(#15549,
    PARAMETER_VALUE(3.141592653589)),.T.,.PARAMETER.);
#15543 = CIRCLE('',#15544,0.35);
#15544 = AXIS2_PLACEMENT_3D('',#15545,#15546,#15547);
#15545 = CARTESIAN_POINT('',(6.000000857143,-2.265652461261E-03,
    -2.878230661791E-02));
#15546 = DIRECTION('',(1.499759782662E-32,1.224646799147E-16,-1.));
#15547 = DIRECTION('',(1.,-1.224646799147E-16,0.));
#15548 = CARTESIAN_POINT('',(6.350000857143,-2.265652461158E-03,
    -2.878230661791E-02));
#15549 = CARTESIAN_POINT('',(5.650000857143,-2.265652461365E-03,
    -2.878230661791E-02));
#15550 = GEOMETRIC_CURVE_SET('',(#15551,#15559));
#15551 = TRIMMED_CURVE('',#15552,(#15557,PARAMETER_VALUE(0.)),(#15558,
    PARAMETER_VALUE(3.141592653589)),.T.,.PARAMETER.);
#15552 = CIRCLE('',#15553,0.35);
#15553 = AXIS2_PLACEMENT_3D('',#15554,#15555,#15556);
#15554 = CARTESIAN_POINT('',(9.000000857143,-2.265652461262E-03,
    -2.878230661791E-02));
#15555 = DIRECTION('',(1.499759782662E-32,1.224646799147E-16,-1.));
#15556 = DIRECTION('',(-1.,1.224646799147E-16,0.));
#15557 = CARTESIAN_POINT('',(8.650000857143,-2.265652461366E-03,
    -2.878230661791E-02));
#15558 = CARTESIAN_POINT('',(9.350000857143,-2.265652461158E-03,
    -2.878230661791E-02));
#15559 = TRIMMED_CURVE('',#15560,(#15565,PARAMETER_VALUE(0.)),(#15566,
    PARAMETER_VALUE(3.141592653589)),.T.,.PARAMETER.);
#15560 = CIRCLE('',#15561,0.35);
#15561 = AXIS2_PLACEMENT_3D('',#15562,#15563,#15564);
#15562 = CARTESIAN_POINT('',(9.000000857143,-2.265652461262E-03,
    -2.878230661791E-02));
#15563 = DIRECTION('',(1.499759782662E-32,1.224646799147E-16,-1.));
#15564 = DIRECTION('',(1.,-1.224646799147E-16,0.));
#15565 = CARTESIAN_POINT('',(9.350000857143,-2.265652461158E-03,
    -2.878230661791E-02));
#15566 = CARTESIAN_POINT('',(8.650000857143,-2.265652461366E-03,
    -2.878230661791E-02));
#15567 = GEOMETRIC_CURVE_SET('',(#15568,#15576));
#15568 = TRIMMED_CURVE('',#15569,(#15574,PARAMETER_VALUE(0.)),(#15575,
    PARAMETER_VALUE(3.141592653589)),.T.,.PARAMETER.);
#15569 = CIRCLE('',#15570,0.35);
#15570 = AXIS2_PLACEMENT_3D('',#15571,#15572,#15573);
#15571 = CARTESIAN_POINT('',(12.000000857143,-2.265652461262E-03,
    -2.878230661791E-02));
#15572 = DIRECTION('',(1.499759782662E-32,1.224646799147E-16,-1.));
#15573 = DIRECTION('',(-1.,1.224646799147E-16,0.));
#15574 = CARTESIAN_POINT('',(11.650000857143,-2.265652461366E-03,
    -2.878230661791E-02));
#15575 = CARTESIAN_POINT('',(12.350000857143,-2.265652461158E-03,
    -2.878230661791E-02));
#15576 = TRIMMED_CURVE('',#15577,(#15582,PARAMETER_VALUE(0.)),(#15583,
    PARAMETER_VALUE(3.141592653589)),.T.,.PARAMETER.);
#15577 = CIRCLE('',#15578,0.35);
#15578 = AXIS2_PLACEMENT_3D('',#15579,#15580,#15581);
#15579 = CARTESIAN_POINT('',(12.000000857143,-2.265652461262E-03,
    -2.878230661791E-02));
#15580 = DIRECTION('',(1.499759782662E-32,1.224646799147E-16,-1.));
#15581 = DIRECTION('',(1.,-1.224646799147E-16,0.));
#15582 = CARTESIAN_POINT('',(12.350000857143,-2.265652461158E-03,
    -2.878230661791E-02));
#15583 = CARTESIAN_POINT('',(11.650000857143,-2.265652461366E-03,
    -2.878230661791E-02));
#15584 = GEOMETRIC_CURVE_SET('',(#15585,#15593));
#15585 = TRIMMED_CURVE('',#15586,(#15591,PARAMETER_VALUE(0.)),(#15592,
    PARAMETER_VALUE(3.141592653589)),.T.,.PARAMETER.);
#15586 = CIRCLE('',#15587,0.35);
#15587 = AXIS2_PLACEMENT_3D('',#15588,#15589,#15590);
#15588 = CARTESIAN_POINT('',(15.000000857143,-2.265652461262E-03,
    -2.878230661791E-02));
#15589 = DIRECTION('',(1.499759782662E-32,1.224646799147E-16,-1.));
#15590 = DIRECTION('',(-1.,1.224646799147E-16,0.));
#15591 = CARTESIAN_POINT('',(14.650000857143,-2.265652461366E-03,
    -2.878230661791E-02));
#15592 = CARTESIAN_POINT('',(15.350000857143,-2.265652461159E-03,
    -2.878230661791E-02));
#15593 = TRIMMED_CURVE('',#15594,(#15599,PARAMETER_VALUE(0.)),(#15600,
    PARAMETER_VALUE(3.141592653589)),.T.,.PARAMETER.);
#15594 = CIRCLE('',#15595,0.35);
#15595 = AXIS2_PLACEMENT_3D('',#15596,#15597,#15598);
#15596 = CARTESIAN_POINT('',(15.000000857143,-2.265652461262E-03,
    -2.878230661791E-02));
#15597 = DIRECTION('',(1.499759782662E-32,1.224646799147E-16,-1.));
#15598 = DIRECTION('',(1.,-1.224646799147E-16,0.));
#15599 = CARTESIAN_POINT('',(15.350000857143,-2.265652461159E-03,
    -2.878230661791E-02));
#15600 = CARTESIAN_POINT('',(14.650000857143,-2.265652461366E-03,
    -2.878230661791E-02));
#15601 = GEOMETRIC_CURVE_SET('',(#15602,#15610));
#15602 = TRIMMED_CURVE('',#15603,(#15608,PARAMETER_VALUE(0.)),(#15609,
    PARAMETER_VALUE(3.141592653589)),.T.,.PARAMETER.);
#15603 = CIRCLE('',#15604,0.35);
#15604 = AXIS2_PLACEMENT_3D('',#15605,#15606,#15607);
#15605 = CARTESIAN_POINT('',(18.000000857143,-2.265652461263E-03,
    -2.878230661791E-02));
#15606 = DIRECTION('',(1.499759782662E-32,1.224646799147E-16,-1.));
#15607 = DIRECTION('',(-1.,1.224646799147E-16,0.));
#15608 = CARTESIAN_POINT('',(17.650000857143,-2.265652461367E-03,
    -2.878230661791E-02));
#15609 = CARTESIAN_POINT('',(18.350000857143,-2.265652461159E-03,
    -2.878230661791E-02));
#15610 = TRIMMED_CURVE('',#15611,(#15616,PARAMETER_VALUE(0.)),(#15617,
    PARAMETER_VALUE(3.141592653589)),.T.,.PARAMETER.);
#15611 = CIRCLE('',#15612,0.35);
#15612 = AXIS2_PLACEMENT_3D('',#15613,#15614,#15615);
#15613 = CARTESIAN_POINT('',(18.000000857143,-2.265652461263E-03,
    -2.878230661791E-02));
#15614 = DIRECTION('',(1.499759782662E-32,1.224646799147E-16,-1.));
#15615 = DIRECTION('',(1.,-1.224646799147E-16,0.));
#15616 = CARTESIAN_POINT('',(18.350000857143,-2.265652461159E-03,
    -2.878230661791E-02));
#15617 = CARTESIAN_POINT('',(17.650000857143,-2.265652461367E-03,
    -2.878230661791E-02));
#15618 = GEOMETRIC_CURVE_SET('',(#15619,#15627));
#15619 = TRIMMED_CURVE('',#15620,(#15625,PARAMETER_VALUE(0.)),(#15626,
    PARAMETER_VALUE(3.141592653589)),.T.,.PARAMETER.);
#15620 = CIRCLE('',#15621,0.35);
#15621 = AXIS2_PLACEMENT_3D('',#15622,#15623,#15624);
#15622 = CARTESIAN_POINT('',(1.500000857143,1.997734347539,
    -2.878230661791E-02));
#15623 = DIRECTION('',(1.499759782662E-32,1.224646799147E-16,-1.));
#15624 = DIRECTION('',(-1.,1.224646799147E-16,0.));
#15625 = CARTESIAN_POINT('',(1.150000857143,1.997734347539,
    -2.878230661791E-02));
#15626 = CARTESIAN_POINT('',(1.850000857143,1.997734347539,
    -2.878230661791E-02));
#15627 = TRIMMED_CURVE('',#15628,(#15633,PARAMETER_VALUE(0.)),(#15634,
    PARAMETER_VALUE(3.141592653589)),.T.,.PARAMETER.);
#15628 = CIRCLE('',#15629,0.35);
#15629 = AXIS2_PLACEMENT_3D('',#15630,#15631,#15632);
#15630 = CARTESIAN_POINT('',(1.500000857143,1.997734347539,
    -2.878230661791E-02));
#15631 = DIRECTION('',(1.499759782662E-32,1.224646799147E-16,-1.));
#15632 = DIRECTION('',(1.,-1.224646799147E-16,0.));
#15633 = CARTESIAN_POINT('',(1.850000857143,1.997734347539,
    -2.878230661791E-02));
#15634 = CARTESIAN_POINT('',(1.150000857143,1.997734347539,
    -2.878230661791E-02));
#15635 = GEOMETRIC_CURVE_SET('',(#15636,#15644));
#15636 = TRIMMED_CURVE('',#15637,(#15642,PARAMETER_VALUE(0.)),(#15643,
    PARAMETER_VALUE(3.141592653589)),.T.,.PARAMETER.);
#15637 = CIRCLE('',#15638,0.35);
#15638 = AXIS2_PLACEMENT_3D('',#15639,#15640,#15641);
#15639 = CARTESIAN_POINT('',(4.500000857143,1.997734347539,
    -2.878230661791E-02));
#15640 = DIRECTION('',(1.499759782662E-32,1.224646799147E-16,-1.));
#15641 = DIRECTION('',(-1.,1.224646799147E-16,0.));
#15642 = CARTESIAN_POINT('',(4.150000857143,1.997734347539,
    -2.878230661791E-02));
#15643 = CARTESIAN_POINT('',(4.850000857143,1.997734347539,
    -2.878230661791E-02));
#15644 = TRIMMED_CURVE('',#15645,(#15650,PARAMETER_VALUE(0.)),(#15651,
    PARAMETER_VALUE(3.141592653589)),.T.,.PARAMETER.);
#15645 = CIRCLE('',#15646,0.35);
#15646 = AXIS2_PLACEMENT_3D('',#15647,#15648,#15649);
#15647 = CARTESIAN_POINT('',(4.500000857143,1.997734347539,
    -2.878230661791E-02));
#15648 = DIRECTION('',(1.499759782662E-32,1.224646799147E-16,-1.));
#15649 = DIRECTION('',(1.,-1.224646799147E-16,0.));
#15650 = CARTESIAN_POINT('',(4.850000857143,1.997734347539,
    -2.878230661791E-02));
#15651 = CARTESIAN_POINT('',(4.150000857143,1.997734347539,
    -2.878230661791E-02));
#15652 = GEOMETRIC_CURVE_SET('',(#15653,#15661));
#15653 = TRIMMED_CURVE('',#15654,(#15659,PARAMETER_VALUE(0.)),(#15660,
    PARAMETER_VALUE(3.141592653589)),.T.,.PARAMETER.);
#15654 = CIRCLE('',#15655,0.35);
#15655 = AXIS2_PLACEMENT_3D('',#15656,#15657,#15658);
#15656 = CARTESIAN_POINT('',(7.500000857143,1.997734347539,
    -2.878230661791E-02));
#15657 = DIRECTION('',(1.499759782662E-32,1.224646799147E-16,-1.));
#15658 = DIRECTION('',(-1.,1.224646799147E-16,0.));
#15659 = CARTESIAN_POINT('',(7.150000857143,1.997734347539,
    -2.878230661791E-02));
#15660 = CARTESIAN_POINT('',(7.850000857143,1.997734347539,
    -2.878230661791E-02));
#15661 = TRIMMED_CURVE('',#15662,(#15667,PARAMETER_VALUE(0.)),(#15668,
    PARAMETER_VALUE(3.141592653589)),.T.,.PARAMETER.);
#15662 = CIRCLE('',#15663,0.35);
#15663 = AXIS2_PLACEMENT_3D('',#15664,#15665,#15666);
#15664 = CARTESIAN_POINT('',(7.500000857143,1.997734347539,
    -2.878230661791E-02));
#15665 = DIRECTION('',(1.499759782662E-32,1.224646799147E-16,-1.));
#15666 = DIRECTION('',(1.,-1.224646799147E-16,0.));
#15667 = CARTESIAN_POINT('',(7.850000857143,1.997734347539,
    -2.878230661791E-02));
#15668 = CARTESIAN_POINT('',(7.150000857143,1.997734347539,
    -2.878230661791E-02));
#15669 = GEOMETRIC_CURVE_SET('',(#15670,#15678));
#15670 = TRIMMED_CURVE('',#15671,(#15676,PARAMETER_VALUE(0.)),(#15677,
    PARAMETER_VALUE(3.141592653589)),.T.,.PARAMETER.);
#15671 = CIRCLE('',#15672,0.35);
#15672 = AXIS2_PLACEMENT_3D('',#15673,#15674,#15675);
#15673 = CARTESIAN_POINT('',(10.500000857143,1.997734347539,
    -2.878230661791E-02));
#15674 = DIRECTION('',(1.499759782662E-32,1.224646799147E-16,-1.));
#15675 = DIRECTION('',(-1.,1.224646799147E-16,0.));
#15676 = CARTESIAN_POINT('',(10.150000857143,1.997734347539,
    -2.878230661791E-02));
#15677 = CARTESIAN_POINT('',(10.850000857143,1.997734347539,
    -2.878230661791E-02));
#15678 = TRIMMED_CURVE('',#15679,(#15684,PARAMETER_VALUE(0.)),(#15685,
    PARAMETER_VALUE(3.141592653589)),.T.,.PARAMETER.);
#15679 = CIRCLE('',#15680,0.35);
#15680 = AXIS2_PLACEMENT_3D('',#15681,#15682,#15683);
#15681 = CARTESIAN_POINT('',(10.500000857143,1.997734347539,
    -2.878230661791E-02));
#15682 = DIRECTION('',(1.499759782662E-32,1.224646799147E-16,-1.));
#15683 = DIRECTION('',(1.,-1.224646799147E-16,0.));
#15684 = CARTESIAN_POINT('',(10.850000857143,1.997734347539,
    -2.878230661791E-02));
#15685 = CARTESIAN_POINT('',(10.150000857143,1.997734347539,
    -2.878230661791E-02));
#15686 = GEOMETRIC_CURVE_SET('',(#15687,#15695));
#15687 = TRIMMED_CURVE('',#15688,(#15693,PARAMETER_VALUE(0.)),(#15694,
    PARAMETER_VALUE(3.141592653589)),.T.,.PARAMETER.);
#15688 = CIRCLE('',#15689,0.35);
#15689 = AXIS2_PLACEMENT_3D('',#15690,#15691,#15692);
#15690 = CARTESIAN_POINT('',(13.500000857143,1.997734347539,
    -2.878230661791E-02));
#15691 = DIRECTION('',(1.499759782662E-32,1.224646799147E-16,-1.));
#15692 = DIRECTION('',(-1.,1.224646799147E-16,0.));
#15693 = CARTESIAN_POINT('',(13.150000857143,1.997734347539,
    -2.878230661791E-02));
#15694 = CARTESIAN_POINT('',(13.850000857143,1.997734347539,
    -2.878230661791E-02));
#15695 = TRIMMED_CURVE('',#15696,(#15701,PARAMETER_VALUE(0.)),(#15702,
    PARAMETER_VALUE(3.141592653589)),.T.,.PARAMETER.);
#15696 = CIRCLE('',#15697,0.35);
#15697 = AXIS2_PLACEMENT_3D('',#15698,#15699,#15700);
#15698 = CARTESIAN_POINT('',(13.500000857143,1.997734347539,
    -2.878230661791E-02));
#15699 = DIRECTION('',(1.499759782662E-32,1.224646799147E-16,-1.));
#15700 = DIRECTION('',(1.,-1.224646799147E-16,0.));
#15701 = CARTESIAN_POINT('',(13.850000857143,1.997734347539,
    -2.878230661791E-02));
#15702 = CARTESIAN_POINT('',(13.150000857143,1.997734347539,
    -2.878230661791E-02));
#15703 = GEOMETRIC_CURVE_SET('',(#15704,#15712));
#15704 = TRIMMED_CURVE('',#15705,(#15710,PARAMETER_VALUE(0.)),(#15711,
    PARAMETER_VALUE(3.141592653589)),.T.,.PARAMETER.);
#15705 = CIRCLE('',#15706,0.35);
#15706 = AXIS2_PLACEMENT_3D('',#15707,#15708,#15709);
#15707 = CARTESIAN_POINT('',(16.500000857143,1.997734347539,
    -2.878230661791E-02));
#15708 = DIRECTION('',(1.499759782662E-32,1.224646799147E-16,-1.));
#15709 = DIRECTION('',(-1.,1.224646799147E-16,0.));
#15710 = CARTESIAN_POINT('',(16.150000857143,1.997734347539,
    -2.878230661791E-02));
#15711 = CARTESIAN_POINT('',(16.850000857143,1.997734347539,
    -2.878230661791E-02));
#15712 = TRIMMED_CURVE('',#15713,(#15718,PARAMETER_VALUE(0.)),(#15719,
    PARAMETER_VALUE(3.141592653589)),.T.,.PARAMETER.);
#15713 = CIRCLE('',#15714,0.35);
#15714 = AXIS2_PLACEMENT_3D('',#15715,#15716,#15717);
#15715 = CARTESIAN_POINT('',(16.500000857143,1.997734347539,
    -2.878230661791E-02));
#15716 = DIRECTION('',(1.499759782662E-32,1.224646799147E-16,-1.));
#15717 = DIRECTION('',(1.,-1.224646799147E-16,0.));
#15718 = CARTESIAN_POINT('',(16.850000857143,1.997734347539,
    -2.878230661791E-02));
#15719 = CARTESIAN_POINT('',(16.150000857143,1.997734347539,
    -2.878230661791E-02));
#15720 = GEOMETRIC_CURVE_SET('',(#15721,#15729));
#15721 = TRIMMED_CURVE('',#15722,(#15727,PARAMETER_VALUE(0.)),(#15728,
    PARAMETER_VALUE(3.141592653589)),.T.,.PARAMETER.);
#15722 = CIRCLE('',#15723,0.35);
#15723 = AXIS2_PLACEMENT_3D('',#15724,#15725,#15726);
#15724 = CARTESIAN_POINT('',(19.500000857143,1.997734347539,
    -2.878230661791E-02));
#15725 = DIRECTION('',(1.499759782662E-32,1.224646799147E-16,-1.));
#15726 = DIRECTION('',(-1.,1.224646799147E-16,0.));
#15727 = CARTESIAN_POINT('',(19.150000857143,1.997734347539,
    -2.878230661791E-02));
#15728 = CARTESIAN_POINT('',(19.850000857143,1.997734347539,
    -2.878230661791E-02));
#15729 = TRIMMED_CURVE('',#15730,(#15735,PARAMETER_VALUE(0.)),(#15736,
    PARAMETER_VALUE(3.141592653589)),.T.,.PARAMETER.);
#15730 = CIRCLE('',#15731,0.35);
#15731 = AXIS2_PLACEMENT_3D('',#15732,#15733,#15734);
#15732 = CARTESIAN_POINT('',(19.500000857143,1.997734347539,
    -2.878230661791E-02));
#15733 = DIRECTION('',(1.499759782662E-32,1.224646799147E-16,-1.));
#15734 = DIRECTION('',(1.,-1.224646799147E-16,0.));
#15735 = CARTESIAN_POINT('',(19.850000857143,1.997734347539,
    -2.878230661791E-02));
#15736 = CARTESIAN_POINT('',(19.150000857143,1.997734347539,
    -2.878230661791E-02));
#15737 = GEOMETRIC_CURVE_SET('',(#15738,#15745,#15752));
#15738 = TRIMMED_CURVE('',#15739,(#15743,PARAMETER_VALUE(0.)),(#15744,
    PARAMETER_VALUE(0.5)),.T.,.PARAMETER.);
#15739 = LINE('',#15740,#15741);
#15740 = CARTESIAN_POINT('',(-1.999999142857,5.037734347539,
    7.121217693382));
#15741 = VECTOR('',#15742,1.);
#15742 = DIRECTION('',(-1.224646799147E-16,-1.,-1.224646799147E-16));
#15743 = CARTESIAN_POINT('',(-1.999999142858,5.037734347539,
    7.121217693382));
#15744 = CARTESIAN_POINT('',(-1.999999142857,4.537734347539,
    7.121217693382));
#15745 = TRIMMED_CURVE('',#15746,(#15750,PARAMETER_VALUE(0.)),(#15751,
    PARAMETER_VALUE(0.5)),.T.,.PARAMETER.);
#15746 = LINE('',#15747,#15748);
#15747 = CARTESIAN_POINT('',(-1.999999142857,4.537734347539,
    7.121217693382));
#15748 = VECTOR('',#15749,1.);
#15749 = DIRECTION('',(0.866025403784,0.5,6.123233995737E-17));
#15750 = CARTESIAN_POINT('',(-1.999999142857,4.537734347539,
    7.121217693382));
#15751 = CARTESIAN_POINT('',(-1.566986440966,4.787734347539,
    7.121217693382));
#15752 = TRIMMED_CURVE('',#15753,(#15757,PARAMETER_VALUE(0.)),(#15758,
    PARAMETER_VALUE(0.5)),.T.,.PARAMETER.);
#15753 = LINE('',#15754,#15755);
#15754 = CARTESIAN_POINT('',(-1.566986440967,4.787734347539,
    7.121217693382));
#15755 = VECTOR('',#15756,1.);
#15756 = DIRECTION('',(-0.866025403784,0.5,6.123233995737E-17));
#15757 = CARTESIAN_POINT('',(-1.566986440966,4.787734347539,
    7.121217693382));
#15758 = CARTESIAN_POINT('',(-1.999999142858,5.037734347539,
    7.121217693382));
#15759 = GEOMETRIC_CURVE_SET('',(#15760));
#15760 = TRIMMED_CURVE('',#15761,(#15765,PARAMETER_VALUE(0.)),(#15766,
    PARAMETER_VALUE(0.550014399528)),.T.,.PARAMETER.);
#15761 = LINE('',#15762,#15763);
#15762 = CARTESIAN_POINT('',(-1.649999142857,3.797734347539,
    -2.878230661791E-02));
#15763 = VECTOR('',#15764,1.);
#15764 = DIRECTION('',(1.499759782662E-32,1.224646799147E-16,-1.));
#15765 = CARTESIAN_POINT('',(-1.649999142857,3.797734347539,
    -2.878230661791E-02));
#15766 = CARTESIAN_POINT('',(-1.649999142857,3.797734347539,
    -0.578796706146));
#15767 = ( GEOMETRIC_REPRESENTATION_CONTEXT(3) 
GLOBAL_UNCERTAINTY_ASSIGNED_CONTEXT((#15771)) 
GLOBAL_UNIT_ASSIGNED_CONTEXT((#15768,#15769,#15770)) 
REPRESENTATION_CONTEXT('Context #1',
  '3D Context with UNIT and UNCERTAINTY') );
#15768 = ( LENGTH_UNIT() NAMED_UNIT(*) SI_UNIT(.MILLI.,.METRE.) );
#15769 = ( NAMED_UNIT(*) PLANE_ANGLE_UNIT() SI_UNIT($,.RADIAN.) );
#15770 = ( NAMED_UNIT(*) SI_UNIT($,.STERADIAN.) SOLID_ANGLE_UNIT() );
#15771 = UNCERTAINTY_MEASURE_WITH_UNIT(LENGTH_MEASURE(2.E-07),#15768,
  'distance_accuracy_value','confusion accuracy');
#15772 = PRODUCT_RELATED_PRODUCT_CATEGORY('part',$,(#7));
ENDSEC;
END-ISO-10303-21;
