#VRML V2.0 utf8
# Molex_CLIK-Mate_503175-0900_1x09-2MP_P1.50mm_Horizontal - Natural housing
# Generated by tools/molex_3d.py from the TraceParts STEP

Shape { # housing
  appearance Appearance { material Material {
    diffuseColor 0.870 0.810 0.670
    specularColor 1.000 1.000 0.920
    shininess 0.4
    ambientIntensity 0.3
  } }
  geometry IndexedFaceSet {
    coord Coordinate { point [
-0.2117 0.0984 -0.5644,
-0.2118 0.0984 -0.5709,
-0.2118 -0.0984 -0.5709,
-0.2117 -0.0984 -0.5644,
-0.2112 0.0984 -0.5580,
-0.2112 -0.0984 -0.5580,
-0.2105 0.0984 -0.5516,
-0.2105 -0.0984 -0.5516,
-0.2094 0.0984 -0.5452,
-0.2094 -0.0984 -0.5452,
-0.2081 0.0984 -0.5389,
-0.2081 -0.0984 -0.5389,
-0.2064 0.0984 -0.5327,
-0.2064 -0.0984 -0.5327,
-0.2045 0.0984 -0.5266,
-0.2045 -0.0984 -0.5266,
-0.2023 0.0984 -0.5205,
-0.2023 -0.0984 -0.5205,
-0.1998 0.0984 -0.5146,
-0.1998 -0.0984 -0.5146,
-0.1970 0.0984 -0.5088,
-0.1970 -0.0984 -0.5088,
-0.1940 0.0984 -0.5031,
-0.1940 -0.0984 -0.5031,
-0.1907 0.0984 -0.4975,
-0.1907 -0.0984 -0.4975,
-0.1871 0.0984 -0.4922,
-0.1871 -0.0984 -0.4922,
-0.1833 0.0984 -0.4870,
-0.1833 -0.0984 -0.4870,
4.8937 0.0984 -0.4955,
4.8937 -0.0984 -0.4955,
4.8972 -0.0984 -0.5012,
4.8972 0.0984 -0.5012,
4.9004 -0.0984 -0.5070,
4.9004 0.0984 -0.5070,
4.9034 -0.0984 -0.5129,
4.9034 0.0984 -0.5129,
4.9060 -0.0984 -0.5190,
4.9060 0.0984 -0.5190,
4.9084 -0.0984 -0.5252,
4.9084 0.0984 -0.5252,
4.9104 -0.0984 -0.5316,
4.9104 0.0984 -0.5316,
4.9122 -0.0984 -0.5380,
4.9122 0.0984 -0.5380,
4.9136 -0.0984 -0.5445,
4.9136 0.0984 -0.5445,
4.9147 -0.0984 -0.5510,
4.9147 0.0984 -0.5510,
4.9155 -0.0984 -0.5576,
4.9155 0.0984 -0.5576,
4.9160 -0.0984 -0.5642,
4.9160 0.0984 -0.5642,
4.9161 -0.0984 -0.5709,
4.9161 0.0984 -0.5709,
5.3450 -0.8851 -0.2756,
5.3430 -0.8655 -0.2953,
5.3497 -0.8646 -0.2953,
5.3363 -0.8660 -0.2953,
5.3295 -0.8661 -0.2953,
5.3603 -0.8828 -0.2756,
5.3564 -0.8635 -0.2953,
5.3630 -0.8620 -0.2953,
5.3469 -0.9047 -0.2559,
5.3295 -0.9252 -0.2362,
5.3584 -0.9231 -0.2362,
5.3488 -0.9242 -0.2362,
5.3392 -0.9250 -0.2362,
5.3752 -0.8790 -0.2756,
5.3695 -0.8602 -0.2953,
5.3759 -0.8581 -0.2953,
5.3641 -0.9021 -0.2559,
5.3774 -0.9193 -0.2362,
5.3679 -0.9214 -0.2362,
5.3898 -0.8738 -0.2756,
5.3823 -0.8557 -0.2953,
5.3884 -0.8529 -0.2953,
5.3810 -0.8979 -0.2559,
5.3958 -0.9137 -0.2362,
5.3867 -0.9167 -0.2362,
5.4038 -0.8672 -0.2756,
5.3945 -0.8499 -0.2953,
5.4004 -0.8465 -0.2953,
5.3973 -0.8920 -0.2559,
5.4137 -0.9063 -0.2362,
5.4049 -0.9102 -0.2362,
5.4170 -0.8593 -0.2756,
5.4061 -0.8429 -0.2953,
5.4116 -0.8390 -0.2953,
5.4130 -0.8846 -0.2559,
5.4307 -0.8972 -0.2362,
5.4223 -0.9020 -0.2362,
5.4294 -0.8501 -0.2756,
5.4169 -0.8349 -0.2953,
5.4221 -0.8304 -0.2953,
5.4280 -0.8757 -0.2559,
5.4468 -0.8865 -0.2362,
5.4389 -0.8920 -0.2362,
5.4409 -0.8397 -0.2756,
5.4270 -0.8258 -0.2953,
5.4316 -0.8209 -0.2953,
5.4419 -0.8653 -0.2559,
5.4617 -0.8742 -0.2362,
5.4544 -0.8805 -0.2362,
5.4513 -0.8282 -0.2756,
5.4360 -0.8158 -0.2953,
5.4402 -0.8104 -0.2953,
5.4548 -0.8536 -0.2559,
5.4754 -0.8605 -0.2362,
5.4687 -0.8675 -0.2362,
5.4605 -0.8158 -0.2756,
5.4441 -0.8049 -0.2953,
5.4477 -0.7992 -0.2953,
5.4665 -0.8407 -0.2559,
5.4876 -0.8456 -0.2362,
5.4817 -0.8532 -0.2362,
5.4684 -0.8026 -0.2756,
5.4511 -0.7933 -0.2953,
5.4541 -0.7873 -0.2953,
5.4768 -0.8268 -0.2559,
5.4984 -0.8295 -0.2362,
5.4932 -0.8377 -0.2362,
5.4750 -0.7886 -0.2756,
5.4568 -0.7811 -0.2953,
5.4593 -0.7748 -0.2953,
5.4858 -0.8119 -0.2559,
5.5075 -0.8125 -0.2362,
5.5031 -0.8211 -0.2362,
5.4802 -0.7741 -0.2756,
5.4614 -0.7683 -0.2953,
5.4632 -0.7618 -0.2953,
5.4932 -0.7961 -0.2559,
5.5149 -0.7947 -0.2362,
5.5114 -0.8037 -0.2362,
5.4840 -0.7591 -0.2756,
5.4647 -0.7552 -0.2953,
5.4658 -0.7486 -0.2953,
5.4991 -0.7798 -0.2559,
5.5205 -0.7762 -0.2362,
5.5179 -0.7855 -0.2362,
5.4862 -0.7438 -0.2756,
5.4672 -0.7351 -0.2953,
5.4673 -0.7283 -0.2953,
5.4667 -0.7419 -0.2953,
5.5033 -0.7629 -0.2559,
5.5242 -0.7572 -0.2362,
5.5226 -0.7668 -0.2362,
5.5058 -0.7457 -0.2559,
5.5264 -0.7283 -0.2362,
5.5261 -0.7380 -0.2362,
5.5254 -0.7476 -0.2362,
5.4862 -0.7129 -0.2756,
5.4667 -0.7148 -0.2953,
5.4658 -0.7081 -0.2953,
5.4672 -0.7216 -0.2953,
5.4673 -0.7283 -0.2953,
5.4840 -0.6976 -0.2756,
5.4647 -0.7015 -0.2953,
5.4632 -0.6949 -0.2953,
5.5058 -0.7110 -0.2559,
5.5242 -0.6995 -0.2362,
5.5254 -0.7091 -0.2362,
5.5261 -0.7187 -0.2362,
5.5264 -0.7283 -0.2362,
5.4802 -0.6826 -0.2756,
5.4614 -0.6883 -0.2953,
5.4593 -0.6819 -0.2953,
5.5033 -0.6938 -0.2559,
5.5205 -0.6805 -0.2362,
5.5226 -0.6899 -0.2362,
5.4750 -0.6681 -0.2756,
5.4568 -0.6756 -0.2953,
5.4541 -0.6694 -0.2953,
5.4991 -0.6769 -0.2559,
5.5149 -0.6620 -0.2362,
5.5179 -0.6712 -0.2362,
5.4684 -0.6541 -0.2756,
5.4511 -0.6634 -0.2953,
5.4477 -0.6575 -0.2953,
5.4932 -0.6605 -0.2559,
5.5075 -0.6442 -0.2362,
5.5114 -0.6530 -0.2362,
5.4605 -0.6409 -0.2756,
5.4441 -0.6518 -0.2953,
5.4402 -0.6463 -0.2953,
5.4858 -0.6448 -0.2559,
5.4984 -0.6271 -0.2362,
5.5031 -0.6356 -0.2362,
5.4513 -0.6284 -0.2756,
5.4360 -0.6409 -0.2953,
5.4316 -0.6358 -0.2953,
5.4768 -0.6299 -0.2559,
5.4876 -0.6111 -0.2362,
5.4932 -0.6190 -0.2362,
5.4409 -0.6170 -0.2756,
5.4270 -0.6309 -0.2953,
5.4221 -0.6262 -0.2953,
5.4665 -0.6160 -0.2559,
5.4754 -0.5961 -0.2362,
5.4817 -0.6035 -0.2362,
5.4294 -0.6066 -0.2756,
5.4169 -0.6218 -0.2953,
5.4116 -0.6177 -0.2953,
5.4548 -0.6031 -0.2559,
5.4617 -0.5825 -0.2362,
5.4687 -0.5892 -0.2362,
5.4170 -0.5974 -0.2756,
5.4061 -0.6138 -0.2953,
5.4004 -0.6102 -0.2953,
5.4419 -0.5914 -0.2559,
5.4468 -0.5702 -0.2362,
5.4544 -0.5762 -0.2362,
5.4038 -0.5895 -0.2756,
5.3945 -0.6068 -0.2953,
5.3884 -0.6038 -0.2953,
5.4280 -0.5810 -0.2559,
5.4307 -0.5595 -0.2362,
5.4389 -0.5647 -0.2362,
5.3898 -0.5829 -0.2756,
5.3823 -0.6010 -0.2953,
5.3759 -0.5986 -0.2953,
5.4130 -0.5721 -0.2559,
5.4137 -0.5504 -0.2362,
5.4223 -0.5547 -0.2362,
5.3752 -0.5776 -0.2756,
5.3695 -0.5965 -0.2953,
5.3630 -0.5947 -0.2953,
5.3973 -0.5647 -0.2559,
5.3958 -0.5430 -0.2362,
5.4049 -0.5465 -0.2362,
5.3603 -0.5739 -0.2756,
5.3564 -0.5932 -0.2953,
5.3497 -0.5920 -0.2953,
5.3810 -0.5588 -0.2559,
5.3774 -0.5374 -0.2362,
5.3867 -0.5400 -0.2362,
5.3450 -0.5716 -0.2756,
5.3295 -0.5906 -0.2953,
5.3295 -0.5315 -0.2362,
5.3363 -0.5907 -0.2953,
5.3430 -0.5912 -0.2953,
5.3641 -0.5546 -0.2559,
5.3584 -0.5336 -0.2362,
5.3679 -0.5353 -0.2362,
5.3469 -0.5520 -0.2559,
5.3392 -0.5317 -0.2362,
5.3488 -0.5324 -0.2362,
-0.4586 -0.7129 -0.2756,
-0.4782 -0.7148 -0.2953,
-0.4791 -0.7081 -0.2953,
-0.4777 -0.7216 -0.2953,
-0.4776 -0.7283 -0.2953,
-0.4609 -0.6976 -0.2756,
-0.4802 -0.7015 -0.2953,
-0.4817 -0.6949 -0.2953,
-0.4390 -0.7110 -0.2559,
-0.4206 -0.6995 -0.2362,
-0.4195 -0.7091 -0.2362,
-0.4187 -0.7187 -0.2362,
-0.4185 -0.7283 -0.2362,
-0.4647 -0.6826 -0.2756,
-0.4835 -0.6883 -0.2953,
-0.4856 -0.6819 -0.2953,
-0.4416 -0.6938 -0.2559,
-0.4244 -0.6805 -0.2362,
-0.4223 -0.6899 -0.2362,
-0.4699 -0.6681 -0.2756,
-0.4880 -0.6756 -0.2953,
-0.4908 -0.6694 -0.2953,
-0.4458 -0.6769 -0.2559,
-0.4300 -0.6620 -0.2362,
-0.4270 -0.6712 -0.2362,
-0.4765 -0.6541 -0.2756,
-0.4938 -0.6634 -0.2953,
-0.4972 -0.6575 -0.2953,
-0.4517 -0.6605 -0.2559,
-0.4374 -0.6442 -0.2362,
-0.4335 -0.6530 -0.2362,
-0.4844 -0.6409 -0.2756,
-0.5008 -0.6518 -0.2953,
-0.5047 -0.6463 -0.2953,
-0.4591 -0.6448 -0.2559,
-0.4465 -0.6271 -0.2362,
-0.4417 -0.6356 -0.2362,
-0.4936 -0.6284 -0.2756,
-0.5088 -0.6409 -0.2953,
-0.5133 -0.6358 -0.2953,
-0.4680 -0.6299 -0.2559,
-0.4572 -0.6111 -0.2362,
-0.4517 -0.6190 -0.2362,
-0.5040 -0.6170 -0.2756,
-0.5179 -0.6309 -0.2953,
-0.5228 -0.6262 -0.2953,
-0.4784 -0.6160 -0.2559,
-0.4695 -0.5961 -0.2362,
-0.4632 -0.6035 -0.2362,
-0.5155 -0.6066 -0.2756,
-0.5279 -0.6218 -0.2953,
-0.5333 -0.6177 -0.2953,
-0.4901 -0.6031 -0.2559,
-0.4832 -0.5825 -0.2362,
-0.4762 -0.5892 -0.2362,
-0.5279 -0.5974 -0.2756,
-0.5388 -0.6138 -0.2953,
-0.5445 -0.6102 -0.2953,
-0.5030 -0.5914 -0.2559,
-0.4981 -0.5702 -0.2362,
-0.4905 -0.5762 -0.2362,
-0.5411 -0.5895 -0.2756,
-0.5504 -0.6068 -0.2953,
-0.5564 -0.6038 -0.2953,
-0.5169 -0.5810 -0.2559,
-0.5142 -0.5595 -0.2362,
-0.5060 -0.5647 -0.2362,
-0.5551 -0.5829 -0.2756,
-0.5626 -0.6010 -0.2953,
-0.5689 -0.5986 -0.2953,
-0.5318 -0.5721 -0.2559,
-0.5312 -0.5504 -0.2362,
-0.5226 -0.5547 -0.2362,
-0.5696 -0.5776 -0.2756,
-0.5754 -0.5965 -0.2953,
-0.5819 -0.5947 -0.2953,
-0.5476 -0.5647 -0.2559,
-0.5490 -0.5430 -0.2362,
-0.5400 -0.5465 -0.2362,
-0.5846 -0.5739 -0.2756,
-0.5885 -0.5932 -0.2953,
-0.5951 -0.5920 -0.2953,
-0.5639 -0.5588 -0.2559,
-0.5675 -0.5374 -0.2362,
-0.5582 -0.5400 -0.2362,
-0.5999 -0.5716 -0.2756,
-0.6154 -0.5906 -0.2953,
-0.6154 -0.5315 -0.2362,
-0.6086 -0.5907 -0.2953,
-0.6018 -0.5912 -0.2953,
-0.5808 -0.5546 -0.2559,
-0.5865 -0.5336 -0.2362,
-0.5769 -0.5353 -0.2362,
-0.5980 -0.5520 -0.2559,
-0.6057 -0.5317 -0.2362,
-0.5961 -0.5324 -0.2362,
-0.5999 -0.8851 -0.2756,
-0.6018 -0.8655 -0.2953,
-0.5951 -0.8646 -0.2953,
-0.6086 -0.8660 -0.2953,
-0.6154 -0.8661 -0.2953,
-0.5846 -0.8828 -0.2756,
-0.5885 -0.8635 -0.2953,
-0.5819 -0.8620 -0.2953,
-0.5980 -0.9047 -0.2559,
-0.6154 -0.9252 -0.2362,
-0.5865 -0.9231 -0.2362,
-0.5961 -0.9242 -0.2362,
-0.6057 -0.9250 -0.2362,
-0.5696 -0.8790 -0.2756,
-0.5754 -0.8602 -0.2953,
-0.5689 -0.8581 -0.2953,
-0.5808 -0.9021 -0.2559,
-0.5675 -0.9193 -0.2362,
-0.5769 -0.9214 -0.2362,
-0.5551 -0.8738 -0.2756,
-0.5626 -0.8557 -0.2953,
-0.5564 -0.8529 -0.2953,
-0.5639 -0.8979 -0.2559,
-0.5490 -0.9137 -0.2362,
-0.5582 -0.9167 -0.2362,
-0.5411 -0.8672 -0.2756,
-0.5504 -0.8499 -0.2953,
-0.5445 -0.8465 -0.2953,
-0.5476 -0.8920 -0.2559,
-0.5312 -0.9063 -0.2362,
-0.5400 -0.9102 -0.2362,
-0.5279 -0.8593 -0.2756,
-0.5388 -0.8429 -0.2953,
-0.5333 -0.8390 -0.2953,
-0.5318 -0.8846 -0.2559,
-0.5142 -0.8972 -0.2362,
-0.5226 -0.9020 -0.2362,
-0.5155 -0.8501 -0.2756,
-0.5279 -0.8349 -0.2953,
-0.5228 -0.8304 -0.2953,
-0.5169 -0.8757 -0.2559,
-0.4981 -0.8865 -0.2362,
-0.5060 -0.8920 -0.2362,
-0.5040 -0.8397 -0.2756,
-0.5179 -0.8258 -0.2953,
-0.5133 -0.8209 -0.2953,
-0.5030 -0.8653 -0.2559,
-0.4832 -0.8742 -0.2362,
-0.4905 -0.8805 -0.2362,
-0.4936 -0.8282 -0.2756,
-0.5088 -0.8158 -0.2953,
-0.5047 -0.8104 -0.2953,
-0.4901 -0.8536 -0.2559,
-0.4695 -0.8605 -0.2362,
-0.4762 -0.8675 -0.2362,
-0.4844 -0.8158 -0.2756,
-0.5008 -0.8049 -0.2953,
-0.4972 -0.7992 -0.2953,
-0.4784 -0.8407 -0.2559,
-0.4572 -0.8456 -0.2362,
-0.4632 -0.8532 -0.2362,
-0.4765 -0.8026 -0.2756,
-0.4938 -0.7933 -0.2953,
-0.4908 -0.7873 -0.2953,
-0.4680 -0.8268 -0.2559,
-0.4465 -0.8295 -0.2362,
-0.4517 -0.8377 -0.2362,
-0.4699 -0.7886 -0.2756,
-0.4880 -0.7811 -0.2953,
-0.4856 -0.7748 -0.2953,
-0.4591 -0.8119 -0.2559,
-0.4374 -0.8125 -0.2362,
-0.4417 -0.8211 -0.2362,
-0.4647 -0.7741 -0.2756,
-0.4835 -0.7683 -0.2953,
-0.4817 -0.7618 -0.2953,
-0.4517 -0.7961 -0.2559,
-0.4300 -0.7947 -0.2362,
-0.4335 -0.8037 -0.2362,
-0.4609 -0.7591 -0.2756,
-0.4802 -0.7552 -0.2953,
-0.4791 -0.7486 -0.2953,
-0.4458 -0.7798 -0.2559,
-0.4244 -0.7762 -0.2362,
-0.4270 -0.7855 -0.2362,
-0.4586 -0.7438 -0.2756,
-0.4777 -0.7351 -0.2953,
-0.4776 -0.7283 -0.2953,
-0.4782 -0.7419 -0.2953,
-0.4416 -0.7629 -0.2559,
-0.4206 -0.7572 -0.2362,
-0.4223 -0.7668 -0.2362,
-0.4390 -0.7457 -0.2559,
-0.4185 -0.7283 -0.2362,
-0.4187 -0.7380 -0.2362,
-0.4195 -0.7476 -0.2362,
-0.3004 0.1772 1.3937,
-0.7925 0.1772 -0.0197,
-0.7925 0.1772 2.0669,
-0.3004 0.1772 -0.0197,
5.5067 0.1772 2.0669,
5.0146 0.1772 1.3937,
5.5067 0.1772 -0.0197,
5.0146 0.1772 -0.0197,
-0.8713 0.0984 2.0669,
-0.8319 0.1378 2.1063,
-0.7925 0.1772 2.0669,
-0.8713 0.0984 0.0197,
-0.7925 0.1772 -0.0197,
-0.8319 0.1378 -0.0197,
5.5067 0.0984 2.1457,
5.5461 0.1378 2.1063,
5.5067 0.1772 2.0669,
-0.7925 0.0984 2.1457,
-0.7925 0.1772 2.0669,
-0.8319 0.1378 2.1063,
5.5854 0.0984 0.0197,
5.5461 0.1378 -0.0197,
5.5067 0.1772 -0.0197,
5.5067 0.1772 2.0669,
5.5854 0.0984 2.0669,
5.5461 0.1378 2.1063,
5.5854 -2.4083 0.7835,
5.5854 -2.5658 0.7835,
5.5854 -2.5984 0.7508,
5.5854 -2.5984 0.0197,
5.5854 -2.2835 0.9083,
5.5854 0.0984 0.0197,
5.5854 -0.1575 2.0669,
5.5854 -2.2835 2.6378,
5.5854 0.0984 2.0669,
5.5854 -0.1575 2.6378,
5.5067 -2.3228 2.7165,
5.5264 -2.3425 2.6969,
5.5854 -2.2835 2.6378,
5.5067 -0.1575 2.7165,
5.5854 -0.1575 2.6378,
5.5461 -0.1181 2.6772,
5.5067 -2.3228 2.7165,
5.5067 -0.1575 2.7165,
4.4240 -1.1220 2.7165,
4.4240 -1.6417 2.7165,
4.4239 -1.6475 2.7165,
4.4234 -1.6533 2.7165,
4.4227 -1.6591 2.7165,
4.4217 -1.6648 2.7165,
4.4205 -1.6704 2.7165,
4.4189 -1.6760 2.7165,
4.4171 -1.6815 2.7165,
4.4150 -1.6869 2.7165,
4.4127 -1.6922 2.7165,
4.4101 -1.6974 2.7165,
4.4072 -1.7025 2.7165,
4.4041 -1.7074 2.7165,
4.4008 -1.7121 2.7165,
4.3972 -1.7167 2.7165,
4.3934 -1.7211 2.7165,
4.3894 -1.7252 2.7165,
4.3852 -1.7292 2.7165,
4.3808 -1.7330 2.7165,
4.3763 -1.7366 2.7165,
4.3715 -1.7399 2.7165,
4.3666 -1.7430 2.7165,
4.3616 -1.7459 2.7165,
4.3564 -1.7485 2.7165,
4.3511 -1.7509 2.7165,
4.3457 -1.7529 2.7165,
4.3402 -1.7548 2.7165,
4.3346 -1.7563 2.7165,
4.3289 -1.7576 2.7165,
4.3232 -1.7586 2.7165,
4.3175 -1.7593 2.7165,
4.3117 -1.7597 2.7165,
4.3059 -1.7598 2.7165,
2.9870 -1.1220 2.7165,
3.1051 -1.7598 2.7165,
1.7272 -1.6417 2.7165,
2.9870 -1.6417 2.7165,
1.7272 -1.1220 2.7165,
1.7270 -1.6475 2.7165,
2.9872 -1.6475 2.7165,
1.7266 -1.6533 2.7165,
2.9876 -1.6533 2.7165,
1.7259 -1.6591 2.7165,
2.9883 -1.6591 2.7165,
2.9893 -1.6648 2.7165,
1.7249 -1.6648 2.7165,
1.7236 -1.6704 2.7165,
2.9905 -1.6704 2.7165,
1.7221 -1.6760 2.7165,
2.9921 -1.6760 2.7165,
2.9939 -1.6815 2.7165,
1.7203 -1.6815 2.7165,
1.7182 -1.6869 2.7165,
2.9960 -1.6869 2.7165,
1.7158 -1.6922 2.7165,
2.9983 -1.6922 2.7165,
3.0010 -1.6974 2.7165,
1.7132 -1.6974 2.7165,
1.7104 -1.7025 2.7165,
3.0038 -1.7025 2.7165,
1.7073 -1.7074 2.7165,
3.0069 -1.7074 2.7165,
1.7039 -1.7121 2.7165,
3.0103 -1.7121 2.7165,
3.0138 -1.7167 2.7165,
1.7004 -1.7167 2.7165,
1.6966 -1.7211 2.7165,
3.0176 -1.7211 2.7165,
3.0216 -1.7252 2.7165,
1.6926 -1.7252 2.7165,
1.6884 -1.7292 2.7165,
3.0258 -1.7292 2.7165,
1.6840 -1.7330 2.7165,
3.0302 -1.7330 2.7165,
1.6794 -1.7366 2.7165,
3.0348 -1.7366 2.7165,
1.6747 -1.7399 2.7165,
3.0395 -1.7399 2.7165,
1.6698 -1.7430 2.7165,
3.0444 -1.7430 2.7165,
1.6647 -1.7459 2.7165,
3.0494 -1.7459 2.7165,
1.6596 -1.7485 2.7165,
3.0546 -1.7485 2.7165,
1.6543 -1.7509 2.7165,
3.0599 -1.7509 2.7165,
1.6488 -1.7529 2.7165,
3.0653 -1.7529 2.7165,
1.6433 -1.7548 2.7165,
3.0708 -1.7548 2.7165,
1.6378 -1.7563 2.7165,
3.0764 -1.7563 2.7165,
1.6321 -1.7576 2.7165,
3.0821 -1.7576 2.7165,
-0.7925 -0.1575 2.7165,
0.2902 -1.1220 2.7165,
-0.7925 -2.3228 2.7165,
1.6091 -1.7598 2.7165,
0.4083 -1.7598 2.7165,
0.2903 -1.6475 2.7165,
0.2902 -1.6417 2.7165,
0.2907 -1.6533 2.7165,
0.2914 -1.6591 2.7165,
0.2924 -1.6648 2.7165,
0.2937 -1.6704 2.7165,
0.2952 -1.6760 2.7165,
0.2971 -1.6815 2.7165,
0.2991 -1.6869 2.7165,
0.3015 -1.6922 2.7165,
0.3041 -1.6974 2.7165,
0.3070 -1.7025 2.7165,
0.3101 -1.7074 2.7165,
0.3134 -1.7121 2.7165,
0.3170 -1.7167 2.7165,
0.3208 -1.7211 2.7165,
0.3248 -1.7252 2.7165,
0.3290 -1.7292 2.7165,
0.3333 -1.7330 2.7165,
0.3379 -1.7366 2.7165,
0.3427 -1.7399 2.7165,
0.3475 -1.7430 2.7165,
0.3526 -1.7459 2.7165,
0.3578 -1.7485 2.7165,
0.3631 -1.7509 2.7165,
0.3685 -1.7529 2.7165,
0.3740 -1.7548 2.7165,
0.3796 -1.7563 2.7165,
0.3852 -1.7576 2.7165,
0.3909 -1.7586 2.7165,
0.3967 -1.7593 2.7165,
0.4025 -1.7597 2.7165,
3.0993 -1.7597 2.7165,
3.0935 -1.7593 2.7165,
3.0878 -1.7586 2.7165,
1.6264 -1.7586 2.7165,
1.6206 -1.7593 2.7165,
1.6149 -1.7597 2.7165,
4.4240 -1.1220 2.3583,
2.9870 -1.1220 2.7165,
2.9870 -1.1220 2.3583,
4.4240 -1.1220 2.7165,
4.3117 -1.7597 2.3583,
4.4240 -1.9685 2.3583,
4.3059 -1.7598 2.3583,
4.3175 -1.7593 2.3583,
4.3232 -1.7586 2.3583,
4.3289 -1.7576 2.3583,
4.3346 -1.7563 2.3583,
4.3402 -1.7548 2.3583,
4.3457 -1.7529 2.3583,
4.3511 -1.7509 2.3583,
4.3564 -1.7485 2.3583,
4.3616 -1.7459 2.3583,
4.3666 -1.7430 2.3583,
4.3715 -1.7399 2.3583,
4.3763 -1.7366 2.3583,
4.3808 -1.7330 2.3583,
4.3852 -1.7292 2.3583,
4.3894 -1.7252 2.3583,
4.3934 -1.7211 2.3583,
4.3972 -1.7167 2.3583,
4.4008 -1.7121 2.3583,
4.4041 -1.7074 2.3583,
4.4072 -1.7025 2.3583,
4.4101 -1.6974 2.3583,
4.4127 -1.6922 2.3583,
4.4150 -1.6869 2.3583,
4.4171 -1.6815 2.3583,
4.4189 -1.6760 2.3583,
4.4205 -1.6704 2.3583,
4.4217 -1.6648 2.3583,
4.4227 -1.6591 2.3583,
4.4234 -1.6533 2.3583,
4.4239 -1.6475 2.3583,
4.4240 -1.1220 2.3583,
2.9870 -1.1220 2.3583,
4.4240 -0.2362 2.3583,
2.9921 -1.6760 2.3583,
2.9870 -1.9685 2.3583,
2.9905 -1.6704 2.3583,
2.9939 -1.6815 2.3583,
2.9960 -1.6869 2.3583,
2.9983 -1.6922 2.3583,
3.0010 -1.6974 2.3583,
3.0038 -1.7025 2.3583,
3.0069 -1.7074 2.3583,
3.0103 -1.7121 2.3583,
3.0138 -1.7167 2.3583,
3.0176 -1.7211 2.3583,
3.0216 -1.7252 2.3583,
3.0258 -1.7292 2.3583,
3.0302 -1.7330 2.3583,
3.0348 -1.7366 2.3583,
3.0395 -1.7399 2.3583,
3.0444 -1.7430 2.3583,
3.0494 -1.7459 2.3583,
3.0546 -1.7485 2.3583,
3.0599 -1.7509 2.3583,
3.0653 -1.7529 2.3583,
3.0708 -1.7548 2.3583,
3.0764 -1.7563 2.3583,
3.0821 -1.7576 2.3583,
3.0878 -1.7586 2.3583,
3.0935 -1.7593 2.3583,
3.0993 -1.7597 2.3583,
3.1051 -1.7598 2.3583,
2.9870 -1.6417 2.3583,
1.7272 -1.6417 2.3583,
1.7272 -1.1220 2.3583,
2.9872 -1.6475 2.3583,
1.7270 -1.6475 2.3583,
1.7266 -1.6533 2.3583,
2.9876 -1.6533 2.3583,
1.7259 -1.6591 2.3583,
2.9883 -1.6591 2.3583,
2.9893 -1.6648 2.3583,
1.7249 -1.6648 2.3583,
0.2902 -0.2362 2.3583,
1.7236 -1.6704 2.3583,
1.7182 -1.6869 2.3583,
1.7272 -1.9685 2.3583,
1.7158 -1.6922 2.3583,
1.7203 -1.6815 2.3583,
1.7221 -1.6760 2.3583,
1.6149 -1.7597 2.3583,
1.6091 -1.7598 2.3583,
1.6206 -1.7593 2.3583,
1.6264 -1.7586 2.3583,
1.6321 -1.7576 2.3583,
1.6378 -1.7563 2.3583,
1.6433 -1.7548 2.3583,
1.6488 -1.7529 2.3583,
1.6543 -1.7509 2.3583,
1.6596 -1.7485 2.3583,
1.6647 -1.7459 2.3583,
1.6698 -1.7430 2.3583,
1.6747 -1.7399 2.3583,
1.6794 -1.7366 2.3583,
1.6840 -1.7330 2.3583,
1.6884 -1.7292 2.3583,
1.6926 -1.7252 2.3583,
1.6966 -1.7211 2.3583,
1.7004 -1.7167 2.3583,
1.7039 -1.7121 2.3583,
1.7073 -1.7074 2.3583,
1.7104 -1.7025 2.3583,
1.7132 -1.6974 2.3583,
2.9870 -2.3622 2.3583,
1.7272 -2.3622 2.3583,
0.2902 -1.1220 2.3583,
0.2907 -1.6533 2.3583,
0.2902 -1.9685 2.3583,
0.2903 -1.6475 2.3583,
0.2914 -1.6591 2.3583,
0.2924 -1.6648 2.3583,
0.2937 -1.6704 2.3583,
0.2952 -1.6760 2.3583,
0.2971 -1.6815 2.3583,
0.2991 -1.6869 2.3583,
0.3015 -1.6922 2.3583,
0.3041 -1.6974 2.3583,
0.3070 -1.7025 2.3583,
0.3101 -1.7074 2.3583,
0.3134 -1.7121 2.3583,
0.3170 -1.7167 2.3583,
0.3208 -1.7211 2.3583,
0.3248 -1.7252 2.3583,
0.3290 -1.7292 2.3583,
0.3333 -1.7330 2.3583,
0.3379 -1.7366 2.3583,
0.3427 -1.7399 2.3583,
0.3475 -1.7430 2.3583,
0.3526 -1.7459 2.3583,
0.3578 -1.7485 2.3583,
0.3631 -1.7509 2.3583,
0.3685 -1.7529 2.3583,
0.3740 -1.7548 2.3583,
0.3796 -1.7563 2.3583,
0.3852 -1.7576 2.3583,
0.3909 -1.7586 2.3583,
0.3967 -1.7593 2.3583,
0.4025 -1.7597 2.3583,
0.4083 -1.7598 2.3583,
4.4240 -1.6417 2.3583,
0.2902 -1.6417 2.3583,
-0.0051 -2.2835 2.3583,
-0.5760 -2.2835 2.3583,
-0.0051 -0.2362 2.3583,
-0.5760 -0.2362 2.3583,
5.2902 -2.2835 2.3583,
4.7193 -2.2835 2.3583,
5.2902 -0.2362 2.3583,
4.7193 -0.2362 2.3583,
4.2547 -2.3622 0.5079,
0.4595 -2.3622 -0.0197,
4.2547 -2.3622 -0.0197,
0.4595 -2.3622 0.5079,
5.5067 -2.3622 0.9409,
5.3689 -2.3622 2.4370,
5.3689 -2.3622 0.9409,
5.5067 -2.3622 2.6772,
4.6406 -2.3622 2.0433,
4.6406 -2.3622 2.4370,
4.5028 -2.3622 2.0433,
4.5028 -2.3622 2.5748,
2.9870 -2.3622 2.5748,
1.7272 -2.3622 2.5748,
2.9870 -2.3622 2.3583,
1.7272 -2.3622 2.3583,
0.2114 -2.3622 2.5748,
0.0736 -2.3622 2.4370,
0.2114 -2.3622 2.0433,
0.0736 -2.3622 2.0433,
-0.6547 -2.3622 0.9409,
-0.6547 -2.3622 2.4370,
-0.7925 -2.3622 0.9409,
-0.7925 -2.3622 2.6772,
4.2547 -2.3622 0.5079,
0.4595 -2.3228 0.5472,
0.4595 -2.3622 0.5079,
4.2547 -2.3228 0.5472,
0.4595 -2.3622 0.5079,
0.4465 -2.3497 0.5210,
0.4536 -2.3623 0.5079,
0.4478 -2.3628 0.5079,
0.4420 -2.3635 0.5079,
0.4595 -2.3228 0.5472,
0.4337 -2.3516 0.5210,
0.4362 -2.3645 0.5079,
0.4306 -2.3658 0.5079,
0.4517 -2.3230 0.5472,
0.4452 -2.3367 0.5341,
0.4439 -2.3236 0.5472,
0.4362 -2.3246 0.5472,
0.4211 -2.3548 0.5210,
0.4249 -2.3674 0.5079,
0.4194 -2.3692 0.5079,
0.4311 -2.3388 0.5341,
0.4285 -2.3259 0.5472,
0.4209 -2.3276 0.5472,
0.4089 -2.3592 0.5210,
0.4140 -2.3713 0.5079,
0.4086 -2.3737 0.5079,
0.4173 -2.3423 0.5341,
0.4134 -2.3297 0.5472,
0.4060 -2.3322 0.5472,
0.3972 -2.3648 0.5210,
0.4034 -2.3763 0.5079,
0.3983 -2.3792 0.5079,
0.3988 -2.3350 0.5472,
0.4038 -2.3471 0.5341,
0.3917 -2.3382 0.5472,
0.3861 -2.3715 0.5210,
0.3934 -2.3824 0.5079,
0.3887 -2.3858 0.5079,
0.3910 -2.3532 0.5341,
0.3847 -2.3417 0.5472,
0.3780 -2.3455 0.5472,
0.3757 -2.3793 0.5210,
0.3841 -2.3894 0.5079,
0.3797 -2.3932 0.5079,
0.3788 -2.3606 0.5341,
0.3714 -2.3497 0.5472,
0.3651 -2.3542 0.5472,
0.3661 -2.3880 0.5210,
0.3755 -2.3973 0.5079,
0.3715 -2.4015 0.5079,
0.3673 -2.3692 0.5341,
0.3590 -2.3591 0.5472,
0.3531 -2.3642 0.5472,
0.3575 -2.3977 0.5210,
0.3677 -2.4060 0.5079,
0.3641 -2.4106 0.5079,
0.3608 -2.4154 0.5079,
0.3279 -2.3937 0.5472,
0.3568 -2.3788 0.5341,
0.3475 -2.3696 0.5472,
0.3421 -2.3752 0.5472,
0.3473 -2.3894 0.5341,
0.3371 -2.3812 0.5472,
0.3324 -2.3873 0.5472,
0.4595 -2.3622 -0.0197,
0.4595 -2.3622 0.5079,
0.4536 -2.3623 -0.0197,
0.4536 -2.3623 0.5079,
0.4478 -2.3628 0.5079,
0.4478 -2.3628 -0.0197,
0.4420 -2.3635 0.5079,
0.4420 -2.3635 -0.0197,
0.4362 -2.3645 0.5079,
0.4362 -2.3645 -0.0197,
0.4306 -2.3658 0.5079,
0.4306 -2.3658 -0.0197,
0.4249 -2.3674 0.5079,
0.4249 -2.3674 -0.0197,
0.4194 -2.3692 0.5079,
0.4194 -2.3692 -0.0197,
0.4140 -2.3713 0.5079,
0.4140 -2.3713 -0.0197,
0.4086 -2.3737 0.5079,
0.4086 -2.3737 -0.0197,
0.4034 -2.3763 0.5079,
0.4034 -2.3763 -0.0197,
0.3983 -2.3792 0.5079,
0.3983 -2.3792 -0.0197,
0.3934 -2.3824 0.5079,
0.3934 -2.3824 -0.0197,
0.3887 -2.3858 0.5079,
0.3887 -2.3858 -0.0197,
0.3841 -2.3894 0.5079,
0.3841 -2.3894 -0.0197,
0.3797 -2.3932 0.5079,
0.3797 -2.3932 -0.0197,
0.3755 -2.3973 0.5079,
0.3755 -2.3973 -0.0197,
0.3715 -2.4015 0.5079,
0.3715 -2.4015 -0.0197,
0.3677 -2.4060 0.5079,
0.3677 -2.4060 -0.0197,
0.3641 -2.4106 0.5079,
0.3641 -2.4106 -0.0197,
0.3608 -2.4154 0.5079,
0.3608 -2.4154 -0.0197,
5.0146 0.1772 -0.0197,
5.5067 0.1772 -0.0197,
5.5461 0.1378 -0.0197,
5.4738 -0.5945 -0.0197,
5.4670 -0.5874 -0.0197,
5.4598 -0.5808 -0.0197,
5.4803 -0.6018 -0.0197,
5.4523 -0.5744 -0.0197,
5.4864 -0.6095 -0.0197,
5.4444 -0.5685 -0.0197,
5.4922 -0.6175 -0.0197,
5.4363 -0.5630 -0.0197,
5.4975 -0.6257 -0.0197,
5.4280 -0.5579 -0.0197,
5.5024 -0.6342 -0.0197,
5.4193 -0.5532 -0.0197,
5.5069 -0.6429 -0.0197,
5.4105 -0.5489 -0.0197,
5.5109 -0.6519 -0.0197,
5.4014 -0.5451 -0.0197,
5.5145 -0.6610 -0.0197,
5.3922 -0.5417 -0.0197,
5.5176 -0.6703 -0.0197,
5.3828 -0.5389 -0.0197,
5.5203 -0.6798 -0.0197,
5.3733 -0.5364 -0.0197,
5.5225 -0.6893 -0.0197,
5.3637 -0.5345 -0.0197,
5.5242 -0.6990 -0.0197,
5.3540 -0.5330 -0.0197,
5.5254 -0.7087 -0.0197,
5.3442 -0.5320 -0.0197,
5.5261 -0.7185 -0.0197,
5.3344 -0.5316 -0.0197,
5.5264 -0.7283 -0.0197,
5.3246 -0.5316 -0.0197,
5.3148 -0.5320 -0.0197,
5.3051 -0.5330 -0.0197,
5.2953 -0.5345 -0.0197,
5.2857 -0.5364 -0.0197,
5.2762 -0.5389 -0.0197,
5.2668 -0.5417 -0.0197,
5.2576 -0.5451 -0.0197,
5.2486 -0.5489 -0.0197,
5.2397 -0.5532 -0.0197,
5.2311 -0.5579 -0.0197,
5.2227 -0.5630 -0.0197,
5.2146 -0.5685 -0.0197,
5.2068 -0.5744 -0.0197,
5.1993 -0.5808 -0.0197,
5.1921 -0.5874 -0.0197,
5.1852 -0.5945 -0.0197,
5.1787 -0.6018 -0.0197,
5.1726 -0.6095 -0.0197,
5.1669 -0.6175 -0.0197,
5.1616 -0.6257 -0.0197,
5.1567 -0.6342 -0.0197,
5.1522 -0.6429 -0.0197,
5.1481 -0.6519 -0.0197,
5.1446 -0.6610 -0.0197,
5.1414 -0.6703 -0.0197,
5.0146 -1.3780 -0.0197,
5.3733 -0.9203 -0.0197,
5.3828 -0.9178 -0.0197,
5.3637 -0.9222 -0.0197,
5.3540 -0.9237 -0.0197,
5.3442 -0.9246 -0.0197,
5.3344 -0.9251 -0.0197,
5.3246 -0.9251 -0.0197,
5.3148 -0.9246 -0.0197,
5.3051 -0.9237 -0.0197,
5.2953 -0.9222 -0.0197,
5.2857 -0.9203 -0.0197,
5.2762 -0.9178 -0.0197,
5.2668 -0.9149 -0.0197,
5.2576 -0.9116 -0.0197,
5.2486 -0.9078 -0.0197,
5.2397 -0.9035 -0.0197,
5.2311 -0.8988 -0.0197,
5.2227 -0.8937 -0.0197,
5.2146 -0.8882 -0.0197,
5.2068 -0.8823 -0.0197,
5.1993 -0.8759 -0.0197,
5.1921 -0.8693 -0.0197,
5.1852 -0.8622 -0.0197,
5.1787 -0.8549 -0.0197,
5.1726 -0.8472 -0.0197,
5.1669 -0.8392 -0.0197,
5.1616 -0.8310 -0.0197,
5.1567 -0.8225 -0.0197,
5.1522 -0.8138 -0.0197,
5.1481 -0.8048 -0.0197,
5.1446 -0.7957 -0.0197,
5.4193 -0.9035 -0.0197,
5.4280 -0.8988 -0.0197,
5.4105 -0.9078 -0.0197,
5.4014 -0.9116 -0.0197,
5.3922 -0.9149 -0.0197,
5.5461 -2.6378 -0.0197,
5.5254 -0.7479 -0.0197,
5.5261 -0.7382 -0.0197,
5.5242 -0.7577 -0.0197,
5.5225 -0.7674 -0.0197,
5.5203 -0.7769 -0.0197,
5.5176 -0.7864 -0.0197,
5.5145 -0.7957 -0.0197,
5.5109 -0.8048 -0.0197,
5.5069 -0.8138 -0.0197,
5.5024 -0.8225 -0.0197,
5.4975 -0.8310 -0.0197,
5.4922 -0.8392 -0.0197,
5.4864 -0.8472 -0.0197,
5.4803 -0.8549 -0.0197,
5.4738 -0.8622 -0.0197,
5.4670 -0.8693 -0.0197,
5.4598 -0.8759 -0.0197,
5.4523 -0.8823 -0.0197,
5.4444 -0.8882 -0.0197,
5.4363 -0.8937 -0.0197,
4.1780 -1.5551 -0.0197,
4.1780 -1.3780 -0.0197,
4.3345 -2.3932 -0.0197,
4.3387 -2.3973 -0.0197,
4.3427 -2.4015 -0.0197,
4.3301 -2.3894 -0.0197,
4.3465 -2.4060 -0.0197,
4.3255 -2.3858 -0.0197,
4.3500 -2.4106 -0.0197,
4.3207 -2.3824 -0.0197,
4.3534 -2.4154 -0.0197,
4.3158 -2.3792 -0.0197,
4.3108 -2.3763 -0.0197,
4.3056 -2.3737 -0.0197,
4.3002 -2.3713 -0.0197,
4.2948 -2.3692 -0.0197,
4.2892 -2.3674 -0.0197,
4.2836 -2.3658 -0.0197,
4.2779 -2.3645 -0.0197,
4.5894 -2.6772 -0.0197,
5.5067 -2.6772 -0.0197,
4.2722 -2.3635 -0.0197,
4.2664 -2.3628 -0.0197,
4.2606 -2.3623 -0.0197,
4.5719 -2.6759 -0.0197,
4.5835 -2.6770 -0.0197,
4.5777 -2.6766 -0.0197,
4.2547 -2.3622 -0.0197,
4.0795 -1.5551 -0.0197,
4.5605 -2.6736 -0.0197,
4.5662 -2.6749 -0.0197,
4.5493 -2.6702 -0.0197,
4.5549 -2.6720 -0.0197,
4.5333 -2.6630 -0.0197,
4.5439 -2.6681 -0.0197,
4.5385 -2.6657 -0.0197,
4.4907 -2.6240 -0.0197,
4.5233 -2.6570 -0.0197,
4.5283 -2.6601 -0.0197,
4.4940 -2.6288 -0.0197,
4.5186 -2.6536 -0.0197,
4.4976 -2.6334 -0.0197,
4.5140 -2.6500 -0.0197,
4.5054 -2.6421 -0.0197,
4.5096 -2.6462 -0.0197,
4.5014 -2.6379 -0.0197,
2.9969 -1.5551 -0.0197,
2.9969 -1.3780 -0.0197,
4.0795 -1.3780 -0.0197,
2.8984 -1.5551 -0.0197,
1.8157 -1.5551 -0.0197,
1.8157 -1.3780 -0.0197,
2.8984 -1.3780 -0.0197,
-0.8319 0.1378 -0.0197,
-0.7925 0.1772 -0.0197,
-0.3004 0.1772 -0.0197,
0.6346 -1.3780 -0.0197,
1.7173 -1.3780 -0.0197,
1.7173 -1.5551 -0.0197,
0.6346 -1.5551 -0.0197,
-0.4711 -0.5945 -0.0197,
-0.4779 -0.5874 -0.0197,
-0.4851 -0.5808 -0.0197,
-0.4646 -0.6018 -0.0197,
-0.4926 -0.5744 -0.0197,
-0.4584 -0.6095 -0.0197,
-0.5004 -0.5685 -0.0197,
-0.4527 -0.6175 -0.0197,
-0.5086 -0.5630 -0.0197,
-0.4474 -0.6257 -0.0197,
-0.5169 -0.5579 -0.0197,
-0.4425 -0.6342 -0.0197,
-0.5255 -0.5532 -0.0197,
-0.4380 -0.6429 -0.0197,
-0.5344 -0.5489 -0.0197,
-0.4340 -0.6519 -0.0197,
-0.5434 -0.5451 -0.0197,
-0.4304 -0.6610 -0.0197,
-0.5527 -0.5417 -0.0197,
-0.4272 -0.6703 -0.0197,
-0.5620 -0.5389 -0.0197,
-0.5715 -0.5364 -0.0197,
-0.5812 -0.5345 -0.0197,
-0.5909 -0.5330 -0.0197,
-0.6006 -0.5320 -0.0197,
-0.6104 -0.5316 -0.0197,
-0.6203 -0.5316 -0.0197,
-0.6301 -0.5320 -0.0197,
-0.6398 -0.5330 -0.0197,
-0.6495 -0.5345 -0.0197,
-0.6592 -0.5364 -0.0197,
-0.6687 -0.5389 -0.0197,
-0.6780 -0.5417 -0.0197,
-0.6873 -0.5451 -0.0197,
-0.6963 -0.5489 -0.0197,
-0.7052 -0.5532 -0.0197,
-0.7138 -0.5579 -0.0197,
-0.7222 -0.5630 -0.0197,
-0.7303 -0.5685 -0.0197,
-0.7381 -0.5744 -0.0197,
-0.7456 -0.5808 -0.0197,
-0.7528 -0.5874 -0.0197,
-0.7597 -0.5945 -0.0197,
-0.7661 -0.6018 -0.0197,
-0.7723 -0.6095 -0.0197,
-0.7780 -0.6175 -0.0197,
-0.7833 -0.6257 -0.0197,
-0.7882 -0.6342 -0.0197,
-0.7927 -0.6429 -0.0197,
-0.7967 -0.6519 -0.0197,
-0.8003 -0.6610 -0.0197,
-0.8035 -0.6703 -0.0197,
-0.8061 -0.6798 -0.0197,
-0.8083 -0.6893 -0.0197,
-0.8100 -0.6990 -0.0197,
-0.8112 -0.7087 -0.0197,
-0.3004 -1.3780 -0.0197,
0.5362 -1.3780 -0.0197,
0.5362 -1.5551 -0.0197,
-0.4340 -0.8048 -0.0197,
-0.4304 -0.7957 -0.0197,
-0.4380 -0.8138 -0.0197,
-0.4425 -0.8225 -0.0197,
-0.4474 -0.8310 -0.0197,
-0.4527 -0.8392 -0.0197,
-0.4584 -0.8472 -0.0197,
-0.4646 -0.8549 -0.0197,
-0.4711 -0.8622 -0.0197,
-0.4779 -0.8693 -0.0197,
-0.4851 -0.8759 -0.0197,
-0.4926 -0.8823 -0.0197,
-0.5004 -0.8882 -0.0197,
-0.5086 -0.8937 -0.0197,
-0.5169 -0.8988 -0.0197,
-0.5255 -0.9035 -0.0197,
-0.5344 -0.9078 -0.0197,
-0.5434 -0.9116 -0.0197,
-0.5527 -0.9149 -0.0197,
-0.5620 -0.9178 -0.0197,
-0.5715 -0.9203 -0.0197,
-0.5812 -0.9222 -0.0197,
-0.5909 -0.9237 -0.0197,
-0.6006 -0.9246 -0.0197,
-0.6104 -0.9251 -0.0197,
-0.6203 -0.9251 -0.0197,
-0.6301 -0.9246 -0.0197,
-0.6398 -0.9237 -0.0197,
-0.6495 -0.9222 -0.0197,
-0.6592 -0.9203 -0.0197,
-0.6687 -0.9178 -0.0197,
-0.6780 -0.9149 -0.0197,
-0.6873 -0.9116 -0.0197,
-0.6963 -0.9078 -0.0197,
-0.7052 -0.9035 -0.0197,
-0.7138 -0.8988 -0.0197,
0.4595 -2.3622 -0.0197,
0.4536 -2.3623 -0.0197,
0.4478 -2.3628 -0.0197,
0.4420 -2.3635 -0.0197,
0.4362 -2.3645 -0.0197,
0.4306 -2.3658 -0.0197,
0.4249 -2.3674 -0.0197,
0.4194 -2.3692 -0.0197,
0.4140 -2.3713 -0.0197,
0.4086 -2.3737 -0.0197,
0.4034 -2.3763 -0.0197,
0.3983 -2.3792 -0.0197,
0.3934 -2.3824 -0.0197,
0.3887 -2.3858 -0.0197,
0.3841 -2.3894 -0.0197,
0.3797 -2.3932 -0.0197,
0.3755 -2.3973 -0.0197,
0.3715 -2.4015 -0.0197,
0.3677 -2.4060 -0.0197,
0.3641 -2.4106 -0.0197,
0.3608 -2.4154 -0.0197,
0.2166 -2.6334 -0.0197,
0.2235 -2.6240 -0.0197,
0.2201 -2.6288 -0.0197,
0.2088 -2.6421 -0.0197,
0.2128 -2.6379 -0.0197,
0.2002 -2.6500 -0.0197,
0.2046 -2.6462 -0.0197,
0.1956 -2.6536 -0.0197,
0.1908 -2.6570 -0.0197,
0.1808 -2.6630 -0.0197,
0.1859 -2.6601 -0.0197,
0.1756 -2.6657 -0.0197,
0.1649 -2.6702 -0.0197,
0.1703 -2.6681 -0.0197,
0.1593 -2.6720 -0.0197,
0.1365 -2.6766 -0.0197,
0.1537 -2.6736 -0.0197,
0.1480 -2.6749 -0.0197,
0.1423 -2.6759 -0.0197,
0.1306 -2.6770 -0.0197,
0.1248 -2.6772 -0.0197,
-0.8319 -2.6378 -0.0197,
-0.7222 -0.8937 -0.0197,
-0.7303 -0.8882 -0.0197,
-0.7381 -0.8823 -0.0197,
-0.7456 -0.8759 -0.0197,
-0.7528 -0.8693 -0.0197,
-0.7597 -0.8622 -0.0197,
-0.7661 -0.8549 -0.0197,
-0.7723 -0.8472 -0.0197,
-0.7780 -0.8392 -0.0197,
-0.7833 -0.8310 -0.0197,
-0.7882 -0.8225 -0.0197,
-0.7927 -0.8138 -0.0197,
-0.7967 -0.8048 -0.0197,
-0.8003 -0.7957 -0.0197,
-0.8035 -0.7864 -0.0197,
-0.8061 -0.7769 -0.0197,
-0.7925 -2.6772 -0.0197,
-0.4185 -0.7283 -0.0197,
-0.4187 -0.7382 -0.0197,
-0.4195 -0.7479 -0.0197,
-0.4207 -0.7577 -0.0197,
-0.4224 -0.7674 -0.0197,
-0.4246 -0.7769 -0.0197,
-0.4272 -0.7864 -0.0197,
-0.4187 -0.7185 -0.0197,
-0.4195 -0.7087 -0.0197,
-0.4207 -0.6990 -0.0197,
-0.4224 -0.6893 -0.0197,
-0.4246 -0.6798 -0.0197,
5.1327 -0.7283 -0.0197,
5.1329 -0.7185 -0.0197,
5.1337 -0.7087 -0.0197,
5.1349 -0.6990 -0.0197,
5.1366 -0.6893 -0.0197,
5.1388 -0.6798 -0.0197,
5.1329 -0.7382 -0.0197,
5.1337 -0.7479 -0.0197,
5.1349 -0.7577 -0.0197,
5.1366 -0.7674 -0.0197,
5.1388 -0.7769 -0.0197,
5.1414 -0.7864 -0.0197,
-0.8122 -0.7283 -0.0197,
-0.8120 -0.7185 -0.0197,
-0.8120 -0.7382 -0.0197,
-0.8112 -0.7479 -0.0197,
-0.8100 -0.7577 -0.0197,
-0.8083 -0.7674 -0.0197,
-0.8122 -0.7283 -0.0197,
-0.8122 -0.7283 -0.2362,
-0.8120 -0.7380 -0.2362,
-0.8120 -0.7382 -0.0197,
-0.8113 -0.7476 -0.2362,
-0.8112 -0.7479 -0.0197,
-0.8101 -0.7572 -0.2362,
-0.8100 -0.7577 -0.0197,
-0.8084 -0.7668 -0.2362,
-0.8083 -0.7674 -0.0197,
-0.8063 -0.7762 -0.2362,
-0.8061 -0.7769 -0.0197,
-0.8037 -0.7855 -0.2362,
-0.8035 -0.7864 -0.0197,
-0.8007 -0.7947 -0.2362,
-0.8003 -0.7957 -0.0197,
-0.7972 -0.8037 -0.2362,
-0.7967 -0.8048 -0.0197,
-0.7933 -0.8125 -0.2362,
-0.7927 -0.8138 -0.0197,
-0.7890 -0.8211 -0.2362,
-0.7882 -0.8225 -0.0197,
-0.7842 -0.8295 -0.2362,
-0.7833 -0.8310 -0.0197,
-0.7790 -0.8377 -0.2362,
-0.7780 -0.8392 -0.0197,
-0.7735 -0.8456 -0.2362,
-0.7723 -0.8472 -0.0197,
-0.7675 -0.8532 -0.2362,
-0.7661 -0.8549 -0.0197,
-0.7612 -0.8605 -0.2362,
-0.7597 -0.8622 -0.0197,
-0.7545 -0.8675 -0.2362,
-0.7528 -0.8693 -0.0197,
-0.7475 -0.8742 -0.2362,
-0.7456 -0.8759 -0.0197,
-0.7402 -0.8805 -0.2362,
-0.7381 -0.8823 -0.0197,
-0.7326 -0.8865 -0.2362,
-0.7303 -0.8882 -0.0197,
-0.7247 -0.8920 -0.2362,
-0.7222 -0.8937 -0.0197,
-0.7166 -0.8972 -0.2362,
-0.7138 -0.8988 -0.0197,
-0.7081 -0.9020 -0.2362,
-0.7052 -0.9035 -0.0197,
-0.6995 -0.9063 -0.2362,
-0.6963 -0.9078 -0.0197,
-0.6907 -0.9102 -0.2362,
-0.6873 -0.9116 -0.0197,
-0.6817 -0.9137 -0.2362,
-0.6780 -0.9149 -0.0197,
-0.6725 -0.9167 -0.2362,
-0.6687 -0.9178 -0.0197,
-0.6632 -0.9193 -0.2362,
-0.6592 -0.9203 -0.0197,
-0.6538 -0.9214 -0.2362,
-0.6495 -0.9222 -0.0197,
-0.6442 -0.9231 -0.2362,
-0.6398 -0.9237 -0.0197,
-0.6346 -0.9242 -0.2362,
-0.6301 -0.9246 -0.0197,
-0.6250 -0.9250 -0.2362,
-0.6203 -0.9251 -0.0197,
-0.6154 -0.9252 -0.2362,
-0.6104 -0.9251 -0.0197,
-0.6057 -0.9250 -0.2362,
-0.6006 -0.9246 -0.0197,
-0.5961 -0.9242 -0.2362,
-0.5909 -0.9237 -0.0197,
-0.5865 -0.9231 -0.2362,
-0.5812 -0.9222 -0.0197,
-0.5769 -0.9214 -0.2362,
-0.5715 -0.9203 -0.0197,
-0.5675 -0.9193 -0.2362,
-0.5620 -0.9178 -0.0197,
-0.5582 -0.9167 -0.2362,
-0.5527 -0.9149 -0.0197,
-0.5490 -0.9137 -0.2362,
-0.5434 -0.9116 -0.0197,
-0.5400 -0.9102 -0.2362,
-0.5344 -0.9078 -0.0197,
-0.5312 -0.9063 -0.2362,
-0.5255 -0.9035 -0.0197,
-0.5226 -0.9020 -0.2362,
-0.5169 -0.8988 -0.0197,
-0.5142 -0.8972 -0.2362,
-0.5086 -0.8937 -0.0197,
-0.5060 -0.8920 -0.2362,
-0.5004 -0.8882 -0.0197,
-0.4981 -0.8865 -0.2362,
-0.4926 -0.8823 -0.0197,
-0.4905 -0.8805 -0.2362,
-0.4851 -0.8759 -0.0197,
-0.4832 -0.8742 -0.2362,
-0.4779 -0.8693 -0.0197,
-0.4762 -0.8675 -0.2362,
-0.4711 -0.8622 -0.0197,
-0.4695 -0.8605 -0.2362,
-0.4646 -0.8549 -0.0197,
-0.4632 -0.8532 -0.2362,
-0.4584 -0.8472 -0.0197,
-0.4572 -0.8456 -0.2362,
-0.4527 -0.8392 -0.0197,
-0.4517 -0.8377 -0.2362,
-0.4474 -0.8310 -0.0197,
-0.4465 -0.8295 -0.2362,
-0.4425 -0.8225 -0.0197,
-0.4417 -0.8211 -0.2362,
-0.4380 -0.8138 -0.0197,
-0.4374 -0.8125 -0.2362,
-0.4340 -0.8048 -0.0197,
-0.4335 -0.8037 -0.2362,
-0.4304 -0.7957 -0.0197,
-0.4300 -0.7947 -0.2362,
-0.4272 -0.7864 -0.0197,
-0.4270 -0.7855 -0.2362,
-0.4246 -0.7769 -0.0197,
-0.4244 -0.7762 -0.2362,
-0.4224 -0.7674 -0.0197,
-0.4223 -0.7668 -0.2362,
-0.4207 -0.7577 -0.0197,
-0.4206 -0.7572 -0.2362,
-0.4195 -0.7479 -0.0197,
-0.4195 -0.7476 -0.2362,
-0.4187 -0.7382 -0.0197,
-0.4187 -0.7380 -0.2362,
-0.4185 -0.7283 -0.0197,
-0.4185 -0.7283 -0.2362,
-0.7721 -0.7438 -0.2756,
-0.7525 -0.7419 -0.2953,
-0.7517 -0.7486 -0.2953,
-0.7530 -0.7351 -0.2953,
-0.7531 -0.7283 -0.2953,
-0.7698 -0.7591 -0.2756,
-0.7505 -0.7552 -0.2953,
-0.7490 -0.7618 -0.2953,
-0.7917 -0.7457 -0.2559,
-0.8101 -0.7572 -0.2362,
-0.8113 -0.7476 -0.2362,
-0.8120 -0.7380 -0.2362,
-0.8122 -0.7283 -0.2362,
-0.7660 -0.7741 -0.2756,
-0.7472 -0.7683 -0.2953,
-0.7451 -0.7748 -0.2953,
-0.7891 -0.7629 -0.2559,
-0.8063 -0.7762 -0.2362,
-0.8084 -0.7668 -0.2362,
-0.7608 -0.7886 -0.2756,
-0.7427 -0.7811 -0.2953,
-0.7399 -0.7873 -0.2953,
-0.7849 -0.7798 -0.2559,
-0.8007 -0.7947 -0.2362,
-0.8037 -0.7855 -0.2362,
-0.7542 -0.8026 -0.2756,
-0.7369 -0.7933 -0.2953,
-0.7335 -0.7992 -0.2953,
-0.7790 -0.7961 -0.2559,
-0.7933 -0.8125 -0.2362,
-0.7972 -0.8037 -0.2362,
-0.7463 -0.8158 -0.2756,
-0.7299 -0.8049 -0.2953,
-0.7260 -0.8104 -0.2953,
-0.7716 -0.8119 -0.2559,
-0.7842 -0.8295 -0.2362,
-0.7890 -0.8211 -0.2362,
-0.7371 -0.8282 -0.2756,
-0.7219 -0.8158 -0.2953,
-0.7175 -0.8209 -0.2953,
-0.7627 -0.8268 -0.2559,
-0.7735 -0.8456 -0.2362,
-0.7790 -0.8377 -0.2362,
-0.7267 -0.8397 -0.2756,
-0.7128 -0.8258 -0.2953,
-0.7079 -0.8304 -0.2953,
-0.7523 -0.8407 -0.2559,
-0.7612 -0.8605 -0.2362,
-0.7675 -0.8532 -0.2362,
-0.7153 -0.8501 -0.2756,
-0.7028 -0.8349 -0.2953,
-0.6974 -0.8390 -0.2953,
-0.7406 -0.8536 -0.2559,
-0.7475 -0.8742 -0.2362,
-0.7545 -0.8675 -0.2362,
-0.7028 -0.8593 -0.2756,
-0.6919 -0.8429 -0.2953,
-0.6862 -0.8465 -0.2953,
-0.7277 -0.8653 -0.2559,
-0.7326 -0.8865 -0.2362,
-0.7402 -0.8805 -0.2362,
-0.6896 -0.8672 -0.2756,
-0.6803 -0.8499 -0.2953,
-0.6743 -0.8529 -0.2953,
-0.7138 -0.8757 -0.2559,
-0.7166 -0.8972 -0.2362,
-0.7247 -0.8920 -0.2362,
-0.6756 -0.8738 -0.2756,
-0.6681 -0.8557 -0.2953,
-0.6618 -0.8581 -0.2953,
-0.6989 -0.8846 -0.2559,
-0.6995 -0.9063 -0.2362,
-0.7081 -0.9020 -0.2362,
-0.6611 -0.8790 -0.2756,
-0.6554 -0.8602 -0.2953,
-0.6488 -0.8620 -0.2953,
-0.6832 -0.8920 -0.2559,
-0.6817 -0.9137 -0.2362,
-0.6907 -0.9102 -0.2362,
-0.6461 -0.8828 -0.2756,
-0.6422 -0.8635 -0.2953,
-0.6356 -0.8646 -0.2953,
-0.6668 -0.8979 -0.2559,
-0.6632 -0.9193 -0.2362,
-0.6725 -0.9167 -0.2362,
-0.6308 -0.8851 -0.2756,
-0.6154 -0.8661 -0.2953,
-0.6154 -0.9252 -0.2362,
-0.6221 -0.8660 -0.2953,
-0.6289 -0.8655 -0.2953,
-0.6499 -0.9021 -0.2559,
-0.6442 -0.9231 -0.2362,
-0.6538 -0.9214 -0.2362,
-0.6327 -0.9047 -0.2559,
-0.6250 -0.9250 -0.2362,
-0.6346 -0.9242 -0.2362,
-0.5088 -0.6409 -0.2953,
-0.5179 -0.6309 -0.2953,
-0.5133 -0.6358 -0.2953,
-0.5333 -0.6177 -0.2953,
-0.5279 -0.6218 -0.2953,
-0.5228 -0.6262 -0.2953,
-0.5388 -0.6138 -0.2953,
-0.4972 -0.6575 -0.2953,
-0.5047 -0.6463 -0.2953,
-0.5008 -0.6518 -0.2953,
-0.5504 -0.6068 -0.2953,
-0.5445 -0.6102 -0.2953,
-0.5626 -0.6010 -0.2953,
-0.5564 -0.6038 -0.2953,
-0.5689 -0.5986 -0.2953,
-0.4856 -0.6819 -0.2953,
-0.4938 -0.6634 -0.2953,
-0.4908 -0.6694 -0.2953,
-0.4880 -0.6756 -0.2953,
-0.5819 -0.5947 -0.2953,
-0.5754 -0.5965 -0.2953,
-0.4817 -0.6949 -0.2953,
-0.4835 -0.6883 -0.2953,
-0.6018 -0.5912 -0.2953,
-0.5951 -0.5920 -0.2953,
-0.5885 -0.5932 -0.2953,
-0.4777 -0.7216 -0.2953,
-0.4802 -0.7015 -0.2953,
-0.4791 -0.7081 -0.2953,
-0.4782 -0.7148 -0.2953,
-0.6154 -0.5906 -0.2953,
-0.6086 -0.5907 -0.2953,
-0.4777 -0.7351 -0.2953,
-0.4776 -0.7283 -0.2953,
-0.6289 -0.5912 -0.2953,
-0.6221 -0.5907 -0.2953,
-0.4791 -0.7486 -0.2953,
-0.4782 -0.7419 -0.2953,
-0.6488 -0.5947 -0.2953,
-0.6422 -0.5932 -0.2953,
-0.6356 -0.5920 -0.2953,
-0.4817 -0.7618 -0.2953,
-0.4802 -0.7552 -0.2953,
-0.6681 -0.6010 -0.2953,
-0.6618 -0.5986 -0.2953,
-0.6554 -0.5965 -0.2953,
-0.4908 -0.7873 -0.2953,
-0.4835 -0.7683 -0.2953,
-0.4856 -0.7748 -0.2953,
-0.4880 -0.7811 -0.2953,
-0.6803 -0.6068 -0.2953,
-0.6743 -0.6038 -0.2953,
-0.4938 -0.7933 -0.2953,
-0.6919 -0.6138 -0.2953,
-0.6862 -0.6102 -0.2953,
-0.5047 -0.8104 -0.2953,
-0.4972 -0.7992 -0.2953,
-0.5008 -0.8049 -0.2953,
-0.5088 -0.8158 -0.2953,
-0.7079 -0.6262 -0.2953,
-0.7028 -0.6218 -0.2953,
-0.6974 -0.6177 -0.2953,
-0.7128 -0.6309 -0.2953,
-0.7260 -0.6463 -0.2953,
-0.7219 -0.6409 -0.2953,
-0.7175 -0.6358 -0.2953,
-0.5333 -0.8390 -0.2953,
-0.5133 -0.8209 -0.2953,
-0.5179 -0.8258 -0.2953,
-0.5228 -0.8304 -0.2953,
-0.5279 -0.8349 -0.2953,
-0.7369 -0.6634 -0.2953,
-0.7335 -0.6575 -0.2953,
-0.7299 -0.6518 -0.2953,
-0.5504 -0.8499 -0.2953,
-0.5388 -0.8429 -0.2953,
-0.5445 -0.8465 -0.2953,
-0.5564 -0.8529 -0.2953,
-0.7427 -0.6756 -0.2953,
-0.7399 -0.6694 -0.2953,
-0.7472 -0.6883 -0.2953,
-0.7451 -0.6819 -0.2953,
-0.7490 -0.6949 -0.2953,
-0.7517 -0.7081 -0.2953,
-0.7505 -0.7015 -0.2953,
-0.5951 -0.8646 -0.2953,
-0.5754 -0.8602 -0.2953,
-0.5819 -0.8620 -0.2953,
-0.5885 -0.8635 -0.2953,
-0.6018 -0.8655 -0.2953,
-0.7530 -0.7216 -0.2953,
-0.7525 -0.7148 -0.2953,
-0.7530 -0.7351 -0.2953,
-0.7531 -0.7283 -0.2953,
-0.6221 -0.8660 -0.2953,
-0.6086 -0.8660 -0.2953,
-0.6154 -0.8661 -0.2953,
-0.6289 -0.8655 -0.2953,
-0.5626 -0.8557 -0.2953,
-0.5689 -0.8581 -0.2953,
-0.6356 -0.8646 -0.2953,
-0.7505 -0.7552 -0.2953,
-0.7517 -0.7486 -0.2953,
-0.7525 -0.7419 -0.2953,
-0.7451 -0.7748 -0.2953,
-0.7472 -0.7683 -0.2953,
-0.7490 -0.7618 -0.2953,
-0.6618 -0.8581 -0.2953,
-0.6422 -0.8635 -0.2953,
-0.6488 -0.8620 -0.2953,
-0.6554 -0.8602 -0.2953,
-0.7369 -0.7933 -0.2953,
-0.7399 -0.7873 -0.2953,
-0.7427 -0.7811 -0.2953,
-0.6803 -0.8499 -0.2953,
-0.6681 -0.8557 -0.2953,
-0.6743 -0.8529 -0.2953,
-0.7335 -0.7992 -0.2953,
-0.6919 -0.8429 -0.2953,
-0.6862 -0.8465 -0.2953,
-0.7175 -0.8209 -0.2953,
-0.7219 -0.8158 -0.2953,
-0.7260 -0.8104 -0.2953,
-0.7299 -0.8049 -0.2953,
-0.7128 -0.8258 -0.2953,
-0.6974 -0.8390 -0.2953,
-0.7028 -0.8349 -0.2953,
-0.7079 -0.8304 -0.2953,
5.4360 -0.6409 -0.2953,
5.4270 -0.6309 -0.2953,
5.4316 -0.6358 -0.2953,
5.4116 -0.6177 -0.2953,
5.4169 -0.6218 -0.2953,
5.4221 -0.6262 -0.2953,
5.4061 -0.6138 -0.2953,
5.4477 -0.6575 -0.2953,
5.4402 -0.6463 -0.2953,
5.4441 -0.6518 -0.2953,
5.3945 -0.6068 -0.2953,
5.4004 -0.6102 -0.2953,
5.3823 -0.6010 -0.2953,
5.3884 -0.6038 -0.2953,
5.3759 -0.5986 -0.2953,
5.4593 -0.6819 -0.2953,
5.4511 -0.6634 -0.2953,
5.4541 -0.6694 -0.2953,
5.4568 -0.6756 -0.2953,
5.3630 -0.5947 -0.2953,
5.3695 -0.5965 -0.2953,
5.4632 -0.6949 -0.2953,
5.4614 -0.6883 -0.2953,
5.3430 -0.5912 -0.2953,
5.3564 -0.5932 -0.2953,
5.3497 -0.5920 -0.2953,
5.4672 -0.7216 -0.2953,
5.4647 -0.7015 -0.2953,
5.4658 -0.7081 -0.2953,
5.4667 -0.7148 -0.2953,
5.3295 -0.5906 -0.2953,
5.3363 -0.5907 -0.2953,
5.4672 -0.7351 -0.2953,
5.4673 -0.7283 -0.2953,
5.3160 -0.5912 -0.2953,
5.3228 -0.5907 -0.2953,
5.4658 -0.7486 -0.2953,
5.4667 -0.7419 -0.2953,
5.2960 -0.5947 -0.2953,
5.3026 -0.5932 -0.2953,
5.3093 -0.5920 -0.2953,
5.4632 -0.7618 -0.2953,
5.4647 -0.7552 -0.2953,
5.2768 -0.6010 -0.2953,
5.2831 -0.5986 -0.2953,
5.2895 -0.5965 -0.2953,
5.4541 -0.7873 -0.2953,
5.4614 -0.7683 -0.2953,
5.4593 -0.7748 -0.2953,
5.4568 -0.7811 -0.2953,
5.2646 -0.6068 -0.2953,
5.2706 -0.6038 -0.2953,
5.4511 -0.7933 -0.2953,
5.2530 -0.6138 -0.2953,
5.2587 -0.6102 -0.2953,
5.4402 -0.8104 -0.2953,
5.4477 -0.7992 -0.2953,
5.4441 -0.8049 -0.2953,
5.4360 -0.8158 -0.2953,
5.2370 -0.6262 -0.2953,
5.2421 -0.6218 -0.2953,
5.2474 -0.6177 -0.2953,
5.2321 -0.6309 -0.2953,
5.2189 -0.6463 -0.2953,
5.2230 -0.6409 -0.2953,
5.2274 -0.6358 -0.2953,
5.4116 -0.8390 -0.2953,
5.4316 -0.8209 -0.2953,
5.4270 -0.8258 -0.2953,
5.4221 -0.8304 -0.2953,
5.4169 -0.8349 -0.2953,
5.2080 -0.6634 -0.2953,
5.2113 -0.6575 -0.2953,
5.2150 -0.6518 -0.2953,
5.3945 -0.8499 -0.2953,
5.4061 -0.8429 -0.2953,
5.4004 -0.8465 -0.2953,
5.3884 -0.8529 -0.2953,
5.2022 -0.6756 -0.2953,
5.2050 -0.6694 -0.2953,
5.1977 -0.6883 -0.2953,
5.1998 -0.6819 -0.2953,
5.1959 -0.6949 -0.2953,
5.1932 -0.7081 -0.2953,
5.1944 -0.7015 -0.2953,
5.3497 -0.8646 -0.2953,
5.3695 -0.8602 -0.2953,
5.3630 -0.8620 -0.2953,
5.3564 -0.8635 -0.2953,
5.3430 -0.8655 -0.2953,
5.1919 -0.7216 -0.2953,
5.1924 -0.7148 -0.2953,
5.1919 -0.7351 -0.2953,
5.1917 -0.7283 -0.2953,
5.3228 -0.8660 -0.2953,
5.3363 -0.8660 -0.2953,
5.3295 -0.8661 -0.2953,
5.3160 -0.8655 -0.2953,
5.3823 -0.8557 -0.2953,
5.3759 -0.8581 -0.2953,
5.3093 -0.8646 -0.2953,
5.1944 -0.7552 -0.2953,
5.1932 -0.7486 -0.2953,
5.1924 -0.7419 -0.2953,
5.1998 -0.7748 -0.2953,
5.1977 -0.7683 -0.2953,
5.1959 -0.7618 -0.2953,
5.2831 -0.8581 -0.2953,
5.3026 -0.8635 -0.2953,
5.2960 -0.8620 -0.2953,
5.2895 -0.8602 -0.2953,
5.2080 -0.7933 -0.2953,
5.2050 -0.7873 -0.2953,
5.2022 -0.7811 -0.2953,
5.2646 -0.8499 -0.2953,
5.2768 -0.8557 -0.2953,
5.2706 -0.8529 -0.2953,
5.2113 -0.7992 -0.2953,
5.2530 -0.8429 -0.2953,
5.2587 -0.8465 -0.2953,
5.2274 -0.8209 -0.2953,
5.2230 -0.8158 -0.2953,
5.2189 -0.8104 -0.2953,
5.2150 -0.8049 -0.2953,
5.2321 -0.8258 -0.2953,
5.2474 -0.8390 -0.2953,
5.2421 -0.8349 -0.2953,
5.2370 -0.8304 -0.2953,
-0.6308 -0.5716 -0.2756,
-0.6289 -0.5912 -0.2953,
-0.6356 -0.5920 -0.2953,
-0.6221 -0.5907 -0.2953,
-0.6154 -0.5906 -0.2953,
-0.6461 -0.5739 -0.2756,
-0.6422 -0.5932 -0.2953,
-0.6488 -0.5947 -0.2953,
-0.6327 -0.5520 -0.2559,
-0.6154 -0.5315 -0.2362,
-0.6442 -0.5336 -0.2362,
-0.6346 -0.5324 -0.2362,
-0.6250 -0.5317 -0.2362,
-0.6611 -0.5776 -0.2756,
-0.6554 -0.5965 -0.2953,
-0.6618 -0.5986 -0.2953,
-0.6499 -0.5546 -0.2559,
-0.6632 -0.5374 -0.2362,
-0.6538 -0.5353 -0.2362,
-0.6756 -0.5829 -0.2756,
-0.6681 -0.6010 -0.2953,
-0.6743 -0.6038 -0.2953,
-0.6668 -0.5588 -0.2559,
-0.6817 -0.5430 -0.2362,
-0.6725 -0.5400 -0.2362,
-0.6896 -0.5895 -0.2756,
-0.6803 -0.6068 -0.2953,
-0.6862 -0.6102 -0.2953,
-0.6832 -0.5647 -0.2559,
-0.6995 -0.5504 -0.2362,
-0.6907 -0.5465 -0.2362,
-0.7028 -0.5974 -0.2756,
-0.6919 -0.6138 -0.2953,
-0.6974 -0.6177 -0.2953,
-0.6989 -0.5721 -0.2559,
-0.7166 -0.5595 -0.2362,
-0.7081 -0.5547 -0.2362,
-0.7153 -0.6066 -0.2756,
-0.7028 -0.6218 -0.2953,
-0.7079 -0.6262 -0.2953,
-0.7138 -0.5810 -0.2559,
-0.7326 -0.5702 -0.2362,
-0.7247 -0.5647 -0.2362,
-0.7267 -0.6170 -0.2756,
-0.7128 -0.6309 -0.2953,
-0.7175 -0.6358 -0.2953,
-0.7277 -0.5914 -0.2559,
-0.7475 -0.5825 -0.2362,
-0.7402 -0.5762 -0.2362,
-0.7371 -0.6284 -0.2756,
-0.7219 -0.6409 -0.2953,
-0.7260 -0.6463 -0.2953,
-0.7406 -0.6031 -0.2559,
-0.7612 -0.5961 -0.2362,
-0.7545 -0.5892 -0.2362,
-0.7463 -0.6409 -0.2756,
-0.7299 -0.6518 -0.2953,
-0.7335 -0.6575 -0.2953,
-0.7523 -0.6160 -0.2559,
-0.7735 -0.6111 -0.2362,
-0.7675 -0.6035 -0.2362,
-0.7542 -0.6541 -0.2756,
-0.7369 -0.6634 -0.2953,
-0.7399 -0.6694 -0.2953,
-0.7627 -0.6299 -0.2559,
-0.7842 -0.6271 -0.2362,
-0.7790 -0.6190 -0.2362,
-0.7608 -0.6681 -0.2756,
-0.7427 -0.6756 -0.2953,
-0.7451 -0.6819 -0.2953,
-0.7716 -0.6448 -0.2559,
-0.7933 -0.6442 -0.2362,
-0.7890 -0.6356 -0.2362,
-0.7660 -0.6826 -0.2756,
-0.7472 -0.6883 -0.2953,
-0.7490 -0.6949 -0.2953,
-0.7790 -0.6605 -0.2559,
-0.8007 -0.6620 -0.2362,
-0.7972 -0.6530 -0.2362,
-0.7698 -0.6976 -0.2756,
-0.7505 -0.7015 -0.2953,
-0.7517 -0.7081 -0.2953,
-0.7849 -0.6769 -0.2559,
-0.8063 -0.6805 -0.2362,
-0.8037 -0.6712 -0.2362,
-0.7721 -0.7129 -0.2756,
-0.7530 -0.7216 -0.2953,
-0.7531 -0.7283 -0.2953,
-0.7525 -0.7148 -0.2953,
-0.7891 -0.6938 -0.2559,
-0.8101 -0.6995 -0.2362,
-0.8084 -0.6899 -0.2362,
-0.7917 -0.7110 -0.2559,
-0.8122 -0.7283 -0.2362,
-0.8120 -0.7187 -0.2362,
-0.8113 -0.7091 -0.2362,
-0.4185 -0.7283 -0.0197,
-0.4185 -0.7283 -0.2362,
-0.4187 -0.7187 -0.2362,
-0.4187 -0.7185 -0.0197,
-0.4195 -0.7091 -0.2362,
-0.4195 -0.7087 -0.0197,
-0.4206 -0.6995 -0.2362,
-0.4207 -0.6990 -0.0197,
-0.4223 -0.6899 -0.2362,
-0.4224 -0.6893 -0.0197,
-0.4244 -0.6805 -0.2362,
-0.4246 -0.6798 -0.0197,
-0.4270 -0.6712 -0.2362,
-0.4272 -0.6703 -0.0197,
-0.4300 -0.6620 -0.2362,
-0.4304 -0.6610 -0.0197,
-0.4335 -0.6530 -0.2362,
-0.4340 -0.6519 -0.0197,
-0.4374 -0.6442 -0.2362,
-0.4380 -0.6429 -0.0197,
-0.4417 -0.6356 -0.2362,
-0.4425 -0.6342 -0.0197,
-0.4465 -0.6271 -0.2362,
-0.4474 -0.6257 -0.0197,
-0.4517 -0.6190 -0.2362,
-0.4527 -0.6175 -0.0197,
-0.4572 -0.6111 -0.2362,
-0.4584 -0.6095 -0.0197,
-0.4632 -0.6035 -0.2362,
-0.4646 -0.6018 -0.0197,
-0.4695 -0.5961 -0.2362,
-0.4711 -0.5945 -0.0197,
-0.4762 -0.5892 -0.2362,
-0.4779 -0.5874 -0.0197,
-0.4832 -0.5825 -0.2362,
-0.4851 -0.5808 -0.0197,
-0.4905 -0.5762 -0.2362,
-0.4926 -0.5744 -0.0197,
-0.4981 -0.5702 -0.2362,
-0.5004 -0.5685 -0.0197,
-0.5060 -0.5647 -0.2362,
-0.5086 -0.5630 -0.0197,
-0.5142 -0.5595 -0.2362,
-0.5169 -0.5579 -0.0197,
-0.5226 -0.5547 -0.2362,
-0.5255 -0.5532 -0.0197,
-0.5312 -0.5504 -0.2362,
-0.5344 -0.5489 -0.0197,
-0.5400 -0.5465 -0.2362,
-0.5434 -0.5451 -0.0197,
-0.5490 -0.5430 -0.2362,
-0.5527 -0.5417 -0.0197,
-0.5582 -0.5400 -0.2362,
-0.5620 -0.5389 -0.0197,
-0.5675 -0.5374 -0.2362,
-0.5715 -0.5364 -0.0197,
-0.5769 -0.5353 -0.2362,
-0.5812 -0.5345 -0.0197,
-0.5865 -0.5336 -0.2362,
-0.5909 -0.5330 -0.0197,
-0.5961 -0.5324 -0.2362,
-0.6006 -0.5320 -0.0197,
-0.6057 -0.5317 -0.2362,
-0.6104 -0.5316 -0.0197,
-0.6154 -0.5315 -0.2362,
-0.6203 -0.5316 -0.0197,
-0.6250 -0.5317 -0.2362,
-0.6301 -0.5320 -0.0197,
-0.6346 -0.5324 -0.2362,
-0.6398 -0.5330 -0.0197,
-0.6442 -0.5336 -0.2362,
-0.6495 -0.5345 -0.0197,
-0.6538 -0.5353 -0.2362,
-0.6592 -0.5364 -0.0197,
-0.6632 -0.5374 -0.2362,
-0.6687 -0.5389 -0.0197,
-0.6725 -0.5400 -0.2362,
-0.6780 -0.5417 -0.0197,
-0.6817 -0.5430 -0.2362,
-0.6873 -0.5451 -0.0197,
-0.6907 -0.5465 -0.2362,
-0.6963 -0.5489 -0.0197,
-0.6995 -0.5504 -0.2362,
-0.7052 -0.5532 -0.0197,
-0.7081 -0.5547 -0.2362,
-0.7138 -0.5579 -0.0197,
-0.7166 -0.5595 -0.2362,
-0.7222 -0.5630 -0.0197,
-0.7247 -0.5647 -0.2362,
-0.7303 -0.5685 -0.0197,
-0.7326 -0.5702 -0.2362,
-0.7381 -0.5744 -0.0197,
-0.7402 -0.5762 -0.2362,
-0.7456 -0.5808 -0.0197,
-0.7475 -0.5825 -0.2362,
-0.7528 -0.5874 -0.0197,
-0.7545 -0.5892 -0.2362,
-0.7597 -0.5945 -0.0197,
-0.7612 -0.5961 -0.2362,
-0.7661 -0.6018 -0.0197,
-0.7675 -0.6035 -0.2362,
-0.7723 -0.6095 -0.0197,
-0.7735 -0.6111 -0.2362,
-0.7780 -0.6175 -0.0197,
-0.7790 -0.6190 -0.2362,
-0.7833 -0.6257 -0.0197,
-0.7842 -0.6271 -0.2362,
-0.7882 -0.6342 -0.0197,
-0.7890 -0.6356 -0.2362,
-0.7927 -0.6429 -0.0197,
-0.7933 -0.6442 -0.2362,
-0.7967 -0.6519 -0.0197,
-0.7972 -0.6530 -0.2362,
-0.8003 -0.6610 -0.0197,
-0.8007 -0.6620 -0.2362,
-0.8035 -0.6703 -0.0197,
-0.8037 -0.6712 -0.2362,
-0.8061 -0.6798 -0.0197,
-0.8063 -0.6805 -0.2362,
-0.8083 -0.6893 -0.0197,
-0.8084 -0.6899 -0.2362,
-0.8100 -0.6990 -0.0197,
-0.8101 -0.6995 -0.2362,
-0.8112 -0.7087 -0.0197,
-0.8113 -0.7091 -0.2362,
-0.8120 -0.7185 -0.0197,
-0.8120 -0.7187 -0.2362,
-0.8122 -0.7283 -0.0197,
-0.8122 -0.7283 -0.2362,
5.3141 -0.5716 -0.2756,
5.3160 -0.5912 -0.2953,
5.3093 -0.5920 -0.2953,
5.3228 -0.5907 -0.2953,
5.3295 -0.5906 -0.2953,
5.2988 -0.5739 -0.2756,
5.3026 -0.5932 -0.2953,
5.2960 -0.5947 -0.2953,
5.3122 -0.5520 -0.2559,
5.3295 -0.5315 -0.2362,
5.3006 -0.5336 -0.2362,
5.3102 -0.5324 -0.2362,
5.3199 -0.5317 -0.2362,
5.2838 -0.5776 -0.2756,
5.2895 -0.5965 -0.2953,
5.2831 -0.5986 -0.2953,
5.2950 -0.5546 -0.2559,
5.2817 -0.5374 -0.2362,
5.2911 -0.5353 -0.2362,
5.2693 -0.5829 -0.2756,
5.2768 -0.6010 -0.2953,
5.2706 -0.6038 -0.2953,
5.2781 -0.5588 -0.2559,
5.2632 -0.5430 -0.2362,
5.2724 -0.5400 -0.2362,
5.2553 -0.5895 -0.2756,
5.2646 -0.6068 -0.2953,
5.2587 -0.6102 -0.2953,
5.2617 -0.5647 -0.2559,
5.2454 -0.5504 -0.2362,
5.2542 -0.5465 -0.2362,
5.2420 -0.5974 -0.2756,
5.2530 -0.6138 -0.2953,
5.2474 -0.6177 -0.2953,
5.2460 -0.5721 -0.2559,
5.2283 -0.5595 -0.2362,
5.2367 -0.5547 -0.2362,
5.2296 -0.6066 -0.2756,
5.2421 -0.6218 -0.2953,
5.2370 -0.6262 -0.2953,
5.2311 -0.5810 -0.2559,
5.2123 -0.5702 -0.2362,
5.2202 -0.5647 -0.2362,
5.2182 -0.6170 -0.2756,
5.2321 -0.6309 -0.2953,
5.2274 -0.6358 -0.2953,
5.2171 -0.5914 -0.2559,
5.1973 -0.5825 -0.2362,
5.2046 -0.5762 -0.2362,
5.2078 -0.6284 -0.2756,
5.2230 -0.6409 -0.2953,
5.2189 -0.6463 -0.2953,
5.2043 -0.6031 -0.2559,
5.1837 -0.5961 -0.2362,
5.1903 -0.5892 -0.2362,
5.1986 -0.6409 -0.2756,
5.2150 -0.6518 -0.2953,
5.2113 -0.6575 -0.2953,
5.1926 -0.6160 -0.2559,
5.1714 -0.6111 -0.2362,
5.1774 -0.6035 -0.2362,
5.1906 -0.6541 -0.2756,
5.2080 -0.6634 -0.2953,
5.2050 -0.6694 -0.2953,
5.1822 -0.6299 -0.2559,
5.1607 -0.6271 -0.2362,
5.1659 -0.6190 -0.2362,
5.1840 -0.6681 -0.2756,
5.2022 -0.6756 -0.2953,
5.1998 -0.6819 -0.2953,
5.1733 -0.6448 -0.2559,
5.1516 -0.6442 -0.2362,
5.1559 -0.6356 -0.2362,
5.1788 -0.6826 -0.2756,
5.1977 -0.6883 -0.2953,
5.1959 -0.6949 -0.2953,
5.1659 -0.6605 -0.2559,
5.1442 -0.6620 -0.2362,
5.1477 -0.6530 -0.2362,
5.1751 -0.6976 -0.2756,
5.1944 -0.7015 -0.2953,
5.1932 -0.7081 -0.2953,
5.1600 -0.6769 -0.2559,
5.1386 -0.6805 -0.2362,
5.1412 -0.6712 -0.2362,
5.1728 -0.7129 -0.2756,
5.1919 -0.7216 -0.2953,
5.1917 -0.7283 -0.2953,
5.1924 -0.7148 -0.2953,
5.1558 -0.6938 -0.2559,
5.1348 -0.6995 -0.2362,
5.1365 -0.6899 -0.2362,
5.1532 -0.7110 -0.2559,
5.1327 -0.7283 -0.2362,
5.1329 -0.7187 -0.2362,
5.1336 -0.7091 -0.2362,
5.1728 -0.7438 -0.2756,
5.1924 -0.7419 -0.2953,
5.1932 -0.7486 -0.2953,
5.1919 -0.7351 -0.2953,
5.1917 -0.7283 -0.2953,
5.1751 -0.7591 -0.2756,
5.1944 -0.7552 -0.2953,
5.1959 -0.7618 -0.2953,
5.1532 -0.7457 -0.2559,
5.1348 -0.7572 -0.2362,
5.1336 -0.7476 -0.2362,
5.1329 -0.7380 -0.2362,
5.1327 -0.7283 -0.2362,
5.1788 -0.7741 -0.2756,
5.1977 -0.7683 -0.2953,
5.1998 -0.7748 -0.2953,
5.1558 -0.7629 -0.2559,
5.1386 -0.7762 -0.2362,
5.1365 -0.7668 -0.2362,
5.1840 -0.7886 -0.2756,
5.2022 -0.7811 -0.2953,
5.2050 -0.7873 -0.2953,
5.1600 -0.7798 -0.2559,
5.1442 -0.7947 -0.2362,
5.1412 -0.7855 -0.2362,
5.1906 -0.8026 -0.2756,
5.2080 -0.7933 -0.2953,
5.2113 -0.7992 -0.2953,
5.1659 -0.7961 -0.2559,
5.1516 -0.8125 -0.2362,
5.1477 -0.8037 -0.2362,
5.1986 -0.8158 -0.2756,
5.2150 -0.8049 -0.2953,
5.2189 -0.8104 -0.2953,
5.1733 -0.8119 -0.2559,
5.1607 -0.8295 -0.2362,
5.1559 -0.8211 -0.2362,
5.2078 -0.8282 -0.2756,
5.2230 -0.8158 -0.2953,
5.2274 -0.8209 -0.2953,
5.1822 -0.8268 -0.2559,
5.1714 -0.8456 -0.2362,
5.1659 -0.8377 -0.2362,
5.2182 -0.8397 -0.2756,
5.2321 -0.8258 -0.2953,
5.2370 -0.8304 -0.2953,
5.1926 -0.8407 -0.2559,
5.1837 -0.8605 -0.2362,
5.1774 -0.8532 -0.2362,
5.2296 -0.8501 -0.2756,
5.2421 -0.8349 -0.2953,
5.2474 -0.8390 -0.2953,
5.2043 -0.8536 -0.2559,
5.1973 -0.8742 -0.2362,
5.1903 -0.8675 -0.2362,
5.2420 -0.8593 -0.2756,
5.2530 -0.8429 -0.2953,
5.2587 -0.8465 -0.2953,
5.2171 -0.8653 -0.2559,
5.2123 -0.8865 -0.2362,
5.2046 -0.8805 -0.2362,
5.2553 -0.8672 -0.2756,
5.2646 -0.8499 -0.2953,
5.2706 -0.8529 -0.2953,
5.2311 -0.8757 -0.2559,
5.2283 -0.8972 -0.2362,
5.2202 -0.8920 -0.2362,
5.2693 -0.8738 -0.2756,
5.2768 -0.8557 -0.2953,
5.2831 -0.8581 -0.2953,
5.2460 -0.8846 -0.2559,
5.2454 -0.9063 -0.2362,
5.2367 -0.9020 -0.2362,
5.2838 -0.8790 -0.2756,
5.2895 -0.8602 -0.2953,
5.2960 -0.8620 -0.2953,
5.2617 -0.8920 -0.2559,
5.2632 -0.9137 -0.2362,
5.2542 -0.9102 -0.2362,
5.2988 -0.8828 -0.2756,
5.3026 -0.8635 -0.2953,
5.3093 -0.8646 -0.2953,
5.2781 -0.8979 -0.2559,
5.2817 -0.9193 -0.2362,
5.2724 -0.9167 -0.2362,
5.3141 -0.8851 -0.2756,
5.3295 -0.8661 -0.2953,
5.3295 -0.9252 -0.2362,
5.3228 -0.8660 -0.2953,
5.3160 -0.8655 -0.2953,
5.2950 -0.9021 -0.2559,
5.3006 -0.9231 -0.2362,
5.2911 -0.9214 -0.2362,
5.3122 -0.9047 -0.2559,
5.3199 -0.9250 -0.2362,
5.3102 -0.9242 -0.2362,
5.1327 -0.7283 -0.0197,
5.1327 -0.7283 -0.2362,
5.1329 -0.7380 -0.2362,
5.1329 -0.7382 -0.0197,
5.1336 -0.7476 -0.2362,
5.1337 -0.7479 -0.0197,
5.1348 -0.7572 -0.2362,
5.1349 -0.7577 -0.0197,
5.1365 -0.7668 -0.2362,
5.1366 -0.7674 -0.0197,
5.1386 -0.7762 -0.2362,
5.1388 -0.7769 -0.0197,
5.1412 -0.7855 -0.2362,
5.1414 -0.7864 -0.0197,
5.1442 -0.7947 -0.2362,
5.1446 -0.7957 -0.0197,
5.1477 -0.8037 -0.2362,
5.1481 -0.8048 -0.0197,
5.1516 -0.8125 -0.2362,
5.1522 -0.8138 -0.0197,
5.1559 -0.8211 -0.2362,
5.1567 -0.8225 -0.0197,
5.1607 -0.8295 -0.2362,
5.1616 -0.8310 -0.0197,
5.1659 -0.8377 -0.2362,
5.1669 -0.8392 -0.0197,
5.1714 -0.8456 -0.2362,
5.1726 -0.8472 -0.0197,
5.1774 -0.8532 -0.2362,
5.1787 -0.8549 -0.0197,
5.1837 -0.8605 -0.2362,
5.1852 -0.8622 -0.0197,
5.1903 -0.8675 -0.2362,
5.1921 -0.8693 -0.0197,
5.1973 -0.8742 -0.2362,
5.1993 -0.8759 -0.0197,
5.2046 -0.8805 -0.2362,
5.2068 -0.8823 -0.0197,
5.2123 -0.8865 -0.2362,
5.2146 -0.8882 -0.0197,
5.2202 -0.8920 -0.2362,
5.2227 -0.8937 -0.0197,
5.2283 -0.8972 -0.2362,
5.2311 -0.8988 -0.0197,
5.2367 -0.9020 -0.2362,
5.2397 -0.9035 -0.0197,
5.2454 -0.9063 -0.2362,
5.2486 -0.9078 -0.0197,
5.2542 -0.9102 -0.2362,
5.2576 -0.9116 -0.0197,
5.2632 -0.9137 -0.2362,
5.2668 -0.9149 -0.0197,
5.2724 -0.9167 -0.2362,
5.2762 -0.9178 -0.0197,
5.2817 -0.9193 -0.2362,
5.2857 -0.9203 -0.0197,
5.2911 -0.9214 -0.2362,
5.2953 -0.9222 -0.0197,
5.3006 -0.9231 -0.2362,
5.3051 -0.9237 -0.0197,
5.3102 -0.9242 -0.2362,
5.3148 -0.9246 -0.0197,
5.3199 -0.9250 -0.2362,
5.3246 -0.9251 -0.0197,
5.3295 -0.9252 -0.2362,
5.3344 -0.9251 -0.0197,
5.3392 -0.9250 -0.2362,
5.3442 -0.9246 -0.0197,
5.3488 -0.9242 -0.2362,
5.3540 -0.9237 -0.0197,
5.3584 -0.9231 -0.2362,
5.3637 -0.9222 -0.0197,
5.3679 -0.9214 -0.2362,
5.3733 -0.9203 -0.0197,
5.3774 -0.9193 -0.2362,
5.3828 -0.9178 -0.0197,
5.3867 -0.9167 -0.2362,
5.3922 -0.9149 -0.0197,
5.3958 -0.9137 -0.2362,
5.4014 -0.9116 -0.0197,
5.4049 -0.9102 -0.2362,
5.4105 -0.9078 -0.0197,
5.4137 -0.9063 -0.2362,
5.4193 -0.9035 -0.0197,
5.4223 -0.9020 -0.2362,
5.4280 -0.8988 -0.0197,
5.4307 -0.8972 -0.2362,
5.4363 -0.8937 -0.0197,
5.4389 -0.8920 -0.2362,
5.4444 -0.8882 -0.0197,
5.4468 -0.8865 -0.2362,
5.4523 -0.8823 -0.0197,
5.4544 -0.8805 -0.2362,
5.4598 -0.8759 -0.0197,
5.4617 -0.8742 -0.2362,
5.4670 -0.8693 -0.0197,
5.4687 -0.8675 -0.2362,
5.4738 -0.8622 -0.0197,
5.4754 -0.8605 -0.2362,
5.4803 -0.8549 -0.0197,
5.4817 -0.8532 -0.2362,
5.4864 -0.8472 -0.0197,
5.4876 -0.8456 -0.2362,
5.4922 -0.8392 -0.0197,
5.4932 -0.8377 -0.2362,
5.4975 -0.8310 -0.0197,
5.4984 -0.8295 -0.2362,
5.5024 -0.8225 -0.0197,
5.5031 -0.8211 -0.2362,
5.5069 -0.8138 -0.0197,
5.5075 -0.8125 -0.2362,
5.5109 -0.8048 -0.0197,
5.5114 -0.8037 -0.2362,
5.5145 -0.7957 -0.0197,
5.5149 -0.7947 -0.2362,
5.5176 -0.7864 -0.0197,
5.5179 -0.7855 -0.2362,
5.5203 -0.7769 -0.0197,
5.5205 -0.7762 -0.2362,
5.5225 -0.7674 -0.0197,
5.5226 -0.7668 -0.2362,
5.5242 -0.7577 -0.0197,
5.5242 -0.7572 -0.2362,
5.5254 -0.7479 -0.0197,
5.5254 -0.7476 -0.2362,
5.5261 -0.7382 -0.0197,
5.5261 -0.7380 -0.2362,
5.5264 -0.7283 -0.0197,
5.5264 -0.7283 -0.2362,
5.5264 -0.7283 -0.0197,
5.5264 -0.7283 -0.2362,
5.5261 -0.7187 -0.2362,
5.5261 -0.7185 -0.0197,
5.5254 -0.7091 -0.2362,
5.5254 -0.7087 -0.0197,
5.5242 -0.6995 -0.2362,
5.5242 -0.6990 -0.0197,
5.5226 -0.6899 -0.2362,
5.5225 -0.6893 -0.0197,
5.5205 -0.6805 -0.2362,
5.5203 -0.6798 -0.0197,
5.5179 -0.6712 -0.2362,
5.5176 -0.6703 -0.0197,
5.5149 -0.6620 -0.2362,
5.5145 -0.6610 -0.0197,
5.5114 -0.6530 -0.2362,
5.5109 -0.6519 -0.0197,
5.5075 -0.6442 -0.2362,
5.5069 -0.6429 -0.0197,
5.5031 -0.6356 -0.2362,
5.5024 -0.6342 -0.0197,
5.4984 -0.6271 -0.2362,
5.4975 -0.6257 -0.0197,
5.4932 -0.6190 -0.2362,
5.4922 -0.6175 -0.0197,
5.4876 -0.6111 -0.2362,
5.4864 -0.6095 -0.0197,
5.4817 -0.6035 -0.2362,
5.4803 -0.6018 -0.0197,
5.4754 -0.5961 -0.2362,
5.4738 -0.5945 -0.0197,
5.4687 -0.5892 -0.2362,
5.4670 -0.5874 -0.0197,
5.4617 -0.5825 -0.2362,
5.4598 -0.5808 -0.0197,
5.4544 -0.5762 -0.2362,
5.4523 -0.5744 -0.0197,
5.4468 -0.5702 -0.2362,
5.4444 -0.5685 -0.0197,
5.4389 -0.5647 -0.2362,
5.4363 -0.5630 -0.0197,
5.4307 -0.5595 -0.2362,
5.4280 -0.5579 -0.0197,
5.4223 -0.5547 -0.2362,
5.4193 -0.5532 -0.0197,
5.4137 -0.5504 -0.2362,
5.4105 -0.5489 -0.0197,
5.4049 -0.5465 -0.2362,
5.4014 -0.5451 -0.0197,
5.3958 -0.5430 -0.2362,
5.3922 -0.5417 -0.0197,
5.3867 -0.5400 -0.2362,
5.3828 -0.5389 -0.0197,
5.3774 -0.5374 -0.2362,
5.3733 -0.5364 -0.0197,
5.3679 -0.5353 -0.2362,
5.3637 -0.5345 -0.0197,
5.3584 -0.5336 -0.2362,
5.3540 -0.5330 -0.0197,
5.3488 -0.5324 -0.2362,
5.3442 -0.5320 -0.0197,
5.3392 -0.5317 -0.2362,
5.3344 -0.5316 -0.0197,
5.3295 -0.5315 -0.2362,
5.3246 -0.5316 -0.0197,
5.3199 -0.5317 -0.2362,
5.3148 -0.5320 -0.0197,
5.3102 -0.5324 -0.2362,
5.3051 -0.5330 -0.0197,
5.3006 -0.5336 -0.2362,
5.2953 -0.5345 -0.0197,
5.2911 -0.5353 -0.2362,
5.2857 -0.5364 -0.0197,
5.2817 -0.5374 -0.2362,
5.2762 -0.5389 -0.0197,
5.2724 -0.5400 -0.2362,
5.2668 -0.5417 -0.0197,
5.2632 -0.5430 -0.2362,
5.2576 -0.5451 -0.0197,
5.2542 -0.5465 -0.2362,
5.2486 -0.5489 -0.0197,
5.2454 -0.5504 -0.2362,
5.2397 -0.5532 -0.0197,
5.2367 -0.5547 -0.2362,
5.2311 -0.5579 -0.0197,
5.2283 -0.5595 -0.2362,
5.2227 -0.5630 -0.0197,
5.2202 -0.5647 -0.2362,
5.2146 -0.5685 -0.0197,
5.2123 -0.5702 -0.2362,
5.2068 -0.5744 -0.0197,
5.2046 -0.5762 -0.2362,
5.1993 -0.5808 -0.0197,
5.1973 -0.5825 -0.2362,
5.1921 -0.5874 -0.0197,
5.1903 -0.5892 -0.2362,
5.1852 -0.5945 -0.0197,
5.1837 -0.5961 -0.2362,
5.1787 -0.6018 -0.0197,
5.1774 -0.6035 -0.2362,
5.1726 -0.6095 -0.0197,
5.1714 -0.6111 -0.2362,
5.1669 -0.6175 -0.0197,
5.1659 -0.6190 -0.2362,
5.1616 -0.6257 -0.0197,
5.1607 -0.6271 -0.2362,
5.1567 -0.6342 -0.0197,
5.1559 -0.6356 -0.2362,
5.1522 -0.6429 -0.0197,
5.1516 -0.6442 -0.2362,
5.1481 -0.6519 -0.0197,
5.1477 -0.6530 -0.2362,
5.1446 -0.6610 -0.0197,
5.1442 -0.6620 -0.2362,
5.1414 -0.6703 -0.0197,
5.1412 -0.6712 -0.2362,
5.1388 -0.6798 -0.0197,
5.1386 -0.6805 -0.2362,
5.1366 -0.6893 -0.0197,
5.1365 -0.6899 -0.2362,
5.1349 -0.6990 -0.0197,
5.1348 -0.6995 -0.2362,
5.1337 -0.7087 -0.0197,
5.1336 -0.7091 -0.2362,
5.1329 -0.7185 -0.0197,
5.1329 -0.7187 -0.2362,
5.1327 -0.7283 -0.0197,
5.1327 -0.7283 -0.2362,
-0.8319 -2.6378 -0.0197,
-0.8713 0.0984 0.0197,
-0.8319 0.1378 -0.0197,
-0.8713 -2.5984 0.0197,
-0.8713 -2.4083 0.7835,
-0.8713 -2.5984 0.0197,
-0.8713 -2.5984 0.7508,
-0.8713 -2.5658 0.7835,
-0.8713 -2.2835 0.9083,
-0.8713 0.0984 0.0197,
-0.8713 -0.1575 2.0669,
-0.8713 -2.2835 2.6378,
-0.8713 0.0984 2.0669,
-0.8713 -0.1575 2.6378,
-0.7925 -0.1575 2.7165,
-0.8319 -0.1181 2.6772,
-0.8713 -0.1575 2.6378,
-0.8713 -2.2835 2.6378,
-0.7925 -2.3228 2.7165,
-0.8122 -2.3425 2.6969,
-0.8713 -0.1575 2.6378,
-0.8319 -0.1181 2.6772,
-0.7925 -0.0787 2.6378,
-0.7925 -0.0787 2.1457,
-0.8713 -0.1575 2.0669,
-0.7925 -0.0787 2.6378,
5.5067 -0.0787 2.1457,
-0.7925 -0.0787 2.1457,
5.5067 -0.0787 2.6378,
-0.7925 0.0984 2.1457,
-0.7925 -0.0787 2.1457,
5.5067 0.0984 2.1457,
5.5067 -0.0787 2.1457,
5.5854 0.0984 2.0669,
5.5067 -0.0787 2.1457,
5.5854 -0.1575 2.0669,
5.5067 0.0984 2.1457,
5.5461 0.1378 2.1063,
5.5854 -0.1575 2.6378,
5.5067 -0.0787 2.6378,
5.5461 -0.1181 2.6772,
5.5854 -0.1575 2.0669,
5.5067 -0.0787 2.1457,
5.5067 -0.1575 2.7165,
5.5461 -0.1181 2.6772,
5.5067 -0.0787 2.6378,
-0.7925 -0.1575 2.7165,
-0.7925 -0.0787 2.6378,
-0.8319 -0.1181 2.6772,
-0.7925 0.0984 2.1457,
-0.8319 0.1378 2.1063,
-0.8713 0.0984 2.0669,
-0.7925 -0.0787 2.1457,
-0.8713 -0.1575 2.0669,
-0.7925 -2.3228 2.7165,
-0.8122 -2.3425 2.6969,
-0.7925 -2.3622 2.6772,
5.5067 -2.3622 2.6772,
5.5067 -2.3228 2.7165,
5.5264 -2.3425 2.6969,
5.5854 -2.2835 2.6378,
5.5264 -2.3425 2.6969,
5.5067 -2.3622 2.6772,
5.5067 -2.3622 0.9409,
5.5854 -2.2835 0.9083,
5.5854 -2.2835 0.9083,
5.5067 -2.3622 0.9409,
5.5067 -2.4409 0.8622,
5.5854 -2.4083 0.7835,
5.5067 -2.4409 0.8622,
5.5067 -2.5984 0.8622,
5.5854 -2.5658 0.7835,
5.5854 -2.4083 0.7835,
5.5067 -2.5984 0.8622,
5.5067 -2.6772 0.7835,
5.5854 -2.5984 0.7508,
5.5854 -2.5658 0.7835,
5.5854 -2.5984 0.0197,
5.5067 -2.6772 -0.0197,
5.5461 -2.6378 -0.0197,
5.5067 -2.6772 0.7835,
5.5854 -2.5984 0.7508,
5.5854 -2.5984 0.0197,
5.5461 0.1378 -0.0197,
5.5854 0.0984 0.0197,
5.5461 -2.6378 -0.0197,
-0.6547 -2.6772 0.3898,
-0.6547 -2.6772 0.7835,
-0.7925 -2.6772 0.7835,
-0.7925 -2.6772 -0.0197,
0.1248 -2.6772 -0.0197,
0.1248 -2.6772 0.3898,
5.3689 -2.6772 0.3898,
4.5894 -2.6772 0.3898,
4.5894 -2.6772 -0.0197,
5.5067 -2.6772 0.7835,
5.3689 -2.6772 0.7835,
5.5067 -2.6772 -0.0197,
-0.6547 -2.6772 0.7835,
-0.6547 -2.6772 0.3898,
-0.5760 -2.5984 0.4346,
-0.5760 -2.5984 0.7508,
-0.6547 -2.5984 0.8622,
-0.6547 -2.6772 0.7835,
-0.5760 -2.5984 0.7508,
-0.5760 -2.5658 0.7835,
-0.5760 -0.2362 2.3583,
-0.5760 -2.2835 1.2008,
-0.5760 -0.2362 1.2008,
-0.5760 -2.2835 2.3583,
-0.5760 -2.5984 0.7508,
-0.5760 -2.5984 0.4346,
-0.5760 -2.4007 0.5472,
-0.5760 -2.4083 0.7835,
-0.5760 -2.5658 0.7835,
-0.5760 -2.2835 0.9083,
-0.5760 -0.2362 0.5472,
-0.5760 -0.2362 1.0827,
-0.5760 -2.2835 1.0827,
-0.5760 -2.2835 1.0827,
-0.6547 -2.3622 0.9409,
-0.5760 -2.2835 0.9083,
-0.5760 -2.2835 1.2008,
-0.5524 -2.2598 1.2008,
-0.5524 -2.2598 1.0827,
-0.5760 -2.2835 2.3583,
-0.6547 -2.3622 2.4370,
-0.0051 -2.2835 2.3583,
0.0736 -2.3622 2.4370,
-0.6547 -2.3622 2.4370,
-0.5760 -2.2835 2.3583,
-0.0051 -2.2835 1.9646,
-0.0051 -0.2362 1.9646,
0.2902 -0.2362 1.9646,
0.2902 -2.2835 1.9646,
0.2902 -2.2835 1.9646,
0.2114 -2.3622 2.0433,
0.0736 -2.3622 2.0433,
-0.0051 -2.2835 1.9646,
0.2902 -2.2835 2.5315,
0.2114 -2.3622 2.5748,
0.2114 -2.3622 2.0433,
0.2902 -2.2835 1.9646,
0.2902 -1.9685 2.3583,
0.2902 -2.2835 2.5315,
0.2902 -2.2835 1.9646,
0.2902 -1.6417 2.3583,
0.2902 -1.1220 2.3583,
0.2902 -1.1220 2.7165,
0.2902 -1.6417 2.7165,
0.2902 -0.2362 1.9646,
0.2902 -0.2362 2.3583,
0.2902 -2.2835 2.5315,
0.2902 -1.9685 2.3583,
1.7272 -1.9685 2.3583,
1.7272 -2.3622 2.5748,
0.2114 -2.3622 2.5748,
0.4083 -1.7598 2.3583,
0.4025 -1.7597 2.3583,
0.4083 -1.7598 2.7165,
0.4025 -1.7597 2.7165,
0.3967 -1.7593 2.7165,
0.3967 -1.7593 2.3583,
0.3909 -1.7586 2.7165,
0.3909 -1.7586 2.3583,
0.3852 -1.7576 2.7165,
0.3852 -1.7576 2.3583,
0.3796 -1.7563 2.7165,
0.3796 -1.7563 2.3583,
0.3740 -1.7548 2.7165,
0.3740 -1.7548 2.3583,
0.3685 -1.7529 2.7165,
0.3685 -1.7529 2.3583,
0.3631 -1.7509 2.7165,
0.3631 -1.7509 2.3583,
0.3578 -1.7485 2.7165,
0.3578 -1.7485 2.3583,
0.3526 -1.7459 2.7165,
0.3526 -1.7459 2.3583,
0.3475 -1.7430 2.7165,
0.3475 -1.7430 2.3583,
0.3427 -1.7399 2.7165,
0.3427 -1.7399 2.3583,
0.3379 -1.7366 2.7165,
0.3379 -1.7366 2.3583,
0.3333 -1.7330 2.7165,
0.3333 -1.7330 2.3583,
0.3290 -1.7292 2.7165,
0.3290 -1.7292 2.3583,
0.3248 -1.7252 2.7165,
0.3248 -1.7252 2.3583,
0.3208 -1.7211 2.7165,
0.3208 -1.7211 2.3583,
0.3170 -1.7167 2.7165,
0.3170 -1.7167 2.3583,
0.3134 -1.7121 2.7165,
0.3134 -1.7121 2.3583,
0.3101 -1.7074 2.7165,
0.3101 -1.7074 2.3583,
0.3070 -1.7025 2.7165,
0.3070 -1.7025 2.3583,
0.3041 -1.6974 2.7165,
0.3041 -1.6974 2.3583,
0.3015 -1.6922 2.7165,
0.3015 -1.6922 2.3583,
0.2991 -1.6869 2.7165,
0.2991 -1.6869 2.3583,
0.2971 -1.6815 2.7165,
0.2971 -1.6815 2.3583,
0.2952 -1.6760 2.7165,
0.2952 -1.6760 2.3583,
0.2937 -1.6704 2.7165,
0.2937 -1.6704 2.3583,
0.2924 -1.6648 2.7165,
0.2924 -1.6648 2.3583,
0.2914 -1.6591 2.7165,
0.2914 -1.6591 2.3583,
0.2907 -1.6533 2.7165,
0.2907 -1.6533 2.3583,
0.2903 -1.6475 2.7165,
0.2903 -1.6475 2.3583,
0.2902 -1.6417 2.7165,
0.2902 -1.6417 2.3583,
1.6091 -1.7598 2.7165,
1.6091 -1.7598 2.3583,
0.4083 -1.7598 2.7165,
0.4083 -1.7598 2.3583,
1.7272 -1.1220 2.3583,
0.2902 -1.1220 2.7165,
0.2902 -1.1220 2.3583,
1.7272 -1.1220 2.7165,
5.2902 -0.2362 1.0827,
5.2665 -0.2362 1.0827,
5.2902 -0.2362 0.5472,
4.9555 -0.2362 0.5472,
5.2902 -0.2362 1.2008,
4.9555 -0.2362 1.4961,
5.2665 -0.2362 1.2008,
5.2902 -0.2362 2.3583,
4.7193 -0.2362 1.9646,
4.4240 -0.2362 1.9646,
4.7193 -0.2362 2.3583,
-0.2413 -0.2362 0.5472,
-0.5524 -0.2362 1.0827,
-0.5760 -0.2362 0.5472,
-0.5760 -0.2362 1.0827,
4.4240 -0.2362 2.3583,
0.2902 -0.2362 1.9646,
-0.2413 -0.2362 1.4961,
-0.5524 -0.2362 1.2008,
-0.5760 -0.2362 1.2008,
-0.0051 -0.2362 1.9646,
0.2902 -0.2362 2.3583,
-0.0051 -0.2362 2.3583,
-0.5760 -0.2362 2.3583,
4.4240 -1.9685 2.3583,
4.4240 -2.2835 1.9646,
4.4240 -2.2835 2.5315,
4.4240 -1.6417 2.3583,
4.4240 -1.1220 2.3583,
4.4240 -1.6417 2.7165,
4.4240 -1.1220 2.7165,
4.4240 -0.2362 1.9646,
4.4240 -0.2362 2.3583,
4.5028 -2.3622 2.0433,
4.5028 -2.3622 2.5748,
4.4240 -2.2835 2.5315,
4.4240 -2.2835 1.9646,
4.7193 -2.2835 1.9646,
4.6406 -2.3622 2.0433,
4.5028 -2.3622 2.0433,
4.4240 -2.2835 1.9646,
4.4240 -2.2835 1.9646,
4.4240 -0.2362 1.9646,
4.7193 -0.2362 1.9646,
4.7193 -2.2835 1.9646,
5.2902 -2.2835 2.3583,
5.3689 -2.3622 2.4370,
4.6406 -2.3622 2.4370,
4.7193 -2.2835 2.3583,
5.2902 -2.2835 1.2008,
5.3689 -2.3622 2.4370,
5.2902 -2.2835 2.3583,
5.2902 -2.2835 1.0827,
5.2665 -2.2598 1.2008,
5.2665 -2.2598 1.0827,
5.3689 -2.3622 0.9409,
5.2902 -2.2835 0.9083,
5.3689 -2.4409 0.8622,
5.3689 -2.3622 0.9409,
5.2902 -2.2835 0.9083,
5.2902 -2.4083 0.7835,
5.2902 -2.2835 2.3583,
5.2902 -0.2362 2.3583,
5.2902 -2.2835 1.2008,
5.2902 -0.2362 1.2008,
5.2902 -2.5984 0.4346,
5.2902 -2.5984 0.7508,
5.2902 -2.4007 0.5472,
5.2902 -2.5658 0.7835,
5.2902 -2.4083 0.7835,
5.2902 -2.2835 0.9083,
5.2902 -0.2362 0.5472,
5.2902 -2.2835 1.0827,
5.2902 -0.2362 1.0827,
5.2665 -2.2598 1.2008,
5.2902 -2.2835 1.2008,
5.2902 -0.2362 1.2008,
5.2665 -0.2362 1.2008,
5.2665 -0.2362 1.2008,
5.2665 -0.2362 1.0827,
5.2665 -2.2598 1.0827,
5.2665 -2.2598 1.2008,
5.2665 -2.2598 1.0827,
5.2665 -0.2362 1.0827,
5.2902 -0.2362 1.0827,
5.2902 -2.2835 1.0827,
5.2902 -2.5984 0.4346,
5.3689 -2.6772 0.7835,
5.2902 -2.5984 0.7508,
5.3689 -2.6772 0.3898,
5.3689 -2.6772 0.7835,
5.3689 -2.5984 0.8622,
5.2902 -2.5658 0.7835,
5.2902 -2.5984 0.7508,
5.2902 -2.5658 0.7835,
5.3689 -2.4409 0.8622,
5.2902 -2.4083 0.7835,
5.3689 -2.5984 0.8622,
-0.6547 -2.4409 0.8622,
-0.7925 -2.5984 0.8622,
-0.6547 -2.5984 0.8622,
-0.7925 -2.4409 0.8622,
5.3689 -2.4409 0.8622,
5.3689 -2.5984 0.8622,
5.5067 -2.4409 0.8622,
5.5067 -2.5984 0.8622,
-0.6547 -2.4409 0.8622,
-0.6547 -2.5984 0.8622,
-0.5760 -2.5658 0.7835,
-0.5760 -2.4083 0.7835,
-0.5760 -2.2835 0.9083,
-0.6547 -2.3622 0.9409,
-0.6547 -2.4409 0.8622,
-0.5760 -2.4083 0.7835,
-0.7925 -2.4409 0.8622,
-0.6547 -2.4409 0.8622,
-0.7925 -2.3622 0.9409,
-0.6547 -2.3622 0.9409,
5.3689 -2.4409 0.8622,
5.5067 -2.4409 0.8622,
5.3689 -2.3622 0.9409,
5.5067 -2.3622 0.9409,
-0.7925 -2.4409 0.8622,
-0.7925 -2.3622 0.9409,
-0.8713 -2.2835 0.9083,
-0.8713 -2.4083 0.7835,
-0.7925 -2.3622 2.6772,
-0.8122 -2.3425 2.6969,
-0.8713 -2.2835 2.6378,
-0.7925 -2.3622 0.9409,
-0.8713 -2.2835 0.9083,
-0.8713 -2.5658 0.7835,
-0.7925 -2.4409 0.8622,
-0.8713 -2.4083 0.7835,
-0.7925 -2.5984 0.8622,
-0.7925 -2.6772 0.7835,
-0.7925 -2.5984 0.8622,
-0.8713 -2.5658 0.7835,
-0.8713 -2.5984 0.7508,
-0.7925 -2.6772 0.7835,
-0.6547 -2.6772 0.7835,
-0.7925 -2.5984 0.8622,
-0.6547 -2.5984 0.8622,
5.3689 -2.6772 0.7835,
5.5067 -2.6772 0.7835,
5.3689 -2.5984 0.8622,
5.5067 -2.5984 0.8622,
-0.8713 -2.5984 0.0197,
-0.7925 -2.6772 0.7835,
-0.8713 -2.5984 0.7508,
-0.7925 -2.6772 -0.0197,
-0.8319 -2.6378 -0.0197,
-0.6547 -2.6772 0.3898,
0.1248 -2.6772 0.3898,
-0.5760 -2.5984 0.4346,
-0.5760 -2.4007 0.5472,
0.3233 -2.4007 0.5472,
0.1509 -2.6744 0.3914,
0.1557 -2.6732 0.3920,
0.1464 -2.6753 0.3908,
0.1604 -2.6718 0.3928,
0.1424 -2.6759 0.3905,
0.1382 -2.6765 0.3902,
0.1649 -2.6703 0.3937,
0.1339 -2.6768 0.3899,
0.1693 -2.6685 0.3947,
0.1296 -2.6771 0.3898,
0.1737 -2.6666 0.3958,
0.1272 -2.6771 0.3898,
0.2235 -2.6240 0.4200,
0.3250 -2.4698 0.5079,
0.1779 -2.6646 0.3969,
0.2206 -2.6281 0.4177,
0.1820 -2.6624 0.3982,
0.2177 -2.6321 0.4155,
0.1860 -2.6600 0.3995,
0.2146 -2.6358 0.4133,
0.1900 -2.6576 0.4009,
0.2114 -2.6394 0.4113,
0.1938 -2.6549 0.4024,
0.2081 -2.6429 0.4093,
0.1975 -2.6521 0.4040,
0.2047 -2.6461 0.4075,
0.2012 -2.6492 0.4057,
4.3892 -2.4698 0.5079,
4.4907 -2.6240 0.4200,
4.3909 -2.4007 0.5472,
4.5626 -2.6742 0.3914,
4.5666 -2.6750 0.3910,
4.5587 -2.6732 0.3920,
4.5706 -2.6758 0.3906,
4.5549 -2.6722 0.3926,
4.5512 -2.6709 0.3933,
4.5748 -2.6763 0.3902,
4.5476 -2.6696 0.3941,
4.5790 -2.6767 0.3900,
4.5428 -2.6677 0.3952,
4.5839 -2.6770 0.3898,
4.5894 -2.6772 0.3898,
4.5382 -2.6655 0.3964,
4.5341 -2.6634 0.3976,
4.5301 -2.6612 0.3989,
4.5261 -2.6588 0.4002,
4.5223 -2.6563 0.4017,
4.5186 -2.6536 0.4032,
4.5150 -2.6508 0.4048,
4.5114 -2.6479 0.4065,
4.5080 -2.6447 0.4082,
4.5047 -2.6415 0.4101,
4.5015 -2.6380 0.4121,
4.4984 -2.6344 0.4141,
4.4954 -2.6307 0.4163,
4.4930 -2.6274 0.4181,
5.2902 -2.4007 0.5472,
5.2902 -2.5984 0.4346,
5.3689 -2.6772 0.3898,
4.9555 -0.2362 0.5472,
4.9555 -0.6417 0.5472,
5.2902 -0.2362 0.5472,
4.7685 -0.6417 0.5472,
4.7685 -1.5927 0.5472,
5.2902 -2.4007 0.5472,
4.1780 -0.6417 0.5472,
4.1780 -1.5927 0.5472,
4.6701 -0.6417 0.5472,
4.6701 -1.5927 0.5472,
4.3611 -2.3642 0.5472,
4.3667 -2.3696 0.5472,
4.3720 -2.3752 0.5472,
4.3552 -2.3591 0.5472,
4.3771 -2.3812 0.5472,
4.3491 -2.3542 0.5472,
3.5874 -0.6417 0.5472,
3.5874 -1.5927 0.5472,
4.0795 -0.6417 0.5472,
4.0795 -1.5927 0.5472,
4.3818 -2.3873 0.5472,
4.3428 -2.3497 0.5472,
4.3863 -2.3937 0.5472,
4.3362 -2.3455 0.5472,
4.3909 -2.4007 0.5472,
4.3294 -2.3417 0.5472,
4.3225 -2.3382 0.5472,
4.3154 -2.3350 0.5472,
4.3081 -2.3322 0.5472,
4.3008 -2.3297 0.5472,
4.2933 -2.3276 0.5472,
4.2857 -2.3259 0.5472,
4.2780 -2.3246 0.5472,
4.2703 -2.3236 0.5472,
4.2625 -2.3230 0.5472,
4.2547 -2.3228 0.5472,
3.4890 -1.5927 0.5472,
2.9969 -0.6417 0.5472,
3.4890 -0.6417 0.5472,
2.9969 -1.5927 0.5472,
2.4063 -0.6417 0.5472,
2.8984 -1.5927 0.5472,
2.8984 -0.6417 0.5472,
2.4063 -1.5927 0.5472,
2.3079 -1.5927 0.5472,
1.8157 -0.6417 0.5472,
1.8157 -1.5927 0.5472,
2.3079 -0.6417 0.5472,
1.2252 -0.6417 0.5472,
1.7173 -1.5927 0.5472,
1.7173 -0.6417 0.5472,
1.2252 -1.5927 0.5472,
0.6346 -0.6417 0.5472,
1.1268 -1.5927 0.5472,
1.1268 -0.6417 0.5472,
-0.5760 -0.2362 0.5472,
-0.2413 -0.6417 0.5472,
-0.2413 -0.2362 0.5472,
0.6346 -1.5927 0.5472,
0.0441 -0.6417 0.5472,
0.0441 -1.5927 0.5472,
0.5362 -0.6417 0.5472,
0.5362 -1.5927 0.5472,
-0.0543 -1.5927 0.5472,
-0.0543 -0.6417 0.5472,
0.4595 -2.3228 0.5472,
0.4517 -2.3230 0.5472,
0.4439 -2.3236 0.5472,
0.4362 -2.3246 0.5472,
0.4285 -2.3259 0.5472,
0.4209 -2.3276 0.5472,
0.4134 -2.3297 0.5472,
0.4060 -2.3322 0.5472,
0.3988 -2.3350 0.5472,
0.3917 -2.3382 0.5472,
0.3847 -2.3417 0.5472,
0.3780 -2.3455 0.5472,
0.3714 -2.3497 0.5472,
0.3651 -2.3542 0.5472,
0.3590 -2.3591 0.5472,
0.3531 -2.3642 0.5472,
0.3475 -2.3696 0.5472,
0.3421 -2.3752 0.5472,
0.3371 -2.3812 0.5472,
0.3324 -2.3873 0.5472,
0.3279 -2.3937 0.5472,
0.3233 -2.4007 0.5472,
-0.5760 -2.4007 0.5472,
-0.2413 -1.7323 1.3780,
-0.2413 -1.5945 1.4961,
-0.2413 -1.7323 1.2008,
-0.2413 -1.6142 1.0827,
-0.2413 -0.5709 0.5945,
-0.2413 -0.2362 0.5472,
-0.2413 -0.6417 0.5472,
-0.2413 -0.6693 1.0827,
-0.2413 -0.5709 1.0236,
-0.2413 -0.2362 1.4961,
4.9555 -1.6142 1.0827,
4.7685 -1.4827 1.0827,
4.9555 -0.6693 1.0827,
4.7685 -0.6693 1.0827,
4.6701 -1.4827 1.0827,
4.1780 -1.4827 1.0827,
4.6701 -0.6693 1.0827,
4.1780 -0.6693 1.0827,
4.0795 -1.4827 1.0827,
3.5874 -1.4827 1.0827,
4.0795 -0.6693 1.0827,
3.5874 -0.6693 1.0827,
3.4890 -0.6693 1.0827,
3.4890 -1.4827 1.0827,
2.9969 -0.6693 1.0827,
2.9969 -1.4827 1.0827,
2.8984 -1.4827 1.0827,
2.4063 -1.4827 1.0827,
2.8984 -0.6693 1.0827,
2.4063 -0.6693 1.0827,
2.3079 -1.4827 1.0827,
1.8157 -1.4827 1.0827,
2.3079 -0.6693 1.0827,
1.8157 -0.6693 1.0827,
1.7173 -1.4827 1.0827,
1.2252 -1.4827 1.0827,
1.7173 -0.6693 1.0827,
1.2252 -0.6693 1.0827,
1.1268 -1.4827 1.0827,
0.6346 -1.4827 1.0827,
1.1268 -0.6693 1.0827,
0.6346 -0.6693 1.0827,
0.5362 -1.4827 1.0827,
0.0441 -1.4827 1.0827,
0.5362 -0.6693 1.0827,
0.0441 -0.6693 1.0827,
-0.0543 -0.6693 1.0827,
-0.0543 -1.4827 1.0827,
-0.2413 -0.6693 1.0827,
-0.2413 -1.6142 1.0827,
4.9555 -0.5709 0.5945,
4.7685 -0.5709 0.7043,
4.7685 -0.5709 0.5945,
4.9555 -0.5709 1.0236,
4.6701 -0.5709 0.7043,
4.1780 -0.5709 0.5945,
4.6701 -0.5709 0.5945,
4.1780 -0.5709 0.7441,
4.0795 -0.5709 0.7441,
3.5874 -0.5709 0.7043,
4.0795 -0.5709 0.5945,
3.5874 -0.5709 0.5945,
3.4890 -0.5709 0.7043,
2.9969 -0.5709 0.5945,
3.4890 -0.5709 0.5945,
2.9969 -0.5709 0.7441,
2.8984 -0.5709 0.7441,
2.4063 -0.5709 0.7043,
2.8984 -0.5709 0.5945,
2.4063 -0.5709 0.5945,
2.3079 -0.5709 0.7043,
1.8157 -0.5709 0.5945,
2.3079 -0.5709 0.5945,
1.8157 -0.5709 0.7441,
1.7173 -0.5709 0.7441,
1.2252 -0.5709 0.7043,
1.7173 -0.5709 0.5945,
1.2252 -0.5709 0.5945,
1.1268 -0.5709 0.7043,
0.6346 -0.5709 0.5945,
1.1268 -0.5709 0.5945,
0.6346 -0.5709 0.7441,
0.5362 -0.5709 0.7441,
0.0441 -0.5709 0.7043,
0.5362 -0.5709 0.5945,
0.0441 -0.5709 0.5945,
-0.0543 -0.5709 0.7043,
-0.2413 -0.5709 0.5945,
-0.0543 -0.5709 0.5945,
-0.2413 -0.5709 1.0236,
-0.2413 -0.6417 0.5472,
-0.0543 -0.6417 0.5472,
-0.2413 -0.5709 0.5945,
-0.0543 -0.5709 0.5945,
0.0441 -0.6417 0.5472,
0.5362 -0.6417 0.5472,
0.0441 -0.5709 0.5945,
0.5362 -0.5709 0.5945,
0.6346 -0.6417 0.5472,
1.1268 -0.6417 0.5472,
0.6346 -0.5709 0.5945,
1.1268 -0.5709 0.5945,
1.2252 -0.6417 0.5472,
1.7173 -0.6417 0.5472,
1.2252 -0.5709 0.5945,
1.7173 -0.5709 0.5945,
1.8157 -0.6417 0.5472,
2.3079 -0.6417 0.5472,
1.8157 -0.5709 0.5945,
2.3079 -0.5709 0.5945,
2.4063 -0.6417 0.5472,
2.8984 -0.6417 0.5472,
2.4063 -0.5709 0.5945,
2.8984 -0.5709 0.5945,
2.9969 -0.6417 0.5472,
3.4890 -0.6417 0.5472,
2.9969 -0.5709 0.5945,
3.4890 -0.5709 0.5945,
3.5874 -0.6417 0.5472,
4.0795 -0.6417 0.5472,
3.5874 -0.5709 0.5945,
4.0795 -0.5709 0.5945,
4.1780 -0.6417 0.5472,
4.6701 -0.6417 0.5472,
4.1780 -0.5709 0.5945,
4.6701 -0.5709 0.5945,
4.9555 -0.6693 1.0827,
4.7685 -0.6627 1.0787,
4.9555 -0.5709 1.0236,
4.7685 -0.6693 1.0827,
4.6701 -0.6627 1.0787,
4.1780 -0.6627 1.0787,
4.6701 -0.6693 1.0827,
4.1780 -0.6693 1.0827,
4.0795 -0.6627 1.0787,
3.5874 -0.6627 1.0787,
4.0795 -0.6693 1.0827,
3.5874 -0.6693 1.0827,
3.4890 -0.6627 1.0787,
2.9969 -0.6627 1.0787,
3.4890 -0.6693 1.0827,
2.9969 -0.6693 1.0827,
2.8984 -0.6627 1.0787,
2.4063 -0.6627 1.0787,
2.8984 -0.6693 1.0827,
2.4063 -0.6693 1.0827,
2.3079 -0.6627 1.0787,
2.3079 -0.6693 1.0827,
1.8157 -0.6693 1.0827,
1.8157 -0.6627 1.0787,
1.7173 -0.6693 1.0827,
1.2252 -0.6693 1.0827,
1.7173 -0.6627 1.0787,
1.2252 -0.6627 1.0787,
1.1268 -0.6627 1.0787,
0.6346 -0.6693 1.0827,
0.6346 -0.6627 1.0787,
1.1268 -0.6693 1.0827,
0.5362 -0.6627 1.0787,
0.0441 -0.6693 1.0827,
0.0441 -0.6627 1.0787,
0.5362 -0.6693 1.0827,
-0.2413 -0.5709 1.0236,
-0.0543 -0.6627 1.0787,
-0.0543 -0.6693 1.0827,
-0.2413 -0.6693 1.0827,
0.5362 -1.3780 0.0984,
0.5362 -1.3780 -0.0197,
-0.3004 -1.3780 0.0984,
-0.3004 -1.3780 -0.0197,
1.7173 -1.3780 0.0984,
1.7173 -1.3780 -0.0197,
0.6346 -1.3780 0.0984,
0.6346 -1.3780 -0.0197,
2.8984 -1.3780 0.0984,
2.8984 -1.3780 -0.0197,
1.8157 -1.3780 0.0984,
1.8157 -1.3780 -0.0197,
4.0795 -1.3780 0.0984,
4.0795 -1.3780 -0.0197,
2.9969 -1.3780 0.0984,
2.9969 -1.3780 -0.0197,
4.1780 -1.3780 0.0984,
5.0146 -1.3780 -0.0197,
4.1780 -1.3780 -0.0197,
5.0146 -1.3780 0.0984,
0.0441 -1.2913 0.0984,
0.0441 0.0591 0.0984,
0.5362 0.0591 0.0984,
0.5362 -1.3780 0.0984,
-0.0543 -1.2913 0.0984,
-0.3004 0.0591 0.0984,
-0.0543 0.0591 0.0984,
-0.3004 -1.3780 0.0984,
1.2252 -1.2913 0.0984,
1.2252 0.0591 0.0984,
1.7173 0.0591 0.0984,
1.7173 -1.3780 0.0984,
1.1268 -1.2913 0.0984,
0.6346 0.0591 0.0984,
1.1268 0.0591 0.0984,
0.6346 -1.3780 0.0984,
2.4063 -1.2913 0.0984,
2.4063 0.0591 0.0984,
2.8984 0.0591 0.0984,
2.8984 -1.3780 0.0984,
2.3079 -1.2913 0.0984,
1.8157 0.0591 0.0984,
2.3079 0.0591 0.0984,
1.8157 -1.3780 0.0984,
3.5874 -1.2913 0.0984,
3.5874 0.0591 0.0984,
4.0795 0.0591 0.0984,
4.0795 -1.3780 0.0984,
3.4890 -1.2913 0.0984,
2.9969 0.0591 0.0984,
3.4890 0.0591 0.0984,
2.9969 -1.3780 0.0984,
4.7685 -1.2913 0.0984,
4.7685 0.0591 0.0984,
5.0146 0.0591 0.0984,
5.0146 -1.3780 0.0984,
4.6701 -1.2913 0.0984,
4.1780 0.0591 0.0984,
4.6701 0.0591 0.0984,
4.1780 -1.3780 0.0984,
4.7685 0.0591 0.8504,
5.0146 0.0591 0.0984,
4.7685 0.0591 0.0984,
5.0146 0.0591 1.3937,
4.6701 0.0591 0.8504,
4.1780 0.0591 0.8504,
4.6701 0.0591 0.0984,
4.1780 0.0591 0.0984,
4.0795 0.0591 0.8504,
3.5874 0.0591 0.8504,
4.0795 0.0591 0.0984,
3.5874 0.0591 0.0984,
3.4890 0.0591 0.8504,
2.9969 0.0591 0.8504,
3.4890 0.0591 0.0984,
2.9969 0.0591 0.0984,
2.4063 0.0591 0.8504,
2.8984 0.0591 0.8504,
2.8984 0.0591 0.0984,
2.4063 0.0591 0.0984,
1.8157 0.0591 0.8504,
2.3079 0.0591 0.8504,
2.3079 0.0591 0.0984,
1.8157 0.0591 0.0984,
1.2252 0.0591 0.8504,
1.7173 0.0591 0.8504,
1.7173 0.0591 0.0984,
1.2252 0.0591 0.0984,
1.1268 0.0591 0.8504,
1.1268 0.0591 0.0984,
0.6346 0.0591 0.0984,
0.6346 0.0591 0.8504,
0.0441 0.0591 0.8504,
0.5362 0.0591 0.8504,
0.5362 0.0591 0.0984,
0.0441 0.0591 0.0984,
-0.0543 0.0591 0.8504,
-0.0543 0.0591 0.0984,
-0.3004 0.0591 0.0984,
-0.3004 0.0591 1.3937,
4.9161 0.0984 -0.5709,
4.9161 -0.0984 -0.5709,
4.9160 -0.0984 -0.5774,
4.9160 0.0984 -0.5774,
4.9155 -0.0984 -0.5839,
4.9155 0.0984 -0.5839,
4.9148 -0.0984 -0.5903,
4.9148 0.0984 -0.5903,
4.9137 -0.0984 -0.5968,
4.9137 0.0984 -0.5968,
4.9137 -0.0984 -0.5968,
4.8160 -0.0984 -1.1072,
4.8160 0.0984 -1.1072,
4.9137 0.0984 -0.5968,
-0.2059 0.0984 -0.6109,
-0.2059 -0.0984 -0.6109,
-0.2077 -0.0984 -0.6044,
-0.2077 0.0984 -0.6044,
-0.2092 -0.0984 -0.5978,
-0.2092 0.0984 -0.5978,
-0.2103 -0.0984 -0.5911,
-0.2103 0.0984 -0.5911,
-0.2111 -0.0984 -0.5844,
-0.2111 0.0984 -0.5844,
-0.2116 -0.0984 -0.5776,
-0.2116 0.0984 -0.5776,
-0.2118 -0.0984 -0.5709,
-0.2118 0.0984 -0.5709,
5.0146 -1.3780 0.0984,
5.0146 0.0591 0.0984,
5.0146 -1.3780 -0.0197,
5.0146 0.1772 -0.0197,
5.0146 0.0591 1.3937,
5.0146 0.1772 1.3937,
5.0146 0.1772 1.3937,
-0.3004 0.0591 1.3937,
-0.3004 0.1772 1.3937,
5.0146 0.0591 1.3937,
-0.3004 -1.3780 -0.0197,
-0.3004 0.0591 0.0984,
-0.3004 -1.3780 0.0984,
-0.3004 0.1772 -0.0197,
-0.3004 0.1772 1.3937,
-0.3004 0.0591 1.3937,
4.9555 -1.6142 1.0827,
4.9555 -1.5945 1.4961,
4.9555 -1.7323 1.2008,
4.9555 -1.7323 1.3780,
4.9555 -0.6417 0.5472,
4.9555 -0.2362 0.5472,
4.9555 -0.5709 0.5945,
4.9555 -0.6693 1.0827,
4.9555 -0.5709 1.0236,
4.9555 -0.2362 1.4961,
4.9555 -1.7323 1.2008,
-0.2413 -1.7323 1.2008,
4.9555 -1.6142 1.0827,
-0.2413 -1.6142 1.0827,
4.9555 -1.7323 1.3780,
-0.2413 -1.7323 1.2008,
4.9555 -1.7323 1.2008,
-0.2413 -1.7323 1.3780,
-0.2413 -1.7323 1.3780,
4.9555 -1.7323 1.3780,
-0.2413 -1.5945 1.4961,
4.9555 -1.5945 1.4961,
-0.2413 -0.2362 1.4961,
-0.2413 -1.5945 1.4961,
4.9555 -0.2362 1.4961,
4.9555 -1.5945 1.4961,
4.3909 -2.4007 0.5472,
4.3863 -2.3937 0.5472,
4.3534 -2.4154 0.5079,
4.3892 -2.4698 0.5079,
4.3534 -2.4154 -0.0197,
4.3892 -2.4698 0.5079,
4.3534 -2.4154 0.5079,
4.4907 -2.6240 -0.0197,
4.4907 -2.6240 0.4200,
4.4930 -2.6274 0.4181,
4.4907 -2.6240 0.4200,
4.4907 -2.6240 -0.0197,
4.4940 -2.6288 -0.0197,
4.4954 -2.6307 0.4163,
4.4976 -2.6334 -0.0197,
4.4984 -2.6344 0.4141,
4.5014 -2.6379 -0.0197,
4.5015 -2.6380 0.4121,
4.5047 -2.6415 0.4101,
4.5054 -2.6421 -0.0197,
4.5080 -2.6447 0.4082,
4.5096 -2.6462 -0.0197,
4.5114 -2.6479 0.4065,
4.5140 -2.6500 -0.0197,
4.5150 -2.6508 0.4048,
4.5186 -2.6536 -0.0197,
4.5186 -2.6536 0.4032,
4.5223 -2.6563 0.4017,
4.5233 -2.6570 -0.0197,
4.5261 -2.6588 0.4002,
4.5283 -2.6601 -0.0197,
4.5301 -2.6612 0.3989,
4.5333 -2.6630 -0.0197,
4.5341 -2.6634 0.3976,
4.5385 -2.6657 -0.0197,
4.5382 -2.6655 0.3964,
4.5428 -2.6677 0.3952,
4.5439 -2.6681 -0.0197,
4.5476 -2.6696 0.3941,
4.5493 -2.6702 -0.0197,
4.5512 -2.6709 0.3933,
4.5549 -2.6720 -0.0197,
4.5549 -2.6722 0.3926,
4.5587 -2.6732 0.3920,
4.5605 -2.6736 -0.0197,
4.5626 -2.6742 0.3914,
4.5662 -2.6749 -0.0197,
4.5666 -2.6750 0.3910,
4.5706 -2.6758 0.3906,
4.5719 -2.6759 -0.0197,
4.5748 -2.6763 0.3902,
4.5777 -2.6766 -0.0197,
4.5790 -2.6767 0.3900,
4.5835 -2.6770 -0.0197,
4.5839 -2.6770 0.3898,
4.5894 -2.6772 -0.0197,
4.5894 -2.6772 0.3898,
4.3534 -2.4154 -0.0197,
4.3534 -2.4154 0.5079,
4.3500 -2.4106 -0.0197,
4.3500 -2.4106 0.5079,
4.3465 -2.4060 0.5079,
4.3465 -2.4060 -0.0197,
4.3427 -2.4015 0.5079,
4.3427 -2.4015 -0.0197,
4.3387 -2.3973 0.5079,
4.3387 -2.3973 -0.0197,
4.3345 -2.3932 0.5079,
4.3345 -2.3932 -0.0197,
4.3301 -2.3894 0.5079,
4.3301 -2.3894 -0.0197,
4.3255 -2.3858 0.5079,
4.3255 -2.3858 -0.0197,
4.3207 -2.3824 0.5079,
4.3207 -2.3824 -0.0197,
4.3158 -2.3792 0.5079,
4.3158 -2.3792 -0.0197,
4.3108 -2.3763 0.5079,
4.3108 -2.3763 -0.0197,
4.3056 -2.3737 0.5079,
4.3056 -2.3737 -0.0197,
4.3002 -2.3713 0.5079,
4.3002 -2.3713 -0.0197,
4.2948 -2.3692 0.5079,
4.2948 -2.3692 -0.0197,
4.2892 -2.3674 0.5079,
4.2892 -2.3674 -0.0197,
4.2836 -2.3658 0.5079,
4.2836 -2.3658 -0.0197,
4.2779 -2.3645 0.5079,
4.2779 -2.3645 -0.0197,
4.2722 -2.3635 0.5079,
4.2722 -2.3635 -0.0197,
4.2664 -2.3628 0.5079,
4.2664 -2.3628 -0.0197,
4.2606 -2.3623 0.5079,
4.2606 -2.3623 -0.0197,
4.2547 -2.3622 0.5079,
4.2547 -2.3622 -0.0197,
4.3863 -2.3937 0.5472,
4.3567 -2.3977 0.5210,
4.3534 -2.4154 0.5079,
4.3500 -2.4106 0.5079,
4.3465 -2.4060 0.5079,
4.3427 -2.4015 0.5079,
4.3480 -2.3880 0.5210,
4.3387 -2.3973 0.5079,
4.3345 -2.3932 0.5079,
4.3818 -2.3873 0.5472,
4.3669 -2.3894 0.5341,
4.3771 -2.3812 0.5472,
4.3720 -2.3752 0.5472,
4.3385 -2.3793 0.5210,
4.3301 -2.3894 0.5079,
4.3255 -2.3858 0.5079,
4.3667 -2.3696 0.5472,
4.3574 -2.3788 0.5341,
4.3611 -2.3642 0.5472,
4.3281 -2.3715 0.5210,
4.3207 -2.3824 0.5079,
4.3158 -2.3792 0.5079,
4.3552 -2.3591 0.5472,
4.3468 -2.3692 0.5341,
4.3491 -2.3542 0.5472,
4.3170 -2.3648 0.5210,
4.3108 -2.3763 0.5079,
4.3056 -2.3737 0.5079,
4.3428 -2.3497 0.5472,
4.3354 -2.3606 0.5341,
4.3362 -2.3455 0.5472,
4.3053 -2.3592 0.5210,
4.3002 -2.3713 0.5079,
4.2948 -2.3692 0.5079,
4.3232 -2.3532 0.5341,
4.3294 -2.3417 0.5472,
4.3225 -2.3382 0.5472,
4.2931 -2.3548 0.5210,
4.2892 -2.3674 0.5079,
4.2836 -2.3658 0.5079,
4.3154 -2.3350 0.5472,
4.3103 -2.3471 0.5341,
4.3081 -2.3322 0.5472,
4.2805 -2.3516 0.5210,
4.2779 -2.3645 0.5079,
4.2722 -2.3635 0.5079,
4.3008 -2.3297 0.5472,
4.2969 -2.3423 0.5341,
4.2933 -2.3276 0.5472,
4.2677 -2.3497 0.5210,
4.2664 -2.3628 0.5079,
4.2606 -2.3623 0.5079,
4.2547 -2.3622 0.5079,
4.2857 -2.3259 0.5472,
4.2831 -2.3388 0.5341,
4.2780 -2.3246 0.5472,
4.2690 -2.3367 0.5341,
4.2703 -2.3236 0.5472,
4.2625 -2.3230 0.5472,
4.2547 -2.3228 0.5472,
0.3233 -2.4007 0.5472,
0.3250 -2.4698 0.5079,
0.3608 -2.4154 0.5079,
0.3279 -2.3937 0.5472,
0.2235 -2.6240 0.4200,
0.3608 -2.4154 -0.0197,
0.3250 -2.4698 0.5079,
0.3608 -2.4154 0.5079,
0.2235 -2.6240 -0.0197,
0.1272 -2.6771 0.3898,
0.1248 -2.6772 0.3898,
0.1248 -2.6772 -0.0197,
0.1306 -2.6770 -0.0197,
0.1296 -2.6771 0.3898,
0.1339 -2.6768 0.3899,
0.1365 -2.6766 -0.0197,
0.1382 -2.6765 0.3902,
0.1423 -2.6759 -0.0197,
0.1424 -2.6759 0.3905,
0.1464 -2.6753 0.3908,
0.1480 -2.6749 -0.0197,
0.1509 -2.6744 0.3914,
0.1537 -2.6736 -0.0197,
0.1557 -2.6732 0.3920,
0.1593 -2.6720 -0.0197,
0.1604 -2.6718 0.3928,
0.1649 -2.6702 -0.0197,
0.1649 -2.6703 0.3937,
0.1693 -2.6685 0.3947,
0.1703 -2.6681 -0.0197,
0.1737 -2.6666 0.3958,
0.1756 -2.6657 -0.0197,
0.1779 -2.6646 0.3969,
0.1808 -2.6630 -0.0197,
0.1820 -2.6624 0.3982,
0.1859 -2.6601 -0.0197,
0.1860 -2.6600 0.3995,
0.1900 -2.6576 0.4009,
0.1908 -2.6570 -0.0197,
0.1938 -2.6549 0.4024,
0.1956 -2.6536 -0.0197,
0.1975 -2.6521 0.4040,
0.2002 -2.6500 -0.0197,
0.2012 -2.6492 0.4057,
0.2046 -2.6462 -0.0197,
0.2047 -2.6461 0.4075,
0.2081 -2.6429 0.4093,
0.2088 -2.6421 -0.0197,
0.2114 -2.6394 0.4113,
0.2128 -2.6379 -0.0197,
0.2146 -2.6358 0.4133,
0.2166 -2.6334 -0.0197,
0.2177 -2.6321 0.4155,
0.2201 -2.6288 -0.0197,
0.2206 -2.6281 0.4177,
0.2235 -2.6240 -0.0197,
0.2235 -2.6240 0.4200,
4.4240 -2.2835 2.5315,
2.9870 -1.9685 2.3583,
4.4240 -1.9685 2.3583,
2.9870 -2.3622 2.5748,
4.5028 -2.3622 2.5748,
4.4240 -1.6417 2.3583,
4.4239 -1.6475 2.3583,
4.4240 -1.6417 2.7165,
4.4239 -1.6475 2.7165,
4.4234 -1.6533 2.3583,
4.4234 -1.6533 2.7165,
4.4227 -1.6591 2.3583,
4.4227 -1.6591 2.7165,
4.4217 -1.6648 2.3583,
4.4217 -1.6648 2.7165,
4.4205 -1.6704 2.7165,
4.4205 -1.6704 2.3583,
4.4189 -1.6760 2.7165,
4.4189 -1.6760 2.3583,
4.4171 -1.6815 2.3583,
4.4171 -1.6815 2.7165,
4.4150 -1.6869 2.3583,
4.4150 -1.6869 2.7165,
4.4127 -1.6922 2.3583,
4.4127 -1.6922 2.7165,
4.4101 -1.6974 2.3583,
4.4101 -1.6974 2.7165,
4.4072 -1.7025 2.7165,
4.4072 -1.7025 2.3583,
4.4041 -1.7074 2.7165,
4.4041 -1.7074 2.3583,
4.4008 -1.7121 2.3583,
4.4008 -1.7121 2.7165,
4.3972 -1.7167 2.7165,
4.3972 -1.7167 2.3583,
4.3934 -1.7211 2.3583,
4.3934 -1.7211 2.7165,
4.3894 -1.7252 2.7165,
4.3894 -1.7252 2.3583,
4.3852 -1.7292 2.3583,
4.3852 -1.7292 2.7165,
4.3808 -1.7330 2.3583,
4.3808 -1.7330 2.7165,
4.3763 -1.7366 2.3583,
4.3763 -1.7366 2.7165,
4.3715 -1.7399 2.3583,
4.3715 -1.7399 2.7165,
4.3666 -1.7430 2.3583,
4.3666 -1.7430 2.7165,
4.3616 -1.7459 2.3583,
4.3616 -1.7459 2.7165,
4.3564 -1.7485 2.3583,
4.3564 -1.7485 2.7165,
4.3511 -1.7509 2.3583,
4.3511 -1.7509 2.7165,
4.3457 -1.7529 2.3583,
4.3457 -1.7529 2.7165,
4.3402 -1.7548 2.3583,
4.3402 -1.7548 2.7165,
4.3346 -1.7563 2.3583,
4.3346 -1.7563 2.7165,
4.3289 -1.7576 2.3583,
4.3289 -1.7576 2.7165,
4.3232 -1.7586 2.3583,
4.3232 -1.7586 2.7165,
4.3175 -1.7593 2.3583,
4.3175 -1.7593 2.7165,
4.3117 -1.7597 2.3583,
4.3117 -1.7597 2.7165,
4.3059 -1.7598 2.3583,
4.3059 -1.7598 2.7165,
4.3059 -1.7598 2.7165,
4.3059 -1.7598 2.3583,
3.1051 -1.7598 2.7165,
3.1051 -1.7598 2.3583,
-0.5524 -2.2598 1.0827,
-0.5760 -0.2362 1.0827,
-0.5524 -0.2362 1.0827,
-0.5760 -2.2835 1.0827,
-0.5524 -0.2362 1.2008,
-0.5524 -2.2598 1.0827,
-0.5524 -0.2362 1.0827,
-0.5524 -2.2598 1.2008,
-0.5524 -2.2598 1.2008,
-0.5524 -0.2362 1.2008,
-0.5760 -0.2362 1.2008,
-0.5760 -2.2835 1.2008,
    ] }
    coordIndex [
0,1,2,-1,
0,2,3,-1,
4,3,5,-1,
4,0,3,-1,
6,5,7,-1,
6,4,5,-1,
8,7,9,-1,
8,6,7,-1,
10,9,11,-1,
10,8,9,-1,
12,11,13,-1,
12,10,11,-1,
14,13,15,-1,
14,12,13,-1,
16,15,17,-1,
16,14,15,-1,
18,17,19,-1,
18,16,17,-1,
20,19,21,-1,
20,18,19,-1,
22,21,23,-1,
22,20,21,-1,
24,23,25,-1,
24,22,23,-1,
26,25,27,-1,
26,24,25,-1,
28,27,29,-1,
28,26,27,-1,
30,31,32,-1,
33,32,34,-1,
33,30,32,-1,
35,34,36,-1,
35,33,34,-1,
37,36,38,-1,
37,35,36,-1,
39,38,40,-1,
39,37,38,-1,
41,40,42,-1,
41,39,40,-1,
43,42,44,-1,
43,41,42,-1,
45,44,46,-1,
45,43,44,-1,
47,46,48,-1,
47,45,46,-1,
49,48,50,-1,
49,47,48,-1,
51,50,52,-1,
51,49,50,-1,
53,52,54,-1,
53,51,52,-1,
55,53,54,-1,
56,57,58,-1,
56,59,57,-1,
56,60,59,-1,
61,62,63,-1,
61,58,62,-1,
61,56,58,-1,
64,65,60,-1,
64,66,67,-1,
64,67,68,-1,
64,60,56,-1,
64,68,65,-1,
69,70,71,-1,
69,63,70,-1,
69,61,63,-1,
72,56,61,-1,
72,73,74,-1,
72,74,66,-1,
72,66,64,-1,
72,64,56,-1,
75,76,77,-1,
75,71,76,-1,
75,69,71,-1,
78,73,72,-1,
78,61,69,-1,
78,79,80,-1,
78,80,73,-1,
78,72,61,-1,
81,75,77,-1,
81,82,83,-1,
81,77,82,-1,
84,69,75,-1,
84,79,78,-1,
84,85,86,-1,
84,86,79,-1,
84,78,69,-1,
87,88,89,-1,
87,83,88,-1,
87,81,83,-1,
90,75,81,-1,
90,91,92,-1,
90,92,85,-1,
90,85,84,-1,
90,84,75,-1,
93,94,95,-1,
93,89,94,-1,
93,87,89,-1,
96,91,90,-1,
96,81,87,-1,
96,90,81,-1,
96,97,98,-1,
96,98,91,-1,
99,100,101,-1,
99,95,100,-1,
99,93,95,-1,
102,96,87,-1,
102,97,96,-1,
102,87,93,-1,
102,103,104,-1,
102,104,97,-1,
105,106,107,-1,
105,101,106,-1,
105,99,101,-1,
108,102,93,-1,
108,109,110,-1,
108,110,103,-1,
108,103,102,-1,
108,93,99,-1,
111,112,113,-1,
111,107,112,-1,
111,105,107,-1,
114,99,105,-1,
114,109,108,-1,
114,108,99,-1,
114,115,116,-1,
114,116,109,-1,
117,118,119,-1,
117,113,118,-1,
117,111,113,-1,
120,114,105,-1,
120,105,111,-1,
120,121,122,-1,
120,122,115,-1,
120,115,114,-1,
123,124,125,-1,
123,119,124,-1,
123,117,119,-1,
126,120,111,-1,
126,121,120,-1,
126,127,128,-1,
126,128,121,-1,
126,111,117,-1,
129,130,131,-1,
129,125,130,-1,
129,123,125,-1,
132,133,134,-1,
132,134,127,-1,
132,127,126,-1,
132,117,123,-1,
132,126,117,-1,
135,136,137,-1,
135,131,136,-1,
135,129,131,-1,
138,132,123,-1,
138,139,140,-1,
138,140,133,-1,
138,133,132,-1,
138,123,129,-1,
141,142,143,-1,
141,144,142,-1,
141,137,144,-1,
141,135,137,-1,
145,138,129,-1,
145,129,135,-1,
145,139,138,-1,
145,146,147,-1,
145,147,139,-1,
148,135,141,-1,
148,146,145,-1,
148,143,149,-1,
148,149,150,-1,
148,150,151,-1,
148,151,146,-1,
148,141,143,-1,
148,145,135,-1,
152,153,154,-1,
152,155,153,-1,
152,156,155,-1,
157,158,159,-1,
157,154,158,-1,
157,152,154,-1,
160,161,162,-1,
160,162,163,-1,
160,163,164,-1,
160,164,156,-1,
160,156,152,-1,
165,166,167,-1,
165,159,166,-1,
165,157,159,-1,
168,169,170,-1,
168,170,161,-1,
168,160,152,-1,
168,161,160,-1,
168,152,157,-1,
171,172,173,-1,
171,167,172,-1,
171,165,167,-1,
174,175,176,-1,
174,176,169,-1,
174,168,157,-1,
174,169,168,-1,
174,157,165,-1,
177,171,173,-1,
177,178,179,-1,
177,173,178,-1,
180,165,171,-1,
180,181,182,-1,
180,182,175,-1,
180,175,174,-1,
180,174,165,-1,
183,184,185,-1,
183,179,184,-1,
183,177,179,-1,
186,180,171,-1,
186,171,177,-1,
186,187,188,-1,
186,188,181,-1,
186,181,180,-1,
189,183,185,-1,
189,190,191,-1,
189,185,190,-1,
192,193,194,-1,
192,194,187,-1,
192,177,183,-1,
192,187,186,-1,
192,186,177,-1,
195,196,197,-1,
195,191,196,-1,
195,189,191,-1,
198,183,189,-1,
198,199,200,-1,
198,200,193,-1,
198,192,183,-1,
198,193,192,-1,
201,195,197,-1,
201,202,203,-1,
201,197,202,-1,
204,198,189,-1,
204,205,206,-1,
204,206,199,-1,
204,199,198,-1,
204,189,195,-1,
207,208,209,-1,
207,203,208,-1,
207,201,203,-1,
210,211,212,-1,
210,212,205,-1,
210,195,201,-1,
210,205,204,-1,
210,204,195,-1,
213,214,215,-1,
213,209,214,-1,
213,207,209,-1,
216,217,218,-1,
216,218,211,-1,
216,201,207,-1,
216,211,210,-1,
216,210,201,-1,
219,213,215,-1,
219,220,221,-1,
219,215,220,-1,
222,216,207,-1,
222,223,224,-1,
222,224,217,-1,
222,207,213,-1,
222,217,216,-1,
225,219,221,-1,
225,226,227,-1,
225,221,226,-1,
228,229,230,-1,
228,230,223,-1,
228,222,213,-1,
228,223,222,-1,
228,213,219,-1,
231,232,233,-1,
231,227,232,-1,
231,225,227,-1,
234,228,219,-1,
234,229,228,-1,
234,235,236,-1,
234,236,229,-1,
234,219,225,-1,
237,238,239,-1,
237,231,233,-1,
237,240,238,-1,
237,241,240,-1,
237,233,241,-1,
242,243,244,-1,
242,244,235,-1,
242,234,225,-1,
242,235,234,-1,
242,225,231,-1,
245,239,246,-1,
245,246,247,-1,
245,247,243,-1,
245,242,231,-1,
245,231,237,-1,
245,237,239,-1,
245,243,242,-1,
248,249,250,-1,
248,251,249,-1,
248,252,251,-1,
253,254,255,-1,
253,250,254,-1,
253,248,250,-1,
256,257,258,-1,
256,258,259,-1,
256,259,260,-1,
256,260,252,-1,
256,252,248,-1,
261,262,263,-1,
261,255,262,-1,
261,253,255,-1,
264,265,266,-1,
264,266,257,-1,
264,256,248,-1,
264,257,256,-1,
264,248,253,-1,
267,268,269,-1,
267,263,268,-1,
267,261,263,-1,
270,271,272,-1,
270,272,265,-1,
270,264,253,-1,
270,265,264,-1,
270,253,261,-1,
273,267,269,-1,
273,274,275,-1,
273,269,274,-1,
276,261,267,-1,
276,277,278,-1,
276,278,271,-1,
276,271,270,-1,
276,270,261,-1,
279,280,281,-1,
279,275,280,-1,
279,273,275,-1,
282,276,267,-1,
282,267,273,-1,
282,283,284,-1,
282,284,277,-1,
282,277,276,-1,
285,279,281,-1,
285,286,287,-1,
285,281,286,-1,
288,289,290,-1,
288,290,283,-1,
288,273,279,-1,
288,283,282,-1,
288,282,273,-1,
291,292,293,-1,
291,287,292,-1,
291,285,287,-1,
294,279,285,-1,
294,295,296,-1,
294,296,289,-1,
294,288,279,-1,
294,289,288,-1,
297,291,293,-1,
297,298,299,-1,
297,293,298,-1,
300,294,285,-1,
300,301,302,-1,
300,302,295,-1,
300,295,294,-1,
300,285,291,-1,
303,304,305,-1,
303,299,304,-1,
303,297,299,-1,
306,307,308,-1,
306,308,301,-1,
306,291,297,-1,
306,301,300,-1,
306,300,291,-1,
309,310,311,-1,
309,305,310,-1,
309,303,305,-1,
312,313,314,-1,
312,314,307,-1,
312,297,303,-1,
312,307,306,-1,
312,306,297,-1,
315,309,311,-1,
315,316,317,-1,
315,311,316,-1,
318,312,303,-1,
318,319,320,-1,
318,320,313,-1,
318,303,309,-1,
318,313,312,-1,
321,315,317,-1,
321,322,323,-1,
321,317,322,-1,
324,325,326,-1,
324,326,319,-1,
324,318,309,-1,
324,319,318,-1,
324,309,315,-1,
327,328,329,-1,
327,323,328,-1,
327,321,323,-1,
330,324,315,-1,
330,325,324,-1,
330,331,332,-1,
330,332,325,-1,
330,315,321,-1,
333,334,335,-1,
333,327,329,-1,
333,336,334,-1,
333,337,336,-1,
333,329,337,-1,
338,339,340,-1,
338,340,331,-1,
338,330,321,-1,
338,331,330,-1,
338,321,327,-1,
341,335,342,-1,
341,342,343,-1,
341,343,339,-1,
341,338,327,-1,
341,327,333,-1,
341,333,335,-1,
341,339,338,-1,
344,345,346,-1,
344,347,345,-1,
344,348,347,-1,
349,350,351,-1,
349,346,350,-1,
349,344,346,-1,
352,353,348,-1,
352,354,355,-1,
352,355,356,-1,
352,348,344,-1,
352,356,353,-1,
357,358,359,-1,
357,351,358,-1,
357,349,351,-1,
360,344,349,-1,
360,361,362,-1,
360,362,354,-1,
360,354,352,-1,
360,352,344,-1,
363,364,365,-1,
363,359,364,-1,
363,357,359,-1,
366,361,360,-1,
366,349,357,-1,
366,367,368,-1,
366,368,361,-1,
366,360,349,-1,
369,363,365,-1,
369,370,371,-1,
369,365,370,-1,
372,357,363,-1,
372,367,366,-1,
372,373,374,-1,
372,374,367,-1,
372,366,357,-1,
375,376,377,-1,
375,371,376,-1,
375,369,371,-1,
378,363,369,-1,
378,379,380,-1,
378,380,373,-1,
378,373,372,-1,
378,372,363,-1,
381,382,383,-1,
381,377,382,-1,
381,375,377,-1,
384,379,378,-1,
384,369,375,-1,
384,378,369,-1,
384,385,386,-1,
384,386,379,-1,
387,388,389,-1,
387,383,388,-1,
387,381,383,-1,
390,384,375,-1,
390,385,384,-1,
390,375,381,-1,
390,391,392,-1,
390,392,385,-1,
393,394,395,-1,
393,389,394,-1,
393,387,389,-1,
396,390,381,-1,
396,397,398,-1,
396,398,391,-1,
396,391,390,-1,
396,381,387,-1,
399,400,401,-1,
399,395,400,-1,
399,393,395,-1,
402,387,393,-1,
402,397,396,-1,
402,396,387,-1,
402,403,404,-1,
402,404,397,-1,
405,406,407,-1,
405,401,406,-1,
405,399,401,-1,
408,402,393,-1,
408,393,399,-1,
408,409,410,-1,
408,410,403,-1,
408,403,402,-1,
411,412,413,-1,
411,407,412,-1,
411,405,407,-1,
414,408,399,-1,
414,409,408,-1,
414,415,416,-1,
414,416,409,-1,
414,399,405,-1,
417,418,419,-1,
417,413,418,-1,
417,411,413,-1,
420,421,422,-1,
420,422,415,-1,
420,415,414,-1,
420,405,411,-1,
420,414,405,-1,
423,424,425,-1,
423,419,424,-1,
423,417,419,-1,
426,420,411,-1,
426,427,428,-1,
426,428,421,-1,
426,421,420,-1,
426,411,417,-1,
429,430,431,-1,
429,432,430,-1,
429,425,432,-1,
429,423,425,-1,
433,426,417,-1,
433,417,423,-1,
433,427,426,-1,
433,434,435,-1,
433,435,427,-1,
436,423,429,-1,
436,434,433,-1,
436,431,437,-1,
436,437,438,-1,
436,438,439,-1,
436,439,434,-1,
436,429,431,-1,
436,433,423,-1,
440,441,442,-1,
440,443,441,-1,
444,445,442,-1,
442,445,440,-1,
445,446,447,-1,
444,446,445,-1,
448,449,450,-1,
451,452,453,-1,
451,450,452,-1,
451,448,450,-1,
454,455,456,-1,
457,458,459,-1,
457,456,458,-1,
457,454,456,-1,
460,461,462,-1,
463,460,462,-1,
464,463,465,-1,
464,460,463,-1,
466,467,468,-1,
466,468,469,-1,
470,466,469,-1,
471,470,469,-1,
472,473,470,-1,
472,470,471,-1,
474,472,471,-1,
475,473,472,-1,
476,477,478,-1,
479,478,480,-1,
479,480,481,-1,
479,476,478,-1,
482,483,484,-1,
485,482,484,-1,
486,482,485,-1,
487,482,486,-1,
488,482,487,-1,
489,482,488,-1,
490,482,489,-1,
491,482,490,-1,
492,482,491,-1,
493,482,492,-1,
494,482,493,-1,
495,482,494,-1,
496,482,495,-1,
497,482,496,-1,
498,482,497,-1,
499,482,498,-1,
500,482,499,-1,
501,482,500,-1,
502,482,501,-1,
503,482,502,-1,
504,482,503,-1,
505,482,504,-1,
506,482,505,-1,
507,482,506,-1,
508,482,507,-1,
509,482,508,-1,
510,482,509,-1,
511,482,510,-1,
512,482,511,-1,
513,482,512,-1,
514,482,513,-1,
515,482,514,-1,
516,482,515,-1,
517,482,516,-1,
518,484,483,-1,
519,482,517,-1,
520,521,518,-1,
520,518,522,-1,
523,524,521,-1,
523,521,520,-1,
525,526,524,-1,
525,524,523,-1,
527,528,526,-1,
527,529,528,-1,
527,526,525,-1,
530,529,527,-1,
531,532,529,-1,
531,529,530,-1,
533,534,532,-1,
533,535,534,-1,
533,532,531,-1,
536,535,533,-1,
537,538,535,-1,
537,535,536,-1,
539,540,538,-1,
539,541,540,-1,
539,538,537,-1,
542,541,539,-1,
543,544,541,-1,
543,541,542,-1,
545,544,543,-1,
545,546,544,-1,
547,548,546,-1,
547,549,548,-1,
547,546,545,-1,
550,549,547,-1,
551,552,549,-1,
551,553,552,-1,
551,549,550,-1,
554,553,551,-1,
555,553,554,-1,
555,556,553,-1,
557,558,556,-1,
557,556,555,-1,
559,558,557,-1,
559,560,558,-1,
561,560,559,-1,
561,562,560,-1,
563,564,562,-1,
563,562,561,-1,
565,564,563,-1,
565,566,564,-1,
567,566,565,-1,
567,568,566,-1,
569,570,568,-1,
569,568,567,-1,
571,570,569,-1,
571,572,570,-1,
573,574,572,-1,
573,572,571,-1,
575,574,573,-1,
575,576,574,-1,
577,576,575,-1,
577,578,576,-1,
579,518,483,-1,
579,522,518,-1,
579,580,522,-1,
581,582,583,-1,
581,584,585,-1,
581,586,584,-1,
581,587,586,-1,
581,588,587,-1,
581,589,588,-1,
581,590,589,-1,
581,591,590,-1,
581,592,591,-1,
581,593,592,-1,
581,594,593,-1,
581,595,594,-1,
581,596,595,-1,
581,597,596,-1,
581,598,597,-1,
581,580,579,-1,
581,599,598,-1,
581,600,599,-1,
581,601,600,-1,
581,602,601,-1,
581,603,602,-1,
581,604,603,-1,
581,605,604,-1,
581,606,605,-1,
581,607,606,-1,
581,608,607,-1,
581,609,608,-1,
581,610,609,-1,
581,611,610,-1,
581,612,611,-1,
581,613,612,-1,
581,614,613,-1,
581,615,614,-1,
581,583,615,-1,
581,585,580,-1,
581,482,519,-1,
581,519,616,-1,
581,616,617,-1,
581,617,618,-1,
581,618,578,-1,
581,578,619,-1,
619,578,577,-1,
581,619,620,-1,
581,620,621,-1,
581,621,582,-1,
622,623,624,-1,
625,623,622,-1,
626,627,628,-1,
629,627,626,-1,
630,627,629,-1,
631,627,630,-1,
632,627,631,-1,
633,627,632,-1,
634,627,633,-1,
635,627,634,-1,
636,627,635,-1,
637,627,636,-1,
638,627,637,-1,
639,627,638,-1,
640,627,639,-1,
641,627,640,-1,
642,627,641,-1,
643,627,642,-1,
644,627,643,-1,
645,627,644,-1,
646,627,645,-1,
647,627,646,-1,
648,627,647,-1,
649,627,648,-1,
650,627,649,-1,
651,627,650,-1,
652,627,651,-1,
653,627,652,-1,
654,627,653,-1,
655,627,654,-1,
656,627,655,-1,
657,627,656,-1,
658,627,657,-1,
659,660,661,-1,
662,663,664,-1,
665,663,662,-1,
666,663,665,-1,
667,663,666,-1,
668,663,667,-1,
669,663,668,-1,
670,663,669,-1,
671,663,670,-1,
672,663,671,-1,
673,663,672,-1,
674,663,673,-1,
675,663,674,-1,
676,663,675,-1,
677,663,676,-1,
678,663,677,-1,
679,663,678,-1,
680,663,679,-1,
681,663,680,-1,
682,663,681,-1,
683,663,682,-1,
684,663,683,-1,
685,663,684,-1,
686,663,685,-1,
687,663,686,-1,
688,663,687,-1,
689,663,688,-1,
690,663,689,-1,
691,692,660,-1,
660,692,693,-1,
694,695,691,-1,
691,695,692,-1,
694,696,695,-1,
697,696,694,-1,
697,698,696,-1,
699,698,697,-1,
700,701,699,-1,
699,701,698,-1,
660,702,661,-1,
693,702,660,-1,
700,703,701,-1,
664,703,700,-1,
704,705,706,-1,
707,705,704,-1,
708,705,707,-1,
703,705,708,-1,
664,705,703,-1,
663,705,664,-1,
709,705,710,-1,
711,705,709,-1,
712,705,711,-1,
713,705,712,-1,
714,705,713,-1,
715,705,714,-1,
716,705,715,-1,
717,705,716,-1,
718,705,717,-1,
719,705,718,-1,
720,705,719,-1,
721,705,720,-1,
722,705,721,-1,
723,705,722,-1,
724,705,723,-1,
725,705,724,-1,
726,705,725,-1,
727,705,726,-1,
728,705,727,-1,
729,705,728,-1,
730,705,729,-1,
731,705,730,-1,
706,705,731,-1,
732,733,663,-1,
663,733,705,-1,
693,734,702,-1,
735,736,737,-1,
738,736,735,-1,
739,736,738,-1,
740,736,739,-1,
741,736,740,-1,
742,736,741,-1,
743,736,742,-1,
744,736,743,-1,
745,736,744,-1,
746,736,745,-1,
747,736,746,-1,
748,736,747,-1,
749,736,748,-1,
750,736,749,-1,
751,736,750,-1,
752,736,751,-1,
753,736,752,-1,
754,736,753,-1,
755,736,754,-1,
756,736,755,-1,
757,736,756,-1,
758,736,757,-1,
759,736,758,-1,
760,736,759,-1,
761,736,760,-1,
762,736,761,-1,
763,736,762,-1,
764,736,763,-1,
765,736,764,-1,
766,736,765,-1,
767,736,766,-1,
627,663,628,-1,
628,663,690,-1,
768,627,658,-1,
736,769,737,-1,
705,736,710,-1,
710,736,767,-1,
770,771,772,-1,
772,771,773,-1,
774,775,776,-1,
776,775,777,-1,
778,779,780,-1,
778,781,779,-1,
782,783,784,-1,
782,785,783,-1,
786,787,788,-1,
785,787,783,-1,
787,789,788,-1,
785,789,787,-1,
790,791,792,-1,
792,791,793,-1,
794,795,796,-1,
796,795,797,-1,
798,799,800,-1,
795,801,799,-1,
799,801,800,-1,
794,801,795,-1,
785,801,789,-1,
789,801,790,-1,
790,801,791,-1,
791,801,794,-1,
802,803,804,-1,
805,803,802,-1,
806,807,808,-1,
808,807,809,-1,
809,807,810,-1,
811,807,806,-1,
810,812,813,-1,
813,812,814,-1,
807,812,810,-1,
815,816,811,-1,
817,816,815,-1,
818,816,817,-1,
811,816,807,-1,
812,819,814,-1,
814,819,820,-1,
820,819,821,-1,
818,822,816,-1,
816,822,807,-1,
823,822,818,-1,
824,822,823,-1,
807,822,812,-1,
821,825,826,-1,
826,825,827,-1,
819,825,821,-1,
812,828,819,-1,
829,828,824,-1,
830,828,829,-1,
822,828,812,-1,
824,828,822,-1,
827,831,832,-1,
832,831,833,-1,
825,831,827,-1,
834,835,830,-1,
836,835,834,-1,
828,835,819,-1,
819,835,825,-1,
830,835,828,-1,
833,837,838,-1,
838,837,839,-1,
831,837,833,-1,
835,840,825,-1,
836,840,835,-1,
841,840,836,-1,
842,840,841,-1,
825,840,831,-1,
839,843,844,-1,
844,843,845,-1,
837,843,839,-1,
831,846,837,-1,
847,846,842,-1,
848,846,847,-1,
840,846,831,-1,
842,846,840,-1,
845,849,850,-1,
850,849,851,-1,
843,849,845,-1,
846,852,837,-1,
853,852,848,-1,
854,852,853,-1,
837,852,843,-1,
848,852,846,-1,
851,855,856,-1,
856,855,857,-1,
849,855,851,-1,
857,855,858,-1,
858,855,859,-1,
854,860,852,-1,
861,860,854,-1,
862,860,861,-1,
852,860,843,-1,
843,860,849,-1,
860,863,849,-1,
864,863,862,-1,
865,863,864,-1,
859,863,865,-1,
849,863,855,-1,
862,863,860,-1,
855,863,859,-1,
866,867,868,-1,
867,869,868,-1,
868,870,871,-1,
869,870,868,-1,
871,872,873,-1,
870,872,871,-1,
873,874,875,-1,
872,874,873,-1,
875,876,877,-1,
874,876,875,-1,
877,878,879,-1,
876,878,877,-1,
879,880,881,-1,
878,880,879,-1,
881,882,883,-1,
880,882,881,-1,
883,884,885,-1,
882,884,883,-1,
885,886,887,-1,
884,886,885,-1,
887,888,889,-1,
886,888,887,-1,
889,890,891,-1,
888,890,889,-1,
891,892,893,-1,
890,892,891,-1,
892,894,893,-1,
893,894,895,-1,
894,896,895,-1,
895,896,897,-1,
896,898,897,-1,
897,898,899,-1,
898,900,899,-1,
899,900,901,-1,
900,902,901,-1,
901,902,903,-1,
903,904,905,-1,
902,904,903,-1,
905,906,907,-1,
904,906,905,-1,
908,909,910,-1,
911,912,910,-1,
913,910,912,-1,
914,911,910,-1,
915,910,913,-1,
916,914,910,-1,
917,910,915,-1,
918,916,910,-1,
919,910,917,-1,
920,918,910,-1,
921,910,919,-1,
922,920,910,-1,
923,910,921,-1,
924,922,910,-1,
925,910,923,-1,
926,924,910,-1,
927,910,925,-1,
928,926,910,-1,
929,910,927,-1,
930,928,910,-1,
931,910,929,-1,
932,930,910,-1,
933,910,931,-1,
934,932,910,-1,
935,910,933,-1,
936,934,910,-1,
937,910,935,-1,
938,936,910,-1,
939,910,937,-1,
940,938,910,-1,
941,910,939,-1,
942,940,910,-1,
943,910,941,-1,
944,910,943,-1,
945,910,944,-1,
945,908,910,-1,
946,908,945,-1,
947,908,946,-1,
948,908,947,-1,
949,908,948,-1,
950,908,949,-1,
951,908,950,-1,
952,908,951,-1,
953,908,952,-1,
954,908,953,-1,
955,908,954,-1,
956,908,955,-1,
957,908,956,-1,
958,908,957,-1,
959,908,958,-1,
960,908,959,-1,
961,908,960,-1,
962,908,961,-1,
963,908,962,-1,
964,908,963,-1,
965,908,964,-1,
966,908,965,-1,
967,908,966,-1,
968,908,967,-1,
969,970,971,-1,
969,972,970,-1,
969,973,972,-1,
969,974,973,-1,
969,975,974,-1,
969,976,975,-1,
969,977,976,-1,
969,978,977,-1,
969,979,978,-1,
969,980,979,-1,
969,981,980,-1,
969,982,981,-1,
969,983,982,-1,
969,984,983,-1,
969,985,984,-1,
969,986,985,-1,
969,987,986,-1,
969,988,987,-1,
969,989,988,-1,
969,990,989,-1,
969,991,990,-1,
969,992,991,-1,
969,993,992,-1,
969,994,993,-1,
969,995,994,-1,
969,996,995,-1,
969,997,996,-1,
969,998,997,-1,
969,999,998,-1,
969,1000,999,-1,
969,1001,1002,-1,
969,1003,1001,-1,
969,1004,1003,-1,
969,1005,1004,-1,
969,971,1005,-1,
1006,969,1002,-1,
1006,1007,1008,-1,
1006,1009,1007,-1,
1006,1010,1009,-1,
1006,1011,1010,-1,
1006,1012,1011,-1,
1006,1013,1012,-1,
1006,1014,1013,-1,
1006,1015,1014,-1,
1006,1016,1015,-1,
1006,1017,1016,-1,
1006,1018,1017,-1,
1006,1019,1018,-1,
1006,1020,1019,-1,
1006,1021,1020,-1,
1006,1022,1021,-1,
1006,1023,1022,-1,
1006,1024,1023,-1,
1006,1025,1024,-1,
1006,1026,1025,-1,
1006,1002,1026,-1,
1027,1028,969,-1,
1029,969,1030,-1,
1031,1030,969,-1,
1032,969,1029,-1,
1033,1031,969,-1,
1034,969,1032,-1,
1034,1027,969,-1,
1035,1033,969,-1,
1036,1027,1034,-1,
1037,1035,969,-1,
1038,1027,1036,-1,
1039,1027,1038,-1,
1040,1027,1039,-1,
1041,1027,1040,-1,
1042,1027,1041,-1,
1043,1027,1042,-1,
1044,1027,1043,-1,
1045,1027,1044,-1,
1046,1006,1047,-1,
1046,969,1006,-1,
1046,1037,969,-1,
1048,1027,1045,-1,
1049,1027,1048,-1,
1050,1027,1049,-1,
1051,1046,1052,-1,
1051,1052,1053,-1,
1054,1055,1027,-1,
1054,1027,1050,-1,
1056,1051,1057,-1,
1058,1056,1059,-1,
1058,1046,1051,-1,
1058,1051,1056,-1,
1060,1058,1061,-1,
1060,1061,1062,-1,
1060,1046,1058,-1,
1063,1037,1046,-1,
1064,1060,1065,-1,
1066,1063,1046,-1,
1067,1060,1064,-1,
1068,1066,1046,-1,
1069,1060,1067,-1,
1070,1060,1069,-1,
1070,1069,1071,-1,
1070,1072,1068,-1,
1070,1046,1060,-1,
1070,1068,1046,-1,
1073,1074,1075,-1,
1073,1075,1055,-1,
1073,1055,1054,-1,
1076,1073,1054,-1,
1077,1078,1079,-1,
1077,1079,1076,-1,
1080,1081,1082,-1,
1083,1084,1085,-1,
1086,1083,1085,-1,
1087,1088,1082,-1,
1089,1082,1088,-1,
1090,1087,1082,-1,
1091,1082,1089,-1,
1092,1090,1082,-1,
1093,1082,1091,-1,
1094,1092,1082,-1,
1095,1082,1093,-1,
1096,1094,1082,-1,
1097,1082,1095,-1,
1098,1096,1082,-1,
1099,1082,1097,-1,
1100,1098,1082,-1,
1101,1082,1099,-1,
1102,1100,1082,-1,
1103,1082,1101,-1,
1104,1102,1082,-1,
1105,1082,1103,-1,
1106,1104,1082,-1,
1107,1082,1105,-1,
1108,1082,1107,-1,
1109,1082,1108,-1,
1110,1080,1082,-1,
1110,1082,1109,-1,
1111,1080,1110,-1,
1112,1080,1111,-1,
1113,1080,1112,-1,
1114,1080,1113,-1,
1115,1080,1114,-1,
1116,1080,1115,-1,
1117,1080,1116,-1,
1118,1080,1117,-1,
1119,1080,1118,-1,
1120,1080,1119,-1,
1121,1080,1120,-1,
1122,1080,1121,-1,
1123,1080,1122,-1,
1124,1080,1123,-1,
1125,1080,1124,-1,
1126,1080,1125,-1,
1127,1080,1126,-1,
1128,1080,1127,-1,
1129,1080,1128,-1,
1130,1080,1129,-1,
1131,1080,1130,-1,
1132,1080,1131,-1,
1133,1080,1132,-1,
1134,1080,1133,-1,
1135,1080,1134,-1,
1136,1080,1135,-1,
1137,1080,1136,-1,
1138,1080,1137,-1,
1139,1080,1138,-1,
1140,1080,1139,-1,
1141,1080,1140,-1,
1142,1080,1141,-1,
1143,1144,1145,-1,
1143,1146,1147,-1,
1143,1148,1146,-1,
1143,1149,1148,-1,
1143,1150,1149,-1,
1143,1151,1150,-1,
1143,1152,1151,-1,
1143,1153,1152,-1,
1143,1154,1153,-1,
1143,1155,1154,-1,
1143,1156,1155,-1,
1143,1157,1156,-1,
1143,1158,1157,-1,
1143,1159,1158,-1,
1143,1160,1159,-1,
1143,1161,1160,-1,
1143,1162,1161,-1,
1143,1163,1162,-1,
1143,1164,1163,-1,
1143,1165,1164,-1,
1143,1166,1165,-1,
1143,1167,1166,-1,
1143,1168,1167,-1,
1143,1169,1168,-1,
1143,1170,1169,-1,
1143,1171,1170,-1,
1143,1172,1171,-1,
1143,1173,1172,-1,
1143,1174,1173,-1,
1143,1175,1174,-1,
1143,1176,1175,-1,
1143,1177,1176,-1,
1143,1178,1177,-1,
1143,1179,1178,-1,
1143,1180,1179,-1,
1143,1181,1180,-1,
1182,1145,1086,-1,
1182,1085,1077,-1,
1182,1076,1054,-1,
1182,1086,1085,-1,
1182,1077,1076,-1,
1183,1145,1182,-1,
1184,1145,1183,-1,
1185,1145,1184,-1,
1186,1145,1185,-1,
1187,1145,1186,-1,
1188,1145,1187,-1,
1189,1145,1188,-1,
1190,1145,1189,-1,
1191,1145,1190,-1,
1192,1145,1191,-1,
1193,1145,1192,-1,
1194,1145,1193,-1,
1195,1145,1194,-1,
1195,1143,1145,-1,
1196,1143,1195,-1,
1197,1143,1196,-1,
1198,1143,1197,-1,
1199,1143,1198,-1,
1200,1143,1199,-1,
1201,1143,1200,-1,
1202,1143,1201,-1,
1203,1204,1205,-1,
1206,1203,1207,-1,
1208,1206,1209,-1,
1210,1203,1206,-1,
1210,1206,1208,-1,
1211,1203,1210,-1,
1212,1203,1211,-1,
1212,1211,1213,-1,
1214,1203,1212,-1,
1215,1214,1216,-1,
1215,1204,1203,-1,
1215,1203,1214,-1,
1217,1204,1215,-1,
1218,1219,1220,-1,
1218,1220,1221,-1,
1222,1219,1218,-1,
1223,1217,1219,-1,
1223,1143,1202,-1,
1223,1219,1222,-1,
1223,1204,1217,-1,
1223,1202,1204,-1,
1224,1225,1181,-1,
1224,1226,1225,-1,
1224,1227,1226,-1,
1224,1228,1227,-1,
1224,1229,1228,-1,
1224,1230,1229,-1,
1224,1231,1230,-1,
1224,1232,1231,-1,
1224,1233,1232,-1,
1224,1234,1233,-1,
1224,1235,1234,-1,
1224,1236,1235,-1,
1224,1237,1236,-1,
1224,1238,1237,-1,
1224,1239,1238,-1,
1224,1181,1143,-1,
1224,1240,1239,-1,
1224,1143,1223,-1,
1241,1224,1223,-1,
1082,1143,1242,-1,
1242,1143,1243,-1,
1243,1143,1244,-1,
1244,1143,1245,-1,
1245,1143,1246,-1,
1246,1143,1247,-1,
1247,1143,1248,-1,
1248,1143,1147,-1,
1082,1242,1249,-1,
1082,1249,1250,-1,
1082,1250,1251,-1,
1082,1251,1252,-1,
1082,1252,1253,-1,
1082,1253,1106,-1,
969,908,1254,-1,
1254,908,1255,-1,
1255,908,1256,-1,
1256,908,1257,-1,
1257,908,1258,-1,
1258,908,1259,-1,
1259,908,968,-1,
969,1254,1260,-1,
969,1260,1261,-1,
969,1261,1262,-1,
969,1262,1263,-1,
969,1263,1264,-1,
969,1264,1265,-1,
969,1265,1000,-1,
910,1006,942,-1,
942,1006,1008,-1,
1224,1080,1266,-1,
1266,1080,1267,-1,
1267,1080,1142,-1,
1224,1266,1268,-1,
1224,1268,1269,-1,
1224,1269,1270,-1,
1224,1270,1271,-1,
1224,1271,1240,-1,
1272,1273,1274,-1,
1275,1272,1274,-1,
1275,1274,1276,-1,
1277,1275,1276,-1,
1277,1276,1278,-1,
1279,1277,1278,-1,
1279,1278,1280,-1,
1281,1279,1280,-1,
1281,1280,1282,-1,
1283,1281,1282,-1,
1283,1282,1284,-1,
1285,1283,1284,-1,
1285,1284,1286,-1,
1287,1285,1286,-1,
1287,1286,1288,-1,
1289,1287,1288,-1,
1289,1288,1290,-1,
1291,1289,1290,-1,
1291,1290,1292,-1,
1293,1291,1292,-1,
1293,1292,1294,-1,
1295,1293,1294,-1,
1295,1294,1296,-1,
1297,1295,1296,-1,
1297,1296,1298,-1,
1299,1298,1300,-1,
1299,1297,1298,-1,
1301,1300,1302,-1,
1301,1299,1300,-1,
1303,1302,1304,-1,
1303,1301,1302,-1,
1305,1304,1306,-1,
1305,1303,1304,-1,
1307,1305,1306,-1,
1307,1306,1308,-1,
1309,1307,1308,-1,
1309,1308,1310,-1,
1311,1309,1310,-1,
1311,1310,1312,-1,
1313,1311,1312,-1,
1313,1312,1314,-1,
1315,1313,1314,-1,
1315,1314,1316,-1,
1317,1315,1316,-1,
1317,1316,1318,-1,
1319,1317,1318,-1,
1319,1318,1320,-1,
1321,1319,1320,-1,
1321,1320,1322,-1,
1323,1321,1322,-1,
1323,1322,1324,-1,
1325,1323,1324,-1,
1325,1324,1326,-1,
1327,1325,1326,-1,
1327,1326,1328,-1,
1329,1327,1328,-1,
1329,1328,1330,-1,
1331,1329,1330,-1,
1331,1330,1332,-1,
1333,1331,1332,-1,
1333,1332,1334,-1,
1335,1333,1334,-1,
1335,1334,1336,-1,
1337,1336,1338,-1,
1337,1335,1336,-1,
1339,1338,1340,-1,
1339,1337,1338,-1,
1341,1340,1342,-1,
1341,1339,1340,-1,
1343,1342,1344,-1,
1343,1341,1342,-1,
1345,1344,1346,-1,
1345,1343,1344,-1,
1347,1346,1348,-1,
1347,1345,1346,-1,
1349,1348,1350,-1,
1349,1347,1348,-1,
1351,1350,1352,-1,
1351,1349,1350,-1,
1353,1352,1354,-1,
1353,1351,1352,-1,
1355,1354,1356,-1,
1355,1353,1354,-1,
1357,1355,1356,-1,
1357,1356,1358,-1,
1359,1357,1358,-1,
1359,1358,1360,-1,
1361,1359,1360,-1,
1361,1360,1362,-1,
1363,1361,1362,-1,
1363,1362,1364,-1,
1365,1364,1366,-1,
1365,1363,1364,-1,
1367,1366,1368,-1,
1367,1365,1366,-1,
1369,1368,1370,-1,
1369,1367,1368,-1,
1371,1370,1372,-1,
1371,1369,1370,-1,
1373,1372,1374,-1,
1373,1371,1372,-1,
1375,1374,1376,-1,
1375,1373,1374,-1,
1377,1376,1378,-1,
1377,1375,1376,-1,
1379,1378,1380,-1,
1379,1377,1378,-1,
1381,1380,1382,-1,
1381,1379,1380,-1,
1383,1382,1384,-1,
1383,1381,1382,-1,
1385,1384,1386,-1,
1385,1383,1384,-1,
1387,1386,1388,-1,
1387,1385,1386,-1,
1389,1388,1390,-1,
1389,1387,1388,-1,
1391,1390,1392,-1,
1391,1389,1390,-1,
1393,1392,1394,-1,
1393,1391,1392,-1,
1395,1393,1394,-1,
1395,1394,1396,-1,
1397,1395,1396,-1,
1397,1396,1398,-1,
1399,1397,1398,-1,
1399,1398,1400,-1,
1401,1402,1403,-1,
1401,1404,1402,-1,
1401,1405,1404,-1,
1406,1407,1408,-1,
1406,1403,1407,-1,
1406,1401,1403,-1,
1409,1410,1411,-1,
1409,1411,1412,-1,
1409,1412,1413,-1,
1409,1413,1405,-1,
1409,1405,1401,-1,
1414,1415,1416,-1,
1414,1408,1415,-1,
1414,1406,1408,-1,
1417,1418,1419,-1,
1417,1419,1410,-1,
1417,1409,1401,-1,
1417,1410,1409,-1,
1417,1401,1406,-1,
1420,1421,1422,-1,
1420,1416,1421,-1,
1420,1414,1416,-1,
1423,1424,1425,-1,
1423,1425,1418,-1,
1423,1417,1406,-1,
1423,1418,1417,-1,
1423,1406,1414,-1,
1426,1420,1422,-1,
1426,1427,1428,-1,
1426,1422,1427,-1,
1429,1414,1420,-1,
1429,1430,1431,-1,
1429,1431,1424,-1,
1429,1424,1423,-1,
1429,1423,1414,-1,
1432,1433,1434,-1,
1432,1428,1433,-1,
1432,1426,1428,-1,
1435,1429,1420,-1,
1435,1420,1426,-1,
1435,1436,1437,-1,
1435,1437,1430,-1,
1435,1430,1429,-1,
1438,1432,1434,-1,
1438,1439,1440,-1,
1438,1434,1439,-1,
1441,1442,1443,-1,
1441,1443,1436,-1,
1441,1426,1432,-1,
1441,1436,1435,-1,
1441,1435,1426,-1,
1444,1445,1446,-1,
1444,1440,1445,-1,
1444,1438,1440,-1,
1447,1432,1438,-1,
1447,1448,1449,-1,
1447,1449,1442,-1,
1447,1441,1432,-1,
1447,1442,1441,-1,
1450,1444,1446,-1,
1450,1451,1452,-1,
1450,1446,1451,-1,
1453,1447,1438,-1,
1453,1454,1455,-1,
1453,1455,1448,-1,
1453,1448,1447,-1,
1453,1438,1444,-1,
1456,1457,1458,-1,
1456,1452,1457,-1,
1456,1450,1452,-1,
1459,1460,1461,-1,
1459,1461,1454,-1,
1459,1444,1450,-1,
1459,1454,1453,-1,
1459,1453,1444,-1,
1462,1463,1464,-1,
1462,1458,1463,-1,
1462,1456,1458,-1,
1465,1466,1467,-1,
1465,1467,1460,-1,
1465,1450,1456,-1,
1465,1460,1459,-1,
1465,1459,1450,-1,
1468,1462,1464,-1,
1468,1469,1470,-1,
1468,1464,1469,-1,
1471,1465,1456,-1,
1471,1472,1473,-1,
1471,1473,1466,-1,
1471,1456,1462,-1,
1471,1466,1465,-1,
1474,1468,1470,-1,
1474,1475,1476,-1,
1474,1470,1475,-1,
1477,1478,1479,-1,
1477,1479,1472,-1,
1477,1471,1462,-1,
1477,1472,1471,-1,
1477,1462,1468,-1,
1480,1481,1482,-1,
1480,1476,1481,-1,
1480,1474,1476,-1,
1483,1477,1468,-1,
1483,1478,1477,-1,
1483,1484,1485,-1,
1483,1485,1478,-1,
1483,1468,1474,-1,
1486,1487,1488,-1,
1486,1480,1482,-1,
1486,1489,1487,-1,
1486,1490,1489,-1,
1486,1482,1490,-1,
1491,1492,1493,-1,
1491,1493,1484,-1,
1491,1483,1474,-1,
1491,1484,1483,-1,
1491,1474,1480,-1,
1494,1488,1495,-1,
1494,1495,1496,-1,
1494,1496,1492,-1,
1494,1491,1480,-1,
1494,1480,1486,-1,
1494,1486,1488,-1,
1494,1492,1491,-1,
1497,1498,1499,-1,
1500,1501,1502,-1,
1503,1500,1502,-1,
1504,1497,1505,-1,
1504,1505,1506,-1,
1507,1508,1503,-1,
1509,1510,1507,-1,
1511,1509,1507,-1,
1512,1504,1513,-1,
1512,1513,1514,-1,
1512,1514,1515,-1,
1516,1517,1511,-1,
1518,1512,1519,-1,
1520,1521,1522,-1,
1520,1522,1516,-1,
1523,1518,1524,-1,
1523,1524,1525,-1,
1523,1525,1526,-1,
1523,1512,1518,-1,
1527,1528,1520,-1,
1529,1523,1530,-1,
1531,1532,1527,-1,
1533,1529,1534,-1,
1535,1536,1537,-1,
1535,1537,1531,-1,
1538,1529,1533,-1,
1538,1533,1539,-1,
1540,1541,1542,-1,
1543,1544,1545,-1,
1543,1545,1546,-1,
1547,1548,1540,-1,
1549,1544,1543,-1,
1549,1538,1544,-1,
1550,1551,1547,-1,
1552,1549,1553,-1,
1552,1553,1554,-1,
1555,1549,1552,-1,
1556,1557,1558,-1,
1559,1547,1540,-1,
1559,1558,1550,-1,
1559,1550,1547,-1,
1559,1542,1535,-1,
1559,1556,1558,-1,
1559,1540,1542,-1,
1560,1561,1562,-1,
1560,1562,1559,-1,
1563,1564,1565,-1,
1563,1565,1566,-1,
1563,1566,1567,-1,
1568,1569,1570,-1,
1571,1572,1573,-1,
1574,1564,1563,-1,
1574,1555,1564,-1,
1574,1572,1571,-1,
1574,1563,1572,-1,
1575,1531,1527,-1,
1575,1535,1531,-1,
1575,1576,1568,-1,
1575,1570,1560,-1,
1575,1559,1535,-1,
1575,1520,1516,-1,
1575,1560,1559,-1,
1575,1516,1511,-1,
1575,1568,1570,-1,
1575,1527,1520,-1,
1577,1578,1575,-1,
1579,1575,1511,-1,
1579,1503,1502,-1,
1579,1507,1503,-1,
1579,1577,1575,-1,
1579,1511,1507,-1,
1580,1581,1579,-1,
1582,1583,1584,-1,
1582,1584,1585,-1,
1586,1583,1582,-1,
1587,1588,1580,-1,
1589,1590,1587,-1,
1589,1580,1579,-1,
1589,1587,1580,-1,
1589,1498,1497,-1,
1589,1502,1498,-1,
1589,1497,1504,-1,
1589,1504,1512,-1,
1589,1579,1502,-1,
1589,1512,1523,-1,
1591,1586,1592,-1,
1591,1592,1593,-1,
1594,1583,1586,-1,
1594,1595,1596,-1,
1594,1596,1583,-1,
1594,1586,1591,-1,
1597,1595,1594,-1,
1598,1599,1600,-1,
1598,1600,1589,-1,
1601,1602,1603,-1,
1601,1603,1598,-1,
1601,1589,1523,-1,
1601,1598,1589,-1,
1601,1523,1529,-1,
1604,1605,1606,-1,
1604,1606,1607,-1,
1604,1597,1605,-1,
1608,1609,1610,-1,
1608,1610,1601,-1,
1611,1604,1612,-1,
1611,1612,1613,-1,
1614,1601,1529,-1,
1614,1529,1538,-1,
1614,1608,1601,-1,
1615,1611,1616,-1,
1617,1618,1619,-1,
1617,1619,1620,-1,
1617,1620,1614,-1,
1621,1615,1622,-1,
1621,1622,1623,-1,
1621,1623,1624,-1,
1621,1595,1597,-1,
1621,1538,1549,-1,
1621,1604,1611,-1,
1621,1597,1604,-1,
1621,1549,1555,-1,
1621,1614,1538,-1,
1621,1617,1614,-1,
1621,1611,1615,-1,
1621,1555,1574,-1,
1621,1574,1595,-1,
1625,1626,1627,-1,
1628,1629,1630,-1,
1631,1628,1630,-1,
1632,1625,1633,-1,
1632,1633,1634,-1,
1635,1636,1631,-1,
1637,1638,1635,-1,
1639,1637,1635,-1,
1640,1632,1641,-1,
1640,1641,1642,-1,
1640,1642,1643,-1,
1644,1645,1639,-1,
1646,1640,1647,-1,
1648,1649,1644,-1,
1648,1650,1649,-1,
1651,1646,1652,-1,
1651,1652,1653,-1,
1651,1653,1654,-1,
1651,1640,1646,-1,
1655,1656,1648,-1,
1657,1651,1658,-1,
1659,1660,1655,-1,
1661,1657,1662,-1,
1663,1664,1665,-1,
1663,1665,1659,-1,
1666,1661,1667,-1,
1666,1657,1661,-1,
1668,1669,1670,-1,
1671,1672,1673,-1,
1671,1673,1674,-1,
1675,1676,1668,-1,
1677,1666,1672,-1,
1677,1672,1671,-1,
1678,1679,1675,-1,
1680,1677,1681,-1,
1680,1681,1682,-1,
1683,1677,1680,-1,
1684,1685,1686,-1,
1687,1675,1668,-1,
1687,1668,1670,-1,
1687,1678,1675,-1,
1687,1684,1686,-1,
1687,1686,1678,-1,
1687,1670,1663,-1,
1688,1689,1690,-1,
1688,1690,1687,-1,
1691,1692,1693,-1,
1691,1693,1694,-1,
1691,1694,1695,-1,
1696,1697,1698,-1,
1699,1700,1701,-1,
1702,1683,1692,-1,
1702,1691,1700,-1,
1702,1700,1699,-1,
1702,1692,1691,-1,
1703,1659,1655,-1,
1703,1688,1687,-1,
1703,1687,1663,-1,
1703,1696,1698,-1,
1703,1644,1639,-1,
1703,1704,1696,-1,
1703,1698,1688,-1,
1703,1663,1659,-1,
1703,1648,1644,-1,
1703,1655,1648,-1,
1705,1706,1703,-1,
1707,1631,1630,-1,
1707,1705,1703,-1,
1707,1635,1631,-1,
1707,1639,1635,-1,
1707,1703,1639,-1,
1708,1709,1707,-1,
1710,1711,1712,-1,
1710,1712,1713,-1,
1714,1711,1710,-1,
1715,1716,1708,-1,
1717,1715,1708,-1,
1717,1630,1626,-1,
1717,1626,1625,-1,
1717,1625,1632,-1,
1717,1718,1715,-1,
1717,1632,1640,-1,
1717,1708,1707,-1,
1717,1640,1651,-1,
1717,1707,1630,-1,
1719,1714,1720,-1,
1719,1720,1721,-1,
1722,1714,1719,-1,
1722,1711,1714,-1,
1722,1723,1724,-1,
1722,1724,1711,-1,
1725,1723,1722,-1,
1726,1727,1728,-1,
1726,1728,1717,-1,
1729,1717,1651,-1,
1729,1730,1731,-1,
1729,1731,1726,-1,
1729,1726,1717,-1,
1729,1651,1657,-1,
1732,1725,1733,-1,
1732,1733,1734,-1,
1732,1734,1735,-1,
1736,1737,1738,-1,
1736,1738,1729,-1,
1739,1732,1740,-1,
1739,1740,1741,-1,
1742,1657,1666,-1,
1742,1729,1657,-1,
1742,1736,1729,-1,
1743,1739,1744,-1,
1745,1746,1747,-1,
1745,1747,1748,-1,
1745,1748,1742,-1,
1749,1666,1677,-1,
1749,1677,1683,-1,
1749,1723,1725,-1,
1749,1702,1723,-1,
1749,1743,1750,-1,
1749,1725,1732,-1,
1749,1750,1751,-1,
1749,1751,1752,-1,
1749,1742,1666,-1,
1749,1745,1742,-1,
1749,1739,1743,-1,
1749,1683,1702,-1,
1749,1732,1739,-1,
1753,1754,1755,-1,
1753,1756,1754,-1,
1753,1757,1756,-1,
1758,1759,1760,-1,
1758,1755,1759,-1,
1758,1753,1755,-1,
1761,1762,1757,-1,
1761,1763,1764,-1,
1761,1764,1765,-1,
1761,1757,1753,-1,
1761,1765,1762,-1,
1766,1767,1768,-1,
1766,1760,1767,-1,
1766,1758,1760,-1,
1769,1753,1758,-1,
1769,1770,1771,-1,
1769,1771,1763,-1,
1769,1763,1761,-1,
1769,1761,1753,-1,
1772,1773,1774,-1,
1772,1768,1773,-1,
1772,1766,1768,-1,
1775,1770,1769,-1,
1775,1758,1766,-1,
1775,1776,1777,-1,
1775,1777,1770,-1,
1775,1769,1758,-1,
1778,1772,1774,-1,
1778,1779,1780,-1,
1778,1774,1779,-1,
1781,1766,1772,-1,
1781,1776,1775,-1,
1781,1782,1783,-1,
1781,1783,1776,-1,
1781,1775,1766,-1,
1784,1785,1786,-1,
1784,1780,1785,-1,
1784,1778,1780,-1,
1787,1772,1778,-1,
1787,1788,1789,-1,
1787,1789,1782,-1,
1787,1782,1781,-1,
1787,1781,1772,-1,
1790,1791,1792,-1,
1790,1786,1791,-1,
1790,1784,1786,-1,
1793,1788,1787,-1,
1793,1778,1784,-1,
1793,1787,1778,-1,
1793,1794,1795,-1,
1793,1795,1788,-1,
1796,1797,1798,-1,
1796,1792,1797,-1,
1796,1790,1792,-1,
1799,1793,1784,-1,
1799,1794,1793,-1,
1799,1784,1790,-1,
1799,1800,1801,-1,
1799,1801,1794,-1,
1802,1803,1804,-1,
1802,1798,1803,-1,
1802,1796,1798,-1,
1805,1799,1790,-1,
1805,1806,1807,-1,
1805,1807,1800,-1,
1805,1800,1799,-1,
1805,1790,1796,-1,
1808,1809,1810,-1,
1808,1804,1809,-1,
1808,1802,1804,-1,
1811,1796,1802,-1,
1811,1806,1805,-1,
1811,1805,1796,-1,
1811,1812,1813,-1,
1811,1813,1806,-1,
1814,1815,1816,-1,
1814,1810,1815,-1,
1814,1808,1810,-1,
1817,1811,1802,-1,
1817,1802,1808,-1,
1817,1818,1819,-1,
1817,1819,1812,-1,
1817,1812,1811,-1,
1820,1821,1822,-1,
1820,1816,1821,-1,
1820,1814,1816,-1,
1823,1817,1808,-1,
1823,1818,1817,-1,
1823,1824,1825,-1,
1823,1825,1818,-1,
1823,1808,1814,-1,
1826,1827,1828,-1,
1826,1822,1827,-1,
1826,1820,1822,-1,
1829,1830,1831,-1,
1829,1831,1824,-1,
1829,1824,1823,-1,
1829,1814,1820,-1,
1829,1823,1814,-1,
1832,1833,1834,-1,
1832,1828,1833,-1,
1832,1826,1828,-1,
1835,1829,1820,-1,
1835,1836,1837,-1,
1835,1837,1830,-1,
1835,1830,1829,-1,
1835,1820,1826,-1,
1838,1839,1840,-1,
1838,1841,1839,-1,
1838,1834,1841,-1,
1838,1832,1834,-1,
1842,1835,1826,-1,
1842,1826,1832,-1,
1842,1836,1835,-1,
1842,1843,1844,-1,
1842,1844,1836,-1,
1845,1832,1838,-1,
1845,1843,1842,-1,
1845,1840,1846,-1,
1845,1846,1847,-1,
1845,1847,1848,-1,
1845,1848,1843,-1,
1845,1838,1840,-1,
1845,1842,1832,-1,
1849,1850,1851,-1,
1852,1849,1851,-1,
1852,1851,1853,-1,
1854,1852,1853,-1,
1854,1853,1855,-1,
1856,1854,1855,-1,
1856,1855,1857,-1,
1858,1856,1857,-1,
1858,1857,1859,-1,
1860,1858,1859,-1,
1860,1859,1861,-1,
1862,1860,1861,-1,
1862,1861,1863,-1,
1864,1862,1863,-1,
1864,1863,1865,-1,
1866,1864,1865,-1,
1866,1865,1867,-1,
1868,1866,1867,-1,
1868,1867,1869,-1,
1870,1868,1869,-1,
1870,1869,1871,-1,
1872,1870,1871,-1,
1872,1871,1873,-1,
1874,1872,1873,-1,
1874,1873,1875,-1,
1876,1875,1877,-1,
1876,1874,1875,-1,
1878,1877,1879,-1,
1878,1876,1877,-1,
1880,1879,1881,-1,
1880,1878,1879,-1,
1882,1881,1883,-1,
1882,1880,1881,-1,
1884,1882,1883,-1,
1884,1883,1885,-1,
1886,1884,1885,-1,
1886,1885,1887,-1,
1888,1886,1887,-1,
1888,1887,1889,-1,
1890,1888,1889,-1,
1890,1889,1891,-1,
1892,1890,1891,-1,
1892,1891,1893,-1,
1894,1892,1893,-1,
1894,1893,1895,-1,
1896,1894,1895,-1,
1896,1895,1897,-1,
1898,1896,1897,-1,
1898,1897,1899,-1,
1900,1898,1899,-1,
1900,1899,1901,-1,
1902,1900,1901,-1,
1902,1901,1903,-1,
1904,1902,1903,-1,
1904,1903,1905,-1,
1906,1904,1905,-1,
1906,1905,1907,-1,
1908,1906,1907,-1,
1908,1907,1909,-1,
1910,1908,1909,-1,
1910,1909,1911,-1,
1912,1910,1911,-1,
1912,1911,1913,-1,
1914,1913,1915,-1,
1914,1912,1913,-1,
1916,1915,1917,-1,
1916,1914,1915,-1,
1918,1917,1919,-1,
1918,1916,1917,-1,
1920,1919,1921,-1,
1920,1918,1919,-1,
1922,1921,1923,-1,
1922,1920,1921,-1,
1924,1923,1925,-1,
1924,1922,1923,-1,
1926,1925,1927,-1,
1926,1924,1925,-1,
1928,1927,1929,-1,
1928,1926,1927,-1,
1930,1929,1931,-1,
1930,1928,1929,-1,
1932,1931,1933,-1,
1932,1930,1931,-1,
1934,1932,1933,-1,
1934,1933,1935,-1,
1936,1934,1935,-1,
1936,1935,1937,-1,
1938,1936,1937,-1,
1938,1937,1939,-1,
1940,1938,1939,-1,
1940,1939,1941,-1,
1942,1941,1943,-1,
1942,1940,1941,-1,
1944,1943,1945,-1,
1944,1942,1943,-1,
1946,1945,1947,-1,
1946,1944,1945,-1,
1948,1947,1949,-1,
1948,1946,1947,-1,
1950,1949,1951,-1,
1950,1948,1949,-1,
1952,1951,1953,-1,
1952,1950,1951,-1,
1954,1953,1955,-1,
1954,1952,1953,-1,
1956,1955,1957,-1,
1956,1954,1955,-1,
1958,1957,1959,-1,
1958,1956,1957,-1,
1960,1959,1961,-1,
1960,1958,1959,-1,
1962,1961,1963,-1,
1962,1960,1961,-1,
1964,1963,1965,-1,
1964,1962,1963,-1,
1966,1965,1967,-1,
1966,1964,1965,-1,
1968,1967,1969,-1,
1968,1966,1967,-1,
1970,1969,1971,-1,
1970,1968,1969,-1,
1972,1970,1971,-1,
1972,1971,1973,-1,
1974,1972,1973,-1,
1974,1973,1975,-1,
1976,1974,1975,-1,
1976,1975,1977,-1,
1978,1979,1980,-1,
1978,1981,1979,-1,
1978,1982,1981,-1,
1983,1984,1985,-1,
1983,1980,1984,-1,
1983,1978,1980,-1,
1986,1987,1982,-1,
1986,1988,1989,-1,
1986,1989,1990,-1,
1986,1982,1978,-1,
1986,1990,1987,-1,
1991,1992,1993,-1,
1991,1985,1992,-1,
1991,1983,1985,-1,
1994,1978,1983,-1,
1994,1995,1996,-1,
1994,1996,1988,-1,
1994,1988,1986,-1,
1994,1986,1978,-1,
1997,1998,1999,-1,
1997,1993,1998,-1,
1997,1991,1993,-1,
2000,1995,1994,-1,
2000,1983,1991,-1,
2000,2001,2002,-1,
2000,2002,1995,-1,
2000,1994,1983,-1,
2003,1997,1999,-1,
2003,2004,2005,-1,
2003,1999,2004,-1,
2006,1991,1997,-1,
2006,2001,2000,-1,
2006,2007,2008,-1,
2006,2008,2001,-1,
2006,2000,1991,-1,
2009,2010,2011,-1,
2009,2005,2010,-1,
2009,2003,2005,-1,
2012,1997,2003,-1,
2012,2013,2014,-1,
2012,2014,2007,-1,
2012,2007,2006,-1,
2012,2006,1997,-1,
2015,2016,2017,-1,
2015,2011,2016,-1,
2015,2009,2011,-1,
2018,2013,2012,-1,
2018,2003,2009,-1,
2018,2012,2003,-1,
2018,2019,2020,-1,
2018,2020,2013,-1,
2021,2022,2023,-1,
2021,2017,2022,-1,
2021,2015,2017,-1,
2024,2018,2009,-1,
2024,2019,2018,-1,
2024,2009,2015,-1,
2024,2025,2026,-1,
2024,2026,2019,-1,
2027,2028,2029,-1,
2027,2023,2028,-1,
2027,2021,2023,-1,
2030,2024,2015,-1,
2030,2031,2032,-1,
2030,2032,2025,-1,
2030,2025,2024,-1,
2030,2015,2021,-1,
2033,2034,2035,-1,
2033,2029,2034,-1,
2033,2027,2029,-1,
2036,2021,2027,-1,
2036,2031,2030,-1,
2036,2030,2021,-1,
2036,2037,2038,-1,
2036,2038,2031,-1,
2039,2040,2041,-1,
2039,2035,2040,-1,
2039,2033,2035,-1,
2042,2036,2027,-1,
2042,2027,2033,-1,
2042,2043,2044,-1,
2042,2044,2037,-1,
2042,2037,2036,-1,
2045,2046,2047,-1,
2045,2041,2046,-1,
2045,2039,2041,-1,
2048,2042,2033,-1,
2048,2043,2042,-1,
2048,2049,2050,-1,
2048,2050,2043,-1,
2048,2033,2039,-1,
2051,2052,2053,-1,
2051,2047,2052,-1,
2051,2045,2047,-1,
2054,2055,2056,-1,
2054,2056,2049,-1,
2054,2049,2048,-1,
2054,2039,2045,-1,
2054,2048,2039,-1,
2057,2058,2059,-1,
2057,2053,2058,-1,
2057,2051,2053,-1,
2060,2054,2045,-1,
2060,2061,2062,-1,
2060,2062,2055,-1,
2060,2055,2054,-1,
2060,2045,2051,-1,
2063,2064,2065,-1,
2063,2066,2064,-1,
2063,2059,2066,-1,
2063,2057,2059,-1,
2067,2060,2051,-1,
2067,2051,2057,-1,
2067,2061,2060,-1,
2067,2068,2069,-1,
2067,2069,2061,-1,
2070,2057,2063,-1,
2070,2068,2067,-1,
2070,2065,2071,-1,
2070,2071,2072,-1,
2070,2072,2073,-1,
2070,2073,2068,-1,
2070,2063,2065,-1,
2070,2067,2057,-1,
2074,2075,2076,-1,
2074,2077,2075,-1,
2074,2078,2077,-1,
2079,2080,2081,-1,
2079,2076,2080,-1,
2079,2074,2076,-1,
2082,2083,2084,-1,
2082,2084,2085,-1,
2082,2085,2086,-1,
2082,2086,2078,-1,
2082,2078,2074,-1,
2087,2088,2089,-1,
2087,2081,2088,-1,
2087,2079,2081,-1,
2090,2091,2092,-1,
2090,2092,2083,-1,
2090,2082,2074,-1,
2090,2083,2082,-1,
2090,2074,2079,-1,
2093,2094,2095,-1,
2093,2089,2094,-1,
2093,2087,2089,-1,
2096,2097,2098,-1,
2096,2098,2091,-1,
2096,2090,2079,-1,
2096,2091,2090,-1,
2096,2079,2087,-1,
2099,2093,2095,-1,
2099,2100,2101,-1,
2099,2095,2100,-1,
2102,2087,2093,-1,
2102,2103,2104,-1,
2102,2104,2097,-1,
2102,2097,2096,-1,
2102,2096,2087,-1,
2105,2106,2107,-1,
2105,2101,2106,-1,
2105,2099,2101,-1,
2108,2102,2093,-1,
2108,2093,2099,-1,
2108,2109,2110,-1,
2108,2110,2103,-1,
2108,2103,2102,-1,
2111,2105,2107,-1,
2111,2112,2113,-1,
2111,2107,2112,-1,
2114,2115,2116,-1,
2114,2116,2109,-1,
2114,2099,2105,-1,
2114,2109,2108,-1,
2114,2108,2099,-1,
2117,2118,2119,-1,
2117,2113,2118,-1,
2117,2111,2113,-1,
2120,2105,2111,-1,
2120,2121,2122,-1,
2120,2122,2115,-1,
2120,2114,2105,-1,
2120,2115,2114,-1,
2123,2117,2119,-1,
2123,2124,2125,-1,
2123,2119,2124,-1,
2126,2120,2111,-1,
2126,2127,2128,-1,
2126,2128,2121,-1,
2126,2121,2120,-1,
2126,2111,2117,-1,
2129,2130,2131,-1,
2129,2125,2130,-1,
2129,2123,2125,-1,
2132,2133,2134,-1,
2132,2134,2127,-1,
2132,2117,2123,-1,
2132,2127,2126,-1,
2132,2126,2117,-1,
2135,2136,2137,-1,
2135,2131,2136,-1,
2135,2129,2131,-1,
2138,2139,2140,-1,
2138,2140,2133,-1,
2138,2123,2129,-1,
2138,2133,2132,-1,
2138,2132,2123,-1,
2141,2135,2137,-1,
2141,2142,2143,-1,
2141,2137,2142,-1,
2144,2138,2129,-1,
2144,2145,2146,-1,
2144,2146,2139,-1,
2144,2129,2135,-1,
2144,2139,2138,-1,
2147,2141,2143,-1,
2147,2148,2149,-1,
2147,2143,2148,-1,
2150,2151,2152,-1,
2150,2152,2145,-1,
2150,2144,2135,-1,
2150,2145,2144,-1,
2150,2135,2141,-1,
2153,2154,2155,-1,
2153,2149,2154,-1,
2153,2147,2149,-1,
2156,2150,2141,-1,
2156,2151,2150,-1,
2156,2157,2158,-1,
2156,2158,2151,-1,
2156,2141,2147,-1,
2156,2147,2153,-1,
2159,2160,2161,-1,
2159,2153,2155,-1,
2159,2162,2160,-1,
2159,2163,2162,-1,
2159,2155,2163,-1,
2164,2165,2166,-1,
2164,2166,2157,-1,
2164,2156,2153,-1,
2164,2157,2156,-1,
2167,2161,2168,-1,
2167,2168,2169,-1,
2167,2169,2165,-1,
2167,2164,2153,-1,
2167,2153,2159,-1,
2167,2159,2161,-1,
2167,2165,2164,-1,
2170,2171,2172,-1,
2173,2170,2172,-1,
2173,2172,2174,-1,
2175,2173,2174,-1,
2175,2174,2176,-1,
2177,2175,2176,-1,
2177,2176,2178,-1,
2179,2177,2178,-1,
2179,2178,2180,-1,
2181,2179,2180,-1,
2181,2180,2182,-1,
2183,2181,2182,-1,
2183,2182,2184,-1,
2185,2183,2184,-1,
2185,2184,2186,-1,
2187,2185,2186,-1,
2187,2186,2188,-1,
2189,2187,2188,-1,
2189,2188,2190,-1,
2191,2189,2190,-1,
2191,2190,2192,-1,
2193,2191,2192,-1,
2193,2192,2194,-1,
2195,2193,2194,-1,
2195,2194,2196,-1,
2197,2196,2198,-1,
2197,2195,2196,-1,
2199,2198,2200,-1,
2199,2197,2198,-1,
2201,2200,2202,-1,
2201,2199,2200,-1,
2203,2202,2204,-1,
2203,2201,2202,-1,
2205,2203,2204,-1,
2205,2204,2206,-1,
2207,2205,2206,-1,
2207,2206,2208,-1,
2209,2207,2208,-1,
2209,2208,2210,-1,
2211,2209,2210,-1,
2211,2210,2212,-1,
2213,2211,2212,-1,
2213,2212,2214,-1,
2215,2213,2214,-1,
2215,2214,2216,-1,
2217,2215,2216,-1,
2217,2216,2218,-1,
2219,2217,2218,-1,
2219,2218,2220,-1,
2221,2219,2220,-1,
2221,2220,2222,-1,
2223,2221,2222,-1,
2223,2222,2224,-1,
2225,2223,2224,-1,
2225,2224,2226,-1,
2227,2225,2226,-1,
2227,2226,2228,-1,
2229,2227,2228,-1,
2229,2228,2230,-1,
2231,2229,2230,-1,
2231,2230,2232,-1,
2233,2231,2232,-1,
2233,2232,2234,-1,
2235,2234,2236,-1,
2235,2233,2234,-1,
2237,2236,2238,-1,
2237,2235,2236,-1,
2239,2238,2240,-1,
2239,2237,2238,-1,
2241,2240,2242,-1,
2241,2239,2240,-1,
2243,2242,2244,-1,
2243,2241,2242,-1,
2245,2244,2246,-1,
2245,2243,2244,-1,
2247,2246,2248,-1,
2247,2245,2246,-1,
2249,2248,2250,-1,
2249,2247,2248,-1,
2251,2250,2252,-1,
2251,2249,2250,-1,
2253,2252,2254,-1,
2253,2251,2252,-1,
2255,2253,2254,-1,
2255,2254,2256,-1,
2257,2255,2256,-1,
2257,2256,2258,-1,
2259,2257,2258,-1,
2259,2258,2260,-1,
2261,2259,2260,-1,
2261,2260,2262,-1,
2263,2262,2264,-1,
2263,2261,2262,-1,
2265,2264,2266,-1,
2265,2263,2264,-1,
2267,2266,2268,-1,
2267,2265,2266,-1,
2269,2268,2270,-1,
2269,2267,2268,-1,
2271,2270,2272,-1,
2271,2269,2270,-1,
2273,2272,2274,-1,
2273,2271,2272,-1,
2275,2274,2276,-1,
2275,2273,2274,-1,
2277,2276,2278,-1,
2277,2275,2276,-1,
2279,2278,2280,-1,
2279,2277,2278,-1,
2281,2280,2282,-1,
2281,2279,2280,-1,
2283,2282,2284,-1,
2283,2281,2282,-1,
2285,2284,2286,-1,
2285,2283,2284,-1,
2287,2286,2288,-1,
2287,2285,2286,-1,
2289,2288,2290,-1,
2289,2287,2288,-1,
2291,2290,2292,-1,
2291,2289,2290,-1,
2293,2291,2292,-1,
2293,2292,2294,-1,
2295,2293,2294,-1,
2295,2294,2296,-1,
2297,2295,2296,-1,
2297,2296,2298,-1,
2299,2300,2301,-1,
2302,2299,2301,-1,
2302,2301,2303,-1,
2304,2302,2303,-1,
2304,2303,2305,-1,
2306,2304,2305,-1,
2306,2305,2307,-1,
2308,2306,2307,-1,
2308,2307,2309,-1,
2310,2308,2309,-1,
2310,2309,2311,-1,
2312,2310,2311,-1,
2312,2311,2313,-1,
2314,2312,2313,-1,
2314,2313,2315,-1,
2316,2314,2315,-1,
2316,2315,2317,-1,
2318,2316,2317,-1,
2318,2317,2319,-1,
2320,2318,2319,-1,
2320,2319,2321,-1,
2322,2320,2321,-1,
2322,2321,2323,-1,
2324,2322,2323,-1,
2324,2323,2325,-1,
2326,2325,2327,-1,
2326,2324,2325,-1,
2328,2327,2329,-1,
2328,2326,2327,-1,
2330,2329,2331,-1,
2330,2328,2329,-1,
2332,2331,2333,-1,
2332,2330,2331,-1,
2334,2332,2333,-1,
2334,2333,2335,-1,
2336,2334,2335,-1,
2336,2335,2337,-1,
2338,2336,2337,-1,
2338,2337,2339,-1,
2340,2338,2339,-1,
2340,2339,2341,-1,
2342,2340,2341,-1,
2342,2341,2343,-1,
2344,2342,2343,-1,
2344,2343,2345,-1,
2346,2344,2345,-1,
2346,2345,2347,-1,
2348,2346,2347,-1,
2348,2347,2349,-1,
2350,2348,2349,-1,
2350,2349,2351,-1,
2352,2350,2351,-1,
2352,2351,2353,-1,
2354,2352,2353,-1,
2354,2353,2355,-1,
2356,2354,2355,-1,
2356,2355,2357,-1,
2358,2356,2357,-1,
2358,2357,2359,-1,
2360,2358,2359,-1,
2360,2359,2361,-1,
2362,2360,2361,-1,
2362,2361,2363,-1,
2364,2363,2365,-1,
2364,2362,2363,-1,
2366,2365,2367,-1,
2366,2364,2365,-1,
2368,2367,2369,-1,
2368,2366,2367,-1,
2370,2369,2371,-1,
2370,2368,2369,-1,
2372,2371,2373,-1,
2372,2370,2371,-1,
2374,2373,2375,-1,
2374,2372,2373,-1,
2376,2375,2377,-1,
2376,2374,2375,-1,
2378,2377,2379,-1,
2378,2376,2377,-1,
2380,2379,2381,-1,
2380,2378,2379,-1,
2382,2381,2383,-1,
2382,2380,2381,-1,
2384,2382,2383,-1,
2384,2383,2385,-1,
2386,2384,2385,-1,
2386,2385,2387,-1,
2388,2386,2387,-1,
2388,2387,2389,-1,
2390,2388,2389,-1,
2390,2389,2391,-1,
2392,2391,2393,-1,
2392,2390,2391,-1,
2394,2393,2395,-1,
2394,2392,2393,-1,
2396,2395,2397,-1,
2396,2394,2395,-1,
2398,2397,2399,-1,
2398,2396,2397,-1,
2400,2399,2401,-1,
2400,2398,2399,-1,
2402,2401,2403,-1,
2402,2400,2401,-1,
2404,2403,2405,-1,
2404,2402,2403,-1,
2406,2405,2407,-1,
2406,2404,2405,-1,
2408,2407,2409,-1,
2408,2406,2407,-1,
2410,2409,2411,-1,
2410,2408,2409,-1,
2412,2411,2413,-1,
2412,2410,2411,-1,
2414,2413,2415,-1,
2414,2412,2413,-1,
2416,2415,2417,-1,
2416,2414,2415,-1,
2418,2417,2419,-1,
2418,2416,2417,-1,
2420,2419,2421,-1,
2420,2418,2419,-1,
2422,2420,2421,-1,
2422,2421,2423,-1,
2424,2422,2423,-1,
2424,2423,2425,-1,
2426,2424,2425,-1,
2426,2425,2427,-1,
2428,2429,2430,-1,
2431,2429,2428,-1,
2432,2433,2434,-1,
2432,2434,2435,-1,
2436,2433,2432,-1,
2437,2433,2436,-1,
2438,2436,2439,-1,
2438,2437,2436,-1,
2440,2437,2438,-1,
2441,2438,2439,-1,
2442,2443,2444,-1,
2445,2442,2444,-1,
2446,2445,2447,-1,
2446,2442,2445,-1,
2448,2449,2450,-1,
2451,2448,2450,-1,
2452,2448,2451,-1,
2453,2454,2455,-1,
2456,2454,2453,-1,
2457,2458,2459,-1,
2459,2458,2460,-1,
2461,2462,2463,-1,
2464,2461,2465,-1,
2464,2462,2461,-1,
2466,2467,2468,-1,
2466,2469,2470,-1,
2466,2470,2467,-1,
2471,2472,2473,-1,
2474,2475,2476,-1,
2474,2473,2475,-1,
2474,2471,2473,-1,
2477,2478,2479,-1,
2480,2479,2481,-1,
2480,2477,2479,-1,
2482,2483,2484,-1,
2485,2482,2484,-1,
2486,2485,2487,-1,
2486,2482,2485,-1,
2488,2489,2490,-1,
2488,2490,2491,-1,
2488,2491,2492,-1,
2493,2494,2495,-1,
2493,2495,2496,-1,
2497,2498,2499,-1,
2497,2499,2500,-1,
2501,2502,2503,-1,
2501,2503,2504,-1,
2505,2506,2507,-1,
2508,2506,2505,-1,
2509,2508,2505,-1,
2510,2511,2512,-1,
2510,2513,2511,-1,
2514,2515,2516,-1,
2517,2514,2516,-1,
2518,2519,2514,-1,
2518,2514,2517,-1,
2520,2521,2522,-1,
2520,2523,2524,-1,
2525,2520,2522,-1,
2525,2523,2520,-1,
2526,2527,2528,-1,
2529,2526,2528,-1,
2530,2531,2532,-1,
2530,2532,2533,-1,
2534,2535,2536,-1,
2534,2537,2535,-1,
2538,2539,2540,-1,
2541,2542,2538,-1,
2541,2538,2540,-1,
2543,2541,2540,-1,
2544,2543,2540,-1,
2545,2546,2543,-1,
2545,2543,2544,-1,
2547,2548,2549,-1,
2550,2548,2547,-1,
2551,2547,2552,-1,
2551,2550,2547,-1,
2553,2554,2550,-1,
2554,2548,2550,-1,
2555,2556,2557,-1,
2555,2557,2558,-1,
2559,2560,2561,-1,
2559,2561,2562,-1,
2563,2564,2565,-1,
2563,2565,2566,-1,
2567,2568,2569,-1,
2567,2569,2570,-1,
2571,2572,2573,-1,
2574,2571,2573,-1,
2575,2574,2573,-1,
2576,2577,2574,-1,
2576,2574,2575,-1,
2578,2575,2573,-1,
2579,2575,2578,-1,
2580,2581,2582,-1,
2580,2582,2583,-1,
2584,2580,2583,-1,
2585,2586,2587,-1,
2587,2586,2588,-1,
2589,2590,2591,-1,
2588,2590,2589,-1,
2586,2590,2588,-1,
2591,2592,2593,-1,
2590,2592,2591,-1,
2593,2594,2595,-1,
2592,2594,2593,-1,
2595,2596,2597,-1,
2594,2596,2595,-1,
2597,2598,2599,-1,
2596,2598,2597,-1,
2599,2600,2601,-1,
2598,2600,2599,-1,
2601,2602,2603,-1,
2600,2602,2601,-1,
2602,2604,2603,-1,
2603,2604,2605,-1,
2604,2606,2605,-1,
2605,2606,2607,-1,
2606,2608,2607,-1,
2607,2608,2609,-1,
2608,2610,2609,-1,
2609,2610,2611,-1,
2610,2612,2611,-1,
2611,2612,2613,-1,
2612,2614,2613,-1,
2613,2614,2615,-1,
2614,2616,2615,-1,
2615,2616,2617,-1,
2616,2618,2617,-1,
2617,2618,2619,-1,
2618,2620,2619,-1,
2619,2620,2621,-1,
2620,2622,2621,-1,
2621,2622,2623,-1,
2623,2624,2625,-1,
2622,2624,2623,-1,
2624,2626,2625,-1,
2625,2626,2627,-1,
2627,2628,2629,-1,
2626,2628,2627,-1,
2629,2630,2631,-1,
2628,2630,2629,-1,
2631,2632,2633,-1,
2630,2632,2631,-1,
2633,2634,2635,-1,
2632,2634,2633,-1,
2635,2636,2637,-1,
2634,2636,2635,-1,
2637,2638,2639,-1,
2636,2638,2637,-1,
2639,2640,2641,-1,
2638,2640,2639,-1,
2641,2642,2643,-1,
2640,2642,2641,-1,
2643,2644,2645,-1,
2642,2644,2643,-1,
2645,2646,2647,-1,
2644,2646,2645,-1,
2647,2648,2649,-1,
2646,2648,2647,-1,
2648,2650,2649,-1,
2651,2652,2653,-1,
2653,2652,2654,-1,
2655,2656,2657,-1,
2658,2656,2655,-1,
2659,2660,2661,-1,
2661,2660,2662,-1,
2663,2664,2665,-1,
2665,2664,2660,-1,
2660,2664,2662,-1,
2663,2666,2664,-1,
2666,2667,2664,-1,
2667,2668,2664,-1,
2666,2669,2667,-1,
2670,2671,2672,-1,
2671,2673,2672,-1,
2674,2675,2668,-1,
2670,2676,2671,-1,
2676,2677,2671,-1,
2676,2678,2677,-1,
2675,2679,2676,-1,
2674,2680,2675,-1,
2681,2682,2679,-1,
2676,2682,2678,-1,
2679,2682,2676,-1,
2676,2664,2675,-1,
2675,2664,2668,-1,
2683,2684,2685,-1,
2686,2684,2683,-1,
2687,2686,2688,-1,
2687,2684,2686,-1,
2689,2687,2688,-1,
2690,2684,2687,-1,
2691,2690,2687,-1,
2692,2693,2694,-1,
2692,2694,2695,-1,
2696,2697,2698,-1,
2696,2698,2699,-1,
2700,2701,2702,-1,
2700,2702,2703,-1,
2704,2705,2706,-1,
2704,2706,2707,-1,
2708,2709,2710,-1,
2711,2708,2712,-1,
2711,2712,2713,-1,
2714,2711,2715,-1,
2714,2708,2711,-1,
2714,2709,2708,-1,
2716,2717,2718,-1,
2716,2718,2719,-1,
2720,2721,2722,-1,
2722,2721,2723,-1,
2724,2725,2726,-1,
2727,2728,2725,-1,
2725,2728,2726,-1,
2728,2729,2726,-1,
2729,2730,2726,-1,
2731,2732,2729,-1,
2729,2732,2730,-1,
2733,2734,2735,-1,
2733,2735,2736,-1,
2737,2738,2739,-1,
2737,2739,2740,-1,
2741,2742,2743,-1,
2741,2743,2744,-1,
2745,2746,2747,-1,
2748,2746,2745,-1,
2749,2750,2751,-1,
2749,2751,2752,-1,
2753,2754,2755,-1,
2756,2754,2753,-1,
2757,2758,2759,-1,
2760,2758,2757,-1,
2761,2762,2763,-1,
2763,2762,2764,-1,
2765,2766,2767,-1,
2765,2767,2768,-1,
2769,2770,2771,-1,
2769,2771,2772,-1,
2773,2774,2775,-1,
2775,2774,2776,-1,
2777,2778,2779,-1,
2779,2778,2780,-1,
2781,2782,2783,-1,
2781,2783,2784,-1,
2785,2786,2787,-1,
2788,2787,2789,-1,
2788,2785,2787,-1,
2790,2791,2792,-1,
2793,2791,2790,-1,
2794,2795,2796,-1,
2794,2796,2797,-1,
2798,2799,2800,-1,
2800,2799,2801,-1,
2802,2803,2804,-1,
2804,2803,2805,-1,
2806,2807,2808,-1,
2809,2806,2810,-1,
2809,2807,2806,-1,
2811,2812,2813,-1,
2813,2812,2814,-1,
2814,2812,2815,-1,
2816,2817,2818,-1,
2818,2819,2820,-1,
2820,2819,2821,-1,
2817,2819,2818,-1,
2821,2822,2823,-1,
2819,2822,2821,-1,
2823,2824,2825,-1,
2822,2824,2823,-1,
2825,2826,2827,-1,
2827,2826,2812,-1,
2824,2826,2825,-1,
2815,2828,2829,-1,
2812,2828,2815,-1,
2826,2830,2812,-1,
2812,2831,2828,-1,
2830,2832,2812,-1,
2812,2833,2831,-1,
2832,2834,2812,-1,
2812,2835,2833,-1,
2834,2836,2812,-1,
2812,2837,2835,-1,
2836,2838,2812,-1,
2812,2839,2837,-1,
2838,2840,2812,-1,
2812,2841,2839,-1,
2840,2842,2812,-1,
2812,2842,2841,-1,
2843,2844,2845,-1,
2846,2847,2848,-1,
2848,2849,2850,-1,
2850,2849,2851,-1,
2847,2849,2848,-1,
2851,2852,2853,-1,
2849,2852,2851,-1,
2853,2854,2855,-1,
2852,2854,2853,-1,
2854,2856,2855,-1,
2855,2857,2858,-1,
2858,2857,2859,-1,
2859,2857,2860,-1,
2860,2857,2861,-1,
2861,2857,2862,-1,
2862,2857,2863,-1,
2863,2857,2864,-1,
2864,2857,2865,-1,
2865,2857,2866,-1,
2866,2857,2867,-1,
2867,2857,2868,-1,
2868,2857,2869,-1,
2869,2857,2870,-1,
2870,2857,2871,-1,
2871,2857,2844,-1,
2844,2857,2845,-1,
2856,2857,2855,-1,
2857,2872,2845,-1,
2857,2873,2872,-1,
2857,2874,2873,-1,
2875,2876,2877,-1,
2878,2879,2876,-1,
2876,2880,2877,-1,
2879,2880,2876,-1,
2881,2882,2883,-1,
2883,2882,2884,-1,
2884,2885,2886,-1,
2884,2887,2879,-1,
2886,2887,2884,-1,
2884,2888,2885,-1,
2887,2889,2879,-1,
2884,2890,2888,-1,
2891,2892,2893,-1,
2893,2892,2894,-1,
2889,2895,2879,-1,
2884,2896,2890,-1,
2895,2897,2879,-1,
2884,2898,2896,-1,
2879,2899,2880,-1,
2897,2899,2879,-1,
2884,2900,2898,-1,
2884,2901,2900,-1,
2884,2902,2901,-1,
2884,2903,2902,-1,
2882,2904,2884,-1,
2884,2904,2903,-1,
2882,2905,2904,-1,
2882,2906,2905,-1,
2882,2907,2906,-1,
2882,2908,2907,-1,
2882,2909,2908,-1,
2892,2910,2894,-1,
2894,2910,2882,-1,
2882,2910,2909,-1,
2892,2911,2910,-1,
2912,2911,2913,-1,
2912,2914,2911,-1,
2911,2914,2910,-1,
2915,2916,2917,-1,
2914,2916,2910,-1,
2916,2918,2910,-1,
2915,2918,2916,-1,
2918,2919,2910,-1,
2920,2921,2922,-1,
2922,2921,2919,-1,
2923,2924,2925,-1,
2923,2926,2924,-1,
2927,2928,2929,-1,
2930,2931,2932,-1,
2927,2933,2928,-1,
2934,2935,2936,-1,
2936,2935,2937,-1,
2931,2938,2939,-1,
2926,2940,2924,-1,
2933,2940,2928,-1,
2919,2940,2910,-1,
2937,2940,2933,-1,
2928,2940,2926,-1,
2924,2940,2921,-1,
2921,2940,2919,-1,
2937,2941,2940,-1,
2937,2942,2941,-1,
2937,2943,2942,-1,
2937,2944,2943,-1,
2937,2945,2944,-1,
2935,2946,2937,-1,
2937,2946,2945,-1,
2935,2947,2946,-1,
2935,2948,2947,-1,
2935,2949,2948,-1,
2935,2950,2949,-1,
2935,2951,2950,-1,
2935,2952,2951,-1,
2935,2953,2952,-1,
2935,2954,2953,-1,
2935,2955,2954,-1,
2935,2956,2955,-1,
2938,2957,2935,-1,
2935,2957,2956,-1,
2938,2958,2957,-1,
2938,2959,2958,-1,
2938,2960,2959,-1,
2938,2961,2960,-1,
2931,2962,2938,-1,
2930,2962,2931,-1,
2938,2962,2961,-1,
2963,2964,2965,-1,
2965,2964,2966,-1,
2967,2968,2969,-1,
2964,2970,2966,-1,
2967,2971,2968,-1,
2970,2972,2971,-1,
2964,2972,2970,-1,
2971,2972,2968,-1,
2973,2974,2975,-1,
2975,2974,2976,-1,
2973,2977,2974,-1,
2977,2978,2979,-1,
2979,2978,2980,-1,
2973,2978,2977,-1,
2973,2981,2978,-1,
2981,2982,2983,-1,
2983,2982,2984,-1,
2985,2986,2987,-1,
2986,2988,2987,-1,
2989,2990,2991,-1,
2991,2990,2992,-1,
2993,2994,2995,-1,
2995,2994,2996,-1,
2997,2998,2999,-1,
2999,2998,3000,-1,
3001,3002,3003,-1,
3003,3002,3004,-1,
3005,3006,3007,-1,
3007,3006,3008,-1,
3009,3010,3011,-1,
3005,3012,3006,-1,
3010,3012,3011,-1,
3002,3012,3005,-1,
3006,3012,3010,-1,
2973,3012,2981,-1,
2981,3012,2982,-1,
2982,3012,2986,-1,
2986,3012,2988,-1,
2988,3012,2989,-1,
2989,3012,2990,-1,
2990,3012,2993,-1,
2993,3012,2994,-1,
2994,3012,2997,-1,
2997,3012,2998,-1,
2998,3012,3001,-1,
3001,3012,3002,-1,
3013,3014,3015,-1,
3014,3016,3017,-1,
3013,3016,3014,-1,
3017,3018,3019,-1,
3017,3020,3018,-1,
3016,3020,3017,-1,
3016,3021,3020,-1,
3021,3022,3023,-1,
3023,3022,3024,-1,
3025,3026,3027,-1,
3025,3028,3026,-1,
3029,3030,3031,-1,
3031,3030,3032,-1,
3033,3034,3035,-1,
3033,3036,3034,-1,
3037,3038,3039,-1,
3039,3038,3040,-1,
3041,3042,3043,-1,
3041,3044,3042,-1,
3045,3046,3047,-1,
3047,3046,3048,-1,
3049,3050,3051,-1,
3045,3052,3046,-1,
3049,3052,3050,-1,
3044,3052,3045,-1,
3046,3052,3049,-1,
3016,3052,3021,-1,
3021,3052,3028,-1,
3021,3028,3022,-1,
3022,3028,3025,-1,
3028,3052,3029,-1,
3029,3052,3030,-1,
3030,3052,3033,-1,
3033,3052,3036,-1,
3036,3052,3037,-1,
3037,3052,3038,-1,
3038,3052,3041,-1,
3041,3052,3044,-1,
3053,3054,3055,-1,
3055,3054,3056,-1,
3057,3058,3059,-1,
3059,3058,3060,-1,
3061,3062,3063,-1,
3063,3062,3064,-1,
3065,3066,3067,-1,
3067,3066,3068,-1,
3069,3070,3071,-1,
3071,3070,3072,-1,
3073,3074,3075,-1,
3075,3074,3076,-1,
3077,3078,3079,-1,
3079,3078,3080,-1,
3081,3082,3083,-1,
3083,3082,3084,-1,
3085,3086,3087,-1,
3087,3086,3088,-1,
3089,3090,3091,-1,
3089,3092,3090,-1,
3090,3093,3091,-1,
3093,3094,3091,-1,
3095,3096,3093,-1,
3093,3096,3094,-1,
3094,3097,3091,-1,
3097,3098,3091,-1,
3099,3100,3097,-1,
3097,3100,3098,-1,
3098,3101,3091,-1,
3101,3102,3091,-1,
3103,3104,3101,-1,
3101,3104,3102,-1,
3102,3105,3091,-1,
3105,3106,3091,-1,
3107,3108,3105,-1,
3105,3108,3106,-1,
3106,3109,3091,-1,
3110,3111,3109,-1,
3109,3111,3112,-1,
3113,3114,3115,-1,
3115,3114,3116,-1,
3117,3118,3119,-1,
3120,3118,3117,-1,
3121,3122,3123,-1,
3124,3122,3121,-1,
3119,3125,3117,-1,
3123,3125,3121,-1,
3126,3125,3123,-1,
3121,3125,3119,-1,
3117,3125,3116,-1,
3115,3125,3112,-1,
3112,3125,3109,-1,
3109,3125,3091,-1,
3116,3125,3115,-1,
3127,3128,3126,-1,
3126,3128,3125,-1,
3129,3130,3131,-1,
3131,3130,3132,-1,
3133,3134,3135,-1,
3135,3134,3136,-1,
3137,3138,3139,-1,
3139,3138,3140,-1,
3141,3142,3143,-1,
3143,3142,3144,-1,
3145,3146,3147,-1,
3148,3146,3145,-1,
3149,3150,3151,-1,
3149,3151,3152,-1,
3153,3154,3155,-1,
3156,3153,3149,-1,
3156,3149,3152,-1,
3156,3154,3153,-1,
3157,3158,3159,-1,
3157,3159,3160,-1,
3161,3162,3163,-1,
3161,3157,3160,-1,
3164,3162,3161,-1,
3164,3161,3160,-1,
3165,3166,3167,-1,
3165,3167,3168,-1,
3169,3170,3171,-1,
3169,3165,3168,-1,
3172,3170,3169,-1,
3172,3169,3168,-1,
3173,3174,3175,-1,
3173,3175,3176,-1,
3177,3178,3179,-1,
3180,3177,3173,-1,
3180,3173,3176,-1,
3180,3178,3177,-1,
3181,3182,3183,-1,
3181,3183,3184,-1,
3185,3186,3187,-1,
3185,3181,3184,-1,
3188,3186,3185,-1,
3188,3185,3184,-1,
3189,3190,3191,-1,
3192,3189,3193,-1,
3192,3190,3189,-1,
3194,3193,3195,-1,
3194,3195,3196,-1,
3194,3192,3193,-1,
3197,3192,3194,-1,
3198,3199,3200,-1,
3198,3197,3199,-1,
3198,3192,3197,-1,
3201,3192,3198,-1,
3202,3201,3203,-1,
3202,3203,3204,-1,
3205,3206,3207,-1,
3205,3207,3208,-1,
3209,3210,3211,-1,
3209,3211,3212,-1,
3213,3214,3215,-1,
3213,3215,3216,-1,
3217,3218,3219,-1,
3220,3217,3219,-1,
3221,3222,3223,-1,
3221,3223,3224,-1,
3225,3226,3227,-1,
3228,3225,3227,-1,
3228,3222,3221,-1,
3228,3217,3220,-1,
3228,3213,3217,-1,
3228,3220,3222,-1,
3228,3221,3225,-1,
3228,3192,3201,-1,
3228,3201,3202,-1,
3228,3202,3206,-1,
3228,3206,3205,-1,
3228,3205,3210,-1,
3228,3210,3209,-1,
3228,3209,3214,-1,
3228,3214,3213,-1,
3229,3230,3231,-1,
3232,3231,3233,-1,
3232,3229,3231,-1,
3234,3233,3235,-1,
3234,3232,3233,-1,
3236,3235,3237,-1,
3236,3234,3235,-1,
3238,3236,3237,-1,
3239,3240,3241,-1,
3239,3241,3242,-1,
3243,3244,3245,-1,
3246,3245,3247,-1,
3246,3243,3245,-1,
3248,3247,3249,-1,
3248,3246,3247,-1,
3250,3249,3251,-1,
3250,3248,3249,-1,
3252,3251,3253,-1,
3252,3250,3251,-1,
3254,3253,3255,-1,
3254,3252,3253,-1,
3256,3254,3255,-1,
3257,3258,3259,-1,
3258,3260,3259,-1,
3261,3262,3258,-1,
3258,3262,3260,-1,
3263,3264,3265,-1,
3266,3264,3263,-1,
3267,3268,3269,-1,
3267,3270,3268,-1,
3268,3271,3272,-1,
3270,3271,3268,-1,
3273,3274,3275,-1,
3275,3274,3276,-1,
3277,3278,3279,-1,
3273,3280,3274,-1,
3278,3281,3279,-1,
3281,3282,3280,-1,
3278,3282,3281,-1,
3280,3282,3274,-1,
3283,3284,3285,-1,
3285,3284,3286,-1,
3287,3288,3289,-1,
3287,3290,3288,-1,
3291,3292,3293,-1,
3293,3292,3294,-1,
3295,3296,3297,-1,
3297,3296,3298,-1,
3299,3300,3301,-1,
3302,3299,3301,-1,
3303,3304,3305,-1,
3306,3307,3303,-1,
3303,3307,3304,-1,
3308,3309,3310,-1,
3308,3310,3311,-1,
3312,3311,3313,-1,
3312,3308,3311,-1,
3314,3313,3315,-1,
3314,3312,3313,-1,
3316,3314,3315,-1,
3317,3315,3318,-1,
3317,3316,3315,-1,
3319,3318,3320,-1,
3319,3317,3318,-1,
3321,3320,3322,-1,
3321,3319,3320,-1,
3323,3322,3324,-1,
3323,3321,3322,-1,
3325,3323,3324,-1,
3326,3324,3327,-1,
3326,3325,3324,-1,
3328,3327,3329,-1,
3328,3326,3327,-1,
3330,3329,3331,-1,
3330,3328,3329,-1,
3332,3331,3333,-1,
3332,3330,3331,-1,
3334,3332,3333,-1,
3335,3334,3333,-1,
3335,3333,3336,-1,
3337,3336,3338,-1,
3337,3335,3336,-1,
3339,3338,3340,-1,
3339,3337,3338,-1,
3341,3339,3340,-1,
3342,3340,3343,-1,
3342,3341,3340,-1,
3344,3343,3345,-1,
3344,3342,3343,-1,
3346,3344,3345,-1,
3347,3345,3348,-1,
3347,3346,3345,-1,
3349,3348,3350,-1,
3349,3347,3348,-1,
3351,3350,3352,-1,
3351,3349,3350,-1,
3353,3352,3354,-1,
3353,3351,3352,-1,
3355,3353,3354,-1,
3356,3357,3358,-1,
3357,3359,3358,-1,
3358,3360,3361,-1,
3359,3360,3358,-1,
3361,3362,3363,-1,
3360,3362,3361,-1,
3363,3364,3365,-1,
3362,3364,3363,-1,
3365,3366,3367,-1,
3364,3366,3365,-1,
3367,3368,3369,-1,
3366,3368,3367,-1,
3369,3370,3371,-1,
3368,3370,3369,-1,
3371,3372,3373,-1,
3370,3372,3371,-1,
3373,3374,3375,-1,
3372,3374,3373,-1,
3375,3376,3377,-1,
3374,3376,3375,-1,
3377,3378,3379,-1,
3376,3378,3377,-1,
3379,3380,3381,-1,
3378,3380,3379,-1,
3381,3382,3383,-1,
3380,3382,3381,-1,
3382,3384,3383,-1,
3383,3384,3385,-1,
3384,3386,3385,-1,
3385,3386,3387,-1,
3386,3388,3387,-1,
3387,3388,3389,-1,
3388,3390,3389,-1,
3389,3390,3391,-1,
3390,3392,3391,-1,
3391,3392,3393,-1,
3393,3394,3395,-1,
3392,3394,3393,-1,
3395,3396,3397,-1,
3394,3396,3395,-1,
3398,3399,3400,-1,
3400,3399,3401,-1,
3401,3399,3402,-1,
3402,3399,3403,-1,
3399,3404,3403,-1,
3403,3404,3405,-1,
3405,3404,3406,-1,
3407,3408,3398,-1,
3409,3408,3407,-1,
3410,3408,3409,-1,
3398,3408,3399,-1,
3406,3411,3412,-1,
3412,3411,3413,-1,
3404,3411,3406,-1,
3414,3415,3410,-1,
3416,3415,3414,-1,
3399,3415,3404,-1,
3410,3415,3408,-1,
3408,3415,3399,-1,
3413,3417,3418,-1,
3418,3417,3419,-1,
3411,3417,3413,-1,
3420,3421,3416,-1,
3422,3421,3420,-1,
3404,3421,3411,-1,
3415,3421,3404,-1,
3416,3421,3415,-1,
3419,3423,3424,-1,
3424,3423,3425,-1,
3417,3423,3419,-1,
3426,3427,3422,-1,
3428,3427,3426,-1,
3411,3427,3417,-1,
3421,3427,3411,-1,
3422,3427,3421,-1,
3425,3429,3430,-1,
3430,3429,3431,-1,
3423,3429,3425,-1,
3427,3432,3417,-1,
3433,3432,3428,-1,
3434,3432,3433,-1,
3428,3432,3427,-1,
3417,3432,3423,-1,
3429,3435,3431,-1,
3431,3435,3436,-1,
3436,3435,3437,-1,
3438,3439,3434,-1,
3423,3439,3429,-1,
3440,3439,3438,-1,
3434,3439,3432,-1,
3432,3439,3423,-1,
3435,3441,3437,-1,
3437,3441,3442,-1,
3442,3441,3443,-1,
3444,3445,3440,-1,
3446,3445,3444,-1,
3429,3445,3435,-1,
3440,3445,3439,-1,
3439,3445,3429,-1,
3441,3447,3443,-1,
3443,3447,3448,-1,
3448,3447,3449,-1,
3449,3447,3450,-1,
3451,3452,3446,-1,
3453,3452,3451,-1,
3445,3452,3435,-1,
3435,3452,3441,-1,
3446,3452,3445,-1,
3453,3454,3452,-1,
3455,3454,3453,-1,
3456,3454,3455,-1,
3457,3454,3456,-1,
3447,3454,3450,-1,
3452,3454,3441,-1,
3450,3454,3457,-1,
3441,3454,3447,-1,
3458,3459,3460,-1,
3461,3458,3460,-1,
3462,3463,3464,-1,
3464,3463,3465,-1,
3462,3466,3463,-1,
3467,3468,3469,-1,
3467,3469,3470,-1,
3471,3467,3470,-1,
3472,3470,3473,-1,
3472,3471,3470,-1,
3474,3473,3475,-1,
3474,3472,3473,-1,
3476,3474,3475,-1,
3477,3475,3478,-1,
3477,3476,3475,-1,
3479,3478,3480,-1,
3479,3477,3478,-1,
3481,3480,3482,-1,
3481,3479,3480,-1,
3483,3482,3484,-1,
3483,3481,3482,-1,
3485,3483,3484,-1,
3486,3484,3487,-1,
3486,3485,3484,-1,
3488,3487,3489,-1,
3488,3486,3487,-1,
3490,3489,3491,-1,
3490,3488,3489,-1,
3492,3490,3491,-1,
3492,3491,3493,-1,
3494,3492,3493,-1,
3495,3494,3493,-1,
3495,3493,3496,-1,
3497,3495,3496,-1,
3497,3496,3498,-1,
3499,3498,3500,-1,
3499,3497,3498,-1,
3501,3500,3502,-1,
3501,3499,3500,-1,
3503,3501,3502,-1,
3504,3502,3505,-1,
3504,3503,3502,-1,
3506,3505,3507,-1,
3506,3504,3505,-1,
3508,3507,3509,-1,
3508,3506,3507,-1,
3510,3509,3511,-1,
3510,3508,3509,-1,
3512,3511,3513,-1,
3512,3510,3511,-1,
3514,3512,3513,-1,
3515,3516,3517,-1,
3515,3518,3516,-1,
3519,3518,3515,-1,
3520,3521,3522,-1,
3522,3521,3523,-1,
3523,3524,3525,-1,
3521,3524,3523,-1,
3525,3526,3527,-1,
3524,3526,3525,-1,
3527,3528,3529,-1,
3526,3528,3527,-1,
3530,3531,3532,-1,
3529,3531,3530,-1,
3528,3531,3529,-1,
3531,3533,3532,-1,
3533,3534,3532,-1,
3532,3534,3535,-1,
3534,3536,3535,-1,
3535,3536,3537,-1,
3536,3538,3537,-1,
3537,3538,3539,-1,
3538,3540,3539,-1,
3541,3540,3542,-1,
3539,3540,3541,-1,
3540,3543,3542,-1,
3542,3543,3544,-1,
3543,3545,3544,-1,
3545,3546,3544,-1,
3547,3546,3548,-1,
3544,3546,3547,-1,
3546,3549,3548,-1,
3549,3550,3548,-1,
3551,3550,3552,-1,
3548,3550,3551,-1,
3550,3553,3552,-1,
3553,3554,3552,-1,
3552,3554,3555,-1,
3554,3556,3555,-1,
3555,3556,3557,-1,
3557,3558,3559,-1,
3556,3558,3557,-1,
3559,3560,3561,-1,
3558,3560,3559,-1,
3561,3562,3563,-1,
3560,3562,3561,-1,
3563,3564,3565,-1,
3562,3564,3563,-1,
3565,3566,3567,-1,
3564,3566,3565,-1,
3567,3568,3569,-1,
3566,3568,3567,-1,
3569,3570,3571,-1,
3568,3570,3569,-1,
3571,3572,3573,-1,
3570,3572,3571,-1,
3573,3574,3575,-1,
3572,3574,3573,-1,
3575,3576,3577,-1,
3574,3576,3575,-1,
3577,3578,3579,-1,
3576,3578,3577,-1,
3579,3580,3581,-1,
3578,3580,3579,-1,
3581,3582,3583,-1,
3580,3582,3581,-1,
3583,3584,3585,-1,
3582,3584,3583,-1,
3586,3587,3588,-1,
3588,3587,3589,-1,
3590,3591,3592,-1,
3593,3591,3590,-1,
3594,3595,3596,-1,
3594,3597,3595,-1,
3598,3599,3600,-1,
3601,3598,3600,-1,
    ]
    creaseAngle 0.5
  }
}
Shape { # contacts
  appearance Appearance { material Material {
    diffuseColor 0.780 0.780 0.800
    specularColor 1.000 1.000 1.000
    shininess 0.4
    ambientIntensity 0.3
  } }
  geometry IndexedFaceSet {
    coord Coordinate { point [
-0.1134 -0.0984 -0.5709,
-0.1134 0.0984 -0.5709,
-0.1133 -0.0984 -0.5690,
-0.1133 0.0984 -0.5690,
-0.1132 -0.0984 -0.5672,
-0.1132 0.0984 -0.5672,
-0.1130 -0.0984 -0.5654,
-0.1130 0.0984 -0.5654,
-0.1127 -0.0984 -0.5635,
-0.1127 0.0984 -0.5635,
-0.1123 -0.0984 -0.5617,
-0.1123 0.0984 -0.5617,
-0.1118 -0.0984 -0.5600,
-0.1118 0.0984 -0.5600,
-0.1113 -0.0984 -0.5582,
-0.1113 0.0984 -0.5582,
-0.1107 -0.0984 -0.5565,
-0.1107 0.0984 -0.5565,
-0.1099 -0.0984 -0.5548,
-0.1099 0.0984 -0.5548,
-0.1092 -0.0984 -0.5531,
-0.1092 0.0984 -0.5531,
-0.1083 -0.0984 -0.5515,
-0.1083 0.0984 -0.5515,
-0.1073 -0.0984 -0.5499,
-0.1073 0.0984 -0.5499,
-0.1063 -0.0984 -0.5484,
-0.1063 0.0984 -0.5484,
-0.1052 -0.0984 -0.5469,
-0.1052 0.0984 -0.5469,
4.8113 -0.0984 -0.5493,
4.8113 0.0984 -0.5493,
4.8123 -0.0984 -0.5509,
4.8123 0.0984 -0.5509,
4.8132 -0.0984 -0.5526,
4.8132 0.0984 -0.5526,
4.8141 -0.0984 -0.5543,
4.8141 0.0984 -0.5543,
4.8148 -0.0984 -0.5561,
4.8148 0.0984 -0.5561,
4.8155 -0.0984 -0.5578,
4.8155 0.0984 -0.5578,
4.8161 -0.0984 -0.5596,
4.8161 0.0984 -0.5596,
4.8166 -0.0984 -0.5615,
4.8166 0.0984 -0.5615,
4.8170 -0.0984 -0.5633,
4.8170 0.0984 -0.5633,
4.8173 -0.0984 -0.5652,
4.8173 0.0984 -0.5652,
4.8175 -0.0984 -0.5671,
4.8175 0.0984 -0.5671,
4.8177 -0.0984 -0.5690,
4.8177 0.0984 -0.5690,
4.8177 -0.0984 -0.5709,
4.8177 0.0984 -0.5709,
2.9870 -1.1220 2.3583,
2.9870 -1.1220 2.7165,
2.9870 -1.6417 2.3583,
2.9870 -1.6417 2.7165,
1.7272 -2.3622 2.5748,
1.7272 -1.9685 2.3583,
1.7272 -2.3622 2.3583,
0.0736 -2.3622 2.0433,
0.0736 -2.3622 2.4370,
-0.0051 -2.2835 2.3583,
-0.0051 -2.2835 1.9646,
-0.0051 -0.2362 2.3583,
-0.0051 -0.2362 1.9646,
-0.0051 -2.2835 1.9646,
-0.0051 -2.2835 2.3583,
1.7272 -1.6417 2.7165,
1.7270 -1.6475 2.3583,
1.7270 -1.6475 2.7165,
1.7272 -1.6417 2.3583,
1.7266 -1.6533 2.3583,
1.7266 -1.6533 2.7165,
1.7259 -1.6591 2.3583,
1.7259 -1.6591 2.7165,
1.7249 -1.6648 2.3583,
1.7249 -1.6648 2.7165,
1.7236 -1.6704 2.7165,
1.7236 -1.6704 2.3583,
1.7221 -1.6760 2.7165,
1.7221 -1.6760 2.3583,
1.7203 -1.6815 2.3583,
1.7203 -1.6815 2.7165,
1.7182 -1.6869 2.3583,
1.7182 -1.6869 2.7165,
1.7158 -1.6922 2.3583,
1.7158 -1.6922 2.7165,
1.7132 -1.6974 2.3583,
1.7132 -1.6974 2.7165,
1.7104 -1.7025 2.7165,
1.7104 -1.7025 2.3583,
1.7073 -1.7074 2.7165,
1.7073 -1.7074 2.3583,
1.7039 -1.7121 2.7165,
1.7039 -1.7121 2.3583,
1.7004 -1.7167 2.7165,
1.7004 -1.7167 2.3583,
1.6966 -1.7211 2.7165,
1.6966 -1.7211 2.3583,
1.6926 -1.7252 2.7165,
1.6926 -1.7252 2.3583,
1.6884 -1.7292 2.3583,
1.6884 -1.7292 2.7165,
1.6840 -1.7330 2.3583,
1.6840 -1.7330 2.7165,
1.6794 -1.7366 2.3583,
1.6794 -1.7366 2.7165,
1.6747 -1.7399 2.3583,
1.6747 -1.7399 2.7165,
1.6698 -1.7430 2.3583,
1.6698 -1.7430 2.7165,
1.6647 -1.7459 2.3583,
1.6647 -1.7459 2.7165,
1.6596 -1.7485 2.3583,
1.6596 -1.7485 2.7165,
1.6543 -1.7509 2.3583,
1.6543 -1.7509 2.7165,
1.6488 -1.7529 2.3583,
1.6488 -1.7529 2.7165,
1.6433 -1.7548 2.3583,
1.6433 -1.7548 2.7165,
1.6378 -1.7563 2.3583,
1.6378 -1.7563 2.7165,
1.6321 -1.7576 2.3583,
1.6321 -1.7576 2.7165,
1.6264 -1.7586 2.3583,
1.6264 -1.7586 2.7165,
1.6206 -1.7593 2.3583,
1.6206 -1.7593 2.7165,
1.6149 -1.7597 2.3583,
1.6149 -1.7597 2.7165,
1.6091 -1.7598 2.3583,
1.6091 -1.7598 2.7165,
1.7272 -1.6417 2.7165,
1.7272 -1.1220 2.7165,
1.7272 -1.6417 2.3583,
1.7272 -1.1220 2.3583,
4.7193 -0.2362 2.3583,
4.7193 -2.2835 1.9646,
4.7193 -0.2362 1.9646,
4.7193 -2.2835 2.3583,
4.7193 -2.2835 2.3583,
4.6406 -2.3622 2.4370,
4.6406 -2.3622 2.0433,
4.7193 -2.2835 1.9646,
4.0795 -1.5758 0.5689,
4.0795 -1.5742 0.5699,
4.0795 -1.5774 0.5679,
4.0795 -1.5789 0.5668,
4.0795 -1.5804 0.5656,
4.0795 -1.5818 0.5644,
4.0795 -1.5831 0.5631,
4.0795 -1.5844 0.5617,
4.0795 -1.5856 0.5603,
4.0795 -1.5868 0.5589,
4.0795 -1.5878 0.5573,
4.0795 -1.5888 0.5557,
4.0795 -1.5898 0.5541,
4.0795 -1.5906 0.5525,
4.0795 -1.5914 0.5508,
4.0795 -1.5921 0.5490,
4.0795 -1.5927 0.5472,
4.0795 -1.3250 0.7077,
4.0795 -1.3231 0.7082,
4.0795 -1.3267 0.7070,
4.0795 -1.3156 0.7084,
4.0795 -1.3137 0.7080,
4.0795 -1.3175 0.7086,
4.0795 -1.3194 0.7087,
4.0795 -1.3213 0.7085,
4.0795 -1.3085 0.7057,
4.0795 -1.3102 0.7066,
4.0795 -1.3119 0.7074,
4.0795 -1.3284 0.7062,
4.0795 -1.2247 0.6535,
4.0795 -0.6417 0.5472,
4.0795 -0.7126 0.6535,
4.0795 -0.5709 0.5945,
4.0795 -0.6159 0.7349,
4.0795 -0.6144 0.7361,
4.0795 -0.6128 0.7372,
4.0795 -0.6111 0.7383,
4.0795 -0.6094 0.7393,
4.0795 -0.6077 0.7402,
4.0795 -0.6059 0.7410,
4.0795 -0.6040 0.7417,
4.0795 -0.6022 0.7423,
4.0795 -0.5984 0.7433,
4.0795 -0.5964 0.7437,
4.0795 -0.6003 0.7429,
4.0795 -0.5945 0.7439,
4.0795 -0.5925 0.7440,
4.0795 -0.5906 0.7441,
4.0795 -0.5709 0.7441,
4.0795 -1.4985 -1.3409,
4.0795 -1.5005 -1.3388,
4.0795 -1.4964 -1.3429,
4.0795 -1.4942 -1.3448,
4.0795 -1.4871 -1.3499,
4.0795 -1.4919 -1.3466,
4.0795 -1.4895 -1.3483,
4.0795 -1.5058 -1.3320,
4.0795 -1.5074 -1.3295,
4.0795 -1.5042 -1.3344,
4.0795 -1.5024 -1.3366,
4.0795 -1.4820 -1.3526,
4.0795 -1.4846 -1.3513,
4.0795 -1.4766 -1.3548,
4.0795 -1.4793 -1.3538,
4.0795 -1.4654 -1.3576,
4.0795 -1.4596 -1.3582,
4.0795 -1.4625 -1.3580,
4.0795 -1.4538 -1.3582,
4.0795 -1.4567 -1.3583,
4.0795 -1.4480 -1.3576,
4.0795 -1.4509 -1.3580,
4.0795 -1.4395 -1.3557,
4.0795 -1.4452 -1.3571,
4.0795 -1.4423 -1.3565,
4.0795 -1.4263 -1.3499,
4.0795 -1.4215 -1.3466,
4.0795 -1.4239 -1.3483,
4.0795 -1.5551 -1.2402,
4.0795 -1.4046 -1.3270,
4.0795 -1.5088 -1.3270,
4.0795 -1.4738 -1.3557,
4.0795 -1.4711 -1.3565,
4.0795 -1.4682 -1.3571,
4.0795 -1.4368 -1.3548,
4.0795 -1.4341 -1.3538,
4.0795 -1.4314 -1.3526,
4.0795 -1.4288 -1.3513,
4.0795 -1.4192 -1.3448,
4.0795 -1.4170 -1.3429,
4.0795 -1.4149 -1.3409,
4.0795 -1.4129 -1.3388,
4.0795 -1.4110 -1.3366,
4.0795 -1.4092 -1.3344,
4.0795 -1.4076 -1.3320,
4.0795 -1.4060 -1.3295,
4.0795 -1.3583 -1.2402,
4.0795 -1.5551 -0.0197,
4.0795 -1.3780 -0.0197,
4.0795 -1.3582 0.0216,
4.0795 -1.3583 0.0197,
4.0795 -1.3581 0.0235,
4.0795 -1.3578 0.0255,
4.0795 -1.3780 0.0984,
4.0795 -1.3575 0.0274,
4.0795 -1.3571 0.0293,
4.0795 -1.3566 0.0311,
4.0795 -1.3560 0.0329,
4.0795 -1.3553 0.0348,
4.0795 -1.3545 0.0365,
4.0795 -1.3536 0.0382,
4.0795 -1.3527 0.0399,
4.0795 -1.3516 0.0416,
4.0795 -1.3505 0.0431,
4.0795 -1.3493 0.0447,
4.0795 -1.3481 0.0461,
4.0795 -1.3467 0.0475,
4.0795 -1.3453 0.0489,
4.0795 -1.3439 0.0501,
4.0795 -1.3424 0.0513,
4.0795 -1.3408 0.0524,
4.0795 -1.3391 0.0535,
4.0795 -1.3375 0.0544,
4.0795 -1.3357 0.0553,
4.0795 -1.3340 0.0561,
4.0795 -1.3322 0.0568,
4.0795 -1.3303 0.0574,
4.0795 -1.3285 0.0579,
4.0795 -1.3266 0.0583,
4.0795 -1.3247 0.0586,
4.0795 -1.3228 0.0589,
4.0795 -1.3208 0.0590,
4.0795 -1.3189 0.0591,
4.0795 0.0591 0.0984,
4.0795 0.0591 0.0591,
4.0795 0.0610 0.0591,
4.0795 0.0629 0.0592,
4.0795 0.0648 0.0595,
4.0795 0.0667 0.0598,
4.0795 0.0686 0.0602,
4.0795 0.0705 0.0608,
4.0795 0.0723 0.0614,
4.0795 0.0741 0.0621,
4.0795 0.0759 0.0628,
4.0795 0.0776 0.0637,
4.0795 0.0793 0.0647,
4.0795 0.0809 0.0657,
4.0795 0.0825 0.0668,
4.0795 0.0840 0.0680,
4.0795 0.0855 0.0693,
4.0795 0.0869 0.0706,
4.0795 0.0882 0.0720,
4.0795 0.0895 0.0734,
4.0795 0.0907 0.0750,
4.0795 0.0918 0.0766,
4.0795 0.0928 0.0782,
4.0795 0.0938 0.0799,
4.0795 0.0946 0.0816,
4.0795 0.0954 0.0834,
4.0795 0.0961 0.0852,
4.0795 0.0967 0.0870,
4.0795 0.0972 0.0889,
4.0795 0.0977 0.0907,
4.0795 0.0980 0.0926,
4.0795 0.0982 0.0946,
4.0795 0.0984 0.0965,
4.0795 0.0984 0.0984,
4.0795 0.0984 0.8110,
4.0795 0.0591 0.8504,
4.0795 -1.3277 0.9863,
4.0795 -1.3243 0.9850,
4.0795 -1.3260 0.9856,
4.0795 -1.3207 0.9843,
4.0795 -1.3225 0.9846,
4.0795 -1.3189 0.9843,
4.0795 -1.3170 0.9843,
4.0795 -1.3134 0.9850,
4.0795 -1.3152 0.9846,
4.0795 -1.3117 0.9856,
4.0795 -1.3293 0.9872,
4.0795 -1.3100 0.9864,
4.0795 -1.3084 0.9873,
4.0795 -1.4827 1.0827,
4.0795 -1.2008 1.0547,
4.0795 -1.1945 1.0585,
4.0795 -1.1880 1.0619,
4.0795 -1.1814 1.0651,
4.0795 -1.1746 1.0679,
4.0795 -1.1677 1.0704,
4.0795 -0.6693 1.0827,
4.0795 -0.6627 1.0787,
4.0795 -1.1172 1.0787,
4.0795 -1.1245 1.0786,
4.0795 -1.1318 1.0781,
4.0795 -1.1391 1.0772,
4.0795 -1.1464 1.0760,
4.0795 -1.1536 1.0745,
4.0795 -1.1607 1.0726,
4.7685 -0.6417 0.5472,
4.9555 -0.6417 0.5472,
4.7685 -0.5709 0.5945,
4.9555 -0.5709 0.5945,
-0.0543 -1.5758 0.5689,
-0.0543 -1.5742 0.5699,
-0.0543 -1.5774 0.5679,
-0.0543 -1.5789 0.5668,
-0.0543 -1.5804 0.5656,
-0.0543 -1.5818 0.5644,
-0.0543 -1.5831 0.5631,
-0.0543 -1.5844 0.5617,
-0.0543 -1.5856 0.5603,
-0.0543 -1.5868 0.5589,
-0.0543 -1.5878 0.5573,
-0.0543 -1.5888 0.5557,
-0.0543 -1.5898 0.5541,
-0.0543 -1.5906 0.5525,
-0.0543 -1.5914 0.5508,
-0.0543 -1.5921 0.5490,
-0.0543 -1.5927 0.5472,
-0.0543 -1.3213 0.7085,
-0.0543 -1.3194 0.7087,
-0.0543 -1.3231 0.7082,
-0.0543 -1.3156 0.7084,
-0.0543 -1.3137 0.7080,
-0.0543 -1.3175 0.7086,
-0.0543 -1.3250 0.7077,
-0.0543 -1.3267 0.7070,
-0.0543 -1.3102 0.7066,
-0.0543 -1.3085 0.7057,
-0.0543 -1.3119 0.7074,
-0.0543 -1.3284 0.7062,
-0.0543 -1.2247 0.6535,
-0.0543 -0.6417 0.5472,
-0.0543 -0.7126 0.6535,
-0.0543 -0.5709 0.5945,
-0.0543 -0.5709 0.7043,
-0.0543 -1.3277 0.9863,
-0.0543 -1.3243 0.9850,
-0.0543 -1.3260 0.9856,
-0.0543 -1.3207 0.9843,
-0.0543 -1.3225 0.9846,
-0.0543 -1.3189 0.9843,
-0.0543 -1.3170 0.9843,
-0.0543 -1.3134 0.9850,
-0.0543 -1.3152 0.9846,
-0.0543 -1.3117 0.9856,
-0.0543 -1.3293 0.9872,
-0.0543 -1.3100 0.9864,
-0.0543 -1.3084 0.9873,
-0.0543 -1.4827 1.0827,
-0.0543 -1.2008 1.0547,
-0.0543 -1.1945 1.0585,
-0.0543 -1.1880 1.0619,
-0.0543 -1.1814 1.0651,
-0.0543 -1.1746 1.0679,
-0.0543 -1.1677 1.0704,
-0.0543 -0.6693 1.0827,
-0.0543 -0.6627 1.0787,
-0.0543 -1.1172 1.0787,
-0.0543 -1.1245 1.0786,
-0.0543 -1.1318 1.0781,
-0.0543 -1.1391 1.0772,
-0.0543 -1.1464 1.0760,
-0.0543 -1.1536 1.0745,
-0.0543 -1.1607 1.0726,
-0.0543 -0.0984 -0.3189,
-0.0543 -0.0984 -0.0197,
-0.0543 0.0984 -0.3189,
-0.0543 -0.1694 0.0587,
-0.0543 0.0591 0.0984,
-0.0543 -0.1656 0.0582,
-0.0543 -0.1618 0.0575,
-0.0543 -0.1580 0.0567,
-0.0543 -0.1543 0.0557,
-0.0543 -0.1506 0.0545,
-0.0543 -0.1470 0.0531,
-0.0543 -0.1435 0.0515,
-0.0543 -0.1400 0.0498,
-0.0543 -0.1367 0.0479,
-0.0543 -0.1334 0.0458,
-0.0543 -0.1303 0.0436,
-0.0543 -0.1272 0.0412,
-0.0543 -0.1243 0.0387,
-0.0543 -0.1215 0.0360,
-0.0543 -0.1188 0.0332,
-0.0543 -0.1163 0.0303,
-0.0543 -0.1139 0.0272,
-0.0543 -0.1117 0.0241,
-0.0543 -0.1096 0.0208,
-0.0543 -0.1077 0.0174,
-0.0543 -0.1060 0.0140,
-0.0543 -0.1044 0.0104,
-0.0543 -0.1030 0.0068,
-0.0543 -0.1018 0.0032,
-0.0543 -0.1008 -0.0006,
-0.0543 -0.0999 -0.0043,
-0.0543 -0.0993 -0.0081,
-0.0543 -0.0988 -0.0120,
-0.0543 -0.0985 -0.0158,
-0.0543 0.0984 0.8110,
-0.0543 0.0591 0.8504,
-0.0543 -1.2913 0.0984,
-0.0543 -1.2480 0.0591,
-0.0543 -0.1772 0.0591,
-0.0543 -0.1733 0.0590,
0.0441 -0.5709 0.7043,
-0.0543 -0.7126 0.6535,
0.0441 -0.7126 0.6535,
-0.0543 -0.5709 0.7043,
0.0441 -1.5742 0.5699,
0.0441 -1.5758 0.5689,
0.0441 -1.5774 0.5679,
0.0441 -1.5789 0.5668,
0.0441 -1.5804 0.5656,
0.0441 -1.5818 0.5644,
0.0441 -1.5831 0.5631,
0.0441 -1.5844 0.5617,
0.0441 -1.5856 0.5603,
0.0441 -1.5868 0.5589,
0.0441 -1.5878 0.5573,
0.0441 -1.5888 0.5557,
0.0441 -1.5898 0.5541,
0.0441 -1.5906 0.5525,
0.0441 -1.5914 0.5508,
0.0441 -1.5921 0.5490,
0.0441 -1.5927 0.5472,
0.0441 -1.3194 0.7087,
0.0441 -1.3213 0.7085,
0.0441 -1.3231 0.7082,
0.0441 -1.3137 0.7080,
0.0441 -1.3156 0.7084,
0.0441 -1.3175 0.7086,
0.0441 -1.3250 0.7077,
0.0441 -1.3267 0.7070,
0.0441 -1.3085 0.7057,
0.0441 -1.3102 0.7066,
0.0441 -1.3119 0.7074,
0.0441 -1.3284 0.7062,
0.0441 -1.2247 0.6535,
0.0441 -0.6417 0.5472,
0.0441 -0.7126 0.6535,
0.0441 -0.5709 0.5945,
0.0441 -0.5709 0.7043,
0.0441 -1.3243 0.9850,
0.0441 -1.3293 0.9872,
0.0441 -1.3277 0.9863,
0.0441 -1.3260 0.9856,
0.0441 -1.3207 0.9843,
0.0441 -1.3225 0.9846,
0.0441 -1.3189 0.9843,
0.0441 -1.3170 0.9843,
0.0441 -1.3134 0.9850,
0.0441 -1.3152 0.9846,
0.0441 -1.3117 0.9856,
0.0441 -1.3100 0.9864,
0.0441 -1.3084 0.9873,
0.0441 -1.2008 1.0547,
0.0441 -1.4827 1.0827,
0.0441 -1.1945 1.0585,
0.0441 -1.1880 1.0619,
0.0441 -1.1814 1.0651,
0.0441 -1.1746 1.0679,
0.0441 -1.1677 1.0704,
0.0441 -0.6627 1.0787,
0.0441 -0.6693 1.0827,
0.0441 -1.1172 1.0787,
0.0441 -1.1245 1.0786,
0.0441 -1.1318 1.0781,
0.0441 -1.1391 1.0772,
0.0441 -1.1464 1.0760,
0.0441 -1.1536 1.0745,
0.0441 -1.1607 1.0726,
0.0441 -0.0984 -0.0197,
0.0441 -0.0984 -0.3523,
0.0441 0.0984 -0.3523,
0.0441 0.0591 0.0984,
0.0441 -0.1694 0.0587,
0.0441 -0.1656 0.0582,
0.0441 -0.1618 0.0575,
0.0441 -0.1580 0.0567,
0.0441 -0.1543 0.0557,
0.0441 -0.1506 0.0545,
0.0441 -0.1470 0.0531,
0.0441 -0.1435 0.0515,
0.0441 -0.1400 0.0498,
0.0441 -0.1367 0.0479,
0.0441 -0.1334 0.0458,
0.0441 -0.1303 0.0436,
0.0441 -0.1272 0.0412,
0.0441 -0.1243 0.0387,
0.0441 -0.1215 0.0360,
0.0441 -0.1188 0.0332,
0.0441 -0.1163 0.0303,
0.0441 -0.1139 0.0272,
0.0441 -0.1117 0.0241,
0.0441 -0.1096 0.0208,
0.0441 -0.1077 0.0174,
0.0441 -0.1060 0.0140,
0.0441 -0.1044 0.0104,
0.0441 -0.1030 0.0068,
0.0441 -0.1018 0.0032,
0.0441 -0.1008 -0.0006,
0.0441 -0.0999 -0.0043,
0.0441 -0.0993 -0.0081,
0.0441 -0.0988 -0.0120,
0.0441 -0.0985 -0.0158,
0.0441 0.0591 0.8504,
0.0441 0.0984 0.8110,
0.0441 -1.2913 0.0984,
0.0441 -0.1772 0.0591,
0.0441 -1.2480 0.0591,
0.0441 -0.1733 0.0590,
-0.0543 -1.5921 0.5490,
0.0441 -1.5927 0.5472,
0.0441 -1.5921 0.5490,
-0.0543 -1.5927 0.5472,
-0.0543 -1.5914 0.5508,
0.0441 -1.5914 0.5508,
-0.0543 -1.5906 0.5525,
0.0441 -1.5906 0.5525,
-0.0543 -1.5898 0.5541,
0.0441 -1.5898 0.5541,
-0.0543 -1.5888 0.5557,
0.0441 -1.5888 0.5557,
-0.0543 -1.5878 0.5573,
0.0441 -1.5878 0.5573,
-0.0543 -1.5868 0.5589,
0.0441 -1.5868 0.5589,
-0.0543 -1.5856 0.5603,
0.0441 -1.5856 0.5603,
-0.0543 -1.5844 0.5617,
0.0441 -1.5844 0.5617,
-0.0543 -1.5831 0.5631,
0.0441 -1.5831 0.5631,
-0.0543 -1.5818 0.5644,
0.0441 -1.5818 0.5644,
-0.0543 -1.5804 0.5656,
0.0441 -1.5804 0.5656,
-0.0543 -1.5789 0.5668,
0.0441 -1.5789 0.5668,
-0.0543 -1.5774 0.5679,
0.0441 -1.5774 0.5679,
0.0441 -1.5758 0.5689,
-0.0543 -1.5758 0.5689,
0.0441 -1.5742 0.5699,
-0.0543 -1.5742 0.5699,
0.0441 -1.3284 0.7062,
-0.0543 -1.5742 0.5699,
0.0441 -1.5742 0.5699,
-0.0543 -1.3284 0.7062,
-0.0543 -1.3267 0.7070,
-0.0543 -1.3284 0.7062,
0.0441 -1.3284 0.7062,
0.0441 -1.3267 0.7070,
-0.0543 -1.3250 0.7077,
0.0441 -1.3250 0.7077,
-0.0543 -1.3231 0.7082,
0.0441 -1.3231 0.7082,
-0.0543 -1.3213 0.7085,
0.0441 -1.3213 0.7085,
-0.0543 -1.3194 0.7087,
0.0441 -1.3194 0.7087,
-0.0543 -1.3175 0.7086,
0.0441 -1.3175 0.7086,
-0.0543 -1.3156 0.7084,
0.0441 -1.3156 0.7084,
-0.0543 -1.3137 0.7080,
0.0441 -1.3137 0.7080,
-0.0543 -1.3119 0.7074,
0.0441 -1.3119 0.7074,
0.0441 -1.3102 0.7066,
-0.0543 -1.3102 0.7066,
0.0441 -1.3085 0.7057,
-0.0543 -1.3085 0.7057,
-0.0543 -1.3085 0.7057,
0.0441 -1.3085 0.7057,
0.0441 -1.2247 0.6535,
-0.0543 -1.2247 0.6535,
-0.0543 -1.2247 0.6535,
0.0441 -1.2247 0.6535,
0.0441 -0.7126 0.6535,
-0.0543 -0.7126 0.6535,
4.0795 -1.1172 1.0787,
4.1780 -0.6627 1.0787,
4.1780 -1.1172 1.0787,
4.0795 -0.6627 1.0787,
4.0795 -1.2008 1.0547,
4.0795 -1.1945 1.0585,
4.1780 -1.2008 1.0547,
4.1780 -1.1945 1.0585,
4.0795 -1.1880 1.0619,
4.1780 -1.1880 1.0619,
4.0795 -1.1814 1.0651,
4.1780 -1.1814 1.0651,
4.0795 -1.1746 1.0679,
4.1780 -1.1746 1.0679,
4.0795 -1.1677 1.0704,
4.1780 -1.1677 1.0704,
4.0795 -1.1607 1.0726,
4.1780 -1.1607 1.0726,
4.0795 -1.1536 1.0745,
4.1780 -1.1536 1.0745,
4.0795 -1.1464 1.0760,
4.1780 -1.1464 1.0760,
4.0795 -1.1391 1.0772,
4.1780 -1.1391 1.0772,
4.0795 -1.1318 1.0781,
4.1780 -1.1318 1.0781,
4.0795 -1.1245 1.0786,
4.1780 -1.1245 1.0786,
4.0795 -1.1172 1.0787,
4.1780 -1.1172 1.0787,
4.1780 -1.3084 0.9873,
4.0795 -1.2008 1.0547,
4.1780 -1.2008 1.0547,
4.0795 -1.3084 0.9873,
4.0795 -1.3100 0.9864,
4.0795 -1.3084 0.9873,
4.1780 -1.3084 0.9873,
4.1780 -1.3100 0.9864,
4.0795 -1.3117 0.9856,
4.1780 -1.3117 0.9856,
4.0795 -1.3134 0.9850,
4.1780 -1.3134 0.9850,
4.0795 -1.3152 0.9846,
4.1780 -1.3152 0.9846,
4.0795 -1.3170 0.9843,
4.1780 -1.3170 0.9843,
4.0795 -1.3189 0.9843,
4.1780 -1.3189 0.9843,
4.0795 -1.3207 0.9843,
4.1780 -1.3207 0.9843,
4.0795 -1.3225 0.9846,
4.1780 -1.3225 0.9846,
4.0795 -1.3243 0.9850,
4.1780 -1.3243 0.9850,
4.1780 -1.3260 0.9856,
4.0795 -1.3260 0.9856,
4.0795 -1.3277 0.9863,
4.1780 -1.3277 0.9863,
4.1780 -1.3293 0.9872,
4.0795 -1.3293 0.9872,
4.0795 -1.4827 1.0827,
4.0795 -1.3293 0.9872,
4.1780 -1.3293 0.9872,
4.1780 -1.4827 1.0827,
4.1780 -1.5742 0.5699,
4.1780 -1.5758 0.5689,
4.1780 -1.5774 0.5679,
4.1780 -1.5789 0.5668,
4.1780 -1.5804 0.5656,
4.1780 -1.5818 0.5644,
4.1780 -1.5831 0.5631,
4.1780 -1.5844 0.5617,
4.1780 -1.5856 0.5603,
4.1780 -1.5868 0.5589,
4.1780 -1.5878 0.5573,
4.1780 -1.5888 0.5557,
4.1780 -1.5898 0.5541,
4.1780 -1.5906 0.5525,
4.1780 -1.5914 0.5508,
4.1780 -1.5921 0.5490,
4.1780 -1.5927 0.5472,
4.1780 -1.3231 0.7082,
4.1780 -1.3250 0.7077,
4.1780 -1.3267 0.7070,
4.1780 -1.3137 0.7080,
4.1780 -1.3156 0.7084,
4.1780 -1.3175 0.7086,
4.1780 -1.3194 0.7087,
4.1780 -1.3213 0.7085,
4.1780 -1.3085 0.7057,
4.1780 -1.3102 0.7066,
4.1780 -1.3119 0.7074,
4.1780 -1.3284 0.7062,
4.1780 -1.2247 0.6535,
4.1780 -0.6417 0.5472,
4.1780 -0.7126 0.6535,
4.1780 -0.5709 0.5945,
4.1780 -0.6159 0.7349,
4.1780 -0.6128 0.7372,
4.1780 -0.6144 0.7361,
4.1780 -0.6094 0.7393,
4.1780 -0.6111 0.7383,
4.1780 -0.6077 0.7402,
4.1780 -0.6059 0.7410,
4.1780 -0.6040 0.7417,
4.1780 -0.6022 0.7423,
4.1780 -0.5964 0.7437,
4.1780 -0.5984 0.7433,
4.1780 -0.6003 0.7429,
4.1780 -0.5945 0.7439,
4.1780 -0.5906 0.7441,
4.1780 -0.5925 0.7440,
4.1780 -0.5709 0.7441,
4.1780 -1.5005 -1.3388,
4.1780 -1.4985 -1.3409,
4.1780 -1.4964 -1.3429,
4.1780 -1.4871 -1.3499,
4.1780 -1.4942 -1.3448,
4.1780 -1.4919 -1.3466,
4.1780 -1.4895 -1.3483,
4.1780 -1.5074 -1.3295,
4.1780 -1.5058 -1.3320,
4.1780 -1.5042 -1.3344,
4.1780 -1.5024 -1.3366,
4.1780 -1.4820 -1.3526,
4.1780 -1.4846 -1.3513,
4.1780 -1.4766 -1.3548,
4.1780 -1.4793 -1.3538,
4.1780 -1.4596 -1.3582,
4.1780 -1.4654 -1.3576,
4.1780 -1.4625 -1.3580,
4.1780 -1.4538 -1.3582,
4.1780 -1.4567 -1.3583,
4.1780 -1.4480 -1.3576,
4.1780 -1.4509 -1.3580,
4.1780 -1.4395 -1.3557,
4.1780 -1.4452 -1.3571,
4.1780 -1.4423 -1.3565,
4.1780 -1.4215 -1.3466,
4.1780 -1.4263 -1.3499,
4.1780 -1.4239 -1.3483,
4.1780 -1.4046 -1.3270,
4.1780 -1.5551 -1.2402,
4.1780 -1.5088 -1.3270,
4.1780 -1.4738 -1.3557,
4.1780 -1.4711 -1.3565,
4.1780 -1.4682 -1.3571,
4.1780 -1.4368 -1.3548,
4.1780 -1.4341 -1.3538,
4.1780 -1.4314 -1.3526,
4.1780 -1.4288 -1.3513,
4.1780 -1.4192 -1.3448,
4.1780 -1.4170 -1.3429,
4.1780 -1.4149 -1.3409,
4.1780 -1.4129 -1.3388,
4.1780 -1.4110 -1.3366,
4.1780 -1.4092 -1.3344,
4.1780 -1.4076 -1.3320,
4.1780 -1.4060 -1.3295,
4.1780 -1.3583 -1.2402,
4.1780 -1.3780 -0.0197,
4.1780 -1.5551 -0.0197,
4.1780 -1.3582 0.0216,
4.1780 -1.3583 0.0197,
4.1780 -1.3581 0.0235,
4.1780 -1.3578 0.0255,
4.1780 -1.3780 0.0984,
4.1780 -1.3575 0.0274,
4.1780 -1.3571 0.0293,
4.1780 -1.3566 0.0311,
4.1780 -1.3560 0.0329,
4.1780 -1.3553 0.0348,
4.1780 -1.3545 0.0365,
4.1780 -1.3536 0.0382,
4.1780 -1.3527 0.0399,
4.1780 -1.3516 0.0416,
4.1780 -1.3505 0.0431,
4.1780 -1.3493 0.0447,
4.1780 -1.3481 0.0461,
4.1780 -1.3467 0.0475,
4.1780 -1.3453 0.0489,
4.1780 -1.3439 0.0501,
4.1780 -1.3424 0.0513,
4.1780 -1.3408 0.0524,
4.1780 -1.3391 0.0535,
4.1780 -1.3375 0.0544,
4.1780 -1.3357 0.0553,
4.1780 -1.3340 0.0561,
4.1780 -1.3322 0.0568,
4.1780 -1.3303 0.0574,
4.1780 -1.3285 0.0579,
4.1780 -1.3266 0.0583,
4.1780 -1.3247 0.0586,
4.1780 -1.3228 0.0589,
4.1780 -1.3208 0.0590,
4.1780 -1.3189 0.0591,
4.1780 0.0591 0.0984,
4.1780 0.0591 0.0591,
4.1780 0.0610 0.0591,
4.1780 0.0629 0.0592,
4.1780 0.0648 0.0595,
4.1780 0.0667 0.0598,
4.1780 0.0686 0.0602,
4.1780 0.0705 0.0608,
4.1780 0.0723 0.0614,
4.1780 0.0741 0.0621,
4.1780 0.0759 0.0628,
4.1780 0.0776 0.0637,
4.1780 0.0793 0.0647,
4.1780 0.0809 0.0657,
4.1780 0.0825 0.0668,
4.1780 0.0840 0.0680,
4.1780 0.0855 0.0693,
4.1780 0.0869 0.0706,
4.1780 0.0882 0.0720,
4.1780 0.0895 0.0734,
4.1780 0.0907 0.0750,
4.1780 0.0918 0.0766,
4.1780 0.0928 0.0782,
4.1780 0.0938 0.0799,
4.1780 0.0946 0.0816,
4.1780 0.0954 0.0834,
4.1780 0.0961 0.0852,
4.1780 0.0967 0.0870,
4.1780 0.0972 0.0889,
4.1780 0.0977 0.0907,
4.1780 0.0980 0.0926,
4.1780 0.0982 0.0946,
4.1780 0.0984 0.0965,
4.1780 0.0984 0.0984,
4.1780 0.0984 0.8110,
4.1780 0.0591 0.8504,
4.1780 -1.3243 0.9850,
4.1780 -1.3293 0.9872,
4.1780 -1.3277 0.9863,
4.1780 -1.3260 0.9856,
4.1780 -1.3207 0.9843,
4.1780 -1.3225 0.9846,
4.1780 -1.3189 0.9843,
4.1780 -1.3170 0.9843,
4.1780 -1.3134 0.9850,
4.1780 -1.3152 0.9846,
4.1780 -1.3117 0.9856,
4.1780 -1.3100 0.9864,
4.1780 -1.3084 0.9873,
4.1780 -1.2008 1.0547,
4.1780 -1.4827 1.0827,
4.1780 -1.1945 1.0585,
4.1780 -1.1880 1.0619,
4.1780 -1.1814 1.0651,
4.1780 -1.1746 1.0679,
4.1780 -1.1677 1.0704,
4.1780 -0.6627 1.0787,
4.1780 -0.6693 1.0827,
4.1780 -1.1172 1.0787,
4.1780 -1.1245 1.0786,
4.1780 -1.1318 1.0781,
4.1780 -1.1391 1.0772,
4.1780 -1.1464 1.0760,
4.1780 -1.1536 1.0745,
4.1780 -1.1607 1.0726,
4.0795 -1.5921 0.5490,
4.1780 -1.5927 0.5472,
4.1780 -1.5921 0.5490,
4.0795 -1.5927 0.5472,
4.0795 -1.5914 0.5508,
4.1780 -1.5914 0.5508,
4.0795 -1.5906 0.5525,
4.1780 -1.5906 0.5525,
4.0795 -1.5898 0.5541,
4.1780 -1.5898 0.5541,
4.0795 -1.5888 0.5557,
4.1780 -1.5888 0.5557,
4.0795 -1.5878 0.5573,
4.1780 -1.5878 0.5573,
4.0795 -1.5868 0.5589,
4.1780 -1.5868 0.5589,
4.0795 -1.5856 0.5603,
4.1780 -1.5856 0.5603,
4.0795 -1.5844 0.5617,
4.1780 -1.5844 0.5617,
4.0795 -1.5831 0.5631,
4.1780 -1.5831 0.5631,
4.0795 -1.5818 0.5644,
4.1780 -1.5818 0.5644,
4.0795 -1.5804 0.5656,
4.1780 -1.5804 0.5656,
4.0795 -1.5789 0.5668,
4.1780 -1.5789 0.5668,
4.0795 -1.5774 0.5679,
4.1780 -1.5774 0.5679,
4.1780 -1.5758 0.5689,
4.0795 -1.5758 0.5689,
4.1780 -1.5742 0.5699,
4.0795 -1.5742 0.5699,
4.1780 -1.3284 0.7062,
4.0795 -1.5742 0.5699,
4.1780 -1.5742 0.5699,
4.0795 -1.3284 0.7062,
4.0795 -1.3267 0.7070,
4.0795 -1.3284 0.7062,
4.1780 -1.3284 0.7062,
4.1780 -1.3267 0.7070,
4.0795 -1.3250 0.7077,
4.1780 -1.3250 0.7077,
4.0795 -1.3231 0.7082,
4.1780 -1.3231 0.7082,
4.0795 -1.3213 0.7085,
4.1780 -1.3213 0.7085,
4.0795 -1.3194 0.7087,
4.1780 -1.3194 0.7087,
4.0795 -1.3175 0.7086,
4.1780 -1.3175 0.7086,
4.0795 -1.3156 0.7084,
4.1780 -1.3156 0.7084,
4.0795 -1.3137 0.7080,
4.1780 -1.3137 0.7080,
4.0795 -1.3119 0.7074,
4.1780 -1.3119 0.7074,
4.0795 -1.3102 0.7066,
4.1780 -1.3102 0.7066,
4.1780 -1.3085 0.7057,
4.0795 -1.3085 0.7057,
4.0795 -1.3085 0.7057,
4.1780 -1.3085 0.7057,
4.1780 -1.2247 0.6535,
4.0795 -1.2247 0.6535,
4.0795 -1.2247 0.6535,
4.1780 -1.2247 0.6535,
4.1780 -0.7126 0.6535,
4.0795 -0.7126 0.6535,
4.1780 -0.6159 0.7349,
4.0795 -0.7126 0.6535,
4.1780 -0.7126 0.6535,
4.0795 -0.6159 0.7349,
4.0795 -0.6144 0.7361,
4.0795 -0.6159 0.7349,
4.1780 -0.6159 0.7349,
4.1780 -0.6144 0.7361,
4.0795 -0.6128 0.7372,
4.1780 -0.6128 0.7372,
4.0795 -0.6111 0.7383,
4.1780 -0.6111 0.7383,
4.0795 -0.6094 0.7393,
4.1780 -0.6094 0.7393,
4.0795 -0.6077 0.7402,
4.1780 -0.6077 0.7402,
4.0795 -0.6059 0.7410,
4.1780 -0.6059 0.7410,
4.0795 -0.6040 0.7417,
4.1780 -0.6040 0.7417,
4.0795 -0.6022 0.7423,
4.1780 -0.6022 0.7423,
4.0795 -0.6003 0.7429,
4.1780 -0.6003 0.7429,
4.0795 -0.5984 0.7433,
4.1780 -0.5984 0.7433,
4.0795 -0.5964 0.7437,
4.1780 -0.5964 0.7437,
4.0795 -0.5945 0.7439,
4.1780 -0.5945 0.7439,
4.0795 -0.5925 0.7440,
4.1780 -0.5925 0.7440,
4.0795 -0.5906 0.7441,
4.1780 -0.5906 0.7441,
4.0795 -0.5906 0.7441,
4.1780 -0.5906 0.7441,
4.1780 -0.5709 0.7441,
4.0795 -0.5709 0.7441,
0.5362 -1.5758 0.5689,
0.5362 -1.5742 0.5699,
0.5362 -1.5774 0.5679,
0.5362 -1.5789 0.5668,
0.5362 -1.5804 0.5656,
0.5362 -1.5818 0.5644,
0.5362 -1.5831 0.5631,
0.5362 -1.5844 0.5617,
0.5362 -1.5856 0.5603,
0.5362 -1.5868 0.5589,
0.5362 -1.5878 0.5573,
0.5362 -1.5888 0.5557,
0.5362 -1.5898 0.5541,
0.5362 -1.5906 0.5525,
0.5362 -1.5914 0.5508,
0.5362 -1.5921 0.5490,
0.5362 -1.5927 0.5472,
0.5362 -1.3250 0.7077,
0.5362 -1.3231 0.7082,
0.5362 -1.3267 0.7070,
0.5362 -1.3156 0.7084,
0.5362 -1.3137 0.7080,
0.5362 -1.3175 0.7086,
0.5362 -1.3194 0.7087,
0.5362 -1.3213 0.7085,
0.5362 -1.3085 0.7057,
0.5362 -1.3102 0.7066,
0.5362 -1.3119 0.7074,
0.5362 -1.3284 0.7062,
0.5362 -1.2247 0.6535,
0.5362 -0.6417 0.5472,
0.5362 -0.7126 0.6535,
0.5362 -0.5709 0.5945,
0.5362 -0.6159 0.7349,
0.5362 -0.6144 0.7361,
0.5362 -0.6128 0.7372,
0.5362 -0.6111 0.7383,
0.5362 -0.6094 0.7393,
0.5362 -0.6077 0.7402,
0.5362 -0.6059 0.7410,
0.5362 -0.6040 0.7417,
0.5362 -0.6022 0.7423,
0.5362 -0.5984 0.7433,
0.5362 -0.5964 0.7437,
0.5362 -0.6003 0.7429,
0.5362 -0.5945 0.7439,
0.5362 -0.5925 0.7440,
0.5362 -0.5906 0.7441,
0.5362 -0.5709 0.7441,
0.5362 -1.4985 -1.3409,
0.5362 -1.5005 -1.3388,
0.5362 -1.4964 -1.3429,
0.5362 -1.4942 -1.3448,
0.5362 -1.4871 -1.3499,
0.5362 -1.4919 -1.3466,
0.5362 -1.4895 -1.3483,
0.5362 -1.5058 -1.3320,
0.5362 -1.5074 -1.3295,
0.5362 -1.5042 -1.3344,
0.5362 -1.5024 -1.3366,
0.5362 -1.4820 -1.3526,
0.5362 -1.4846 -1.3513,
0.5362 -1.4766 -1.3548,
0.5362 -1.4793 -1.3538,
0.5362 -1.4654 -1.3576,
0.5362 -1.4596 -1.3582,
0.5362 -1.4625 -1.3580,
0.5362 -1.4538 -1.3582,
0.5362 -1.4567 -1.3583,
0.5362 -1.4480 -1.3576,
0.5362 -1.4509 -1.3580,
0.5362 -1.4395 -1.3557,
0.5362 -1.4452 -1.3571,
0.5362 -1.4423 -1.3565,
0.5362 -1.4263 -1.3499,
0.5362 -1.4215 -1.3466,
0.5362 -1.4239 -1.3483,
0.5362 -1.5551 -1.2402,
0.5362 -1.4046 -1.3270,
0.5362 -1.5088 -1.3270,
0.5362 -1.4738 -1.3557,
0.5362 -1.4711 -1.3565,
0.5362 -1.4682 -1.3571,
0.5362 -1.4368 -1.3548,
0.5362 -1.4341 -1.3538,
0.5362 -1.4314 -1.3526,
0.5362 -1.4288 -1.3513,
0.5362 -1.4192 -1.3448,
0.5362 -1.4170 -1.3429,
0.5362 -1.4149 -1.3409,
0.5362 -1.4129 -1.3388,
0.5362 -1.4110 -1.3366,
0.5362 -1.4092 -1.3344,
0.5362 -1.4076 -1.3320,
0.5362 -1.4060 -1.3295,
0.5362 -1.3583 -1.2402,
0.5362 -1.5551 -0.0197,
0.5362 -1.3780 -0.0197,
0.5362 -1.3582 0.0216,
0.5362 -1.3583 0.0197,
0.5362 -1.3581 0.0235,
0.5362 -1.3578 0.0255,
0.5362 -1.3780 0.0984,
0.5362 -1.3575 0.0274,
0.5362 -1.3571 0.0293,
0.5362 -1.3566 0.0311,
0.5362 -1.3560 0.0329,
0.5362 -1.3553 0.0348,
0.5362 -1.3545 0.0365,
0.5362 -1.3536 0.0382,
0.5362 -1.3527 0.0399,
0.5362 -1.3516 0.0416,
0.5362 -1.3505 0.0431,
0.5362 -1.3493 0.0447,
0.5362 -1.3481 0.0461,
0.5362 -1.3467 0.0475,
0.5362 -1.3453 0.0489,
0.5362 -1.3439 0.0501,
0.5362 -1.3424 0.0513,
0.5362 -1.3408 0.0524,
0.5362 -1.3391 0.0535,
0.5362 -1.3375 0.0544,
0.5362 -1.3357 0.0553,
0.5362 -1.3340 0.0561,
0.5362 -1.3322 0.0568,
0.5362 -1.3303 0.0574,
0.5362 -1.3285 0.0579,
0.5362 -1.3266 0.0583,
0.5362 -1.3247 0.0586,
0.5362 -1.3228 0.0589,
0.5362 -1.3208 0.0590,
0.5362 -1.3189 0.0591,
0.5362 0.0591 0.0984,
0.5362 0.0591 0.0591,
0.5362 0.0610 0.0591,
0.5362 0.0629 0.0592,
0.5362 0.0648 0.0595,
0.5362 0.0667 0.0598,
0.5362 0.0686 0.0602,
0.5362 0.0705 0.0608,
0.5362 0.0723 0.0614,
0.5362 0.0741 0.0621,
0.5362 0.0759 0.0628,
0.5362 0.0776 0.0637,
0.5362 0.0793 0.0647,
0.5362 0.0809 0.0657,
0.5362 0.0825 0.0668,
0.5362 0.0840 0.0680,
0.5362 0.0855 0.0693,
0.5362 0.0869 0.0706,
0.5362 0.0882 0.0720,
0.5362 0.0895 0.0734,
0.5362 0.0907 0.0750,
0.5362 0.0918 0.0766,
0.5362 0.0928 0.0782,
0.5362 0.0938 0.0799,
0.5362 0.0946 0.0816,
0.5362 0.0954 0.0834,
0.5362 0.0961 0.0852,
0.5362 0.0967 0.0870,
0.5362 0.0972 0.0889,
0.5362 0.0977 0.0907,
0.5362 0.0980 0.0926,
0.5362 0.0982 0.0946,
0.5362 0.0984 0.0965,
0.5362 0.0984 0.0984,
0.5362 0.0984 0.8110,
0.5362 0.0591 0.8504,
0.5362 -1.3277 0.9863,
0.5362 -1.3243 0.9850,
0.5362 -1.3260 0.9856,
0.5362 -1.3207 0.9843,
0.5362 -1.3225 0.9846,
0.5362 -1.3189 0.9843,
0.5362 -1.3170 0.9843,
0.5362 -1.3134 0.9850,
0.5362 -1.3152 0.9846,
0.5362 -1.3117 0.9856,
0.5362 -1.3293 0.9872,
0.5362 -1.3100 0.9864,
0.5362 -1.3084 0.9873,
0.5362 -1.4827 1.0827,
0.5362 -1.2008 1.0547,
0.5362 -1.1945 1.0585,
0.5362 -1.1880 1.0619,
0.5362 -1.1814 1.0651,
0.5362 -1.1746 1.0679,
0.5362 -1.1677 1.0704,
0.5362 -0.6693 1.0827,
0.5362 -0.6627 1.0787,
0.5362 -1.1172 1.0787,
0.5362 -1.1245 1.0786,
0.5362 -1.1318 1.0781,
0.5362 -1.1391 1.0772,
0.5362 -1.1464 1.0760,
0.5362 -1.1536 1.0745,
0.5362 -1.1607 1.0726,
0.5362 -0.5906 0.7441,
0.6346 -0.5906 0.7441,
0.6346 -0.5709 0.7441,
0.5362 -0.5709 0.7441,
0.6346 -1.5742 0.5699,
0.6346 -1.5758 0.5689,
0.6346 -1.5774 0.5679,
0.6346 -1.5789 0.5668,
0.6346 -1.5804 0.5656,
0.6346 -1.5818 0.5644,
0.6346 -1.5831 0.5631,
0.6346 -1.5844 0.5617,
0.6346 -1.5856 0.5603,
0.6346 -1.5868 0.5589,
0.6346 -1.5878 0.5573,
0.6346 -1.5888 0.5557,
0.6346 -1.5898 0.5541,
0.6346 -1.5906 0.5525,
0.6346 -1.5914 0.5508,
0.6346 -1.5921 0.5490,
0.6346 -1.5927 0.5472,
0.6346 -1.3231 0.7082,
0.6346 -1.3250 0.7077,
0.6346 -1.3267 0.7070,
0.6346 -1.3137 0.7080,
0.6346 -1.3156 0.7084,
0.6346 -1.3175 0.7086,
0.6346 -1.3194 0.7087,
0.6346 -1.3213 0.7085,
0.6346 -1.3085 0.7057,
0.6346 -1.3102 0.7066,
0.6346 -1.3119 0.7074,
0.6346 -1.3284 0.7062,
0.6346 -1.2247 0.6535,
0.6346 -0.6417 0.5472,
0.6346 -0.7126 0.6535,
0.6346 -0.5709 0.5945,
0.6346 -0.6159 0.7349,
0.6346 -0.6128 0.7372,
0.6346 -0.6144 0.7361,
0.6346 -0.6094 0.7393,
0.6346 -0.6111 0.7383,
0.6346 -0.6077 0.7402,
0.6346 -0.6059 0.7410,
0.6346 -0.6040 0.7417,
0.6346 -0.6022 0.7423,
0.6346 -0.5964 0.7437,
0.6346 -0.5984 0.7433,
0.6346 -0.6003 0.7429,
0.6346 -0.5945 0.7439,
0.6346 -0.5906 0.7441,
0.6346 -0.5925 0.7440,
0.6346 -0.5709 0.7441,
0.6346 -1.5005 -1.3388,
0.6346 -1.4985 -1.3409,
0.6346 -1.4964 -1.3429,
0.6346 -1.4871 -1.3499,
0.6346 -1.4942 -1.3448,
0.6346 -1.4919 -1.3466,
0.6346 -1.4895 -1.3483,
0.6346 -1.5074 -1.3295,
0.6346 -1.5058 -1.3320,
0.6346 -1.5042 -1.3344,
0.6346 -1.5024 -1.3366,
0.6346 -1.4820 -1.3526,
0.6346 -1.4846 -1.3513,
0.6346 -1.4766 -1.3548,
0.6346 -1.4793 -1.3538,
0.6346 -1.4596 -1.3582,
0.6346 -1.4654 -1.3576,
0.6346 -1.4625 -1.3580,
0.6346 -1.4538 -1.3582,
0.6346 -1.4567 -1.3583,
0.6346 -1.4480 -1.3576,
0.6346 -1.4509 -1.3580,
0.6346 -1.4395 -1.3557,
0.6346 -1.4452 -1.3571,
0.6346 -1.4423 -1.3565,
0.6346 -1.4215 -1.3466,
0.6346 -1.4263 -1.3499,
0.6346 -1.4239 -1.3483,
0.6346 -1.4046 -1.3270,
0.6346 -1.5551 -1.2402,
0.6346 -1.5088 -1.3270,
0.6346 -1.4738 -1.3557,
0.6346 -1.4711 -1.3565,
0.6346 -1.4682 -1.3571,
0.6346 -1.4368 -1.3548,
0.6346 -1.4341 -1.3538,
0.6346 -1.4314 -1.3526,
0.6346 -1.4288 -1.3513,
0.6346 -1.4192 -1.3448,
0.6346 -1.4170 -1.3429,
0.6346 -1.4149 -1.3409,
0.6346 -1.4129 -1.3388,
0.6346 -1.4110 -1.3366,
0.6346 -1.4092 -1.3344,
0.6346 -1.4076 -1.3320,
0.6346 -1.4060 -1.3295,
0.6346 -1.3583 -1.2402,
0.6346 -1.3780 -0.0197,
0.6346 -1.5551 -0.0197,
0.6346 -1.3582 0.0216,
0.6346 -1.3583 0.0197,
0.6346 -1.3581 0.0235,
0.6346 -1.3578 0.0255,
0.6346 -1.3780 0.0984,
0.6346 -1.3575 0.0274,
0.6346 -1.3571 0.0293,
0.6346 -1.3566 0.0311,
0.6346 -1.3560 0.0329,
0.6346 -1.3553 0.0348,
0.6346 -1.3545 0.0365,
0.6346 -1.3536 0.0382,
0.6346 -1.3527 0.0399,
0.6346 -1.3516 0.0416,
0.6346 -1.3505 0.0431,
0.6346 -1.3493 0.0447,
0.6346 -1.3481 0.0461,
0.6346 -1.3467 0.0475,
0.6346 -1.3453 0.0489,
0.6346 -1.3439 0.0501,
0.6346 -1.3424 0.0513,
0.6346 -1.3408 0.0524,
0.6346 -1.3391 0.0535,
0.6346 -1.3375 0.0544,
0.6346 -1.3357 0.0553,
0.6346 -1.3340 0.0561,
0.6346 -1.3322 0.0568,
0.6346 -1.3303 0.0574,
0.6346 -1.3285 0.0579,
0.6346 -1.3266 0.0583,
0.6346 -1.3247 0.0586,
0.6346 -1.3228 0.0589,
0.6346 -1.3208 0.0590,
0.6346 -1.3189 0.0591,
0.6346 0.0591 0.0984,
0.6346 0.0591 0.0591,
0.6346 0.0610 0.0591,
0.6346 0.0629 0.0592,
0.6346 0.0648 0.0595,
0.6346 0.0667 0.0598,
0.6346 0.0686 0.0602,
0.6346 0.0705 0.0608,
0.6346 0.0723 0.0614,
0.6346 0.0741 0.0621,
0.6346 0.0759 0.0628,
0.6346 0.0776 0.0637,
0.6346 0.0793 0.0647,
0.6346 0.0809 0.0657,
0.6346 0.0825 0.0668,
0.6346 0.0840 0.0680,
0.6346 0.0855 0.0693,
0.6346 0.0869 0.0706,
0.6346 0.0882 0.0720,
0.6346 0.0895 0.0734,
0.6346 0.0907 0.0750,
0.6346 0.0918 0.0766,
0.6346 0.0928 0.0782,
0.6346 0.0938 0.0799,
0.6346 0.0946 0.0816,
0.6346 0.0954 0.0834,
0.6346 0.0961 0.0852,
0.6346 0.0967 0.0870,
0.6346 0.0972 0.0889,
0.6346 0.0977 0.0907,
0.6346 0.0980 0.0926,
0.6346 0.0982 0.0946,
0.6346 0.0984 0.0965,
0.6346 0.0984 0.0984,
0.6346 0.0984 0.8110,
0.6346 0.0591 0.8504,
0.6346 -1.3243 0.9850,
0.6346 -1.3293 0.9872,
0.6346 -1.3277 0.9863,
0.6346 -1.3260 0.9856,
0.6346 -1.3207 0.9843,
0.6346 -1.3225 0.9846,
0.6346 -1.3189 0.9843,
0.6346 -1.3170 0.9843,
0.6346 -1.3134 0.9850,
0.6346 -1.3152 0.9846,
0.6346 -1.3117 0.9856,
0.6346 -1.3100 0.9864,
0.6346 -1.3084 0.9873,
0.6346 -1.2008 1.0547,
0.6346 -1.4827 1.0827,
0.6346 -1.1945 1.0585,
0.6346 -1.1880 1.0619,
0.6346 -1.1814 1.0651,
0.6346 -1.1746 1.0679,
0.6346 -1.1677 1.0704,
0.6346 -0.6627 1.0787,
0.6346 -0.6693 1.0827,
0.6346 -1.1172 1.0787,
0.6346 -1.1245 1.0786,
0.6346 -1.1318 1.0781,
0.6346 -1.1391 1.0772,
0.6346 -1.1464 1.0760,
0.6346 -1.1536 1.0745,
0.6346 -1.1607 1.0726,
0.5362 -1.5921 0.5490,
0.6346 -1.5927 0.5472,
0.6346 -1.5921 0.5490,
0.5362 -1.5927 0.5472,
0.5362 -1.5914 0.5508,
0.6346 -1.5914 0.5508,
0.5362 -1.5906 0.5525,
0.6346 -1.5906 0.5525,
0.5362 -1.5898 0.5541,
0.6346 -1.5898 0.5541,
0.5362 -1.5888 0.5557,
0.6346 -1.5888 0.5557,
0.5362 -1.5878 0.5573,
0.6346 -1.5878 0.5573,
0.5362 -1.5868 0.5589,
0.6346 -1.5868 0.5589,
0.5362 -1.5856 0.5603,
0.6346 -1.5856 0.5603,
0.5362 -1.5844 0.5617,
0.6346 -1.5844 0.5617,
0.5362 -1.5831 0.5631,
0.6346 -1.5831 0.5631,
0.5362 -1.5818 0.5644,
0.6346 -1.5818 0.5644,
0.5362 -1.5804 0.5656,
0.6346 -1.5804 0.5656,
0.5362 -1.5789 0.5668,
0.6346 -1.5789 0.5668,
0.5362 -1.5774 0.5679,
0.6346 -1.5774 0.5679,
0.6346 -1.5758 0.5689,
0.5362 -1.5758 0.5689,
0.6346 -1.5742 0.5699,
0.5362 -1.5742 0.5699,
0.6346 -1.3284 0.7062,
0.5362 -1.5742 0.5699,
0.6346 -1.5742 0.5699,
0.5362 -1.3284 0.7062,
0.5362 -1.3267 0.7070,
0.5362 -1.3284 0.7062,
0.6346 -1.3284 0.7062,
0.6346 -1.3267 0.7070,
0.5362 -1.3250 0.7077,
0.6346 -1.3250 0.7077,
0.5362 -1.3231 0.7082,
0.6346 -1.3231 0.7082,
0.5362 -1.3213 0.7085,
0.6346 -1.3213 0.7085,
0.5362 -1.3194 0.7087,
0.6346 -1.3194 0.7087,
0.5362 -1.3175 0.7086,
0.6346 -1.3175 0.7086,
0.5362 -1.3156 0.7084,
0.6346 -1.3156 0.7084,
0.5362 -1.3137 0.7080,
0.6346 -1.3137 0.7080,
0.5362 -1.3119 0.7074,
0.6346 -1.3119 0.7074,
0.5362 -1.3102 0.7066,
0.6346 -1.3102 0.7066,
0.6346 -1.3085 0.7057,
0.5362 -1.3085 0.7057,
0.5362 -1.3085 0.7057,
0.6346 -1.3085 0.7057,
0.6346 -1.2247 0.6535,
0.5362 -1.2247 0.6535,
0.5362 -1.2247 0.6535,
0.6346 -1.2247 0.6535,
0.6346 -0.7126 0.6535,
0.5362 -0.7126 0.6535,
0.6346 -0.6159 0.7349,
0.5362 -0.7126 0.6535,
0.6346 -0.7126 0.6535,
0.5362 -0.6159 0.7349,
0.5362 -0.6144 0.7361,
0.5362 -0.6159 0.7349,
0.6346 -0.6159 0.7349,
0.6346 -0.6144 0.7361,
0.5362 -0.6128 0.7372,
0.6346 -0.6128 0.7372,
0.5362 -0.6111 0.7383,
0.6346 -0.6111 0.7383,
0.5362 -0.6094 0.7393,
0.6346 -0.6094 0.7393,
0.5362 -0.6077 0.7402,
0.6346 -0.6077 0.7402,
0.5362 -0.6059 0.7410,
0.6346 -0.6059 0.7410,
0.5362 -0.6040 0.7417,
0.6346 -0.6040 0.7417,
0.5362 -0.6022 0.7423,
0.6346 -0.6022 0.7423,
0.5362 -0.6003 0.7429,
0.6346 -0.6003 0.7429,
0.5362 -0.5984 0.7433,
0.6346 -0.5984 0.7433,
0.5362 -0.5964 0.7437,
0.6346 -0.5964 0.7437,
0.5362 -0.5945 0.7439,
0.6346 -0.5945 0.7439,
0.5362 -0.5925 0.7440,
0.6346 -0.5925 0.7440,
0.5362 -0.5906 0.7441,
0.6346 -0.5906 0.7441,
4.0795 0.0591 0.8504,
4.1780 0.0591 0.8504,
4.1780 0.0984 0.8110,
4.0795 0.0984 0.8110,
4.0795 0.0984 0.8110,
4.1780 0.0984 0.8110,
4.1780 0.0984 0.0984,
4.0795 0.0984 0.0984,
4.0795 0.0984 0.0965,
4.0795 0.0984 0.0984,
4.1780 0.0984 0.0984,
4.1780 0.0984 0.0965,
4.0795 0.0982 0.0946,
4.1780 0.0982 0.0946,
4.0795 0.0980 0.0926,
4.1780 0.0980 0.0926,
4.0795 0.0977 0.0907,
4.1780 0.0977 0.0907,
4.0795 0.0972 0.0889,
4.1780 0.0972 0.0889,
4.0795 0.0967 0.0870,
4.1780 0.0967 0.0870,
4.0795 0.0961 0.0852,
4.1780 0.0961 0.0852,
4.0795 0.0954 0.0834,
4.1780 0.0954 0.0834,
4.0795 0.0946 0.0816,
4.1780 0.0946 0.0816,
4.0795 0.0938 0.0799,
4.1780 0.0938 0.0799,
4.0795 0.0928 0.0782,
4.1780 0.0928 0.0782,
4.0795 0.0918 0.0766,
4.1780 0.0918 0.0766,
4.1780 0.0907 0.0750,
4.0795 0.0907 0.0750,
4.0795 0.0895 0.0734,
4.1780 0.0895 0.0734,
4.0795 0.0882 0.0720,
4.1780 0.0882 0.0720,
4.0795 0.0869 0.0706,
4.1780 0.0869 0.0706,
4.0795 0.0855 0.0693,
4.1780 0.0855 0.0693,
4.0795 0.0840 0.0680,
4.1780 0.0840 0.0680,
4.0795 0.0825 0.0668,
4.1780 0.0825 0.0668,
4.0795 0.0809 0.0657,
4.1780 0.0809 0.0657,
4.0795 0.0793 0.0647,
4.1780 0.0793 0.0647,
4.0795 0.0776 0.0637,
4.1780 0.0776 0.0637,
4.1780 0.0759 0.0628,
4.0795 0.0759 0.0628,
4.1780 0.0741 0.0621,
4.0795 0.0741 0.0621,
4.0795 0.0723 0.0614,
4.1780 0.0723 0.0614,
4.0795 0.0705 0.0608,
4.1780 0.0705 0.0608,
4.0795 0.0686 0.0602,
4.1780 0.0686 0.0602,
4.1780 0.0667 0.0598,
4.0795 0.0667 0.0598,
4.0795 0.0648 0.0595,
4.1780 0.0648 0.0595,
4.0795 0.0629 0.0592,
4.1780 0.0629 0.0592,
4.1780 0.0610 0.0591,
4.0795 0.0610 0.0591,
4.0795 0.0591 0.0591,
4.1780 0.0591 0.0591,
4.0795 -1.3189 0.0591,
4.0795 0.0591 0.0591,
4.1780 0.0591 0.0591,
4.1780 -1.3189 0.0591,
4.0795 -1.3583 0.0197,
4.0795 -1.3582 0.0216,
4.1780 -1.3583 0.0197,
4.1780 -1.3582 0.0216,
4.0795 -1.3581 0.0235,
4.1780 -1.3581 0.0235,
4.0795 -1.3578 0.0255,
4.1780 -1.3578 0.0255,
4.0795 -1.3575 0.0274,
4.1780 -1.3575 0.0274,
4.0795 -1.3571 0.0293,
4.1780 -1.3571 0.0293,
4.0795 -1.3566 0.0311,
4.1780 -1.3566 0.0311,
4.0795 -1.3560 0.0329,
4.1780 -1.3560 0.0329,
4.0795 -1.3553 0.0348,
4.1780 -1.3553 0.0348,
4.0795 -1.3545 0.0365,
4.1780 -1.3545 0.0365,
4.0795 -1.3536 0.0382,
4.1780 -1.3536 0.0382,
4.0795 -1.3527 0.0399,
4.1780 -1.3527 0.0399,
4.0795 -1.3516 0.0416,
4.1780 -1.3516 0.0416,
4.0795 -1.3505 0.0431,
4.1780 -1.3505 0.0431,
4.0795 -1.3493 0.0447,
4.1780 -1.3493 0.0447,
4.0795 -1.3481 0.0461,
4.1780 -1.3481 0.0461,
4.0795 -1.3467 0.0475,
4.1780 -1.3467 0.0475,
4.0795 -1.3453 0.0489,
4.1780 -1.3453 0.0489,
4.0795 -1.3439 0.0501,
4.1780 -1.3439 0.0501,
4.0795 -1.3424 0.0513,
4.1780 -1.3424 0.0513,
4.1780 -1.3408 0.0524,
4.0795 -1.3408 0.0524,
4.0795 -1.3391 0.0535,
4.1780 -1.3391 0.0535,
4.0795 -1.3375 0.0544,
4.1780 -1.3375 0.0544,
4.0795 -1.3357 0.0553,
4.1780 -1.3357 0.0553,
4.0795 -1.3340 0.0561,
4.1780 -1.3340 0.0561,
4.0795 -1.3322 0.0568,
4.1780 -1.3322 0.0568,
4.0795 -1.3303 0.0574,
4.1780 -1.3303 0.0574,
4.1780 -1.3285 0.0579,
4.0795 -1.3285 0.0579,
4.0795 -1.3266 0.0583,
4.1780 -1.3266 0.0583,
4.1780 -1.3247 0.0586,
4.0795 -1.3247 0.0586,
4.0795 -1.3228 0.0589,
4.1780 -1.3228 0.0589,
4.0795 -1.3208 0.0590,
4.1780 -1.3208 0.0590,
4.0795 -1.3189 0.0591,
4.1780 -1.3189 0.0591,
4.0795 -1.3583 0.0197,
4.1780 -1.3583 0.0197,
4.1780 -1.3583 -1.2402,
4.0795 -1.3583 -1.2402,
4.1780 -1.4046 -1.3270,
4.0795 -1.3583 -1.2402,
4.1780 -1.3583 -1.2402,
4.0795 -1.4046 -1.3270,
4.0795 -1.4060 -1.3295,
4.0795 -1.4046 -1.3270,
4.1780 -1.4046 -1.3270,
4.1780 -1.4060 -1.3295,
4.0795 -1.4076 -1.3320,
4.1780 -1.4076 -1.3320,
4.0795 -1.4092 -1.3344,
4.1780 -1.4092 -1.3344,
4.0795 -1.4110 -1.3366,
4.1780 -1.4110 -1.3366,
4.0795 -1.4129 -1.3388,
4.1780 -1.4129 -1.3388,
4.0795 -1.4149 -1.3409,
4.1780 -1.4149 -1.3409,
4.0795 -1.4170 -1.3429,
4.1780 -1.4170 -1.3429,
4.0795 -1.4192 -1.3448,
4.1780 -1.4192 -1.3448,
4.0795 -1.4215 -1.3466,
4.1780 -1.4215 -1.3466,
4.0795 -1.4239 -1.3483,
4.1780 -1.4239 -1.3483,
4.0795 -1.4263 -1.3499,
4.1780 -1.4263 -1.3499,
4.0795 -1.4288 -1.3513,
4.1780 -1.4288 -1.3513,
4.0795 -1.4314 -1.3526,
4.1780 -1.4314 -1.3526,
4.0795 -1.4341 -1.3538,
4.1780 -1.4341 -1.3538,
4.1780 -1.4368 -1.3548,
4.0795 -1.4368 -1.3548,
4.0795 -1.4395 -1.3557,
4.1780 -1.4395 -1.3557,
4.0795 -1.4423 -1.3565,
4.1780 -1.4423 -1.3565,
4.0795 -1.4452 -1.3571,
4.1780 -1.4452 -1.3571,
4.0795 -1.4480 -1.3576,
4.1780 -1.4480 -1.3576,
4.1780 -1.4509 -1.3580,
4.0795 -1.4509 -1.3580,
4.0795 -1.4538 -1.3582,
4.1780 -1.4538 -1.3582,
4.0795 -1.4567 -1.3583,
4.1780 -1.4567 -1.3583,
4.0795 -1.4596 -1.3582,
4.1780 -1.4596 -1.3582,
4.0795 -1.4625 -1.3580,
4.1780 -1.4625 -1.3580,
4.0795 -1.4654 -1.3576,
4.1780 -1.4654 -1.3576,
4.1780 -1.4682 -1.3571,
4.0795 -1.4682 -1.3571,
4.0795 -1.4711 -1.3565,
4.1780 -1.4711 -1.3565,
4.0795 -1.4738 -1.3557,
4.1780 -1.4738 -1.3557,
4.0795 -1.4766 -1.3548,
4.1780 -1.4766 -1.3548,
4.0795 -1.4793 -1.3538,
4.1780 -1.4793 -1.3538,
4.1780 -1.4820 -1.3526,
4.0795 -1.4820 -1.3526,
4.0795 -1.4846 -1.3513,
4.1780 -1.4846 -1.3513,
4.0795 -1.4871 -1.3499,
4.1780 -1.4871 -1.3499,
4.0795 -1.4895 -1.3483,
4.1780 -1.4895 -1.3483,
4.0795 -1.4919 -1.3466,
4.1780 -1.4919 -1.3466,
4.0795 -1.4942 -1.3448,
4.1780 -1.4942 -1.3448,
4.0795 -1.4964 -1.3429,
4.1780 -1.4964 -1.3429,
4.0795 -1.4985 -1.3409,
4.1780 -1.4985 -1.3409,
4.0795 -1.5005 -1.3388,
4.1780 -1.5005 -1.3388,
4.1780 -1.5024 -1.3366,
4.0795 -1.5024 -1.3366,
4.0795 -1.5042 -1.3344,
4.1780 -1.5042 -1.3344,
4.1780 -1.5058 -1.3320,
4.0795 -1.5058 -1.3320,
4.0795 -1.5074 -1.3295,
4.1780 -1.5074 -1.3295,
4.0795 -1.5088 -1.3270,
4.1780 -1.5088 -1.3270,
4.1780 -1.5088 -1.3270,
4.1780 -1.5551 -1.2402,
4.0795 -1.5551 -1.2402,
4.0795 -1.5088 -1.3270,
4.1780 -1.5551 -1.2402,
4.0795 -1.5551 -0.0197,
4.0795 -1.5551 -1.2402,
4.1780 -1.5551 -0.0197,
4.6701 -1.5758 0.5689,
4.6701 -1.5742 0.5699,
4.6701 -1.5774 0.5679,
4.6701 -1.5789 0.5668,
4.6701 -1.5804 0.5656,
4.6701 -1.5818 0.5644,
4.6701 -1.5831 0.5631,
4.6701 -1.5844 0.5617,
4.6701 -1.5856 0.5603,
4.6701 -1.5868 0.5589,
4.6701 -1.5878 0.5573,
4.6701 -1.5888 0.5557,
4.6701 -1.5898 0.5541,
4.6701 -1.5906 0.5525,
4.6701 -1.5914 0.5508,
4.6701 -1.5921 0.5490,
4.6701 -1.5927 0.5472,
4.6701 -1.3213 0.7085,
4.6701 -1.3194 0.7087,
4.6701 -1.3231 0.7082,
4.6701 -1.3156 0.7084,
4.6701 -1.3137 0.7080,
4.6701 -1.3175 0.7086,
4.6701 -1.3250 0.7077,
4.6701 -1.3267 0.7070,
4.6701 -1.3102 0.7066,
4.6701 -1.3085 0.7057,
4.6701 -1.3119 0.7074,
4.6701 -1.3284 0.7062,
4.6701 -1.2247 0.6535,
4.6701 -0.6417 0.5472,
4.6701 -0.7126 0.6535,
4.6701 -0.5709 0.5945,
4.6701 -0.5709 0.7043,
4.6701 -1.3277 0.9863,
4.6701 -1.3243 0.9850,
4.6701 -1.3260 0.9856,
4.6701 -1.3207 0.9843,
4.6701 -1.3225 0.9846,
4.6701 -1.3189 0.9843,
4.6701 -1.3170 0.9843,
4.6701 -1.3134 0.9850,
4.6701 -1.3152 0.9846,
4.6701 -1.3117 0.9856,
4.6701 -1.3293 0.9872,
4.6701 -1.3100 0.9864,
4.6701 -1.3084 0.9873,
4.6701 -1.4827 1.0827,
4.6701 -1.2008 1.0547,
4.6701 -1.1945 1.0585,
4.6701 -1.1880 1.0619,
4.6701 -1.1814 1.0651,
4.6701 -1.1746 1.0679,
4.6701 -1.1677 1.0704,
4.6701 -0.6693 1.0827,
4.6701 -0.6627 1.0787,
4.6701 -1.1172 1.0787,
4.6701 -1.1245 1.0786,
4.6701 -1.1318 1.0781,
4.6701 -1.1391 1.0772,
4.6701 -1.1464 1.0760,
4.6701 -1.1536 1.0745,
4.6701 -1.1607 1.0726,
4.6701 -0.0999 -0.0043,
4.6701 0.0984 -0.0197,
4.6701 -0.0993 -0.0081,
4.6701 -0.0988 -0.0120,
4.6701 -0.0985 -0.0158,
4.6701 -0.0984 -0.0197,
4.6701 -0.1694 0.0587,
4.6701 0.0591 0.0984,
4.6701 -0.1656 0.0582,
4.6701 -0.1618 0.0575,
4.6701 -0.1580 0.0567,
4.6701 -0.1543 0.0557,
4.6701 -0.1506 0.0545,
4.6701 -0.1470 0.0531,
4.6701 -0.1435 0.0515,
4.6701 -0.1400 0.0498,
4.6701 -0.1367 0.0479,
4.6701 -0.1334 0.0458,
4.6701 -0.1303 0.0436,
4.6701 -0.1272 0.0412,
4.6701 -0.1243 0.0387,
4.6701 -0.1215 0.0360,
4.6701 -0.1188 0.0332,
4.6701 -0.1163 0.0303,
4.6701 -0.1139 0.0272,
4.6701 -0.1117 0.0241,
4.6701 -0.1096 0.0208,
4.6701 -0.1077 0.0174,
4.6701 -0.1060 0.0140,
4.6701 -0.1044 0.0104,
4.6701 -0.1030 0.0068,
4.6701 -0.1018 0.0032,
4.6701 -0.1008 -0.0006,
4.6701 0.0984 0.8110,
4.6701 0.0591 0.8504,
4.6701 -1.2913 0.0984,
4.6701 -0.1772 0.0591,
4.6701 -1.2480 0.0591,
4.6701 -0.1733 0.0590,
4.7685 -0.5709 0.7043,
4.6701 -0.7126 0.6535,
4.7685 -0.7126 0.6535,
4.6701 -0.5709 0.7043,
4.7685 -1.5742 0.5699,
4.7685 -1.5758 0.5689,
4.7685 -1.5774 0.5679,
4.7685 -1.5789 0.5668,
4.7685 -1.5804 0.5656,
4.7685 -1.5818 0.5644,
4.7685 -1.5831 0.5631,
4.7685 -1.5844 0.5617,
4.7685 -1.5856 0.5603,
4.7685 -1.5868 0.5589,
4.7685 -1.5878 0.5573,
4.7685 -1.5888 0.5557,
4.7685 -1.5898 0.5541,
4.7685 -1.5906 0.5525,
4.7685 -1.5914 0.5508,
4.7685 -1.5921 0.5490,
4.7685 -1.5927 0.5472,
4.7685 -1.3194 0.7087,
4.7685 -1.3213 0.7085,
4.7685 -1.3231 0.7082,
4.7685 -1.3137 0.7080,
4.7685 -1.3156 0.7084,
4.7685 -1.3175 0.7086,
4.7685 -1.3250 0.7077,
4.7685 -1.3267 0.7070,
4.7685 -1.3085 0.7057,
4.7685 -1.3102 0.7066,
4.7685 -1.3119 0.7074,
4.7685 -1.3284 0.7062,
4.7685 -1.2247 0.6535,
4.7685 -0.6417 0.5472,
4.7685 -0.7126 0.6535,
4.7685 -0.5709 0.5945,
4.7685 -0.5709 0.7043,
4.7685 -1.3243 0.9850,
4.7685 -1.3293 0.9872,
4.7685 -1.3277 0.9863,
4.7685 -1.3260 0.9856,
4.7685 -1.3207 0.9843,
4.7685 -1.3225 0.9846,
4.7685 -1.3189 0.9843,
4.7685 -1.3170 0.9843,
4.7685 -1.3134 0.9850,
4.7685 -1.3152 0.9846,
4.7685 -1.3117 0.9856,
4.7685 -1.3100 0.9864,
4.7685 -1.3084 0.9873,
4.7685 -1.2008 1.0547,
4.7685 -1.4827 1.0827,
4.7685 -1.1945 1.0585,
4.7685 -1.1880 1.0619,
4.7685 -1.1814 1.0651,
4.7685 -1.1746 1.0679,
4.7685 -1.1677 1.0704,
4.7685 -0.6627 1.0787,
4.7685 -0.6693 1.0827,
4.7685 -1.1172 1.0787,
4.7685 -1.1245 1.0786,
4.7685 -1.1318 1.0781,
4.7685 -1.1391 1.0772,
4.7685 -1.1464 1.0760,
4.7685 -1.1536 1.0745,
4.7685 -1.1607 1.0726,
4.7685 0.0984 -0.0197,
4.7685 -0.0999 -0.0043,
4.7685 -0.0993 -0.0081,
4.7685 -0.0988 -0.0120,
4.7685 -0.0985 -0.0158,
4.7685 -0.0984 -0.0197,
4.7685 0.0591 0.0984,
4.7685 -0.1694 0.0587,
4.7685 -0.1656 0.0582,
4.7685 -0.1618 0.0575,
4.7685 -0.1580 0.0567,
4.7685 -0.1543 0.0557,
4.7685 -0.1506 0.0545,
4.7685 -0.1470 0.0531,
4.7685 -0.1435 0.0515,
4.7685 -0.1400 0.0498,
4.7685 -0.1367 0.0479,
4.7685 -0.1334 0.0458,
4.7685 -0.1303 0.0436,
4.7685 -0.1272 0.0412,
4.7685 -0.1243 0.0387,
4.7685 -0.1215 0.0360,
4.7685 -0.1188 0.0332,
4.7685 -0.1163 0.0303,
4.7685 -0.1139 0.0272,
4.7685 -0.1117 0.0241,
4.7685 -0.1096 0.0208,
4.7685 -0.1077 0.0174,
4.7685 -0.1060 0.0140,
4.7685 -0.1044 0.0104,
4.7685 -0.1030 0.0068,
4.7685 -0.1018 0.0032,
4.7685 -0.1008 -0.0006,
4.7685 0.0984 0.8110,
4.7685 0.0591 0.8504,
4.7685 -1.2913 0.0984,
4.7685 -0.1772 0.0591,
4.7685 -1.2480 0.0591,
4.7685 -0.1733 0.0590,
4.6701 -1.5921 0.5490,
4.7685 -1.5927 0.5472,
4.7685 -1.5921 0.5490,
4.6701 -1.5927 0.5472,
4.6701 -1.5914 0.5508,
4.7685 -1.5914 0.5508,
4.6701 -1.5906 0.5525,
4.7685 -1.5906 0.5525,
4.6701 -1.5898 0.5541,
4.7685 -1.5898 0.5541,
4.6701 -1.5888 0.5557,
4.7685 -1.5888 0.5557,
4.6701 -1.5878 0.5573,
4.7685 -1.5878 0.5573,
4.6701 -1.5868 0.5589,
4.7685 -1.5868 0.5589,
4.6701 -1.5856 0.5603,
4.7685 -1.5856 0.5603,
4.6701 -1.5844 0.5617,
4.7685 -1.5844 0.5617,
4.6701 -1.5831 0.5631,
4.7685 -1.5831 0.5631,
4.6701 -1.5818 0.5644,
4.7685 -1.5818 0.5644,
4.6701 -1.5804 0.5656,
4.7685 -1.5804 0.5656,
4.6701 -1.5789 0.5668,
4.7685 -1.5789 0.5668,
4.6701 -1.5774 0.5679,
4.7685 -1.5774 0.5679,
4.7685 -1.5758 0.5689,
4.6701 -1.5758 0.5689,
4.7685 -1.5742 0.5699,
4.6701 -1.5742 0.5699,
4.7685 -1.3284 0.7062,
4.6701 -1.5742 0.5699,
4.7685 -1.5742 0.5699,
4.6701 -1.3284 0.7062,
4.6701 -1.3267 0.7070,
4.6701 -1.3284 0.7062,
4.7685 -1.3284 0.7062,
4.7685 -1.3267 0.7070,
4.6701 -1.3250 0.7077,
4.7685 -1.3250 0.7077,
4.6701 -1.3231 0.7082,
4.7685 -1.3231 0.7082,
4.6701 -1.3213 0.7085,
4.7685 -1.3213 0.7085,
4.6701 -1.3194 0.7087,
4.7685 -1.3194 0.7087,
4.6701 -1.3175 0.7086,
4.7685 -1.3175 0.7086,
4.6701 -1.3156 0.7084,
4.7685 -1.3156 0.7084,
4.6701 -1.3137 0.7080,
4.7685 -1.3137 0.7080,
4.6701 -1.3119 0.7074,
4.7685 -1.3119 0.7074,
4.7685 -1.3102 0.7066,
4.6701 -1.3102 0.7066,
4.7685 -1.3085 0.7057,
4.6701 -1.3085 0.7057,
4.6701 -1.3085 0.7057,
4.7685 -1.3085 0.7057,
4.7685 -1.2247 0.6535,
4.6701 -1.2247 0.6535,
4.6701 -1.2247 0.6535,
4.7685 -1.2247 0.6535,
4.7685 -0.7126 0.6535,
4.6701 -0.7126 0.6535,
4.6701 -1.1172 1.0787,
4.7685 -0.6627 1.0787,
4.7685 -1.1172 1.0787,
4.6701 -0.6627 1.0787,
4.6701 -1.2008 1.0547,
4.6701 -1.1945 1.0585,
4.7685 -1.2008 1.0547,
4.7685 -1.1945 1.0585,
4.6701 -1.1880 1.0619,
4.7685 -1.1880 1.0619,
4.6701 -1.1814 1.0651,
4.7685 -1.1814 1.0651,
4.6701 -1.1746 1.0679,
4.7685 -1.1746 1.0679,
4.6701 -1.1677 1.0704,
4.7685 -1.1677 1.0704,
4.6701 -1.1607 1.0726,
4.7685 -1.1607 1.0726,
4.6701 -1.1536 1.0745,
4.7685 -1.1536 1.0745,
4.6701 -1.1464 1.0760,
4.7685 -1.1464 1.0760,
4.6701 -1.1391 1.0772,
4.7685 -1.1391 1.0772,
4.6701 -1.1318 1.0781,
4.7685 -1.1318 1.0781,
4.6701 -1.1245 1.0786,
4.7685 -1.1245 1.0786,
4.6701 -1.1172 1.0787,
4.7685 -1.1172 1.0787,
4.7685 -1.3084 0.9873,
4.6701 -1.2008 1.0547,
4.7685 -1.2008 1.0547,
4.6701 -1.3084 0.9873,
4.6701 -1.3100 0.9864,
4.6701 -1.3084 0.9873,
4.7685 -1.3084 0.9873,
4.7685 -1.3100 0.9864,
4.6701 -1.3117 0.9856,
4.7685 -1.3117 0.9856,
4.6701 -1.3134 0.9850,
4.7685 -1.3134 0.9850,
4.6701 -1.3152 0.9846,
4.7685 -1.3152 0.9846,
4.6701 -1.3170 0.9843,
4.7685 -1.3170 0.9843,
4.6701 -1.3189 0.9843,
4.7685 -1.3189 0.9843,
4.6701 -1.3207 0.9843,
4.7685 -1.3207 0.9843,
4.6701 -1.3225 0.9846,
4.7685 -1.3225 0.9846,
4.6701 -1.3243 0.9850,
4.7685 -1.3243 0.9850,
4.7685 -1.3260 0.9856,
4.6701 -1.3260 0.9856,
4.6701 -1.3277 0.9863,
4.7685 -1.3277 0.9863,
4.7685 -1.3293 0.9872,
4.6701 -1.3293 0.9872,
4.6701 -1.4827 1.0827,
4.6701 -1.3293 0.9872,
4.7685 -1.3293 0.9872,
4.7685 -1.4827 1.0827,
4.6701 -0.1772 0.0591,
4.6701 -0.1733 0.0590,
4.7685 -0.1772 0.0591,
4.7685 -0.1733 0.0590,
4.6701 -0.1694 0.0587,
4.7685 -0.1694 0.0587,
4.6701 -0.1656 0.0582,
4.7685 -0.1656 0.0582,
4.6701 -0.1618 0.0575,
4.7685 -0.1618 0.0575,
4.6701 -0.1580 0.0567,
4.7685 -0.1580 0.0567,
4.6701 -0.1543 0.0557,
4.7685 -0.1543 0.0557,
4.6701 -0.1506 0.0545,
4.7685 -0.1506 0.0545,
4.6701 -0.1470 0.0531,
4.7685 -0.1470 0.0531,
4.6701 -0.1435 0.0515,
4.7685 -0.1435 0.0515,
4.6701 -0.1400 0.0498,
4.7685 -0.1400 0.0498,
4.6701 -0.1367 0.0479,
4.7685 -0.1367 0.0479,
4.6701 -0.1334 0.0458,
4.7685 -0.1334 0.0458,
4.6701 -0.1303 0.0436,
4.7685 -0.1303 0.0436,
4.6701 -0.1272 0.0412,
4.7685 -0.1272 0.0412,
4.6701 -0.1243 0.0387,
4.7685 -0.1243 0.0387,
4.6701 -0.1215 0.0360,
4.7685 -0.1215 0.0360,
4.7685 -0.1188 0.0332,
4.6701 -0.1188 0.0332,
4.6701 -0.1163 0.0303,
4.7685 -0.1163 0.0303,
4.6701 -0.1139 0.0272,
4.7685 -0.1139 0.0272,
4.7685 -0.1117 0.0241,
4.6701 -0.1117 0.0241,
4.6701 -0.1096 0.0208,
4.7685 -0.1096 0.0208,
4.6701 -0.1077 0.0174,
4.7685 -0.1077 0.0174,
4.6701 -0.1060 0.0140,
4.7685 -0.1060 0.0140,
4.6701 -0.1044 0.0104,
4.7685 -0.1044 0.0104,
4.6701 -0.1030 0.0068,
4.7685 -0.1030 0.0068,
4.6701 -0.1018 0.0032,
4.7685 -0.1018 0.0032,
4.7685 -0.1008 -0.0006,
4.6701 -0.1008 -0.0006,
4.6701 -0.0999 -0.0043,
4.7685 -0.0999 -0.0043,
4.7685 -0.0993 -0.0081,
4.6701 -0.0993 -0.0081,
4.6701 -0.0988 -0.0120,
4.7685 -0.0988 -0.0120,
4.6701 -0.0985 -0.0158,
4.7685 -0.0985 -0.0158,
4.6701 -0.0984 -0.0197,
4.7685 -0.0984 -0.0197,
-0.0543 -0.0984 -0.3189,
0.0441 -0.0984 -0.0197,
-0.0543 -0.0984 -0.0197,
0.0441 -0.0984 -0.3523,
-0.1052 -0.0984 -0.5469,
-0.1833 -0.0984 -0.4870,
-0.1063 -0.0984 -0.5484,
-0.1871 -0.0984 -0.4922,
-0.1907 -0.0984 -0.4975,
-0.1073 -0.0984 -0.5499,
-0.1940 -0.0984 -0.5031,
-0.1083 -0.0984 -0.5515,
-0.1092 -0.0984 -0.5531,
-0.1970 -0.0984 -0.5088,
-0.1998 -0.0984 -0.5146,
-0.1099 -0.0984 -0.5548,
-0.2023 -0.0984 -0.5205,
-0.1107 -0.0984 -0.5565,
-0.2045 -0.0984 -0.5266,
-0.1113 -0.0984 -0.5582,
-0.2064 -0.0984 -0.5327,
-0.1118 -0.0984 -0.5600,
-0.2081 -0.0984 -0.5389,
-0.1123 -0.0984 -0.5617,
-0.2094 -0.0984 -0.5452,
-0.1127 -0.0984 -0.5635,
-0.2105 -0.0984 -0.5516,
-0.1130 -0.0984 -0.5654,
-0.2112 -0.0984 -0.5580,
-0.1132 -0.0984 -0.5672,
-0.1133 -0.0984 -0.5690,
-0.2117 -0.0984 -0.5644,
-0.2118 -0.0984 -0.5709,
-0.1134 -0.0984 -0.5709,
-0.1133 -0.0984 -0.5728,
-0.2116 -0.0984 -0.5776,
-0.1132 -0.0984 -0.5747,
-0.2111 -0.0984 -0.5844,
-0.1130 -0.0984 -0.5766,
-0.2103 -0.0984 -0.5911,
-0.1126 -0.0984 -0.5785,
-0.2092 -0.0984 -0.5978,
-0.1122 -0.0984 -0.5804,
-0.2077 -0.0984 -0.6044,
-0.2059 -0.0984 -0.6109,
-0.1117 -0.0984 -0.5823,
0.0365 -0.0984 -1.0706,
-0.0577 -0.0984 -1.0992,
0.0388 -0.0984 -1.0790,
-0.0567 -0.0984 -1.1029,
0.0407 -0.0984 -1.0875,
-0.0558 -0.0984 -1.1067,
0.0422 -0.0984 -1.0960,
-0.0552 -0.0984 -1.1105,
0.0432 -0.0984 -1.1047,
-0.0547 -0.0984 -1.1143,
-0.0544 -0.0984 -1.1182,
0.0439 -0.0984 -1.1134,
0.0441 -0.0984 -1.1220,
-0.0543 -0.0984 -1.1220,
0.0441 -0.0984 -1.2402,
-0.0543 -0.0984 -1.2402,
4.6602 -0.0984 -0.3181,
4.7685 -0.0984 -0.0197,
4.6701 -0.0984 -0.0197,
4.6602 -0.0984 -0.0197,
4.7783 -0.0984 -0.3189,
4.7783 -0.0984 -0.0197,
4.8113 -0.0984 -0.5493,
4.8937 -0.0984 -0.4955,
4.8972 -0.0984 -0.5012,
4.8123 -0.0984 -0.5509,
4.9004 -0.0984 -0.5070,
4.8132 -0.0984 -0.5526,
4.9034 -0.0984 -0.5129,
4.8141 -0.0984 -0.5543,
4.8148 -0.0984 -0.5561,
4.9060 -0.0984 -0.5190,
4.9084 -0.0984 -0.5252,
4.8155 -0.0984 -0.5578,
4.9104 -0.0984 -0.5316,
4.8161 -0.0984 -0.5596,
4.9122 -0.0984 -0.5380,
4.8166 -0.0984 -0.5615,
4.9136 -0.0984 -0.5445,
4.8170 -0.0984 -0.5633,
4.8173 -0.0984 -0.5652,
4.9147 -0.0984 -0.5510,
4.9155 -0.0984 -0.5576,
4.8175 -0.0984 -0.5671,
4.9160 -0.0984 -0.5642,
4.8177 -0.0984 -0.5690,
4.8177 -0.0984 -0.5709,
4.9161 -0.0984 -0.5709,
4.9160 -0.0984 -0.5774,
4.8177 -0.0984 -0.5727,
4.8175 -0.0984 -0.5746,
4.9155 -0.0984 -0.5839,
4.8173 -0.0984 -0.5764,
4.9148 -0.0984 -0.5903,
4.8170 -0.0984 -0.5783,
4.9137 -0.0984 -0.5968,
4.7193 -0.0984 -1.0887,
4.8160 -0.0984 -1.1072,
4.7179 -0.0984 -1.0970,
4.8153 -0.0984 -1.1109,
4.8149 -0.0984 -1.1146,
4.7169 -0.0984 -1.1053,
4.8146 -0.0984 -1.1183,
4.7163 -0.0984 -1.1137,
4.8146 -0.0984 -1.1220,
4.7161 -0.0984 -1.1220,
4.8146 -0.0984 -1.2402,
4.7161 -0.0984 -1.2402,
-0.0543 0.0984 -1.2402,
-0.0543 0.0591 -1.3583,
-0.0543 -0.0591 -1.3583,
-0.0543 -0.0984 -1.2402,
-0.0543 0.0984 -1.1220,
-0.0543 -0.0984 -1.1220,
-0.0543 0.0591 -1.3583,
-0.0543 0.0984 -1.2402,
0.0441 0.0984 -1.2402,
0.0441 0.0591 -1.3583,
-0.0543 -0.0591 -1.3583,
0.0441 0.0591 -1.3583,
0.0441 -0.0591 -1.3583,
-0.0543 0.0591 -1.3583,
0.0441 -0.0591 -1.3583,
0.0441 -0.0984 -1.2402,
-0.0543 -0.0984 -1.2402,
-0.0543 -0.0591 -1.3583,
0.0441 0.0984 -1.2402,
0.0441 -0.0984 -1.1220,
0.0441 -0.0984 -1.2402,
0.0441 -0.0591 -1.3583,
0.0441 0.0591 -1.3583,
0.0441 0.0984 -1.1220,
0.0388 0.0984 -1.0790,
0.0365 0.0984 -1.0706,
0.0365 -0.0984 -1.0706,
0.0388 -0.0984 -1.0790,
0.0407 0.0984 -1.0875,
0.0407 -0.0984 -1.0875,
0.0422 0.0984 -1.0960,
0.0422 -0.0984 -1.0960,
0.0432 0.0984 -1.1047,
0.0432 -0.0984 -1.1047,
0.0439 0.0984 -1.1134,
0.0439 -0.0984 -1.1134,
0.0441 0.0984 -1.1220,
0.0441 -0.0984 -1.1220,
4.7161 0.0984 -1.1220,
4.8146 0.0984 -1.1183,
4.8146 0.0984 -1.1220,
4.8146 0.0984 -1.2402,
4.7161 0.0984 -1.2402,
4.7163 0.0984 -1.1137,
4.7169 0.0984 -1.1053,
4.8153 0.0984 -1.1109,
4.8149 0.0984 -1.1146,
4.7179 0.0984 -1.0970,
4.8160 0.0984 -1.1072,
4.7193 0.0984 -1.0887,
4.9137 0.0984 -0.5968,
4.8170 0.0984 -0.5783,
4.9148 0.0984 -0.5903,
4.8173 0.0984 -0.5764,
4.9155 0.0984 -0.5839,
4.8175 0.0984 -0.5746,
4.9160 0.0984 -0.5774,
4.8177 0.0984 -0.5727,
4.9161 0.0984 -0.5709,
4.8177 0.0984 -0.5709,
4.8177 0.0984 -0.5690,
4.9160 0.0984 -0.5642,
4.8175 0.0984 -0.5671,
4.9155 0.0984 -0.5576,
4.8173 0.0984 -0.5652,
4.9147 0.0984 -0.5510,
4.8170 0.0984 -0.5633,
4.9136 0.0984 -0.5445,
4.8166 0.0984 -0.5615,
4.9122 0.0984 -0.5380,
4.8161 0.0984 -0.5596,
4.9104 0.0984 -0.5316,
4.8155 0.0984 -0.5578,
4.9084 0.0984 -0.5252,
4.8148 0.0984 -0.5561,
4.9060 0.0984 -0.5190,
4.8141 0.0984 -0.5543,
4.9034 0.0984 -0.5129,
4.8132 0.0984 -0.5526,
4.9004 0.0984 -0.5070,
4.8123 0.0984 -0.5509,
4.8972 0.0984 -0.5012,
4.8113 0.0984 -0.5493,
4.8937 0.0984 -0.4955,
4.7783 0.0984 -0.3189,
4.6602 0.0984 -0.3181,
4.7685 0.0984 -0.0197,
4.7783 0.0984 -0.0197,
4.6701 0.0984 -0.0197,
4.6602 0.0984 -0.0197,
4.6701 0.0984 0.8110,
4.7685 0.0984 0.8110,
-0.0543 0.0984 -1.1220,
0.0441 0.0984 -1.1220,
0.0441 0.0984 -1.2402,
-0.0543 0.0984 -1.2402,
-0.0544 0.0984 -1.1182,
0.0439 0.0984 -1.1134,
-0.0547 0.0984 -1.1143,
0.0432 0.0984 -1.1047,
-0.0552 0.0984 -1.1105,
0.0422 0.0984 -1.0960,
-0.0558 0.0984 -1.1067,
0.0407 0.0984 -1.0875,
-0.0567 0.0984 -1.1029,
0.0365 0.0984 -1.0706,
0.0388 0.0984 -1.0790,
-0.0577 0.0984 -1.0992,
-0.2059 0.0984 -0.6109,
-0.1122 0.0984 -0.5804,
-0.1117 0.0984 -0.5823,
-0.2077 0.0984 -0.6044,
-0.2092 0.0984 -0.5978,
-0.1126 0.0984 -0.5785,
-0.2103 0.0984 -0.5911,
-0.1130 0.0984 -0.5766,
-0.2111 0.0984 -0.5844,
-0.1132 0.0984 -0.5747,
-0.2116 0.0984 -0.5776,
-0.1133 0.0984 -0.5728,
-0.2118 0.0984 -0.5709,
-0.1133 0.0984 -0.5690,
-0.1134 0.0984 -0.5709,
-0.2117 0.0984 -0.5644,
-0.2112 0.0984 -0.5580,
-0.1132 0.0984 -0.5672,
-0.2105 0.0984 -0.5516,
-0.1130 0.0984 -0.5654,
-0.2094 0.0984 -0.5452,
-0.1127 0.0984 -0.5635,
-0.2081 0.0984 -0.5389,
-0.1123 0.0984 -0.5617,
-0.2064 0.0984 -0.5327,
-0.1118 0.0984 -0.5600,
-0.2045 0.0984 -0.5266,
-0.1113 0.0984 -0.5582,
-0.2023 0.0984 -0.5205,
-0.1107 0.0984 -0.5565,
-0.1998 0.0984 -0.5146,
-0.1099 0.0984 -0.5548,
-0.1970 0.0984 -0.5088,
-0.1092 0.0984 -0.5531,
-0.1940 0.0984 -0.5031,
-0.1083 0.0984 -0.5515,
-0.1907 0.0984 -0.4975,
-0.1073 0.0984 -0.5499,
-0.1871 0.0984 -0.4922,
-0.1052 0.0984 -0.5469,
-0.1063 0.0984 -0.5484,
-0.1833 0.0984 -0.4870,
-0.0543 0.0984 -0.3189,
0.0441 0.0984 -0.3523,
0.0441 0.0984 0.8110,
-0.0543 0.0984 0.8110,
4.7161 0.0591 -1.3583,
4.7161 0.0984 -1.2402,
4.8146 0.0984 -1.2402,
4.8146 0.0591 -1.3583,
4.7161 0.0984 -1.2402,
4.7161 0.0591 -1.3583,
4.7161 -0.0591 -1.3583,
4.7161 -0.0984 -1.2402,
4.7161 0.0984 -1.1220,
4.7161 -0.0984 -1.1220,
4.7163 0.0984 -1.1137,
4.7161 0.0984 -1.1220,
4.7161 -0.0984 -1.1220,
4.7163 -0.0984 -1.1137,
4.7169 -0.0984 -1.1053,
4.7169 0.0984 -1.1053,
4.7179 -0.0984 -1.0970,
4.7179 0.0984 -1.0970,
4.7193 -0.0984 -1.0887,
4.7193 0.0984 -1.0887,
4.8170 -0.0984 -0.5783,
4.7193 0.0984 -1.0887,
4.7193 -0.0984 -1.0887,
4.8170 0.0984 -0.5783,
4.8177 -0.0984 -0.5709,
4.8177 0.0984 -0.5709,
4.8177 -0.0984 -0.5727,
4.8177 0.0984 -0.5727,
4.8175 -0.0984 -0.5746,
4.8175 0.0984 -0.5746,
4.8173 -0.0984 -0.5764,
4.8173 0.0984 -0.5764,
4.8170 -0.0984 -0.5783,
4.8170 0.0984 -0.5783,
4.6602 -0.0984 -0.3181,
4.8113 0.0984 -0.5493,
4.8113 -0.0984 -0.5493,
4.6602 0.0984 -0.3181,
4.6602 0.0984 -0.0197,
4.6602 0.0984 -0.3181,
4.6602 -0.0984 -0.3181,
4.6602 -0.0984 -0.0197,
4.7685 -0.0984 -0.0197,
4.7783 -0.0984 -0.0197,
4.7783 0.0984 -0.0197,
4.7685 0.0984 -0.0197,
4.6602 -0.0984 -0.0197,
4.6701 -0.0984 -0.0197,
4.6701 0.0984 -0.0197,
4.6602 0.0984 -0.0197,
4.7783 0.0984 -0.0197,
4.7783 -0.0984 -0.0197,
4.7783 -0.0984 -0.3189,
4.7783 0.0984 -0.3189,
4.7783 0.0984 -0.3189,
4.7783 -0.0984 -0.3189,
4.8937 -0.0984 -0.4955,
4.8937 0.0984 -0.4955,
4.8146 0.0984 -1.1220,
4.8146 0.0984 -1.1183,
4.8146 -0.0984 -1.1220,
4.8146 -0.0984 -1.1183,
4.8149 0.0984 -1.1146,
4.8149 -0.0984 -1.1146,
4.8153 0.0984 -1.1109,
4.8153 -0.0984 -1.1109,
4.8160 0.0984 -1.1072,
4.8160 -0.0984 -1.1072,
4.8146 0.0984 -1.2402,
4.8146 -0.0984 -1.1220,
4.8146 -0.0984 -1.2402,
4.8146 -0.0591 -1.3583,
4.8146 0.0591 -1.3583,
4.8146 0.0984 -1.1220,
4.7161 -0.0591 -1.3583,
4.8146 0.0591 -1.3583,
4.8146 -0.0591 -1.3583,
4.7161 0.0591 -1.3583,
4.8146 -0.0591 -1.3583,
4.8146 -0.0984 -1.2402,
4.7161 -0.0984 -1.2402,
4.7161 -0.0591 -1.3583,
4.6701 0.0591 0.8504,
4.7685 0.0591 0.8504,
4.7685 0.0984 0.8110,
4.6701 0.0984 0.8110,
-0.1117 0.0984 -0.5823,
-0.1117 -0.0984 -0.5823,
0.0365 -0.0984 -1.0706,
0.0365 0.0984 -1.0706,
-0.1117 -0.0984 -0.5823,
-0.1117 0.0984 -0.5823,
-0.1122 -0.0984 -0.5804,
-0.1122 0.0984 -0.5804,
-0.1126 -0.0984 -0.5785,
-0.1126 0.0984 -0.5785,
-0.1130 -0.0984 -0.5766,
-0.1130 0.0984 -0.5766,
-0.1132 -0.0984 -0.5747,
-0.1132 0.0984 -0.5747,
-0.1133 -0.0984 -0.5728,
-0.1133 0.0984 -0.5728,
-0.1134 -0.0984 -0.5709,
-0.1134 0.0984 -0.5709,
0.0441 -0.0984 -0.3523,
-0.1052 -0.0984 -0.5469,
-0.1052 0.0984 -0.5469,
0.0441 0.0984 -0.3523,
-0.0543 0.0591 0.8504,
0.0441 0.0591 0.8504,
0.0441 0.0984 0.8110,
-0.0543 0.0984 0.8110,
-0.0543 -0.0984 -0.3189,
-0.1833 0.0984 -0.4870,
-0.1833 -0.0984 -0.4870,
-0.0543 0.0984 -0.3189,
-0.2059 -0.0984 -0.6109,
-0.0577 0.0984 -1.0992,
-0.0577 -0.0984 -1.0992,
-0.2059 0.0984 -0.6109,
-0.0577 -0.0984 -1.0992,
-0.0577 0.0984 -1.0992,
-0.0567 -0.0984 -1.1029,
-0.0567 0.0984 -1.1029,
-0.0558 -0.0984 -1.1067,
-0.0558 0.0984 -1.1067,
-0.0552 -0.0984 -1.1105,
-0.0552 0.0984 -1.1105,
-0.0547 -0.0984 -1.1143,
-0.0547 0.0984 -1.1143,
-0.0544 -0.0984 -1.1182,
-0.0544 0.0984 -1.1182,
-0.0543 -0.0984 -1.1220,
-0.0543 0.0984 -1.1220,
-0.0543 -0.1772 0.0591,
-0.0543 -0.1733 0.0590,
0.0441 -0.1772 0.0591,
0.0441 -0.1733 0.0590,
-0.0543 -0.1694 0.0587,
0.0441 -0.1694 0.0587,
-0.0543 -0.1656 0.0582,
0.0441 -0.1656 0.0582,
-0.0543 -0.1618 0.0575,
0.0441 -0.1618 0.0575,
-0.0543 -0.1580 0.0567,
0.0441 -0.1580 0.0567,
-0.0543 -0.1543 0.0557,
0.0441 -0.1543 0.0557,
-0.0543 -0.1506 0.0545,
0.0441 -0.1506 0.0545,
-0.0543 -0.1470 0.0531,
0.0441 -0.1470 0.0531,
-0.0543 -0.1435 0.0515,
0.0441 -0.1435 0.0515,
-0.0543 -0.1400 0.0498,
0.0441 -0.1400 0.0498,
-0.0543 -0.1367 0.0479,
0.0441 -0.1367 0.0479,
-0.0543 -0.1334 0.0458,
0.0441 -0.1334 0.0458,
-0.0543 -0.1303 0.0436,
0.0441 -0.1303 0.0436,
-0.0543 -0.1272 0.0412,
0.0441 -0.1272 0.0412,
-0.0543 -0.1243 0.0387,
0.0441 -0.1243 0.0387,
-0.0543 -0.1215 0.0360,
0.0441 -0.1215 0.0360,
0.0441 -0.1188 0.0332,
-0.0543 -0.1188 0.0332,
-0.0543 -0.1163 0.0303,
0.0441 -0.1163 0.0303,
-0.0543 -0.1139 0.0272,
0.0441 -0.1139 0.0272,
0.0441 -0.1117 0.0241,
-0.0543 -0.1117 0.0241,
-0.0543 -0.1096 0.0208,
0.0441 -0.1096 0.0208,
-0.0543 -0.1077 0.0174,
0.0441 -0.1077 0.0174,
-0.0543 -0.1060 0.0140,
0.0441 -0.1060 0.0140,
-0.0543 -0.1044 0.0104,
0.0441 -0.1044 0.0104,
-0.0543 -0.1030 0.0068,
0.0441 -0.1030 0.0068,
-0.0543 -0.1018 0.0032,
0.0441 -0.1018 0.0032,
0.0441 -0.1008 -0.0006,
-0.0543 -0.1008 -0.0006,
-0.0543 -0.0999 -0.0043,
0.0441 -0.0999 -0.0043,
0.0441 -0.0993 -0.0081,
-0.0543 -0.0993 -0.0081,
-0.0543 -0.0988 -0.0120,
0.0441 -0.0988 -0.0120,
-0.0543 -0.0985 -0.0158,
0.0441 -0.0985 -0.0158,
-0.0543 -0.0984 -0.0197,
0.0441 -0.0984 -0.0197,
-0.0543 -1.2480 0.0591,
-0.0543 -0.1772 0.0591,
0.0441 -0.1772 0.0591,
0.0441 -1.2480 0.0591,
-0.0543 -1.2913 0.0984,
-0.0543 -1.2480 0.0591,
0.0441 -1.2480 0.0591,
0.0441 -1.2913 0.0984,
4.6701 -1.2480 0.0591,
4.6701 -0.1772 0.0591,
4.7685 -0.1772 0.0591,
4.7685 -1.2480 0.0591,
4.6701 -1.2913 0.0984,
4.6701 -1.2480 0.0591,
4.7685 -1.2480 0.0591,
4.7685 -1.2913 0.0984,
0.5362 0.0591 0.8504,
0.6346 0.0591 0.8504,
0.6346 0.0984 0.8110,
0.5362 0.0984 0.8110,
0.5362 0.0984 0.8110,
0.6346 0.0984 0.8110,
0.6346 0.0984 0.0984,
0.5362 0.0984 0.0984,
0.5362 0.0984 0.0965,
0.5362 0.0984 0.0984,
0.6346 0.0984 0.0984,
0.6346 0.0984 0.0965,
0.5362 0.0982 0.0946,
0.6346 0.0982 0.0946,
0.5362 0.0980 0.0926,
0.6346 0.0980 0.0926,
0.5362 0.0977 0.0907,
0.6346 0.0977 0.0907,
0.5362 0.0972 0.0889,
0.6346 0.0972 0.0889,
0.5362 0.0967 0.0870,
0.6346 0.0967 0.0870,
0.5362 0.0961 0.0852,
0.6346 0.0961 0.0852,
0.5362 0.0954 0.0834,
0.6346 0.0954 0.0834,
0.5362 0.0946 0.0816,
0.6346 0.0946 0.0816,
0.5362 0.0938 0.0799,
0.6346 0.0938 0.0799,
0.5362 0.0928 0.0782,
0.6346 0.0928 0.0782,
0.5362 0.0918 0.0766,
0.6346 0.0918 0.0766,
0.6346 0.0907 0.0750,
0.5362 0.0907 0.0750,
0.5362 0.0895 0.0734,
0.6346 0.0895 0.0734,
0.5362 0.0882 0.0720,
0.6346 0.0882 0.0720,
0.5362 0.0869 0.0706,
0.6346 0.0869 0.0706,
0.5362 0.0855 0.0693,
0.6346 0.0855 0.0693,
0.5362 0.0840 0.0680,
0.6346 0.0840 0.0680,
0.5362 0.0825 0.0668,
0.6346 0.0825 0.0668,
0.5362 0.0809 0.0657,
0.6346 0.0809 0.0657,
0.5362 0.0793 0.0647,
0.6346 0.0793 0.0647,
0.5362 0.0776 0.0637,
0.6346 0.0776 0.0637,
0.6346 0.0759 0.0628,
0.5362 0.0759 0.0628,
0.6346 0.0741 0.0621,
0.5362 0.0741 0.0621,
0.5362 0.0723 0.0614,
0.6346 0.0723 0.0614,
0.5362 0.0705 0.0608,
0.6346 0.0705 0.0608,
0.5362 0.0686 0.0602,
0.6346 0.0686 0.0602,
0.6346 0.0667 0.0598,
0.5362 0.0667 0.0598,
0.5362 0.0648 0.0595,
0.6346 0.0648 0.0595,
0.5362 0.0629 0.0592,
0.6346 0.0629 0.0592,
0.6346 0.0610 0.0591,
0.5362 0.0610 0.0591,
0.5362 0.0591 0.0591,
0.6346 0.0591 0.0591,
0.5362 -1.3189 0.0591,
0.5362 0.0591 0.0591,
0.6346 0.0591 0.0591,
0.6346 -1.3189 0.0591,
0.5362 -1.3583 0.0197,
0.5362 -1.3582 0.0216,
0.6346 -1.3583 0.0197,
0.6346 -1.3582 0.0216,
0.5362 -1.3581 0.0235,
0.6346 -1.3581 0.0235,
0.5362 -1.3578 0.0255,
0.6346 -1.3578 0.0255,
0.5362 -1.3575 0.0274,
0.6346 -1.3575 0.0274,
0.5362 -1.3571 0.0293,
0.6346 -1.3571 0.0293,
0.5362 -1.3566 0.0311,
0.6346 -1.3566 0.0311,
0.5362 -1.3560 0.0329,
0.6346 -1.3560 0.0329,
0.5362 -1.3553 0.0348,
0.6346 -1.3553 0.0348,
0.5362 -1.3545 0.0365,
0.6346 -1.3545 0.0365,
0.5362 -1.3536 0.0382,
0.6346 -1.3536 0.0382,
0.5362 -1.3527 0.0399,
0.6346 -1.3527 0.0399,
0.5362 -1.3516 0.0416,
0.6346 -1.3516 0.0416,
0.5362 -1.3505 0.0431,
0.6346 -1.3505 0.0431,
0.5362 -1.3493 0.0447,
0.6346 -1.3493 0.0447,
0.5362 -1.3481 0.0461,
0.6346 -1.3481 0.0461,
0.5362 -1.3467 0.0475,
0.6346 -1.3467 0.0475,
0.5362 -1.3453 0.0489,
0.6346 -1.3453 0.0489,
0.5362 -1.3439 0.0501,
0.6346 -1.3439 0.0501,
0.5362 -1.3424 0.0513,
0.6346 -1.3424 0.0513,
0.6346 -1.3408 0.0524,
0.5362 -1.3408 0.0524,
0.5362 -1.3391 0.0535,
0.6346 -1.3391 0.0535,
0.5362 -1.3375 0.0544,
0.6346 -1.3375 0.0544,
0.5362 -1.3357 0.0553,
0.6346 -1.3357 0.0553,
0.5362 -1.3340 0.0561,
0.6346 -1.3340 0.0561,
0.5362 -1.3322 0.0568,
0.6346 -1.3322 0.0568,
0.5362 -1.3303 0.0574,
0.6346 -1.3303 0.0574,
0.6346 -1.3285 0.0579,
0.5362 -1.3285 0.0579,
0.5362 -1.3266 0.0583,
0.6346 -1.3266 0.0583,
0.6346 -1.3247 0.0586,
0.5362 -1.3247 0.0586,
0.5362 -1.3228 0.0589,
0.6346 -1.3228 0.0589,
0.5362 -1.3208 0.0590,
0.6346 -1.3208 0.0590,
0.5362 -1.3189 0.0591,
0.6346 -1.3189 0.0591,
0.5362 -1.3583 0.0197,
0.6346 -1.3583 0.0197,
0.6346 -1.3583 -1.2402,
0.5362 -1.3583 -1.2402,
0.6346 -1.4046 -1.3270,
0.5362 -1.3583 -1.2402,
0.6346 -1.3583 -1.2402,
0.5362 -1.4046 -1.3270,
0.5362 -1.4060 -1.3295,
0.5362 -1.4046 -1.3270,
0.6346 -1.4046 -1.3270,
0.6346 -1.4060 -1.3295,
0.5362 -1.4076 -1.3320,
0.6346 -1.4076 -1.3320,
0.5362 -1.4092 -1.3344,
0.6346 -1.4092 -1.3344,
0.5362 -1.4110 -1.3366,
0.6346 -1.4110 -1.3366,
0.5362 -1.4129 -1.3388,
0.6346 -1.4129 -1.3388,
0.5362 -1.4149 -1.3409,
0.6346 -1.4149 -1.3409,
0.5362 -1.4170 -1.3429,
0.6346 -1.4170 -1.3429,
0.5362 -1.4192 -1.3448,
0.6346 -1.4192 -1.3448,
0.5362 -1.4215 -1.3466,
0.6346 -1.4215 -1.3466,
0.5362 -1.4239 -1.3483,
0.6346 -1.4239 -1.3483,
0.5362 -1.4263 -1.3499,
0.6346 -1.4263 -1.3499,
0.5362 -1.4288 -1.3513,
0.6346 -1.4288 -1.3513,
0.5362 -1.4314 -1.3526,
0.6346 -1.4314 -1.3526,
0.5362 -1.4341 -1.3538,
0.6346 -1.4341 -1.3538,
0.6346 -1.4368 -1.3548,
0.5362 -1.4368 -1.3548,
0.5362 -1.4395 -1.3557,
0.6346 -1.4395 -1.3557,
0.5362 -1.4423 -1.3565,
0.6346 -1.4423 -1.3565,
0.5362 -1.4452 -1.3571,
0.6346 -1.4452 -1.3571,
0.5362 -1.4480 -1.3576,
0.6346 -1.4480 -1.3576,
0.6346 -1.4509 -1.3580,
0.5362 -1.4509 -1.3580,
0.5362 -1.4538 -1.3582,
0.6346 -1.4538 -1.3582,
0.5362 -1.4567 -1.3583,
0.6346 -1.4567 -1.3583,
0.5362 -1.4596 -1.3582,
0.6346 -1.4596 -1.3582,
0.5362 -1.4625 -1.3580,
0.6346 -1.4625 -1.3580,
0.5362 -1.4654 -1.3576,
0.6346 -1.4654 -1.3576,
0.6346 -1.4682 -1.3571,
0.5362 -1.4682 -1.3571,
0.5362 -1.4711 -1.3565,
0.6346 -1.4711 -1.3565,
0.5362 -1.4738 -1.3557,
0.6346 -1.4738 -1.3557,
0.5362 -1.4766 -1.3548,
0.6346 -1.4766 -1.3548,
0.5362 -1.4793 -1.3538,
0.6346 -1.4793 -1.3538,
0.6346 -1.4820 -1.3526,
0.5362 -1.4820 -1.3526,
0.5362 -1.4846 -1.3513,
0.6346 -1.4846 -1.3513,
0.5362 -1.4871 -1.3499,
0.6346 -1.4871 -1.3499,
0.5362 -1.4895 -1.3483,
0.6346 -1.4895 -1.3483,
0.5362 -1.4919 -1.3466,
0.6346 -1.4919 -1.3466,
0.5362 -1.4942 -1.3448,
0.6346 -1.4942 -1.3448,
0.5362 -1.4964 -1.3429,
0.6346 -1.4964 -1.3429,
0.5362 -1.4985 -1.3409,
0.6346 -1.4985 -1.3409,
0.5362 -1.5005 -1.3388,
0.6346 -1.5005 -1.3388,
0.6346 -1.5024 -1.3366,
0.5362 -1.5024 -1.3366,
0.5362 -1.5042 -1.3344,
0.6346 -1.5042 -1.3344,
0.6346 -1.5058 -1.3320,
0.5362 -1.5058 -1.3320,
0.5362 -1.5074 -1.3295,
0.6346 -1.5074 -1.3295,
0.5362 -1.5088 -1.3270,
0.6346 -1.5088 -1.3270,
0.6346 -1.5088 -1.3270,
0.6346 -1.5551 -1.2402,
0.5362 -1.5551 -1.2402,
0.5362 -1.5088 -1.3270,
0.6346 -1.5551 -1.2402,
0.5362 -1.5551 -0.0197,
0.5362 -1.5551 -1.2402,
0.6346 -1.5551 -0.0197,
1.1268 -1.5758 0.5689,
1.1268 -1.5742 0.5699,
1.1268 -1.5774 0.5679,
1.1268 -1.5789 0.5668,
1.1268 -1.5804 0.5656,
1.1268 -1.5818 0.5644,
1.1268 -1.5831 0.5631,
1.1268 -1.5844 0.5617,
1.1268 -1.5856 0.5603,
1.1268 -1.5868 0.5589,
1.1268 -1.5878 0.5573,
1.1268 -1.5888 0.5557,
1.1268 -1.5898 0.5541,
1.1268 -1.5906 0.5525,
1.1268 -1.5914 0.5508,
1.1268 -1.5921 0.5490,
1.1268 -1.5927 0.5472,
1.1268 -1.3213 0.7085,
1.1268 -1.3194 0.7087,
1.1268 -1.3231 0.7082,
1.1268 -1.3156 0.7084,
1.1268 -1.3137 0.7080,
1.1268 -1.3175 0.7086,
1.1268 -1.3250 0.7077,
1.1268 -1.3267 0.7070,
1.1268 -1.3102 0.7066,
1.1268 -1.3085 0.7057,
1.1268 -1.3119 0.7074,
1.1268 -1.3284 0.7062,
1.1268 -1.2247 0.6535,
1.1268 -0.6417 0.5472,
1.1268 -0.7126 0.6535,
1.1268 -0.5709 0.5945,
1.1268 -0.5709 0.7043,
1.1268 -1.3277 0.9863,
1.1268 -1.3243 0.9850,
1.1268 -1.3260 0.9856,
1.1268 -1.3207 0.9843,
1.1268 -1.3225 0.9846,
1.1268 -1.3189 0.9843,
1.1268 -1.3170 0.9843,
1.1268 -1.3134 0.9850,
1.1268 -1.3152 0.9846,
1.1268 -1.3117 0.9856,
1.1268 -1.3293 0.9872,
1.1268 -1.3100 0.9864,
1.1268 -1.3084 0.9873,
1.1268 -1.4827 1.0827,
1.1268 -1.2008 1.0547,
1.1268 -1.1945 1.0585,
1.1268 -1.1880 1.0619,
1.1268 -1.1814 1.0651,
1.1268 -1.1746 1.0679,
1.1268 -1.1677 1.0704,
1.1268 -0.6693 1.0827,
1.1268 -0.6627 1.0787,
1.1268 -1.1172 1.0787,
1.1268 -1.1245 1.0786,
1.1268 -1.1318 1.0781,
1.1268 -1.1391 1.0772,
1.1268 -1.1464 1.0760,
1.1268 -1.1536 1.0745,
1.1268 -1.1607 1.0726,
1.1268 -0.0438 -1.3388,
1.1268 -0.0457 -1.3366,
1.1268 -0.0418 -1.3409,
1.1268 -0.0375 -1.3448,
1.1268 -0.0328 -1.3483,
1.1268 -0.0352 -1.3466,
1.1268 -0.0475 -1.3344,
1.1268 -0.0491 -1.3320,
1.1268 -0.0507 -1.3295,
1.1268 -0.0279 -1.3513,
1.1268 -0.0304 -1.3499,
1.1268 -0.0521 -1.3270,
1.1268 -0.0253 -1.3526,
1.1268 -0.0397 -1.3429,
1.1268 -0.0226 -1.3538,
1.1268 -0.0172 -1.3557,
1.1268 -0.0199 -1.3548,
1.1268 -0.0029 -1.3582,
1.1268 0.0029 -1.3582,
1.1268 -0.0000 -1.3583,
1.1268 0.0172 -1.3557,
1.1268 0.0226 -1.3538,
1.1268 0.0199 -1.3548,
1.1268 0.0304 -1.3499,
1.1268 0.0352 -1.3466,
1.1268 0.0328 -1.3483,
1.1268 0.0375 -1.3448,
1.1268 0.0418 -1.3409,
1.1268 0.0397 -1.3429,
1.1268 0.0521 -1.3270,
1.1268 -0.0984 -1.2402,
1.1268 -0.0144 -1.3565,
1.1268 -0.0115 -1.3571,
1.1268 -0.0087 -1.3576,
1.1268 -0.0058 -1.3580,
1.1268 0.0058 -1.3580,
1.1268 0.0087 -1.3576,
1.1268 0.0115 -1.3571,
1.1268 0.0144 -1.3565,
1.1268 0.0253 -1.3526,
1.1268 0.0279 -1.3513,
1.1268 0.0438 -1.3388,
1.1268 0.0457 -1.3366,
1.1268 0.0475 -1.3344,
1.1268 0.0491 -1.3320,
1.1268 0.0507 -1.3295,
1.1268 0.0984 -1.2402,
1.1268 -0.0984 -0.0197,
1.1268 -0.1694 0.0587,
1.1268 0.0591 0.0984,
1.1268 -0.1656 0.0582,
1.1268 -0.1618 0.0575,
1.1268 -0.1580 0.0567,
1.1268 -0.1543 0.0557,
1.1268 -0.1506 0.0545,
1.1268 -0.1470 0.0531,
1.1268 -0.1435 0.0515,
1.1268 -0.1400 0.0498,
1.1268 -0.1367 0.0479,
1.1268 -0.1334 0.0458,
1.1268 -0.1303 0.0436,
1.1268 -0.1272 0.0412,
1.1268 -0.1243 0.0387,
1.1268 -0.1215 0.0360,
1.1268 -0.1188 0.0332,
1.1268 -0.1163 0.0303,
1.1268 -0.1139 0.0272,
1.1268 -0.1117 0.0241,
1.1268 -0.1096 0.0208,
1.1268 -0.1077 0.0174,
1.1268 -0.1060 0.0140,
1.1268 -0.1044 0.0104,
1.1268 -0.1030 0.0068,
1.1268 -0.1018 0.0032,
1.1268 -0.1008 -0.0006,
1.1268 -0.0999 -0.0043,
1.1268 -0.0993 -0.0081,
1.1268 -0.0988 -0.0120,
1.1268 -0.0985 -0.0158,
1.1268 0.0591 0.8504,
1.1268 0.0984 0.8110,
1.1268 -1.2913 0.0984,
1.1268 -0.1772 0.0591,
1.1268 -1.2480 0.0591,
1.1268 -0.1733 0.0590,
1.2252 -0.5709 0.7043,
1.1268 -0.7126 0.6535,
1.2252 -0.7126 0.6535,
1.1268 -0.5709 0.7043,
1.2252 -1.5742 0.5699,
1.2252 -1.5758 0.5689,
1.2252 -1.5774 0.5679,
1.2252 -1.5789 0.5668,
1.2252 -1.5804 0.5656,
1.2252 -1.5818 0.5644,
1.2252 -1.5831 0.5631,
1.2252 -1.5844 0.5617,
1.2252 -1.5856 0.5603,
1.2252 -1.5868 0.5589,
1.2252 -1.5878 0.5573,
1.2252 -1.5888 0.5557,
1.2252 -1.5898 0.5541,
1.2252 -1.5906 0.5525,
1.2252 -1.5914 0.5508,
1.2252 -1.5921 0.5490,
1.2252 -1.5927 0.5472,
1.2252 -1.3194 0.7087,
1.2252 -1.3213 0.7085,
1.2252 -1.3231 0.7082,
1.2252 -1.3137 0.7080,
1.2252 -1.3156 0.7084,
1.2252 -1.3175 0.7086,
1.2252 -1.3250 0.7077,
1.2252 -1.3267 0.7070,
1.2252 -1.3085 0.7057,
1.2252 -1.3102 0.7066,
1.2252 -1.3119 0.7074,
1.2252 -1.3284 0.7062,
1.2252 -1.2247 0.6535,
1.2252 -0.6417 0.5472,
1.2252 -0.7126 0.6535,
1.2252 -0.5709 0.5945,
1.2252 -0.5709 0.7043,
1.2252 -1.3243 0.9850,
1.2252 -1.3293 0.9872,
1.2252 -1.3277 0.9863,
1.2252 -1.3260 0.9856,
1.2252 -1.3207 0.9843,
1.2252 -1.3225 0.9846,
1.2252 -1.3189 0.9843,
1.2252 -1.3170 0.9843,
1.2252 -1.3134 0.9850,
1.2252 -1.3152 0.9846,
1.2252 -1.3117 0.9856,
1.2252 -1.3100 0.9864,
1.2252 -1.3084 0.9873,
1.2252 -1.2008 1.0547,
1.2252 -1.4827 1.0827,
1.2252 -1.1945 1.0585,
1.2252 -1.1880 1.0619,
1.2252 -1.1814 1.0651,
1.2252 -1.1746 1.0679,
1.2252 -1.1677 1.0704,
1.2252 -0.6627 1.0787,
1.2252 -0.6693 1.0827,
1.2252 -1.1172 1.0787,
1.2252 -1.1245 1.0786,
1.2252 -1.1318 1.0781,
1.2252 -1.1391 1.0772,
1.2252 -1.1464 1.0760,
1.2252 -1.1536 1.0745,
1.2252 -1.1607 1.0726,
1.2252 -0.0457 -1.3366,
1.2252 -0.0438 -1.3388,
1.2252 -0.0418 -1.3409,
1.2252 -0.0475 -1.3344,
1.2252 -0.0397 -1.3429,
1.2252 -0.0279 -1.3513,
1.2252 -0.0491 -1.3320,
1.2252 -0.0375 -1.3448,
1.2252 -0.0352 -1.3466,
1.2252 -0.0328 -1.3483,
1.2252 -0.0304 -1.3499,
1.2252 -0.0253 -1.3526,
1.2252 -0.0521 -1.3270,
1.2252 -0.0507 -1.3295,
1.2252 -0.0226 -1.3538,
1.2252 -0.0172 -1.3557,
1.2252 -0.0199 -1.3548,
1.2252 -0.0115 -1.3571,
1.2252 -0.0144 -1.3565,
1.2252 -0.0087 -1.3576,
1.2252 -0.0058 -1.3580,
1.2252 0.0029 -1.3582,
1.2252 -0.0029 -1.3582,
1.2252 -0.0000 -1.3583,
1.2252 0.0226 -1.3538,
1.2252 0.0115 -1.3571,
1.2252 0.0144 -1.3565,
1.2252 0.0172 -1.3557,
1.2252 0.0199 -1.3548,
1.2252 0.0304 -1.3499,
1.2252 0.0253 -1.3526,
1.2252 0.0279 -1.3513,
1.2252 0.0328 -1.3483,
1.2252 0.0521 -1.3270,
1.2252 -0.0984 -1.2402,
1.2252 0.0058 -1.3580,
1.2252 0.0087 -1.3576,
1.2252 0.0352 -1.3466,
1.2252 0.0375 -1.3448,
1.2252 0.0397 -1.3429,
1.2252 0.0418 -1.3409,
1.2252 0.0438 -1.3388,
1.2252 0.0457 -1.3366,
1.2252 0.0475 -1.3344,
1.2252 0.0491 -1.3320,
1.2252 0.0507 -1.3295,
1.2252 0.0984 -1.2402,
1.2252 -0.0984 -0.0197,
1.2252 0.0591 0.0984,
1.2252 -0.1694 0.0587,
1.2252 -0.1656 0.0582,
1.2252 -0.1618 0.0575,
1.2252 -0.1580 0.0567,
1.2252 -0.1543 0.0557,
1.2252 -0.1506 0.0545,
1.2252 -0.1470 0.0531,
1.2252 -0.1435 0.0515,
1.2252 -0.1400 0.0498,
1.2252 -0.1367 0.0479,
1.2252 -0.1334 0.0458,
1.2252 -0.1303 0.0436,
1.2252 -0.1272 0.0412,
1.2252 -0.1243 0.0387,
1.2252 -0.1215 0.0360,
1.2252 -0.1188 0.0332,
1.2252 -0.1163 0.0303,
1.2252 -0.1139 0.0272,
1.2252 -0.1117 0.0241,
1.2252 -0.1096 0.0208,
1.2252 -0.1077 0.0174,
1.2252 -0.1060 0.0140,
1.2252 -0.1044 0.0104,
1.2252 -0.1030 0.0068,
1.2252 -0.1018 0.0032,
1.2252 -0.1008 -0.0006,
1.2252 -0.0999 -0.0043,
1.2252 -0.0993 -0.0081,
1.2252 -0.0988 -0.0120,
1.2252 -0.0985 -0.0158,
1.2252 -1.2913 0.0984,
1.2252 -0.1772 0.0591,
1.2252 -1.2480 0.0591,
1.2252 -0.1733 0.0590,
1.2252 0.0984 0.8110,
1.2252 0.0591 0.8504,
1.1268 -1.5921 0.5490,
1.2252 -1.5927 0.5472,
1.2252 -1.5921 0.5490,
1.1268 -1.5927 0.5472,
1.1268 -1.5914 0.5508,
1.2252 -1.5914 0.5508,
1.1268 -1.5906 0.5525,
1.2252 -1.5906 0.5525,
1.1268 -1.5898 0.5541,
1.2252 -1.5898 0.5541,
1.1268 -1.5888 0.5557,
1.2252 -1.5888 0.5557,
1.1268 -1.5878 0.5573,
1.2252 -1.5878 0.5573,
1.1268 -1.5868 0.5589,
1.2252 -1.5868 0.5589,
1.1268 -1.5856 0.5603,
1.2252 -1.5856 0.5603,
1.1268 -1.5844 0.5617,
1.2252 -1.5844 0.5617,
1.1268 -1.5831 0.5631,
1.2252 -1.5831 0.5631,
1.1268 -1.5818 0.5644,
1.2252 -1.5818 0.5644,
1.1268 -1.5804 0.5656,
1.2252 -1.5804 0.5656,
1.1268 -1.5789 0.5668,
1.2252 -1.5789 0.5668,
1.1268 -1.5774 0.5679,
1.2252 -1.5774 0.5679,
1.2252 -1.5758 0.5689,
1.1268 -1.5758 0.5689,
1.2252 -1.5742 0.5699,
1.1268 -1.5742 0.5699,
1.2252 -1.3284 0.7062,
1.1268 -1.5742 0.5699,
1.2252 -1.5742 0.5699,
1.1268 -1.3284 0.7062,
1.1268 -1.3267 0.7070,
1.1268 -1.3284 0.7062,
1.2252 -1.3284 0.7062,
1.2252 -1.3267 0.7070,
1.1268 -1.3250 0.7077,
1.2252 -1.3250 0.7077,
1.1268 -1.3231 0.7082,
1.2252 -1.3231 0.7082,
1.1268 -1.3213 0.7085,
1.2252 -1.3213 0.7085,
1.1268 -1.3194 0.7087,
1.2252 -1.3194 0.7087,
1.1268 -1.3175 0.7086,
1.2252 -1.3175 0.7086,
1.1268 -1.3156 0.7084,
1.2252 -1.3156 0.7084,
1.1268 -1.3137 0.7080,
1.2252 -1.3137 0.7080,
1.1268 -1.3119 0.7074,
1.2252 -1.3119 0.7074,
1.2252 -1.3102 0.7066,
1.1268 -1.3102 0.7066,
1.2252 -1.3085 0.7057,
1.1268 -1.3085 0.7057,
1.1268 -1.3085 0.7057,
1.2252 -1.3085 0.7057,
1.2252 -1.2247 0.6535,
1.1268 -1.2247 0.6535,
1.1268 -1.2247 0.6535,
1.2252 -1.2247 0.6535,
1.2252 -0.7126 0.6535,
1.1268 -0.7126 0.6535,
1.1268 -1.1172 1.0787,
1.2252 -0.6627 1.0787,
1.2252 -1.1172 1.0787,
1.1268 -0.6627 1.0787,
1.1268 -1.2008 1.0547,
1.1268 -1.1945 1.0585,
1.2252 -1.2008 1.0547,
1.2252 -1.1945 1.0585,
1.1268 -1.1880 1.0619,
1.2252 -1.1880 1.0619,
1.1268 -1.1814 1.0651,
1.2252 -1.1814 1.0651,
1.1268 -1.1746 1.0679,
1.2252 -1.1746 1.0679,
1.1268 -1.1677 1.0704,
1.2252 -1.1677 1.0704,
1.1268 -1.1607 1.0726,
1.2252 -1.1607 1.0726,
1.1268 -1.1536 1.0745,
1.2252 -1.1536 1.0745,
1.1268 -1.1464 1.0760,
1.2252 -1.1464 1.0760,
1.1268 -1.1391 1.0772,
1.2252 -1.1391 1.0772,
1.1268 -1.1318 1.0781,
1.2252 -1.1318 1.0781,
1.1268 -1.1245 1.0786,
1.2252 -1.1245 1.0786,
1.1268 -1.1172 1.0787,
1.2252 -1.1172 1.0787,
1.2252 -1.3084 0.9873,
1.1268 -1.2008 1.0547,
1.2252 -1.2008 1.0547,
1.1268 -1.3084 0.9873,
1.1268 -1.3100 0.9864,
1.1268 -1.3084 0.9873,
1.2252 -1.3084 0.9873,
1.2252 -1.3100 0.9864,
1.1268 -1.3117 0.9856,
1.2252 -1.3117 0.9856,
1.1268 -1.3134 0.9850,
1.2252 -1.3134 0.9850,
1.1268 -1.3152 0.9846,
1.2252 -1.3152 0.9846,
1.1268 -1.3170 0.9843,
1.2252 -1.3170 0.9843,
1.1268 -1.3189 0.9843,
1.2252 -1.3189 0.9843,
1.1268 -1.3207 0.9843,
1.2252 -1.3207 0.9843,
1.1268 -1.3225 0.9846,
1.2252 -1.3225 0.9846,
1.1268 -1.3243 0.9850,
1.2252 -1.3243 0.9850,
1.2252 -1.3260 0.9856,
1.1268 -1.3260 0.9856,
1.1268 -1.3277 0.9863,
1.2252 -1.3277 0.9863,
1.2252 -1.3293 0.9872,
1.1268 -1.3293 0.9872,
1.1268 -1.4827 1.0827,
1.1268 -1.3293 0.9872,
1.2252 -1.3293 0.9872,
1.2252 -1.4827 1.0827,
1.1268 0.0591 0.8504,
1.2252 0.0591 0.8504,
1.2252 0.0984 0.8110,
1.1268 0.0984 0.8110,
1.1268 0.0984 0.8110,
1.2252 0.0984 0.8110,
1.2252 0.0984 -1.2402,
1.1268 0.0984 -1.2402,
1.2252 0.0521 -1.3270,
1.1268 0.0984 -1.2402,
1.2252 0.0984 -1.2402,
1.1268 0.0521 -1.3270,
1.1268 0.0507 -1.3295,
1.1268 0.0521 -1.3270,
1.2252 0.0521 -1.3270,
1.2252 0.0507 -1.3295,
1.1268 0.0491 -1.3320,
1.2252 0.0491 -1.3320,
1.1268 0.0475 -1.3344,
1.2252 0.0475 -1.3344,
1.1268 0.0457 -1.3366,
1.2252 0.0457 -1.3366,
1.1268 0.0438 -1.3388,
1.2252 0.0438 -1.3388,
1.1268 0.0418 -1.3409,
1.2252 0.0418 -1.3409,
1.1268 0.0397 -1.3429,
1.2252 0.0397 -1.3429,
1.1268 0.0375 -1.3448,
1.2252 0.0375 -1.3448,
1.1268 0.0352 -1.3466,
1.2252 0.0352 -1.3466,
1.1268 0.0328 -1.3483,
1.2252 0.0328 -1.3483,
1.1268 0.0304 -1.3499,
1.2252 0.0304 -1.3499,
1.1268 0.0279 -1.3513,
1.2252 0.0279 -1.3513,
1.1268 0.0253 -1.3526,
1.2252 0.0253 -1.3526,
1.1268 0.0226 -1.3538,
1.2252 0.0226 -1.3538,
1.1268 0.0199 -1.3548,
1.2252 0.0199 -1.3548,
1.1268 0.0172 -1.3557,
1.2252 0.0172 -1.3557,
1.1268 0.0144 -1.3565,
1.2252 0.0144 -1.3565,
1.1268 0.0115 -1.3571,
1.2252 0.0115 -1.3571,
1.1268 0.0087 -1.3576,
1.2252 0.0087 -1.3576,
1.1268 0.0058 -1.3580,
1.2252 0.0058 -1.3580,
1.1268 0.0029 -1.3582,
1.2252 0.0029 -1.3582,
1.1268 -0.0000 -1.3583,
1.2252 -0.0000 -1.3583,
1.1268 -0.0029 -1.3582,
1.2252 -0.0029 -1.3582,
1.1268 -0.0058 -1.3580,
1.2252 -0.0058 -1.3580,
1.1268 -0.0087 -1.3576,
1.2252 -0.0087 -1.3576,
1.1268 -0.0115 -1.3571,
1.2252 -0.0115 -1.3571,
1.1268 -0.0144 -1.3565,
1.2252 -0.0144 -1.3565,
1.1268 -0.0172 -1.3557,
1.2252 -0.0172 -1.3557,
1.1268 -0.0199 -1.3548,
1.2252 -0.0199 -1.3548,
1.1268 -0.0226 -1.3538,
1.2252 -0.0226 -1.3538,
1.1268 -0.0253 -1.3526,
1.2252 -0.0253 -1.3526,
1.1268 -0.0279 -1.3513,
1.2252 -0.0279 -1.3513,
1.1268 -0.0304 -1.3499,
1.2252 -0.0304 -1.3499,
1.2252 -0.0328 -1.3483,
1.1268 -0.0328 -1.3483,
1.1268 -0.0352 -1.3466,
1.2252 -0.0352 -1.3466,
1.1268 -0.0375 -1.3448,
1.2252 -0.0375 -1.3448,
1.1268 -0.0397 -1.3429,
1.2252 -0.0397 -1.3429,
1.1268 -0.0418 -1.3409,
1.2252 -0.0418 -1.3409,
1.1268 -0.0438 -1.3388,
1.2252 -0.0438 -1.3388,
1.2252 -0.0457 -1.3366,
1.1268 -0.0457 -1.3366,
1.1268 -0.0475 -1.3344,
1.2252 -0.0475 -1.3344,
1.1268 -0.0491 -1.3320,
1.2252 -0.0491 -1.3320,
1.1268 -0.0507 -1.3295,
1.2252 -0.0507 -1.3295,
1.2252 -0.0521 -1.3270,
1.1268 -0.0521 -1.3270,
1.2252 -0.0521 -1.3270,
1.2252 -0.0984 -1.2402,
1.1268 -0.0984 -1.2402,
1.1268 -0.0521 -1.3270,
1.2252 -0.0984 -1.2402,
1.2252 -0.0984 -0.0197,
1.1268 -0.0984 -0.0197,
1.1268 -0.0984 -1.2402,
1.1268 -0.1772 0.0591,
1.1268 -0.1733 0.0590,
1.2252 -0.1772 0.0591,
1.2252 -0.1733 0.0590,
1.1268 -0.1694 0.0587,
1.2252 -0.1694 0.0587,
1.1268 -0.1656 0.0582,
1.2252 -0.1656 0.0582,
1.1268 -0.1618 0.0575,
1.2252 -0.1618 0.0575,
1.1268 -0.1580 0.0567,
1.2252 -0.1580 0.0567,
1.1268 -0.1543 0.0557,
1.2252 -0.1543 0.0557,
1.1268 -0.1506 0.0545,
1.2252 -0.1506 0.0545,
1.1268 -0.1470 0.0531,
1.2252 -0.1470 0.0531,
1.1268 -0.1435 0.0515,
1.2252 -0.1435 0.0515,
1.1268 -0.1400 0.0498,
1.2252 -0.1400 0.0498,
1.1268 -0.1367 0.0479,
1.2252 -0.1367 0.0479,
1.1268 -0.1334 0.0458,
1.2252 -0.1334 0.0458,
1.1268 -0.1303 0.0436,
1.2252 -0.1303 0.0436,
1.1268 -0.1272 0.0412,
1.2252 -0.1272 0.0412,
1.1268 -0.1243 0.0387,
1.2252 -0.1243 0.0387,
1.1268 -0.1215 0.0360,
1.2252 -0.1215 0.0360,
1.2252 -0.1188 0.0332,
1.1268 -0.1188 0.0332,
1.1268 -0.1163 0.0303,
1.2252 -0.1163 0.0303,
1.1268 -0.1139 0.0272,
1.2252 -0.1139 0.0272,
1.2252 -0.1117 0.0241,
1.1268 -0.1117 0.0241,
1.1268 -0.1096 0.0208,
1.2252 -0.1096 0.0208,
1.1268 -0.1077 0.0174,
1.2252 -0.1077 0.0174,
1.1268 -0.1060 0.0140,
1.2252 -0.1060 0.0140,
1.1268 -0.1044 0.0104,
1.2252 -0.1044 0.0104,
1.1268 -0.1030 0.0068,
1.2252 -0.1030 0.0068,
1.1268 -0.1018 0.0032,
1.2252 -0.1018 0.0032,
1.2252 -0.1008 -0.0006,
1.1268 -0.1008 -0.0006,
1.1268 -0.0999 -0.0043,
1.2252 -0.0999 -0.0043,
1.2252 -0.0993 -0.0081,
1.1268 -0.0993 -0.0081,
1.1268 -0.0988 -0.0120,
1.2252 -0.0988 -0.0120,
1.1268 -0.0985 -0.0158,
1.2252 -0.0985 -0.0158,
1.1268 -0.0984 -0.0197,
1.2252 -0.0984 -0.0197,
1.1268 -1.2480 0.0591,
1.1268 -0.1772 0.0591,
1.2252 -0.1772 0.0591,
1.2252 -1.2480 0.0591,
1.1268 -1.2913 0.0984,
1.1268 -1.2480 0.0591,
1.2252 -1.2480 0.0591,
1.2252 -1.2913 0.0984,
1.7173 -1.5758 0.5689,
1.7173 -1.5742 0.5699,
1.7173 -1.5774 0.5679,
1.7173 -1.5789 0.5668,
1.7173 -1.5804 0.5656,
1.7173 -1.5818 0.5644,
1.7173 -1.5831 0.5631,
1.7173 -1.5844 0.5617,
1.7173 -1.5856 0.5603,
1.7173 -1.5868 0.5589,
1.7173 -1.5878 0.5573,
1.7173 -1.5888 0.5557,
1.7173 -1.5898 0.5541,
1.7173 -1.5906 0.5525,
1.7173 -1.5914 0.5508,
1.7173 -1.5921 0.5490,
1.7173 -1.5927 0.5472,
1.7173 -1.3231 0.7082,
1.7173 -1.3213 0.7085,
1.7173 -1.3250 0.7077,
1.7173 -1.3267 0.7070,
1.7173 -1.3175 0.7086,
1.7173 -1.3156 0.7084,
1.7173 -1.3194 0.7087,
1.7173 -1.3137 0.7080,
1.7173 -1.3119 0.7074,
1.7173 -1.3085 0.7057,
1.7173 -1.3102 0.7066,
1.7173 -1.3284 0.7062,
1.7173 -1.2247 0.6535,
1.7173 -0.6417 0.5472,
1.7173 -0.7126 0.6535,
1.7173 -0.5709 0.5945,
1.7173 -0.6159 0.7349,
1.7173 -0.6144 0.7361,
1.7173 -0.6128 0.7372,
1.7173 -0.6111 0.7383,
1.7173 -0.6094 0.7393,
1.7173 -0.6077 0.7402,
1.7173 -0.6059 0.7410,
1.7173 -0.6040 0.7417,
1.7173 -0.6022 0.7423,
1.7173 -0.6003 0.7429,
1.7173 -0.5984 0.7433,
1.7173 -0.5964 0.7437,
1.7173 -0.5945 0.7439,
1.7173 -0.5925 0.7440,
1.7173 -0.5906 0.7441,
1.7173 -0.5709 0.7441,
1.7173 -1.3293 0.9872,
1.7173 -1.3243 0.9850,
1.7173 -1.3277 0.9863,
1.7173 -1.3260 0.9856,
1.7173 -1.3207 0.9843,
1.7173 -1.3225 0.9846,
1.7173 -1.3189 0.9843,
1.7173 -1.3170 0.9843,
1.7173 -1.3134 0.9850,
1.7173 -1.3152 0.9846,
1.7173 -1.3117 0.9856,
1.7173 -1.3100 0.9864,
1.7173 -1.3084 0.9873,
1.7173 -1.4827 1.0827,
1.7173 -1.2008 1.0547,
1.7173 -1.1945 1.0585,
1.7173 -1.1880 1.0619,
1.7173 -1.1814 1.0651,
1.7173 -1.1746 1.0679,
1.7173 -1.1677 1.0704,
1.7173 -0.6693 1.0827,
1.7173 -0.6627 1.0787,
1.7173 -1.1172 1.0787,
1.7173 -1.1245 1.0786,
1.7173 -1.1318 1.0781,
1.7173 -1.1391 1.0772,
1.7173 -1.1464 1.0760,
1.7173 -1.1536 1.0745,
1.7173 -1.1607 1.0726,
1.7173 -1.4985 -1.3409,
1.7173 -1.5005 -1.3388,
1.7173 -1.4964 -1.3429,
1.7173 -1.4942 -1.3448,
1.7173 -1.4871 -1.3499,
1.7173 -1.4919 -1.3466,
1.7173 -1.4895 -1.3483,
1.7173 -1.5058 -1.3320,
1.7173 -1.5074 -1.3295,
1.7173 -1.5042 -1.3344,
1.7173 -1.5024 -1.3366,
1.7173 -1.4820 -1.3526,
1.7173 -1.4846 -1.3513,
1.7173 -1.4766 -1.3548,
1.7173 -1.4793 -1.3538,
1.7173 -1.4654 -1.3576,
1.7173 -1.4596 -1.3582,
1.7173 -1.4625 -1.3580,
1.7173 -1.4538 -1.3582,
1.7173 -1.4567 -1.3583,
1.7173 -1.4480 -1.3576,
1.7173 -1.4509 -1.3580,
1.7173 -1.4395 -1.3557,
1.7173 -1.4452 -1.3571,
1.7173 -1.4423 -1.3565,
1.7173 -1.4263 -1.3499,
1.7173 -1.4215 -1.3466,
1.7173 -1.4239 -1.3483,
1.7173 -1.5551 -1.2402,
1.7173 -1.4046 -1.3270,
1.7173 -1.5088 -1.3270,
1.7173 -1.4738 -1.3557,
1.7173 -1.4711 -1.3565,
1.7173 -1.4682 -1.3571,
1.7173 -1.4368 -1.3548,
1.7173 -1.4341 -1.3538,
1.7173 -1.4314 -1.3526,
1.7173 -1.4288 -1.3513,
1.7173 -1.4192 -1.3448,
1.7173 -1.4170 -1.3429,
1.7173 -1.4149 -1.3409,
1.7173 -1.4129 -1.3388,
1.7173 -1.4110 -1.3366,
1.7173 -1.4092 -1.3344,
1.7173 -1.4076 -1.3320,
1.7173 -1.4060 -1.3295,
1.7173 -1.3583 -1.2402,
1.7173 -1.5551 -0.0197,
1.7173 -1.3780 -0.0197,
1.7173 -1.3582 0.0216,
1.7173 -1.3583 0.0197,
1.7173 -1.3581 0.0235,
1.7173 -1.3578 0.0255,
1.7173 -1.3780 0.0984,
1.7173 -1.3575 0.0274,
1.7173 -1.3571 0.0293,
1.7173 -1.3566 0.0311,
1.7173 -1.3560 0.0329,
1.7173 -1.3553 0.0348,
1.7173 -1.3545 0.0365,
1.7173 -1.3536 0.0382,
1.7173 -1.3527 0.0399,
1.7173 -1.3516 0.0416,
1.7173 -1.3505 0.0431,
1.7173 -1.3493 0.0447,
1.7173 -1.3481 0.0461,
1.7173 -1.3467 0.0475,
1.7173 -1.3453 0.0489,
1.7173 -1.3439 0.0501,
1.7173 -1.3424 0.0513,
1.7173 -1.3408 0.0524,
1.7173 -1.3391 0.0535,
1.7173 -1.3375 0.0544,
1.7173 -1.3357 0.0553,
1.7173 -1.3340 0.0561,
1.7173 -1.3322 0.0568,
1.7173 -1.3303 0.0574,
1.7173 -1.3285 0.0579,
1.7173 -1.3266 0.0583,
1.7173 -1.3247 0.0586,
1.7173 -1.3228 0.0589,
1.7173 -1.3208 0.0590,
1.7173 -1.3189 0.0591,
1.7173 0.0591 0.0984,
1.7173 0.0591 0.0591,
1.7173 0.0610 0.0591,
1.7173 0.0629 0.0592,
1.7173 0.0648 0.0595,
1.7173 0.0667 0.0598,
1.7173 0.0686 0.0602,
1.7173 0.0705 0.0608,
1.7173 0.0723 0.0614,
1.7173 0.0741 0.0621,
1.7173 0.0759 0.0628,
1.7173 0.0776 0.0637,
1.7173 0.0793 0.0647,
1.7173 0.0809 0.0657,
1.7173 0.0825 0.0668,
1.7173 0.0840 0.0680,
1.7173 0.0855 0.0693,
1.7173 0.0869 0.0706,
1.7173 0.0882 0.0720,
1.7173 0.0895 0.0734,
1.7173 0.0907 0.0750,
1.7173 0.0918 0.0766,
1.7173 0.0928 0.0782,
1.7173 0.0938 0.0799,
1.7173 0.0946 0.0816,
1.7173 0.0954 0.0834,
1.7173 0.0961 0.0852,
1.7173 0.0967 0.0870,
1.7173 0.0972 0.0889,
1.7173 0.0977 0.0907,
1.7173 0.0980 0.0926,
1.7173 0.0982 0.0946,
1.7173 0.0984 0.0965,
1.7173 0.0984 0.0984,
1.7173 0.0984 0.8110,
1.7173 0.0591 0.8504,
1.7173 -0.5906 0.7441,
1.8157 -0.5906 0.7441,
1.8157 -0.5709 0.7441,
1.7173 -0.5709 0.7441,
1.8157 -1.5742 0.5699,
1.8157 -1.5758 0.5689,
1.8157 -1.5774 0.5679,
1.8157 -1.5789 0.5668,
1.8157 -1.5804 0.5656,
1.8157 -1.5818 0.5644,
1.8157 -1.5831 0.5631,
1.8157 -1.5844 0.5617,
1.8157 -1.5856 0.5603,
1.8157 -1.5868 0.5589,
1.8157 -1.5878 0.5573,
1.8157 -1.5888 0.5557,
1.8157 -1.5898 0.5541,
1.8157 -1.5906 0.5525,
1.8157 -1.5914 0.5508,
1.8157 -1.5921 0.5490,
1.8157 -1.5927 0.5472,
1.8157 -1.3231 0.7082,
1.8157 -1.3250 0.7077,
1.8157 -1.3267 0.7070,
1.8157 -1.3137 0.7080,
1.8157 -1.3156 0.7084,
1.8157 -1.3175 0.7086,
1.8157 -1.3194 0.7087,
1.8157 -1.3213 0.7085,
1.8157 -1.3085 0.7057,
1.8157 -1.3102 0.7066,
1.8157 -1.3119 0.7074,
1.8157 -1.3284 0.7062,
1.8157 -1.2247 0.6535,
1.8157 -0.6417 0.5472,
1.8157 -0.7126 0.6535,
1.8157 -0.5709 0.5945,
1.8157 -0.6159 0.7349,
1.8157 -0.6128 0.7372,
1.8157 -0.6144 0.7361,
1.8157 -0.6094 0.7393,
1.8157 -0.6111 0.7383,
1.8157 -0.6077 0.7402,
1.8157 -0.6059 0.7410,
1.8157 -0.6040 0.7417,
1.8157 -0.6022 0.7423,
1.8157 -0.5964 0.7437,
1.8157 -0.5984 0.7433,
1.8157 -0.6003 0.7429,
1.8157 -0.5945 0.7439,
1.8157 -0.5906 0.7441,
1.8157 -0.5925 0.7440,
1.8157 -0.5709 0.7441,
1.8157 -1.3260 0.9856,
1.8157 -1.3293 0.9872,
1.8157 -1.3277 0.9863,
1.8157 -1.3207 0.9843,
1.8157 -1.3243 0.9850,
1.8157 -1.3225 0.9846,
1.8157 -1.3189 0.9843,
1.8157 -1.3134 0.9850,
1.8157 -1.3170 0.9843,
1.8157 -1.3152 0.9846,
1.8157 -1.3100 0.9864,
1.8157 -1.3117 0.9856,
1.8157 -1.3084 0.9873,
1.8157 -1.2008 1.0547,
1.8157 -1.4827 1.0827,
1.8157 -1.1945 1.0585,
1.8157 -1.1880 1.0619,
1.8157 -1.1814 1.0651,
1.8157 -1.1746 1.0679,
1.8157 -1.1677 1.0704,
1.8157 -0.6627 1.0787,
1.8157 -0.6693 1.0827,
1.8157 -1.1172 1.0787,
1.8157 -1.1245 1.0786,
1.8157 -1.1318 1.0781,
1.8157 -1.1391 1.0772,
1.8157 -1.1464 1.0760,
1.8157 -1.1536 1.0745,
1.8157 -1.1607 1.0726,
1.8157 -1.5005 -1.3388,
1.8157 -1.4985 -1.3409,
1.8157 -1.4964 -1.3429,
1.8157 -1.4871 -1.3499,
1.8157 -1.4942 -1.3448,
1.8157 -1.4919 -1.3466,
1.8157 -1.4895 -1.3483,
1.8157 -1.5074 -1.3295,
1.8157 -1.5058 -1.3320,
1.8157 -1.5042 -1.3344,
1.8157 -1.5024 -1.3366,
1.8157 -1.4820 -1.3526,
1.8157 -1.4846 -1.3513,
1.8157 -1.4766 -1.3548,
1.8157 -1.4793 -1.3538,
1.8157 -1.4596 -1.3582,
1.8157 -1.4654 -1.3576,
1.8157 -1.4625 -1.3580,
1.8157 -1.4538 -1.3582,
1.8157 -1.4567 -1.3583,
1.8157 -1.4480 -1.3576,
1.8157 -1.4509 -1.3580,
1.8157 -1.4395 -1.3557,
1.8157 -1.4452 -1.3571,
1.8157 -1.4423 -1.3565,
1.8157 -1.4215 -1.3466,
1.8157 -1.4263 -1.3499,
1.8157 -1.4239 -1.3483,
1.8157 -1.4046 -1.3270,
1.8157 -1.5551 -1.2402,
1.8157 -1.5088 -1.3270,
1.8157 -1.4738 -1.3557,
1.8157 -1.4711 -1.3565,
1.8157 -1.4682 -1.3571,
1.8157 -1.4368 -1.3548,
1.8157 -1.4341 -1.3538,
1.8157 -1.4314 -1.3526,
1.8157 -1.4288 -1.3513,
1.8157 -1.4192 -1.3448,
1.8157 -1.4170 -1.3429,
1.8157 -1.4149 -1.3409,
1.8157 -1.4129 -1.3388,
1.8157 -1.4110 -1.3366,
1.8157 -1.4092 -1.3344,
1.8157 -1.4076 -1.3320,
1.8157 -1.4060 -1.3295,
1.8157 -1.3583 -1.2402,
1.8157 -1.3780 -0.0197,
1.8157 -1.5551 -0.0197,
1.8157 -1.3582 0.0216,
1.8157 -1.3583 0.0197,
1.8157 -1.3581 0.0235,
1.8157 -1.3578 0.0255,
1.8157 -1.3780 0.0984,
1.8157 -1.3575 0.0274,
1.8157 -1.3571 0.0293,
1.8157 -1.3566 0.0311,
1.8157 -1.3560 0.0329,
1.8157 -1.3553 0.0348,
1.8157 -1.3545 0.0365,
1.8157 -1.3536 0.0382,
1.8157 -1.3527 0.0399,
1.8157 -1.3516 0.0416,
1.8157 -1.3505 0.0431,
1.8157 -1.3493 0.0447,
1.8157 -1.3481 0.0461,
1.8157 -1.3467 0.0475,
1.8157 -1.3453 0.0489,
1.8157 -1.3439 0.0501,
1.8157 -1.3424 0.0513,
1.8157 -1.3408 0.0524,
1.8157 -1.3391 0.0535,
1.8157 -1.3375 0.0544,
1.8157 -1.3357 0.0553,
1.8157 -1.3340 0.0561,
1.8157 -1.3322 0.0568,
1.8157 -1.3303 0.0574,
1.8157 -1.3285 0.0579,
1.8157 -1.3266 0.0583,
1.8157 -1.3247 0.0586,
1.8157 -1.3228 0.0589,
1.8157 -1.3208 0.0590,
1.8157 -1.3189 0.0591,
1.8157 0.0591 0.0984,
1.8157 0.0591 0.0591,
1.8157 0.0610 0.0591,
1.8157 0.0629 0.0592,
1.8157 0.0648 0.0595,
1.8157 0.0667 0.0598,
1.8157 0.0686 0.0602,
1.8157 0.0705 0.0608,
1.8157 0.0723 0.0614,
1.8157 0.0741 0.0621,
1.8157 0.0759 0.0628,
1.8157 0.0776 0.0637,
1.8157 0.0793 0.0647,
1.8157 0.0809 0.0657,
1.8157 0.0825 0.0668,
1.8157 0.0840 0.0680,
1.8157 0.0855 0.0693,
1.8157 0.0869 0.0706,
1.8157 0.0882 0.0720,
1.8157 0.0895 0.0734,
1.8157 0.0907 0.0750,
1.8157 0.0918 0.0766,
1.8157 0.0928 0.0782,
1.8157 0.0938 0.0799,
1.8157 0.0946 0.0816,
1.8157 0.0954 0.0834,
1.8157 0.0961 0.0852,
1.8157 0.0967 0.0870,
1.8157 0.0972 0.0889,
1.8157 0.0977 0.0907,
1.8157 0.0980 0.0926,
1.8157 0.0982 0.0946,
1.8157 0.0984 0.0965,
1.8157 0.0984 0.0984,
1.8157 0.0984 0.8110,
1.8157 0.0591 0.8504,
1.7173 -1.5921 0.5490,
1.8157 -1.5927 0.5472,
1.8157 -1.5921 0.5490,
1.7173 -1.5927 0.5472,
1.7173 -1.5914 0.5508,
1.8157 -1.5914 0.5508,
1.7173 -1.5906 0.5525,
1.8157 -1.5906 0.5525,
1.7173 -1.5898 0.5541,
1.8157 -1.5898 0.5541,
1.7173 -1.5888 0.5557,
1.8157 -1.5888 0.5557,
1.7173 -1.5878 0.5573,
1.8157 -1.5878 0.5573,
1.7173 -1.5868 0.5589,
1.8157 -1.5868 0.5589,
1.7173 -1.5856 0.5603,
1.8157 -1.5856 0.5603,
1.7173 -1.5844 0.5617,
1.8157 -1.5844 0.5617,
1.7173 -1.5831 0.5631,
1.8157 -1.5831 0.5631,
1.7173 -1.5818 0.5644,
1.8157 -1.5818 0.5644,
1.7173 -1.5804 0.5656,
1.8157 -1.5804 0.5656,
1.7173 -1.5789 0.5668,
1.8157 -1.5789 0.5668,
1.7173 -1.5774 0.5679,
1.8157 -1.5774 0.5679,
1.8157 -1.5758 0.5689,
1.7173 -1.5758 0.5689,
1.8157 -1.5742 0.5699,
1.7173 -1.5742 0.5699,
1.8157 -1.3284 0.7062,
1.7173 -1.5742 0.5699,
1.8157 -1.5742 0.5699,
1.7173 -1.3284 0.7062,
1.7173 -1.3267 0.7070,
1.7173 -1.3284 0.7062,
1.8157 -1.3284 0.7062,
1.8157 -1.3267 0.7070,
1.7173 -1.3250 0.7077,
1.8157 -1.3250 0.7077,
1.7173 -1.3231 0.7082,
1.8157 -1.3231 0.7082,
1.7173 -1.3213 0.7085,
1.8157 -1.3213 0.7085,
1.7173 -1.3194 0.7087,
1.8157 -1.3194 0.7087,
1.7173 -1.3175 0.7086,
1.8157 -1.3175 0.7086,
1.7173 -1.3156 0.7084,
1.8157 -1.3156 0.7084,
1.7173 -1.3137 0.7080,
1.8157 -1.3137 0.7080,
1.7173 -1.3119 0.7074,
1.8157 -1.3119 0.7074,
1.7173 -1.3102 0.7066,
1.8157 -1.3102 0.7066,
1.8157 -1.3085 0.7057,
1.7173 -1.3085 0.7057,
1.7173 -1.3085 0.7057,
1.8157 -1.3085 0.7057,
1.8157 -1.2247 0.6535,
1.7173 -1.2247 0.6535,
1.7173 -1.2247 0.6535,
1.8157 -1.2247 0.6535,
1.8157 -0.7126 0.6535,
1.7173 -0.7126 0.6535,
1.8157 -0.6159 0.7349,
1.7173 -0.7126 0.6535,
1.8157 -0.7126 0.6535,
1.7173 -0.6159 0.7349,
1.7173 -0.6144 0.7361,
1.7173 -0.6159 0.7349,
1.8157 -0.6159 0.7349,
1.8157 -0.6144 0.7361,
1.7173 -0.6128 0.7372,
1.8157 -0.6128 0.7372,
1.7173 -0.6111 0.7383,
1.8157 -0.6111 0.7383,
1.7173 -0.6094 0.7393,
1.8157 -0.6094 0.7393,
1.7173 -0.6077 0.7402,
1.8157 -0.6077 0.7402,
1.7173 -0.6059 0.7410,
1.8157 -0.6059 0.7410,
1.7173 -0.6040 0.7417,
1.8157 -0.6040 0.7417,
1.7173 -0.6022 0.7423,
1.8157 -0.6022 0.7423,
1.7173 -0.6003 0.7429,
1.8157 -0.6003 0.7429,
1.7173 -0.5984 0.7433,
1.8157 -0.5984 0.7433,
1.7173 -0.5964 0.7437,
1.8157 -0.5964 0.7437,
1.7173 -0.5945 0.7439,
1.8157 -0.5945 0.7439,
1.7173 -0.5925 0.7440,
1.8157 -0.5925 0.7440,
1.7173 -0.5906 0.7441,
1.8157 -0.5906 0.7441,
1.7173 -1.1172 1.0787,
1.8157 -0.6627 1.0787,
1.8157 -1.1172 1.0787,
1.7173 -0.6627 1.0787,
1.7173 -1.2008 1.0547,
1.7173 -1.1945 1.0585,
1.8157 -1.2008 1.0547,
1.8157 -1.1945 1.0585,
1.7173 -1.1880 1.0619,
1.8157 -1.1880 1.0619,
1.7173 -1.1814 1.0651,
1.8157 -1.1814 1.0651,
1.7173 -1.1746 1.0679,
1.8157 -1.1746 1.0679,
1.7173 -1.1677 1.0704,
1.8157 -1.1677 1.0704,
1.7173 -1.1607 1.0726,
1.8157 -1.1607 1.0726,
1.7173 -1.1536 1.0745,
1.8157 -1.1536 1.0745,
1.7173 -1.1464 1.0760,
1.8157 -1.1464 1.0760,
1.7173 -1.1391 1.0772,
1.8157 -1.1391 1.0772,
1.7173 -1.1318 1.0781,
1.8157 -1.1318 1.0781,
1.7173 -1.1245 1.0786,
1.8157 -1.1245 1.0786,
1.7173 -1.1172 1.0787,
1.8157 -1.1172 1.0787,
1.8157 -1.3084 0.9873,
1.7173 -1.2008 1.0547,
1.8157 -1.2008 1.0547,
1.7173 -1.3084 0.9873,
1.7173 -1.3100 0.9864,
1.7173 -1.3084 0.9873,
1.8157 -1.3084 0.9873,
1.8157 -1.3100 0.9864,
1.7173 -1.3117 0.9856,
1.8157 -1.3117 0.9856,
1.7173 -1.3134 0.9850,
1.8157 -1.3134 0.9850,
1.7173 -1.3152 0.9846,
1.8157 -1.3152 0.9846,
1.7173 -1.3170 0.9843,
1.8157 -1.3170 0.9843,
1.7173 -1.3189 0.9843,
1.8157 -1.3189 0.9843,
1.7173 -1.3207 0.9843,
1.8157 -1.3207 0.9843,
1.7173 -1.3225 0.9846,
1.8157 -1.3225 0.9846,
1.7173 -1.3243 0.9850,
1.8157 -1.3243 0.9850,
1.8157 -1.3260 0.9856,
1.7173 -1.3260 0.9856,
1.7173 -1.3277 0.9863,
1.8157 -1.3277 0.9863,
1.8157 -1.3293 0.9872,
1.7173 -1.3293 0.9872,
1.7173 -1.4827 1.0827,
1.7173 -1.3293 0.9872,
1.8157 -1.3293 0.9872,
1.8157 -1.4827 1.0827,
1.7173 0.0591 0.8504,
1.8157 0.0591 0.8504,
1.8157 0.0984 0.8110,
1.7173 0.0984 0.8110,
1.7173 0.0984 0.8110,
1.8157 0.0984 0.8110,
1.8157 0.0984 0.0984,
1.7173 0.0984 0.0984,
1.7173 0.0984 0.0965,
1.7173 0.0984 0.0984,
1.8157 0.0984 0.0984,
1.8157 0.0984 0.0965,
1.7173 0.0982 0.0946,
1.8157 0.0982 0.0946,
1.7173 0.0980 0.0926,
1.8157 0.0980 0.0926,
1.7173 0.0977 0.0907,
1.8157 0.0977 0.0907,
1.7173 0.0972 0.0889,
1.8157 0.0972 0.0889,
1.7173 0.0967 0.0870,
1.8157 0.0967 0.0870,
1.7173 0.0961 0.0852,
1.8157 0.0961 0.0852,
1.7173 0.0954 0.0834,
1.8157 0.0954 0.0834,
1.7173 0.0946 0.0816,
1.8157 0.0946 0.0816,
1.7173 0.0938 0.0799,
1.8157 0.0938 0.0799,
1.7173 0.0928 0.0782,
1.8157 0.0928 0.0782,
1.7173 0.0918 0.0766,
1.8157 0.0918 0.0766,
1.8157 0.0907 0.0750,
1.7173 0.0907 0.0750,
1.7173 0.0895 0.0734,
1.8157 0.0895 0.0734,
1.7173 0.0882 0.0720,
1.8157 0.0882 0.0720,
1.7173 0.0869 0.0706,
1.8157 0.0869 0.0706,
1.7173 0.0855 0.0693,
1.8157 0.0855 0.0693,
1.7173 0.0840 0.0680,
1.8157 0.0840 0.0680,
1.7173 0.0825 0.0668,
1.8157 0.0825 0.0668,
1.7173 0.0809 0.0657,
1.8157 0.0809 0.0657,
1.7173 0.0793 0.0647,
1.8157 0.0793 0.0647,
1.7173 0.0776 0.0637,
1.8157 0.0776 0.0637,
1.8157 0.0759 0.0628,
1.7173 0.0759 0.0628,
1.8157 0.0741 0.0621,
1.7173 0.0741 0.0621,
1.7173 0.0723 0.0614,
1.8157 0.0723 0.0614,
1.7173 0.0705 0.0608,
1.8157 0.0705 0.0608,
1.7173 0.0686 0.0602,
1.8157 0.0686 0.0602,
1.8157 0.0667 0.0598,
1.7173 0.0667 0.0598,
1.7173 0.0648 0.0595,
1.8157 0.0648 0.0595,
1.7173 0.0629 0.0592,
1.8157 0.0629 0.0592,
1.8157 0.0610 0.0591,
1.7173 0.0610 0.0591,
1.7173 0.0591 0.0591,
1.8157 0.0591 0.0591,
1.7173 -1.3189 0.0591,
1.7173 0.0591 0.0591,
1.8157 0.0591 0.0591,
1.8157 -1.3189 0.0591,
1.7173 -1.3583 0.0197,
1.7173 -1.3582 0.0216,
1.8157 -1.3583 0.0197,
1.8157 -1.3582 0.0216,
1.7173 -1.3581 0.0235,
1.8157 -1.3581 0.0235,
1.7173 -1.3578 0.0255,
1.8157 -1.3578 0.0255,
1.7173 -1.3575 0.0274,
1.8157 -1.3575 0.0274,
1.7173 -1.3571 0.0293,
1.8157 -1.3571 0.0293,
1.7173 -1.3566 0.0311,
1.8157 -1.3566 0.0311,
1.7173 -1.3560 0.0329,
1.8157 -1.3560 0.0329,
1.7173 -1.3553 0.0348,
1.8157 -1.3553 0.0348,
1.7173 -1.3545 0.0365,
1.8157 -1.3545 0.0365,
1.7173 -1.3536 0.0382,
1.8157 -1.3536 0.0382,
1.7173 -1.3527 0.0399,
1.8157 -1.3527 0.0399,
1.7173 -1.3516 0.0416,
1.8157 -1.3516 0.0416,
1.7173 -1.3505 0.0431,
1.8157 -1.3505 0.0431,
1.7173 -1.3493 0.0447,
1.8157 -1.3493 0.0447,
1.7173 -1.3481 0.0461,
1.8157 -1.3481 0.0461,
1.7173 -1.3467 0.0475,
1.8157 -1.3467 0.0475,
1.7173 -1.3453 0.0489,
1.8157 -1.3453 0.0489,
1.7173 -1.3439 0.0501,
1.8157 -1.3439 0.0501,
1.7173 -1.3424 0.0513,
1.8157 -1.3424 0.0513,
1.8157 -1.3408 0.0524,
1.7173 -1.3408 0.0524,
1.7173 -1.3391 0.0535,
1.8157 -1.3391 0.0535,
1.7173 -1.3375 0.0544,
1.8157 -1.3375 0.0544,
1.7173 -1.3357 0.0553,
1.8157 -1.3357 0.0553,
1.7173 -1.3340 0.0561,
1.8157 -1.3340 0.0561,
1.7173 -1.3322 0.0568,
1.8157 -1.3322 0.0568,
1.7173 -1.3303 0.0574,
1.8157 -1.3303 0.0574,
1.8157 -1.3285 0.0579,
1.7173 -1.3285 0.0579,
1.7173 -1.3266 0.0583,
1.8157 -1.3266 0.0583,
1.8157 -1.3247 0.0586,
1.7173 -1.3247 0.0586,
1.7173 -1.3228 0.0589,
1.8157 -1.3228 0.0589,
1.7173 -1.3208 0.0590,
1.8157 -1.3208 0.0590,
1.7173 -1.3189 0.0591,
1.8157 -1.3189 0.0591,
1.7173 -1.3583 0.0197,
1.8157 -1.3583 0.0197,
1.8157 -1.3583 -1.2402,
1.7173 -1.3583 -1.2402,
1.8157 -1.4046 -1.3270,
1.7173 -1.3583 -1.2402,
1.8157 -1.3583 -1.2402,
1.7173 -1.4046 -1.3270,
1.7173 -1.4060 -1.3295,
1.7173 -1.4046 -1.3270,
1.8157 -1.4046 -1.3270,
1.8157 -1.4060 -1.3295,
1.7173 -1.4076 -1.3320,
1.8157 -1.4076 -1.3320,
1.7173 -1.4092 -1.3344,
1.8157 -1.4092 -1.3344,
1.7173 -1.4110 -1.3366,
1.8157 -1.4110 -1.3366,
1.7173 -1.4129 -1.3388,
1.8157 -1.4129 -1.3388,
1.7173 -1.4149 -1.3409,
1.8157 -1.4149 -1.3409,
1.7173 -1.4170 -1.3429,
1.8157 -1.4170 -1.3429,
1.7173 -1.4192 -1.3448,
1.8157 -1.4192 -1.3448,
1.7173 -1.4215 -1.3466,
1.8157 -1.4215 -1.3466,
1.7173 -1.4239 -1.3483,
1.8157 -1.4239 -1.3483,
1.7173 -1.4263 -1.3499,
1.8157 -1.4263 -1.3499,
1.7173 -1.4288 -1.3513,
1.8157 -1.4288 -1.3513,
1.7173 -1.4314 -1.3526,
1.8157 -1.4314 -1.3526,
1.7173 -1.4341 -1.3538,
1.8157 -1.4341 -1.3538,
1.8157 -1.4368 -1.3548,
1.7173 -1.4368 -1.3548,
1.7173 -1.4395 -1.3557,
1.8157 -1.4395 -1.3557,
1.7173 -1.4423 -1.3565,
1.8157 -1.4423 -1.3565,
1.7173 -1.4452 -1.3571,
1.8157 -1.4452 -1.3571,
1.7173 -1.4480 -1.3576,
1.8157 -1.4480 -1.3576,
1.8157 -1.4509 -1.3580,
1.7173 -1.4509 -1.3580,
1.7173 -1.4538 -1.3582,
1.8157 -1.4538 -1.3582,
1.7173 -1.4567 -1.3583,
1.8157 -1.4567 -1.3583,
1.7173 -1.4596 -1.3582,
1.8157 -1.4596 -1.3582,
1.7173 -1.4625 -1.3580,
1.8157 -1.4625 -1.3580,
1.7173 -1.4654 -1.3576,
1.8157 -1.4654 -1.3576,
1.8157 -1.4682 -1.3571,
1.7173 -1.4682 -1.3571,
1.7173 -1.4711 -1.3565,
1.8157 -1.4711 -1.3565,
1.7173 -1.4738 -1.3557,
1.8157 -1.4738 -1.3557,
1.7173 -1.4766 -1.3548,
1.8157 -1.4766 -1.3548,
1.7173 -1.4793 -1.3538,
1.8157 -1.4793 -1.3538,
1.8157 -1.4820 -1.3526,
1.7173 -1.4820 -1.3526,
1.7173 -1.4846 -1.3513,
1.8157 -1.4846 -1.3513,
1.7173 -1.4871 -1.3499,
1.8157 -1.4871 -1.3499,
1.7173 -1.4895 -1.3483,
1.8157 -1.4895 -1.3483,
1.7173 -1.4919 -1.3466,
1.8157 -1.4919 -1.3466,
1.7173 -1.4942 -1.3448,
1.8157 -1.4942 -1.3448,
1.7173 -1.4964 -1.3429,
1.8157 -1.4964 -1.3429,
1.7173 -1.4985 -1.3409,
1.8157 -1.4985 -1.3409,
1.7173 -1.5005 -1.3388,
1.8157 -1.5005 -1.3388,
1.8157 -1.5024 -1.3366,
1.7173 -1.5024 -1.3366,
1.7173 -1.5042 -1.3344,
1.8157 -1.5042 -1.3344,
1.8157 -1.5058 -1.3320,
1.7173 -1.5058 -1.3320,
1.7173 -1.5074 -1.3295,
1.8157 -1.5074 -1.3295,
1.7173 -1.5088 -1.3270,
1.8157 -1.5088 -1.3270,
1.8157 -1.5088 -1.3270,
1.8157 -1.5551 -1.2402,
1.7173 -1.5551 -1.2402,
1.7173 -1.5088 -1.3270,
1.8157 -1.5551 -1.2402,
1.7173 -1.5551 -0.0197,
1.7173 -1.5551 -1.2402,
1.8157 -1.5551 -0.0197,
2.3079 -1.5758 0.5689,
2.3079 -1.5742 0.5699,
2.3079 -1.5774 0.5679,
2.3079 -1.5789 0.5668,
2.3079 -1.5804 0.5656,
2.3079 -1.5818 0.5644,
2.3079 -1.5831 0.5631,
2.3079 -1.5844 0.5617,
2.3079 -1.5856 0.5603,
2.3079 -1.5868 0.5589,
2.3079 -1.5878 0.5573,
2.3079 -1.5888 0.5557,
2.3079 -1.5898 0.5541,
2.3079 -1.5906 0.5525,
2.3079 -1.5914 0.5508,
2.3079 -1.5921 0.5490,
2.3079 -1.5927 0.5472,
2.3079 -1.3231 0.7082,
2.3079 -1.3213 0.7085,
2.3079 -1.3250 0.7077,
2.3079 -1.3175 0.7086,
2.3079 -1.3156 0.7084,
2.3079 -1.3194 0.7087,
2.3079 -1.3119 0.7074,
2.3079 -1.3102 0.7066,
2.3079 -1.3137 0.7080,
2.3079 -1.3085 0.7057,
2.3079 -1.3267 0.7070,
2.3079 -1.3284 0.7062,
2.3079 -1.2247 0.6535,
2.3079 -0.6417 0.5472,
2.3079 -0.7126 0.6535,
2.3079 -0.5709 0.5945,
2.3079 -0.5709 0.7043,
2.3079 -1.3277 0.9863,
2.3079 -1.3243 0.9850,
2.3079 -1.3260 0.9856,
2.3079 -1.3207 0.9843,
2.3079 -1.3225 0.9846,
2.3079 -1.3189 0.9843,
2.3079 -1.3170 0.9843,
2.3079 -1.3134 0.9850,
2.3079 -1.3152 0.9846,
2.3079 -1.3117 0.9856,
2.3079 -1.3293 0.9872,
2.3079 -1.3100 0.9864,
2.3079 -1.3084 0.9873,
2.3079 -1.4827 1.0827,
2.3079 -1.2008 1.0547,
2.3079 -1.1945 1.0585,
2.3079 -1.1880 1.0619,
2.3079 -1.1814 1.0651,
2.3079 -1.1746 1.0679,
2.3079 -1.1677 1.0704,
2.3079 -0.6693 1.0827,
2.3079 -0.6627 1.0787,
2.3079 -1.1172 1.0787,
2.3079 -1.1245 1.0786,
2.3079 -1.1318 1.0781,
2.3079 -1.1391 1.0772,
2.3079 -1.1464 1.0760,
2.3079 -1.1536 1.0745,
2.3079 -1.1607 1.0726,
2.3079 -0.0438 -1.3388,
2.3079 -0.0457 -1.3366,
2.3079 -0.0418 -1.3409,
2.3079 -0.0375 -1.3448,
2.3079 -0.0328 -1.3483,
2.3079 -0.0352 -1.3466,
2.3079 -0.0475 -1.3344,
2.3079 -0.0491 -1.3320,
2.3079 -0.0507 -1.3295,
2.3079 -0.0279 -1.3513,
2.3079 -0.0304 -1.3499,
2.3079 -0.0521 -1.3270,
2.3079 -0.0253 -1.3526,
2.3079 -0.0397 -1.3429,
2.3079 -0.0226 -1.3538,
2.3079 -0.0172 -1.3557,
2.3079 -0.0199 -1.3548,
2.3079 -0.0029 -1.3582,
2.3079 0.0029 -1.3582,
2.3079 -0.0000 -1.3583,
2.3079 0.0172 -1.3557,
2.3079 0.0226 -1.3538,
2.3079 0.0199 -1.3548,
2.3079 0.0304 -1.3499,
2.3079 0.0352 -1.3466,
2.3079 0.0328 -1.3483,
2.3079 0.0375 -1.3448,
2.3079 0.0418 -1.3409,
2.3079 0.0397 -1.3429,
2.3079 0.0521 -1.3270,
2.3079 -0.0984 -1.2402,
2.3079 -0.0144 -1.3565,
2.3079 -0.0115 -1.3571,
2.3079 -0.0087 -1.3576,
2.3079 -0.0058 -1.3580,
2.3079 0.0058 -1.3580,
2.3079 0.0087 -1.3576,
2.3079 0.0115 -1.3571,
2.3079 0.0144 -1.3565,
2.3079 0.0253 -1.3526,
2.3079 0.0279 -1.3513,
2.3079 0.0438 -1.3388,
2.3079 0.0457 -1.3366,
2.3079 0.0475 -1.3344,
2.3079 0.0491 -1.3320,
2.3079 0.0507 -1.3295,
2.3079 0.0984 -1.2402,
2.3079 -0.0984 -0.0197,
2.3079 -0.1694 0.0587,
2.3079 0.0591 0.0984,
2.3079 -0.1656 0.0582,
2.3079 -0.1618 0.0575,
2.3079 -0.1580 0.0567,
2.3079 -0.1543 0.0557,
2.3079 -0.1506 0.0545,
2.3079 -0.1470 0.0531,
2.3079 -0.1435 0.0515,
2.3079 -0.1400 0.0498,
2.3079 -0.1367 0.0479,
2.3079 -0.1334 0.0458,
2.3079 -0.1303 0.0436,
2.3079 -0.1272 0.0412,
2.3079 -0.1243 0.0387,
2.3079 -0.1215 0.0360,
2.3079 -0.1188 0.0332,
2.3079 -0.1163 0.0303,
2.3079 -0.1139 0.0272,
2.3079 -0.1117 0.0241,
2.3079 -0.1096 0.0208,
2.3079 -0.1077 0.0174,
2.3079 -0.1060 0.0140,
2.3079 -0.1044 0.0104,
2.3079 -0.1030 0.0068,
2.3079 -0.1018 0.0032,
2.3079 -0.1008 -0.0006,
2.3079 -0.0999 -0.0043,
2.3079 -0.0993 -0.0081,
2.3079 -0.0988 -0.0120,
2.3079 -0.0985 -0.0158,
2.3079 0.0591 0.8504,
2.3079 0.0984 0.8110,
2.3079 -1.2913 0.0984,
2.3079 -0.1772 0.0591,
2.3079 -1.2480 0.0591,
2.3079 -0.1733 0.0590,
2.4063 -0.5709 0.7043,
2.3079 -0.7126 0.6535,
2.4063 -0.7126 0.6535,
2.3079 -0.5709 0.7043,
2.4063 -1.5742 0.5699,
2.4063 -1.5758 0.5689,
2.4063 -1.5774 0.5679,
2.4063 -1.5789 0.5668,
2.4063 -1.5804 0.5656,
2.4063 -1.5818 0.5644,
2.4063 -1.5831 0.5631,
2.4063 -1.5844 0.5617,
2.4063 -1.5856 0.5603,
2.4063 -1.5868 0.5589,
2.4063 -1.5878 0.5573,
2.4063 -1.5888 0.5557,
2.4063 -1.5898 0.5541,
2.4063 -1.5906 0.5525,
2.4063 -1.5914 0.5508,
2.4063 -1.5921 0.5490,
2.4063 -1.5927 0.5472,
2.4063 -1.3194 0.7087,
2.4063 -1.3213 0.7085,
2.4063 -1.3231 0.7082,
2.4063 -1.3137 0.7080,
2.4063 -1.3156 0.7084,
2.4063 -1.3175 0.7086,
2.4063 -1.3250 0.7077,
2.4063 -1.3267 0.7070,
2.4063 -1.3085 0.7057,
2.4063 -1.3102 0.7066,
2.4063 -1.3119 0.7074,
2.4063 -1.3284 0.7062,
2.4063 -1.2247 0.6535,
2.4063 -0.6417 0.5472,
2.4063 -0.7126 0.6535,
2.4063 -0.5709 0.5945,
2.4063 -0.5709 0.7043,
2.4063 -1.3243 0.9850,
2.4063 -1.3293 0.9872,
2.4063 -1.3277 0.9863,
2.4063 -1.3260 0.9856,
2.4063 -1.3207 0.9843,
2.4063 -1.3225 0.9846,
2.4063 -1.3189 0.9843,
2.4063 -1.3170 0.9843,
2.4063 -1.3134 0.9850,
2.4063 -1.3152 0.9846,
2.4063 -1.3117 0.9856,
2.4063 -1.3100 0.9864,
2.4063 -1.3084 0.9873,
2.4063 -1.2008 1.0547,
2.4063 -1.4827 1.0827,
2.4063 -1.1945 1.0585,
2.4063 -1.1880 1.0619,
2.4063 -1.1814 1.0651,
2.4063 -1.1746 1.0679,
2.4063 -1.1677 1.0704,
2.4063 -0.6627 1.0787,
2.4063 -0.6693 1.0827,
2.4063 -1.1172 1.0787,
2.4063 -1.1245 1.0786,
2.4063 -1.1318 1.0781,
2.4063 -1.1391 1.0772,
2.4063 -1.1464 1.0760,
2.4063 -1.1536 1.0745,
2.4063 -1.1607 1.0726,
2.4063 -0.0438 -1.3388,
2.4063 -0.0418 -1.3409,
2.4063 -0.0397 -1.3429,
2.4063 -0.0375 -1.3448,
2.4063 -0.0475 -1.3344,
2.4063 -0.0457 -1.3366,
2.4063 -0.0328 -1.3483,
2.4063 -0.0352 -1.3466,
2.4063 -0.0491 -1.3320,
2.4063 -0.0279 -1.3513,
2.4063 -0.0304 -1.3499,
2.4063 -0.0253 -1.3526,
2.4063 -0.0521 -1.3270,
2.4063 -0.0507 -1.3295,
2.4063 -0.0172 -1.3557,
2.4063 -0.0226 -1.3538,
2.4063 -0.0199 -1.3548,
2.4063 -0.0029 -1.3582,
2.4063 -0.0144 -1.3565,
2.4063 -0.0115 -1.3571,
2.4063 -0.0087 -1.3576,
2.4063 -0.0058 -1.3580,
2.4063 0.0029 -1.3582,
2.4063 -0.0000 -1.3583,
2.4063 0.0087 -1.3576,
2.4063 0.0058 -1.3580,
2.4063 0.0253 -1.3526,
2.4063 0.0199 -1.3548,
2.4063 0.0226 -1.3538,
2.4063 0.0279 -1.3513,
2.4063 0.0521 -1.3270,
2.4063 -0.0984 -1.2402,
2.4063 0.0115 -1.3571,
2.4063 0.0144 -1.3565,
2.4063 0.0172 -1.3557,
2.4063 0.0304 -1.3499,
2.4063 0.0328 -1.3483,
2.4063 0.0352 -1.3466,
2.4063 0.0375 -1.3448,
2.4063 0.0397 -1.3429,
2.4063 0.0418 -1.3409,
2.4063 0.0438 -1.3388,
2.4063 0.0457 -1.3366,
2.4063 0.0475 -1.3344,
2.4063 0.0491 -1.3320,
2.4063 0.0507 -1.3295,
2.4063 0.0984 -1.2402,
2.4063 -0.0984 -0.0197,
2.4063 0.0591 0.0984,
2.4063 -0.1694 0.0587,
2.4063 -0.1656 0.0582,
2.4063 -0.1618 0.0575,
2.4063 -0.1580 0.0567,
2.4063 -0.1543 0.0557,
2.4063 -0.1506 0.0545,
2.4063 -0.1470 0.0531,
2.4063 -0.1435 0.0515,
2.4063 -0.1400 0.0498,
2.4063 -0.1367 0.0479,
2.4063 -0.1334 0.0458,
2.4063 -0.1303 0.0436,
2.4063 -0.1272 0.0412,
2.4063 -0.1243 0.0387,
2.4063 -0.1215 0.0360,
2.4063 -0.1188 0.0332,
2.4063 -0.1163 0.0303,
2.4063 -0.1139 0.0272,
2.4063 -0.1117 0.0241,
2.4063 -0.1096 0.0208,
2.4063 -0.1077 0.0174,
2.4063 -0.1060 0.0140,
2.4063 -0.1044 0.0104,
2.4063 -0.1030 0.0068,
2.4063 -0.1018 0.0032,
2.4063 -0.1008 -0.0006,
2.4063 -0.0999 -0.0043,
2.4063 -0.0993 -0.0081,
2.4063 -0.0988 -0.0120,
2.4063 -0.0985 -0.0158,
2.4063 -1.2913 0.0984,
2.4063 -0.1772 0.0591,
2.4063 -1.2480 0.0591,
2.4063 -0.1733 0.0590,
2.4063 0.0984 0.8110,
2.4063 0.0591 0.8504,
2.3079 -1.5921 0.5490,
2.4063 -1.5927 0.5472,
2.4063 -1.5921 0.5490,
2.3079 -1.5927 0.5472,
2.3079 -1.5914 0.5508,
2.4063 -1.5914 0.5508,
2.3079 -1.5906 0.5525,
2.4063 -1.5906 0.5525,
2.3079 -1.5898 0.5541,
2.4063 -1.5898 0.5541,
2.3079 -1.5888 0.5557,
2.4063 -1.5888 0.5557,
2.3079 -1.5878 0.5573,
2.4063 -1.5878 0.5573,
2.3079 -1.5868 0.5589,
2.4063 -1.5868 0.5589,
2.3079 -1.5856 0.5603,
2.4063 -1.5856 0.5603,
2.3079 -1.5844 0.5617,
2.4063 -1.5844 0.5617,
2.3079 -1.5831 0.5631,
2.4063 -1.5831 0.5631,
2.3079 -1.5818 0.5644,
2.4063 -1.5818 0.5644,
2.3079 -1.5804 0.5656,
2.4063 -1.5804 0.5656,
2.3079 -1.5789 0.5668,
2.4063 -1.5789 0.5668,
2.3079 -1.5774 0.5679,
2.4063 -1.5774 0.5679,
2.4063 -1.5758 0.5689,
2.3079 -1.5758 0.5689,
2.4063 -1.5742 0.5699,
2.3079 -1.5742 0.5699,
2.4063 -1.3284 0.7062,
2.3079 -1.5742 0.5699,
2.4063 -1.5742 0.5699,
2.3079 -1.3284 0.7062,
2.3079 -1.3267 0.7070,
2.3079 -1.3284 0.7062,
2.4063 -1.3284 0.7062,
2.4063 -1.3267 0.7070,
2.3079 -1.3250 0.7077,
2.4063 -1.3250 0.7077,
2.3079 -1.3231 0.7082,
2.4063 -1.3231 0.7082,
2.3079 -1.3213 0.7085,
2.4063 -1.3213 0.7085,
2.3079 -1.3194 0.7087,
2.4063 -1.3194 0.7087,
2.3079 -1.3175 0.7086,
2.4063 -1.3175 0.7086,
2.3079 -1.3156 0.7084,
2.4063 -1.3156 0.7084,
2.3079 -1.3137 0.7080,
2.4063 -1.3137 0.7080,
2.3079 -1.3119 0.7074,
2.4063 -1.3119 0.7074,
2.4063 -1.3102 0.7066,
2.3079 -1.3102 0.7066,
2.4063 -1.3085 0.7057,
2.3079 -1.3085 0.7057,
2.3079 -1.3085 0.7057,
2.4063 -1.3085 0.7057,
2.4063 -1.2247 0.6535,
2.3079 -1.2247 0.6535,
2.3079 -1.2247 0.6535,
2.4063 -1.2247 0.6535,
2.4063 -0.7126 0.6535,
2.3079 -0.7126 0.6535,
2.3079 -1.1172 1.0787,
2.4063 -0.6627 1.0787,
2.4063 -1.1172 1.0787,
2.3079 -0.6627 1.0787,
2.3079 -1.2008 1.0547,
2.3079 -1.1945 1.0585,
2.4063 -1.2008 1.0547,
2.4063 -1.1945 1.0585,
2.3079 -1.1880 1.0619,
2.4063 -1.1880 1.0619,
2.3079 -1.1814 1.0651,
2.4063 -1.1814 1.0651,
2.3079 -1.1746 1.0679,
2.4063 -1.1746 1.0679,
2.3079 -1.1677 1.0704,
2.4063 -1.1677 1.0704,
2.3079 -1.1607 1.0726,
2.4063 -1.1607 1.0726,
2.3079 -1.1536 1.0745,
2.4063 -1.1536 1.0745,
2.3079 -1.1464 1.0760,
2.4063 -1.1464 1.0760,
2.3079 -1.1391 1.0772,
2.4063 -1.1391 1.0772,
2.3079 -1.1318 1.0781,
2.4063 -1.1318 1.0781,
2.3079 -1.1245 1.0786,
2.4063 -1.1245 1.0786,
2.3079 -1.1172 1.0787,
2.4063 -1.1172 1.0787,
2.4063 -1.3084 0.9873,
2.3079 -1.2008 1.0547,
2.4063 -1.2008 1.0547,
2.3079 -1.3084 0.9873,
2.3079 -1.3100 0.9864,
2.3079 -1.3084 0.9873,
2.4063 -1.3084 0.9873,
2.4063 -1.3100 0.9864,
2.3079 -1.3117 0.9856,
2.4063 -1.3117 0.9856,
2.3079 -1.3134 0.9850,
2.4063 -1.3134 0.9850,
2.3079 -1.3152 0.9846,
2.4063 -1.3152 0.9846,
2.3079 -1.3170 0.9843,
2.4063 -1.3170 0.9843,
2.3079 -1.3189 0.9843,
2.4063 -1.3189 0.9843,
2.3079 -1.3207 0.9843,
2.4063 -1.3207 0.9843,
2.3079 -1.3225 0.9846,
2.4063 -1.3225 0.9846,
2.3079 -1.3243 0.9850,
2.4063 -1.3243 0.9850,
2.4063 -1.3260 0.9856,
2.3079 -1.3260 0.9856,
2.3079 -1.3277 0.9863,
2.4063 -1.3277 0.9863,
2.4063 -1.3293 0.9872,
2.3079 -1.3293 0.9872,
2.3079 -1.4827 1.0827,
2.3079 -1.3293 0.9872,
2.4063 -1.3293 0.9872,
2.4063 -1.4827 1.0827,
2.3079 0.0591 0.8504,
2.4063 0.0591 0.8504,
2.4063 0.0984 0.8110,
2.3079 0.0984 0.8110,
2.3079 0.0984 0.8110,
2.4063 0.0984 0.8110,
2.4063 0.0984 -1.2402,
2.3079 0.0984 -1.2402,
2.4063 0.0521 -1.3270,
2.3079 0.0984 -1.2402,
2.4063 0.0984 -1.2402,
2.3079 0.0521 -1.3270,
2.3079 0.0507 -1.3295,
2.3079 0.0521 -1.3270,
2.4063 0.0521 -1.3270,
2.4063 0.0507 -1.3295,
2.3079 0.0491 -1.3320,
2.4063 0.0491 -1.3320,
2.3079 0.0475 -1.3344,
2.4063 0.0475 -1.3344,
2.3079 0.0457 -1.3366,
2.4063 0.0457 -1.3366,
2.3079 0.0438 -1.3388,
2.4063 0.0438 -1.3388,
2.3079 0.0418 -1.3409,
2.4063 0.0418 -1.3409,
2.3079 0.0397 -1.3429,
2.4063 0.0397 -1.3429,
2.3079 0.0375 -1.3448,
2.4063 0.0375 -1.3448,
2.3079 0.0352 -1.3466,
2.4063 0.0352 -1.3466,
2.3079 0.0328 -1.3483,
2.4063 0.0328 -1.3483,
2.3079 0.0304 -1.3499,
2.4063 0.0304 -1.3499,
2.3079 0.0279 -1.3513,
2.4063 0.0279 -1.3513,
2.3079 0.0253 -1.3526,
2.4063 0.0253 -1.3526,
2.3079 0.0226 -1.3538,
2.4063 0.0226 -1.3538,
2.3079 0.0199 -1.3548,
2.4063 0.0199 -1.3548,
2.3079 0.0172 -1.3557,
2.4063 0.0172 -1.3557,
2.3079 0.0144 -1.3565,
2.4063 0.0144 -1.3565,
2.3079 0.0115 -1.3571,
2.4063 0.0115 -1.3571,
2.3079 0.0087 -1.3576,
2.4063 0.0087 -1.3576,
2.3079 0.0058 -1.3580,
2.4063 0.0058 -1.3580,
2.3079 0.0029 -1.3582,
2.4063 0.0029 -1.3582,
2.3079 -0.0000 -1.3583,
2.4063 -0.0000 -1.3583,
2.4063 -0.0029 -1.3582,
2.3079 -0.0029 -1.3582,
2.3079 -0.0058 -1.3580,
2.4063 -0.0058 -1.3580,
2.3079 -0.0087 -1.3576,
2.4063 -0.0087 -1.3576,
2.3079 -0.0115 -1.3571,
2.4063 -0.0115 -1.3571,
2.3079 -0.0144 -1.3565,
2.4063 -0.0144 -1.3565,
2.4063 -0.0172 -1.3557,
2.3079 -0.0172 -1.3557,
2.3079 -0.0199 -1.3548,
2.4063 -0.0199 -1.3548,
2.3079 -0.0226 -1.3538,
2.4063 -0.0226 -1.3538,
2.3079 -0.0253 -1.3526,
2.4063 -0.0253 -1.3526,
2.4063 -0.0279 -1.3513,
2.3079 -0.0279 -1.3513,
2.3079 -0.0304 -1.3499,
2.4063 -0.0304 -1.3499,
2.3079 -0.0328 -1.3483,
2.4063 -0.0328 -1.3483,
2.3079 -0.0352 -1.3466,
2.4063 -0.0352 -1.3466,
2.3079 -0.0375 -1.3448,
2.4063 -0.0375 -1.3448,
2.4063 -0.0397 -1.3429,
2.3079 -0.0397 -1.3429,
2.3079 -0.0418 -1.3409,
2.4063 -0.0418 -1.3409,
2.3079 -0.0438 -1.3388,
2.4063 -0.0438 -1.3388,
2.3079 -0.0457 -1.3366,
2.4063 -0.0457 -1.3366,
2.3079 -0.0475 -1.3344,
2.4063 -0.0475 -1.3344,
2.3079 -0.0491 -1.3320,
2.4063 -0.0491 -1.3320,
2.3079 -0.0507 -1.3295,
2.4063 -0.0507 -1.3295,
2.4063 -0.0521 -1.3270,
2.3079 -0.0521 -1.3270,
2.4063 -0.0521 -1.3270,
2.4063 -0.0984 -1.2402,
2.3079 -0.0984 -1.2402,
2.3079 -0.0521 -1.3270,
2.4063 -0.0984 -1.2402,
2.4063 -0.0984 -0.0197,
2.3079 -0.0984 -0.0197,
2.3079 -0.0984 -1.2402,
2.3079 -0.1772 0.0591,
2.3079 -0.1733 0.0590,
2.4063 -0.1772 0.0591,
2.4063 -0.1733 0.0590,
2.3079 -0.1694 0.0587,
2.4063 -0.1694 0.0587,
2.3079 -0.1656 0.0582,
2.4063 -0.1656 0.0582,
2.3079 -0.1618 0.0575,
2.4063 -0.1618 0.0575,
2.3079 -0.1580 0.0567,
2.4063 -0.1580 0.0567,
2.3079 -0.1543 0.0557,
2.4063 -0.1543 0.0557,
2.3079 -0.1506 0.0545,
2.4063 -0.1506 0.0545,
2.3079 -0.1470 0.0531,
2.4063 -0.1470 0.0531,
2.3079 -0.1435 0.0515,
2.4063 -0.1435 0.0515,
2.3079 -0.1400 0.0498,
2.4063 -0.1400 0.0498,
2.3079 -0.1367 0.0479,
2.4063 -0.1367 0.0479,
2.3079 -0.1334 0.0458,
2.4063 -0.1334 0.0458,
2.3079 -0.1303 0.0436,
2.4063 -0.1303 0.0436,
2.3079 -0.1272 0.0412,
2.4063 -0.1272 0.0412,
2.3079 -0.1243 0.0387,
2.4063 -0.1243 0.0387,
2.3079 -0.1215 0.0360,
2.4063 -0.1215 0.0360,
2.4063 -0.1188 0.0332,
2.3079 -0.1188 0.0332,
2.3079 -0.1163 0.0303,
2.4063 -0.1163 0.0303,
2.3079 -0.1139 0.0272,
2.4063 -0.1139 0.0272,
2.4063 -0.1117 0.0241,
2.3079 -0.1117 0.0241,
2.3079 -0.1096 0.0208,
2.4063 -0.1096 0.0208,
2.3079 -0.1077 0.0174,
2.4063 -0.1077 0.0174,
2.3079 -0.1060 0.0140,
2.4063 -0.1060 0.0140,
2.3079 -0.1044 0.0104,
2.4063 -0.1044 0.0104,
2.3079 -0.1030 0.0068,
2.4063 -0.1030 0.0068,
2.3079 -0.1018 0.0032,
2.4063 -0.1018 0.0032,
2.4063 -0.1008 -0.0006,
2.3079 -0.1008 -0.0006,
2.3079 -0.0999 -0.0043,
2.4063 -0.0999 -0.0043,
2.4063 -0.0993 -0.0081,
2.3079 -0.0993 -0.0081,
2.3079 -0.0988 -0.0120,
2.4063 -0.0988 -0.0120,
2.3079 -0.0985 -0.0158,
2.4063 -0.0985 -0.0158,
2.3079 -0.0984 -0.0197,
2.4063 -0.0984 -0.0197,
2.3079 -1.2480 0.0591,
2.3079 -0.1772 0.0591,
2.4063 -0.1772 0.0591,
2.4063 -1.2480 0.0591,
2.3079 -1.2913 0.0984,
2.3079 -1.2480 0.0591,
2.4063 -1.2480 0.0591,
2.4063 -1.2913 0.0984,
2.8984 -1.5758 0.5689,
2.8984 -1.5742 0.5699,
2.8984 -1.5774 0.5679,
2.8984 -1.5789 0.5668,
2.8984 -1.5804 0.5656,
2.8984 -1.5818 0.5644,
2.8984 -1.5831 0.5631,
2.8984 -1.5844 0.5617,
2.8984 -1.5856 0.5603,
2.8984 -1.5868 0.5589,
2.8984 -1.5878 0.5573,
2.8984 -1.5888 0.5557,
2.8984 -1.5898 0.5541,
2.8984 -1.5906 0.5525,
2.8984 -1.5914 0.5508,
2.8984 -1.5921 0.5490,
2.8984 -1.5927 0.5472,
2.8984 -1.3250 0.7077,
2.8984 -1.3231 0.7082,
2.8984 -1.3267 0.7070,
2.8984 -1.3213 0.7085,
2.8984 -1.3194 0.7087,
2.8984 -1.3175 0.7086,
2.8984 -1.3156 0.7084,
2.8984 -1.3102 0.7066,
2.8984 -1.3085 0.7057,
2.8984 -1.3119 0.7074,
2.8984 -1.3137 0.7080,
2.8984 -1.3284 0.7062,
2.8984 -1.2247 0.6535,
2.8984 -0.6417 0.5472,
2.8984 -0.7126 0.6535,
2.8984 -0.5709 0.5945,
2.8984 -0.6159 0.7349,
2.8984 -0.6144 0.7361,
2.8984 -0.6128 0.7372,
2.8984 -0.6094 0.7393,
2.8984 -0.6077 0.7402,
2.8984 -0.6111 0.7383,
2.8984 -0.6059 0.7410,
2.8984 -0.6040 0.7417,
2.8984 -0.6022 0.7423,
2.8984 -0.6003 0.7429,
2.8984 -0.5984 0.7433,
2.8984 -0.5964 0.7437,
2.8984 -0.5945 0.7439,
2.8984 -0.5925 0.7440,
2.8984 -0.5906 0.7441,
2.8984 -0.5709 0.7441,
2.8984 -1.3293 0.9872,
2.8984 -1.3243 0.9850,
2.8984 -1.3277 0.9863,
2.8984 -1.3260 0.9856,
2.8984 -1.3207 0.9843,
2.8984 -1.3225 0.9846,
2.8984 -1.3189 0.9843,
2.8984 -1.3170 0.9843,
2.8984 -1.3134 0.9850,
2.8984 -1.3152 0.9846,
2.8984 -1.3117 0.9856,
2.8984 -1.3100 0.9864,
2.8984 -1.3084 0.9873,
2.8984 -1.4827 1.0827,
2.8984 -1.2008 1.0547,
2.8984 -1.1945 1.0585,
2.8984 -1.1880 1.0619,
2.8984 -1.1814 1.0651,
2.8984 -1.1746 1.0679,
2.8984 -1.1677 1.0704,
2.8984 -0.6693 1.0827,
2.8984 -0.6627 1.0787,
2.8984 -1.1172 1.0787,
2.8984 -1.1245 1.0786,
2.8984 -1.1318 1.0781,
2.8984 -1.1391 1.0772,
2.8984 -1.1464 1.0760,
2.8984 -1.1536 1.0745,
2.8984 -1.1607 1.0726,
2.8984 -1.4985 -1.3409,
2.8984 -1.5005 -1.3388,
2.8984 -1.4964 -1.3429,
2.8984 -1.4942 -1.3448,
2.8984 -1.4871 -1.3499,
2.8984 -1.4919 -1.3466,
2.8984 -1.4895 -1.3483,
2.8984 -1.5058 -1.3320,
2.8984 -1.5074 -1.3295,
2.8984 -1.5042 -1.3344,
2.8984 -1.5024 -1.3366,
2.8984 -1.4820 -1.3526,
2.8984 -1.4846 -1.3513,
2.8984 -1.4766 -1.3548,
2.8984 -1.4793 -1.3538,
2.8984 -1.4654 -1.3576,
2.8984 -1.4596 -1.3582,
2.8984 -1.4625 -1.3580,
2.8984 -1.4538 -1.3582,
2.8984 -1.4567 -1.3583,
2.8984 -1.4480 -1.3576,
2.8984 -1.4509 -1.3580,
2.8984 -1.4395 -1.3557,
2.8984 -1.4452 -1.3571,
2.8984 -1.4423 -1.3565,
2.8984 -1.4263 -1.3499,
2.8984 -1.4215 -1.3466,
2.8984 -1.4239 -1.3483,
2.8984 -1.5551 -1.2402,
2.8984 -1.4046 -1.3270,
2.8984 -1.5088 -1.3270,
2.8984 -1.4738 -1.3557,
2.8984 -1.4711 -1.3565,
2.8984 -1.4682 -1.3571,
2.8984 -1.4368 -1.3548,
2.8984 -1.4341 -1.3538,
2.8984 -1.4314 -1.3526,
2.8984 -1.4288 -1.3513,
2.8984 -1.4192 -1.3448,
2.8984 -1.4170 -1.3429,
2.8984 -1.4149 -1.3409,
2.8984 -1.4129 -1.3388,
2.8984 -1.4110 -1.3366,
2.8984 -1.4092 -1.3344,
2.8984 -1.4076 -1.3320,
2.8984 -1.4060 -1.3295,
2.8984 -1.3583 -1.2402,
2.8984 -1.5551 -0.0197,
2.8984 -1.3780 -0.0197,
2.8984 -1.3582 0.0216,
2.8984 -1.3583 0.0197,
2.8984 -1.3581 0.0235,
2.8984 -1.3578 0.0255,
2.8984 -1.3780 0.0984,
2.8984 -1.3575 0.0274,
2.8984 -1.3571 0.0293,
2.8984 -1.3566 0.0311,
2.8984 -1.3560 0.0329,
2.8984 -1.3553 0.0348,
2.8984 -1.3545 0.0365,
2.8984 -1.3536 0.0382,
2.8984 -1.3527 0.0399,
2.8984 -1.3516 0.0416,
2.8984 -1.3505 0.0431,
2.8984 -1.3493 0.0447,
2.8984 -1.3481 0.0461,
2.8984 -1.3467 0.0475,
2.8984 -1.3453 0.0489,
2.8984 -1.3439 0.0501,
2.8984 -1.3424 0.0513,
2.8984 -1.3408 0.0524,
2.8984 -1.3391 0.0535,
2.8984 -1.3375 0.0544,
2.8984 -1.3357 0.0553,
2.8984 -1.3340 0.0561,
2.8984 -1.3322 0.0568,
2.8984 -1.3303 0.0574,
2.8984 -1.3285 0.0579,
2.8984 -1.3266 0.0583,
2.8984 -1.3247 0.0586,
2.8984 -1.3228 0.0589,
2.8984 -1.3208 0.0590,
2.8984 -1.3189 0.0591,
2.8984 0.0591 0.0984,
2.8984 0.0591 0.0591,
2.8984 0.0610 0.0591,
2.8984 0.0629 0.0592,
2.8984 0.0648 0.0595,
2.8984 0.0667 0.0598,
2.8984 0.0686 0.0602,
2.8984 0.0705 0.0608,
2.8984 0.0723 0.0614,
2.8984 0.0741 0.0621,
2.8984 0.0759 0.0628,
2.8984 0.0776 0.0637,
2.8984 0.0793 0.0647,
2.8984 0.0809 0.0657,
2.8984 0.0825 0.0668,
2.8984 0.0840 0.0680,
2.8984 0.0855 0.0693,
2.8984 0.0869 0.0706,
2.8984 0.0882 0.0720,
2.8984 0.0895 0.0734,
2.8984 0.0907 0.0750,
2.8984 0.0918 0.0766,
2.8984 0.0928 0.0782,
2.8984 0.0938 0.0799,
2.8984 0.0946 0.0816,
2.8984 0.0954 0.0834,
2.8984 0.0961 0.0852,
2.8984 0.0967 0.0870,
2.8984 0.0972 0.0889,
2.8984 0.0977 0.0907,
2.8984 0.0980 0.0926,
2.8984 0.0982 0.0946,
2.8984 0.0984 0.0965,
2.8984 0.0984 0.0984,
2.8984 0.0984 0.8110,
2.8984 0.0591 0.8504,
2.8984 -0.5906 0.7441,
2.9969 -0.5906 0.7441,
2.9969 -0.5709 0.7441,
2.8984 -0.5709 0.7441,
2.9969 -1.5742 0.5699,
2.9969 -1.5758 0.5689,
2.9969 -1.5774 0.5679,
2.9969 -1.5789 0.5668,
2.9969 -1.5804 0.5656,
2.9969 -1.5818 0.5644,
2.9969 -1.5831 0.5631,
2.9969 -1.5844 0.5617,
2.9969 -1.5856 0.5603,
2.9969 -1.5868 0.5589,
2.9969 -1.5878 0.5573,
2.9969 -1.5888 0.5557,
2.9969 -1.5898 0.5541,
2.9969 -1.5906 0.5525,
2.9969 -1.5914 0.5508,
2.9969 -1.5921 0.5490,
2.9969 -1.5927 0.5472,
2.9969 -1.3231 0.7082,
2.9969 -1.3250 0.7077,
2.9969 -1.3267 0.7070,
2.9969 -1.3137 0.7080,
2.9969 -1.3156 0.7084,
2.9969 -1.3175 0.7086,
2.9969 -1.3194 0.7087,
2.9969 -1.3213 0.7085,
2.9969 -1.3085 0.7057,
2.9969 -1.3102 0.7066,
2.9969 -1.3119 0.7074,
2.9969 -1.3284 0.7062,
2.9969 -1.2247 0.6535,
2.9969 -0.6417 0.5472,
2.9969 -0.7126 0.6535,
2.9969 -0.5709 0.5945,
2.9969 -0.6159 0.7349,
2.9969 -0.6128 0.7372,
2.9969 -0.6144 0.7361,
2.9969 -0.6094 0.7393,
2.9969 -0.6111 0.7383,
2.9969 -0.6077 0.7402,
2.9969 -0.6059 0.7410,
2.9969 -0.6040 0.7417,
2.9969 -0.6022 0.7423,
2.9969 -0.5964 0.7437,
2.9969 -0.5984 0.7433,
2.9969 -0.6003 0.7429,
2.9969 -0.5945 0.7439,
2.9969 -0.5906 0.7441,
2.9969 -0.5925 0.7440,
2.9969 -0.5709 0.7441,
2.9969 -1.3260 0.9856,
2.9969 -1.3293 0.9872,
2.9969 -1.3277 0.9863,
2.9969 -1.3207 0.9843,
2.9969 -1.3243 0.9850,
2.9969 -1.3225 0.9846,
2.9969 -1.3189 0.9843,
2.9969 -1.3134 0.9850,
2.9969 -1.3170 0.9843,
2.9969 -1.3152 0.9846,
2.9969 -1.3100 0.9864,
2.9969 -1.3117 0.9856,
2.9969 -1.3084 0.9873,
2.9969 -1.2008 1.0547,
2.9969 -1.4827 1.0827,
2.9969 -1.1945 1.0585,
2.9969 -1.1880 1.0619,
2.9969 -1.1814 1.0651,
2.9969 -1.1746 1.0679,
2.9969 -1.1677 1.0704,
2.9969 -0.6627 1.0787,
2.9969 -0.6693 1.0827,
2.9969 -1.1172 1.0787,
2.9969 -1.1245 1.0786,
2.9969 -1.1318 1.0781,
2.9969 -1.1391 1.0772,
2.9969 -1.1464 1.0760,
2.9969 -1.1536 1.0745,
2.9969 -1.1607 1.0726,
2.9969 -1.5005 -1.3388,
2.9969 -1.4985 -1.3409,
2.9969 -1.4964 -1.3429,
2.9969 -1.4871 -1.3499,
2.9969 -1.4942 -1.3448,
2.9969 -1.4919 -1.3466,
2.9969 -1.4895 -1.3483,
2.9969 -1.5074 -1.3295,
2.9969 -1.5058 -1.3320,
2.9969 -1.5042 -1.3344,
2.9969 -1.5024 -1.3366,
2.9969 -1.4820 -1.3526,
2.9969 -1.4846 -1.3513,
2.9969 -1.4766 -1.3548,
2.9969 -1.4793 -1.3538,
2.9969 -1.4596 -1.3582,
2.9969 -1.4654 -1.3576,
2.9969 -1.4625 -1.3580,
2.9969 -1.4538 -1.3582,
2.9969 -1.4567 -1.3583,
2.9969 -1.4480 -1.3576,
2.9969 -1.4509 -1.3580,
2.9969 -1.4395 -1.3557,
2.9969 -1.4452 -1.3571,
2.9969 -1.4423 -1.3565,
2.9969 -1.4215 -1.3466,
2.9969 -1.4263 -1.3499,
2.9969 -1.4239 -1.3483,
2.9969 -1.4046 -1.3270,
2.9969 -1.5551 -1.2402,
2.9969 -1.5088 -1.3270,
2.9969 -1.4738 -1.3557,
2.9969 -1.4711 -1.3565,
2.9969 -1.4682 -1.3571,
2.9969 -1.4368 -1.3548,
2.9969 -1.4341 -1.3538,
2.9969 -1.4314 -1.3526,
2.9969 -1.4288 -1.3513,
2.9969 -1.4192 -1.3448,
2.9969 -1.4170 -1.3429,
2.9969 -1.4149 -1.3409,
2.9969 -1.4129 -1.3388,
2.9969 -1.4110 -1.3366,
2.9969 -1.4092 -1.3344,
2.9969 -1.4076 -1.3320,
2.9969 -1.4060 -1.3295,
2.9969 -1.3583 -1.2402,
2.9969 -1.3780 -0.0197,
2.9969 -1.5551 -0.0197,
2.9969 -1.3582 0.0216,
2.9969 -1.3583 0.0197,
2.9969 -1.3581 0.0235,
2.9969 -1.3578 0.0255,
2.9969 -1.3780 0.0984,
2.9969 -1.3575 0.0274,
2.9969 -1.3571 0.0293,
2.9969 -1.3566 0.0311,
2.9969 -1.3560 0.0329,
2.9969 -1.3553 0.0348,
2.9969 -1.3545 0.0365,
2.9969 -1.3536 0.0382,
2.9969 -1.3527 0.0399,
2.9969 -1.3516 0.0416,
2.9969 -1.3505 0.0431,
2.9969 -1.3493 0.0447,
2.9969 -1.3481 0.0461,
2.9969 -1.3467 0.0475,
2.9969 -1.3453 0.0489,
2.9969 -1.3439 0.0501,
2.9969 -1.3424 0.0513,
2.9969 -1.3408 0.0524,
2.9969 -1.3391 0.0535,
2.9969 -1.3375 0.0544,
2.9969 -1.3357 0.0553,
2.9969 -1.3340 0.0561,
2.9969 -1.3322 0.0568,
2.9969 -1.3303 0.0574,
2.9969 -1.3285 0.0579,
2.9969 -1.3266 0.0583,
2.9969 -1.3247 0.0586,
2.9969 -1.3228 0.0589,
2.9969 -1.3208 0.0590,
2.9969 -1.3189 0.0591,
2.9969 0.0591 0.0984,
2.9969 0.0591 0.0591,
2.9969 0.0610 0.0591,
2.9969 0.0629 0.0592,
2.9969 0.0648 0.0595,
2.9969 0.0667 0.0598,
2.9969 0.0686 0.0602,
2.9969 0.0705 0.0608,
2.9969 0.0723 0.0614,
2.9969 0.0741 0.0621,
2.9969 0.0759 0.0628,
2.9969 0.0776 0.0637,
2.9969 0.0793 0.0647,
2.9969 0.0809 0.0657,
2.9969 0.0825 0.0668,
2.9969 0.0840 0.0680,
2.9969 0.0855 0.0693,
2.9969 0.0869 0.0706,
2.9969 0.0882 0.0720,
2.9969 0.0895 0.0734,
2.9969 0.0907 0.0750,
2.9969 0.0918 0.0766,
2.9969 0.0928 0.0782,
2.9969 0.0938 0.0799,
2.9969 0.0946 0.0816,
2.9969 0.0954 0.0834,
2.9969 0.0961 0.0852,
2.9969 0.0967 0.0870,
2.9969 0.0972 0.0889,
2.9969 0.0977 0.0907,
2.9969 0.0980 0.0926,
2.9969 0.0982 0.0946,
2.9969 0.0984 0.0965,
2.9969 0.0984 0.0984,
2.9969 0.0984 0.8110,
2.9969 0.0591 0.8504,
2.8984 -1.5921 0.5490,
2.9969 -1.5927 0.5472,
2.9969 -1.5921 0.5490,
2.8984 -1.5927 0.5472,
2.8984 -1.5914 0.5508,
2.9969 -1.5914 0.5508,
2.8984 -1.5906 0.5525,
2.9969 -1.5906 0.5525,
2.8984 -1.5898 0.5541,
2.9969 -1.5898 0.5541,
2.8984 -1.5888 0.5557,
2.9969 -1.5888 0.5557,
2.8984 -1.5878 0.5573,
2.9969 -1.5878 0.5573,
2.8984 -1.5868 0.5589,
2.9969 -1.5868 0.5589,
2.8984 -1.5856 0.5603,
2.9969 -1.5856 0.5603,
2.8984 -1.5844 0.5617,
2.9969 -1.5844 0.5617,
2.8984 -1.5831 0.5631,
2.9969 -1.5831 0.5631,
2.8984 -1.5818 0.5644,
2.9969 -1.5818 0.5644,
2.8984 -1.5804 0.5656,
2.9969 -1.5804 0.5656,
2.8984 -1.5789 0.5668,
2.9969 -1.5789 0.5668,
2.8984 -1.5774 0.5679,
2.9969 -1.5774 0.5679,
2.9969 -1.5758 0.5689,
2.8984 -1.5758 0.5689,
2.9969 -1.5742 0.5699,
2.8984 -1.5742 0.5699,
2.9969 -1.3284 0.7062,
2.8984 -1.5742 0.5699,
2.9969 -1.5742 0.5699,
2.8984 -1.3284 0.7062,
2.8984 -1.3267 0.7070,
2.8984 -1.3284 0.7062,
2.9969 -1.3284 0.7062,
2.9969 -1.3267 0.7070,
2.8984 -1.3250 0.7077,
2.9969 -1.3250 0.7077,
2.8984 -1.3231 0.7082,
2.9969 -1.3231 0.7082,
2.8984 -1.3213 0.7085,
2.9969 -1.3213 0.7085,
2.8984 -1.3194 0.7087,
2.9969 -1.3194 0.7087,
2.8984 -1.3175 0.7086,
2.9969 -1.3175 0.7086,
2.8984 -1.3156 0.7084,
2.9969 -1.3156 0.7084,
2.8984 -1.3137 0.7080,
2.9969 -1.3137 0.7080,
2.8984 -1.3119 0.7074,
2.9969 -1.3119 0.7074,
2.8984 -1.3102 0.7066,
2.9969 -1.3102 0.7066,
2.9969 -1.3085 0.7057,
2.8984 -1.3085 0.7057,
2.8984 -1.3085 0.7057,
2.9969 -1.3085 0.7057,
2.9969 -1.2247 0.6535,
2.8984 -1.2247 0.6535,
2.8984 -1.2247 0.6535,
2.9969 -1.2247 0.6535,
2.9969 -0.7126 0.6535,
2.8984 -0.7126 0.6535,
2.9969 -0.6159 0.7349,
2.8984 -0.7126 0.6535,
2.9969 -0.7126 0.6535,
2.8984 -0.6159 0.7349,
2.8984 -0.6144 0.7361,
2.8984 -0.6159 0.7349,
2.9969 -0.6159 0.7349,
2.9969 -0.6144 0.7361,
2.8984 -0.6128 0.7372,
2.9969 -0.6128 0.7372,
2.8984 -0.6111 0.7383,
2.9969 -0.6111 0.7383,
2.8984 -0.6094 0.7393,
2.9969 -0.6094 0.7393,
2.8984 -0.6077 0.7402,
2.9969 -0.6077 0.7402,
2.8984 -0.6059 0.7410,
2.9969 -0.6059 0.7410,
2.8984 -0.6040 0.7417,
2.9969 -0.6040 0.7417,
2.8984 -0.6022 0.7423,
2.9969 -0.6022 0.7423,
2.8984 -0.6003 0.7429,
2.9969 -0.6003 0.7429,
2.8984 -0.5984 0.7433,
2.9969 -0.5984 0.7433,
2.8984 -0.5964 0.7437,
2.9969 -0.5964 0.7437,
2.8984 -0.5945 0.7439,
2.9969 -0.5945 0.7439,
2.8984 -0.5925 0.7440,
2.9969 -0.5925 0.7440,
2.8984 -0.5906 0.7441,
2.9969 -0.5906 0.7441,
2.8984 -1.1172 1.0787,
2.9969 -0.6627 1.0787,
2.9969 -1.1172 1.0787,
2.8984 -0.6627 1.0787,
2.8984 -1.2008 1.0547,
2.8984 -1.1945 1.0585,
2.9969 -1.2008 1.0547,
2.9969 -1.1945 1.0585,
2.8984 -1.1880 1.0619,
2.9969 -1.1880 1.0619,
2.8984 -1.1814 1.0651,
2.9969 -1.1814 1.0651,
2.8984 -1.1746 1.0679,
2.9969 -1.1746 1.0679,
2.8984 -1.1677 1.0704,
2.9969 -1.1677 1.0704,
2.8984 -1.1607 1.0726,
2.9969 -1.1607 1.0726,
2.8984 -1.1536 1.0745,
2.9969 -1.1536 1.0745,
2.8984 -1.1464 1.0760,
2.9969 -1.1464 1.0760,
2.8984 -1.1391 1.0772,
2.9969 -1.1391 1.0772,
2.8984 -1.1318 1.0781,
2.9969 -1.1318 1.0781,
2.8984 -1.1245 1.0786,
2.9969 -1.1245 1.0786,
2.8984 -1.1172 1.0787,
2.9969 -1.1172 1.0787,
2.9969 -1.3084 0.9873,
2.8984 -1.2008 1.0547,
2.9969 -1.2008 1.0547,
2.8984 -1.3084 0.9873,
2.8984 -1.3100 0.9864,
2.8984 -1.3084 0.9873,
2.9969 -1.3084 0.9873,
2.9969 -1.3100 0.9864,
2.8984 -1.3117 0.9856,
2.9969 -1.3117 0.9856,
2.8984 -1.3134 0.9850,
2.9969 -1.3134 0.9850,
2.8984 -1.3152 0.9846,
2.9969 -1.3152 0.9846,
2.8984 -1.3170 0.9843,
2.9969 -1.3170 0.9843,
2.8984 -1.3189 0.9843,
2.9969 -1.3189 0.9843,
2.8984 -1.3207 0.9843,
2.9969 -1.3207 0.9843,
2.8984 -1.3225 0.9846,
2.9969 -1.3225 0.9846,
2.8984 -1.3243 0.9850,
2.9969 -1.3243 0.9850,
2.9969 -1.3260 0.9856,
2.8984 -1.3260 0.9856,
2.8984 -1.3277 0.9863,
2.9969 -1.3277 0.9863,
2.9969 -1.3293 0.9872,
2.8984 -1.3293 0.9872,
2.8984 -1.4827 1.0827,
2.8984 -1.3293 0.9872,
2.9969 -1.3293 0.9872,
2.9969 -1.4827 1.0827,
2.8984 0.0591 0.8504,
2.9969 0.0591 0.8504,
2.9969 0.0984 0.8110,
2.8984 0.0984 0.8110,
2.8984 0.0984 0.8110,
2.9969 0.0984 0.8110,
2.9969 0.0984 0.0984,
2.8984 0.0984 0.0984,
2.8984 0.0984 0.0965,
2.8984 0.0984 0.0984,
2.9969 0.0984 0.0984,
2.9969 0.0984 0.0965,
2.8984 0.0982 0.0946,
2.9969 0.0982 0.0946,
2.8984 0.0980 0.0926,
2.9969 0.0980 0.0926,
2.8984 0.0977 0.0907,
2.9969 0.0977 0.0907,
2.8984 0.0972 0.0889,
2.9969 0.0972 0.0889,
2.8984 0.0967 0.0870,
2.9969 0.0967 0.0870,
2.8984 0.0961 0.0852,
2.9969 0.0961 0.0852,
2.8984 0.0954 0.0834,
2.9969 0.0954 0.0834,
2.8984 0.0946 0.0816,
2.9969 0.0946 0.0816,
2.8984 0.0938 0.0799,
2.9969 0.0938 0.0799,
2.8984 0.0928 0.0782,
2.9969 0.0928 0.0782,
2.8984 0.0918 0.0766,
2.9969 0.0918 0.0766,
2.9969 0.0907 0.0750,
2.8984 0.0907 0.0750,
2.8984 0.0895 0.0734,
2.9969 0.0895 0.0734,
2.8984 0.0882 0.0720,
2.9969 0.0882 0.0720,
2.8984 0.0869 0.0706,
2.9969 0.0869 0.0706,
2.8984 0.0855 0.0693,
2.9969 0.0855 0.0693,
2.8984 0.0840 0.0680,
2.9969 0.0840 0.0680,
2.8984 0.0825 0.0668,
2.9969 0.0825 0.0668,
2.8984 0.0809 0.0657,
2.9969 0.0809 0.0657,
2.8984 0.0793 0.0647,
2.9969 0.0793 0.0647,
2.8984 0.0776 0.0637,
2.9969 0.0776 0.0637,
2.9969 0.0759 0.0628,
2.8984 0.0759 0.0628,
2.9969 0.0741 0.0621,
2.8984 0.0741 0.0621,
2.8984 0.0723 0.0614,
2.9969 0.0723 0.0614,
2.8984 0.0705 0.0608,
2.9969 0.0705 0.0608,
2.8984 0.0686 0.0602,
2.9969 0.0686 0.0602,
2.9969 0.0667 0.0598,
2.8984 0.0667 0.0598,
2.8984 0.0648 0.0595,
2.9969 0.0648 0.0595,
2.8984 0.0629 0.0592,
2.9969 0.0629 0.0592,
2.9969 0.0610 0.0591,
2.8984 0.0610 0.0591,
2.8984 0.0591 0.0591,
2.9969 0.0591 0.0591,
2.8984 -1.3189 0.0591,
2.8984 0.0591 0.0591,
2.9969 0.0591 0.0591,
2.9969 -1.3189 0.0591,
2.8984 -1.3583 0.0197,
2.8984 -1.3582 0.0216,
2.9969 -1.3583 0.0197,
2.9969 -1.3582 0.0216,
2.8984 -1.3581 0.0235,
2.9969 -1.3581 0.0235,
2.8984 -1.3578 0.0255,
2.9969 -1.3578 0.0255,
2.8984 -1.3575 0.0274,
2.9969 -1.3575 0.0274,
2.8984 -1.3571 0.0293,
2.9969 -1.3571 0.0293,
2.8984 -1.3566 0.0311,
2.9969 -1.3566 0.0311,
2.8984 -1.3560 0.0329,
2.9969 -1.3560 0.0329,
2.8984 -1.3553 0.0348,
2.9969 -1.3553 0.0348,
2.8984 -1.3545 0.0365,
2.9969 -1.3545 0.0365,
2.8984 -1.3536 0.0382,
2.9969 -1.3536 0.0382,
2.8984 -1.3527 0.0399,
2.9969 -1.3527 0.0399,
2.8984 -1.3516 0.0416,
2.9969 -1.3516 0.0416,
2.8984 -1.3505 0.0431,
2.9969 -1.3505 0.0431,
2.8984 -1.3493 0.0447,
2.9969 -1.3493 0.0447,
2.8984 -1.3481 0.0461,
2.9969 -1.3481 0.0461,
2.8984 -1.3467 0.0475,
2.9969 -1.3467 0.0475,
2.8984 -1.3453 0.0489,
2.9969 -1.3453 0.0489,
2.8984 -1.3439 0.0501,
2.9969 -1.3439 0.0501,
2.8984 -1.3424 0.0513,
2.9969 -1.3424 0.0513,
2.9969 -1.3408 0.0524,
2.8984 -1.3408 0.0524,
2.8984 -1.3391 0.0535,
2.9969 -1.3391 0.0535,
2.8984 -1.3375 0.0544,
2.9969 -1.3375 0.0544,
2.8984 -1.3357 0.0553,
2.9969 -1.3357 0.0553,
2.8984 -1.3340 0.0561,
2.9969 -1.3340 0.0561,
2.8984 -1.3322 0.0568,
2.9969 -1.3322 0.0568,
2.8984 -1.3303 0.0574,
2.9969 -1.3303 0.0574,
2.9969 -1.3285 0.0579,
2.8984 -1.3285 0.0579,
2.8984 -1.3266 0.0583,
2.9969 -1.3266 0.0583,
2.9969 -1.3247 0.0586,
2.8984 -1.3247 0.0586,
2.8984 -1.3228 0.0589,
2.9969 -1.3228 0.0589,
2.8984 -1.3208 0.0590,
2.9969 -1.3208 0.0590,
2.8984 -1.3189 0.0591,
2.9969 -1.3189 0.0591,
2.8984 -1.3583 0.0197,
2.9969 -1.3583 0.0197,
2.9969 -1.3583 -1.2402,
2.8984 -1.3583 -1.2402,
2.9969 -1.4046 -1.3270,
2.8984 -1.3583 -1.2402,
2.9969 -1.3583 -1.2402,
2.8984 -1.4046 -1.3270,
2.8984 -1.4060 -1.3295,
2.8984 -1.4046 -1.3270,
2.9969 -1.4046 -1.3270,
2.9969 -1.4060 -1.3295,
2.8984 -1.4076 -1.3320,
2.9969 -1.4076 -1.3320,
2.8984 -1.4092 -1.3344,
2.9969 -1.4092 -1.3344,
2.8984 -1.4110 -1.3366,
2.9969 -1.4110 -1.3366,
2.8984 -1.4129 -1.3388,
2.9969 -1.4129 -1.3388,
2.8984 -1.4149 -1.3409,
2.9969 -1.4149 -1.3409,
2.8984 -1.4170 -1.3429,
2.9969 -1.4170 -1.3429,
2.8984 -1.4192 -1.3448,
2.9969 -1.4192 -1.3448,
2.8984 -1.4215 -1.3466,
2.9969 -1.4215 -1.3466,
2.8984 -1.4239 -1.3483,
2.9969 -1.4239 -1.3483,
2.8984 -1.4263 -1.3499,
2.9969 -1.4263 -1.3499,
2.8984 -1.4288 -1.3513,
2.9969 -1.4288 -1.3513,
2.8984 -1.4314 -1.3526,
2.9969 -1.4314 -1.3526,
2.8984 -1.4341 -1.3538,
2.9969 -1.4341 -1.3538,
2.9969 -1.4368 -1.3548,
2.8984 -1.4368 -1.3548,
2.8984 -1.4395 -1.3557,
2.9969 -1.4395 -1.3557,
2.8984 -1.4423 -1.3565,
2.9969 -1.4423 -1.3565,
2.8984 -1.4452 -1.3571,
2.9969 -1.4452 -1.3571,
2.8984 -1.4480 -1.3576,
2.9969 -1.4480 -1.3576,
2.9969 -1.4509 -1.3580,
2.8984 -1.4509 -1.3580,
2.8984 -1.4538 -1.3582,
2.9969 -1.4538 -1.3582,
2.8984 -1.4567 -1.3583,
2.9969 -1.4567 -1.3583,
2.8984 -1.4596 -1.3582,
2.9969 -1.4596 -1.3582,
2.8984 -1.4625 -1.3580,
2.9969 -1.4625 -1.3580,
2.8984 -1.4654 -1.3576,
2.9969 -1.4654 -1.3576,
2.9969 -1.4682 -1.3571,
2.8984 -1.4682 -1.3571,
2.8984 -1.4711 -1.3565,
2.9969 -1.4711 -1.3565,
2.8984 -1.4738 -1.3557,
2.9969 -1.4738 -1.3557,
2.8984 -1.4766 -1.3548,
2.9969 -1.4766 -1.3548,
2.8984 -1.4793 -1.3538,
2.9969 -1.4793 -1.3538,
2.9969 -1.4820 -1.3526,
2.8984 -1.4820 -1.3526,
2.8984 -1.4846 -1.3513,
2.9969 -1.4846 -1.3513,
2.8984 -1.4871 -1.3499,
2.9969 -1.4871 -1.3499,
2.8984 -1.4895 -1.3483,
2.9969 -1.4895 -1.3483,
2.8984 -1.4919 -1.3466,
2.9969 -1.4919 -1.3466,
2.8984 -1.4942 -1.3448,
2.9969 -1.4942 -1.3448,
2.8984 -1.4964 -1.3429,
2.9969 -1.4964 -1.3429,
2.8984 -1.4985 -1.3409,
2.9969 -1.4985 -1.3409,
2.8984 -1.5005 -1.3388,
2.9969 -1.5005 -1.3388,
2.9969 -1.5024 -1.3366,
2.8984 -1.5024 -1.3366,
2.8984 -1.5042 -1.3344,
2.9969 -1.5042 -1.3344,
2.9969 -1.5058 -1.3320,
2.8984 -1.5058 -1.3320,
2.8984 -1.5074 -1.3295,
2.9969 -1.5074 -1.3295,
2.8984 -1.5088 -1.3270,
2.9969 -1.5088 -1.3270,
2.9969 -1.5088 -1.3270,
2.9969 -1.5551 -1.2402,
2.8984 -1.5551 -1.2402,
2.8984 -1.5088 -1.3270,
2.9969 -1.5551 -1.2402,
2.8984 -1.5551 -0.0197,
2.8984 -1.5551 -1.2402,
2.9969 -1.5551 -0.0197,
3.4890 -1.5758 0.5689,
3.4890 -1.5742 0.5699,
3.4890 -1.5774 0.5679,
3.4890 -1.5789 0.5668,
3.4890 -1.5804 0.5656,
3.4890 -1.5818 0.5644,
3.4890 -1.5831 0.5631,
3.4890 -1.5844 0.5617,
3.4890 -1.5856 0.5603,
3.4890 -1.5868 0.5589,
3.4890 -1.5878 0.5573,
3.4890 -1.5888 0.5557,
3.4890 -1.5898 0.5541,
3.4890 -1.5906 0.5525,
3.4890 -1.5914 0.5508,
3.4890 -1.5921 0.5490,
3.4890 -1.5927 0.5472,
3.4890 -1.3213 0.7085,
3.4890 -1.3194 0.7087,
3.4890 -1.3231 0.7082,
3.4890 -1.3156 0.7084,
3.4890 -1.3137 0.7080,
3.4890 -1.3175 0.7086,
3.4890 -1.3250 0.7077,
3.4890 -1.3267 0.7070,
3.4890 -1.3102 0.7066,
3.4890 -1.3085 0.7057,
3.4890 -1.3119 0.7074,
3.4890 -1.3284 0.7062,
3.4890 -1.2247 0.6535,
3.4890 -0.6417 0.5472,
3.4890 -0.7126 0.6535,
3.4890 -0.5709 0.5945,
3.4890 -0.5709 0.7043,
3.4890 -1.3277 0.9863,
3.4890 -1.3243 0.9850,
3.4890 -1.3260 0.9856,
3.4890 -1.3207 0.9843,
3.4890 -1.3225 0.9846,
3.4890 -1.3189 0.9843,
3.4890 -1.3170 0.9843,
3.4890 -1.3134 0.9850,
3.4890 -1.3152 0.9846,
3.4890 -1.3117 0.9856,
3.4890 -1.3293 0.9872,
3.4890 -1.3100 0.9864,
3.4890 -1.3084 0.9873,
3.4890 -1.4827 1.0827,
3.4890 -1.2008 1.0547,
3.4890 -1.1945 1.0585,
3.4890 -1.1880 1.0619,
3.4890 -1.1814 1.0651,
3.4890 -1.1746 1.0679,
3.4890 -1.1677 1.0704,
3.4890 -0.6693 1.0827,
3.4890 -0.6627 1.0787,
3.4890 -1.1172 1.0787,
3.4890 -1.1245 1.0786,
3.4890 -1.1318 1.0781,
3.4890 -1.1391 1.0772,
3.4890 -1.1464 1.0760,
3.4890 -1.1536 1.0745,
3.4890 -1.1607 1.0726,
3.4890 -0.0418 -1.3409,
3.4890 -0.0438 -1.3388,
3.4890 -0.0397 -1.3429,
3.4890 -0.0375 -1.3448,
3.4890 -0.0457 -1.3366,
3.4890 -0.0352 -1.3466,
3.4890 -0.0491 -1.3320,
3.4890 -0.0475 -1.3344,
3.4890 -0.0253 -1.3526,
3.4890 -0.0199 -1.3548,
3.4890 -0.0226 -1.3538,
3.4890 -0.0172 -1.3557,
3.4890 -0.0087 -1.3576,
3.4890 -0.0144 -1.3565,
3.4890 -0.0115 -1.3571,
3.4890 -0.0029 -1.3582,
3.4890 -0.0058 -1.3580,
3.4890 0.0058 -1.3580,
3.4890 0.0115 -1.3571,
3.4890 0.0087 -1.3576,
3.4890 0.0199 -1.3548,
3.4890 0.0253 -1.3526,
3.4890 0.0226 -1.3538,
3.4890 0.0521 -1.3270,
3.4890 -0.0984 -1.2402,
3.4890 -0.0521 -1.3270,
3.4890 -0.0507 -1.3295,
3.4890 -0.0328 -1.3483,
3.4890 -0.0304 -1.3499,
3.4890 -0.0279 -1.3513,
3.4890 -0.0000 -1.3583,
3.4890 0.0029 -1.3582,
3.4890 0.0144 -1.3565,
3.4890 0.0172 -1.3557,
3.4890 0.0279 -1.3513,
3.4890 0.0304 -1.3499,
3.4890 0.0328 -1.3483,
3.4890 0.0352 -1.3466,
3.4890 0.0375 -1.3448,
3.4890 0.0397 -1.3429,
3.4890 0.0418 -1.3409,
3.4890 0.0438 -1.3388,
3.4890 0.0457 -1.3366,
3.4890 0.0475 -1.3344,
3.4890 0.0491 -1.3320,
3.4890 0.0507 -1.3295,
3.4890 0.0984 -1.2402,
3.4890 -0.0984 -0.0197,
3.4890 -0.1694 0.0587,
3.4890 0.0591 0.0984,
3.4890 -0.1656 0.0582,
3.4890 -0.1618 0.0575,
3.4890 -0.1580 0.0567,
3.4890 -0.1543 0.0557,
3.4890 -0.1506 0.0545,
3.4890 -0.1470 0.0531,
3.4890 -0.1435 0.0515,
3.4890 -0.1400 0.0498,
3.4890 -0.1367 0.0479,
3.4890 -0.1334 0.0458,
3.4890 -0.1303 0.0436,
3.4890 -0.1272 0.0412,
3.4890 -0.1243 0.0387,
3.4890 -0.1215 0.0360,
3.4890 -0.1188 0.0332,
3.4890 -0.1163 0.0303,
3.4890 -0.1139 0.0272,
3.4890 -0.1117 0.0241,
3.4890 -0.1096 0.0208,
3.4890 -0.1077 0.0174,
3.4890 -0.1060 0.0140,
3.4890 -0.1044 0.0104,
3.4890 -0.1030 0.0068,
3.4890 -0.1018 0.0032,
3.4890 -0.1008 -0.0006,
3.4890 -0.0999 -0.0043,
3.4890 -0.0993 -0.0081,
3.4890 -0.0988 -0.0120,
3.4890 -0.0985 -0.0158,
3.4890 0.0591 0.8504,
3.4890 0.0984 0.8110,
3.4890 -1.2913 0.0984,
3.4890 -0.1772 0.0591,
3.4890 -1.2480 0.0591,
3.4890 -0.1733 0.0590,
3.5874 -0.5709 0.7043,
3.4890 -0.7126 0.6535,
3.5874 -0.7126 0.6535,
3.4890 -0.5709 0.7043,
3.5874 -1.5742 0.5699,
3.5874 -1.5758 0.5689,
3.5874 -1.5774 0.5679,
3.5874 -1.5789 0.5668,
3.5874 -1.5804 0.5656,
3.5874 -1.5818 0.5644,
3.5874 -1.5831 0.5631,
3.5874 -1.5844 0.5617,
3.5874 -1.5856 0.5603,
3.5874 -1.5868 0.5589,
3.5874 -1.5878 0.5573,
3.5874 -1.5888 0.5557,
3.5874 -1.5898 0.5541,
3.5874 -1.5906 0.5525,
3.5874 -1.5914 0.5508,
3.5874 -1.5921 0.5490,
3.5874 -1.5927 0.5472,
3.5874 -1.3194 0.7087,
3.5874 -1.3213 0.7085,
3.5874 -1.3231 0.7082,
3.5874 -1.3137 0.7080,
3.5874 -1.3156 0.7084,
3.5874 -1.3175 0.7086,
3.5874 -1.3250 0.7077,
3.5874 -1.3267 0.7070,
3.5874 -1.3085 0.7057,
3.5874 -1.3102 0.7066,
3.5874 -1.3119 0.7074,
3.5874 -1.3284 0.7062,
3.5874 -1.2247 0.6535,
3.5874 -0.6417 0.5472,
3.5874 -0.7126 0.6535,
3.5874 -0.5709 0.5945,
3.5874 -0.5709 0.7043,
3.5874 -1.3243 0.9850,
3.5874 -1.3293 0.9872,
3.5874 -1.3277 0.9863,
3.5874 -1.3260 0.9856,
3.5874 -1.3207 0.9843,
3.5874 -1.3225 0.9846,
3.5874 -1.3189 0.9843,
3.5874 -1.3170 0.9843,
3.5874 -1.3134 0.9850,
3.5874 -1.3152 0.9846,
3.5874 -1.3117 0.9856,
3.5874 -1.3100 0.9864,
3.5874 -1.3084 0.9873,
3.5874 -1.2008 1.0547,
3.5874 -1.4827 1.0827,
3.5874 -1.1945 1.0585,
3.5874 -1.1880 1.0619,
3.5874 -1.1814 1.0651,
3.5874 -1.1746 1.0679,
3.5874 -1.1677 1.0704,
3.5874 -0.6627 1.0787,
3.5874 -0.6693 1.0827,
3.5874 -1.1172 1.0787,
3.5874 -1.1245 1.0786,
3.5874 -1.1318 1.0781,
3.5874 -1.1391 1.0772,
3.5874 -1.1464 1.0760,
3.5874 -1.1536 1.0745,
3.5874 -1.1607 1.0726,
3.5874 -0.0438 -1.3388,
3.5874 -0.0418 -1.3409,
3.5874 -0.0397 -1.3429,
3.5874 -0.0375 -1.3448,
3.5874 -0.0475 -1.3344,
3.5874 -0.0457 -1.3366,
3.5874 -0.0328 -1.3483,
3.5874 -0.0352 -1.3466,
3.5874 -0.0491 -1.3320,
3.5874 -0.0279 -1.3513,
3.5874 -0.0304 -1.3499,
3.5874 -0.0253 -1.3526,
3.5874 -0.0521 -1.3270,
3.5874 -0.0507 -1.3295,
3.5874 -0.0172 -1.3557,
3.5874 -0.0226 -1.3538,
3.5874 -0.0199 -1.3548,
3.5874 -0.0029 -1.3582,
3.5874 -0.0144 -1.3565,
3.5874 -0.0115 -1.3571,
3.5874 -0.0087 -1.3576,
3.5874 -0.0058 -1.3580,
3.5874 0.0029 -1.3582,
3.5874 -0.0000 -1.3583,
3.5874 0.0087 -1.3576,
3.5874 0.0058 -1.3580,
3.5874 0.0253 -1.3526,
3.5874 0.0199 -1.3548,
3.5874 0.0226 -1.3538,
3.5874 0.0279 -1.3513,
3.5874 0.0521 -1.3270,
3.5874 -0.0984 -1.2402,
3.5874 0.0115 -1.3571,
3.5874 0.0144 -1.3565,
3.5874 0.0172 -1.3557,
3.5874 0.0304 -1.3499,
3.5874 0.0328 -1.3483,
3.5874 0.0352 -1.3466,
3.5874 0.0375 -1.3448,
3.5874 0.0397 -1.3429,
3.5874 0.0418 -1.3409,
3.5874 0.0438 -1.3388,
3.5874 0.0457 -1.3366,
3.5874 0.0475 -1.3344,
3.5874 0.0491 -1.3320,
3.5874 0.0507 -1.3295,
3.5874 0.0984 -1.2402,
3.5874 -0.0984 -0.0197,
3.5874 0.0591 0.0984,
3.5874 -0.1694 0.0587,
3.5874 -0.1656 0.0582,
3.5874 -0.1618 0.0575,
3.5874 -0.1580 0.0567,
3.5874 -0.1543 0.0557,
3.5874 -0.1506 0.0545,
3.5874 -0.1470 0.0531,
3.5874 -0.1435 0.0515,
3.5874 -0.1400 0.0498,
3.5874 -0.1367 0.0479,
3.5874 -0.1334 0.0458,
3.5874 -0.1303 0.0436,
3.5874 -0.1272 0.0412,
3.5874 -0.1243 0.0387,
3.5874 -0.1215 0.0360,
3.5874 -0.1188 0.0332,
3.5874 -0.1163 0.0303,
3.5874 -0.1139 0.0272,
3.5874 -0.1117 0.0241,
3.5874 -0.1096 0.0208,
3.5874 -0.1077 0.0174,
3.5874 -0.1060 0.0140,
3.5874 -0.1044 0.0104,
3.5874 -0.1030 0.0068,
3.5874 -0.1018 0.0032,
3.5874 -0.1008 -0.0006,
3.5874 -0.0999 -0.0043,
3.5874 -0.0993 -0.0081,
3.5874 -0.0988 -0.0120,
3.5874 -0.0985 -0.0158,
3.5874 -1.2913 0.0984,
3.5874 -0.1772 0.0591,
3.5874 -1.2480 0.0591,
3.5874 -0.1733 0.0590,
3.5874 0.0984 0.8110,
3.5874 0.0591 0.8504,
3.4890 -1.5921 0.5490,
3.5874 -1.5927 0.5472,
3.5874 -1.5921 0.5490,
3.4890 -1.5927 0.5472,
3.4890 -1.5914 0.5508,
3.5874 -1.5914 0.5508,
3.4890 -1.5906 0.5525,
3.5874 -1.5906 0.5525,
3.4890 -1.5898 0.5541,
3.5874 -1.5898 0.5541,
3.4890 -1.5888 0.5557,
3.5874 -1.5888 0.5557,
3.4890 -1.5878 0.5573,
3.5874 -1.5878 0.5573,
3.4890 -1.5868 0.5589,
3.5874 -1.5868 0.5589,
3.4890 -1.5856 0.5603,
3.5874 -1.5856 0.5603,
3.4890 -1.5844 0.5617,
3.5874 -1.5844 0.5617,
3.4890 -1.5831 0.5631,
3.5874 -1.5831 0.5631,
3.4890 -1.5818 0.5644,
3.5874 -1.5818 0.5644,
3.4890 -1.5804 0.5656,
3.5874 -1.5804 0.5656,
3.4890 -1.5789 0.5668,
3.5874 -1.5789 0.5668,
3.4890 -1.5774 0.5679,
3.5874 -1.5774 0.5679,
3.5874 -1.5758 0.5689,
3.4890 -1.5758 0.5689,
3.5874 -1.5742 0.5699,
3.4890 -1.5742 0.5699,
3.5874 -1.3284 0.7062,
3.4890 -1.5742 0.5699,
3.5874 -1.5742 0.5699,
3.4890 -1.3284 0.7062,
3.4890 -1.3267 0.7070,
3.4890 -1.3284 0.7062,
3.5874 -1.3284 0.7062,
3.5874 -1.3267 0.7070,
3.4890 -1.3250 0.7077,
3.5874 -1.3250 0.7077,
3.4890 -1.3231 0.7082,
3.5874 -1.3231 0.7082,
3.4890 -1.3213 0.7085,
3.5874 -1.3213 0.7085,
3.4890 -1.3194 0.7087,
3.5874 -1.3194 0.7087,
3.4890 -1.3175 0.7086,
3.5874 -1.3175 0.7086,
3.4890 -1.3156 0.7084,
3.5874 -1.3156 0.7084,
3.4890 -1.3137 0.7080,
3.5874 -1.3137 0.7080,
3.4890 -1.3119 0.7074,
3.5874 -1.3119 0.7074,
3.5874 -1.3102 0.7066,
3.4890 -1.3102 0.7066,
3.5874 -1.3085 0.7057,
3.4890 -1.3085 0.7057,
3.4890 -1.3085 0.7057,
3.5874 -1.3085 0.7057,
3.5874 -1.2247 0.6535,
3.4890 -1.2247 0.6535,
3.4890 -1.2247 0.6535,
3.5874 -1.2247 0.6535,
3.5874 -0.7126 0.6535,
3.4890 -0.7126 0.6535,
3.4890 -1.1172 1.0787,
3.5874 -0.6627 1.0787,
3.5874 -1.1172 1.0787,
3.4890 -0.6627 1.0787,
3.4890 -1.2008 1.0547,
3.4890 -1.1945 1.0585,
3.5874 -1.2008 1.0547,
3.5874 -1.1945 1.0585,
3.4890 -1.1880 1.0619,
3.5874 -1.1880 1.0619,
3.4890 -1.1814 1.0651,
3.5874 -1.1814 1.0651,
3.4890 -1.1746 1.0679,
3.5874 -1.1746 1.0679,
3.4890 -1.1677 1.0704,
3.5874 -1.1677 1.0704,
3.4890 -1.1607 1.0726,
3.5874 -1.1607 1.0726,
3.4890 -1.1536 1.0745,
3.5874 -1.1536 1.0745,
3.4890 -1.1464 1.0760,
3.5874 -1.1464 1.0760,
3.4890 -1.1391 1.0772,
3.5874 -1.1391 1.0772,
3.4890 -1.1318 1.0781,
3.5874 -1.1318 1.0781,
3.4890 -1.1245 1.0786,
3.5874 -1.1245 1.0786,
3.4890 -1.1172 1.0787,
3.5874 -1.1172 1.0787,
3.5874 -1.3084 0.9873,
3.4890 -1.2008 1.0547,
3.5874 -1.2008 1.0547,
3.4890 -1.3084 0.9873,
3.4890 -1.3100 0.9864,
3.4890 -1.3084 0.9873,
3.5874 -1.3084 0.9873,
3.5874 -1.3100 0.9864,
3.4890 -1.3117 0.9856,
3.5874 -1.3117 0.9856,
3.4890 -1.3134 0.9850,
3.5874 -1.3134 0.9850,
3.4890 -1.3152 0.9846,
3.5874 -1.3152 0.9846,
3.4890 -1.3170 0.9843,
3.5874 -1.3170 0.9843,
3.4890 -1.3189 0.9843,
3.5874 -1.3189 0.9843,
3.4890 -1.3207 0.9843,
3.5874 -1.3207 0.9843,
3.4890 -1.3225 0.9846,
3.5874 -1.3225 0.9846,
3.4890 -1.3243 0.9850,
3.5874 -1.3243 0.9850,
3.5874 -1.3260 0.9856,
3.4890 -1.3260 0.9856,
3.4890 -1.3277 0.9863,
3.5874 -1.3277 0.9863,
3.5874 -1.3293 0.9872,
3.4890 -1.3293 0.9872,
3.4890 -1.4827 1.0827,
3.4890 -1.3293 0.9872,
3.5874 -1.3293 0.9872,
3.5874 -1.4827 1.0827,
3.4890 0.0591 0.8504,
3.5874 0.0591 0.8504,
3.5874 0.0984 0.8110,
3.4890 0.0984 0.8110,
3.4890 0.0984 0.8110,
3.5874 0.0984 0.8110,
3.5874 0.0984 -1.2402,
3.4890 0.0984 -1.2402,
3.5874 0.0521 -1.3270,
3.4890 0.0984 -1.2402,
3.5874 0.0984 -1.2402,
3.4890 0.0521 -1.3270,
3.4890 0.0507 -1.3295,
3.4890 0.0521 -1.3270,
3.5874 0.0521 -1.3270,
3.5874 0.0507 -1.3295,
3.4890 0.0491 -1.3320,
3.5874 0.0491 -1.3320,
3.4890 0.0475 -1.3344,
3.5874 0.0475 -1.3344,
3.4890 0.0457 -1.3366,
3.5874 0.0457 -1.3366,
3.4890 0.0438 -1.3388,
3.5874 0.0438 -1.3388,
3.4890 0.0418 -1.3409,
3.5874 0.0418 -1.3409,
3.4890 0.0397 -1.3429,
3.5874 0.0397 -1.3429,
3.4890 0.0375 -1.3448,
3.5874 0.0375 -1.3448,
3.4890 0.0352 -1.3466,
3.5874 0.0352 -1.3466,
3.4890 0.0328 -1.3483,
3.5874 0.0328 -1.3483,
3.4890 0.0304 -1.3499,
3.5874 0.0304 -1.3499,
3.4890 0.0279 -1.3513,
3.5874 0.0279 -1.3513,
3.4890 0.0253 -1.3526,
3.5874 0.0253 -1.3526,
3.4890 0.0226 -1.3538,
3.5874 0.0226 -1.3538,
3.4890 0.0199 -1.3548,
3.5874 0.0199 -1.3548,
3.4890 0.0172 -1.3557,
3.5874 0.0172 -1.3557,
3.4890 0.0144 -1.3565,
3.5874 0.0144 -1.3565,
3.4890 0.0115 -1.3571,
3.5874 0.0115 -1.3571,
3.4890 0.0087 -1.3576,
3.5874 0.0087 -1.3576,
3.4890 0.0058 -1.3580,
3.5874 0.0058 -1.3580,
3.4890 0.0029 -1.3582,
3.5874 0.0029 -1.3582,
3.4890 -0.0000 -1.3583,
3.5874 -0.0000 -1.3583,
3.4890 -0.0029 -1.3582,
3.5874 -0.0029 -1.3582,
3.4890 -0.0058 -1.3580,
3.5874 -0.0058 -1.3580,
3.4890 -0.0087 -1.3576,
3.5874 -0.0087 -1.3576,
3.4890 -0.0115 -1.3571,
3.5874 -0.0115 -1.3571,
3.4890 -0.0144 -1.3565,
3.5874 -0.0144 -1.3565,
3.4890 -0.0172 -1.3557,
3.5874 -0.0172 -1.3557,
3.4890 -0.0199 -1.3548,
3.5874 -0.0199 -1.3548,
3.4890 -0.0226 -1.3538,
3.5874 -0.0226 -1.3538,
3.4890 -0.0253 -1.3526,
3.5874 -0.0253 -1.3526,
3.4890 -0.0279 -1.3513,
3.5874 -0.0279 -1.3513,
3.4890 -0.0304 -1.3499,
3.5874 -0.0304 -1.3499,
3.5874 -0.0328 -1.3483,
3.4890 -0.0328 -1.3483,
3.4890 -0.0352 -1.3466,
3.5874 -0.0352 -1.3466,
3.4890 -0.0375 -1.3448,
3.5874 -0.0375 -1.3448,
3.4890 -0.0397 -1.3429,
3.5874 -0.0397 -1.3429,
3.4890 -0.0418 -1.3409,
3.5874 -0.0418 -1.3409,
3.4890 -0.0438 -1.3388,
3.5874 -0.0438 -1.3388,
3.5874 -0.0457 -1.3366,
3.4890 -0.0457 -1.3366,
3.4890 -0.0475 -1.3344,
3.5874 -0.0475 -1.3344,
3.4890 -0.0491 -1.3320,
3.5874 -0.0491 -1.3320,
3.4890 -0.0507 -1.3295,
3.5874 -0.0507 -1.3295,
3.5874 -0.0521 -1.3270,
3.4890 -0.0521 -1.3270,
3.5874 -0.0521 -1.3270,
3.5874 -0.0984 -1.2402,
3.4890 -0.0984 -1.2402,
3.4890 -0.0521 -1.3270,
3.5874 -0.0984 -1.2402,
3.5874 -0.0984 -0.0197,
3.4890 -0.0984 -0.0197,
3.4890 -0.0984 -1.2402,
3.4890 -0.1772 0.0591,
3.4890 -0.1733 0.0590,
3.5874 -0.1772 0.0591,
3.5874 -0.1733 0.0590,
3.4890 -0.1694 0.0587,
3.5874 -0.1694 0.0587,
3.4890 -0.1656 0.0582,
3.5874 -0.1656 0.0582,
3.4890 -0.1618 0.0575,
3.5874 -0.1618 0.0575,
3.4890 -0.1580 0.0567,
3.5874 -0.1580 0.0567,
3.4890 -0.1543 0.0557,
3.5874 -0.1543 0.0557,
3.4890 -0.1506 0.0545,
3.5874 -0.1506 0.0545,
3.4890 -0.1470 0.0531,
3.5874 -0.1470 0.0531,
3.4890 -0.1435 0.0515,
3.5874 -0.1435 0.0515,
3.4890 -0.1400 0.0498,
3.5874 -0.1400 0.0498,
3.4890 -0.1367 0.0479,
3.5874 -0.1367 0.0479,
3.4890 -0.1334 0.0458,
3.5874 -0.1334 0.0458,
3.4890 -0.1303 0.0436,
3.5874 -0.1303 0.0436,
3.4890 -0.1272 0.0412,
3.5874 -0.1272 0.0412,
3.4890 -0.1243 0.0387,
3.5874 -0.1243 0.0387,
3.4890 -0.1215 0.0360,
3.5874 -0.1215 0.0360,
3.5874 -0.1188 0.0332,
3.4890 -0.1188 0.0332,
3.4890 -0.1163 0.0303,
3.5874 -0.1163 0.0303,
3.4890 -0.1139 0.0272,
3.5874 -0.1139 0.0272,
3.5874 -0.1117 0.0241,
3.4890 -0.1117 0.0241,
3.4890 -0.1096 0.0208,
3.5874 -0.1096 0.0208,
3.4890 -0.1077 0.0174,
3.5874 -0.1077 0.0174,
3.4890 -0.1060 0.0140,
3.5874 -0.1060 0.0140,
3.4890 -0.1044 0.0104,
3.5874 -0.1044 0.0104,
3.4890 -0.1030 0.0068,
3.5874 -0.1030 0.0068,
3.4890 -0.1018 0.0032,
3.5874 -0.1018 0.0032,
3.5874 -0.1008 -0.0006,
3.4890 -0.1008 -0.0006,
3.4890 -0.0999 -0.0043,
3.5874 -0.0999 -0.0043,
3.5874 -0.0993 -0.0081,
3.4890 -0.0993 -0.0081,
3.4890 -0.0988 -0.0120,
3.5874 -0.0988 -0.0120,
3.4890 -0.0985 -0.0158,
3.5874 -0.0985 -0.0158,
3.4890 -0.0984 -0.0197,
3.5874 -0.0984 -0.0197,
3.4890 -1.2480 0.0591,
3.4890 -0.1772 0.0591,
3.5874 -0.1772 0.0591,
3.5874 -1.2480 0.0591,
3.4890 -1.2913 0.0984,
3.4890 -1.2480 0.0591,
3.5874 -1.2480 0.0591,
3.5874 -1.2913 0.0984,
0.5362 -1.1172 1.0787,
0.6346 -0.6627 1.0787,
0.6346 -1.1172 1.0787,
0.5362 -0.6627 1.0787,
0.5362 -1.2008 1.0547,
0.5362 -1.1945 1.0585,
0.6346 -1.2008 1.0547,
0.6346 -1.1945 1.0585,
0.5362 -1.1880 1.0619,
0.6346 -1.1880 1.0619,
0.5362 -1.1814 1.0651,
0.6346 -1.1814 1.0651,
0.5362 -1.1746 1.0679,
0.6346 -1.1746 1.0679,
0.5362 -1.1677 1.0704,
0.6346 -1.1677 1.0704,
0.5362 -1.1607 1.0726,
0.6346 -1.1607 1.0726,
0.5362 -1.1536 1.0745,
0.6346 -1.1536 1.0745,
0.5362 -1.1464 1.0760,
0.6346 -1.1464 1.0760,
0.5362 -1.1391 1.0772,
0.6346 -1.1391 1.0772,
0.5362 -1.1318 1.0781,
0.6346 -1.1318 1.0781,
0.5362 -1.1245 1.0786,
0.6346 -1.1245 1.0786,
0.5362 -1.1172 1.0787,
0.6346 -1.1172 1.0787,
0.6346 -1.3084 0.9873,
0.5362 -1.2008 1.0547,
0.6346 -1.2008 1.0547,
0.5362 -1.3084 0.9873,
0.5362 -1.3100 0.9864,
0.5362 -1.3084 0.9873,
0.6346 -1.3084 0.9873,
0.6346 -1.3100 0.9864,
0.5362 -1.3117 0.9856,
0.6346 -1.3117 0.9856,
0.5362 -1.3134 0.9850,
0.6346 -1.3134 0.9850,
0.5362 -1.3152 0.9846,
0.6346 -1.3152 0.9846,
0.5362 -1.3170 0.9843,
0.6346 -1.3170 0.9843,
0.5362 -1.3189 0.9843,
0.6346 -1.3189 0.9843,
0.5362 -1.3207 0.9843,
0.6346 -1.3207 0.9843,
0.5362 -1.3225 0.9846,
0.6346 -1.3225 0.9846,
0.5362 -1.3243 0.9850,
0.6346 -1.3243 0.9850,
0.6346 -1.3260 0.9856,
0.5362 -1.3260 0.9856,
0.5362 -1.3277 0.9863,
0.6346 -1.3277 0.9863,
0.6346 -1.3293 0.9872,
0.5362 -1.3293 0.9872,
0.5362 -1.4827 1.0827,
0.5362 -1.3293 0.9872,
0.6346 -1.3293 0.9872,
0.6346 -1.4827 1.0827,
-0.0543 -1.1172 1.0787,
0.0441 -0.6627 1.0787,
0.0441 -1.1172 1.0787,
-0.0543 -0.6627 1.0787,
-0.0543 -1.2008 1.0547,
-0.0543 -1.1945 1.0585,
0.0441 -1.2008 1.0547,
0.0441 -1.1945 1.0585,
-0.0543 -1.1880 1.0619,
0.0441 -1.1880 1.0619,
-0.0543 -1.1814 1.0651,
0.0441 -1.1814 1.0651,
-0.0543 -1.1746 1.0679,
0.0441 -1.1746 1.0679,
-0.0543 -1.1677 1.0704,
0.0441 -1.1677 1.0704,
-0.0543 -1.1607 1.0726,
0.0441 -1.1607 1.0726,
-0.0543 -1.1536 1.0745,
0.0441 -1.1536 1.0745,
-0.0543 -1.1464 1.0760,
0.0441 -1.1464 1.0760,
-0.0543 -1.1391 1.0772,
0.0441 -1.1391 1.0772,
-0.0543 -1.1318 1.0781,
0.0441 -1.1318 1.0781,
-0.0543 -1.1245 1.0786,
0.0441 -1.1245 1.0786,
-0.0543 -1.1172 1.0787,
0.0441 -1.1172 1.0787,
0.0441 -1.3084 0.9873,
-0.0543 -1.2008 1.0547,
0.0441 -1.2008 1.0547,
-0.0543 -1.3084 0.9873,
-0.0543 -1.3100 0.9864,
-0.0543 -1.3084 0.9873,
0.0441 -1.3084 0.9873,
0.0441 -1.3100 0.9864,
-0.0543 -1.3117 0.9856,
0.0441 -1.3117 0.9856,
-0.0543 -1.3134 0.9850,
0.0441 -1.3134 0.9850,
-0.0543 -1.3152 0.9846,
0.0441 -1.3152 0.9846,
-0.0543 -1.3170 0.9843,
0.0441 -1.3170 0.9843,
-0.0543 -1.3189 0.9843,
0.0441 -1.3189 0.9843,
-0.0543 -1.3207 0.9843,
0.0441 -1.3207 0.9843,
-0.0543 -1.3225 0.9846,
0.0441 -1.3225 0.9846,
-0.0543 -1.3243 0.9850,
0.0441 -1.3243 0.9850,
0.0441 -1.3260 0.9856,
-0.0543 -1.3260 0.9856,
-0.0543 -1.3277 0.9863,
0.0441 -1.3277 0.9863,
0.0441 -1.3293 0.9872,
-0.0543 -1.3293 0.9872,
-0.0543 -1.4827 1.0827,
-0.0543 -1.3293 0.9872,
0.0441 -1.3293 0.9872,
0.0441 -1.4827 1.0827,
2.9870 -1.9685 2.3583,
2.9870 -2.3622 2.5748,
2.9870 -2.3622 2.3583,
3.1051 -1.7598 2.7165,
3.0993 -1.7597 2.3583,
3.0993 -1.7597 2.7165,
3.1051 -1.7598 2.3583,
3.0935 -1.7593 2.3583,
3.0935 -1.7593 2.7165,
3.0878 -1.7586 2.3583,
3.0878 -1.7586 2.7165,
3.0821 -1.7576 2.3583,
3.0821 -1.7576 2.7165,
3.0764 -1.7563 2.7165,
3.0764 -1.7563 2.3583,
3.0708 -1.7548 2.7165,
3.0708 -1.7548 2.3583,
3.0653 -1.7529 2.3583,
3.0653 -1.7529 2.7165,
3.0599 -1.7509 2.3583,
3.0599 -1.7509 2.7165,
3.0546 -1.7485 2.3583,
3.0546 -1.7485 2.7165,
3.0494 -1.7459 2.7165,
3.0494 -1.7459 2.3583,
3.0444 -1.7430 2.3583,
3.0444 -1.7430 2.7165,
3.0395 -1.7399 2.7165,
3.0395 -1.7399 2.3583,
3.0348 -1.7366 2.7165,
3.0348 -1.7366 2.3583,
3.0302 -1.7330 2.3583,
3.0302 -1.7330 2.7165,
3.0258 -1.7292 2.3583,
3.0258 -1.7292 2.7165,
3.0216 -1.7252 2.7165,
3.0216 -1.7252 2.3583,
3.0176 -1.7211 2.7165,
3.0176 -1.7211 2.3583,
3.0138 -1.7167 2.3583,
3.0138 -1.7167 2.7165,
3.0103 -1.7121 2.3583,
3.0103 -1.7121 2.7165,
3.0069 -1.7074 2.3583,
3.0069 -1.7074 2.7165,
3.0038 -1.7025 2.3583,
3.0038 -1.7025 2.7165,
3.0010 -1.6974 2.3583,
3.0010 -1.6974 2.7165,
2.9983 -1.6922 2.3583,
2.9983 -1.6922 2.7165,
2.9960 -1.6869 2.3583,
2.9960 -1.6869 2.7165,
2.9939 -1.6815 2.3583,
2.9939 -1.6815 2.7165,
2.9921 -1.6760 2.3583,
2.9921 -1.6760 2.7165,
2.9905 -1.6704 2.3583,
2.9905 -1.6704 2.7165,
2.9893 -1.6648 2.7165,
2.9893 -1.6648 2.3583,
2.9883 -1.6591 2.7165,
2.9883 -1.6591 2.3583,
2.9876 -1.6533 2.3583,
2.9876 -1.6533 2.7165,
2.9872 -1.6475 2.3583,
2.9872 -1.6475 2.7165,
2.9870 -1.6417 2.3583,
2.9870 -1.6417 2.7165,
    ] }
    coordIndex [
0,1,2,-1,
2,3,4,-1,
1,3,2,-1,
4,5,6,-1,
3,5,4,-1,
6,7,8,-1,
5,7,6,-1,
8,9,10,-1,
7,9,8,-1,
10,11,12,-1,
9,11,10,-1,
12,13,14,-1,
11,13,12,-1,
14,15,16,-1,
13,15,14,-1,
16,17,18,-1,
15,17,16,-1,
18,19,20,-1,
17,19,18,-1,
20,21,22,-1,
19,21,20,-1,
22,23,24,-1,
21,23,22,-1,
24,25,26,-1,
23,25,24,-1,
26,27,28,-1,
25,27,26,-1,
27,29,28,-1,
30,31,32,-1,
32,33,34,-1,
31,33,32,-1,
34,35,36,-1,
33,35,34,-1,
36,37,38,-1,
35,37,36,-1,
38,39,40,-1,
37,39,38,-1,
40,41,42,-1,
39,41,40,-1,
42,43,44,-1,
41,43,42,-1,
44,45,46,-1,
43,45,44,-1,
46,47,48,-1,
45,47,46,-1,
48,49,50,-1,
47,49,48,-1,
50,51,52,-1,
49,51,50,-1,
52,53,54,-1,
51,53,52,-1,
53,55,54,-1,
56,57,58,-1,
58,57,59,-1,
60,61,62,-1,
63,64,65,-1,
63,65,66,-1,
67,68,69,-1,
67,69,70,-1,
71,72,73,-1,
74,72,71,-1,
73,75,76,-1,
72,75,73,-1,
76,77,78,-1,
75,77,76,-1,
78,79,80,-1,
77,79,78,-1,
81,82,83,-1,
80,82,81,-1,
79,82,80,-1,
82,84,83,-1,
84,85,83,-1,
83,85,86,-1,
85,87,86,-1,
86,87,88,-1,
87,89,88,-1,
88,89,90,-1,
89,91,90,-1,
92,91,93,-1,
90,91,92,-1,
91,94,93,-1,
93,94,95,-1,
94,96,95,-1,
97,98,99,-1,
95,98,97,-1,
96,98,95,-1,
98,100,99,-1,
101,102,103,-1,
99,102,101,-1,
100,102,99,-1,
102,104,103,-1,
103,105,106,-1,
104,105,103,-1,
106,107,108,-1,
105,107,106,-1,
108,109,110,-1,
107,109,108,-1,
110,111,112,-1,
109,111,110,-1,
112,113,114,-1,
111,113,112,-1,
114,115,116,-1,
113,115,114,-1,
116,117,118,-1,
115,117,116,-1,
118,119,120,-1,
117,119,118,-1,
120,121,122,-1,
119,121,120,-1,
122,123,124,-1,
121,123,122,-1,
124,125,126,-1,
123,125,124,-1,
126,127,128,-1,
125,127,126,-1,
128,129,130,-1,
127,129,128,-1,
130,131,132,-1,
129,131,130,-1,
132,133,134,-1,
131,133,132,-1,
134,135,136,-1,
133,135,134,-1,
137,138,139,-1,
139,138,140,-1,
141,142,143,-1,
141,144,142,-1,
145,146,147,-1,
145,147,148,-1,
149,150,151,-1,
151,150,152,-1,
152,150,153,-1,
153,150,154,-1,
154,150,155,-1,
155,150,156,-1,
156,150,157,-1,
157,150,158,-1,
158,150,159,-1,
159,150,160,-1,
160,150,161,-1,
161,150,162,-1,
162,150,163,-1,
163,150,164,-1,
164,150,165,-1,
166,167,168,-1,
169,170,171,-1,
171,170,172,-1,
172,170,173,-1,
173,170,167,-1,
167,170,168,-1,
170,174,168,-1,
175,174,176,-1,
176,174,170,-1,
168,174,177,-1,
177,178,150,-1,
150,178,165,-1,
174,178,177,-1,
178,179,165,-1,
178,180,179,-1,
180,181,179,-1,
180,182,181,-1,
183,184,182,-1,
185,186,184,-1,
184,186,182,-1,
186,187,182,-1,
187,188,182,-1,
188,189,182,-1,
189,190,182,-1,
191,192,193,-1,
193,192,190,-1,
190,192,182,-1,
192,194,182,-1,
195,196,194,-1,
194,196,182,-1,
182,197,181,-1,
196,197,182,-1,
198,199,200,-1,
201,202,203,-1,
203,202,204,-1,
205,206,207,-1,
207,206,208,-1,
202,209,210,-1,
209,211,212,-1,
213,214,215,-1,
214,216,217,-1,
213,216,214,-1,
216,218,219,-1,
218,220,221,-1,
221,220,222,-1,
223,224,225,-1,
226,227,228,-1,
228,227,206,-1,
208,227,199,-1,
200,227,201,-1,
211,227,229,-1,
229,227,230,-1,
230,227,231,-1,
231,227,213,-1,
199,227,200,-1,
220,227,232,-1,
232,227,233,-1,
202,227,209,-1,
233,227,234,-1,
234,227,235,-1,
235,227,223,-1,
201,227,202,-1,
224,227,236,-1,
236,227,237,-1,
237,227,238,-1,
206,227,208,-1,
238,227,239,-1,
239,227,240,-1,
240,227,241,-1,
241,227,242,-1,
242,227,243,-1,
209,227,211,-1,
213,227,216,-1,
216,227,218,-1,
218,227,220,-1,
223,227,224,-1,
226,244,227,-1,
245,246,226,-1,
226,246,244,-1,
246,247,248,-1,
246,249,247,-1,
246,250,249,-1,
246,251,250,-1,
250,251,252,-1,
252,251,253,-1,
253,251,254,-1,
254,251,255,-1,
255,251,256,-1,
256,251,257,-1,
257,251,258,-1,
258,251,259,-1,
259,251,260,-1,
260,251,261,-1,
261,251,262,-1,
262,251,263,-1,
263,251,264,-1,
264,251,265,-1,
265,251,266,-1,
266,251,267,-1,
267,251,268,-1,
268,251,269,-1,
269,251,270,-1,
270,251,271,-1,
251,272,271,-1,
251,273,272,-1,
251,274,273,-1,
251,275,274,-1,
251,276,275,-1,
251,277,276,-1,
251,278,277,-1,
251,279,278,-1,
251,280,279,-1,
280,281,282,-1,
282,281,283,-1,
283,281,284,-1,
284,281,285,-1,
285,281,286,-1,
286,281,287,-1,
287,281,288,-1,
288,281,289,-1,
289,281,290,-1,
290,281,291,-1,
291,281,292,-1,
292,281,293,-1,
293,281,294,-1,
294,281,295,-1,
295,281,296,-1,
296,281,297,-1,
297,281,298,-1,
281,299,298,-1,
281,300,299,-1,
281,301,300,-1,
281,302,301,-1,
281,303,302,-1,
281,304,303,-1,
281,305,304,-1,
281,306,305,-1,
281,307,306,-1,
281,308,307,-1,
281,309,308,-1,
281,310,309,-1,
281,311,310,-1,
281,312,311,-1,
281,313,312,-1,
281,314,313,-1,
281,315,314,-1,
281,316,315,-1,
248,244,246,-1,
251,281,280,-1,
317,318,319,-1,
318,320,321,-1,
318,322,320,-1,
318,323,322,-1,
323,324,325,-1,
323,326,324,-1,
327,328,317,-1,
317,328,318,-1,
318,328,323,-1,
323,328,326,-1,
327,329,328,-1,
330,331,327,-1,
327,331,329,-1,
330,332,331,-1,
330,333,332,-1,
330,334,333,-1,
330,335,334,-1,
330,336,335,-1,
337,338,339,-1,
330,337,339,-1,
330,339,340,-1,
330,340,341,-1,
330,341,342,-1,
330,342,343,-1,
330,343,344,-1,
330,344,345,-1,
330,345,336,-1,
346,347,348,-1,
348,347,349,-1,
350,351,352,-1,
352,351,353,-1,
353,351,354,-1,
354,351,355,-1,
355,351,356,-1,
356,351,357,-1,
357,351,358,-1,
358,351,359,-1,
359,351,360,-1,
360,351,361,-1,
361,351,362,-1,
362,351,363,-1,
363,351,364,-1,
364,351,365,-1,
365,351,366,-1,
367,368,369,-1,
370,371,372,-1,
372,371,368,-1,
369,371,373,-1,
373,371,374,-1,
368,371,369,-1,
375,376,377,-1,
377,376,371,-1,
374,376,378,-1,
371,376,374,-1,
378,379,351,-1,
351,379,366,-1,
376,379,378,-1,
379,380,366,-1,
379,381,380,-1,
381,382,380,-1,
381,383,382,-1,
384,385,386,-1,
385,387,388,-1,
385,389,387,-1,
385,390,389,-1,
390,391,392,-1,
390,393,391,-1,
394,395,384,-1,
384,395,385,-1,
385,395,390,-1,
390,395,393,-1,
394,396,395,-1,
397,398,394,-1,
394,398,396,-1,
397,399,398,-1,
397,400,399,-1,
397,401,400,-1,
397,402,401,-1,
397,403,402,-1,
404,405,406,-1,
397,404,406,-1,
397,406,407,-1,
397,407,408,-1,
397,408,409,-1,
397,409,410,-1,
397,410,411,-1,
397,411,412,-1,
397,412,403,-1,
413,414,415,-1,
416,417,418,-1,
418,417,419,-1,
419,417,420,-1,
420,417,421,-1,
421,417,422,-1,
422,417,423,-1,
423,417,424,-1,
424,417,425,-1,
425,417,426,-1,
426,417,427,-1,
427,417,428,-1,
428,417,429,-1,
429,417,430,-1,
430,417,431,-1,
431,417,432,-1,
432,417,433,-1,
433,417,434,-1,
434,417,435,-1,
435,417,436,-1,
436,417,437,-1,
437,417,438,-1,
438,417,439,-1,
439,417,440,-1,
440,417,441,-1,
441,417,442,-1,
442,417,443,-1,
443,417,444,-1,
444,417,445,-1,
445,417,446,-1,
446,417,414,-1,
414,417,415,-1,
447,415,417,-1,
417,448,447,-1,
449,417,450,-1,
450,417,451,-1,
451,417,452,-1,
452,417,416,-1,
453,454,455,-1,
453,456,454,-1,
457,458,459,-1,
457,459,460,-1,
457,460,461,-1,
457,461,462,-1,
457,462,463,-1,
457,463,464,-1,
457,464,465,-1,
457,465,466,-1,
457,466,467,-1,
457,467,468,-1,
457,468,469,-1,
457,469,470,-1,
457,470,471,-1,
457,471,472,-1,
457,472,473,-1,
474,475,476,-1,
477,478,479,-1,
477,479,474,-1,
477,476,480,-1,
477,480,481,-1,
477,474,476,-1,
482,483,484,-1,
482,484,477,-1,
482,481,485,-1,
482,477,481,-1,
486,485,457,-1,
486,457,473,-1,
486,482,485,-1,
487,486,473,-1,
488,486,487,-1,
489,488,487,-1,
490,488,489,-1,
491,492,493,-1,
491,493,494,-1,
495,491,496,-1,
497,491,495,-1,
498,491,497,-1,
499,498,500,-1,
501,498,499,-1,
502,492,491,-1,
502,491,498,-1,
502,498,501,-1,
503,492,502,-1,
504,505,492,-1,
504,492,503,-1,
506,505,504,-1,
507,505,506,-1,
508,505,507,-1,
509,505,508,-1,
510,505,509,-1,
511,512,513,-1,
512,505,513,-1,
513,505,514,-1,
514,505,515,-1,
515,505,516,-1,
516,505,517,-1,
517,505,518,-1,
518,505,519,-1,
519,505,510,-1,
520,521,522,-1,
523,524,525,-1,
523,525,526,-1,
523,526,527,-1,
523,527,528,-1,
523,528,529,-1,
523,529,530,-1,
523,530,531,-1,
523,531,532,-1,
523,532,533,-1,
523,533,534,-1,
523,534,535,-1,
523,535,536,-1,
523,536,537,-1,
523,537,538,-1,
523,538,539,-1,
523,539,540,-1,
523,540,541,-1,
523,541,542,-1,
523,542,543,-1,
523,543,544,-1,
523,544,545,-1,
523,545,546,-1,
523,546,547,-1,
523,547,548,-1,
523,548,549,-1,
523,549,550,-1,
523,550,551,-1,
523,551,552,-1,
523,552,553,-1,
523,553,520,-1,
523,520,522,-1,
554,523,555,-1,
523,556,557,-1,
557,556,558,-1,
523,557,559,-1,
523,559,524,-1,
522,555,523,-1,
560,561,562,-1,
560,563,561,-1,
564,562,565,-1,
564,560,562,-1,
566,565,567,-1,
566,564,565,-1,
568,567,569,-1,
568,566,567,-1,
570,569,571,-1,
570,568,569,-1,
572,571,573,-1,
572,570,571,-1,
574,573,575,-1,
574,572,573,-1,
576,575,577,-1,
576,574,575,-1,
578,577,579,-1,
578,576,577,-1,
580,579,581,-1,
580,578,579,-1,
582,581,583,-1,
582,580,581,-1,
584,583,585,-1,
584,582,583,-1,
586,585,587,-1,
586,584,585,-1,
588,589,590,-1,
588,587,589,-1,
588,586,587,-1,
591,590,592,-1,
591,588,590,-1,
593,591,592,-1,
594,595,596,-1,
594,597,595,-1,
598,599,600,-1,
598,600,601,-1,
602,601,603,-1,
602,598,601,-1,
604,603,605,-1,
604,602,603,-1,
606,605,607,-1,
606,604,605,-1,
608,607,609,-1,
608,606,607,-1,
610,609,611,-1,
610,608,609,-1,
612,611,613,-1,
612,610,611,-1,
614,613,615,-1,
614,612,613,-1,
616,617,618,-1,
616,615,617,-1,
616,614,615,-1,
619,618,620,-1,
619,616,618,-1,
621,619,620,-1,
622,623,624,-1,
622,624,625,-1,
626,627,628,-1,
626,628,629,-1,
630,631,632,-1,
630,633,631,-1,
634,635,636,-1,
636,635,637,-1,
637,638,639,-1,
635,638,637,-1,
639,640,641,-1,
638,640,639,-1,
641,642,643,-1,
640,642,641,-1,
643,644,645,-1,
642,644,643,-1,
645,646,647,-1,
644,646,645,-1,
647,648,649,-1,
646,648,647,-1,
649,650,651,-1,
648,650,649,-1,
651,652,653,-1,
650,652,651,-1,
653,654,655,-1,
652,654,653,-1,
655,656,657,-1,
654,656,655,-1,
657,658,659,-1,
656,658,657,-1,
660,661,662,-1,
660,663,661,-1,
664,665,666,-1,
664,666,667,-1,
668,667,669,-1,
668,664,667,-1,
670,669,671,-1,
670,668,669,-1,
672,671,673,-1,
672,670,671,-1,
674,673,675,-1,
674,672,673,-1,
676,675,677,-1,
676,674,675,-1,
678,677,679,-1,
678,676,677,-1,
680,679,681,-1,
680,678,679,-1,
682,683,684,-1,
682,681,683,-1,
682,680,681,-1,
685,682,684,-1,
686,687,688,-1,
686,684,687,-1,
686,685,684,-1,
689,686,688,-1,
690,691,692,-1,
690,692,693,-1,
694,695,696,-1,
694,696,697,-1,
694,697,698,-1,
694,698,699,-1,
694,699,700,-1,
694,700,701,-1,
694,701,702,-1,
694,702,703,-1,
694,703,704,-1,
694,704,705,-1,
694,705,706,-1,
694,706,707,-1,
694,707,708,-1,
694,708,709,-1,
694,709,710,-1,
711,712,713,-1,
714,715,716,-1,
714,716,717,-1,
714,717,718,-1,
714,718,711,-1,
714,711,713,-1,
719,714,713,-1,
719,720,721,-1,
719,721,714,-1,
719,713,722,-1,
723,722,694,-1,
723,694,710,-1,
723,719,722,-1,
724,723,710,-1,
725,723,724,-1,
726,725,724,-1,
727,725,726,-1,
728,729,727,-1,
730,731,728,-1,
730,728,727,-1,
732,730,727,-1,
733,732,727,-1,
734,733,727,-1,
735,734,727,-1,
736,737,738,-1,
736,738,735,-1,
736,735,727,-1,
739,736,727,-1,
740,741,739,-1,
740,739,727,-1,
742,727,726,-1,
742,740,727,-1,
743,744,745,-1,
746,747,748,-1,
746,748,749,-1,
750,751,752,-1,
750,752,753,-1,
754,746,755,-1,
756,754,757,-1,
758,759,760,-1,
761,758,762,-1,
761,759,758,-1,
763,761,764,-1,
765,763,766,-1,
765,766,767,-1,
768,769,770,-1,
771,772,773,-1,
771,773,750,-1,
771,753,743,-1,
771,745,747,-1,
771,756,774,-1,
771,774,775,-1,
771,775,776,-1,
771,776,759,-1,
771,743,745,-1,
771,765,777,-1,
771,777,778,-1,
771,778,779,-1,
771,746,754,-1,
771,779,780,-1,
771,780,769,-1,
771,747,746,-1,
771,768,781,-1,
771,781,782,-1,
771,782,783,-1,
771,783,784,-1,
771,750,753,-1,
771,784,785,-1,
771,785,786,-1,
771,786,787,-1,
771,787,788,-1,
771,754,756,-1,
771,759,761,-1,
771,761,763,-1,
771,763,765,-1,
771,769,768,-1,
789,772,771,-1,
790,791,772,-1,
790,772,789,-1,
792,790,793,-1,
794,790,792,-1,
795,790,794,-1,
796,790,795,-1,
796,795,797,-1,
796,797,798,-1,
796,798,799,-1,
796,799,800,-1,
796,800,801,-1,
796,801,802,-1,
796,802,803,-1,
796,803,804,-1,
796,804,805,-1,
796,805,806,-1,
796,806,807,-1,
796,807,808,-1,
796,808,809,-1,
796,809,810,-1,
796,810,811,-1,
796,811,812,-1,
796,812,813,-1,
796,813,814,-1,
796,814,815,-1,
796,815,816,-1,
817,796,816,-1,
818,796,817,-1,
819,796,818,-1,
820,796,819,-1,
821,796,820,-1,
822,796,821,-1,
823,796,822,-1,
824,796,823,-1,
825,796,824,-1,
826,825,827,-1,
826,827,828,-1,
826,828,829,-1,
826,829,830,-1,
826,830,831,-1,
826,831,832,-1,
826,832,833,-1,
826,833,834,-1,
826,834,835,-1,
826,835,836,-1,
826,836,837,-1,
826,837,838,-1,
826,838,839,-1,
826,839,840,-1,
826,840,841,-1,
826,841,842,-1,
826,842,843,-1,
844,826,843,-1,
845,826,844,-1,
846,826,845,-1,
847,826,846,-1,
848,826,847,-1,
849,826,848,-1,
850,826,849,-1,
851,826,850,-1,
852,826,851,-1,
853,826,852,-1,
854,826,853,-1,
855,826,854,-1,
856,826,855,-1,
857,826,856,-1,
858,826,857,-1,
859,826,858,-1,
860,826,859,-1,
861,826,860,-1,
789,793,790,-1,
826,796,825,-1,
862,863,864,-1,
862,864,865,-1,
866,862,867,-1,
868,862,866,-1,
869,862,868,-1,
870,869,871,-1,
872,869,870,-1,
873,863,862,-1,
873,862,869,-1,
873,869,872,-1,
874,863,873,-1,
875,876,863,-1,
875,863,874,-1,
877,876,875,-1,
878,876,877,-1,
879,876,878,-1,
880,876,879,-1,
881,876,880,-1,
882,883,884,-1,
883,876,884,-1,
884,876,885,-1,
885,876,886,-1,
886,876,887,-1,
887,876,888,-1,
888,876,889,-1,
889,876,890,-1,
890,876,881,-1,
891,892,893,-1,
891,894,892,-1,
895,893,896,-1,
895,891,893,-1,
897,896,898,-1,
897,895,896,-1,
899,898,900,-1,
899,897,898,-1,
901,900,902,-1,
901,899,900,-1,
903,902,904,-1,
903,901,902,-1,
905,904,906,-1,
905,903,904,-1,
907,906,908,-1,
907,905,906,-1,
909,908,910,-1,
909,907,908,-1,
911,910,912,-1,
911,909,910,-1,
913,912,914,-1,
913,911,912,-1,
915,914,916,-1,
915,913,914,-1,
917,916,918,-1,
917,915,916,-1,
919,920,921,-1,
919,918,920,-1,
919,917,918,-1,
922,921,923,-1,
922,919,921,-1,
924,922,923,-1,
925,926,927,-1,
925,928,926,-1,
929,930,931,-1,
929,931,932,-1,
933,932,934,-1,
933,929,932,-1,
935,934,936,-1,
935,933,934,-1,
937,936,938,-1,
937,935,936,-1,
939,938,940,-1,
939,937,938,-1,
941,940,942,-1,
941,939,940,-1,
943,942,944,-1,
943,941,942,-1,
945,944,946,-1,
945,943,944,-1,
947,946,948,-1,
947,945,946,-1,
949,950,951,-1,
949,948,950,-1,
949,947,948,-1,
952,949,951,-1,
953,954,955,-1,
953,955,956,-1,
957,958,959,-1,
957,959,960,-1,
961,962,963,-1,
961,964,962,-1,
965,966,967,-1,
965,967,968,-1,
969,968,970,-1,
969,965,968,-1,
971,970,972,-1,
971,969,970,-1,
973,972,974,-1,
973,971,972,-1,
975,974,976,-1,
975,973,974,-1,
977,976,978,-1,
977,975,976,-1,
979,978,980,-1,
979,977,978,-1,
981,980,982,-1,
981,979,980,-1,
983,982,984,-1,
983,981,982,-1,
985,984,986,-1,
985,983,984,-1,
987,986,988,-1,
987,985,986,-1,
989,988,990,-1,
989,987,988,-1,
991,990,992,-1,
991,989,990,-1,
993,992,994,-1,
993,991,992,-1,
995,996,997,-1,
995,997,998,-1,
999,1000,1001,-1,
1001,1000,1002,-1,
1002,1000,1003,-1,
1003,1000,1004,-1,
1004,1000,1005,-1,
1005,1000,1006,-1,
1006,1000,1007,-1,
1007,1000,1008,-1,
1008,1000,1009,-1,
1009,1000,1010,-1,
1010,1000,1011,-1,
1011,1000,1012,-1,
1012,1000,1013,-1,
1013,1000,1014,-1,
1014,1000,1015,-1,
1016,1017,1018,-1,
1019,1020,1021,-1,
1021,1020,1022,-1,
1022,1020,1023,-1,
1023,1020,1017,-1,
1017,1020,1018,-1,
1020,1024,1018,-1,
1025,1024,1026,-1,
1026,1024,1020,-1,
1018,1024,1027,-1,
1027,1028,1000,-1,
1000,1028,1015,-1,
1024,1028,1027,-1,
1028,1029,1015,-1,
1028,1030,1029,-1,
1030,1031,1029,-1,
1030,1032,1031,-1,
1033,1034,1032,-1,
1035,1036,1034,-1,
1034,1036,1032,-1,
1036,1037,1032,-1,
1037,1038,1032,-1,
1038,1039,1032,-1,
1039,1040,1032,-1,
1041,1042,1043,-1,
1043,1042,1040,-1,
1040,1042,1032,-1,
1042,1044,1032,-1,
1045,1046,1044,-1,
1044,1046,1032,-1,
1032,1047,1031,-1,
1046,1047,1032,-1,
1048,1049,1050,-1,
1051,1052,1053,-1,
1053,1052,1054,-1,
1055,1056,1057,-1,
1057,1056,1058,-1,
1052,1059,1060,-1,
1059,1061,1062,-1,
1063,1064,1065,-1,
1064,1066,1067,-1,
1063,1066,1064,-1,
1066,1068,1069,-1,
1068,1070,1071,-1,
1071,1070,1072,-1,
1073,1074,1075,-1,
1076,1077,1078,-1,
1078,1077,1056,-1,
1058,1077,1049,-1,
1050,1077,1051,-1,
1061,1077,1079,-1,
1079,1077,1080,-1,
1080,1077,1081,-1,
1081,1077,1063,-1,
1049,1077,1050,-1,
1070,1077,1082,-1,
1082,1077,1083,-1,
1052,1077,1059,-1,
1083,1077,1084,-1,
1084,1077,1085,-1,
1085,1077,1073,-1,
1051,1077,1052,-1,
1074,1077,1086,-1,
1086,1077,1087,-1,
1087,1077,1088,-1,
1056,1077,1058,-1,
1088,1077,1089,-1,
1089,1077,1090,-1,
1090,1077,1091,-1,
1091,1077,1092,-1,
1092,1077,1093,-1,
1059,1077,1061,-1,
1063,1077,1066,-1,
1066,1077,1068,-1,
1068,1077,1070,-1,
1073,1077,1074,-1,
1076,1094,1077,-1,
1095,1096,1076,-1,
1076,1096,1094,-1,
1096,1097,1098,-1,
1096,1099,1097,-1,
1096,1100,1099,-1,
1096,1101,1100,-1,
1100,1101,1102,-1,
1102,1101,1103,-1,
1103,1101,1104,-1,
1104,1101,1105,-1,
1105,1101,1106,-1,
1106,1101,1107,-1,
1107,1101,1108,-1,
1108,1101,1109,-1,
1109,1101,1110,-1,
1110,1101,1111,-1,
1111,1101,1112,-1,
1112,1101,1113,-1,
1113,1101,1114,-1,
1114,1101,1115,-1,
1115,1101,1116,-1,
1116,1101,1117,-1,
1117,1101,1118,-1,
1118,1101,1119,-1,
1119,1101,1120,-1,
1120,1101,1121,-1,
1101,1122,1121,-1,
1101,1123,1122,-1,
1101,1124,1123,-1,
1101,1125,1124,-1,
1101,1126,1125,-1,
1101,1127,1126,-1,
1101,1128,1127,-1,
1101,1129,1128,-1,
1101,1130,1129,-1,
1130,1131,1132,-1,
1132,1131,1133,-1,
1133,1131,1134,-1,
1134,1131,1135,-1,
1135,1131,1136,-1,
1136,1131,1137,-1,
1137,1131,1138,-1,
1138,1131,1139,-1,
1139,1131,1140,-1,
1140,1131,1141,-1,
1141,1131,1142,-1,
1142,1131,1143,-1,
1143,1131,1144,-1,
1144,1131,1145,-1,
1145,1131,1146,-1,
1146,1131,1147,-1,
1147,1131,1148,-1,
1131,1149,1148,-1,
1131,1150,1149,-1,
1131,1151,1150,-1,
1131,1152,1151,-1,
1131,1153,1152,-1,
1131,1154,1153,-1,
1131,1155,1154,-1,
1131,1156,1155,-1,
1131,1157,1156,-1,
1131,1158,1157,-1,
1131,1159,1158,-1,
1131,1160,1159,-1,
1131,1161,1160,-1,
1131,1162,1161,-1,
1131,1163,1162,-1,
1131,1164,1163,-1,
1131,1165,1164,-1,
1131,1166,1165,-1,
1098,1094,1096,-1,
1101,1131,1130,-1,
1167,1168,1169,-1,
1168,1170,1171,-1,
1168,1172,1170,-1,
1168,1173,1172,-1,
1173,1174,1175,-1,
1173,1176,1174,-1,
1177,1178,1167,-1,
1167,1178,1168,-1,
1168,1178,1173,-1,
1173,1178,1176,-1,
1177,1179,1178,-1,
1180,1181,1177,-1,
1177,1181,1179,-1,
1180,1182,1181,-1,
1180,1183,1182,-1,
1180,1184,1183,-1,
1180,1185,1184,-1,
1180,1186,1185,-1,
1187,1188,1189,-1,
1180,1187,1189,-1,
1180,1189,1190,-1,
1180,1190,1191,-1,
1180,1191,1192,-1,
1180,1192,1193,-1,
1180,1193,1194,-1,
1180,1194,1195,-1,
1180,1195,1186,-1,
1196,1197,1198,-1,
1196,1198,1199,-1,
1200,1201,1202,-1,
1200,1202,1203,-1,
1200,1203,1204,-1,
1200,1204,1205,-1,
1200,1205,1206,-1,
1200,1206,1207,-1,
1200,1207,1208,-1,
1200,1208,1209,-1,
1200,1209,1210,-1,
1200,1210,1211,-1,
1200,1211,1212,-1,
1200,1212,1213,-1,
1200,1213,1214,-1,
1200,1214,1215,-1,
1200,1215,1216,-1,
1217,1218,1219,-1,
1220,1221,1222,-1,
1220,1222,1223,-1,
1220,1223,1224,-1,
1220,1224,1217,-1,
1220,1217,1219,-1,
1225,1220,1219,-1,
1225,1226,1227,-1,
1225,1227,1220,-1,
1225,1219,1228,-1,
1229,1228,1200,-1,
1229,1200,1216,-1,
1229,1225,1228,-1,
1230,1229,1216,-1,
1231,1229,1230,-1,
1232,1231,1230,-1,
1233,1231,1232,-1,
1234,1235,1233,-1,
1236,1237,1234,-1,
1236,1234,1233,-1,
1238,1236,1233,-1,
1239,1238,1233,-1,
1240,1239,1233,-1,
1241,1240,1233,-1,
1242,1243,1244,-1,
1242,1244,1241,-1,
1242,1241,1233,-1,
1245,1242,1233,-1,
1246,1247,1245,-1,
1246,1245,1233,-1,
1248,1233,1232,-1,
1248,1246,1233,-1,
1249,1250,1251,-1,
1252,1253,1254,-1,
1252,1254,1255,-1,
1256,1257,1258,-1,
1256,1258,1259,-1,
1260,1252,1261,-1,
1262,1260,1263,-1,
1264,1265,1266,-1,
1267,1264,1268,-1,
1267,1265,1264,-1,
1269,1267,1270,-1,
1271,1269,1272,-1,
1271,1272,1273,-1,
1274,1275,1276,-1,
1277,1278,1279,-1,
1277,1279,1256,-1,
1277,1259,1249,-1,
1277,1251,1253,-1,
1277,1262,1280,-1,
1277,1280,1281,-1,
1277,1281,1282,-1,
1277,1282,1265,-1,
1277,1249,1251,-1,
1277,1271,1283,-1,
1277,1283,1284,-1,
1277,1284,1285,-1,
1277,1252,1260,-1,
1277,1285,1286,-1,
1277,1286,1275,-1,
1277,1253,1252,-1,
1277,1274,1287,-1,
1277,1287,1288,-1,
1277,1288,1289,-1,
1277,1289,1290,-1,
1277,1256,1259,-1,
1277,1290,1291,-1,
1277,1291,1292,-1,
1277,1292,1293,-1,
1277,1293,1294,-1,
1277,1260,1262,-1,
1277,1265,1267,-1,
1277,1267,1269,-1,
1277,1269,1271,-1,
1277,1275,1274,-1,
1295,1278,1277,-1,
1296,1297,1278,-1,
1296,1278,1295,-1,
1298,1296,1299,-1,
1300,1296,1298,-1,
1301,1296,1300,-1,
1302,1296,1301,-1,
1302,1301,1303,-1,
1302,1303,1304,-1,
1302,1304,1305,-1,
1302,1305,1306,-1,
1302,1306,1307,-1,
1302,1307,1308,-1,
1302,1308,1309,-1,
1302,1309,1310,-1,
1302,1310,1311,-1,
1302,1311,1312,-1,
1302,1312,1313,-1,
1302,1313,1314,-1,
1302,1314,1315,-1,
1302,1315,1316,-1,
1302,1316,1317,-1,
1302,1317,1318,-1,
1302,1318,1319,-1,
1302,1319,1320,-1,
1302,1320,1321,-1,
1302,1321,1322,-1,
1323,1302,1322,-1,
1324,1302,1323,-1,
1325,1302,1324,-1,
1326,1302,1325,-1,
1327,1302,1326,-1,
1328,1302,1327,-1,
1329,1302,1328,-1,
1330,1302,1329,-1,
1331,1302,1330,-1,
1332,1331,1333,-1,
1332,1333,1334,-1,
1332,1334,1335,-1,
1332,1335,1336,-1,
1332,1336,1337,-1,
1332,1337,1338,-1,
1332,1338,1339,-1,
1332,1339,1340,-1,
1332,1340,1341,-1,
1332,1341,1342,-1,
1332,1342,1343,-1,
1332,1343,1344,-1,
1332,1344,1345,-1,
1332,1345,1346,-1,
1332,1346,1347,-1,
1332,1347,1348,-1,
1332,1348,1349,-1,
1350,1332,1349,-1,
1351,1332,1350,-1,
1352,1332,1351,-1,
1353,1332,1352,-1,
1354,1332,1353,-1,
1355,1332,1354,-1,
1356,1332,1355,-1,
1357,1332,1356,-1,
1358,1332,1357,-1,
1359,1332,1358,-1,
1360,1332,1359,-1,
1361,1332,1360,-1,
1362,1332,1361,-1,
1363,1332,1362,-1,
1364,1332,1363,-1,
1365,1332,1364,-1,
1366,1332,1365,-1,
1367,1332,1366,-1,
1295,1299,1296,-1,
1332,1302,1331,-1,
1368,1369,1370,-1,
1368,1370,1371,-1,
1372,1368,1373,-1,
1374,1368,1372,-1,
1375,1368,1374,-1,
1376,1375,1377,-1,
1378,1375,1376,-1,
1379,1369,1368,-1,
1379,1368,1375,-1,
1379,1375,1378,-1,
1380,1369,1379,-1,
1381,1382,1369,-1,
1381,1369,1380,-1,
1383,1382,1381,-1,
1384,1382,1383,-1,
1385,1382,1384,-1,
1386,1382,1385,-1,
1387,1382,1386,-1,
1388,1389,1390,-1,
1389,1382,1390,-1,
1390,1382,1391,-1,
1391,1382,1392,-1,
1392,1382,1393,-1,
1393,1382,1394,-1,
1394,1382,1395,-1,
1395,1382,1396,-1,
1396,1382,1387,-1,
1397,1398,1399,-1,
1397,1400,1398,-1,
1401,1399,1402,-1,
1401,1397,1399,-1,
1403,1402,1404,-1,
1403,1401,1402,-1,
1405,1404,1406,-1,
1405,1403,1404,-1,
1407,1406,1408,-1,
1407,1405,1406,-1,
1409,1408,1410,-1,
1409,1407,1408,-1,
1411,1410,1412,-1,
1411,1409,1410,-1,
1413,1412,1414,-1,
1413,1411,1412,-1,
1415,1414,1416,-1,
1415,1413,1414,-1,
1417,1416,1418,-1,
1417,1415,1416,-1,
1419,1418,1420,-1,
1419,1417,1418,-1,
1421,1420,1422,-1,
1421,1419,1420,-1,
1423,1422,1424,-1,
1423,1421,1422,-1,
1425,1426,1427,-1,
1425,1424,1426,-1,
1425,1423,1424,-1,
1428,1427,1429,-1,
1428,1425,1427,-1,
1430,1428,1429,-1,
1431,1432,1433,-1,
1431,1434,1432,-1,
1435,1436,1437,-1,
1435,1437,1438,-1,
1439,1438,1440,-1,
1439,1435,1438,-1,
1441,1440,1442,-1,
1441,1439,1440,-1,
1443,1442,1444,-1,
1443,1441,1442,-1,
1445,1444,1446,-1,
1445,1443,1444,-1,
1447,1446,1448,-1,
1447,1445,1446,-1,
1449,1448,1450,-1,
1449,1447,1448,-1,
1451,1450,1452,-1,
1451,1449,1450,-1,
1453,1452,1454,-1,
1453,1451,1452,-1,
1455,1456,1457,-1,
1455,1454,1456,-1,
1455,1453,1454,-1,
1458,1455,1457,-1,
1459,1460,1461,-1,
1459,1461,1462,-1,
1463,1464,1465,-1,
1463,1465,1466,-1,
1467,1468,1469,-1,
1467,1470,1468,-1,
1471,1472,1473,-1,
1471,1473,1474,-1,
1475,1474,1476,-1,
1475,1471,1474,-1,
1477,1476,1478,-1,
1477,1475,1476,-1,
1479,1478,1480,-1,
1479,1477,1478,-1,
1481,1480,1482,-1,
1481,1479,1480,-1,
1483,1482,1484,-1,
1483,1481,1482,-1,
1485,1484,1486,-1,
1485,1483,1484,-1,
1487,1486,1488,-1,
1487,1485,1486,-1,
1489,1488,1490,-1,
1489,1487,1488,-1,
1491,1490,1492,-1,
1491,1489,1490,-1,
1493,1492,1494,-1,
1493,1491,1492,-1,
1495,1494,1496,-1,
1495,1493,1494,-1,
1497,1496,1498,-1,
1497,1495,1496,-1,
1499,1498,1500,-1,
1499,1497,1498,-1,
1501,1502,1503,-1,
1501,1503,1504,-1,
1505,1506,1507,-1,
1505,1507,1508,-1,
1509,1510,1511,-1,
1509,1511,1512,-1,
1513,1512,1514,-1,
1513,1509,1512,-1,
1515,1514,1516,-1,
1515,1513,1514,-1,
1517,1516,1518,-1,
1517,1515,1516,-1,
1519,1518,1520,-1,
1519,1517,1518,-1,
1521,1520,1522,-1,
1521,1519,1520,-1,
1523,1522,1524,-1,
1523,1521,1522,-1,
1525,1523,1524,-1,
1525,1524,1526,-1,
1527,1525,1526,-1,
1527,1526,1528,-1,
1529,1527,1528,-1,
1529,1528,1530,-1,
1531,1529,1530,-1,
1531,1530,1532,-1,
1533,1531,1532,-1,
1533,1534,1535,-1,
1533,1532,1534,-1,
1536,1533,1535,-1,
1537,1535,1538,-1,
1537,1536,1535,-1,
1539,1538,1540,-1,
1539,1537,1538,-1,
1541,1540,1542,-1,
1541,1539,1540,-1,
1543,1542,1544,-1,
1543,1541,1542,-1,
1545,1544,1546,-1,
1545,1543,1544,-1,
1547,1546,1548,-1,
1547,1545,1546,-1,
1549,1548,1550,-1,
1549,1547,1548,-1,
1551,1550,1552,-1,
1551,1549,1550,-1,
1553,1554,1555,-1,
1553,1552,1554,-1,
1553,1551,1552,-1,
1556,1555,1557,-1,
1556,1553,1555,-1,
1558,1556,1557,-1,
1559,1557,1560,-1,
1559,1558,1557,-1,
1561,1560,1562,-1,
1561,1559,1560,-1,
1563,1564,1565,-1,
1563,1562,1564,-1,
1563,1561,1562,-1,
1566,1563,1565,-1,
1567,1565,1568,-1,
1567,1566,1565,-1,
1569,1570,1571,-1,
1569,1568,1570,-1,
1569,1567,1568,-1,
1572,1569,1571,-1,
1573,1571,1574,-1,
1573,1572,1571,-1,
1575,1576,1577,-1,
1575,1577,1578,-1,
1579,1580,1581,-1,
1581,1580,1582,-1,
1582,1583,1584,-1,
1580,1583,1582,-1,
1584,1585,1586,-1,
1583,1585,1584,-1,
1586,1587,1588,-1,
1585,1587,1586,-1,
1588,1589,1590,-1,
1587,1589,1588,-1,
1590,1591,1592,-1,
1589,1591,1590,-1,
1592,1593,1594,-1,
1591,1593,1592,-1,
1594,1595,1596,-1,
1593,1595,1594,-1,
1595,1597,1596,-1,
1596,1597,1598,-1,
1597,1599,1598,-1,
1598,1599,1600,-1,
1599,1601,1600,-1,
1600,1601,1602,-1,
1601,1603,1602,-1,
1602,1603,1604,-1,
1603,1605,1604,-1,
1604,1605,1606,-1,
1605,1607,1606,-1,
1606,1607,1608,-1,
1607,1609,1608,-1,
1608,1609,1610,-1,
1609,1611,1610,-1,
1610,1611,1612,-1,
1611,1613,1612,-1,
1612,1613,1614,-1,
1613,1615,1614,-1,
1614,1615,1616,-1,
1615,1617,1616,-1,
1616,1617,1618,-1,
1618,1617,1619,-1,
1617,1620,1619,-1,
1619,1621,1622,-1,
1620,1621,1619,-1,
1621,1623,1622,-1,
1622,1623,1624,-1,
1624,1625,1626,-1,
1623,1625,1624,-1,
1626,1627,1628,-1,
1625,1627,1626,-1,
1628,1629,1630,-1,
1627,1629,1628,-1,
1630,1631,1632,-1,
1632,1631,1633,-1,
1629,1631,1630,-1,
1631,1634,1633,-1,
1633,1635,1636,-1,
1636,1635,1637,-1,
1634,1635,1633,-1,
1635,1638,1637,-1,
1637,1639,1640,-1,
1638,1639,1637,-1,
1640,1641,1642,-1,
1639,1641,1640,-1,
1642,1643,1644,-1,
1641,1643,1642,-1,
1645,1646,1647,-1,
1645,1647,1648,-1,
1649,1650,1651,-1,
1649,1652,1650,-1,
1653,1654,1655,-1,
1653,1655,1656,-1,
1657,1653,1656,-1,
1657,1656,1658,-1,
1659,1657,1658,-1,
1659,1658,1660,-1,
1661,1659,1660,-1,
1661,1660,1662,-1,
1663,1661,1662,-1,
1663,1662,1664,-1,
1665,1663,1664,-1,
1665,1664,1666,-1,
1667,1665,1666,-1,
1667,1666,1668,-1,
1669,1667,1668,-1,
1669,1668,1670,-1,
1671,1669,1670,-1,
1671,1670,1672,-1,
1673,1672,1674,-1,
1673,1671,1672,-1,
1675,1674,1676,-1,
1675,1673,1674,-1,
1677,1676,1678,-1,
1677,1675,1676,-1,
1679,1678,1680,-1,
1679,1677,1678,-1,
1681,1682,1683,-1,
1681,1680,1682,-1,
1681,1679,1680,-1,
1684,1681,1683,-1,
1685,1683,1686,-1,
1685,1684,1683,-1,
1687,1686,1688,-1,
1687,1685,1686,-1,
1689,1688,1690,-1,
1689,1687,1688,-1,
1691,1692,1693,-1,
1691,1690,1692,-1,
1691,1689,1690,-1,
1694,1691,1693,-1,
1695,1693,1696,-1,
1695,1694,1693,-1,
1697,1696,1698,-1,
1697,1695,1696,-1,
1699,1698,1700,-1,
1699,1697,1698,-1,
1701,1700,1702,-1,
1701,1699,1700,-1,
1703,1704,1705,-1,
1703,1702,1704,-1,
1703,1701,1702,-1,
1706,1703,1705,-1,
1707,1706,1705,-1,
1707,1705,1708,-1,
1709,1707,1708,-1,
1709,1708,1710,-1,
1711,1709,1710,-1,
1711,1710,1712,-1,
1713,1714,1715,-1,
1713,1712,1714,-1,
1713,1711,1712,-1,
1716,1713,1715,-1,
1717,1715,1718,-1,
1717,1716,1715,-1,
1719,1718,1720,-1,
1719,1717,1718,-1,
1721,1720,1722,-1,
1721,1719,1720,-1,
1723,1722,1724,-1,
1723,1721,1722,-1,
1725,1724,1726,-1,
1725,1723,1724,-1,
1727,1726,1728,-1,
1727,1725,1726,-1,
1729,1728,1730,-1,
1729,1727,1728,-1,
1731,1732,1733,-1,
1731,1730,1732,-1,
1731,1729,1730,-1,
1734,1731,1733,-1,
1735,1736,1737,-1,
1735,1733,1736,-1,
1735,1734,1733,-1,
1738,1735,1737,-1,
1739,1737,1740,-1,
1739,1738,1737,-1,
1741,1740,1742,-1,
1741,1739,1740,-1,
1743,1744,1745,-1,
1743,1745,1746,-1,
1747,1748,1749,-1,
1747,1750,1748,-1,
1751,1752,1753,-1,
1753,1752,1754,-1,
1754,1752,1755,-1,
1755,1752,1756,-1,
1756,1752,1757,-1,
1757,1752,1758,-1,
1758,1752,1759,-1,
1759,1752,1760,-1,
1760,1752,1761,-1,
1761,1752,1762,-1,
1762,1752,1763,-1,
1763,1752,1764,-1,
1764,1752,1765,-1,
1765,1752,1766,-1,
1766,1752,1767,-1,
1768,1769,1770,-1,
1771,1772,1773,-1,
1773,1772,1769,-1,
1770,1772,1774,-1,
1774,1772,1775,-1,
1769,1772,1770,-1,
1776,1777,1778,-1,
1778,1777,1772,-1,
1775,1777,1779,-1,
1772,1777,1775,-1,
1779,1780,1752,-1,
1752,1780,1767,-1,
1777,1780,1779,-1,
1780,1781,1767,-1,
1780,1782,1781,-1,
1782,1783,1781,-1,
1782,1784,1783,-1,
1785,1786,1787,-1,
1786,1788,1789,-1,
1786,1790,1788,-1,
1786,1791,1790,-1,
1791,1792,1793,-1,
1791,1794,1792,-1,
1795,1796,1785,-1,
1785,1796,1786,-1,
1786,1796,1791,-1,
1791,1796,1794,-1,
1795,1797,1796,-1,
1798,1799,1795,-1,
1795,1799,1797,-1,
1798,1800,1799,-1,
1798,1801,1800,-1,
1798,1802,1801,-1,
1798,1803,1802,-1,
1798,1804,1803,-1,
1805,1806,1807,-1,
1798,1805,1807,-1,
1798,1807,1808,-1,
1798,1808,1809,-1,
1798,1809,1810,-1,
1798,1810,1811,-1,
1798,1811,1812,-1,
1798,1812,1813,-1,
1798,1813,1804,-1,
1814,1815,1816,-1,
1816,1815,1817,-1,
1817,1815,1818,-1,
1818,1815,1819,-1,
1820,1821,1822,-1,
1822,1821,1823,-1,
1823,1821,1824,-1,
1824,1821,1825,-1,
1825,1821,1826,-1,
1826,1821,1827,-1,
1827,1821,1828,-1,
1828,1821,1829,-1,
1829,1821,1830,-1,
1830,1821,1831,-1,
1831,1821,1832,-1,
1832,1821,1833,-1,
1833,1821,1834,-1,
1834,1821,1835,-1,
1835,1821,1836,-1,
1836,1821,1837,-1,
1837,1821,1838,-1,
1838,1821,1839,-1,
1839,1821,1840,-1,
1840,1821,1841,-1,
1841,1821,1842,-1,
1842,1821,1843,-1,
1843,1821,1844,-1,
1844,1821,1845,-1,
1845,1821,1846,-1,
1846,1821,1814,-1,
1814,1821,1815,-1,
1821,1847,1815,-1,
1821,1848,1847,-1,
1849,1821,1850,-1,
1849,1850,1851,-1,
1850,1821,1852,-1,
1852,1821,1820,-1,
1853,1854,1855,-1,
1853,1856,1854,-1,
1857,1858,1859,-1,
1857,1859,1860,-1,
1857,1860,1861,-1,
1857,1861,1862,-1,
1857,1862,1863,-1,
1857,1863,1864,-1,
1857,1864,1865,-1,
1857,1865,1866,-1,
1857,1866,1867,-1,
1857,1867,1868,-1,
1857,1868,1869,-1,
1857,1869,1870,-1,
1857,1870,1871,-1,
1857,1871,1872,-1,
1857,1872,1873,-1,
1874,1875,1876,-1,
1877,1878,1879,-1,
1877,1879,1874,-1,
1877,1876,1880,-1,
1877,1880,1881,-1,
1877,1874,1876,-1,
1882,1883,1884,-1,
1882,1884,1877,-1,
1882,1881,1885,-1,
1882,1877,1881,-1,
1886,1885,1857,-1,
1886,1857,1873,-1,
1886,1882,1885,-1,
1887,1886,1873,-1,
1888,1886,1887,-1,
1889,1888,1887,-1,
1890,1888,1889,-1,
1891,1892,1893,-1,
1891,1893,1894,-1,
1895,1891,1896,-1,
1897,1891,1895,-1,
1898,1891,1897,-1,
1899,1898,1900,-1,
1901,1898,1899,-1,
1902,1892,1891,-1,
1902,1891,1898,-1,
1902,1898,1901,-1,
1903,1892,1902,-1,
1904,1905,1892,-1,
1904,1892,1903,-1,
1906,1905,1904,-1,
1907,1905,1906,-1,
1908,1905,1907,-1,
1909,1905,1908,-1,
1910,1905,1909,-1,
1911,1912,1913,-1,
1912,1905,1913,-1,
1913,1905,1914,-1,
1914,1905,1915,-1,
1915,1905,1916,-1,
1916,1905,1917,-1,
1917,1905,1918,-1,
1918,1905,1919,-1,
1919,1905,1910,-1,
1920,1921,1922,-1,
1920,1922,1923,-1,
1920,1923,1924,-1,
1920,1924,1925,-1,
1926,1927,1928,-1,
1926,1928,1929,-1,
1926,1929,1930,-1,
1926,1930,1931,-1,
1926,1931,1932,-1,
1926,1932,1933,-1,
1926,1933,1934,-1,
1926,1934,1935,-1,
1926,1935,1936,-1,
1926,1936,1937,-1,
1926,1937,1938,-1,
1926,1938,1939,-1,
1926,1939,1940,-1,
1926,1940,1941,-1,
1926,1941,1942,-1,
1926,1942,1943,-1,
1926,1943,1944,-1,
1926,1944,1945,-1,
1926,1945,1946,-1,
1926,1946,1947,-1,
1926,1947,1948,-1,
1926,1948,1949,-1,
1926,1949,1950,-1,
1926,1950,1951,-1,
1926,1951,1952,-1,
1926,1952,1921,-1,
1926,1921,1920,-1,
1953,1926,1920,-1,
1954,1926,1953,-1,
1926,1955,1956,-1,
1956,1955,1957,-1,
1926,1956,1958,-1,
1926,1958,1927,-1,
1959,1960,1961,-1,
1959,1962,1960,-1,
1963,1961,1964,-1,
1963,1959,1961,-1,
1965,1964,1966,-1,
1965,1963,1964,-1,
1967,1966,1968,-1,
1967,1965,1966,-1,
1969,1968,1970,-1,
1969,1967,1968,-1,
1971,1970,1972,-1,
1971,1969,1970,-1,
1973,1972,1974,-1,
1973,1971,1972,-1,
1975,1974,1976,-1,
1975,1973,1974,-1,
1977,1976,1978,-1,
1977,1975,1976,-1,
1979,1978,1980,-1,
1979,1977,1978,-1,
1981,1980,1982,-1,
1981,1979,1980,-1,
1983,1982,1984,-1,
1983,1981,1982,-1,
1985,1984,1986,-1,
1985,1983,1984,-1,
1987,1988,1989,-1,
1987,1986,1988,-1,
1987,1985,1986,-1,
1990,1989,1991,-1,
1990,1987,1989,-1,
1992,1990,1991,-1,
1993,1994,1995,-1,
1993,1996,1994,-1,
1997,1998,1999,-1,
1997,1999,2000,-1,
2001,2000,2002,-1,
2001,1997,2000,-1,
2003,2002,2004,-1,
2003,2001,2002,-1,
2005,2004,2006,-1,
2005,2003,2004,-1,
2007,2006,2008,-1,
2007,2005,2006,-1,
2009,2008,2010,-1,
2009,2007,2008,-1,
2011,2010,2012,-1,
2011,2009,2010,-1,
2013,2012,2014,-1,
2013,2011,2012,-1,
2015,2016,2017,-1,
2015,2014,2016,-1,
2015,2013,2014,-1,
2018,2017,2019,-1,
2018,2015,2017,-1,
2020,2018,2019,-1,
2021,2022,2023,-1,
2021,2023,2024,-1,
2025,2026,2027,-1,
2025,2027,2028,-1,
2029,2030,2031,-1,
2029,2032,2030,-1,
2033,2034,2035,-1,
2035,2034,2036,-1,
2036,2037,2038,-1,
2034,2037,2036,-1,
2038,2039,2040,-1,
2037,2039,2038,-1,
2040,2041,2042,-1,
2039,2041,2040,-1,
2042,2043,2044,-1,
2041,2043,2042,-1,
2044,2045,2046,-1,
2043,2045,2044,-1,
2046,2047,2048,-1,
2045,2047,2046,-1,
2048,2049,2050,-1,
2047,2049,2048,-1,
2050,2051,2052,-1,
2049,2051,2050,-1,
2052,2053,2054,-1,
2051,2053,2052,-1,
2054,2055,2056,-1,
2053,2055,2054,-1,
2056,2057,2058,-1,
2055,2057,2056,-1,
2059,2060,2061,-1,
2059,2062,2060,-1,
2063,2064,2065,-1,
2063,2065,2066,-1,
2067,2066,2068,-1,
2067,2063,2066,-1,
2069,2068,2070,-1,
2069,2067,2068,-1,
2071,2070,2072,-1,
2071,2069,2070,-1,
2073,2072,2074,-1,
2073,2071,2072,-1,
2075,2074,2076,-1,
2075,2073,2074,-1,
2077,2076,2078,-1,
2077,2075,2076,-1,
2079,2078,2080,-1,
2079,2077,2078,-1,
2081,2082,2083,-1,
2081,2080,2082,-1,
2081,2079,2080,-1,
2084,2081,2083,-1,
2085,2086,2087,-1,
2085,2083,2086,-1,
2085,2084,2083,-1,
2088,2085,2087,-1,
2089,2090,2091,-1,
2089,2091,2092,-1,
2093,2094,2095,-1,
2095,2094,2096,-1,
2096,2097,2098,-1,
2094,2097,2096,-1,
2098,2099,2100,-1,
2097,2099,2098,-1,
2100,2101,2102,-1,
2099,2101,2100,-1,
2102,2103,2104,-1,
2101,2103,2102,-1,
2104,2105,2106,-1,
2103,2105,2104,-1,
2106,2107,2108,-1,
2105,2107,2106,-1,
2108,2109,2110,-1,
2107,2109,2108,-1,
2109,2111,2110,-1,
2110,2111,2112,-1,
2111,2113,2112,-1,
2112,2113,2114,-1,
2113,2115,2114,-1,
2114,2115,2116,-1,
2115,2117,2116,-1,
2116,2117,2118,-1,
2117,2119,2118,-1,
2118,2119,2120,-1,
2119,2121,2120,-1,
2120,2121,2122,-1,
2121,2123,2122,-1,
2122,2123,2124,-1,
2123,2125,2124,-1,
2124,2125,2126,-1,
2126,2125,2127,-1,
2125,2128,2127,-1,
2128,2129,2127,-1,
2127,2129,2130,-1,
2129,2131,2130,-1,
2130,2131,2132,-1,
2132,2131,2133,-1,
2131,2134,2133,-1,
2133,2135,2136,-1,
2134,2135,2133,-1,
2136,2137,2138,-1,
2135,2137,2136,-1,
2138,2139,2140,-1,
2137,2139,2138,-1,
2140,2141,2142,-1,
2139,2141,2140,-1,
2142,2143,2144,-1,
2141,2143,2142,-1,
2144,2145,2146,-1,
2146,2145,2147,-1,
2143,2145,2144,-1,
2145,2148,2147,-1,
2147,2149,2150,-1,
2150,2149,2151,-1,
2148,2149,2147,-1,
2149,2152,2151,-1,
2151,2153,2154,-1,
2152,2153,2151,-1,
2154,2155,2156,-1,
2153,2155,2154,-1,
2156,2157,2158,-1,
2155,2157,2156,-1,
2159,2160,2161,-1,
2162,2160,2159,-1,
2163,2162,2159,-1,
2163,2159,2164,-1,
2165,2163,2164,-1,
2165,2164,2166,-1,
2165,2166,2167,-1,
2168,2165,2167,-1,
2168,2167,2169,-1,
2170,2168,2169,-1,
2171,2170,2169,-1,
2171,2169,2172,-1,
2171,2172,2173,-1,
2174,2171,2173,-1,
2174,2173,2175,-1,
2176,2174,2175,-1,
2176,2175,2177,-1,
2178,2177,2179,-1,
2178,2176,2177,-1,
2180,2179,2181,-1,
2180,2178,2179,-1,
2182,2181,2183,-1,
2182,2180,2181,-1,
2184,2183,2185,-1,
2184,2182,2183,-1,
2186,2185,2187,-1,
2186,2184,2185,-1,
2188,2186,2187,-1,
2189,2188,2187,-1,
2189,2187,2190,-1,
2189,2190,2191,-1,
2192,2189,2191,-1,
2193,2192,2191,-1,
2193,2191,2194,-1,
2195,2194,2196,-1,
2195,2193,2194,-1,
2197,2195,2196,-1,
2197,2196,2198,-1,
2199,2197,2198,-1,
2199,2198,2200,-1,
2201,2199,2200,-1,
2201,2200,2202,-1,
2201,2202,2203,-1,
2204,2201,2203,-1,
2205,2204,2203,-1,
2205,2203,2206,-1,
2207,2206,2208,-1,
2207,2205,2206,-1,
2209,2208,2210,-1,
2209,2207,2208,-1,
2211,2209,2210,-1,
2211,2210,2212,-1,
2213,2212,2214,-1,
2213,2211,2212,-1,
2213,2214,2215,-1,
2216,2213,2215,-1,
2217,2215,2218,-1,
2217,2216,2215,-1,
2219,2218,2220,-1,
2219,2217,2218,-1,
2221,2222,2223,-1,
2221,2223,2224,-1,
2225,2226,2222,-1,
2225,2222,2221,-1,
2227,2225,2221,-1,
2228,2225,2227,-1,
2229,2227,2230,-1,
2229,2228,2227,-1,
2231,2230,2232,-1,
2231,2229,2230,-1,
2233,2232,2234,-1,
2233,2234,2235,-1,
2233,2231,2232,-1,
2236,2233,2235,-1,
2237,2236,2235,-1,
2237,2235,2238,-1,
2239,2238,2240,-1,
2239,2237,2238,-1,
2241,2240,2242,-1,
2241,2239,2240,-1,
2243,2242,2244,-1,
2243,2244,2245,-1,
2243,2241,2242,-1,
2246,2243,2245,-1,
2247,2246,2245,-1,
2247,2245,2248,-1,
2249,2248,2250,-1,
2249,2250,2251,-1,
2249,2247,2248,-1,
2252,2249,2251,-1,
2253,2252,2251,-1,
2253,2251,2254,-1,
2253,2254,2255,-1,
2256,2253,2255,-1,
2256,2255,2257,-1,
2258,2256,2257,-1,
2258,2257,2259,-1,
2260,2258,2259,-1,
2261,2260,2259,-1,
2262,2260,2261,-1,
2262,2261,2263,-1,
2264,2262,2263,-1,
2265,2264,2263,-1,
2265,2263,2266,-1,
2267,2266,2268,-1,
2267,2265,2266,-1,
2269,2268,2270,-1,
2269,2267,2268,-1,
2271,2269,2270,-1,
2271,2270,2272,-1,
2273,2274,2275,-1,
2273,2275,2276,-1,
2277,2276,2278,-1,
2277,2273,2276,-1,
2279,2280,2281,-1,
2282,2279,2281,-1,
2283,2284,2285,-1,
2283,2286,2284,-1,
2287,2288,2289,-1,
2287,2289,2290,-1,
2291,2292,2293,-1,
2291,2293,2294,-1,
2291,2294,2295,-1,
2296,2292,2291,-1,
2297,2298,2299,-1,
2297,2299,2300,-1,
2301,2300,2302,-1,
2301,2297,2300,-1,
2303,2302,2304,-1,
2303,2301,2302,-1,
2305,2304,2306,-1,
2305,2303,2304,-1,
2307,2306,2308,-1,
2307,2305,2306,-1,
2309,2308,2310,-1,
2309,2307,2308,-1,
2311,2312,2313,-1,
2311,2313,2314,-1,
2311,2314,2315,-1,
2316,2312,2311,-1,
2317,2318,2319,-1,
2317,2319,2312,-1,
2317,2312,2316,-1,
2320,2321,2318,-1,
2320,2318,2317,-1,
2322,2321,2320,-1,
2323,2321,2322,-1,
2324,2325,2323,-1,
2324,2323,2322,-1,
2326,2327,2325,-1,
2326,2325,2324,-1,
2328,2327,2326,-1,
2328,2329,2327,-1,
2330,2329,2328,-1,
2330,2331,2329,-1,
2332,2331,2330,-1,
2333,2331,2332,-1,
2333,2334,2331,-1,
2335,2334,2333,-1,
2335,2336,2334,-1,
2337,2336,2335,-1,
2337,2338,2336,-1,
2339,2338,2337,-1,
2339,2340,2338,-1,
2341,2340,2339,-1,
2341,2342,2340,-1,
2343,2342,2341,-1,
2343,2344,2342,-1,
2345,2344,2343,-1,
2345,2346,2344,-1,
2347,2348,2346,-1,
2347,2346,2345,-1,
2349,2350,2348,-1,
2349,2348,2347,-1,
2351,2350,2349,-1,
2351,2352,2350,-1,
2353,2354,2352,-1,
2353,2352,2351,-1,
2355,2354,2353,-1,
2355,2356,2354,-1,
2357,2356,2355,-1,
2358,2357,2355,-1,
2359,2357,2358,-1,
2359,2360,2357,-1,
2361,2359,2358,-1,
2362,2361,2358,-1,
2363,2364,2359,-1,
2363,2359,2361,-1,
2365,2366,2367,-1,
2365,2367,2368,-1,
2369,2370,2366,-1,
2369,2366,2365,-1,
2371,2372,2370,-1,
2371,2370,2369,-1,
2373,2374,2372,-1,
2373,2372,2371,-1,
2375,2376,2374,-1,
2375,2374,2373,-1,
2377,2378,2379,-1,
2377,2379,2376,-1,
2377,2376,2375,-1,
2380,2378,2377,-1,
2381,2382,2383,-1,
2381,2383,2378,-1,
2381,2378,2380,-1,
2384,2382,2381,-1,
2385,2382,2384,-1,
2385,2386,2382,-1,
2387,2386,2385,-1,
2387,2388,2386,-1,
2389,2388,2387,-1,
2389,2390,2388,-1,
2391,2392,2390,-1,
2391,2390,2389,-1,
2393,2394,2395,-1,
2393,2395,2392,-1,
2393,2392,2391,-1,
2396,2394,2393,-1,
2397,2398,2394,-1,
2397,2394,2396,-1,
2399,2400,2398,-1,
2399,2398,2397,-1,
2401,2402,2400,-1,
2401,2400,2399,-1,
2403,2404,2402,-1,
2403,2402,2401,-1,
2405,2406,2404,-1,
2405,2404,2403,-1,
2407,2408,2406,-1,
2407,2406,2405,-1,
2409,2410,2408,-1,
2409,2408,2407,-1,
2411,2410,2409,-1,
2411,2412,2410,-1,
2413,2412,2411,-1,
2413,2414,2412,-1,
2415,2416,2414,-1,
2415,2414,2413,-1,
2417,2416,2415,-1,
2417,2418,2416,-1,
2419,2420,2421,-1,
2419,2421,2418,-1,
2419,2418,2417,-1,
2422,2420,2419,-1,
2423,2424,2420,-1,
2423,2420,2422,-1,
2425,2424,2423,-1,
2426,2425,2423,-1,
2427,2428,2429,-1,
2430,2427,2429,-1,
2431,2432,2433,-1,
2431,2433,2434,-1,
2435,2434,2436,-1,
2435,2431,2434,-1,
2437,2438,2439,-1,
2437,2440,2441,-1,
2437,2439,2440,-1,
2442,2441,2443,-1,
2442,2437,2441,-1,
2444,2443,2445,-1,
2444,2442,2443,-1,
2446,2444,2445,-1,
2447,2448,2449,-1,
2447,2450,2448,-1,
2451,2452,2453,-1,
2453,2454,2455,-1,
2452,2454,2453,-1,
2455,2456,2457,-1,
2454,2456,2455,-1,
2457,2458,2459,-1,
2456,2458,2457,-1,
2458,2460,2459,-1,
2461,2462,2463,-1,
2461,2464,2462,-1,
2465,2466,2467,-1,
2465,2467,2468,-1,
2469,2470,2471,-1,
2469,2471,2472,-1,
2473,2474,2475,-1,
2473,2475,2476,-1,
2477,2478,2479,-1,
2477,2479,2480,-1,
2481,2482,2483,-1,
2481,2483,2484,-1,
2485,2486,2487,-1,
2487,2486,2488,-1,
2488,2489,2490,-1,
2486,2489,2488,-1,
2490,2491,2492,-1,
2489,2491,2490,-1,
2492,2493,2494,-1,
2491,2493,2492,-1,
2495,2496,2497,-1,
2495,2497,2498,-1,
2495,2498,2499,-1,
2500,2496,2495,-1,
2501,2502,2503,-1,
2501,2504,2502,-1,
2505,2506,2507,-1,
2505,2507,2508,-1,
2509,2510,2511,-1,
2509,2511,2512,-1,
2513,2514,2515,-1,
2513,2515,2516,-1,
2517,2518,2519,-1,
2519,2520,2521,-1,
2518,2520,2519,-1,
2521,2522,2523,-1,
2520,2522,2521,-1,
2523,2524,2525,-1,
2522,2524,2523,-1,
2525,2526,2527,-1,
2524,2526,2525,-1,
2527,2528,2529,-1,
2526,2528,2527,-1,
2528,2530,2529,-1,
2531,2532,2533,-1,
2531,2533,2534,-1,
2535,2536,2537,-1,
2535,2537,2538,-1,
2539,2540,2541,-1,
2539,2542,2540,-1,
2543,2544,2545,-1,
2543,2546,2544,-1,
2547,2548,2549,-1,
2549,2550,2551,-1,
2548,2550,2549,-1,
2551,2552,2553,-1,
2550,2552,2551,-1,
2553,2554,2555,-1,
2552,2554,2553,-1,
2555,2556,2557,-1,
2554,2556,2555,-1,
2557,2558,2559,-1,
2556,2558,2557,-1,
2558,2560,2559,-1,
2561,2562,2563,-1,
2563,2562,2564,-1,
2564,2565,2566,-1,
2562,2565,2564,-1,
2566,2567,2568,-1,
2565,2567,2566,-1,
2568,2569,2570,-1,
2567,2569,2568,-1,
2570,2571,2572,-1,
2569,2571,2570,-1,
2572,2573,2574,-1,
2571,2573,2572,-1,
2574,2575,2576,-1,
2573,2575,2574,-1,
2576,2577,2578,-1,
2575,2577,2576,-1,
2577,2579,2578,-1,
2578,2579,2580,-1,
2579,2581,2580,-1,
2580,2581,2582,-1,
2581,2583,2582,-1,
2582,2583,2584,-1,
2583,2585,2584,-1,
2584,2585,2586,-1,
2585,2587,2586,-1,
2586,2587,2588,-1,
2587,2589,2588,-1,
2588,2589,2590,-1,
2589,2591,2590,-1,
2590,2591,2592,-1,
2591,2593,2592,-1,
2592,2593,2594,-1,
2594,2593,2595,-1,
2593,2596,2595,-1,
2596,2597,2595,-1,
2595,2597,2598,-1,
2597,2599,2598,-1,
2598,2599,2600,-1,
2600,2599,2601,-1,
2599,2602,2601,-1,
2601,2603,2604,-1,
2602,2603,2601,-1,
2604,2605,2606,-1,
2603,2605,2604,-1,
2606,2607,2608,-1,
2605,2607,2606,-1,
2608,2609,2610,-1,
2607,2609,2608,-1,
2610,2611,2612,-1,
2609,2611,2610,-1,
2612,2613,2614,-1,
2614,2613,2615,-1,
2611,2613,2612,-1,
2613,2616,2615,-1,
2615,2617,2618,-1,
2618,2617,2619,-1,
2616,2617,2615,-1,
2617,2620,2619,-1,
2619,2621,2622,-1,
2620,2621,2619,-1,
2622,2623,2624,-1,
2621,2623,2622,-1,
2624,2625,2626,-1,
2623,2625,2624,-1,
2627,2628,2629,-1,
2627,2629,2630,-1,
2631,2632,2633,-1,
2631,2633,2634,-1,
2635,2636,2637,-1,
2635,2637,2638,-1,
2639,2640,2641,-1,
2639,2641,2642,-1,
2643,2644,2645,-1,
2643,2645,2646,-1,
2647,2648,2649,-1,
2647,2649,2650,-1,
2651,2652,2653,-1,
2651,2653,2654,-1,
2655,2654,2656,-1,
2655,2651,2654,-1,
2657,2656,2658,-1,
2657,2655,2656,-1,
2659,2658,2660,-1,
2659,2657,2658,-1,
2661,2660,2662,-1,
2661,2659,2660,-1,
2663,2662,2664,-1,
2663,2661,2662,-1,
2665,2664,2666,-1,
2665,2663,2664,-1,
2667,2665,2666,-1,
2667,2666,2668,-1,
2669,2667,2668,-1,
2669,2668,2670,-1,
2671,2669,2670,-1,
2671,2670,2672,-1,
2673,2671,2672,-1,
2673,2672,2674,-1,
2675,2673,2674,-1,
2675,2676,2677,-1,
2675,2674,2676,-1,
2678,2675,2677,-1,
2679,2677,2680,-1,
2679,2678,2677,-1,
2681,2680,2682,-1,
2681,2679,2680,-1,
2683,2682,2684,-1,
2683,2681,2682,-1,
2685,2684,2686,-1,
2685,2683,2684,-1,
2687,2686,2688,-1,
2687,2685,2686,-1,
2689,2688,2690,-1,
2689,2687,2688,-1,
2691,2690,2692,-1,
2691,2689,2690,-1,
2693,2692,2694,-1,
2693,2691,2692,-1,
2695,2696,2697,-1,
2695,2694,2696,-1,
2695,2693,2694,-1,
2698,2697,2699,-1,
2698,2695,2697,-1,
2700,2698,2699,-1,
2701,2699,2702,-1,
2701,2700,2699,-1,
2703,2702,2704,-1,
2703,2701,2702,-1,
2705,2706,2707,-1,
2705,2704,2706,-1,
2705,2703,2704,-1,
2708,2705,2707,-1,
2709,2707,2710,-1,
2709,2708,2707,-1,
2711,2712,2713,-1,
2711,2710,2712,-1,
2711,2709,2710,-1,
2714,2711,2713,-1,
2715,2713,2716,-1,
2715,2714,2713,-1,
2717,2718,2719,-1,
2717,2719,2720,-1,
2721,2722,2723,-1,
2723,2722,2724,-1,
2724,2725,2726,-1,
2722,2725,2724,-1,
2726,2727,2728,-1,
2725,2727,2726,-1,
2728,2729,2730,-1,
2727,2729,2728,-1,
2730,2731,2732,-1,
2729,2731,2730,-1,
2732,2733,2734,-1,
2731,2733,2732,-1,
2734,2735,2736,-1,
2733,2735,2734,-1,
2736,2737,2738,-1,
2735,2737,2736,-1,
2737,2739,2738,-1,
2738,2739,2740,-1,
2739,2741,2740,-1,
2740,2741,2742,-1,
2741,2743,2742,-1,
2742,2743,2744,-1,
2743,2745,2744,-1,
2744,2745,2746,-1,
2745,2747,2746,-1,
2746,2747,2748,-1,
2747,2749,2748,-1,
2748,2749,2750,-1,
2749,2751,2750,-1,
2750,2751,2752,-1,
2751,2753,2752,-1,
2752,2753,2754,-1,
2753,2755,2754,-1,
2754,2755,2756,-1,
2755,2757,2756,-1,
2756,2757,2758,-1,
2757,2759,2758,-1,
2758,2759,2760,-1,
2760,2759,2761,-1,
2759,2762,2761,-1,
2761,2763,2764,-1,
2762,2763,2761,-1,
2763,2765,2764,-1,
2764,2765,2766,-1,
2766,2767,2768,-1,
2765,2767,2766,-1,
2768,2769,2770,-1,
2767,2769,2768,-1,
2770,2771,2772,-1,
2769,2771,2770,-1,
2772,2773,2774,-1,
2774,2773,2775,-1,
2771,2773,2772,-1,
2773,2776,2775,-1,
2775,2777,2778,-1,
2778,2777,2779,-1,
2776,2777,2775,-1,
2777,2780,2779,-1,
2779,2781,2782,-1,
2780,2781,2779,-1,
2782,2783,2784,-1,
2781,2783,2782,-1,
2784,2785,2786,-1,
2783,2785,2784,-1,
2787,2788,2789,-1,
2787,2789,2790,-1,
2791,2792,2793,-1,
2791,2794,2792,-1,
2795,2796,2797,-1,
2795,2797,2798,-1,
2799,2795,2798,-1,
2799,2798,2800,-1,
2801,2799,2800,-1,
2801,2800,2802,-1,
2803,2801,2802,-1,
2803,2802,2804,-1,
2805,2803,2804,-1,
2805,2804,2806,-1,
2807,2805,2806,-1,
2807,2806,2808,-1,
2809,2807,2808,-1,
2809,2808,2810,-1,
2811,2809,2810,-1,
2811,2810,2812,-1,
2813,2811,2812,-1,
2813,2812,2814,-1,
2815,2814,2816,-1,
2815,2813,2814,-1,
2817,2816,2818,-1,
2817,2815,2816,-1,
2819,2818,2820,-1,
2819,2817,2818,-1,
2821,2820,2822,-1,
2821,2819,2820,-1,
2823,2824,2825,-1,
2823,2822,2824,-1,
2823,2821,2822,-1,
2826,2823,2825,-1,
2827,2825,2828,-1,
2827,2826,2825,-1,
2829,2828,2830,-1,
2829,2827,2828,-1,
2831,2830,2832,-1,
2831,2829,2830,-1,
2833,2834,2835,-1,
2833,2832,2834,-1,
2833,2831,2832,-1,
2836,2833,2835,-1,
2837,2835,2838,-1,
2837,2836,2835,-1,
2839,2838,2840,-1,
2839,2837,2838,-1,
2841,2840,2842,-1,
2841,2839,2840,-1,
2843,2842,2844,-1,
2843,2841,2842,-1,
2845,2846,2847,-1,
2845,2844,2846,-1,
2845,2843,2844,-1,
2848,2845,2847,-1,
2849,2848,2847,-1,
2849,2847,2850,-1,
2851,2849,2850,-1,
2851,2850,2852,-1,
2853,2851,2852,-1,
2853,2852,2854,-1,
2855,2856,2857,-1,
2855,2854,2856,-1,
2855,2853,2854,-1,
2858,2855,2857,-1,
2859,2857,2860,-1,
2859,2858,2857,-1,
2861,2860,2862,-1,
2861,2859,2860,-1,
2863,2862,2864,-1,
2863,2861,2862,-1,
2865,2864,2866,-1,
2865,2863,2864,-1,
2867,2866,2868,-1,
2867,2865,2866,-1,
2869,2868,2870,-1,
2869,2867,2868,-1,
2871,2870,2872,-1,
2871,2869,2870,-1,
2873,2874,2875,-1,
2873,2872,2874,-1,
2873,2871,2872,-1,
2876,2873,2875,-1,
2877,2878,2879,-1,
2877,2875,2878,-1,
2877,2876,2875,-1,
2880,2877,2879,-1,
2881,2879,2882,-1,
2881,2880,2879,-1,
2883,2882,2884,-1,
2883,2881,2882,-1,
2885,2886,2887,-1,
2885,2887,2888,-1,
2889,2890,2891,-1,
2889,2892,2890,-1,
2893,2894,2895,-1,
2895,2894,2896,-1,
2896,2894,2897,-1,
2897,2894,2898,-1,
2898,2894,2899,-1,
2899,2894,2900,-1,
2900,2894,2901,-1,
2901,2894,2902,-1,
2902,2894,2903,-1,
2903,2894,2904,-1,
2904,2894,2905,-1,
2905,2894,2906,-1,
2906,2894,2907,-1,
2907,2894,2908,-1,
2908,2894,2909,-1,
2910,2911,2912,-1,
2913,2914,2915,-1,
2915,2914,2911,-1,
2912,2914,2916,-1,
2916,2914,2917,-1,
2911,2914,2912,-1,
2918,2919,2920,-1,
2920,2919,2914,-1,
2917,2919,2921,-1,
2914,2919,2917,-1,
2921,2922,2894,-1,
2894,2922,2909,-1,
2919,2922,2921,-1,
2922,2923,2909,-1,
2922,2924,2923,-1,
2924,2925,2923,-1,
2924,2926,2925,-1,
2927,2928,2929,-1,
2928,2930,2931,-1,
2928,2932,2930,-1,
2928,2933,2932,-1,
2933,2934,2935,-1,
2933,2936,2934,-1,
2937,2938,2927,-1,
2927,2938,2928,-1,
2928,2938,2933,-1,
2933,2938,2936,-1,
2937,2939,2938,-1,
2940,2941,2937,-1,
2937,2941,2939,-1,
2940,2942,2941,-1,
2940,2943,2942,-1,
2940,2944,2943,-1,
2940,2945,2944,-1,
2940,2946,2945,-1,
2947,2948,2949,-1,
2940,2947,2949,-1,
2940,2949,2950,-1,
2940,2950,2951,-1,
2940,2951,2952,-1,
2940,2952,2953,-1,
2940,2953,2954,-1,
2940,2954,2955,-1,
2940,2955,2946,-1,
2956,2957,2958,-1,
2959,2960,2961,-1,
2962,2963,2957,-1,
2963,2964,2957,-1,
2960,2965,2966,-1,
2964,2967,2957,-1,
2957,2967,2958,-1,
2960,2968,2965,-1,
2958,2968,2969,-1,
2969,2968,2959,-1,
2959,2968,2960,-1,
2970,2971,2972,-1,
2973,2974,2975,-1,
2976,2977,2978,-1,
2979,2980,2981,-1,
2982,2983,2984,-1,
2967,2985,2958,-1,
2970,2985,2971,-1,
2976,2985,2977,-1,
2973,2985,2974,-1,
2986,2985,2967,-1,
2968,2985,2970,-1,
2971,2985,2987,-1,
2987,2985,2988,-1,
2988,2985,2989,-1,
2989,2985,2990,-1,
2990,2985,2973,-1,
2974,2985,2991,-1,
2979,2985,2980,-1,
2991,2985,2992,-1,
2992,2985,2993,-1,
2993,2985,2994,-1,
2994,2985,2976,-1,
2982,2985,2983,-1,
2977,2985,2995,-1,
2995,2985,2996,-1,
2996,2985,2979,-1,
2980,2985,2982,-1,
2983,2985,2997,-1,
2997,2985,2998,-1,
2998,2985,2999,-1,
2999,2985,3000,-1,
3000,2985,3001,-1,
2958,2985,2968,-1,
2986,3002,2985,-1,
2986,3003,3002,-1,
3004,3005,3006,-1,
3006,3005,3007,-1,
3007,3005,3008,-1,
3008,3005,3009,-1,
3009,3005,3010,-1,
3010,3005,3011,-1,
3011,3005,3012,-1,
3012,3005,3013,-1,
3013,3005,3014,-1,
3014,3005,3015,-1,
3015,3005,3016,-1,
3016,3005,3017,-1,
3017,3005,3018,-1,
3018,3005,3019,-1,
3019,3005,3020,-1,
3020,3005,3021,-1,
3021,3005,3022,-1,
3022,3005,3023,-1,
3023,3005,3024,-1,
3024,3005,3025,-1,
3025,3005,3026,-1,
3026,3005,3027,-1,
3027,3005,3028,-1,
3028,3005,3029,-1,
3029,3005,3030,-1,
3030,3005,3031,-1,
3031,3005,3032,-1,
3032,3005,3033,-1,
3033,3005,3034,-1,
3034,3005,3003,-1,
3003,3005,3002,-1,
3005,3035,3036,-1,
3037,3005,3038,-1,
3037,3038,3039,-1,
3038,3005,3040,-1,
3040,3005,3004,-1,
3036,3002,3005,-1,
3041,3042,3043,-1,
3041,3044,3042,-1,
3045,3046,3047,-1,
3045,3047,3048,-1,
3045,3048,3049,-1,
3045,3049,3050,-1,
3045,3050,3051,-1,
3045,3051,3052,-1,
3045,3052,3053,-1,
3045,3053,3054,-1,
3045,3054,3055,-1,
3045,3055,3056,-1,
3045,3056,3057,-1,
3045,3057,3058,-1,
3045,3058,3059,-1,
3045,3059,3060,-1,
3045,3060,3061,-1,
3062,3063,3064,-1,
3065,3066,3067,-1,
3065,3067,3062,-1,
3065,3064,3068,-1,
3065,3068,3069,-1,
3065,3062,3064,-1,
3070,3071,3072,-1,
3070,3072,3065,-1,
3070,3069,3073,-1,
3070,3065,3069,-1,
3074,3073,3045,-1,
3074,3045,3061,-1,
3074,3070,3073,-1,
3075,3074,3061,-1,
3076,3074,3075,-1,
3077,3076,3075,-1,
3078,3076,3077,-1,
3079,3080,3081,-1,
3079,3081,3082,-1,
3083,3079,3084,-1,
3085,3079,3083,-1,
3086,3079,3085,-1,
3087,3086,3088,-1,
3089,3086,3087,-1,
3090,3080,3079,-1,
3090,3079,3086,-1,
3090,3086,3089,-1,
3091,3080,3090,-1,
3092,3093,3080,-1,
3092,3080,3091,-1,
3094,3093,3092,-1,
3095,3093,3094,-1,
3096,3093,3095,-1,
3097,3093,3096,-1,
3098,3093,3097,-1,
3099,3100,3101,-1,
3100,3093,3101,-1,
3101,3093,3102,-1,
3102,3093,3103,-1,
3103,3093,3104,-1,
3104,3093,3105,-1,
3105,3093,3106,-1,
3106,3093,3107,-1,
3107,3093,3098,-1,
3108,3109,3110,-1,
3111,3110,3112,-1,
3111,3108,3110,-1,
3113,3111,3112,-1,
3113,3114,3111,-1,
3113,3112,3115,-1,
3113,3115,3116,-1,
3113,3116,3117,-1,
3113,3117,3118,-1,
3119,3120,3121,-1,
3119,3121,3114,-1,
3119,3114,3113,-1,
3122,3120,3119,-1,
3123,3122,3124,-1,
3125,3123,3126,-1,
3127,3123,3125,-1,
3128,3123,3127,-1,
3129,3130,3131,-1,
3132,3133,3134,-1,
3132,3134,3135,-1,
3132,3135,3136,-1,
3137,3133,3132,-1,
3137,3132,3138,-1,
3137,3138,3139,-1,
3140,3133,3137,-1,
3141,3120,3122,-1,
3141,3122,3123,-1,
3141,3123,3128,-1,
3141,3130,3129,-1,
3141,3142,3120,-1,
3141,3133,3140,-1,
3141,3128,3130,-1,
3141,3129,3143,-1,
3141,3143,3144,-1,
3141,3144,3133,-1,
3141,3140,3145,-1,
3141,3145,3146,-1,
3141,3146,3147,-1,
3141,3147,3148,-1,
3141,3148,3149,-1,
3141,3149,3150,-1,
3141,3150,3151,-1,
3141,3151,3152,-1,
3141,3152,3153,-1,
3154,3142,3141,-1,
3155,3142,3154,-1,
3156,3157,3158,-1,
3156,3158,3159,-1,
3156,3159,3160,-1,
3156,3160,3161,-1,
3156,3161,3162,-1,
3156,3162,3163,-1,
3156,3163,3164,-1,
3156,3164,3165,-1,
3156,3165,3166,-1,
3156,3166,3167,-1,
3156,3167,3168,-1,
3156,3168,3169,-1,
3156,3169,3170,-1,
3156,3170,3171,-1,
3156,3171,3172,-1,
3156,3172,3173,-1,
3156,3173,3174,-1,
3156,3174,3175,-1,
3156,3175,3176,-1,
3156,3176,3177,-1,
3156,3177,3178,-1,
3156,3178,3179,-1,
3156,3179,3180,-1,
3156,3180,3181,-1,
3156,3181,3182,-1,
3156,3182,3183,-1,
3156,3183,3184,-1,
3156,3184,3185,-1,
3156,3185,3186,-1,
3156,3186,3155,-1,
3156,3155,3154,-1,
3156,3187,3188,-1,
3188,3187,3189,-1,
3156,3188,3190,-1,
3156,3190,3157,-1,
3154,3191,3156,-1,
3191,3192,3156,-1,
3193,3194,3195,-1,
3193,3196,3194,-1,
3197,3195,3198,-1,
3197,3193,3195,-1,
3199,3198,3200,-1,
3199,3197,3198,-1,
3201,3200,3202,-1,
3201,3199,3200,-1,
3203,3202,3204,-1,
3203,3201,3202,-1,
3205,3204,3206,-1,
3205,3203,3204,-1,
3207,3206,3208,-1,
3207,3205,3206,-1,
3209,3208,3210,-1,
3209,3207,3208,-1,
3211,3210,3212,-1,
3211,3209,3210,-1,
3213,3212,3214,-1,
3213,3211,3212,-1,
3215,3214,3216,-1,
3215,3213,3214,-1,
3217,3216,3218,-1,
3217,3215,3216,-1,
3219,3218,3220,-1,
3219,3217,3218,-1,
3221,3222,3223,-1,
3221,3220,3222,-1,
3221,3219,3220,-1,
3224,3223,3225,-1,
3224,3221,3223,-1,
3226,3224,3225,-1,
3227,3228,3229,-1,
3227,3230,3228,-1,
3231,3232,3233,-1,
3231,3233,3234,-1,
3235,3234,3236,-1,
3235,3231,3234,-1,
3237,3236,3238,-1,
3237,3235,3236,-1,
3239,3238,3240,-1,
3239,3237,3238,-1,
3241,3240,3242,-1,
3241,3239,3240,-1,
3243,3242,3244,-1,
3243,3241,3242,-1,
3245,3244,3246,-1,
3245,3243,3244,-1,
3247,3246,3248,-1,
3247,3245,3246,-1,
3249,3250,3251,-1,
3249,3248,3250,-1,
3249,3247,3248,-1,
3252,3251,3253,-1,
3252,3249,3251,-1,
3254,3252,3253,-1,
3255,3256,3257,-1,
3255,3257,3258,-1,
3259,3260,3261,-1,
3259,3261,3262,-1,
3263,3264,3265,-1,
3263,3266,3264,-1,
3267,3268,3269,-1,
3269,3268,3270,-1,
3270,3271,3272,-1,
3268,3271,3270,-1,
3272,3273,3274,-1,
3271,3273,3272,-1,
3274,3275,3276,-1,
3273,3275,3274,-1,
3276,3277,3278,-1,
3275,3277,3276,-1,
3278,3279,3280,-1,
3277,3279,3278,-1,
3280,3281,3282,-1,
3279,3281,3280,-1,
3282,3283,3284,-1,
3281,3283,3282,-1,
3284,3285,3286,-1,
3283,3285,3284,-1,
3286,3287,3288,-1,
3285,3287,3286,-1,
3288,3289,3290,-1,
3287,3289,3288,-1,
3290,3291,3292,-1,
3289,3291,3290,-1,
3293,3294,3295,-1,
3293,3296,3294,-1,
3297,3298,3299,-1,
3297,3299,3300,-1,
3301,3300,3302,-1,
3301,3297,3300,-1,
3303,3302,3304,-1,
3303,3301,3302,-1,
3305,3304,3306,-1,
3305,3303,3304,-1,
3307,3306,3308,-1,
3307,3305,3306,-1,
3309,3308,3310,-1,
3309,3307,3308,-1,
3311,3310,3312,-1,
3311,3309,3310,-1,
3313,3312,3314,-1,
3313,3311,3312,-1,
3315,3316,3317,-1,
3315,3314,3316,-1,
3315,3313,3314,-1,
3318,3315,3317,-1,
3319,3320,3321,-1,
3319,3317,3320,-1,
3319,3318,3317,-1,
3322,3319,3321,-1,
3323,3324,3325,-1,
3323,3325,3326,-1,
3327,3328,3329,-1,
3327,3329,3330,-1,
3331,3332,3333,-1,
3331,3333,3334,-1,
3335,3336,3337,-1,
3335,3338,3336,-1,
3339,3340,3341,-1,
3339,3341,3342,-1,
3343,3339,3342,-1,
3343,3342,3344,-1,
3345,3343,3344,-1,
3345,3344,3346,-1,
3347,3345,3346,-1,
3347,3346,3348,-1,
3349,3347,3348,-1,
3349,3348,3350,-1,
3351,3349,3350,-1,
3351,3350,3352,-1,
3353,3351,3352,-1,
3353,3352,3354,-1,
3355,3353,3354,-1,
3355,3354,3356,-1,
3357,3355,3356,-1,
3357,3356,3358,-1,
3359,3358,3360,-1,
3359,3357,3358,-1,
3361,3360,3362,-1,
3361,3359,3360,-1,
3363,3362,3364,-1,
3363,3361,3362,-1,
3365,3364,3366,-1,
3365,3363,3364,-1,
3367,3366,3368,-1,
3367,3365,3366,-1,
3369,3368,3370,-1,
3369,3367,3368,-1,
3371,3370,3372,-1,
3371,3369,3370,-1,
3373,3372,3374,-1,
3373,3371,3372,-1,
3375,3374,3376,-1,
3375,3373,3374,-1,
3377,3376,3378,-1,
3377,3375,3376,-1,
3379,3378,3380,-1,
3379,3377,3378,-1,
3381,3380,3382,-1,
3381,3379,3380,-1,
3383,3382,3384,-1,
3383,3381,3382,-1,
3385,3384,3386,-1,
3385,3383,3384,-1,
3387,3386,3388,-1,
3387,3385,3386,-1,
3389,3388,3390,-1,
3389,3387,3388,-1,
3391,3390,3392,-1,
3391,3389,3390,-1,
3393,3391,3392,-1,
3393,3392,3394,-1,
3395,3393,3394,-1,
3395,3394,3396,-1,
3397,3395,3396,-1,
3397,3396,3398,-1,
3399,3398,3400,-1,
3399,3397,3398,-1,
3401,3400,3402,-1,
3401,3399,3400,-1,
3403,3402,3404,-1,
3403,3401,3402,-1,
3405,3406,3407,-1,
3405,3404,3406,-1,
3405,3403,3404,-1,
3408,3405,3407,-1,
3409,3407,3410,-1,
3409,3408,3407,-1,
3411,3410,3412,-1,
3411,3409,3410,-1,
3413,3412,3414,-1,
3413,3411,3412,-1,
3415,3414,3416,-1,
3415,3413,3414,-1,
3417,3418,3419,-1,
3417,3416,3418,-1,
3417,3415,3416,-1,
3420,3417,3419,-1,
3421,3419,3422,-1,
3421,3420,3419,-1,
3423,3422,3424,-1,
3423,3421,3422,-1,
3425,3426,3427,-1,
3425,3424,3426,-1,
3425,3423,3424,-1,
3428,3425,3427,-1,
3429,3430,3431,-1,
3429,3431,3432,-1,
3433,3434,3435,-1,
3433,3435,3436,-1,
3437,3438,3439,-1,
3439,3438,3440,-1,
3440,3441,3442,-1,
3438,3441,3440,-1,
3442,3443,3444,-1,
3441,3443,3442,-1,
3444,3445,3446,-1,
3443,3445,3444,-1,
3446,3447,3448,-1,
3445,3447,3446,-1,
3448,3449,3450,-1,
3447,3449,3448,-1,
3450,3451,3452,-1,
3449,3451,3450,-1,
3452,3453,3454,-1,
3451,3453,3452,-1,
3453,3455,3454,-1,
3454,3455,3456,-1,
3455,3457,3456,-1,
3456,3457,3458,-1,
3457,3459,3458,-1,
3458,3459,3460,-1,
3459,3461,3460,-1,
3460,3461,3462,-1,
3461,3463,3462,-1,
3462,3463,3464,-1,
3463,3465,3464,-1,
3464,3465,3466,-1,
3465,3467,3466,-1,
3466,3467,3468,-1,
3467,3469,3468,-1,
3468,3469,3470,-1,
3470,3469,3471,-1,
3469,3472,3471,-1,
3472,3473,3471,-1,
3471,3473,3474,-1,
3473,3475,3474,-1,
3474,3475,3476,-1,
3476,3475,3477,-1,
3475,3478,3477,-1,
3477,3479,3480,-1,
3478,3479,3477,-1,
3480,3481,3482,-1,
3479,3481,3480,-1,
3482,3483,3484,-1,
3481,3483,3482,-1,
3484,3485,3486,-1,
3483,3485,3484,-1,
3486,3487,3488,-1,
3485,3487,3486,-1,
3488,3489,3490,-1,
3490,3489,3491,-1,
3487,3489,3488,-1,
3489,3492,3491,-1,
3491,3493,3494,-1,
3494,3493,3495,-1,
3492,3493,3491,-1,
3493,3496,3495,-1,
3495,3497,3498,-1,
3496,3497,3495,-1,
3498,3499,3500,-1,
3497,3499,3498,-1,
3500,3501,3502,-1,
3499,3501,3500,-1,
3503,3504,3505,-1,
3503,3505,3506,-1,
3507,3508,3509,-1,
3507,3509,3510,-1,
3511,3512,3513,-1,
3513,3512,3514,-1,
3514,3512,3515,-1,
3515,3512,3516,-1,
3516,3512,3517,-1,
3517,3512,3518,-1,
3518,3512,3519,-1,
3519,3512,3520,-1,
3520,3512,3521,-1,
3521,3512,3522,-1,
3522,3512,3523,-1,
3523,3512,3524,-1,
3524,3512,3525,-1,
3525,3512,3526,-1,
3526,3512,3527,-1,
3528,3529,3530,-1,
3530,3529,3531,-1,
3532,3533,3534,-1,
3534,3533,3529,-1,
3535,3536,3533,-1,
3533,3537,3529,-1,
3536,3537,3533,-1,
3538,3537,3536,-1,
3531,3537,3539,-1,
3529,3537,3531,-1,
3539,3540,3512,-1,
3512,3540,3527,-1,
3537,3540,3539,-1,
3540,3541,3527,-1,
3540,3542,3541,-1,
3542,3543,3541,-1,
3542,3544,3543,-1,
3545,3546,3544,-1,
3547,3548,3546,-1,
3546,3548,3544,-1,
3549,3550,3548,-1,
3551,3552,3550,-1,
3548,3552,3544,-1,
3550,3552,3548,-1,
3553,3554,3552,-1,
3552,3554,3544,-1,
3554,3555,3544,-1,
3555,3556,3544,-1,
3557,3558,3556,-1,
3556,3558,3544,-1,
3544,3559,3543,-1,
3558,3559,3544,-1,
3560,3561,3562,-1,
3562,3561,3563,-1,
3561,3564,3565,-1,
3561,3566,3564,-1,
3561,3567,3566,-1,
3567,3568,3569,-1,
3567,3570,3568,-1,
3560,3571,3561,-1,
3561,3571,3567,-1,
3567,3571,3570,-1,
3560,3572,3571,-1,
3573,3574,3560,-1,
3560,3574,3572,-1,
3573,3575,3574,-1,
3573,3576,3575,-1,
3573,3577,3576,-1,
3573,3578,3577,-1,
3573,3579,3578,-1,
3580,3581,3582,-1,
3573,3580,3582,-1,
3573,3582,3583,-1,
3573,3583,3584,-1,
3573,3584,3585,-1,
3573,3585,3586,-1,
3573,3586,3587,-1,
3573,3587,3588,-1,
3573,3588,3579,-1,
3589,3590,3591,-1,
3592,3593,3594,-1,
3594,3593,3595,-1,
3596,3597,3598,-1,
3598,3597,3599,-1,
3593,3600,3601,-1,
3600,3602,3603,-1,
3604,3605,3606,-1,
3605,3607,3608,-1,
3604,3607,3605,-1,
3607,3609,3610,-1,
3609,3611,3612,-1,
3612,3611,3613,-1,
3614,3615,3616,-1,
3617,3618,3619,-1,
3619,3618,3597,-1,
3599,3618,3590,-1,
3591,3618,3592,-1,
3602,3618,3620,-1,
3620,3618,3621,-1,
3621,3618,3622,-1,
3622,3618,3604,-1,
3590,3618,3591,-1,
3611,3618,3623,-1,
3623,3618,3624,-1,
3593,3618,3600,-1,
3624,3618,3625,-1,
3625,3618,3626,-1,
3626,3618,3614,-1,
3592,3618,3593,-1,
3615,3618,3627,-1,
3627,3618,3628,-1,
3628,3618,3629,-1,
3597,3618,3599,-1,
3629,3618,3630,-1,
3630,3618,3631,-1,
3631,3618,3632,-1,
3632,3618,3633,-1,
3633,3618,3634,-1,
3600,3618,3602,-1,
3604,3618,3607,-1,
3607,3618,3609,-1,
3609,3618,3611,-1,
3614,3618,3615,-1,
3617,3635,3618,-1,
3636,3637,3617,-1,
3617,3637,3635,-1,
3637,3638,3639,-1,
3637,3640,3638,-1,
3637,3641,3640,-1,
3637,3642,3641,-1,
3641,3642,3643,-1,
3643,3642,3644,-1,
3644,3642,3645,-1,
3645,3642,3646,-1,
3646,3642,3647,-1,
3647,3642,3648,-1,
3648,3642,3649,-1,
3649,3642,3650,-1,
3650,3642,3651,-1,
3651,3642,3652,-1,
3652,3642,3653,-1,
3653,3642,3654,-1,
3654,3642,3655,-1,
3655,3642,3656,-1,
3656,3642,3657,-1,
3657,3642,3658,-1,
3658,3642,3659,-1,
3659,3642,3660,-1,
3660,3642,3661,-1,
3661,3642,3662,-1,
3642,3663,3662,-1,
3642,3664,3663,-1,
3642,3665,3664,-1,
3642,3666,3665,-1,
3642,3667,3666,-1,
3642,3668,3667,-1,
3642,3669,3668,-1,
3642,3670,3669,-1,
3642,3671,3670,-1,
3671,3672,3673,-1,
3673,3672,3674,-1,
3674,3672,3675,-1,
3675,3672,3676,-1,
3676,3672,3677,-1,
3677,3672,3678,-1,
3678,3672,3679,-1,
3679,3672,3680,-1,
3680,3672,3681,-1,
3681,3672,3682,-1,
3682,3672,3683,-1,
3683,3672,3684,-1,
3684,3672,3685,-1,
3685,3672,3686,-1,
3686,3672,3687,-1,
3687,3672,3688,-1,
3688,3672,3689,-1,
3672,3690,3689,-1,
3672,3691,3690,-1,
3672,3692,3691,-1,
3672,3693,3692,-1,
3672,3694,3693,-1,
3672,3695,3694,-1,
3672,3696,3695,-1,
3672,3697,3696,-1,
3672,3698,3697,-1,
3672,3699,3698,-1,
3672,3700,3699,-1,
3672,3701,3700,-1,
3672,3702,3701,-1,
3672,3703,3702,-1,
3672,3704,3703,-1,
3672,3705,3704,-1,
3672,3706,3705,-1,
3672,3707,3706,-1,
3639,3635,3637,-1,
3642,3672,3671,-1,
3708,3709,3710,-1,
3708,3710,3711,-1,
3712,3713,3714,-1,
3712,3714,3715,-1,
3712,3715,3716,-1,
3712,3716,3717,-1,
3712,3717,3718,-1,
3712,3718,3719,-1,
3712,3719,3720,-1,
3712,3720,3721,-1,
3712,3721,3722,-1,
3712,3722,3723,-1,
3712,3723,3724,-1,
3712,3724,3725,-1,
3712,3725,3726,-1,
3712,3726,3727,-1,
3712,3727,3728,-1,
3729,3730,3731,-1,
3732,3733,3734,-1,
3732,3734,3735,-1,
3732,3735,3736,-1,
3732,3736,3729,-1,
3732,3729,3731,-1,
3737,3732,3731,-1,
3737,3738,3739,-1,
3737,3739,3732,-1,
3737,3731,3740,-1,
3741,3740,3712,-1,
3741,3712,3728,-1,
3741,3737,3740,-1,
3742,3741,3728,-1,
3743,3741,3742,-1,
3744,3743,3742,-1,
3745,3743,3744,-1,
3746,3747,3745,-1,
3748,3749,3746,-1,
3748,3746,3745,-1,
3750,3748,3745,-1,
3751,3750,3745,-1,
3752,3751,3745,-1,
3753,3752,3745,-1,
3754,3755,3756,-1,
3754,3756,3753,-1,
3754,3753,3745,-1,
3757,3754,3745,-1,
3758,3759,3757,-1,
3758,3757,3745,-1,
3760,3745,3744,-1,
3760,3758,3745,-1,
3761,3762,3763,-1,
3764,3761,3765,-1,
3764,3765,3766,-1,
3767,3762,3761,-1,
3767,3761,3764,-1,
3768,3767,3769,-1,
3768,3769,3770,-1,
3771,3768,3772,-1,
3771,3762,3767,-1,
3771,3767,3768,-1,
3773,3762,3771,-1,
3774,3775,3762,-1,
3774,3762,3773,-1,
3776,3775,3774,-1,
3777,3775,3776,-1,
3778,3775,3777,-1,
3779,3775,3778,-1,
3780,3775,3779,-1,
3781,3782,3783,-1,
3782,3775,3783,-1,
3783,3775,3784,-1,
3784,3775,3785,-1,
3785,3775,3786,-1,
3786,3775,3787,-1,
3787,3775,3788,-1,
3788,3775,3789,-1,
3789,3775,3780,-1,
3790,3791,3792,-1,
3793,3794,3795,-1,
3793,3795,3796,-1,
3797,3798,3799,-1,
3797,3799,3800,-1,
3801,3793,3802,-1,
3803,3801,3804,-1,
3805,3806,3807,-1,
3808,3805,3809,-1,
3808,3806,3805,-1,
3810,3808,3811,-1,
3812,3810,3813,-1,
3812,3813,3814,-1,
3815,3816,3817,-1,
3818,3819,3820,-1,
3818,3820,3797,-1,
3818,3800,3790,-1,
3818,3792,3794,-1,
3818,3803,3821,-1,
3818,3821,3822,-1,
3818,3822,3823,-1,
3818,3823,3806,-1,
3818,3790,3792,-1,
3818,3812,3824,-1,
3818,3824,3825,-1,
3818,3825,3826,-1,
3818,3793,3801,-1,
3818,3826,3827,-1,
3818,3827,3816,-1,
3818,3794,3793,-1,
3818,3815,3828,-1,
3818,3828,3829,-1,
3818,3829,3830,-1,
3818,3830,3831,-1,
3818,3797,3800,-1,
3818,3831,3832,-1,
3818,3832,3833,-1,
3818,3833,3834,-1,
3818,3834,3835,-1,
3818,3801,3803,-1,
3818,3806,3808,-1,
3818,3808,3810,-1,
3818,3810,3812,-1,
3818,3816,3815,-1,
3836,3819,3818,-1,
3837,3838,3819,-1,
3837,3819,3836,-1,
3839,3837,3840,-1,
3841,3837,3839,-1,
3842,3837,3841,-1,
3843,3837,3842,-1,
3843,3842,3844,-1,
3843,3844,3845,-1,
3843,3845,3846,-1,
3843,3846,3847,-1,
3843,3847,3848,-1,
3843,3848,3849,-1,
3843,3849,3850,-1,
3843,3850,3851,-1,
3843,3851,3852,-1,
3843,3852,3853,-1,
3843,3853,3854,-1,
3843,3854,3855,-1,
3843,3855,3856,-1,
3843,3856,3857,-1,
3843,3857,3858,-1,
3843,3858,3859,-1,
3843,3859,3860,-1,
3843,3860,3861,-1,
3843,3861,3862,-1,
3843,3862,3863,-1,
3864,3843,3863,-1,
3865,3843,3864,-1,
3866,3843,3865,-1,
3867,3843,3866,-1,
3868,3843,3867,-1,
3869,3843,3868,-1,
3870,3843,3869,-1,
3871,3843,3870,-1,
3872,3843,3871,-1,
3873,3872,3874,-1,
3873,3874,3875,-1,
3873,3875,3876,-1,
3873,3876,3877,-1,
3873,3877,3878,-1,
3873,3878,3879,-1,
3873,3879,3880,-1,
3873,3880,3881,-1,
3873,3881,3882,-1,
3873,3882,3883,-1,
3873,3883,3884,-1,
3873,3884,3885,-1,
3873,3885,3886,-1,
3873,3886,3887,-1,
3873,3887,3888,-1,
3873,3888,3889,-1,
3873,3889,3890,-1,
3891,3873,3890,-1,
3892,3873,3891,-1,
3893,3873,3892,-1,
3894,3873,3893,-1,
3895,3873,3894,-1,
3896,3873,3895,-1,
3897,3873,3896,-1,
3898,3873,3897,-1,
3899,3873,3898,-1,
3900,3873,3899,-1,
3901,3873,3900,-1,
3902,3873,3901,-1,
3903,3873,3902,-1,
3904,3873,3903,-1,
3905,3873,3904,-1,
3906,3873,3905,-1,
3907,3873,3906,-1,
3908,3873,3907,-1,
3836,3840,3837,-1,
3873,3843,3872,-1,
3909,3910,3911,-1,
3909,3912,3910,-1,
3913,3911,3914,-1,
3913,3909,3911,-1,
3915,3914,3916,-1,
3915,3913,3914,-1,
3917,3916,3918,-1,
3917,3915,3916,-1,
3919,3918,3920,-1,
3919,3917,3918,-1,
3921,3920,3922,-1,
3921,3919,3920,-1,
3923,3922,3924,-1,
3923,3921,3922,-1,
3925,3924,3926,-1,
3925,3923,3924,-1,
3927,3926,3928,-1,
3927,3925,3926,-1,
3929,3928,3930,-1,
3929,3927,3928,-1,
3931,3930,3932,-1,
3931,3929,3930,-1,
3933,3932,3934,-1,
3933,3931,3932,-1,
3935,3934,3936,-1,
3935,3933,3934,-1,
3937,3938,3939,-1,
3937,3936,3938,-1,
3937,3935,3936,-1,
3940,3939,3941,-1,
3940,3937,3939,-1,
3942,3940,3941,-1,
3943,3944,3945,-1,
3943,3946,3944,-1,
3947,3948,3949,-1,
3947,3949,3950,-1,
3951,3950,3952,-1,
3951,3947,3950,-1,
3953,3952,3954,-1,
3953,3951,3952,-1,
3955,3954,3956,-1,
3955,3953,3954,-1,
3957,3956,3958,-1,
3957,3955,3956,-1,
3959,3958,3960,-1,
3959,3957,3958,-1,
3961,3960,3962,-1,
3961,3959,3960,-1,
3963,3962,3964,-1,
3963,3961,3962,-1,
3965,3964,3966,-1,
3965,3963,3964,-1,
3967,3968,3969,-1,
3967,3966,3968,-1,
3967,3965,3966,-1,
3970,3967,3969,-1,
3971,3972,3973,-1,
3971,3973,3974,-1,
3975,3976,3977,-1,
3975,3977,3978,-1,
3979,3980,3981,-1,
3979,3982,3980,-1,
3983,3984,3985,-1,
3983,3985,3986,-1,
3987,3986,3988,-1,
3987,3983,3986,-1,
3989,3988,3990,-1,
3989,3987,3988,-1,
3991,3990,3992,-1,
3991,3989,3990,-1,
3993,3992,3994,-1,
3993,3991,3992,-1,
3995,3994,3996,-1,
3995,3993,3994,-1,
3997,3996,3998,-1,
3997,3995,3996,-1,
3999,3998,4000,-1,
3999,3997,3998,-1,
4001,4000,4002,-1,
4001,3999,4000,-1,
4003,4002,4004,-1,
4003,4001,4002,-1,
4005,4004,4006,-1,
4005,4003,4004,-1,
4007,4006,4008,-1,
4007,4005,4006,-1,
4009,4008,4010,-1,
4009,4007,4008,-1,
4011,4010,4012,-1,
4011,4009,4010,-1,
4013,4014,4015,-1,
4013,4016,4014,-1,
4017,4018,4019,-1,
4019,4018,4020,-1,
4020,4021,4022,-1,
4018,4021,4020,-1,
4022,4023,4024,-1,
4021,4023,4022,-1,
4024,4025,4026,-1,
4023,4025,4024,-1,
4026,4027,4028,-1,
4025,4027,4026,-1,
4028,4029,4030,-1,
4027,4029,4028,-1,
4030,4031,4032,-1,
4029,4031,4030,-1,
4032,4033,4034,-1,
4031,4033,4032,-1,
4034,4035,4036,-1,
4033,4035,4034,-1,
4036,4037,4038,-1,
4035,4037,4036,-1,
4038,4039,4040,-1,
4037,4039,4038,-1,
4040,4041,4042,-1,
4039,4041,4040,-1,
4043,4044,4045,-1,
4043,4046,4044,-1,
4047,4048,4049,-1,
4047,4049,4050,-1,
4051,4050,4052,-1,
4051,4047,4050,-1,
4053,4052,4054,-1,
4053,4051,4052,-1,
4055,4054,4056,-1,
4055,4053,4054,-1,
4057,4056,4058,-1,
4057,4055,4056,-1,
4059,4058,4060,-1,
4059,4057,4058,-1,
4061,4060,4062,-1,
4061,4059,4060,-1,
4063,4062,4064,-1,
4063,4061,4062,-1,
4065,4066,4067,-1,
4065,4064,4066,-1,
4065,4063,4064,-1,
4068,4065,4067,-1,
4069,4070,4071,-1,
4069,4067,4070,-1,
4069,4068,4067,-1,
4072,4069,4071,-1,
4073,4074,4075,-1,
4073,4075,4076,-1,
4077,4078,4079,-1,
4077,4079,4080,-1,
4081,4082,4083,-1,
4081,4083,4084,-1,
4085,4086,4087,-1,
4085,4087,4088,-1,
4089,4088,4090,-1,
4089,4085,4088,-1,
4091,4090,4092,-1,
4091,4089,4090,-1,
4093,4092,4094,-1,
4093,4091,4092,-1,
4095,4094,4096,-1,
4095,4093,4094,-1,
4097,4096,4098,-1,
4097,4095,4096,-1,
4099,4098,4100,-1,
4099,4097,4098,-1,
4101,4099,4100,-1,
4101,4100,4102,-1,
4103,4101,4102,-1,
4103,4102,4104,-1,
4105,4103,4104,-1,
4105,4104,4106,-1,
4107,4105,4106,-1,
4107,4106,4108,-1,
4109,4107,4108,-1,
4109,4110,4111,-1,
4109,4108,4110,-1,
4112,4109,4111,-1,
4113,4111,4114,-1,
4113,4112,4111,-1,
4115,4114,4116,-1,
4115,4113,4114,-1,
4117,4116,4118,-1,
4117,4115,4116,-1,
4119,4118,4120,-1,
4119,4117,4118,-1,
4121,4120,4122,-1,
4121,4119,4120,-1,
4123,4122,4124,-1,
4123,4121,4122,-1,
4125,4124,4126,-1,
4125,4123,4124,-1,
4127,4126,4128,-1,
4127,4125,4126,-1,
4129,4130,4131,-1,
4129,4128,4130,-1,
4129,4127,4128,-1,
4132,4131,4133,-1,
4132,4129,4131,-1,
4134,4132,4133,-1,
4135,4133,4136,-1,
4135,4134,4133,-1,
4137,4136,4138,-1,
4137,4135,4136,-1,
4139,4140,4141,-1,
4139,4138,4140,-1,
4139,4137,4138,-1,
4142,4139,4141,-1,
4143,4141,4144,-1,
4143,4142,4141,-1,
4145,4146,4147,-1,
4145,4144,4146,-1,
4145,4143,4144,-1,
4148,4145,4147,-1,
4149,4147,4150,-1,
4149,4148,4147,-1,
4151,4152,4153,-1,
4151,4153,4154,-1,
4155,4156,4157,-1,
4157,4156,4158,-1,
4158,4159,4160,-1,
4156,4159,4158,-1,
4160,4161,4162,-1,
4159,4161,4160,-1,
4162,4163,4164,-1,
4161,4163,4162,-1,
4164,4165,4166,-1,
4163,4165,4164,-1,
4166,4167,4168,-1,
4165,4167,4166,-1,
4168,4169,4170,-1,
4167,4169,4168,-1,
4170,4171,4172,-1,
4169,4171,4170,-1,
4171,4173,4172,-1,
4172,4173,4174,-1,
4173,4175,4174,-1,
4174,4175,4176,-1,
4175,4177,4176,-1,
4176,4177,4178,-1,
4177,4179,4178,-1,
4178,4179,4180,-1,
4179,4181,4180,-1,
4180,4181,4182,-1,
4181,4183,4182,-1,
4182,4183,4184,-1,
4183,4185,4184,-1,
4184,4185,4186,-1,
4185,4187,4186,-1,
4186,4187,4188,-1,
4187,4189,4188,-1,
4188,4189,4190,-1,
4189,4191,4190,-1,
4190,4191,4192,-1,
4191,4193,4192,-1,
4192,4193,4194,-1,
4194,4193,4195,-1,
4193,4196,4195,-1,
4195,4197,4198,-1,
4196,4197,4195,-1,
4197,4199,4198,-1,
4198,4199,4200,-1,
4200,4201,4202,-1,
4199,4201,4200,-1,
4202,4203,4204,-1,
4201,4203,4202,-1,
4204,4205,4206,-1,
4203,4205,4204,-1,
4206,4207,4208,-1,
4208,4207,4209,-1,
4205,4207,4206,-1,
4207,4210,4209,-1,
4209,4211,4212,-1,
4212,4211,4213,-1,
4210,4211,4209,-1,
4211,4214,4213,-1,
4213,4215,4216,-1,
4214,4215,4213,-1,
4216,4217,4218,-1,
4215,4217,4216,-1,
4218,4219,4220,-1,
4217,4219,4218,-1,
4221,4222,4223,-1,
4221,4223,4224,-1,
4225,4226,4227,-1,
4225,4228,4226,-1,
4229,4230,4231,-1,
4229,4231,4232,-1,
4233,4229,4232,-1,
4233,4232,4234,-1,
4235,4233,4234,-1,
4235,4234,4236,-1,
4237,4235,4236,-1,
4237,4236,4238,-1,
4239,4237,4238,-1,
4239,4238,4240,-1,
4241,4239,4240,-1,
4241,4240,4242,-1,
4243,4241,4242,-1,
4243,4242,4244,-1,
4245,4243,4244,-1,
4245,4244,4246,-1,
4247,4245,4246,-1,
4247,4246,4248,-1,
4249,4248,4250,-1,
4249,4247,4248,-1,
4251,4250,4252,-1,
4251,4249,4250,-1,
4253,4252,4254,-1,
4253,4251,4252,-1,
4255,4254,4256,-1,
4255,4253,4254,-1,
4257,4258,4259,-1,
4257,4256,4258,-1,
4257,4255,4256,-1,
4260,4257,4259,-1,
4261,4259,4262,-1,
4261,4260,4259,-1,
4263,4262,4264,-1,
4263,4261,4262,-1,
4265,4264,4266,-1,
4265,4263,4264,-1,
4267,4268,4269,-1,
4267,4266,4268,-1,
4267,4265,4266,-1,
4270,4267,4269,-1,
4271,4269,4272,-1,
4271,4270,4269,-1,
4273,4272,4274,-1,
4273,4271,4272,-1,
4275,4274,4276,-1,
4275,4273,4274,-1,
4277,4276,4278,-1,
4277,4275,4276,-1,
4279,4280,4281,-1,
4279,4278,4280,-1,
4279,4277,4278,-1,
4282,4279,4281,-1,
4283,4282,4281,-1,
4283,4281,4284,-1,
4285,4283,4284,-1,
4285,4284,4286,-1,
4287,4285,4286,-1,
4287,4286,4288,-1,
4289,4290,4291,-1,
4289,4288,4290,-1,
4289,4287,4288,-1,
4292,4289,4291,-1,
4293,4291,4294,-1,
4293,4292,4291,-1,
4295,4294,4296,-1,
4295,4293,4294,-1,
4297,4296,4298,-1,
4297,4295,4296,-1,
4299,4298,4300,-1,
4299,4297,4298,-1,
4301,4300,4302,-1,
4301,4299,4300,-1,
4303,4302,4304,-1,
4303,4301,4302,-1,
4305,4304,4306,-1,
4305,4303,4304,-1,
4307,4308,4309,-1,
4307,4306,4308,-1,
4307,4305,4306,-1,
4310,4307,4309,-1,
4311,4312,4313,-1,
4311,4309,4312,-1,
4311,4310,4309,-1,
4314,4311,4313,-1,
4315,4313,4316,-1,
4315,4314,4313,-1,
4317,4316,4318,-1,
4317,4315,4316,-1,
4319,4320,4321,-1,
4319,4321,4322,-1,
4323,4324,4325,-1,
4323,4326,4324,-1,
4327,4328,4329,-1,
4329,4328,4330,-1,
4330,4328,4331,-1,
4331,4328,4332,-1,
4332,4328,4333,-1,
4333,4328,4334,-1,
4334,4328,4335,-1,
4335,4328,4336,-1,
4336,4328,4337,-1,
4337,4328,4338,-1,
4338,4328,4339,-1,
4339,4328,4340,-1,
4340,4328,4341,-1,
4341,4328,4342,-1,
4342,4328,4343,-1,
4344,4345,4346,-1,
4347,4348,4349,-1,
4349,4348,4345,-1,
4350,4351,4352,-1,
4352,4351,4348,-1,
4346,4353,4354,-1,
4354,4353,4355,-1,
4345,4353,4346,-1,
4348,4353,4345,-1,
4351,4353,4348,-1,
4355,4356,4328,-1,
4328,4356,4343,-1,
4353,4356,4355,-1,
4356,4357,4343,-1,
4356,4358,4357,-1,
4358,4359,4357,-1,
4358,4360,4359,-1,
4361,4362,4363,-1,
4362,4364,4365,-1,
4362,4366,4364,-1,
4362,4367,4366,-1,
4367,4368,4369,-1,
4367,4370,4368,-1,
4371,4372,4361,-1,
4361,4372,4362,-1,
4362,4372,4367,-1,
4367,4372,4370,-1,
4371,4373,4372,-1,
4374,4375,4371,-1,
4371,4375,4373,-1,
4374,4376,4375,-1,
4374,4377,4376,-1,
4374,4378,4377,-1,
4374,4379,4378,-1,
4374,4380,4379,-1,
4381,4382,4383,-1,
4374,4381,4383,-1,
4374,4383,4384,-1,
4374,4384,4385,-1,
4374,4385,4386,-1,
4374,4386,4387,-1,
4374,4387,4388,-1,
4374,4388,4389,-1,
4374,4389,4380,-1,
4390,4391,4392,-1,
4393,4394,4395,-1,
4396,4397,4391,-1,
4397,4398,4391,-1,
4394,4399,4400,-1,
4398,4401,4391,-1,
4391,4401,4392,-1,
4394,4402,4399,-1,
4392,4402,4403,-1,
4403,4402,4393,-1,
4393,4402,4394,-1,
4404,4405,4406,-1,
4407,4408,4409,-1,
4410,4411,4412,-1,
4413,4414,4415,-1,
4416,4417,4418,-1,
4401,4419,4392,-1,
4404,4419,4405,-1,
4410,4419,4411,-1,
4407,4419,4408,-1,
4420,4419,4401,-1,
4402,4419,4404,-1,
4405,4419,4421,-1,
4421,4419,4422,-1,
4422,4419,4423,-1,
4423,4419,4424,-1,
4424,4419,4407,-1,
4408,4419,4425,-1,
4413,4419,4414,-1,
4425,4419,4426,-1,
4426,4419,4427,-1,
4427,4419,4428,-1,
4428,4419,4410,-1,
4416,4419,4417,-1,
4411,4419,4429,-1,
4429,4419,4430,-1,
4430,4419,4413,-1,
4414,4419,4416,-1,
4417,4419,4431,-1,
4431,4419,4432,-1,
4432,4419,4433,-1,
4433,4419,4434,-1,
4434,4419,4435,-1,
4392,4419,4402,-1,
4420,4436,4419,-1,
4420,4437,4436,-1,
4438,4439,4440,-1,
4440,4439,4441,-1,
4441,4439,4442,-1,
4442,4439,4443,-1,
4443,4439,4444,-1,
4444,4439,4445,-1,
4445,4439,4446,-1,
4446,4439,4447,-1,
4447,4439,4448,-1,
4448,4439,4449,-1,
4449,4439,4450,-1,
4450,4439,4451,-1,
4451,4439,4452,-1,
4452,4439,4453,-1,
4453,4439,4454,-1,
4454,4439,4455,-1,
4455,4439,4456,-1,
4456,4439,4457,-1,
4457,4439,4458,-1,
4458,4439,4459,-1,
4459,4439,4460,-1,
4460,4439,4461,-1,
4461,4439,4462,-1,
4462,4439,4463,-1,
4463,4439,4464,-1,
4464,4439,4465,-1,
4465,4439,4466,-1,
4466,4439,4467,-1,
4467,4439,4468,-1,
4468,4439,4437,-1,
4437,4439,4436,-1,
4439,4469,4470,-1,
4471,4439,4472,-1,
4471,4472,4473,-1,
4472,4439,4474,-1,
4474,4439,4438,-1,
4470,4436,4439,-1,
4475,4476,4477,-1,
4475,4478,4476,-1,
4479,4480,4481,-1,
4479,4481,4482,-1,
4479,4482,4483,-1,
4479,4483,4484,-1,
4479,4484,4485,-1,
4479,4485,4486,-1,
4479,4486,4487,-1,
4479,4487,4488,-1,
4479,4488,4489,-1,
4479,4489,4490,-1,
4479,4490,4491,-1,
4479,4491,4492,-1,
4479,4492,4493,-1,
4479,4493,4494,-1,
4479,4494,4495,-1,
4496,4497,4498,-1,
4499,4500,4501,-1,
4499,4501,4496,-1,
4499,4498,4502,-1,
4499,4502,4503,-1,
4499,4496,4498,-1,
4504,4505,4506,-1,
4504,4506,4499,-1,
4504,4503,4507,-1,
4504,4499,4503,-1,
4508,4507,4479,-1,
4508,4479,4495,-1,
4508,4504,4507,-1,
4509,4508,4495,-1,
4510,4508,4509,-1,
4511,4510,4509,-1,
4512,4510,4511,-1,
4513,4514,4515,-1,
4513,4515,4516,-1,
4517,4513,4518,-1,
4519,4513,4517,-1,
4520,4513,4519,-1,
4521,4520,4522,-1,
4523,4520,4521,-1,
4524,4514,4513,-1,
4524,4513,4520,-1,
4524,4520,4523,-1,
4525,4514,4524,-1,
4526,4527,4514,-1,
4526,4514,4525,-1,
4528,4527,4526,-1,
4529,4527,4528,-1,
4530,4527,4529,-1,
4531,4527,4530,-1,
4532,4527,4531,-1,
4533,4534,4535,-1,
4534,4527,4535,-1,
4535,4527,4536,-1,
4536,4527,4537,-1,
4537,4527,4538,-1,
4538,4527,4539,-1,
4539,4527,4540,-1,
4540,4527,4541,-1,
4541,4527,4532,-1,
4542,4543,4544,-1,
4545,4542,4544,-1,
4546,4547,4542,-1,
4546,4542,4545,-1,
4548,4546,4545,-1,
4548,4545,4549,-1,
4550,4546,4548,-1,
4551,4550,4548,-1,
4551,4548,4552,-1,
4553,4554,4555,-1,
4553,4555,4550,-1,
4553,4550,4551,-1,
4556,4557,4558,-1,
4559,4560,4561,-1,
4559,4561,4562,-1,
4559,4562,4563,-1,
4564,4559,4565,-1,
4566,4564,4567,-1,
4568,4569,4570,-1,
4571,4569,4568,-1,
4572,4554,4553,-1,
4572,4557,4556,-1,
4572,4560,4559,-1,
4572,4559,4564,-1,
4572,4573,4554,-1,
4572,4564,4566,-1,
4572,4553,4557,-1,
4572,4556,4560,-1,
4572,4569,4571,-1,
4572,4566,4574,-1,
4572,4574,4575,-1,
4572,4575,4576,-1,
4572,4576,4569,-1,
4572,4571,4577,-1,
4572,4577,4578,-1,
4572,4578,4579,-1,
4572,4579,4580,-1,
4572,4580,4581,-1,
4572,4581,4582,-1,
4572,4582,4583,-1,
4572,4583,4584,-1,
4572,4584,4585,-1,
4572,4585,4586,-1,
4572,4586,4587,-1,
4588,4573,4572,-1,
4589,4573,4588,-1,
4590,4591,4592,-1,
4590,4592,4593,-1,
4590,4593,4594,-1,
4590,4594,4595,-1,
4590,4595,4596,-1,
4590,4596,4597,-1,
4590,4597,4598,-1,
4590,4598,4599,-1,
4590,4599,4600,-1,
4590,4600,4601,-1,
4590,4601,4602,-1,
4590,4602,4603,-1,
4590,4603,4604,-1,
4590,4604,4605,-1,
4590,4605,4606,-1,
4590,4606,4607,-1,
4590,4607,4608,-1,
4590,4608,4609,-1,
4590,4609,4610,-1,
4590,4610,4611,-1,
4590,4611,4612,-1,
4590,4612,4613,-1,
4590,4613,4614,-1,
4590,4614,4615,-1,
4590,4615,4616,-1,
4590,4616,4617,-1,
4590,4617,4618,-1,
4590,4618,4619,-1,
4590,4619,4620,-1,
4590,4620,4589,-1,
4590,4589,4588,-1,
4590,4621,4622,-1,
4622,4621,4623,-1,
4590,4622,4624,-1,
4590,4624,4591,-1,
4588,4625,4590,-1,
4625,4626,4590,-1,
4627,4628,4629,-1,
4627,4630,4628,-1,
4631,4629,4632,-1,
4631,4627,4629,-1,
4633,4632,4634,-1,
4633,4631,4632,-1,
4635,4634,4636,-1,
4635,4633,4634,-1,
4637,4636,4638,-1,
4637,4635,4636,-1,
4639,4638,4640,-1,
4639,4637,4638,-1,
4641,4640,4642,-1,
4641,4639,4640,-1,
4643,4642,4644,-1,
4643,4641,4642,-1,
4645,4644,4646,-1,
4645,4643,4644,-1,
4647,4646,4648,-1,
4647,4645,4646,-1,
4649,4648,4650,-1,
4649,4647,4648,-1,
4651,4650,4652,-1,
4651,4649,4650,-1,
4653,4652,4654,-1,
4653,4651,4652,-1,
4655,4656,4657,-1,
4655,4654,4656,-1,
4655,4653,4654,-1,
4658,4657,4659,-1,
4658,4655,4657,-1,
4660,4658,4659,-1,
4661,4662,4663,-1,
4661,4664,4662,-1,
4665,4666,4667,-1,
4665,4667,4668,-1,
4669,4668,4670,-1,
4669,4665,4668,-1,
4671,4670,4672,-1,
4671,4669,4670,-1,
4673,4672,4674,-1,
4673,4671,4672,-1,
4675,4674,4676,-1,
4675,4673,4674,-1,
4677,4676,4678,-1,
4677,4675,4676,-1,
4679,4678,4680,-1,
4679,4677,4678,-1,
4681,4680,4682,-1,
4681,4679,4680,-1,
4683,4684,4685,-1,
4683,4682,4684,-1,
4683,4681,4682,-1,
4686,4685,4687,-1,
4686,4683,4685,-1,
4688,4686,4687,-1,
4689,4690,4691,-1,
4689,4691,4692,-1,
4693,4694,4695,-1,
4693,4695,4696,-1,
4697,4698,4699,-1,
4697,4700,4698,-1,
4701,4702,4703,-1,
4703,4702,4704,-1,
4704,4705,4706,-1,
4702,4705,4704,-1,
4706,4707,4708,-1,
4705,4707,4706,-1,
4708,4709,4710,-1,
4707,4709,4708,-1,
4710,4711,4712,-1,
4709,4711,4710,-1,
4712,4713,4714,-1,
4711,4713,4712,-1,
4714,4715,4716,-1,
4713,4715,4714,-1,
4716,4717,4718,-1,
4715,4717,4716,-1,
4718,4719,4720,-1,
4717,4719,4718,-1,
4720,4721,4722,-1,
4719,4721,4720,-1,
4722,4723,4724,-1,
4721,4723,4722,-1,
4724,4725,4726,-1,
4723,4725,4724,-1,
4727,4728,4729,-1,
4727,4730,4728,-1,
4731,4732,4733,-1,
4731,4733,4734,-1,
4735,4734,4736,-1,
4735,4731,4734,-1,
4737,4736,4738,-1,
4737,4735,4736,-1,
4739,4738,4740,-1,
4739,4737,4738,-1,
4741,4740,4742,-1,
4741,4739,4740,-1,
4743,4742,4744,-1,
4743,4741,4742,-1,
4745,4744,4746,-1,
4745,4743,4744,-1,
4747,4746,4748,-1,
4747,4745,4746,-1,
4749,4750,4751,-1,
4749,4748,4750,-1,
4749,4747,4748,-1,
4752,4749,4751,-1,
4753,4754,4755,-1,
4753,4751,4754,-1,
4753,4752,4751,-1,
4756,4753,4755,-1,
4757,4758,4759,-1,
4757,4759,4760,-1,
4761,4762,4763,-1,
4761,4763,4764,-1,
4765,4766,4767,-1,
4765,4767,4768,-1,
4769,4770,4771,-1,
4769,4772,4770,-1,
4773,4774,4775,-1,
4773,4775,4776,-1,
4777,4773,4776,-1,
4777,4776,4778,-1,
4779,4777,4778,-1,
4779,4778,4780,-1,
4781,4779,4780,-1,
4781,4780,4782,-1,
4783,4781,4782,-1,
4783,4782,4784,-1,
4785,4783,4784,-1,
4785,4784,4786,-1,
4787,4785,4786,-1,
4787,4786,4788,-1,
4789,4787,4788,-1,
4789,4788,4790,-1,
4791,4789,4790,-1,
4791,4790,4792,-1,
4793,4792,4794,-1,
4793,4791,4792,-1,
4795,4794,4796,-1,
4795,4793,4794,-1,
4797,4796,4798,-1,
4797,4795,4796,-1,
4799,4798,4800,-1,
4799,4797,4798,-1,
4801,4800,4802,-1,
4801,4799,4800,-1,
4803,4802,4804,-1,
4803,4801,4802,-1,
4805,4804,4806,-1,
4805,4803,4804,-1,
4807,4806,4808,-1,
4807,4805,4806,-1,
4809,4808,4810,-1,
4809,4807,4808,-1,
4811,4810,4812,-1,
4811,4809,4810,-1,
4813,4812,4814,-1,
4813,4811,4812,-1,
4815,4814,4816,-1,
4815,4813,4814,-1,
4817,4818,4819,-1,
4817,4816,4818,-1,
4817,4815,4816,-1,
4820,4817,4819,-1,
4821,4819,4822,-1,
4821,4820,4819,-1,
4823,4822,4824,-1,
4823,4821,4822,-1,
4825,4824,4826,-1,
4825,4823,4824,-1,
4827,4825,4826,-1,
4827,4828,4829,-1,
4827,4826,4828,-1,
4830,4827,4829,-1,
4831,4830,4829,-1,
4831,4829,4832,-1,
4833,4832,4834,-1,
4833,4831,4832,-1,
4835,4836,4837,-1,
4835,4834,4836,-1,
4835,4833,4834,-1,
4838,4835,4837,-1,
4839,4837,4840,-1,
4839,4838,4837,-1,
4841,4840,4842,-1,
4841,4839,4840,-1,
4843,4842,4844,-1,
4843,4841,4842,-1,
4845,4846,4847,-1,
4845,4844,4846,-1,
4845,4843,4844,-1,
4848,4845,4847,-1,
4849,4847,4850,-1,
4849,4848,4847,-1,
4851,4850,4852,-1,
4851,4849,4850,-1,
4853,4852,4854,-1,
4853,4851,4852,-1,
4855,4854,4856,-1,
4855,4853,4854,-1,
4857,4856,4858,-1,
4857,4855,4856,-1,
4859,4860,4861,-1,
4859,4858,4860,-1,
4859,4857,4858,-1,
4862,4859,4861,-1,
4863,4864,4865,-1,
4863,4865,4866,-1,
4867,4868,4869,-1,
4867,4869,4870,-1,
4871,4872,4873,-1,
4873,4872,4874,-1,
4874,4875,4876,-1,
4872,4875,4874,-1,
4876,4877,4878,-1,
4875,4877,4876,-1,
4878,4879,4880,-1,
4877,4879,4878,-1,
4880,4881,4882,-1,
4879,4881,4880,-1,
4882,4883,4884,-1,
4881,4883,4882,-1,
4884,4885,4886,-1,
4883,4885,4884,-1,
4886,4887,4888,-1,
4885,4887,4886,-1,
4887,4889,4888,-1,
4888,4889,4890,-1,
4889,4891,4890,-1,
4890,4891,4892,-1,
4891,4893,4892,-1,
4892,4893,4894,-1,
4893,4895,4894,-1,
4894,4895,4896,-1,
4895,4897,4896,-1,
4896,4897,4898,-1,
4897,4899,4898,-1,
4898,4899,4900,-1,
4899,4901,4900,-1,
4900,4901,4902,-1,
4901,4903,4902,-1,
4902,4903,4904,-1,
4904,4903,4905,-1,
4903,4906,4905,-1,
4906,4907,4905,-1,
4905,4907,4908,-1,
4907,4909,4908,-1,
4908,4909,4910,-1,
4910,4909,4911,-1,
4909,4912,4911,-1,
4911,4913,4914,-1,
4912,4913,4911,-1,
4914,4915,4916,-1,
4913,4915,4914,-1,
4916,4917,4918,-1,
4915,4917,4916,-1,
4918,4919,4920,-1,
4917,4919,4918,-1,
4920,4921,4922,-1,
4919,4921,4920,-1,
4922,4923,4924,-1,
4924,4923,4925,-1,
4921,4923,4922,-1,
4923,4926,4925,-1,
4925,4927,4928,-1,
4928,4927,4929,-1,
4926,4927,4925,-1,
4927,4930,4929,-1,
4929,4931,4932,-1,
4930,4931,4929,-1,
4932,4933,4934,-1,
4931,4933,4932,-1,
4934,4935,4936,-1,
4933,4935,4934,-1,
4937,4938,4939,-1,
4937,4939,4940,-1,
4941,4942,4943,-1,
4941,4943,4944,-1,
4945,4946,4947,-1,
4947,4946,4948,-1,
4948,4946,4949,-1,
4949,4946,4950,-1,
4950,4946,4951,-1,
4951,4946,4952,-1,
4952,4946,4953,-1,
4953,4946,4954,-1,
4954,4946,4955,-1,
4955,4946,4956,-1,
4956,4946,4957,-1,
4957,4946,4958,-1,
4958,4946,4959,-1,
4959,4946,4960,-1,
4960,4946,4961,-1,
4962,4963,4964,-1,
4963,4965,4964,-1,
4965,4966,4964,-1,
4967,4968,4966,-1,
4969,4970,4971,-1,
4971,4970,4972,-1,
4972,4970,4968,-1,
4964,4970,4973,-1,
4966,4970,4964,-1,
4968,4970,4966,-1,
4970,4974,4973,-1,
4973,4974,4946,-1,
4946,4974,4961,-1,
4974,4975,4961,-1,
4974,4976,4975,-1,
4976,4977,4975,-1,
4976,4978,4977,-1,
4979,4980,4978,-1,
4981,4982,4983,-1,
4983,4982,4980,-1,
4980,4982,4978,-1,
4984,4985,4982,-1,
4982,4985,4978,-1,
4985,4986,4978,-1,
4986,4987,4978,-1,
4988,4989,4987,-1,
4987,4989,4978,-1,
4989,4990,4978,-1,
4991,4992,4990,-1,
4990,4992,4978,-1,
4978,4993,4977,-1,
4992,4993,4978,-1,
4994,4995,4996,-1,
4996,4995,4997,-1,
4995,4998,4999,-1,
4995,5000,4998,-1,
4995,5001,5000,-1,
5001,5002,5003,-1,
5001,5004,5002,-1,
4994,5005,4995,-1,
4995,5005,5001,-1,
5001,5005,5004,-1,
4994,5006,5005,-1,
5007,5008,4994,-1,
4994,5008,5006,-1,
5007,5009,5008,-1,
5007,5010,5009,-1,
5007,5011,5010,-1,
5007,5012,5011,-1,
5007,5013,5012,-1,
5014,5015,5016,-1,
5007,5014,5016,-1,
5007,5016,5017,-1,
5007,5017,5018,-1,
5007,5018,5019,-1,
5007,5019,5020,-1,
5007,5020,5021,-1,
5007,5021,5022,-1,
5007,5022,5013,-1,
5023,5024,5025,-1,
5026,5027,5028,-1,
5028,5027,5029,-1,
5030,5031,5032,-1,
5032,5031,5033,-1,
5027,5034,5035,-1,
5034,5036,5037,-1,
5038,5039,5040,-1,
5039,5041,5042,-1,
5038,5041,5039,-1,
5041,5043,5044,-1,
5043,5045,5046,-1,
5046,5045,5047,-1,
5048,5049,5050,-1,
5051,5052,5053,-1,
5053,5052,5031,-1,
5033,5052,5024,-1,
5025,5052,5026,-1,
5036,5052,5054,-1,
5054,5052,5055,-1,
5055,5052,5056,-1,
5056,5052,5038,-1,
5024,5052,5025,-1,
5045,5052,5057,-1,
5057,5052,5058,-1,
5027,5052,5034,-1,
5058,5052,5059,-1,
5059,5052,5060,-1,
5060,5052,5048,-1,
5026,5052,5027,-1,
5049,5052,5061,-1,
5061,5052,5062,-1,
5062,5052,5063,-1,
5031,5052,5033,-1,
5063,5052,5064,-1,
5064,5052,5065,-1,
5065,5052,5066,-1,
5066,5052,5067,-1,
5067,5052,5068,-1,
5034,5052,5036,-1,
5038,5052,5041,-1,
5041,5052,5043,-1,
5043,5052,5045,-1,
5048,5052,5049,-1,
5051,5069,5052,-1,
5070,5071,5051,-1,
5051,5071,5069,-1,
5071,5072,5073,-1,
5071,5074,5072,-1,
5071,5075,5074,-1,
5071,5076,5075,-1,
5075,5076,5077,-1,
5077,5076,5078,-1,
5078,5076,5079,-1,
5079,5076,5080,-1,
5080,5076,5081,-1,
5081,5076,5082,-1,
5082,5076,5083,-1,
5083,5076,5084,-1,
5084,5076,5085,-1,
5085,5076,5086,-1,
5086,5076,5087,-1,
5087,5076,5088,-1,
5088,5076,5089,-1,
5089,5076,5090,-1,
5090,5076,5091,-1,
5091,5076,5092,-1,
5092,5076,5093,-1,
5093,5076,5094,-1,
5094,5076,5095,-1,
5095,5076,5096,-1,
5076,5097,5096,-1,
5076,5098,5097,-1,
5076,5099,5098,-1,
5076,5100,5099,-1,
5076,5101,5100,-1,
5076,5102,5101,-1,
5076,5103,5102,-1,
5076,5104,5103,-1,
5076,5105,5104,-1,
5105,5106,5107,-1,
5107,5106,5108,-1,
5108,5106,5109,-1,
5109,5106,5110,-1,
5110,5106,5111,-1,
5111,5106,5112,-1,
5112,5106,5113,-1,
5113,5106,5114,-1,
5114,5106,5115,-1,
5115,5106,5116,-1,
5116,5106,5117,-1,
5117,5106,5118,-1,
5118,5106,5119,-1,
5119,5106,5120,-1,
5120,5106,5121,-1,
5121,5106,5122,-1,
5122,5106,5123,-1,
5106,5124,5123,-1,
5106,5125,5124,-1,
5106,5126,5125,-1,
5106,5127,5126,-1,
5106,5128,5127,-1,
5106,5129,5128,-1,
5106,5130,5129,-1,
5106,5131,5130,-1,
5106,5132,5131,-1,
5106,5133,5132,-1,
5106,5134,5133,-1,
5106,5135,5134,-1,
5106,5136,5135,-1,
5106,5137,5136,-1,
5106,5138,5137,-1,
5106,5139,5138,-1,
5106,5140,5139,-1,
5106,5141,5140,-1,
5073,5069,5071,-1,
5076,5106,5105,-1,
5142,5143,5144,-1,
5142,5144,5145,-1,
5146,5147,5148,-1,
5146,5148,5149,-1,
5146,5149,5150,-1,
5146,5150,5151,-1,
5146,5151,5152,-1,
5146,5152,5153,-1,
5146,5153,5154,-1,
5146,5154,5155,-1,
5146,5155,5156,-1,
5146,5156,5157,-1,
5146,5157,5158,-1,
5146,5158,5159,-1,
5146,5159,5160,-1,
5146,5160,5161,-1,
5146,5161,5162,-1,
5163,5164,5165,-1,
5166,5167,5168,-1,
5166,5168,5169,-1,
5166,5169,5170,-1,
5166,5170,5163,-1,
5166,5163,5165,-1,
5171,5166,5165,-1,
5171,5172,5173,-1,
5171,5173,5166,-1,
5171,5165,5174,-1,
5175,5174,5146,-1,
5175,5146,5162,-1,
5175,5171,5174,-1,
5176,5175,5162,-1,
5177,5175,5176,-1,
5178,5177,5176,-1,
5179,5177,5178,-1,
5180,5181,5179,-1,
5182,5183,5180,-1,
5182,5180,5179,-1,
5184,5182,5179,-1,
5185,5184,5179,-1,
5186,5185,5179,-1,
5187,5186,5179,-1,
5188,5189,5190,-1,
5188,5190,5187,-1,
5188,5187,5179,-1,
5191,5188,5179,-1,
5192,5193,5191,-1,
5192,5191,5179,-1,
5194,5179,5178,-1,
5194,5192,5179,-1,
5195,5196,5197,-1,
5198,5195,5199,-1,
5198,5199,5200,-1,
5201,5196,5195,-1,
5201,5195,5198,-1,
5202,5201,5203,-1,
5202,5203,5204,-1,
5205,5202,5206,-1,
5205,5196,5201,-1,
5205,5201,5202,-1,
5207,5196,5205,-1,
5208,5209,5196,-1,
5208,5196,5207,-1,
5210,5209,5208,-1,
5211,5209,5210,-1,
5212,5209,5211,-1,
5213,5209,5212,-1,
5214,5209,5213,-1,
5215,5216,5217,-1,
5216,5209,5217,-1,
5217,5209,5218,-1,
5218,5209,5219,-1,
5219,5209,5220,-1,
5220,5209,5221,-1,
5221,5209,5222,-1,
5222,5209,5223,-1,
5223,5209,5214,-1,
5224,5225,5226,-1,
5227,5228,5229,-1,
5227,5229,5230,-1,
5231,5232,5233,-1,
5231,5233,5234,-1,
5235,5227,5236,-1,
5237,5235,5238,-1,
5239,5240,5241,-1,
5242,5239,5243,-1,
5242,5240,5239,-1,
5244,5242,5245,-1,
5246,5244,5247,-1,
5246,5247,5248,-1,
5249,5250,5251,-1,
5252,5253,5254,-1,
5252,5254,5231,-1,
5252,5234,5224,-1,
5252,5226,5228,-1,
5252,5237,5255,-1,
5252,5255,5256,-1,
5252,5256,5257,-1,
5252,5257,5240,-1,
5252,5224,5226,-1,
5252,5246,5258,-1,
5252,5258,5259,-1,
5252,5259,5260,-1,
5252,5227,5235,-1,
5252,5260,5261,-1,
5252,5261,5250,-1,
5252,5228,5227,-1,
5252,5249,5262,-1,
5252,5262,5263,-1,
5252,5263,5264,-1,
5252,5264,5265,-1,
5252,5231,5234,-1,
5252,5265,5266,-1,
5252,5266,5267,-1,
5252,5267,5268,-1,
5252,5268,5269,-1,
5252,5235,5237,-1,
5252,5240,5242,-1,
5252,5242,5244,-1,
5252,5244,5246,-1,
5252,5250,5249,-1,
5270,5253,5252,-1,
5271,5272,5253,-1,
5271,5253,5270,-1,
5273,5271,5274,-1,
5275,5271,5273,-1,
5276,5271,5275,-1,
5277,5271,5276,-1,
5277,5276,5278,-1,
5277,5278,5279,-1,
5277,5279,5280,-1,
5277,5280,5281,-1,
5277,5281,5282,-1,
5277,5282,5283,-1,
5277,5283,5284,-1,
5277,5284,5285,-1,
5277,5285,5286,-1,
5277,5286,5287,-1,
5277,5287,5288,-1,
5277,5288,5289,-1,
5277,5289,5290,-1,
5277,5290,5291,-1,
5277,5291,5292,-1,
5277,5292,5293,-1,
5277,5293,5294,-1,
5277,5294,5295,-1,
5277,5295,5296,-1,
5277,5296,5297,-1,
5298,5277,5297,-1,
5299,5277,5298,-1,
5300,5277,5299,-1,
5301,5277,5300,-1,
5302,5277,5301,-1,
5303,5277,5302,-1,
5304,5277,5303,-1,
5305,5277,5304,-1,
5306,5277,5305,-1,
5307,5306,5308,-1,
5307,5308,5309,-1,
5307,5309,5310,-1,
5307,5310,5311,-1,
5307,5311,5312,-1,
5307,5312,5313,-1,
5307,5313,5314,-1,
5307,5314,5315,-1,
5307,5315,5316,-1,
5307,5316,5317,-1,
5307,5317,5318,-1,
5307,5318,5319,-1,
5307,5319,5320,-1,
5307,5320,5321,-1,
5307,5321,5322,-1,
5307,5322,5323,-1,
5307,5323,5324,-1,
5325,5307,5324,-1,
5326,5307,5325,-1,
5327,5307,5326,-1,
5328,5307,5327,-1,
5329,5307,5328,-1,
5330,5307,5329,-1,
5331,5307,5330,-1,
5332,5307,5331,-1,
5333,5307,5332,-1,
5334,5307,5333,-1,
5335,5307,5334,-1,
5336,5307,5335,-1,
5337,5307,5336,-1,
5338,5307,5337,-1,
5339,5307,5338,-1,
5340,5307,5339,-1,
5341,5307,5340,-1,
5342,5307,5341,-1,
5270,5274,5271,-1,
5307,5277,5306,-1,
5343,5344,5345,-1,
5343,5346,5344,-1,
5347,5345,5348,-1,
5347,5343,5345,-1,
5349,5348,5350,-1,
5349,5347,5348,-1,
5351,5350,5352,-1,
5351,5349,5350,-1,
5353,5352,5354,-1,
5353,5351,5352,-1,
5355,5354,5356,-1,
5355,5353,5354,-1,
5357,5356,5358,-1,
5357,5355,5356,-1,
5359,5358,5360,-1,
5359,5357,5358,-1,
5361,5360,5362,-1,
5361,5359,5360,-1,
5363,5362,5364,-1,
5363,5361,5362,-1,
5365,5364,5366,-1,
5365,5363,5364,-1,
5367,5366,5368,-1,
5367,5365,5366,-1,
5369,5368,5370,-1,
5369,5367,5368,-1,
5371,5372,5373,-1,
5371,5370,5372,-1,
5371,5369,5370,-1,
5374,5373,5375,-1,
5374,5371,5373,-1,
5376,5374,5375,-1,
5377,5378,5379,-1,
5377,5380,5378,-1,
5381,5382,5383,-1,
5381,5383,5384,-1,
5385,5384,5386,-1,
5385,5381,5384,-1,
5387,5386,5388,-1,
5387,5385,5386,-1,
5389,5388,5390,-1,
5389,5387,5388,-1,
5391,5390,5392,-1,
5391,5389,5390,-1,
5393,5392,5394,-1,
5393,5391,5392,-1,
5395,5394,5396,-1,
5395,5393,5394,-1,
5397,5396,5398,-1,
5397,5395,5396,-1,
5399,5398,5400,-1,
5399,5397,5398,-1,
5401,5402,5403,-1,
5401,5400,5402,-1,
5401,5399,5400,-1,
5404,5401,5403,-1,
5405,5406,5407,-1,
5405,5407,5408,-1,
5409,5410,5411,-1,
5409,5411,5412,-1,
5413,5414,5415,-1,
5413,5416,5414,-1,
5417,5418,5419,-1,
5417,5419,5420,-1,
5421,5420,5422,-1,
5421,5417,5420,-1,
5423,5422,5424,-1,
5423,5421,5422,-1,
5425,5424,5426,-1,
5425,5423,5424,-1,
5427,5426,5428,-1,
5427,5425,5426,-1,
5429,5428,5430,-1,
5429,5427,5428,-1,
5431,5430,5432,-1,
5431,5429,5430,-1,
5433,5432,5434,-1,
5433,5431,5432,-1,
5435,5434,5436,-1,
5435,5433,5434,-1,
5437,5436,5438,-1,
5437,5435,5436,-1,
5439,5438,5440,-1,
5439,5437,5438,-1,
5441,5440,5442,-1,
5441,5439,5440,-1,
5443,5442,5444,-1,
5443,5441,5442,-1,
5445,5444,5446,-1,
5445,5443,5444,-1,
5447,5448,5449,-1,
5447,5450,5448,-1,
5451,5452,5453,-1,
5453,5452,5454,-1,
5454,5455,5456,-1,
5452,5455,5454,-1,
5456,5457,5458,-1,
5455,5457,5456,-1,
5458,5459,5460,-1,
5457,5459,5458,-1,
5460,5461,5462,-1,
5459,5461,5460,-1,
5462,5463,5464,-1,
5461,5463,5462,-1,
5464,5465,5466,-1,
5463,5465,5464,-1,
5466,5467,5468,-1,
5465,5467,5466,-1,
5468,5469,5470,-1,
5467,5469,5468,-1,
5470,5471,5472,-1,
5469,5471,5470,-1,
5472,5473,5474,-1,
5471,5473,5472,-1,
5474,5475,5476,-1,
5473,5475,5474,-1,
5477,5478,5479,-1,
5477,5480,5478,-1,
5481,5482,5483,-1,
5481,5483,5484,-1,
5485,5484,5486,-1,
5485,5481,5484,-1,
5487,5486,5488,-1,
5487,5485,5486,-1,
5489,5488,5490,-1,
5489,5487,5488,-1,
5491,5490,5492,-1,
5491,5489,5490,-1,
5493,5492,5494,-1,
5493,5491,5492,-1,
5495,5494,5496,-1,
5495,5493,5494,-1,
5497,5496,5498,-1,
5497,5495,5496,-1,
5499,5500,5501,-1,
5499,5498,5500,-1,
5499,5497,5498,-1,
5502,5499,5501,-1,
5503,5504,5505,-1,
5503,5501,5504,-1,
5503,5502,5501,-1,
5506,5503,5505,-1,
5507,5508,5509,-1,
5507,5509,5510,-1,
5511,5512,5513,-1,
5511,5513,5514,-1,
5515,5516,5517,-1,
5515,5517,5518,-1,
5519,5520,5521,-1,
5519,5521,5522,-1,
5523,5522,5524,-1,
5523,5519,5522,-1,
5525,5524,5526,-1,
5525,5523,5524,-1,
5527,5526,5528,-1,
5527,5525,5526,-1,
5529,5528,5530,-1,
5529,5527,5528,-1,
5531,5530,5532,-1,
5531,5529,5530,-1,
5533,5532,5534,-1,
5533,5531,5532,-1,
5535,5533,5534,-1,
5535,5534,5536,-1,
5537,5535,5536,-1,
5537,5536,5538,-1,
5539,5537,5538,-1,
5539,5538,5540,-1,
5541,5539,5540,-1,
5541,5540,5542,-1,
5543,5541,5542,-1,
5543,5544,5545,-1,
5543,5542,5544,-1,
5546,5543,5545,-1,
5547,5545,5548,-1,
5547,5546,5545,-1,
5549,5548,5550,-1,
5549,5547,5548,-1,
5551,5550,5552,-1,
5551,5549,5550,-1,
5553,5552,5554,-1,
5553,5551,5552,-1,
5555,5554,5556,-1,
5555,5553,5554,-1,
5557,5556,5558,-1,
5557,5555,5556,-1,
5559,5558,5560,-1,
5559,5557,5558,-1,
5561,5560,5562,-1,
5561,5559,5560,-1,
5563,5564,5565,-1,
5563,5562,5564,-1,
5563,5561,5562,-1,
5566,5565,5567,-1,
5566,5563,5565,-1,
5568,5566,5567,-1,
5569,5567,5570,-1,
5569,5568,5567,-1,
5571,5570,5572,-1,
5571,5569,5570,-1,
5573,5574,5575,-1,
5573,5572,5574,-1,
5573,5571,5572,-1,
5576,5573,5575,-1,
5577,5575,5578,-1,
5577,5576,5575,-1,
5579,5580,5581,-1,
5579,5578,5580,-1,
5579,5577,5578,-1,
5582,5579,5581,-1,
5583,5581,5584,-1,
5583,5582,5581,-1,
5585,5586,5587,-1,
5585,5587,5588,-1,
5589,5590,5591,-1,
5591,5590,5592,-1,
5592,5593,5594,-1,
5590,5593,5592,-1,
5594,5595,5596,-1,
5593,5595,5594,-1,
5596,5597,5598,-1,
5595,5597,5596,-1,
5598,5599,5600,-1,
5597,5599,5598,-1,
5600,5601,5602,-1,
5599,5601,5600,-1,
5602,5603,5604,-1,
5601,5603,5602,-1,
5604,5605,5606,-1,
5603,5605,5604,-1,
5605,5607,5606,-1,
5606,5607,5608,-1,
5607,5609,5608,-1,
5608,5609,5610,-1,
5609,5611,5610,-1,
5610,5611,5612,-1,
5611,5613,5612,-1,
5612,5613,5614,-1,
5613,5615,5614,-1,
5614,5615,5616,-1,
5615,5617,5616,-1,
5616,5617,5618,-1,
5617,5619,5618,-1,
5618,5619,5620,-1,
5619,5621,5620,-1,
5620,5621,5622,-1,
5621,5623,5622,-1,
5622,5623,5624,-1,
5623,5625,5624,-1,
5624,5625,5626,-1,
5625,5627,5626,-1,
5626,5627,5628,-1,
5628,5627,5629,-1,
5627,5630,5629,-1,
5629,5631,5632,-1,
5630,5631,5629,-1,
5631,5633,5632,-1,
5632,5633,5634,-1,
5634,5635,5636,-1,
5633,5635,5634,-1,
5636,5637,5638,-1,
5635,5637,5636,-1,
5638,5639,5640,-1,
5637,5639,5638,-1,
5640,5641,5642,-1,
5642,5641,5643,-1,
5639,5641,5640,-1,
5641,5644,5643,-1,
5643,5645,5646,-1,
5646,5645,5647,-1,
5644,5645,5643,-1,
5645,5648,5647,-1,
5647,5649,5650,-1,
5648,5649,5647,-1,
5650,5651,5652,-1,
5649,5651,5650,-1,
5652,5653,5654,-1,
5651,5653,5652,-1,
5655,5656,5657,-1,
5655,5657,5658,-1,
5659,5660,5661,-1,
5659,5662,5660,-1,
5663,5664,5665,-1,
5663,5665,5666,-1,
5667,5663,5666,-1,
5667,5666,5668,-1,
5669,5667,5668,-1,
5669,5668,5670,-1,
5671,5669,5670,-1,
5671,5670,5672,-1,
5673,5671,5672,-1,
5673,5672,5674,-1,
5675,5673,5674,-1,
5675,5674,5676,-1,
5677,5675,5676,-1,
5677,5676,5678,-1,
5679,5677,5678,-1,
5679,5678,5680,-1,
5681,5679,5680,-1,
5681,5680,5682,-1,
5683,5682,5684,-1,
5683,5681,5682,-1,
5685,5684,5686,-1,
5685,5683,5684,-1,
5687,5686,5688,-1,
5687,5685,5686,-1,
5689,5688,5690,-1,
5689,5687,5688,-1,
5691,5692,5693,-1,
5691,5690,5692,-1,
5691,5689,5690,-1,
5694,5691,5693,-1,
5695,5693,5696,-1,
5695,5694,5693,-1,
5697,5696,5698,-1,
5697,5695,5696,-1,
5699,5698,5700,-1,
5699,5697,5698,-1,
5701,5702,5703,-1,
5701,5700,5702,-1,
5701,5699,5700,-1,
5704,5701,5703,-1,
5705,5703,5706,-1,
5705,5704,5703,-1,
5707,5706,5708,-1,
5707,5705,5706,-1,
5709,5708,5710,-1,
5709,5707,5708,-1,
5711,5710,5712,-1,
5711,5709,5710,-1,
5713,5714,5715,-1,
5713,5712,5714,-1,
5713,5711,5712,-1,
5716,5713,5715,-1,
5717,5716,5715,-1,
5717,5715,5718,-1,
5719,5717,5718,-1,
5719,5718,5720,-1,
5721,5719,5720,-1,
5721,5720,5722,-1,
5723,5724,5725,-1,
5723,5722,5724,-1,
5723,5721,5722,-1,
5726,5723,5725,-1,
5727,5725,5728,-1,
5727,5726,5725,-1,
5729,5728,5730,-1,
5729,5727,5728,-1,
5731,5730,5732,-1,
5731,5729,5730,-1,
5733,5732,5734,-1,
5733,5731,5732,-1,
5735,5734,5736,-1,
5735,5733,5734,-1,
5737,5736,5738,-1,
5737,5735,5736,-1,
5739,5738,5740,-1,
5739,5737,5738,-1,
5741,5742,5743,-1,
5741,5740,5742,-1,
5741,5739,5740,-1,
5744,5741,5743,-1,
5745,5746,5747,-1,
5745,5743,5746,-1,
5745,5744,5743,-1,
5748,5745,5747,-1,
5749,5747,5750,-1,
5749,5748,5747,-1,
5751,5750,5752,-1,
5751,5749,5750,-1,
5753,5754,5755,-1,
5753,5755,5756,-1,
5757,5758,5759,-1,
5757,5760,5758,-1,
5761,5762,5763,-1,
5763,5762,5764,-1,
5764,5762,5765,-1,
5765,5762,5766,-1,
5766,5762,5767,-1,
5767,5762,5768,-1,
5768,5762,5769,-1,
5769,5762,5770,-1,
5770,5762,5771,-1,
5771,5762,5772,-1,
5772,5762,5773,-1,
5773,5762,5774,-1,
5774,5762,5775,-1,
5775,5762,5776,-1,
5776,5762,5777,-1,
5778,5779,5780,-1,
5781,5782,5783,-1,
5783,5782,5779,-1,
5780,5782,5784,-1,
5784,5782,5785,-1,
5779,5782,5780,-1,
5786,5787,5788,-1,
5788,5787,5782,-1,
5785,5787,5789,-1,
5782,5787,5785,-1,
5789,5790,5762,-1,
5762,5790,5777,-1,
5787,5790,5789,-1,
5790,5791,5777,-1,
5790,5792,5791,-1,
5792,5793,5791,-1,
5792,5794,5793,-1,
5795,5796,5797,-1,
5796,5798,5799,-1,
5796,5800,5798,-1,
5796,5801,5800,-1,
5801,5802,5803,-1,
5801,5804,5802,-1,
5805,5806,5795,-1,
5795,5806,5796,-1,
5796,5806,5801,-1,
5801,5806,5804,-1,
5805,5807,5806,-1,
5808,5809,5805,-1,
5805,5809,5807,-1,
5808,5810,5809,-1,
5808,5811,5810,-1,
5808,5812,5811,-1,
5808,5813,5812,-1,
5808,5814,5813,-1,
5815,5816,5817,-1,
5808,5815,5817,-1,
5808,5817,5818,-1,
5808,5818,5819,-1,
5808,5819,5820,-1,
5808,5820,5821,-1,
5808,5821,5822,-1,
5808,5822,5823,-1,
5808,5823,5814,-1,
5824,5825,5826,-1,
5825,5827,5826,-1,
5825,5828,5827,-1,
5828,5829,5827,-1,
5828,5830,5829,-1,
5831,5830,5828,-1,
5832,5833,5834,-1,
5835,5836,5837,-1,
5837,5836,5838,-1,
5836,5839,5840,-1,
5841,5842,5843,-1,
5844,5845,5846,-1,
5832,5847,5833,-1,
5835,5847,5836,-1,
5836,5847,5839,-1,
5848,5847,5849,-1,
5849,5847,5850,-1,
5850,5847,5830,-1,
5841,5847,5842,-1,
5829,5847,5851,-1,
5851,5847,5852,-1,
5852,5847,5853,-1,
5853,5847,5832,-1,
5833,5847,5835,-1,
5844,5847,5845,-1,
5839,5847,5854,-1,
5854,5847,5855,-1,
5855,5847,5841,-1,
5842,5847,5856,-1,
5856,5847,5857,-1,
5857,5847,5844,-1,
5845,5847,5858,-1,
5858,5847,5859,-1,
5859,5847,5860,-1,
5860,5847,5861,-1,
5861,5847,5862,-1,
5862,5847,5863,-1,
5863,5847,5864,-1,
5864,5847,5865,-1,
5865,5847,5866,-1,
5866,5847,5867,-1,
5867,5847,5868,-1,
5868,5847,5869,-1,
5830,5847,5829,-1,
5848,5870,5847,-1,
5848,5871,5870,-1,
5872,5873,5874,-1,
5874,5873,5875,-1,
5875,5873,5876,-1,
5876,5873,5877,-1,
5877,5873,5878,-1,
5878,5873,5879,-1,
5879,5873,5880,-1,
5880,5873,5881,-1,
5881,5873,5882,-1,
5882,5873,5883,-1,
5883,5873,5884,-1,
5884,5873,5885,-1,
5885,5873,5886,-1,
5886,5873,5887,-1,
5887,5873,5888,-1,
5888,5873,5889,-1,
5889,5873,5890,-1,
5890,5873,5891,-1,
5891,5873,5892,-1,
5892,5873,5893,-1,
5893,5873,5894,-1,
5894,5873,5895,-1,
5895,5873,5896,-1,
5896,5873,5897,-1,
5897,5873,5898,-1,
5898,5873,5899,-1,
5899,5873,5900,-1,
5900,5873,5901,-1,
5901,5873,5902,-1,
5902,5873,5871,-1,
5871,5873,5870,-1,
5873,5903,5904,-1,
5905,5873,5906,-1,
5905,5906,5907,-1,
5906,5873,5908,-1,
5908,5873,5872,-1,
5904,5870,5873,-1,
5909,5910,5911,-1,
5909,5912,5910,-1,
5913,5914,5915,-1,
5913,5915,5916,-1,
5913,5916,5917,-1,
5913,5917,5918,-1,
5913,5918,5919,-1,
5913,5919,5920,-1,
5913,5920,5921,-1,
5913,5921,5922,-1,
5913,5922,5923,-1,
5913,5923,5924,-1,
5913,5924,5925,-1,
5913,5925,5926,-1,
5913,5926,5927,-1,
5913,5927,5928,-1,
5913,5928,5929,-1,
5930,5931,5932,-1,
5933,5934,5935,-1,
5933,5935,5930,-1,
5933,5932,5936,-1,
5933,5936,5937,-1,
5933,5930,5932,-1,
5938,5939,5940,-1,
5938,5940,5933,-1,
5938,5937,5941,-1,
5938,5933,5937,-1,
5942,5941,5913,-1,
5942,5913,5929,-1,
5942,5938,5941,-1,
5943,5942,5929,-1,
5944,5942,5943,-1,
5945,5944,5943,-1,
5946,5944,5945,-1,
5947,5948,5949,-1,
5947,5949,5950,-1,
5951,5947,5952,-1,
5953,5947,5951,-1,
5954,5947,5953,-1,
5955,5954,5956,-1,
5957,5954,5955,-1,
5958,5948,5947,-1,
5958,5947,5954,-1,
5958,5954,5957,-1,
5959,5948,5958,-1,
5960,5961,5948,-1,
5960,5948,5959,-1,
5962,5961,5960,-1,
5963,5961,5962,-1,
5964,5961,5963,-1,
5965,5961,5964,-1,
5966,5961,5965,-1,
5967,5968,5969,-1,
5968,5961,5969,-1,
5969,5961,5970,-1,
5970,5961,5971,-1,
5971,5961,5972,-1,
5972,5961,5973,-1,
5973,5961,5974,-1,
5974,5961,5975,-1,
5975,5961,5966,-1,
5976,5977,5978,-1,
5979,5976,5978,-1,
5980,5981,5976,-1,
5980,5976,5979,-1,
5982,5980,5979,-1,
5982,5979,5983,-1,
5984,5980,5982,-1,
5985,5984,5982,-1,
5985,5982,5986,-1,
5987,5988,5989,-1,
5987,5989,5984,-1,
5987,5984,5985,-1,
5990,5991,5992,-1,
5993,5994,5995,-1,
5993,5995,5996,-1,
5993,5996,5997,-1,
5998,5993,5999,-1,
6000,5998,6001,-1,
6002,6003,6004,-1,
6005,6003,6002,-1,
6006,5988,5987,-1,
6006,5991,5990,-1,
6006,5994,5993,-1,
6006,5993,5998,-1,
6006,6007,5988,-1,
6006,5998,6000,-1,
6006,5987,5991,-1,
6006,5990,5994,-1,
6006,6003,6005,-1,
6006,6000,6008,-1,
6006,6008,6009,-1,
6006,6009,6010,-1,
6006,6010,6003,-1,
6006,6005,6011,-1,
6006,6011,6012,-1,
6006,6012,6013,-1,
6006,6013,6014,-1,
6006,6014,6015,-1,
6006,6015,6016,-1,
6006,6016,6017,-1,
6006,6017,6018,-1,
6006,6018,6019,-1,
6006,6019,6020,-1,
6006,6020,6021,-1,
6022,6007,6006,-1,
6023,6007,6022,-1,
6024,6025,6026,-1,
6024,6026,6027,-1,
6024,6027,6028,-1,
6024,6028,6029,-1,
6024,6029,6030,-1,
6024,6030,6031,-1,
6024,6031,6032,-1,
6024,6032,6033,-1,
6024,6033,6034,-1,
6024,6034,6035,-1,
6024,6035,6036,-1,
6024,6036,6037,-1,
6024,6037,6038,-1,
6024,6038,6039,-1,
6024,6039,6040,-1,
6024,6040,6041,-1,
6024,6041,6042,-1,
6024,6042,6043,-1,
6024,6043,6044,-1,
6024,6044,6045,-1,
6024,6045,6046,-1,
6024,6046,6047,-1,
6024,6047,6048,-1,
6024,6048,6049,-1,
6024,6049,6050,-1,
6024,6050,6051,-1,
6024,6051,6052,-1,
6024,6052,6053,-1,
6024,6053,6054,-1,
6024,6054,6023,-1,
6024,6023,6022,-1,
6024,6055,6056,-1,
6056,6055,6057,-1,
6024,6056,6058,-1,
6024,6058,6025,-1,
6022,6059,6024,-1,
6059,6060,6024,-1,
6061,6062,6063,-1,
6061,6064,6062,-1,
6065,6063,6066,-1,
6065,6061,6063,-1,
6067,6066,6068,-1,
6067,6065,6066,-1,
6069,6068,6070,-1,
6069,6067,6068,-1,
6071,6070,6072,-1,
6071,6069,6070,-1,
6073,6072,6074,-1,
6073,6071,6072,-1,
6075,6074,6076,-1,
6075,6073,6074,-1,
6077,6076,6078,-1,
6077,6075,6076,-1,
6079,6078,6080,-1,
6079,6077,6078,-1,
6081,6080,6082,-1,
6081,6079,6080,-1,
6083,6082,6084,-1,
6083,6081,6082,-1,
6085,6084,6086,-1,
6085,6083,6084,-1,
6087,6086,6088,-1,
6087,6085,6086,-1,
6089,6090,6091,-1,
6089,6088,6090,-1,
6089,6087,6088,-1,
6092,6091,6093,-1,
6092,6089,6091,-1,
6094,6092,6093,-1,
6095,6096,6097,-1,
6095,6098,6096,-1,
6099,6100,6101,-1,
6099,6101,6102,-1,
6103,6102,6104,-1,
6103,6099,6102,-1,
6105,6104,6106,-1,
6105,6103,6104,-1,
6107,6106,6108,-1,
6107,6105,6106,-1,
6109,6108,6110,-1,
6109,6107,6108,-1,
6111,6110,6112,-1,
6111,6109,6110,-1,
6113,6112,6114,-1,
6113,6111,6112,-1,
6115,6114,6116,-1,
6115,6113,6114,-1,
6117,6118,6119,-1,
6117,6116,6118,-1,
6117,6115,6116,-1,
6120,6119,6121,-1,
6120,6117,6119,-1,
6122,6120,6121,-1,
6123,6124,6125,-1,
6123,6125,6126,-1,
6127,6128,6129,-1,
6127,6129,6130,-1,
6131,6132,6133,-1,
6131,6134,6132,-1,
6135,6136,6137,-1,
6137,6136,6138,-1,
6138,6139,6140,-1,
6136,6139,6138,-1,
6140,6141,6142,-1,
6139,6141,6140,-1,
6142,6143,6144,-1,
6141,6143,6142,-1,
6144,6145,6146,-1,
6143,6145,6144,-1,
6146,6147,6148,-1,
6145,6147,6146,-1,
6148,6149,6150,-1,
6147,6149,6148,-1,
6150,6151,6152,-1,
6149,6151,6150,-1,
6152,6153,6154,-1,
6151,6153,6152,-1,
6154,6155,6156,-1,
6153,6155,6154,-1,
6156,6157,6158,-1,
6155,6157,6156,-1,
6158,6159,6160,-1,
6157,6159,6158,-1,
6161,6162,6163,-1,
6161,6164,6162,-1,
6165,6166,6167,-1,
6165,6167,6168,-1,
6169,6168,6170,-1,
6169,6165,6168,-1,
6171,6170,6172,-1,
6171,6169,6170,-1,
6173,6172,6174,-1,
6173,6171,6172,-1,
6175,6174,6176,-1,
6175,6173,6174,-1,
6177,6176,6178,-1,
6177,6175,6176,-1,
6179,6178,6180,-1,
6179,6177,6178,-1,
6181,6180,6182,-1,
6181,6179,6180,-1,
6183,6184,6185,-1,
6183,6182,6184,-1,
6183,6181,6182,-1,
6186,6183,6185,-1,
6187,6188,6189,-1,
6187,6185,6188,-1,
6187,6186,6185,-1,
6190,6187,6189,-1,
6191,6192,6193,-1,
6191,6193,6194,-1,
6195,6196,6197,-1,
6195,6197,6198,-1,
6199,6200,6201,-1,
6199,6201,6202,-1,
6203,6204,6205,-1,
6203,6206,6204,-1,
6207,6208,6209,-1,
6207,6209,6210,-1,
6211,6207,6210,-1,
6211,6210,6212,-1,
6213,6211,6212,-1,
6213,6212,6214,-1,
6215,6213,6214,-1,
6215,6214,6216,-1,
6217,6215,6216,-1,
6217,6216,6218,-1,
6219,6217,6218,-1,
6219,6218,6220,-1,
6221,6219,6220,-1,
6221,6220,6222,-1,
6223,6221,6222,-1,
6223,6222,6224,-1,
6225,6223,6224,-1,
6225,6224,6226,-1,
6227,6226,6228,-1,
6227,6225,6226,-1,
6229,6228,6230,-1,
6229,6227,6228,-1,
6231,6230,6232,-1,
6231,6229,6230,-1,
6233,6232,6234,-1,
6233,6231,6232,-1,
6235,6234,6236,-1,
6235,6233,6234,-1,
6237,6236,6238,-1,
6237,6235,6236,-1,
6239,6238,6240,-1,
6239,6237,6238,-1,
6241,6240,6242,-1,
6241,6239,6240,-1,
6243,6242,6244,-1,
6243,6241,6242,-1,
6245,6244,6246,-1,
6245,6243,6244,-1,
6247,6246,6248,-1,
6247,6245,6246,-1,
6249,6248,6250,-1,
6249,6247,6248,-1,
6251,6250,6252,-1,
6251,6249,6250,-1,
6253,6252,6254,-1,
6253,6251,6252,-1,
6255,6254,6256,-1,
6255,6253,6254,-1,
6257,6256,6258,-1,
6257,6255,6256,-1,
6259,6258,6260,-1,
6259,6257,6258,-1,
6261,6259,6260,-1,
6261,6260,6262,-1,
6263,6261,6262,-1,
6263,6262,6264,-1,
6265,6263,6264,-1,
6265,6264,6266,-1,
6267,6266,6268,-1,
6267,6265,6266,-1,
6269,6268,6270,-1,
6269,6267,6268,-1,
6271,6270,6272,-1,
6271,6269,6270,-1,
6273,6274,6275,-1,
6273,6272,6274,-1,
6273,6271,6272,-1,
6276,6273,6275,-1,
6277,6275,6278,-1,
6277,6276,6275,-1,
6279,6278,6280,-1,
6279,6277,6278,-1,
6281,6280,6282,-1,
6281,6279,6280,-1,
6283,6282,6284,-1,
6283,6281,6282,-1,
6285,6286,6287,-1,
6285,6284,6286,-1,
6285,6283,6284,-1,
6288,6285,6287,-1,
6289,6287,6290,-1,
6289,6288,6287,-1,
6291,6290,6292,-1,
6291,6289,6290,-1,
6293,6294,6295,-1,
6293,6292,6294,-1,
6293,6291,6292,-1,
6296,6293,6295,-1,
6297,6298,6299,-1,
6297,6299,6300,-1,
6301,6302,6303,-1,
6301,6303,6304,-1,
6305,6306,6307,-1,
6307,6306,6308,-1,
6308,6309,6310,-1,
6306,6309,6308,-1,
6310,6311,6312,-1,
6309,6311,6310,-1,
6312,6313,6314,-1,
6311,6313,6312,-1,
6314,6315,6316,-1,
6313,6315,6314,-1,
6316,6317,6318,-1,
6315,6317,6316,-1,
6318,6319,6320,-1,
6317,6319,6318,-1,
6320,6321,6322,-1,
6319,6321,6320,-1,
6321,6323,6322,-1,
6322,6323,6324,-1,
6323,6325,6324,-1,
6324,6325,6326,-1,
6325,6327,6326,-1,
6326,6327,6328,-1,
6327,6329,6328,-1,
6328,6329,6330,-1,
6329,6331,6330,-1,
6330,6331,6332,-1,
6331,6333,6332,-1,
6332,6333,6334,-1,
6333,6335,6334,-1,
6334,6335,6336,-1,
6335,6337,6336,-1,
6336,6337,6338,-1,
6338,6337,6339,-1,
6337,6340,6339,-1,
6340,6341,6339,-1,
6339,6341,6342,-1,
6341,6343,6342,-1,
6342,6343,6344,-1,
6344,6343,6345,-1,
6343,6346,6345,-1,
6345,6347,6348,-1,
6346,6347,6345,-1,
6348,6349,6350,-1,
6347,6349,6348,-1,
6350,6351,6352,-1,
6349,6351,6350,-1,
6352,6353,6354,-1,
6351,6353,6352,-1,
6354,6355,6356,-1,
6353,6355,6354,-1,
6356,6357,6358,-1,
6358,6357,6359,-1,
6355,6357,6356,-1,
6357,6360,6359,-1,
6359,6361,6362,-1,
6362,6361,6363,-1,
6360,6361,6359,-1,
6361,6364,6363,-1,
6363,6365,6366,-1,
6364,6365,6363,-1,
6366,6367,6368,-1,
6365,6367,6366,-1,
6368,6369,6370,-1,
6367,6369,6368,-1,
6371,6372,6373,-1,
6371,6373,6374,-1,
6375,6376,6377,-1,
6375,6377,6378,-1,
6379,6380,6381,-1,
6379,6382,6380,-1,
6383,6384,6385,-1,
6385,6384,6386,-1,
6386,6387,6388,-1,
6384,6387,6386,-1,
6388,6389,6390,-1,
6387,6389,6388,-1,
6390,6391,6392,-1,
6389,6391,6390,-1,
6392,6393,6394,-1,
6391,6393,6392,-1,
6394,6395,6396,-1,
6393,6395,6394,-1,
6396,6397,6398,-1,
6395,6397,6396,-1,
6398,6399,6400,-1,
6397,6399,6398,-1,
6400,6401,6402,-1,
6399,6401,6400,-1,
6402,6403,6404,-1,
6401,6403,6402,-1,
6404,6405,6406,-1,
6403,6405,6404,-1,
6406,6407,6408,-1,
6405,6407,6406,-1,
6409,6410,6411,-1,
6409,6412,6410,-1,
6413,6414,6415,-1,
6413,6415,6416,-1,
6417,6416,6418,-1,
6417,6413,6416,-1,
6419,6418,6420,-1,
6419,6417,6418,-1,
6421,6420,6422,-1,
6421,6419,6420,-1,
6423,6422,6424,-1,
6423,6421,6422,-1,
6425,6424,6426,-1,
6425,6423,6424,-1,
6427,6426,6428,-1,
6427,6425,6426,-1,
6429,6428,6430,-1,
6429,6427,6428,-1,
6431,6432,6433,-1,
6431,6430,6432,-1,
6431,6429,6430,-1,
6434,6431,6433,-1,
6435,6436,6437,-1,
6435,6433,6436,-1,
6435,6434,6433,-1,
6438,6435,6437,-1,
6439,6440,6441,-1,
6439,6441,6442,-1,
6443,6444,6445,-1,
6443,6446,6444,-1,
6447,6448,6449,-1,
6449,6448,6450,-1,
6450,6451,6452,-1,
6448,6451,6450,-1,
6452,6453,6454,-1,
6451,6453,6452,-1,
6454,6455,6456,-1,
6453,6455,6454,-1,
6456,6457,6458,-1,
6455,6457,6456,-1,
6458,6459,6460,-1,
6457,6459,6458,-1,
6460,6461,6462,-1,
6459,6461,6460,-1,
6462,6463,6464,-1,
6461,6463,6462,-1,
6464,6465,6466,-1,
6463,6465,6464,-1,
6466,6467,6468,-1,
6465,6467,6466,-1,
6468,6469,6470,-1,
6467,6469,6468,-1,
6470,6471,6472,-1,
6469,6471,6470,-1,
6473,6474,6475,-1,
6473,6476,6474,-1,
6477,6478,6479,-1,
6477,6479,6480,-1,
6481,6480,6482,-1,
6481,6477,6480,-1,
6483,6482,6484,-1,
6483,6481,6482,-1,
6485,6484,6486,-1,
6485,6483,6484,-1,
6487,6486,6488,-1,
6487,6485,6486,-1,
6489,6488,6490,-1,
6489,6487,6488,-1,
6491,6490,6492,-1,
6491,6489,6490,-1,
6493,6492,6494,-1,
6493,6491,6492,-1,
6495,6496,6497,-1,
6495,6494,6496,-1,
6495,6493,6494,-1,
6498,6495,6497,-1,
6499,6500,6501,-1,
6499,6497,6500,-1,
6499,6498,6497,-1,
6502,6499,6501,-1,
6503,6504,6505,-1,
6503,6505,6506,-1,
6507,6508,6509,-1,
6510,6511,6512,-1,
6513,6511,6510,-1,
6512,6514,6515,-1,
6511,6514,6512,-1,
6515,6516,6517,-1,
6514,6516,6515,-1,
6517,6518,6519,-1,
6516,6518,6517,-1,
6520,6521,6522,-1,
6519,6521,6520,-1,
6518,6521,6519,-1,
6521,6523,6522,-1,
6523,6524,6522,-1,
6522,6524,6525,-1,
6524,6526,6525,-1,
6525,6526,6527,-1,
6526,6528,6527,-1,
6529,6528,6530,-1,
6527,6528,6529,-1,
6528,6531,6530,-1,
6531,6532,6530,-1,
6530,6532,6533,-1,
6534,6535,6536,-1,
6533,6535,6534,-1,
6532,6535,6533,-1,
6535,6537,6536,-1,
6536,6538,6539,-1,
6537,6538,6536,-1,
6539,6540,6541,-1,
6538,6540,6539,-1,
6542,6543,6544,-1,
6541,6543,6542,-1,
6540,6543,6541,-1,
6543,6545,6544,-1,
6544,6546,6547,-1,
6545,6546,6544,-1,
6547,6548,6549,-1,
6546,6548,6547,-1,
6549,6550,6551,-1,
6548,6550,6549,-1,
6551,6552,6553,-1,
6550,6552,6551,-1,
6553,6554,6555,-1,
6552,6554,6553,-1,
6555,6556,6557,-1,
6554,6556,6555,-1,
6557,6558,6559,-1,
6556,6558,6557,-1,
6559,6560,6561,-1,
6558,6560,6559,-1,
6561,6562,6563,-1,
6560,6562,6561,-1,
6563,6564,6565,-1,
6562,6564,6563,-1,
6566,6567,6568,-1,
6565,6567,6566,-1,
6564,6567,6565,-1,
6567,6569,6568,-1,
6568,6570,6571,-1,
6569,6570,6568,-1,
6571,6572,6573,-1,
6570,6572,6571,-1,
6573,6574,6575,-1,
6572,6574,6573,-1,
    ]
    creaseAngle 0.5
  }
}
