#VRML V2.0 utf8
# Molex_CLIK-Mate_503159-0201_1x02-1MP_P1.50mm_Vertical - Black housing
# Generated by tools/molex_3d.py from the TraceParts STEP

Shape { # housing
  appearance Appearance { material Material {
    diffuseColor 0.090 0.090 0.100
    specularColor 0.340 0.340 0.350
    shininess 0.4
    ambientIntensity 0.3
  } }
  geometry IndexedFaceSet {
    coord Coordinate { point [
-0.6405 1.4040 -0.2805,
-0.6420 1.4187 -0.2953,
-0.6381 1.4192 -0.2953,
-0.6458 1.4184 -0.2953,
-0.6497 1.4183 -0.2953,
-0.6315 1.4053 -0.2805,
-0.6343 1.4198 -0.2953,
-0.6306 1.4207 -0.2953,
-0.6391 1.3893 -0.2657,
-0.6497 1.3593 -0.2362,
-0.6226 1.4076 -0.2805,
-0.6268 1.4217 -0.2953,
-0.6232 1.4229 -0.2953,
-0.6286 1.3909 -0.2657,
-0.6139 1.4107 -0.2805,
-0.6196 1.4243 -0.2953,
-0.6160 1.4259 -0.2953,
-0.6376 1.3746 -0.2510,
-0.6295 1.3607 -0.2362,
-0.6362 1.3599 -0.2362,
-0.6429 1.3594 -0.2362,
-0.6183 1.3934 -0.2657,
-0.6056 1.4146 -0.2805,
-0.6126 1.4276 -0.2953,
-0.6092 1.4295 -0.2953,
-0.6257 1.3764 -0.2510,
-0.6162 1.3634 -0.2362,
-0.6228 1.3619 -0.2362,
-0.6083 1.3970 -0.2657,
-0.5978 1.4193 -0.2805,
-0.6060 1.4316 -0.2953,
-0.6028 1.4338 -0.2953,
-0.6140 1.3793 -0.2510,
-0.6033 1.3673 -0.2362,
-0.6097 1.3652 -0.2362,
-0.5987 1.4016 -0.2657,
-0.5904 1.4248 -0.2805,
-0.5997 1.4362 -0.2953,
-0.5968 1.4387 -0.2953,
-0.6026 1.3834 -0.2510,
-0.5908 1.3725 -0.2362,
-0.5970 1.3697 -0.2362,
-0.5896 1.4070 -0.2657,
-0.5836 1.4309 -0.2805,
-0.5940 1.4414 -0.2953,
-0.5914 1.4442 -0.2953,
-0.5917 1.3885 -0.2510,
-0.5789 1.3789 -0.2362,
-0.5847 1.3755 -0.2362,
-0.5810 1.4134 -0.2657,
-0.5774 1.4377 -0.2805,
-0.5888 1.4471 -0.2953,
-0.5865 1.4501 -0.2953,
-0.5813 1.3948 -0.2510,
-0.5676 1.3864 -0.2362,
-0.5731 1.3825 -0.2362,
-0.5731 1.4205 -0.2657,
-0.5720 1.4451 -0.2805,
-0.5842 1.4533 -0.2953,
-0.5822 1.4566 -0.2953,
-0.5717 1.4019 -0.2510,
-0.5572 1.3949 -0.2362,
-0.5623 1.3905 -0.2362,
-0.5660 1.4284 -0.2657,
-0.5672 1.4530 -0.2805,
-0.5803 1.4599 -0.2953,
-0.5785 1.4634 -0.2953,
-0.5627 1.4101 -0.2510,
-0.5476 1.4045 -0.2362,
-0.5523 1.3996 -0.2362,
-0.5597 1.4369 -0.2657,
-0.5633 1.4613 -0.2805,
-0.5770 1.4669 -0.2953,
-0.5756 1.4705 -0.2953,
-0.5546 1.4190 -0.2510,
-0.5390 1.4150 -0.2362,
-0.5432 1.4096 -0.2362,
-0.5542 1.4460 -0.2657,
-0.5602 1.4699 -0.2805,
-0.5744 1.4742 -0.2953,
-0.5733 1.4779 -0.2953,
-0.5474 1.4287 -0.2510,
-0.5315 1.4262 -0.2362,
-0.5351 1.4205 -0.2362,
-0.5497 1.4556 -0.2657,
-0.5580 1.4788 -0.2805,
-0.5725 1.4817 -0.2953,
-0.5718 1.4855 -0.2953,
-0.5412 1.4391 -0.2510,
-0.5251 1.4381 -0.2362,
-0.5282 1.4321 -0.2362,
-0.5461 1.4656 -0.2657,
-0.5566 1.4879 -0.2805,
-0.5711 1.4932 -0.2953,
-0.5710 1.4970 -0.2953,
-0.5713 1.4893 -0.2953,
-0.5360 1.4500 -0.2510,
-0.5200 1.4506 -0.2362,
-0.5224 1.4443 -0.2362,
-0.5435 1.4759 -0.2657,
-0.5320 1.4613 -0.2510,
-0.5160 1.4636 -0.2362,
-0.5178 1.4570 -0.2362,
-0.5420 1.4864 -0.2657,
-0.5119 1.4970 -0.2362,
-0.5290 1.4730 -0.2510,
-0.5134 1.4768 -0.2362,
-0.5146 1.4702 -0.2362,
-0.5273 1.4850 -0.2510,
-0.5121 1.4903 -0.2362,
-0.5126 1.4835 -0.2362,
-0.5566 1.5062 -0.2805,
-0.5713 1.5048 -0.2953,
-0.5718 1.5086 -0.2953,
-0.5711 1.5009 -0.2953,
-0.5710 1.4970 -0.2953,
-0.5580 1.5153 -0.2805,
-0.5725 1.5124 -0.2953,
-0.5733 1.5162 -0.2953,
-0.5420 1.5077 -0.2657,
-0.5119 1.4970 -0.2362,
-0.5602 1.5242 -0.2805,
-0.5744 1.5199 -0.2953,
-0.5756 1.5236 -0.2953,
-0.5435 1.5182 -0.2657,
-0.5633 1.5328 -0.2805,
-0.5770 1.5272 -0.2953,
-0.5785 1.5307 -0.2953,
-0.5273 1.5091 -0.2510,
-0.5134 1.5173 -0.2362,
-0.5126 1.5106 -0.2362,
-0.5121 1.5038 -0.2362,
-0.5461 1.5285 -0.2657,
-0.5672 1.5411 -0.2805,
-0.5803 1.5342 -0.2953,
-0.5822 1.5375 -0.2953,
-0.5290 1.5210 -0.2510,
-0.5160 1.5305 -0.2362,
-0.5146 1.5239 -0.2362,
-0.5497 1.5385 -0.2657,
-0.5720 1.5490 -0.2805,
-0.5842 1.5408 -0.2953,
-0.5865 1.5440 -0.2953,
-0.5320 1.5328 -0.2510,
-0.5200 1.5435 -0.2362,
-0.5178 1.5370 -0.2362,
-0.5542 1.5481 -0.2657,
-0.5774 1.5564 -0.2805,
-0.5888 1.5470 -0.2953,
-0.5914 1.5499 -0.2953,
-0.5360 1.5441 -0.2510,
-0.5251 1.5560 -0.2362,
-0.5224 1.5498 -0.2362,
-0.5597 1.5572 -0.2657,
-0.5836 1.5632 -0.2805,
-0.5940 1.5527 -0.2953,
-0.5968 1.5554 -0.2953,
-0.5412 1.5550 -0.2510,
-0.5315 1.5679 -0.2362,
-0.5282 1.5620 -0.2362,
-0.5660 1.5657 -0.2657,
-0.5904 1.5693 -0.2805,
-0.5997 1.5579 -0.2953,
-0.6028 1.5603 -0.2953,
-0.5474 1.5654 -0.2510,
-0.5390 1.5791 -0.2362,
-0.5351 1.5736 -0.2362,
-0.5731 1.5736 -0.2657,
-0.5978 1.5748 -0.2805,
-0.6060 1.5625 -0.2953,
-0.6092 1.5646 -0.2953,
-0.5546 1.5751 -0.2510,
-0.5476 1.5896 -0.2362,
-0.5432 1.5845 -0.2362,
-0.5810 1.5807 -0.2657,
-0.6056 1.5795 -0.2805,
-0.6126 1.5665 -0.2953,
-0.6160 1.5682 -0.2953,
-0.5627 1.5840 -0.2510,
-0.5572 1.5991 -0.2362,
-0.5523 1.5945 -0.2362,
-0.5896 1.5871 -0.2657,
-0.6139 1.5834 -0.2805,
-0.6196 1.5698 -0.2953,
-0.6232 1.5712 -0.2953,
-0.5717 1.5922 -0.2510,
-0.5676 1.6077 -0.2362,
-0.5623 1.6036 -0.2362,
-0.5987 1.5925 -0.2657,
-0.6226 1.5865 -0.2805,
-0.6268 1.5724 -0.2953,
-0.6306 1.5734 -0.2953,
-0.5813 1.5993 -0.2510,
-0.5789 1.6152 -0.2362,
-0.5731 1.6116 -0.2362,
-0.6083 1.5971 -0.2657,
-0.6315 1.5888 -0.2805,
-0.6343 1.5743 -0.2953,
-0.6381 1.5749 -0.2953,
-0.5917 1.6055 -0.2510,
-0.5908 1.6216 -0.2362,
-0.5847 1.6186 -0.2362,
-0.6183 1.6007 -0.2657,
-0.6405 1.5901 -0.2805,
-0.6458 1.5757 -0.2953,
-0.6497 1.5758 -0.2953,
-0.6420 1.5754 -0.2953,
-0.6026 1.6107 -0.2510,
-0.6033 1.6268 -0.2362,
-0.5970 1.6244 -0.2362,
-0.6286 1.6032 -0.2657,
-0.6140 1.6148 -0.2510,
-0.6162 1.6307 -0.2362,
-0.6097 1.6289 -0.2362,
-0.6391 1.6048 -0.2657,
-0.6497 1.6348 -0.2362,
-0.6257 1.6177 -0.2510,
-0.6295 1.6334 -0.2362,
-0.6228 1.6322 -0.2362,
-0.6376 1.6195 -0.2510,
-0.6429 1.6347 -0.2362,
-0.6362 1.6342 -0.2362,
-0.2145 0.0876 -0.4361,
-0.2137 0.0876 -0.4401,
-0.2137 -0.0946 -0.4413,
-0.2148 -0.0947 -0.4357,
-0.2152 0.0876 -0.4322,
-0.2156 -0.0947 -0.4301,
-0.2160 0.0876 -0.4254,
-0.2162 -0.0947 -0.4245,
-0.2166 0.0876 -0.4186,
-0.2165 -0.0948 -0.4189,
-0.2166 0.0876 -0.4120,
-0.2166 -0.0948 -0.4132,
-0.7459 1.5957 -0.0197,
-0.7507 1.5908 -0.0197,
-0.8662 1.9262 -0.0197,
-0.7409 1.6004 -0.0197,
-0.7553 1.5856 -0.0197,
-0.7356 1.6048 -0.0197,
-0.7595 1.5802 -0.0197,
-0.7301 1.6089 -0.0197,
-0.7636 1.5747 -0.0197,
-0.7245 1.6128 -0.0197,
-0.7673 1.5689 -0.0197,
-0.7186 1.6164 -0.0197,
-0.7707 1.5629 -0.0197,
-0.7126 1.6197 -0.0197,
-0.7738 1.5568 -0.0197,
-0.7064 1.6226 -0.0197,
-0.7767 1.5506 -0.0197,
-0.7000 1.6253 -0.0197,
-0.7792 1.5442 -0.0197,
-0.6936 1.6277 -0.0197,
-0.7814 1.5377 -0.0197,
-0.6870 1.6297 -0.0197,
-0.7832 1.5310 -0.0197,
-0.6804 1.6314 -0.0197,
-0.7848 1.5244 -0.0197,
-0.6736 1.6327 -0.0197,
-0.7860 1.5176 -0.0197,
-0.6668 1.6338 -0.0197,
-0.7868 1.5108 -0.0197,
-0.6600 1.6345 -0.0197,
-0.6531 1.6348 -0.0197,
-0.6463 1.6348 -0.0197,
-0.3544 1.9262 -0.0197,
-0.3543 1.9223 -0.0197,
-0.6394 1.6345 -0.0197,
-0.3540 1.9185 -0.0197,
-0.6326 1.6338 -0.0197,
-0.3536 1.9146 -0.0197,
-0.3521 1.9070 -0.0197,
-0.6258 1.6327 -0.0197,
-0.3529 1.9108 -0.0197,
-0.6190 1.6314 -0.0197,
-0.3510 1.9033 -0.0197,
-0.3498 1.8997 -0.0197,
-0.6124 1.6297 -0.0197,
-0.6058 1.6277 -0.0197,
-0.3484 1.8960 -0.0197,
-0.5994 1.6253 -0.0197,
-0.3469 1.8925 -0.0197,
-0.5930 1.6226 -0.0197,
-0.3432 1.8857 -0.0197,
-0.3451 1.8891 -0.0197,
-0.5868 1.6197 -0.0197,
-0.3412 1.8824 -0.0197,
-0.5808 1.6164 -0.0197,
-0.3389 1.8793 -0.0197,
-0.5749 1.6128 -0.0197,
-0.3366 1.8762 -0.0197,
-0.3314 1.8705 -0.0197,
-0.5693 1.6089 -0.0197,
-0.3340 1.8733 -0.0197,
-0.5638 1.6048 -0.0197,
-0.3286 1.8678 -0.0197,
-0.3256 1.8653 -0.0197,
-0.5585 1.6004 -0.0197,
-0.3226 1.8629 -0.0197,
-0.5535 1.5957 -0.0197,
-0.5487 1.5908 -0.0197,
-0.3162 1.8586 -0.0197,
-0.3194 1.8607 -0.0197,
-0.3128 1.8567 -0.0197,
-0.5441 1.5856 -0.0197,
-0.3093 1.8550 -0.0197,
-0.5399 1.5802 -0.0197,
-0.5358 1.5747 -0.0197,
-0.3058 1.8534 -0.0197,
-0.7507 1.4033 -0.0197,
-0.8662 1.2411 -0.0197,
-0.7553 1.4085 -0.0197,
-0.7595 1.4138 -0.0197,
-0.7636 1.4194 -0.0197,
-0.7673 1.4252 -0.0197,
-0.7707 1.4311 -0.0197,
-0.7738 1.4373 -0.0197,
-0.7767 1.4435 -0.0197,
-0.7792 1.4499 -0.0197,
-0.7814 1.4564 -0.0197,
-0.7832 1.4630 -0.0197,
-0.7848 1.4697 -0.0197,
-0.7860 1.4765 -0.0197,
-0.7868 1.4833 -0.0197,
-0.7873 1.4902 -0.0197,
-0.7875 1.4970 -0.0197,
-0.7873 1.5039 -0.0197,
-0.7301 1.3852 -0.0197,
-0.7356 1.3893 -0.0197,
-0.7409 1.3937 -0.0197,
-0.7459 1.3984 -0.0197,
-0.7245 1.3813 -0.0197,
-0.5321 1.5689 -0.0197,
-0.2985 1.8508 -0.0197,
-0.3022 1.8520 -0.0197,
-0.7186 1.3777 -0.0197,
-0.5287 1.5629 -0.0197,
-0.2948 1.8498 -0.0197,
-0.7126 1.3744 -0.0197,
-0.5256 1.5568 -0.0197,
-0.2910 1.8490 -0.0197,
-0.7064 1.3714 -0.0197,
-0.5227 1.5506 -0.0197,
-0.2872 1.8483 -0.0197,
-0.7000 1.3688 -0.0197,
-0.2795 1.8475 -0.0197,
-0.5202 1.5442 -0.0197,
-0.2834 1.8478 -0.0197,
-0.6936 1.3664 -0.0197,
-0.5180 1.5377 -0.0197,
-0.2757 1.8474 -0.0197,
-0.6870 1.3644 -0.0197,
-0.5162 1.5310 -0.0197,
-0.6804 1.3627 -0.0197,
-0.5146 1.5244 -0.0197,
-0.6736 1.3613 -0.0197,
-0.5134 1.5176 -0.0197,
-0.6668 1.3603 -0.0197,
-0.5126 1.5108 -0.0197,
-0.6600 1.3596 -0.0197,
-0.6531 1.3593 -0.0197,
-0.6463 1.3593 -0.0197,
-0.6394 1.3596 -0.0197,
-0.6326 1.3603 -0.0197,
-0.6258 1.3613 -0.0197,
-0.6190 1.3627 -0.0197,
0.0983 1.8474 -0.0197,
-0.1576 1.2411 -0.0197,
-0.5121 1.5039 -0.0197,
-0.5119 1.4970 -0.0197,
-0.5121 1.4902 -0.0197,
-0.5126 1.4833 -0.0197,
-0.5134 1.4765 -0.0197,
-0.5146 1.4697 -0.0197,
-0.5162 1.4630 -0.0197,
-0.5180 1.4564 -0.0197,
-0.5202 1.4499 -0.0197,
-0.5227 1.4435 -0.0197,
-0.5256 1.4373 -0.0197,
-0.5287 1.4311 -0.0197,
-0.5321 1.4252 -0.0197,
-0.5358 1.4194 -0.0197,
-0.5399 1.4138 -0.0197,
-0.5441 1.4085 -0.0197,
-0.5487 1.4033 -0.0197,
-0.5535 1.3984 -0.0197,
-0.5585 1.3937 -0.0197,
-0.5638 1.3893 -0.0197,
-0.5693 1.3852 -0.0197,
-0.5749 1.3813 -0.0197,
-0.5808 1.3777 -0.0197,
-0.5868 1.3744 -0.0197,
-0.5930 1.3714 -0.0197,
-0.5994 1.3688 -0.0197,
-0.6058 1.3664 -0.0197,
-0.6124 1.3644 -0.0197,
0.4920 1.9262 -0.0197,
0.4920 1.8474 -0.0197,
0.0983 1.9262 -0.0197,
0.7479 1.2411 -0.0197,
0.9032 1.8567 -0.0197,
0.8997 1.8550 -0.0197,
0.8962 1.8534 -0.0197,
0.8926 1.8520 -0.0197,
0.8889 1.8508 -0.0197,
0.8852 1.8498 -0.0197,
0.8814 1.8490 -0.0197,
0.8776 1.8483 -0.0197,
0.8738 1.8478 -0.0197,
0.8699 1.8475 -0.0197,
0.8660 1.8474 -0.0197,
0.9448 1.9262 -0.0197,
1.4566 1.9262 -0.0197,
0.9447 1.9223 -0.0197,
0.9444 1.9185 -0.0197,
0.9439 1.9146 -0.0197,
0.9433 1.9108 -0.0197,
0.9424 1.9070 -0.0197,
0.9414 1.9033 -0.0197,
0.9402 1.8997 -0.0197,
0.9388 1.8960 -0.0197,
0.9372 1.8925 -0.0197,
0.9355 1.8891 -0.0197,
0.9336 1.8857 -0.0197,
0.9315 1.8824 -0.0197,
0.9293 1.8793 -0.0197,
0.9269 1.8762 -0.0197,
0.9244 1.8733 -0.0197,
0.9217 1.8705 -0.0197,
0.5412 0.8868 -0.0197,
0.6397 0.8868 -0.0197,
0.5412 0.6900 -0.0197,
-0.0493 0.0876 -0.0197,
-0.1576 0.0561 -0.0197,
-0.2757 -0.1998 -0.0197,
-0.8662 0.0561 -0.0197,
-0.8662 -0.2982 -0.0197,
0.0491 0.0876 -0.0197,
-0.2757 -0.2982 -0.0197,
-0.0493 -0.0974 -0.0197,
1.4566 1.2411 -0.0197,
0.9189 1.8678 -0.0197,
0.9160 1.8653 -0.0197,
0.9130 1.8629 -0.0197,
0.9098 1.8607 -0.0197,
0.9065 1.8586 -0.0197,
0.7479 0.0561 -0.0197,
0.0491 -0.0974 -0.0197,
0.6397 0.6900 -0.0197,
0.8660 -0.1998 -0.0197,
1.4566 0.0561 -0.0197,
1.4566 -0.2982 -0.0197,
0.8660 -0.2982 -0.0197,
0.6397 0.6506 1.4511,
0.5412 0.6506 1.4511,
0.8267 0.6506 1.0630,
0.8267 0.6506 2.0472,
0.6397 0.6506 1.9383,
0.5412 0.6506 1.9383,
0.0491 0.6506 1.4511,
-0.2363 0.6506 1.0630,
-0.0493 0.6506 1.4511,
0.0491 0.6506 1.9383,
-0.0493 0.6506 1.9383,
-0.2363 0.6506 2.0472,
-0.2363 0.9852 2.1654,
-0.2363 1.0640 2.0276,
-0.2363 0.7687 2.1654,
-0.2363 0.6506 2.0472,
-0.2363 0.1939 0.9646,
-0.2363 0.1152 0.6693,
-0.2363 0.1152 1.0354,
-0.2363 0.6506 1.0630,
-0.2363 0.5915 0.9646,
-0.2363 1.0640 0.6693,
0.8267 0.6506 1.0630,
-0.2363 0.6506 1.0630,
0.8267 0.5915 0.9646,
-0.2363 0.5915 0.9646,
0.8267 0.6506 2.0472,
0.8267 1.0640 2.0276,
0.8267 0.7687 2.1654,
0.8267 0.9852 2.1654,
0.8267 0.1152 1.0354,
0.8267 0.1152 0.6693,
0.8267 0.1939 0.9646,
0.8267 0.6506 1.0630,
0.8267 0.5915 0.9646,
0.8267 1.0640 0.6693,
0.8267 0.7687 2.1654,
-0.2363 0.7687 2.1654,
0.8267 0.6506 2.0472,
-0.2363 0.6506 2.0472,
0.8267 0.9852 2.1654,
-0.2363 0.9852 2.1654,
0.8267 0.7687 2.1654,
-0.2363 0.7687 2.1654,
-0.2363 0.9852 2.1654,
0.8267 0.9852 2.1654,
-0.2363 1.0640 2.0276,
0.8267 1.0640 2.0276,
-0.2363 1.0640 0.6693,
-0.2363 1.0640 2.0276,
0.8267 1.0640 0.6693,
0.8267 1.0640 2.0276,
1.1613 0.6506 0.6693,
1.1377 0.6506 0.6693,
1.1613 0.1152 0.6693,
0.8267 0.1152 0.6693,
1.1613 0.7687 0.6693,
0.8267 1.0640 0.6693,
1.1377 0.7687 0.6693,
0.8660 1.5325 0.6693,
1.1613 1.9262 0.6693,
0.6594 1.5325 0.6693,
0.8660 1.9262 0.6693,
-0.2363 0.1152 0.6693,
-0.5473 0.6506 0.6693,
-0.5710 0.1152 0.6693,
-0.5710 0.6506 0.6693,
-0.2363 1.0640 0.6693,
-0.5473 0.7687 0.6693,
-0.5710 0.7687 0.6693,
-0.0690 1.5325 0.6693,
-0.2757 1.5325 0.6693,
0.6594 1.9262 0.6693,
-0.0690 1.9262 0.6693,
-0.2757 1.9262 0.6693,
-0.5710 1.9262 0.6693,
1.1613 0.7687 2.7559,
1.1613 0.7687 0.6693,
1.1377 0.7687 0.6693,
1.1377 0.7687 2.7953,
1.2007 0.7687 2.7953,
1.1613 0.7687 2.7559,
1.1613 1.9262 0.6693,
1.1613 0.7687 0.6693,
1.1613 1.9262 2.7559,
1.1613 0.0758 3.0709,
1.1613 0.3311 3.0709,
1.1613 0.1152 3.0315,
1.1613 0.3868 3.0152,
1.1613 0.3868 2.8577,
1.1613 0.4886 2.7559,
1.1613 0.1152 0.6693,
1.1613 0.6506 2.7559,
1.1613 0.6506 0.6693,
-0.2757 1.9262 2.7559,
-0.5710 1.9262 2.7559,
-0.2757 1.9262 0.6693,
-0.5710 1.9262 0.6693,
1.1613 1.9262 2.7559,
0.8660 1.9262 2.7559,
1.1613 1.9262 0.6693,
0.8660 1.9262 0.6693,
0.5658 1.9262 2.2046,
0.6594 1.9262 2.4016,
0.5609 1.9262 2.2047,
0.5706 1.9262 2.2043,
0.5754 1.9262 2.2037,
0.5801 1.9262 2.2028,
0.5848 1.9262 2.2018,
0.5895 1.9262 2.2005,
0.5941 1.9262 2.1990,
0.5986 1.9262 2.1972,
0.6030 1.9262 2.1953,
0.6073 1.9262 2.1931,
0.6115 1.9262 2.1907,
0.6156 1.9262 2.1881,
0.6196 1.9262 2.1854,
0.6234 1.9262 2.1824,
0.6270 1.9262 2.1792,
0.6305 1.9262 2.1759,
0.6339 1.9262 2.1724,
0.6370 1.9262 2.1687,
0.6400 1.9262 2.1649,
0.6428 1.9262 2.1610,
0.6454 1.9262 2.1569,
0.6477 1.9262 2.1527,
0.6499 1.9262 2.1484,
0.6519 1.9262 2.1440,
0.6536 1.9262 2.1395,
0.6551 1.9262 2.1349,
0.6564 1.9262 2.1302,
0.6575 1.9262 2.1255,
-0.0690 1.9262 2.4016,
-0.0660 1.9262 2.1302,
-0.0671 1.9262 2.1255,
-0.0648 1.9262 2.1349,
-0.0632 1.9262 2.1395,
-0.0615 1.9262 2.1440,
-0.0595 1.9262 2.1484,
-0.0574 1.9262 2.1527,
-0.0550 1.9262 2.1569,
-0.0524 1.9262 2.1610,
-0.0496 1.9262 2.1649,
-0.0466 1.9262 2.1687,
-0.0435 1.9262 2.1724,
-0.0402 1.9262 2.1759,
-0.0367 1.9262 2.1792,
-0.0330 1.9262 2.1824,
-0.0292 1.9262 2.1854,
-0.0252 1.9262 2.1881,
-0.0212 1.9262 2.1907,
-0.0170 1.9262 2.1931,
-0.0126 1.9262 2.1953,
-0.0082 1.9262 2.1972,
-0.0037 1.9262 2.1990,
0.0009 1.9262 2.2005,
0.0055 1.9262 2.2018,
0.0102 1.9262 2.2028,
0.0150 1.9262 2.2037,
0.0198 1.9262 2.2043,
0.0246 1.9262 2.2046,
0.0294 1.9262 2.2047,
-0.0690 1.9262 2.1063,
-0.0689 1.9262 2.1111,
-0.0685 1.9262 2.1159,
-0.0679 1.9262 2.1207,
0.6594 1.9262 2.1063,
0.6592 1.9262 2.1111,
0.6589 1.9262 2.1159,
0.6583 1.9262 2.1207,
0.6594 1.9262 1.5669,
-0.0690 1.9262 1.5669,
0.6594 1.9262 0.6693,
-0.0690 1.9262 0.6693,
-0.2757 1.9262 2.7559,
-0.2363 1.9656 2.7953,
-0.6103 1.9656 2.7953,
-0.5710 1.9262 2.7559,
-0.5710 1.9262 2.7559,
-0.6103 1.9656 2.7953,
-0.6103 0.7687 2.7953,
-0.5710 0.7687 2.7559,
-0.5710 0.6506 2.7559,
-0.6103 0.6506 2.7953,
-0.6103 0.5049 2.7953,
-0.5710 0.4886 2.7559,
-0.5710 0.3311 3.0709,
-0.5710 0.0758 3.0709,
-0.5710 0.1152 3.0315,
-0.5710 0.3868 2.8577,
-0.5710 0.3868 3.0152,
-0.5710 0.4886 2.7559,
-0.5710 0.1152 0.6693,
-0.5710 0.6506 0.6693,
-0.5710 0.6506 2.7559,
-0.5710 1.9262 0.6693,
-0.5710 1.9262 2.7559,
-0.5710 0.7687 2.7559,
-0.5710 0.7687 0.6693,
-0.5710 0.6506 2.7559,
-0.5710 0.6506 0.6693,
-0.5473 0.6506 0.6693,
-0.5473 0.6506 2.7953,
-0.6103 0.6506 2.7953,
1.4566 0.5049 2.7953,
1.2007 0.6506 2.7953,
1.2007 0.5049 2.7953,
1.2007 0.7687 2.7953,
1.1377 0.7687 2.7953,
1.1377 0.6506 2.7953,
1.2007 1.9656 2.7953,
1.4566 2.2805 2.7953,
0.8267 1.9656 2.7953,
0.6987 1.9262 2.7953,
0.8267 1.5719 2.7953,
0.6987 1.5719 2.7953,
-0.6103 0.6506 2.7953,
-0.8662 0.5049 2.7953,
-0.6103 0.5049 2.7953,
-0.5473 0.7687 2.7953,
-0.6103 0.7687 2.7953,
-0.5473 0.6506 2.7953,
0.6594 2.0994 2.7953,
0.6594 1.9262 2.7953,
-0.1084 1.5719 2.7953,
-0.1084 1.9262 2.7953,
-0.2363 1.5719 2.7953,
-0.0690 1.9262 2.7953,
-0.0690 2.0994 2.7953,
-0.2363 1.9656 2.7953,
-0.6103 1.9656 2.7953,
-0.8662 2.2805 2.7953,
-0.5710 0.7687 2.7559,
-0.5473 0.7687 0.6693,
-0.5710 0.7687 0.6693,
-0.6103 0.7687 2.7953,
-0.5473 0.7687 2.7953,
-0.5473 0.7687 0.6693,
-0.5473 0.7687 2.7953,
-0.5473 0.6506 2.7953,
-0.5473 0.6506 0.6693,
-0.8662 0.4262 2.8740,
-0.6103 0.4262 2.8740,
-0.8662 0.5049 2.7953,
-0.6103 0.5049 2.7953,
1.2007 0.4262 2.8740,
1.4566 0.4262 2.8740,
1.2007 0.5049 2.7953,
1.4566 0.5049 2.7953,
-0.5710 0.4886 2.7559,
-0.6103 0.5049 2.7953,
-0.6103 0.4262 2.8740,
-0.5710 0.3868 2.8577,
-0.6103 0.4262 2.8740,
-0.6103 0.4262 3.0315,
-0.5710 0.3868 3.0152,
-0.5710 0.3868 2.8577,
-0.6103 0.4262 3.0315,
-0.6103 0.3474 3.1102,
-0.5710 0.3311 3.0709,
-0.5710 0.3868 3.0152,
-0.6103 0.3474 3.1102,
-0.6103 0.0364 3.1102,
-0.5710 0.0758 3.0709,
-0.5710 0.3311 3.0709,
1.1613 0.0758 3.0709,
-0.5710 0.0758 3.0709,
-0.6103 0.0364 3.1102,
1.2007 0.0364 3.1102,
1.1613 0.1152 3.0315,
-0.5710 0.1152 3.0315,
-0.6103 0.0364 3.1102,
-0.6103 0.3474 3.1102,
-0.8662 0.3474 3.1102,
-0.8662 -0.2982 3.1102,
1.2007 0.0364 3.1102,
1.4566 0.3474 3.1102,
1.2007 0.3474 3.1102,
1.4566 -0.2982 3.1102,
1.1613 0.0758 3.0709,
1.2007 0.3474 3.1102,
1.1613 0.3311 3.0709,
1.2007 0.0364 3.1102,
1.2007 0.3474 3.1102,
1.2007 0.4262 3.0315,
1.1613 0.3868 3.0152,
1.1613 0.3311 3.0709,
1.1613 0.3868 3.0152,
1.2007 0.4262 2.8740,
1.1613 0.3868 2.8577,
1.2007 0.4262 3.0315,
1.2007 0.4262 2.8740,
1.2007 0.5049 2.7953,
1.1613 0.4886 2.7559,
1.1613 0.3868 2.8577,
1.2007 0.5049 2.7953,
1.2007 0.6506 2.7953,
1.1613 0.6506 2.7559,
1.1613 0.4886 2.7559,
1.2007 0.7687 2.7953,
1.2007 1.9656 2.7953,
1.1613 1.9262 2.7559,
1.1613 0.7687 2.7559,
1.1613 0.6506 2.7559,
1.1377 0.6506 0.6693,
1.1613 0.6506 0.6693,
1.1377 0.6506 2.7953,
1.2007 0.6506 2.7953,
1.1377 0.7687 0.6693,
1.1377 0.6506 0.6693,
1.1377 0.6506 2.7953,
1.1377 0.7687 2.7953,
1.1613 1.9262 2.7559,
1.2007 1.9656 2.7953,
0.8267 1.9656 2.7953,
0.8660 1.9262 2.7559,
0.8660 1.9262 2.7559,
0.8267 1.9656 2.7953,
0.8267 1.5719 2.7953,
0.8660 1.5325 2.7559,
0.8660 1.9262 0.6693,
0.8660 1.5325 2.7559,
0.8660 1.5325 0.6693,
0.8660 1.9262 2.7559,
0.6594 1.5325 2.7559,
0.6594 1.5325 0.6693,
0.8660 1.5325 0.6693,
0.8660 1.5325 2.7559,
0.8660 1.5325 2.7559,
0.8267 1.5719 2.7953,
0.6987 1.5719 2.7953,
0.6594 1.5325 2.7559,
0.6594 2.2805 1.5669,
-0.0690 2.2805 1.5669,
0.6594 1.9262 1.5669,
-0.0690 1.9262 1.5669,
1.4566 2.2805 2.7953,
1.4566 2.2805 0.3543,
0.6594 2.2805 1.5669,
0.6594 2.2805 2.1063,
0.6592 2.2805 2.1111,
0.6589 2.2805 2.1159,
0.6583 2.2805 2.1207,
0.6575 2.2805 2.1255,
0.6564 2.2805 2.1302,
0.6551 2.2805 2.1349,
0.6536 2.2805 2.1395,
0.6519 2.2805 2.1440,
0.6499 2.2805 2.1484,
0.6477 2.2805 2.1527,
0.6454 2.2805 2.1569,
0.6428 2.2805 2.1610,
0.6400 2.2805 2.1649,
0.6370 2.2805 2.1687,
0.6339 2.2805 2.1724,
0.6305 2.2805 2.1759,
0.6270 2.2805 2.1792,
0.6234 2.2805 2.1824,
0.6196 2.2805 2.1854,
0.6156 2.2805 2.1881,
0.6115 2.2805 2.1907,
0.6073 2.2805 2.1931,
0.6030 2.2805 2.1953,
0.5986 2.2805 2.1972,
0.5941 2.2805 2.1990,
0.5895 2.2805 2.2005,
0.5848 2.2805 2.2018,
0.5801 2.2805 2.2028,
0.5754 2.2805 2.2037,
0.5706 2.2805 2.2043,
-0.0690 2.2805 1.5669,
-0.8662 2.2805 0.3543,
0.5658 2.2805 2.2046,
0.5609 2.2805 2.2047,
0.0294 2.2805 2.2047,
-0.8662 2.2805 2.7953,
-0.0689 2.2805 2.1111,
-0.0690 2.2805 2.1063,
-0.0685 2.2805 2.1159,
-0.0679 2.2805 2.1207,
-0.0671 2.2805 2.1255,
-0.0660 2.2805 2.1302,
-0.0648 2.2805 2.1349,
-0.0632 2.2805 2.1395,
-0.0615 2.2805 2.1440,
-0.0595 2.2805 2.1484,
-0.0574 2.2805 2.1527,
-0.0550 2.2805 2.1569,
-0.0524 2.2805 2.1610,
-0.0496 2.2805 2.1649,
-0.0466 2.2805 2.1687,
-0.0435 2.2805 2.1724,
-0.0402 2.2805 2.1759,
-0.0367 2.2805 2.1792,
-0.0330 2.2805 2.1824,
-0.0292 2.2805 2.1854,
-0.0252 2.2805 2.1881,
-0.0212 2.2805 2.1907,
-0.0170 2.2805 2.1931,
-0.0126 2.2805 2.1953,
-0.0082 2.2805 2.1972,
-0.0037 2.2805 2.1990,
0.0009 2.2805 2.2005,
0.0055 2.2805 2.2018,
0.0102 2.2805 2.2028,
0.0150 2.2805 2.2037,
0.0198 2.2805 2.2043,
0.0246 2.2805 2.2046,
0.5609 2.2805 2.2047,
0.5609 1.9262 2.2047,
0.0294 2.2805 2.2047,
0.0294 1.9262 2.2047,
-0.2757 1.5325 2.7559,
-0.2757 1.5325 0.6693,
-0.0690 1.5325 0.6693,
-0.0690 1.5325 2.7559,
-0.0690 1.5325 2.7559,
-0.1084 1.5719 2.7953,
-0.2363 1.5719 2.7953,
-0.2757 1.5325 2.7559,
-0.2363 1.5719 2.7953,
-0.2363 1.9656 2.7953,
-0.2757 1.9262 2.7559,
-0.2757 1.5325 2.7559,
-0.2757 1.9262 0.6693,
-0.2757 1.5325 0.6693,
-0.2757 1.5325 2.7559,
-0.2757 1.9262 2.7559,
0.6594 2.0994 2.7953,
-0.0690 2.0994 2.7953,
0.6594 1.9262 2.4016,
-0.0690 1.9262 2.4016,
-0.8662 2.2805 0.3543,
-0.3544 1.9262 0.3543,
-0.8662 1.9262 0.3543,
-0.3540 1.9185 0.3543,
-0.3529 1.9108 0.3543,
-0.3536 1.9146 0.3543,
-0.3543 1.9223 0.3543,
-0.3510 1.9033 0.3543,
-0.3521 1.9070 0.3543,
-0.3484 1.8960 0.3543,
-0.3498 1.8997 0.3543,
-0.3469 1.8925 0.3543,
-0.3451 1.8891 0.3543,
-0.3389 1.8793 0.3543,
-0.3340 1.8733 0.3543,
-0.3366 1.8762 0.3543,
-0.3286 1.8678 0.3543,
-0.3314 1.8705 0.3543,
-0.3412 1.8824 0.3543,
-0.3432 1.8857 0.3543,
-0.3256 1.8653 0.3543,
-0.3194 1.8607 0.3543,
-0.3226 1.8629 0.3543,
-0.3162 1.8586 0.3543,
-0.3128 1.8567 0.3543,
-0.3093 1.8550 0.3543,
-0.3022 1.8520 0.3543,
-0.3058 1.8534 0.3543,
-0.2985 1.8508 0.3543,
-0.2910 1.8490 0.3543,
-0.2948 1.8498 0.3543,
-0.2872 1.8483 0.3543,
-0.2834 1.8478 0.3543,
-0.2757 1.8474 0.3543,
-0.2795 1.8475 0.3543,
0.0983 1.9262 0.3543,
0.0983 1.8474 0.3543,
0.4920 1.9262 0.3543,
0.8660 1.8474 0.3543,
0.4920 1.8474 0.3543,
0.9448 1.9262 0.3543,
0.8738 1.8478 0.3543,
0.8699 1.8475 0.3543,
0.9447 1.9223 0.3543,
0.9444 1.9185 0.3543,
0.9439 1.9146 0.3543,
0.9433 1.9108 0.3543,
0.9424 1.9070 0.3543,
0.8852 1.8498 0.3543,
0.8926 1.8520 0.3543,
0.8889 1.8508 0.3543,
0.8814 1.8490 0.3543,
0.8776 1.8483 0.3543,
0.8962 1.8534 0.3543,
0.9402 1.8997 0.3543,
0.9388 1.8960 0.3543,
0.9414 1.9033 0.3543,
0.9372 1.8925 0.3543,
0.8997 1.8550 0.3543,
0.9032 1.8567 0.3543,
0.9336 1.8857 0.3543,
0.9355 1.8891 0.3543,
0.9098 1.8607 0.3543,
0.9065 1.8586 0.3543,
0.9315 1.8824 0.3543,
0.9293 1.8793 0.3543,
0.9130 1.8629 0.3543,
0.9160 1.8653 0.3543,
0.9244 1.8733 0.3543,
0.9269 1.8762 0.3543,
0.9189 1.8678 0.3543,
0.9217 1.8705 0.3543,
1.4566 2.2805 0.3543,
1.4566 1.9262 0.3543,
0.4920 1.9262 -0.0197,
0.0983 1.9262 0.3543,
0.4920 1.9262 0.3543,
0.0983 1.9262 -0.0197,
0.9448 1.9262 -0.0197,
0.9448 1.9262 0.3543,
1.4566 1.9262 -0.0197,
1.4566 1.9262 0.3543,
-0.3544 1.9262 -0.0197,
-0.8662 1.9262 0.3543,
-0.3544 1.9262 0.3543,
-0.8662 1.9262 -0.0197,
0.4920 1.8474 -0.0197,
0.4920 1.8474 0.3543,
0.8660 1.8474 -0.0197,
0.8660 1.8474 0.3543,
0.8660 1.8474 -0.0197,
0.8699 1.8475 0.3543,
0.8699 1.8475 -0.0197,
0.8660 1.8474 0.3543,
0.8738 1.8478 0.3543,
0.8738 1.8478 -0.0197,
0.8776 1.8483 0.3543,
0.8776 1.8483 -0.0197,
0.8814 1.8490 0.3543,
0.8814 1.8490 -0.0197,
0.8852 1.8498 0.3543,
0.8852 1.8498 -0.0197,
0.8889 1.8508 0.3543,
0.8889 1.8508 -0.0197,
0.8926 1.8520 0.3543,
0.8926 1.8520 -0.0197,
0.8962 1.8534 0.3543,
0.8962 1.8534 -0.0197,
0.8997 1.8550 0.3543,
0.8997 1.8550 -0.0197,
0.9032 1.8567 -0.0197,
0.9032 1.8567 0.3543,
0.9065 1.8586 0.3543,
0.9065 1.8586 -0.0197,
0.9098 1.8607 -0.0197,
0.9098 1.8607 0.3543,
0.9130 1.8629 -0.0197,
0.9130 1.8629 0.3543,
0.9160 1.8653 0.3543,
0.9160 1.8653 -0.0197,
0.9189 1.8678 0.3543,
0.9189 1.8678 -0.0197,
0.9217 1.8705 0.3543,
0.9217 1.8705 -0.0197,
0.9244 1.8733 -0.0197,
0.9244 1.8733 0.3543,
0.9269 1.8762 -0.0197,
0.9269 1.8762 0.3543,
0.9293 1.8793 0.3543,
0.9293 1.8793 -0.0197,
0.9315 1.8824 0.3543,
0.9315 1.8824 -0.0197,
0.9336 1.8857 0.3543,
0.9336 1.8857 -0.0197,
0.9355 1.8891 0.3543,
0.9355 1.8891 -0.0197,
0.9372 1.8925 0.3543,
0.9372 1.8925 -0.0197,
0.9388 1.8960 0.3543,
0.9388 1.8960 -0.0197,
0.9402 1.8997 0.3543,
0.9402 1.8997 -0.0197,
0.9414 1.9033 0.3543,
0.9414 1.9033 -0.0197,
0.9424 1.9070 0.3543,
0.9424 1.9070 -0.0197,
0.9433 1.9108 0.3543,
0.9433 1.9108 -0.0197,
0.9439 1.9146 0.3543,
0.9439 1.9146 -0.0197,
0.9444 1.9185 0.3543,
0.9444 1.9185 -0.0197,
0.9447 1.9223 0.3543,
0.9447 1.9223 -0.0197,
0.9448 1.9262 0.3543,
0.9448 1.9262 -0.0197,
-0.2757 1.8474 -0.0197,
-0.2757 1.8474 0.3543,
0.0983 1.8474 -0.0197,
0.0983 1.8474 0.3543,
-0.3544 1.9262 -0.0197,
-0.3543 1.9223 0.3543,
-0.3543 1.9223 -0.0197,
-0.3544 1.9262 0.3543,
-0.3540 1.9185 0.3543,
-0.3540 1.9185 -0.0197,
-0.3536 1.9146 0.3543,
-0.3536 1.9146 -0.0197,
-0.3529 1.9108 0.3543,
-0.3529 1.9108 -0.0197,
-0.3521 1.9070 0.3543,
-0.3521 1.9070 -0.0197,
-0.3510 1.9033 0.3543,
-0.3510 1.9033 -0.0197,
-0.3498 1.8997 0.3543,
-0.3498 1.8997 -0.0197,
-0.3484 1.8960 0.3543,
-0.3484 1.8960 -0.0197,
-0.3469 1.8925 0.3543,
-0.3469 1.8925 -0.0197,
-0.3451 1.8891 0.3543,
-0.3451 1.8891 -0.0197,
-0.3432 1.8857 0.3543,
-0.3432 1.8857 -0.0197,
-0.3412 1.8824 -0.0197,
-0.3412 1.8824 0.3543,
-0.3389 1.8793 -0.0197,
-0.3389 1.8793 0.3543,
-0.3366 1.8762 0.3543,
-0.3366 1.8762 -0.0197,
-0.3340 1.8733 0.3543,
-0.3340 1.8733 -0.0197,
-0.3314 1.8705 -0.0197,
-0.3314 1.8705 0.3543,
-0.3286 1.8678 -0.0197,
-0.3286 1.8678 0.3543,
-0.3256 1.8653 -0.0197,
-0.3256 1.8653 0.3543,
-0.3226 1.8629 0.3543,
-0.3226 1.8629 -0.0197,
-0.3194 1.8607 0.3543,
-0.3194 1.8607 -0.0197,
-0.3162 1.8586 0.3543,
-0.3162 1.8586 -0.0197,
-0.3128 1.8567 0.3543,
-0.3128 1.8567 -0.0197,
-0.3093 1.8550 0.3543,
-0.3093 1.8550 -0.0197,
-0.3058 1.8534 0.3543,
-0.3058 1.8534 -0.0197,
-0.3022 1.8520 0.3543,
-0.3022 1.8520 -0.0197,
-0.2985 1.8508 0.3543,
-0.2985 1.8508 -0.0197,
-0.2948 1.8498 0.3543,
-0.2948 1.8498 -0.0197,
-0.2910 1.8490 0.3543,
-0.2910 1.8490 -0.0197,
-0.2872 1.8483 0.3543,
-0.2872 1.8483 -0.0197,
-0.2834 1.8478 0.3543,
-0.2834 1.8478 -0.0197,
-0.2795 1.8475 -0.0197,
-0.2795 1.8475 0.3543,
-0.2757 1.8474 -0.0197,
-0.2757 1.8474 0.3543,
1.4566 0.4262 2.8740,
1.4566 0.4262 3.0315,
1.4566 0.3474 3.1102,
1.4566 -0.2982 3.1102,
1.4566 0.5049 2.7953,
1.4566 0.0561 0.0787,
1.4566 -0.2982 -0.0197,
1.4566 0.0561 -0.0197,
1.4566 1.2411 0.0787,
1.4566 1.9262 0.3543,
1.4566 2.2805 2.7953,
1.4566 2.2805 0.3543,
1.4566 1.9262 -0.0197,
1.4566 1.2411 -0.0197,
1.4566 1.2411 -0.0197,
0.7479 1.2411 0.0787,
0.7479 1.2411 -0.0197,
1.4566 1.2411 0.0787,
0.7479 1.2411 -0.0197,
0.7479 1.2411 0.0787,
0.7479 0.0561 0.0787,
0.7479 0.0561 -0.0197,
0.7479 0.0561 -0.0197,
0.7479 0.0561 0.0787,
1.4566 0.0561 -0.0197,
1.4566 0.0561 0.0787,
1.4566 1.2411 0.0787,
1.4566 0.0561 0.0787,
0.7479 1.2411 0.0787,
0.7479 0.0561 0.0787,
0.8660 -0.2982 0.0591,
0.8660 -0.2982 -0.0197,
1.4566 -0.2982 -0.0197,
-0.8662 -0.2982 -0.0197,
-0.2757 -0.2982 -0.0197,
-0.2757 -0.2982 0.0591,
0.6042 -0.2982 2.7953,
1.4566 -0.2982 3.1102,
0.6042 -0.2982 0.0591,
-0.0139 -0.2982 2.7953,
-0.0139 -0.2982 0.0591,
-0.8662 -0.2982 3.1102,
0.8660 -0.2982 0.0591,
0.8660 -0.1998 -0.0197,
0.8660 -0.2982 -0.0197,
0.8660 -0.1998 0.0591,
0.8660 -0.1998 0.0591,
0.5058 -0.1998 0.0591,
0.8660 -0.1998 -0.0197,
-0.2757 -0.1998 -0.0197,
0.0846 -0.1998 0.0591,
-0.2757 -0.1998 0.0591,
0.5058 -0.1998 2.7953,
0.0846 -0.1998 2.7953,
0.5058 -0.1998 0.0591,
0.8660 -0.1998 0.0591,
0.6042 -0.2982 0.0591,
0.8660 -0.2982 0.0591,
0.0846 -0.1998 0.0591,
-0.0139 -0.2982 0.0591,
-0.2757 -0.1998 0.0591,
-0.2757 -0.2982 0.0591,
0.0846 -0.1998 2.7953,
0.5058 -0.1998 2.7953,
0.6042 -0.2982 2.7953,
-0.0139 -0.2982 2.7953,
-0.2757 -0.2982 -0.0197,
-0.2757 -0.1998 -0.0197,
-0.2757 -0.2982 0.0591,
-0.2757 -0.1998 0.0591,
-0.8662 0.4262 2.8740,
-0.8662 -0.2982 3.1102,
-0.8662 0.3474 3.1102,
-0.8662 0.4262 3.0315,
-0.8662 0.5049 2.7953,
-0.8662 0.0561 0.0787,
-0.8662 -0.2982 -0.0197,
-0.8662 0.0561 -0.0197,
-0.8662 1.2411 0.0787,
-0.8662 1.9262 0.3543,
-0.8662 2.2805 2.7953,
-0.8662 2.2805 0.3543,
-0.8662 1.9262 -0.0197,
-0.8662 1.2411 -0.0197,
-0.6103 0.4262 2.8740,
-0.8662 0.4262 3.0315,
-0.6103 0.4262 3.0315,
-0.8662 0.4262 2.8740,
1.2007 0.4262 2.8740,
1.2007 0.4262 3.0315,
1.4566 0.4262 2.8740,
1.4566 0.4262 3.0315,
-0.8662 0.3474 3.1102,
-0.6103 0.3474 3.1102,
-0.8662 0.4262 3.0315,
-0.6103 0.4262 3.0315,
1.2007 0.3474 3.1102,
1.4566 0.3474 3.1102,
1.2007 0.4262 3.0315,
1.4566 0.4262 3.0315,
-0.8662 0.0561 0.0787,
-0.1576 0.0561 0.0787,
-0.1576 0.0561 -0.0197,
-0.8662 0.0561 -0.0197,
-0.1576 1.2411 0.0787,
-0.1576 1.2411 -0.0197,
-0.1576 0.0561 0.0787,
-0.1576 0.0561 -0.0197,
-0.8662 1.2411 0.0787,
-0.1576 1.2411 -0.0197,
-0.1576 1.2411 0.0787,
-0.8662 1.2411 -0.0197,
-0.8662 1.2411 0.0787,
-0.1576 1.2411 0.0787,
-0.1576 0.0561 0.0787,
-0.8662 0.0561 0.0787,
0.8267 0.1152 0.6693,
0.8267 0.1152 1.0354,
1.1613 0.1152 0.6693,
-0.5710 0.1152 0.6693,
-0.2363 0.1152 1.0354,
-0.2363 0.1152 0.6693,
0.6397 0.1152 1.0354,
0.6397 0.1152 1.9902,
0.5412 0.1152 1.9902,
1.1613 0.1152 3.0315,
0.5412 0.1152 1.0354,
0.0491 0.1152 1.9902,
0.0491 0.1152 1.0354,
-0.0493 0.1152 1.9902,
-0.0493 0.1152 1.0354,
-0.5710 0.1152 3.0315,
0.8267 0.5915 0.9646,
0.6397 0.5443 0.9646,
0.8267 0.1939 0.9646,
0.6397 0.1939 0.9646,
0.5412 0.5443 0.9646,
0.0491 0.5443 0.9646,
0.5412 0.1939 0.9646,
0.0491 0.1939 0.9646,
-0.0493 0.1939 0.9646,
-0.0493 0.5443 0.9646,
-0.2363 0.1939 0.9646,
-0.2363 0.5915 0.9646,
-0.2363 0.1152 1.0354,
-0.0493 0.1152 1.0354,
-0.2363 0.1939 0.9646,
-0.0493 0.1939 0.9646,
0.0491 0.1152 1.0354,
0.5412 0.1152 1.0354,
0.0491 0.1939 0.9646,
0.5412 0.1939 0.9646,
0.6397 0.1152 1.0354,
0.8267 0.1152 1.0354,
0.6397 0.1939 0.9646,
0.8267 0.1939 0.9646,
-0.2167 0.0876 -0.4064,
-0.2166 0.0876 -0.4120,
-0.2166 -0.0948 -0.4132,
-0.2165 -0.0949 -0.4066,
-0.2164 0.0876 -0.4008,
-0.2160 -0.0949 -0.4000,
-0.2158 0.0876 -0.3954,
-0.2152 -0.0949 -0.3935,
-0.2150 0.0876 -0.3900,
-0.2141 -0.0950 -0.3869,
-0.2140 0.0876 -0.3847,
-0.2127 -0.0950 -0.3805,
-0.2128 0.0876 -0.3795,
-0.2115 0.0876 -0.3744,
-0.2110 -0.0951 -0.3741,
-0.2099 0.0876 -0.3693,
-0.2089 -0.0951 -0.3678,
-0.2081 0.0876 -0.3644,
-0.2066 -0.0952 -0.3616,
-0.2062 0.0876 -0.3595,
-0.2040 -0.0952 -0.3556,
-0.2041 0.0876 -0.3546,
-0.2019 0.0876 -0.3498,
-0.2011 -0.0952 -0.3496,
-0.1994 0.0876 -0.3451,
-0.1979 -0.0953 -0.3438,
-0.1968 0.0876 -0.3405,
-0.1944 -0.0953 -0.3382,
-0.1939 0.0876 -0.3359,
-0.1907 -0.0954 -0.3327,
-0.1909 0.0876 -0.3315,
-0.1876 0.0876 -0.3271,
-0.1867 -0.0954 -0.3275,
-0.1841 0.0876 -0.3228,
-0.1824 -0.0954 -0.3224,
-0.1804 0.0876 -0.3186,
-0.1780 -0.0955 -0.3175,
-0.1764 0.0876 -0.3145,
-0.1732 -0.0955 -0.3129,
-0.1722 0.0876 -0.3105,
-0.1683 -0.0955 -0.3085,
-0.1677 0.0876 -0.3066,
-0.1632 -0.0955 -0.3043,
-0.1629 0.0876 -0.3028,
-0.1579 -0.0956 -0.3004,
-0.1579 0.0876 -0.2991,
0.7499 0.6900 -0.3173,
0.7539 0.6900 -0.3198,
0.7499 0.8868 -0.3173,
0.7539 0.8868 -0.3198,
0.7578 0.6900 -0.3224,
0.7578 0.8868 -0.3224,
0.7616 0.6900 -0.3252,
0.7616 0.8868 -0.3252,
0.7653 0.6900 -0.3280,
0.7653 0.8868 -0.3280,
0.7687 0.6900 -0.3309,
0.7687 0.8868 -0.3309,
0.7721 0.6900 -0.3339,
0.7721 0.8868 -0.3339,
0.7752 0.6900 -0.3370,
0.7752 0.8868 -0.3370,
0.7782 0.6900 -0.3401,
0.7782 0.8868 -0.3401,
0.7811 0.6900 -0.3432,
0.7811 0.8868 -0.3432,
0.7838 0.6900 -0.3465,
0.7838 0.8868 -0.3465,
0.7863 0.6900 -0.3498,
0.7863 0.8868 -0.3498,
0.7887 0.6900 -0.3531,
0.7887 0.8868 -0.3531,
0.7910 0.6900 -0.3565,
0.7910 0.8868 -0.3565,
0.7931 0.6900 -0.3600,
0.7931 0.8868 -0.3600,
0.7951 0.6900 -0.3635,
0.7951 0.8868 -0.3635,
0.7969 0.6900 -0.3671,
0.7969 0.8868 -0.3671,
0.7986 0.6900 -0.3708,
0.7986 0.8868 -0.3708,
0.8002 0.6900 -0.3744,
0.8002 0.8868 -0.3744,
0.8016 0.6900 -0.3782,
0.8016 0.8868 -0.3782,
0.8029 0.6900 -0.3820,
0.8029 0.8868 -0.3820,
0.8041 0.6900 -0.3859,
0.8041 0.8868 -0.3859,
0.8051 0.6900 -0.3898,
0.8051 0.8868 -0.3898,
0.8060 0.6900 -0.3938,
0.8060 0.8868 -0.3938,
0.8067 0.6900 -0.3978,
0.8067 0.8868 -0.3978,
0.8073 0.6900 -0.4019,
0.8073 0.8868 -0.4019,
0.8077 0.6900 -0.4061,
0.8077 0.8868 -0.4061,
0.8079 0.6900 -0.4104,
0.8079 0.8868 -0.4104,
0.8080 0.6900 -0.4147,
0.8080 0.8868 -0.4147,
0.8078 0.6900 -0.4191,
0.8078 0.8868 -0.4191,
0.8074 0.6900 -0.4236,
0.8074 0.8868 -0.4236,
0.8068 0.6900 -0.4282,
0.8068 0.8868 -0.4282,
0.8060 0.6900 -0.4329,
0.8060 0.8868 -0.4329,
0.8049 0.6900 -0.4376,
0.8049 0.8868 -0.4376,
-0.5119 1.4970 -0.0197,
-0.5119 1.4970 -0.2362,
-0.5121 1.5038 -0.2362,
-0.5121 1.5039 -0.0197,
-0.5126 1.5106 -0.2362,
-0.5126 1.5108 -0.0197,
-0.5134 1.5173 -0.2362,
-0.5134 1.5176 -0.0197,
-0.5146 1.5239 -0.2362,
-0.5146 1.5244 -0.0197,
-0.5160 1.5305 -0.2362,
-0.5162 1.5310 -0.0197,
-0.5178 1.5370 -0.2362,
-0.5180 1.5377 -0.0197,
-0.5200 1.5435 -0.2362,
-0.5202 1.5442 -0.0197,
-0.5224 1.5498 -0.2362,
-0.5227 1.5506 -0.0197,
-0.5251 1.5560 -0.2362,
-0.5256 1.5568 -0.0197,
-0.5282 1.5620 -0.2362,
-0.5287 1.5629 -0.0197,
-0.5315 1.5679 -0.2362,
-0.5321 1.5689 -0.0197,
-0.5351 1.5736 -0.2362,
-0.5358 1.5747 -0.0197,
-0.5390 1.5791 -0.2362,
-0.5399 1.5802 -0.0197,
-0.5432 1.5845 -0.2362,
-0.5441 1.5856 -0.0197,
-0.5476 1.5896 -0.2362,
-0.5487 1.5908 -0.0197,
-0.5523 1.5945 -0.2362,
-0.5535 1.5957 -0.0197,
-0.5572 1.5991 -0.2362,
-0.5585 1.6004 -0.0197,
-0.5623 1.6036 -0.2362,
-0.5638 1.6048 -0.0197,
-0.5676 1.6077 -0.2362,
-0.5693 1.6089 -0.0197,
-0.5731 1.6116 -0.2362,
-0.5749 1.6128 -0.0197,
-0.5789 1.6152 -0.2362,
-0.5808 1.6164 -0.0197,
-0.5847 1.6186 -0.2362,
-0.5868 1.6197 -0.0197,
-0.5908 1.6216 -0.2362,
-0.5930 1.6226 -0.0197,
-0.5970 1.6244 -0.2362,
-0.5994 1.6253 -0.0197,
-0.6033 1.6268 -0.2362,
-0.6058 1.6277 -0.0197,
-0.6097 1.6289 -0.2362,
-0.6124 1.6297 -0.0197,
-0.6162 1.6307 -0.2362,
-0.6190 1.6314 -0.0197,
-0.6228 1.6322 -0.2362,
-0.6258 1.6327 -0.0197,
-0.6295 1.6334 -0.2362,
-0.6326 1.6338 -0.0197,
-0.6362 1.6342 -0.2362,
-0.6394 1.6345 -0.0197,
-0.6429 1.6347 -0.2362,
-0.6463 1.6348 -0.0197,
-0.6497 1.6348 -0.2362,
-0.6531 1.6348 -0.0197,
-0.6565 1.6347 -0.2362,
-0.6600 1.6345 -0.0197,
-0.6632 1.6342 -0.2362,
-0.6668 1.6338 -0.0197,
-0.6699 1.6334 -0.2362,
-0.6736 1.6327 -0.0197,
-0.6766 1.6322 -0.2362,
-0.6804 1.6314 -0.0197,
-0.6832 1.6307 -0.2362,
-0.6870 1.6297 -0.0197,
-0.6897 1.6289 -0.2362,
-0.6936 1.6277 -0.0197,
-0.6961 1.6268 -0.2362,
-0.7000 1.6253 -0.0197,
-0.7024 1.6244 -0.2362,
-0.7064 1.6226 -0.0197,
-0.7086 1.6216 -0.2362,
-0.7126 1.6197 -0.0197,
-0.7147 1.6186 -0.2362,
-0.7186 1.6164 -0.0197,
-0.7205 1.6152 -0.2362,
-0.7245 1.6128 -0.0197,
-0.7263 1.6116 -0.2362,
-0.7301 1.6089 -0.0197,
-0.7318 1.6077 -0.2362,
-0.7356 1.6048 -0.0197,
-0.7371 1.6036 -0.2362,
-0.7409 1.6004 -0.0197,
-0.7422 1.5991 -0.2362,
-0.7459 1.5957 -0.0197,
-0.7471 1.5945 -0.2362,
-0.7507 1.5908 -0.0197,
-0.7518 1.5896 -0.2362,
-0.7553 1.5856 -0.0197,
-0.7562 1.5845 -0.2362,
-0.7595 1.5802 -0.0197,
-0.7604 1.5791 -0.2362,
-0.7636 1.5747 -0.0197,
-0.7643 1.5736 -0.2362,
-0.7673 1.5689 -0.0197,
-0.7679 1.5679 -0.2362,
-0.7707 1.5629 -0.0197,
-0.7712 1.5620 -0.2362,
-0.7738 1.5568 -0.0197,
-0.7743 1.5560 -0.2362,
-0.7767 1.5506 -0.0197,
-0.7770 1.5498 -0.2362,
-0.7792 1.5442 -0.0197,
-0.7794 1.5435 -0.2362,
-0.7814 1.5377 -0.0197,
-0.7816 1.5370 -0.2362,
-0.7832 1.5310 -0.0197,
-0.7834 1.5305 -0.2362,
-0.7848 1.5244 -0.0197,
-0.7848 1.5239 -0.2362,
-0.7860 1.5176 -0.0197,
-0.7860 1.5173 -0.2362,
-0.7868 1.5108 -0.0197,
-0.7868 1.5106 -0.2362,
-0.7873 1.5039 -0.0197,
-0.7873 1.5038 -0.2362,
-0.7875 1.4970 -0.0197,
-0.7875 1.4970 -0.2362,
-0.6589 1.5901 -0.2805,
-0.6574 1.5754 -0.2953,
-0.6613 1.5749 -0.2953,
-0.6536 1.5757 -0.2953,
-0.6497 1.5758 -0.2953,
-0.6679 1.5888 -0.2805,
-0.6651 1.5743 -0.2953,
-0.6688 1.5734 -0.2953,
-0.6603 1.6048 -0.2657,
-0.6497 1.6348 -0.2362,
-0.6768 1.5865 -0.2805,
-0.6726 1.5724 -0.2953,
-0.6762 1.5712 -0.2953,
-0.6708 1.6032 -0.2657,
-0.6855 1.5834 -0.2805,
-0.6798 1.5698 -0.2953,
-0.6834 1.5682 -0.2953,
-0.6618 1.6195 -0.2510,
-0.6699 1.6334 -0.2362,
-0.6632 1.6342 -0.2362,
-0.6565 1.6347 -0.2362,
-0.6811 1.6007 -0.2657,
-0.6938 1.5795 -0.2805,
-0.6868 1.5665 -0.2953,
-0.6902 1.5646 -0.2953,
-0.6737 1.6177 -0.2510,
-0.6832 1.6307 -0.2362,
-0.6766 1.6322 -0.2362,
-0.6911 1.5971 -0.2657,
-0.7016 1.5748 -0.2805,
-0.6934 1.5625 -0.2953,
-0.6966 1.5603 -0.2953,
-0.6854 1.6148 -0.2510,
-0.6961 1.6268 -0.2362,
-0.6897 1.6289 -0.2362,
-0.7007 1.5925 -0.2657,
-0.7090 1.5693 -0.2805,
-0.6997 1.5579 -0.2953,
-0.7026 1.5554 -0.2953,
-0.6968 1.6107 -0.2510,
-0.7086 1.6216 -0.2362,
-0.7024 1.6244 -0.2362,
-0.7098 1.5871 -0.2657,
-0.7158 1.5632 -0.2805,
-0.7054 1.5527 -0.2953,
-0.7080 1.5499 -0.2953,
-0.7077 1.6055 -0.2510,
-0.7205 1.6152 -0.2362,
-0.7147 1.6186 -0.2362,
-0.7184 1.5807 -0.2657,
-0.7220 1.5564 -0.2805,
-0.7106 1.5470 -0.2953,
-0.7129 1.5440 -0.2953,
-0.7181 1.5993 -0.2510,
-0.7318 1.6077 -0.2362,
-0.7263 1.6116 -0.2362,
-0.7263 1.5736 -0.2657,
-0.7274 1.5490 -0.2805,
-0.7152 1.5408 -0.2953,
-0.7172 1.5375 -0.2953,
-0.7277 1.5922 -0.2510,
-0.7422 1.5991 -0.2362,
-0.7371 1.6036 -0.2362,
-0.7334 1.5657 -0.2657,
-0.7322 1.5411 -0.2805,
-0.7191 1.5342 -0.2953,
-0.7209 1.5307 -0.2953,
-0.7367 1.5840 -0.2510,
-0.7518 1.5896 -0.2362,
-0.7471 1.5945 -0.2362,
-0.7397 1.5572 -0.2657,
-0.7361 1.5328 -0.2805,
-0.7224 1.5272 -0.2953,
-0.7238 1.5236 -0.2953,
-0.7448 1.5751 -0.2510,
-0.7604 1.5791 -0.2362,
-0.7562 1.5845 -0.2362,
-0.7452 1.5481 -0.2657,
-0.7392 1.5242 -0.2805,
-0.7250 1.5199 -0.2953,
-0.7261 1.5162 -0.2953,
-0.7520 1.5654 -0.2510,
-0.7679 1.5679 -0.2362,
-0.7643 1.5736 -0.2362,
-0.7497 1.5385 -0.2657,
-0.7414 1.5153 -0.2805,
-0.7269 1.5124 -0.2953,
-0.7276 1.5086 -0.2953,
-0.7582 1.5550 -0.2510,
-0.7743 1.5560 -0.2362,
-0.7712 1.5620 -0.2362,
-0.7533 1.5285 -0.2657,
-0.7428 1.5062 -0.2805,
-0.7283 1.5009 -0.2953,
-0.7284 1.4970 -0.2953,
-0.7281 1.5048 -0.2953,
-0.7634 1.5441 -0.2510,
-0.7794 1.5435 -0.2362,
-0.7770 1.5498 -0.2362,
-0.7559 1.5182 -0.2657,
-0.7674 1.5328 -0.2510,
-0.7834 1.5305 -0.2362,
-0.7816 1.5370 -0.2362,
-0.7574 1.5077 -0.2657,
-0.7875 1.4970 -0.2362,
-0.7704 1.5210 -0.2510,
-0.7860 1.5173 -0.2362,
-0.7848 1.5239 -0.2362,
-0.7721 1.5091 -0.2510,
-0.7873 1.5038 -0.2362,
-0.7868 1.5106 -0.2362,
-0.5822 1.4566 -0.2953,
-0.5842 1.4533 -0.2953,
-0.5865 1.4501 -0.2953,
-0.6126 1.4276 -0.2953,
-0.6060 1.4316 -0.2953,
-0.6092 1.4295 -0.2953,
-0.5785 1.4634 -0.2953,
-0.5803 1.4599 -0.2953,
-0.5733 1.4779 -0.2953,
-0.5744 1.4742 -0.2953,
-0.5756 1.4705 -0.2953,
-0.5770 1.4669 -0.2953,
-0.5756 1.5236 -0.2953,
-0.5710 1.4970 -0.2953,
-0.5711 1.4932 -0.2953,
-0.5713 1.4893 -0.2953,
-0.5718 1.4855 -0.2953,
-0.5725 1.4817 -0.2953,
-0.5744 1.5199 -0.2953,
-0.5733 1.5162 -0.2953,
-0.5725 1.5124 -0.2953,
-0.5718 1.5086 -0.2953,
-0.5713 1.5048 -0.2953,
-0.5711 1.5009 -0.2953,
-0.6834 1.4259 -0.2953,
-0.6762 1.4229 -0.2953,
-0.6798 1.4243 -0.2953,
-0.5785 1.5307 -0.2953,
-0.5770 1.5272 -0.2953,
-0.6902 1.4295 -0.2953,
-0.6868 1.4276 -0.2953,
-0.7026 1.4387 -0.2953,
-0.6966 1.4338 -0.2953,
-0.6997 1.4362 -0.2953,
-0.7106 1.4471 -0.2953,
-0.7054 1.4414 -0.2953,
-0.7080 1.4442 -0.2953,
-0.6028 1.5603 -0.2953,
-0.5997 1.5579 -0.2953,
-0.5968 1.5554 -0.2953,
-0.7152 1.4533 -0.2953,
-0.7129 1.4501 -0.2953,
-0.6060 1.5625 -0.2953,
-0.6092 1.5646 -0.2953,
-0.5940 1.5527 -0.2953,
-0.5914 1.5499 -0.2953,
-0.5888 1.5470 -0.2953,
-0.5865 1.5440 -0.2953,
-0.5842 1.5408 -0.2953,
-0.7191 1.4599 -0.2953,
-0.7172 1.4566 -0.2953,
-0.7209 1.4634 -0.2953,
-0.7238 1.4705 -0.2953,
-0.7224 1.4669 -0.2953,
-0.6232 1.5712 -0.2953,
-0.6196 1.5698 -0.2953,
-0.6160 1.5682 -0.2953,
-0.7281 1.4893 -0.2953,
-0.7261 1.4779 -0.2953,
-0.7269 1.4817 -0.2953,
-0.7276 1.4855 -0.2953,
-0.7284 1.4970 -0.2953,
-0.7283 1.4932 -0.2953,
-0.7281 1.5048 -0.2953,
-0.7283 1.5009 -0.2953,
-0.6574 1.5754 -0.2953,
-0.6536 1.5757 -0.2953,
-0.6497 1.5758 -0.2953,
-0.7269 1.5124 -0.2953,
-0.7276 1.5086 -0.2953,
-0.6726 1.5724 -0.2953,
-0.6688 1.5734 -0.2953,
-0.6651 1.5743 -0.2953,
-0.6798 1.5698 -0.2953,
-0.6762 1.5712 -0.2953,
-0.7209 1.5307 -0.2953,
-0.7261 1.5162 -0.2953,
-0.7250 1.5199 -0.2953,
-0.7238 1.5236 -0.2953,
-0.7224 1.5272 -0.2953,
-0.6868 1.5665 -0.2953,
-0.6834 1.5682 -0.2953,
-0.6613 1.5749 -0.2953,
-0.6458 1.5757 -0.2953,
-0.6420 1.5754 -0.2953,
-0.7172 1.5375 -0.2953,
-0.6160 1.4259 -0.2953,
-0.6196 1.4243 -0.2953,
-0.6232 1.4229 -0.2953,
-0.6268 1.4217 -0.2953,
-0.6306 1.4207 -0.2953,
-0.6343 1.4198 -0.2953,
-0.6381 1.4192 -0.2953,
-0.6420 1.4187 -0.2953,
-0.6458 1.4184 -0.2953,
-0.6497 1.4183 -0.2953,
-0.6536 1.4184 -0.2953,
-0.6574 1.4187 -0.2953,
-0.6613 1.4192 -0.2953,
-0.6651 1.4198 -0.2953,
-0.6688 1.4207 -0.2953,
-0.6726 1.4217 -0.2953,
-0.6934 1.4316 -0.2953,
-0.7250 1.4742 -0.2953,
-0.7191 1.5342 -0.2953,
-0.6934 1.5625 -0.2953,
-0.6902 1.5646 -0.2953,
-0.7106 1.5470 -0.2953,
-0.7152 1.5408 -0.2953,
-0.7129 1.5440 -0.2953,
-0.7080 1.5499 -0.2953,
-0.7026 1.5554 -0.2953,
-0.6997 1.5579 -0.2953,
-0.6966 1.5603 -0.2953,
-0.7054 1.5527 -0.2953,
-0.6343 1.5743 -0.2953,
-0.6306 1.5734 -0.2953,
-0.6268 1.5724 -0.2953,
-0.6126 1.5665 -0.2953,
-0.5888 1.4471 -0.2953,
-0.5914 1.4442 -0.2953,
-0.5822 1.5375 -0.2953,
-0.5940 1.4414 -0.2953,
-0.5803 1.5342 -0.2953,
-0.5968 1.4387 -0.2953,
-0.5997 1.4362 -0.2953,
-0.6028 1.4338 -0.2953,
-0.6381 1.5749 -0.2953,
-0.7428 1.4879 -0.2805,
-0.7281 1.4893 -0.2953,
-0.7276 1.4855 -0.2953,
-0.7283 1.4932 -0.2953,
-0.7284 1.4970 -0.2953,
-0.7414 1.4788 -0.2805,
-0.7269 1.4817 -0.2953,
-0.7261 1.4779 -0.2953,
-0.7574 1.4864 -0.2657,
-0.7875 1.4970 -0.2362,
-0.7392 1.4699 -0.2805,
-0.7250 1.4742 -0.2953,
-0.7238 1.4705 -0.2953,
-0.7559 1.4759 -0.2657,
-0.7361 1.4613 -0.2805,
-0.7224 1.4669 -0.2953,
-0.7209 1.4634 -0.2953,
-0.7721 1.4850 -0.2510,
-0.7860 1.4768 -0.2362,
-0.7868 1.4835 -0.2362,
-0.7873 1.4903 -0.2362,
-0.7533 1.4656 -0.2657,
-0.7322 1.4530 -0.2805,
-0.7191 1.4599 -0.2953,
-0.7172 1.4566 -0.2953,
-0.7704 1.4730 -0.2510,
-0.7834 1.4636 -0.2362,
-0.7848 1.4702 -0.2362,
-0.7497 1.4556 -0.2657,
-0.7274 1.4451 -0.2805,
-0.7152 1.4533 -0.2953,
-0.7129 1.4501 -0.2953,
-0.7674 1.4613 -0.2510,
-0.7794 1.4506 -0.2362,
-0.7816 1.4570 -0.2362,
-0.7452 1.4460 -0.2657,
-0.7220 1.4377 -0.2805,
-0.7106 1.4471 -0.2953,
-0.7080 1.4442 -0.2953,
-0.7634 1.4500 -0.2510,
-0.7743 1.4381 -0.2362,
-0.7770 1.4443 -0.2362,
-0.7397 1.4369 -0.2657,
-0.7158 1.4309 -0.2805,
-0.7054 1.4414 -0.2953,
-0.7026 1.4387 -0.2953,
-0.7582 1.4391 -0.2510,
-0.7679 1.4262 -0.2362,
-0.7712 1.4321 -0.2362,
-0.7334 1.4284 -0.2657,
-0.7090 1.4248 -0.2805,
-0.6997 1.4362 -0.2953,
-0.6966 1.4338 -0.2953,
-0.7520 1.4287 -0.2510,
-0.7604 1.4150 -0.2362,
-0.7643 1.4205 -0.2362,
-0.7263 1.4205 -0.2657,
-0.7016 1.4193 -0.2805,
-0.6934 1.4316 -0.2953,
-0.6902 1.4295 -0.2953,
-0.7448 1.4190 -0.2510,
-0.7518 1.4045 -0.2362,
-0.7562 1.4096 -0.2362,
-0.7184 1.4134 -0.2657,
-0.6938 1.4146 -0.2805,
-0.6868 1.4276 -0.2953,
-0.6834 1.4259 -0.2953,
-0.7367 1.4101 -0.2510,
-0.7422 1.3949 -0.2362,
-0.7471 1.3996 -0.2362,
-0.7098 1.4070 -0.2657,
-0.6855 1.4107 -0.2805,
-0.6798 1.4243 -0.2953,
-0.6762 1.4229 -0.2953,
-0.7277 1.4019 -0.2510,
-0.7318 1.3864 -0.2362,
-0.7371 1.3905 -0.2362,
-0.7007 1.4016 -0.2657,
-0.6768 1.4076 -0.2805,
-0.6726 1.4217 -0.2953,
-0.6688 1.4207 -0.2953,
-0.7181 1.3948 -0.2510,
-0.7205 1.3789 -0.2362,
-0.7263 1.3825 -0.2362,
-0.6911 1.3970 -0.2657,
-0.6679 1.4053 -0.2805,
-0.6651 1.4198 -0.2953,
-0.6613 1.4192 -0.2953,
-0.7077 1.3885 -0.2510,
-0.7086 1.3725 -0.2362,
-0.7147 1.3755 -0.2362,
-0.6811 1.3934 -0.2657,
-0.6589 1.4040 -0.2805,
-0.6536 1.4184 -0.2953,
-0.6497 1.4183 -0.2953,
-0.6574 1.4187 -0.2953,
-0.6968 1.3834 -0.2510,
-0.6961 1.3673 -0.2362,
-0.7024 1.3697 -0.2362,
-0.6708 1.3909 -0.2657,
-0.6854 1.3793 -0.2510,
-0.6832 1.3634 -0.2362,
-0.6897 1.3652 -0.2362,
-0.6603 1.3893 -0.2657,
-0.6497 1.3593 -0.2362,
-0.6737 1.3764 -0.2510,
-0.6699 1.3607 -0.2362,
-0.6766 1.3619 -0.2362,
-0.6618 1.3746 -0.2510,
-0.6565 1.3594 -0.2362,
-0.6632 1.3599 -0.2362,
-0.7875 1.4970 -0.0197,
-0.7875 1.4970 -0.2362,
-0.7873 1.4903 -0.2362,
-0.7873 1.4902 -0.0197,
-0.7868 1.4835 -0.2362,
-0.7868 1.4833 -0.0197,
-0.7860 1.4768 -0.2362,
-0.7860 1.4765 -0.0197,
-0.7848 1.4702 -0.2362,
-0.7848 1.4697 -0.0197,
-0.7834 1.4636 -0.2362,
-0.7832 1.4630 -0.0197,
-0.7816 1.4570 -0.2362,
-0.7814 1.4564 -0.0197,
-0.7794 1.4506 -0.2362,
-0.7792 1.4499 -0.0197,
-0.7770 1.4443 -0.2362,
-0.7767 1.4435 -0.0197,
-0.7743 1.4381 -0.2362,
-0.7738 1.4373 -0.0197,
-0.7712 1.4321 -0.2362,
-0.7707 1.4311 -0.0197,
-0.7679 1.4262 -0.2362,
-0.7673 1.4252 -0.0197,
-0.7643 1.4205 -0.2362,
-0.7636 1.4194 -0.0197,
-0.7604 1.4150 -0.2362,
-0.7595 1.4138 -0.0197,
-0.7562 1.4096 -0.2362,
-0.7553 1.4085 -0.0197,
-0.7518 1.4045 -0.2362,
-0.7507 1.4033 -0.0197,
-0.7471 1.3996 -0.2362,
-0.7459 1.3984 -0.0197,
-0.7422 1.3949 -0.2362,
-0.7409 1.3937 -0.0197,
-0.7371 1.3905 -0.2362,
-0.7356 1.3893 -0.0197,
-0.7318 1.3864 -0.2362,
-0.7301 1.3852 -0.0197,
-0.7263 1.3825 -0.2362,
-0.7245 1.3813 -0.0197,
-0.7205 1.3789 -0.2362,
-0.7186 1.3777 -0.0197,
-0.7147 1.3755 -0.2362,
-0.7126 1.3744 -0.0197,
-0.7086 1.3725 -0.2362,
-0.7064 1.3714 -0.0197,
-0.7024 1.3697 -0.2362,
-0.7000 1.3688 -0.0197,
-0.6961 1.3673 -0.2362,
-0.6936 1.3664 -0.0197,
-0.6897 1.3652 -0.2362,
-0.6870 1.3644 -0.0197,
-0.6832 1.3634 -0.2362,
-0.6804 1.3627 -0.0197,
-0.6766 1.3619 -0.2362,
-0.6736 1.3613 -0.0197,
-0.6699 1.3607 -0.2362,
-0.6668 1.3603 -0.0197,
-0.6632 1.3599 -0.2362,
-0.6600 1.3596 -0.0197,
-0.6565 1.3594 -0.2362,
-0.6531 1.3593 -0.0197,
-0.6497 1.3593 -0.2362,
-0.6463 1.3593 -0.0197,
-0.6429 1.3594 -0.2362,
-0.6394 1.3596 -0.0197,
-0.6362 1.3599 -0.2362,
-0.6326 1.3603 -0.0197,
-0.6295 1.3607 -0.2362,
-0.6258 1.3613 -0.0197,
-0.6228 1.3619 -0.2362,
-0.6190 1.3627 -0.0197,
-0.6162 1.3634 -0.2362,
-0.6124 1.3644 -0.0197,
-0.6097 1.3652 -0.2362,
-0.6058 1.3664 -0.0197,
-0.6033 1.3673 -0.2362,
-0.5994 1.3688 -0.0197,
-0.5970 1.3697 -0.2362,
-0.5930 1.3714 -0.0197,
-0.5908 1.3725 -0.2362,
-0.5868 1.3744 -0.0197,
-0.5847 1.3755 -0.2362,
-0.5808 1.3777 -0.0197,
-0.5789 1.3789 -0.2362,
-0.5749 1.3813 -0.0197,
-0.5731 1.3825 -0.2362,
-0.5693 1.3852 -0.0197,
-0.5676 1.3864 -0.2362,
-0.5638 1.3893 -0.0197,
-0.5623 1.3905 -0.2362,
-0.5585 1.3937 -0.0197,
-0.5572 1.3949 -0.2362,
-0.5535 1.3984 -0.0197,
-0.5523 1.3996 -0.2362,
-0.5487 1.4033 -0.0197,
-0.5476 1.4045 -0.2362,
-0.5441 1.4085 -0.0197,
-0.5432 1.4096 -0.2362,
-0.5399 1.4138 -0.0197,
-0.5390 1.4150 -0.2362,
-0.5358 1.4194 -0.0197,
-0.5351 1.4205 -0.2362,
-0.5321 1.4252 -0.0197,
-0.5315 1.4262 -0.2362,
-0.5287 1.4311 -0.0197,
-0.5282 1.4321 -0.2362,
-0.5256 1.4373 -0.0197,
-0.5251 1.4381 -0.2362,
-0.5227 1.4435 -0.0197,
-0.5224 1.4443 -0.2362,
-0.5202 1.4499 -0.0197,
-0.5200 1.4506 -0.2362,
-0.5180 1.4564 -0.0197,
-0.5178 1.4570 -0.2362,
-0.5162 1.4630 -0.0197,
-0.5160 1.4636 -0.2362,
-0.5146 1.4697 -0.0197,
-0.5146 1.4702 -0.2362,
-0.5134 1.4765 -0.0197,
-0.5134 1.4768 -0.2362,
-0.5126 1.4833 -0.0197,
-0.5126 1.4835 -0.2362,
-0.5121 1.4902 -0.0197,
-0.5121 1.4903 -0.2362,
-0.5119 1.4970 -0.0197,
-0.5119 1.4970 -0.2362,
    ] }
    coordIndex [
0,1,2,-1,
0,3,1,-1,
0,4,3,-1,
5,0,2,-1,
5,6,7,-1,
5,2,6,-1,
8,9,4,-1,
8,4,0,-1,
10,11,12,-1,
10,7,11,-1,
10,5,7,-1,
13,0,5,-1,
13,8,0,-1,
14,15,16,-1,
14,12,15,-1,
14,10,12,-1,
17,18,19,-1,
17,19,20,-1,
17,20,9,-1,
17,9,8,-1,
21,5,10,-1,
21,13,5,-1,
22,14,16,-1,
22,23,24,-1,
22,16,23,-1,
25,8,13,-1,
25,17,8,-1,
25,18,17,-1,
25,26,27,-1,
25,27,18,-1,
28,10,14,-1,
28,21,10,-1,
29,30,31,-1,
29,24,30,-1,
29,22,24,-1,
32,26,25,-1,
32,25,13,-1,
32,33,34,-1,
32,34,26,-1,
32,13,21,-1,
35,28,14,-1,
35,14,22,-1,
36,37,38,-1,
36,31,37,-1,
36,29,31,-1,
39,21,28,-1,
39,33,32,-1,
39,32,21,-1,
39,40,41,-1,
39,41,33,-1,
42,22,29,-1,
42,35,22,-1,
43,44,45,-1,
43,38,44,-1,
43,36,38,-1,
46,39,28,-1,
46,47,48,-1,
46,48,40,-1,
46,40,39,-1,
46,28,35,-1,
49,42,29,-1,
49,29,36,-1,
50,51,52,-1,
50,45,51,-1,
50,43,45,-1,
53,47,46,-1,
53,54,55,-1,
53,55,47,-1,
53,35,42,-1,
53,46,35,-1,
56,49,36,-1,
56,36,43,-1,
57,50,52,-1,
57,58,59,-1,
57,52,58,-1,
60,42,49,-1,
60,54,53,-1,
60,61,62,-1,
60,62,54,-1,
60,53,42,-1,
63,56,43,-1,
63,43,50,-1,
64,57,59,-1,
64,65,66,-1,
64,59,65,-1,
67,61,60,-1,
67,49,56,-1,
67,68,69,-1,
67,69,61,-1,
67,60,49,-1,
70,50,57,-1,
70,63,50,-1,
71,72,73,-1,
71,66,72,-1,
71,64,66,-1,
74,67,56,-1,
74,68,67,-1,
74,75,76,-1,
74,76,68,-1,
74,56,63,-1,
77,70,57,-1,
77,57,64,-1,
78,79,80,-1,
78,73,79,-1,
78,71,73,-1,
81,63,70,-1,
81,74,63,-1,
81,75,74,-1,
81,82,83,-1,
81,83,75,-1,
84,64,71,-1,
84,77,64,-1,
85,86,87,-1,
85,80,86,-1,
85,78,80,-1,
88,70,77,-1,
88,81,70,-1,
88,82,81,-1,
88,89,90,-1,
88,90,82,-1,
91,84,71,-1,
91,71,78,-1,
92,93,94,-1,
92,95,93,-1,
92,87,95,-1,
92,85,87,-1,
96,88,77,-1,
96,89,88,-1,
96,97,98,-1,
96,98,89,-1,
96,77,84,-1,
99,78,85,-1,
99,91,78,-1,
100,84,91,-1,
100,96,84,-1,
100,101,102,-1,
100,102,97,-1,
100,97,96,-1,
103,94,104,-1,
103,85,92,-1,
103,99,85,-1,
103,92,94,-1,
105,91,99,-1,
105,106,107,-1,
105,107,101,-1,
105,101,100,-1,
105,100,91,-1,
108,103,104,-1,
108,104,109,-1,
108,109,110,-1,
108,105,99,-1,
108,110,106,-1,
108,106,105,-1,
108,99,103,-1,
111,112,113,-1,
111,114,112,-1,
111,115,114,-1,
116,111,113,-1,
116,117,118,-1,
116,113,117,-1,
119,120,115,-1,
119,115,111,-1,
121,116,118,-1,
121,122,123,-1,
121,118,122,-1,
124,111,116,-1,
124,119,111,-1,
125,126,127,-1,
125,123,126,-1,
125,121,123,-1,
128,129,130,-1,
128,130,131,-1,
128,131,120,-1,
128,120,119,-1,
132,124,116,-1,
132,116,121,-1,
133,134,135,-1,
133,127,134,-1,
133,125,127,-1,
136,137,138,-1,
136,138,129,-1,
136,129,128,-1,
136,128,119,-1,
136,119,124,-1,
139,132,121,-1,
139,121,125,-1,
140,141,142,-1,
140,135,141,-1,
140,133,135,-1,
143,137,136,-1,
143,144,145,-1,
143,145,137,-1,
143,124,132,-1,
143,136,124,-1,
146,125,133,-1,
146,139,125,-1,
147,140,142,-1,
147,148,149,-1,
147,142,148,-1,
150,151,152,-1,
150,152,144,-1,
150,132,139,-1,
150,144,143,-1,
150,143,132,-1,
153,133,140,-1,
153,146,133,-1,
154,147,149,-1,
154,155,156,-1,
154,149,155,-1,
157,150,139,-1,
157,151,150,-1,
157,158,159,-1,
157,159,151,-1,
157,139,146,-1,
160,140,147,-1,
160,153,140,-1,
161,154,156,-1,
161,162,163,-1,
161,156,162,-1,
164,146,153,-1,
164,165,166,-1,
164,166,158,-1,
164,158,157,-1,
164,157,146,-1,
167,160,147,-1,
167,147,154,-1,
168,161,163,-1,
168,169,170,-1,
168,163,169,-1,
171,172,173,-1,
171,173,165,-1,
171,165,164,-1,
171,164,153,-1,
171,153,160,-1,
174,167,154,-1,
174,154,161,-1,
175,176,177,-1,
175,170,176,-1,
175,168,170,-1,
178,171,160,-1,
178,179,180,-1,
178,180,172,-1,
178,172,171,-1,
178,160,167,-1,
181,174,161,-1,
181,161,168,-1,
182,175,177,-1,
182,183,184,-1,
182,177,183,-1,
185,178,167,-1,
185,186,187,-1,
185,187,179,-1,
185,179,178,-1,
185,167,174,-1,
188,181,168,-1,
188,168,175,-1,
189,182,184,-1,
189,190,191,-1,
189,184,190,-1,
192,186,185,-1,
192,193,194,-1,
192,194,186,-1,
192,185,174,-1,
192,174,181,-1,
195,188,175,-1,
195,175,182,-1,
196,189,191,-1,
196,197,198,-1,
196,191,197,-1,
199,193,192,-1,
199,200,201,-1,
199,201,193,-1,
199,192,181,-1,
199,181,188,-1,
202,182,189,-1,
202,195,182,-1,
203,196,198,-1,
203,204,205,-1,
203,206,204,-1,
203,198,206,-1,
207,188,195,-1,
207,208,209,-1,
207,209,200,-1,
207,199,188,-1,
207,200,199,-1,
210,202,189,-1,
210,189,196,-1,
211,212,213,-1,
211,213,208,-1,
211,208,207,-1,
211,195,202,-1,
211,207,195,-1,
214,205,215,-1,
214,203,205,-1,
214,196,203,-1,
214,210,196,-1,
216,217,218,-1,
216,218,212,-1,
216,212,211,-1,
216,202,210,-1,
216,211,202,-1,
219,215,220,-1,
219,220,221,-1,
219,221,217,-1,
219,214,215,-1,
219,217,216,-1,
219,210,214,-1,
219,216,210,-1,
222,223,224,-1,
222,224,225,-1,
226,225,227,-1,
226,222,225,-1,
228,227,229,-1,
228,226,227,-1,
230,229,231,-1,
230,228,229,-1,
232,231,233,-1,
232,230,231,-1,
234,235,236,-1,
236,237,234,-1,
235,238,236,-1,
236,239,237,-1,
238,240,236,-1,
236,241,239,-1,
240,242,236,-1,
236,243,241,-1,
242,244,236,-1,
236,245,243,-1,
244,246,236,-1,
236,247,245,-1,
246,248,236,-1,
236,249,247,-1,
248,250,236,-1,
236,251,249,-1,
250,252,236,-1,
236,253,251,-1,
252,254,236,-1,
236,255,253,-1,
254,256,236,-1,
236,257,255,-1,
256,258,236,-1,
236,259,257,-1,
258,260,236,-1,
236,261,259,-1,
260,262,236,-1,
236,263,261,-1,
236,264,263,-1,
236,265,264,-1,
266,267,236,-1,
236,268,265,-1,
236,269,268,-1,
267,269,236,-1,
269,270,268,-1,
271,270,269,-1,
272,273,274,-1,
274,273,271,-1,
271,273,270,-1,
272,275,273,-1,
276,275,272,-1,
277,278,276,-1,
276,278,275,-1,
277,279,278,-1,
280,279,277,-1,
280,281,279,-1,
282,281,280,-1,
282,283,281,-1,
284,283,285,-1,
285,283,282,-1,
284,286,283,-1,
287,286,284,-1,
287,288,286,-1,
289,288,287,-1,
289,290,288,-1,
291,290,289,-1,
292,293,294,-1,
294,293,291,-1,
291,293,290,-1,
292,295,293,-1,
296,295,292,-1,
297,298,296,-1,
296,298,295,-1,
299,300,297,-1,
297,300,298,-1,
299,301,300,-1,
302,301,303,-1,
303,301,299,-1,
304,305,302,-1,
302,305,301,-1,
306,307,304,-1,
304,307,305,-1,
306,308,307,-1,
309,308,306,-1,
310,311,312,-1,
312,311,313,-1,
313,311,314,-1,
314,311,315,-1,
315,311,316,-1,
316,311,317,-1,
317,311,318,-1,
318,311,319,-1,
319,311,320,-1,
320,311,321,-1,
321,311,322,-1,
322,311,323,-1,
323,311,324,-1,
324,311,325,-1,
325,311,326,-1,
262,311,236,-1,
326,311,327,-1,
327,311,262,-1,
328,311,329,-1,
329,311,330,-1,
330,311,331,-1,
331,311,310,-1,
328,332,311,-1,
309,333,308,-1,
334,333,335,-1,
335,333,309,-1,
332,336,311,-1,
334,337,333,-1,
338,337,334,-1,
336,339,311,-1,
338,340,337,-1,
341,340,338,-1,
339,342,311,-1,
341,343,340,-1,
344,343,341,-1,
342,345,311,-1,
346,347,348,-1,
344,347,343,-1,
348,347,344,-1,
345,349,311,-1,
346,350,347,-1,
351,350,346,-1,
349,352,311,-1,
351,353,350,-1,
352,354,311,-1,
351,355,353,-1,
354,356,311,-1,
351,357,355,-1,
356,358,311,-1,
351,359,357,-1,
358,360,311,-1,
360,361,311,-1,
361,362,311,-1,
362,363,311,-1,
363,364,311,-1,
364,365,311,-1,
365,366,311,-1,
367,368,351,-1,
359,368,369,-1,
369,368,370,-1,
370,368,371,-1,
371,368,372,-1,
351,368,359,-1,
372,368,373,-1,
373,368,374,-1,
374,368,375,-1,
375,368,376,-1,
376,368,377,-1,
377,368,378,-1,
378,368,379,-1,
379,368,380,-1,
380,368,381,-1,
381,368,382,-1,
382,368,383,-1,
383,368,384,-1,
384,368,385,-1,
385,368,386,-1,
386,368,387,-1,
387,368,388,-1,
388,368,389,-1,
389,368,390,-1,
390,368,391,-1,
391,368,392,-1,
392,368,393,-1,
393,368,394,-1,
394,368,395,-1,
395,368,396,-1,
396,368,366,-1,
366,368,311,-1,
397,398,399,-1,
399,398,367,-1,
367,400,368,-1,
401,400,402,-1,
402,400,403,-1,
403,400,404,-1,
404,400,405,-1,
405,400,406,-1,
406,400,407,-1,
407,400,408,-1,
408,400,409,-1,
409,400,410,-1,
410,400,411,-1,
411,400,398,-1,
398,400,367,-1,
412,413,414,-1,
414,413,415,-1,
415,413,416,-1,
416,413,417,-1,
417,413,418,-1,
418,413,419,-1,
419,413,420,-1,
420,413,421,-1,
421,413,422,-1,
422,413,423,-1,
423,413,424,-1,
424,413,425,-1,
425,413,426,-1,
426,413,427,-1,
427,413,428,-1,
428,413,429,-1,
400,430,368,-1,
400,431,430,-1,
430,432,368,-1,
432,433,368,-1,
368,433,434,-1,
434,435,436,-1,
436,435,437,-1,
432,438,433,-1,
435,439,437,-1,
433,440,434,-1,
434,440,435,-1,
413,441,429,-1,
429,441,442,-1,
442,441,443,-1,
443,441,444,-1,
444,441,445,-1,
445,441,446,-1,
446,441,401,-1,
401,441,400,-1,
438,447,448,-1,
432,447,438,-1,
449,447,432,-1,
447,450,448,-1,
447,451,450,-1,
450,452,453,-1,
451,452,450,-1,
450,435,448,-1,
448,435,440,-1,
400,447,431,-1,
431,447,449,-1,
454,455,456,-1,
456,457,454,-1,
457,458,454,-1,
457,459,458,-1,
456,460,461,-1,
455,460,456,-1,
460,462,461,-1,
459,463,455,-1,
455,463,460,-1,
464,465,462,-1,
463,465,464,-1,
462,465,461,-1,
457,465,459,-1,
459,465,463,-1,
466,467,468,-1,
468,467,469,-1,
470,471,472,-1,
467,473,469,-1,
470,474,471,-1,
473,475,474,-1,
467,475,473,-1,
474,475,471,-1,
476,477,478,-1,
478,477,479,-1,
480,481,482,-1,
482,481,483,-1,
484,485,486,-1,
480,487,481,-1,
485,488,486,-1,
488,489,487,-1,
485,489,488,-1,
487,489,481,-1,
490,491,492,-1,
492,491,493,-1,
494,495,496,-1,
496,495,497,-1,
498,499,500,-1,
500,499,501,-1,
502,503,504,-1,
504,503,505,-1,
506,507,508,-1,
508,507,509,-1,
510,511,512,-1,
512,511,507,-1,
507,511,509,-1,
510,513,511,-1,
510,514,513,-1,
513,515,511,-1,
514,516,513,-1,
517,518,519,-1,
518,520,519,-1,
517,521,518,-1,
521,522,518,-1,
521,523,522,-1,
511,524,521,-1,
515,524,511,-1,
524,525,521,-1,
521,525,523,-1,
526,527,515,-1,
515,527,524,-1,
528,529,525,-1,
525,529,523,-1,
530,531,532,-1,
533,534,530,-1,
532,533,530,-1,
535,536,537,-1,
538,536,535,-1,
539,540,541,-1,
542,543,540,-1,
540,543,541,-1,
543,544,541,-1,
544,545,541,-1,
546,547,544,-1,
544,547,545,-1,
548,549,550,-1,
550,549,551,-1,
552,553,554,-1,
554,553,555,-1,
556,557,558,-1,
559,557,556,-1,
560,557,559,-1,
561,557,560,-1,
562,557,561,-1,
563,557,562,-1,
564,557,563,-1,
565,557,564,-1,
566,557,565,-1,
567,557,566,-1,
568,557,567,-1,
569,557,568,-1,
570,557,569,-1,
571,557,570,-1,
572,557,571,-1,
573,557,572,-1,
574,557,573,-1,
575,557,574,-1,
576,557,575,-1,
577,557,576,-1,
578,557,577,-1,
579,557,578,-1,
580,557,579,-1,
581,557,580,-1,
582,557,581,-1,
583,557,582,-1,
584,557,583,-1,
585,557,584,-1,
557,586,558,-1,
587,586,588,-1,
589,586,587,-1,
590,586,589,-1,
591,586,590,-1,
592,586,591,-1,
593,586,592,-1,
594,586,593,-1,
595,586,594,-1,
596,586,595,-1,
597,586,596,-1,
598,586,597,-1,
599,586,598,-1,
600,586,599,-1,
601,586,600,-1,
602,586,601,-1,
603,586,602,-1,
604,586,603,-1,
605,586,604,-1,
606,586,605,-1,
607,586,606,-1,
608,586,607,-1,
609,586,608,-1,
610,586,609,-1,
611,586,610,-1,
612,586,611,-1,
613,586,612,-1,
614,586,613,-1,
615,586,614,-1,
558,586,615,-1,
586,616,617,-1,
586,617,618,-1,
586,618,619,-1,
586,619,588,-1,
620,557,621,-1,
621,557,622,-1,
622,557,623,-1,
623,557,585,-1,
624,625,626,-1,
626,625,627,-1,
628,629,630,-1,
628,630,631,-1,
632,633,634,-1,
632,634,635,-1,
636,637,638,-1,
636,638,639,-1,
640,641,642,-1,
643,644,640,-1,
643,640,642,-1,
645,643,642,-1,
646,645,642,-1,
647,648,645,-1,
647,645,646,-1,
649,650,651,-1,
649,651,652,-1,
653,654,655,-1,
656,653,655,-1,
657,653,656,-1,
658,659,660,-1,
658,661,659,-1,
659,662,663,-1,
661,662,659,-1,
658,664,661,-1,
658,665,664,-1,
666,667,668,-1,
668,667,669,-1,
670,671,672,-1,
673,674,675,-1,
675,674,670,-1,
670,674,671,-1,
664,676,666,-1,
667,676,677,-1,
665,676,664,-1,
666,676,667,-1,
678,679,680,-1,
681,682,679,-1,
682,683,679,-1,
679,683,680,-1,
674,684,671,-1,
682,684,683,-1,
684,685,671,-1,
682,685,684,-1,
665,685,676,-1,
676,685,682,-1,
686,687,688,-1,
689,690,686,-1,
690,687,686,-1,
691,692,693,-1,
691,693,694,-1,
695,696,697,-1,
697,696,698,-1,
699,700,701,-1,
701,700,702,-1,
703,704,705,-1,
703,705,706,-1,
707,708,709,-1,
707,709,710,-1,
711,712,713,-1,
711,713,714,-1,
715,716,717,-1,
718,715,717,-1,
719,720,721,-1,
719,721,722,-1,
723,724,720,-1,
723,720,719,-1,
725,726,727,-1,
728,725,727,-1,
729,730,731,-1,
729,725,728,-1,
732,730,729,-1,
732,729,728,-1,
733,734,735,-1,
736,734,733,-1,
737,738,739,-1,
737,739,740,-1,
741,742,743,-1,
744,742,741,-1,
745,746,747,-1,
745,747,748,-1,
749,750,751,-1,
749,751,752,-1,
753,754,755,-1,
753,755,756,-1,
757,758,759,-1,
760,757,761,-1,
760,758,757,-1,
762,763,764,-1,
762,764,765,-1,
766,767,768,-1,
766,768,769,-1,
770,771,772,-1,
770,772,773,-1,
774,775,776,-1,
774,777,775,-1,
778,779,780,-1,
778,780,781,-1,
782,783,784,-1,
782,784,785,-1,
786,787,788,-1,
788,787,789,-1,
790,791,792,-1,
793,790,792,-1,
794,790,793,-1,
795,790,794,-1,
796,790,795,-1,
797,790,796,-1,
798,790,797,-1,
799,790,798,-1,
800,790,799,-1,
801,790,800,-1,
802,790,801,-1,
803,790,802,-1,
804,790,803,-1,
805,790,804,-1,
806,790,805,-1,
807,790,806,-1,
808,790,807,-1,
809,790,808,-1,
810,790,809,-1,
811,790,810,-1,
812,790,811,-1,
813,790,812,-1,
814,790,813,-1,
815,790,814,-1,
816,790,815,-1,
817,790,816,-1,
818,790,817,-1,
819,790,818,-1,
820,790,819,-1,
821,790,820,-1,
822,790,821,-1,
823,790,822,-1,
824,791,825,-1,
824,792,791,-1,
826,790,823,-1,
827,790,826,-1,
828,790,827,-1,
829,830,831,-1,
829,832,830,-1,
829,833,832,-1,
829,824,825,-1,
829,834,833,-1,
829,835,834,-1,
829,836,835,-1,
829,837,836,-1,
829,838,837,-1,
829,790,828,-1,
829,839,838,-1,
829,840,839,-1,
829,841,840,-1,
829,842,841,-1,
829,843,842,-1,
829,844,843,-1,
829,845,844,-1,
829,846,845,-1,
829,847,846,-1,
829,848,847,-1,
829,849,848,-1,
829,850,849,-1,
829,851,850,-1,
829,852,851,-1,
829,853,852,-1,
829,854,853,-1,
829,855,854,-1,
829,856,855,-1,
829,857,856,-1,
829,858,857,-1,
829,859,858,-1,
829,860,859,-1,
829,861,860,-1,
829,828,861,-1,
829,831,824,-1,
862,863,864,-1,
864,863,865,-1,
866,867,868,-1,
866,868,869,-1,
870,871,872,-1,
870,872,873,-1,
874,875,876,-1,
874,876,877,-1,
878,879,880,-1,
878,880,881,-1,
882,883,884,-1,
884,883,885,-1,
886,887,888,-1,
889,890,891,-1,
892,890,889,-1,
887,890,892,-1,
890,893,894,-1,
887,893,890,-1,
893,895,896,-1,
893,897,895,-1,
893,898,897,-1,
887,898,893,-1,
899,900,901,-1,
899,902,900,-1,
900,902,903,-1,
904,902,899,-1,
905,902,904,-1,
898,902,905,-1,
898,906,902,-1,
906,907,908,-1,
898,909,906,-1,
906,909,907,-1,
898,910,909,-1,
911,912,913,-1,
910,912,911,-1,
898,914,910,-1,
910,914,912,-1,
914,915,916,-1,
898,915,914,-1,
898,917,915,-1,
918,919,920,-1,
887,919,898,-1,
917,919,918,-1,
898,919,917,-1,
887,921,919,-1,
886,921,887,-1,
921,922,919,-1,
923,924,925,-1,
926,924,923,-1,
924,927,928,-1,
929,930,926,-1,
930,931,926,-1,
931,932,926,-1,
932,933,926,-1,
934,935,936,-1,
937,935,934,-1,
938,939,937,-1,
937,939,935,-1,
940,941,942,-1,
941,943,942,-1,
938,944,939,-1,
927,945,938,-1,
938,945,944,-1,
942,946,933,-1,
947,946,943,-1,
943,946,942,-1,
945,948,949,-1,
950,951,946,-1,
946,951,933,-1,
945,952,948,-1,
927,952,945,-1,
927,953,952,-1,
924,953,927,-1,
951,954,933,-1,
955,954,951,-1,
924,956,953,-1,
924,957,956,-1,
954,957,933,-1,
926,957,924,-1,
933,957,926,-1,
923,958,926,-1,
958,959,926,-1,
886,958,921,-1,
921,958,923,-1,
960,961,962,-1,
963,961,960,-1,
964,965,966,-1,
966,965,967,-1,
968,969,970,-1,
971,969,968,-1,
972,973,974,-1,
974,973,975,-1,
976,977,978,-1,
979,977,976,-1,
978,980,981,-1,
977,980,978,-1,
981,982,983,-1,
980,982,981,-1,
983,984,985,-1,
982,984,983,-1,
985,986,987,-1,
984,986,985,-1,
987,988,989,-1,
986,988,987,-1,
989,990,991,-1,
988,990,989,-1,
990,992,991,-1,
991,992,993,-1,
992,994,993,-1,
995,994,996,-1,
993,994,995,-1,
994,997,996,-1,
997,998,996,-1,
999,998,1000,-1,
996,998,999,-1,
1000,1001,1002,-1,
998,1001,1000,-1,
1001,1003,1002,-1,
1002,1004,1005,-1,
1003,1004,1002,-1,
1005,1006,1007,-1,
1004,1006,1005,-1,
1007,1008,1009,-1,
1006,1008,1007,-1,
1010,1011,1012,-1,
1009,1011,1010,-1,
1008,1011,1009,-1,
1011,1013,1012,-1,
1012,1014,1015,-1,
1013,1014,1012,-1,
1015,1016,1017,-1,
1014,1016,1015,-1,
1017,1018,1019,-1,
1016,1018,1017,-1,
1019,1020,1021,-1,
1018,1020,1019,-1,
1021,1022,1023,-1,
1020,1022,1021,-1,
1023,1024,1025,-1,
1022,1024,1023,-1,
1025,1026,1027,-1,
1024,1026,1025,-1,
1027,1028,1029,-1,
1026,1028,1027,-1,
1029,1030,1031,-1,
1028,1030,1029,-1,
1031,1032,1033,-1,
1030,1032,1031,-1,
1033,1034,1035,-1,
1032,1034,1033,-1,
1035,1036,1037,-1,
1034,1036,1035,-1,
1037,1038,1039,-1,
1036,1038,1037,-1,
1039,1040,1041,-1,
1038,1040,1039,-1,
1042,1043,1044,-1,
1044,1043,1045,-1,
1046,1047,1048,-1,
1049,1047,1046,-1,
1048,1050,1051,-1,
1047,1050,1048,-1,
1051,1052,1053,-1,
1050,1052,1051,-1,
1053,1054,1055,-1,
1052,1054,1053,-1,
1055,1056,1057,-1,
1054,1056,1055,-1,
1057,1058,1059,-1,
1056,1058,1057,-1,
1059,1060,1061,-1,
1058,1060,1059,-1,
1060,1062,1061,-1,
1061,1062,1063,-1,
1062,1064,1063,-1,
1063,1064,1065,-1,
1064,1066,1065,-1,
1065,1066,1067,-1,
1066,1068,1067,-1,
1067,1068,1069,-1,
1070,1071,1072,-1,
1069,1071,1070,-1,
1068,1071,1069,-1,
1071,1073,1072,-1,
1072,1074,1075,-1,
1073,1074,1072,-1,
1075,1076,1077,-1,
1074,1076,1075,-1,
1078,1079,1080,-1,
1077,1079,1078,-1,
1076,1079,1077,-1,
1080,1081,1082,-1,
1079,1081,1080,-1,
1081,1083,1082,-1,
1082,1084,1085,-1,
1083,1084,1082,-1,
1085,1086,1087,-1,
1084,1086,1085,-1,
1087,1088,1089,-1,
1086,1088,1087,-1,
1089,1090,1091,-1,
1088,1090,1089,-1,
1091,1092,1093,-1,
1090,1092,1091,-1,
1093,1094,1095,-1,
1092,1094,1093,-1,
1095,1096,1097,-1,
1094,1096,1095,-1,
1097,1098,1099,-1,
1096,1098,1097,-1,
1099,1100,1101,-1,
1098,1100,1099,-1,
1101,1102,1103,-1,
1100,1102,1101,-1,
1103,1104,1105,-1,
1102,1104,1103,-1,
1105,1106,1107,-1,
1104,1106,1105,-1,
1108,1109,1110,-1,
1107,1109,1108,-1,
1106,1109,1107,-1,
1109,1111,1110,-1,
1112,1113,1114,-1,
1112,1114,1115,-1,
1116,1112,1115,-1,
1117,1115,1118,-1,
1117,1116,1115,-1,
1119,1117,1118,-1,
1120,1116,1117,-1,
1121,1122,1116,-1,
1121,1116,1120,-1,
1123,1122,1121,-1,
1124,1120,1125,-1,
1124,1121,1120,-1,
1126,1127,1128,-1,
1129,1127,1126,-1,
1130,1131,1132,-1,
1130,1132,1133,-1,
1134,1135,1136,-1,
1136,1135,1137,-1,
1138,1139,1140,-1,
1140,1139,1141,-1,
1142,1143,1144,-1,
1145,1146,1147,-1,
1148,1144,1149,-1,
1148,1150,1142,-1,
1148,1142,1144,-1,
1151,1147,1152,-1,
1151,1145,1147,-1,
1153,1151,1148,-1,
1153,1148,1149,-1,
1153,1145,1151,-1,
1154,1155,1156,-1,
1157,1155,1154,-1,
1158,1159,1160,-1,
1159,1161,1160,-1,
1162,1161,1159,-1,
1162,1163,1161,-1,
1164,1165,1159,-1,
1159,1165,1162,-1,
1166,1167,1168,-1,
1167,1169,1168,-1,
1170,1171,1172,-1,
1172,1171,1173,-1,
1174,1175,1176,-1,
1174,1176,1177,-1,
1178,1179,1180,-1,
1180,1179,1181,-1,
1182,1183,1184,-1,
1182,1184,1185,-1,
1186,1183,1182,-1,
1187,1188,1183,-1,
1187,1183,1186,-1,
1189,1188,1187,-1,
1190,1187,1186,-1,
1191,1186,1192,-1,
1191,1190,1186,-1,
1193,1191,1192,-1,
1194,1195,1190,-1,
1194,1190,1191,-1,
1196,1197,1198,-1,
1199,1197,1196,-1,
1200,1201,1202,-1,
1202,1201,1203,-1,
1204,1205,1206,-1,
1206,1205,1207,-1,
1208,1209,1210,-1,
1210,1209,1211,-1,
1212,1213,1214,-1,
1212,1214,1215,-1,
1216,1217,1218,-1,
1218,1217,1219,-1,
1220,1221,1222,-1,
1220,1223,1221,-1,
1224,1225,1226,-1,
1224,1226,1227,-1,
1228,1229,1230,-1,
1231,1232,1233,-1,
1234,1235,1229,-1,
1229,1235,1230,-1,
1236,1237,1235,-1,
1235,1237,1230,-1,
1238,1239,1236,-1,
1240,1239,1238,-1,
1232,1241,1242,-1,
1231,1241,1232,-1,
1241,1243,1239,-1,
1236,1243,1237,-1,
1239,1243,1236,-1,
1231,1243,1241,-1,
1244,1245,1246,-1,
1246,1245,1247,-1,
1244,1248,1245,-1,
1248,1249,1250,-1,
1250,1249,1251,-1,
1252,1253,1254,-1,
1249,1255,1253,-1,
1253,1255,1254,-1,
1244,1255,1248,-1,
1248,1255,1249,-1,
1256,1257,1258,-1,
1258,1257,1259,-1,
1260,1261,1262,-1,
1262,1261,1263,-1,
1264,1265,1266,-1,
1266,1265,1267,-1,
1268,1269,1270,-1,
1268,1270,1271,-1,
1272,1271,1273,-1,
1272,1268,1271,-1,
1274,1273,1275,-1,
1274,1272,1273,-1,
1276,1275,1277,-1,
1276,1274,1275,-1,
1278,1277,1279,-1,
1278,1276,1277,-1,
1280,1278,1279,-1,
1281,1279,1282,-1,
1281,1280,1279,-1,
1283,1282,1284,-1,
1283,1281,1282,-1,
1285,1284,1286,-1,
1285,1283,1284,-1,
1287,1286,1288,-1,
1287,1285,1286,-1,
1289,1287,1288,-1,
1290,1288,1291,-1,
1290,1289,1288,-1,
1292,1291,1293,-1,
1292,1290,1291,-1,
1294,1292,1293,-1,
1294,1293,1295,-1,
1296,1294,1295,-1,
1296,1295,1297,-1,
1298,1296,1297,-1,
1299,1297,1300,-1,
1299,1298,1297,-1,
1301,1300,1302,-1,
1301,1299,1300,-1,
1303,1302,1304,-1,
1303,1301,1302,-1,
1305,1304,1306,-1,
1305,1303,1304,-1,
1307,1306,1308,-1,
1307,1305,1306,-1,
1309,1308,1310,-1,
1309,1307,1308,-1,
1311,1310,1312,-1,
1311,1309,1310,-1,
1313,1311,1312,-1,
1314,1315,1316,-1,
1316,1315,1317,-1,
1315,1318,1317,-1,
1317,1318,1319,-1,
1318,1320,1319,-1,
1319,1320,1321,-1,
1320,1322,1321,-1,
1321,1322,1323,-1,
1322,1324,1323,-1,
1323,1324,1325,-1,
1324,1326,1325,-1,
1325,1326,1327,-1,
1326,1328,1327,-1,
1327,1328,1329,-1,
1328,1330,1329,-1,
1329,1330,1331,-1,
1330,1332,1331,-1,
1331,1332,1333,-1,
1333,1334,1335,-1,
1332,1334,1333,-1,
1335,1336,1337,-1,
1334,1336,1335,-1,
1337,1338,1339,-1,
1336,1338,1337,-1,
1339,1340,1341,-1,
1338,1340,1339,-1,
1340,1342,1341,-1,
1341,1342,1343,-1,
1343,1344,1345,-1,
1342,1344,1343,-1,
1345,1346,1347,-1,
1344,1346,1345,-1,
1347,1348,1349,-1,
1346,1348,1347,-1,
1349,1350,1351,-1,
1348,1350,1349,-1,
1351,1352,1353,-1,
1350,1352,1351,-1,
1352,1354,1353,-1,
1353,1354,1355,-1,
1355,1356,1357,-1,
1354,1356,1355,-1,
1356,1358,1357,-1,
1357,1358,1359,-1,
1359,1360,1361,-1,
1358,1360,1359,-1,
1360,1362,1361,-1,
1361,1362,1363,-1,
1363,1364,1365,-1,
1362,1364,1363,-1,
1364,1366,1365,-1,
1365,1366,1367,-1,
1367,1368,1369,-1,
1366,1368,1367,-1,
1368,1370,1369,-1,
1369,1370,1371,-1,
1370,1372,1371,-1,
1371,1372,1373,-1,
1372,1374,1373,-1,
1373,1374,1375,-1,
1374,1376,1375,-1,
1375,1376,1377,-1,
1376,1378,1377,-1,
1377,1378,1379,-1,
1378,1380,1379,-1,
1379,1380,1381,-1,
1382,1383,1384,-1,
1385,1382,1384,-1,
1385,1384,1386,-1,
1387,1385,1386,-1,
1387,1386,1388,-1,
1389,1387,1388,-1,
1389,1388,1390,-1,
1391,1389,1390,-1,
1391,1390,1392,-1,
1393,1391,1392,-1,
1393,1392,1394,-1,
1395,1393,1394,-1,
1395,1394,1396,-1,
1397,1395,1396,-1,
1397,1396,1398,-1,
1399,1397,1398,-1,
1399,1398,1400,-1,
1401,1399,1400,-1,
1401,1400,1402,-1,
1403,1401,1402,-1,
1403,1402,1404,-1,
1405,1403,1404,-1,
1405,1404,1406,-1,
1407,1405,1406,-1,
1407,1406,1408,-1,
1409,1408,1410,-1,
1409,1407,1408,-1,
1411,1410,1412,-1,
1411,1409,1410,-1,
1413,1412,1414,-1,
1413,1411,1412,-1,
1415,1414,1416,-1,
1415,1413,1414,-1,
1417,1415,1416,-1,
1417,1416,1418,-1,
1419,1417,1418,-1,
1419,1418,1420,-1,
1421,1419,1420,-1,
1421,1420,1422,-1,
1423,1421,1422,-1,
1423,1422,1424,-1,
1425,1423,1424,-1,
1425,1424,1426,-1,
1427,1425,1426,-1,
1427,1426,1428,-1,
1429,1427,1428,-1,
1429,1428,1430,-1,
1431,1429,1430,-1,
1431,1430,1432,-1,
1433,1431,1432,-1,
1433,1432,1434,-1,
1435,1433,1434,-1,
1435,1434,1436,-1,
1437,1435,1436,-1,
1437,1436,1438,-1,
1439,1437,1438,-1,
1439,1438,1440,-1,
1441,1439,1440,-1,
1441,1440,1442,-1,
1443,1441,1442,-1,
1443,1442,1444,-1,
1445,1443,1444,-1,
1445,1444,1446,-1,
1447,1446,1448,-1,
1447,1445,1446,-1,
1449,1448,1450,-1,
1449,1447,1448,-1,
1451,1450,1452,-1,
1451,1449,1450,-1,
1453,1452,1454,-1,
1453,1451,1452,-1,
1455,1454,1456,-1,
1455,1453,1454,-1,
1457,1456,1458,-1,
1457,1455,1456,-1,
1459,1458,1460,-1,
1459,1457,1458,-1,
1461,1460,1462,-1,
1461,1459,1460,-1,
1463,1462,1464,-1,
1463,1461,1462,-1,
1465,1464,1466,-1,
1465,1463,1464,-1,
1467,1465,1466,-1,
1467,1466,1468,-1,
1469,1467,1468,-1,
1469,1468,1470,-1,
1471,1469,1470,-1,
1471,1470,1472,-1,
1473,1471,1472,-1,
1473,1472,1474,-1,
1475,1474,1476,-1,
1475,1473,1474,-1,
1477,1476,1478,-1,
1477,1475,1476,-1,
1479,1478,1480,-1,
1479,1477,1478,-1,
1481,1480,1482,-1,
1481,1479,1480,-1,
1483,1482,1484,-1,
1483,1481,1482,-1,
1485,1484,1486,-1,
1485,1483,1484,-1,
1487,1486,1488,-1,
1487,1485,1486,-1,
1489,1488,1490,-1,
1489,1487,1488,-1,
1491,1490,1492,-1,
1491,1489,1490,-1,
1493,1492,1494,-1,
1493,1491,1492,-1,
1495,1494,1496,-1,
1495,1493,1494,-1,
1497,1496,1498,-1,
1497,1495,1496,-1,
1499,1498,1500,-1,
1499,1497,1498,-1,
1501,1500,1502,-1,
1501,1499,1500,-1,
1503,1502,1504,-1,
1503,1501,1502,-1,
1505,1503,1504,-1,
1505,1504,1506,-1,
1507,1505,1506,-1,
1507,1506,1508,-1,
1509,1507,1508,-1,
1509,1508,1510,-1,
1511,1512,1513,-1,
1511,1514,1512,-1,
1511,1515,1514,-1,
1516,1511,1513,-1,
1516,1517,1518,-1,
1516,1513,1517,-1,
1519,1520,1515,-1,
1519,1515,1511,-1,
1521,1522,1523,-1,
1521,1518,1522,-1,
1521,1516,1518,-1,
1524,1511,1516,-1,
1524,1519,1511,-1,
1525,1526,1527,-1,
1525,1523,1526,-1,
1525,1521,1523,-1,
1528,1529,1530,-1,
1528,1530,1531,-1,
1528,1531,1520,-1,
1528,1520,1519,-1,
1532,1516,1521,-1,
1532,1524,1516,-1,
1533,1525,1527,-1,
1533,1534,1535,-1,
1533,1527,1534,-1,
1536,1519,1524,-1,
1536,1528,1519,-1,
1536,1529,1528,-1,
1536,1537,1538,-1,
1536,1538,1529,-1,
1539,1521,1525,-1,
1539,1532,1521,-1,
1540,1541,1542,-1,
1540,1535,1541,-1,
1540,1533,1535,-1,
1543,1537,1536,-1,
1543,1536,1524,-1,
1543,1544,1545,-1,
1543,1545,1537,-1,
1543,1524,1532,-1,
1546,1539,1525,-1,
1546,1525,1533,-1,
1547,1548,1549,-1,
1547,1542,1548,-1,
1547,1540,1542,-1,
1550,1532,1539,-1,
1550,1544,1543,-1,
1550,1543,1532,-1,
1550,1551,1552,-1,
1550,1552,1544,-1,
1553,1533,1540,-1,
1553,1546,1533,-1,
1554,1555,1556,-1,
1554,1549,1555,-1,
1554,1547,1549,-1,
1557,1550,1539,-1,
1557,1558,1559,-1,
1557,1559,1551,-1,
1557,1551,1550,-1,
1557,1539,1546,-1,
1560,1553,1540,-1,
1560,1540,1547,-1,
1561,1562,1563,-1,
1561,1556,1562,-1,
1561,1554,1556,-1,
1564,1558,1557,-1,
1564,1565,1566,-1,
1564,1566,1558,-1,
1564,1546,1553,-1,
1564,1557,1546,-1,
1567,1560,1547,-1,
1567,1547,1554,-1,
1568,1561,1563,-1,
1568,1569,1570,-1,
1568,1563,1569,-1,
1571,1553,1560,-1,
1571,1565,1564,-1,
1571,1572,1573,-1,
1571,1573,1565,-1,
1571,1564,1553,-1,
1574,1567,1554,-1,
1574,1554,1561,-1,
1575,1568,1570,-1,
1575,1576,1577,-1,
1575,1570,1576,-1,
1578,1572,1571,-1,
1578,1560,1567,-1,
1578,1579,1580,-1,
1578,1580,1572,-1,
1578,1571,1560,-1,
1581,1561,1568,-1,
1581,1574,1561,-1,
1582,1583,1584,-1,
1582,1577,1583,-1,
1582,1575,1577,-1,
1585,1578,1567,-1,
1585,1579,1578,-1,
1585,1586,1587,-1,
1585,1587,1579,-1,
1585,1567,1574,-1,
1588,1581,1568,-1,
1588,1568,1575,-1,
1589,1590,1591,-1,
1589,1584,1590,-1,
1589,1582,1584,-1,
1592,1574,1581,-1,
1592,1585,1574,-1,
1592,1586,1585,-1,
1592,1593,1594,-1,
1592,1594,1586,-1,
1595,1575,1582,-1,
1595,1588,1575,-1,
1596,1597,1598,-1,
1596,1591,1597,-1,
1596,1589,1591,-1,
1599,1581,1588,-1,
1599,1592,1581,-1,
1599,1593,1592,-1,
1599,1600,1601,-1,
1599,1601,1593,-1,
1602,1595,1582,-1,
1602,1582,1589,-1,
1603,1604,1605,-1,
1603,1606,1604,-1,
1603,1598,1606,-1,
1603,1596,1598,-1,
1607,1599,1588,-1,
1607,1600,1599,-1,
1607,1608,1609,-1,
1607,1609,1600,-1,
1607,1588,1595,-1,
1610,1589,1596,-1,
1610,1602,1589,-1,
1611,1595,1602,-1,
1611,1607,1595,-1,
1611,1612,1613,-1,
1611,1613,1608,-1,
1611,1608,1607,-1,
1614,1605,1615,-1,
1614,1596,1603,-1,
1614,1610,1596,-1,
1614,1603,1605,-1,
1616,1602,1610,-1,
1616,1617,1618,-1,
1616,1618,1612,-1,
1616,1612,1611,-1,
1616,1611,1602,-1,
1619,1614,1615,-1,
1619,1615,1620,-1,
1619,1620,1621,-1,
1619,1616,1610,-1,
1619,1621,1617,-1,
1619,1617,1616,-1,
1619,1610,1614,-1,
1622,1623,1624,-1,
1625,1626,1627,-1,
1628,1629,1622,-1,
1630,1631,1632,-1,
1630,1632,1633,-1,
1634,1635,1636,-1,
1634,1636,1637,-1,
1634,1637,1638,-1,
1634,1638,1639,-1,
1634,1639,1630,-1,
1634,1633,1628,-1,
1634,1640,1641,-1,
1634,1641,1642,-1,
1634,1642,1643,-1,
1634,1643,1644,-1,
1634,1644,1645,-1,
1634,1645,1635,-1,
1634,1630,1633,-1,
1646,1647,1648,-1,
1649,1650,1634,-1,
1651,1646,1652,-1,
1653,1654,1655,-1,
1656,1657,1658,-1,
1659,1660,1661,-1,
1662,1656,1663,-1,
1662,1657,1656,-1,
1664,1659,1661,-1,
1665,1661,1666,-1,
1665,1666,1667,-1,
1665,1667,1668,-1,
1665,1668,1669,-1,
1665,1669,1670,-1,
1665,1664,1661,-1,
1671,1662,1672,-1,
1673,1662,1671,-1,
1674,1653,1657,-1,
1674,1673,1675,-1,
1674,1657,1662,-1,
1674,1662,1673,-1,
1676,1677,1678,-1,
1679,1680,1681,-1,
1679,1681,1682,-1,
1683,1679,1684,-1,
1685,1683,1686,-1,
1687,1688,1689,-1,
1690,1685,1691,-1,
1692,1693,1694,-1,
1695,1696,1692,-1,
1697,1698,1699,-1,
1697,1699,1700,-1,
1697,1700,1701,-1,
1702,1687,1689,-1,
1702,1695,1692,-1,
1702,1692,1694,-1,
1702,1703,1695,-1,
1702,1694,1704,-1,
1702,1704,1687,-1,
1702,1689,1705,-1,
1702,1705,1706,-1,
1707,1685,1690,-1,
1707,1680,1679,-1,
1707,1646,1651,-1,
1707,1625,1708,-1,
1707,1708,1709,-1,
1707,1709,1710,-1,
1707,1710,1711,-1,
1707,1711,1712,-1,
1707,1712,1713,-1,
1707,1683,1685,-1,
1707,1713,1714,-1,
1707,1647,1646,-1,
1707,1714,1715,-1,
1707,1715,1716,-1,
1707,1716,1717,-1,
1707,1717,1718,-1,
1707,1718,1719,-1,
1707,1719,1720,-1,
1707,1720,1721,-1,
1707,1721,1722,-1,
1707,1722,1723,-1,
1707,1723,1647,-1,
1707,1651,1724,-1,
1707,1724,1654,-1,
1707,1698,1697,-1,
1707,1654,1653,-1,
1707,1674,1725,-1,
1707,1725,1680,-1,
1707,1690,1698,-1,
1707,1697,1726,-1,
1707,1653,1674,-1,
1707,1679,1683,-1,
1727,1728,1702,-1,
1729,1707,1730,-1,
1729,1730,1731,-1,
1732,1707,1729,-1,
1733,1734,1735,-1,
1736,1737,1738,-1,
1736,1738,1739,-1,
1736,1739,1676,-1,
1736,1678,1740,-1,
1736,1740,1665,-1,
1736,1624,1741,-1,
1736,1649,1634,-1,
1736,1741,1742,-1,
1736,1670,1743,-1,
1736,1742,1744,-1,
1736,1743,1745,-1,
1736,1744,1746,-1,
1736,1745,1649,-1,
1736,1746,1747,-1,
1736,1747,1748,-1,
1736,1748,1626,-1,
1736,1707,1732,-1,
1736,1622,1624,-1,
1736,1626,1625,-1,
1736,1625,1707,-1,
1736,1628,1622,-1,
1736,1665,1670,-1,
1736,1702,1706,-1,
1736,1727,1702,-1,
1736,1733,1735,-1,
1736,1735,1727,-1,
1736,1634,1628,-1,
1736,1676,1678,-1,
1736,1706,1749,-1,
1736,1749,1737,-1,
1750,1751,1752,-1,
1750,1753,1751,-1,
1750,1754,1753,-1,
1755,1750,1752,-1,
1755,1756,1757,-1,
1755,1752,1756,-1,
1758,1759,1754,-1,
1758,1754,1750,-1,
1760,1755,1757,-1,
1760,1761,1762,-1,
1760,1757,1761,-1,
1763,1750,1755,-1,
1763,1758,1750,-1,
1764,1765,1766,-1,
1764,1762,1765,-1,
1764,1760,1762,-1,
1767,1768,1769,-1,
1767,1769,1770,-1,
1767,1770,1759,-1,
1767,1759,1758,-1,
1771,1763,1755,-1,
1771,1755,1760,-1,
1772,1773,1774,-1,
1772,1766,1773,-1,
1772,1764,1766,-1,
1775,1776,1777,-1,
1775,1777,1768,-1,
1775,1768,1767,-1,
1775,1767,1758,-1,
1775,1758,1763,-1,
1778,1771,1760,-1,
1778,1760,1764,-1,
1779,1780,1781,-1,
1779,1774,1780,-1,
1779,1772,1774,-1,
1782,1776,1775,-1,
1782,1783,1784,-1,
1782,1784,1776,-1,
1782,1763,1771,-1,
1782,1775,1763,-1,
1785,1764,1772,-1,
1785,1778,1764,-1,
1786,1779,1781,-1,
1786,1787,1788,-1,
1786,1781,1787,-1,
1789,1790,1791,-1,
1789,1791,1783,-1,
1789,1771,1778,-1,
1789,1783,1782,-1,
1789,1782,1771,-1,
1792,1772,1779,-1,
1792,1785,1772,-1,
1793,1786,1788,-1,
1793,1794,1795,-1,
1793,1788,1794,-1,
1796,1789,1778,-1,
1796,1790,1789,-1,
1796,1797,1798,-1,
1796,1798,1790,-1,
1796,1778,1785,-1,
1799,1779,1786,-1,
1799,1792,1779,-1,
1800,1793,1795,-1,
1800,1801,1802,-1,
1800,1795,1801,-1,
1803,1785,1792,-1,
1803,1804,1805,-1,
1803,1805,1797,-1,
1803,1797,1796,-1,
1803,1796,1785,-1,
1806,1799,1786,-1,
1806,1786,1793,-1,
1807,1800,1802,-1,
1807,1808,1809,-1,
1807,1802,1808,-1,
1810,1811,1812,-1,
1810,1812,1804,-1,
1810,1804,1803,-1,
1810,1803,1792,-1,
1810,1792,1799,-1,
1813,1806,1793,-1,
1813,1793,1800,-1,
1814,1815,1816,-1,
1814,1809,1815,-1,
1814,1807,1809,-1,
1817,1810,1799,-1,
1817,1818,1819,-1,
1817,1819,1811,-1,
1817,1811,1810,-1,
1817,1799,1806,-1,
1820,1813,1800,-1,
1820,1800,1807,-1,
1821,1814,1816,-1,
1821,1822,1823,-1,
1821,1816,1822,-1,
1824,1817,1806,-1,
1824,1825,1826,-1,
1824,1826,1818,-1,
1824,1818,1817,-1,
1824,1806,1813,-1,
1827,1820,1807,-1,
1827,1807,1814,-1,
1828,1821,1823,-1,
1828,1829,1830,-1,
1828,1823,1829,-1,
1831,1825,1824,-1,
1831,1832,1833,-1,
1831,1833,1825,-1,
1831,1824,1813,-1,
1831,1813,1820,-1,
1834,1827,1814,-1,
1834,1814,1821,-1,
1835,1828,1830,-1,
1835,1836,1837,-1,
1835,1830,1836,-1,
1838,1832,1831,-1,
1838,1839,1840,-1,
1838,1840,1832,-1,
1838,1831,1820,-1,
1838,1820,1827,-1,
1841,1821,1828,-1,
1841,1834,1821,-1,
1842,1835,1837,-1,
1842,1843,1844,-1,
1842,1845,1843,-1,
1842,1837,1845,-1,
1846,1827,1834,-1,
1846,1847,1848,-1,
1846,1848,1839,-1,
1846,1838,1827,-1,
1846,1839,1838,-1,
1849,1841,1828,-1,
1849,1828,1835,-1,
1850,1851,1852,-1,
1850,1852,1847,-1,
1850,1847,1846,-1,
1850,1834,1841,-1,
1850,1846,1834,-1,
1853,1844,1854,-1,
1853,1842,1844,-1,
1853,1835,1842,-1,
1853,1849,1835,-1,
1855,1856,1857,-1,
1855,1857,1851,-1,
1855,1851,1850,-1,
1855,1841,1849,-1,
1855,1850,1841,-1,
1858,1854,1859,-1,
1858,1859,1860,-1,
1858,1860,1856,-1,
1858,1853,1854,-1,
1858,1856,1855,-1,
1858,1849,1853,-1,
1858,1855,1849,-1,
1861,1862,1863,-1,
1864,1861,1863,-1,
1864,1863,1865,-1,
1866,1864,1865,-1,
1866,1865,1867,-1,
1868,1866,1867,-1,
1868,1867,1869,-1,
1870,1868,1869,-1,
1870,1869,1871,-1,
1872,1870,1871,-1,
1872,1871,1873,-1,
1874,1872,1873,-1,
1874,1873,1875,-1,
1876,1874,1875,-1,
1876,1875,1877,-1,
1878,1876,1877,-1,
1878,1877,1879,-1,
1880,1878,1879,-1,
1880,1879,1881,-1,
1882,1880,1881,-1,
1882,1881,1883,-1,
1884,1882,1883,-1,
1884,1883,1885,-1,
1886,1884,1885,-1,
1886,1885,1887,-1,
1888,1887,1889,-1,
1888,1886,1887,-1,
1890,1889,1891,-1,
1890,1888,1889,-1,
1892,1891,1893,-1,
1892,1890,1891,-1,
1894,1893,1895,-1,
1894,1892,1893,-1,
1896,1894,1895,-1,
1896,1895,1897,-1,
1898,1896,1897,-1,
1898,1897,1899,-1,
1900,1898,1899,-1,
1900,1899,1901,-1,
1902,1900,1901,-1,
1902,1901,1903,-1,
1904,1902,1903,-1,
1904,1903,1905,-1,
1906,1904,1905,-1,
1906,1905,1907,-1,
1908,1906,1907,-1,
1908,1907,1909,-1,
1910,1908,1909,-1,
1910,1909,1911,-1,
1912,1910,1911,-1,
1912,1911,1913,-1,
1914,1912,1913,-1,
1914,1913,1915,-1,
1916,1914,1915,-1,
1916,1915,1917,-1,
1918,1916,1917,-1,
1918,1917,1919,-1,
1920,1918,1919,-1,
1920,1919,1921,-1,
1922,1920,1921,-1,
1922,1921,1923,-1,
1924,1922,1923,-1,
1924,1923,1925,-1,
1926,1925,1927,-1,
1926,1924,1925,-1,
1928,1927,1929,-1,
1928,1926,1927,-1,
1930,1929,1931,-1,
1930,1928,1929,-1,
1932,1931,1933,-1,
1932,1930,1931,-1,
1934,1933,1935,-1,
1934,1932,1933,-1,
1936,1935,1937,-1,
1936,1934,1935,-1,
1938,1937,1939,-1,
1938,1936,1937,-1,
1940,1939,1941,-1,
1940,1938,1939,-1,
1942,1941,1943,-1,
1942,1940,1941,-1,
1944,1943,1945,-1,
1944,1942,1943,-1,
1946,1944,1945,-1,
1946,1945,1947,-1,
1948,1946,1947,-1,
1948,1947,1949,-1,
1950,1948,1949,-1,
1950,1949,1951,-1,
1952,1950,1951,-1,
1952,1951,1953,-1,
1954,1953,1955,-1,
1954,1952,1953,-1,
1956,1955,1957,-1,
1956,1954,1955,-1,
1958,1957,1959,-1,
1958,1956,1957,-1,
1960,1959,1961,-1,
1960,1958,1959,-1,
1962,1961,1963,-1,
1962,1960,1961,-1,
1964,1963,1965,-1,
1964,1962,1963,-1,
1966,1965,1967,-1,
1966,1964,1965,-1,
1968,1967,1969,-1,
1968,1966,1967,-1,
1970,1969,1971,-1,
1970,1968,1969,-1,
1972,1971,1973,-1,
1972,1970,1971,-1,
1974,1973,1975,-1,
1974,1972,1973,-1,
1976,1975,1977,-1,
1976,1974,1975,-1,
1978,1977,1979,-1,
1978,1976,1977,-1,
1980,1979,1981,-1,
1980,1978,1979,-1,
1982,1981,1983,-1,
1982,1980,1981,-1,
1984,1982,1983,-1,
1984,1983,1985,-1,
1986,1984,1985,-1,
1986,1985,1987,-1,
1988,1986,1987,-1,
1988,1987,1989,-1,
    ]
    creaseAngle 0.5
  }
}
Shape { # contacts
  appearance Appearance { material Material {
    diffuseColor 0.780 0.780 0.800
    specularColor 1.000 1.000 1.000
    shininess 0.4
    ambientIntensity 0.3
  } }
  geometry IndexedFaceSet {
    coord Coordinate { point [
-0.1174 -0.0948 -0.4213,
-0.1174 0.0876 -0.4200,
-0.1177 -0.0948 -0.4197,
-0.1178 0.0876 -0.4180,
-0.1179 -0.0948 -0.4181,
-0.1180 0.0876 -0.4159,
-0.1181 -0.0948 -0.4165,
-0.1182 -0.0948 -0.4149,
-0.1182 0.0876 -0.4120,
-0.1182 -0.0948 -0.4132,
-0.0493 0.5660 1.7645,
-0.0493 0.5647 1.7612,
-0.0493 0.5653 1.7629,
-0.0493 0.5643 1.7594,
-0.0493 0.5640 1.7558,
-0.0493 0.5641 1.7576,
-0.0493 0.5643 1.7522,
-0.0493 0.5641 1.7540,
-0.0493 0.5647 1.7505,
-0.0493 0.6506 1.9383,
-0.0493 0.6506 1.4511,
-0.0493 0.1180 1.9894,
-0.0493 0.1207 1.9885,
-0.0493 0.1152 1.9902,
-0.0493 0.1234 1.9874,
-0.0493 0.1261 1.9862,
-0.0493 0.1287 1.9849,
-0.0493 0.1312 1.9834,
-0.0493 0.1337 1.9818,
-0.0493 0.1360 1.9801,
-0.0493 0.1383 1.9783,
-0.0493 0.1405 1.9764,
-0.0493 0.1426 1.9743,
-0.0493 0.1446 1.9722,
-0.0493 0.1465 1.9700,
-0.0493 0.1482 1.9676,
-0.0493 0.1499 1.9652,
-0.0493 0.1514 1.9627,
-0.0493 0.1528 1.9602,
-0.0493 0.1541 1.9576,
-0.0493 0.1552 1.9549,
-0.0493 0.1562 1.9521,
-0.0493 0.1571 1.9493,
-0.0493 0.2411 1.6554,
-0.0493 0.2411 1.6536,
-0.0493 0.2408 1.6572,
-0.0493 0.2411 1.6518,
-0.0493 0.2408 1.6500,
-0.0493 0.2404 1.6483,
-0.0493 0.2399 1.6466,
-0.0493 0.2392 1.6449,
-0.0493 0.2404 1.6590,
-0.0493 0.1781 1.5197,
-0.0493 0.1152 1.0354,
-0.0493 0.1781 1.0079,
-0.0493 0.1939 0.9646,
-0.0493 0.5443 1.0079,
-0.0493 0.5443 0.9646,
-0.0493 0.0876 -0.0197,
-0.0493 -0.0961 -0.2244,
-0.0493 -0.0974 -0.0197,
-0.0493 0.0876 -0.2231,
-0.0493 0.6506 1.9383,
-0.0493 0.5660 1.7645,
0.0491 0.5660 1.7645,
0.0491 0.6506 1.9383,
0.6987 1.9262 2.7953,
0.6594 1.9262 2.7953,
0.6594 1.9262 2.7559,
-0.0690 1.9262 2.7953,
-0.1084 1.9262 2.7953,
-0.0690 1.9262 2.7559,
0.6987 1.5719 2.7953,
0.6987 1.9262 2.7953,
0.6594 1.9262 2.7559,
0.6594 1.5325 2.7559,
0.6594 2.0994 2.7953,
0.6594 1.9262 2.7559,
0.6594 1.9262 2.7953,
0.6594 1.9262 2.4016,
0.6594 1.5325 2.7559,
0.6594 1.9262 2.1063,
0.6594 1.9262 1.5669,
0.6594 2.2805 1.5669,
0.6594 2.2805 2.1063,
0.6594 1.5325 0.6693,
0.6594 1.9262 0.6693,
-0.0690 2.0994 2.7953,
-0.0690 1.9262 2.7953,
-0.0690 1.9262 2.7559,
-0.0690 1.9262 2.4016,
-0.0690 1.5325 2.7559,
-0.0690 1.9262 2.1063,
-0.0690 1.9262 1.5669,
-0.0690 2.2805 1.5669,
-0.0690 2.2805 2.1063,
-0.0690 1.5325 0.6693,
-0.0690 1.9262 0.6693,
0.0294 2.2805 2.2047,
0.0246 1.9262 2.2046,
0.0246 2.2805 2.2046,
0.0294 1.9262 2.2047,
0.0198 1.9262 2.2043,
0.0198 2.2805 2.2043,
0.0150 1.9262 2.2037,
0.0150 2.2805 2.2037,
0.0102 1.9262 2.2028,
0.0102 2.2805 2.2028,
0.0055 1.9262 2.2018,
0.0055 2.2805 2.2018,
0.0009 1.9262 2.2005,
0.0009 2.2805 2.2005,
-0.0037 1.9262 2.1990,
-0.0037 2.2805 2.1990,
-0.0082 1.9262 2.1972,
-0.0082 2.2805 2.1972,
-0.0126 1.9262 2.1953,
-0.0126 2.2805 2.1953,
-0.0170 1.9262 2.1931,
-0.0170 2.2805 2.1931,
-0.0212 1.9262 2.1907,
-0.0212 2.2805 2.1907,
-0.0252 1.9262 2.1881,
-0.0252 2.2805 2.1881,
-0.0292 1.9262 2.1854,
-0.0292 2.2805 2.1854,
-0.0330 1.9262 2.1824,
-0.0330 2.2805 2.1824,
-0.0367 1.9262 2.1792,
-0.0367 2.2805 2.1792,
-0.0402 1.9262 2.1759,
-0.0402 2.2805 2.1759,
-0.0435 1.9262 2.1724,
-0.0435 2.2805 2.1724,
-0.0466 2.2805 2.1687,
-0.0466 1.9262 2.1687,
-0.0496 2.2805 2.1649,
-0.0496 1.9262 2.1649,
-0.0524 1.9262 2.1610,
-0.0524 2.2805 2.1610,
-0.0550 1.9262 2.1569,
-0.0550 2.2805 2.1569,
-0.0574 1.9262 2.1527,
-0.0574 2.2805 2.1527,
-0.0595 1.9262 2.1484,
-0.0595 2.2805 2.1484,
-0.0615 1.9262 2.1440,
-0.0615 2.2805 2.1440,
-0.0632 1.9262 2.1395,
-0.0632 2.2805 2.1395,
-0.0648 2.2805 2.1349,
-0.0648 1.9262 2.1349,
-0.0660 2.2805 2.1302,
-0.0660 1.9262 2.1302,
-0.0671 2.2805 2.1255,
-0.0671 1.9262 2.1255,
-0.0679 2.2805 2.1207,
-0.0679 1.9262 2.1207,
-0.0685 1.9262 2.1159,
-0.0685 2.2805 2.1159,
-0.0689 2.2805 2.1111,
-0.0689 1.9262 2.1111,
-0.0690 2.2805 2.1063,
-0.0690 1.9262 2.1063,
0.6594 2.2805 2.1063,
0.6592 1.9262 2.1111,
0.6592 2.2805 2.1111,
0.6594 1.9262 2.1063,
0.6589 1.9262 2.1159,
0.6589 2.2805 2.1159,
0.6583 1.9262 2.1207,
0.6583 2.2805 2.1207,
0.6575 1.9262 2.1255,
0.6575 2.2805 2.1255,
0.6564 1.9262 2.1302,
0.6564 2.2805 2.1302,
0.6551 1.9262 2.1349,
0.6551 2.2805 2.1349,
0.6536 1.9262 2.1395,
0.6536 2.2805 2.1395,
0.6519 1.9262 2.1440,
0.6519 2.2805 2.1440,
0.6499 2.2805 2.1484,
0.6499 1.9262 2.1484,
0.6477 1.9262 2.1527,
0.6477 2.2805 2.1527,
0.6454 2.2805 2.1569,
0.6454 1.9262 2.1569,
0.6428 1.9262 2.1610,
0.6428 2.2805 2.1610,
0.6400 1.9262 2.1649,
0.6400 2.2805 2.1649,
0.6370 1.9262 2.1687,
0.6370 2.2805 2.1687,
0.6339 1.9262 2.1724,
0.6339 2.2805 2.1724,
0.6305 1.9262 2.1759,
0.6305 2.2805 2.1759,
0.6270 1.9262 2.1792,
0.6270 2.2805 2.1792,
0.6234 1.9262 2.1824,
0.6234 2.2805 2.1824,
0.6196 1.9262 2.1854,
0.6196 2.2805 2.1854,
0.6156 1.9262 2.1881,
0.6156 2.2805 2.1881,
0.6115 1.9262 2.1907,
0.6115 2.2805 2.1907,
0.6073 1.9262 2.1931,
0.6073 2.2805 2.1931,
0.6030 1.9262 2.1953,
0.6030 2.2805 2.1953,
0.5986 1.9262 2.1972,
0.5986 2.2805 2.1972,
0.5941 2.2805 2.1990,
0.5941 1.9262 2.1990,
0.5895 2.2805 2.2005,
0.5895 1.9262 2.2005,
0.5848 1.9262 2.2018,
0.5848 2.2805 2.2018,
0.5801 2.2805 2.2028,
0.5801 1.9262 2.2028,
0.5754 2.2805 2.2037,
0.5754 1.9262 2.2037,
0.5706 1.9262 2.2043,
0.5706 2.2805 2.2043,
0.5658 1.9262 2.2046,
0.5658 2.2805 2.2046,
0.5609 1.9262 2.2047,
0.5609 2.2805 2.2047,
-0.0690 1.9262 2.7559,
-0.1084 1.9262 2.7953,
-0.1084 1.5719 2.7953,
-0.0690 1.5325 2.7559,
0.4920 1.8474 -0.0197,
0.4920 1.9262 -0.0197,
0.4920 1.8474 0.3543,
0.4920 1.9262 0.3543,
0.0983 1.9262 0.3543,
0.0983 1.9262 -0.0197,
0.0983 1.8474 0.3543,
0.0983 1.8474 -0.0197,
0.6042 -0.2982 2.7953,
0.5058 -0.1998 0.0591,
0.6042 -0.2982 0.0591,
0.5058 -0.1998 2.7953,
-0.0139 -0.2982 0.0591,
0.0846 -0.1998 2.7953,
-0.0139 -0.2982 2.7953,
0.0846 -0.1998 0.0591,
0.5412 0.5660 1.7645,
0.5412 0.5647 1.7612,
0.5412 0.5653 1.7629,
0.5412 0.5641 1.7576,
0.5412 0.5643 1.7594,
0.5412 0.5643 1.7522,
0.5412 0.5640 1.7558,
0.5412 0.5641 1.7540,
0.5412 0.5647 1.7505,
0.5412 0.6506 1.9383,
0.5412 0.6506 1.4511,
0.5412 0.1180 1.9894,
0.5412 0.1207 1.9885,
0.5412 0.1152 1.9902,
0.5412 0.1234 1.9874,
0.5412 0.1261 1.9862,
0.5412 0.1287 1.9849,
0.5412 0.1312 1.9834,
0.5412 0.1337 1.9818,
0.5412 0.1360 1.9801,
0.5412 0.1383 1.9783,
0.5412 0.1405 1.9764,
0.5412 0.1426 1.9743,
0.5412 0.1446 1.9722,
0.5412 0.1465 1.9700,
0.5412 0.1482 1.9676,
0.5412 0.1499 1.9652,
0.5412 0.1514 1.9627,
0.5412 0.1528 1.9602,
0.5412 0.1541 1.9576,
0.5412 0.1552 1.9549,
0.5412 0.1562 1.9521,
0.5412 0.1571 1.9493,
0.5412 0.2411 1.6554,
0.5412 0.2411 1.6536,
0.5412 0.2408 1.6572,
0.5412 0.2411 1.6518,
0.5412 0.2408 1.6500,
0.5412 0.2404 1.6483,
0.5412 0.2399 1.6466,
0.5412 0.2392 1.6449,
0.5412 0.2404 1.6590,
0.5412 0.1781 1.5197,
0.5412 0.1152 1.0354,
0.5412 0.1781 1.0079,
0.5412 0.1939 0.9646,
0.5412 0.5443 1.0079,
0.5412 0.5443 0.9646,
0.5412 0.6900 -0.0197,
0.5412 0.8868 -0.2677,
0.5412 0.6900 -0.2677,
0.5412 0.8868 -0.0197,
0.5412 0.6506 1.9383,
0.5412 0.5660 1.7645,
0.6397 0.5660 1.7645,
0.6397 0.6506 1.9383,
0.6397 0.5647 1.7612,
0.6397 0.5660 1.7645,
0.6397 0.5653 1.7629,
0.6397 0.5643 1.7594,
0.6397 0.5641 1.7576,
0.6397 0.5640 1.7558,
0.6397 0.5641 1.7540,
0.6397 0.5643 1.7522,
0.6397 0.5647 1.7505,
0.6397 0.6506 1.4511,
0.6397 0.6506 1.9383,
0.6397 0.1207 1.9885,
0.6397 0.1180 1.9894,
0.6397 0.1152 1.9902,
0.6397 0.1234 1.9874,
0.6397 0.1261 1.9862,
0.6397 0.1287 1.9849,
0.6397 0.1312 1.9834,
0.6397 0.1337 1.9818,
0.6397 0.1360 1.9801,
0.6397 0.1405 1.9764,
0.6397 0.1383 1.9783,
0.6397 0.1446 1.9722,
0.6397 0.1426 1.9743,
0.6397 0.1482 1.9676,
0.6397 0.1465 1.9700,
0.6397 0.1514 1.9627,
0.6397 0.1499 1.9652,
0.6397 0.1528 1.9602,
0.6397 0.1552 1.9549,
0.6397 0.1541 1.9576,
0.6397 0.1571 1.9493,
0.6397 0.1562 1.9521,
0.6397 0.2411 1.6536,
0.6397 0.2411 1.6554,
0.6397 0.2408 1.6572,
0.6397 0.2411 1.6518,
0.6397 0.2404 1.6483,
0.6397 0.2408 1.6500,
0.6397 0.2392 1.6449,
0.6397 0.2399 1.6466,
0.6397 0.2404 1.6590,
0.6397 0.1781 1.5197,
0.6397 0.1152 1.0354,
0.6397 0.1781 1.0079,
0.6397 0.1939 0.9646,
0.6397 0.5443 1.0079,
0.6397 0.5443 0.9646,
0.6397 0.8868 -0.2401,
0.6397 0.8868 -0.0197,
0.6397 0.6900 -0.0197,
0.6397 0.6900 -0.2401,
0.6397 0.5647 1.7505,
0.5412 0.6506 1.4511,
0.6397 0.6506 1.4511,
0.5412 0.5647 1.7505,
0.5412 0.5643 1.7522,
0.5412 0.5647 1.7505,
0.6397 0.5647 1.7505,
0.6397 0.5643 1.7522,
0.5412 0.5641 1.7540,
0.6397 0.5641 1.7540,
0.5412 0.5640 1.7558,
0.6397 0.5640 1.7558,
0.5412 0.5641 1.7576,
0.6397 0.5641 1.7576,
0.5412 0.5643 1.7594,
0.6397 0.5643 1.7594,
0.5412 0.5647 1.7612,
0.6397 0.5647 1.7612,
0.5412 0.5653 1.7629,
0.6397 0.5653 1.7629,
0.5412 0.5660 1.7645,
0.6397 0.5660 1.7645,
0.5412 0.5443 1.0079,
0.6397 0.5443 1.0079,
0.6397 0.5443 0.9646,
0.5412 0.5443 0.9646,
0.0491 0.5647 1.7612,
0.0491 0.5660 1.7645,
0.0491 0.5653 1.7629,
0.0491 0.5641 1.7576,
0.0491 0.5643 1.7594,
0.0491 0.5640 1.7558,
0.0491 0.5643 1.7522,
0.0491 0.5641 1.7540,
0.0491 0.5647 1.7505,
0.0491 0.6506 1.4511,
0.0491 0.6506 1.9383,
0.0491 0.1207 1.9885,
0.0491 0.1180 1.9894,
0.0491 0.1152 1.9902,
0.0491 0.1234 1.9874,
0.0491 0.1261 1.9862,
0.0491 0.1287 1.9849,
0.0491 0.1312 1.9834,
0.0491 0.1337 1.9818,
0.0491 0.1360 1.9801,
0.0491 0.1405 1.9764,
0.0491 0.1383 1.9783,
0.0491 0.1446 1.9722,
0.0491 0.1426 1.9743,
0.0491 0.1482 1.9676,
0.0491 0.1465 1.9700,
0.0491 0.1514 1.9627,
0.0491 0.1499 1.9652,
0.0491 0.1528 1.9602,
0.0491 0.1552 1.9549,
0.0491 0.1541 1.9576,
0.0491 0.1571 1.9493,
0.0491 0.1562 1.9521,
0.0491 0.2411 1.6536,
0.0491 0.2411 1.6554,
0.0491 0.2408 1.6572,
0.0491 0.2411 1.6518,
0.0491 0.2404 1.6483,
0.0491 0.2408 1.6500,
0.0491 0.2392 1.6449,
0.0491 0.2399 1.6466,
0.0491 0.2404 1.6590,
0.0491 0.1781 1.5197,
0.0491 0.1152 1.0354,
0.0491 0.1781 1.0079,
0.0491 0.1939 0.9646,
0.0491 0.5443 1.0079,
0.0491 0.5443 0.9646,
0.0491 -0.0957 -0.2756,
0.0491 0.0876 -0.0197,
0.0491 -0.0974 -0.0197,
0.0491 0.0876 -0.2744,
0.0491 0.5647 1.7505,
-0.0493 0.6506 1.4511,
0.0491 0.6506 1.4511,
-0.0493 0.5647 1.7505,
-0.0493 0.5643 1.7522,
-0.0493 0.5647 1.7505,
0.0491 0.5647 1.7505,
0.0491 0.5643 1.7522,
-0.0493 0.5641 1.7540,
0.0491 0.5641 1.7540,
-0.0493 0.5640 1.7558,
0.0491 0.5640 1.7558,
-0.0493 0.5641 1.7576,
0.0491 0.5641 1.7576,
-0.0493 0.5643 1.7594,
0.0491 0.5643 1.7594,
-0.0493 0.5647 1.7612,
0.0491 0.5647 1.7612,
-0.0493 0.5653 1.7629,
0.0491 0.5653 1.7629,
-0.0493 0.5660 1.7645,
0.0491 0.5660 1.7645,
-0.0493 0.5443 1.0079,
0.0491 0.5443 1.0079,
0.0491 0.5443 0.9646,
-0.0493 0.5443 0.9646,
0.0491 0.1781 1.0079,
0.0491 0.5443 1.0079,
-0.0493 0.5443 1.0079,
-0.0493 0.1781 1.0079,
-0.0493 0.1781 1.5197,
0.0491 0.1781 1.5197,
0.0491 0.1781 1.0079,
-0.0493 0.1781 1.0079,
-0.0493 0.2392 1.6449,
0.0491 0.2392 1.6449,
0.0491 0.1781 1.5197,
-0.0493 0.1781 1.5197,
-0.0493 0.2408 1.6572,
-0.0493 0.2404 1.6590,
0.0491 0.2404 1.6590,
0.0491 0.2408 1.6572,
-0.0493 0.2411 1.6554,
0.0491 0.2411 1.6554,
-0.0493 0.2411 1.6536,
0.0491 0.2411 1.6536,
-0.0493 0.2411 1.6518,
0.0491 0.2411 1.6518,
-0.0493 0.2408 1.6500,
0.0491 0.2408 1.6500,
-0.0493 0.2404 1.6483,
0.0491 0.2404 1.6483,
0.0491 0.2399 1.6466,
-0.0493 0.2399 1.6466,
-0.0493 0.2392 1.6449,
0.0491 0.2392 1.6449,
0.0491 0.2404 1.6590,
-0.0493 0.1571 1.9493,
0.0491 0.1571 1.9493,
-0.0493 0.2404 1.6590,
-0.0493 0.1180 1.9894,
-0.0493 0.1152 1.9902,
0.0491 0.1152 1.9902,
0.0491 0.1180 1.9894,
-0.0493 0.1207 1.9885,
0.0491 0.1207 1.9885,
-0.0493 0.1234 1.9874,
0.0491 0.1234 1.9874,
-0.0493 0.1261 1.9862,
0.0491 0.1261 1.9862,
-0.0493 0.1287 1.9849,
0.0491 0.1287 1.9849,
-0.0493 0.1312 1.9834,
0.0491 0.1312 1.9834,
-0.0493 0.1337 1.9818,
0.0491 0.1337 1.9818,
-0.0493 0.1360 1.9801,
0.0491 0.1360 1.9801,
-0.0493 0.1383 1.9783,
0.0491 0.1383 1.9783,
-0.0493 0.1405 1.9764,
0.0491 0.1405 1.9764,
-0.0493 0.1426 1.9743,
0.0491 0.1426 1.9743,
-0.0493 0.1446 1.9722,
0.0491 0.1446 1.9722,
-0.0493 0.1465 1.9700,
0.0491 0.1465 1.9700,
-0.0493 0.1482 1.9676,
0.0491 0.1482 1.9676,
-0.0493 0.1499 1.9652,
0.0491 0.1499 1.9652,
-0.0493 0.1514 1.9627,
0.0491 0.1514 1.9627,
-0.0493 0.1528 1.9602,
0.0491 0.1528 1.9602,
-0.0493 0.1541 1.9576,
0.0491 0.1541 1.9576,
-0.0493 0.1552 1.9549,
0.0491 0.1552 1.9549,
-0.0493 0.1562 1.9521,
0.0491 0.1562 1.9521,
-0.0493 0.1571 1.9493,
0.0491 0.1571 1.9493,
-0.0493 0.0876 -1.2390,
0.0491 0.0876 -1.2390,
0.0491 0.0876 -1.3571,
-0.0493 0.0876 -1.3571,
-0.0493 0.0876 -1.2366,
0.0489 0.0876 -1.2301,
-0.0494 0.0876 -1.2343,
0.0482 0.0876 -1.2213,
-0.0498 0.0876 -1.2306,
0.0471 0.0876 -1.2126,
-0.0503 0.0876 -1.2268,
0.0463 0.0876 -1.2077,
-0.0510 0.0876 -1.2229,
0.0454 0.0876 -1.2029,
-0.2137 0.0876 -0.4401,
-0.1174 0.0876 -0.4200,
-0.2145 0.0876 -0.4361,
-0.1178 0.0876 -0.4180,
-0.2152 0.0876 -0.4322,
-0.1180 0.0876 -0.4159,
-0.2160 0.0876 -0.4254,
-0.2166 0.0876 -0.4186,
-0.1182 0.0876 -0.4120,
-0.2166 0.0876 -0.4120,
-0.2167 0.0876 -0.4064,
-0.1182 0.0876 -0.4095,
-0.2164 0.0876 -0.4008,
-0.1179 0.0876 -0.4071,
-0.2158 0.0876 -0.3954,
-0.2150 0.0876 -0.3900,
-0.1175 0.0876 -0.4044,
-0.0493 0.0876 -0.2231,
0.0491 0.0876 -0.2744,
-0.1014 0.0876 -0.3798,
-0.2140 0.0876 -0.3847,
-0.2128 0.0876 -0.3795,
-0.1170 0.0876 -0.4021,
-0.2115 0.0876 -0.3744,
-0.1163 0.0876 -0.4000,
-0.2099 0.0876 -0.3693,
-0.2081 0.0876 -0.3644,
-0.1156 0.0876 -0.3981,
-0.2062 0.0876 -0.3595,
-0.1142 0.0876 -0.3946,
-0.2041 0.0876 -0.3546,
-0.2019 0.0876 -0.3498,
-0.1994 0.0876 -0.3451,
-0.1127 0.0876 -0.3919,
-0.1968 0.0876 -0.3405,
-0.1113 0.0876 -0.3897,
-0.1939 0.0876 -0.3359,
-0.1579 0.0876 -0.2991,
-0.1909 0.0876 -0.3315,
-0.1100 0.0876 -0.3879,
-0.1629 0.0876 -0.3028,
-0.1031 0.0876 -0.3810,
-0.1876 0.0876 -0.3271,
-0.1677 0.0876 -0.3066,
-0.1047 0.0876 -0.3823,
-0.1841 0.0876 -0.3228,
-0.1076 0.0876 -0.3850,
-0.1722 0.0876 -0.3105,
-0.1804 0.0876 -0.3186,
-0.1764 0.0876 -0.3145,
0.0491 0.0876 -0.0197,
-0.0493 0.0876 -0.0197,
-0.0493 -0.0961 -0.2244,
-0.0493 0.0876 -0.2231,
-0.1579 0.0876 -0.2991,
-0.1579 -0.0956 -0.3004,
0.0491 -0.0893 -1.2401,
-0.0494 -0.0893 -1.2369,
-0.0493 -0.0893 -1.2401,
-0.0493 -0.0885 -1.3582,
0.0491 -0.0885 -1.3582,
0.0490 -0.0894 -1.2329,
-0.0496 -0.0893 -1.2337,
0.0485 -0.0894 -1.2256,
-0.0499 -0.0894 -1.2305,
0.0478 -0.0894 -1.2184,
-0.0504 -0.0894 -1.2273,
0.0467 -0.0895 -1.2112,
-0.0510 -0.0894 -1.2241,
0.0454 -0.0895 -1.2041,
-0.2137 -0.0946 -0.4413,
-0.1174 -0.0948 -0.4213,
-0.1177 -0.0948 -0.4197,
-0.2148 -0.0947 -0.4357,
-0.1179 -0.0948 -0.4181,
-0.2156 -0.0947 -0.4301,
-0.1181 -0.0948 -0.4165,
-0.2162 -0.0947 -0.4245,
-0.1182 -0.0948 -0.4149,
-0.2165 -0.0948 -0.4189,
-0.1182 -0.0948 -0.4132,
-0.2166 -0.0948 -0.4132,
-0.1182 -0.0948 -0.4114,
-0.2165 -0.0949 -0.4066,
-0.1180 -0.0948 -0.4095,
-0.2152 -0.0949 -0.3935,
-0.2160 -0.0949 -0.4000,
-0.1178 -0.0949 -0.4076,
-0.1175 -0.0949 -0.4057,
-0.2141 -0.0950 -0.3869,
-0.1171 -0.0949 -0.4039,
-0.2127 -0.0950 -0.3805,
-0.1166 -0.0949 -0.4021,
-0.2110 -0.0951 -0.3741,
-0.1160 -0.0949 -0.4003,
-0.2066 -0.0952 -0.3616,
-0.2089 -0.0951 -0.3678,
-0.1153 -0.0949 -0.3985,
-0.1146 -0.0949 -0.3968,
-0.2011 -0.0952 -0.3496,
-0.2040 -0.0952 -0.3556,
-0.1138 -0.0949 -0.3951,
-0.1979 -0.0953 -0.3438,
-0.1128 -0.0949 -0.3934,
-0.1944 -0.0953 -0.3382,
-0.1119 -0.0950 -0.3918,
-0.1907 -0.0954 -0.3327,
-0.1108 -0.0950 -0.3902,
-0.1867 -0.0954 -0.3275,
-0.1096 -0.0950 -0.3887,
-0.1824 -0.0954 -0.3224,
-0.1084 -0.0950 -0.3873,
-0.1780 -0.0955 -0.3175,
-0.1072 -0.0950 -0.3859,
-0.1732 -0.0955 -0.3129,
-0.1058 -0.0950 -0.3846,
-0.1683 -0.0955 -0.3085,
-0.1044 -0.0950 -0.3833,
-0.1632 -0.0955 -0.3043,
-0.1029 -0.0950 -0.3821,
-0.1014 -0.0950 -0.3810,
-0.1579 -0.0956 -0.3004,
-0.0493 -0.0961 -0.2244,
0.0491 -0.0957 -0.2756,
0.0491 -0.0974 -0.0197,
-0.0493 -0.0974 -0.0197,
-0.1014 0.0876 -0.3798,
0.0491 -0.0957 -0.2756,
-0.1014 -0.0950 -0.3810,
0.0491 0.0876 -0.2744,
-0.1182 -0.0948 -0.4132,
-0.1182 0.0876 -0.4120,
-0.1182 -0.0948 -0.4114,
-0.1182 0.0876 -0.4095,
-0.1180 -0.0948 -0.4095,
-0.1179 0.0876 -0.4071,
-0.1178 -0.0949 -0.4076,
-0.1175 0.0876 -0.4044,
-0.1175 -0.0949 -0.4057,
-0.1171 -0.0949 -0.4039,
-0.1170 0.0876 -0.4021,
-0.1166 -0.0949 -0.4021,
-0.1163 0.0876 -0.4000,
-0.1160 -0.0949 -0.4003,
-0.1156 0.0876 -0.3981,
-0.1153 -0.0949 -0.3985,
-0.1146 -0.0949 -0.3968,
-0.1142 0.0876 -0.3946,
-0.1138 -0.0949 -0.3951,
-0.1127 0.0876 -0.3919,
-0.1128 -0.0949 -0.3934,
-0.1119 -0.0950 -0.3918,
-0.1113 0.0876 -0.3897,
-0.1108 -0.0950 -0.3902,
-0.1100 0.0876 -0.3879,
-0.1096 -0.0950 -0.3887,
-0.1084 -0.0950 -0.3873,
-0.1076 0.0876 -0.3850,
-0.1072 -0.0950 -0.3859,
-0.1058 -0.0950 -0.3846,
-0.1047 0.0876 -0.3823,
-0.1044 -0.0950 -0.3833,
-0.1031 0.0876 -0.3810,
-0.1029 -0.0950 -0.3821,
-0.1014 0.0876 -0.3798,
-0.1014 -0.0950 -0.3810,
0.0454 0.0876 -1.2029,
-0.1174 0.0876 -0.4200,
-0.1174 -0.0948 -0.4213,
0.0454 -0.0895 -1.2041,
0.0463 0.0876 -1.2077,
0.0454 0.0876 -1.2029,
0.0454 -0.0895 -1.2041,
0.0467 -0.0895 -1.2112,
0.0471 0.0876 -1.2126,
0.0478 -0.0894 -1.2184,
0.0482 0.0876 -1.2213,
0.0485 -0.0894 -1.2256,
0.0489 0.0876 -1.2301,
0.0490 -0.0894 -1.2329,
0.0491 0.0876 -1.2390,
0.0491 -0.0893 -1.2401,
0.0491 0.0876 -1.3571,
0.0491 0.0876 -1.2390,
0.0491 -0.0893 -1.2401,
0.0491 -0.0885 -1.3582,
-0.0493 0.0876 -1.3571,
0.0491 0.0876 -1.3571,
0.0491 -0.0885 -1.3582,
-0.0493 -0.0885 -1.3582,
-0.0493 0.0876 -1.3571,
-0.0493 -0.0893 -1.2401,
-0.0493 0.0876 -1.2390,
-0.0493 -0.0885 -1.3582,
-0.0510 -0.0894 -1.2241,
-0.0510 0.0876 -1.2229,
-0.0504 -0.0894 -1.2273,
-0.0503 0.0876 -1.2268,
-0.0499 -0.0894 -1.2305,
-0.0498 0.0876 -1.2306,
-0.0496 -0.0893 -1.2337,
-0.0494 0.0876 -1.2343,
-0.0494 -0.0893 -1.2369,
-0.0493 0.0876 -1.2366,
-0.0493 -0.0893 -1.2401,
-0.0493 0.0876 -1.2390,
-0.2137 -0.0946 -0.4413,
-0.2137 0.0876 -0.4401,
-0.0510 0.0876 -1.2229,
-0.0510 -0.0894 -1.2241,
0.6397 0.1781 1.0079,
0.6397 0.5443 1.0079,
0.5412 0.5443 1.0079,
0.5412 0.1781 1.0079,
0.5412 0.1781 1.5197,
0.6397 0.1781 1.5197,
0.6397 0.1781 1.0079,
0.5412 0.1781 1.0079,
0.5412 0.2392 1.6449,
0.6397 0.2392 1.6449,
0.6397 0.1781 1.5197,
0.5412 0.1781 1.5197,
0.5412 0.2408 1.6572,
0.5412 0.2404 1.6590,
0.6397 0.2404 1.6590,
0.6397 0.2408 1.6572,
0.5412 0.2411 1.6554,
0.6397 0.2411 1.6554,
0.5412 0.2411 1.6536,
0.6397 0.2411 1.6536,
0.5412 0.2411 1.6518,
0.6397 0.2411 1.6518,
0.5412 0.2408 1.6500,
0.6397 0.2408 1.6500,
0.5412 0.2404 1.6483,
0.6397 0.2404 1.6483,
0.5412 0.2399 1.6466,
0.6397 0.2399 1.6466,
0.5412 0.2392 1.6449,
0.6397 0.2392 1.6449,
0.6397 0.2404 1.6590,
0.5412 0.1571 1.9493,
0.6397 0.1571 1.9493,
0.5412 0.2404 1.6590,
0.5412 0.1180 1.9894,
0.5412 0.1152 1.9902,
0.6397 0.1152 1.9902,
0.6397 0.1180 1.9894,
0.5412 0.1207 1.9885,
0.6397 0.1207 1.9885,
0.5412 0.1234 1.9874,
0.6397 0.1234 1.9874,
0.5412 0.1261 1.9862,
0.6397 0.1261 1.9862,
0.5412 0.1287 1.9849,
0.6397 0.1287 1.9849,
0.5412 0.1312 1.9834,
0.6397 0.1312 1.9834,
0.5412 0.1337 1.9818,
0.6397 0.1337 1.9818,
0.5412 0.1360 1.9801,
0.6397 0.1360 1.9801,
0.5412 0.1383 1.9783,
0.6397 0.1383 1.9783,
0.5412 0.1405 1.9764,
0.6397 0.1405 1.9764,
0.5412 0.1426 1.9743,
0.6397 0.1426 1.9743,
0.5412 0.1446 1.9722,
0.6397 0.1446 1.9722,
0.5412 0.1465 1.9700,
0.6397 0.1465 1.9700,
0.5412 0.1482 1.9676,
0.6397 0.1482 1.9676,
0.5412 0.1499 1.9652,
0.6397 0.1499 1.9652,
0.5412 0.1514 1.9627,
0.6397 0.1514 1.9627,
0.5412 0.1528 1.9602,
0.6397 0.1528 1.9602,
0.5412 0.1541 1.9576,
0.6397 0.1541 1.9576,
0.5412 0.1552 1.9549,
0.6397 0.1552 1.9549,
0.5412 0.1562 1.9521,
0.6397 0.1562 1.9521,
0.5412 0.1571 1.9493,
0.6397 0.1571 1.9493,
0.5412 0.8868 -1.2402,
0.6397 0.8868 -1.2402,
0.6397 0.8868 -1.3583,
0.5412 0.8868 -1.3583,
0.5414 0.8868 -1.2339,
0.6398 0.8868 -1.2363,
0.5417 0.8868 -1.2278,
0.6400 0.8868 -1.2326,
0.5424 0.8868 -1.2199,
0.6405 0.8868 -1.2289,
0.5435 0.8868 -1.2121,
0.6409 0.8868 -1.2266,
0.5450 0.8868 -1.2044,
0.6413 0.8868 -1.2244,
0.7086 0.8868 -0.4176,
0.8060 0.8868 -0.4329,
0.8049 0.8868 -0.4376,
0.8068 0.8868 -0.4282,
0.8074 0.8868 -0.4236,
0.7087 0.8868 -0.4137,
0.8078 0.8868 -0.4191,
0.8080 0.8868 -0.4147,
0.8079 0.8868 -0.4104,
0.8077 0.8868 -0.4061,
0.7086 0.8868 -0.4099,
0.8073 0.8868 -0.4019,
0.8067 0.8868 -0.3978,
0.8060 0.8868 -0.3938,
0.7083 0.8868 -0.4062,
0.8051 0.8868 -0.3898,
0.8041 0.8868 -0.3859,
0.7080 0.8868 -0.4040,
0.8029 0.8868 -0.3820,
0.8016 0.8868 -0.3782,
0.7076 0.8868 -0.4014,
0.8002 0.8868 -0.3744,
0.7986 0.8868 -0.3708,
0.7969 0.8868 -0.3671,
0.7069 0.8868 -0.3983,
0.7951 0.8868 -0.3635,
0.7931 0.8868 -0.3600,
0.7058 0.8868 -0.3948,
0.7910 0.8868 -0.3565,
0.7887 0.8868 -0.3531,
0.7863 0.8868 -0.3498,
0.7045 0.8868 -0.3911,
0.7838 0.8868 -0.3465,
0.7811 0.8868 -0.3432,
0.7036 0.8868 -0.3889,
0.7782 0.8868 -0.3401,
0.7752 0.8868 -0.3370,
0.7024 0.8868 -0.3865,
0.7721 0.8868 -0.3339,
0.7687 0.8868 -0.3309,
0.7010 0.8868 -0.3840,
0.7653 0.8868 -0.3280,
0.7616 0.8868 -0.3252,
0.6993 0.8868 -0.3814,
0.7578 0.8868 -0.3224,
0.7539 0.8868 -0.3198,
0.6973 0.8868 -0.3786,
0.7499 0.8868 -0.3173,
0.6951 0.8868 -0.3761,
0.6928 0.8868 -0.3738,
0.6397 0.8868 -0.2401,
0.5412 0.8868 -0.2677,
0.5412 0.8868 -0.0197,
0.6397 0.8868 -0.0197,
0.5412 0.6900 -0.2677,
0.5412 0.8868 -0.2677,
0.6928 0.8868 -0.3738,
0.6928 0.6900 -0.3738,
0.5412 0.6900 -1.2402,
0.5412 0.6900 -1.3583,
0.6397 0.6900 -1.3583,
0.6397 0.6900 -1.2402,
0.5414 0.6900 -1.2339,
0.6398 0.6900 -1.2363,
0.5417 0.6900 -1.2278,
0.6400 0.6900 -1.2326,
0.5424 0.6900 -1.2199,
0.6405 0.6900 -1.2289,
0.5435 0.6900 -1.2121,
0.6409 0.6900 -1.2266,
0.5450 0.6900 -1.2044,
0.6413 0.6900 -1.2244,
0.7086 0.6900 -0.4176,
0.8049 0.6900 -0.4376,
0.8060 0.6900 -0.4329,
0.8068 0.6900 -0.4282,
0.8074 0.6900 -0.4236,
0.7087 0.6900 -0.4137,
0.8078 0.6900 -0.4191,
0.8080 0.6900 -0.4147,
0.8079 0.6900 -0.4104,
0.8077 0.6900 -0.4061,
0.7086 0.6900 -0.4099,
0.8073 0.6900 -0.4019,
0.8067 0.6900 -0.3978,
0.8060 0.6900 -0.3938,
0.7083 0.6900 -0.4062,
0.8051 0.6900 -0.3898,
0.8041 0.6900 -0.3859,
0.7080 0.6900 -0.4040,
0.8029 0.6900 -0.3820,
0.8016 0.6900 -0.3782,
0.7076 0.6900 -0.4014,
0.8002 0.6900 -0.3744,
0.7986 0.6900 -0.3708,
0.7969 0.6900 -0.3671,
0.7069 0.6900 -0.3983,
0.7951 0.6900 -0.3635,
0.7931 0.6900 -0.3600,
0.7058 0.6900 -0.3948,
0.7910 0.6900 -0.3565,
0.7887 0.6900 -0.3531,
0.7863 0.6900 -0.3498,
0.7045 0.6900 -0.3911,
0.7838 0.6900 -0.3465,
0.7811 0.6900 -0.3432,
0.7036 0.6900 -0.3889,
0.7782 0.6900 -0.3401,
0.7752 0.6900 -0.3370,
0.7024 0.6900 -0.3865,
0.7721 0.6900 -0.3339,
0.7687 0.6900 -0.3309,
0.7010 0.6900 -0.3840,
0.7653 0.6900 -0.3280,
0.7616 0.6900 -0.3252,
0.6993 0.6900 -0.3814,
0.7578 0.6900 -0.3224,
0.7539 0.6900 -0.3198,
0.6973 0.6900 -0.3786,
0.7499 0.6900 -0.3173,
0.6951 0.6900 -0.3761,
0.6928 0.6900 -0.3738,
0.6397 0.6900 -0.2401,
0.5412 0.6900 -0.2677,
0.5412 0.6900 -0.0197,
0.6397 0.6900 -0.0197,
0.7499 0.8868 -0.3173,
0.6397 0.8868 -0.2401,
0.6397 0.6900 -0.2401,
0.7499 0.6900 -0.3173,
0.8049 0.6900 -0.4376,
0.6413 0.6900 -1.2244,
0.6413 0.8868 -1.2244,
0.8049 0.8868 -0.4376,
0.6413 0.6900 -1.2244,
0.6409 0.6900 -1.2266,
0.6413 0.8868 -1.2244,
0.6409 0.8868 -1.2266,
0.6405 0.6900 -1.2289,
0.6405 0.8868 -1.2289,
0.6400 0.6900 -1.2326,
0.6400 0.8868 -1.2326,
0.6398 0.6900 -1.2363,
0.6398 0.8868 -1.2363,
0.6397 0.6900 -1.2402,
0.6397 0.8868 -1.2402,
0.6397 0.8868 -1.3583,
0.6397 0.8868 -1.2402,
0.6397 0.6900 -1.2402,
0.6397 0.6900 -1.3583,
0.5412 0.8868 -1.3583,
0.6397 0.8868 -1.3583,
0.6397 0.6900 -1.3583,
0.5412 0.6900 -1.3583,
0.5412 0.8868 -1.3583,
0.5412 0.6900 -1.2402,
0.5412 0.8868 -1.2402,
0.5412 0.6900 -1.3583,
0.5412 0.6900 -1.2402,
0.5414 0.6900 -1.2339,
0.5412 0.8868 -1.2402,
0.5414 0.8868 -1.2339,
0.5417 0.6900 -1.2278,
0.5417 0.8868 -1.2278,
0.5424 0.6900 -1.2199,
0.5424 0.8868 -1.2199,
0.5435 0.6900 -1.2121,
0.5435 0.8868 -1.2121,
0.5450 0.6900 -1.2044,
0.5450 0.8868 -1.2044,
0.7086 0.6900 -0.4176,
0.7086 0.8868 -0.4176,
0.5450 0.8868 -1.2044,
0.5450 0.6900 -1.2044,
0.7086 0.6900 -0.4176,
0.7087 0.6900 -0.4137,
0.7086 0.8868 -0.4176,
0.7087 0.8868 -0.4137,
0.7086 0.6900 -0.4099,
0.7086 0.8868 -0.4099,
0.7083 0.6900 -0.4062,
0.7083 0.8868 -0.4062,
0.7080 0.6900 -0.4040,
0.7080 0.8868 -0.4040,
0.7076 0.6900 -0.4014,
0.7076 0.8868 -0.4014,
0.7069 0.6900 -0.3983,
0.7069 0.8868 -0.3983,
0.7058 0.6900 -0.3948,
0.7058 0.8868 -0.3948,
0.7045 0.6900 -0.3911,
0.7045 0.8868 -0.3911,
0.7036 0.6900 -0.3889,
0.7036 0.8868 -0.3889,
0.7024 0.6900 -0.3865,
0.7024 0.8868 -0.3865,
0.7010 0.6900 -0.3840,
0.7010 0.8868 -0.3840,
0.6993 0.6900 -0.3814,
0.6993 0.8868 -0.3814,
0.6973 0.6900 -0.3786,
0.6973 0.8868 -0.3786,
0.6951 0.6900 -0.3761,
0.6951 0.8868 -0.3761,
0.6928 0.6900 -0.3738,
0.6928 0.8868 -0.3738,
    ] }
    coordIndex [
0,1,2,-1,
2,3,4,-1,
1,3,2,-1,
4,5,6,-1,
6,5,7,-1,
3,5,4,-1,
7,8,9,-1,
5,8,7,-1,
10,11,12,-1,
10,13,11,-1,
13,14,15,-1,
10,14,13,-1,
14,16,17,-1,
10,16,14,-1,
10,18,16,-1,
19,20,10,-1,
10,20,18,-1,
21,22,23,-1,
22,24,23,-1,
24,25,23,-1,
25,26,23,-1,
26,27,23,-1,
27,28,23,-1,
28,29,23,-1,
30,31,29,-1,
29,31,23,-1,
32,33,31,-1,
31,33,23,-1,
34,35,33,-1,
33,35,23,-1,
36,37,35,-1,
37,38,35,-1,
35,38,23,-1,
39,40,38,-1,
41,42,40,-1,
40,42,38,-1,
38,42,23,-1,
43,44,45,-1,
44,46,45,-1,
47,48,46,-1,
46,48,45,-1,
49,50,48,-1,
45,50,51,-1,
48,50,45,-1,
51,52,42,-1,
42,52,23,-1,
50,52,51,-1,
52,53,23,-1,
52,54,53,-1,
54,55,53,-1,
54,56,55,-1,
56,57,55,-1,
58,59,60,-1,
58,61,59,-1,
62,63,64,-1,
62,64,65,-1,
66,67,68,-1,
69,70,71,-1,
72,73,74,-1,
72,74,75,-1,
76,77,78,-1,
79,80,77,-1,
79,77,76,-1,
81,80,79,-1,
82,80,81,-1,
83,81,84,-1,
83,82,81,-1,
85,80,82,-1,
86,85,82,-1,
87,88,89,-1,
90,89,91,-1,
90,87,89,-1,
92,90,91,-1,
93,92,91,-1,
94,95,92,-1,
94,92,93,-1,
96,93,91,-1,
97,93,96,-1,
98,99,100,-1,
101,99,98,-1,
100,102,103,-1,
99,102,100,-1,
103,104,105,-1,
102,104,103,-1,
105,106,107,-1,
104,106,105,-1,
107,108,109,-1,
106,108,107,-1,
109,110,111,-1,
108,110,109,-1,
111,112,113,-1,
110,112,111,-1,
112,114,113,-1,
113,114,115,-1,
114,116,115,-1,
115,116,117,-1,
116,118,117,-1,
117,118,119,-1,
118,120,119,-1,
119,120,121,-1,
121,122,123,-1,
120,122,121,-1,
123,124,125,-1,
122,124,123,-1,
125,126,127,-1,
124,126,125,-1,
127,128,129,-1,
126,128,127,-1,
129,130,131,-1,
128,130,129,-1,
131,132,133,-1,
130,132,131,-1,
134,135,136,-1,
133,135,134,-1,
132,135,133,-1,
135,137,136,-1,
136,138,139,-1,
137,138,136,-1,
139,140,141,-1,
138,140,139,-1,
141,142,143,-1,
140,142,141,-1,
143,144,145,-1,
142,144,143,-1,
145,146,147,-1,
144,146,145,-1,
147,148,149,-1,
146,148,147,-1,
150,151,152,-1,
149,151,150,-1,
148,151,149,-1,
151,153,152,-1,
154,155,156,-1,
152,155,154,-1,
153,155,152,-1,
155,157,156,-1,
156,158,159,-1,
157,158,156,-1,
160,161,162,-1,
159,161,160,-1,
158,161,159,-1,
161,163,162,-1,
164,165,166,-1,
167,165,164,-1,
166,168,169,-1,
165,168,166,-1,
169,170,171,-1,
168,170,169,-1,
171,172,173,-1,
170,172,171,-1,
173,174,175,-1,
172,174,173,-1,
175,176,177,-1,
174,176,175,-1,
177,178,179,-1,
176,178,177,-1,
178,180,179,-1,
181,180,182,-1,
179,180,181,-1,
180,183,182,-1,
183,184,182,-1,
185,184,186,-1,
182,184,185,-1,
184,187,186,-1,
187,188,186,-1,
186,188,189,-1,
189,190,191,-1,
188,190,189,-1,
190,192,191,-1,
191,192,193,-1,
193,194,195,-1,
192,194,193,-1,
195,196,197,-1,
194,196,195,-1,
197,198,199,-1,
196,198,197,-1,
199,200,201,-1,
198,200,199,-1,
201,202,203,-1,
200,202,201,-1,
203,204,205,-1,
202,204,203,-1,
205,206,207,-1,
204,206,205,-1,
207,208,209,-1,
206,208,207,-1,
209,210,211,-1,
208,210,209,-1,
211,212,213,-1,
210,212,211,-1,
214,215,216,-1,
213,215,214,-1,
212,215,213,-1,
215,217,216,-1,
216,218,219,-1,
217,218,216,-1,
220,221,222,-1,
219,221,220,-1,
218,221,219,-1,
221,223,222,-1,
222,224,225,-1,
223,224,222,-1,
225,226,227,-1,
224,226,225,-1,
227,228,229,-1,
226,228,227,-1,
230,231,232,-1,
230,232,233,-1,
234,235,236,-1,
236,235,237,-1,
238,239,240,-1,
240,239,241,-1,
242,243,244,-1,
245,243,242,-1,
246,247,248,-1,
249,247,246,-1,
250,251,252,-1,
251,253,254,-1,
253,255,256,-1,
256,255,257,-1,
250,255,251,-1,
251,255,253,-1,
250,258,255,-1,
259,260,250,-1,
250,260,258,-1,
261,262,263,-1,
262,264,263,-1,
264,265,263,-1,
265,266,263,-1,
266,267,263,-1,
267,268,263,-1,
268,269,263,-1,
270,271,269,-1,
269,271,263,-1,
272,273,271,-1,
271,273,263,-1,
274,275,273,-1,
273,275,263,-1,
276,277,275,-1,
277,278,275,-1,
275,278,263,-1,
279,280,278,-1,
281,282,280,-1,
280,282,278,-1,
278,282,263,-1,
283,284,285,-1,
284,286,285,-1,
287,288,286,-1,
286,288,285,-1,
289,290,288,-1,
285,290,291,-1,
288,290,285,-1,
291,292,282,-1,
282,292,263,-1,
290,292,291,-1,
292,293,263,-1,
292,294,293,-1,
294,295,293,-1,
294,296,295,-1,
296,297,295,-1,
298,299,300,-1,
301,299,298,-1,
302,303,304,-1,
302,304,305,-1,
306,307,308,-1,
309,307,306,-1,
310,307,309,-1,
311,307,310,-1,
312,307,311,-1,
313,307,312,-1,
314,307,313,-1,
315,316,307,-1,
315,307,314,-1,
317,318,319,-1,
320,317,319,-1,
321,320,319,-1,
322,321,319,-1,
323,322,319,-1,
324,323,319,-1,
325,324,319,-1,
326,327,325,-1,
326,325,319,-1,
328,329,326,-1,
328,326,319,-1,
330,331,328,-1,
330,328,319,-1,
332,333,330,-1,
334,332,330,-1,
334,330,319,-1,
335,336,334,-1,
337,338,335,-1,
337,335,334,-1,
337,334,319,-1,
339,340,341,-1,
342,339,341,-1,
343,344,342,-1,
343,342,341,-1,
345,346,343,-1,
345,341,347,-1,
345,343,341,-1,
348,347,337,-1,
348,337,319,-1,
348,345,347,-1,
349,348,319,-1,
350,348,349,-1,
351,350,349,-1,
352,350,351,-1,
353,352,351,-1,
354,355,356,-1,
354,356,357,-1,
358,359,360,-1,
358,361,359,-1,
362,363,364,-1,
362,364,365,-1,
366,365,367,-1,
366,362,365,-1,
368,367,369,-1,
368,366,367,-1,
370,369,371,-1,
370,368,369,-1,
372,371,373,-1,
372,370,371,-1,
374,373,375,-1,
374,372,373,-1,
376,375,377,-1,
376,374,375,-1,
378,377,379,-1,
378,376,377,-1,
380,381,382,-1,
380,382,383,-1,
384,385,386,-1,
387,384,388,-1,
387,385,384,-1,
389,385,387,-1,
390,389,391,-1,
390,385,389,-1,
392,385,390,-1,
393,394,385,-1,
393,385,392,-1,
395,396,397,-1,
398,395,397,-1,
399,398,397,-1,
400,399,397,-1,
401,400,397,-1,
402,401,397,-1,
403,402,397,-1,
404,405,403,-1,
404,403,397,-1,
406,407,404,-1,
406,404,397,-1,
408,409,406,-1,
408,406,397,-1,
410,411,408,-1,
412,410,408,-1,
412,408,397,-1,
413,414,412,-1,
415,416,413,-1,
415,413,412,-1,
415,412,397,-1,
417,418,419,-1,
420,417,419,-1,
421,422,420,-1,
421,420,419,-1,
423,424,421,-1,
423,419,425,-1,
423,421,419,-1,
426,425,415,-1,
426,415,397,-1,
426,423,425,-1,
427,426,397,-1,
428,426,427,-1,
429,428,427,-1,
430,428,429,-1,
431,430,429,-1,
432,433,434,-1,
435,433,432,-1,
436,437,438,-1,
436,439,437,-1,
440,441,442,-1,
440,442,443,-1,
444,443,445,-1,
444,440,443,-1,
446,445,447,-1,
446,444,445,-1,
448,447,449,-1,
448,446,447,-1,
450,449,451,-1,
450,448,449,-1,
452,451,453,-1,
452,450,451,-1,
454,453,455,-1,
454,452,453,-1,
456,455,457,-1,
456,454,455,-1,
458,459,460,-1,
458,460,461,-1,
462,463,464,-1,
462,464,465,-1,
466,467,468,-1,
466,468,469,-1,
470,471,472,-1,
470,472,473,-1,
474,475,476,-1,
474,476,477,-1,
478,477,479,-1,
478,474,477,-1,
480,479,481,-1,
480,478,479,-1,
482,481,483,-1,
482,480,481,-1,
484,483,485,-1,
484,482,483,-1,
486,487,488,-1,
486,485,487,-1,
486,484,485,-1,
489,486,488,-1,
490,488,491,-1,
490,489,488,-1,
492,493,494,-1,
492,495,493,-1,
496,497,498,-1,
496,498,499,-1,
500,499,501,-1,
500,496,499,-1,
502,501,503,-1,
502,500,501,-1,
504,503,505,-1,
504,502,503,-1,
506,505,507,-1,
506,504,505,-1,
508,507,509,-1,
508,506,507,-1,
510,509,511,-1,
510,508,509,-1,
512,511,513,-1,
512,510,511,-1,
514,513,515,-1,
514,512,513,-1,
516,515,517,-1,
516,514,515,-1,
518,517,519,-1,
518,516,517,-1,
520,519,521,-1,
520,518,519,-1,
522,520,521,-1,
522,521,523,-1,
524,522,523,-1,
524,523,525,-1,
526,525,527,-1,
526,524,525,-1,
528,526,527,-1,
528,527,529,-1,
530,529,531,-1,
530,528,529,-1,
532,531,533,-1,
532,530,531,-1,
534,533,535,-1,
534,532,533,-1,
536,535,537,-1,
536,534,535,-1,
538,537,539,-1,
538,536,537,-1,
540,541,542,-1,
540,542,543,-1,
544,545,541,-1,
544,541,540,-1,
546,547,545,-1,
546,545,544,-1,
548,549,547,-1,
548,547,546,-1,
550,551,549,-1,
550,549,548,-1,
552,553,551,-1,
552,551,550,-1,
554,555,553,-1,
554,553,552,-1,
556,557,555,-1,
556,555,554,-1,
558,559,557,-1,
558,557,556,-1,
560,559,558,-1,
561,562,559,-1,
561,559,560,-1,
563,562,561,-1,
564,565,562,-1,
564,562,563,-1,
566,567,565,-1,
566,565,564,-1,
568,567,566,-1,
569,570,567,-1,
569,567,568,-1,
571,572,573,-1,
574,570,569,-1,
575,576,570,-1,
575,570,574,-1,
577,578,576,-1,
577,576,575,-1,
579,578,577,-1,
580,581,578,-1,
580,578,579,-1,
582,583,581,-1,
582,581,580,-1,
584,583,582,-1,
585,583,584,-1,
586,587,583,-1,
586,583,585,-1,
588,589,587,-1,
588,587,586,-1,
590,589,588,-1,
591,571,573,-1,
592,593,589,-1,
592,589,590,-1,
594,573,595,-1,
594,591,573,-1,
596,593,592,-1,
597,595,598,-1,
597,594,595,-1,
599,600,593,-1,
599,593,596,-1,
601,598,600,-1,
601,597,598,-1,
602,600,599,-1,
603,601,600,-1,
603,600,602,-1,
604,572,571,-1,
605,604,571,-1,
606,607,608,-1,
606,608,609,-1,
610,611,612,-1,
610,612,613,-1,
610,613,614,-1,
615,616,611,-1,
615,611,610,-1,
617,618,616,-1,
617,616,615,-1,
619,620,618,-1,
619,618,617,-1,
621,622,620,-1,
621,620,619,-1,
623,622,621,-1,
624,622,623,-1,
625,624,623,-1,
626,624,625,-1,
626,627,624,-1,
628,627,626,-1,
628,629,627,-1,
630,629,628,-1,
630,631,629,-1,
632,631,630,-1,
632,633,631,-1,
634,633,632,-1,
634,635,633,-1,
636,637,635,-1,
636,635,634,-1,
638,639,640,-1,
638,640,637,-1,
638,637,636,-1,
641,639,638,-1,
642,643,639,-1,
642,639,641,-1,
644,645,643,-1,
644,643,642,-1,
646,647,645,-1,
646,645,644,-1,
648,647,646,-1,
648,649,650,-1,
648,650,647,-1,
651,649,648,-1,
652,653,654,-1,
652,654,649,-1,
652,649,651,-1,
655,656,653,-1,
655,653,652,-1,
657,658,656,-1,
657,656,655,-1,
659,660,658,-1,
659,658,657,-1,
661,662,660,-1,
661,660,659,-1,
663,664,662,-1,
663,662,661,-1,
665,664,663,-1,
666,664,665,-1,
667,666,665,-1,
668,667,669,-1,
668,666,667,-1,
670,669,671,-1,
670,668,669,-1,
672,671,673,-1,
672,673,674,-1,
672,670,671,-1,
675,672,674,-1,
676,675,674,-1,
677,676,674,-1,
678,679,676,-1,
678,676,677,-1,
680,681,682,-1,
683,681,680,-1,
684,685,686,-1,
686,687,688,-1,
685,687,686,-1,
688,689,690,-1,
687,689,688,-1,
690,691,692,-1,
692,691,693,-1,
689,691,690,-1,
693,694,695,-1,
691,694,693,-1,
695,696,697,-1,
694,696,695,-1,
697,698,699,-1,
699,698,700,-1,
696,698,697,-1,
700,701,702,-1,
698,701,700,-1,
702,703,704,-1,
704,703,705,-1,
701,703,702,-1,
705,706,707,-1,
703,706,705,-1,
707,708,709,-1,
709,708,710,-1,
706,708,707,-1,
710,711,712,-1,
712,711,713,-1,
708,711,710,-1,
713,714,715,-1,
711,714,713,-1,
714,716,715,-1,
715,716,717,-1,
716,718,717,-1,
717,718,719,-1,
720,721,722,-1,
720,722,723,-1,
724,725,726,-1,
724,726,727,-1,
728,727,729,-1,
728,724,727,-1,
730,729,731,-1,
730,728,729,-1,
732,731,733,-1,
732,730,731,-1,
734,733,735,-1,
734,732,733,-1,
736,737,738,-1,
736,738,739,-1,
740,741,742,-1,
740,742,743,-1,
744,745,746,-1,
744,747,745,-1,
748,749,750,-1,
750,751,752,-1,
749,751,750,-1,
752,753,754,-1,
751,753,752,-1,
754,755,756,-1,
753,755,754,-1,
756,757,758,-1,
755,757,756,-1,
757,759,758,-1,
760,761,762,-1,
760,762,763,-1,
764,765,766,-1,
764,766,767,-1,
768,769,770,-1,
768,770,771,-1,
772,773,774,-1,
772,774,775,-1,
776,777,778,-1,
776,778,779,-1,
780,779,781,-1,
780,776,779,-1,
782,781,783,-1,
782,780,781,-1,
784,783,785,-1,
784,782,783,-1,
786,785,787,-1,
786,784,785,-1,
788,787,789,-1,
788,786,787,-1,
790,789,791,-1,
790,788,789,-1,
792,791,793,-1,
792,790,791,-1,
794,795,796,-1,
794,797,795,-1,
798,799,800,-1,
798,800,801,-1,
802,801,803,-1,
802,798,801,-1,
804,803,805,-1,
804,802,803,-1,
806,805,807,-1,
806,804,805,-1,
808,807,809,-1,
808,806,807,-1,
810,809,811,-1,
810,808,809,-1,
812,811,813,-1,
812,810,811,-1,
814,813,815,-1,
814,812,813,-1,
816,815,817,-1,
816,814,815,-1,
818,817,819,-1,
818,816,817,-1,
820,819,821,-1,
820,818,819,-1,
822,821,823,-1,
822,820,821,-1,
824,822,823,-1,
824,823,825,-1,
826,824,825,-1,
826,825,827,-1,
828,827,829,-1,
828,826,827,-1,
830,828,829,-1,
830,829,831,-1,
832,831,833,-1,
832,830,831,-1,
834,833,835,-1,
834,832,833,-1,
836,835,837,-1,
836,834,835,-1,
838,837,839,-1,
838,836,837,-1,
840,839,841,-1,
840,838,839,-1,
842,843,844,-1,
842,844,845,-1,
846,847,843,-1,
846,843,842,-1,
848,849,847,-1,
848,847,846,-1,
850,851,849,-1,
850,849,848,-1,
852,853,851,-1,
852,851,850,-1,
854,855,853,-1,
854,853,852,-1,
856,857,858,-1,
856,859,857,-1,
856,860,859,-1,
856,858,855,-1,
856,855,854,-1,
861,862,860,-1,
861,863,862,-1,
861,864,863,-1,
861,865,864,-1,
861,860,856,-1,
866,865,861,-1,
866,867,865,-1,
866,868,867,-1,
866,869,868,-1,
870,871,869,-1,
870,872,871,-1,
870,869,866,-1,
873,874,872,-1,
873,875,874,-1,
873,872,870,-1,
876,877,875,-1,
876,878,877,-1,
876,879,878,-1,
876,875,873,-1,
880,881,879,-1,
880,882,881,-1,
880,879,876,-1,
883,884,882,-1,
883,885,884,-1,
883,886,885,-1,
883,882,880,-1,
887,888,886,-1,
887,889,888,-1,
887,886,883,-1,
890,891,889,-1,
890,892,891,-1,
890,889,887,-1,
893,894,892,-1,
893,895,894,-1,
893,892,890,-1,
896,895,893,-1,
896,897,895,-1,
896,898,897,-1,
899,898,896,-1,
900,898,899,-1,
901,899,902,-1,
901,900,899,-1,
903,902,904,-1,
903,901,902,-1,
905,903,904,-1,
906,903,905,-1,
907,906,905,-1,
908,906,907,-1,
908,909,906,-1,
910,911,912,-1,
910,912,913,-1,
914,915,916,-1,
914,916,917,-1,
918,917,919,-1,
918,914,917,-1,
920,919,921,-1,
920,918,919,-1,
922,921,923,-1,
922,920,921,-1,
924,923,925,-1,
924,922,923,-1,
926,925,927,-1,
926,924,925,-1,
928,927,929,-1,
928,929,930,-1,
928,930,931,-1,
928,931,932,-1,
928,926,927,-1,
933,932,934,-1,
933,928,932,-1,
933,934,935,-1,
933,935,936,-1,
933,936,937,-1,
938,937,939,-1,
938,939,940,-1,
938,940,941,-1,
938,933,937,-1,
942,938,941,-1,
942,941,943,-1,
942,943,944,-1,
945,942,944,-1,
945,944,946,-1,
945,946,947,-1,
948,945,947,-1,
948,947,949,-1,
948,949,950,-1,
948,950,951,-1,
952,948,951,-1,
952,951,953,-1,
952,953,954,-1,
955,954,956,-1,
955,956,957,-1,
955,957,958,-1,
955,952,954,-1,
959,955,958,-1,
959,958,960,-1,
959,960,961,-1,
962,959,961,-1,
962,961,963,-1,
962,963,964,-1,
965,964,966,-1,
965,966,967,-1,
965,962,964,-1,
968,967,969,-1,
968,969,970,-1,
968,965,967,-1,
971,968,970,-1,
972,971,970,-1,
973,974,971,-1,
973,971,972,-1,
975,976,974,-1,
975,974,973,-1,
977,976,975,-1,
978,977,975,-1,
979,977,978,-1,
980,978,981,-1,
980,979,978,-1,
982,983,984,-1,
982,984,985,-1,
986,987,988,-1,
989,986,988,-1,
990,991,992,-1,
992,991,993,-1,
993,994,995,-1,
991,994,993,-1,
995,996,997,-1,
994,996,995,-1,
997,998,999,-1,
996,998,997,-1,
999,1000,1001,-1,
998,1000,999,-1,
1002,1003,1004,-1,
1002,1004,1005,-1,
1006,1007,1008,-1,
1006,1008,1009,-1,
1010,1011,1012,-1,
1010,1013,1011,-1,
1014,1015,1016,-1,
1016,1015,1017,-1,
1017,1018,1019,-1,
1015,1018,1017,-1,
1019,1020,1021,-1,
1018,1020,1019,-1,
1021,1022,1023,-1,
1020,1022,1021,-1,
1023,1024,1025,-1,
1022,1024,1023,-1,
1026,1027,1028,-1,
1026,1028,1029,-1,
1030,1031,1032,-1,
1032,1031,1033,-1,
1033,1034,1035,-1,
1031,1034,1033,-1,
1035,1036,1037,-1,
1034,1036,1035,-1,
1037,1038,1039,-1,
1036,1038,1037,-1,
1039,1040,1041,-1,
1038,1040,1039,-1,
1041,1042,1043,-1,
1040,1042,1041,-1,
1043,1044,1045,-1,
1042,1044,1043,-1,
1045,1046,1047,-1,
1044,1046,1045,-1,
1047,1048,1049,-1,
1046,1048,1047,-1,
1049,1050,1051,-1,
1048,1050,1049,-1,
1051,1052,1053,-1,
1050,1052,1051,-1,
1053,1054,1055,-1,
1052,1054,1053,-1,
1055,1056,1057,-1,
1054,1056,1055,-1,
1057,1058,1059,-1,
1056,1058,1057,-1,
1059,1060,1061,-1,
1058,1060,1059,-1,
    ]
    creaseAngle 0.5
  }
}
