ISO-10303-21;
HEADER;
FILE_DESCRIPTION(('FreeCAD Model'),'2;1');
FILE_NAME('Open CASCADE Shape Model','2026-09-10T18:09:48',('FreeCAD'),(
    'FreeCAD'),'Open CASCADE STEP processor 7.8','FreeCAD','Unknown');
FILE_SCHEMA(('AUTOMOTIVE_DESIGN { 1 0 10303 214 1 1 1 1 }'));
ENDSEC;
DATA;
#1 = APPLICATION_PROTOCOL_DEFINITION('international standard',
  'automotive_design',2000,#2);
#2 = APPLICATION_CONTEXT(
  'core data for automotive mechanical design processes');
#3 = SHAPE_DEFINITION_REPRESENTATION(#4,#10);
#4 = PRODUCT_DEFINITION_SHAPE('','',#5);
#5 = PRODUCT_DEFINITION('design','',#6,#9);
#6 = PRODUCT_DEFINITION_FORMATION('','',#7);
#7 = PRODUCT('Open CASCADE STEP translator 7.8 7',
  'Open CASCADE STEP translator 7.8 7','',(#8));
#8 = PRODUCT_CONTEXT('',#2,'mechanical');
#9 = PRODUCT_DEFINITION_CONTEXT('part definition',#2,'design');
#10 = SHAPE_REPRESENTATION('',(#11,#15,#10754,#10771,#10788,#10805,
    #10822,#10839,#10856,#10873,#10890,#10907,#10929),#10937);
#11 = AXIS2_PLACEMENT_3D('',#12,#13,#14);
#12 = CARTESIAN_POINT('',(0.,0.,0.));
#13 = DIRECTION('',(0.,0.,1.));
#14 = DIRECTION('',(1.,0.,-0.));
#15 = MANIFOLD_SOLID_BREP('',#16);
#16 = CLOSED_SHELL('',(#17,#59,#92,#134,#176,#218,#260,#754,#795,#885,
    #932,#963,#1259,#1338,#1362,#1434,#1451,#1468,#1485,#1502,#1679,
    #1718,#1742,#1813,#1844,#1868,#2031,#2055,#2086,#2110,#2157,#2188,
    #2218,#2242,#2265,#2322,#2334,#2689,#2736,#2817,#2849,#2873,#2913,
    #2994,#3026,#3043,#3060,#3077,#3089,#3106,#3123,#3140,#3157,#3174,
    #3191,#3208,#3449,#3461,#3483,#3505,#3527,#3549,#3571,#3593,#3610,
    #3622,#3654,#3721,#3768,#3792,#3817,#3884,#3931,#3948,#3960,#3977,
    #3994,#4011,#4028,#4045,#4062,#4074,#4091,#4108,#4125,#4142,#4154,
    #4179,#4246,#4293,#4310,#4322,#4339,#4356,#4373,#4390,#4407,#4424,
    #4436,#4458,#4557,#4679,#4726,#4757,#4795,#4871,#4984,#5001,#5018,
    #5030,#5042,#5054,#5071,#5088,#5100,#5131,#5162,#5179,#5196,#5208,
    #5225,#5292,#5324,#5350,#5375,#5434,#5466,#5497,#5514,#5531,#5548,
    #5565,#5582,#5594,#5611,#5628,#5640,#5652,#5669,#5686,#5703,#5729,
    #5746,#5758,#5775,#5787,#5804,#5816,#5828,#5875,#5907,#5974,#5998,
    #6038,#6070,#6137,#6154,#6171,#6188,#6200,#6217,#6234,#6246,#6263,
    #6280,#6297,#6314,#6331,#6348,#6360,#6392,#6459,#6506,#6530,#6555,
    #6622,#6669,#6686,#6698,#6715,#6732,#6749,#6766,#6783,#6800,#6812,
    #6829,#6846,#6863,#6880,#6892,#6939,#7006,#7038,#7062,#7102,#7169,
    #7201,#7218,#7235,#7252,#7264,#7281,#7298,#7315,#7332,#7349,#7366,
    #7378,#7395,#7412,#7424,#7471,#7538,#7570,#7594,#7634,#7701,#7733,
    #7750,#7767,#7784,#7796,#7813,#7830,#7847,#7864,#7881,#7898,#7910,
    #7927,#7944,#7956,#7973,#7990,#8002,#8034,#8066,#8098,#8154,#8217,
    #8258,#8282,#8330,#8370,#8425,#8449,#8537,#8554,#8576,#8598,#8624,
    #8669,#8681,#8700,#8735,#8773,#8791,#8808,#8825,#8837,#8854,#8869,
    #8881,#8893,#8905,#8993,#9090,#9112,#9129,#9151,#9168,#9185,#9197,
    #9214,#9231,#9243,#9317,#9438,#9460,#9477,#9534,#9558,#9696,#9718,
    #9734,#9751,#9774,#9791,#9815,#9832,#9849,#9866,#9883,#9907,#9931,
    #9956,#9973,#9985,#9997,#10021,#10045,#10062,#10079,#10103,#10125,
    #10137,#10154,#10178,#10190,#10207,#10224,#10241,#10253,#10265,
    #10311,#10328,#10345,#10357,#10369,#10386,#10403,#10420,#10437,
    #10449,#10466,#10483,#10495,#10519,#10543,#10560,#10572,#10596,
    #10620,#10637,#10649,#10680,#10705,#10723,#10741));
#17 = ADVANCED_FACE('',(#18),#54,.T.);
#18 = FACE_BOUND('',#19,.T.);
#19 = EDGE_LOOP('',(#20,#30,#39,#47));
#20 = ORIENTED_EDGE('',*,*,#21,.F.);
#21 = EDGE_CURVE('',#22,#24,#26,.T.);
#22 = VERTEX_POINT('',#23);
#23 = CARTESIAN_POINT('',(-1.65000025,4.149167227259,-0.578778319488));
#24 = VERTEX_POINT('',#25);
#25 = CARTESIAN_POINT('',(-1.65000025,3.999161573729,-0.728778922932));
#26 = LINE('',#27,#28);
#27 = CARTESIAN_POINT('',(-1.65000025,4.074162844573,-0.653774262979));
#28 = VECTOR('',#29,1.);
#29 = DIRECTION('',(-8.659364913249E-17,-0.707090805225,-0.707122756787)
  );
#30 = ORIENTED_EDGE('',*,*,#31,.T.);
#31 = EDGE_CURVE('',#22,#32,#34,.T.);
#32 = VERTEX_POINT('',#33);
#33 = CARTESIAN_POINT('',(-1.30000025,3.799167227259,-0.578778319488));
#34 = CIRCLE('',#35,0.35);
#35 = AXIS2_PLACEMENT_3D('',#36,#37,#38);
#36 = CARTESIAN_POINT('',(-1.65000025,3.799167227259,-0.578778319488));
#37 = DIRECTION('',(1.499759782662E-32,1.224646799147E-16,-1.));
#38 = DIRECTION('',(-1.,1.224646799147E-16,0.));
#39 = ORIENTED_EDGE('',*,*,#40,.F.);
#40 = EDGE_CURVE('',#41,#32,#43,.T.);
#41 = VERTEX_POINT('',#42);
#42 = CARTESIAN_POINT('',(-1.45000590353,3.799167227259,-0.728778922932)
  );
#43 = LINE('',#44,#45);
#44 = CARTESIAN_POINT('',(-1.450004769451,3.799167227259,-0.728777788891
    ));
#45 = VECTOR('',#46,1.);
#46 = DIRECTION('',(0.707118684005,-1.731912112226E-16,0.707094878168));
#47 = ORIENTED_EDGE('',*,*,#48,.F.);
#48 = EDGE_CURVE('',#24,#41,#49,.T.);
#49 = CIRCLE('',#50,0.19999434647);
#50 = AXIS2_PLACEMENT_3D('',#51,#52,#53);
#51 = CARTESIAN_POINT('',(-1.65000025,3.799167227259,-0.728778922932));
#52 = DIRECTION('',(1.499759782662E-32,1.224646799147E-16,-1.));
#53 = DIRECTION('',(-1.,1.224646799147E-16,0.));
#54 = CONICAL_SURFACE('',#55,0.274995617315,0.785375570231);
#55 = AXIS2_PLACEMENT_3D('',#56,#57,#58);
#56 = CARTESIAN_POINT('',(-1.65000025,3.799167227259,-0.653774262979));
#57 = DIRECTION('',(-1.499759782662E-32,-1.224646799147E-16,1.));
#58 = DIRECTION('',(-1.224646799147E-16,-1.,-1.224646799147E-16));
#59 = ADVANCED_FACE('',(#60),#87,.T.);
#60 = FACE_BOUND('',#61,.T.);
#61 = EDGE_LOOP('',(#62,#72,#79,#80));
#62 = ORIENTED_EDGE('',*,*,#63,.F.);
#63 = EDGE_CURVE('',#64,#66,#68,.T.);
#64 = VERTEX_POINT('',#65);
#65 = CARTESIAN_POINT('',(-1.65000025,3.599172880789,-0.728778922932));
#66 = VERTEX_POINT('',#67);
#67 = CARTESIAN_POINT('',(-1.65000025,3.449167227259,-0.578778319488));
#68 = LINE('',#69,#70);
#69 = CARTESIAN_POINT('',(-1.65000025,3.524171609944,-0.653774262979));
#70 = VECTOR('',#71,1.);
#71 = DIRECTION('',(-8.659364913249E-17,-0.707090805225,0.707122756787)
  );
#72 = ORIENTED_EDGE('',*,*,#73,.F.);
#73 = EDGE_CURVE('',#41,#64,#74,.T.);
#74 = CIRCLE('',#75,0.19999434647);
#75 = AXIS2_PLACEMENT_3D('',#76,#77,#78);
#76 = CARTESIAN_POINT('',(-1.65000025,3.799167227259,-0.728778922932));
#77 = DIRECTION('',(1.499759782662E-32,1.224646799147E-16,-1.));
#78 = DIRECTION('',(1.,-1.224646799147E-16,0.));
#79 = ORIENTED_EDGE('',*,*,#40,.T.);
#80 = ORIENTED_EDGE('',*,*,#81,.T.);
#81 = EDGE_CURVE('',#32,#66,#82,.T.);
#82 = CIRCLE('',#83,0.35);
#83 = AXIS2_PLACEMENT_3D('',#84,#85,#86);
#84 = CARTESIAN_POINT('',(-1.65000025,3.799167227259,-0.578778319488));
#85 = DIRECTION('',(1.499759782662E-32,1.224646799147E-16,-1.));
#86 = DIRECTION('',(1.,-1.224646799147E-16,0.));
#87 = CONICAL_SURFACE('',#88,0.274995617315,0.785375570231);
#88 = AXIS2_PLACEMENT_3D('',#89,#90,#91);
#89 = CARTESIAN_POINT('',(-1.65000025,3.799167227259,-0.653774262979));
#90 = DIRECTION('',(-1.499759782662E-32,-1.224646799147E-16,1.));
#91 = DIRECTION('',(-1.224646799147E-16,-1.,-1.224646799147E-16));
#92 = ADVANCED_FACE('',(#93),#129,.F.);
#93 = FACE_BOUND('',#94,.F.);
#94 = EDGE_LOOP('',(#95,#106,#114,#123));
#95 = ORIENTED_EDGE('',*,*,#96,.F.);
#96 = EDGE_CURVE('',#97,#99,#101,.T.);
#97 = VERTEX_POINT('',#98);
#98 = CARTESIAN_POINT('',(9.257357393635,0.204757266715,-1.015791575051)
  );
#99 = VERTEX_POINT('',#100);
#100 = CARTESIAN_POINT('',(9.29999975,0.205303355943,-1.097704959202));
#101 = CIRCLE('',#102,0.1);
#102 = AXIS2_PLACEMENT_3D('',#103,#104,#105);
#103 = CARTESIAN_POINT('',(9.19999975,0.205303355943,-1.097704959202));
#104 = DIRECTION('',(5.390653201598E-16,0.999977778518,
    6.666518523458E-03));
#105 = DIRECTION('',(0.573576436351,-5.460892276781E-03,0.819133841517)
  );
#106 = ORIENTED_EDGE('',*,*,#107,.F.);
#107 = EDGE_CURVE('',#108,#97,#110,.T.);
#108 = VERTEX_POINT('',#109);
#109 = CARTESIAN_POINT('',(9.257357393635,-0.244232755839,
    -1.018784841868));
#110 = LINE('',#111,#112);
#111 = CARTESIAN_POINT('',(9.257357393635,-0.244232755839,
    -1.018784841868));
#112 = VECTOR('',#113,1.);
#113 = DIRECTION('',(1.224619585681E-16,0.999977778518,
    6.666518523454E-03));
#114 = ORIENTED_EDGE('',*,*,#115,.T.);
#115 = EDGE_CURVE('',#108,#116,#118,.T.);
#116 = VERTEX_POINT('',#117);
#117 = CARTESIAN_POINT('',(9.29999975,-0.243686666612,-1.100698226019));
#118 = CIRCLE('',#119,0.1);
#119 = AXIS2_PLACEMENT_3D('',#120,#121,#122);
#120 = CARTESIAN_POINT('',(9.19999975,-0.243686666612,-1.100698226019));
#121 = DIRECTION('',(5.390653201598E-16,0.999977778518,
    6.666518523458E-03));
#122 = DIRECTION('',(0.573576436351,-5.460892276781E-03,0.819133841517)
  );
#123 = ORIENTED_EDGE('',*,*,#124,.T.);
#124 = EDGE_CURVE('',#116,#99,#125,.T.);
#125 = LINE('',#126,#127);
#126 = CARTESIAN_POINT('',(9.29999975,-1.919165533447E-02,-1.09920159261
    ));
#127 = VECTOR('',#128,1.);
#128 = DIRECTION('',(1.224619585681E-16,0.999977778518,
    6.666518523457E-03));
#129 = CYLINDRICAL_SURFACE('',#130,0.1);
#130 = AXIS2_PLACEMENT_3D('',#131,#132,#133);
#131 = CARTESIAN_POINT('',(9.19999975,-0.243686666612,-1.100698226019));
#132 = DIRECTION('',(1.224619585681E-16,0.999977778518,
    6.666518523457E-03));
#133 = DIRECTION('',(1.,-1.224646799147E-16,0.));
#134 = ADVANCED_FACE('',(#135),#171,.T.);
#135 = FACE_BOUND('',#136,.T.);
#136 = EDGE_LOOP('',(#137,#147,#156,#164));
#137 = ORIENTED_EDGE('',*,*,#138,.F.);
#138 = EDGE_CURVE('',#139,#141,#143,.T.);
#139 = VERTEX_POINT('',#140);
#140 = CARTESIAN_POINT('',(9.54999975,0.205303355943,-1.097704959202));
#141 = VERTEX_POINT('',#142);
#142 = CARTESIAN_POINT('',(9.54999975,-0.243686666612,-1.100698226019));
#143 = LINE('',#144,#145);
#144 = CARTESIAN_POINT('',(9.54999975,-1.919165533474E-02,-1.09920159261
    ));
#145 = VECTOR('',#146,1.);
#146 = DIRECTION('',(-1.224619585681E-16,-0.999977778518,
    -6.666518523457E-03));
#147 = ORIENTED_EDGE('',*,*,#148,.T.);
#148 = EDGE_CURVE('',#139,#149,#151,.T.);
#149 = VERTEX_POINT('',#150);
#150 = CARTESIAN_POINT('',(9.400751502723,0.203392043646,-0.811008114671
    ));
#151 = CIRCLE('',#152,0.35);
#152 = AXIS2_PLACEMENT_3D('',#153,#154,#155);
#153 = CARTESIAN_POINT('',(9.19999975,0.205303355943,-1.097704959202));
#154 = DIRECTION('',(1.331400267812E-16,-0.999977778518,
    -6.666518523457E-03));
#155 = DIRECTION('',(0.976853664579,1.426026093687E-03,-0.213903914053)
  );
#156 = ORIENTED_EDGE('',*,*,#157,.F.);
#157 = EDGE_CURVE('',#158,#149,#160,.T.);
#158 = VERTEX_POINT('',#159);
#159 = CARTESIAN_POINT('',(9.400751502723,-0.245597978909,
    -0.814001381488));
#160 = LINE('',#161,#162);
#161 = CARTESIAN_POINT('',(9.400751502723,-0.245597978909,
    -0.814001381488));
#162 = VECTOR('',#163,1.);
#163 = DIRECTION('',(1.224619585681E-16,0.999977778518,
    6.666518523456E-03));
#164 = ORIENTED_EDGE('',*,*,#165,.F.);
#165 = EDGE_CURVE('',#141,#158,#166,.T.);
#166 = CIRCLE('',#167,0.35);
#167 = AXIS2_PLACEMENT_3D('',#168,#169,#170);
#168 = CARTESIAN_POINT('',(9.19999975,-0.243686666612,-1.100698226019));
#169 = DIRECTION('',(1.331400267812E-16,-0.999977778518,
    -6.666518523457E-03));
#170 = DIRECTION('',(0.976853664579,1.426026093687E-03,-0.213903914053)
  );
#171 = CYLINDRICAL_SURFACE('',#172,0.35);
#172 = AXIS2_PLACEMENT_3D('',#173,#174,#175);
#173 = CARTESIAN_POINT('',(9.19999975,-0.243686666612,-1.100698226019));
#174 = DIRECTION('',(1.224619585681E-16,0.999977778518,
    6.666518523457E-03));
#175 = DIRECTION('',(1.,-1.224646799147E-16,0.));
#176 = ADVANCED_FACE('',(#177),#213,.F.);
#177 = FACE_BOUND('',#178,.F.);
#178 = EDGE_LOOP('',(#179,#190,#198,#207));
#179 = ORIENTED_EDGE('',*,*,#180,.T.);
#180 = EDGE_CURVE('',#181,#183,#185,.T.);
#181 = VERTEX_POINT('',#182);
#182 = CARTESIAN_POINT('',(-0.30000025,-0.243686666612,-1.100698226019)
  );
#183 = VERTEX_POINT('',#184);
#184 = CARTESIAN_POINT('',(-0.257357893635,-0.244232755839,
    -1.018784841868));
#185 = CIRCLE('',#186,0.1);
#186 = AXIS2_PLACEMENT_3D('',#187,#188,#189);
#187 = CARTESIAN_POINT('',(-0.20000025,-0.243686666612,-1.100698226019)
  );
#188 = DIRECTION('',(-1.575562597056E-15,0.999977778518,
    6.666518523457E-03));
#189 = DIRECTION('',(-0.976853664579,1.426026093685E-03,-0.213903914053)
  );
#190 = ORIENTED_EDGE('',*,*,#191,.T.);
#191 = EDGE_CURVE('',#183,#192,#194,.T.);
#192 = VERTEX_POINT('',#193);
#193 = CARTESIAN_POINT('',(-0.257357893635,0.204757266715,
    -1.015791575051));
#194 = LINE('',#195,#196);
#195 = CARTESIAN_POINT('',(-0.257357893635,-0.244232755839,
    -1.018784841868));
#196 = VECTOR('',#197,1.);
#197 = DIRECTION('',(1.224619585681E-16,0.999977778518,
    6.666518523458E-03));
#198 = ORIENTED_EDGE('',*,*,#199,.F.);
#199 = EDGE_CURVE('',#200,#192,#202,.T.);
#200 = VERTEX_POINT('',#201);
#201 = CARTESIAN_POINT('',(-0.30000025,0.205303355943,-1.097704959202));
#202 = CIRCLE('',#203,0.1);
#203 = AXIS2_PLACEMENT_3D('',#204,#205,#206);
#204 = CARTESIAN_POINT('',(-0.20000025,0.205303355943,-1.097704959202));
#205 = DIRECTION('',(-1.575562597056E-15,0.999977778518,
    6.666518523457E-03));
#206 = DIRECTION('',(-0.976853664579,1.426026093685E-03,-0.213903914053)
  );
#207 = ORIENTED_EDGE('',*,*,#208,.T.);
#208 = EDGE_CURVE('',#200,#181,#209,.T.);
#209 = LINE('',#210,#211);
#210 = CARTESIAN_POINT('',(-0.30000025,-1.919165533447E-02,
    -1.09920159261));
#211 = VECTOR('',#212,1.);
#212 = DIRECTION('',(-1.224619585681E-16,-0.999977778518,
    -6.666518523457E-03));
#213 = CYLINDRICAL_SURFACE('',#214,0.1);
#214 = AXIS2_PLACEMENT_3D('',#215,#216,#217);
#215 = CARTESIAN_POINT('',(-0.20000025,-0.243686666612,-1.100698226019)
  );
#216 = DIRECTION('',(1.224619585681E-16,0.999977778518,
    6.666518523457E-03));
#217 = DIRECTION('',(1.,-1.224646799147E-16,0.));
#218 = ADVANCED_FACE('',(#219),#255,.T.);
#219 = FACE_BOUND('',#220,.T.);
#220 = EDGE_LOOP('',(#221,#231,#240,#248));
#221 = ORIENTED_EDGE('',*,*,#222,.F.);
#222 = EDGE_CURVE('',#223,#225,#227,.T.);
#223 = VERTEX_POINT('',#224);
#224 = CARTESIAN_POINT('',(-0.55000025,-0.243686666612,-1.100698226019)
  );
#225 = VERTEX_POINT('',#226);
#226 = CARTESIAN_POINT('',(-0.55000025,0.205303355943,-1.097704959202));
#227 = LINE('',#228,#229);
#228 = CARTESIAN_POINT('',(-0.55000025,-1.919165533474E-02,
    -1.09920159261));
#229 = VECTOR('',#230,1.);
#230 = DIRECTION('',(1.224619585681E-16,0.999977778518,
    6.666518523457E-03));
#231 = ORIENTED_EDGE('',*,*,#232,.F.);
#232 = EDGE_CURVE('',#233,#223,#235,.T.);
#233 = VERTEX_POINT('',#234);
#234 = CARTESIAN_POINT('',(-0.400752002723,-0.245597978909,
    -0.814001381488));
#235 = CIRCLE('',#236,0.35);
#236 = AXIS2_PLACEMENT_3D('',#237,#238,#239);
#237 = CARTESIAN_POINT('',(-0.20000025,-0.243686666612,-1.100698226019)
  );
#238 = DIRECTION('',(-2.797241605013E-16,-0.999977778518,
    -6.666518523457E-03));
#239 = DIRECTION('',(-0.573576436351,-5.46089227678E-03,0.819133841517)
  );
#240 = ORIENTED_EDGE('',*,*,#241,.T.);
#241 = EDGE_CURVE('',#233,#242,#244,.T.);
#242 = VERTEX_POINT('',#243);
#243 = CARTESIAN_POINT('',(-0.400752002723,0.203392043646,
    -0.811008114671));
#244 = LINE('',#245,#246);
#245 = CARTESIAN_POINT('',(-0.400752002723,-0.245597978909,
    -0.814001381488));
#246 = VECTOR('',#247,1.);
#247 = DIRECTION('',(1.224619585681E-16,0.999977778518,
    6.666518523456E-03));
#248 = ORIENTED_EDGE('',*,*,#249,.T.);
#249 = EDGE_CURVE('',#242,#225,#250,.T.);
#250 = CIRCLE('',#251,0.35);
#251 = AXIS2_PLACEMENT_3D('',#252,#253,#254);
#252 = CARTESIAN_POINT('',(-0.20000025,0.205303355943,-1.097704959202));
#253 = DIRECTION('',(-2.792904796323E-16,-0.999977778518,
    -6.666518523457E-03));
#254 = DIRECTION('',(-0.573576436351,-5.46089227678E-03,0.819133841517)
  );
#255 = CYLINDRICAL_SURFACE('',#256,0.35);
#256 = AXIS2_PLACEMENT_3D('',#257,#258,#259);
#257 = CARTESIAN_POINT('',(-0.20000025,-0.243686666612,-1.100698226019)
  );
#258 = DIRECTION('',(1.224619585681E-16,0.999977778518,
    6.666518523457E-03));
#259 = DIRECTION('',(1.,-1.224646799147E-16,0.));
#260 = ADVANCED_FACE('',(#261,#457,#491,#525,#559,#593,#627,#661,#695,
    #729),#749,.F.);
#261 = FACE_BOUND('',#262,.T.);
#262 = EDGE_LOOP('',(#263,#273,#281,#289,#297,#305,#313,#321,#329,#338,
    #346,#354,#362,#370,#378,#387,#395,#403,#411,#419,#427,#435,#443,
    #451));
#263 = ORIENTED_EDGE('',*,*,#264,.F.);
#264 = EDGE_CURVE('',#265,#267,#269,.T.);
#265 = VERTEX_POINT('',#266);
#266 = CARTESIAN_POINT('',(-0.50000025,-0.760832772741,
    -2.878230661791E-02));
#267 = VERTEX_POINT('',#268);
#268 = CARTESIAN_POINT('',(-0.50000025,-0.510832772741,
    -2.878230661791E-02));
#269 = LINE('',#270,#271);
#270 = CARTESIAN_POINT('',(-0.50000025,-0.760832772741,
    -2.878230661791E-02));
#271 = VECTOR('',#272,1.);
#272 = DIRECTION('',(1.224646799147E-16,1.,1.224646799147E-16));
#273 = ORIENTED_EDGE('',*,*,#274,.F.);
#274 = EDGE_CURVE('',#275,#265,#277,.T.);
#275 = VERTEX_POINT('',#276);
#276 = CARTESIAN_POINT('',(-2.20000025,-0.760832772741,
    -2.878230661791E-02));
#277 = LINE('',#278,#279);
#278 = CARTESIAN_POINT('',(-2.20000025,-0.760832772741,
    -2.878230661791E-02));
#279 = VECTOR('',#280,1.);
#280 = DIRECTION('',(1.,-1.224646799147E-16,0.));
#281 = ORIENTED_EDGE('',*,*,#282,.F.);
#282 = EDGE_CURVE('',#283,#275,#285,.T.);
#283 = VERTEX_POINT('',#284);
#284 = CARTESIAN_POINT('',(-2.20000025,0.139167227259,
    -2.878230661791E-02));
#285 = LINE('',#286,#287);
#286 = CARTESIAN_POINT('',(-2.20000025,0.139167227259,
    -2.878230661791E-02));
#287 = VECTOR('',#288,1.);
#288 = DIRECTION('',(-1.224646799147E-16,-1.,-1.224646799147E-16));
#289 = ORIENTED_EDGE('',*,*,#290,.T.);
#290 = EDGE_CURVE('',#283,#291,#293,.T.);
#291 = VERTEX_POINT('',#292);
#292 = CARTESIAN_POINT('',(-0.40000025,0.139167227259,
    -2.878230661791E-02));
#293 = LINE('',#294,#295);
#294 = CARTESIAN_POINT('',(-2.20000025,0.139167227259,
    -2.878230661791E-02));
#295 = VECTOR('',#296,1.);
#296 = DIRECTION('',(1.,-1.224646799147E-16,0.));
#297 = ORIENTED_EDGE('',*,*,#298,.T.);
#298 = EDGE_CURVE('',#291,#299,#301,.T.);
#299 = VERTEX_POINT('',#300);
#300 = CARTESIAN_POINT('',(-0.40000025,3.149167227259,
    -2.878230661791E-02));
#301 = LINE('',#302,#303);
#302 = CARTESIAN_POINT('',(-0.40000025,0.139167227259,
    -2.878230661791E-02));
#303 = VECTOR('',#304,1.);
#304 = DIRECTION('',(1.224646799147E-16,1.,1.224646799147E-16));
#305 = ORIENTED_EDGE('',*,*,#306,.F.);
#306 = EDGE_CURVE('',#307,#299,#309,.T.);
#307 = VERTEX_POINT('',#308);
#308 = CARTESIAN_POINT('',(-2.20000025,3.149167227259,
    -2.878230661791E-02));
#309 = LINE('',#310,#311);
#310 = CARTESIAN_POINT('',(-2.20000025,3.149167227259,
    -2.878230661791E-02));
#311 = VECTOR('',#312,1.);
#312 = DIRECTION('',(1.,-1.224646799147E-16,0.));
#313 = ORIENTED_EDGE('',*,*,#314,.F.);
#314 = EDGE_CURVE('',#315,#307,#317,.T.);
#315 = VERTEX_POINT('',#316);
#316 = CARTESIAN_POINT('',(-2.20000025,4.889167227259,
    -2.878230661791E-02));
#317 = LINE('',#318,#319);
#318 = CARTESIAN_POINT('',(-2.20000025,4.889167227259,
    -2.878230661791E-02));
#319 = VECTOR('',#320,1.);
#320 = DIRECTION('',(-1.224646799147E-16,-1.,-1.224646799147E-16));
#321 = ORIENTED_EDGE('',*,*,#322,.T.);
#322 = EDGE_CURVE('',#315,#323,#325,.T.);
#323 = VERTEX_POINT('',#324);
#324 = CARTESIAN_POINT('',(-0.90000025,4.889167227259,
    -2.878230661791E-02));
#325 = LINE('',#326,#327);
#326 = CARTESIAN_POINT('',(-2.20000025,4.889167227259,
    -2.878230661791E-02));
#327 = VECTOR('',#328,1.);
#328 = DIRECTION('',(1.,-1.224646799147E-16,0.));
#329 = ORIENTED_EDGE('',*,*,#330,.F.);
#330 = EDGE_CURVE('',#331,#323,#333,.T.);
#331 = VERTEX_POINT('',#332);
#332 = CARTESIAN_POINT('',(-0.70000025,4.689167227259,
    -2.878230661791E-02));
#333 = CIRCLE('',#334,0.2);
#334 = AXIS2_PLACEMENT_3D('',#335,#336,#337);
#335 = CARTESIAN_POINT('',(-0.70000025,4.889167227259,
    -2.878230661791E-02));
#336 = DIRECTION('',(1.499759782662E-32,1.224646799147E-16,-1.));
#337 = DIRECTION('',(-1.224646799147E-16,-1.,-1.224646799147E-16));
#338 = ORIENTED_EDGE('',*,*,#339,.F.);
#339 = EDGE_CURVE('',#340,#331,#342,.T.);
#340 = VERTEX_POINT('',#341);
#341 = CARTESIAN_POINT('',(4.74999975,4.689167227259,-2.878230661791E-02
    ));
#342 = LINE('',#343,#344);
#343 = CARTESIAN_POINT('',(4.74999975,4.689167227259,-2.878230661791E-02
    ));
#344 = VECTOR('',#345,1.);
#345 = DIRECTION('',(-1.,1.224646799147E-16,0.));
#346 = ORIENTED_EDGE('',*,*,#347,.F.);
#347 = EDGE_CURVE('',#348,#340,#350,.T.);
#348 = VERTEX_POINT('',#349);
#349 = CARTESIAN_POINT('',(4.74999975,4.889167227259,-2.878230661791E-02
    ));
#350 = LINE('',#351,#352);
#351 = CARTESIAN_POINT('',(4.74999975,4.889167227259,-2.878230661791E-02
    ));
#352 = VECTOR('',#353,1.);
#353 = DIRECTION('',(-1.224646799147E-16,-1.,-1.224646799147E-16));
#354 = ORIENTED_EDGE('',*,*,#355,.T.);
#355 = EDGE_CURVE('',#348,#356,#358,.T.);
#356 = VERTEX_POINT('',#357);
#357 = CARTESIAN_POINT('',(5.74999975,4.889167227259,-2.878230661791E-02
    ));
#358 = LINE('',#359,#360);
#359 = CARTESIAN_POINT('',(4.74999975,4.889167227259,-2.878230661791E-02
    ));
#360 = VECTOR('',#361,1.);
#361 = DIRECTION('',(1.,-1.224646799147E-16,0.));
#362 = ORIENTED_EDGE('',*,*,#363,.T.);
#363 = EDGE_CURVE('',#356,#364,#366,.T.);
#364 = VERTEX_POINT('',#365);
#365 = CARTESIAN_POINT('',(5.74999975,4.689167227259,-2.878230661791E-02
    ));
#366 = LINE('',#367,#368);
#367 = CARTESIAN_POINT('',(5.74999975,4.889167227259,-2.878230661791E-02
    ));
#368 = VECTOR('',#369,1.);
#369 = DIRECTION('',(-1.224646799147E-16,-1.,-1.224646799147E-16));
#370 = ORIENTED_EDGE('',*,*,#371,.F.);
#371 = EDGE_CURVE('',#372,#364,#374,.T.);
#372 = VERTEX_POINT('',#373);
#373 = CARTESIAN_POINT('',(11.19999975,4.689167227259,
    -2.878230661791E-02));
#374 = LINE('',#375,#376);
#375 = CARTESIAN_POINT('',(11.19999975,4.689167227259,
    -2.878230661791E-02));
#376 = VECTOR('',#377,1.);
#377 = DIRECTION('',(-1.,1.224646799147E-16,0.));
#378 = ORIENTED_EDGE('',*,*,#379,.F.);
#379 = EDGE_CURVE('',#380,#372,#382,.T.);
#380 = VERTEX_POINT('',#381);
#381 = CARTESIAN_POINT('',(11.39999975,4.889167227259,
    -2.878230661791E-02));
#382 = CIRCLE('',#383,0.2);
#383 = AXIS2_PLACEMENT_3D('',#384,#385,#386);
#384 = CARTESIAN_POINT('',(11.19999975,4.889167227259,
    -2.878230661791E-02));
#385 = DIRECTION('',(1.499759782662E-32,1.224646799147E-16,-1.));
#386 = DIRECTION('',(1.,-1.224646799147E-16,0.));
#387 = ORIENTED_EDGE('',*,*,#388,.T.);
#388 = EDGE_CURVE('',#380,#389,#391,.T.);
#389 = VERTEX_POINT('',#390);
#390 = CARTESIAN_POINT('',(12.69999975,4.889167227259,
    -2.878230661791E-02));
#391 = LINE('',#392,#393);
#392 = CARTESIAN_POINT('',(11.39999975,4.889167227259,
    -2.878230661791E-02));
#393 = VECTOR('',#394,1.);
#394 = DIRECTION('',(1.,-1.224646799147E-16,0.));
#395 = ORIENTED_EDGE('',*,*,#396,.F.);
#396 = EDGE_CURVE('',#397,#389,#399,.T.);
#397 = VERTEX_POINT('',#398);
#398 = CARTESIAN_POINT('',(12.69999975,3.149167227259,
    -2.878230661791E-02));
#399 = LINE('',#400,#401);
#400 = CARTESIAN_POINT('',(12.69999975,3.149167227259,
    -2.878230661791E-02));
#401 = VECTOR('',#402,1.);
#402 = DIRECTION('',(1.224646799147E-16,1.,1.224646799147E-16));
#403 = ORIENTED_EDGE('',*,*,#404,.F.);
#404 = EDGE_CURVE('',#405,#397,#407,.T.);
#405 = VERTEX_POINT('',#406);
#406 = CARTESIAN_POINT('',(10.89999975,3.149167227259,
    -2.878230661791E-02));
#407 = LINE('',#408,#409);
#408 = CARTESIAN_POINT('',(10.89999975,3.149167227259,
    -2.878230661791E-02));
#409 = VECTOR('',#410,1.);
#410 = DIRECTION('',(1.,-1.224646799147E-16,0.));
#411 = ORIENTED_EDGE('',*,*,#412,.F.);
#412 = EDGE_CURVE('',#413,#405,#415,.T.);
#413 = VERTEX_POINT('',#414);
#414 = CARTESIAN_POINT('',(10.89999975,0.139167227259,
    -2.878230661791E-02));
#415 = LINE('',#416,#417);
#416 = CARTESIAN_POINT('',(10.89999975,0.139167227259,
    -2.878230661791E-02));
#417 = VECTOR('',#418,1.);
#418 = DIRECTION('',(1.224646799147E-16,1.,1.224646799147E-16));
#419 = ORIENTED_EDGE('',*,*,#420,.T.);
#420 = EDGE_CURVE('',#413,#421,#423,.T.);
#421 = VERTEX_POINT('',#422);
#422 = CARTESIAN_POINT('',(12.69999975,0.139167227259,
    -2.878230661791E-02));
#423 = LINE('',#424,#425);
#424 = CARTESIAN_POINT('',(10.89999975,0.139167227259,
    -2.878230661791E-02));
#425 = VECTOR('',#426,1.);
#426 = DIRECTION('',(1.,-1.224646799147E-16,0.));
#427 = ORIENTED_EDGE('',*,*,#428,.F.);
#428 = EDGE_CURVE('',#429,#421,#431,.T.);
#429 = VERTEX_POINT('',#430);
#430 = CARTESIAN_POINT('',(12.69999975,-0.760832772741,
    -2.878230661791E-02));
#431 = LINE('',#432,#433);
#432 = CARTESIAN_POINT('',(12.69999975,-0.760832772741,
    -2.878230661791E-02));
#433 = VECTOR('',#434,1.);
#434 = DIRECTION('',(1.224646799147E-16,1.,1.224646799147E-16));
#435 = ORIENTED_EDGE('',*,*,#436,.F.);
#436 = EDGE_CURVE('',#437,#429,#439,.T.);
#437 = VERTEX_POINT('',#438);
#438 = CARTESIAN_POINT('',(10.99999975,-0.760832772741,
    -2.878230661791E-02));
#439 = LINE('',#440,#441);
#440 = CARTESIAN_POINT('',(10.99999975,-0.760832772741,
    -2.878230661791E-02));
#441 = VECTOR('',#442,1.);
#442 = DIRECTION('',(1.,-1.224646799147E-16,0.));
#443 = ORIENTED_EDGE('',*,*,#444,.T.);
#444 = EDGE_CURVE('',#437,#445,#447,.T.);
#445 = VERTEX_POINT('',#446);
#446 = CARTESIAN_POINT('',(10.99999975,-0.510832772741,
    -2.878230661791E-02));
#447 = LINE('',#448,#449);
#448 = CARTESIAN_POINT('',(10.99999975,-0.760832772741,
    -2.878230661791E-02));
#449 = VECTOR('',#450,1.);
#450 = DIRECTION('',(1.224646799147E-16,1.,1.224646799147E-16));
#451 = ORIENTED_EDGE('',*,*,#452,.T.);
#452 = EDGE_CURVE('',#445,#267,#453,.T.);
#453 = LINE('',#454,#455);
#454 = CARTESIAN_POINT('',(10.99999975,-0.510832772741,
    -2.878230661791E-02));
#455 = VECTOR('',#456,1.);
#456 = DIRECTION('',(-1.,1.224646799147E-16,0.));
#457 = FACE_BOUND('',#458,.T.);
#458 = EDGE_LOOP('',(#459,#469,#477,#485));
#459 = ORIENTED_EDGE('',*,*,#460,.T.);
#460 = EDGE_CURVE('',#461,#463,#465,.T.);
#461 = VERTEX_POINT('',#462);
#462 = CARTESIAN_POINT('',(2.87499975,-0.250832772741,
    -2.878230661791E-02));
#463 = VERTEX_POINT('',#464);
#464 = CARTESIAN_POINT('',(3.12499975,-0.250832772741,
    -2.878230661791E-02));
#465 = LINE('',#466,#467);
#466 = CARTESIAN_POINT('',(2.87499975,-0.250832772741,
    -2.878230661791E-02));
#467 = VECTOR('',#468,1.);
#468 = DIRECTION('',(1.,-1.224646799147E-16,0.));
#469 = ORIENTED_EDGE('',*,*,#470,.T.);
#470 = EDGE_CURVE('',#463,#471,#473,.T.);
#471 = VERTEX_POINT('',#472);
#472 = CARTESIAN_POINT('',(3.12499975,0.219167227259,-2.878230661791E-02
    ));
#473 = LINE('',#474,#475);
#474 = CARTESIAN_POINT('',(3.12499975,-0.250832772741,
    -2.878230661791E-02));
#475 = VECTOR('',#476,1.);
#476 = DIRECTION('',(1.224646799147E-16,1.,1.224646799147E-16));
#477 = ORIENTED_EDGE('',*,*,#478,.F.);
#478 = EDGE_CURVE('',#479,#471,#481,.T.);
#479 = VERTEX_POINT('',#480);
#480 = CARTESIAN_POINT('',(2.87499975,0.219167227259,-2.878230661791E-02
    ));
#481 = LINE('',#482,#483);
#482 = CARTESIAN_POINT('',(2.87499975,0.219167227259,-2.878230661791E-02
    ));
#483 = VECTOR('',#484,1.);
#484 = DIRECTION('',(1.,-1.224646799147E-16,0.));
#485 = ORIENTED_EDGE('',*,*,#486,.F.);
#486 = EDGE_CURVE('',#461,#479,#487,.T.);
#487 = LINE('',#488,#489);
#488 = CARTESIAN_POINT('',(2.87499975,-0.250832772741,
    -2.878230661791E-02));
#489 = VECTOR('',#490,1.);
#490 = DIRECTION('',(1.224646799147E-16,1.,1.224646799147E-16));
#491 = FACE_BOUND('',#492,.T.);
#492 = EDGE_LOOP('',(#493,#503,#511,#519));
#493 = ORIENTED_EDGE('',*,*,#494,.T.);
#494 = EDGE_CURVE('',#495,#497,#499,.T.);
#495 = VERTEX_POINT('',#496);
#496 = CARTESIAN_POINT('',(5.87499975,-0.250832772741,
    -2.878230661791E-02));
#497 = VERTEX_POINT('',#498);
#498 = CARTESIAN_POINT('',(6.12499975,-0.250832772741,
    -2.878230661791E-02));
#499 = LINE('',#500,#501);
#500 = CARTESIAN_POINT('',(5.87499975,-0.250832772741,
    -2.878230661791E-02));
#501 = VECTOR('',#502,1.);
#502 = DIRECTION('',(1.,-1.224646799147E-16,0.));
#503 = ORIENTED_EDGE('',*,*,#504,.T.);
#504 = EDGE_CURVE('',#497,#505,#507,.T.);
#505 = VERTEX_POINT('',#506);
#506 = CARTESIAN_POINT('',(6.12499975,0.219167227259,-2.878230661791E-02
    ));
#507 = LINE('',#508,#509);
#508 = CARTESIAN_POINT('',(6.12499975,-0.250832772741,
    -2.878230661791E-02));
#509 = VECTOR('',#510,1.);
#510 = DIRECTION('',(1.224646799147E-16,1.,1.224646799147E-16));
#511 = ORIENTED_EDGE('',*,*,#512,.F.);
#512 = EDGE_CURVE('',#513,#505,#515,.T.);
#513 = VERTEX_POINT('',#514);
#514 = CARTESIAN_POINT('',(5.87499975,0.219167227259,-2.878230661791E-02
    ));
#515 = LINE('',#516,#517);
#516 = CARTESIAN_POINT('',(5.87499975,0.219167227259,-2.878230661791E-02
    ));
#517 = VECTOR('',#518,1.);
#518 = DIRECTION('',(1.,-1.224646799147E-16,0.));
#519 = ORIENTED_EDGE('',*,*,#520,.F.);
#520 = EDGE_CURVE('',#495,#513,#521,.T.);
#521 = LINE('',#522,#523);
#522 = CARTESIAN_POINT('',(5.87499975,-0.250832772741,
    -2.878230661791E-02));
#523 = VECTOR('',#524,1.);
#524 = DIRECTION('',(1.224646799147E-16,1.,1.224646799147E-16));
#525 = FACE_BOUND('',#526,.T.);
#526 = EDGE_LOOP('',(#527,#537,#545,#553));
#527 = ORIENTED_EDGE('',*,*,#528,.T.);
#528 = EDGE_CURVE('',#529,#531,#533,.T.);
#529 = VERTEX_POINT('',#530);
#530 = CARTESIAN_POINT('',(8.87499975,-0.250832772741,
    -2.878230661791E-02));
#531 = VERTEX_POINT('',#532);
#532 = CARTESIAN_POINT('',(9.12499975,-0.250832772741,
    -2.878230661791E-02));
#533 = LINE('',#534,#535);
#534 = CARTESIAN_POINT('',(8.87499975,-0.250832772741,
    -2.878230661791E-02));
#535 = VECTOR('',#536,1.);
#536 = DIRECTION('',(1.,-1.224646799147E-16,0.));
#537 = ORIENTED_EDGE('',*,*,#538,.T.);
#538 = EDGE_CURVE('',#531,#539,#541,.T.);
#539 = VERTEX_POINT('',#540);
#540 = CARTESIAN_POINT('',(9.12499975,0.219167227259,-2.878230661791E-02
    ));
#541 = LINE('',#542,#543);
#542 = CARTESIAN_POINT('',(9.12499975,-0.250832772741,
    -2.878230661791E-02));
#543 = VECTOR('',#544,1.);
#544 = DIRECTION('',(1.224646799147E-16,1.,1.224646799147E-16));
#545 = ORIENTED_EDGE('',*,*,#546,.F.);
#546 = EDGE_CURVE('',#547,#539,#549,.T.);
#547 = VERTEX_POINT('',#548);
#548 = CARTESIAN_POINT('',(8.87499975,0.219167227259,-2.878230661791E-02
    ));
#549 = LINE('',#550,#551);
#550 = CARTESIAN_POINT('',(8.87499975,0.219167227259,-2.878230661791E-02
    ));
#551 = VECTOR('',#552,1.);
#552 = DIRECTION('',(1.,-1.224646799147E-16,0.));
#553 = ORIENTED_EDGE('',*,*,#554,.F.);
#554 = EDGE_CURVE('',#529,#547,#555,.T.);
#555 = LINE('',#556,#557);
#556 = CARTESIAN_POINT('',(8.87499975,-0.250832772741,
    -2.878230661791E-02));
#557 = VECTOR('',#558,1.);
#558 = DIRECTION('',(1.224646799147E-16,1.,1.224646799147E-16));
#559 = FACE_BOUND('',#560,.T.);
#560 = EDGE_LOOP('',(#561,#571,#579,#587));
#561 = ORIENTED_EDGE('',*,*,#562,.T.);
#562 = EDGE_CURVE('',#563,#565,#567,.T.);
#563 = VERTEX_POINT('',#564);
#564 = CARTESIAN_POINT('',(1.37499975,1.749167227259,-2.878230661791E-02
    ));
#565 = VERTEX_POINT('',#566);
#566 = CARTESIAN_POINT('',(1.62499975,1.749167227259,-2.878230661791E-02
    ));
#567 = LINE('',#568,#569);
#568 = CARTESIAN_POINT('',(1.37499975,1.749167227259,-2.878230661791E-02
    ));
#569 = VECTOR('',#570,1.);
#570 = DIRECTION('',(1.,-1.224646799147E-16,0.));
#571 = ORIENTED_EDGE('',*,*,#572,.T.);
#572 = EDGE_CURVE('',#565,#573,#575,.T.);
#573 = VERTEX_POINT('',#574);
#574 = CARTESIAN_POINT('',(1.62499975,2.249167227259,-2.878230661791E-02
    ));
#575 = LINE('',#576,#577);
#576 = CARTESIAN_POINT('',(1.62499975,1.749167227259,-2.878230661791E-02
    ));
#577 = VECTOR('',#578,1.);
#578 = DIRECTION('',(1.224646799147E-16,1.,1.224646799147E-16));
#579 = ORIENTED_EDGE('',*,*,#580,.F.);
#580 = EDGE_CURVE('',#581,#573,#583,.T.);
#581 = VERTEX_POINT('',#582);
#582 = CARTESIAN_POINT('',(1.37499975,2.249167227259,-2.878230661791E-02
    ));
#583 = LINE('',#584,#585);
#584 = CARTESIAN_POINT('',(1.37499975,2.249167227259,-2.878230661791E-02
    ));
#585 = VECTOR('',#586,1.);
#586 = DIRECTION('',(1.,-1.224646799147E-16,0.));
#587 = ORIENTED_EDGE('',*,*,#588,.F.);
#588 = EDGE_CURVE('',#563,#581,#589,.T.);
#589 = LINE('',#590,#591);
#590 = CARTESIAN_POINT('',(1.37499975,1.749167227259,-2.878230661791E-02
    ));
#591 = VECTOR('',#592,1.);
#592 = DIRECTION('',(1.224646799147E-16,1.,1.224646799147E-16));
#593 = FACE_BOUND('',#594,.T.);
#594 = EDGE_LOOP('',(#595,#605,#613,#621));
#595 = ORIENTED_EDGE('',*,*,#596,.T.);
#596 = EDGE_CURVE('',#597,#599,#601,.T.);
#597 = VERTEX_POINT('',#598);
#598 = CARTESIAN_POINT('',(4.37499975,1.749167227259,-2.878230661791E-02
    ));
#599 = VERTEX_POINT('',#600);
#600 = CARTESIAN_POINT('',(4.62499975,1.749167227259,-2.878230661791E-02
    ));
#601 = LINE('',#602,#603);
#602 = CARTESIAN_POINT('',(4.37499975,1.749167227259,-2.878230661791E-02
    ));
#603 = VECTOR('',#604,1.);
#604 = DIRECTION('',(1.,-1.224646799147E-16,0.));
#605 = ORIENTED_EDGE('',*,*,#606,.T.);
#606 = EDGE_CURVE('',#599,#607,#609,.T.);
#607 = VERTEX_POINT('',#608);
#608 = CARTESIAN_POINT('',(4.62499975,2.249167227259,-2.878230661791E-02
    ));
#609 = LINE('',#610,#611);
#610 = CARTESIAN_POINT('',(4.62499975,1.749167227259,-2.878230661791E-02
    ));
#611 = VECTOR('',#612,1.);
#612 = DIRECTION('',(1.224646799147E-16,1.,1.224646799147E-16));
#613 = ORIENTED_EDGE('',*,*,#614,.F.);
#614 = EDGE_CURVE('',#615,#607,#617,.T.);
#615 = VERTEX_POINT('',#616);
#616 = CARTESIAN_POINT('',(4.37499975,2.249167227259,-2.878230661791E-02
    ));
#617 = LINE('',#618,#619);
#618 = CARTESIAN_POINT('',(4.37499975,2.249167227259,-2.878230661791E-02
    ));
#619 = VECTOR('',#620,1.);
#620 = DIRECTION('',(1.,-1.224646799147E-16,0.));
#621 = ORIENTED_EDGE('',*,*,#622,.F.);
#622 = EDGE_CURVE('',#597,#615,#623,.T.);
#623 = LINE('',#624,#625);
#624 = CARTESIAN_POINT('',(4.37499975,1.749167227259,-2.878230661791E-02
    ));
#625 = VECTOR('',#626,1.);
#626 = DIRECTION('',(1.224646799147E-16,1.,1.224646799147E-16));
#627 = FACE_BOUND('',#628,.T.);
#628 = EDGE_LOOP('',(#629,#639,#647,#655));
#629 = ORIENTED_EDGE('',*,*,#630,.T.);
#630 = EDGE_CURVE('',#631,#633,#635,.T.);
#631 = VERTEX_POINT('',#632);
#632 = CARTESIAN_POINT('',(7.37499975,1.749167227259,-2.878230661791E-02
    ));
#633 = VERTEX_POINT('',#634);
#634 = CARTESIAN_POINT('',(7.62499975,1.749167227259,-2.878230661791E-02
    ));
#635 = LINE('',#636,#637);
#636 = CARTESIAN_POINT('',(7.37499975,1.749167227259,-2.878230661791E-02
    ));
#637 = VECTOR('',#638,1.);
#638 = DIRECTION('',(1.,-1.224646799147E-16,0.));
#639 = ORIENTED_EDGE('',*,*,#640,.T.);
#640 = EDGE_CURVE('',#633,#641,#643,.T.);
#641 = VERTEX_POINT('',#642);
#642 = CARTESIAN_POINT('',(7.62499975,2.249167227259,-2.878230661791E-02
    ));
#643 = LINE('',#644,#645);
#644 = CARTESIAN_POINT('',(7.62499975,1.749167227259,-2.878230661791E-02
    ));
#645 = VECTOR('',#646,1.);
#646 = DIRECTION('',(1.224646799147E-16,1.,1.224646799147E-16));
#647 = ORIENTED_EDGE('',*,*,#648,.F.);
#648 = EDGE_CURVE('',#649,#641,#651,.T.);
#649 = VERTEX_POINT('',#650);
#650 = CARTESIAN_POINT('',(7.37499975,2.249167227259,-2.878230661791E-02
    ));
#651 = LINE('',#652,#653);
#652 = CARTESIAN_POINT('',(7.37499975,2.249167227259,-2.878230661791E-02
    ));
#653 = VECTOR('',#654,1.);
#654 = DIRECTION('',(1.,-1.224646799147E-16,0.));
#655 = ORIENTED_EDGE('',*,*,#656,.F.);
#656 = EDGE_CURVE('',#631,#649,#657,.T.);
#657 = LINE('',#658,#659);
#658 = CARTESIAN_POINT('',(7.37499975,1.749167227259,-2.878230661791E-02
    ));
#659 = VECTOR('',#660,1.);
#660 = DIRECTION('',(1.224646799147E-16,1.,1.224646799147E-16));
#661 = FACE_BOUND('',#662,.T.);
#662 = EDGE_LOOP('',(#663,#673,#681,#689));
#663 = ORIENTED_EDGE('',*,*,#664,.T.);
#664 = EDGE_CURVE('',#665,#667,#669,.T.);
#665 = VERTEX_POINT('',#666);
#666 = CARTESIAN_POINT('',(10.37499975,1.749167227259,
    -2.878230661791E-02));
#667 = VERTEX_POINT('',#668);
#668 = CARTESIAN_POINT('',(10.62499975,1.749167227259,
    -2.878230661791E-02));
#669 = LINE('',#670,#671);
#670 = CARTESIAN_POINT('',(10.37499975,1.749167227259,
    -2.878230661791E-02));
#671 = VECTOR('',#672,1.);
#672 = DIRECTION('',(1.,-1.224646799147E-16,0.));
#673 = ORIENTED_EDGE('',*,*,#674,.T.);
#674 = EDGE_CURVE('',#667,#675,#677,.T.);
#675 = VERTEX_POINT('',#676);
#676 = CARTESIAN_POINT('',(10.62499975,2.249167227259,
    -2.878230661791E-02));
#677 = LINE('',#678,#679);
#678 = CARTESIAN_POINT('',(10.62499975,1.749167227259,
    -2.878230661791E-02));
#679 = VECTOR('',#680,1.);
#680 = DIRECTION('',(1.224646799147E-16,1.,1.224646799147E-16));
#681 = ORIENTED_EDGE('',*,*,#682,.F.);
#682 = EDGE_CURVE('',#683,#675,#685,.T.);
#683 = VERTEX_POINT('',#684);
#684 = CARTESIAN_POINT('',(10.37499975,2.249167227259,
    -2.878230661791E-02));
#685 = LINE('',#686,#687);
#686 = CARTESIAN_POINT('',(10.37499975,2.249167227259,
    -2.878230661791E-02));
#687 = VECTOR('',#688,1.);
#688 = DIRECTION('',(1.,-1.224646799147E-16,0.));
#689 = ORIENTED_EDGE('',*,*,#690,.F.);
#690 = EDGE_CURVE('',#665,#683,#691,.T.);
#691 = LINE('',#692,#693);
#692 = CARTESIAN_POINT('',(10.37499975,1.749167227259,
    -2.878230661791E-02));
#693 = VECTOR('',#694,1.);
#694 = DIRECTION('',(1.224646799147E-16,1.,1.224646799147E-16));
#695 = FACE_BOUND('',#696,.T.);
#696 = EDGE_LOOP('',(#697,#707,#715,#723));
#697 = ORIENTED_EDGE('',*,*,#698,.T.);
#698 = EDGE_CURVE('',#699,#701,#703,.T.);
#699 = VERTEX_POINT('',#700);
#700 = CARTESIAN_POINT('',(-0.12500025,-0.250832772741,
    -2.878230661791E-02));
#701 = VERTEX_POINT('',#702);
#702 = CARTESIAN_POINT('',(0.12499975,-0.250832772741,
    -2.878230661791E-02));
#703 = LINE('',#704,#705);
#704 = CARTESIAN_POINT('',(-0.12500025,-0.250832772741,
    -2.878230661791E-02));
#705 = VECTOR('',#706,1.);
#706 = DIRECTION('',(1.,-1.224646799147E-16,0.));
#707 = ORIENTED_EDGE('',*,*,#708,.T.);
#708 = EDGE_CURVE('',#701,#709,#711,.T.);
#709 = VERTEX_POINT('',#710);
#710 = CARTESIAN_POINT('',(0.12499975,0.219167227259,-2.878230661791E-02
    ));
#711 = LINE('',#712,#713);
#712 = CARTESIAN_POINT('',(0.12499975,-0.250832772741,
    -2.878230661791E-02));
#713 = VECTOR('',#714,1.);
#714 = DIRECTION('',(1.224646799147E-16,1.,1.224646799147E-16));
#715 = ORIENTED_EDGE('',*,*,#716,.F.);
#716 = EDGE_CURVE('',#717,#709,#719,.T.);
#717 = VERTEX_POINT('',#718);
#718 = CARTESIAN_POINT('',(-0.12500025,0.219167227259,
    -2.878230661791E-02));
#719 = LINE('',#720,#721);
#720 = CARTESIAN_POINT('',(-0.12500025,0.219167227259,
    -2.878230661791E-02));
#721 = VECTOR('',#722,1.);
#722 = DIRECTION('',(1.,-1.224646799147E-16,0.));
#723 = ORIENTED_EDGE('',*,*,#724,.F.);
#724 = EDGE_CURVE('',#699,#717,#725,.T.);
#725 = LINE('',#726,#727);
#726 = CARTESIAN_POINT('',(-0.12500025,-0.250832772741,
    -2.878230661791E-02));
#727 = VECTOR('',#728,1.);
#728 = DIRECTION('',(1.224646799147E-16,1.,1.224646799147E-16));
#729 = FACE_BOUND('',#730,.T.);
#730 = EDGE_LOOP('',(#731,#742));
#731 = ORIENTED_EDGE('',*,*,#732,.F.);
#732 = EDGE_CURVE('',#733,#735,#737,.T.);
#733 = VERTEX_POINT('',#734);
#734 = CARTESIAN_POINT('',(-2.00000025,3.799167227259,
    -2.878230661791E-02));
#735 = VERTEX_POINT('',#736);
#736 = CARTESIAN_POINT('',(-1.30000025,3.799167227259,
    -2.878230661791E-02));
#737 = CIRCLE('',#738,0.35);
#738 = AXIS2_PLACEMENT_3D('',#739,#740,#741);
#739 = CARTESIAN_POINT('',(-1.65000025,3.799167227259,
    -2.878230661791E-02));
#740 = DIRECTION('',(1.499759782662E-32,1.224646799147E-16,-1.));
#741 = DIRECTION('',(-1.,1.224646799147E-16,0.));
#742 = ORIENTED_EDGE('',*,*,#743,.F.);
#743 = EDGE_CURVE('',#735,#733,#744,.T.);
#744 = CIRCLE('',#745,0.35);
#745 = AXIS2_PLACEMENT_3D('',#746,#747,#748);
#746 = CARTESIAN_POINT('',(-1.65000025,3.799167227259,
    -2.878230661791E-02));
#747 = DIRECTION('',(1.499759782662E-32,1.224646799147E-16,-1.));
#748 = DIRECTION('',(1.,-1.224646799147E-16,0.));
#749 = PLANE('',#750);
#750 = AXIS2_PLACEMENT_3D('',#751,#752,#753);
#751 = CARTESIAN_POINT('',(5.24999975,3.189167227259,-2.878230661791E-02
    ));
#752 = DIRECTION('',(-1.499759782662E-32,-1.224646799147E-16,1.));
#753 = DIRECTION('',(-1.224646799147E-16,-1.,-1.224646799147E-16));
#754 = ADVANCED_FACE('',(#755),#790,.F.);
#755 = FACE_BOUND('',#756,.T.);
#756 = EDGE_LOOP('',(#757,#767,#775,#784));
#757 = ORIENTED_EDGE('',*,*,#758,.F.);
#758 = EDGE_CURVE('',#759,#761,#763,.T.);
#759 = VERTEX_POINT('',#760);
#760 = CARTESIAN_POINT('',(-0.12500025,1.649167227259,3.692143389766));
#761 = VERTEX_POINT('',#762);
#762 = CARTESIAN_POINT('',(-0.12500025,1.649167227259,4.944428887914));
#763 = LINE('',#764,#765);
#764 = CARTESIAN_POINT('',(-0.12500025,1.649167227259,3.692143389766));
#765 = VECTOR('',#766,1.);
#766 = DIRECTION('',(-1.499759782662E-32,-1.224646799147E-16,1.));
#767 = ORIENTED_EDGE('',*,*,#768,.F.);
#768 = EDGE_CURVE('',#769,#759,#771,.T.);
#769 = VERTEX_POINT('',#770);
#770 = CARTESIAN_POINT('',(-0.12500025,1.431027864408,4.467679270219));
#771 = LINE('',#772,#773);
#772 = CARTESIAN_POINT('',(-0.12500025,1.431027864408,4.467679270219));
#773 = VECTOR('',#774,1.);
#774 = DIRECTION('',(3.315957318415E-17,0.27076846326,-0.962644503077));
#775 = ORIENTED_EDGE('',*,*,#776,.F.);
#776 = EDGE_CURVE('',#777,#769,#779,.T.);
#777 = VERTEX_POINT('',#778);
#778 = CARTESIAN_POINT('',(-0.12500025,1.434208916878,4.503112717345));
#779 = CIRCLE('',#780,5.E-02);
#780 = AXIS2_PLACEMENT_3D('',#781,#782,#783);
#781 = CARTESIAN_POINT('',(-0.12500025,1.479160089562,4.481217693382));
#782 = DIRECTION('',(1.,-1.224646799147E-16,6.162975822039E-33));
#783 = DIRECTION('',(-1.100986194907E-16,-0.89902345368,0.437900479257)
  );
#784 = ORIENTED_EDGE('',*,*,#785,.F.);
#785 = EDGE_CURVE('',#761,#777,#786,.T.);
#786 = LINE('',#787,#788);
#787 = CARTESIAN_POINT('',(-0.12500025,1.649167227259,4.944428887914));
#788 = VECTOR('',#789,1.);
#789 = DIRECTION('',(-5.362734202678E-17,-0.437900479257,-0.89902345368)
  );
#790 = PLANE('',#791);
#791 = AXIS2_PLACEMENT_3D('',#792,#793,#794);
#792 = CARTESIAN_POINT('',(-0.12500025,2.514167227259,4.741217693382));
#793 = DIRECTION('',(1.,-1.224646799147E-16,0.));
#794 = DIRECTION('',(1.499759782662E-32,1.224646799147E-16,-1.));
#795 = ADVANCED_FACE('',(#796),#880,.F.);
#796 = FACE_BOUND('',#797,.T.);
#797 = EDGE_LOOP('',(#798,#808,#816,#824,#833,#841,#850,#858,#866,#874)
  );
#798 = ORIENTED_EDGE('',*,*,#799,.F.);
#799 = EDGE_CURVE('',#800,#802,#804,.T.);
#800 = VERTEX_POINT('',#801);
#801 = CARTESIAN_POINT('',(-0.12500025,0.489167227259,2.471217693382));
#802 = VERTEX_POINT('',#803);
#803 = CARTESIAN_POINT('',(-0.12500025,1.379167227259,2.471217693382));
#804 = LINE('',#805,#806);
#805 = CARTESIAN_POINT('',(-0.12500025,0.489167227259,2.471217693382));
#806 = VECTOR('',#807,1.);
#807 = DIRECTION('',(1.224646799147E-16,1.,1.224646799147E-16));
#808 = ORIENTED_EDGE('',*,*,#809,.F.);
#809 = EDGE_CURVE('',#810,#800,#812,.T.);
#810 = VERTEX_POINT('',#811);
#811 = CARTESIAN_POINT('',(-0.12500025,0.289167227259,2.651217693382));
#812 = LINE('',#813,#814);
#813 = CARTESIAN_POINT('',(-0.12500025,0.289167227259,2.651217693382));
#814 = VECTOR('',#815,1.);
#815 = DIRECTION('',(9.102727970266E-17,0.743294146247,-0.668964731622)
  );
#816 = ORIENTED_EDGE('',*,*,#817,.T.);
#817 = EDGE_CURVE('',#810,#818,#820,.T.);
#818 = VERTEX_POINT('',#819);
#819 = CARTESIAN_POINT('',(-0.12500025,0.289167227259,5.077407590802));
#820 = LINE('',#821,#822);
#821 = CARTESIAN_POINT('',(-0.12500025,0.289167227259,2.651217693382));
#822 = VECTOR('',#823,1.);
#823 = DIRECTION('',(-1.499759782662E-32,-1.224646799147E-16,1.));
#824 = ORIENTED_EDGE('',*,*,#825,.F.);
#825 = EDGE_CURVE('',#826,#818,#828,.T.);
#826 = VERTEX_POINT('',#827);
#827 = CARTESIAN_POINT('',(-0.12500025,0.399970541884,4.971832962871));
#828 = CIRCLE('',#829,0.15);
#829 = AXIS2_PLACEMENT_3D('',#830,#831,#832);
#830 = CARTESIAN_POINT('',(-0.12500025,0.255573866423,4.931217693382));
#831 = DIRECTION('',(1.,-1.224646799147E-16,0.));
#832 = DIRECTION('',(1.17889950941E-16,0.962644503077,0.27076846326));
#833 = ORIENTED_EDGE('',*,*,#834,.F.);
#834 = EDGE_CURVE('',#835,#826,#837,.T.);
#835 = VERTEX_POINT('',#836);
#836 = CARTESIAN_POINT('',(-0.12500025,0.607292314716,4.234756116545));
#837 = LINE('',#838,#839);
#838 = CARTESIAN_POINT('',(-0.12500025,0.607292314716,4.234756116545));
#839 = VECTOR('',#840,1.);
#840 = DIRECTION('',(-3.315957318415E-17,-0.27076846326,0.962644503077)
  );
#841 = ORIENTED_EDGE('',*,*,#842,.F.);
#842 = EDGE_CURVE('',#843,#835,#845,.T.);
#843 = VERTEX_POINT('',#844);
#844 = CARTESIAN_POINT('',(-0.12500025,0.604111262246,4.199322669419));
#845 = CIRCLE('',#846,5.E-02);
#846 = AXIS2_PLACEMENT_3D('',#847,#848,#849);
#847 = CARTESIAN_POINT('',(-0.12500025,0.559160089562,4.221217693382));
#848 = DIRECTION('',(1.,-1.224646799147E-16,6.162975822039E-33));
#849 = DIRECTION('',(1.100986194907E-16,0.89902345368,-0.437900479257));
#850 = ORIENTED_EDGE('',*,*,#851,.F.);
#851 = EDGE_CURVE('',#852,#843,#854,.T.);
#852 = VERTEX_POINT('',#853);
#853 = CARTESIAN_POINT('',(-0.12500025,0.449167227259,3.881217693382));
#854 = LINE('',#855,#856);
#855 = CARTESIAN_POINT('',(-0.12500025,0.449167227259,3.881217693382));
#856 = VECTOR('',#857,1.);
#857 = DIRECTION('',(5.362734202678E-17,0.437900479257,0.89902345368));
#858 = ORIENTED_EDGE('',*,*,#859,.F.);
#859 = EDGE_CURVE('',#860,#852,#862,.T.);
#860 = VERTEX_POINT('',#861);
#861 = CARTESIAN_POINT('',(-0.12500025,0.449167227259,2.581217693382));
#862 = LINE('',#863,#864);
#863 = CARTESIAN_POINT('',(-0.12500025,0.449167227259,2.581217693382));
#864 = VECTOR('',#865,1.);
#865 = DIRECTION('',(-1.499759782662E-32,-1.224646799147E-16,1.));
#866 = ORIENTED_EDGE('',*,*,#867,.F.);
#867 = EDGE_CURVE('',#868,#860,#870,.T.);
#868 = VERTEX_POINT('',#869);
#869 = CARTESIAN_POINT('',(-0.12500025,1.379167227259,2.581217693382));
#870 = LINE('',#871,#872);
#871 = CARTESIAN_POINT('',(-0.12500025,1.379167227259,2.581217693382));
#872 = VECTOR('',#873,1.);
#873 = DIRECTION('',(-1.224646799147E-16,-1.,-1.224646799147E-16));
#874 = ORIENTED_EDGE('',*,*,#875,.F.);
#875 = EDGE_CURVE('',#802,#868,#876,.T.);
#876 = LINE('',#877,#878);
#877 = CARTESIAN_POINT('',(-0.12500025,1.379167227259,2.471217693382));
#878 = VECTOR('',#879,1.);
#879 = DIRECTION('',(-1.499759782662E-32,-1.224646799147E-16,1.));
#880 = PLANE('',#881);
#881 = AXIS2_PLACEMENT_3D('',#882,#883,#884);
#882 = CARTESIAN_POINT('',(-0.12500025,2.514167227259,4.741217693382));
#883 = DIRECTION('',(1.,-1.224646799147E-16,0.));
#884 = DIRECTION('',(1.499759782662E-32,1.224646799147E-16,-1.));
#885 = ADVANCED_FACE('',(#886),#927,.F.);
#886 = FACE_BOUND('',#887,.T.);
#887 = EDGE_LOOP('',(#888,#889,#897,#905,#913,#921));
#888 = ORIENTED_EDGE('',*,*,#724,.T.);
#889 = ORIENTED_EDGE('',*,*,#890,.F.);
#890 = EDGE_CURVE('',#891,#717,#893,.T.);
#891 = VERTEX_POINT('',#892);
#892 = CARTESIAN_POINT('',(-0.12500025,0.219167227259,-0.401068864371));
#893 = LINE('',#894,#895);
#894 = CARTESIAN_POINT('',(-0.12500025,0.219167227259,-0.401068864371));
#895 = VECTOR('',#896,1.);
#896 = DIRECTION('',(-1.499759782662E-32,-1.224646799147E-16,1.));
#897 = ORIENTED_EDGE('',*,*,#898,.F.);
#898 = EDGE_CURVE('',#899,#891,#901,.T.);
#899 = VERTEX_POINT('',#900);
#900 = CARTESIAN_POINT('',(-0.12500025,0.200659115311,-0.401068864371));
#901 = LINE('',#902,#903);
#902 = CARTESIAN_POINT('',(-0.12500025,0.200659115311,-0.401068864371));
#903 = VECTOR('',#904,1.);
#904 = DIRECTION('',(1.224646799147E-16,1.,1.224646799147E-16));
#905 = ORIENTED_EDGE('',*,*,#906,.T.);
#906 = EDGE_CURVE('',#899,#907,#909,.T.);
#907 = VERTEX_POINT('',#908);
#908 = CARTESIAN_POINT('',(-0.12500025,0.202104849211,-0.617928949341));
#909 = LINE('',#910,#911);
#910 = CARTESIAN_POINT('',(-0.12500025,0.200659115311,-0.401068864371));
#911 = VECTOR('',#912,1.);
#912 = DIRECTION('',(8.164130571207E-19,6.666518523456E-03,
    -0.999977778518));
#913 = ORIENTED_EDGE('',*,*,#914,.F.);
#914 = EDGE_CURVE('',#915,#907,#917,.T.);
#915 = VERTEX_POINT('',#916);
#916 = CARTESIAN_POINT('',(-0.12500025,-0.246885173344,-0.620922216158)
  );
#917 = LINE('',#918,#919);
#918 = CARTESIAN_POINT('',(-0.12500025,-0.246885173344,-0.620922216158)
  );
#919 = VECTOR('',#920,1.);
#920 = DIRECTION('',(1.224619585681E-16,0.999977778518,
    6.666518523458E-03));
#921 = ORIENTED_EDGE('',*,*,#922,.F.);
#922 = EDGE_CURVE('',#699,#915,#923,.T.);
#923 = LINE('',#924,#925);
#924 = CARTESIAN_POINT('',(-0.12500025,-0.250832772741,
    -2.878230661791E-02));
#925 = VECTOR('',#926,1.);
#926 = DIRECTION('',(8.164130571206E-19,6.666518523455E-03,
    -0.999977778518));
#927 = PLANE('',#928);
#928 = AXIS2_PLACEMENT_3D('',#929,#930,#931);
#929 = CARTESIAN_POINT('',(-0.12500025,2.514167227259,4.741217693382));
#930 = DIRECTION('',(1.,-1.224646799147E-16,0.));
#931 = DIRECTION('',(1.499759782662E-32,1.224646799147E-16,-1.));
#932 = ADVANCED_FACE('',(#933),#958,.T.);
#933 = FACE_BOUND('',#934,.T.);
#934 = EDGE_LOOP('',(#935,#943,#951,#957));
#935 = ORIENTED_EDGE('',*,*,#936,.T.);
#936 = EDGE_CURVE('',#777,#937,#939,.T.);
#937 = VERTEX_POINT('',#938);
#938 = CARTESIAN_POINT('',(0.12499975,1.434208916878,4.503112717345));
#939 = LINE('',#940,#941);
#940 = CARTESIAN_POINT('',(-0.12500025,1.434208916878,4.503112717345));
#941 = VECTOR('',#942,1.);
#942 = DIRECTION('',(1.,-1.224646799147E-16,0.));
#943 = ORIENTED_EDGE('',*,*,#944,.F.);
#944 = EDGE_CURVE('',#945,#937,#947,.T.);
#945 = VERTEX_POINT('',#946);
#946 = CARTESIAN_POINT('',(0.12499975,1.649167227259,4.944428887914));
#947 = LINE('',#948,#949);
#948 = CARTESIAN_POINT('',(0.12499975,1.649167227259,4.944428887914));
#949 = VECTOR('',#950,1.);
#950 = DIRECTION('',(-5.362734202678E-17,-0.437900479257,-0.89902345368)
  );
#951 = ORIENTED_EDGE('',*,*,#952,.F.);
#952 = EDGE_CURVE('',#761,#945,#953,.T.);
#953 = LINE('',#954,#955);
#954 = CARTESIAN_POINT('',(-0.12500025,1.649167227259,4.944428887914));
#955 = VECTOR('',#956,1.);
#956 = DIRECTION('',(1.,-1.224646799147E-16,0.));
#957 = ORIENTED_EDGE('',*,*,#785,.T.);
#958 = PLANE('',#959);
#959 = AXIS2_PLACEMENT_3D('',#960,#961,#962);
#960 = CARTESIAN_POINT('',(-0.12500025,1.688415945827,5.025007741308));
#961 = DIRECTION('',(-1.100986194907E-16,-0.89902345368,0.437900479257)
  );
#962 = DIRECTION('',(5.362734202678E-17,0.437900479257,0.89902345368));
#963 = ADVANCED_FACE('',(#964,#998,#1016,#1050,#1084,#1118,#1152,#1186,
    #1220),#1254,.F.);
#964 = FACE_BOUND('',#965,.T.);
#965 = EDGE_LOOP('',(#966,#976,#984,#992));
#966 = ORIENTED_EDGE('',*,*,#967,.F.);
#967 = EDGE_CURVE('',#968,#970,#972,.T.);
#968 = VERTEX_POINT('',#969);
#969 = CARTESIAN_POINT('',(11.09999975,1.649167227259,2.721217693382));
#970 = VERTEX_POINT('',#971);
#971 = CARTESIAN_POINT('',(-0.60000025,1.649167227259,2.721217693382));
#972 = LINE('',#973,#974);
#973 = CARTESIAN_POINT('',(11.09999975,1.649167227259,2.721217693382));
#974 = VECTOR('',#975,1.);
#975 = DIRECTION('',(-1.,1.224646799147E-16,0.));
#976 = ORIENTED_EDGE('',*,*,#977,.T.);
#977 = EDGE_CURVE('',#968,#978,#980,.T.);
#978 = VERTEX_POINT('',#979);
#979 = CARTESIAN_POINT('',(11.09999975,1.649167227259,5.221217693382));
#980 = LINE('',#981,#982);
#981 = CARTESIAN_POINT('',(11.09999975,1.649167227259,2.721217693382));
#982 = VECTOR('',#983,1.);
#983 = DIRECTION('',(-1.499759782662E-32,-1.224646799147E-16,1.));
#984 = ORIENTED_EDGE('',*,*,#985,.T.);
#985 = EDGE_CURVE('',#978,#986,#988,.T.);
#986 = VERTEX_POINT('',#987);
#987 = CARTESIAN_POINT('',(-0.60000025,1.649167227259,5.221217693382));
#988 = LINE('',#989,#990);
#989 = CARTESIAN_POINT('',(11.09999975,1.649167227259,5.221217693382));
#990 = VECTOR('',#991,1.);
#991 = DIRECTION('',(-1.,1.224646799147E-16,0.));
#992 = ORIENTED_EDGE('',*,*,#993,.F.);
#993 = EDGE_CURVE('',#970,#986,#994,.T.);
#994 = LINE('',#995,#996);
#995 = CARTESIAN_POINT('',(-0.60000025,1.649167227259,2.721217693382));
#996 = VECTOR('',#997,1.);
#997 = DIRECTION('',(-1.499759782662E-32,-1.224646799147E-16,1.));
#998 = FACE_BOUND('',#999,.T.);
#999 = EDGE_LOOP('',(#1000,#1001,#1009,#1015));
#1000 = ORIENTED_EDGE('',*,*,#952,.T.);
#1001 = ORIENTED_EDGE('',*,*,#1002,.F.);
#1002 = EDGE_CURVE('',#1003,#945,#1005,.T.);
#1003 = VERTEX_POINT('',#1004);
#1004 = CARTESIAN_POINT('',(0.12499975,1.649167227259,3.692143389766));
#1005 = LINE('',#1006,#1007);
#1006 = CARTESIAN_POINT('',(0.12499975,1.649167227259,3.692143389766));
#1007 = VECTOR('',#1008,1.);
#1008 = DIRECTION('',(-1.499759782662E-32,-1.224646799147E-16,1.));
#1009 = ORIENTED_EDGE('',*,*,#1010,.F.);
#1010 = EDGE_CURVE('',#759,#1003,#1011,.T.);
#1011 = LINE('',#1012,#1013);
#1012 = CARTESIAN_POINT('',(-0.12500025,1.649167227259,3.692143389766));
#1013 = VECTOR('',#1014,1.);
#1014 = DIRECTION('',(1.,-1.224646799147E-16,0.));
#1015 = ORIENTED_EDGE('',*,*,#758,.T.);
#1016 = FACE_BOUND('',#1017,.T.);
#1017 = EDGE_LOOP('',(#1018,#1028,#1036,#1044));
#1018 = ORIENTED_EDGE('',*,*,#1019,.T.);
#1019 = EDGE_CURVE('',#1020,#1022,#1024,.T.);
#1020 = VERTEX_POINT('',#1021);
#1021 = CARTESIAN_POINT('',(2.87499975,1.649167227259,4.944428887914));
#1022 = VERTEX_POINT('',#1023);
#1023 = CARTESIAN_POINT('',(3.12499975,1.649167227259,4.944428887914));
#1024 = LINE('',#1025,#1026);
#1025 = CARTESIAN_POINT('',(2.87499975,1.649167227259,4.944428887914));
#1026 = VECTOR('',#1027,1.);
#1027 = DIRECTION('',(1.,-1.224646799147E-16,0.));
#1028 = ORIENTED_EDGE('',*,*,#1029,.F.);
#1029 = EDGE_CURVE('',#1030,#1022,#1032,.T.);
#1030 = VERTEX_POINT('',#1031);
#1031 = CARTESIAN_POINT('',(3.12499975,1.649167227259,3.692143389766));
#1032 = LINE('',#1033,#1034);
#1033 = CARTESIAN_POINT('',(3.12499975,1.649167227259,3.692143389766));
#1034 = VECTOR('',#1035,1.);
#1035 = DIRECTION('',(-1.499759782662E-32,-1.224646799147E-16,1.));
#1036 = ORIENTED_EDGE('',*,*,#1037,.F.);
#1037 = EDGE_CURVE('',#1038,#1030,#1040,.T.);
#1038 = VERTEX_POINT('',#1039);
#1039 = CARTESIAN_POINT('',(2.87499975,1.649167227259,3.692143389766));
#1040 = LINE('',#1041,#1042);
#1041 = CARTESIAN_POINT('',(2.87499975,1.649167227259,3.692143389766));
#1042 = VECTOR('',#1043,1.);
#1043 = DIRECTION('',(1.,-1.224646799147E-16,0.));
#1044 = ORIENTED_EDGE('',*,*,#1045,.T.);
#1045 = EDGE_CURVE('',#1038,#1020,#1046,.T.);
#1046 = LINE('',#1047,#1048);
#1047 = CARTESIAN_POINT('',(2.87499975,1.649167227259,3.692143389766));
#1048 = VECTOR('',#1049,1.);
#1049 = DIRECTION('',(-1.499759782662E-32,-1.224646799147E-16,1.));
#1050 = FACE_BOUND('',#1051,.T.);
#1051 = EDGE_LOOP('',(#1052,#1062,#1070,#1078));
#1052 = ORIENTED_EDGE('',*,*,#1053,.T.);
#1053 = EDGE_CURVE('',#1054,#1056,#1058,.T.);
#1054 = VERTEX_POINT('',#1055);
#1055 = CARTESIAN_POINT('',(5.87499975,1.649167227259,4.944428887914));
#1056 = VERTEX_POINT('',#1057);
#1057 = CARTESIAN_POINT('',(6.12499975,1.649167227259,4.944428887914));
#1058 = LINE('',#1059,#1060);
#1059 = CARTESIAN_POINT('',(5.87499975,1.649167227259,4.944428887914));
#1060 = VECTOR('',#1061,1.);
#1061 = DIRECTION('',(1.,-1.224646799147E-16,0.));
#1062 = ORIENTED_EDGE('',*,*,#1063,.F.);
#1063 = EDGE_CURVE('',#1064,#1056,#1066,.T.);
#1064 = VERTEX_POINT('',#1065);
#1065 = CARTESIAN_POINT('',(6.12499975,1.649167227259,3.692143389766));
#1066 = LINE('',#1067,#1068);
#1067 = CARTESIAN_POINT('',(6.12499975,1.649167227259,3.692143389766));
#1068 = VECTOR('',#1069,1.);
#1069 = DIRECTION('',(-1.499759782662E-32,-1.224646799147E-16,1.));
#1070 = ORIENTED_EDGE('',*,*,#1071,.F.);
#1071 = EDGE_CURVE('',#1072,#1064,#1074,.T.);
#1072 = VERTEX_POINT('',#1073);
#1073 = CARTESIAN_POINT('',(5.87499975,1.649167227259,3.692143389766));
#1074 = LINE('',#1075,#1076);
#1075 = CARTESIAN_POINT('',(5.87499975,1.649167227259,3.692143389766));
#1076 = VECTOR('',#1077,1.);
#1077 = DIRECTION('',(1.,-1.224646799147E-16,0.));
#1078 = ORIENTED_EDGE('',*,*,#1079,.T.);
#1079 = EDGE_CURVE('',#1072,#1054,#1080,.T.);
#1080 = LINE('',#1081,#1082);
#1081 = CARTESIAN_POINT('',(5.87499975,1.649167227259,3.692143389766));
#1082 = VECTOR('',#1083,1.);
#1083 = DIRECTION('',(-1.499759782662E-32,-1.224646799147E-16,1.));
#1084 = FACE_BOUND('',#1085,.T.);
#1085 = EDGE_LOOP('',(#1086,#1096,#1104,#1112));
#1086 = ORIENTED_EDGE('',*,*,#1087,.T.);
#1087 = EDGE_CURVE('',#1088,#1090,#1092,.T.);
#1088 = VERTEX_POINT('',#1089);
#1089 = CARTESIAN_POINT('',(8.87499975,1.649167227259,4.944428887914));
#1090 = VERTEX_POINT('',#1091);
#1091 = CARTESIAN_POINT('',(9.12499975,1.649167227259,4.944428887914));
#1092 = LINE('',#1093,#1094);
#1093 = CARTESIAN_POINT('',(8.87499975,1.649167227259,4.944428887914));
#1094 = VECTOR('',#1095,1.);
#1095 = DIRECTION('',(1.,-1.224646799147E-16,0.));
#1096 = ORIENTED_EDGE('',*,*,#1097,.F.);
#1097 = EDGE_CURVE('',#1098,#1090,#1100,.T.);
#1098 = VERTEX_POINT('',#1099);
#1099 = CARTESIAN_POINT('',(9.12499975,1.649167227259,3.692143389766));
#1100 = LINE('',#1101,#1102);
#1101 = CARTESIAN_POINT('',(9.12499975,1.649167227259,3.692143389766));
#1102 = VECTOR('',#1103,1.);
#1103 = DIRECTION('',(-1.499759782662E-32,-1.224646799147E-16,1.));
#1104 = ORIENTED_EDGE('',*,*,#1105,.F.);
#1105 = EDGE_CURVE('',#1106,#1098,#1108,.T.);
#1106 = VERTEX_POINT('',#1107);
#1107 = CARTESIAN_POINT('',(8.87499975,1.649167227259,3.692143389766));
#1108 = LINE('',#1109,#1110);
#1109 = CARTESIAN_POINT('',(8.87499975,1.649167227259,3.692143389766));
#1110 = VECTOR('',#1111,1.);
#1111 = DIRECTION('',(1.,-1.224646799147E-16,0.));
#1112 = ORIENTED_EDGE('',*,*,#1113,.T.);
#1113 = EDGE_CURVE('',#1106,#1088,#1114,.T.);
#1114 = LINE('',#1115,#1116);
#1115 = CARTESIAN_POINT('',(8.87499975,1.649167227259,3.692143389766));
#1116 = VECTOR('',#1117,1.);
#1117 = DIRECTION('',(-1.499759782662E-32,-1.224646799147E-16,1.));
#1118 = FACE_BOUND('',#1119,.T.);
#1119 = EDGE_LOOP('',(#1120,#1130,#1138,#1146));
#1120 = ORIENTED_EDGE('',*,*,#1121,.T.);
#1121 = EDGE_CURVE('',#1122,#1124,#1126,.T.);
#1122 = VERTEX_POINT('',#1123);
#1123 = CARTESIAN_POINT('',(1.37499975,1.649167227259,4.944428887914));
#1124 = VERTEX_POINT('',#1125);
#1125 = CARTESIAN_POINT('',(1.62499975,1.649167227259,4.944428887914));
#1126 = LINE('',#1127,#1128);
#1127 = CARTESIAN_POINT('',(1.37499975,1.649167227259,4.944428887914));
#1128 = VECTOR('',#1129,1.);
#1129 = DIRECTION('',(1.,-1.224646799147E-16,0.));
#1130 = ORIENTED_EDGE('',*,*,#1131,.F.);
#1131 = EDGE_CURVE('',#1132,#1124,#1134,.T.);
#1132 = VERTEX_POINT('',#1133);
#1133 = CARTESIAN_POINT('',(1.62499975,1.649167227259,3.692143389766));
#1134 = LINE('',#1135,#1136);
#1135 = CARTESIAN_POINT('',(1.62499975,1.649167227259,3.692143389766));
#1136 = VECTOR('',#1137,1.);
#1137 = DIRECTION('',(-1.499759782662E-32,-1.224646799147E-16,1.));
#1138 = ORIENTED_EDGE('',*,*,#1139,.F.);
#1139 = EDGE_CURVE('',#1140,#1132,#1142,.T.);
#1140 = VERTEX_POINT('',#1141);
#1141 = CARTESIAN_POINT('',(1.37499975,1.649167227259,3.692143389766));
#1142 = LINE('',#1143,#1144);
#1143 = CARTESIAN_POINT('',(1.37499975,1.649167227259,3.692143389766));
#1144 = VECTOR('',#1145,1.);
#1145 = DIRECTION('',(1.,-1.224646799147E-16,0.));
#1146 = ORIENTED_EDGE('',*,*,#1147,.T.);
#1147 = EDGE_CURVE('',#1140,#1122,#1148,.T.);
#1148 = LINE('',#1149,#1150);
#1149 = CARTESIAN_POINT('',(1.37499975,1.649167227259,3.692143389766));
#1150 = VECTOR('',#1151,1.);
#1151 = DIRECTION('',(-1.499759782662E-32,-1.224646799147E-16,1.));
#1152 = FACE_BOUND('',#1153,.T.);
#1153 = EDGE_LOOP('',(#1154,#1164,#1172,#1180));
#1154 = ORIENTED_EDGE('',*,*,#1155,.T.);
#1155 = EDGE_CURVE('',#1156,#1158,#1160,.T.);
#1156 = VERTEX_POINT('',#1157);
#1157 = CARTESIAN_POINT('',(4.37499975,1.649167227259,4.944428887914));
#1158 = VERTEX_POINT('',#1159);
#1159 = CARTESIAN_POINT('',(4.62499975,1.649167227259,4.944428887914));
#1160 = LINE('',#1161,#1162);
#1161 = CARTESIAN_POINT('',(4.37499975,1.649167227259,4.944428887914));
#1162 = VECTOR('',#1163,1.);
#1163 = DIRECTION('',(1.,-1.224646799147E-16,0.));
#1164 = ORIENTED_EDGE('',*,*,#1165,.F.);
#1165 = EDGE_CURVE('',#1166,#1158,#1168,.T.);
#1166 = VERTEX_POINT('',#1167);
#1167 = CARTESIAN_POINT('',(4.62499975,1.649167227259,3.692143389766));
#1168 = LINE('',#1169,#1170);
#1169 = CARTESIAN_POINT('',(4.62499975,1.649167227259,3.692143389766));
#1170 = VECTOR('',#1171,1.);
#1171 = DIRECTION('',(-1.499759782662E-32,-1.224646799147E-16,1.));
#1172 = ORIENTED_EDGE('',*,*,#1173,.F.);
#1173 = EDGE_CURVE('',#1174,#1166,#1176,.T.);
#1174 = VERTEX_POINT('',#1175);
#1175 = CARTESIAN_POINT('',(4.37499975,1.649167227259,3.692143389766));
#1176 = LINE('',#1177,#1178);
#1177 = CARTESIAN_POINT('',(4.37499975,1.649167227259,3.692143389766));
#1178 = VECTOR('',#1179,1.);
#1179 = DIRECTION('',(1.,-1.224646799147E-16,0.));
#1180 = ORIENTED_EDGE('',*,*,#1181,.T.);
#1181 = EDGE_CURVE('',#1174,#1156,#1182,.T.);
#1182 = LINE('',#1183,#1184);
#1183 = CARTESIAN_POINT('',(4.37499975,1.649167227259,3.692143389766));
#1184 = VECTOR('',#1185,1.);
#1185 = DIRECTION('',(-1.499759782662E-32,-1.224646799147E-16,1.));
#1186 = FACE_BOUND('',#1187,.T.);
#1187 = EDGE_LOOP('',(#1188,#1198,#1206,#1214));
#1188 = ORIENTED_EDGE('',*,*,#1189,.T.);
#1189 = EDGE_CURVE('',#1190,#1192,#1194,.T.);
#1190 = VERTEX_POINT('',#1191);
#1191 = CARTESIAN_POINT('',(7.37499975,1.649167227259,4.944428887914));
#1192 = VERTEX_POINT('',#1193);
#1193 = CARTESIAN_POINT('',(7.62499975,1.649167227259,4.944428887914));
#1194 = LINE('',#1195,#1196);
#1195 = CARTESIAN_POINT('',(7.37499975,1.649167227259,4.944428887914));
#1196 = VECTOR('',#1197,1.);
#1197 = DIRECTION('',(1.,-1.224646799147E-16,0.));
#1198 = ORIENTED_EDGE('',*,*,#1199,.F.);
#1199 = EDGE_CURVE('',#1200,#1192,#1202,.T.);
#1200 = VERTEX_POINT('',#1201);
#1201 = CARTESIAN_POINT('',(7.62499975,1.649167227259,3.692143389766));
#1202 = LINE('',#1203,#1204);
#1203 = CARTESIAN_POINT('',(7.62499975,1.649167227259,3.692143389766));
#1204 = VECTOR('',#1205,1.);
#1205 = DIRECTION('',(-1.499759782662E-32,-1.224646799147E-16,1.));
#1206 = ORIENTED_EDGE('',*,*,#1207,.F.);
#1207 = EDGE_CURVE('',#1208,#1200,#1210,.T.);
#1208 = VERTEX_POINT('',#1209);
#1209 = CARTESIAN_POINT('',(7.37499975,1.649167227259,3.692143389766));
#1210 = LINE('',#1211,#1212);
#1211 = CARTESIAN_POINT('',(7.37499975,1.649167227259,3.692143389766));
#1212 = VECTOR('',#1213,1.);
#1213 = DIRECTION('',(1.,-1.224646799147E-16,0.));
#1214 = ORIENTED_EDGE('',*,*,#1215,.T.);
#1215 = EDGE_CURVE('',#1208,#1190,#1216,.T.);
#1216 = LINE('',#1217,#1218);
#1217 = CARTESIAN_POINT('',(7.37499975,1.649167227259,3.692143389766));
#1218 = VECTOR('',#1219,1.);
#1219 = DIRECTION('',(-1.499759782662E-32,-1.224646799147E-16,1.));
#1220 = FACE_BOUND('',#1221,.T.);
#1221 = EDGE_LOOP('',(#1222,#1232,#1240,#1248));
#1222 = ORIENTED_EDGE('',*,*,#1223,.T.);
#1223 = EDGE_CURVE('',#1224,#1226,#1228,.T.);
#1224 = VERTEX_POINT('',#1225);
#1225 = CARTESIAN_POINT('',(10.37499975,1.649167227259,4.944428887914));
#1226 = VERTEX_POINT('',#1227);
#1227 = CARTESIAN_POINT('',(10.62499975,1.649167227259,4.944428887914));
#1228 = LINE('',#1229,#1230);
#1229 = CARTESIAN_POINT('',(10.37499975,1.649167227259,4.944428887914));
#1230 = VECTOR('',#1231,1.);
#1231 = DIRECTION('',(1.,-1.224646799147E-16,0.));
#1232 = ORIENTED_EDGE('',*,*,#1233,.F.);
#1233 = EDGE_CURVE('',#1234,#1226,#1236,.T.);
#1234 = VERTEX_POINT('',#1235);
#1235 = CARTESIAN_POINT('',(10.62499975,1.649167227259,3.692143389766));
#1236 = LINE('',#1237,#1238);
#1237 = CARTESIAN_POINT('',(10.62499975,1.649167227259,3.692143389766));
#1238 = VECTOR('',#1239,1.);
#1239 = DIRECTION('',(-1.499759782662E-32,-1.224646799147E-16,1.));
#1240 = ORIENTED_EDGE('',*,*,#1241,.F.);
#1241 = EDGE_CURVE('',#1242,#1234,#1244,.T.);
#1242 = VERTEX_POINT('',#1243);
#1243 = CARTESIAN_POINT('',(10.37499975,1.649167227259,3.692143389766));
#1244 = LINE('',#1245,#1246);
#1245 = CARTESIAN_POINT('',(10.37499975,1.649167227259,3.692143389766));
#1246 = VECTOR('',#1247,1.);
#1247 = DIRECTION('',(1.,-1.224646799147E-16,0.));
#1248 = ORIENTED_EDGE('',*,*,#1249,.T.);
#1249 = EDGE_CURVE('',#1242,#1224,#1250,.T.);
#1250 = LINE('',#1251,#1252);
#1251 = CARTESIAN_POINT('',(10.37499975,1.649167227259,3.692143389766));
#1252 = VECTOR('',#1253,1.);
#1253 = DIRECTION('',(-1.499759782662E-32,-1.224646799147E-16,1.));
#1254 = PLANE('',#1255);
#1255 = AXIS2_PLACEMENT_3D('',#1256,#1257,#1258);
#1256 = CARTESIAN_POINT('',(1.99999975,1.649167227259,2.721217693382));
#1257 = DIRECTION('',(1.224646799147E-16,1.,1.224646799147E-16));
#1258 = DIRECTION('',(-1.,1.224646799147E-16,0.));
#1259 = ADVANCED_FACE('',(#1260),#1333,.F.);
#1260 = FACE_BOUND('',#1261,.T.);
#1261 = EDGE_LOOP('',(#1262,#1270,#1278,#1286,#1294,#1302,#1310,#1318,
    #1326,#1332));
#1262 = ORIENTED_EDGE('',*,*,#1263,.T.);
#1263 = EDGE_CURVE('',#986,#1264,#1266,.T.);
#1264 = VERTEX_POINT('',#1265);
#1265 = CARTESIAN_POINT('',(-0.60000025,1.949167227259,5.521217693382));
#1266 = LINE('',#1267,#1268);
#1267 = CARTESIAN_POINT('',(-0.60000025,1.649167227259,5.221217693382));
#1268 = VECTOR('',#1269,1.);
#1269 = DIRECTION('',(8.659560562355E-17,0.707106781187,0.707106781187)
  );
#1270 = ORIENTED_EDGE('',*,*,#1271,.T.);
#1271 = EDGE_CURVE('',#1264,#1272,#1274,.T.);
#1272 = VERTEX_POINT('',#1273);
#1273 = CARTESIAN_POINT('',(-0.60000025,2.499167227259,5.521217693382));
#1274 = LINE('',#1275,#1276);
#1275 = CARTESIAN_POINT('',(-0.60000025,1.949167227259,5.521217693382));
#1276 = VECTOR('',#1277,1.);
#1277 = DIRECTION('',(1.224646799147E-16,1.,1.224646799147E-16));
#1278 = ORIENTED_EDGE('',*,*,#1279,.T.);
#1279 = EDGE_CURVE('',#1272,#1280,#1282,.T.);
#1280 = VERTEX_POINT('',#1281);
#1281 = CARTESIAN_POINT('',(-0.60000025,2.699167227259,5.171217693382));
#1282 = LINE('',#1283,#1284);
#1283 = CARTESIAN_POINT('',(-0.60000025,2.499167227259,5.521217693382));
#1284 = VECTOR('',#1285,1.);
#1285 = DIRECTION('',(6.07594962791E-17,0.496138938357,-0.868243142124)
  );
#1286 = ORIENTED_EDGE('',*,*,#1287,.T.);
#1287 = EDGE_CURVE('',#1280,#1288,#1290,.T.);
#1288 = VERTEX_POINT('',#1289);
#1289 = CARTESIAN_POINT('',(-0.60000025,2.699167227259,1.721217693382));
#1290 = LINE('',#1291,#1292);
#1291 = CARTESIAN_POINT('',(-0.60000025,2.699167227259,5.171217693382));
#1292 = VECTOR('',#1293,1.);
#1293 = DIRECTION('',(1.499759782662E-32,1.224646799147E-16,-1.));
#1294 = ORIENTED_EDGE('',*,*,#1295,.F.);
#1295 = EDGE_CURVE('',#1296,#1288,#1298,.T.);
#1296 = VERTEX_POINT('',#1297);
#1297 = CARTESIAN_POINT('',(-0.60000025,0.289167227259,1.721217693382));
#1298 = LINE('',#1299,#1300);
#1299 = CARTESIAN_POINT('',(-0.60000025,0.289167227259,1.721217693382));
#1300 = VECTOR('',#1301,1.);
#1301 = DIRECTION('',(1.224646799147E-16,1.,1.224646799147E-16));
#1302 = ORIENTED_EDGE('',*,*,#1303,.F.);
#1303 = EDGE_CURVE('',#1304,#1296,#1306,.T.);
#1304 = VERTEX_POINT('',#1305);
#1305 = CARTESIAN_POINT('',(-0.60000025,0.289167227259,2.651217693382));
#1306 = LINE('',#1307,#1308);
#1307 = CARTESIAN_POINT('',(-0.60000025,0.289167227259,2.651217693382));
#1308 = VECTOR('',#1309,1.);
#1309 = DIRECTION('',(1.499759782662E-32,1.224646799147E-16,-1.));
#1310 = ORIENTED_EDGE('',*,*,#1311,.T.);
#1311 = EDGE_CURVE('',#1304,#1312,#1314,.T.);
#1312 = VERTEX_POINT('',#1313);
#1313 = CARTESIAN_POINT('',(-0.60000025,0.489167227259,2.471217693382));
#1314 = LINE('',#1315,#1316);
#1315 = CARTESIAN_POINT('',(-0.60000025,0.289167227259,2.651217693382));
#1316 = VECTOR('',#1317,1.);
#1317 = DIRECTION('',(9.102727970266E-17,0.743294146247,-0.668964731622)
  );
#1318 = ORIENTED_EDGE('',*,*,#1319,.T.);
#1319 = EDGE_CURVE('',#1312,#1320,#1322,.T.);
#1320 = VERTEX_POINT('',#1321);
#1321 = CARTESIAN_POINT('',(-0.60000025,1.499167227259,2.471217693382));
#1322 = LINE('',#1323,#1324);
#1323 = CARTESIAN_POINT('',(-0.60000025,0.489167227259,2.471217693382));
#1324 = VECTOR('',#1325,1.);
#1325 = DIRECTION('',(1.224646799147E-16,1.,1.224646799147E-16));
#1326 = ORIENTED_EDGE('',*,*,#1327,.T.);
#1327 = EDGE_CURVE('',#1320,#970,#1328,.T.);
#1328 = LINE('',#1329,#1330);
#1329 = CARTESIAN_POINT('',(-0.60000025,1.499167227259,2.471217693382));
#1330 = VECTOR('',#1331,1.);
#1331 = DIRECTION('',(6.300755800592E-17,0.514495755428,0.857492925713)
  );
#1332 = ORIENTED_EDGE('',*,*,#993,.T.);
#1333 = PLANE('',#1334);
#1334 = AXIS2_PLACEMENT_3D('',#1335,#1336,#1337);
#1335 = CARTESIAN_POINT('',(-0.60000025,0.289167227259,5.521217693382));
#1336 = DIRECTION('',(1.,-1.224646799147E-16,0.));
#1337 = DIRECTION('',(1.499759782662E-32,1.224646799147E-16,-1.));
#1338 = ADVANCED_FACE('',(#1339),#1357,.F.);
#1339 = FACE_BOUND('',#1340,.T.);
#1340 = EDGE_LOOP('',(#1341,#1342,#1350,#1356));
#1341 = ORIENTED_EDGE('',*,*,#1327,.F.);
#1342 = ORIENTED_EDGE('',*,*,#1343,.F.);
#1343 = EDGE_CURVE('',#1344,#1320,#1346,.T.);
#1344 = VERTEX_POINT('',#1345);
#1345 = CARTESIAN_POINT('',(11.09999975,1.499167227259,2.471217693382));
#1346 = LINE('',#1347,#1348);
#1347 = CARTESIAN_POINT('',(11.09999975,1.499167227259,2.471217693382));
#1348 = VECTOR('',#1349,1.);
#1349 = DIRECTION('',(-1.,1.224646799147E-16,0.));
#1350 = ORIENTED_EDGE('',*,*,#1351,.T.);
#1351 = EDGE_CURVE('',#1344,#968,#1352,.T.);
#1352 = LINE('',#1353,#1354);
#1353 = CARTESIAN_POINT('',(11.09999975,1.499167227259,2.471217693382));
#1354 = VECTOR('',#1355,1.);
#1355 = DIRECTION('',(6.300755800592E-17,0.514495755428,0.857492925713)
  );
#1356 = ORIENTED_EDGE('',*,*,#967,.T.);
#1357 = PLANE('',#1358);
#1358 = AXIS2_PLACEMENT_3D('',#1359,#1360,#1361);
#1359 = CARTESIAN_POINT('',(1.99999975,1.499167227259,2.471217693382));
#1360 = DIRECTION('',(1.050125966765E-16,0.857492925713,-0.514495755428)
  );
#1361 = DIRECTION('',(-1.,1.224646799147E-16,0.));
#1362 = ADVANCED_FACE('',(#1363),#1429,.F.);
#1363 = FACE_BOUND('',#1364,.T.);
#1364 = EDGE_LOOP('',(#1365,#1366,#1374,#1382,#1390,#1398,#1406,#1414,
    #1422,#1428));
#1365 = ORIENTED_EDGE('',*,*,#1351,.F.);
#1366 = ORIENTED_EDGE('',*,*,#1367,.F.);
#1367 = EDGE_CURVE('',#1368,#1344,#1370,.T.);
#1368 = VERTEX_POINT('',#1369);
#1369 = CARTESIAN_POINT('',(11.09999975,0.489167227259,2.471217693382));
#1370 = LINE('',#1371,#1372);
#1371 = CARTESIAN_POINT('',(11.09999975,0.489167227259,2.471217693382));
#1372 = VECTOR('',#1373,1.);
#1373 = DIRECTION('',(1.224646799147E-16,1.,1.224646799147E-16));
#1374 = ORIENTED_EDGE('',*,*,#1375,.F.);
#1375 = EDGE_CURVE('',#1376,#1368,#1378,.T.);
#1376 = VERTEX_POINT('',#1377);
#1377 = CARTESIAN_POINT('',(11.09999975,0.289167227259,2.651217693382));
#1378 = LINE('',#1379,#1380);
#1379 = CARTESIAN_POINT('',(11.09999975,0.289167227259,2.651217693382));
#1380 = VECTOR('',#1381,1.);
#1381 = DIRECTION('',(9.102727970266E-17,0.743294146247,-0.668964731622)
  );
#1382 = ORIENTED_EDGE('',*,*,#1383,.T.);
#1383 = EDGE_CURVE('',#1376,#1384,#1386,.T.);
#1384 = VERTEX_POINT('',#1385);
#1385 = CARTESIAN_POINT('',(11.09999975,0.289167227259,1.721217693382));
#1386 = LINE('',#1387,#1388);
#1387 = CARTESIAN_POINT('',(11.09999975,0.289167227259,2.651217693382));
#1388 = VECTOR('',#1389,1.);
#1389 = DIRECTION('',(1.499759782662E-32,1.224646799147E-16,-1.));
#1390 = ORIENTED_EDGE('',*,*,#1391,.F.);
#1391 = EDGE_CURVE('',#1392,#1384,#1394,.T.);
#1392 = VERTEX_POINT('',#1393);
#1393 = CARTESIAN_POINT('',(11.09999975,2.699167227259,1.721217693382));
#1394 = LINE('',#1395,#1396);
#1395 = CARTESIAN_POINT('',(11.09999975,2.699167227259,1.721217693382));
#1396 = VECTOR('',#1397,1.);
#1397 = DIRECTION('',(-1.224646799147E-16,-1.,-1.224646799147E-16));
#1398 = ORIENTED_EDGE('',*,*,#1399,.F.);
#1399 = EDGE_CURVE('',#1400,#1392,#1402,.T.);
#1400 = VERTEX_POINT('',#1401);
#1401 = CARTESIAN_POINT('',(11.09999975,2.699167227259,5.171217693382));
#1402 = LINE('',#1403,#1404);
#1403 = CARTESIAN_POINT('',(11.09999975,2.699167227259,5.171217693382));
#1404 = VECTOR('',#1405,1.);
#1405 = DIRECTION('',(1.499759782662E-32,1.224646799147E-16,-1.));
#1406 = ORIENTED_EDGE('',*,*,#1407,.F.);
#1407 = EDGE_CURVE('',#1408,#1400,#1410,.T.);
#1408 = VERTEX_POINT('',#1409);
#1409 = CARTESIAN_POINT('',(11.09999975,2.499167227259,5.521217693382));
#1410 = LINE('',#1411,#1412);
#1411 = CARTESIAN_POINT('',(11.09999975,2.499167227259,5.521217693382));
#1412 = VECTOR('',#1413,1.);
#1413 = DIRECTION('',(6.07594962791E-17,0.496138938357,-0.868243142124)
  );
#1414 = ORIENTED_EDGE('',*,*,#1415,.F.);
#1415 = EDGE_CURVE('',#1416,#1408,#1418,.T.);
#1416 = VERTEX_POINT('',#1417);
#1417 = CARTESIAN_POINT('',(11.09999975,1.949167227259,5.521217693382));
#1418 = LINE('',#1419,#1420);
#1419 = CARTESIAN_POINT('',(11.09999975,1.949167227259,5.521217693382));
#1420 = VECTOR('',#1421,1.);
#1421 = DIRECTION('',(1.224646799147E-16,1.,1.224646799147E-16));
#1422 = ORIENTED_EDGE('',*,*,#1423,.F.);
#1423 = EDGE_CURVE('',#978,#1416,#1424,.T.);
#1424 = LINE('',#1425,#1426);
#1425 = CARTESIAN_POINT('',(11.09999975,1.649167227259,5.221217693382));
#1426 = VECTOR('',#1427,1.);
#1427 = DIRECTION('',(8.659560562355E-17,0.707106781187,0.707106781187)
  );
#1428 = ORIENTED_EDGE('',*,*,#977,.F.);
#1429 = PLANE('',#1430);
#1430 = AXIS2_PLACEMENT_3D('',#1431,#1432,#1433);
#1431 = CARTESIAN_POINT('',(11.09999975,2.699167227259,5.521217693382));
#1432 = DIRECTION('',(-1.,1.224646799147E-16,0.));
#1433 = DIRECTION('',(1.224646799147E-16,1.,1.224646799147E-16));
#1434 = ADVANCED_FACE('',(#1435),#1446,.F.);
#1435 = FACE_BOUND('',#1436,.T.);
#1436 = EDGE_LOOP('',(#1437,#1438,#1439,#1445));
#1437 = ORIENTED_EDGE('',*,*,#985,.F.);
#1438 = ORIENTED_EDGE('',*,*,#1423,.T.);
#1439 = ORIENTED_EDGE('',*,*,#1440,.T.);
#1440 = EDGE_CURVE('',#1416,#1264,#1441,.T.);
#1441 = LINE('',#1442,#1443);
#1442 = CARTESIAN_POINT('',(11.09999975,1.949167227259,5.521217693382));
#1443 = VECTOR('',#1444,1.);
#1444 = DIRECTION('',(-1.,1.224646799147E-16,0.));
#1445 = ORIENTED_EDGE('',*,*,#1263,.F.);
#1446 = PLANE('',#1447);
#1447 = AXIS2_PLACEMENT_3D('',#1448,#1449,#1450);
#1448 = CARTESIAN_POINT('',(1.99999975,1.649167227259,5.221217693382));
#1449 = DIRECTION('',(8.659560562355E-17,0.707106781187,-0.707106781187)
  );
#1450 = DIRECTION('',(-1.,1.224646799147E-16,0.));
#1451 = ADVANCED_FACE('',(#1452),#1463,.F.);
#1452 = FACE_BOUND('',#1453,.T.);
#1453 = EDGE_LOOP('',(#1454,#1455,#1456,#1462));
#1454 = ORIENTED_EDGE('',*,*,#1440,.F.);
#1455 = ORIENTED_EDGE('',*,*,#1415,.T.);
#1456 = ORIENTED_EDGE('',*,*,#1457,.T.);
#1457 = EDGE_CURVE('',#1408,#1272,#1458,.T.);
#1458 = LINE('',#1459,#1460);
#1459 = CARTESIAN_POINT('',(11.09999975,2.499167227259,5.521217693382));
#1460 = VECTOR('',#1461,1.);
#1461 = DIRECTION('',(-1.,1.224646799147E-16,0.));
#1462 = ORIENTED_EDGE('',*,*,#1271,.F.);
#1463 = PLANE('',#1464);
#1464 = AXIS2_PLACEMENT_3D('',#1465,#1466,#1467);
#1465 = CARTESIAN_POINT('',(1.99999975,1.949167227259,5.521217693382));
#1466 = DIRECTION('',(1.499759782662E-32,1.224646799147E-16,-1.));
#1467 = DIRECTION('',(-1.,1.224646799147E-16,0.));
#1468 = ADVANCED_FACE('',(#1469),#1480,.F.);
#1469 = FACE_BOUND('',#1470,.T.);
#1470 = EDGE_LOOP('',(#1471,#1472,#1473,#1479));
#1471 = ORIENTED_EDGE('',*,*,#1457,.F.);
#1472 = ORIENTED_EDGE('',*,*,#1407,.T.);
#1473 = ORIENTED_EDGE('',*,*,#1474,.T.);
#1474 = EDGE_CURVE('',#1400,#1280,#1475,.T.);
#1475 = LINE('',#1476,#1477);
#1476 = CARTESIAN_POINT('',(11.09999975,2.699167227259,5.171217693382));
#1477 = VECTOR('',#1478,1.);
#1478 = DIRECTION('',(-1.,1.224646799147E-16,0.));
#1479 = ORIENTED_EDGE('',*,*,#1279,.F.);
#1480 = PLANE('',#1481);
#1481 = AXIS2_PLACEMENT_3D('',#1482,#1483,#1484);
#1482 = CARTESIAN_POINT('',(1.99999975,2.499167227259,5.521217693382));
#1483 = DIRECTION('',(-1.063291184884E-16,-0.868243142124,
    -0.496138938357));
#1484 = DIRECTION('',(1.,-1.224646799147E-16,0.));
#1485 = ADVANCED_FACE('',(#1486),#1497,.F.);
#1486 = FACE_BOUND('',#1487,.T.);
#1487 = EDGE_LOOP('',(#1488,#1489,#1490,#1496));
#1488 = ORIENTED_EDGE('',*,*,#1474,.F.);
#1489 = ORIENTED_EDGE('',*,*,#1399,.T.);
#1490 = ORIENTED_EDGE('',*,*,#1491,.T.);
#1491 = EDGE_CURVE('',#1392,#1288,#1492,.T.);
#1492 = LINE('',#1493,#1494);
#1493 = CARTESIAN_POINT('',(11.09999975,2.699167227259,1.721217693382));
#1494 = VECTOR('',#1495,1.);
#1495 = DIRECTION('',(-1.,1.224646799147E-16,0.));
#1496 = ORIENTED_EDGE('',*,*,#1287,.F.);
#1497 = PLANE('',#1498);
#1498 = AXIS2_PLACEMENT_3D('',#1499,#1500,#1501);
#1499 = CARTESIAN_POINT('',(1.99999975,2.699167227259,5.171217693382));
#1500 = DIRECTION('',(-1.224646799147E-16,-1.,-1.224646799147E-16));
#1501 = DIRECTION('',(-1.499759782662E-32,-1.224646799147E-16,1.));
#1502 = ADVANCED_FACE('',(#1503),#1674,.F.);
#1503 = FACE_BOUND('',#1504,.T.);
#1504 = EDGE_LOOP('',(#1505,#1515,#1523,#1531,#1539,#1547,#1555,#1563,
    #1571,#1579,#1587,#1595,#1603,#1611,#1619,#1627,#1633,#1634,#1635,
    #1636,#1644,#1652,#1660,#1668));
#1505 = ORIENTED_EDGE('',*,*,#1506,.F.);
#1506 = EDGE_CURVE('',#1507,#1509,#1511,.T.);
#1507 = VERTEX_POINT('',#1508);
#1508 = CARTESIAN_POINT('',(11.94999975,4.889167227259,1.721217693382));
#1509 = VERTEX_POINT('',#1510);
#1510 = CARTESIAN_POINT('',(11.94999975,1.949167227259,1.721217693382));
#1511 = LINE('',#1512,#1513);
#1512 = CARTESIAN_POINT('',(11.94999975,4.889167227259,1.721217693382));
#1513 = VECTOR('',#1514,1.);
#1514 = DIRECTION('',(-1.224646799147E-16,-1.,-1.224646799147E-16));
#1515 = ORIENTED_EDGE('',*,*,#1516,.F.);
#1516 = EDGE_CURVE('',#1517,#1507,#1519,.T.);
#1517 = VERTEX_POINT('',#1518);
#1518 = CARTESIAN_POINT('',(10.49999975,4.889167227259,1.721217693382));
#1519 = LINE('',#1520,#1521);
#1520 = CARTESIAN_POINT('',(10.49999975,4.889167227259,1.721217693382));
#1521 = VECTOR('',#1522,1.);
#1522 = DIRECTION('',(1.,-1.224646799147E-16,0.));
#1523 = ORIENTED_EDGE('',*,*,#1524,.T.);
#1524 = EDGE_CURVE('',#1517,#1525,#1527,.T.);
#1525 = VERTEX_POINT('',#1526);
#1526 = CARTESIAN_POINT('',(10.49999975,3.889167227259,1.721217693382));
#1527 = LINE('',#1528,#1529);
#1528 = CARTESIAN_POINT('',(10.49999975,4.889167227259,1.721217693382));
#1529 = VECTOR('',#1530,1.);
#1530 = DIRECTION('',(-1.224646799147E-16,-1.,-1.224646799147E-16));
#1531 = ORIENTED_EDGE('',*,*,#1532,.F.);
#1532 = EDGE_CURVE('',#1533,#1525,#1535,.T.);
#1533 = VERTEX_POINT('',#1534);
#1534 = CARTESIAN_POINT('',(9.74999975,3.889167227259,1.721217693382));
#1535 = LINE('',#1536,#1537);
#1536 = CARTESIAN_POINT('',(9.74999975,3.889167227259,1.721217693382));
#1537 = VECTOR('',#1538,1.);
#1538 = DIRECTION('',(1.,-1.224646799147E-16,0.));
#1539 = ORIENTED_EDGE('',*,*,#1540,.F.);
#1540 = EDGE_CURVE('',#1541,#1533,#1543,.T.);
#1541 = VERTEX_POINT('',#1542);
#1542 = CARTESIAN_POINT('',(9.74999975,4.889167227259,1.721217693382));
#1543 = LINE('',#1544,#1545);
#1544 = CARTESIAN_POINT('',(9.74999975,4.889167227259,1.721217693382));
#1545 = VECTOR('',#1546,1.);
#1546 = DIRECTION('',(-1.224646799147E-16,-1.,-1.224646799147E-16));
#1547 = ORIENTED_EDGE('',*,*,#1548,.F.);
#1548 = EDGE_CURVE('',#1549,#1541,#1551,.T.);
#1549 = VERTEX_POINT('',#1550);
#1550 = CARTESIAN_POINT('',(0.74999975,4.889167227259,1.721217693382));
#1551 = LINE('',#1552,#1553);
#1552 = CARTESIAN_POINT('',(0.74999975,4.889167227259,1.721217693382));
#1553 = VECTOR('',#1554,1.);
#1554 = DIRECTION('',(1.,-1.224646799147E-16,0.));
#1555 = ORIENTED_EDGE('',*,*,#1556,.T.);
#1556 = EDGE_CURVE('',#1549,#1557,#1559,.T.);
#1557 = VERTEX_POINT('',#1558);
#1558 = CARTESIAN_POINT('',(0.74999975,3.889167227259,1.721217693382));
#1559 = LINE('',#1560,#1561);
#1560 = CARTESIAN_POINT('',(0.74999975,4.889167227259,1.721217693382));
#1561 = VECTOR('',#1562,1.);
#1562 = DIRECTION('',(-1.224646799147E-16,-1.,-1.224646799147E-16));
#1563 = ORIENTED_EDGE('',*,*,#1564,.F.);
#1564 = EDGE_CURVE('',#1565,#1557,#1567,.T.);
#1565 = VERTEX_POINT('',#1566);
#1566 = CARTESIAN_POINT('',(-2.50000010027E-07,3.889167227259,
    1.721217693382));
#1567 = LINE('',#1568,#1569);
#1568 = CARTESIAN_POINT('',(-2.50000010027E-07,3.889167227259,
    1.721217693382));
#1569 = VECTOR('',#1570,1.);
#1570 = DIRECTION('',(1.,-1.224646799147E-16,0.));
#1571 = ORIENTED_EDGE('',*,*,#1572,.F.);
#1572 = EDGE_CURVE('',#1573,#1565,#1575,.T.);
#1573 = VERTEX_POINT('',#1574);
#1574 = CARTESIAN_POINT('',(-2.50000010027E-07,4.889167227259,
    1.721217693382));
#1575 = LINE('',#1576,#1577);
#1576 = CARTESIAN_POINT('',(-2.50000010027E-07,4.889167227259,
    1.721217693382));
#1577 = VECTOR('',#1578,1.);
#1578 = DIRECTION('',(-1.224646799147E-16,-1.,-1.224646799147E-16));
#1579 = ORIENTED_EDGE('',*,*,#1580,.F.);
#1580 = EDGE_CURVE('',#1581,#1573,#1583,.T.);
#1581 = VERTEX_POINT('',#1582);
#1582 = CARTESIAN_POINT('',(-1.45000025,4.889167227259,1.721217693382));
#1583 = LINE('',#1584,#1585);
#1584 = CARTESIAN_POINT('',(-1.45000025,4.889167227259,1.721217693382));
#1585 = VECTOR('',#1586,1.);
#1586 = DIRECTION('',(1.,-1.224646799147E-16,0.));
#1587 = ORIENTED_EDGE('',*,*,#1588,.F.);
#1588 = EDGE_CURVE('',#1589,#1581,#1591,.T.);
#1589 = VERTEX_POINT('',#1590);
#1590 = CARTESIAN_POINT('',(-1.45000025,1.949167227259,1.721217693382));
#1591 = LINE('',#1592,#1593);
#1592 = CARTESIAN_POINT('',(-1.45000025,1.949167227259,1.721217693382));
#1593 = VECTOR('',#1594,1.);
#1594 = DIRECTION('',(1.224646799147E-16,1.,1.224646799147E-16));
#1595 = ORIENTED_EDGE('',*,*,#1596,.T.);
#1596 = EDGE_CURVE('',#1589,#1597,#1599,.T.);
#1597 = VERTEX_POINT('',#1598);
#1598 = CARTESIAN_POINT('',(-1.39000025,1.949167227259,1.721217693382));
#1599 = LINE('',#1600,#1601);
#1600 = CARTESIAN_POINT('',(-1.45000025,1.949167227259,1.721217693382));
#1601 = VECTOR('',#1602,1.);
#1602 = DIRECTION('',(1.,-1.224646799147E-16,0.));
#1603 = ORIENTED_EDGE('',*,*,#1604,.F.);
#1604 = EDGE_CURVE('',#1605,#1597,#1607,.T.);
#1605 = VERTEX_POINT('',#1606);
#1606 = CARTESIAN_POINT('',(-1.39000025,1.649167227259,1.721217693382));
#1607 = LINE('',#1608,#1609);
#1608 = CARTESIAN_POINT('',(-1.39000025,1.649167227259,1.721217693382));
#1609 = VECTOR('',#1610,1.);
#1610 = DIRECTION('',(1.224646799147E-16,1.,1.224646799147E-16));
#1611 = ORIENTED_EDGE('',*,*,#1612,.F.);
#1612 = EDGE_CURVE('',#1613,#1605,#1615,.T.);
#1613 = VERTEX_POINT('',#1614);
#1614 = CARTESIAN_POINT('',(-1.45000025,1.649167227259,1.721217693382));
#1615 = LINE('',#1616,#1617);
#1616 = CARTESIAN_POINT('',(-1.45000025,1.649167227259,1.721217693382));
#1617 = VECTOR('',#1618,1.);
#1618 = DIRECTION('',(1.,-1.224646799147E-16,0.));
#1619 = ORIENTED_EDGE('',*,*,#1620,.F.);
#1620 = EDGE_CURVE('',#1621,#1613,#1623,.T.);
#1621 = VERTEX_POINT('',#1622);
#1622 = CARTESIAN_POINT('',(-1.45000025,0.289167227259,1.721217693382));
#1623 = LINE('',#1624,#1625);
#1624 = CARTESIAN_POINT('',(-1.45000025,0.289167227259,1.721217693382));
#1625 = VECTOR('',#1626,1.);
#1626 = DIRECTION('',(1.224646799147E-16,1.,1.224646799147E-16));
#1627 = ORIENTED_EDGE('',*,*,#1628,.T.);
#1628 = EDGE_CURVE('',#1621,#1296,#1629,.T.);
#1629 = LINE('',#1630,#1631);
#1630 = CARTESIAN_POINT('',(-1.45000025,0.289167227259,1.721217693382));
#1631 = VECTOR('',#1632,1.);
#1632 = DIRECTION('',(1.,-1.224646799147E-16,0.));
#1633 = ORIENTED_EDGE('',*,*,#1295,.T.);
#1634 = ORIENTED_EDGE('',*,*,#1491,.F.);
#1635 = ORIENTED_EDGE('',*,*,#1391,.T.);
#1636 = ORIENTED_EDGE('',*,*,#1637,.T.);
#1637 = EDGE_CURVE('',#1384,#1638,#1640,.T.);
#1638 = VERTEX_POINT('',#1639);
#1639 = CARTESIAN_POINT('',(11.94999975,0.289167227259,1.721217693382));
#1640 = LINE('',#1641,#1642);
#1641 = CARTESIAN_POINT('',(11.09999975,0.289167227259,1.721217693382));
#1642 = VECTOR('',#1643,1.);
#1643 = DIRECTION('',(1.,-1.224646799147E-16,0.));
#1644 = ORIENTED_EDGE('',*,*,#1645,.F.);
#1645 = EDGE_CURVE('',#1646,#1638,#1648,.T.);
#1646 = VERTEX_POINT('',#1647);
#1647 = CARTESIAN_POINT('',(11.94999975,1.649167227259,1.721217693382));
#1648 = LINE('',#1649,#1650);
#1649 = CARTESIAN_POINT('',(11.94999975,1.649167227259,1.721217693382));
#1650 = VECTOR('',#1651,1.);
#1651 = DIRECTION('',(-1.224646799147E-16,-1.,-1.224646799147E-16));
#1652 = ORIENTED_EDGE('',*,*,#1653,.T.);
#1653 = EDGE_CURVE('',#1646,#1654,#1656,.T.);
#1654 = VERTEX_POINT('',#1655);
#1655 = CARTESIAN_POINT('',(11.88999975,1.649167227259,1.721217693382));
#1656 = LINE('',#1657,#1658);
#1657 = CARTESIAN_POINT('',(11.94999975,1.649167227259,1.721217693382));
#1658 = VECTOR('',#1659,1.);
#1659 = DIRECTION('',(-1.,1.224646799147E-16,0.));
#1660 = ORIENTED_EDGE('',*,*,#1661,.F.);
#1661 = EDGE_CURVE('',#1662,#1654,#1664,.T.);
#1662 = VERTEX_POINT('',#1663);
#1663 = CARTESIAN_POINT('',(11.88999975,1.949167227259,1.721217693382));
#1664 = LINE('',#1665,#1666);
#1665 = CARTESIAN_POINT('',(11.88999975,1.949167227259,1.721217693382));
#1666 = VECTOR('',#1667,1.);
#1667 = DIRECTION('',(-1.224646799147E-16,-1.,-1.224646799147E-16));
#1668 = ORIENTED_EDGE('',*,*,#1669,.F.);
#1669 = EDGE_CURVE('',#1509,#1662,#1670,.T.);
#1670 = LINE('',#1671,#1672);
#1671 = CARTESIAN_POINT('',(11.94999975,1.949167227259,1.721217693382));
#1672 = VECTOR('',#1673,1.);
#1673 = DIRECTION('',(-1.,1.224646799147E-16,0.));
#1674 = PLANE('',#1675);
#1675 = AXIS2_PLACEMENT_3D('',#1676,#1677,#1678);
#1676 = CARTESIAN_POINT('',(1.99999975,2.699167227259,1.721217693382));
#1677 = DIRECTION('',(1.499759782662E-32,1.224646799147E-16,-1.));
#1678 = DIRECTION('',(-1.,1.224646799147E-16,0.));
#1679 = ADVANCED_FACE('',(#1680),#1713,.T.);
#1680 = FACE_BOUND('',#1681,.T.);
#1681 = EDGE_LOOP('',(#1682,#1690,#1698,#1706,#1712));
#1682 = ORIENTED_EDGE('',*,*,#1683,.F.);
#1683 = EDGE_CURVE('',#1684,#1662,#1686,.T.);
#1684 = VERTEX_POINT('',#1685);
#1685 = CARTESIAN_POINT('',(11.88999975,1.949167227259,7.121217693382));
#1686 = LINE('',#1687,#1688);
#1687 = CARTESIAN_POINT('',(11.88999975,1.949167227259,7.121217693382));
#1688 = VECTOR('',#1689,1.);
#1689 = DIRECTION('',(1.499759782662E-32,1.224646799147E-16,-1.));
#1690 = ORIENTED_EDGE('',*,*,#1691,.F.);
#1691 = EDGE_CURVE('',#1692,#1684,#1694,.T.);
#1692 = VERTEX_POINT('',#1693);
#1693 = CARTESIAN_POINT('',(11.94999975,1.949167227259,7.121217693382));
#1694 = LINE('',#1695,#1696);
#1695 = CARTESIAN_POINT('',(11.94999975,1.949167227259,7.121217693382));
#1696 = VECTOR('',#1697,1.);
#1697 = DIRECTION('',(-1.,1.224646799147E-16,0.));
#1698 = ORIENTED_EDGE('',*,*,#1699,.T.);
#1699 = EDGE_CURVE('',#1692,#1700,#1702,.T.);
#1700 = VERTEX_POINT('',#1701);
#1701 = CARTESIAN_POINT('',(11.94999975,1.949167227259,7.021217693382));
#1702 = LINE('',#1703,#1704);
#1703 = CARTESIAN_POINT('',(11.94999975,1.949167227259,7.121217693382));
#1704 = VECTOR('',#1705,1.);
#1705 = DIRECTION('',(1.499759782662E-32,1.224646799147E-16,-1.));
#1706 = ORIENTED_EDGE('',*,*,#1707,.F.);
#1707 = EDGE_CURVE('',#1509,#1700,#1708,.T.);
#1708 = LINE('',#1709,#1710);
#1709 = CARTESIAN_POINT('',(11.94999975,1.949167227259,1.721217693382));
#1710 = VECTOR('',#1711,1.);
#1711 = DIRECTION('',(-1.499759782662E-32,-1.224646799147E-16,1.));
#1712 = ORIENTED_EDGE('',*,*,#1669,.T.);
#1713 = PLANE('',#1714);
#1714 = AXIS2_PLACEMENT_3D('',#1715,#1716,#1717);
#1715 = CARTESIAN_POINT('',(11.94999975,1.949167227259,7.121217693382));
#1716 = DIRECTION('',(1.224646799147E-16,1.,1.224646799147E-16));
#1717 = DIRECTION('',(-1.,1.224646799147E-16,0.));
#1718 = ADVANCED_FACE('',(#1719),#1737,.F.);
#1719 = FACE_BOUND('',#1720,.T.);
#1720 = EDGE_LOOP('',(#1721,#1729,#1735,#1736));
#1721 = ORIENTED_EDGE('',*,*,#1722,.T.);
#1722 = EDGE_CURVE('',#1700,#1723,#1725,.T.);
#1723 = VERTEX_POINT('',#1724);
#1724 = CARTESIAN_POINT('',(11.94999975,4.889167227259,7.021217693382));
#1725 = LINE('',#1726,#1727);
#1726 = CARTESIAN_POINT('',(11.94999975,1.949167227259,7.021217693382));
#1727 = VECTOR('',#1728,1.);
#1728 = DIRECTION('',(1.224646799147E-16,1.,1.224646799147E-16));
#1729 = ORIENTED_EDGE('',*,*,#1730,.T.);
#1730 = EDGE_CURVE('',#1723,#1507,#1731,.T.);
#1731 = LINE('',#1732,#1733);
#1732 = CARTESIAN_POINT('',(11.94999975,4.889167227259,7.021217693382));
#1733 = VECTOR('',#1734,1.);
#1734 = DIRECTION('',(1.499759782662E-32,1.224646799147E-16,-1.));
#1735 = ORIENTED_EDGE('',*,*,#1506,.T.);
#1736 = ORIENTED_EDGE('',*,*,#1707,.T.);
#1737 = PLANE('',#1738);
#1738 = AXIS2_PLACEMENT_3D('',#1739,#1740,#1741);
#1739 = CARTESIAN_POINT('',(11.94999975,2.514167227259,4.741217693382));
#1740 = DIRECTION('',(1.,-1.224646799147E-16,0.));
#1741 = DIRECTION('',(1.499759782662E-32,1.224646799147E-16,-1.));
#1742 = ADVANCED_FACE('',(#1743),#1808,.F.);
#1743 = FACE_BOUND('',#1744,.T.);
#1744 = EDGE_LOOP('',(#1745,#1746,#1754,#1762,#1770,#1778,#1786,#1794,
    #1802));
#1745 = ORIENTED_EDGE('',*,*,#1645,.T.);
#1746 = ORIENTED_EDGE('',*,*,#1747,.F.);
#1747 = EDGE_CURVE('',#1748,#1638,#1750,.T.);
#1748 = VERTEX_POINT('',#1749);
#1749 = CARTESIAN_POINT('',(11.94999975,0.289167227259,7.721217693382));
#1750 = LINE('',#1751,#1752);
#1751 = CARTESIAN_POINT('',(11.94999975,0.289167227259,7.721217693382));
#1752 = VECTOR('',#1753,1.);
#1753 = DIRECTION('',(1.499759782662E-32,1.224646799147E-16,-1.));
#1754 = ORIENTED_EDGE('',*,*,#1755,.F.);
#1755 = EDGE_CURVE('',#1756,#1748,#1758,.T.);
#1756 = VERTEX_POINT('',#1757);
#1757 = CARTESIAN_POINT('',(11.94999975,0.189167227259,7.821217693382));
#1758 = LINE('',#1759,#1760);
#1759 = CARTESIAN_POINT('',(11.94999975,0.189167227259,7.821217693382));
#1760 = VECTOR('',#1761,1.);
#1761 = DIRECTION('',(-1.875451389859E-14,0.707106781187,-0.707106781186
    ));
#1762 = ORIENTED_EDGE('',*,*,#1763,.F.);
#1763 = EDGE_CURVE('',#1764,#1756,#1766,.T.);
#1764 = VERTEX_POINT('',#1765);
#1765 = CARTESIAN_POINT('',(11.94999975,0.837745871022,7.821217693382));
#1766 = LINE('',#1767,#1768);
#1767 = CARTESIAN_POINT('',(11.94999975,0.837745871022,7.821217693382));
#1768 = VECTOR('',#1769,1.);
#1769 = DIRECTION('',(-1.224646799147E-16,-1.,-1.224646799147E-16));
#1770 = ORIENTED_EDGE('',*,*,#1771,.F.);
#1771 = EDGE_CURVE('',#1772,#1764,#1774,.T.);
#1772 = VERTEX_POINT('',#1773);
#1773 = CARTESIAN_POINT('',(11.94999975,0.979167227259,7.679796337145));
#1774 = LINE('',#1775,#1776);
#1775 = CARTESIAN_POINT('',(11.94999975,0.979167227259,7.679796337145));
#1776 = VECTOR('',#1777,1.);
#1777 = DIRECTION('',(-8.659560562355E-17,-0.707106781187,0.707106781187
    ));
#1778 = ORIENTED_EDGE('',*,*,#1779,.F.);
#1779 = EDGE_CURVE('',#1780,#1772,#1782,.T.);
#1780 = VERTEX_POINT('',#1781);
#1781 = CARTESIAN_POINT('',(11.94999975,0.979167227259,7.279796337145));
#1782 = LINE('',#1783,#1784);
#1783 = CARTESIAN_POINT('',(11.94999975,0.979167227259,7.279796337145));
#1784 = VECTOR('',#1785,1.);
#1785 = DIRECTION('',(-1.499759782662E-32,-1.224646799147E-16,1.));
#1786 = ORIENTED_EDGE('',*,*,#1787,.F.);
#1787 = EDGE_CURVE('',#1788,#1780,#1790,.T.);
#1788 = VERTEX_POINT('',#1789);
#1789 = CARTESIAN_POINT('',(11.94999975,1.237745871022,7.021217693382));
#1790 = LINE('',#1791,#1792);
#1791 = CARTESIAN_POINT('',(11.94999975,1.237745871022,7.021217693382));
#1792 = VECTOR('',#1793,1.);
#1793 = DIRECTION('',(-8.659560562355E-17,-0.707106781187,0.707106781187
    ));
#1794 = ORIENTED_EDGE('',*,*,#1795,.T.);
#1795 = EDGE_CURVE('',#1788,#1796,#1798,.T.);
#1796 = VERTEX_POINT('',#1797);
#1797 = CARTESIAN_POINT('',(11.94999975,1.649167227259,7.021217693382));
#1798 = LINE('',#1799,#1800);
#1799 = CARTESIAN_POINT('',(11.94999975,1.237745871022,7.021217693382));
#1800 = VECTOR('',#1801,1.);
#1801 = DIRECTION('',(1.224646799147E-16,1.,1.224646799147E-16));
#1802 = ORIENTED_EDGE('',*,*,#1803,.F.);
#1803 = EDGE_CURVE('',#1646,#1796,#1804,.T.);
#1804 = LINE('',#1805,#1806);
#1805 = CARTESIAN_POINT('',(11.94999975,1.649167227259,1.721217693382));
#1806 = VECTOR('',#1807,1.);
#1807 = DIRECTION('',(-1.499759782662E-32,-1.224646799147E-16,1.));
#1808 = PLANE('',#1809);
#1809 = AXIS2_PLACEMENT_3D('',#1810,#1811,#1812);
#1810 = CARTESIAN_POINT('',(11.94999975,2.514167227259,4.741217693382));
#1811 = DIRECTION('',(1.,-1.224646799147E-16,0.));
#1812 = DIRECTION('',(1.499759782662E-32,1.224646799147E-16,-1.));
#1813 = ADVANCED_FACE('',(#1814),#1839,.F.);
#1814 = FACE_BOUND('',#1815,.T.);
#1815 = EDGE_LOOP('',(#1816,#1826,#1832,#1833));
#1816 = ORIENTED_EDGE('',*,*,#1817,.T.);
#1817 = EDGE_CURVE('',#1818,#1820,#1822,.T.);
#1818 = VERTEX_POINT('',#1819);
#1819 = CARTESIAN_POINT('',(-2.50000010027E-07,4.889167227259,
    7.021217693382));
#1820 = VERTEX_POINT('',#1821);
#1821 = CARTESIAN_POINT('',(-1.45000025,4.889167227259,7.021217693382));
#1822 = LINE('',#1823,#1824);
#1823 = CARTESIAN_POINT('',(-2.50000010027E-07,4.889167227259,
    7.021217693382));
#1824 = VECTOR('',#1825,1.);
#1825 = DIRECTION('',(-1.,1.224646799147E-16,0.));
#1826 = ORIENTED_EDGE('',*,*,#1827,.T.);
#1827 = EDGE_CURVE('',#1820,#1581,#1828,.T.);
#1828 = LINE('',#1829,#1830);
#1829 = CARTESIAN_POINT('',(-1.45000025,4.889167227259,7.021217693382));
#1830 = VECTOR('',#1831,1.);
#1831 = DIRECTION('',(1.499759782662E-32,1.224646799147E-16,-1.));
#1832 = ORIENTED_EDGE('',*,*,#1580,.T.);
#1833 = ORIENTED_EDGE('',*,*,#1834,.T.);
#1834 = EDGE_CURVE('',#1573,#1818,#1835,.T.);
#1835 = LINE('',#1836,#1837);
#1836 = CARTESIAN_POINT('',(-2.50000010027E-07,4.889167227259,
    1.721217693382));
#1837 = VECTOR('',#1838,1.);
#1838 = DIRECTION('',(-1.499759782662E-32,-1.224646799147E-16,1.));
#1839 = PLANE('',#1840);
#1840 = AXIS2_PLACEMENT_3D('',#1841,#1842,#1843);
#1841 = CARTESIAN_POINT('',(1.99999975,4.889167227259,1.721217693382));
#1842 = DIRECTION('',(1.224646799147E-16,1.,1.224646799147E-16));
#1843 = DIRECTION('',(-1.,1.224646799147E-16,0.));
#1844 = ADVANCED_FACE('',(#1845),#1863,.F.);
#1845 = FACE_BOUND('',#1846,.T.);
#1846 = EDGE_LOOP('',(#1847,#1848,#1849,#1857));
#1847 = ORIENTED_EDGE('',*,*,#1516,.T.);
#1848 = ORIENTED_EDGE('',*,*,#1730,.F.);
#1849 = ORIENTED_EDGE('',*,*,#1850,.T.);
#1850 = EDGE_CURVE('',#1723,#1851,#1853,.T.);
#1851 = VERTEX_POINT('',#1852);
#1852 = CARTESIAN_POINT('',(10.49999975,4.889167227259,7.021217693382));
#1853 = LINE('',#1854,#1855);
#1854 = CARTESIAN_POINT('',(11.94999975,4.889167227259,7.021217693382));
#1855 = VECTOR('',#1856,1.);
#1856 = DIRECTION('',(-1.,1.224646799147E-16,0.));
#1857 = ORIENTED_EDGE('',*,*,#1858,.F.);
#1858 = EDGE_CURVE('',#1517,#1851,#1859,.T.);
#1859 = LINE('',#1860,#1861);
#1860 = CARTESIAN_POINT('',(10.49999975,4.889167227259,1.721217693382));
#1861 = VECTOR('',#1862,1.);
#1862 = DIRECTION('',(-1.499759782662E-32,-1.224646799147E-16,1.));
#1863 = PLANE('',#1864);
#1864 = AXIS2_PLACEMENT_3D('',#1865,#1866,#1867);
#1865 = CARTESIAN_POINT('',(1.99999975,4.889167227259,1.721217693382));
#1866 = DIRECTION('',(1.224646799147E-16,1.,1.224646799147E-16));
#1867 = DIRECTION('',(-1.,1.224646799147E-16,0.));
#1868 = ADVANCED_FACE('',(#1869),#2026,.F.);
#1869 = FACE_BOUND('',#1870,.T.);
#1870 = EDGE_LOOP('',(#1871,#1881,#1889,#1898,#1906,#1915,#1923,#1931,
    #1937,#1938,#1946,#1954,#1962,#1971,#1979,#1988,#1996,#2004,#2012,
    #2020));
#1871 = ORIENTED_EDGE('',*,*,#1872,.T.);
#1872 = EDGE_CURVE('',#1873,#1875,#1877,.T.);
#1873 = VERTEX_POINT('',#1874);
#1874 = CARTESIAN_POINT('',(3.99999975,4.889167227259,6.121217693382));
#1875 = VERTEX_POINT('',#1876);
#1876 = CARTESIAN_POINT('',(0.74999975,4.889167227259,6.121217693382));
#1877 = LINE('',#1878,#1879);
#1878 = CARTESIAN_POINT('',(3.99999975,4.889167227259,6.121217693382));
#1879 = VECTOR('',#1880,1.);
#1880 = DIRECTION('',(-1.,1.224646799147E-16,0.));
#1881 = ORIENTED_EDGE('',*,*,#1882,.F.);
#1882 = EDGE_CURVE('',#1883,#1875,#1885,.T.);
#1883 = VERTEX_POINT('',#1884);
#1884 = CARTESIAN_POINT('',(0.74999975,4.889167227259,5.341217693382));
#1885 = LINE('',#1886,#1887);
#1886 = CARTESIAN_POINT('',(0.74999975,4.889167227259,5.341217693382));
#1887 = VECTOR('',#1888,1.);
#1888 = DIRECTION('',(-1.499759782662E-32,-1.224646799147E-16,1.));
#1889 = ORIENTED_EDGE('',*,*,#1890,.T.);
#1890 = EDGE_CURVE('',#1883,#1891,#1893,.T.);
#1891 = VERTEX_POINT('',#1892);
#1892 = CARTESIAN_POINT('',(0.99999975,4.889167227259,5.591217693382));
#1893 = CIRCLE('',#1894,0.25);
#1894 = AXIS2_PLACEMENT_3D('',#1895,#1896,#1897);
#1895 = CARTESIAN_POINT('',(0.99999975,4.889167227259,5.341217693382));
#1896 = DIRECTION('',(1.224646799147E-16,1.,1.224646799147E-16));
#1897 = DIRECTION('',(-1.,1.224646799147E-16,0.));
#1898 = ORIENTED_EDGE('',*,*,#1899,.T.);
#1899 = EDGE_CURVE('',#1891,#1900,#1902,.T.);
#1900 = VERTEX_POINT('',#1901);
#1901 = CARTESIAN_POINT('',(3.74999975,4.889167227259,5.591217693382));
#1902 = LINE('',#1903,#1904);
#1903 = CARTESIAN_POINT('',(0.99999975,4.889167227259,5.591217693382));
#1904 = VECTOR('',#1905,1.);
#1905 = DIRECTION('',(1.,-1.224646799147E-16,0.));
#1906 = ORIENTED_EDGE('',*,*,#1907,.T.);
#1907 = EDGE_CURVE('',#1900,#1908,#1910,.T.);
#1908 = VERTEX_POINT('',#1909);
#1909 = CARTESIAN_POINT('',(3.99999975,4.889167227259,5.341217693382));
#1910 = CIRCLE('',#1911,0.25);
#1911 = AXIS2_PLACEMENT_3D('',#1912,#1913,#1914);
#1912 = CARTESIAN_POINT('',(3.74999975,4.889167227259,5.341217693382));
#1913 = DIRECTION('',(1.224646799147E-16,1.,1.224646799147E-16));
#1914 = DIRECTION('',(-1.499759782662E-32,-1.224646799147E-16,1.));
#1915 = ORIENTED_EDGE('',*,*,#1916,.T.);
#1916 = EDGE_CURVE('',#1908,#1917,#1919,.T.);
#1917 = VERTEX_POINT('',#1918);
#1918 = CARTESIAN_POINT('',(3.99999975,4.889167227259,3.971217693382));
#1919 = LINE('',#1920,#1921);
#1920 = CARTESIAN_POINT('',(3.99999975,4.889167227259,5.341217693382));
#1921 = VECTOR('',#1922,1.);
#1922 = DIRECTION('',(1.499759782662E-32,1.224646799147E-16,-1.));
#1923 = ORIENTED_EDGE('',*,*,#1924,.T.);
#1924 = EDGE_CURVE('',#1917,#1925,#1927,.T.);
#1925 = VERTEX_POINT('',#1926);
#1926 = CARTESIAN_POINT('',(0.74999975,4.889167227259,3.971217693382));
#1927 = LINE('',#1928,#1929);
#1928 = CARTESIAN_POINT('',(3.99999975,4.889167227259,3.971217693382));
#1929 = VECTOR('',#1930,1.);
#1930 = DIRECTION('',(-1.,1.224646799147E-16,0.));
#1931 = ORIENTED_EDGE('',*,*,#1932,.F.);
#1932 = EDGE_CURVE('',#1549,#1925,#1933,.T.);
#1933 = LINE('',#1934,#1935);
#1934 = CARTESIAN_POINT('',(0.74999975,4.889167227259,1.721217693382));
#1935 = VECTOR('',#1936,1.);
#1936 = DIRECTION('',(-1.499759782662E-32,-1.224646799147E-16,1.));
#1937 = ORIENTED_EDGE('',*,*,#1548,.T.);
#1938 = ORIENTED_EDGE('',*,*,#1939,.T.);
#1939 = EDGE_CURVE('',#1541,#1940,#1942,.T.);
#1940 = VERTEX_POINT('',#1941);
#1941 = CARTESIAN_POINT('',(9.74999975,4.889167227259,3.971217693382));
#1942 = LINE('',#1943,#1944);
#1943 = CARTESIAN_POINT('',(9.74999975,4.889167227259,1.721217693382));
#1944 = VECTOR('',#1945,1.);
#1945 = DIRECTION('',(-1.499759782662E-32,-1.224646799147E-16,1.));
#1946 = ORIENTED_EDGE('',*,*,#1947,.T.);
#1947 = EDGE_CURVE('',#1940,#1948,#1950,.T.);
#1948 = VERTEX_POINT('',#1949);
#1949 = CARTESIAN_POINT('',(6.49999975,4.889167227259,3.971217693382));
#1950 = LINE('',#1951,#1952);
#1951 = CARTESIAN_POINT('',(9.74999975,4.889167227259,3.971217693382));
#1952 = VECTOR('',#1953,1.);
#1953 = DIRECTION('',(-1.,1.224646799147E-16,0.));
#1954 = ORIENTED_EDGE('',*,*,#1955,.T.);
#1955 = EDGE_CURVE('',#1948,#1956,#1958,.T.);
#1956 = VERTEX_POINT('',#1957);
#1957 = CARTESIAN_POINT('',(6.49999975,4.889167227259,5.341217693382));
#1958 = LINE('',#1959,#1960);
#1959 = CARTESIAN_POINT('',(6.49999975,4.889167227259,3.971217693382));
#1960 = VECTOR('',#1961,1.);
#1961 = DIRECTION('',(-1.499759782662E-32,-1.224646799147E-16,1.));
#1962 = ORIENTED_EDGE('',*,*,#1963,.T.);
#1963 = EDGE_CURVE('',#1956,#1964,#1966,.T.);
#1964 = VERTEX_POINT('',#1965);
#1965 = CARTESIAN_POINT('',(6.74999975,4.889167227259,5.591217693382));
#1966 = CIRCLE('',#1967,0.25);
#1967 = AXIS2_PLACEMENT_3D('',#1968,#1969,#1970);
#1968 = CARTESIAN_POINT('',(6.74999975,4.889167227259,5.341217693382));
#1969 = DIRECTION('',(1.224646799147E-16,1.,1.224646799147E-16));
#1970 = DIRECTION('',(-1.,1.224646799147E-16,0.));
#1971 = ORIENTED_EDGE('',*,*,#1972,.T.);
#1972 = EDGE_CURVE('',#1964,#1973,#1975,.T.);
#1973 = VERTEX_POINT('',#1974);
#1974 = CARTESIAN_POINT('',(9.49999975,4.889167227259,5.591217693382));
#1975 = LINE('',#1976,#1977);
#1976 = CARTESIAN_POINT('',(6.74999975,4.889167227259,5.591217693382));
#1977 = VECTOR('',#1978,1.);
#1978 = DIRECTION('',(1.,-1.224646799147E-16,0.));
#1979 = ORIENTED_EDGE('',*,*,#1980,.T.);
#1980 = EDGE_CURVE('',#1973,#1981,#1983,.T.);
#1981 = VERTEX_POINT('',#1982);
#1982 = CARTESIAN_POINT('',(9.74999975,4.889167227259,5.341217693382));
#1983 = CIRCLE('',#1984,0.25);
#1984 = AXIS2_PLACEMENT_3D('',#1985,#1986,#1987);
#1985 = CARTESIAN_POINT('',(9.49999975,4.889167227259,5.341217693382));
#1986 = DIRECTION('',(1.224646799147E-16,1.,1.224646799147E-16));
#1987 = DIRECTION('',(-1.499759782662E-32,-1.224646799147E-16,1.));
#1988 = ORIENTED_EDGE('',*,*,#1989,.T.);
#1989 = EDGE_CURVE('',#1981,#1990,#1992,.T.);
#1990 = VERTEX_POINT('',#1991);
#1991 = CARTESIAN_POINT('',(9.74999975,4.889167227259,6.121217693382));
#1992 = LINE('',#1993,#1994);
#1993 = CARTESIAN_POINT('',(9.74999975,4.889167227259,5.341217693382));
#1994 = VECTOR('',#1995,1.);
#1995 = DIRECTION('',(-1.499759782662E-32,-1.224646799147E-16,1.));
#1996 = ORIENTED_EDGE('',*,*,#1997,.T.);
#1997 = EDGE_CURVE('',#1990,#1998,#2000,.T.);
#1998 = VERTEX_POINT('',#1999);
#1999 = CARTESIAN_POINT('',(6.49999975,4.889167227259,6.121217693382));
#2000 = LINE('',#2001,#2002);
#2001 = CARTESIAN_POINT('',(9.74999975,4.889167227259,6.121217693382));
#2002 = VECTOR('',#2003,1.);
#2003 = DIRECTION('',(-1.,1.224646799147E-16,0.));
#2004 = ORIENTED_EDGE('',*,*,#2005,.F.);
#2005 = EDGE_CURVE('',#2006,#1998,#2008,.T.);
#2006 = VERTEX_POINT('',#2007);
#2007 = CARTESIAN_POINT('',(6.49999975,4.889167227259,7.021217693382));
#2008 = LINE('',#2009,#2010);
#2009 = CARTESIAN_POINT('',(6.49999975,4.889167227259,7.021217693382));
#2010 = VECTOR('',#2011,1.);
#2011 = DIRECTION('',(1.499759782662E-32,1.224646799147E-16,-1.));
#2012 = ORIENTED_EDGE('',*,*,#2013,.T.);
#2013 = EDGE_CURVE('',#2006,#2014,#2016,.T.);
#2014 = VERTEX_POINT('',#2015);
#2015 = CARTESIAN_POINT('',(3.99999975,4.889167227259,7.021217693382));
#2016 = LINE('',#2017,#2018);
#2017 = CARTESIAN_POINT('',(6.49999975,4.889167227259,7.021217693382));
#2018 = VECTOR('',#2019,1.);
#2019 = DIRECTION('',(-1.,1.224646799147E-16,0.));
#2020 = ORIENTED_EDGE('',*,*,#2021,.T.);
#2021 = EDGE_CURVE('',#2014,#1873,#2022,.T.);
#2022 = LINE('',#2023,#2024);
#2023 = CARTESIAN_POINT('',(3.99999975,4.889167227259,7.021217693382));
#2024 = VECTOR('',#2025,1.);
#2025 = DIRECTION('',(1.499759782662E-32,1.224646799147E-16,-1.));
#2026 = PLANE('',#2027);
#2027 = AXIS2_PLACEMENT_3D('',#2028,#2029,#2030);
#2028 = CARTESIAN_POINT('',(1.99999975,4.889167227259,1.721217693382));
#2029 = DIRECTION('',(1.224646799147E-16,1.,1.224646799147E-16));
#2030 = DIRECTION('',(-1.,1.224646799147E-16,0.));
#2031 = ADVANCED_FACE('',(#2032),#2050,.T.);
#2032 = FACE_BOUND('',#2033,.T.);
#2033 = EDGE_LOOP('',(#2034,#2035,#2036,#2044));
#2034 = ORIENTED_EDGE('',*,*,#1834,.F.);
#2035 = ORIENTED_EDGE('',*,*,#1572,.T.);
#2036 = ORIENTED_EDGE('',*,*,#2037,.T.);
#2037 = EDGE_CURVE('',#1565,#2038,#2040,.T.);
#2038 = VERTEX_POINT('',#2039);
#2039 = CARTESIAN_POINT('',(-2.50000010027E-07,3.889167227259,
    7.021217693382));
#2040 = LINE('',#2041,#2042);
#2041 = CARTESIAN_POINT('',(-2.50000010027E-07,3.889167227259,
    1.721217693382));
#2042 = VECTOR('',#2043,1.);
#2043 = DIRECTION('',(-1.499759782662E-32,-1.224646799147E-16,1.));
#2044 = ORIENTED_EDGE('',*,*,#2045,.F.);
#2045 = EDGE_CURVE('',#1818,#2038,#2046,.T.);
#2046 = LINE('',#2047,#2048);
#2047 = CARTESIAN_POINT('',(-2.50000010027E-07,4.889167227259,
    7.021217693382));
#2048 = VECTOR('',#2049,1.);
#2049 = DIRECTION('',(-1.224646799147E-16,-1.,-1.224646799147E-16));
#2050 = PLANE('',#2051);
#2051 = AXIS2_PLACEMENT_3D('',#2052,#2053,#2054);
#2052 = CARTESIAN_POINT('',(-2.50000010027E-07,4.889167227259,
    1.721217693382));
#2053 = DIRECTION('',(-1.,1.224646799147E-16,0.));
#2054 = DIRECTION('',(1.224646799147E-16,1.,1.224646799147E-16));
#2055 = ADVANCED_FACE('',(#2056),#2081,.T.);
#2056 = FACE_BOUND('',#2057,.T.);
#2057 = EDGE_LOOP('',(#2058,#2066,#2074,#2080));
#2058 = ORIENTED_EDGE('',*,*,#2059,.F.);
#2059 = EDGE_CURVE('',#2060,#2038,#2062,.T.);
#2060 = VERTEX_POINT('',#2061);
#2061 = CARTESIAN_POINT('',(9.999974999999E-02,3.989167227259,
    7.121217693382));
#2062 = LINE('',#2063,#2064);
#2063 = CARTESIAN_POINT('',(9.999974999999E-02,3.989167227259,
    7.121217693382));
#2064 = VECTOR('',#2065,1.);
#2065 = DIRECTION('',(-0.57735026919,-0.57735026919,-0.57735026919));
#2066 = ORIENTED_EDGE('',*,*,#2067,.F.);
#2067 = EDGE_CURVE('',#2068,#2060,#2070,.T.);
#2068 = VERTEX_POINT('',#2069);
#2069 = CARTESIAN_POINT('',(9.999974999999E-02,4.989167227259,
    7.121217693382));
#2070 = LINE('',#2071,#2072);
#2071 = CARTESIAN_POINT('',(9.999974999999E-02,4.989167227259,
    7.121217693382));
#2072 = VECTOR('',#2073,1.);
#2073 = DIRECTION('',(-1.224646799147E-16,-1.,-1.224646799147E-16));
#2074 = ORIENTED_EDGE('',*,*,#2075,.T.);
#2075 = EDGE_CURVE('',#2068,#1818,#2076,.T.);
#2076 = LINE('',#2077,#2078);
#2077 = CARTESIAN_POINT('',(9.999974999999E-02,4.989167227259,
    7.121217693382));
#2078 = VECTOR('',#2079,1.);
#2079 = DIRECTION('',(-0.57735026919,-0.57735026919,-0.57735026919));
#2080 = ORIENTED_EDGE('',*,*,#2045,.T.);
#2081 = PLANE('',#2082);
#2082 = AXIS2_PLACEMENT_3D('',#2083,#2084,#2085);
#2083 = CARTESIAN_POINT('',(4.999974999999E-02,4.389167227259,
    7.071217693382));
#2084 = DIRECTION('',(-0.707106781186,-1.225199593421E-29,0.707106781187
    ));
#2085 = DIRECTION('',(-1.224646799147E-16,-1.,-1.224646799147E-16));
#2086 = ADVANCED_FACE('',(#2087),#2105,.T.);
#2087 = FACE_BOUND('',#2088,.T.);
#2088 = EDGE_LOOP('',(#2089,#2090,#2098,#2104));
#2089 = ORIENTED_EDGE('',*,*,#2075,.F.);
#2090 = ORIENTED_EDGE('',*,*,#2091,.T.);
#2091 = EDGE_CURVE('',#2068,#2092,#2094,.T.);
#2092 = VERTEX_POINT('',#2093);
#2093 = CARTESIAN_POINT('',(-1.55000025,4.989167227259,7.121217693382));
#2094 = LINE('',#2095,#2096);
#2095 = CARTESIAN_POINT('',(9.999974999999E-02,4.989167227259,
    7.121217693382));
#2096 = VECTOR('',#2097,1.);
#2097 = DIRECTION('',(-1.,1.224646799147E-16,0.));
#2098 = ORIENTED_EDGE('',*,*,#2099,.T.);
#2099 = EDGE_CURVE('',#2092,#1820,#2100,.T.);
#2100 = LINE('',#2101,#2102);
#2101 = CARTESIAN_POINT('',(-1.55000025,4.989167227259,7.121217693382));
#2102 = VECTOR('',#2103,1.);
#2103 = DIRECTION('',(0.57735026919,-0.57735026919,-0.57735026919));
#2104 = ORIENTED_EDGE('',*,*,#1817,.F.);
#2105 = PLANE('',#2106);
#2106 = AXIS2_PLACEMENT_3D('',#2107,#2108,#2109);
#2107 = CARTESIAN_POINT('',(-0.72500025,4.939167227259,7.071217693382));
#2108 = DIRECTION('',(-8.659560562355E-17,-0.707106781187,0.707106781187
    ));
#2109 = DIRECTION('',(-8.659560562355E-17,-0.707106781187,
    -0.707106781187));
#2110 = ADVANCED_FACE('',(#2111),#2152,.T.);
#2111 = FACE_BOUND('',#2112,.T.);
#2112 = EDGE_LOOP('',(#2113,#2121,#2122,#2130,#2138,#2146));
#2113 = ORIENTED_EDGE('',*,*,#2114,.F.);
#2114 = EDGE_CURVE('',#1820,#2115,#2117,.T.);
#2115 = VERTEX_POINT('',#2116);
#2116 = CARTESIAN_POINT('',(-1.45000025,1.949167227259,7.021217693382));
#2117 = LINE('',#2118,#2119);
#2118 = CARTESIAN_POINT('',(-1.45000025,4.889167227259,7.021217693382));
#2119 = VECTOR('',#2120,1.);
#2120 = DIRECTION('',(-1.224646799147E-16,-1.,-1.224646799147E-16));
#2121 = ORIENTED_EDGE('',*,*,#2099,.F.);
#2122 = ORIENTED_EDGE('',*,*,#2123,.T.);
#2123 = EDGE_CURVE('',#2092,#2124,#2126,.T.);
#2124 = VERTEX_POINT('',#2125);
#2125 = CARTESIAN_POINT('',(-1.55000025,1.279167227259,7.121217693382));
#2126 = LINE('',#2127,#2128);
#2127 = CARTESIAN_POINT('',(-1.55000025,4.989167227259,7.121217693382));
#2128 = VECTOR('',#2129,1.);
#2129 = DIRECTION('',(-1.224646799147E-16,-1.,-1.224646799147E-16));
#2130 = ORIENTED_EDGE('',*,*,#2131,.T.);
#2131 = EDGE_CURVE('',#2124,#2132,#2134,.T.);
#2132 = VERTEX_POINT('',#2133);
#2133 = CARTESIAN_POINT('',(-1.45000025,1.237745871022,7.021217693382));
#2134 = LINE('',#2135,#2136);
#2135 = CARTESIAN_POINT('',(-1.55000025,1.279167227259,7.121217693382));
#2136 = VECTOR('',#2137,1.);
#2137 = DIRECTION('',(0.678598344546,-0.281084637715,-0.678598344546));
#2138 = ORIENTED_EDGE('',*,*,#2139,.F.);
#2139 = EDGE_CURVE('',#2140,#2132,#2142,.T.);
#2140 = VERTEX_POINT('',#2141);
#2141 = CARTESIAN_POINT('',(-1.45000025,1.649167227259,7.021217693382));
#2142 = LINE('',#2143,#2144);
#2143 = CARTESIAN_POINT('',(-1.45000025,1.649167227259,7.021217693382));
#2144 = VECTOR('',#2145,1.);
#2145 = DIRECTION('',(-1.224646799147E-16,-1.,-1.224646799147E-16));
#2146 = ORIENTED_EDGE('',*,*,#2147,.F.);
#2147 = EDGE_CURVE('',#2115,#2140,#2148,.T.);
#2148 = LINE('',#2149,#2150);
#2149 = CARTESIAN_POINT('',(-1.45000025,1.949167227259,7.021217693382));
#2150 = VECTOR('',#2151,1.);
#2151 = DIRECTION('',(-1.224646799147E-16,-1.,-1.224646799147E-16));
#2152 = PLANE('',#2153);
#2153 = AXIS2_PLACEMENT_3D('',#2154,#2155,#2156);
#2154 = CARTESIAN_POINT('',(-1.50000025,3.084167227259,7.071217693382));
#2155 = DIRECTION('',(0.707106781187,-1.731912112471E-16,0.707106781187)
  );
#2156 = DIRECTION('',(0.707106781187,0.,-0.707106781187));
#2157 = ADVANCED_FACE('',(#2158),#2183,.T.);
#2158 = FACE_BOUND('',#2159,.T.);
#2159 = EDGE_LOOP('',(#2160,#2161,#2169,#2177));
#2160 = ORIENTED_EDGE('',*,*,#2147,.T.);
#2161 = ORIENTED_EDGE('',*,*,#2162,.F.);
#2162 = EDGE_CURVE('',#2163,#2140,#2165,.T.);
#2163 = VERTEX_POINT('',#2164);
#2164 = CARTESIAN_POINT('',(-1.45000025,1.649167227259,7.121217693382));
#2165 = LINE('',#2166,#2167);
#2166 = CARTESIAN_POINT('',(-1.45000025,1.649167227259,7.121217693382));
#2167 = VECTOR('',#2168,1.);
#2168 = DIRECTION('',(-1.7763568394E-14,1.224646799147E-16,-1.));
#2169 = ORIENTED_EDGE('',*,*,#2170,.F.);
#2170 = EDGE_CURVE('',#2171,#2163,#2173,.T.);
#2171 = VERTEX_POINT('',#2172);
#2172 = CARTESIAN_POINT('',(-1.45000025,1.949167227259,7.121217693382));
#2173 = LINE('',#2174,#2175);
#2174 = CARTESIAN_POINT('',(-1.45000025,1.949167227259,7.121217693382));
#2175 = VECTOR('',#2176,1.);
#2176 = DIRECTION('',(-1.224646799147E-16,-1.,-1.224646799147E-16));
#2177 = ORIENTED_EDGE('',*,*,#2178,.T.);
#2178 = EDGE_CURVE('',#2171,#2115,#2179,.T.);
#2179 = LINE('',#2180,#2181);
#2180 = CARTESIAN_POINT('',(-1.45000025,1.949167227259,7.121217693382));
#2181 = VECTOR('',#2182,1.);
#2182 = DIRECTION('',(1.499759782662E-32,1.224646799147E-16,-1.));
#2183 = PLANE('',#2184);
#2184 = AXIS2_PLACEMENT_3D('',#2185,#2186,#2187);
#2185 = CARTESIAN_POINT('',(-1.45000025,1.949167227259,7.121217693382));
#2186 = DIRECTION('',(-1.,1.224646799147E-16,0.));
#2187 = DIRECTION('',(1.224646799147E-16,1.,1.224646799147E-16));
#2188 = ADVANCED_FACE('',(#2189),#2213,.T.);
#2189 = FACE_BOUND('',#2190,.T.);
#2190 = EDGE_LOOP('',(#2191,#2197,#2198,#2206,#2212));
#2191 = ORIENTED_EDGE('',*,*,#2192,.T.);
#2192 = EDGE_CURVE('',#1589,#2115,#2193,.T.);
#2193 = LINE('',#2194,#2195);
#2194 = CARTESIAN_POINT('',(-1.45000025,1.949167227259,1.721217693382));
#2195 = VECTOR('',#2196,1.);
#2196 = DIRECTION('',(-1.499759782662E-32,-1.224646799147E-16,1.));
#2197 = ORIENTED_EDGE('',*,*,#2178,.F.);
#2198 = ORIENTED_EDGE('',*,*,#2199,.F.);
#2199 = EDGE_CURVE('',#2200,#2171,#2202,.T.);
#2200 = VERTEX_POINT('',#2201);
#2201 = CARTESIAN_POINT('',(-1.39000025,1.949167227259,7.121217693382));
#2202 = LINE('',#2203,#2204);
#2203 = CARTESIAN_POINT('',(-1.39000025,1.949167227259,7.121217693382));
#2204 = VECTOR('',#2205,1.);
#2205 = DIRECTION('',(-1.,1.224646799147E-16,0.));
#2206 = ORIENTED_EDGE('',*,*,#2207,.T.);
#2207 = EDGE_CURVE('',#2200,#1597,#2208,.T.);
#2208 = LINE('',#2209,#2210);
#2209 = CARTESIAN_POINT('',(-1.39000025,1.949167227259,7.121217693382));
#2210 = VECTOR('',#2211,1.);
#2211 = DIRECTION('',(1.499759782662E-32,1.224646799147E-16,-1.));
#2212 = ORIENTED_EDGE('',*,*,#1596,.F.);
#2213 = PLANE('',#2214);
#2214 = AXIS2_PLACEMENT_3D('',#2215,#2216,#2217);
#2215 = CARTESIAN_POINT('',(-1.39000025,1.949167227259,7.121217693382));
#2216 = DIRECTION('',(1.224646799147E-16,1.,1.224646799147E-16));
#2217 = DIRECTION('',(-1.,1.224646799147E-16,0.));
#2218 = ADVANCED_FACE('',(#2219),#2237,.T.);
#2219 = FACE_BOUND('',#2220,.T.);
#2220 = EDGE_LOOP('',(#2221,#2222,#2230,#2236));
#2221 = ORIENTED_EDGE('',*,*,#2207,.F.);
#2222 = ORIENTED_EDGE('',*,*,#2223,.F.);
#2223 = EDGE_CURVE('',#2224,#2200,#2226,.T.);
#2224 = VERTEX_POINT('',#2225);
#2225 = CARTESIAN_POINT('',(-1.39000025,1.649167227259,7.121217693382));
#2226 = LINE('',#2227,#2228);
#2227 = CARTESIAN_POINT('',(-1.39000025,1.649167227259,7.121217693382));
#2228 = VECTOR('',#2229,1.);
#2229 = DIRECTION('',(1.224646799147E-16,1.,1.224646799147E-16));
#2230 = ORIENTED_EDGE('',*,*,#2231,.T.);
#2231 = EDGE_CURVE('',#2224,#1605,#2232,.T.);
#2232 = LINE('',#2233,#2234);
#2233 = CARTESIAN_POINT('',(-1.39000025,1.649167227259,7.121217693382));
#2234 = VECTOR('',#2235,1.);
#2235 = DIRECTION('',(1.499759782662E-32,1.224646799147E-16,-1.));
#2236 = ORIENTED_EDGE('',*,*,#1604,.T.);
#2237 = PLANE('',#2238);
#2238 = AXIS2_PLACEMENT_3D('',#2239,#2240,#2241);
#2239 = CARTESIAN_POINT('',(-1.39000025,1.649167227259,7.121217693382));
#2240 = DIRECTION('',(1.,-1.224646799147E-16,0.));
#2241 = DIRECTION('',(1.499759782662E-32,1.224646799147E-16,-1.));
#2242 = ADVANCED_FACE('',(#2243),#2260,.T.);
#2243 = FACE_BOUND('',#2244,.T.);
#2244 = EDGE_LOOP('',(#2245,#2246,#2252,#2253,#2259));
#2245 = ORIENTED_EDGE('',*,*,#2231,.F.);
#2246 = ORIENTED_EDGE('',*,*,#2247,.F.);
#2247 = EDGE_CURVE('',#2163,#2224,#2248,.T.);
#2248 = LINE('',#2249,#2250);
#2249 = CARTESIAN_POINT('',(-1.45000025,1.649167227259,7.121217693382));
#2250 = VECTOR('',#2251,1.);
#2251 = DIRECTION('',(1.,-1.224646799147E-16,0.));
#2252 = ORIENTED_EDGE('',*,*,#2162,.T.);
#2253 = ORIENTED_EDGE('',*,*,#2254,.F.);
#2254 = EDGE_CURVE('',#1613,#2140,#2255,.T.);
#2255 = LINE('',#2256,#2257);
#2256 = CARTESIAN_POINT('',(-1.45000025,1.649167227259,1.721217693382));
#2257 = VECTOR('',#2258,1.);
#2258 = DIRECTION('',(-1.499759782662E-32,-1.224646799147E-16,1.));
#2259 = ORIENTED_EDGE('',*,*,#1612,.T.);
#2260 = PLANE('',#2261);
#2261 = AXIS2_PLACEMENT_3D('',#2262,#2263,#2264);
#2262 = CARTESIAN_POINT('',(-1.45000025,1.649167227259,7.121217693382));
#2263 = DIRECTION('',(-1.224646799147E-16,-1.,-1.224646799147E-16));
#2264 = DIRECTION('',(-1.499759782662E-32,-1.224646799147E-16,1.));
#2265 = ADVANCED_FACE('',(#2266),#2317,.T.);
#2266 = FACE_BOUND('',#2267,.T.);
#2267 = EDGE_LOOP('',(#2268,#2269,#2277,#2285,#2293,#2301,#2309,#2315,
    #2316));
#2268 = ORIENTED_EDGE('',*,*,#2139,.T.);
#2269 = ORIENTED_EDGE('',*,*,#2270,.F.);
#2270 = EDGE_CURVE('',#2271,#2132,#2273,.T.);
#2271 = VERTEX_POINT('',#2272);
#2272 = CARTESIAN_POINT('',(-1.45000025,0.979167227259,7.279796337145));
#2273 = LINE('',#2274,#2275);
#2274 = CARTESIAN_POINT('',(-1.45000025,0.979167227259,7.279796337145));
#2275 = VECTOR('',#2276,1.);
#2276 = DIRECTION('',(8.659560562355E-17,0.707106781187,-0.707106781187)
  );
#2277 = ORIENTED_EDGE('',*,*,#2278,.F.);
#2278 = EDGE_CURVE('',#2279,#2271,#2281,.T.);
#2279 = VERTEX_POINT('',#2280);
#2280 = CARTESIAN_POINT('',(-1.45000025,0.979167227259,7.679796337145));
#2281 = LINE('',#2282,#2283);
#2282 = CARTESIAN_POINT('',(-1.45000025,0.979167227259,7.679796337145));
#2283 = VECTOR('',#2284,1.);
#2284 = DIRECTION('',(1.499759782662E-32,1.224646799147E-16,-1.));
#2285 = ORIENTED_EDGE('',*,*,#2286,.F.);
#2286 = EDGE_CURVE('',#2287,#2279,#2289,.T.);
#2287 = VERTEX_POINT('',#2288);
#2288 = CARTESIAN_POINT('',(-1.45000025,0.837745871022,7.821217693382));
#2289 = LINE('',#2290,#2291);
#2290 = CARTESIAN_POINT('',(-1.45000025,0.837745871022,7.821217693382));
#2291 = VECTOR('',#2292,1.);
#2292 = DIRECTION('',(8.659560562355E-17,0.707106781187,-0.707106781187)
  );
#2293 = ORIENTED_EDGE('',*,*,#2294,.F.);
#2294 = EDGE_CURVE('',#2295,#2287,#2297,.T.);
#2295 = VERTEX_POINT('',#2296);
#2296 = CARTESIAN_POINT('',(-1.45000025,0.189167227259,7.821217693382));
#2297 = LINE('',#2298,#2299);
#2298 = CARTESIAN_POINT('',(-1.45000025,0.189167227259,7.821217693382));
#2299 = VECTOR('',#2300,1.);
#2300 = DIRECTION('',(1.224646799147E-16,1.,1.224646799147E-16));
#2301 = ORIENTED_EDGE('',*,*,#2302,.T.);
#2302 = EDGE_CURVE('',#2295,#2303,#2305,.T.);
#2303 = VERTEX_POINT('',#2304);
#2304 = CARTESIAN_POINT('',(-1.45000025,0.289167227259,7.721217693382));
#2305 = LINE('',#2306,#2307);
#2306 = CARTESIAN_POINT('',(-1.45000025,0.189167227259,7.821217693382));
#2307 = VECTOR('',#2308,1.);
#2308 = DIRECTION('',(8.659560562355E-17,0.707106781187,-0.707106781187)
  );
#2309 = ORIENTED_EDGE('',*,*,#2310,.T.);
#2310 = EDGE_CURVE('',#2303,#1621,#2311,.T.);
#2311 = LINE('',#2312,#2313);
#2312 = CARTESIAN_POINT('',(-1.45000025,0.289167227259,7.721217693382));
#2313 = VECTOR('',#2314,1.);
#2314 = DIRECTION('',(1.499759782662E-32,1.224646799147E-16,-1.));
#2315 = ORIENTED_EDGE('',*,*,#1620,.T.);
#2316 = ORIENTED_EDGE('',*,*,#2254,.T.);
#2317 = PLANE('',#2318);
#2318 = AXIS2_PLACEMENT_3D('',#2319,#2320,#2321);
#2319 = CARTESIAN_POINT('',(-1.45000025,2.514167227259,4.741217693382));
#2320 = DIRECTION('',(1.,-1.224646799147E-16,0.));
#2321 = DIRECTION('',(1.499759782662E-32,1.224646799147E-16,-1.));
#2322 = ADVANCED_FACE('',(#2323),#2329,.T.);
#2323 = FACE_BOUND('',#2324,.T.);
#2324 = EDGE_LOOP('',(#2325,#2326,#2327,#2328));
#2325 = ORIENTED_EDGE('',*,*,#1588,.T.);
#2326 = ORIENTED_EDGE('',*,*,#1827,.F.);
#2327 = ORIENTED_EDGE('',*,*,#2114,.T.);
#2328 = ORIENTED_EDGE('',*,*,#2192,.F.);
#2329 = PLANE('',#2330);
#2330 = AXIS2_PLACEMENT_3D('',#2331,#2332,#2333);
#2331 = CARTESIAN_POINT('',(-1.45000025,2.514167227259,4.741217693382));
#2332 = DIRECTION('',(1.,-1.224646799147E-16,0.));
#2333 = DIRECTION('',(1.499759782662E-32,1.224646799147E-16,-1.));
#2334 = ADVANCED_FACE('',(#2335),#2684,.F.);
#2335 = FACE_BOUND('',#2336,.T.);
#2336 = EDGE_LOOP('',(#2337,#2347,#2355,#2363,#2371,#2379,#2387,#2395,
    #2403,#2411,#2419,#2427,#2435,#2443,#2451,#2459,#2467,#2475,#2483,
    #2491,#2499,#2507,#2515,#2523,#2531,#2539,#2547,#2553,#2554,#2560,
    #2561,#2562,#2563,#2571,#2579,#2587,#2595,#2604,#2612,#2621,#2629,
    #2637,#2645,#2651,#2652,#2653,#2654,#2662,#2670,#2678));
#2337 = ORIENTED_EDGE('',*,*,#2338,.F.);
#2338 = EDGE_CURVE('',#2339,#2341,#2343,.T.);
#2339 = VERTEX_POINT('',#2340);
#2340 = CARTESIAN_POINT('',(9.12499975,0.289167227259,2.651217693382));
#2341 = VERTEX_POINT('',#2342);
#2342 = CARTESIAN_POINT('',(10.37499975,0.289167227259,2.651217693382));
#2343 = LINE('',#2344,#2345);
#2344 = CARTESIAN_POINT('',(9.12499975,0.289167227259,2.651217693382));
#2345 = VECTOR('',#2346,1.);
#2346 = DIRECTION('',(1.,-1.224646799147E-16,0.));
#2347 = ORIENTED_EDGE('',*,*,#2348,.T.);
#2348 = EDGE_CURVE('',#2339,#2349,#2351,.T.);
#2349 = VERTEX_POINT('',#2350);
#2350 = CARTESIAN_POINT('',(9.12499975,0.289167227259,5.077407590802));
#2351 = LINE('',#2352,#2353);
#2352 = CARTESIAN_POINT('',(9.12499975,0.289167227259,2.651217693382));
#2353 = VECTOR('',#2354,1.);
#2354 = DIRECTION('',(-1.499759782662E-32,-1.224646799147E-16,1.));
#2355 = ORIENTED_EDGE('',*,*,#2356,.F.);
#2356 = EDGE_CURVE('',#2357,#2349,#2359,.T.);
#2357 = VERTEX_POINT('',#2358);
#2358 = CARTESIAN_POINT('',(8.87499975,0.289167227259,5.077407590802));
#2359 = LINE('',#2360,#2361);
#2360 = CARTESIAN_POINT('',(8.87499975,0.289167227259,5.077407590802));
#2361 = VECTOR('',#2362,1.);
#2362 = DIRECTION('',(1.,-1.224646799147E-16,0.));
#2363 = ORIENTED_EDGE('',*,*,#2364,.F.);
#2364 = EDGE_CURVE('',#2365,#2357,#2367,.T.);
#2365 = VERTEX_POINT('',#2366);
#2366 = CARTESIAN_POINT('',(8.87499975,0.289167227259,2.651217693382));
#2367 = LINE('',#2368,#2369);
#2368 = CARTESIAN_POINT('',(8.87499975,0.289167227259,2.651217693382));
#2369 = VECTOR('',#2370,1.);
#2370 = DIRECTION('',(-1.499759782662E-32,-1.224646799147E-16,1.));
#2371 = ORIENTED_EDGE('',*,*,#2372,.F.);
#2372 = EDGE_CURVE('',#2373,#2365,#2375,.T.);
#2373 = VERTEX_POINT('',#2374);
#2374 = CARTESIAN_POINT('',(7.62499975,0.289167227259,2.651217693382));
#2375 = LINE('',#2376,#2377);
#2376 = CARTESIAN_POINT('',(7.62499975,0.289167227259,2.651217693382));
#2377 = VECTOR('',#2378,1.);
#2378 = DIRECTION('',(1.,-1.224646799147E-16,0.));
#2379 = ORIENTED_EDGE('',*,*,#2380,.T.);
#2380 = EDGE_CURVE('',#2373,#2381,#2383,.T.);
#2381 = VERTEX_POINT('',#2382);
#2382 = CARTESIAN_POINT('',(7.62499975,0.289167227259,5.077407590802));
#2383 = LINE('',#2384,#2385);
#2384 = CARTESIAN_POINT('',(7.62499975,0.289167227259,2.651217693382));
#2385 = VECTOR('',#2386,1.);
#2386 = DIRECTION('',(-1.499759782662E-32,-1.224646799147E-16,1.));
#2387 = ORIENTED_EDGE('',*,*,#2388,.F.);
#2388 = EDGE_CURVE('',#2389,#2381,#2391,.T.);
#2389 = VERTEX_POINT('',#2390);
#2390 = CARTESIAN_POINT('',(7.37499975,0.289167227259,5.077407590802));
#2391 = LINE('',#2392,#2393);
#2392 = CARTESIAN_POINT('',(7.37499975,0.289167227259,5.077407590802));
#2393 = VECTOR('',#2394,1.);
#2394 = DIRECTION('',(1.,-1.224646799147E-16,0.));
#2395 = ORIENTED_EDGE('',*,*,#2396,.F.);
#2396 = EDGE_CURVE('',#2397,#2389,#2399,.T.);
#2397 = VERTEX_POINT('',#2398);
#2398 = CARTESIAN_POINT('',(7.37499975,0.289167227259,2.651217693382));
#2399 = LINE('',#2400,#2401);
#2400 = CARTESIAN_POINT('',(7.37499975,0.289167227259,2.651217693382));
#2401 = VECTOR('',#2402,1.);
#2402 = DIRECTION('',(-1.499759782662E-32,-1.224646799147E-16,1.));
#2403 = ORIENTED_EDGE('',*,*,#2404,.F.);
#2404 = EDGE_CURVE('',#2405,#2397,#2407,.T.);
#2405 = VERTEX_POINT('',#2406);
#2406 = CARTESIAN_POINT('',(6.12499975,0.289167227259,2.651217693382));
#2407 = LINE('',#2408,#2409);
#2408 = CARTESIAN_POINT('',(6.12499975,0.289167227259,2.651217693382));
#2409 = VECTOR('',#2410,1.);
#2410 = DIRECTION('',(1.,-1.224646799147E-16,0.));
#2411 = ORIENTED_EDGE('',*,*,#2412,.T.);
#2412 = EDGE_CURVE('',#2405,#2413,#2415,.T.);
#2413 = VERTEX_POINT('',#2414);
#2414 = CARTESIAN_POINT('',(6.12499975,0.289167227259,5.077407590802));
#2415 = LINE('',#2416,#2417);
#2416 = CARTESIAN_POINT('',(6.12499975,0.289167227259,2.651217693382));
#2417 = VECTOR('',#2418,1.);
#2418 = DIRECTION('',(-1.499759782662E-32,-1.224646799147E-16,1.));
#2419 = ORIENTED_EDGE('',*,*,#2420,.F.);
#2420 = EDGE_CURVE('',#2421,#2413,#2423,.T.);
#2421 = VERTEX_POINT('',#2422);
#2422 = CARTESIAN_POINT('',(5.87499975,0.289167227259,5.077407590802));
#2423 = LINE('',#2424,#2425);
#2424 = CARTESIAN_POINT('',(5.87499975,0.289167227259,5.077407590802));
#2425 = VECTOR('',#2426,1.);
#2426 = DIRECTION('',(1.,-1.224646799147E-16,0.));
#2427 = ORIENTED_EDGE('',*,*,#2428,.F.);
#2428 = EDGE_CURVE('',#2429,#2421,#2431,.T.);
#2429 = VERTEX_POINT('',#2430);
#2430 = CARTESIAN_POINT('',(5.87499975,0.289167227259,2.651217693382));
#2431 = LINE('',#2432,#2433);
#2432 = CARTESIAN_POINT('',(5.87499975,0.289167227259,2.651217693382));
#2433 = VECTOR('',#2434,1.);
#2434 = DIRECTION('',(-1.499759782662E-32,-1.224646799147E-16,1.));
#2435 = ORIENTED_EDGE('',*,*,#2436,.F.);
#2436 = EDGE_CURVE('',#2437,#2429,#2439,.T.);
#2437 = VERTEX_POINT('',#2438);
#2438 = CARTESIAN_POINT('',(4.62499975,0.289167227259,2.651217693382));
#2439 = LINE('',#2440,#2441);
#2440 = CARTESIAN_POINT('',(4.62499975,0.289167227259,2.651217693382));
#2441 = VECTOR('',#2442,1.);
#2442 = DIRECTION('',(1.,-1.224646799147E-16,0.));
#2443 = ORIENTED_EDGE('',*,*,#2444,.T.);
#2444 = EDGE_CURVE('',#2437,#2445,#2447,.T.);
#2445 = VERTEX_POINT('',#2446);
#2446 = CARTESIAN_POINT('',(4.62499975,0.289167227259,5.077407590802));
#2447 = LINE('',#2448,#2449);
#2448 = CARTESIAN_POINT('',(4.62499975,0.289167227259,2.651217693382));
#2449 = VECTOR('',#2450,1.);
#2450 = DIRECTION('',(-1.499759782662E-32,-1.224646799147E-16,1.));
#2451 = ORIENTED_EDGE('',*,*,#2452,.F.);
#2452 = EDGE_CURVE('',#2453,#2445,#2455,.T.);
#2453 = VERTEX_POINT('',#2454);
#2454 = CARTESIAN_POINT('',(4.37499975,0.289167227259,5.077407590802));
#2455 = LINE('',#2456,#2457);
#2456 = CARTESIAN_POINT('',(4.37499975,0.289167227259,5.077407590802));
#2457 = VECTOR('',#2458,1.);
#2458 = DIRECTION('',(1.,-1.224646799147E-16,0.));
#2459 = ORIENTED_EDGE('',*,*,#2460,.F.);
#2460 = EDGE_CURVE('',#2461,#2453,#2463,.T.);
#2461 = VERTEX_POINT('',#2462);
#2462 = CARTESIAN_POINT('',(4.37499975,0.289167227259,2.651217693382));
#2463 = LINE('',#2464,#2465);
#2464 = CARTESIAN_POINT('',(4.37499975,0.289167227259,2.651217693382));
#2465 = VECTOR('',#2466,1.);
#2466 = DIRECTION('',(-1.499759782662E-32,-1.224646799147E-16,1.));
#2467 = ORIENTED_EDGE('',*,*,#2468,.F.);
#2468 = EDGE_CURVE('',#2469,#2461,#2471,.T.);
#2469 = VERTEX_POINT('',#2470);
#2470 = CARTESIAN_POINT('',(3.12499975,0.289167227259,2.651217693382));
#2471 = LINE('',#2472,#2473);
#2472 = CARTESIAN_POINT('',(3.12499975,0.289167227259,2.651217693382));
#2473 = VECTOR('',#2474,1.);
#2474 = DIRECTION('',(1.,-1.224646799147E-16,0.));
#2475 = ORIENTED_EDGE('',*,*,#2476,.T.);
#2476 = EDGE_CURVE('',#2469,#2477,#2479,.T.);
#2477 = VERTEX_POINT('',#2478);
#2478 = CARTESIAN_POINT('',(3.12499975,0.289167227259,5.077407590802));
#2479 = LINE('',#2480,#2481);
#2480 = CARTESIAN_POINT('',(3.12499975,0.289167227259,2.651217693382));
#2481 = VECTOR('',#2482,1.);
#2482 = DIRECTION('',(-1.499759782662E-32,-1.224646799147E-16,1.));
#2483 = ORIENTED_EDGE('',*,*,#2484,.F.);
#2484 = EDGE_CURVE('',#2485,#2477,#2487,.T.);
#2485 = VERTEX_POINT('',#2486);
#2486 = CARTESIAN_POINT('',(2.87499975,0.289167227259,5.077407590802));
#2487 = LINE('',#2488,#2489);
#2488 = CARTESIAN_POINT('',(2.87499975,0.289167227259,5.077407590802));
#2489 = VECTOR('',#2490,1.);
#2490 = DIRECTION('',(1.,-1.224646799147E-16,0.));
#2491 = ORIENTED_EDGE('',*,*,#2492,.F.);
#2492 = EDGE_CURVE('',#2493,#2485,#2495,.T.);
#2493 = VERTEX_POINT('',#2494);
#2494 = CARTESIAN_POINT('',(2.87499975,0.289167227259,2.651217693382));
#2495 = LINE('',#2496,#2497);
#2496 = CARTESIAN_POINT('',(2.87499975,0.289167227259,2.651217693382));
#2497 = VECTOR('',#2498,1.);
#2498 = DIRECTION('',(-1.499759782662E-32,-1.224646799147E-16,1.));
#2499 = ORIENTED_EDGE('',*,*,#2500,.F.);
#2500 = EDGE_CURVE('',#2501,#2493,#2503,.T.);
#2501 = VERTEX_POINT('',#2502);
#2502 = CARTESIAN_POINT('',(1.62499975,0.289167227259,2.651217693382));
#2503 = LINE('',#2504,#2505);
#2504 = CARTESIAN_POINT('',(1.62499975,0.289167227259,2.651217693382));
#2505 = VECTOR('',#2506,1.);
#2506 = DIRECTION('',(1.,-1.224646799147E-16,0.));
#2507 = ORIENTED_EDGE('',*,*,#2508,.T.);
#2508 = EDGE_CURVE('',#2501,#2509,#2511,.T.);
#2509 = VERTEX_POINT('',#2510);
#2510 = CARTESIAN_POINT('',(1.62499975,0.289167227259,5.077407590802));
#2511 = LINE('',#2512,#2513);
#2512 = CARTESIAN_POINT('',(1.62499975,0.289167227259,2.651217693382));
#2513 = VECTOR('',#2514,1.);
#2514 = DIRECTION('',(-1.499759782662E-32,-1.224646799147E-16,1.));
#2515 = ORIENTED_EDGE('',*,*,#2516,.F.);
#2516 = EDGE_CURVE('',#2517,#2509,#2519,.T.);
#2517 = VERTEX_POINT('',#2518);
#2518 = CARTESIAN_POINT('',(1.37499975,0.289167227259,5.077407590802));
#2519 = LINE('',#2520,#2521);
#2520 = CARTESIAN_POINT('',(1.37499975,0.289167227259,5.077407590802));
#2521 = VECTOR('',#2522,1.);
#2522 = DIRECTION('',(1.,-1.224646799147E-16,0.));
#2523 = ORIENTED_EDGE('',*,*,#2524,.F.);
#2524 = EDGE_CURVE('',#2525,#2517,#2527,.T.);
#2525 = VERTEX_POINT('',#2526);
#2526 = CARTESIAN_POINT('',(1.37499975,0.289167227259,2.651217693382));
#2527 = LINE('',#2528,#2529);
#2528 = CARTESIAN_POINT('',(1.37499975,0.289167227259,2.651217693382));
#2529 = VECTOR('',#2530,1.);
#2530 = DIRECTION('',(-1.499759782662E-32,-1.224646799147E-16,1.));
#2531 = ORIENTED_EDGE('',*,*,#2532,.F.);
#2532 = EDGE_CURVE('',#2533,#2525,#2535,.T.);
#2533 = VERTEX_POINT('',#2534);
#2534 = CARTESIAN_POINT('',(0.12499975,0.289167227259,2.651217693382));
#2535 = LINE('',#2536,#2537);
#2536 = CARTESIAN_POINT('',(0.12499975,0.289167227259,2.651217693382));
#2537 = VECTOR('',#2538,1.);
#2538 = DIRECTION('',(1.,-1.224646799147E-16,0.));
#2539 = ORIENTED_EDGE('',*,*,#2540,.T.);
#2540 = EDGE_CURVE('',#2533,#2541,#2543,.T.);
#2541 = VERTEX_POINT('',#2542);
#2542 = CARTESIAN_POINT('',(0.12499975,0.289167227259,5.077407590802));
#2543 = LINE('',#2544,#2545);
#2544 = CARTESIAN_POINT('',(0.12499975,0.289167227259,2.651217693382));
#2545 = VECTOR('',#2546,1.);
#2546 = DIRECTION('',(-1.499759782662E-32,-1.224646799147E-16,1.));
#2547 = ORIENTED_EDGE('',*,*,#2548,.F.);
#2548 = EDGE_CURVE('',#818,#2541,#2549,.T.);
#2549 = LINE('',#2550,#2551);
#2550 = CARTESIAN_POINT('',(-0.12500025,0.289167227259,5.077407590802));
#2551 = VECTOR('',#2552,1.);
#2552 = DIRECTION('',(1.,-1.224646799147E-16,0.));
#2553 = ORIENTED_EDGE('',*,*,#817,.F.);
#2554 = ORIENTED_EDGE('',*,*,#2555,.F.);
#2555 = EDGE_CURVE('',#1304,#810,#2556,.T.);
#2556 = LINE('',#2557,#2558);
#2557 = CARTESIAN_POINT('',(-0.60000025,0.289167227259,2.651217693382));
#2558 = VECTOR('',#2559,1.);
#2559 = DIRECTION('',(1.,-1.224646799147E-16,0.));
#2560 = ORIENTED_EDGE('',*,*,#1303,.T.);
#2561 = ORIENTED_EDGE('',*,*,#1628,.F.);
#2562 = ORIENTED_EDGE('',*,*,#2310,.F.);
#2563 = ORIENTED_EDGE('',*,*,#2564,.T.);
#2564 = EDGE_CURVE('',#2303,#2565,#2567,.T.);
#2565 = VERTEX_POINT('',#2566);
#2566 = CARTESIAN_POINT('',(0.54999975,0.289167227259,7.721217693382));
#2567 = LINE('',#2568,#2569);
#2568 = CARTESIAN_POINT('',(-1.45000025,0.289167227259,7.721217693382));
#2569 = VECTOR('',#2570,1.);
#2570 = DIRECTION('',(1.,-1.224646799147E-16,0.));
#2571 = ORIENTED_EDGE('',*,*,#2572,.T.);
#2572 = EDGE_CURVE('',#2565,#2573,#2575,.T.);
#2573 = VERTEX_POINT('',#2574);
#2574 = CARTESIAN_POINT('',(0.54999975,0.289167227259,7.121217693382));
#2575 = LINE('',#2576,#2577);
#2576 = CARTESIAN_POINT('',(0.54999975,0.289167227259,7.721217693382));
#2577 = VECTOR('',#2578,1.);
#2578 = DIRECTION('',(1.499759782662E-32,1.224646799147E-16,-1.));
#2579 = ORIENTED_EDGE('',*,*,#2580,.T.);
#2580 = EDGE_CURVE('',#2573,#2581,#2583,.T.);
#2581 = VERTEX_POINT('',#2582);
#2582 = CARTESIAN_POINT('',(1.29999975,0.289167227259,7.121217693382));
#2583 = LINE('',#2584,#2585);
#2584 = CARTESIAN_POINT('',(0.54999975,0.289167227259,7.121217693382));
#2585 = VECTOR('',#2586,1.);
#2586 = DIRECTION('',(1.,-1.224646799147E-16,0.));
#2587 = ORIENTED_EDGE('',*,*,#2588,.F.);
#2588 = EDGE_CURVE('',#2589,#2581,#2591,.T.);
#2589 = VERTEX_POINT('',#2590);
#2590 = CARTESIAN_POINT('',(1.29999975,0.289167227259,7.137648118039));
#2591 = LINE('',#2592,#2593);
#2592 = CARTESIAN_POINT('',(1.29999975,0.289167227259,7.137648118039));
#2593 = VECTOR('',#2594,1.);
#2594 = DIRECTION('',(1.499759782662E-32,1.224646799147E-16,-1.));
#2595 = ORIENTED_EDGE('',*,*,#2596,.T.);
#2596 = EDGE_CURVE('',#2589,#2597,#2599,.T.);
#2597 = VERTEX_POINT('',#2598);
#2598 = CARTESIAN_POINT('',(1.427123570754,0.289167227259,7.121217693382
    ));
#2599 = CIRCLE('',#2600,0.5);
#2600 = AXIS2_PLACEMENT_3D('',#2601,#2602,#2603);
#2601 = CARTESIAN_POINT('',(1.427123570754,0.289167227259,7.621217693382
    ));
#2602 = DIRECTION('',(-1.224646799147E-16,-1.,-1.224646799147E-16));
#2603 = DIRECTION('',(-0.254247641507,1.495767425579E-16,-0.967139150685
    ));
#2604 = ORIENTED_EDGE('',*,*,#2605,.T.);
#2605 = EDGE_CURVE('',#2597,#2606,#2608,.T.);
#2606 = VERTEX_POINT('',#2607);
#2607 = CARTESIAN_POINT('',(9.072875929246,0.289167227259,7.121217693382
    ));
#2608 = LINE('',#2609,#2610);
#2609 = CARTESIAN_POINT('',(1.427123570754,0.289167227259,7.121217693382
    ));
#2610 = VECTOR('',#2611,1.);
#2611 = DIRECTION('',(1.,-1.224646799147E-16,0.));
#2612 = ORIENTED_EDGE('',*,*,#2613,.T.);
#2613 = EDGE_CURVE('',#2606,#2614,#2616,.T.);
#2614 = VERTEX_POINT('',#2615);
#2615 = CARTESIAN_POINT('',(9.19999975,0.289167227259,7.137648118039));
#2616 = CIRCLE('',#2617,0.5);
#2617 = AXIS2_PLACEMENT_3D('',#2618,#2619,#2620);
#2618 = CARTESIAN_POINT('',(9.072875929246,0.289167227259,7.621217693382
    ));
#2619 = DIRECTION('',(-1.224646799147E-16,-1.,-1.224646799147E-16));
#2620 = DIRECTION('',(1.499759782662E-32,1.224646799147E-16,-1.));
#2621 = ORIENTED_EDGE('',*,*,#2622,.T.);
#2622 = EDGE_CURVE('',#2614,#2623,#2625,.T.);
#2623 = VERTEX_POINT('',#2624);
#2624 = CARTESIAN_POINT('',(9.19999975,0.289167227259,7.121217693382));
#2625 = LINE('',#2626,#2627);
#2626 = CARTESIAN_POINT('',(9.19999975,0.289167227259,7.137648118039));
#2627 = VECTOR('',#2628,1.);
#2628 = DIRECTION('',(1.499759782662E-32,1.224646799147E-16,-1.));
#2629 = ORIENTED_EDGE('',*,*,#2630,.T.);
#2630 = EDGE_CURVE('',#2623,#2631,#2633,.T.);
#2631 = VERTEX_POINT('',#2632);
#2632 = CARTESIAN_POINT('',(9.94999975,0.289167227259,7.121217693382));
#2633 = LINE('',#2634,#2635);
#2634 = CARTESIAN_POINT('',(9.19999975,0.289167227259,7.121217693382));
#2635 = VECTOR('',#2636,1.);
#2636 = DIRECTION('',(1.,-1.224646799147E-16,0.));
#2637 = ORIENTED_EDGE('',*,*,#2638,.F.);
#2638 = EDGE_CURVE('',#2639,#2631,#2641,.T.);
#2639 = VERTEX_POINT('',#2640);
#2640 = CARTESIAN_POINT('',(9.94999975,0.289167227259,7.721217693382));
#2641 = LINE('',#2642,#2643);
#2642 = CARTESIAN_POINT('',(9.94999975,0.289167227259,7.721217693382));
#2643 = VECTOR('',#2644,1.);
#2644 = DIRECTION('',(1.499759782662E-32,1.224646799147E-16,-1.));
#2645 = ORIENTED_EDGE('',*,*,#2646,.T.);
#2646 = EDGE_CURVE('',#2639,#1748,#2647,.T.);
#2647 = LINE('',#2648,#2649);
#2648 = CARTESIAN_POINT('',(9.94999975,0.289167227259,7.721217693382));
#2649 = VECTOR('',#2650,1.);
#2650 = DIRECTION('',(1.,-1.224646799147E-16,0.));
#2651 = ORIENTED_EDGE('',*,*,#1747,.T.);
#2652 = ORIENTED_EDGE('',*,*,#1637,.F.);
#2653 = ORIENTED_EDGE('',*,*,#1383,.F.);
#2654 = ORIENTED_EDGE('',*,*,#2655,.F.);
#2655 = EDGE_CURVE('',#2656,#1376,#2658,.T.);
#2656 = VERTEX_POINT('',#2657);
#2657 = CARTESIAN_POINT('',(10.62499975,0.289167227259,2.651217693382));
#2658 = LINE('',#2659,#2660);
#2659 = CARTESIAN_POINT('',(10.62499975,0.289167227259,2.651217693382));
#2660 = VECTOR('',#2661,1.);
#2661 = DIRECTION('',(1.,-1.224646799147E-16,0.));
#2662 = ORIENTED_EDGE('',*,*,#2663,.T.);
#2663 = EDGE_CURVE('',#2656,#2664,#2666,.T.);
#2664 = VERTEX_POINT('',#2665);
#2665 = CARTESIAN_POINT('',(10.62499975,0.289167227259,5.077407590802));
#2666 = LINE('',#2667,#2668);
#2667 = CARTESIAN_POINT('',(10.62499975,0.289167227259,2.651217693382));
#2668 = VECTOR('',#2669,1.);
#2669 = DIRECTION('',(-1.499759782662E-32,-1.224646799147E-16,1.));
#2670 = ORIENTED_EDGE('',*,*,#2671,.F.);
#2671 = EDGE_CURVE('',#2672,#2664,#2674,.T.);
#2672 = VERTEX_POINT('',#2673);
#2673 = CARTESIAN_POINT('',(10.37499975,0.289167227259,5.077407590802));
#2674 = LINE('',#2675,#2676);
#2675 = CARTESIAN_POINT('',(10.37499975,0.289167227259,5.077407590802));
#2676 = VECTOR('',#2677,1.);
#2677 = DIRECTION('',(1.,-1.224646799147E-16,0.));
#2678 = ORIENTED_EDGE('',*,*,#2679,.F.);
#2679 = EDGE_CURVE('',#2341,#2672,#2680,.T.);
#2680 = LINE('',#2681,#2682);
#2681 = CARTESIAN_POINT('',(10.37499975,0.289167227259,2.651217693382));
#2682 = VECTOR('',#2683,1.);
#2683 = DIRECTION('',(-1.499759782662E-32,-1.224646799147E-16,1.));
#2684 = PLANE('',#2685);
#2685 = AXIS2_PLACEMENT_3D('',#2686,#2687,#2688);
#2686 = CARTESIAN_POINT('',(1.99999975,0.289167227259,7.921217693382));
#2687 = DIRECTION('',(-1.224646799147E-16,-1.,-1.224646799147E-16));
#2688 = DIRECTION('',(-1.499759782662E-32,-1.224646799147E-16,1.));
#2689 = ADVANCED_FACE('',(#2690),#2731,.F.);
#2690 = FACE_BOUND('',#2691,.T.);
#2691 = EDGE_LOOP('',(#2692,#2700,#2708,#2716,#2724,#2730));
#2692 = ORIENTED_EDGE('',*,*,#2693,.F.);
#2693 = EDGE_CURVE('',#2694,#683,#2696,.T.);
#2694 = VERTEX_POINT('',#2695);
#2695 = CARTESIAN_POINT('',(10.37499975,2.249167227259,-3.128782306618)
  );
#2696 = LINE('',#2697,#2698);
#2697 = CARTESIAN_POINT('',(10.37499975,2.249167227259,-3.128782306618)
  );
#2698 = VECTOR('',#2699,1.);
#2699 = DIRECTION('',(-1.499759782662E-32,-1.224646799147E-16,1.));
#2700 = ORIENTED_EDGE('',*,*,#2701,.F.);
#2701 = EDGE_CURVE('',#2702,#2694,#2704,.T.);
#2702 = VERTEX_POINT('',#2703);
#2703 = CARTESIAN_POINT('',(10.37499975,2.089167227259,-3.428782306618)
  );
#2704 = LINE('',#2705,#2706);
#2705 = CARTESIAN_POINT('',(10.37499975,2.089167227259,-3.428782306618)
  );
#2706 = VECTOR('',#2707,1.);
#2707 = DIRECTION('',(5.763043760693E-17,0.470588235294,0.882352941176)
  );
#2708 = ORIENTED_EDGE('',*,*,#2709,.F.);
#2709 = EDGE_CURVE('',#2710,#2702,#2712,.T.);
#2710 = VERTEX_POINT('',#2711);
#2711 = CARTESIAN_POINT('',(10.37499975,1.899167227259,-3.428782306618)
  );
#2712 = LINE('',#2713,#2714);
#2713 = CARTESIAN_POINT('',(10.37499975,1.899167227259,-3.428782306618)
  );
#2714 = VECTOR('',#2715,1.);
#2715 = DIRECTION('',(1.224646799147E-16,1.,1.224646799147E-16));
#2716 = ORIENTED_EDGE('',*,*,#2717,.F.);
#2717 = EDGE_CURVE('',#2718,#2710,#2720,.T.);
#2718 = VERTEX_POINT('',#2719);
#2719 = CARTESIAN_POINT('',(10.37499975,1.749167227259,-3.128782306618)
  );
#2720 = LINE('',#2721,#2722);
#2721 = CARTESIAN_POINT('',(10.37499975,1.749167227259,-3.128782306618)
  );
#2722 = VECTOR('',#2723,1.);
#2723 = DIRECTION('',(5.476786982643E-17,0.4472135955,-0.894427191));
#2724 = ORIENTED_EDGE('',*,*,#2725,.F.);
#2725 = EDGE_CURVE('',#665,#2718,#2726,.T.);
#2726 = LINE('',#2727,#2728);
#2727 = CARTESIAN_POINT('',(10.37499975,1.749167227259,
    -2.878230661791E-02));
#2728 = VECTOR('',#2729,1.);
#2729 = DIRECTION('',(1.499759782662E-32,1.224646799147E-16,-1.));
#2730 = ORIENTED_EDGE('',*,*,#690,.T.);
#2731 = PLANE('',#2732);
#2732 = AXIS2_PLACEMENT_3D('',#2733,#2734,#2735);
#2733 = CARTESIAN_POINT('',(10.37499975,2.514167227259,4.741217693382));
#2734 = DIRECTION('',(1.,-1.224646799147E-16,0.));
#2735 = DIRECTION('',(1.499759782662E-32,1.224646799147E-16,-1.));
#2736 = ADVANCED_FACE('',(#2737),#2812,.F.);
#2737 = FACE_BOUND('',#2738,.T.);
#2738 = EDGE_LOOP('',(#2739,#2748,#2756,#2765,#2773,#2781,#2789,#2797,
    #2805,#2811));
#2739 = ORIENTED_EDGE('',*,*,#2740,.F.);
#2740 = EDGE_CURVE('',#2741,#2672,#2743,.T.);
#2741 = VERTEX_POINT('',#2742);
#2742 = CARTESIAN_POINT('',(10.37499975,0.399970541884,4.971832962871));
#2743 = CIRCLE('',#2744,0.15);
#2744 = AXIS2_PLACEMENT_3D('',#2745,#2746,#2747);
#2745 = CARTESIAN_POINT('',(10.37499975,0.255573866423,4.931217693382));
#2746 = DIRECTION('',(1.,-1.224646799147E-16,0.));
#2747 = DIRECTION('',(1.17889950941E-16,0.962644503077,0.27076846326));
#2748 = ORIENTED_EDGE('',*,*,#2749,.F.);
#2749 = EDGE_CURVE('',#2750,#2741,#2752,.T.);
#2750 = VERTEX_POINT('',#2751);
#2751 = CARTESIAN_POINT('',(10.37499975,0.607292314716,4.234756116545));
#2752 = LINE('',#2753,#2754);
#2753 = CARTESIAN_POINT('',(10.37499975,0.607292314716,4.234756116545));
#2754 = VECTOR('',#2755,1.);
#2755 = DIRECTION('',(-3.315957318415E-17,-0.27076846326,0.962644503077)
  );
#2756 = ORIENTED_EDGE('',*,*,#2757,.F.);
#2757 = EDGE_CURVE('',#2758,#2750,#2760,.T.);
#2758 = VERTEX_POINT('',#2759);
#2759 = CARTESIAN_POINT('',(10.37499975,0.604111262246,4.199322669419));
#2760 = CIRCLE('',#2761,5.E-02);
#2761 = AXIS2_PLACEMENT_3D('',#2762,#2763,#2764);
#2762 = CARTESIAN_POINT('',(10.37499975,0.559160089562,4.221217693382));
#2763 = DIRECTION('',(1.,-1.224646799147E-16,6.162975822039E-33));
#2764 = DIRECTION('',(1.100986194907E-16,0.89902345368,-0.437900479257)
  );
#2765 = ORIENTED_EDGE('',*,*,#2766,.F.);
#2766 = EDGE_CURVE('',#2767,#2758,#2769,.T.);
#2767 = VERTEX_POINT('',#2768);
#2768 = CARTESIAN_POINT('',(10.37499975,0.449167227259,3.881217693382));
#2769 = LINE('',#2770,#2771);
#2770 = CARTESIAN_POINT('',(10.37499975,0.449167227259,3.881217693382));
#2771 = VECTOR('',#2772,1.);
#2772 = DIRECTION('',(5.362734202678E-17,0.437900479257,0.89902345368));
#2773 = ORIENTED_EDGE('',*,*,#2774,.F.);
#2774 = EDGE_CURVE('',#2775,#2767,#2777,.T.);
#2775 = VERTEX_POINT('',#2776);
#2776 = CARTESIAN_POINT('',(10.37499975,0.449167227259,2.581217693382));
#2777 = LINE('',#2778,#2779);
#2778 = CARTESIAN_POINT('',(10.37499975,0.449167227259,2.581217693382));
#2779 = VECTOR('',#2780,1.);
#2780 = DIRECTION('',(-1.499759782662E-32,-1.224646799147E-16,1.));
#2781 = ORIENTED_EDGE('',*,*,#2782,.F.);
#2782 = EDGE_CURVE('',#2783,#2775,#2785,.T.);
#2783 = VERTEX_POINT('',#2784);
#2784 = CARTESIAN_POINT('',(10.37499975,1.379167227259,2.581217693382));
#2785 = LINE('',#2786,#2787);
#2786 = CARTESIAN_POINT('',(10.37499975,1.379167227259,2.581217693382));
#2787 = VECTOR('',#2788,1.);
#2788 = DIRECTION('',(-1.224646799147E-16,-1.,-1.224646799147E-16));
#2789 = ORIENTED_EDGE('',*,*,#2790,.F.);
#2790 = EDGE_CURVE('',#2791,#2783,#2793,.T.);
#2791 = VERTEX_POINT('',#2792);
#2792 = CARTESIAN_POINT('',(10.37499975,1.379167227259,2.471217693382));
#2793 = LINE('',#2794,#2795);
#2794 = CARTESIAN_POINT('',(10.37499975,1.379167227259,2.471217693382));
#2795 = VECTOR('',#2796,1.);
#2796 = DIRECTION('',(-1.499759782662E-32,-1.224646799147E-16,1.));
#2797 = ORIENTED_EDGE('',*,*,#2798,.F.);
#2798 = EDGE_CURVE('',#2799,#2791,#2801,.T.);
#2799 = VERTEX_POINT('',#2800);
#2800 = CARTESIAN_POINT('',(10.37499975,0.489167227259,2.471217693382));
#2801 = LINE('',#2802,#2803);
#2802 = CARTESIAN_POINT('',(10.37499975,0.489167227259,2.471217693382));
#2803 = VECTOR('',#2804,1.);
#2804 = DIRECTION('',(1.224646799147E-16,1.,1.224646799147E-16));
#2805 = ORIENTED_EDGE('',*,*,#2806,.F.);
#2806 = EDGE_CURVE('',#2341,#2799,#2807,.T.);
#2807 = LINE('',#2808,#2809);
#2808 = CARTESIAN_POINT('',(10.37499975,0.289167227259,2.651217693382));
#2809 = VECTOR('',#2810,1.);
#2810 = DIRECTION('',(9.102727970266E-17,0.743294146247,-0.668964731622)
  );
#2811 = ORIENTED_EDGE('',*,*,#2679,.T.);
#2812 = PLANE('',#2813);
#2813 = AXIS2_PLACEMENT_3D('',#2814,#2815,#2816);
#2814 = CARTESIAN_POINT('',(10.37499975,2.514167227259,4.741217693382));
#2815 = DIRECTION('',(1.,-1.224646799147E-16,0.));
#2816 = DIRECTION('',(1.499759782662E-32,1.224646799147E-16,-1.));
#2817 = ADVANCED_FACE('',(#2818),#2844,.F.);
#2818 = FACE_BOUND('',#2819,.T.);
#2819 = EDGE_LOOP('',(#2820,#2828,#2837,#2843));
#2820 = ORIENTED_EDGE('',*,*,#2821,.F.);
#2821 = EDGE_CURVE('',#2822,#1242,#2824,.T.);
#2822 = VERTEX_POINT('',#2823);
#2823 = CARTESIAN_POINT('',(10.37499975,1.431027864408,4.467679270219));
#2824 = LINE('',#2825,#2826);
#2825 = CARTESIAN_POINT('',(10.37499975,1.431027864408,4.467679270219));
#2826 = VECTOR('',#2827,1.);
#2827 = DIRECTION('',(3.315957318415E-17,0.27076846326,-0.962644503077)
  );
#2828 = ORIENTED_EDGE('',*,*,#2829,.F.);
#2829 = EDGE_CURVE('',#2830,#2822,#2832,.T.);
#2830 = VERTEX_POINT('',#2831);
#2831 = CARTESIAN_POINT('',(10.37499975,1.434208916878,4.503112717345));
#2832 = CIRCLE('',#2833,5.E-02);
#2833 = AXIS2_PLACEMENT_3D('',#2834,#2835,#2836);
#2834 = CARTESIAN_POINT('',(10.37499975,1.479160089562,4.481217693382));
#2835 = DIRECTION('',(1.,-1.224646799147E-16,6.162975822039E-33));
#2836 = DIRECTION('',(-1.100986194907E-16,-0.89902345368,0.437900479257)
  );
#2837 = ORIENTED_EDGE('',*,*,#2838,.F.);
#2838 = EDGE_CURVE('',#1224,#2830,#2839,.T.);
#2839 = LINE('',#2840,#2841);
#2840 = CARTESIAN_POINT('',(10.37499975,1.649167227259,4.944428887914));
#2841 = VECTOR('',#2842,1.);
#2842 = DIRECTION('',(-5.362734202678E-17,-0.437900479257,-0.89902345368
    ));
#2843 = ORIENTED_EDGE('',*,*,#1249,.F.);
#2844 = PLANE('',#2845);
#2845 = AXIS2_PLACEMENT_3D('',#2846,#2847,#2848);
#2846 = CARTESIAN_POINT('',(10.37499975,2.514167227259,4.741217693382));
#2847 = DIRECTION('',(1.,-1.224646799147E-16,0.));
#2848 = DIRECTION('',(1.499759782662E-32,1.224646799147E-16,-1.));
#2849 = ADVANCED_FACE('',(#2850),#2868,.T.);
#2850 = FACE_BOUND('',#2851,.T.);
#2851 = EDGE_LOOP('',(#2852,#2853,#2861,#2867));
#2852 = ORIENTED_EDGE('',*,*,#2725,.T.);
#2853 = ORIENTED_EDGE('',*,*,#2854,.T.);
#2854 = EDGE_CURVE('',#2718,#2855,#2857,.T.);
#2855 = VERTEX_POINT('',#2856);
#2856 = CARTESIAN_POINT('',(10.62499975,1.749167227259,-3.128782306618)
  );
#2857 = LINE('',#2858,#2859);
#2858 = CARTESIAN_POINT('',(10.37499975,1.749167227259,-3.128782306618)
  );
#2859 = VECTOR('',#2860,1.);
#2860 = DIRECTION('',(1.,-1.224646799147E-16,0.));
#2861 = ORIENTED_EDGE('',*,*,#2862,.F.);
#2862 = EDGE_CURVE('',#667,#2855,#2863,.T.);
#2863 = LINE('',#2864,#2865);
#2864 = CARTESIAN_POINT('',(10.62499975,1.749167227259,
    -2.878230661791E-02));
#2865 = VECTOR('',#2866,1.);
#2866 = DIRECTION('',(1.499759782662E-32,1.224646799147E-16,-1.));
#2867 = ORIENTED_EDGE('',*,*,#664,.F.);
#2868 = PLANE('',#2869);
#2869 = AXIS2_PLACEMENT_3D('',#2870,#2871,#2872);
#2870 = CARTESIAN_POINT('',(10.37499975,1.749167227259,
    -1.878230661791E-02));
#2871 = DIRECTION('',(-1.224646799147E-16,-1.,-1.224646799147E-16));
#2872 = DIRECTION('',(-1.499759782662E-32,-1.224646799147E-16,1.));
#2873 = ADVANCED_FACE('',(#2874),#2908,.T.);
#2874 = FACE_BOUND('',#2875,.T.);
#2875 = EDGE_LOOP('',(#2876,#2877,#2885,#2893,#2901,#2907));
#2876 = ORIENTED_EDGE('',*,*,#2862,.T.);
#2877 = ORIENTED_EDGE('',*,*,#2878,.T.);
#2878 = EDGE_CURVE('',#2855,#2879,#2881,.T.);
#2879 = VERTEX_POINT('',#2880);
#2880 = CARTESIAN_POINT('',(10.62499975,1.899167227259,-3.428782306618)
  );
#2881 = LINE('',#2882,#2883);
#2882 = CARTESIAN_POINT('',(10.62499975,1.749167227259,-3.128782306618)
  );
#2883 = VECTOR('',#2884,1.);
#2884 = DIRECTION('',(5.476786982643E-17,0.4472135955,-0.894427191));
#2885 = ORIENTED_EDGE('',*,*,#2886,.T.);
#2886 = EDGE_CURVE('',#2879,#2887,#2889,.T.);
#2887 = VERTEX_POINT('',#2888);
#2888 = CARTESIAN_POINT('',(10.62499975,2.089167227259,-3.428782306618)
  );
#2889 = LINE('',#2890,#2891);
#2890 = CARTESIAN_POINT('',(10.62499975,1.899167227259,-3.428782306618)
  );
#2891 = VECTOR('',#2892,1.);
#2892 = DIRECTION('',(1.224646799147E-16,1.,1.224646799147E-16));
#2893 = ORIENTED_EDGE('',*,*,#2894,.T.);
#2894 = EDGE_CURVE('',#2887,#2895,#2897,.T.);
#2895 = VERTEX_POINT('',#2896);
#2896 = CARTESIAN_POINT('',(10.62499975,2.249167227259,-3.128782306618)
  );
#2897 = LINE('',#2898,#2899);
#2898 = CARTESIAN_POINT('',(10.62499975,2.089167227259,-3.428782306618)
  );
#2899 = VECTOR('',#2900,1.);
#2900 = DIRECTION('',(5.763043760693E-17,0.470588235294,0.882352941176)
  );
#2901 = ORIENTED_EDGE('',*,*,#2902,.T.);
#2902 = EDGE_CURVE('',#2895,#675,#2903,.T.);
#2903 = LINE('',#2904,#2905);
#2904 = CARTESIAN_POINT('',(10.62499975,2.249167227259,-3.128782306618)
  );
#2905 = VECTOR('',#2906,1.);
#2906 = DIRECTION('',(-1.499759782662E-32,-1.224646799147E-16,1.));
#2907 = ORIENTED_EDGE('',*,*,#674,.F.);
#2908 = PLANE('',#2909);
#2909 = AXIS2_PLACEMENT_3D('',#2910,#2911,#2912);
#2910 = CARTESIAN_POINT('',(10.62499975,2.514167227259,4.741217693382));
#2911 = DIRECTION('',(1.,-1.224646799147E-16,0.));
#2912 = DIRECTION('',(1.499759782662E-32,1.224646799147E-16,-1.));
#2913 = ADVANCED_FACE('',(#2914),#2989,.T.);
#2914 = FACE_BOUND('',#2915,.T.);
#2915 = EDGE_LOOP('',(#2916,#2924,#2932,#2940,#2948,#2956,#2964,#2973,
    #2981,#2988));
#2916 = ORIENTED_EDGE('',*,*,#2917,.T.);
#2917 = EDGE_CURVE('',#2656,#2918,#2920,.T.);
#2918 = VERTEX_POINT('',#2919);
#2919 = CARTESIAN_POINT('',(10.62499975,0.489167227259,2.471217693382));
#2920 = LINE('',#2921,#2922);
#2921 = CARTESIAN_POINT('',(10.62499975,0.289167227259,2.651217693382));
#2922 = VECTOR('',#2923,1.);
#2923 = DIRECTION('',(9.102727970266E-17,0.743294146247,-0.668964731622)
  );
#2924 = ORIENTED_EDGE('',*,*,#2925,.T.);
#2925 = EDGE_CURVE('',#2918,#2926,#2928,.T.);
#2926 = VERTEX_POINT('',#2927);
#2927 = CARTESIAN_POINT('',(10.62499975,1.379167227259,2.471217693382));
#2928 = LINE('',#2929,#2930);
#2929 = CARTESIAN_POINT('',(10.62499975,0.489167227259,2.471217693382));
#2930 = VECTOR('',#2931,1.);
#2931 = DIRECTION('',(1.224646799147E-16,1.,1.224646799147E-16));
#2932 = ORIENTED_EDGE('',*,*,#2933,.T.);
#2933 = EDGE_CURVE('',#2926,#2934,#2936,.T.);
#2934 = VERTEX_POINT('',#2935);
#2935 = CARTESIAN_POINT('',(10.62499975,1.379167227259,2.581217693382));
#2936 = LINE('',#2937,#2938);
#2937 = CARTESIAN_POINT('',(10.62499975,1.379167227259,2.471217693382));
#2938 = VECTOR('',#2939,1.);
#2939 = DIRECTION('',(-1.499759782662E-32,-1.224646799147E-16,1.));
#2940 = ORIENTED_EDGE('',*,*,#2941,.T.);
#2941 = EDGE_CURVE('',#2934,#2942,#2944,.T.);
#2942 = VERTEX_POINT('',#2943);
#2943 = CARTESIAN_POINT('',(10.62499975,0.449167227259,2.581217693382));
#2944 = LINE('',#2945,#2946);
#2945 = CARTESIAN_POINT('',(10.62499975,1.379167227259,2.581217693382));
#2946 = VECTOR('',#2947,1.);
#2947 = DIRECTION('',(-1.224646799147E-16,-1.,-1.224646799147E-16));
#2948 = ORIENTED_EDGE('',*,*,#2949,.T.);
#2949 = EDGE_CURVE('',#2942,#2950,#2952,.T.);
#2950 = VERTEX_POINT('',#2951);
#2951 = CARTESIAN_POINT('',(10.62499975,0.449167227259,3.881217693382));
#2952 = LINE('',#2953,#2954);
#2953 = CARTESIAN_POINT('',(10.62499975,0.449167227259,2.581217693382));
#2954 = VECTOR('',#2955,1.);
#2955 = DIRECTION('',(-1.499759782662E-32,-1.224646799147E-16,1.));
#2956 = ORIENTED_EDGE('',*,*,#2957,.T.);
#2957 = EDGE_CURVE('',#2950,#2958,#2960,.T.);
#2958 = VERTEX_POINT('',#2959);
#2959 = CARTESIAN_POINT('',(10.62499975,0.604111262246,4.199322669419));
#2960 = LINE('',#2961,#2962);
#2961 = CARTESIAN_POINT('',(10.62499975,0.449167227259,3.881217693382));
#2962 = VECTOR('',#2963,1.);
#2963 = DIRECTION('',(5.362734202678E-17,0.437900479257,0.89902345368));
#2964 = ORIENTED_EDGE('',*,*,#2965,.T.);
#2965 = EDGE_CURVE('',#2958,#2966,#2968,.T.);
#2966 = VERTEX_POINT('',#2967);
#2967 = CARTESIAN_POINT('',(10.62499975,0.607292314716,4.234756116545));
#2968 = CIRCLE('',#2969,5.E-02);
#2969 = AXIS2_PLACEMENT_3D('',#2970,#2971,#2972);
#2970 = CARTESIAN_POINT('',(10.62499975,0.559160089562,4.221217693382));
#2971 = DIRECTION('',(1.,-1.224646799147E-16,6.162975822039E-33));
#2972 = DIRECTION('',(1.100986194907E-16,0.89902345368,-0.437900479257)
  );
#2973 = ORIENTED_EDGE('',*,*,#2974,.T.);
#2974 = EDGE_CURVE('',#2966,#2975,#2977,.T.);
#2975 = VERTEX_POINT('',#2976);
#2976 = CARTESIAN_POINT('',(10.62499975,0.399970541884,4.971832962871));
#2977 = LINE('',#2978,#2979);
#2978 = CARTESIAN_POINT('',(10.62499975,0.607292314716,4.234756116545));
#2979 = VECTOR('',#2980,1.);
#2980 = DIRECTION('',(-3.315957318415E-17,-0.27076846326,0.962644503077)
  );
#2981 = ORIENTED_EDGE('',*,*,#2982,.T.);
#2982 = EDGE_CURVE('',#2975,#2664,#2983,.T.);
#2983 = CIRCLE('',#2984,0.15);
#2984 = AXIS2_PLACEMENT_3D('',#2985,#2986,#2987);
#2985 = CARTESIAN_POINT('',(10.62499975,0.255573866423,4.931217693382));
#2986 = DIRECTION('',(1.,-1.224646799147E-16,0.));
#2987 = DIRECTION('',(1.17889950941E-16,0.962644503077,0.27076846326));
#2988 = ORIENTED_EDGE('',*,*,#2663,.F.);
#2989 = PLANE('',#2990);
#2990 = AXIS2_PLACEMENT_3D('',#2991,#2992,#2993);
#2991 = CARTESIAN_POINT('',(10.62499975,2.514167227259,4.741217693382));
#2992 = DIRECTION('',(1.,-1.224646799147E-16,0.));
#2993 = DIRECTION('',(1.499759782662E-32,1.224646799147E-16,-1.));
#2994 = ADVANCED_FACE('',(#2995),#3021,.T.);
#2995 = FACE_BOUND('',#2996,.T.);
#2996 = EDGE_LOOP('',(#2997,#3005,#3014,#3020));
#2997 = ORIENTED_EDGE('',*,*,#2998,.T.);
#2998 = EDGE_CURVE('',#1226,#2999,#3001,.T.);
#2999 = VERTEX_POINT('',#3000);
#3000 = CARTESIAN_POINT('',(10.62499975,1.434208916878,4.503112717345));
#3001 = LINE('',#3002,#3003);
#3002 = CARTESIAN_POINT('',(10.62499975,1.649167227259,4.944428887914));
#3003 = VECTOR('',#3004,1.);
#3004 = DIRECTION('',(-5.362734202678E-17,-0.437900479257,-0.89902345368
    ));
#3005 = ORIENTED_EDGE('',*,*,#3006,.T.);
#3006 = EDGE_CURVE('',#2999,#3007,#3009,.T.);
#3007 = VERTEX_POINT('',#3008);
#3008 = CARTESIAN_POINT('',(10.62499975,1.431027864408,4.467679270219));
#3009 = CIRCLE('',#3010,5.E-02);
#3010 = AXIS2_PLACEMENT_3D('',#3011,#3012,#3013);
#3011 = CARTESIAN_POINT('',(10.62499975,1.479160089562,4.481217693382));
#3012 = DIRECTION('',(1.,-1.224646799147E-16,6.162975822039E-33));
#3013 = DIRECTION('',(-1.100986194907E-16,-0.89902345368,0.437900479257)
  );
#3014 = ORIENTED_EDGE('',*,*,#3015,.T.);
#3015 = EDGE_CURVE('',#3007,#1234,#3016,.T.);
#3016 = LINE('',#3017,#3018);
#3017 = CARTESIAN_POINT('',(10.62499975,1.431027864408,4.467679270219));
#3018 = VECTOR('',#3019,1.);
#3019 = DIRECTION('',(3.315957318415E-17,0.27076846326,-0.962644503077)
  );
#3020 = ORIENTED_EDGE('',*,*,#1233,.T.);
#3021 = PLANE('',#3022);
#3022 = AXIS2_PLACEMENT_3D('',#3023,#3024,#3025);
#3023 = CARTESIAN_POINT('',(10.62499975,2.514167227259,4.741217693382));
#3024 = DIRECTION('',(1.,-1.224646799147E-16,0.));
#3025 = DIRECTION('',(1.499759782662E-32,1.224646799147E-16,-1.));
#3026 = ADVANCED_FACE('',(#3027),#3038,.T.);
#3027 = FACE_BOUND('',#3028,.T.);
#3028 = EDGE_LOOP('',(#3029,#3030,#3036,#3037));
#3029 = ORIENTED_EDGE('',*,*,#2902,.F.);
#3030 = ORIENTED_EDGE('',*,*,#3031,.F.);
#3031 = EDGE_CURVE('',#2694,#2895,#3032,.T.);
#3032 = LINE('',#3033,#3034);
#3033 = CARTESIAN_POINT('',(10.37499975,2.249167227259,-3.128782306618)
  );
#3034 = VECTOR('',#3035,1.);
#3035 = DIRECTION('',(1.,-1.224646799147E-16,0.));
#3036 = ORIENTED_EDGE('',*,*,#2693,.T.);
#3037 = ORIENTED_EDGE('',*,*,#682,.T.);
#3038 = PLANE('',#3039);
#3039 = AXIS2_PLACEMENT_3D('',#3040,#3041,#3042);
#3040 = CARTESIAN_POINT('',(10.37499975,2.249167227259,-3.128782306618)
  );
#3041 = DIRECTION('',(1.224646799147E-16,1.,1.224646799147E-16));
#3042 = DIRECTION('',(-1.,1.224646799147E-16,0.));
#3043 = ADVANCED_FACE('',(#3044),#3055,.T.);
#3044 = FACE_BOUND('',#3045,.T.);
#3045 = EDGE_LOOP('',(#3046,#3047,#3048,#3054));
#3046 = ORIENTED_EDGE('',*,*,#3031,.T.);
#3047 = ORIENTED_EDGE('',*,*,#2894,.F.);
#3048 = ORIENTED_EDGE('',*,*,#3049,.F.);
#3049 = EDGE_CURVE('',#2702,#2887,#3050,.T.);
#3050 = LINE('',#3051,#3052);
#3051 = CARTESIAN_POINT('',(10.37499975,2.089167227259,-3.428782306618)
  );
#3052 = VECTOR('',#3053,1.);
#3053 = DIRECTION('',(1.,-1.224646799147E-16,0.));
#3054 = ORIENTED_EDGE('',*,*,#2701,.T.);
#3055 = PLANE('',#3056);
#3056 = AXIS2_PLACEMENT_3D('',#3057,#3058,#3059);
#3057 = CARTESIAN_POINT('',(10.37499975,2.089167227259,-3.428782306618)
  );
#3058 = DIRECTION('',(1.08057070513E-16,0.882352941176,-0.470588235294)
  );
#3059 = DIRECTION('',(-1.,1.224646799147E-16,0.));
#3060 = ADVANCED_FACE('',(#3061),#3072,.T.);
#3061 = FACE_BOUND('',#3062,.T.);
#3062 = EDGE_LOOP('',(#3063,#3064,#3065,#3071));
#3063 = ORIENTED_EDGE('',*,*,#3049,.T.);
#3064 = ORIENTED_EDGE('',*,*,#2886,.F.);
#3065 = ORIENTED_EDGE('',*,*,#3066,.F.);
#3066 = EDGE_CURVE('',#2710,#2879,#3067,.T.);
#3067 = LINE('',#3068,#3069);
#3068 = CARTESIAN_POINT('',(10.37499975,1.899167227259,-3.428782306618)
  );
#3069 = VECTOR('',#3070,1.);
#3070 = DIRECTION('',(1.,-1.224646799147E-16,0.));
#3071 = ORIENTED_EDGE('',*,*,#2709,.T.);
#3072 = PLANE('',#3073);
#3073 = AXIS2_PLACEMENT_3D('',#3074,#3075,#3076);
#3074 = CARTESIAN_POINT('',(10.37499975,1.899167227259,-3.428782306618)
  );
#3075 = DIRECTION('',(1.499759782662E-32,1.224646799147E-16,-1.));
#3076 = DIRECTION('',(-1.,1.224646799147E-16,0.));
#3077 = ADVANCED_FACE('',(#3078),#3084,.T.);
#3078 = FACE_BOUND('',#3079,.T.);
#3079 = EDGE_LOOP('',(#3080,#3081,#3082,#3083));
#3080 = ORIENTED_EDGE('',*,*,#3066,.T.);
#3081 = ORIENTED_EDGE('',*,*,#2878,.F.);
#3082 = ORIENTED_EDGE('',*,*,#2854,.F.);
#3083 = ORIENTED_EDGE('',*,*,#2717,.T.);
#3084 = PLANE('',#3085);
#3085 = AXIS2_PLACEMENT_3D('',#3086,#3087,#3088);
#3086 = CARTESIAN_POINT('',(10.37499975,1.749167227259,-3.128782306618)
  );
#3087 = DIRECTION('',(-1.095357396528E-16,-0.894427191,-0.4472135955));
#3088 = DIRECTION('',(1.,-1.224646799147E-16,0.));
#3089 = ADVANCED_FACE('',(#3090),#3101,.T.);
#3090 = FACE_BOUND('',#3091,.T.);
#3091 = EDGE_LOOP('',(#3092,#3093,#3099,#3100));
#3092 = ORIENTED_EDGE('',*,*,#2982,.F.);
#3093 = ORIENTED_EDGE('',*,*,#3094,.F.);
#3094 = EDGE_CURVE('',#2741,#2975,#3095,.T.);
#3095 = LINE('',#3096,#3097);
#3096 = CARTESIAN_POINT('',(10.37499975,0.399970541884,4.971832962871));
#3097 = VECTOR('',#3098,1.);
#3098 = DIRECTION('',(1.,-1.224646799147E-16,0.));
#3099 = ORIENTED_EDGE('',*,*,#2740,.T.);
#3100 = ORIENTED_EDGE('',*,*,#2671,.T.);
#3101 = CYLINDRICAL_SURFACE('',#3102,0.15);
#3102 = AXIS2_PLACEMENT_3D('',#3103,#3104,#3105);
#3103 = CARTESIAN_POINT('',(10.37499975,0.255573866423,4.931217693382));
#3104 = DIRECTION('',(-1.,1.224646799147E-16,0.));
#3105 = DIRECTION('',(1.499759782662E-32,1.224646799147E-16,-1.));
#3106 = ADVANCED_FACE('',(#3107),#3118,.T.);
#3107 = FACE_BOUND('',#3108,.T.);
#3108 = EDGE_LOOP('',(#3109,#3110,#3111,#3117));
#3109 = ORIENTED_EDGE('',*,*,#3094,.T.);
#3110 = ORIENTED_EDGE('',*,*,#2974,.F.);
#3111 = ORIENTED_EDGE('',*,*,#3112,.F.);
#3112 = EDGE_CURVE('',#2750,#2966,#3113,.T.);
#3113 = LINE('',#3114,#3115);
#3114 = CARTESIAN_POINT('',(10.37499975,0.607292314716,4.234756116545));
#3115 = VECTOR('',#3116,1.);
#3116 = DIRECTION('',(1.,-1.224646799147E-16,0.));
#3117 = ORIENTED_EDGE('',*,*,#2749,.T.);
#3118 = PLANE('',#3119);
#3119 = AXIS2_PLACEMENT_3D('',#3120,#3121,#3122);
#3120 = CARTESIAN_POINT('',(10.37499975,0.607292314716,4.234756116545));
#3121 = DIRECTION('',(1.17889950941E-16,0.962644503077,0.27076846326));
#3122 = DIRECTION('',(1.,-1.224646799147E-16,0.));
#3123 = ADVANCED_FACE('',(#3124),#3135,.T.);
#3124 = FACE_BOUND('',#3125,.T.);
#3125 = EDGE_LOOP('',(#3126,#3127,#3128,#3134));
#3126 = ORIENTED_EDGE('',*,*,#3112,.T.);
#3127 = ORIENTED_EDGE('',*,*,#2965,.F.);
#3128 = ORIENTED_EDGE('',*,*,#3129,.F.);
#3129 = EDGE_CURVE('',#2758,#2958,#3130,.T.);
#3130 = LINE('',#3131,#3132);
#3131 = CARTESIAN_POINT('',(10.37499975,0.604111262246,4.199322669419));
#3132 = VECTOR('',#3133,1.);
#3133 = DIRECTION('',(1.,-1.224646799147E-16,0.));
#3134 = ORIENTED_EDGE('',*,*,#2757,.T.);
#3135 = CYLINDRICAL_SURFACE('',#3136,5.E-02);
#3136 = AXIS2_PLACEMENT_3D('',#3137,#3138,#3139);
#3137 = CARTESIAN_POINT('',(10.37499975,0.559160089562,4.221217693382));
#3138 = DIRECTION('',(-1.,1.224646799147E-16,0.));
#3139 = DIRECTION('',(1.499759782662E-32,1.224646799147E-16,-1.));
#3140 = ADVANCED_FACE('',(#3141),#3152,.T.);
#3141 = FACE_BOUND('',#3142,.T.);
#3142 = EDGE_LOOP('',(#3143,#3144,#3145,#3151));
#3143 = ORIENTED_EDGE('',*,*,#3129,.T.);
#3144 = ORIENTED_EDGE('',*,*,#2957,.F.);
#3145 = ORIENTED_EDGE('',*,*,#3146,.F.);
#3146 = EDGE_CURVE('',#2767,#2950,#3147,.T.);
#3147 = LINE('',#3148,#3149);
#3148 = CARTESIAN_POINT('',(10.37499975,0.449167227259,3.881217693382));
#3149 = VECTOR('',#3150,1.);
#3150 = DIRECTION('',(1.,-1.224646799147E-16,0.));
#3151 = ORIENTED_EDGE('',*,*,#2766,.T.);
#3152 = PLANE('',#3153);
#3153 = AXIS2_PLACEMENT_3D('',#3154,#3155,#3156);
#3154 = CARTESIAN_POINT('',(10.37499975,0.449167227259,3.881217693382));
#3155 = DIRECTION('',(1.100986194907E-16,0.89902345368,-0.437900479257)
  );
#3156 = DIRECTION('',(-1.,1.224646799147E-16,0.));
#3157 = ADVANCED_FACE('',(#3158),#3169,.T.);
#3158 = FACE_BOUND('',#3159,.T.);
#3159 = EDGE_LOOP('',(#3160,#3161,#3162,#3168));
#3160 = ORIENTED_EDGE('',*,*,#3146,.T.);
#3161 = ORIENTED_EDGE('',*,*,#2949,.F.);
#3162 = ORIENTED_EDGE('',*,*,#3163,.F.);
#3163 = EDGE_CURVE('',#2775,#2942,#3164,.T.);
#3164 = LINE('',#3165,#3166);
#3165 = CARTESIAN_POINT('',(10.37499975,0.449167227259,2.581217693382));
#3166 = VECTOR('',#3167,1.);
#3167 = DIRECTION('',(1.,-1.224646799147E-16,0.));
#3168 = ORIENTED_EDGE('',*,*,#2774,.T.);
#3169 = PLANE('',#3170);
#3170 = AXIS2_PLACEMENT_3D('',#3171,#3172,#3173);
#3171 = CARTESIAN_POINT('',(10.37499975,0.449167227259,2.581217693382));
#3172 = DIRECTION('',(1.224646799147E-16,1.,1.224646799147E-16));
#3173 = DIRECTION('',(-1.,1.224646799147E-16,0.));
#3174 = ADVANCED_FACE('',(#3175),#3186,.T.);
#3175 = FACE_BOUND('',#3176,.T.);
#3176 = EDGE_LOOP('',(#3177,#3178,#3179,#3185));
#3177 = ORIENTED_EDGE('',*,*,#3163,.T.);
#3178 = ORIENTED_EDGE('',*,*,#2941,.F.);
#3179 = ORIENTED_EDGE('',*,*,#3180,.F.);
#3180 = EDGE_CURVE('',#2783,#2934,#3181,.T.);
#3181 = LINE('',#3182,#3183);
#3182 = CARTESIAN_POINT('',(10.37499975,1.379167227259,2.581217693382));
#3183 = VECTOR('',#3184,1.);
#3184 = DIRECTION('',(1.,-1.224646799147E-16,0.));
#3185 = ORIENTED_EDGE('',*,*,#2782,.T.);
#3186 = PLANE('',#3187);
#3187 = AXIS2_PLACEMENT_3D('',#3188,#3189,#3190);
#3188 = CARTESIAN_POINT('',(10.37499975,1.379167227259,2.581217693382));
#3189 = DIRECTION('',(-1.499759782662E-32,-1.224646799147E-16,1.));
#3190 = DIRECTION('',(-1.224646799147E-16,-1.,-1.224646799147E-16));
#3191 = ADVANCED_FACE('',(#3192),#3203,.T.);
#3192 = FACE_BOUND('',#3193,.T.);
#3193 = EDGE_LOOP('',(#3194,#3195,#3196,#3197));
#3194 = ORIENTED_EDGE('',*,*,#2790,.T.);
#3195 = ORIENTED_EDGE('',*,*,#3180,.T.);
#3196 = ORIENTED_EDGE('',*,*,#2933,.F.);
#3197 = ORIENTED_EDGE('',*,*,#3198,.F.);
#3198 = EDGE_CURVE('',#2791,#2926,#3199,.T.);
#3199 = LINE('',#3200,#3201);
#3200 = CARTESIAN_POINT('',(10.37499975,1.379167227259,2.471217693382));
#3201 = VECTOR('',#3202,1.);
#3202 = DIRECTION('',(1.,-1.224646799147E-16,0.));
#3203 = PLANE('',#3204);
#3204 = AXIS2_PLACEMENT_3D('',#3205,#3206,#3207);
#3205 = CARTESIAN_POINT('',(10.37499975,1.379167227259,2.001217693382));
#3206 = DIRECTION('',(1.224646799147E-16,1.,1.224646799147E-16));
#3207 = DIRECTION('',(-1.,1.224646799147E-16,0.));
#3208 = ADVANCED_FACE('',(#3209),#3444,.F.);
#3209 = FACE_BOUND('',#3210,.T.);
#3210 = EDGE_LOOP('',(#3211,#3212,#3213,#3219,#3220,#3221,#3222,#3228,
    #3229,#3237,#3245,#3253,#3261,#3269,#3277,#3285,#3293,#3301,#3309,
    #3317,#3325,#3333,#3341,#3349,#3357,#3365,#3373,#3381,#3389,#3397,
    #3405,#3413,#3421,#3429,#3437,#3443));
#3211 = ORIENTED_EDGE('',*,*,#3198,.T.);
#3212 = ORIENTED_EDGE('',*,*,#2925,.F.);
#3213 = ORIENTED_EDGE('',*,*,#3214,.F.);
#3214 = EDGE_CURVE('',#1368,#2918,#3215,.T.);
#3215 = LINE('',#3216,#3217);
#3216 = CARTESIAN_POINT('',(11.09999975,0.489167227259,2.471217693382));
#3217 = VECTOR('',#3218,1.);
#3218 = DIRECTION('',(-1.,1.224646799147E-16,0.));
#3219 = ORIENTED_EDGE('',*,*,#1367,.T.);
#3220 = ORIENTED_EDGE('',*,*,#1343,.T.);
#3221 = ORIENTED_EDGE('',*,*,#1319,.F.);
#3222 = ORIENTED_EDGE('',*,*,#3223,.F.);
#3223 = EDGE_CURVE('',#800,#1312,#3224,.T.);
#3224 = LINE('',#3225,#3226);
#3225 = CARTESIAN_POINT('',(-0.12500025,0.489167227259,2.471217693382));
#3226 = VECTOR('',#3227,1.);
#3227 = DIRECTION('',(-1.,1.224646799147E-16,0.));
#3228 = ORIENTED_EDGE('',*,*,#799,.T.);
#3229 = ORIENTED_EDGE('',*,*,#3230,.T.);
#3230 = EDGE_CURVE('',#802,#3231,#3233,.T.);
#3231 = VERTEX_POINT('',#3232);
#3232 = CARTESIAN_POINT('',(0.12499975,1.379167227259,2.471217693382));
#3233 = LINE('',#3234,#3235);
#3234 = CARTESIAN_POINT('',(-0.12500025,1.379167227259,2.471217693382));
#3235 = VECTOR('',#3236,1.);
#3236 = DIRECTION('',(1.,-1.224646799147E-16,0.));
#3237 = ORIENTED_EDGE('',*,*,#3238,.F.);
#3238 = EDGE_CURVE('',#3239,#3231,#3241,.T.);
#3239 = VERTEX_POINT('',#3240);
#3240 = CARTESIAN_POINT('',(0.12499975,0.489167227259,2.471217693382));
#3241 = LINE('',#3242,#3243);
#3242 = CARTESIAN_POINT('',(0.12499975,0.489167227259,2.471217693382));
#3243 = VECTOR('',#3244,1.);
#3244 = DIRECTION('',(1.224646799147E-16,1.,1.224646799147E-16));
#3245 = ORIENTED_EDGE('',*,*,#3246,.F.);
#3246 = EDGE_CURVE('',#3247,#3239,#3249,.T.);
#3247 = VERTEX_POINT('',#3248);
#3248 = CARTESIAN_POINT('',(1.37499975,0.489167227259,2.471217693382));
#3249 = LINE('',#3250,#3251);
#3250 = CARTESIAN_POINT('',(1.37499975,0.489167227259,2.471217693382));
#3251 = VECTOR('',#3252,1.);
#3252 = DIRECTION('',(-1.,1.224646799147E-16,0.));
#3253 = ORIENTED_EDGE('',*,*,#3254,.T.);
#3254 = EDGE_CURVE('',#3247,#3255,#3257,.T.);
#3255 = VERTEX_POINT('',#3256);
#3256 = CARTESIAN_POINT('',(1.37499975,1.379167227259,2.471217693382));
#3257 = LINE('',#3258,#3259);
#3258 = CARTESIAN_POINT('',(1.37499975,0.489167227259,2.471217693382));
#3259 = VECTOR('',#3260,1.);
#3260 = DIRECTION('',(1.224646799147E-16,1.,1.224646799147E-16));
#3261 = ORIENTED_EDGE('',*,*,#3262,.T.);
#3262 = EDGE_CURVE('',#3255,#3263,#3265,.T.);
#3263 = VERTEX_POINT('',#3264);
#3264 = CARTESIAN_POINT('',(1.62499975,1.379167227259,2.471217693382));
#3265 = LINE('',#3266,#3267);
#3266 = CARTESIAN_POINT('',(1.37499975,1.379167227259,2.471217693382));
#3267 = VECTOR('',#3268,1.);
#3268 = DIRECTION('',(1.,-1.224646799147E-16,0.));
#3269 = ORIENTED_EDGE('',*,*,#3270,.F.);
#3270 = EDGE_CURVE('',#3271,#3263,#3273,.T.);
#3271 = VERTEX_POINT('',#3272);
#3272 = CARTESIAN_POINT('',(1.62499975,0.489167227259,2.471217693382));
#3273 = LINE('',#3274,#3275);
#3274 = CARTESIAN_POINT('',(1.62499975,0.489167227259,2.471217693382));
#3275 = VECTOR('',#3276,1.);
#3276 = DIRECTION('',(1.224646799147E-16,1.,1.224646799147E-16));
#3277 = ORIENTED_EDGE('',*,*,#3278,.F.);
#3278 = EDGE_CURVE('',#3279,#3271,#3281,.T.);
#3279 = VERTEX_POINT('',#3280);
#3280 = CARTESIAN_POINT('',(2.87499975,0.489167227259,2.471217693382));
#3281 = LINE('',#3282,#3283);
#3282 = CARTESIAN_POINT('',(2.87499975,0.489167227259,2.471217693382));
#3283 = VECTOR('',#3284,1.);
#3284 = DIRECTION('',(-1.,1.224646799147E-16,0.));
#3285 = ORIENTED_EDGE('',*,*,#3286,.T.);
#3286 = EDGE_CURVE('',#3279,#3287,#3289,.T.);
#3287 = VERTEX_POINT('',#3288);
#3288 = CARTESIAN_POINT('',(2.87499975,1.379167227259,2.471217693382));
#3289 = LINE('',#3290,#3291);
#3290 = CARTESIAN_POINT('',(2.87499975,0.489167227259,2.471217693382));
#3291 = VECTOR('',#3292,1.);
#3292 = DIRECTION('',(1.224646799147E-16,1.,1.224646799147E-16));
#3293 = ORIENTED_EDGE('',*,*,#3294,.T.);
#3294 = EDGE_CURVE('',#3287,#3295,#3297,.T.);
#3295 = VERTEX_POINT('',#3296);
#3296 = CARTESIAN_POINT('',(3.12499975,1.379167227259,2.471217693382));
#3297 = LINE('',#3298,#3299);
#3298 = CARTESIAN_POINT('',(2.87499975,1.379167227259,2.471217693382));
#3299 = VECTOR('',#3300,1.);
#3300 = DIRECTION('',(1.,-1.224646799147E-16,0.));
#3301 = ORIENTED_EDGE('',*,*,#3302,.F.);
#3302 = EDGE_CURVE('',#3303,#3295,#3305,.T.);
#3303 = VERTEX_POINT('',#3304);
#3304 = CARTESIAN_POINT('',(3.12499975,0.489167227259,2.471217693382));
#3305 = LINE('',#3306,#3307);
#3306 = CARTESIAN_POINT('',(3.12499975,0.489167227259,2.471217693382));
#3307 = VECTOR('',#3308,1.);
#3308 = DIRECTION('',(1.224646799147E-16,1.,1.224646799147E-16));
#3309 = ORIENTED_EDGE('',*,*,#3310,.F.);
#3310 = EDGE_CURVE('',#3311,#3303,#3313,.T.);
#3311 = VERTEX_POINT('',#3312);
#3312 = CARTESIAN_POINT('',(4.37499975,0.489167227259,2.471217693382));
#3313 = LINE('',#3314,#3315);
#3314 = CARTESIAN_POINT('',(4.37499975,0.489167227259,2.471217693382));
#3315 = VECTOR('',#3316,1.);
#3316 = DIRECTION('',(-1.,1.224646799147E-16,0.));
#3317 = ORIENTED_EDGE('',*,*,#3318,.T.);
#3318 = EDGE_CURVE('',#3311,#3319,#3321,.T.);
#3319 = VERTEX_POINT('',#3320);
#3320 = CARTESIAN_POINT('',(4.37499975,1.379167227259,2.471217693382));
#3321 = LINE('',#3322,#3323);
#3322 = CARTESIAN_POINT('',(4.37499975,0.489167227259,2.471217693382));
#3323 = VECTOR('',#3324,1.);
#3324 = DIRECTION('',(1.224646799147E-16,1.,1.224646799147E-16));
#3325 = ORIENTED_EDGE('',*,*,#3326,.T.);
#3326 = EDGE_CURVE('',#3319,#3327,#3329,.T.);
#3327 = VERTEX_POINT('',#3328);
#3328 = CARTESIAN_POINT('',(4.62499975,1.379167227259,2.471217693382));
#3329 = LINE('',#3330,#3331);
#3330 = CARTESIAN_POINT('',(4.37499975,1.379167227259,2.471217693382));
#3331 = VECTOR('',#3332,1.);
#3332 = DIRECTION('',(1.,-1.224646799147E-16,0.));
#3333 = ORIENTED_EDGE('',*,*,#3334,.F.);
#3334 = EDGE_CURVE('',#3335,#3327,#3337,.T.);
#3335 = VERTEX_POINT('',#3336);
#3336 = CARTESIAN_POINT('',(4.62499975,0.489167227259,2.471217693382));
#3337 = LINE('',#3338,#3339);
#3338 = CARTESIAN_POINT('',(4.62499975,0.489167227259,2.471217693382));
#3339 = VECTOR('',#3340,1.);
#3340 = DIRECTION('',(1.224646799147E-16,1.,1.224646799147E-16));
#3341 = ORIENTED_EDGE('',*,*,#3342,.F.);
#3342 = EDGE_CURVE('',#3343,#3335,#3345,.T.);
#3343 = VERTEX_POINT('',#3344);
#3344 = CARTESIAN_POINT('',(5.87499975,0.489167227259,2.471217693382));
#3345 = LINE('',#3346,#3347);
#3346 = CARTESIAN_POINT('',(5.87499975,0.489167227259,2.471217693382));
#3347 = VECTOR('',#3348,1.);
#3348 = DIRECTION('',(-1.,1.224646799147E-16,0.));
#3349 = ORIENTED_EDGE('',*,*,#3350,.T.);
#3350 = EDGE_CURVE('',#3343,#3351,#3353,.T.);
#3351 = VERTEX_POINT('',#3352);
#3352 = CARTESIAN_POINT('',(5.87499975,1.379167227259,2.471217693382));
#3353 = LINE('',#3354,#3355);
#3354 = CARTESIAN_POINT('',(5.87499975,0.489167227259,2.471217693382));
#3355 = VECTOR('',#3356,1.);
#3356 = DIRECTION('',(1.224646799147E-16,1.,1.224646799147E-16));
#3357 = ORIENTED_EDGE('',*,*,#3358,.T.);
#3358 = EDGE_CURVE('',#3351,#3359,#3361,.T.);
#3359 = VERTEX_POINT('',#3360);
#3360 = CARTESIAN_POINT('',(6.12499975,1.379167227259,2.471217693382));
#3361 = LINE('',#3362,#3363);
#3362 = CARTESIAN_POINT('',(5.87499975,1.379167227259,2.471217693382));
#3363 = VECTOR('',#3364,1.);
#3364 = DIRECTION('',(1.,-1.224646799147E-16,0.));
#3365 = ORIENTED_EDGE('',*,*,#3366,.F.);
#3366 = EDGE_CURVE('',#3367,#3359,#3369,.T.);
#3367 = VERTEX_POINT('',#3368);
#3368 = CARTESIAN_POINT('',(6.12499975,0.489167227259,2.471217693382));
#3369 = LINE('',#3370,#3371);
#3370 = CARTESIAN_POINT('',(6.12499975,0.489167227259,2.471217693382));
#3371 = VECTOR('',#3372,1.);
#3372 = DIRECTION('',(1.224646799147E-16,1.,1.224646799147E-16));
#3373 = ORIENTED_EDGE('',*,*,#3374,.F.);
#3374 = EDGE_CURVE('',#3375,#3367,#3377,.T.);
#3375 = VERTEX_POINT('',#3376);
#3376 = CARTESIAN_POINT('',(7.37499975,0.489167227259,2.471217693382));
#3377 = LINE('',#3378,#3379);
#3378 = CARTESIAN_POINT('',(7.37499975,0.489167227259,2.471217693382));
#3379 = VECTOR('',#3380,1.);
#3380 = DIRECTION('',(-1.,1.224646799147E-16,0.));
#3381 = ORIENTED_EDGE('',*,*,#3382,.T.);
#3382 = EDGE_CURVE('',#3375,#3383,#3385,.T.);
#3383 = VERTEX_POINT('',#3384);
#3384 = CARTESIAN_POINT('',(7.37499975,1.379167227259,2.471217693382));
#3385 = LINE('',#3386,#3387);
#3386 = CARTESIAN_POINT('',(7.37499975,0.489167227259,2.471217693382));
#3387 = VECTOR('',#3388,1.);
#3388 = DIRECTION('',(1.224646799147E-16,1.,1.224646799147E-16));
#3389 = ORIENTED_EDGE('',*,*,#3390,.T.);
#3390 = EDGE_CURVE('',#3383,#3391,#3393,.T.);
#3391 = VERTEX_POINT('',#3392);
#3392 = CARTESIAN_POINT('',(7.62499975,1.379167227259,2.471217693382));
#3393 = LINE('',#3394,#3395);
#3394 = CARTESIAN_POINT('',(7.37499975,1.379167227259,2.471217693382));
#3395 = VECTOR('',#3396,1.);
#3396 = DIRECTION('',(1.,-1.224646799147E-16,0.));
#3397 = ORIENTED_EDGE('',*,*,#3398,.F.);
#3398 = EDGE_CURVE('',#3399,#3391,#3401,.T.);
#3399 = VERTEX_POINT('',#3400);
#3400 = CARTESIAN_POINT('',(7.62499975,0.489167227259,2.471217693382));
#3401 = LINE('',#3402,#3403);
#3402 = CARTESIAN_POINT('',(7.62499975,0.489167227259,2.471217693382));
#3403 = VECTOR('',#3404,1.);
#3404 = DIRECTION('',(1.224646799147E-16,1.,1.224646799147E-16));
#3405 = ORIENTED_EDGE('',*,*,#3406,.F.);
#3406 = EDGE_CURVE('',#3407,#3399,#3409,.T.);
#3407 = VERTEX_POINT('',#3408);
#3408 = CARTESIAN_POINT('',(8.87499975,0.489167227259,2.471217693382));
#3409 = LINE('',#3410,#3411);
#3410 = CARTESIAN_POINT('',(8.87499975,0.489167227259,2.471217693382));
#3411 = VECTOR('',#3412,1.);
#3412 = DIRECTION('',(-1.,1.224646799147E-16,0.));
#3413 = ORIENTED_EDGE('',*,*,#3414,.T.);
#3414 = EDGE_CURVE('',#3407,#3415,#3417,.T.);
#3415 = VERTEX_POINT('',#3416);
#3416 = CARTESIAN_POINT('',(8.87499975,1.379167227259,2.471217693382));
#3417 = LINE('',#3418,#3419);
#3418 = CARTESIAN_POINT('',(8.87499975,0.489167227259,2.471217693382));
#3419 = VECTOR('',#3420,1.);
#3420 = DIRECTION('',(1.224646799147E-16,1.,1.224646799147E-16));
#3421 = ORIENTED_EDGE('',*,*,#3422,.T.);
#3422 = EDGE_CURVE('',#3415,#3423,#3425,.T.);
#3423 = VERTEX_POINT('',#3424);
#3424 = CARTESIAN_POINT('',(9.12499975,1.379167227259,2.471217693382));
#3425 = LINE('',#3426,#3427);
#3426 = CARTESIAN_POINT('',(8.87499975,1.379167227259,2.471217693382));
#3427 = VECTOR('',#3428,1.);
#3428 = DIRECTION('',(1.,-1.224646799147E-16,0.));
#3429 = ORIENTED_EDGE('',*,*,#3430,.F.);
#3430 = EDGE_CURVE('',#3431,#3423,#3433,.T.);
#3431 = VERTEX_POINT('',#3432);
#3432 = CARTESIAN_POINT('',(9.12499975,0.489167227259,2.471217693382));
#3433 = LINE('',#3434,#3435);
#3434 = CARTESIAN_POINT('',(9.12499975,0.489167227259,2.471217693382));
#3435 = VECTOR('',#3436,1.);
#3436 = DIRECTION('',(1.224646799147E-16,1.,1.224646799147E-16));
#3437 = ORIENTED_EDGE('',*,*,#3438,.F.);
#3438 = EDGE_CURVE('',#2799,#3431,#3439,.T.);
#3439 = LINE('',#3440,#3441);
#3440 = CARTESIAN_POINT('',(10.37499975,0.489167227259,2.471217693382));
#3441 = VECTOR('',#3442,1.);
#3442 = DIRECTION('',(-1.,1.224646799147E-16,0.));
#3443 = ORIENTED_EDGE('',*,*,#2798,.T.);
#3444 = PLANE('',#3445);
#3445 = AXIS2_PLACEMENT_3D('',#3446,#3447,#3448);
#3446 = CARTESIAN_POINT('',(1.99999975,0.489167227259,2.471217693382));
#3447 = DIRECTION('',(1.499759782662E-32,1.224646799147E-16,-1.));
#3448 = DIRECTION('',(-1.,1.224646799147E-16,0.));
#3449 = ADVANCED_FACE('',(#3450),#3456,.F.);
#3450 = FACE_BOUND('',#3451,.T.);
#3451 = EDGE_LOOP('',(#3452,#3453,#3454,#3455));
#3452 = ORIENTED_EDGE('',*,*,#3223,.T.);
#3453 = ORIENTED_EDGE('',*,*,#1311,.F.);
#3454 = ORIENTED_EDGE('',*,*,#2555,.T.);
#3455 = ORIENTED_EDGE('',*,*,#809,.T.);
#3456 = PLANE('',#3457);
#3457 = AXIS2_PLACEMENT_3D('',#3458,#3459,#3460);
#3458 = CARTESIAN_POINT('',(1.99999975,0.289167227259,2.651217693382));
#3459 = DIRECTION('',(-8.192455173238E-17,-0.668964731622,
    -0.743294146247));
#3460 = DIRECTION('',(1.,-1.224646799147E-16,0.));
#3461 = ADVANCED_FACE('',(#3462),#3478,.F.);
#3462 = FACE_BOUND('',#3463,.T.);
#3463 = EDGE_LOOP('',(#3464,#3465,#3471,#3472));
#3464 = ORIENTED_EDGE('',*,*,#3246,.T.);
#3465 = ORIENTED_EDGE('',*,*,#3466,.F.);
#3466 = EDGE_CURVE('',#2533,#3239,#3467,.T.);
#3467 = LINE('',#3468,#3469);
#3468 = CARTESIAN_POINT('',(0.12499975,0.289167227259,2.651217693382));
#3469 = VECTOR('',#3470,1.);
#3470 = DIRECTION('',(9.102727970266E-17,0.743294146247,-0.668964731622)
  );
#3471 = ORIENTED_EDGE('',*,*,#2532,.T.);
#3472 = ORIENTED_EDGE('',*,*,#3473,.T.);
#3473 = EDGE_CURVE('',#2525,#3247,#3474,.T.);
#3474 = LINE('',#3475,#3476);
#3475 = CARTESIAN_POINT('',(1.37499975,0.289167227259,2.651217693382));
#3476 = VECTOR('',#3477,1.);
#3477 = DIRECTION('',(9.102727970266E-17,0.743294146247,-0.668964731622)
  );
#3478 = PLANE('',#3479);
#3479 = AXIS2_PLACEMENT_3D('',#3480,#3481,#3482);
#3480 = CARTESIAN_POINT('',(1.99999975,0.289167227259,2.651217693382));
#3481 = DIRECTION('',(-8.192455173238E-17,-0.668964731622,
    -0.743294146247));
#3482 = DIRECTION('',(1.,-1.224646799147E-16,0.));
#3483 = ADVANCED_FACE('',(#3484),#3500,.F.);
#3484 = FACE_BOUND('',#3485,.T.);
#3485 = EDGE_LOOP('',(#3486,#3487,#3493,#3494));
#3486 = ORIENTED_EDGE('',*,*,#2500,.T.);
#3487 = ORIENTED_EDGE('',*,*,#3488,.T.);
#3488 = EDGE_CURVE('',#2493,#3279,#3489,.T.);
#3489 = LINE('',#3490,#3491);
#3490 = CARTESIAN_POINT('',(2.87499975,0.289167227259,2.651217693382));
#3491 = VECTOR('',#3492,1.);
#3492 = DIRECTION('',(9.102727970266E-17,0.743294146247,-0.668964731622)
  );
#3493 = ORIENTED_EDGE('',*,*,#3278,.T.);
#3494 = ORIENTED_EDGE('',*,*,#3495,.F.);
#3495 = EDGE_CURVE('',#2501,#3271,#3496,.T.);
#3496 = LINE('',#3497,#3498);
#3497 = CARTESIAN_POINT('',(1.62499975,0.289167227259,2.651217693382));
#3498 = VECTOR('',#3499,1.);
#3499 = DIRECTION('',(9.102727970266E-17,0.743294146247,-0.668964731622)
  );
#3500 = PLANE('',#3501);
#3501 = AXIS2_PLACEMENT_3D('',#3502,#3503,#3504);
#3502 = CARTESIAN_POINT('',(1.99999975,0.289167227259,2.651217693382));
#3503 = DIRECTION('',(-8.192455173238E-17,-0.668964731622,
    -0.743294146247));
#3504 = DIRECTION('',(1.,-1.224646799147E-16,0.));
#3505 = ADVANCED_FACE('',(#3506),#3522,.F.);
#3506 = FACE_BOUND('',#3507,.T.);
#3507 = EDGE_LOOP('',(#3508,#3509,#3515,#3516));
#3508 = ORIENTED_EDGE('',*,*,#3310,.T.);
#3509 = ORIENTED_EDGE('',*,*,#3510,.F.);
#3510 = EDGE_CURVE('',#2469,#3303,#3511,.T.);
#3511 = LINE('',#3512,#3513);
#3512 = CARTESIAN_POINT('',(3.12499975,0.289167227259,2.651217693382));
#3513 = VECTOR('',#3514,1.);
#3514 = DIRECTION('',(9.102727970266E-17,0.743294146247,-0.668964731622)
  );
#3515 = ORIENTED_EDGE('',*,*,#2468,.T.);
#3516 = ORIENTED_EDGE('',*,*,#3517,.T.);
#3517 = EDGE_CURVE('',#2461,#3311,#3518,.T.);
#3518 = LINE('',#3519,#3520);
#3519 = CARTESIAN_POINT('',(4.37499975,0.289167227259,2.651217693382));
#3520 = VECTOR('',#3521,1.);
#3521 = DIRECTION('',(9.102727970266E-17,0.743294146247,-0.668964731622)
  );
#3522 = PLANE('',#3523);
#3523 = AXIS2_PLACEMENT_3D('',#3524,#3525,#3526);
#3524 = CARTESIAN_POINT('',(1.99999975,0.289167227259,2.651217693382));
#3525 = DIRECTION('',(-8.192455173238E-17,-0.668964731622,
    -0.743294146247));
#3526 = DIRECTION('',(1.,-1.224646799147E-16,0.));
#3527 = ADVANCED_FACE('',(#3528),#3544,.F.);
#3528 = FACE_BOUND('',#3529,.T.);
#3529 = EDGE_LOOP('',(#3530,#3531,#3537,#3538));
#3530 = ORIENTED_EDGE('',*,*,#2436,.T.);
#3531 = ORIENTED_EDGE('',*,*,#3532,.T.);
#3532 = EDGE_CURVE('',#2429,#3343,#3533,.T.);
#3533 = LINE('',#3534,#3535);
#3534 = CARTESIAN_POINT('',(5.87499975,0.289167227259,2.651217693382));
#3535 = VECTOR('',#3536,1.);
#3536 = DIRECTION('',(9.102727970266E-17,0.743294146247,-0.668964731622)
  );
#3537 = ORIENTED_EDGE('',*,*,#3342,.T.);
#3538 = ORIENTED_EDGE('',*,*,#3539,.F.);
#3539 = EDGE_CURVE('',#2437,#3335,#3540,.T.);
#3540 = LINE('',#3541,#3542);
#3541 = CARTESIAN_POINT('',(4.62499975,0.289167227259,2.651217693382));
#3542 = VECTOR('',#3543,1.);
#3543 = DIRECTION('',(9.102727970266E-17,0.743294146247,-0.668964731622)
  );
#3544 = PLANE('',#3545);
#3545 = AXIS2_PLACEMENT_3D('',#3546,#3547,#3548);
#3546 = CARTESIAN_POINT('',(1.99999975,0.289167227259,2.651217693382));
#3547 = DIRECTION('',(-8.192455173238E-17,-0.668964731622,
    -0.743294146247));
#3548 = DIRECTION('',(1.,-1.224646799147E-16,0.));
#3549 = ADVANCED_FACE('',(#3550),#3566,.F.);
#3550 = FACE_BOUND('',#3551,.T.);
#3551 = EDGE_LOOP('',(#3552,#3553,#3559,#3560));
#3552 = ORIENTED_EDGE('',*,*,#3374,.T.);
#3553 = ORIENTED_EDGE('',*,*,#3554,.F.);
#3554 = EDGE_CURVE('',#2405,#3367,#3555,.T.);
#3555 = LINE('',#3556,#3557);
#3556 = CARTESIAN_POINT('',(6.12499975,0.289167227259,2.651217693382));
#3557 = VECTOR('',#3558,1.);
#3558 = DIRECTION('',(9.102727970266E-17,0.743294146247,-0.668964731622)
  );
#3559 = ORIENTED_EDGE('',*,*,#2404,.T.);
#3560 = ORIENTED_EDGE('',*,*,#3561,.T.);
#3561 = EDGE_CURVE('',#2397,#3375,#3562,.T.);
#3562 = LINE('',#3563,#3564);
#3563 = CARTESIAN_POINT('',(7.37499975,0.289167227259,2.651217693382));
#3564 = VECTOR('',#3565,1.);
#3565 = DIRECTION('',(9.102727970266E-17,0.743294146247,-0.668964731622)
  );
#3566 = PLANE('',#3567);
#3567 = AXIS2_PLACEMENT_3D('',#3568,#3569,#3570);
#3568 = CARTESIAN_POINT('',(1.99999975,0.289167227259,2.651217693382));
#3569 = DIRECTION('',(-8.192455173238E-17,-0.668964731622,
    -0.743294146247));
#3570 = DIRECTION('',(1.,-1.224646799147E-16,0.));
#3571 = ADVANCED_FACE('',(#3572),#3588,.F.);
#3572 = FACE_BOUND('',#3573,.T.);
#3573 = EDGE_LOOP('',(#3574,#3575,#3581,#3582));
#3574 = ORIENTED_EDGE('',*,*,#2372,.T.);
#3575 = ORIENTED_EDGE('',*,*,#3576,.T.);
#3576 = EDGE_CURVE('',#2365,#3407,#3577,.T.);
#3577 = LINE('',#3578,#3579);
#3578 = CARTESIAN_POINT('',(8.87499975,0.289167227259,2.651217693382));
#3579 = VECTOR('',#3580,1.);
#3580 = DIRECTION('',(9.102727970266E-17,0.743294146247,-0.668964731622)
  );
#3581 = ORIENTED_EDGE('',*,*,#3406,.T.);
#3582 = ORIENTED_EDGE('',*,*,#3583,.F.);
#3583 = EDGE_CURVE('',#2373,#3399,#3584,.T.);
#3584 = LINE('',#3585,#3586);
#3585 = CARTESIAN_POINT('',(7.62499975,0.289167227259,2.651217693382));
#3586 = VECTOR('',#3587,1.);
#3587 = DIRECTION('',(9.102727970266E-17,0.743294146247,-0.668964731622)
  );
#3588 = PLANE('',#3589);
#3589 = AXIS2_PLACEMENT_3D('',#3590,#3591,#3592);
#3590 = CARTESIAN_POINT('',(1.99999975,0.289167227259,2.651217693382));
#3591 = DIRECTION('',(-8.192455173238E-17,-0.668964731622,
    -0.743294146247));
#3592 = DIRECTION('',(1.,-1.224646799147E-16,0.));
#3593 = ADVANCED_FACE('',(#3594),#3605,.F.);
#3594 = FACE_BOUND('',#3595,.T.);
#3595 = EDGE_LOOP('',(#3596,#3597,#3603,#3604));
#3596 = ORIENTED_EDGE('',*,*,#3438,.T.);
#3597 = ORIENTED_EDGE('',*,*,#3598,.F.);
#3598 = EDGE_CURVE('',#2339,#3431,#3599,.T.);
#3599 = LINE('',#3600,#3601);
#3600 = CARTESIAN_POINT('',(9.12499975,0.289167227259,2.651217693382));
#3601 = VECTOR('',#3602,1.);
#3602 = DIRECTION('',(9.102727970266E-17,0.743294146247,-0.668964731622)
  );
#3603 = ORIENTED_EDGE('',*,*,#2338,.T.);
#3604 = ORIENTED_EDGE('',*,*,#2806,.T.);
#3605 = PLANE('',#3606);
#3606 = AXIS2_PLACEMENT_3D('',#3607,#3608,#3609);
#3607 = CARTESIAN_POINT('',(1.99999975,0.289167227259,2.651217693382));
#3608 = DIRECTION('',(-8.192455173238E-17,-0.668964731622,
    -0.743294146247));
#3609 = DIRECTION('',(1.,-1.224646799147E-16,0.));
#3610 = ADVANCED_FACE('',(#3611),#3617,.F.);
#3611 = FACE_BOUND('',#3612,.T.);
#3612 = EDGE_LOOP('',(#3613,#3614,#3615,#3616));
#3613 = ORIENTED_EDGE('',*,*,#2655,.T.);
#3614 = ORIENTED_EDGE('',*,*,#1375,.T.);
#3615 = ORIENTED_EDGE('',*,*,#3214,.T.);
#3616 = ORIENTED_EDGE('',*,*,#2917,.F.);
#3617 = PLANE('',#3618);
#3618 = AXIS2_PLACEMENT_3D('',#3619,#3620,#3621);
#3619 = CARTESIAN_POINT('',(1.99999975,0.289167227259,2.651217693382));
#3620 = DIRECTION('',(-8.192455173238E-17,-0.668964731622,
    -0.743294146247));
#3621 = DIRECTION('',(1.,-1.224646799147E-16,0.));
#3622 = ADVANCED_FACE('',(#3623),#3649,.F.);
#3623 = FACE_BOUND('',#3624,.T.);
#3624 = EDGE_LOOP('',(#3625,#3626,#3634,#3643));
#3625 = ORIENTED_EDGE('',*,*,#1147,.F.);
#3626 = ORIENTED_EDGE('',*,*,#3627,.F.);
#3627 = EDGE_CURVE('',#3628,#1140,#3630,.T.);
#3628 = VERTEX_POINT('',#3629);
#3629 = CARTESIAN_POINT('',(1.37499975,1.431027864408,4.467679270219));
#3630 = LINE('',#3631,#3632);
#3631 = CARTESIAN_POINT('',(1.37499975,1.431027864408,4.467679270219));
#3632 = VECTOR('',#3633,1.);
#3633 = DIRECTION('',(3.315957318415E-17,0.27076846326,-0.962644503077)
  );
#3634 = ORIENTED_EDGE('',*,*,#3635,.F.);
#3635 = EDGE_CURVE('',#3636,#3628,#3638,.T.);
#3636 = VERTEX_POINT('',#3637);
#3637 = CARTESIAN_POINT('',(1.37499975,1.434208916878,4.503112717345));
#3638 = CIRCLE('',#3639,5.E-02);
#3639 = AXIS2_PLACEMENT_3D('',#3640,#3641,#3642);
#3640 = CARTESIAN_POINT('',(1.37499975,1.479160089562,4.481217693382));
#3641 = DIRECTION('',(1.,-1.224646799147E-16,6.162975822039E-33));
#3642 = DIRECTION('',(-1.100986194907E-16,-0.89902345368,0.437900479257)
  );
#3643 = ORIENTED_EDGE('',*,*,#3644,.F.);
#3644 = EDGE_CURVE('',#1122,#3636,#3645,.T.);
#3645 = LINE('',#3646,#3647);
#3646 = CARTESIAN_POINT('',(1.37499975,1.649167227259,4.944428887914));
#3647 = VECTOR('',#3648,1.);
#3648 = DIRECTION('',(-5.362734202678E-17,-0.437900479257,-0.89902345368
    ));
#3649 = PLANE('',#3650);
#3650 = AXIS2_PLACEMENT_3D('',#3651,#3652,#3653);
#3651 = CARTESIAN_POINT('',(1.37499975,2.514167227259,4.741217693382));
#3652 = DIRECTION('',(1.,-1.224646799147E-16,0.));
#3653 = DIRECTION('',(1.499759782662E-32,1.224646799147E-16,-1.));
#3654 = ADVANCED_FACE('',(#3655),#3716,.F.);
#3655 = FACE_BOUND('',#3656,.T.);
#3656 = EDGE_LOOP('',(#3657,#3658,#3659,#3660,#3669,#3677,#3686,#3694,
    #3702,#3710));
#3657 = ORIENTED_EDGE('',*,*,#3254,.F.);
#3658 = ORIENTED_EDGE('',*,*,#3473,.F.);
#3659 = ORIENTED_EDGE('',*,*,#2524,.T.);
#3660 = ORIENTED_EDGE('',*,*,#3661,.F.);
#3661 = EDGE_CURVE('',#3662,#2517,#3664,.T.);
#3662 = VERTEX_POINT('',#3663);
#3663 = CARTESIAN_POINT('',(1.37499975,0.399970541884,4.971832962871));
#3664 = CIRCLE('',#3665,0.15);
#3665 = AXIS2_PLACEMENT_3D('',#3666,#3667,#3668);
#3666 = CARTESIAN_POINT('',(1.37499975,0.255573866423,4.931217693382));
#3667 = DIRECTION('',(1.,-1.224646799147E-16,0.));
#3668 = DIRECTION('',(1.17889950941E-16,0.962644503077,0.27076846326));
#3669 = ORIENTED_EDGE('',*,*,#3670,.F.);
#3670 = EDGE_CURVE('',#3671,#3662,#3673,.T.);
#3671 = VERTEX_POINT('',#3672);
#3672 = CARTESIAN_POINT('',(1.37499975,0.607292314716,4.234756116545));
#3673 = LINE('',#3674,#3675);
#3674 = CARTESIAN_POINT('',(1.37499975,0.607292314716,4.234756116545));
#3675 = VECTOR('',#3676,1.);
#3676 = DIRECTION('',(-3.315957318415E-17,-0.27076846326,0.962644503077)
  );
#3677 = ORIENTED_EDGE('',*,*,#3678,.F.);
#3678 = EDGE_CURVE('',#3679,#3671,#3681,.T.);
#3679 = VERTEX_POINT('',#3680);
#3680 = CARTESIAN_POINT('',(1.37499975,0.604111262246,4.199322669419));
#3681 = CIRCLE('',#3682,5.E-02);
#3682 = AXIS2_PLACEMENT_3D('',#3683,#3684,#3685);
#3683 = CARTESIAN_POINT('',(1.37499975,0.559160089562,4.221217693382));
#3684 = DIRECTION('',(1.,-1.224646799147E-16,6.162975822039E-33));
#3685 = DIRECTION('',(1.100986194907E-16,0.89902345368,-0.437900479257)
  );
#3686 = ORIENTED_EDGE('',*,*,#3687,.F.);
#3687 = EDGE_CURVE('',#3688,#3679,#3690,.T.);
#3688 = VERTEX_POINT('',#3689);
#3689 = CARTESIAN_POINT('',(1.37499975,0.449167227259,3.881217693382));
#3690 = LINE('',#3691,#3692);
#3691 = CARTESIAN_POINT('',(1.37499975,0.449167227259,3.881217693382));
#3692 = VECTOR('',#3693,1.);
#3693 = DIRECTION('',(5.362734202678E-17,0.437900479257,0.89902345368));
#3694 = ORIENTED_EDGE('',*,*,#3695,.F.);
#3695 = EDGE_CURVE('',#3696,#3688,#3698,.T.);
#3696 = VERTEX_POINT('',#3697);
#3697 = CARTESIAN_POINT('',(1.37499975,0.449167227259,2.581217693382));
#3698 = LINE('',#3699,#3700);
#3699 = CARTESIAN_POINT('',(1.37499975,0.449167227259,2.581217693382));
#3700 = VECTOR('',#3701,1.);
#3701 = DIRECTION('',(-1.499759782662E-32,-1.224646799147E-16,1.));
#3702 = ORIENTED_EDGE('',*,*,#3703,.F.);
#3703 = EDGE_CURVE('',#3704,#3696,#3706,.T.);
#3704 = VERTEX_POINT('',#3705);
#3705 = CARTESIAN_POINT('',(1.37499975,1.379167227259,2.581217693382));
#3706 = LINE('',#3707,#3708);
#3707 = CARTESIAN_POINT('',(1.37499975,1.379167227259,2.581217693382));
#3708 = VECTOR('',#3709,1.);
#3709 = DIRECTION('',(-1.224646799147E-16,-1.,-1.224646799147E-16));
#3710 = ORIENTED_EDGE('',*,*,#3711,.F.);
#3711 = EDGE_CURVE('',#3255,#3704,#3712,.T.);
#3712 = LINE('',#3713,#3714);
#3713 = CARTESIAN_POINT('',(1.37499975,1.379167227259,2.471217693382));
#3714 = VECTOR('',#3715,1.);
#3715 = DIRECTION('',(-1.499759782662E-32,-1.224646799147E-16,1.));
#3716 = PLANE('',#3717);
#3717 = AXIS2_PLACEMENT_3D('',#3718,#3719,#3720);
#3718 = CARTESIAN_POINT('',(1.37499975,2.514167227259,4.741217693382));
#3719 = DIRECTION('',(1.,-1.224646799147E-16,0.));
#3720 = DIRECTION('',(1.499759782662E-32,1.224646799147E-16,-1.));
#3721 = ADVANCED_FACE('',(#3722),#3763,.F.);
#3722 = FACE_BOUND('',#3723,.T.);
#3723 = EDGE_LOOP('',(#3724,#3732,#3740,#3748,#3756,#3762));
#3724 = ORIENTED_EDGE('',*,*,#3725,.F.);
#3725 = EDGE_CURVE('',#3726,#581,#3728,.T.);
#3726 = VERTEX_POINT('',#3727);
#3727 = CARTESIAN_POINT('',(1.37499975,2.249167227259,-3.128782306618));
#3728 = LINE('',#3729,#3730);
#3729 = CARTESIAN_POINT('',(1.37499975,2.249167227259,-3.128782306618));
#3730 = VECTOR('',#3731,1.);
#3731 = DIRECTION('',(-1.499759782662E-32,-1.224646799147E-16,1.));
#3732 = ORIENTED_EDGE('',*,*,#3733,.F.);
#3733 = EDGE_CURVE('',#3734,#3726,#3736,.T.);
#3734 = VERTEX_POINT('',#3735);
#3735 = CARTESIAN_POINT('',(1.37499975,2.089167227259,-3.428782306618));
#3736 = LINE('',#3737,#3738);
#3737 = CARTESIAN_POINT('',(1.37499975,2.089167227259,-3.428782306618));
#3738 = VECTOR('',#3739,1.);
#3739 = DIRECTION('',(5.763043760693E-17,0.470588235294,0.882352941176)
  );
#3740 = ORIENTED_EDGE('',*,*,#3741,.F.);
#3741 = EDGE_CURVE('',#3742,#3734,#3744,.T.);
#3742 = VERTEX_POINT('',#3743);
#3743 = CARTESIAN_POINT('',(1.37499975,1.899167227259,-3.428782306618));
#3744 = LINE('',#3745,#3746);
#3745 = CARTESIAN_POINT('',(1.37499975,1.899167227259,-3.428782306618));
#3746 = VECTOR('',#3747,1.);
#3747 = DIRECTION('',(1.224646799147E-16,1.,1.224646799147E-16));
#3748 = ORIENTED_EDGE('',*,*,#3749,.F.);
#3749 = EDGE_CURVE('',#3750,#3742,#3752,.T.);
#3750 = VERTEX_POINT('',#3751);
#3751 = CARTESIAN_POINT('',(1.37499975,1.749167227259,-3.128782306618));
#3752 = LINE('',#3753,#3754);
#3753 = CARTESIAN_POINT('',(1.37499975,1.749167227259,-3.128782306618));
#3754 = VECTOR('',#3755,1.);
#3755 = DIRECTION('',(5.476786982643E-17,0.4472135955,-0.894427191));
#3756 = ORIENTED_EDGE('',*,*,#3757,.F.);
#3757 = EDGE_CURVE('',#563,#3750,#3758,.T.);
#3758 = LINE('',#3759,#3760);
#3759 = CARTESIAN_POINT('',(1.37499975,1.749167227259,
    -2.878230661791E-02));
#3760 = VECTOR('',#3761,1.);
#3761 = DIRECTION('',(1.499759782662E-32,1.224646799147E-16,-1.));
#3762 = ORIENTED_EDGE('',*,*,#588,.T.);
#3763 = PLANE('',#3764);
#3764 = AXIS2_PLACEMENT_3D('',#3765,#3766,#3767);
#3765 = CARTESIAN_POINT('',(1.37499975,2.514167227259,4.741217693382));
#3766 = DIRECTION('',(1.,-1.224646799147E-16,0.));
#3767 = DIRECTION('',(1.499759782662E-32,1.224646799147E-16,-1.));
#3768 = ADVANCED_FACE('',(#3769),#3787,.T.);
#3769 = FACE_BOUND('',#3770,.T.);
#3770 = EDGE_LOOP('',(#3771,#3779,#3785,#3786));
#3771 = ORIENTED_EDGE('',*,*,#3772,.T.);
#3772 = EDGE_CURVE('',#3636,#3773,#3775,.T.);
#3773 = VERTEX_POINT('',#3774);
#3774 = CARTESIAN_POINT('',(1.62499975,1.434208916878,4.503112717345));
#3775 = LINE('',#3776,#3777);
#3776 = CARTESIAN_POINT('',(1.37499975,1.434208916878,4.503112717345));
#3777 = VECTOR('',#3778,1.);
#3778 = DIRECTION('',(1.,-1.224646799147E-16,0.));
#3779 = ORIENTED_EDGE('',*,*,#3780,.F.);
#3780 = EDGE_CURVE('',#1124,#3773,#3781,.T.);
#3781 = LINE('',#3782,#3783);
#3782 = CARTESIAN_POINT('',(1.62499975,1.649167227259,4.944428887914));
#3783 = VECTOR('',#3784,1.);
#3784 = DIRECTION('',(-5.362734202678E-17,-0.437900479257,-0.89902345368
    ));
#3785 = ORIENTED_EDGE('',*,*,#1121,.F.);
#3786 = ORIENTED_EDGE('',*,*,#3644,.T.);
#3787 = PLANE('',#3788);
#3788 = AXIS2_PLACEMENT_3D('',#3789,#3790,#3791);
#3789 = CARTESIAN_POINT('',(1.37499975,1.688415945827,5.025007741308));
#3790 = DIRECTION('',(-1.100986194907E-16,-0.89902345368,0.437900479257)
  );
#3791 = DIRECTION('',(5.362734202678E-17,0.437900479257,0.89902345368));
#3792 = ADVANCED_FACE('',(#3793),#3812,.T.);
#3793 = FACE_BOUND('',#3794,.T.);
#3794 = EDGE_LOOP('',(#3795,#3804,#3810,#3811));
#3795 = ORIENTED_EDGE('',*,*,#3796,.T.);
#3796 = EDGE_CURVE('',#3773,#3797,#3799,.T.);
#3797 = VERTEX_POINT('',#3798);
#3798 = CARTESIAN_POINT('',(1.62499975,1.431027864408,4.467679270219));
#3799 = CIRCLE('',#3800,5.E-02);
#3800 = AXIS2_PLACEMENT_3D('',#3801,#3802,#3803);
#3801 = CARTESIAN_POINT('',(1.62499975,1.479160089562,4.481217693382));
#3802 = DIRECTION('',(1.,-1.224646799147E-16,6.162975822039E-33));
#3803 = DIRECTION('',(-1.100986194907E-16,-0.89902345368,0.437900479257)
  );
#3804 = ORIENTED_EDGE('',*,*,#3805,.T.);
#3805 = EDGE_CURVE('',#3797,#1132,#3806,.T.);
#3806 = LINE('',#3807,#3808);
#3807 = CARTESIAN_POINT('',(1.62499975,1.431027864408,4.467679270219));
#3808 = VECTOR('',#3809,1.);
#3809 = DIRECTION('',(3.315957318415E-17,0.27076846326,-0.962644503077)
  );
#3810 = ORIENTED_EDGE('',*,*,#1131,.T.);
#3811 = ORIENTED_EDGE('',*,*,#3780,.T.);
#3812 = PLANE('',#3813);
#3813 = AXIS2_PLACEMENT_3D('',#3814,#3815,#3816);
#3814 = CARTESIAN_POINT('',(1.62499975,2.514167227259,4.741217693382));
#3815 = DIRECTION('',(1.,-1.224646799147E-16,0.));
#3816 = DIRECTION('',(1.499759782662E-32,1.224646799147E-16,-1.));
#3817 = ADVANCED_FACE('',(#3818),#3879,.T.);
#3818 = FACE_BOUND('',#3819,.T.);
#3819 = EDGE_LOOP('',(#3820,#3830,#3838,#3846,#3855,#3863,#3870,#3871,
    #3872,#3873));
#3820 = ORIENTED_EDGE('',*,*,#3821,.T.);
#3821 = EDGE_CURVE('',#3822,#3824,#3826,.T.);
#3822 = VERTEX_POINT('',#3823);
#3823 = CARTESIAN_POINT('',(1.62499975,1.379167227259,2.581217693382));
#3824 = VERTEX_POINT('',#3825);
#3825 = CARTESIAN_POINT('',(1.62499975,0.449167227259,2.581217693382));
#3826 = LINE('',#3827,#3828);
#3827 = CARTESIAN_POINT('',(1.62499975,1.379167227259,2.581217693382));
#3828 = VECTOR('',#3829,1.);
#3829 = DIRECTION('',(-1.224646799147E-16,-1.,-1.224646799147E-16));
#3830 = ORIENTED_EDGE('',*,*,#3831,.T.);
#3831 = EDGE_CURVE('',#3824,#3832,#3834,.T.);
#3832 = VERTEX_POINT('',#3833);
#3833 = CARTESIAN_POINT('',(1.62499975,0.449167227259,3.881217693382));
#3834 = LINE('',#3835,#3836);
#3835 = CARTESIAN_POINT('',(1.62499975,0.449167227259,2.581217693382));
#3836 = VECTOR('',#3837,1.);
#3837 = DIRECTION('',(-1.499759782662E-32,-1.224646799147E-16,1.));
#3838 = ORIENTED_EDGE('',*,*,#3839,.T.);
#3839 = EDGE_CURVE('',#3832,#3840,#3842,.T.);
#3840 = VERTEX_POINT('',#3841);
#3841 = CARTESIAN_POINT('',(1.62499975,0.604111262246,4.199322669419));
#3842 = LINE('',#3843,#3844);
#3843 = CARTESIAN_POINT('',(1.62499975,0.449167227259,3.881217693382));
#3844 = VECTOR('',#3845,1.);
#3845 = DIRECTION('',(5.362734202678E-17,0.437900479257,0.89902345368));
#3846 = ORIENTED_EDGE('',*,*,#3847,.T.);
#3847 = EDGE_CURVE('',#3840,#3848,#3850,.T.);
#3848 = VERTEX_POINT('',#3849);
#3849 = CARTESIAN_POINT('',(1.62499975,0.607292314716,4.234756116545));
#3850 = CIRCLE('',#3851,5.E-02);
#3851 = AXIS2_PLACEMENT_3D('',#3852,#3853,#3854);
#3852 = CARTESIAN_POINT('',(1.62499975,0.559160089562,4.221217693382));
#3853 = DIRECTION('',(1.,-1.224646799147E-16,6.162975822039E-33));
#3854 = DIRECTION('',(1.100986194907E-16,0.89902345368,-0.437900479257)
  );
#3855 = ORIENTED_EDGE('',*,*,#3856,.T.);
#3856 = EDGE_CURVE('',#3848,#3857,#3859,.T.);
#3857 = VERTEX_POINT('',#3858);
#3858 = CARTESIAN_POINT('',(1.62499975,0.399970541884,4.971832962871));
#3859 = LINE('',#3860,#3861);
#3860 = CARTESIAN_POINT('',(1.62499975,0.607292314716,4.234756116545));
#3861 = VECTOR('',#3862,1.);
#3862 = DIRECTION('',(-3.315957318415E-17,-0.27076846326,0.962644503077)
  );
#3863 = ORIENTED_EDGE('',*,*,#3864,.T.);
#3864 = EDGE_CURVE('',#3857,#2509,#3865,.T.);
#3865 = CIRCLE('',#3866,0.15);
#3866 = AXIS2_PLACEMENT_3D('',#3867,#3868,#3869);
#3867 = CARTESIAN_POINT('',(1.62499975,0.255573866423,4.931217693382));
#3868 = DIRECTION('',(1.,-1.224646799147E-16,0.));
#3869 = DIRECTION('',(1.17889950941E-16,0.962644503077,0.27076846326));
#3870 = ORIENTED_EDGE('',*,*,#2508,.F.);
#3871 = ORIENTED_EDGE('',*,*,#3495,.T.);
#3872 = ORIENTED_EDGE('',*,*,#3270,.T.);
#3873 = ORIENTED_EDGE('',*,*,#3874,.T.);
#3874 = EDGE_CURVE('',#3263,#3822,#3875,.T.);
#3875 = LINE('',#3876,#3877);
#3876 = CARTESIAN_POINT('',(1.62499975,1.379167227259,2.471217693382));
#3877 = VECTOR('',#3878,1.);
#3878 = DIRECTION('',(-1.499759782662E-32,-1.224646799147E-16,1.));
#3879 = PLANE('',#3880);
#3880 = AXIS2_PLACEMENT_3D('',#3881,#3882,#3883);
#3881 = CARTESIAN_POINT('',(1.62499975,2.514167227259,4.741217693382));
#3882 = DIRECTION('',(1.,-1.224646799147E-16,0.));
#3883 = DIRECTION('',(1.499759782662E-32,1.224646799147E-16,-1.));
#3884 = ADVANCED_FACE('',(#3885),#3926,.T.);
#3885 = FACE_BOUND('',#3886,.T.);
#3886 = EDGE_LOOP('',(#3887,#3895,#3903,#3911,#3919,#3925));
#3887 = ORIENTED_EDGE('',*,*,#3888,.T.);
#3888 = EDGE_CURVE('',#565,#3889,#3891,.T.);
#3889 = VERTEX_POINT('',#3890);
#3890 = CARTESIAN_POINT('',(1.62499975,1.749167227259,-3.128782306618));
#3891 = LINE('',#3892,#3893);
#3892 = CARTESIAN_POINT('',(1.62499975,1.749167227259,
    -2.878230661791E-02));
#3893 = VECTOR('',#3894,1.);
#3894 = DIRECTION('',(1.499759782662E-32,1.224646799147E-16,-1.));
#3895 = ORIENTED_EDGE('',*,*,#3896,.T.);
#3896 = EDGE_CURVE('',#3889,#3897,#3899,.T.);
#3897 = VERTEX_POINT('',#3898);
#3898 = CARTESIAN_POINT('',(1.62499975,1.899167227259,-3.428782306618));
#3899 = LINE('',#3900,#3901);
#3900 = CARTESIAN_POINT('',(1.62499975,1.749167227259,-3.128782306618));
#3901 = VECTOR('',#3902,1.);
#3902 = DIRECTION('',(5.476786982643E-17,0.4472135955,-0.894427191));
#3903 = ORIENTED_EDGE('',*,*,#3904,.T.);
#3904 = EDGE_CURVE('',#3897,#3905,#3907,.T.);
#3905 = VERTEX_POINT('',#3906);
#3906 = CARTESIAN_POINT('',(1.62499975,2.089167227259,-3.428782306618));
#3907 = LINE('',#3908,#3909);
#3908 = CARTESIAN_POINT('',(1.62499975,1.899167227259,-3.428782306618));
#3909 = VECTOR('',#3910,1.);
#3910 = DIRECTION('',(1.224646799147E-16,1.,1.224646799147E-16));
#3911 = ORIENTED_EDGE('',*,*,#3912,.T.);
#3912 = EDGE_CURVE('',#3905,#3913,#3915,.T.);
#3913 = VERTEX_POINT('',#3914);
#3914 = CARTESIAN_POINT('',(1.62499975,2.249167227259,-3.128782306618));
#3915 = LINE('',#3916,#3917);
#3916 = CARTESIAN_POINT('',(1.62499975,2.089167227259,-3.428782306618));
#3917 = VECTOR('',#3918,1.);
#3918 = DIRECTION('',(5.763043760693E-17,0.470588235294,0.882352941176)
  );
#3919 = ORIENTED_EDGE('',*,*,#3920,.T.);
#3920 = EDGE_CURVE('',#3913,#573,#3921,.T.);
#3921 = LINE('',#3922,#3923);
#3922 = CARTESIAN_POINT('',(1.62499975,2.249167227259,-3.128782306618));
#3923 = VECTOR('',#3924,1.);
#3924 = DIRECTION('',(-1.499759782662E-32,-1.224646799147E-16,1.));
#3925 = ORIENTED_EDGE('',*,*,#572,.F.);
#3926 = PLANE('',#3927);
#3927 = AXIS2_PLACEMENT_3D('',#3928,#3929,#3930);
#3928 = CARTESIAN_POINT('',(1.62499975,2.514167227259,4.741217693382));
#3929 = DIRECTION('',(1.,-1.224646799147E-16,0.));
#3930 = DIRECTION('',(1.499759782662E-32,1.224646799147E-16,-1.));
#3931 = ADVANCED_FACE('',(#3932),#3943,.T.);
#3932 = FACE_BOUND('',#3933,.T.);
#3933 = EDGE_LOOP('',(#3934,#3935,#3936,#3942));
#3934 = ORIENTED_EDGE('',*,*,#1139,.T.);
#3935 = ORIENTED_EDGE('',*,*,#3805,.F.);
#3936 = ORIENTED_EDGE('',*,*,#3937,.F.);
#3937 = EDGE_CURVE('',#3628,#3797,#3938,.T.);
#3938 = LINE('',#3939,#3940);
#3939 = CARTESIAN_POINT('',(1.37499975,1.431027864408,4.467679270219));
#3940 = VECTOR('',#3941,1.);
#3941 = DIRECTION('',(1.,-1.224646799147E-16,0.));
#3942 = ORIENTED_EDGE('',*,*,#3627,.T.);
#3943 = PLANE('',#3944);
#3944 = AXIS2_PLACEMENT_3D('',#3945,#3946,#3947);
#3945 = CARTESIAN_POINT('',(1.37499975,1.431027864408,4.467679270219));
#3946 = DIRECTION('',(-1.17889950941E-16,-0.962644503077,-0.27076846326)
  );
#3947 = DIRECTION('',(1.,-1.224646799147E-16,0.));
#3948 = ADVANCED_FACE('',(#3949),#3955,.T.);
#3949 = FACE_BOUND('',#3950,.T.);
#3950 = EDGE_LOOP('',(#3951,#3952,#3953,#3954));
#3951 = ORIENTED_EDGE('',*,*,#3937,.T.);
#3952 = ORIENTED_EDGE('',*,*,#3796,.F.);
#3953 = ORIENTED_EDGE('',*,*,#3772,.F.);
#3954 = ORIENTED_EDGE('',*,*,#3635,.T.);
#3955 = CYLINDRICAL_SURFACE('',#3956,5.E-02);
#3956 = AXIS2_PLACEMENT_3D('',#3957,#3958,#3959);
#3957 = CARTESIAN_POINT('',(1.37499975,1.479160089562,4.481217693382));
#3958 = DIRECTION('',(-1.,1.224646799147E-16,0.));
#3959 = DIRECTION('',(1.499759782662E-32,1.224646799147E-16,-1.));
#3960 = ADVANCED_FACE('',(#3961),#3972,.T.);
#3961 = FACE_BOUND('',#3962,.T.);
#3962 = EDGE_LOOP('',(#3963,#3969,#3970,#3971));
#3963 = ORIENTED_EDGE('',*,*,#3964,.T.);
#3964 = EDGE_CURVE('',#3704,#3822,#3965,.T.);
#3965 = LINE('',#3966,#3967);
#3966 = CARTESIAN_POINT('',(1.37499975,1.379167227259,2.581217693382));
#3967 = VECTOR('',#3968,1.);
#3968 = DIRECTION('',(1.,-1.224646799147E-16,0.));
#3969 = ORIENTED_EDGE('',*,*,#3874,.F.);
#3970 = ORIENTED_EDGE('',*,*,#3262,.F.);
#3971 = ORIENTED_EDGE('',*,*,#3711,.T.);
#3972 = PLANE('',#3973);
#3973 = AXIS2_PLACEMENT_3D('',#3974,#3975,#3976);
#3974 = CARTESIAN_POINT('',(1.37499975,1.379167227259,2.001217693382));
#3975 = DIRECTION('',(1.224646799147E-16,1.,1.224646799147E-16));
#3976 = DIRECTION('',(-1.,1.224646799147E-16,0.));
#3977 = ADVANCED_FACE('',(#3978),#3989,.T.);
#3978 = FACE_BOUND('',#3979,.T.);
#3979 = EDGE_LOOP('',(#3980,#3986,#3987,#3988));
#3980 = ORIENTED_EDGE('',*,*,#3981,.T.);
#3981 = EDGE_CURVE('',#3696,#3824,#3982,.T.);
#3982 = LINE('',#3983,#3984);
#3983 = CARTESIAN_POINT('',(1.37499975,0.449167227259,2.581217693382));
#3984 = VECTOR('',#3985,1.);
#3985 = DIRECTION('',(1.,-1.224646799147E-16,0.));
#3986 = ORIENTED_EDGE('',*,*,#3821,.F.);
#3987 = ORIENTED_EDGE('',*,*,#3964,.F.);
#3988 = ORIENTED_EDGE('',*,*,#3703,.T.);
#3989 = PLANE('',#3990);
#3990 = AXIS2_PLACEMENT_3D('',#3991,#3992,#3993);
#3991 = CARTESIAN_POINT('',(1.37499975,1.379167227259,2.581217693382));
#3992 = DIRECTION('',(-1.499759782662E-32,-1.224646799147E-16,1.));
#3993 = DIRECTION('',(-1.224646799147E-16,-1.,-1.224646799147E-16));
#3994 = ADVANCED_FACE('',(#3995),#4006,.T.);
#3995 = FACE_BOUND('',#3996,.T.);
#3996 = EDGE_LOOP('',(#3997,#4003,#4004,#4005));
#3997 = ORIENTED_EDGE('',*,*,#3998,.T.);
#3998 = EDGE_CURVE('',#3688,#3832,#3999,.T.);
#3999 = LINE('',#4000,#4001);
#4000 = CARTESIAN_POINT('',(1.37499975,0.449167227259,3.881217693382));
#4001 = VECTOR('',#4002,1.);
#4002 = DIRECTION('',(1.,-1.224646799147E-16,0.));
#4003 = ORIENTED_EDGE('',*,*,#3831,.F.);
#4004 = ORIENTED_EDGE('',*,*,#3981,.F.);
#4005 = ORIENTED_EDGE('',*,*,#3695,.T.);
#4006 = PLANE('',#4007);
#4007 = AXIS2_PLACEMENT_3D('',#4008,#4009,#4010);
#4008 = CARTESIAN_POINT('',(1.37499975,0.449167227259,2.581217693382));
#4009 = DIRECTION('',(1.224646799147E-16,1.,1.224646799147E-16));
#4010 = DIRECTION('',(-1.,1.224646799147E-16,0.));
#4011 = ADVANCED_FACE('',(#4012),#4023,.T.);
#4012 = FACE_BOUND('',#4013,.T.);
#4013 = EDGE_LOOP('',(#4014,#4020,#4021,#4022));
#4014 = ORIENTED_EDGE('',*,*,#4015,.T.);
#4015 = EDGE_CURVE('',#3679,#3840,#4016,.T.);
#4016 = LINE('',#4017,#4018);
#4017 = CARTESIAN_POINT('',(1.37499975,0.604111262246,4.199322669419));
#4018 = VECTOR('',#4019,1.);
#4019 = DIRECTION('',(1.,-1.224646799147E-16,0.));
#4020 = ORIENTED_EDGE('',*,*,#3839,.F.);
#4021 = ORIENTED_EDGE('',*,*,#3998,.F.);
#4022 = ORIENTED_EDGE('',*,*,#3687,.T.);
#4023 = PLANE('',#4024);
#4024 = AXIS2_PLACEMENT_3D('',#4025,#4026,#4027);
#4025 = CARTESIAN_POINT('',(1.37499975,0.449167227259,3.881217693382));
#4026 = DIRECTION('',(1.100986194907E-16,0.89902345368,-0.437900479257)
  );
#4027 = DIRECTION('',(-1.,1.224646799147E-16,0.));
#4028 = ADVANCED_FACE('',(#4029),#4040,.T.);
#4029 = FACE_BOUND('',#4030,.T.);
#4030 = EDGE_LOOP('',(#4031,#4037,#4038,#4039));
#4031 = ORIENTED_EDGE('',*,*,#4032,.T.);
#4032 = EDGE_CURVE('',#3671,#3848,#4033,.T.);
#4033 = LINE('',#4034,#4035);
#4034 = CARTESIAN_POINT('',(1.37499975,0.607292314716,4.234756116545));
#4035 = VECTOR('',#4036,1.);
#4036 = DIRECTION('',(1.,-1.224646799147E-16,0.));
#4037 = ORIENTED_EDGE('',*,*,#3847,.F.);
#4038 = ORIENTED_EDGE('',*,*,#4015,.F.);
#4039 = ORIENTED_EDGE('',*,*,#3678,.T.);
#4040 = CYLINDRICAL_SURFACE('',#4041,5.E-02);
#4041 = AXIS2_PLACEMENT_3D('',#4042,#4043,#4044);
#4042 = CARTESIAN_POINT('',(1.37499975,0.559160089562,4.221217693382));
#4043 = DIRECTION('',(-1.,1.224646799147E-16,0.));
#4044 = DIRECTION('',(1.499759782662E-32,1.224646799147E-16,-1.));
#4045 = ADVANCED_FACE('',(#4046),#4057,.T.);
#4046 = FACE_BOUND('',#4047,.T.);
#4047 = EDGE_LOOP('',(#4048,#4054,#4055,#4056));
#4048 = ORIENTED_EDGE('',*,*,#4049,.T.);
#4049 = EDGE_CURVE('',#3662,#3857,#4050,.T.);
#4050 = LINE('',#4051,#4052);
#4051 = CARTESIAN_POINT('',(1.37499975,0.399970541884,4.971832962871));
#4052 = VECTOR('',#4053,1.);
#4053 = DIRECTION('',(1.,-1.224646799147E-16,0.));
#4054 = ORIENTED_EDGE('',*,*,#3856,.F.);
#4055 = ORIENTED_EDGE('',*,*,#4032,.F.);
#4056 = ORIENTED_EDGE('',*,*,#3670,.T.);
#4057 = PLANE('',#4058);
#4058 = AXIS2_PLACEMENT_3D('',#4059,#4060,#4061);
#4059 = CARTESIAN_POINT('',(1.37499975,0.607292314716,4.234756116545));
#4060 = DIRECTION('',(1.17889950941E-16,0.962644503077,0.27076846326));
#4061 = DIRECTION('',(1.,-1.224646799147E-16,0.));
#4062 = ADVANCED_FACE('',(#4063),#4069,.T.);
#4063 = FACE_BOUND('',#4064,.T.);
#4064 = EDGE_LOOP('',(#4065,#4066,#4067,#4068));
#4065 = ORIENTED_EDGE('',*,*,#2516,.T.);
#4066 = ORIENTED_EDGE('',*,*,#3864,.F.);
#4067 = ORIENTED_EDGE('',*,*,#4049,.F.);
#4068 = ORIENTED_EDGE('',*,*,#3661,.T.);
#4069 = CYLINDRICAL_SURFACE('',#4070,0.15);
#4070 = AXIS2_PLACEMENT_3D('',#4071,#4072,#4073);
#4071 = CARTESIAN_POINT('',(1.37499975,0.255573866423,4.931217693382));
#4072 = DIRECTION('',(-1.,1.224646799147E-16,0.));
#4073 = DIRECTION('',(1.499759782662E-32,1.224646799147E-16,-1.));
#4074 = ADVANCED_FACE('',(#4075),#4086,.T.);
#4075 = FACE_BOUND('',#4076,.T.);
#4076 = EDGE_LOOP('',(#4077,#4078,#4084,#4085));
#4077 = ORIENTED_EDGE('',*,*,#3920,.F.);
#4078 = ORIENTED_EDGE('',*,*,#4079,.F.);
#4079 = EDGE_CURVE('',#3726,#3913,#4080,.T.);
#4080 = LINE('',#4081,#4082);
#4081 = CARTESIAN_POINT('',(1.37499975,2.249167227259,-3.128782306618));
#4082 = VECTOR('',#4083,1.);
#4083 = DIRECTION('',(1.,-1.224646799147E-16,0.));
#4084 = ORIENTED_EDGE('',*,*,#3725,.T.);
#4085 = ORIENTED_EDGE('',*,*,#580,.T.);
#4086 = PLANE('',#4087);
#4087 = AXIS2_PLACEMENT_3D('',#4088,#4089,#4090);
#4088 = CARTESIAN_POINT('',(1.37499975,2.249167227259,-3.128782306618));
#4089 = DIRECTION('',(1.224646799147E-16,1.,1.224646799147E-16));
#4090 = DIRECTION('',(-1.,1.224646799147E-16,0.));
#4091 = ADVANCED_FACE('',(#4092),#4103,.T.);
#4092 = FACE_BOUND('',#4093,.T.);
#4093 = EDGE_LOOP('',(#4094,#4095,#4096,#4102));
#4094 = ORIENTED_EDGE('',*,*,#4079,.T.);
#4095 = ORIENTED_EDGE('',*,*,#3912,.F.);
#4096 = ORIENTED_EDGE('',*,*,#4097,.F.);
#4097 = EDGE_CURVE('',#3734,#3905,#4098,.T.);
#4098 = LINE('',#4099,#4100);
#4099 = CARTESIAN_POINT('',(1.37499975,2.089167227259,-3.428782306618));
#4100 = VECTOR('',#4101,1.);
#4101 = DIRECTION('',(1.,-1.224646799147E-16,0.));
#4102 = ORIENTED_EDGE('',*,*,#3733,.T.);
#4103 = PLANE('',#4104);
#4104 = AXIS2_PLACEMENT_3D('',#4105,#4106,#4107);
#4105 = CARTESIAN_POINT('',(1.37499975,2.089167227259,-3.428782306618));
#4106 = DIRECTION('',(1.08057070513E-16,0.882352941176,-0.470588235294)
  );
#4107 = DIRECTION('',(-1.,1.224646799147E-16,0.));
#4108 = ADVANCED_FACE('',(#4109),#4120,.T.);
#4109 = FACE_BOUND('',#4110,.T.);
#4110 = EDGE_LOOP('',(#4111,#4112,#4113,#4119));
#4111 = ORIENTED_EDGE('',*,*,#4097,.T.);
#4112 = ORIENTED_EDGE('',*,*,#3904,.F.);
#4113 = ORIENTED_EDGE('',*,*,#4114,.F.);
#4114 = EDGE_CURVE('',#3742,#3897,#4115,.T.);
#4115 = LINE('',#4116,#4117);
#4116 = CARTESIAN_POINT('',(1.37499975,1.899167227259,-3.428782306618));
#4117 = VECTOR('',#4118,1.);
#4118 = DIRECTION('',(1.,-1.224646799147E-16,0.));
#4119 = ORIENTED_EDGE('',*,*,#3741,.T.);
#4120 = PLANE('',#4121);
#4121 = AXIS2_PLACEMENT_3D('',#4122,#4123,#4124);
#4122 = CARTESIAN_POINT('',(1.37499975,1.899167227259,-3.428782306618));
#4123 = DIRECTION('',(1.499759782662E-32,1.224646799147E-16,-1.));
#4124 = DIRECTION('',(-1.,1.224646799147E-16,0.));
#4125 = ADVANCED_FACE('',(#4126),#4137,.T.);
#4126 = FACE_BOUND('',#4127,.T.);
#4127 = EDGE_LOOP('',(#4128,#4129,#4130,#4136));
#4128 = ORIENTED_EDGE('',*,*,#4114,.T.);
#4129 = ORIENTED_EDGE('',*,*,#3896,.F.);
#4130 = ORIENTED_EDGE('',*,*,#4131,.F.);
#4131 = EDGE_CURVE('',#3750,#3889,#4132,.T.);
#4132 = LINE('',#4133,#4134);
#4133 = CARTESIAN_POINT('',(1.37499975,1.749167227259,-3.128782306618));
#4134 = VECTOR('',#4135,1.);
#4135 = DIRECTION('',(1.,-1.224646799147E-16,0.));
#4136 = ORIENTED_EDGE('',*,*,#3749,.T.);
#4137 = PLANE('',#4138);
#4138 = AXIS2_PLACEMENT_3D('',#4139,#4140,#4141);
#4139 = CARTESIAN_POINT('',(1.37499975,1.749167227259,-3.128782306618));
#4140 = DIRECTION('',(-1.095357396528E-16,-0.894427191,-0.4472135955));
#4141 = DIRECTION('',(1.,-1.224646799147E-16,0.));
#4142 = ADVANCED_FACE('',(#4143),#4149,.T.);
#4143 = FACE_BOUND('',#4144,.T.);
#4144 = EDGE_LOOP('',(#4145,#4146,#4147,#4148));
#4145 = ORIENTED_EDGE('',*,*,#3757,.T.);
#4146 = ORIENTED_EDGE('',*,*,#4131,.T.);
#4147 = ORIENTED_EDGE('',*,*,#3888,.F.);
#4148 = ORIENTED_EDGE('',*,*,#562,.F.);
#4149 = PLANE('',#4150);
#4150 = AXIS2_PLACEMENT_3D('',#4151,#4152,#4153);
#4151 = CARTESIAN_POINT('',(1.37499975,1.749167227259,
    -1.878230661791E-02));
#4152 = DIRECTION('',(-1.224646799147E-16,-1.,-1.224646799147E-16));
#4153 = DIRECTION('',(-1.499759782662E-32,-1.224646799147E-16,1.));
#4154 = ADVANCED_FACE('',(#4155),#4174,.T.);
#4155 = FACE_BOUND('',#4156,.T.);
#4156 = EDGE_LOOP('',(#4157,#4166,#4172,#4173));
#4157 = ORIENTED_EDGE('',*,*,#4158,.T.);
#4158 = EDGE_CURVE('',#937,#4159,#4161,.T.);
#4159 = VERTEX_POINT('',#4160);
#4160 = CARTESIAN_POINT('',(0.12499975,1.431027864408,4.467679270219));
#4161 = CIRCLE('',#4162,5.E-02);
#4162 = AXIS2_PLACEMENT_3D('',#4163,#4164,#4165);
#4163 = CARTESIAN_POINT('',(0.12499975,1.479160089562,4.481217693382));
#4164 = DIRECTION('',(1.,-1.224646799147E-16,6.162975822039E-33));
#4165 = DIRECTION('',(-1.100986194907E-16,-0.89902345368,0.437900479257)
  );
#4166 = ORIENTED_EDGE('',*,*,#4167,.T.);
#4167 = EDGE_CURVE('',#4159,#1003,#4168,.T.);
#4168 = LINE('',#4169,#4170);
#4169 = CARTESIAN_POINT('',(0.12499975,1.431027864408,4.467679270219));
#4170 = VECTOR('',#4171,1.);
#4171 = DIRECTION('',(3.315957318415E-17,0.27076846326,-0.962644503077)
  );
#4172 = ORIENTED_EDGE('',*,*,#1002,.T.);
#4173 = ORIENTED_EDGE('',*,*,#944,.T.);
#4174 = PLANE('',#4175);
#4175 = AXIS2_PLACEMENT_3D('',#4176,#4177,#4178);
#4176 = CARTESIAN_POINT('',(0.12499975,2.514167227259,4.741217693382));
#4177 = DIRECTION('',(1.,-1.224646799147E-16,0.));
#4178 = DIRECTION('',(1.499759782662E-32,1.224646799147E-16,-1.));
#4179 = ADVANCED_FACE('',(#4180),#4241,.T.);
#4180 = FACE_BOUND('',#4181,.T.);
#4181 = EDGE_LOOP('',(#4182,#4192,#4200,#4208,#4217,#4225,#4232,#4233,
    #4234,#4235));
#4182 = ORIENTED_EDGE('',*,*,#4183,.T.);
#4183 = EDGE_CURVE('',#4184,#4186,#4188,.T.);
#4184 = VERTEX_POINT('',#4185);
#4185 = CARTESIAN_POINT('',(0.12499975,1.379167227259,2.581217693382));
#4186 = VERTEX_POINT('',#4187);
#4187 = CARTESIAN_POINT('',(0.12499975,0.449167227259,2.581217693382));
#4188 = LINE('',#4189,#4190);
#4189 = CARTESIAN_POINT('',(0.12499975,1.379167227259,2.581217693382));
#4190 = VECTOR('',#4191,1.);
#4191 = DIRECTION('',(-1.224646799147E-16,-1.,-1.224646799147E-16));
#4192 = ORIENTED_EDGE('',*,*,#4193,.T.);
#4193 = EDGE_CURVE('',#4186,#4194,#4196,.T.);
#4194 = VERTEX_POINT('',#4195);
#4195 = CARTESIAN_POINT('',(0.12499975,0.449167227259,3.881217693382));
#4196 = LINE('',#4197,#4198);
#4197 = CARTESIAN_POINT('',(0.12499975,0.449167227259,2.581217693382));
#4198 = VECTOR('',#4199,1.);
#4199 = DIRECTION('',(-1.499759782662E-32,-1.224646799147E-16,1.));
#4200 = ORIENTED_EDGE('',*,*,#4201,.T.);
#4201 = EDGE_CURVE('',#4194,#4202,#4204,.T.);
#4202 = VERTEX_POINT('',#4203);
#4203 = CARTESIAN_POINT('',(0.12499975,0.604111262246,4.199322669419));
#4204 = LINE('',#4205,#4206);
#4205 = CARTESIAN_POINT('',(0.12499975,0.449167227259,3.881217693382));
#4206 = VECTOR('',#4207,1.);
#4207 = DIRECTION('',(5.362734202678E-17,0.437900479257,0.89902345368));
#4208 = ORIENTED_EDGE('',*,*,#4209,.T.);
#4209 = EDGE_CURVE('',#4202,#4210,#4212,.T.);
#4210 = VERTEX_POINT('',#4211);
#4211 = CARTESIAN_POINT('',(0.12499975,0.607292314716,4.234756116545));
#4212 = CIRCLE('',#4213,5.E-02);
#4213 = AXIS2_PLACEMENT_3D('',#4214,#4215,#4216);
#4214 = CARTESIAN_POINT('',(0.12499975,0.559160089562,4.221217693382));
#4215 = DIRECTION('',(1.,-1.224646799147E-16,6.162975822039E-33));
#4216 = DIRECTION('',(1.100986194907E-16,0.89902345368,-0.437900479257)
  );
#4217 = ORIENTED_EDGE('',*,*,#4218,.T.);
#4218 = EDGE_CURVE('',#4210,#4219,#4221,.T.);
#4219 = VERTEX_POINT('',#4220);
#4220 = CARTESIAN_POINT('',(0.12499975,0.399970541884,4.971832962871));
#4221 = LINE('',#4222,#4223);
#4222 = CARTESIAN_POINT('',(0.12499975,0.607292314716,4.234756116545));
#4223 = VECTOR('',#4224,1.);
#4224 = DIRECTION('',(-3.315957318415E-17,-0.27076846326,0.962644503077)
  );
#4225 = ORIENTED_EDGE('',*,*,#4226,.T.);
#4226 = EDGE_CURVE('',#4219,#2541,#4227,.T.);
#4227 = CIRCLE('',#4228,0.15);
#4228 = AXIS2_PLACEMENT_3D('',#4229,#4230,#4231);
#4229 = CARTESIAN_POINT('',(0.12499975,0.255573866423,4.931217693382));
#4230 = DIRECTION('',(1.,-1.224646799147E-16,0.));
#4231 = DIRECTION('',(1.17889950941E-16,0.962644503077,0.27076846326));
#4232 = ORIENTED_EDGE('',*,*,#2540,.F.);
#4233 = ORIENTED_EDGE('',*,*,#3466,.T.);
#4234 = ORIENTED_EDGE('',*,*,#3238,.T.);
#4235 = ORIENTED_EDGE('',*,*,#4236,.T.);
#4236 = EDGE_CURVE('',#3231,#4184,#4237,.T.);
#4237 = LINE('',#4238,#4239);
#4238 = CARTESIAN_POINT('',(0.12499975,1.379167227259,2.471217693382));
#4239 = VECTOR('',#4240,1.);
#4240 = DIRECTION('',(-1.499759782662E-32,-1.224646799147E-16,1.));
#4241 = PLANE('',#4242);
#4242 = AXIS2_PLACEMENT_3D('',#4243,#4244,#4245);
#4243 = CARTESIAN_POINT('',(0.12499975,2.514167227259,4.741217693382));
#4244 = DIRECTION('',(1.,-1.224646799147E-16,0.));
#4245 = DIRECTION('',(1.499759782662E-32,1.224646799147E-16,-1.));
#4246 = ADVANCED_FACE('',(#4247),#4288,.T.);
#4247 = FACE_BOUND('',#4248,.T.);
#4248 = EDGE_LOOP('',(#4249,#4257,#4258,#4266,#4274,#4282));
#4249 = ORIENTED_EDGE('',*,*,#4250,.T.);
#4250 = EDGE_CURVE('',#4251,#709,#4253,.T.);
#4251 = VERTEX_POINT('',#4252);
#4252 = CARTESIAN_POINT('',(0.12499975,0.219167227259,-0.401068864371));
#4253 = LINE('',#4254,#4255);
#4254 = CARTESIAN_POINT('',(0.12499975,0.219167227259,-0.401068864371));
#4255 = VECTOR('',#4256,1.);
#4256 = DIRECTION('',(-1.499759782662E-32,-1.224646799147E-16,1.));
#4257 = ORIENTED_EDGE('',*,*,#708,.F.);
#4258 = ORIENTED_EDGE('',*,*,#4259,.F.);
#4259 = EDGE_CURVE('',#4260,#701,#4262,.T.);
#4260 = VERTEX_POINT('',#4261);
#4261 = CARTESIAN_POINT('',(0.12499975,-0.246017580873,-0.751061086853)
  );
#4262 = LINE('',#4263,#4264);
#4263 = CARTESIAN_POINT('',(0.12499975,-0.246017580873,-0.751061086853)
  );
#4264 = VECTOR('',#4265,1.);
#4265 = DIRECTION('',(-8.164130571207E-19,-6.666518523456E-03,
    0.999977778518));
#4266 = ORIENTED_EDGE('',*,*,#4267,.T.);
#4267 = EDGE_CURVE('',#4260,#4268,#4270,.T.);
#4268 = VERTEX_POINT('',#4269);
#4269 = CARTESIAN_POINT('',(0.12499975,0.202972441682,-0.748067820036));
#4270 = LINE('',#4271,#4272);
#4271 = CARTESIAN_POINT('',(0.12499975,-0.246017580873,-0.751061086853)
  );
#4272 = VECTOR('',#4273,1.);
#4273 = DIRECTION('',(1.224619585681E-16,0.999977778518,
    6.666518523458E-03));
#4274 = ORIENTED_EDGE('',*,*,#4275,.T.);
#4275 = EDGE_CURVE('',#4268,#4276,#4278,.T.);
#4276 = VERTEX_POINT('',#4277);
#4277 = CARTESIAN_POINT('',(0.12499975,0.200659115311,-0.401068864371));
#4278 = LINE('',#4279,#4280);
#4279 = CARTESIAN_POINT('',(0.12499975,0.202972441682,-0.748067820036));
#4280 = VECTOR('',#4281,1.);
#4281 = DIRECTION('',(-8.164130571208E-19,-6.666518523457E-03,
    0.999977778518));
#4282 = ORIENTED_EDGE('',*,*,#4283,.T.);
#4283 = EDGE_CURVE('',#4276,#4251,#4284,.T.);
#4284 = LINE('',#4285,#4286);
#4285 = CARTESIAN_POINT('',(0.12499975,0.200659115311,-0.401068864371));
#4286 = VECTOR('',#4287,1.);
#4287 = DIRECTION('',(1.224646799147E-16,1.,1.224646799147E-16));
#4288 = PLANE('',#4289);
#4289 = AXIS2_PLACEMENT_3D('',#4290,#4291,#4292);
#4290 = CARTESIAN_POINT('',(0.12499975,2.514167227259,4.741217693382));
#4291 = DIRECTION('',(1.,-1.224646799147E-16,0.));
#4292 = DIRECTION('',(1.499759782662E-32,1.224646799147E-16,-1.));
#4293 = ADVANCED_FACE('',(#4294),#4305,.T.);
#4294 = FACE_BOUND('',#4295,.T.);
#4295 = EDGE_LOOP('',(#4296,#4297,#4298,#4304));
#4296 = ORIENTED_EDGE('',*,*,#1010,.T.);
#4297 = ORIENTED_EDGE('',*,*,#4167,.F.);
#4298 = ORIENTED_EDGE('',*,*,#4299,.F.);
#4299 = EDGE_CURVE('',#769,#4159,#4300,.T.);
#4300 = LINE('',#4301,#4302);
#4301 = CARTESIAN_POINT('',(-0.12500025,1.431027864408,4.467679270219));
#4302 = VECTOR('',#4303,1.);
#4303 = DIRECTION('',(1.,-1.224646799147E-16,0.));
#4304 = ORIENTED_EDGE('',*,*,#768,.T.);
#4305 = PLANE('',#4306);
#4306 = AXIS2_PLACEMENT_3D('',#4307,#4308,#4309);
#4307 = CARTESIAN_POINT('',(-0.12500025,1.431027864408,4.467679270219));
#4308 = DIRECTION('',(-1.17889950941E-16,-0.962644503077,-0.27076846326)
  );
#4309 = DIRECTION('',(1.,-1.224646799147E-16,0.));
#4310 = ADVANCED_FACE('',(#4311),#4317,.T.);
#4311 = FACE_BOUND('',#4312,.T.);
#4312 = EDGE_LOOP('',(#4313,#4314,#4315,#4316));
#4313 = ORIENTED_EDGE('',*,*,#4299,.T.);
#4314 = ORIENTED_EDGE('',*,*,#4158,.F.);
#4315 = ORIENTED_EDGE('',*,*,#936,.F.);
#4316 = ORIENTED_EDGE('',*,*,#776,.T.);
#4317 = CYLINDRICAL_SURFACE('',#4318,5.E-02);
#4318 = AXIS2_PLACEMENT_3D('',#4319,#4320,#4321);
#4319 = CARTESIAN_POINT('',(-0.12500025,1.479160089562,4.481217693382));
#4320 = DIRECTION('',(-1.,1.224646799147E-16,0.));
#4321 = DIRECTION('',(1.499759782662E-32,1.224646799147E-16,-1.));
#4322 = ADVANCED_FACE('',(#4323),#4334,.T.);
#4323 = FACE_BOUND('',#4324,.T.);
#4324 = EDGE_LOOP('',(#4325,#4331,#4332,#4333));
#4325 = ORIENTED_EDGE('',*,*,#4326,.T.);
#4326 = EDGE_CURVE('',#868,#4184,#4327,.T.);
#4327 = LINE('',#4328,#4329);
#4328 = CARTESIAN_POINT('',(-0.12500025,1.379167227259,2.581217693382));
#4329 = VECTOR('',#4330,1.);
#4330 = DIRECTION('',(1.,-1.224646799147E-16,0.));
#4331 = ORIENTED_EDGE('',*,*,#4236,.F.);
#4332 = ORIENTED_EDGE('',*,*,#3230,.F.);
#4333 = ORIENTED_EDGE('',*,*,#875,.T.);
#4334 = PLANE('',#4335);
#4335 = AXIS2_PLACEMENT_3D('',#4336,#4337,#4338);
#4336 = CARTESIAN_POINT('',(-0.12500025,1.379167227259,2.001217693382));
#4337 = DIRECTION('',(1.224646799147E-16,1.,1.224646799147E-16));
#4338 = DIRECTION('',(-1.,1.224646799147E-16,0.));
#4339 = ADVANCED_FACE('',(#4340),#4351,.T.);
#4340 = FACE_BOUND('',#4341,.T.);
#4341 = EDGE_LOOP('',(#4342,#4348,#4349,#4350));
#4342 = ORIENTED_EDGE('',*,*,#4343,.T.);
#4343 = EDGE_CURVE('',#860,#4186,#4344,.T.);
#4344 = LINE('',#4345,#4346);
#4345 = CARTESIAN_POINT('',(-0.12500025,0.449167227259,2.581217693382));
#4346 = VECTOR('',#4347,1.);
#4347 = DIRECTION('',(1.,-1.224646799147E-16,0.));
#4348 = ORIENTED_EDGE('',*,*,#4183,.F.);
#4349 = ORIENTED_EDGE('',*,*,#4326,.F.);
#4350 = ORIENTED_EDGE('',*,*,#867,.T.);
#4351 = PLANE('',#4352);
#4352 = AXIS2_PLACEMENT_3D('',#4353,#4354,#4355);
#4353 = CARTESIAN_POINT('',(-0.12500025,1.379167227259,2.581217693382));
#4354 = DIRECTION('',(-1.499759782662E-32,-1.224646799147E-16,1.));
#4355 = DIRECTION('',(-1.224646799147E-16,-1.,-1.224646799147E-16));
#4356 = ADVANCED_FACE('',(#4357),#4368,.T.);
#4357 = FACE_BOUND('',#4358,.T.);
#4358 = EDGE_LOOP('',(#4359,#4365,#4366,#4367));
#4359 = ORIENTED_EDGE('',*,*,#4360,.T.);
#4360 = EDGE_CURVE('',#852,#4194,#4361,.T.);
#4361 = LINE('',#4362,#4363);
#4362 = CARTESIAN_POINT('',(-0.12500025,0.449167227259,3.881217693382));
#4363 = VECTOR('',#4364,1.);
#4364 = DIRECTION('',(1.,-1.224646799147E-16,0.));
#4365 = ORIENTED_EDGE('',*,*,#4193,.F.);
#4366 = ORIENTED_EDGE('',*,*,#4343,.F.);
#4367 = ORIENTED_EDGE('',*,*,#859,.T.);
#4368 = PLANE('',#4369);
#4369 = AXIS2_PLACEMENT_3D('',#4370,#4371,#4372);
#4370 = CARTESIAN_POINT('',(-0.12500025,0.449167227259,2.581217693382));
#4371 = DIRECTION('',(1.224646799147E-16,1.,1.224646799147E-16));
#4372 = DIRECTION('',(-1.,1.224646799147E-16,0.));
#4373 = ADVANCED_FACE('',(#4374),#4385,.T.);
#4374 = FACE_BOUND('',#4375,.T.);
#4375 = EDGE_LOOP('',(#4376,#4382,#4383,#4384));
#4376 = ORIENTED_EDGE('',*,*,#4377,.T.);
#4377 = EDGE_CURVE('',#843,#4202,#4378,.T.);
#4378 = LINE('',#4379,#4380);
#4379 = CARTESIAN_POINT('',(-0.12500025,0.604111262246,4.199322669419));
#4380 = VECTOR('',#4381,1.);
#4381 = DIRECTION('',(1.,-1.224646799147E-16,0.));
#4382 = ORIENTED_EDGE('',*,*,#4201,.F.);
#4383 = ORIENTED_EDGE('',*,*,#4360,.F.);
#4384 = ORIENTED_EDGE('',*,*,#851,.T.);
#4385 = PLANE('',#4386);
#4386 = AXIS2_PLACEMENT_3D('',#4387,#4388,#4389);
#4387 = CARTESIAN_POINT('',(-0.12500025,0.449167227259,3.881217693382));
#4388 = DIRECTION('',(1.100986194907E-16,0.89902345368,-0.437900479257)
  );
#4389 = DIRECTION('',(-1.,1.224646799147E-16,0.));
#4390 = ADVANCED_FACE('',(#4391),#4402,.T.);
#4391 = FACE_BOUND('',#4392,.T.);
#4392 = EDGE_LOOP('',(#4393,#4399,#4400,#4401));
#4393 = ORIENTED_EDGE('',*,*,#4394,.T.);
#4394 = EDGE_CURVE('',#835,#4210,#4395,.T.);
#4395 = LINE('',#4396,#4397);
#4396 = CARTESIAN_POINT('',(-0.12500025,0.607292314716,4.234756116545));
#4397 = VECTOR('',#4398,1.);
#4398 = DIRECTION('',(1.,-1.224646799147E-16,0.));
#4399 = ORIENTED_EDGE('',*,*,#4209,.F.);
#4400 = ORIENTED_EDGE('',*,*,#4377,.F.);
#4401 = ORIENTED_EDGE('',*,*,#842,.T.);
#4402 = CYLINDRICAL_SURFACE('',#4403,5.E-02);
#4403 = AXIS2_PLACEMENT_3D('',#4404,#4405,#4406);
#4404 = CARTESIAN_POINT('',(-0.12500025,0.559160089562,4.221217693382));
#4405 = DIRECTION('',(-1.,1.224646799147E-16,0.));
#4406 = DIRECTION('',(1.499759782662E-32,1.224646799147E-16,-1.));
#4407 = ADVANCED_FACE('',(#4408),#4419,.T.);
#4408 = FACE_BOUND('',#4409,.T.);
#4409 = EDGE_LOOP('',(#4410,#4416,#4417,#4418));
#4410 = ORIENTED_EDGE('',*,*,#4411,.T.);
#4411 = EDGE_CURVE('',#826,#4219,#4412,.T.);
#4412 = LINE('',#4413,#4414);
#4413 = CARTESIAN_POINT('',(-0.12500025,0.399970541884,4.971832962871));
#4414 = VECTOR('',#4415,1.);
#4415 = DIRECTION('',(1.,-1.224646799147E-16,0.));
#4416 = ORIENTED_EDGE('',*,*,#4218,.F.);
#4417 = ORIENTED_EDGE('',*,*,#4394,.F.);
#4418 = ORIENTED_EDGE('',*,*,#834,.T.);
#4419 = PLANE('',#4420);
#4420 = AXIS2_PLACEMENT_3D('',#4421,#4422,#4423);
#4421 = CARTESIAN_POINT('',(-0.12500025,0.607292314716,4.234756116545));
#4422 = DIRECTION('',(1.17889950941E-16,0.962644503077,0.27076846326));
#4423 = DIRECTION('',(1.,-1.224646799147E-16,0.));
#4424 = ADVANCED_FACE('',(#4425),#4431,.T.);
#4425 = FACE_BOUND('',#4426,.T.);
#4426 = EDGE_LOOP('',(#4427,#4428,#4429,#4430));
#4427 = ORIENTED_EDGE('',*,*,#2548,.T.);
#4428 = ORIENTED_EDGE('',*,*,#4226,.F.);
#4429 = ORIENTED_EDGE('',*,*,#4411,.F.);
#4430 = ORIENTED_EDGE('',*,*,#825,.T.);
#4431 = CYLINDRICAL_SURFACE('',#4432,0.15);
#4432 = AXIS2_PLACEMENT_3D('',#4433,#4434,#4435);
#4433 = CARTESIAN_POINT('',(-0.12500025,0.255573866423,4.931217693382));
#4434 = DIRECTION('',(-1.,1.224646799147E-16,0.));
#4435 = DIRECTION('',(1.499759782662E-32,1.224646799147E-16,-1.));
#4436 = ADVANCED_FACE('',(#4437),#4453,.F.);
#4437 = FACE_BOUND('',#4438,.T.);
#4438 = EDGE_LOOP('',(#4439,#4440,#4446,#4447));
#4439 = ORIENTED_EDGE('',*,*,#898,.T.);
#4440 = ORIENTED_EDGE('',*,*,#4441,.T.);
#4441 = EDGE_CURVE('',#891,#4251,#4442,.T.);
#4442 = LINE('',#4443,#4444);
#4443 = CARTESIAN_POINT('',(-0.12500025,0.219167227259,-0.401068864371)
  );
#4444 = VECTOR('',#4445,1.);
#4445 = DIRECTION('',(1.,-1.224646799147E-16,0.));
#4446 = ORIENTED_EDGE('',*,*,#4283,.F.);
#4447 = ORIENTED_EDGE('',*,*,#4448,.T.);
#4448 = EDGE_CURVE('',#4276,#899,#4449,.T.);
#4449 = LINE('',#4450,#4451);
#4450 = CARTESIAN_POINT('',(0.12499975,0.200659115311,-0.401068864371));
#4451 = VECTOR('',#4452,1.);
#4452 = DIRECTION('',(-1.,1.224646799147E-16,0.));
#4453 = PLANE('',#4454);
#4454 = AXIS2_PLACEMENT_3D('',#4455,#4456,#4457);
#4455 = CARTESIAN_POINT('',(0.24999975,-0.760832772741,-0.401068864371)
  );
#4456 = DIRECTION('',(-1.499759782662E-32,-1.224646799147E-16,1.));
#4457 = DIRECTION('',(-1.224646799147E-16,-1.,-1.224646799147E-16));
#4458 = ADVANCED_FACE('',(#4459),#4552,.F.);
#4459 = FACE_BOUND('',#4460,.T.);
#4460 = EDGE_LOOP('',(#4461,#4472,#4480,#4487,#4488,#4494,#4495,#4496,
    #4497,#4503,#4504,#4513,#4521,#4530,#4538,#4546));
#4461 = ORIENTED_EDGE('',*,*,#4462,.F.);
#4462 = EDGE_CURVE('',#4463,#4465,#4467,.T.);
#4463 = VERTEX_POINT('',#4464);
#4464 = CARTESIAN_POINT('',(-0.129629517084,0.218353554993,
    -3.055234816744));
#4465 = VERTEX_POINT('',#4466);
#4466 = CARTESIAN_POINT('',(-0.12500025,0.218638760212,-3.098015599554)
  );
#4467 = CIRCLE('',#4468,0.2);
#4468 = AXIS2_PLACEMENT_3D('',#4469,#4470,#4471);
#4469 = CARTESIAN_POINT('',(-0.32500025,0.218638760212,-3.098015599554)
  );
#4470 = DIRECTION('',(3.777360368939E-16,0.999977778518,
    6.666518523457E-03));
#4471 = DIRECTION('',(0.976853664579,-1.426026093687E-03,0.213903914053)
  );
#4472 = ORIENTED_EDGE('',*,*,#4473,.F.);
#4473 = EDGE_CURVE('',#4474,#4463,#4476,.T.);
#4474 = VERTEX_POINT('',#4475);
#4475 = CARTESIAN_POINT('',(-0.541899032603,0.205802465076,
    -1.172571329121));
#4476 = LINE('',#4477,#4478);
#4477 = CARTESIAN_POINT('',(-0.541899032603,0.205802465076,
    -1.172571329121));
#4478 = VECTOR('',#4479,1.);
#4479 = DIRECTION('',(0.21390866742,6.512213049626E-03,-0.976831957444)
  );
#4480 = ORIENTED_EDGE('',*,*,#4481,.F.);
#4481 = EDGE_CURVE('',#225,#4474,#4482,.T.);
#4482 = CIRCLE('',#4483,0.35);
#4483 = AXIS2_PLACEMENT_3D('',#4484,#4485,#4486);
#4484 = CARTESIAN_POINT('',(-0.20000025,0.205303355943,-1.097704959202)
  );
#4485 = DIRECTION('',(-2.792904796323E-16,-0.999977778518,
    -6.666518523457E-03));
#4486 = DIRECTION('',(-0.573576436351,-5.46089227678E-03,0.819133841517)
  );
#4487 = ORIENTED_EDGE('',*,*,#249,.F.);
#4488 = ORIENTED_EDGE('',*,*,#4489,.F.);
#4489 = EDGE_CURVE('',#907,#242,#4490,.T.);
#4490 = LINE('',#4491,#4492);
#4491 = CARTESIAN_POINT('',(-0.12500025,0.202104849211,-0.617928949341)
  );
#4492 = VECTOR('',#4493,1.);
#4493 = DIRECTION('',(-0.819152044289,3.823757937552E-03,-0.573563690633
    ));
#4494 = ORIENTED_EDGE('',*,*,#906,.F.);
#4495 = ORIENTED_EDGE('',*,*,#4448,.F.);
#4496 = ORIENTED_EDGE('',*,*,#4275,.F.);
#4497 = ORIENTED_EDGE('',*,*,#4498,.F.);
#4498 = EDGE_CURVE('',#192,#4268,#4499,.T.);
#4499 = LINE('',#4500,#4501);
#4500 = CARTESIAN_POINT('',(-0.257357893635,0.204757266715,
    -1.015791575051));
#4501 = VECTOR('',#4502,1.);
#4502 = DIRECTION('',(0.819152044289,-3.823757937552E-03,0.573563690633)
  );
#4503 = ORIENTED_EDGE('',*,*,#199,.F.);
#4504 = ORIENTED_EDGE('',*,*,#4505,.F.);
#4505 = EDGE_CURVE('',#4506,#200,#4508,.T.);
#4506 = VERTEX_POINT('',#4507);
#4507 = CARTESIAN_POINT('',(-0.297685616458,0.205445958553,
    -1.119095350608));
#4508 = CIRCLE('',#4509,0.1);
#4509 = AXIS2_PLACEMENT_3D('',#4510,#4511,#4512);
#4510 = CARTESIAN_POINT('',(-0.20000025,0.205303355943,-1.097704959202)
  );
#4511 = DIRECTION('',(-1.575562597056E-15,0.999977778518,
    6.666518523457E-03));
#4512 = DIRECTION('',(-0.976853664579,1.426026093685E-03,-0.213903914053
    ));
#4513 = ORIENTED_EDGE('',*,*,#4514,.F.);
#4514 = EDGE_CURVE('',#4515,#4506,#4517,.T.);
#4515 = VERTEX_POINT('',#4516);
#4516 = CARTESIAN_POINT('',(0.114583899061,0.21799704847,-3.001758838231
    ));
#4517 = LINE('',#4518,#4519);
#4518 = CARTESIAN_POINT('',(0.114583899061,0.21799704847,-3.001758838231
    ));
#4519 = VECTOR('',#4520,1.);
#4520 = DIRECTION('',(-0.21390866742,-6.512213049626E-03,0.976831957444)
  );
#4521 = ORIENTED_EDGE('',*,*,#4522,.F.);
#4522 = EDGE_CURVE('',#4523,#4515,#4525,.T.);
#4523 = VERTEX_POINT('',#4524);
#4524 = CARTESIAN_POINT('',(0.12499975,0.218638760212,-3.098015599554));
#4525 = CIRCLE('',#4526,0.45);
#4526 = AXIS2_PLACEMENT_3D('',#4527,#4528,#4529);
#4527 = CARTESIAN_POINT('',(-0.32500025,0.218638760212,-3.098015599554)
  );
#4528 = DIRECTION('',(-1.224619585681E-16,-0.999977778518,
    -6.666518523457E-03));
#4529 = DIRECTION('',(1.,-1.224646799147E-16,0.));
#4530 = ORIENTED_EDGE('',*,*,#4531,.F.);
#4531 = EDGE_CURVE('',#4532,#4523,#4534,.T.);
#4532 = VERTEX_POINT('',#4533);
#4533 = CARTESIAN_POINT('',(0.12499975,0.218972086138,-3.14801448848));
#4534 = LINE('',#4535,#4536);
#4535 = CARTESIAN_POINT('',(0.12499975,0.218972086138,-3.14801448848));
#4536 = VECTOR('',#4537,1.);
#4537 = DIRECTION('',(-8.164130571203E-19,-6.666518523453E-03,
    0.999977778518));
#4538 = ORIENTED_EDGE('',*,*,#4539,.T.);
#4539 = EDGE_CURVE('',#4532,#4540,#4542,.T.);
#4540 = VERTEX_POINT('',#4541);
#4541 = CARTESIAN_POINT('',(-0.12500025,0.218972086138,-3.14801448848));
#4542 = LINE('',#4543,#4544);
#4543 = CARTESIAN_POINT('',(0.12499975,0.218972086138,-3.14801448848));
#4544 = VECTOR('',#4545,1.);
#4545 = DIRECTION('',(-1.,1.224646799147E-16,0.));
#4546 = ORIENTED_EDGE('',*,*,#4547,.F.);
#4547 = EDGE_CURVE('',#4465,#4540,#4548,.T.);
#4548 = LINE('',#4549,#4550);
#4549 = CARTESIAN_POINT('',(-0.12500025,0.218638760212,-3.098015599554)
  );
#4550 = VECTOR('',#4551,1.);
#4551 = DIRECTION('',(8.164130571203E-19,6.666518523453E-03,
    -0.999977778518));
#4552 = PLANE('',#4553);
#4553 = AXIS2_PLACEMENT_3D('',#4554,#4555,#4556);
#4554 = CARTESIAN_POINT('',(-0.12500025,0.166481546512,4.72556645551));
#4555 = DIRECTION('',(-1.224619585681E-16,-0.999977778518,
    -6.666518523457E-03));
#4556 = DIRECTION('',(1.,-1.224646799147E-16,0.));
#4557 = ADVANCED_FACE('',(#4558),#4674,.F.);
#4558 = FACE_BOUND('',#4559,.T.);
#4559 = EDGE_LOOP('',(#4560,#4571,#4579,#4586,#4587,#4595,#4603,#4611,
    #4619,#4625,#4626,#4635,#4643,#4652,#4660,#4668));
#4560 = ORIENTED_EDGE('',*,*,#4561,.F.);
#4561 = EDGE_CURVE('',#4562,#4564,#4566,.T.);
#4562 = VERTEX_POINT('',#4563);
#4563 = CARTESIAN_POINT('',(8.885415600939,0.21799704847,-3.001758838231
    ));
#4564 = VERTEX_POINT('',#4565);
#4565 = CARTESIAN_POINT('',(8.87499975,0.218638760212,-3.098015599554));
#4566 = CIRCLE('',#4567,0.45);
#4567 = AXIS2_PLACEMENT_3D('',#4568,#4569,#4570);
#4568 = CARTESIAN_POINT('',(9.32499975,0.218638760212,-3.098015599554));
#4569 = DIRECTION('',(-8.426419284557E-16,-0.999977778518,
    -6.666518523457E-03));
#4570 = DIRECTION('',(-0.976853664579,-1.426026093686E-03,0.213903914053
    ));
#4571 = ORIENTED_EDGE('',*,*,#4572,.F.);
#4572 = EDGE_CURVE('',#4573,#4562,#4575,.T.);
#4573 = VERTEX_POINT('',#4574);
#4574 = CARTESIAN_POINT('',(9.297685116458,0.205445958553,
    -1.119095350608));
#4575 = LINE('',#4576,#4577);
#4576 = CARTESIAN_POINT('',(9.297685116458,0.205445958553,
    -1.119095350608));
#4577 = VECTOR('',#4578,1.);
#4578 = DIRECTION('',(-0.21390866742,6.512213049626E-03,-0.976831957444)
  );
#4579 = ORIENTED_EDGE('',*,*,#4580,.F.);
#4580 = EDGE_CURVE('',#99,#4573,#4581,.T.);
#4581 = CIRCLE('',#4582,0.1);
#4582 = AXIS2_PLACEMENT_3D('',#4583,#4584,#4585);
#4583 = CARTESIAN_POINT('',(9.19999975,0.205303355943,-1.097704959202));
#4584 = DIRECTION('',(5.390653201598E-16,0.999977778518,
    6.666518523458E-03));
#4585 = DIRECTION('',(0.573576436351,-5.460892276781E-03,0.819133841517)
  );
#4586 = ORIENTED_EDGE('',*,*,#96,.F.);
#4587 = ORIENTED_EDGE('',*,*,#4588,.F.);
#4588 = EDGE_CURVE('',#4589,#97,#4591,.T.);
#4589 = VERTEX_POINT('',#4590);
#4590 = CARTESIAN_POINT('',(8.87499975,0.202972441682,-0.748067820036));
#4591 = LINE('',#4592,#4593);
#4592 = CARTESIAN_POINT('',(8.87499975,0.202972441682,-0.748067820036));
#4593 = VECTOR('',#4594,1.);
#4594 = DIRECTION('',(0.819152044289,3.823757937552E-03,-0.573563690633)
  );
#4595 = ORIENTED_EDGE('',*,*,#4596,.F.);
#4596 = EDGE_CURVE('',#4597,#4589,#4599,.T.);
#4597 = VERTEX_POINT('',#4598);
#4598 = CARTESIAN_POINT('',(8.87499975,0.200659115311,-0.401068864371));
#4599 = LINE('',#4600,#4601);
#4600 = CARTESIAN_POINT('',(8.87499975,0.200659115311,-0.401068864371));
#4601 = VECTOR('',#4602,1.);
#4602 = DIRECTION('',(8.164130571208E-19,6.666518523457E-03,
    -0.999977778518));
#4603 = ORIENTED_EDGE('',*,*,#4604,.F.);
#4604 = EDGE_CURVE('',#4605,#4597,#4607,.T.);
#4605 = VERTEX_POINT('',#4606);
#4606 = CARTESIAN_POINT('',(9.12499975,0.200659115311,-0.401068864371));
#4607 = LINE('',#4608,#4609);
#4608 = CARTESIAN_POINT('',(9.12499975,0.200659115311,-0.401068864371));
#4609 = VECTOR('',#4610,1.);
#4610 = DIRECTION('',(-1.,1.224646799147E-16,0.));
#4611 = ORIENTED_EDGE('',*,*,#4612,.F.);
#4612 = EDGE_CURVE('',#4613,#4605,#4615,.T.);
#4613 = VERTEX_POINT('',#4614);
#4614 = CARTESIAN_POINT('',(9.12499975,0.202104849211,-0.617928949341));
#4615 = LINE('',#4616,#4617);
#4616 = CARTESIAN_POINT('',(9.12499975,0.202104849211,-0.617928949341));
#4617 = VECTOR('',#4618,1.);
#4618 = DIRECTION('',(-8.164130571207E-19,-6.666518523456E-03,
    0.999977778518));
#4619 = ORIENTED_EDGE('',*,*,#4620,.F.);
#4620 = EDGE_CURVE('',#149,#4613,#4621,.T.);
#4621 = LINE('',#4622,#4623);
#4622 = CARTESIAN_POINT('',(9.400751502723,0.203392043646,
    -0.811008114671));
#4623 = VECTOR('',#4624,1.);
#4624 = DIRECTION('',(-0.819152044289,-3.823757937552E-03,0.573563690633
    ));
#4625 = ORIENTED_EDGE('',*,*,#148,.F.);
#4626 = ORIENTED_EDGE('',*,*,#4627,.F.);
#4627 = EDGE_CURVE('',#4628,#139,#4630,.T.);
#4628 = VERTEX_POINT('',#4629);
#4629 = CARTESIAN_POINT('',(9.541898532603,0.205802465076,
    -1.172571329121));
#4630 = CIRCLE('',#4631,0.35);
#4631 = AXIS2_PLACEMENT_3D('',#4632,#4633,#4634);
#4632 = CARTESIAN_POINT('',(9.19999975,0.205303355943,-1.097704959202));
#4633 = DIRECTION('',(1.331400267812E-16,-0.999977778518,
    -6.666518523457E-03));
#4634 = DIRECTION('',(0.976853664579,1.426026093687E-03,-0.213903914053)
  );
#4635 = ORIENTED_EDGE('',*,*,#4636,.F.);
#4636 = EDGE_CURVE('',#4637,#4628,#4639,.T.);
#4637 = VERTEX_POINT('',#4638);
#4638 = CARTESIAN_POINT('',(9.129629017084,0.218353554993,
    -3.055234816744));
#4639 = LINE('',#4640,#4641);
#4640 = CARTESIAN_POINT('',(9.129629017084,0.218353554993,
    -3.055234816744));
#4641 = VECTOR('',#4642,1.);
#4642 = DIRECTION('',(0.21390866742,-6.512213049626E-03,0.976831957444)
  );
#4643 = ORIENTED_EDGE('',*,*,#4644,.F.);
#4644 = EDGE_CURVE('',#4645,#4637,#4647,.T.);
#4645 = VERTEX_POINT('',#4646);
#4646 = CARTESIAN_POINT('',(9.12499975,0.218638760212,-3.098015599554));
#4647 = CIRCLE('',#4648,0.2);
#4648 = AXIS2_PLACEMENT_3D('',#4649,#4650,#4651);
#4649 = CARTESIAN_POINT('',(9.32499975,0.218638760212,-3.098015599554));
#4650 = DIRECTION('',(-1.53543424981E-15,0.999977778518,
    6.666518523457E-03));
#4651 = DIRECTION('',(-1.,1.224646799148E-16,-2.48689957516E-13));
#4652 = ORIENTED_EDGE('',*,*,#4653,.F.);
#4653 = EDGE_CURVE('',#4654,#4645,#4656,.T.);
#4654 = VERTEX_POINT('',#4655);
#4655 = CARTESIAN_POINT('',(9.12499975,0.218972086138,-3.14801448848));
#4656 = LINE('',#4657,#4658);
#4657 = CARTESIAN_POINT('',(9.12499975,0.218972086138,-3.14801448848));
#4658 = VECTOR('',#4659,1.);
#4659 = DIRECTION('',(-8.164130571206E-19,-6.666518523455E-03,
    0.999977778518));
#4660 = ORIENTED_EDGE('',*,*,#4661,.T.);
#4661 = EDGE_CURVE('',#4654,#4662,#4664,.T.);
#4662 = VERTEX_POINT('',#4663);
#4663 = CARTESIAN_POINT('',(8.87499975,0.218972086138,-3.14801448848));
#4664 = LINE('',#4665,#4666);
#4665 = CARTESIAN_POINT('',(9.12499975,0.218972086138,-3.14801448848));
#4666 = VECTOR('',#4667,1.);
#4667 = DIRECTION('',(-1.,1.224646799147E-16,0.));
#4668 = ORIENTED_EDGE('',*,*,#4669,.F.);
#4669 = EDGE_CURVE('',#4564,#4662,#4670,.T.);
#4670 = LINE('',#4671,#4672);
#4671 = CARTESIAN_POINT('',(8.87499975,0.218638760212,-3.098015599554));
#4672 = VECTOR('',#4673,1.);
#4673 = DIRECTION('',(8.164130571206E-19,6.666518523455E-03,
    -0.999977778518));
#4674 = PLANE('',#4675);
#4675 = AXIS2_PLACEMENT_3D('',#4676,#4677,#4678);
#4676 = CARTESIAN_POINT('',(-0.12500025,0.166481546512,4.72556645551));
#4677 = DIRECTION('',(-1.224619585681E-16,-0.999977778518,
    -6.666518523457E-03));
#4678 = DIRECTION('',(1.,-1.224646799147E-16,0.));
#4679 = ADVANCED_FACE('',(#4680),#4721,.T.);
#4680 = FACE_BOUND('',#4681,.T.);
#4681 = EDGE_LOOP('',(#4682,#4692,#4698,#4699,#4707,#4715));
#4682 = ORIENTED_EDGE('',*,*,#4683,.F.);
#4683 = EDGE_CURVE('',#4684,#4686,#4688,.T.);
#4684 = VERTEX_POINT('',#4685);
#4685 = CARTESIAN_POINT('',(-0.12500025,-0.230351262343,-3.101008866371)
  );
#4686 = VERTEX_POINT('',#4687);
#4687 = CARTESIAN_POINT('',(-0.12500025,-0.22968461049,-3.201006644223)
  );
#4688 = LINE('',#4689,#4690);
#4689 = CARTESIAN_POINT('',(-0.12500025,-0.230351262343,-3.101008866371)
  );
#4690 = VECTOR('',#4691,1.);
#4691 = DIRECTION('',(8.164130571203E-19,6.666518523453E-03,
    -0.999977778518));
#4692 = ORIENTED_EDGE('',*,*,#4693,.T.);
#4693 = EDGE_CURVE('',#4684,#4465,#4694,.T.);
#4694 = LINE('',#4695,#4696);
#4695 = CARTESIAN_POINT('',(-0.12500025,-0.230351262343,-3.101008866371)
  );
#4696 = VECTOR('',#4697,1.);
#4697 = DIRECTION('',(1.224619585681E-16,0.999977778518,
    6.666518523454E-03));
#4698 = ORIENTED_EDGE('',*,*,#4547,.T.);
#4699 = ORIENTED_EDGE('',*,*,#4700,.T.);
#4700 = EDGE_CURVE('',#4540,#4701,#4703,.T.);
#4701 = VERTEX_POINT('',#4702);
#4702 = CARTESIAN_POINT('',(-0.12500025,7.130870084372E-02,
    -3.49900668874));
#4703 = LINE('',#4704,#4705);
#4704 = CARTESIAN_POINT('',(-0.12500025,0.218972086138,-3.14801448848));
#4705 = VECTOR('',#4706,1.);
#4706 = DIRECTION('',(-4.748972681789E-17,-0.38778304774,-0.921750675554
    ));
#4707 = ORIENTED_EDGE('',*,*,#4708,.F.);
#4708 = EDGE_CURVE('',#4709,#4701,#4711,.T.);
#4709 = VERTEX_POINT('',#4710);
#4710 = CARTESIAN_POINT('',(-0.12500025,-7.768798815528E-02,-3.5));
#4711 = LINE('',#4712,#4713);
#4712 = CARTESIAN_POINT('',(-0.12500025,-7.768798815528E-02,-3.5));
#4713 = VECTOR('',#4714,1.);
#4714 = DIRECTION('',(1.224619585681E-16,0.999977778518,
    6.666518523456E-03));
#4715 = ORIENTED_EDGE('',*,*,#4716,.T.);
#4716 = EDGE_CURVE('',#4709,#4686,#4717,.T.);
#4717 = LINE('',#4718,#4719);
#4718 = CARTESIAN_POINT('',(-0.12500025,-7.768798815528E-02,-3.5));
#4719 = VECTOR('',#4720,1.);
#4720 = DIRECTION('',(-5.549687484059E-17,-0.453166373188,0.891425957784
    ));
#4721 = PLANE('',#4722);
#4722 = AXIS2_PLACEMENT_3D('',#4723,#4724,#4725);
#4723 = CARTESIAN_POINT('',(-0.12500025,-0.230351262343,-3.101008866371)
  );
#4724 = DIRECTION('',(-1.,1.224646799147E-16,0.));
#4725 = DIRECTION('',(1.224646799147E-16,1.,1.224646799147E-16));
#4726 = ADVANCED_FACE('',(#4727),#4752,.T.);
#4727 = FACE_BOUND('',#4728,.T.);
#4728 = EDGE_LOOP('',(#4729,#4737,#4738,#4746));
#4729 = ORIENTED_EDGE('',*,*,#4730,.F.);
#4730 = EDGE_CURVE('',#4686,#4731,#4733,.T.);
#4731 = VERTEX_POINT('',#4732);
#4732 = CARTESIAN_POINT('',(0.12499975,-0.22968461049,-3.201006644223));
#4733 = LINE('',#4734,#4735);
#4734 = CARTESIAN_POINT('',(-0.12500025,-0.22968461049,-3.201006644223)
  );
#4735 = VECTOR('',#4736,1.);
#4736 = DIRECTION('',(1.,-1.224646799147E-16,0.));
#4737 = ORIENTED_EDGE('',*,*,#4716,.F.);
#4738 = ORIENTED_EDGE('',*,*,#4739,.T.);
#4739 = EDGE_CURVE('',#4709,#4740,#4742,.T.);
#4740 = VERTEX_POINT('',#4741);
#4741 = CARTESIAN_POINT('',(0.12499975,-7.768798815528E-02,-3.5));
#4742 = LINE('',#4743,#4744);
#4743 = CARTESIAN_POINT('',(-0.12500025,-7.768798815528E-02,-3.5));
#4744 = VECTOR('',#4745,1.);
#4745 = DIRECTION('',(1.,-1.224646799147E-16,0.));
#4746 = ORIENTED_EDGE('',*,*,#4747,.F.);
#4747 = EDGE_CURVE('',#4731,#4740,#4748,.T.);
#4748 = LINE('',#4749,#4750);
#4749 = CARTESIAN_POINT('',(0.12499975,-0.22968461049,-3.201006644223));
#4750 = VECTOR('',#4751,1.);
#4751 = DIRECTION('',(5.549687484059E-17,0.453166373188,-0.891425957784)
  );
#4752 = PLANE('',#4753);
#4753 = AXIS2_PLACEMENT_3D('',#4754,#4755,#4756);
#4754 = CARTESIAN_POINT('',(-2.50000010027E-07,-0.153686299323,
    -3.350503322112));
#4755 = DIRECTION('',(-1.091681945877E-16,-0.891425957784,
    -0.453166373188));
#4756 = DIRECTION('',(1.,-1.224646799147E-16,0.));
#4757 = ADVANCED_FACE('',(#4758),#4790,.T.);
#4758 = FACE_BOUND('',#4759,.T.);
#4759 = EDGE_LOOP('',(#4760,#4768,#4774,#4775,#4783,#4789));
#4760 = ORIENTED_EDGE('',*,*,#4761,.T.);
#4761 = EDGE_CURVE('',#4740,#4762,#4764,.T.);
#4762 = VERTEX_POINT('',#4763);
#4763 = CARTESIAN_POINT('',(0.12499975,7.130870084372E-02,-3.49900668874
    ));
#4764 = LINE('',#4765,#4766);
#4765 = CARTESIAN_POINT('',(0.12499975,-7.768798815528E-02,-3.5));
#4766 = VECTOR('',#4767,1.);
#4767 = DIRECTION('',(1.224619585681E-16,0.999977778518,
    6.666518523456E-03));
#4768 = ORIENTED_EDGE('',*,*,#4769,.T.);
#4769 = EDGE_CURVE('',#4762,#4532,#4770,.T.);
#4770 = LINE('',#4771,#4772);
#4771 = CARTESIAN_POINT('',(0.12499975,7.130870084372E-02,-3.49900668874
    ));
#4772 = VECTOR('',#4773,1.);
#4773 = DIRECTION('',(4.748972681789E-17,0.38778304774,0.921750675554));
#4774 = ORIENTED_EDGE('',*,*,#4531,.T.);
#4775 = ORIENTED_EDGE('',*,*,#4776,.F.);
#4776 = EDGE_CURVE('',#4777,#4523,#4779,.T.);
#4777 = VERTEX_POINT('',#4778);
#4778 = CARTESIAN_POINT('',(0.12499975,-0.230351262343,-3.101008866371)
  );
#4779 = LINE('',#4780,#4781);
#4780 = CARTESIAN_POINT('',(0.12499975,-0.230351262343,-3.101008866371)
  );
#4781 = VECTOR('',#4782,1.);
#4782 = DIRECTION('',(1.224619585681E-16,0.999977778518,
    6.666518523454E-03));
#4783 = ORIENTED_EDGE('',*,*,#4784,.F.);
#4784 = EDGE_CURVE('',#4731,#4777,#4785,.T.);
#4785 = LINE('',#4786,#4787);
#4786 = CARTESIAN_POINT('',(0.12499975,-0.22968461049,-3.201006644223));
#4787 = VECTOR('',#4788,1.);
#4788 = DIRECTION('',(-8.164130571203E-19,-6.666518523453E-03,
    0.999977778518));
#4789 = ORIENTED_EDGE('',*,*,#4747,.T.);
#4790 = PLANE('',#4791);
#4791 = AXIS2_PLACEMENT_3D('',#4792,#4793,#4794);
#4792 = CARTESIAN_POINT('',(0.12499975,-0.227684654933,-3.500999977779)
  );
#4793 = DIRECTION('',(1.,-1.224646799147E-16,0.));
#4794 = DIRECTION('',(1.499759782662E-32,1.224646799147E-16,-1.));
#4795 = ADVANCED_FACE('',(#4796),#4866,.T.);
#4796 = FACE_BOUND('',#4797,.T.);
#4797 = EDGE_LOOP('',(#4798,#4799,#4808,#4816,#4823,#4824,#4830,#4831,
    #4832,#4833,#4839,#4840,#4849,#4857,#4864,#4865));
#4798 = ORIENTED_EDGE('',*,*,#4784,.T.);
#4799 = ORIENTED_EDGE('',*,*,#4800,.T.);
#4800 = EDGE_CURVE('',#4777,#4801,#4803,.T.);
#4801 = VERTEX_POINT('',#4802);
#4802 = CARTESIAN_POINT('',(0.114583899061,-0.230992974085,
    -3.004752105048));
#4803 = CIRCLE('',#4804,0.45);
#4804 = AXIS2_PLACEMENT_3D('',#4805,#4806,#4807);
#4805 = CARTESIAN_POINT('',(-0.32500025,-0.230351262343,-3.101008866371)
  );
#4806 = DIRECTION('',(-1.224619585681E-16,-0.999977778518,
    -6.666518523457E-03));
#4807 = DIRECTION('',(1.,-1.224646799147E-16,0.));
#4808 = ORIENTED_EDGE('',*,*,#4809,.T.);
#4809 = EDGE_CURVE('',#4801,#4810,#4812,.T.);
#4810 = VERTEX_POINT('',#4811);
#4811 = CARTESIAN_POINT('',(-0.297685616458,-0.243544064002,
    -1.122088617425));
#4812 = LINE('',#4813,#4814);
#4813 = CARTESIAN_POINT('',(0.114583899061,-0.230992974085,
    -3.004752105048));
#4814 = VECTOR('',#4815,1.);
#4815 = DIRECTION('',(-0.21390866742,-6.512213049626E-03,0.976831957444)
  );
#4816 = ORIENTED_EDGE('',*,*,#4817,.T.);
#4817 = EDGE_CURVE('',#4810,#181,#4818,.T.);
#4818 = CIRCLE('',#4819,0.1);
#4819 = AXIS2_PLACEMENT_3D('',#4820,#4821,#4822);
#4820 = CARTESIAN_POINT('',(-0.20000025,-0.243686666612,-1.100698226019)
  );
#4821 = DIRECTION('',(-1.575562597056E-15,0.999977778518,
    6.666518523457E-03));
#4822 = DIRECTION('',(-0.976853664579,1.426026093685E-03,-0.213903914053
    ));
#4823 = ORIENTED_EDGE('',*,*,#180,.T.);
#4824 = ORIENTED_EDGE('',*,*,#4825,.T.);
#4825 = EDGE_CURVE('',#183,#4260,#4826,.T.);
#4826 = LINE('',#4827,#4828);
#4827 = CARTESIAN_POINT('',(-0.257357893635,-0.244232755839,
    -1.018784841868));
#4828 = VECTOR('',#4829,1.);
#4829 = DIRECTION('',(0.819152044289,-3.823757937552E-03,0.573563690633)
  );
#4830 = ORIENTED_EDGE('',*,*,#4259,.T.);
#4831 = ORIENTED_EDGE('',*,*,#698,.F.);
#4832 = ORIENTED_EDGE('',*,*,#922,.T.);
#4833 = ORIENTED_EDGE('',*,*,#4834,.T.);
#4834 = EDGE_CURVE('',#915,#233,#4835,.T.);
#4835 = LINE('',#4836,#4837);
#4836 = CARTESIAN_POINT('',(-0.12500025,-0.246885173344,-0.620922216158)
  );
#4837 = VECTOR('',#4838,1.);
#4838 = DIRECTION('',(-0.819152044289,3.823757937552E-03,-0.573563690633
    ));
#4839 = ORIENTED_EDGE('',*,*,#232,.T.);
#4840 = ORIENTED_EDGE('',*,*,#4841,.T.);
#4841 = EDGE_CURVE('',#223,#4842,#4844,.T.);
#4842 = VERTEX_POINT('',#4843);
#4843 = CARTESIAN_POINT('',(-0.541899032603,-0.243187557479,
    -1.175564595938));
#4844 = CIRCLE('',#4845,0.35);
#4845 = AXIS2_PLACEMENT_3D('',#4846,#4847,#4848);
#4846 = CARTESIAN_POINT('',(-0.20000025,-0.243686666612,-1.100698226019)
  );
#4847 = DIRECTION('',(-2.797241605013E-16,-0.999977778518,
    -6.666518523457E-03));
#4848 = DIRECTION('',(-0.573576436351,-5.46089227678E-03,0.819133841517)
  );
#4849 = ORIENTED_EDGE('',*,*,#4850,.T.);
#4850 = EDGE_CURVE('',#4842,#4851,#4853,.T.);
#4851 = VERTEX_POINT('',#4852);
#4852 = CARTESIAN_POINT('',(-0.129629517084,-0.230636467561,
    -3.058228083561));
#4853 = LINE('',#4854,#4855);
#4854 = CARTESIAN_POINT('',(-0.541899032603,-0.243187557479,
    -1.175564595938));
#4855 = VECTOR('',#4856,1.);
#4856 = DIRECTION('',(0.21390866742,6.512213049626E-03,-0.976831957444)
  );
#4857 = ORIENTED_EDGE('',*,*,#4858,.T.);
#4858 = EDGE_CURVE('',#4851,#4684,#4859,.T.);
#4859 = CIRCLE('',#4860,0.2);
#4860 = AXIS2_PLACEMENT_3D('',#4861,#4862,#4863);
#4861 = CARTESIAN_POINT('',(-0.32500025,-0.230351262343,-3.101008866371)
  );
#4862 = DIRECTION('',(3.777360368939E-16,0.999977778518,
    6.666518523457E-03));
#4863 = DIRECTION('',(0.976853664579,-1.426026093687E-03,0.213903914053)
  );
#4864 = ORIENTED_EDGE('',*,*,#4683,.T.);
#4865 = ORIENTED_EDGE('',*,*,#4730,.T.);
#4866 = PLANE('',#4867);
#4867 = AXIS2_PLACEMENT_3D('',#4868,#4869,#4870);
#4868 = CARTESIAN_POINT('',(-0.12500025,-0.250832772741,
    -2.878230661791E-02));
#4869 = DIRECTION('',(-1.224619585681E-16,-0.999977778518,
    -6.666518523457E-03));
#4870 = DIRECTION('',(1.,-1.224646799147E-16,0.));
#4871 = ADVANCED_FACE('',(#4872),#4979,.T.);
#4872 = FACE_BOUND('',#4873,.T.);
#4873 = EDGE_LOOP('',(#4874,#4884,#4893,#4901,#4908,#4909,#4917,#4923,
    #4924,#4932,#4938,#4939,#4948,#4956,#4965,#4973));
#4874 = ORIENTED_EDGE('',*,*,#4875,.T.);
#4875 = EDGE_CURVE('',#4876,#4878,#4880,.T.);
#4876 = VERTEX_POINT('',#4877);
#4877 = CARTESIAN_POINT('',(9.12499975,-0.22968461049,-3.201006644223));
#4878 = VERTEX_POINT('',#4879);
#4879 = CARTESIAN_POINT('',(9.12499975,-0.230351262343,-3.101008866371)
  );
#4880 = LINE('',#4881,#4882);
#4881 = CARTESIAN_POINT('',(9.12499975,-0.22968461049,-3.201006644223));
#4882 = VECTOR('',#4883,1.);
#4883 = DIRECTION('',(-1.332349270857E-14,-6.666518523455E-03,
    0.999977778518));
#4884 = ORIENTED_EDGE('',*,*,#4885,.T.);
#4885 = EDGE_CURVE('',#4878,#4886,#4888,.T.);
#4886 = VERTEX_POINT('',#4887);
#4887 = CARTESIAN_POINT('',(9.129629017084,-0.230636467561,
    -3.058228083561));
#4888 = CIRCLE('',#4889,0.2);
#4889 = AXIS2_PLACEMENT_3D('',#4890,#4891,#4892);
#4890 = CARTESIAN_POINT('',(9.32499975,-0.230351262343,-3.101008866371)
  );
#4891 = DIRECTION('',(-3.193330458189E-15,0.999977778518,
    6.666518523457E-03));
#4892 = DIRECTION('',(-1.,1.224646799148E-16,-4.973799150321E-13));
#4893 = ORIENTED_EDGE('',*,*,#4894,.T.);
#4894 = EDGE_CURVE('',#4886,#4895,#4897,.T.);
#4895 = VERTEX_POINT('',#4896);
#4896 = CARTESIAN_POINT('',(9.541898532603,-0.243187557479,
    -1.175564595938));
#4897 = LINE('',#4898,#4899);
#4898 = CARTESIAN_POINT('',(9.129629017084,-0.230636467561,
    -3.058228083561));
#4899 = VECTOR('',#4900,1.);
#4900 = DIRECTION('',(0.21390866742,-6.512213049626E-03,0.976831957444)
  );
#4901 = ORIENTED_EDGE('',*,*,#4902,.T.);
#4902 = EDGE_CURVE('',#4895,#141,#4903,.T.);
#4903 = CIRCLE('',#4904,0.35);
#4904 = AXIS2_PLACEMENT_3D('',#4905,#4906,#4907);
#4905 = CARTESIAN_POINT('',(9.19999975,-0.243686666612,-1.100698226019)
  );
#4906 = DIRECTION('',(1.331400267812E-16,-0.999977778518,
    -6.666518523457E-03));
#4907 = DIRECTION('',(0.976853664579,1.426026093687E-03,-0.213903914053)
  );
#4908 = ORIENTED_EDGE('',*,*,#165,.T.);
#4909 = ORIENTED_EDGE('',*,*,#4910,.T.);
#4910 = EDGE_CURVE('',#158,#4911,#4913,.T.);
#4911 = VERTEX_POINT('',#4912);
#4912 = CARTESIAN_POINT('',(9.12499975,-0.246885173344,-0.620922216158)
  );
#4913 = LINE('',#4914,#4915);
#4914 = CARTESIAN_POINT('',(9.400751502723,-0.245597978909,
    -0.814001381488));
#4915 = VECTOR('',#4916,1.);
#4916 = DIRECTION('',(-0.819152044289,-3.823757937552E-03,0.573563690633
    ));
#4917 = ORIENTED_EDGE('',*,*,#4918,.T.);
#4918 = EDGE_CURVE('',#4911,#531,#4919,.T.);
#4919 = LINE('',#4920,#4921);
#4920 = CARTESIAN_POINT('',(9.12499975,-0.246885173344,-0.620922216158)
  );
#4921 = VECTOR('',#4922,1.);
#4922 = DIRECTION('',(-8.164130571206E-19,-6.666518523455E-03,
    0.999977778518));
#4923 = ORIENTED_EDGE('',*,*,#528,.F.);
#4924 = ORIENTED_EDGE('',*,*,#4925,.T.);
#4925 = EDGE_CURVE('',#529,#4926,#4928,.T.);
#4926 = VERTEX_POINT('',#4927);
#4927 = CARTESIAN_POINT('',(8.87499975,-0.246017580873,-0.751061086853)
  );
#4928 = LINE('',#4929,#4930);
#4929 = CARTESIAN_POINT('',(8.87499975,-0.250832772741,
    -2.878230661791E-02));
#4930 = VECTOR('',#4931,1.);
#4931 = DIRECTION('',(8.164130571207E-19,6.666518523456E-03,
    -0.999977778518));
#4932 = ORIENTED_EDGE('',*,*,#4933,.T.);
#4933 = EDGE_CURVE('',#4926,#108,#4934,.T.);
#4934 = LINE('',#4935,#4936);
#4935 = CARTESIAN_POINT('',(8.87499975,-0.246017580873,-0.751061086853)
  );
#4936 = VECTOR('',#4937,1.);
#4937 = DIRECTION('',(0.819152044289,3.823757937551E-03,-0.573563690633)
  );
#4938 = ORIENTED_EDGE('',*,*,#115,.T.);
#4939 = ORIENTED_EDGE('',*,*,#4940,.T.);
#4940 = EDGE_CURVE('',#116,#4941,#4943,.T.);
#4941 = VERTEX_POINT('',#4942);
#4942 = CARTESIAN_POINT('',(9.297685116458,-0.243544064002,
    -1.122088617425));
#4943 = CIRCLE('',#4944,0.1);
#4944 = AXIS2_PLACEMENT_3D('',#4945,#4946,#4947);
#4945 = CARTESIAN_POINT('',(9.19999975,-0.243686666612,-1.100698226019)
  );
#4946 = DIRECTION('',(5.390653201598E-16,0.999977778518,
    6.666518523458E-03));
#4947 = DIRECTION('',(0.573576436351,-5.460892276781E-03,0.819133841517)
  );
#4948 = ORIENTED_EDGE('',*,*,#4949,.T.);
#4949 = EDGE_CURVE('',#4941,#4950,#4952,.T.);
#4950 = VERTEX_POINT('',#4951);
#4951 = CARTESIAN_POINT('',(8.885415600939,-0.230992974085,
    -3.004752105048));
#4952 = LINE('',#4953,#4954);
#4953 = CARTESIAN_POINT('',(9.297685116458,-0.243544064002,
    -1.122088617425));
#4954 = VECTOR('',#4955,1.);
#4955 = DIRECTION('',(-0.21390866742,6.512213049626E-03,-0.976831957444)
  );
#4956 = ORIENTED_EDGE('',*,*,#4957,.T.);
#4957 = EDGE_CURVE('',#4950,#4958,#4960,.T.);
#4958 = VERTEX_POINT('',#4959);
#4959 = CARTESIAN_POINT('',(8.87499975,-0.230351262343,-3.101008866371)
  );
#4960 = CIRCLE('',#4961,0.45);
#4961 = AXIS2_PLACEMENT_3D('',#4962,#4963,#4964);
#4962 = CARTESIAN_POINT('',(9.32499975,-0.230351262343,-3.101008866371)
  );
#4963 = DIRECTION('',(-8.426419284557E-16,-0.999977778518,
    -6.666518523457E-03));
#4964 = DIRECTION('',(-0.976853664579,-1.426026093686E-03,0.213903914053
    ));
#4965 = ORIENTED_EDGE('',*,*,#4966,.T.);
#4966 = EDGE_CURVE('',#4958,#4967,#4969,.T.);
#4967 = VERTEX_POINT('',#4968);
#4968 = CARTESIAN_POINT('',(8.87499975,-0.22968461049,-3.201006644223));
#4969 = LINE('',#4970,#4971);
#4970 = CARTESIAN_POINT('',(8.87499975,-0.230351262343,-3.101008866371)
  );
#4971 = VECTOR('',#4972,1.);
#4972 = DIRECTION('',(1.332349270857E-14,6.66651852345E-03,
    -0.999977778518));
#4973 = ORIENTED_EDGE('',*,*,#4974,.T.);
#4974 = EDGE_CURVE('',#4967,#4876,#4975,.T.);
#4975 = LINE('',#4976,#4977);
#4976 = CARTESIAN_POINT('',(8.87499975,-0.22968461049,-3.201006644223));
#4977 = VECTOR('',#4978,1.);
#4978 = DIRECTION('',(1.,-1.224646799147E-16,0.));
#4979 = PLANE('',#4980);
#4980 = AXIS2_PLACEMENT_3D('',#4981,#4982,#4983);
#4981 = CARTESIAN_POINT('',(-0.12500025,-0.250832772741,
    -2.878230661791E-02));
#4982 = DIRECTION('',(-1.224619585681E-16,-0.999977778518,
    -6.666518523457E-03));
#4983 = DIRECTION('',(1.,-1.224646799147E-16,0.));
#4984 = ADVANCED_FACE('',(#4985),#4996,.F.);
#4985 = FACE_BOUND('',#4986,.F.);
#4986 = EDGE_LOOP('',(#4987,#4988,#4989,#4990));
#4987 = ORIENTED_EDGE('',*,*,#4858,.T.);
#4988 = ORIENTED_EDGE('',*,*,#4693,.T.);
#4989 = ORIENTED_EDGE('',*,*,#4462,.F.);
#4990 = ORIENTED_EDGE('',*,*,#4991,.F.);
#4991 = EDGE_CURVE('',#4851,#4463,#4992,.T.);
#4992 = LINE('',#4993,#4994);
#4993 = CARTESIAN_POINT('',(-0.129629517084,-0.230636467561,
    -3.058228083561));
#4994 = VECTOR('',#4995,1.);
#4995 = DIRECTION('',(1.224619585681E-16,0.999977778518,
    6.666518523458E-03));
#4996 = CYLINDRICAL_SURFACE('',#4997,0.2);
#4997 = AXIS2_PLACEMENT_3D('',#4998,#4999,#5000);
#4998 = CARTESIAN_POINT('',(-0.32500025,-0.230351262343,-3.101008866371)
  );
#4999 = DIRECTION('',(1.224619585681E-16,0.999977778518,
    6.666518523457E-03));
#5000 = DIRECTION('',(1.,-1.224646799147E-16,0.));
#5001 = ADVANCED_FACE('',(#5002),#5013,.T.);
#5002 = FACE_BOUND('',#5003,.T.);
#5003 = EDGE_LOOP('',(#5004,#5010,#5011,#5012));
#5004 = ORIENTED_EDGE('',*,*,#5005,.T.);
#5005 = EDGE_CURVE('',#4842,#4474,#5006,.T.);
#5006 = LINE('',#5007,#5008);
#5007 = CARTESIAN_POINT('',(-0.541899032603,-0.243187557479,
    -1.175564595938));
#5008 = VECTOR('',#5009,1.);
#5009 = DIRECTION('',(1.224619585681E-16,0.999977778518,
    6.666518523458E-03));
#5010 = ORIENTED_EDGE('',*,*,#4473,.T.);
#5011 = ORIENTED_EDGE('',*,*,#4991,.F.);
#5012 = ORIENTED_EDGE('',*,*,#4850,.F.);
#5013 = PLANE('',#5014);
#5014 = AXIS2_PLACEMENT_3D('',#5015,#5016,#5017);
#5015 = CARTESIAN_POINT('',(-0.541899032603,-0.243187557479,
    -1.175564595938));
#5016 = DIRECTION('',(-0.976853664579,1.426026093686E-03,-0.213903914053
    ));
#5017 = DIRECTION('',(-1.192093520507E-16,-0.999977778518,
    -6.666518523454E-03));
#5018 = ADVANCED_FACE('',(#5019),#5025,.T.);
#5019 = FACE_BOUND('',#5020,.T.);
#5020 = EDGE_LOOP('',(#5021,#5022,#5023,#5024));
#5021 = ORIENTED_EDGE('',*,*,#222,.T.);
#5022 = ORIENTED_EDGE('',*,*,#4481,.T.);
#5023 = ORIENTED_EDGE('',*,*,#5005,.F.);
#5024 = ORIENTED_EDGE('',*,*,#4841,.F.);
#5025 = CYLINDRICAL_SURFACE('',#5026,0.35);
#5026 = AXIS2_PLACEMENT_3D('',#5027,#5028,#5029);
#5027 = CARTESIAN_POINT('',(-0.20000025,-0.243686666612,-1.100698226019)
  );
#5028 = DIRECTION('',(1.224619585681E-16,0.999977778518,
    6.666518523457E-03));
#5029 = DIRECTION('',(1.,-1.224646799147E-16,0.));
#5030 = ADVANCED_FACE('',(#5031),#5037,.T.);
#5031 = FACE_BOUND('',#5032,.T.);
#5032 = EDGE_LOOP('',(#5033,#5034,#5035,#5036));
#5033 = ORIENTED_EDGE('',*,*,#914,.T.);
#5034 = ORIENTED_EDGE('',*,*,#4489,.T.);
#5035 = ORIENTED_EDGE('',*,*,#241,.F.);
#5036 = ORIENTED_EDGE('',*,*,#4834,.F.);
#5037 = PLANE('',#5038);
#5038 = AXIS2_PLACEMENT_3D('',#5039,#5040,#5041);
#5039 = CARTESIAN_POINT('',(-0.12500025,-0.246885173344,-0.620922216158)
  );
#5040 = DIRECTION('',(-0.573576436351,-5.46089227678E-03,0.819133841517)
  );
#5041 = DIRECTION('',(-1.267987672581E-16,-0.999977778518,
    -6.666518523457E-03));
#5042 = ADVANCED_FACE('',(#5043),#5049,.T.);
#5043 = FACE_BOUND('',#5044,.T.);
#5044 = EDGE_LOOP('',(#5045,#5046,#5047,#5048));
#5045 = ORIENTED_EDGE('',*,*,#191,.T.);
#5046 = ORIENTED_EDGE('',*,*,#4498,.T.);
#5047 = ORIENTED_EDGE('',*,*,#4267,.F.);
#5048 = ORIENTED_EDGE('',*,*,#4825,.F.);
#5049 = PLANE('',#5050);
#5050 = AXIS2_PLACEMENT_3D('',#5051,#5052,#5053);
#5051 = CARTESIAN_POINT('',(-0.257357893635,-0.244232755839,
    -1.018784841868));
#5052 = DIRECTION('',(0.573576436351,5.46089227678E-03,-0.819133841517)
  );
#5053 = DIRECTION('',(-9.520343664427E-03,0.999954680501,
    1.215917681388E-16));
#5054 = ADVANCED_FACE('',(#5055),#5066,.F.);
#5055 = FACE_BOUND('',#5056,.F.);
#5056 = EDGE_LOOP('',(#5057,#5058,#5064,#5065));
#5057 = ORIENTED_EDGE('',*,*,#4505,.F.);
#5058 = ORIENTED_EDGE('',*,*,#5059,.F.);
#5059 = EDGE_CURVE('',#4810,#4506,#5060,.T.);
#5060 = LINE('',#5061,#5062);
#5061 = CARTESIAN_POINT('',(-0.297685616458,-0.243544064002,
    -1.122088617425));
#5062 = VECTOR('',#5063,1.);
#5063 = DIRECTION('',(1.224619585681E-16,0.999977778518,
    6.666518523458E-03));
#5064 = ORIENTED_EDGE('',*,*,#4817,.T.);
#5065 = ORIENTED_EDGE('',*,*,#208,.F.);
#5066 = CYLINDRICAL_SURFACE('',#5067,0.1);
#5067 = AXIS2_PLACEMENT_3D('',#5068,#5069,#5070);
#5068 = CARTESIAN_POINT('',(-0.20000025,-0.243686666612,-1.100698226019)
  );
#5069 = DIRECTION('',(1.224619585681E-16,0.999977778518,
    6.666518523457E-03));
#5070 = DIRECTION('',(1.,-1.224646799147E-16,0.));
#5071 = ADVANCED_FACE('',(#5072),#5083,.T.);
#5072 = FACE_BOUND('',#5073,.T.);
#5073 = EDGE_LOOP('',(#5074,#5080,#5081,#5082));
#5074 = ORIENTED_EDGE('',*,*,#5075,.T.);
#5075 = EDGE_CURVE('',#4801,#4515,#5076,.T.);
#5076 = LINE('',#5077,#5078);
#5077 = CARTESIAN_POINT('',(0.114583899061,-0.230992974085,
    -3.004752105048));
#5078 = VECTOR('',#5079,1.);
#5079 = DIRECTION('',(1.224619585681E-16,0.999977778518,
    6.666518523458E-03));
#5080 = ORIENTED_EDGE('',*,*,#4514,.T.);
#5081 = ORIENTED_EDGE('',*,*,#5059,.F.);
#5082 = ORIENTED_EDGE('',*,*,#4809,.F.);
#5083 = PLANE('',#5084);
#5084 = AXIS2_PLACEMENT_3D('',#5085,#5086,#5087);
#5085 = CARTESIAN_POINT('',(0.114583899061,-0.230992974085,
    -3.004752105048));
#5086 = DIRECTION('',(0.976853664579,-1.426026093686E-03,0.213903914053)
  );
#5087 = DIRECTION('',(0.213904131546,9.381396275155E-17,-0.976854657822)
  );
#5088 = ADVANCED_FACE('',(#5089),#5095,.T.);
#5089 = FACE_BOUND('',#5090,.T.);
#5090 = EDGE_LOOP('',(#5091,#5092,#5093,#5094));
#5091 = ORIENTED_EDGE('',*,*,#4776,.T.);
#5092 = ORIENTED_EDGE('',*,*,#4522,.T.);
#5093 = ORIENTED_EDGE('',*,*,#5075,.F.);
#5094 = ORIENTED_EDGE('',*,*,#4800,.F.);
#5095 = CYLINDRICAL_SURFACE('',#5096,0.45);
#5096 = AXIS2_PLACEMENT_3D('',#5097,#5098,#5099);
#5097 = CARTESIAN_POINT('',(-0.32500025,-0.230351262343,-3.101008866371)
  );
#5098 = DIRECTION('',(1.224619585681E-16,0.999977778518,
    6.666518523457E-03));
#5099 = DIRECTION('',(1.,-1.224646799147E-16,0.));
#5100 = ADVANCED_FACE('',(#5101),#5126,.T.);
#5101 = FACE_BOUND('',#5102,.T.);
#5102 = EDGE_LOOP('',(#5103,#5104,#5112,#5120));
#5103 = ORIENTED_EDGE('',*,*,#4974,.F.);
#5104 = ORIENTED_EDGE('',*,*,#5105,.F.);
#5105 = EDGE_CURVE('',#5106,#4967,#5108,.T.);
#5106 = VERTEX_POINT('',#5107);
#5107 = CARTESIAN_POINT('',(8.87499975,-7.768798815528E-02,-3.5));
#5108 = LINE('',#5109,#5110);
#5109 = CARTESIAN_POINT('',(8.87499975,-7.768798815528E-02,-3.5));
#5110 = VECTOR('',#5111,1.);
#5111 = DIRECTION('',(-5.549687484059E-17,-0.453166373188,0.891425957784
    ));
#5112 = ORIENTED_EDGE('',*,*,#5113,.T.);
#5113 = EDGE_CURVE('',#5106,#5114,#5116,.T.);
#5114 = VERTEX_POINT('',#5115);
#5115 = CARTESIAN_POINT('',(9.12499975,-7.768798815528E-02,-3.5));
#5116 = LINE('',#5117,#5118);
#5117 = CARTESIAN_POINT('',(8.87499975,-7.768798815528E-02,-3.5));
#5118 = VECTOR('',#5119,1.);
#5119 = DIRECTION('',(1.,-1.224646799147E-16,0.));
#5120 = ORIENTED_EDGE('',*,*,#5121,.F.);
#5121 = EDGE_CURVE('',#4876,#5114,#5122,.T.);
#5122 = LINE('',#5123,#5124);
#5123 = CARTESIAN_POINT('',(9.12499975,-0.22968461049,-3.201006644223));
#5124 = VECTOR('',#5125,1.);
#5125 = DIRECTION('',(5.549687484059E-17,0.453166373188,-0.891425957784)
  );
#5126 = PLANE('',#5127);
#5127 = AXIS2_PLACEMENT_3D('',#5128,#5129,#5130);
#5128 = CARTESIAN_POINT('',(8.99999975,-0.153686299323,-3.350503322112)
  );
#5129 = DIRECTION('',(-1.091681945877E-16,-0.891425957784,
    -0.453166373188));
#5130 = DIRECTION('',(1.,-1.224646799147E-16,0.));
#5131 = ADVANCED_FACE('',(#5132),#5157,.T.);
#5132 = FACE_BOUND('',#5133,.T.);
#5133 = EDGE_LOOP('',(#5134,#5142,#5148,#5149,#5155,#5156));
#5134 = ORIENTED_EDGE('',*,*,#5135,.T.);
#5135 = EDGE_CURVE('',#5114,#5136,#5138,.T.);
#5136 = VERTEX_POINT('',#5137);
#5137 = CARTESIAN_POINT('',(9.12499975,7.130870084372E-02,-3.49900668874
    ));
#5138 = LINE('',#5139,#5140);
#5139 = CARTESIAN_POINT('',(9.12499975,-7.768798815528E-02,-3.5));
#5140 = VECTOR('',#5141,1.);
#5141 = DIRECTION('',(1.224619585681E-16,0.999977778518,
    6.666518523456E-03));
#5142 = ORIENTED_EDGE('',*,*,#5143,.T.);
#5143 = EDGE_CURVE('',#5136,#4654,#5144,.T.);
#5144 = LINE('',#5145,#5146);
#5145 = CARTESIAN_POINT('',(9.12499975,7.130870084372E-02,-3.49900668874
    ));
#5146 = VECTOR('',#5147,1.);
#5147 = DIRECTION('',(4.748972681789E-17,0.38778304774,0.921750675554));
#5148 = ORIENTED_EDGE('',*,*,#4653,.T.);
#5149 = ORIENTED_EDGE('',*,*,#5150,.F.);
#5150 = EDGE_CURVE('',#4878,#4645,#5151,.T.);
#5151 = LINE('',#5152,#5153);
#5152 = CARTESIAN_POINT('',(9.12499975,-0.230351262343,-3.101008866371)
  );
#5153 = VECTOR('',#5154,1.);
#5154 = DIRECTION('',(1.224619585681E-16,0.999977778518,
    6.666518523491E-03));
#5155 = ORIENTED_EDGE('',*,*,#4875,.F.);
#5156 = ORIENTED_EDGE('',*,*,#5121,.T.);
#5157 = PLANE('',#5158);
#5158 = AXIS2_PLACEMENT_3D('',#5159,#5160,#5161);
#5159 = CARTESIAN_POINT('',(9.12499975,-0.227684654933,-3.500999977779)
  );
#5160 = DIRECTION('',(1.,-1.224646799147E-16,0.));
#5161 = DIRECTION('',(1.499759782662E-32,1.224646799147E-16,-1.));
#5162 = ADVANCED_FACE('',(#5163),#5174,.F.);
#5163 = FACE_BOUND('',#5164,.F.);
#5164 = EDGE_LOOP('',(#5165,#5166,#5172,#5173));
#5165 = ORIENTED_EDGE('',*,*,#4885,.T.);
#5166 = ORIENTED_EDGE('',*,*,#5167,.T.);
#5167 = EDGE_CURVE('',#4886,#4637,#5168,.T.);
#5168 = LINE('',#5169,#5170);
#5169 = CARTESIAN_POINT('',(9.129629017084,-0.230636467561,
    -3.058228083561));
#5170 = VECTOR('',#5171,1.);
#5171 = DIRECTION('',(1.224619585681E-16,0.999977778518,
    6.666518523491E-03));
#5172 = ORIENTED_EDGE('',*,*,#4644,.F.);
#5173 = ORIENTED_EDGE('',*,*,#5150,.F.);
#5174 = CYLINDRICAL_SURFACE('',#5175,0.2);
#5175 = AXIS2_PLACEMENT_3D('',#5176,#5177,#5178);
#5176 = CARTESIAN_POINT('',(9.32499975,-0.230351262343,-3.101008866371)
  );
#5177 = DIRECTION('',(1.224619585681E-16,0.999977778518,
    6.666518523457E-03));
#5178 = DIRECTION('',(1.,-1.224646799147E-16,0.));
#5179 = ADVANCED_FACE('',(#5180),#5191,.T.);
#5180 = FACE_BOUND('',#5181,.T.);
#5181 = EDGE_LOOP('',(#5182,#5183,#5184,#5190));
#5182 = ORIENTED_EDGE('',*,*,#5167,.T.);
#5183 = ORIENTED_EDGE('',*,*,#4636,.T.);
#5184 = ORIENTED_EDGE('',*,*,#5185,.F.);
#5185 = EDGE_CURVE('',#4895,#4628,#5186,.T.);
#5186 = LINE('',#5187,#5188);
#5187 = CARTESIAN_POINT('',(9.541898532603,-0.243187557479,
    -1.175564595938));
#5188 = VECTOR('',#5189,1.);
#5189 = DIRECTION('',(1.224619585681E-16,0.999977778518,
    6.666518523458E-03));
#5190 = ORIENTED_EDGE('',*,*,#4894,.F.);
#5191 = PLANE('',#5192);
#5192 = AXIS2_PLACEMENT_3D('',#5193,#5194,#5195);
#5193 = CARTESIAN_POINT('',(9.129629017084,-0.230636467561,
    -3.058228083561));
#5194 = DIRECTION('',(0.976853664579,1.426026093686E-03,-0.213903914053)
  );
#5195 = DIRECTION('',(-1.459813916783E-03,0.999998934471,
    1.22627179751E-16));
#5196 = ADVANCED_FACE('',(#5197),#5203,.T.);
#5197 = FACE_BOUND('',#5198,.T.);
#5198 = EDGE_LOOP('',(#5199,#5200,#5201,#5202));
#5199 = ORIENTED_EDGE('',*,*,#138,.T.);
#5200 = ORIENTED_EDGE('',*,*,#4902,.F.);
#5201 = ORIENTED_EDGE('',*,*,#5185,.T.);
#5202 = ORIENTED_EDGE('',*,*,#4627,.T.);
#5203 = CYLINDRICAL_SURFACE('',#5204,0.35);
#5204 = AXIS2_PLACEMENT_3D('',#5205,#5206,#5207);
#5205 = CARTESIAN_POINT('',(9.19999975,-0.243686666612,-1.100698226019)
  );
#5206 = DIRECTION('',(1.224619585681E-16,0.999977778518,
    6.666518523457E-03));
#5207 = DIRECTION('',(1.,-1.224646799147E-16,0.));
#5208 = ADVANCED_FACE('',(#5209),#5220,.T.);
#5209 = FACE_BOUND('',#5210,.T.);
#5210 = EDGE_LOOP('',(#5211,#5212,#5213,#5219));
#5211 = ORIENTED_EDGE('',*,*,#157,.T.);
#5212 = ORIENTED_EDGE('',*,*,#4620,.T.);
#5213 = ORIENTED_EDGE('',*,*,#5214,.F.);
#5214 = EDGE_CURVE('',#4911,#4613,#5215,.T.);
#5215 = LINE('',#5216,#5217);
#5216 = CARTESIAN_POINT('',(9.12499975,-0.246885173344,-0.620922216158)
  );
#5217 = VECTOR('',#5218,1.);
#5218 = DIRECTION('',(1.224619585681E-16,0.999977778518,
    6.666518523454E-03));
#5219 = ORIENTED_EDGE('',*,*,#4910,.F.);
#5220 = PLANE('',#5221);
#5221 = AXIS2_PLACEMENT_3D('',#5222,#5223,#5224);
#5222 = CARTESIAN_POINT('',(9.400751502723,-0.245597978909,
    -0.814001381488));
#5223 = DIRECTION('',(0.573576436351,-5.46089227678E-03,0.819133841517)
  );
#5224 = DIRECTION('',(0.819146055626,-3.137360003671E-17,-0.573584988953
    ));
#5225 = ADVANCED_FACE('',(#5226),#5287,.T.);
#5226 = FACE_BOUND('',#5227,.T.);
#5227 = EDGE_LOOP('',(#5228,#5229,#5230,#5238,#5246,#5254,#5262,#5271,
    #5279,#5286));
#5228 = ORIENTED_EDGE('',*,*,#3598,.T.);
#5229 = ORIENTED_EDGE('',*,*,#3430,.T.);
#5230 = ORIENTED_EDGE('',*,*,#5231,.T.);
#5231 = EDGE_CURVE('',#3423,#5232,#5234,.T.);
#5232 = VERTEX_POINT('',#5233);
#5233 = CARTESIAN_POINT('',(9.12499975,1.379167227259,2.581217693382));
#5234 = LINE('',#5235,#5236);
#5235 = CARTESIAN_POINT('',(9.12499975,1.379167227259,2.471217693382));
#5236 = VECTOR('',#5237,1.);
#5237 = DIRECTION('',(-1.499759782662E-32,-1.224646799147E-16,1.));
#5238 = ORIENTED_EDGE('',*,*,#5239,.T.);
#5239 = EDGE_CURVE('',#5232,#5240,#5242,.T.);
#5240 = VERTEX_POINT('',#5241);
#5241 = CARTESIAN_POINT('',(9.12499975,0.449167227259,2.581217693382));
#5242 = LINE('',#5243,#5244);
#5243 = CARTESIAN_POINT('',(9.12499975,1.379167227259,2.581217693382));
#5244 = VECTOR('',#5245,1.);
#5245 = DIRECTION('',(-1.224646799147E-16,-1.,-1.224646799147E-16));
#5246 = ORIENTED_EDGE('',*,*,#5247,.T.);
#5247 = EDGE_CURVE('',#5240,#5248,#5250,.T.);
#5248 = VERTEX_POINT('',#5249);
#5249 = CARTESIAN_POINT('',(9.12499975,0.449167227259,3.881217693382));
#5250 = LINE('',#5251,#5252);
#5251 = CARTESIAN_POINT('',(9.12499975,0.449167227259,2.581217693382));
#5252 = VECTOR('',#5253,1.);
#5253 = DIRECTION('',(-1.499759782662E-32,-1.224646799147E-16,1.));
#5254 = ORIENTED_EDGE('',*,*,#5255,.T.);
#5255 = EDGE_CURVE('',#5248,#5256,#5258,.T.);
#5256 = VERTEX_POINT('',#5257);
#5257 = CARTESIAN_POINT('',(9.12499975,0.604111262246,4.199322669419));
#5258 = LINE('',#5259,#5260);
#5259 = CARTESIAN_POINT('',(9.12499975,0.449167227259,3.881217693382));
#5260 = VECTOR('',#5261,1.);
#5261 = DIRECTION('',(5.362734202678E-17,0.437900479257,0.89902345368));
#5262 = ORIENTED_EDGE('',*,*,#5263,.T.);
#5263 = EDGE_CURVE('',#5256,#5264,#5266,.T.);
#5264 = VERTEX_POINT('',#5265);
#5265 = CARTESIAN_POINT('',(9.12499975,0.607292314716,4.234756116545));
#5266 = CIRCLE('',#5267,5.E-02);
#5267 = AXIS2_PLACEMENT_3D('',#5268,#5269,#5270);
#5268 = CARTESIAN_POINT('',(9.12499975,0.559160089562,4.221217693382));
#5269 = DIRECTION('',(1.,-1.224646799147E-16,6.162975822039E-33));
#5270 = DIRECTION('',(1.100986194907E-16,0.89902345368,-0.437900479257)
  );
#5271 = ORIENTED_EDGE('',*,*,#5272,.T.);
#5272 = EDGE_CURVE('',#5264,#5273,#5275,.T.);
#5273 = VERTEX_POINT('',#5274);
#5274 = CARTESIAN_POINT('',(9.12499975,0.399970541884,4.971832962871));
#5275 = LINE('',#5276,#5277);
#5276 = CARTESIAN_POINT('',(9.12499975,0.607292314716,4.234756116545));
#5277 = VECTOR('',#5278,1.);
#5278 = DIRECTION('',(-3.315957318415E-17,-0.27076846326,0.962644503077)
  );
#5279 = ORIENTED_EDGE('',*,*,#5280,.T.);
#5280 = EDGE_CURVE('',#5273,#2349,#5281,.T.);
#5281 = CIRCLE('',#5282,0.15);
#5282 = AXIS2_PLACEMENT_3D('',#5283,#5284,#5285);
#5283 = CARTESIAN_POINT('',(9.12499975,0.255573866423,4.931217693382));
#5284 = DIRECTION('',(1.,-1.224646799147E-16,0.));
#5285 = DIRECTION('',(1.17889950941E-16,0.962644503077,0.27076846326));
#5286 = ORIENTED_EDGE('',*,*,#2348,.F.);
#5287 = PLANE('',#5288);
#5288 = AXIS2_PLACEMENT_3D('',#5289,#5290,#5291);
#5289 = CARTESIAN_POINT('',(9.12499975,2.514167227259,4.741217693382));
#5290 = DIRECTION('',(1.,-1.224646799147E-16,0.));
#5291 = DIRECTION('',(1.499759782662E-32,1.224646799147E-16,-1.));
#5292 = ADVANCED_FACE('',(#5293),#5319,.T.);
#5293 = FACE_BOUND('',#5294,.T.);
#5294 = EDGE_LOOP('',(#5295,#5303,#5312,#5318));
#5295 = ORIENTED_EDGE('',*,*,#5296,.T.);
#5296 = EDGE_CURVE('',#1090,#5297,#5299,.T.);
#5297 = VERTEX_POINT('',#5298);
#5298 = CARTESIAN_POINT('',(9.12499975,1.434208916878,4.503112717345));
#5299 = LINE('',#5300,#5301);
#5300 = CARTESIAN_POINT('',(9.12499975,1.649167227259,4.944428887914));
#5301 = VECTOR('',#5302,1.);
#5302 = DIRECTION('',(-5.362734202678E-17,-0.437900479257,-0.89902345368
    ));
#5303 = ORIENTED_EDGE('',*,*,#5304,.T.);
#5304 = EDGE_CURVE('',#5297,#5305,#5307,.T.);
#5305 = VERTEX_POINT('',#5306);
#5306 = CARTESIAN_POINT('',(9.12499975,1.431027864408,4.467679270219));
#5307 = CIRCLE('',#5308,5.E-02);
#5308 = AXIS2_PLACEMENT_3D('',#5309,#5310,#5311);
#5309 = CARTESIAN_POINT('',(9.12499975,1.479160089562,4.481217693382));
#5310 = DIRECTION('',(1.,-1.224646799147E-16,6.162975822039E-33));
#5311 = DIRECTION('',(-1.100986194907E-16,-0.89902345368,0.437900479257)
  );
#5312 = ORIENTED_EDGE('',*,*,#5313,.T.);
#5313 = EDGE_CURVE('',#5305,#1098,#5314,.T.);
#5314 = LINE('',#5315,#5316);
#5315 = CARTESIAN_POINT('',(9.12499975,1.431027864408,4.467679270219));
#5316 = VECTOR('',#5317,1.);
#5317 = DIRECTION('',(3.315957318415E-17,0.27076846326,-0.962644503077)
  );
#5318 = ORIENTED_EDGE('',*,*,#1097,.T.);
#5319 = PLANE('',#5320);
#5320 = AXIS2_PLACEMENT_3D('',#5321,#5322,#5323);
#5321 = CARTESIAN_POINT('',(9.12499975,2.514167227259,4.741217693382));
#5322 = DIRECTION('',(1.,-1.224646799147E-16,0.));
#5323 = DIRECTION('',(1.499759782662E-32,1.224646799147E-16,-1.));
#5324 = ADVANCED_FACE('',(#5325),#5345,.T.);
#5325 = FACE_BOUND('',#5326,.T.);
#5326 = EDGE_LOOP('',(#5327,#5335,#5336,#5337,#5338,#5339));
#5327 = ORIENTED_EDGE('',*,*,#5328,.T.);
#5328 = EDGE_CURVE('',#5329,#539,#5331,.T.);
#5329 = VERTEX_POINT('',#5330);
#5330 = CARTESIAN_POINT('',(9.12499975,0.219167227259,-0.401068864371));
#5331 = LINE('',#5332,#5333);
#5332 = CARTESIAN_POINT('',(9.12499975,0.219167227259,-0.401068864371));
#5333 = VECTOR('',#5334,1.);
#5334 = DIRECTION('',(-1.499759782662E-32,-1.224646799147E-16,1.));
#5335 = ORIENTED_EDGE('',*,*,#538,.F.);
#5336 = ORIENTED_EDGE('',*,*,#4918,.F.);
#5337 = ORIENTED_EDGE('',*,*,#5214,.T.);
#5338 = ORIENTED_EDGE('',*,*,#4612,.T.);
#5339 = ORIENTED_EDGE('',*,*,#5340,.T.);
#5340 = EDGE_CURVE('',#4605,#5329,#5341,.T.);
#5341 = LINE('',#5342,#5343);
#5342 = CARTESIAN_POINT('',(9.12499975,0.200659115311,-0.401068864371));
#5343 = VECTOR('',#5344,1.);
#5344 = DIRECTION('',(1.224646799147E-16,1.,1.224646799147E-16));
#5345 = PLANE('',#5346);
#5346 = AXIS2_PLACEMENT_3D('',#5347,#5348,#5349);
#5347 = CARTESIAN_POINT('',(9.12499975,2.514167227259,4.741217693382));
#5348 = DIRECTION('',(1.,-1.224646799147E-16,0.));
#5349 = DIRECTION('',(1.499759782662E-32,1.224646799147E-16,-1.));
#5350 = ADVANCED_FACE('',(#5351),#5370,.T.);
#5351 = FACE_BOUND('',#5352,.T.);
#5352 = EDGE_LOOP('',(#5353,#5354,#5362,#5369));
#5353 = ORIENTED_EDGE('',*,*,#5280,.F.);
#5354 = ORIENTED_EDGE('',*,*,#5355,.F.);
#5355 = EDGE_CURVE('',#5356,#5273,#5358,.T.);
#5356 = VERTEX_POINT('',#5357);
#5357 = CARTESIAN_POINT('',(8.87499975,0.399970541884,4.971832962871));
#5358 = LINE('',#5359,#5360);
#5359 = CARTESIAN_POINT('',(8.87499975,0.399970541884,4.971832962871));
#5360 = VECTOR('',#5361,1.);
#5361 = DIRECTION('',(1.,-1.224646799147E-16,0.));
#5362 = ORIENTED_EDGE('',*,*,#5363,.T.);
#5363 = EDGE_CURVE('',#5356,#2357,#5364,.T.);
#5364 = CIRCLE('',#5365,0.15);
#5365 = AXIS2_PLACEMENT_3D('',#5366,#5367,#5368);
#5366 = CARTESIAN_POINT('',(8.87499975,0.255573866423,4.931217693382));
#5367 = DIRECTION('',(1.,-1.224646799147E-16,0.));
#5368 = DIRECTION('',(1.17889950941E-16,0.962644503077,0.27076846326));
#5369 = ORIENTED_EDGE('',*,*,#2356,.T.);
#5370 = CYLINDRICAL_SURFACE('',#5371,0.15);
#5371 = AXIS2_PLACEMENT_3D('',#5372,#5373,#5374);
#5372 = CARTESIAN_POINT('',(8.87499975,0.255573866423,4.931217693382));
#5373 = DIRECTION('',(-1.,1.224646799147E-16,0.));
#5374 = DIRECTION('',(1.499759782662E-32,1.224646799147E-16,-1.));
#5375 = ADVANCED_FACE('',(#5376),#5429,.F.);
#5376 = FACE_BOUND('',#5377,.T.);
#5377 = EDGE_LOOP('',(#5378,#5379,#5387,#5396,#5404,#5412,#5420,#5426,
    #5427,#5428));
#5378 = ORIENTED_EDGE('',*,*,#5363,.F.);
#5379 = ORIENTED_EDGE('',*,*,#5380,.F.);
#5380 = EDGE_CURVE('',#5381,#5356,#5383,.T.);
#5381 = VERTEX_POINT('',#5382);
#5382 = CARTESIAN_POINT('',(8.87499975,0.607292314716,4.234756116545));
#5383 = LINE('',#5384,#5385);
#5384 = CARTESIAN_POINT('',(8.87499975,0.607292314716,4.234756116545));
#5385 = VECTOR('',#5386,1.);
#5386 = DIRECTION('',(-3.315957318415E-17,-0.27076846326,0.962644503077)
  );
#5387 = ORIENTED_EDGE('',*,*,#5388,.F.);
#5388 = EDGE_CURVE('',#5389,#5381,#5391,.T.);
#5389 = VERTEX_POINT('',#5390);
#5390 = CARTESIAN_POINT('',(8.87499975,0.604111262246,4.199322669419));
#5391 = CIRCLE('',#5392,5.E-02);
#5392 = AXIS2_PLACEMENT_3D('',#5393,#5394,#5395);
#5393 = CARTESIAN_POINT('',(8.87499975,0.559160089562,4.221217693382));
#5394 = DIRECTION('',(1.,-1.224646799147E-16,6.162975822039E-33));
#5395 = DIRECTION('',(1.100986194907E-16,0.89902345368,-0.437900479257)
  );
#5396 = ORIENTED_EDGE('',*,*,#5397,.F.);
#5397 = EDGE_CURVE('',#5398,#5389,#5400,.T.);
#5398 = VERTEX_POINT('',#5399);
#5399 = CARTESIAN_POINT('',(8.87499975,0.449167227259,3.881217693382));
#5400 = LINE('',#5401,#5402);
#5401 = CARTESIAN_POINT('',(8.87499975,0.449167227259,3.881217693382));
#5402 = VECTOR('',#5403,1.);
#5403 = DIRECTION('',(5.362734202678E-17,0.437900479257,0.89902345368));
#5404 = ORIENTED_EDGE('',*,*,#5405,.F.);
#5405 = EDGE_CURVE('',#5406,#5398,#5408,.T.);
#5406 = VERTEX_POINT('',#5407);
#5407 = CARTESIAN_POINT('',(8.87499975,0.449167227259,2.581217693382));
#5408 = LINE('',#5409,#5410);
#5409 = CARTESIAN_POINT('',(8.87499975,0.449167227259,2.581217693382));
#5410 = VECTOR('',#5411,1.);
#5411 = DIRECTION('',(-1.499759782662E-32,-1.224646799147E-16,1.));
#5412 = ORIENTED_EDGE('',*,*,#5413,.F.);
#5413 = EDGE_CURVE('',#5414,#5406,#5416,.T.);
#5414 = VERTEX_POINT('',#5415);
#5415 = CARTESIAN_POINT('',(8.87499975,1.379167227259,2.581217693382));
#5416 = LINE('',#5417,#5418);
#5417 = CARTESIAN_POINT('',(8.87499975,1.379167227259,2.581217693382));
#5418 = VECTOR('',#5419,1.);
#5419 = DIRECTION('',(-1.224646799147E-16,-1.,-1.224646799147E-16));
#5420 = ORIENTED_EDGE('',*,*,#5421,.F.);
#5421 = EDGE_CURVE('',#3415,#5414,#5422,.T.);
#5422 = LINE('',#5423,#5424);
#5423 = CARTESIAN_POINT('',(8.87499975,1.379167227259,2.471217693382));
#5424 = VECTOR('',#5425,1.);
#5425 = DIRECTION('',(-1.499759782662E-32,-1.224646799147E-16,1.));
#5426 = ORIENTED_EDGE('',*,*,#3414,.F.);
#5427 = ORIENTED_EDGE('',*,*,#3576,.F.);
#5428 = ORIENTED_EDGE('',*,*,#2364,.T.);
#5429 = PLANE('',#5430);
#5430 = AXIS2_PLACEMENT_3D('',#5431,#5432,#5433);
#5431 = CARTESIAN_POINT('',(8.87499975,2.514167227259,4.741217693382));
#5432 = DIRECTION('',(1.,-1.224646799147E-16,0.));
#5433 = DIRECTION('',(1.499759782662E-32,1.224646799147E-16,-1.));
#5434 = ADVANCED_FACE('',(#5435),#5461,.F.);
#5435 = FACE_BOUND('',#5436,.T.);
#5436 = EDGE_LOOP('',(#5437,#5445,#5454,#5460));
#5437 = ORIENTED_EDGE('',*,*,#5438,.F.);
#5438 = EDGE_CURVE('',#5439,#1106,#5441,.T.);
#5439 = VERTEX_POINT('',#5440);
#5440 = CARTESIAN_POINT('',(8.87499975,1.431027864408,4.467679270219));
#5441 = LINE('',#5442,#5443);
#5442 = CARTESIAN_POINT('',(8.87499975,1.431027864408,4.467679270219));
#5443 = VECTOR('',#5444,1.);
#5444 = DIRECTION('',(3.315957318415E-17,0.27076846326,-0.962644503077)
  );
#5445 = ORIENTED_EDGE('',*,*,#5446,.F.);
#5446 = EDGE_CURVE('',#5447,#5439,#5449,.T.);
#5447 = VERTEX_POINT('',#5448);
#5448 = CARTESIAN_POINT('',(8.87499975,1.434208916878,4.503112717345));
#5449 = CIRCLE('',#5450,5.E-02);
#5450 = AXIS2_PLACEMENT_3D('',#5451,#5452,#5453);
#5451 = CARTESIAN_POINT('',(8.87499975,1.479160089562,4.481217693382));
#5452 = DIRECTION('',(1.,-1.224646799147E-16,6.162975822039E-33));
#5453 = DIRECTION('',(-1.100986194907E-16,-0.89902345368,0.437900479257)
  );
#5454 = ORIENTED_EDGE('',*,*,#5455,.F.);
#5455 = EDGE_CURVE('',#1088,#5447,#5456,.T.);
#5456 = LINE('',#5457,#5458);
#5457 = CARTESIAN_POINT('',(8.87499975,1.649167227259,4.944428887914));
#5458 = VECTOR('',#5459,1.);
#5459 = DIRECTION('',(-5.362734202678E-17,-0.437900479257,-0.89902345368
    ));
#5460 = ORIENTED_EDGE('',*,*,#1113,.F.);
#5461 = PLANE('',#5462);
#5462 = AXIS2_PLACEMENT_3D('',#5463,#5464,#5465);
#5463 = CARTESIAN_POINT('',(8.87499975,2.514167227259,4.741217693382));
#5464 = DIRECTION('',(1.,-1.224646799147E-16,0.));
#5465 = DIRECTION('',(1.499759782662E-32,1.224646799147E-16,-1.));
#5466 = ADVANCED_FACE('',(#5467),#5492,.F.);
#5467 = FACE_BOUND('',#5468,.T.);
#5468 = EDGE_LOOP('',(#5469,#5470,#5478,#5484,#5485,#5491));
#5469 = ORIENTED_EDGE('',*,*,#554,.T.);
#5470 = ORIENTED_EDGE('',*,*,#5471,.F.);
#5471 = EDGE_CURVE('',#5472,#547,#5474,.T.);
#5472 = VERTEX_POINT('',#5473);
#5473 = CARTESIAN_POINT('',(8.87499975,0.219167227259,-0.401068864371));
#5474 = LINE('',#5475,#5476);
#5475 = CARTESIAN_POINT('',(8.87499975,0.219167227259,-0.401068864371));
#5476 = VECTOR('',#5477,1.);
#5477 = DIRECTION('',(-1.499759782662E-32,-1.224646799147E-16,1.));
#5478 = ORIENTED_EDGE('',*,*,#5479,.F.);
#5479 = EDGE_CURVE('',#4597,#5472,#5480,.T.);
#5480 = LINE('',#5481,#5482);
#5481 = CARTESIAN_POINT('',(8.87499975,0.200659115311,-0.401068864371));
#5482 = VECTOR('',#5483,1.);
#5483 = DIRECTION('',(1.224646799147E-16,1.,1.224646799147E-16));
#5484 = ORIENTED_EDGE('',*,*,#4596,.T.);
#5485 = ORIENTED_EDGE('',*,*,#5486,.F.);
#5486 = EDGE_CURVE('',#4926,#4589,#5487,.T.);
#5487 = LINE('',#5488,#5489);
#5488 = CARTESIAN_POINT('',(8.87499975,-0.246017580873,-0.751061086853)
  );
#5489 = VECTOR('',#5490,1.);
#5490 = DIRECTION('',(1.224619585681E-16,0.999977778518,
    6.666518523458E-03));
#5491 = ORIENTED_EDGE('',*,*,#4925,.F.);
#5492 = PLANE('',#5493);
#5493 = AXIS2_PLACEMENT_3D('',#5494,#5495,#5496);
#5494 = CARTESIAN_POINT('',(8.87499975,2.514167227259,4.741217693382));
#5495 = DIRECTION('',(1.,-1.224646799147E-16,0.));
#5496 = DIRECTION('',(1.499759782662E-32,1.224646799147E-16,-1.));
#5497 = ADVANCED_FACE('',(#5498),#5509,.T.);
#5498 = FACE_BOUND('',#5499,.T.);
#5499 = EDGE_LOOP('',(#5500,#5501,#5507,#5508));
#5500 = ORIENTED_EDGE('',*,*,#5421,.T.);
#5501 = ORIENTED_EDGE('',*,*,#5502,.T.);
#5502 = EDGE_CURVE('',#5414,#5232,#5503,.T.);
#5503 = LINE('',#5504,#5505);
#5504 = CARTESIAN_POINT('',(8.87499975,1.379167227259,2.581217693382));
#5505 = VECTOR('',#5506,1.);
#5506 = DIRECTION('',(1.,-1.224646799147E-16,0.));
#5507 = ORIENTED_EDGE('',*,*,#5231,.F.);
#5508 = ORIENTED_EDGE('',*,*,#3422,.F.);
#5509 = PLANE('',#5510);
#5510 = AXIS2_PLACEMENT_3D('',#5511,#5512,#5513);
#5511 = CARTESIAN_POINT('',(8.87499975,1.379167227259,2.001217693382));
#5512 = DIRECTION('',(1.224646799147E-16,1.,1.224646799147E-16));
#5513 = DIRECTION('',(-1.,1.224646799147E-16,0.));
#5514 = ADVANCED_FACE('',(#5515),#5526,.T.);
#5515 = FACE_BOUND('',#5516,.T.);
#5516 = EDGE_LOOP('',(#5517,#5523,#5524,#5525));
#5517 = ORIENTED_EDGE('',*,*,#5518,.T.);
#5518 = EDGE_CURVE('',#5406,#5240,#5519,.T.);
#5519 = LINE('',#5520,#5521);
#5520 = CARTESIAN_POINT('',(8.87499975,0.449167227259,2.581217693382));
#5521 = VECTOR('',#5522,1.);
#5522 = DIRECTION('',(1.,-1.224646799147E-16,0.));
#5523 = ORIENTED_EDGE('',*,*,#5239,.F.);
#5524 = ORIENTED_EDGE('',*,*,#5502,.F.);
#5525 = ORIENTED_EDGE('',*,*,#5413,.T.);
#5526 = PLANE('',#5527);
#5527 = AXIS2_PLACEMENT_3D('',#5528,#5529,#5530);
#5528 = CARTESIAN_POINT('',(8.87499975,1.379167227259,2.581217693382));
#5529 = DIRECTION('',(-1.499759782662E-32,-1.224646799147E-16,1.));
#5530 = DIRECTION('',(-1.224646799147E-16,-1.,-1.224646799147E-16));
#5531 = ADVANCED_FACE('',(#5532),#5543,.T.);
#5532 = FACE_BOUND('',#5533,.T.);
#5533 = EDGE_LOOP('',(#5534,#5540,#5541,#5542));
#5534 = ORIENTED_EDGE('',*,*,#5535,.T.);
#5535 = EDGE_CURVE('',#5398,#5248,#5536,.T.);
#5536 = LINE('',#5537,#5538);
#5537 = CARTESIAN_POINT('',(8.87499975,0.449167227259,3.881217693382));
#5538 = VECTOR('',#5539,1.);
#5539 = DIRECTION('',(1.,-1.224646799147E-16,0.));
#5540 = ORIENTED_EDGE('',*,*,#5247,.F.);
#5541 = ORIENTED_EDGE('',*,*,#5518,.F.);
#5542 = ORIENTED_EDGE('',*,*,#5405,.T.);
#5543 = PLANE('',#5544);
#5544 = AXIS2_PLACEMENT_3D('',#5545,#5546,#5547);
#5545 = CARTESIAN_POINT('',(8.87499975,0.449167227259,2.581217693382));
#5546 = DIRECTION('',(1.224646799147E-16,1.,1.224646799147E-16));
#5547 = DIRECTION('',(-1.,1.224646799147E-16,0.));
#5548 = ADVANCED_FACE('',(#5549),#5560,.T.);
#5549 = FACE_BOUND('',#5550,.T.);
#5550 = EDGE_LOOP('',(#5551,#5557,#5558,#5559));
#5551 = ORIENTED_EDGE('',*,*,#5552,.T.);
#5552 = EDGE_CURVE('',#5389,#5256,#5553,.T.);
#5553 = LINE('',#5554,#5555);
#5554 = CARTESIAN_POINT('',(8.87499975,0.604111262246,4.199322669419));
#5555 = VECTOR('',#5556,1.);
#5556 = DIRECTION('',(1.,-1.224646799147E-16,0.));
#5557 = ORIENTED_EDGE('',*,*,#5255,.F.);
#5558 = ORIENTED_EDGE('',*,*,#5535,.F.);
#5559 = ORIENTED_EDGE('',*,*,#5397,.T.);
#5560 = PLANE('',#5561);
#5561 = AXIS2_PLACEMENT_3D('',#5562,#5563,#5564);
#5562 = CARTESIAN_POINT('',(8.87499975,0.449167227259,3.881217693382));
#5563 = DIRECTION('',(1.100986194907E-16,0.89902345368,-0.437900479257)
  );
#5564 = DIRECTION('',(-1.,1.224646799147E-16,0.));
#5565 = ADVANCED_FACE('',(#5566),#5577,.T.);
#5566 = FACE_BOUND('',#5567,.T.);
#5567 = EDGE_LOOP('',(#5568,#5574,#5575,#5576));
#5568 = ORIENTED_EDGE('',*,*,#5569,.T.);
#5569 = EDGE_CURVE('',#5381,#5264,#5570,.T.);
#5570 = LINE('',#5571,#5572);
#5571 = CARTESIAN_POINT('',(8.87499975,0.607292314716,4.234756116545));
#5572 = VECTOR('',#5573,1.);
#5573 = DIRECTION('',(1.,-1.224646799147E-16,0.));
#5574 = ORIENTED_EDGE('',*,*,#5263,.F.);
#5575 = ORIENTED_EDGE('',*,*,#5552,.F.);
#5576 = ORIENTED_EDGE('',*,*,#5388,.T.);
#5577 = CYLINDRICAL_SURFACE('',#5578,5.E-02);
#5578 = AXIS2_PLACEMENT_3D('',#5579,#5580,#5581);
#5579 = CARTESIAN_POINT('',(8.87499975,0.559160089562,4.221217693382));
#5580 = DIRECTION('',(-1.,1.224646799147E-16,0.));
#5581 = DIRECTION('',(1.499759782662E-32,1.224646799147E-16,-1.));
#5582 = ADVANCED_FACE('',(#5583),#5589,.T.);
#5583 = FACE_BOUND('',#5584,.T.);
#5584 = EDGE_LOOP('',(#5585,#5586,#5587,#5588));
#5585 = ORIENTED_EDGE('',*,*,#5355,.T.);
#5586 = ORIENTED_EDGE('',*,*,#5272,.F.);
#5587 = ORIENTED_EDGE('',*,*,#5569,.F.);
#5588 = ORIENTED_EDGE('',*,*,#5380,.T.);
#5589 = PLANE('',#5590);
#5590 = AXIS2_PLACEMENT_3D('',#5591,#5592,#5593);
#5591 = CARTESIAN_POINT('',(8.87499975,0.607292314716,4.234756116545));
#5592 = DIRECTION('',(1.17889950941E-16,0.962644503077,0.27076846326));
#5593 = DIRECTION('',(1.,-1.224646799147E-16,0.));
#5594 = ADVANCED_FACE('',(#5595),#5606,.T.);
#5595 = FACE_BOUND('',#5596,.T.);
#5596 = EDGE_LOOP('',(#5597,#5598,#5604,#5605));
#5597 = ORIENTED_EDGE('',*,*,#5455,.T.);
#5598 = ORIENTED_EDGE('',*,*,#5599,.T.);
#5599 = EDGE_CURVE('',#5447,#5297,#5600,.T.);
#5600 = LINE('',#5601,#5602);
#5601 = CARTESIAN_POINT('',(8.87499975,1.434208916878,4.503112717345));
#5602 = VECTOR('',#5603,1.);
#5603 = DIRECTION('',(1.,-1.224646799147E-16,0.));
#5604 = ORIENTED_EDGE('',*,*,#5296,.F.);
#5605 = ORIENTED_EDGE('',*,*,#1087,.F.);
#5606 = PLANE('',#5607);
#5607 = AXIS2_PLACEMENT_3D('',#5608,#5609,#5610);
#5608 = CARTESIAN_POINT('',(8.87499975,1.688415945827,5.025007741308));
#5609 = DIRECTION('',(-1.100986194907E-16,-0.89902345368,0.437900479257)
  );
#5610 = DIRECTION('',(5.362734202678E-17,0.437900479257,0.89902345368));
#5611 = ADVANCED_FACE('',(#5612),#5623,.T.);
#5612 = FACE_BOUND('',#5613,.T.);
#5613 = EDGE_LOOP('',(#5614,#5620,#5621,#5622));
#5614 = ORIENTED_EDGE('',*,*,#5615,.T.);
#5615 = EDGE_CURVE('',#5439,#5305,#5616,.T.);
#5616 = LINE('',#5617,#5618);
#5617 = CARTESIAN_POINT('',(8.87499975,1.431027864408,4.467679270219));
#5618 = VECTOR('',#5619,1.);
#5619 = DIRECTION('',(1.,-1.224646799147E-16,0.));
#5620 = ORIENTED_EDGE('',*,*,#5304,.F.);
#5621 = ORIENTED_EDGE('',*,*,#5599,.F.);
#5622 = ORIENTED_EDGE('',*,*,#5446,.T.);
#5623 = CYLINDRICAL_SURFACE('',#5624,5.E-02);
#5624 = AXIS2_PLACEMENT_3D('',#5625,#5626,#5627);
#5625 = CARTESIAN_POINT('',(8.87499975,1.479160089562,4.481217693382));
#5626 = DIRECTION('',(-1.,1.224646799147E-16,0.));
#5627 = DIRECTION('',(1.499759782662E-32,1.224646799147E-16,-1.));
#5628 = ADVANCED_FACE('',(#5629),#5635,.T.);
#5629 = FACE_BOUND('',#5630,.T.);
#5630 = EDGE_LOOP('',(#5631,#5632,#5633,#5634));
#5631 = ORIENTED_EDGE('',*,*,#5313,.F.);
#5632 = ORIENTED_EDGE('',*,*,#5615,.F.);
#5633 = ORIENTED_EDGE('',*,*,#5438,.T.);
#5634 = ORIENTED_EDGE('',*,*,#1105,.T.);
#5635 = PLANE('',#5636);
#5636 = AXIS2_PLACEMENT_3D('',#5637,#5638,#5639);
#5637 = CARTESIAN_POINT('',(8.87499975,1.431027864408,4.467679270219));
#5638 = DIRECTION('',(-1.17889950941E-16,-0.962644503077,-0.27076846326)
  );
#5639 = DIRECTION('',(1.,-1.224646799147E-16,0.));
#5640 = ADVANCED_FACE('',(#5641),#5647,.T.);
#5641 = FACE_BOUND('',#5642,.T.);
#5642 = EDGE_LOOP('',(#5643,#5644,#5645,#5646));
#5643 = ORIENTED_EDGE('',*,*,#5486,.T.);
#5644 = ORIENTED_EDGE('',*,*,#4588,.T.);
#5645 = ORIENTED_EDGE('',*,*,#107,.F.);
#5646 = ORIENTED_EDGE('',*,*,#4933,.F.);
#5647 = PLANE('',#5648);
#5648 = AXIS2_PLACEMENT_3D('',#5649,#5650,#5651);
#5649 = CARTESIAN_POINT('',(8.87499975,-0.246017580873,-0.751061086853)
  );
#5650 = DIRECTION('',(-0.573576436351,5.46089227678E-03,-0.819133841517)
  );
#5651 = DIRECTION('',(-9.520343664427E-03,-0.999954680501,
    -1.215917681388E-16));
#5652 = ADVANCED_FACE('',(#5653),#5664,.F.);
#5653 = FACE_BOUND('',#5654,.F.);
#5654 = EDGE_LOOP('',(#5655,#5656,#5662,#5663));
#5655 = ORIENTED_EDGE('',*,*,#4940,.T.);
#5656 = ORIENTED_EDGE('',*,*,#5657,.T.);
#5657 = EDGE_CURVE('',#4941,#4573,#5658,.T.);
#5658 = LINE('',#5659,#5660);
#5659 = CARTESIAN_POINT('',(9.297685116458,-0.243544064002,
    -1.122088617425));
#5660 = VECTOR('',#5661,1.);
#5661 = DIRECTION('',(1.224619585681E-16,0.999977778518,
    6.666518523456E-03));
#5662 = ORIENTED_EDGE('',*,*,#4580,.F.);
#5663 = ORIENTED_EDGE('',*,*,#124,.F.);
#5664 = CYLINDRICAL_SURFACE('',#5665,0.1);
#5665 = AXIS2_PLACEMENT_3D('',#5666,#5667,#5668);
#5666 = CARTESIAN_POINT('',(9.19999975,-0.243686666612,-1.100698226019)
  );
#5667 = DIRECTION('',(1.224619585681E-16,0.999977778518,
    6.666518523457E-03));
#5668 = DIRECTION('',(1.,-1.224646799147E-16,0.));
#5669 = ADVANCED_FACE('',(#5670),#5681,.T.);
#5670 = FACE_BOUND('',#5671,.T.);
#5671 = EDGE_LOOP('',(#5672,#5673,#5674,#5680));
#5672 = ORIENTED_EDGE('',*,*,#5657,.T.);
#5673 = ORIENTED_EDGE('',*,*,#4572,.T.);
#5674 = ORIENTED_EDGE('',*,*,#5675,.F.);
#5675 = EDGE_CURVE('',#4950,#4562,#5676,.T.);
#5676 = LINE('',#5677,#5678);
#5677 = CARTESIAN_POINT('',(8.885415600939,-0.230992974085,
    -3.004752105048));
#5678 = VECTOR('',#5679,1.);
#5679 = DIRECTION('',(1.224619585681E-16,0.999977778518,
    6.666518523456E-03));
#5680 = ORIENTED_EDGE('',*,*,#4949,.F.);
#5681 = PLANE('',#5682);
#5682 = AXIS2_PLACEMENT_3D('',#5683,#5684,#5685);
#5683 = CARTESIAN_POINT('',(9.297685116458,-0.243544064002,
    -1.122088617425));
#5684 = DIRECTION('',(-0.976853664579,-1.426026093686E-03,0.213903914053
    ));
#5685 = DIRECTION('',(-1.257145650856E-16,-0.999977778518,
    -6.666518523454E-03));
#5686 = ADVANCED_FACE('',(#5687),#5698,.T.);
#5687 = FACE_BOUND('',#5688,.T.);
#5688 = EDGE_LOOP('',(#5689,#5690,#5691,#5697));
#5689 = ORIENTED_EDGE('',*,*,#5675,.T.);
#5690 = ORIENTED_EDGE('',*,*,#4561,.T.);
#5691 = ORIENTED_EDGE('',*,*,#5692,.F.);
#5692 = EDGE_CURVE('',#4958,#4564,#5693,.T.);
#5693 = LINE('',#5694,#5695);
#5694 = CARTESIAN_POINT('',(8.87499975,-0.230351262343,-3.101008866371)
  );
#5695 = VECTOR('',#5696,1.);
#5696 = DIRECTION('',(1.224619585681E-16,0.999977778518,
    6.666518523491E-03));
#5697 = ORIENTED_EDGE('',*,*,#4957,.F.);
#5698 = CYLINDRICAL_SURFACE('',#5699,0.45);
#5699 = AXIS2_PLACEMENT_3D('',#5700,#5701,#5702);
#5700 = CARTESIAN_POINT('',(9.32499975,-0.230351262343,-3.101008866371)
  );
#5701 = DIRECTION('',(1.224619585681E-16,0.999977778518,
    6.666518523457E-03));
#5702 = DIRECTION('',(1.,-1.224646799147E-16,0.));
#5703 = ADVANCED_FACE('',(#5704),#5724,.T.);
#5704 = FACE_BOUND('',#5705,.T.);
#5705 = EDGE_LOOP('',(#5706,#5707,#5708,#5709,#5717,#5723));
#5706 = ORIENTED_EDGE('',*,*,#4966,.F.);
#5707 = ORIENTED_EDGE('',*,*,#5692,.T.);
#5708 = ORIENTED_EDGE('',*,*,#4669,.T.);
#5709 = ORIENTED_EDGE('',*,*,#5710,.T.);
#5710 = EDGE_CURVE('',#4662,#5711,#5713,.T.);
#5711 = VERTEX_POINT('',#5712);
#5712 = CARTESIAN_POINT('',(8.87499975,7.130870084372E-02,-3.49900668874
    ));
#5713 = LINE('',#5714,#5715);
#5714 = CARTESIAN_POINT('',(8.87499975,0.218972086138,-3.14801448848));
#5715 = VECTOR('',#5716,1.);
#5716 = DIRECTION('',(-4.748972681789E-17,-0.38778304774,-0.921750675554
    ));
#5717 = ORIENTED_EDGE('',*,*,#5718,.F.);
#5718 = EDGE_CURVE('',#5106,#5711,#5719,.T.);
#5719 = LINE('',#5720,#5721);
#5720 = CARTESIAN_POINT('',(8.87499975,-7.768798815528E-02,-3.5));
#5721 = VECTOR('',#5722,1.);
#5722 = DIRECTION('',(1.224619585681E-16,0.999977778518,
    6.666518523456E-03));
#5723 = ORIENTED_EDGE('',*,*,#5105,.T.);
#5724 = PLANE('',#5725);
#5725 = AXIS2_PLACEMENT_3D('',#5726,#5727,#5728);
#5726 = CARTESIAN_POINT('',(8.87499975,-0.230351262343,-3.101008866371)
  );
#5727 = DIRECTION('',(-1.,1.224646799147E-16,0.));
#5728 = DIRECTION('',(1.224646799147E-16,1.,1.224646799147E-16));
#5729 = ADVANCED_FACE('',(#5730),#5741,.T.);
#5730 = FACE_BOUND('',#5731,.T.);
#5731 = EDGE_LOOP('',(#5732,#5733,#5739,#5740));
#5732 = ORIENTED_EDGE('',*,*,#5718,.T.);
#5733 = ORIENTED_EDGE('',*,*,#5734,.F.);
#5734 = EDGE_CURVE('',#5136,#5711,#5735,.T.);
#5735 = LINE('',#5736,#5737);
#5736 = CARTESIAN_POINT('',(9.12499975,7.130870084372E-02,-3.49900668874
    ));
#5737 = VECTOR('',#5738,1.);
#5738 = DIRECTION('',(-1.,1.224646799147E-16,0.));
#5739 = ORIENTED_EDGE('',*,*,#5135,.F.);
#5740 = ORIENTED_EDGE('',*,*,#5113,.F.);
#5741 = PLANE('',#5742);
#5742 = AXIS2_PLACEMENT_3D('',#5743,#5744,#5745);
#5743 = CARTESIAN_POINT('',(8.87499975,-0.227684654933,-3.500999977779)
  );
#5744 = DIRECTION('',(8.164130571208E-19,6.666518523457E-03,
    -0.999977778518));
#5745 = DIRECTION('',(-1.,1.224646799147E-16,0.));
#5746 = ADVANCED_FACE('',(#5747),#5753,.T.);
#5747 = FACE_BOUND('',#5748,.T.);
#5748 = EDGE_LOOP('',(#5749,#5750,#5751,#5752));
#5749 = ORIENTED_EDGE('',*,*,#4661,.F.);
#5750 = ORIENTED_EDGE('',*,*,#5143,.F.);
#5751 = ORIENTED_EDGE('',*,*,#5734,.T.);
#5752 = ORIENTED_EDGE('',*,*,#5710,.F.);
#5753 = PLANE('',#5754);
#5754 = AXIS2_PLACEMENT_3D('',#5755,#5756,#5757);
#5755 = CARTESIAN_POINT('',(8.99999975,0.145140393491,-3.32351058861));
#5756 = DIRECTION('',(1.12881901443E-16,0.921750675554,-0.38778304774));
#5757 = DIRECTION('',(-1.,1.224646799147E-16,0.));
#5758 = ADVANCED_FACE('',(#5759),#5770,.F.);
#5759 = FACE_BOUND('',#5760,.T.);
#5760 = EDGE_LOOP('',(#5761,#5762,#5768,#5769));
#5761 = ORIENTED_EDGE('',*,*,#5479,.T.);
#5762 = ORIENTED_EDGE('',*,*,#5763,.T.);
#5763 = EDGE_CURVE('',#5472,#5329,#5764,.T.);
#5764 = LINE('',#5765,#5766);
#5765 = CARTESIAN_POINT('',(8.87499975,0.219167227259,-0.401068864371));
#5766 = VECTOR('',#5767,1.);
#5767 = DIRECTION('',(1.,-1.224646799147E-16,0.));
#5768 = ORIENTED_EDGE('',*,*,#5340,.F.);
#5769 = ORIENTED_EDGE('',*,*,#4604,.T.);
#5770 = PLANE('',#5771);
#5771 = AXIS2_PLACEMENT_3D('',#5772,#5773,#5774);
#5772 = CARTESIAN_POINT('',(9.24999975,-0.760832772741,-0.401068864371)
  );
#5773 = DIRECTION('',(-1.499759782662E-32,-1.224646799147E-16,1.));
#5774 = DIRECTION('',(-1.224646799147E-16,-1.,-1.224646799147E-16));
#5775 = ADVANCED_FACE('',(#5776),#5782,.T.);
#5776 = FACE_BOUND('',#5777,.T.);
#5777 = EDGE_LOOP('',(#5778,#5779,#5780,#5781));
#5778 = ORIENTED_EDGE('',*,*,#5471,.T.);
#5779 = ORIENTED_EDGE('',*,*,#546,.T.);
#5780 = ORIENTED_EDGE('',*,*,#5328,.F.);
#5781 = ORIENTED_EDGE('',*,*,#5763,.F.);
#5782 = PLANE('',#5783);
#5783 = AXIS2_PLACEMENT_3D('',#5784,#5785,#5786);
#5784 = CARTESIAN_POINT('',(8.87499975,0.219167227259,-3.128782306618));
#5785 = DIRECTION('',(1.224646799147E-16,1.,1.224646799147E-16));
#5786 = DIRECTION('',(-1.,1.224646799147E-16,0.));
#5787 = ADVANCED_FACE('',(#5788),#5799,.T.);
#5788 = FACE_BOUND('',#5789,.T.);
#5789 = EDGE_LOOP('',(#5790,#5791,#5792,#5798));
#5790 = ORIENTED_EDGE('',*,*,#4539,.F.);
#5791 = ORIENTED_EDGE('',*,*,#4769,.F.);
#5792 = ORIENTED_EDGE('',*,*,#5793,.T.);
#5793 = EDGE_CURVE('',#4762,#4701,#5794,.T.);
#5794 = LINE('',#5795,#5796);
#5795 = CARTESIAN_POINT('',(0.12499975,7.130870084372E-02,-3.49900668874
    ));
#5796 = VECTOR('',#5797,1.);
#5797 = DIRECTION('',(-1.,1.224646799147E-16,0.));
#5798 = ORIENTED_EDGE('',*,*,#4700,.F.);
#5799 = PLANE('',#5800);
#5800 = AXIS2_PLACEMENT_3D('',#5801,#5802,#5803);
#5801 = CARTESIAN_POINT('',(-2.50000010027E-07,0.145140393491,
    -3.32351058861));
#5802 = DIRECTION('',(1.12881901443E-16,0.921750675554,-0.38778304774));
#5803 = DIRECTION('',(-1.,1.224646799147E-16,0.));
#5804 = ADVANCED_FACE('',(#5805),#5811,.T.);
#5805 = FACE_BOUND('',#5806,.T.);
#5806 = EDGE_LOOP('',(#5807,#5808,#5809,#5810));
#5807 = ORIENTED_EDGE('',*,*,#4708,.T.);
#5808 = ORIENTED_EDGE('',*,*,#5793,.F.);
#5809 = ORIENTED_EDGE('',*,*,#4761,.F.);
#5810 = ORIENTED_EDGE('',*,*,#4739,.F.);
#5811 = PLANE('',#5812);
#5812 = AXIS2_PLACEMENT_3D('',#5813,#5814,#5815);
#5813 = CARTESIAN_POINT('',(-0.12500025,-0.227684654933,-3.500999977779)
  );
#5814 = DIRECTION('',(8.164130571208E-19,6.666518523457E-03,
    -0.999977778518));
#5815 = DIRECTION('',(-1.,1.224646799147E-16,0.));
#5816 = ADVANCED_FACE('',(#5817),#5823,.T.);
#5817 = FACE_BOUND('',#5818,.T.);
#5818 = EDGE_LOOP('',(#5819,#5820,#5821,#5822));
#5819 = ORIENTED_EDGE('',*,*,#890,.T.);
#5820 = ORIENTED_EDGE('',*,*,#716,.T.);
#5821 = ORIENTED_EDGE('',*,*,#4250,.F.);
#5822 = ORIENTED_EDGE('',*,*,#4441,.F.);
#5823 = PLANE('',#5824);
#5824 = AXIS2_PLACEMENT_3D('',#5825,#5826,#5827);
#5825 = CARTESIAN_POINT('',(-0.12500025,0.219167227259,-3.128782306618)
  );
#5826 = DIRECTION('',(1.224646799147E-16,1.,1.224646799147E-16));
#5827 = DIRECTION('',(-1.,1.224646799147E-16,0.));
#5828 = ADVANCED_FACE('',(#5829),#5870,.F.);
#5829 = FACE_BOUND('',#5830,.T.);
#5830 = EDGE_LOOP('',(#5831,#5832,#5840,#5848,#5856,#5864));
#5831 = ORIENTED_EDGE('',*,*,#486,.T.);
#5832 = ORIENTED_EDGE('',*,*,#5833,.F.);
#5833 = EDGE_CURVE('',#5834,#479,#5836,.T.);
#5834 = VERTEX_POINT('',#5835);
#5835 = CARTESIAN_POINT('',(2.87499975,0.219167227259,-3.128782306618));
#5836 = LINE('',#5837,#5838);
#5837 = CARTESIAN_POINT('',(2.87499975,0.219167227259,-3.128782306618));
#5838 = VECTOR('',#5839,1.);
#5839 = DIRECTION('',(-1.499759782662E-32,-1.224646799147E-16,1.));
#5840 = ORIENTED_EDGE('',*,*,#5841,.F.);
#5841 = EDGE_CURVE('',#5842,#5834,#5844,.T.);
#5842 = VERTEX_POINT('',#5843);
#5843 = CARTESIAN_POINT('',(2.87499975,6.916722725872E-02,
    -3.428782306618));
#5844 = LINE('',#5845,#5846);
#5845 = CARTESIAN_POINT('',(2.87499975,6.916722725872E-02,
    -3.428782306618));
#5846 = VECTOR('',#5847,1.);
#5847 = DIRECTION('',(5.476786982643E-17,0.4472135955,0.894427191));
#5848 = ORIENTED_EDGE('',*,*,#5849,.F.);
#5849 = EDGE_CURVE('',#5850,#5842,#5852,.T.);
#5850 = VERTEX_POINT('',#5851);
#5851 = CARTESIAN_POINT('',(2.87499975,-8.083277274128E-02,
    -3.428782306618));
#5852 = LINE('',#5853,#5854);
#5853 = CARTESIAN_POINT('',(2.87499975,-8.083277274128E-02,
    -3.428782306618));
#5854 = VECTOR('',#5855,1.);
#5855 = DIRECTION('',(1.224646799147E-16,1.,1.224646799147E-16));
#5856 = ORIENTED_EDGE('',*,*,#5857,.F.);
#5857 = EDGE_CURVE('',#5858,#5850,#5860,.T.);
#5858 = VERTEX_POINT('',#5859);
#5859 = CARTESIAN_POINT('',(2.87499975,-0.230832772741,-3.028782306618)
  );
#5860 = LINE('',#5861,#5862);
#5861 = CARTESIAN_POINT('',(2.87499975,-0.230832772741,-3.028782306618)
  );
#5862 = VECTOR('',#5863,1.);
#5863 = DIRECTION('',(4.300021988469E-17,0.351123441588,-0.936329177569)
  );
#5864 = ORIENTED_EDGE('',*,*,#5865,.F.);
#5865 = EDGE_CURVE('',#461,#5858,#5866,.T.);
#5866 = LINE('',#5867,#5868);
#5867 = CARTESIAN_POINT('',(2.87499975,-0.250832772741,
    -2.878230661791E-02));
#5868 = VECTOR('',#5869,1.);
#5869 = DIRECTION('',(8.164130571207E-19,6.666518523456E-03,
    -0.999977778518));
#5870 = PLANE('',#5871);
#5871 = AXIS2_PLACEMENT_3D('',#5872,#5873,#5874);
#5872 = CARTESIAN_POINT('',(2.87499975,2.514167227259,4.741217693382));
#5873 = DIRECTION('',(1.,-1.224646799147E-16,0.));
#5874 = DIRECTION('',(1.499759782662E-32,1.224646799147E-16,-1.));
#5875 = ADVANCED_FACE('',(#5876),#5902,.F.);
#5876 = FACE_BOUND('',#5877,.T.);
#5877 = EDGE_LOOP('',(#5878,#5879,#5887,#5896));
#5878 = ORIENTED_EDGE('',*,*,#1045,.F.);
#5879 = ORIENTED_EDGE('',*,*,#5880,.F.);
#5880 = EDGE_CURVE('',#5881,#1038,#5883,.T.);
#5881 = VERTEX_POINT('',#5882);
#5882 = CARTESIAN_POINT('',(2.87499975,1.431027864408,4.467679270219));
#5883 = LINE('',#5884,#5885);
#5884 = CARTESIAN_POINT('',(2.87499975,1.431027864408,4.467679270219));
#5885 = VECTOR('',#5886,1.);
#5886 = DIRECTION('',(3.315957318415E-17,0.27076846326,-0.962644503077)
  );
#5887 = ORIENTED_EDGE('',*,*,#5888,.F.);
#5888 = EDGE_CURVE('',#5889,#5881,#5891,.T.);
#5889 = VERTEX_POINT('',#5890);
#5890 = CARTESIAN_POINT('',(2.87499975,1.434208916878,4.503112717345));
#5891 = CIRCLE('',#5892,5.E-02);
#5892 = AXIS2_PLACEMENT_3D('',#5893,#5894,#5895);
#5893 = CARTESIAN_POINT('',(2.87499975,1.479160089562,4.481217693382));
#5894 = DIRECTION('',(1.,-1.224646799147E-16,6.162975822039E-33));
#5895 = DIRECTION('',(-1.100986194907E-16,-0.89902345368,0.437900479257)
  );
#5896 = ORIENTED_EDGE('',*,*,#5897,.F.);
#5897 = EDGE_CURVE('',#1020,#5889,#5898,.T.);
#5898 = LINE('',#5899,#5900);
#5899 = CARTESIAN_POINT('',(2.87499975,1.649167227259,4.944428887914));
#5900 = VECTOR('',#5901,1.);
#5901 = DIRECTION('',(-5.362734202678E-17,-0.437900479257,-0.89902345368
    ));
#5902 = PLANE('',#5903);
#5903 = AXIS2_PLACEMENT_3D('',#5904,#5905,#5906);
#5904 = CARTESIAN_POINT('',(2.87499975,2.514167227259,4.741217693382));
#5905 = DIRECTION('',(1.,-1.224646799147E-16,0.));
#5906 = DIRECTION('',(1.499759782662E-32,1.224646799147E-16,-1.));
#5907 = ADVANCED_FACE('',(#5908),#5969,.F.);
#5908 = FACE_BOUND('',#5909,.T.);
#5909 = EDGE_LOOP('',(#5910,#5911,#5912,#5913,#5922,#5930,#5939,#5947,
    #5955,#5963));
#5910 = ORIENTED_EDGE('',*,*,#3286,.F.);
#5911 = ORIENTED_EDGE('',*,*,#3488,.F.);
#5912 = ORIENTED_EDGE('',*,*,#2492,.T.);
#5913 = ORIENTED_EDGE('',*,*,#5914,.F.);
#5914 = EDGE_CURVE('',#5915,#2485,#5917,.T.);
#5915 = VERTEX_POINT('',#5916);
#5916 = CARTESIAN_POINT('',(2.87499975,0.399970541884,4.971832962871));
#5917 = CIRCLE('',#5918,0.15);
#5918 = AXIS2_PLACEMENT_3D('',#5919,#5920,#5921);
#5919 = CARTESIAN_POINT('',(2.87499975,0.255573866423,4.931217693382));
#5920 = DIRECTION('',(1.,-1.224646799147E-16,0.));
#5921 = DIRECTION('',(1.17889950941E-16,0.962644503077,0.27076846326));
#5922 = ORIENTED_EDGE('',*,*,#5923,.F.);
#5923 = EDGE_CURVE('',#5924,#5915,#5926,.T.);
#5924 = VERTEX_POINT('',#5925);
#5925 = CARTESIAN_POINT('',(2.87499975,0.607292314716,4.234756116545));
#5926 = LINE('',#5927,#5928);
#5927 = CARTESIAN_POINT('',(2.87499975,0.607292314716,4.234756116545));
#5928 = VECTOR('',#5929,1.);
#5929 = DIRECTION('',(-3.315957318415E-17,-0.27076846326,0.962644503077)
  );
#5930 = ORIENTED_EDGE('',*,*,#5931,.F.);
#5931 = EDGE_CURVE('',#5932,#5924,#5934,.T.);
#5932 = VERTEX_POINT('',#5933);
#5933 = CARTESIAN_POINT('',(2.87499975,0.604111262246,4.199322669419));
#5934 = CIRCLE('',#5935,5.E-02);
#5935 = AXIS2_PLACEMENT_3D('',#5936,#5937,#5938);
#5936 = CARTESIAN_POINT('',(2.87499975,0.559160089562,4.221217693382));
#5937 = DIRECTION('',(1.,-1.224646799147E-16,6.162975822039E-33));
#5938 = DIRECTION('',(1.100986194907E-16,0.89902345368,-0.437900479257)
  );
#5939 = ORIENTED_EDGE('',*,*,#5940,.F.);
#5940 = EDGE_CURVE('',#5941,#5932,#5943,.T.);
#5941 = VERTEX_POINT('',#5942);
#5942 = CARTESIAN_POINT('',(2.87499975,0.449167227259,3.881217693382));
#5943 = LINE('',#5944,#5945);
#5944 = CARTESIAN_POINT('',(2.87499975,0.449167227259,3.881217693382));
#5945 = VECTOR('',#5946,1.);
#5946 = DIRECTION('',(5.362734202678E-17,0.437900479257,0.89902345368));
#5947 = ORIENTED_EDGE('',*,*,#5948,.F.);
#5948 = EDGE_CURVE('',#5949,#5941,#5951,.T.);
#5949 = VERTEX_POINT('',#5950);
#5950 = CARTESIAN_POINT('',(2.87499975,0.449167227259,2.581217693382));
#5951 = LINE('',#5952,#5953);
#5952 = CARTESIAN_POINT('',(2.87499975,0.449167227259,2.581217693382));
#5953 = VECTOR('',#5954,1.);
#5954 = DIRECTION('',(-1.499759782662E-32,-1.224646799147E-16,1.));
#5955 = ORIENTED_EDGE('',*,*,#5956,.F.);
#5956 = EDGE_CURVE('',#5957,#5949,#5959,.T.);
#5957 = VERTEX_POINT('',#5958);
#5958 = CARTESIAN_POINT('',(2.87499975,1.379167227259,2.581217693382));
#5959 = LINE('',#5960,#5961);
#5960 = CARTESIAN_POINT('',(2.87499975,1.379167227259,2.581217693382));
#5961 = VECTOR('',#5962,1.);
#5962 = DIRECTION('',(-1.224646799147E-16,-1.,-1.224646799147E-16));
#5963 = ORIENTED_EDGE('',*,*,#5964,.F.);
#5964 = EDGE_CURVE('',#3287,#5957,#5965,.T.);
#5965 = LINE('',#5966,#5967);
#5966 = CARTESIAN_POINT('',(2.87499975,1.379167227259,2.471217693382));
#5967 = VECTOR('',#5968,1.);
#5968 = DIRECTION('',(-1.499759782662E-32,-1.224646799147E-16,1.));
#5969 = PLANE('',#5970);
#5970 = AXIS2_PLACEMENT_3D('',#5971,#5972,#5973);
#5971 = CARTESIAN_POINT('',(2.87499975,2.514167227259,4.741217693382));
#5972 = DIRECTION('',(1.,-1.224646799147E-16,0.));
#5973 = DIRECTION('',(1.499759782662E-32,1.224646799147E-16,-1.));
#5974 = ADVANCED_FACE('',(#5975),#5993,.T.);
#5975 = FACE_BOUND('',#5976,.T.);
#5976 = EDGE_LOOP('',(#5977,#5985,#5991,#5992));
#5977 = ORIENTED_EDGE('',*,*,#5978,.T.);
#5978 = EDGE_CURVE('',#5858,#5979,#5981,.T.);
#5979 = VERTEX_POINT('',#5980);
#5980 = CARTESIAN_POINT('',(3.12499975,-0.230832772741,-3.028782306618)
  );
#5981 = LINE('',#5982,#5983);
#5982 = CARTESIAN_POINT('',(2.87499975,-0.230832772741,-3.028782306618)
  );
#5983 = VECTOR('',#5984,1.);
#5984 = DIRECTION('',(1.,-1.224646799147E-16,0.));
#5985 = ORIENTED_EDGE('',*,*,#5986,.F.);
#5986 = EDGE_CURVE('',#463,#5979,#5987,.T.);
#5987 = LINE('',#5988,#5989);
#5988 = CARTESIAN_POINT('',(3.12499975,-0.250832772741,
    -2.878230661791E-02));
#5989 = VECTOR('',#5990,1.);
#5990 = DIRECTION('',(8.164130571207E-19,6.666518523456E-03,
    -0.999977778518));
#5991 = ORIENTED_EDGE('',*,*,#460,.F.);
#5992 = ORIENTED_EDGE('',*,*,#5865,.T.);
#5993 = PLANE('',#5994);
#5994 = AXIS2_PLACEMENT_3D('',#5995,#5996,#5997);
#5995 = CARTESIAN_POINT('',(2.87499975,-0.250832772741,
    -2.878230661791E-02));
#5996 = DIRECTION('',(-1.224619585681E-16,-0.999977778518,
    -6.666518523457E-03));
#5997 = DIRECTION('',(1.,-1.224646799147E-16,0.));
#5998 = ADVANCED_FACE('',(#5999),#6033,.T.);
#5999 = FACE_BOUND('',#6000,.T.);
#6000 = EDGE_LOOP('',(#6001,#6009,#6017,#6025,#6031,#6032));
#6001 = ORIENTED_EDGE('',*,*,#6002,.T.);
#6002 = EDGE_CURVE('',#5979,#6003,#6005,.T.);
#6003 = VERTEX_POINT('',#6004);
#6004 = CARTESIAN_POINT('',(3.12499975,-8.083277274128E-02,
    -3.428782306618));
#6005 = LINE('',#6006,#6007);
#6006 = CARTESIAN_POINT('',(3.12499975,-0.230832772741,-3.028782306618)
  );
#6007 = VECTOR('',#6008,1.);
#6008 = DIRECTION('',(4.300021988469E-17,0.351123441588,-0.936329177569)
  );
#6009 = ORIENTED_EDGE('',*,*,#6010,.T.);
#6010 = EDGE_CURVE('',#6003,#6011,#6013,.T.);
#6011 = VERTEX_POINT('',#6012);
#6012 = CARTESIAN_POINT('',(3.12499975,6.916722725872E-02,
    -3.428782306618));
#6013 = LINE('',#6014,#6015);
#6014 = CARTESIAN_POINT('',(3.12499975,-8.083277274128E-02,
    -3.428782306618));
#6015 = VECTOR('',#6016,1.);
#6016 = DIRECTION('',(1.224646799147E-16,1.,1.224646799147E-16));
#6017 = ORIENTED_EDGE('',*,*,#6018,.T.);
#6018 = EDGE_CURVE('',#6011,#6019,#6021,.T.);
#6019 = VERTEX_POINT('',#6020);
#6020 = CARTESIAN_POINT('',(3.12499975,0.219167227259,-3.128782306618));
#6021 = LINE('',#6022,#6023);
#6022 = CARTESIAN_POINT('',(3.12499975,6.916722725872E-02,
    -3.428782306618));
#6023 = VECTOR('',#6024,1.);
#6024 = DIRECTION('',(5.476786982643E-17,0.4472135955,0.894427191));
#6025 = ORIENTED_EDGE('',*,*,#6026,.T.);
#6026 = EDGE_CURVE('',#6019,#471,#6027,.T.);
#6027 = LINE('',#6028,#6029);
#6028 = CARTESIAN_POINT('',(3.12499975,0.219167227259,-3.128782306618));
#6029 = VECTOR('',#6030,1.);
#6030 = DIRECTION('',(-1.499759782662E-32,-1.224646799147E-16,1.));
#6031 = ORIENTED_EDGE('',*,*,#470,.F.);
#6032 = ORIENTED_EDGE('',*,*,#5986,.T.);
#6033 = PLANE('',#6034);
#6034 = AXIS2_PLACEMENT_3D('',#6035,#6036,#6037);
#6035 = CARTESIAN_POINT('',(3.12499975,2.514167227259,4.741217693382));
#6036 = DIRECTION('',(1.,-1.224646799147E-16,0.));
#6037 = DIRECTION('',(1.499759782662E-32,1.224646799147E-16,-1.));
#6038 = ADVANCED_FACE('',(#6039),#6065,.T.);
#6039 = FACE_BOUND('',#6040,.T.);
#6040 = EDGE_LOOP('',(#6041,#6052,#6058,#6059));
#6041 = ORIENTED_EDGE('',*,*,#6042,.T.);
#6042 = EDGE_CURVE('',#6043,#6045,#6047,.T.);
#6043 = VERTEX_POINT('',#6044);
#6044 = CARTESIAN_POINT('',(3.12499975,1.434208916878,4.503112717345));
#6045 = VERTEX_POINT('',#6046);
#6046 = CARTESIAN_POINT('',(3.12499975,1.431027864408,4.467679270219));
#6047 = CIRCLE('',#6048,5.E-02);
#6048 = AXIS2_PLACEMENT_3D('',#6049,#6050,#6051);
#6049 = CARTESIAN_POINT('',(3.12499975,1.479160089562,4.481217693382));
#6050 = DIRECTION('',(1.,-1.224646799147E-16,6.162975822039E-33));
#6051 = DIRECTION('',(-1.100986194907E-16,-0.89902345368,0.437900479257)
  );
#6052 = ORIENTED_EDGE('',*,*,#6053,.T.);
#6053 = EDGE_CURVE('',#6045,#1030,#6054,.T.);
#6054 = LINE('',#6055,#6056);
#6055 = CARTESIAN_POINT('',(3.12499975,1.431027864408,4.467679270219));
#6056 = VECTOR('',#6057,1.);
#6057 = DIRECTION('',(3.315957318415E-17,0.27076846326,-0.962644503077)
  );
#6058 = ORIENTED_EDGE('',*,*,#1029,.T.);
#6059 = ORIENTED_EDGE('',*,*,#6060,.T.);
#6060 = EDGE_CURVE('',#1022,#6043,#6061,.T.);
#6061 = LINE('',#6062,#6063);
#6062 = CARTESIAN_POINT('',(3.12499975,1.649167227259,4.944428887914));
#6063 = VECTOR('',#6064,1.);
#6064 = DIRECTION('',(-5.362734202678E-17,-0.437900479257,-0.89902345368
    ));
#6065 = PLANE('',#6066);
#6066 = AXIS2_PLACEMENT_3D('',#6067,#6068,#6069);
#6067 = CARTESIAN_POINT('',(3.12499975,2.514167227259,4.741217693382));
#6068 = DIRECTION('',(1.,-1.224646799147E-16,0.));
#6069 = DIRECTION('',(1.499759782662E-32,1.224646799147E-16,-1.));
#6070 = ADVANCED_FACE('',(#6071),#6132,.T.);
#6071 = FACE_BOUND('',#6072,.T.);
#6072 = EDGE_LOOP('',(#6073,#6083,#6091,#6099,#6108,#6116,#6123,#6124,
    #6125,#6126));
#6073 = ORIENTED_EDGE('',*,*,#6074,.T.);
#6074 = EDGE_CURVE('',#6075,#6077,#6079,.T.);
#6075 = VERTEX_POINT('',#6076);
#6076 = CARTESIAN_POINT('',(3.12499975,1.379167227259,2.581217693382));
#6077 = VERTEX_POINT('',#6078);
#6078 = CARTESIAN_POINT('',(3.12499975,0.449167227259,2.581217693382));
#6079 = LINE('',#6080,#6081);
#6080 = CARTESIAN_POINT('',(3.12499975,1.379167227259,2.581217693382));
#6081 = VECTOR('',#6082,1.);
#6082 = DIRECTION('',(-1.224646799147E-16,-1.,-1.224646799147E-16));
#6083 = ORIENTED_EDGE('',*,*,#6084,.T.);
#6084 = EDGE_CURVE('',#6077,#6085,#6087,.T.);
#6085 = VERTEX_POINT('',#6086);
#6086 = CARTESIAN_POINT('',(3.12499975,0.449167227259,3.881217693382));
#6087 = LINE('',#6088,#6089);
#6088 = CARTESIAN_POINT('',(3.12499975,0.449167227259,2.581217693382));
#6089 = VECTOR('',#6090,1.);
#6090 = DIRECTION('',(-1.499759782662E-32,-1.224646799147E-16,1.));
#6091 = ORIENTED_EDGE('',*,*,#6092,.T.);
#6092 = EDGE_CURVE('',#6085,#6093,#6095,.T.);
#6093 = VERTEX_POINT('',#6094);
#6094 = CARTESIAN_POINT('',(3.12499975,0.604111262246,4.199322669419));
#6095 = LINE('',#6096,#6097);
#6096 = CARTESIAN_POINT('',(3.12499975,0.449167227259,3.881217693382));
#6097 = VECTOR('',#6098,1.);
#6098 = DIRECTION('',(5.362734202678E-17,0.437900479257,0.89902345368));
#6099 = ORIENTED_EDGE('',*,*,#6100,.T.);
#6100 = EDGE_CURVE('',#6093,#6101,#6103,.T.);
#6101 = VERTEX_POINT('',#6102);
#6102 = CARTESIAN_POINT('',(3.12499975,0.607292314716,4.234756116545));
#6103 = CIRCLE('',#6104,5.E-02);
#6104 = AXIS2_PLACEMENT_3D('',#6105,#6106,#6107);
#6105 = CARTESIAN_POINT('',(3.12499975,0.559160089562,4.221217693382));
#6106 = DIRECTION('',(1.,-1.224646799147E-16,6.162975822039E-33));
#6107 = DIRECTION('',(1.100986194907E-16,0.89902345368,-0.437900479257)
  );
#6108 = ORIENTED_EDGE('',*,*,#6109,.T.);
#6109 = EDGE_CURVE('',#6101,#6110,#6112,.T.);
#6110 = VERTEX_POINT('',#6111);
#6111 = CARTESIAN_POINT('',(3.12499975,0.399970541884,4.971832962871));
#6112 = LINE('',#6113,#6114);
#6113 = CARTESIAN_POINT('',(3.12499975,0.607292314716,4.234756116545));
#6114 = VECTOR('',#6115,1.);
#6115 = DIRECTION('',(-3.315957318415E-17,-0.27076846326,0.962644503077)
  );
#6116 = ORIENTED_EDGE('',*,*,#6117,.T.);
#6117 = EDGE_CURVE('',#6110,#2477,#6118,.T.);
#6118 = CIRCLE('',#6119,0.15);
#6119 = AXIS2_PLACEMENT_3D('',#6120,#6121,#6122);
#6120 = CARTESIAN_POINT('',(3.12499975,0.255573866423,4.931217693382));
#6121 = DIRECTION('',(1.,-1.224646799147E-16,0.));
#6122 = DIRECTION('',(1.17889950941E-16,0.962644503077,0.27076846326));
#6123 = ORIENTED_EDGE('',*,*,#2476,.F.);
#6124 = ORIENTED_EDGE('',*,*,#3510,.T.);
#6125 = ORIENTED_EDGE('',*,*,#3302,.T.);
#6126 = ORIENTED_EDGE('',*,*,#6127,.T.);
#6127 = EDGE_CURVE('',#3295,#6075,#6128,.T.);
#6128 = LINE('',#6129,#6130);
#6129 = CARTESIAN_POINT('',(3.12499975,1.379167227259,2.471217693382));
#6130 = VECTOR('',#6131,1.);
#6131 = DIRECTION('',(-1.499759782662E-32,-1.224646799147E-16,1.));
#6132 = PLANE('',#6133);
#6133 = AXIS2_PLACEMENT_3D('',#6134,#6135,#6136);
#6134 = CARTESIAN_POINT('',(3.12499975,2.514167227259,4.741217693382));
#6135 = DIRECTION('',(1.,-1.224646799147E-16,0.));
#6136 = DIRECTION('',(1.499759782662E-32,1.224646799147E-16,-1.));
#6137 = ADVANCED_FACE('',(#6138),#6149,.T.);
#6138 = FACE_BOUND('',#6139,.T.);
#6139 = EDGE_LOOP('',(#6140,#6141,#6147,#6148));
#6140 = ORIENTED_EDGE('',*,*,#6026,.F.);
#6141 = ORIENTED_EDGE('',*,*,#6142,.F.);
#6142 = EDGE_CURVE('',#5834,#6019,#6143,.T.);
#6143 = LINE('',#6144,#6145);
#6144 = CARTESIAN_POINT('',(2.87499975,0.219167227259,-3.128782306618));
#6145 = VECTOR('',#6146,1.);
#6146 = DIRECTION('',(1.,-1.224646799147E-16,0.));
#6147 = ORIENTED_EDGE('',*,*,#5833,.T.);
#6148 = ORIENTED_EDGE('',*,*,#478,.T.);
#6149 = PLANE('',#6150);
#6150 = AXIS2_PLACEMENT_3D('',#6151,#6152,#6153);
#6151 = CARTESIAN_POINT('',(2.87499975,0.219167227259,-3.128782306618));
#6152 = DIRECTION('',(1.224646799147E-16,1.,1.224646799147E-16));
#6153 = DIRECTION('',(-1.,1.224646799147E-16,0.));
#6154 = ADVANCED_FACE('',(#6155),#6166,.T.);
#6155 = FACE_BOUND('',#6156,.T.);
#6156 = EDGE_LOOP('',(#6157,#6158,#6159,#6165));
#6157 = ORIENTED_EDGE('',*,*,#6142,.T.);
#6158 = ORIENTED_EDGE('',*,*,#6018,.F.);
#6159 = ORIENTED_EDGE('',*,*,#6160,.F.);
#6160 = EDGE_CURVE('',#5842,#6011,#6161,.T.);
#6161 = LINE('',#6162,#6163);
#6162 = CARTESIAN_POINT('',(2.87499975,6.916722725872E-02,
    -3.428782306618));
#6163 = VECTOR('',#6164,1.);
#6164 = DIRECTION('',(1.,-1.224646799147E-16,0.));
#6165 = ORIENTED_EDGE('',*,*,#5841,.T.);
#6166 = PLANE('',#6167);
#6167 = AXIS2_PLACEMENT_3D('',#6168,#6169,#6170);
#6168 = CARTESIAN_POINT('',(2.87499975,6.916722725872E-02,
    -3.428782306618));
#6169 = DIRECTION('',(1.095357396528E-16,0.894427191,-0.4472135955));
#6170 = DIRECTION('',(-1.,1.224646799147E-16,0.));
#6171 = ADVANCED_FACE('',(#6172),#6183,.T.);
#6172 = FACE_BOUND('',#6173,.T.);
#6173 = EDGE_LOOP('',(#6174,#6175,#6176,#6182));
#6174 = ORIENTED_EDGE('',*,*,#6160,.T.);
#6175 = ORIENTED_EDGE('',*,*,#6010,.F.);
#6176 = ORIENTED_EDGE('',*,*,#6177,.F.);
#6177 = EDGE_CURVE('',#5850,#6003,#6178,.T.);
#6178 = LINE('',#6179,#6180);
#6179 = CARTESIAN_POINT('',(2.87499975,-8.083277274128E-02,
    -3.428782306618));
#6180 = VECTOR('',#6181,1.);
#6181 = DIRECTION('',(1.,-1.224646799147E-16,0.));
#6182 = ORIENTED_EDGE('',*,*,#5849,.T.);
#6183 = PLANE('',#6184);
#6184 = AXIS2_PLACEMENT_3D('',#6185,#6186,#6187);
#6185 = CARTESIAN_POINT('',(2.87499975,-8.083277274128E-02,
    -3.428782306618));
#6186 = DIRECTION('',(1.499759782662E-32,1.224646799147E-16,-1.));
#6187 = DIRECTION('',(-1.,1.224646799147E-16,0.));
#6188 = ADVANCED_FACE('',(#6189),#6195,.T.);
#6189 = FACE_BOUND('',#6190,.T.);
#6190 = EDGE_LOOP('',(#6191,#6192,#6193,#6194));
#6191 = ORIENTED_EDGE('',*,*,#6177,.T.);
#6192 = ORIENTED_EDGE('',*,*,#6002,.F.);
#6193 = ORIENTED_EDGE('',*,*,#5978,.F.);
#6194 = ORIENTED_EDGE('',*,*,#5857,.T.);
#6195 = PLANE('',#6196);
#6196 = AXIS2_PLACEMENT_3D('',#6197,#6198,#6199);
#6197 = CARTESIAN_POINT('',(2.87499975,-0.230832772741,-3.028782306618)
  );
#6198 = DIRECTION('',(-1.146672530258E-16,-0.936329177569,
    -0.351123441588));
#6199 = DIRECTION('',(1.,-1.224646799147E-16,0.));
#6200 = ADVANCED_FACE('',(#6201),#6212,.T.);
#6201 = FACE_BOUND('',#6202,.T.);
#6202 = EDGE_LOOP('',(#6203,#6209,#6210,#6211));
#6203 = ORIENTED_EDGE('',*,*,#6204,.T.);
#6204 = EDGE_CURVE('',#5889,#6043,#6205,.T.);
#6205 = LINE('',#6206,#6207);
#6206 = CARTESIAN_POINT('',(2.87499975,1.434208916878,4.503112717345));
#6207 = VECTOR('',#6208,1.);
#6208 = DIRECTION('',(1.,-1.224646799147E-16,0.));
#6209 = ORIENTED_EDGE('',*,*,#6060,.F.);
#6210 = ORIENTED_EDGE('',*,*,#1019,.F.);
#6211 = ORIENTED_EDGE('',*,*,#5897,.T.);
#6212 = PLANE('',#6213);
#6213 = AXIS2_PLACEMENT_3D('',#6214,#6215,#6216);
#6214 = CARTESIAN_POINT('',(2.87499975,1.688415945827,5.025007741308));
#6215 = DIRECTION('',(-1.100986194907E-16,-0.89902345368,0.437900479257)
  );
#6216 = DIRECTION('',(5.362734202678E-17,0.437900479257,0.89902345368));
#6217 = ADVANCED_FACE('',(#6218),#6229,.T.);
#6218 = FACE_BOUND('',#6219,.T.);
#6219 = EDGE_LOOP('',(#6220,#6226,#6227,#6228));
#6220 = ORIENTED_EDGE('',*,*,#6221,.T.);
#6221 = EDGE_CURVE('',#5881,#6045,#6222,.T.);
#6222 = LINE('',#6223,#6224);
#6223 = CARTESIAN_POINT('',(2.87499975,1.431027864408,4.467679270219));
#6224 = VECTOR('',#6225,1.);
#6225 = DIRECTION('',(1.,-1.224646799147E-16,0.));
#6226 = ORIENTED_EDGE('',*,*,#6042,.F.);
#6227 = ORIENTED_EDGE('',*,*,#6204,.F.);
#6228 = ORIENTED_EDGE('',*,*,#5888,.T.);
#6229 = CYLINDRICAL_SURFACE('',#6230,5.E-02);
#6230 = AXIS2_PLACEMENT_3D('',#6231,#6232,#6233);
#6231 = CARTESIAN_POINT('',(2.87499975,1.479160089562,4.481217693382));
#6232 = DIRECTION('',(-1.,1.224646799147E-16,0.));
#6233 = DIRECTION('',(1.499759782662E-32,1.224646799147E-16,-1.));
#6234 = ADVANCED_FACE('',(#6235),#6241,.T.);
#6235 = FACE_BOUND('',#6236,.T.);
#6236 = EDGE_LOOP('',(#6237,#6238,#6239,#6240));
#6237 = ORIENTED_EDGE('',*,*,#1037,.T.);
#6238 = ORIENTED_EDGE('',*,*,#6053,.F.);
#6239 = ORIENTED_EDGE('',*,*,#6221,.F.);
#6240 = ORIENTED_EDGE('',*,*,#5880,.T.);
#6241 = PLANE('',#6242);
#6242 = AXIS2_PLACEMENT_3D('',#6243,#6244,#6245);
#6243 = CARTESIAN_POINT('',(2.87499975,1.431027864408,4.467679270219));
#6244 = DIRECTION('',(-1.17889950941E-16,-0.962644503077,-0.27076846326)
  );
#6245 = DIRECTION('',(1.,-1.224646799147E-16,0.));
#6246 = ADVANCED_FACE('',(#6247),#6258,.T.);
#6247 = FACE_BOUND('',#6248,.T.);
#6248 = EDGE_LOOP('',(#6249,#6255,#6256,#6257));
#6249 = ORIENTED_EDGE('',*,*,#6250,.T.);
#6250 = EDGE_CURVE('',#5957,#6075,#6251,.T.);
#6251 = LINE('',#6252,#6253);
#6252 = CARTESIAN_POINT('',(2.87499975,1.379167227259,2.581217693382));
#6253 = VECTOR('',#6254,1.);
#6254 = DIRECTION('',(1.,-1.224646799147E-16,0.));
#6255 = ORIENTED_EDGE('',*,*,#6127,.F.);
#6256 = ORIENTED_EDGE('',*,*,#3294,.F.);
#6257 = ORIENTED_EDGE('',*,*,#5964,.T.);
#6258 = PLANE('',#6259);
#6259 = AXIS2_PLACEMENT_3D('',#6260,#6261,#6262);
#6260 = CARTESIAN_POINT('',(2.87499975,1.379167227259,2.001217693382));
#6261 = DIRECTION('',(1.224646799147E-16,1.,1.224646799147E-16));
#6262 = DIRECTION('',(-1.,1.224646799147E-16,0.));
#6263 = ADVANCED_FACE('',(#6264),#6275,.T.);
#6264 = FACE_BOUND('',#6265,.T.);
#6265 = EDGE_LOOP('',(#6266,#6272,#6273,#6274));
#6266 = ORIENTED_EDGE('',*,*,#6267,.T.);
#6267 = EDGE_CURVE('',#5949,#6077,#6268,.T.);
#6268 = LINE('',#6269,#6270);
#6269 = CARTESIAN_POINT('',(2.87499975,0.449167227259,2.581217693382));
#6270 = VECTOR('',#6271,1.);
#6271 = DIRECTION('',(1.,-1.224646799147E-16,0.));
#6272 = ORIENTED_EDGE('',*,*,#6074,.F.);
#6273 = ORIENTED_EDGE('',*,*,#6250,.F.);
#6274 = ORIENTED_EDGE('',*,*,#5956,.T.);
#6275 = PLANE('',#6276);
#6276 = AXIS2_PLACEMENT_3D('',#6277,#6278,#6279);
#6277 = CARTESIAN_POINT('',(2.87499975,1.379167227259,2.581217693382));
#6278 = DIRECTION('',(-1.499759782662E-32,-1.224646799147E-16,1.));
#6279 = DIRECTION('',(-1.224646799147E-16,-1.,-1.224646799147E-16));
#6280 = ADVANCED_FACE('',(#6281),#6292,.T.);
#6281 = FACE_BOUND('',#6282,.T.);
#6282 = EDGE_LOOP('',(#6283,#6289,#6290,#6291));
#6283 = ORIENTED_EDGE('',*,*,#6284,.T.);
#6284 = EDGE_CURVE('',#5941,#6085,#6285,.T.);
#6285 = LINE('',#6286,#6287);
#6286 = CARTESIAN_POINT('',(2.87499975,0.449167227259,3.881217693382));
#6287 = VECTOR('',#6288,1.);
#6288 = DIRECTION('',(1.,-1.224646799147E-16,0.));
#6289 = ORIENTED_EDGE('',*,*,#6084,.F.);
#6290 = ORIENTED_EDGE('',*,*,#6267,.F.);
#6291 = ORIENTED_EDGE('',*,*,#5948,.T.);
#6292 = PLANE('',#6293);
#6293 = AXIS2_PLACEMENT_3D('',#6294,#6295,#6296);
#6294 = CARTESIAN_POINT('',(2.87499975,0.449167227259,2.581217693382));
#6295 = DIRECTION('',(1.224646799147E-16,1.,1.224646799147E-16));
#6296 = DIRECTION('',(-1.,1.224646799147E-16,0.));
#6297 = ADVANCED_FACE('',(#6298),#6309,.T.);
#6298 = FACE_BOUND('',#6299,.T.);
#6299 = EDGE_LOOP('',(#6300,#6306,#6307,#6308));
#6300 = ORIENTED_EDGE('',*,*,#6301,.T.);
#6301 = EDGE_CURVE('',#5932,#6093,#6302,.T.);
#6302 = LINE('',#6303,#6304);
#6303 = CARTESIAN_POINT('',(2.87499975,0.604111262246,4.199322669419));
#6304 = VECTOR('',#6305,1.);
#6305 = DIRECTION('',(1.,-1.224646799147E-16,0.));
#6306 = ORIENTED_EDGE('',*,*,#6092,.F.);
#6307 = ORIENTED_EDGE('',*,*,#6284,.F.);
#6308 = ORIENTED_EDGE('',*,*,#5940,.T.);
#6309 = PLANE('',#6310);
#6310 = AXIS2_PLACEMENT_3D('',#6311,#6312,#6313);
#6311 = CARTESIAN_POINT('',(2.87499975,0.449167227259,3.881217693382));
#6312 = DIRECTION('',(1.100986194907E-16,0.89902345368,-0.437900479257)
  );
#6313 = DIRECTION('',(-1.,1.224646799147E-16,0.));
#6314 = ADVANCED_FACE('',(#6315),#6326,.T.);
#6315 = FACE_BOUND('',#6316,.T.);
#6316 = EDGE_LOOP('',(#6317,#6323,#6324,#6325));
#6317 = ORIENTED_EDGE('',*,*,#6318,.T.);
#6318 = EDGE_CURVE('',#5924,#6101,#6319,.T.);
#6319 = LINE('',#6320,#6321);
#6320 = CARTESIAN_POINT('',(2.87499975,0.607292314716,4.234756116545));
#6321 = VECTOR('',#6322,1.);
#6322 = DIRECTION('',(1.,-1.224646799147E-16,0.));
#6323 = ORIENTED_EDGE('',*,*,#6100,.F.);
#6324 = ORIENTED_EDGE('',*,*,#6301,.F.);
#6325 = ORIENTED_EDGE('',*,*,#5931,.T.);
#6326 = CYLINDRICAL_SURFACE('',#6327,5.E-02);
#6327 = AXIS2_PLACEMENT_3D('',#6328,#6329,#6330);
#6328 = CARTESIAN_POINT('',(2.87499975,0.559160089562,4.221217693382));
#6329 = DIRECTION('',(-1.,1.224646799147E-16,0.));
#6330 = DIRECTION('',(1.499759782662E-32,1.224646799147E-16,-1.));
#6331 = ADVANCED_FACE('',(#6332),#6343,.T.);
#6332 = FACE_BOUND('',#6333,.T.);
#6333 = EDGE_LOOP('',(#6334,#6340,#6341,#6342));
#6334 = ORIENTED_EDGE('',*,*,#6335,.T.);
#6335 = EDGE_CURVE('',#5915,#6110,#6336,.T.);
#6336 = LINE('',#6337,#6338);
#6337 = CARTESIAN_POINT('',(2.87499975,0.399970541884,4.971832962871));
#6338 = VECTOR('',#6339,1.);
#6339 = DIRECTION('',(1.,-1.224646799147E-16,0.));
#6340 = ORIENTED_EDGE('',*,*,#6109,.F.);
#6341 = ORIENTED_EDGE('',*,*,#6318,.F.);
#6342 = ORIENTED_EDGE('',*,*,#5923,.T.);
#6343 = PLANE('',#6344);
#6344 = AXIS2_PLACEMENT_3D('',#6345,#6346,#6347);
#6345 = CARTESIAN_POINT('',(2.87499975,0.607292314716,4.234756116545));
#6346 = DIRECTION('',(1.17889950941E-16,0.962644503077,0.27076846326));
#6347 = DIRECTION('',(1.,-1.224646799147E-16,0.));
#6348 = ADVANCED_FACE('',(#6349),#6355,.T.);
#6349 = FACE_BOUND('',#6350,.T.);
#6350 = EDGE_LOOP('',(#6351,#6352,#6353,#6354));
#6351 = ORIENTED_EDGE('',*,*,#2484,.T.);
#6352 = ORIENTED_EDGE('',*,*,#6117,.F.);
#6353 = ORIENTED_EDGE('',*,*,#6335,.F.);
#6354 = ORIENTED_EDGE('',*,*,#5914,.T.);
#6355 = CYLINDRICAL_SURFACE('',#6356,0.15);
#6356 = AXIS2_PLACEMENT_3D('',#6357,#6358,#6359);
#6357 = CARTESIAN_POINT('',(2.87499975,0.255573866423,4.931217693382));
#6358 = DIRECTION('',(-1.,1.224646799147E-16,0.));
#6359 = DIRECTION('',(1.499759782662E-32,1.224646799147E-16,-1.));
#6360 = ADVANCED_FACE('',(#6361),#6387,.F.);
#6361 = FACE_BOUND('',#6362,.T.);
#6362 = EDGE_LOOP('',(#6363,#6364,#6372,#6381));
#6363 = ORIENTED_EDGE('',*,*,#1181,.F.);
#6364 = ORIENTED_EDGE('',*,*,#6365,.F.);
#6365 = EDGE_CURVE('',#6366,#1174,#6368,.T.);
#6366 = VERTEX_POINT('',#6367);
#6367 = CARTESIAN_POINT('',(4.37499975,1.431027864408,4.467679270219));
#6368 = LINE('',#6369,#6370);
#6369 = CARTESIAN_POINT('',(4.37499975,1.431027864408,4.467679270219));
#6370 = VECTOR('',#6371,1.);
#6371 = DIRECTION('',(3.315957318415E-17,0.27076846326,-0.962644503077)
  );
#6372 = ORIENTED_EDGE('',*,*,#6373,.F.);
#6373 = EDGE_CURVE('',#6374,#6366,#6376,.T.);
#6374 = VERTEX_POINT('',#6375);
#6375 = CARTESIAN_POINT('',(4.37499975,1.434208916878,4.503112717345));
#6376 = CIRCLE('',#6377,5.E-02);
#6377 = AXIS2_PLACEMENT_3D('',#6378,#6379,#6380);
#6378 = CARTESIAN_POINT('',(4.37499975,1.479160089562,4.481217693382));
#6379 = DIRECTION('',(1.,-1.224646799147E-16,6.162975822039E-33));
#6380 = DIRECTION('',(-1.100986194907E-16,-0.89902345368,0.437900479257)
  );
#6381 = ORIENTED_EDGE('',*,*,#6382,.F.);
#6382 = EDGE_CURVE('',#1156,#6374,#6383,.T.);
#6383 = LINE('',#6384,#6385);
#6384 = CARTESIAN_POINT('',(4.37499975,1.649167227259,4.944428887914));
#6385 = VECTOR('',#6386,1.);
#6386 = DIRECTION('',(-5.362734202678E-17,-0.437900479257,-0.89902345368
    ));
#6387 = PLANE('',#6388);
#6388 = AXIS2_PLACEMENT_3D('',#6389,#6390,#6391);
#6389 = CARTESIAN_POINT('',(4.37499975,2.514167227259,4.741217693382));
#6390 = DIRECTION('',(1.,-1.224646799147E-16,0.));
#6391 = DIRECTION('',(1.499759782662E-32,1.224646799147E-16,-1.));
#6392 = ADVANCED_FACE('',(#6393),#6454,.F.);
#6393 = FACE_BOUND('',#6394,.T.);
#6394 = EDGE_LOOP('',(#6395,#6396,#6397,#6398,#6407,#6415,#6424,#6432,
    #6440,#6448));
#6395 = ORIENTED_EDGE('',*,*,#3318,.F.);
#6396 = ORIENTED_EDGE('',*,*,#3517,.F.);
#6397 = ORIENTED_EDGE('',*,*,#2460,.T.);
#6398 = ORIENTED_EDGE('',*,*,#6399,.F.);
#6399 = EDGE_CURVE('',#6400,#2453,#6402,.T.);
#6400 = VERTEX_POINT('',#6401);
#6401 = CARTESIAN_POINT('',(4.37499975,0.399970541884,4.971832962871));
#6402 = CIRCLE('',#6403,0.15);
#6403 = AXIS2_PLACEMENT_3D('',#6404,#6405,#6406);
#6404 = CARTESIAN_POINT('',(4.37499975,0.255573866423,4.931217693382));
#6405 = DIRECTION('',(1.,-1.224646799147E-16,0.));
#6406 = DIRECTION('',(1.17889950941E-16,0.962644503077,0.27076846326));
#6407 = ORIENTED_EDGE('',*,*,#6408,.F.);
#6408 = EDGE_CURVE('',#6409,#6400,#6411,.T.);
#6409 = VERTEX_POINT('',#6410);
#6410 = CARTESIAN_POINT('',(4.37499975,0.607292314716,4.234756116545));
#6411 = LINE('',#6412,#6413);
#6412 = CARTESIAN_POINT('',(4.37499975,0.607292314716,4.234756116545));
#6413 = VECTOR('',#6414,1.);
#6414 = DIRECTION('',(-3.315957318415E-17,-0.27076846326,0.962644503077)
  );
#6415 = ORIENTED_EDGE('',*,*,#6416,.F.);
#6416 = EDGE_CURVE('',#6417,#6409,#6419,.T.);
#6417 = VERTEX_POINT('',#6418);
#6418 = CARTESIAN_POINT('',(4.37499975,0.604111262246,4.199322669419));
#6419 = CIRCLE('',#6420,5.E-02);
#6420 = AXIS2_PLACEMENT_3D('',#6421,#6422,#6423);
#6421 = CARTESIAN_POINT('',(4.37499975,0.559160089562,4.221217693382));
#6422 = DIRECTION('',(1.,-1.224646799147E-16,6.162975822039E-33));
#6423 = DIRECTION('',(1.100986194907E-16,0.89902345368,-0.437900479257)
  );
#6424 = ORIENTED_EDGE('',*,*,#6425,.F.);
#6425 = EDGE_CURVE('',#6426,#6417,#6428,.T.);
#6426 = VERTEX_POINT('',#6427);
#6427 = CARTESIAN_POINT('',(4.37499975,0.449167227259,3.881217693382));
#6428 = LINE('',#6429,#6430);
#6429 = CARTESIAN_POINT('',(4.37499975,0.449167227259,3.881217693382));
#6430 = VECTOR('',#6431,1.);
#6431 = DIRECTION('',(5.362734202678E-17,0.437900479257,0.89902345368));
#6432 = ORIENTED_EDGE('',*,*,#6433,.F.);
#6433 = EDGE_CURVE('',#6434,#6426,#6436,.T.);
#6434 = VERTEX_POINT('',#6435);
#6435 = CARTESIAN_POINT('',(4.37499975,0.449167227259,2.581217693382));
#6436 = LINE('',#6437,#6438);
#6437 = CARTESIAN_POINT('',(4.37499975,0.449167227259,2.581217693382));
#6438 = VECTOR('',#6439,1.);
#6439 = DIRECTION('',(-1.499759782662E-32,-1.224646799147E-16,1.));
#6440 = ORIENTED_EDGE('',*,*,#6441,.F.);
#6441 = EDGE_CURVE('',#6442,#6434,#6444,.T.);
#6442 = VERTEX_POINT('',#6443);
#6443 = CARTESIAN_POINT('',(4.37499975,1.379167227259,2.581217693382));
#6444 = LINE('',#6445,#6446);
#6445 = CARTESIAN_POINT('',(4.37499975,1.379167227259,2.581217693382));
#6446 = VECTOR('',#6447,1.);
#6447 = DIRECTION('',(-1.224646799147E-16,-1.,-1.224646799147E-16));
#6448 = ORIENTED_EDGE('',*,*,#6449,.F.);
#6449 = EDGE_CURVE('',#3319,#6442,#6450,.T.);
#6450 = LINE('',#6451,#6452);
#6451 = CARTESIAN_POINT('',(4.37499975,1.379167227259,2.471217693382));
#6452 = VECTOR('',#6453,1.);
#6453 = DIRECTION('',(-1.499759782662E-32,-1.224646799147E-16,1.));
#6454 = PLANE('',#6455);
#6455 = AXIS2_PLACEMENT_3D('',#6456,#6457,#6458);
#6456 = CARTESIAN_POINT('',(4.37499975,2.514167227259,4.741217693382));
#6457 = DIRECTION('',(1.,-1.224646799147E-16,0.));
#6458 = DIRECTION('',(1.499759782662E-32,1.224646799147E-16,-1.));
#6459 = ADVANCED_FACE('',(#6460),#6501,.F.);
#6460 = FACE_BOUND('',#6461,.T.);
#6461 = EDGE_LOOP('',(#6462,#6470,#6478,#6486,#6494,#6500));
#6462 = ORIENTED_EDGE('',*,*,#6463,.F.);
#6463 = EDGE_CURVE('',#6464,#615,#6466,.T.);
#6464 = VERTEX_POINT('',#6465);
#6465 = CARTESIAN_POINT('',(4.37499975,2.249167227259,-3.128782306618));
#6466 = LINE('',#6467,#6468);
#6467 = CARTESIAN_POINT('',(4.37499975,2.249167227259,-3.128782306618));
#6468 = VECTOR('',#6469,1.);
#6469 = DIRECTION('',(-1.499759782662E-32,-1.224646799147E-16,1.));
#6470 = ORIENTED_EDGE('',*,*,#6471,.F.);
#6471 = EDGE_CURVE('',#6472,#6464,#6474,.T.);
#6472 = VERTEX_POINT('',#6473);
#6473 = CARTESIAN_POINT('',(4.37499975,2.089167227259,-3.428782306618));
#6474 = LINE('',#6475,#6476);
#6475 = CARTESIAN_POINT('',(4.37499975,2.089167227259,-3.428782306618));
#6476 = VECTOR('',#6477,1.);
#6477 = DIRECTION('',(5.763043760693E-17,0.470588235294,0.882352941176)
  );
#6478 = ORIENTED_EDGE('',*,*,#6479,.F.);
#6479 = EDGE_CURVE('',#6480,#6472,#6482,.T.);
#6480 = VERTEX_POINT('',#6481);
#6481 = CARTESIAN_POINT('',(4.37499975,1.899167227259,-3.428782306618));
#6482 = LINE('',#6483,#6484);
#6483 = CARTESIAN_POINT('',(4.37499975,1.899167227259,-3.428782306618));
#6484 = VECTOR('',#6485,1.);
#6485 = DIRECTION('',(1.224646799147E-16,1.,1.224646799147E-16));
#6486 = ORIENTED_EDGE('',*,*,#6487,.F.);
#6487 = EDGE_CURVE('',#6488,#6480,#6490,.T.);
#6488 = VERTEX_POINT('',#6489);
#6489 = CARTESIAN_POINT('',(4.37499975,1.749167227259,-3.128782306618));
#6490 = LINE('',#6491,#6492);
#6491 = CARTESIAN_POINT('',(4.37499975,1.749167227259,-3.128782306618));
#6492 = VECTOR('',#6493,1.);
#6493 = DIRECTION('',(5.476786982643E-17,0.4472135955,-0.894427191));
#6494 = ORIENTED_EDGE('',*,*,#6495,.F.);
#6495 = EDGE_CURVE('',#597,#6488,#6496,.T.);
#6496 = LINE('',#6497,#6498);
#6497 = CARTESIAN_POINT('',(4.37499975,1.749167227259,
    -2.878230661791E-02));
#6498 = VECTOR('',#6499,1.);
#6499 = DIRECTION('',(1.499759782662E-32,1.224646799147E-16,-1.));
#6500 = ORIENTED_EDGE('',*,*,#622,.T.);
#6501 = PLANE('',#6502);
#6502 = AXIS2_PLACEMENT_3D('',#6503,#6504,#6505);
#6503 = CARTESIAN_POINT('',(4.37499975,2.514167227259,4.741217693382));
#6504 = DIRECTION('',(1.,-1.224646799147E-16,0.));
#6505 = DIRECTION('',(1.499759782662E-32,1.224646799147E-16,-1.));
#6506 = ADVANCED_FACE('',(#6507),#6525,.T.);
#6507 = FACE_BOUND('',#6508,.T.);
#6508 = EDGE_LOOP('',(#6509,#6517,#6523,#6524));
#6509 = ORIENTED_EDGE('',*,*,#6510,.T.);
#6510 = EDGE_CURVE('',#6374,#6511,#6513,.T.);
#6511 = VERTEX_POINT('',#6512);
#6512 = CARTESIAN_POINT('',(4.62499975,1.434208916878,4.503112717345));
#6513 = LINE('',#6514,#6515);
#6514 = CARTESIAN_POINT('',(4.37499975,1.434208916878,4.503112717345));
#6515 = VECTOR('',#6516,1.);
#6516 = DIRECTION('',(1.,-1.224646799147E-16,0.));
#6517 = ORIENTED_EDGE('',*,*,#6518,.F.);
#6518 = EDGE_CURVE('',#1158,#6511,#6519,.T.);
#6519 = LINE('',#6520,#6521);
#6520 = CARTESIAN_POINT('',(4.62499975,1.649167227259,4.944428887914));
#6521 = VECTOR('',#6522,1.);
#6522 = DIRECTION('',(-5.362734202678E-17,-0.437900479257,-0.89902345368
    ));
#6523 = ORIENTED_EDGE('',*,*,#1155,.F.);
#6524 = ORIENTED_EDGE('',*,*,#6382,.T.);
#6525 = PLANE('',#6526);
#6526 = AXIS2_PLACEMENT_3D('',#6527,#6528,#6529);
#6527 = CARTESIAN_POINT('',(4.37499975,1.688415945827,5.025007741308));
#6528 = DIRECTION('',(-1.100986194907E-16,-0.89902345368,0.437900479257)
  );
#6529 = DIRECTION('',(5.362734202678E-17,0.437900479257,0.89902345368));
#6530 = ADVANCED_FACE('',(#6531),#6550,.T.);
#6531 = FACE_BOUND('',#6532,.T.);
#6532 = EDGE_LOOP('',(#6533,#6542,#6548,#6549));
#6533 = ORIENTED_EDGE('',*,*,#6534,.T.);
#6534 = EDGE_CURVE('',#6511,#6535,#6537,.T.);
#6535 = VERTEX_POINT('',#6536);
#6536 = CARTESIAN_POINT('',(4.62499975,1.431027864408,4.467679270219));
#6537 = CIRCLE('',#6538,5.E-02);
#6538 = AXIS2_PLACEMENT_3D('',#6539,#6540,#6541);
#6539 = CARTESIAN_POINT('',(4.62499975,1.479160089562,4.481217693382));
#6540 = DIRECTION('',(1.,-1.224646799147E-16,6.162975822039E-33));
#6541 = DIRECTION('',(-1.100986194907E-16,-0.89902345368,0.437900479257)
  );
#6542 = ORIENTED_EDGE('',*,*,#6543,.T.);
#6543 = EDGE_CURVE('',#6535,#1166,#6544,.T.);
#6544 = LINE('',#6545,#6546);
#6545 = CARTESIAN_POINT('',(4.62499975,1.431027864408,4.467679270219));
#6546 = VECTOR('',#6547,1.);
#6547 = DIRECTION('',(3.315957318415E-17,0.27076846326,-0.962644503077)
  );
#6548 = ORIENTED_EDGE('',*,*,#1165,.T.);
#6549 = ORIENTED_EDGE('',*,*,#6518,.T.);
#6550 = PLANE('',#6551);
#6551 = AXIS2_PLACEMENT_3D('',#6552,#6553,#6554);
#6552 = CARTESIAN_POINT('',(4.62499975,2.514167227259,4.741217693382));
#6553 = DIRECTION('',(1.,-1.224646799147E-16,0.));
#6554 = DIRECTION('',(1.499759782662E-32,1.224646799147E-16,-1.));
#6555 = ADVANCED_FACE('',(#6556),#6617,.T.);
#6556 = FACE_BOUND('',#6557,.T.);
#6557 = EDGE_LOOP('',(#6558,#6568,#6576,#6584,#6593,#6601,#6608,#6609,
    #6610,#6611));
#6558 = ORIENTED_EDGE('',*,*,#6559,.T.);
#6559 = EDGE_CURVE('',#6560,#6562,#6564,.T.);
#6560 = VERTEX_POINT('',#6561);
#6561 = CARTESIAN_POINT('',(4.62499975,1.379167227259,2.581217693382));
#6562 = VERTEX_POINT('',#6563);
#6563 = CARTESIAN_POINT('',(4.62499975,0.449167227259,2.581217693382));
#6564 = LINE('',#6565,#6566);
#6565 = CARTESIAN_POINT('',(4.62499975,1.379167227259,2.581217693382));
#6566 = VECTOR('',#6567,1.);
#6567 = DIRECTION('',(-1.224646799147E-16,-1.,-1.224646799147E-16));
#6568 = ORIENTED_EDGE('',*,*,#6569,.T.);
#6569 = EDGE_CURVE('',#6562,#6570,#6572,.T.);
#6570 = VERTEX_POINT('',#6571);
#6571 = CARTESIAN_POINT('',(4.62499975,0.449167227259,3.881217693382));
#6572 = LINE('',#6573,#6574);
#6573 = CARTESIAN_POINT('',(4.62499975,0.449167227259,2.581217693382));
#6574 = VECTOR('',#6575,1.);
#6575 = DIRECTION('',(-1.499759782662E-32,-1.224646799147E-16,1.));
#6576 = ORIENTED_EDGE('',*,*,#6577,.T.);
#6577 = EDGE_CURVE('',#6570,#6578,#6580,.T.);
#6578 = VERTEX_POINT('',#6579);
#6579 = CARTESIAN_POINT('',(4.62499975,0.604111262246,4.199322669419));
#6580 = LINE('',#6581,#6582);
#6581 = CARTESIAN_POINT('',(4.62499975,0.449167227259,3.881217693382));
#6582 = VECTOR('',#6583,1.);
#6583 = DIRECTION('',(5.362734202678E-17,0.437900479257,0.89902345368));
#6584 = ORIENTED_EDGE('',*,*,#6585,.T.);
#6585 = EDGE_CURVE('',#6578,#6586,#6588,.T.);
#6586 = VERTEX_POINT('',#6587);
#6587 = CARTESIAN_POINT('',(4.62499975,0.607292314716,4.234756116545));
#6588 = CIRCLE('',#6589,5.E-02);
#6589 = AXIS2_PLACEMENT_3D('',#6590,#6591,#6592);
#6590 = CARTESIAN_POINT('',(4.62499975,0.559160089562,4.221217693382));
#6591 = DIRECTION('',(1.,-1.224646799147E-16,6.162975822039E-33));
#6592 = DIRECTION('',(1.100986194907E-16,0.89902345368,-0.437900479257)
  );
#6593 = ORIENTED_EDGE('',*,*,#6594,.T.);
#6594 = EDGE_CURVE('',#6586,#6595,#6597,.T.);
#6595 = VERTEX_POINT('',#6596);
#6596 = CARTESIAN_POINT('',(4.62499975,0.399970541884,4.971832962871));
#6597 = LINE('',#6598,#6599);
#6598 = CARTESIAN_POINT('',(4.62499975,0.607292314716,4.234756116545));
#6599 = VECTOR('',#6600,1.);
#6600 = DIRECTION('',(-3.315957318415E-17,-0.27076846326,0.962644503077)
  );
#6601 = ORIENTED_EDGE('',*,*,#6602,.T.);
#6602 = EDGE_CURVE('',#6595,#2445,#6603,.T.);
#6603 = CIRCLE('',#6604,0.15);
#6604 = AXIS2_PLACEMENT_3D('',#6605,#6606,#6607);
#6605 = CARTESIAN_POINT('',(4.62499975,0.255573866423,4.931217693382));
#6606 = DIRECTION('',(1.,-1.224646799147E-16,0.));
#6607 = DIRECTION('',(1.17889950941E-16,0.962644503077,0.27076846326));
#6608 = ORIENTED_EDGE('',*,*,#2444,.F.);
#6609 = ORIENTED_EDGE('',*,*,#3539,.T.);
#6610 = ORIENTED_EDGE('',*,*,#3334,.T.);
#6611 = ORIENTED_EDGE('',*,*,#6612,.T.);
#6612 = EDGE_CURVE('',#3327,#6560,#6613,.T.);
#6613 = LINE('',#6614,#6615);
#6614 = CARTESIAN_POINT('',(4.62499975,1.379167227259,2.471217693382));
#6615 = VECTOR('',#6616,1.);
#6616 = DIRECTION('',(-1.499759782662E-32,-1.224646799147E-16,1.));
#6617 = PLANE('',#6618);
#6618 = AXIS2_PLACEMENT_3D('',#6619,#6620,#6621);
#6619 = CARTESIAN_POINT('',(4.62499975,2.514167227259,4.741217693382));
#6620 = DIRECTION('',(1.,-1.224646799147E-16,0.));
#6621 = DIRECTION('',(1.499759782662E-32,1.224646799147E-16,-1.));
#6622 = ADVANCED_FACE('',(#6623),#6664,.T.);
#6623 = FACE_BOUND('',#6624,.T.);
#6624 = EDGE_LOOP('',(#6625,#6633,#6641,#6649,#6657,#6663));
#6625 = ORIENTED_EDGE('',*,*,#6626,.T.);
#6626 = EDGE_CURVE('',#599,#6627,#6629,.T.);
#6627 = VERTEX_POINT('',#6628);
#6628 = CARTESIAN_POINT('',(4.62499975,1.749167227259,-3.128782306618));
#6629 = LINE('',#6630,#6631);
#6630 = CARTESIAN_POINT('',(4.62499975,1.749167227259,
    -2.878230661791E-02));
#6631 = VECTOR('',#6632,1.);
#6632 = DIRECTION('',(1.499759782662E-32,1.224646799147E-16,-1.));
#6633 = ORIENTED_EDGE('',*,*,#6634,.T.);
#6634 = EDGE_CURVE('',#6627,#6635,#6637,.T.);
#6635 = VERTEX_POINT('',#6636);
#6636 = CARTESIAN_POINT('',(4.62499975,1.899167227259,-3.428782306618));
#6637 = LINE('',#6638,#6639);
#6638 = CARTESIAN_POINT('',(4.62499975,1.749167227259,-3.128782306618));
#6639 = VECTOR('',#6640,1.);
#6640 = DIRECTION('',(5.476786982643E-17,0.4472135955,-0.894427191));
#6641 = ORIENTED_EDGE('',*,*,#6642,.T.);
#6642 = EDGE_CURVE('',#6635,#6643,#6645,.T.);
#6643 = VERTEX_POINT('',#6644);
#6644 = CARTESIAN_POINT('',(4.62499975,2.089167227259,-3.428782306618));
#6645 = LINE('',#6646,#6647);
#6646 = CARTESIAN_POINT('',(4.62499975,1.899167227259,-3.428782306618));
#6647 = VECTOR('',#6648,1.);
#6648 = DIRECTION('',(1.224646799147E-16,1.,1.224646799147E-16));
#6649 = ORIENTED_EDGE('',*,*,#6650,.T.);
#6650 = EDGE_CURVE('',#6643,#6651,#6653,.T.);
#6651 = VERTEX_POINT('',#6652);
#6652 = CARTESIAN_POINT('',(4.62499975,2.249167227259,-3.128782306618));
#6653 = LINE('',#6654,#6655);
#6654 = CARTESIAN_POINT('',(4.62499975,2.089167227259,-3.428782306618));
#6655 = VECTOR('',#6656,1.);
#6656 = DIRECTION('',(5.763043760693E-17,0.470588235294,0.882352941176)
  );
#6657 = ORIENTED_EDGE('',*,*,#6658,.T.);
#6658 = EDGE_CURVE('',#6651,#607,#6659,.T.);
#6659 = LINE('',#6660,#6661);
#6660 = CARTESIAN_POINT('',(4.62499975,2.249167227259,-3.128782306618));
#6661 = VECTOR('',#6662,1.);
#6662 = DIRECTION('',(-1.499759782662E-32,-1.224646799147E-16,1.));
#6663 = ORIENTED_EDGE('',*,*,#606,.F.);
#6664 = PLANE('',#6665);
#6665 = AXIS2_PLACEMENT_3D('',#6666,#6667,#6668);
#6666 = CARTESIAN_POINT('',(4.62499975,2.514167227259,4.741217693382));
#6667 = DIRECTION('',(1.,-1.224646799147E-16,0.));
#6668 = DIRECTION('',(1.499759782662E-32,1.224646799147E-16,-1.));
#6669 = ADVANCED_FACE('',(#6670),#6681,.T.);
#6670 = FACE_BOUND('',#6671,.T.);
#6671 = EDGE_LOOP('',(#6672,#6673,#6674,#6680));
#6672 = ORIENTED_EDGE('',*,*,#1173,.T.);
#6673 = ORIENTED_EDGE('',*,*,#6543,.F.);
#6674 = ORIENTED_EDGE('',*,*,#6675,.F.);
#6675 = EDGE_CURVE('',#6366,#6535,#6676,.T.);
#6676 = LINE('',#6677,#6678);
#6677 = CARTESIAN_POINT('',(4.37499975,1.431027864408,4.467679270219));
#6678 = VECTOR('',#6679,1.);
#6679 = DIRECTION('',(1.,-1.224646799147E-16,0.));
#6680 = ORIENTED_EDGE('',*,*,#6365,.T.);
#6681 = PLANE('',#6682);
#6682 = AXIS2_PLACEMENT_3D('',#6683,#6684,#6685);
#6683 = CARTESIAN_POINT('',(4.37499975,1.431027864408,4.467679270219));
#6684 = DIRECTION('',(-1.17889950941E-16,-0.962644503077,-0.27076846326)
  );
#6685 = DIRECTION('',(1.,-1.224646799147E-16,0.));
#6686 = ADVANCED_FACE('',(#6687),#6693,.T.);
#6687 = FACE_BOUND('',#6688,.T.);
#6688 = EDGE_LOOP('',(#6689,#6690,#6691,#6692));
#6689 = ORIENTED_EDGE('',*,*,#6675,.T.);
#6690 = ORIENTED_EDGE('',*,*,#6534,.F.);
#6691 = ORIENTED_EDGE('',*,*,#6510,.F.);
#6692 = ORIENTED_EDGE('',*,*,#6373,.T.);
#6693 = CYLINDRICAL_SURFACE('',#6694,5.E-02);
#6694 = AXIS2_PLACEMENT_3D('',#6695,#6696,#6697);
#6695 = CARTESIAN_POINT('',(4.37499975,1.479160089562,4.481217693382));
#6696 = DIRECTION('',(-1.,1.224646799147E-16,0.));
#6697 = DIRECTION('',(1.499759782662E-32,1.224646799147E-16,-1.));
#6698 = ADVANCED_FACE('',(#6699),#6710,.T.);
#6699 = FACE_BOUND('',#6700,.T.);
#6700 = EDGE_LOOP('',(#6701,#6707,#6708,#6709));
#6701 = ORIENTED_EDGE('',*,*,#6702,.T.);
#6702 = EDGE_CURVE('',#6442,#6560,#6703,.T.);
#6703 = LINE('',#6704,#6705);
#6704 = CARTESIAN_POINT('',(4.37499975,1.379167227259,2.581217693382));
#6705 = VECTOR('',#6706,1.);
#6706 = DIRECTION('',(1.,-1.224646799147E-16,0.));
#6707 = ORIENTED_EDGE('',*,*,#6612,.F.);
#6708 = ORIENTED_EDGE('',*,*,#3326,.F.);
#6709 = ORIENTED_EDGE('',*,*,#6449,.T.);
#6710 = PLANE('',#6711);
#6711 = AXIS2_PLACEMENT_3D('',#6712,#6713,#6714);
#6712 = CARTESIAN_POINT('',(4.37499975,1.379167227259,2.001217693382));
#6713 = DIRECTION('',(1.224646799147E-16,1.,1.224646799147E-16));
#6714 = DIRECTION('',(-1.,1.224646799147E-16,0.));
#6715 = ADVANCED_FACE('',(#6716),#6727,.T.);
#6716 = FACE_BOUND('',#6717,.T.);
#6717 = EDGE_LOOP('',(#6718,#6724,#6725,#6726));
#6718 = ORIENTED_EDGE('',*,*,#6719,.T.);
#6719 = EDGE_CURVE('',#6434,#6562,#6720,.T.);
#6720 = LINE('',#6721,#6722);
#6721 = CARTESIAN_POINT('',(4.37499975,0.449167227259,2.581217693382));
#6722 = VECTOR('',#6723,1.);
#6723 = DIRECTION('',(1.,-1.224646799147E-16,0.));
#6724 = ORIENTED_EDGE('',*,*,#6559,.F.);
#6725 = ORIENTED_EDGE('',*,*,#6702,.F.);
#6726 = ORIENTED_EDGE('',*,*,#6441,.T.);
#6727 = PLANE('',#6728);
#6728 = AXIS2_PLACEMENT_3D('',#6729,#6730,#6731);
#6729 = CARTESIAN_POINT('',(4.37499975,1.379167227259,2.581217693382));
#6730 = DIRECTION('',(-1.499759782662E-32,-1.224646799147E-16,1.));
#6731 = DIRECTION('',(-1.224646799147E-16,-1.,-1.224646799147E-16));
#6732 = ADVANCED_FACE('',(#6733),#6744,.T.);
#6733 = FACE_BOUND('',#6734,.T.);
#6734 = EDGE_LOOP('',(#6735,#6741,#6742,#6743));
#6735 = ORIENTED_EDGE('',*,*,#6736,.T.);
#6736 = EDGE_CURVE('',#6426,#6570,#6737,.T.);
#6737 = LINE('',#6738,#6739);
#6738 = CARTESIAN_POINT('',(4.37499975,0.449167227259,3.881217693382));
#6739 = VECTOR('',#6740,1.);
#6740 = DIRECTION('',(1.,-1.224646799147E-16,0.));
#6741 = ORIENTED_EDGE('',*,*,#6569,.F.);
#6742 = ORIENTED_EDGE('',*,*,#6719,.F.);
#6743 = ORIENTED_EDGE('',*,*,#6433,.T.);
#6744 = PLANE('',#6745);
#6745 = AXIS2_PLACEMENT_3D('',#6746,#6747,#6748);
#6746 = CARTESIAN_POINT('',(4.37499975,0.449167227259,2.581217693382));
#6747 = DIRECTION('',(1.224646799147E-16,1.,1.224646799147E-16));
#6748 = DIRECTION('',(-1.,1.224646799147E-16,0.));
#6749 = ADVANCED_FACE('',(#6750),#6761,.T.);
#6750 = FACE_BOUND('',#6751,.T.);
#6751 = EDGE_LOOP('',(#6752,#6758,#6759,#6760));
#6752 = ORIENTED_EDGE('',*,*,#6753,.T.);
#6753 = EDGE_CURVE('',#6417,#6578,#6754,.T.);
#6754 = LINE('',#6755,#6756);
#6755 = CARTESIAN_POINT('',(4.37499975,0.604111262246,4.199322669419));
#6756 = VECTOR('',#6757,1.);
#6757 = DIRECTION('',(1.,-1.224646799147E-16,0.));
#6758 = ORIENTED_EDGE('',*,*,#6577,.F.);
#6759 = ORIENTED_EDGE('',*,*,#6736,.F.);
#6760 = ORIENTED_EDGE('',*,*,#6425,.T.);
#6761 = PLANE('',#6762);
#6762 = AXIS2_PLACEMENT_3D('',#6763,#6764,#6765);
#6763 = CARTESIAN_POINT('',(4.37499975,0.449167227259,3.881217693382));
#6764 = DIRECTION('',(1.100986194907E-16,0.89902345368,-0.437900479257)
  );
#6765 = DIRECTION('',(-1.,1.224646799147E-16,0.));
#6766 = ADVANCED_FACE('',(#6767),#6778,.T.);
#6767 = FACE_BOUND('',#6768,.T.);
#6768 = EDGE_LOOP('',(#6769,#6775,#6776,#6777));
#6769 = ORIENTED_EDGE('',*,*,#6770,.T.);
#6770 = EDGE_CURVE('',#6409,#6586,#6771,.T.);
#6771 = LINE('',#6772,#6773);
#6772 = CARTESIAN_POINT('',(4.37499975,0.607292314716,4.234756116545));
#6773 = VECTOR('',#6774,1.);
#6774 = DIRECTION('',(1.,-1.224646799147E-16,0.));
#6775 = ORIENTED_EDGE('',*,*,#6585,.F.);
#6776 = ORIENTED_EDGE('',*,*,#6753,.F.);
#6777 = ORIENTED_EDGE('',*,*,#6416,.T.);
#6778 = CYLINDRICAL_SURFACE('',#6779,5.E-02);
#6779 = AXIS2_PLACEMENT_3D('',#6780,#6781,#6782);
#6780 = CARTESIAN_POINT('',(4.37499975,0.559160089562,4.221217693382));
#6781 = DIRECTION('',(-1.,1.224646799147E-16,0.));
#6782 = DIRECTION('',(1.499759782662E-32,1.224646799147E-16,-1.));
#6783 = ADVANCED_FACE('',(#6784),#6795,.T.);
#6784 = FACE_BOUND('',#6785,.T.);
#6785 = EDGE_LOOP('',(#6786,#6792,#6793,#6794));
#6786 = ORIENTED_EDGE('',*,*,#6787,.T.);
#6787 = EDGE_CURVE('',#6400,#6595,#6788,.T.);
#6788 = LINE('',#6789,#6790);
#6789 = CARTESIAN_POINT('',(4.37499975,0.399970541884,4.971832962871));
#6790 = VECTOR('',#6791,1.);
#6791 = DIRECTION('',(1.,-1.224646799147E-16,0.));
#6792 = ORIENTED_EDGE('',*,*,#6594,.F.);
#6793 = ORIENTED_EDGE('',*,*,#6770,.F.);
#6794 = ORIENTED_EDGE('',*,*,#6408,.T.);
#6795 = PLANE('',#6796);
#6796 = AXIS2_PLACEMENT_3D('',#6797,#6798,#6799);
#6797 = CARTESIAN_POINT('',(4.37499975,0.607292314716,4.234756116545));
#6798 = DIRECTION('',(1.17889950941E-16,0.962644503077,0.27076846326));
#6799 = DIRECTION('',(1.,-1.224646799147E-16,0.));
#6800 = ADVANCED_FACE('',(#6801),#6807,.T.);
#6801 = FACE_BOUND('',#6802,.T.);
#6802 = EDGE_LOOP('',(#6803,#6804,#6805,#6806));
#6803 = ORIENTED_EDGE('',*,*,#2452,.T.);
#6804 = ORIENTED_EDGE('',*,*,#6602,.F.);
#6805 = ORIENTED_EDGE('',*,*,#6787,.F.);
#6806 = ORIENTED_EDGE('',*,*,#6399,.T.);
#6807 = CYLINDRICAL_SURFACE('',#6808,0.15);
#6808 = AXIS2_PLACEMENT_3D('',#6809,#6810,#6811);
#6809 = CARTESIAN_POINT('',(4.37499975,0.255573866423,4.931217693382));
#6810 = DIRECTION('',(-1.,1.224646799147E-16,0.));
#6811 = DIRECTION('',(1.499759782662E-32,1.224646799147E-16,-1.));
#6812 = ADVANCED_FACE('',(#6813),#6824,.T.);
#6813 = FACE_BOUND('',#6814,.T.);
#6814 = EDGE_LOOP('',(#6815,#6816,#6822,#6823));
#6815 = ORIENTED_EDGE('',*,*,#6658,.F.);
#6816 = ORIENTED_EDGE('',*,*,#6817,.F.);
#6817 = EDGE_CURVE('',#6464,#6651,#6818,.T.);
#6818 = LINE('',#6819,#6820);
#6819 = CARTESIAN_POINT('',(4.37499975,2.249167227259,-3.128782306618));
#6820 = VECTOR('',#6821,1.);
#6821 = DIRECTION('',(1.,-1.224646799147E-16,0.));
#6822 = ORIENTED_EDGE('',*,*,#6463,.T.);
#6823 = ORIENTED_EDGE('',*,*,#614,.T.);
#6824 = PLANE('',#6825);
#6825 = AXIS2_PLACEMENT_3D('',#6826,#6827,#6828);
#6826 = CARTESIAN_POINT('',(4.37499975,2.249167227259,-3.128782306618));
#6827 = DIRECTION('',(1.224646799147E-16,1.,1.224646799147E-16));
#6828 = DIRECTION('',(-1.,1.224646799147E-16,0.));
#6829 = ADVANCED_FACE('',(#6830),#6841,.T.);
#6830 = FACE_BOUND('',#6831,.T.);
#6831 = EDGE_LOOP('',(#6832,#6833,#6834,#6840));
#6832 = ORIENTED_EDGE('',*,*,#6817,.T.);
#6833 = ORIENTED_EDGE('',*,*,#6650,.F.);
#6834 = ORIENTED_EDGE('',*,*,#6835,.F.);
#6835 = EDGE_CURVE('',#6472,#6643,#6836,.T.);
#6836 = LINE('',#6837,#6838);
#6837 = CARTESIAN_POINT('',(4.37499975,2.089167227259,-3.428782306618));
#6838 = VECTOR('',#6839,1.);
#6839 = DIRECTION('',(1.,-1.224646799147E-16,0.));
#6840 = ORIENTED_EDGE('',*,*,#6471,.T.);
#6841 = PLANE('',#6842);
#6842 = AXIS2_PLACEMENT_3D('',#6843,#6844,#6845);
#6843 = CARTESIAN_POINT('',(4.37499975,2.089167227259,-3.428782306618));
#6844 = DIRECTION('',(1.08057070513E-16,0.882352941176,-0.470588235294)
  );
#6845 = DIRECTION('',(-1.,1.224646799147E-16,0.));
#6846 = ADVANCED_FACE('',(#6847),#6858,.T.);
#6847 = FACE_BOUND('',#6848,.T.);
#6848 = EDGE_LOOP('',(#6849,#6850,#6851,#6857));
#6849 = ORIENTED_EDGE('',*,*,#6835,.T.);
#6850 = ORIENTED_EDGE('',*,*,#6642,.F.);
#6851 = ORIENTED_EDGE('',*,*,#6852,.F.);
#6852 = EDGE_CURVE('',#6480,#6635,#6853,.T.);
#6853 = LINE('',#6854,#6855);
#6854 = CARTESIAN_POINT('',(4.37499975,1.899167227259,-3.428782306618));
#6855 = VECTOR('',#6856,1.);
#6856 = DIRECTION('',(1.,-1.224646799147E-16,0.));
#6857 = ORIENTED_EDGE('',*,*,#6479,.T.);
#6858 = PLANE('',#6859);
#6859 = AXIS2_PLACEMENT_3D('',#6860,#6861,#6862);
#6860 = CARTESIAN_POINT('',(4.37499975,1.899167227259,-3.428782306618));
#6861 = DIRECTION('',(1.499759782662E-32,1.224646799147E-16,-1.));
#6862 = DIRECTION('',(-1.,1.224646799147E-16,0.));
#6863 = ADVANCED_FACE('',(#6864),#6875,.T.);
#6864 = FACE_BOUND('',#6865,.T.);
#6865 = EDGE_LOOP('',(#6866,#6867,#6868,#6874));
#6866 = ORIENTED_EDGE('',*,*,#6852,.T.);
#6867 = ORIENTED_EDGE('',*,*,#6634,.F.);
#6868 = ORIENTED_EDGE('',*,*,#6869,.F.);
#6869 = EDGE_CURVE('',#6488,#6627,#6870,.T.);
#6870 = LINE('',#6871,#6872);
#6871 = CARTESIAN_POINT('',(4.37499975,1.749167227259,-3.128782306618));
#6872 = VECTOR('',#6873,1.);
#6873 = DIRECTION('',(1.,-1.224646799147E-16,0.));
#6874 = ORIENTED_EDGE('',*,*,#6487,.T.);
#6875 = PLANE('',#6876);
#6876 = AXIS2_PLACEMENT_3D('',#6877,#6878,#6879);
#6877 = CARTESIAN_POINT('',(4.37499975,1.749167227259,-3.128782306618));
#6878 = DIRECTION('',(-1.095357396528E-16,-0.894427191,-0.4472135955));
#6879 = DIRECTION('',(1.,-1.224646799147E-16,0.));
#6880 = ADVANCED_FACE('',(#6881),#6887,.T.);
#6881 = FACE_BOUND('',#6882,.T.);
#6882 = EDGE_LOOP('',(#6883,#6884,#6885,#6886));
#6883 = ORIENTED_EDGE('',*,*,#6495,.T.);
#6884 = ORIENTED_EDGE('',*,*,#6869,.T.);
#6885 = ORIENTED_EDGE('',*,*,#6626,.F.);
#6886 = ORIENTED_EDGE('',*,*,#596,.F.);
#6887 = PLANE('',#6888);
#6888 = AXIS2_PLACEMENT_3D('',#6889,#6890,#6891);
#6889 = CARTESIAN_POINT('',(4.37499975,1.749167227259,
    -1.878230661791E-02));
#6890 = DIRECTION('',(-1.224646799147E-16,-1.,-1.224646799147E-16));
#6891 = DIRECTION('',(-1.499759782662E-32,-1.224646799147E-16,1.));
#6892 = ADVANCED_FACE('',(#6893),#6934,.F.);
#6893 = FACE_BOUND('',#6894,.T.);
#6894 = EDGE_LOOP('',(#6895,#6896,#6904,#6912,#6920,#6928));
#6895 = ORIENTED_EDGE('',*,*,#520,.T.);
#6896 = ORIENTED_EDGE('',*,*,#6897,.F.);
#6897 = EDGE_CURVE('',#6898,#513,#6900,.T.);
#6898 = VERTEX_POINT('',#6899);
#6899 = CARTESIAN_POINT('',(5.87499975,0.219167227259,-3.128782306618));
#6900 = LINE('',#6901,#6902);
#6901 = CARTESIAN_POINT('',(5.87499975,0.219167227259,-3.128782306618));
#6902 = VECTOR('',#6903,1.);
#6903 = DIRECTION('',(-1.499759782662E-32,-1.224646799147E-16,1.));
#6904 = ORIENTED_EDGE('',*,*,#6905,.F.);
#6905 = EDGE_CURVE('',#6906,#6898,#6908,.T.);
#6906 = VERTEX_POINT('',#6907);
#6907 = CARTESIAN_POINT('',(5.87499975,6.916722725872E-02,
    -3.428782306618));
#6908 = LINE('',#6909,#6910);
#6909 = CARTESIAN_POINT('',(5.87499975,6.916722725872E-02,
    -3.428782306618));
#6910 = VECTOR('',#6911,1.);
#6911 = DIRECTION('',(5.476786982643E-17,0.4472135955,0.894427191));
#6912 = ORIENTED_EDGE('',*,*,#6913,.F.);
#6913 = EDGE_CURVE('',#6914,#6906,#6916,.T.);
#6914 = VERTEX_POINT('',#6915);
#6915 = CARTESIAN_POINT('',(5.87499975,-8.083277274128E-02,
    -3.428782306618));
#6916 = LINE('',#6917,#6918);
#6917 = CARTESIAN_POINT('',(5.87499975,-8.083277274128E-02,
    -3.428782306618));
#6918 = VECTOR('',#6919,1.);
#6919 = DIRECTION('',(1.224646799147E-16,1.,1.224646799147E-16));
#6920 = ORIENTED_EDGE('',*,*,#6921,.F.);
#6921 = EDGE_CURVE('',#6922,#6914,#6924,.T.);
#6922 = VERTEX_POINT('',#6923);
#6923 = CARTESIAN_POINT('',(5.87499975,-0.230832772741,-3.028782306618)
  );
#6924 = LINE('',#6925,#6926);
#6925 = CARTESIAN_POINT('',(5.87499975,-0.230832772741,-3.028782306618)
  );
#6926 = VECTOR('',#6927,1.);
#6927 = DIRECTION('',(4.300021988469E-17,0.351123441588,-0.936329177569)
  );
#6928 = ORIENTED_EDGE('',*,*,#6929,.F.);
#6929 = EDGE_CURVE('',#495,#6922,#6930,.T.);
#6930 = LINE('',#6931,#6932);
#6931 = CARTESIAN_POINT('',(5.87499975,-0.250832772741,
    -2.878230661791E-02));
#6932 = VECTOR('',#6933,1.);
#6933 = DIRECTION('',(8.164130571207E-19,6.666518523456E-03,
    -0.999977778518));
#6934 = PLANE('',#6935);
#6935 = AXIS2_PLACEMENT_3D('',#6936,#6937,#6938);
#6936 = CARTESIAN_POINT('',(5.87499975,2.514167227259,4.741217693382));
#6937 = DIRECTION('',(1.,-1.224646799147E-16,0.));
#6938 = DIRECTION('',(1.499759782662E-32,1.224646799147E-16,-1.));
#6939 = ADVANCED_FACE('',(#6940),#7001,.F.);
#6940 = FACE_BOUND('',#6941,.T.);
#6941 = EDGE_LOOP('',(#6942,#6951,#6959,#6968,#6976,#6984,#6992,#6998,
    #6999,#7000));
#6942 = ORIENTED_EDGE('',*,*,#6943,.F.);
#6943 = EDGE_CURVE('',#6944,#2421,#6946,.T.);
#6944 = VERTEX_POINT('',#6945);
#6945 = CARTESIAN_POINT('',(5.87499975,0.399970541884,4.971832962871));
#6946 = CIRCLE('',#6947,0.15);
#6947 = AXIS2_PLACEMENT_3D('',#6948,#6949,#6950);
#6948 = CARTESIAN_POINT('',(5.87499975,0.255573866423,4.931217693382));
#6949 = DIRECTION('',(1.,-1.224646799147E-16,0.));
#6950 = DIRECTION('',(1.17889950941E-16,0.962644503077,0.27076846326));
#6951 = ORIENTED_EDGE('',*,*,#6952,.F.);
#6952 = EDGE_CURVE('',#6953,#6944,#6955,.T.);
#6953 = VERTEX_POINT('',#6954);
#6954 = CARTESIAN_POINT('',(5.87499975,0.607292314716,4.234756116545));
#6955 = LINE('',#6956,#6957);
#6956 = CARTESIAN_POINT('',(5.87499975,0.607292314716,4.234756116545));
#6957 = VECTOR('',#6958,1.);
#6958 = DIRECTION('',(-3.315957318415E-17,-0.27076846326,0.962644503077)
  );
#6959 = ORIENTED_EDGE('',*,*,#6960,.F.);
#6960 = EDGE_CURVE('',#6961,#6953,#6963,.T.);
#6961 = VERTEX_POINT('',#6962);
#6962 = CARTESIAN_POINT('',(5.87499975,0.604111262246,4.199322669419));
#6963 = CIRCLE('',#6964,5.E-02);
#6964 = AXIS2_PLACEMENT_3D('',#6965,#6966,#6967);
#6965 = CARTESIAN_POINT('',(5.87499975,0.559160089562,4.221217693382));
#6966 = DIRECTION('',(1.,-1.224646799147E-16,6.162975822039E-33));
#6967 = DIRECTION('',(1.100986194907E-16,0.89902345368,-0.437900479257)
  );
#6968 = ORIENTED_EDGE('',*,*,#6969,.F.);
#6969 = EDGE_CURVE('',#6970,#6961,#6972,.T.);
#6970 = VERTEX_POINT('',#6971);
#6971 = CARTESIAN_POINT('',(5.87499975,0.449167227259,3.881217693382));
#6972 = LINE('',#6973,#6974);
#6973 = CARTESIAN_POINT('',(5.87499975,0.449167227259,3.881217693382));
#6974 = VECTOR('',#6975,1.);
#6975 = DIRECTION('',(5.362734202678E-17,0.437900479257,0.89902345368));
#6976 = ORIENTED_EDGE('',*,*,#6977,.F.);
#6977 = EDGE_CURVE('',#6978,#6970,#6980,.T.);
#6978 = VERTEX_POINT('',#6979);
#6979 = CARTESIAN_POINT('',(5.87499975,0.449167227259,2.581217693382));
#6980 = LINE('',#6981,#6982);
#6981 = CARTESIAN_POINT('',(5.87499975,0.449167227259,2.581217693382));
#6982 = VECTOR('',#6983,1.);
#6983 = DIRECTION('',(-1.499759782662E-32,-1.224646799147E-16,1.));
#6984 = ORIENTED_EDGE('',*,*,#6985,.F.);
#6985 = EDGE_CURVE('',#6986,#6978,#6988,.T.);
#6986 = VERTEX_POINT('',#6987);
#6987 = CARTESIAN_POINT('',(5.87499975,1.379167227259,2.581217693382));
#6988 = LINE('',#6989,#6990);
#6989 = CARTESIAN_POINT('',(5.87499975,1.379167227259,2.581217693382));
#6990 = VECTOR('',#6991,1.);
#6991 = DIRECTION('',(-1.224646799147E-16,-1.,-1.224646799147E-16));
#6992 = ORIENTED_EDGE('',*,*,#6993,.F.);
#6993 = EDGE_CURVE('',#3351,#6986,#6994,.T.);
#6994 = LINE('',#6995,#6996);
#6995 = CARTESIAN_POINT('',(5.87499975,1.379167227259,2.471217693382));
#6996 = VECTOR('',#6997,1.);
#6997 = DIRECTION('',(-1.499759782662E-32,-1.224646799147E-16,1.));
#6998 = ORIENTED_EDGE('',*,*,#3350,.F.);
#6999 = ORIENTED_EDGE('',*,*,#3532,.F.);
#7000 = ORIENTED_EDGE('',*,*,#2428,.T.);
#7001 = PLANE('',#7002);
#7002 = AXIS2_PLACEMENT_3D('',#7003,#7004,#7005);
#7003 = CARTESIAN_POINT('',(5.87499975,2.514167227259,4.741217693382));
#7004 = DIRECTION('',(1.,-1.224646799147E-16,0.));
#7005 = DIRECTION('',(1.499759782662E-32,1.224646799147E-16,-1.));
#7006 = ADVANCED_FACE('',(#7007),#7033,.F.);
#7007 = FACE_BOUND('',#7008,.T.);
#7008 = EDGE_LOOP('',(#7009,#7017,#7026,#7032));
#7009 = ORIENTED_EDGE('',*,*,#7010,.F.);
#7010 = EDGE_CURVE('',#7011,#1072,#7013,.T.);
#7011 = VERTEX_POINT('',#7012);
#7012 = CARTESIAN_POINT('',(5.87499975,1.431027864408,4.467679270219));
#7013 = LINE('',#7014,#7015);
#7014 = CARTESIAN_POINT('',(5.87499975,1.431027864408,4.467679270219));
#7015 = VECTOR('',#7016,1.);
#7016 = DIRECTION('',(3.315957318415E-17,0.27076846326,-0.962644503077)
  );
#7017 = ORIENTED_EDGE('',*,*,#7018,.F.);
#7018 = EDGE_CURVE('',#7019,#7011,#7021,.T.);
#7019 = VERTEX_POINT('',#7020);
#7020 = CARTESIAN_POINT('',(5.87499975,1.434208916878,4.503112717345));
#7021 = CIRCLE('',#7022,5.E-02);
#7022 = AXIS2_PLACEMENT_3D('',#7023,#7024,#7025);
#7023 = CARTESIAN_POINT('',(5.87499975,1.479160089562,4.481217693382));
#7024 = DIRECTION('',(1.,-1.224646799147E-16,6.162975822039E-33));
#7025 = DIRECTION('',(-1.100986194907E-16,-0.89902345368,0.437900479257)
  );
#7026 = ORIENTED_EDGE('',*,*,#7027,.F.);
#7027 = EDGE_CURVE('',#1054,#7019,#7028,.T.);
#7028 = LINE('',#7029,#7030);
#7029 = CARTESIAN_POINT('',(5.87499975,1.649167227259,4.944428887914));
#7030 = VECTOR('',#7031,1.);
#7031 = DIRECTION('',(-5.362734202678E-17,-0.437900479257,-0.89902345368
    ));
#7032 = ORIENTED_EDGE('',*,*,#1079,.F.);
#7033 = PLANE('',#7034);
#7034 = AXIS2_PLACEMENT_3D('',#7035,#7036,#7037);
#7035 = CARTESIAN_POINT('',(5.87499975,2.514167227259,4.741217693382));
#7036 = DIRECTION('',(1.,-1.224646799147E-16,0.));
#7037 = DIRECTION('',(1.499759782662E-32,1.224646799147E-16,-1.));
#7038 = ADVANCED_FACE('',(#7039),#7057,.T.);
#7039 = FACE_BOUND('',#7040,.T.);
#7040 = EDGE_LOOP('',(#7041,#7049,#7055,#7056));
#7041 = ORIENTED_EDGE('',*,*,#7042,.T.);
#7042 = EDGE_CURVE('',#6922,#7043,#7045,.T.);
#7043 = VERTEX_POINT('',#7044);
#7044 = CARTESIAN_POINT('',(6.12499975,-0.230832772741,-3.028782306618)
  );
#7045 = LINE('',#7046,#7047);
#7046 = CARTESIAN_POINT('',(5.87499975,-0.230832772741,-3.028782306618)
  );
#7047 = VECTOR('',#7048,1.);
#7048 = DIRECTION('',(1.,-1.224646799147E-16,0.));
#7049 = ORIENTED_EDGE('',*,*,#7050,.F.);
#7050 = EDGE_CURVE('',#497,#7043,#7051,.T.);
#7051 = LINE('',#7052,#7053);
#7052 = CARTESIAN_POINT('',(6.12499975,-0.250832772741,
    -2.878230661791E-02));
#7053 = VECTOR('',#7054,1.);
#7054 = DIRECTION('',(8.164130571207E-19,6.666518523456E-03,
    -0.999977778518));
#7055 = ORIENTED_EDGE('',*,*,#494,.F.);
#7056 = ORIENTED_EDGE('',*,*,#6929,.T.);
#7057 = PLANE('',#7058);
#7058 = AXIS2_PLACEMENT_3D('',#7059,#7060,#7061);
#7059 = CARTESIAN_POINT('',(5.87499975,-0.250832772741,
    -2.878230661791E-02));
#7060 = DIRECTION('',(-1.224619585681E-16,-0.999977778518,
    -6.666518523457E-03));
#7061 = DIRECTION('',(1.,-1.224646799147E-16,0.));
#7062 = ADVANCED_FACE('',(#7063),#7097,.T.);
#7063 = FACE_BOUND('',#7064,.T.);
#7064 = EDGE_LOOP('',(#7065,#7073,#7081,#7089,#7095,#7096));
#7065 = ORIENTED_EDGE('',*,*,#7066,.T.);
#7066 = EDGE_CURVE('',#7043,#7067,#7069,.T.);
#7067 = VERTEX_POINT('',#7068);
#7068 = CARTESIAN_POINT('',(6.12499975,-8.083277274128E-02,
    -3.428782306618));
#7069 = LINE('',#7070,#7071);
#7070 = CARTESIAN_POINT('',(6.12499975,-0.230832772741,-3.028782306618)
  );
#7071 = VECTOR('',#7072,1.);
#7072 = DIRECTION('',(4.300021988469E-17,0.351123441588,-0.936329177569)
  );
#7073 = ORIENTED_EDGE('',*,*,#7074,.T.);
#7074 = EDGE_CURVE('',#7067,#7075,#7077,.T.);
#7075 = VERTEX_POINT('',#7076);
#7076 = CARTESIAN_POINT('',(6.12499975,6.916722725872E-02,
    -3.428782306618));
#7077 = LINE('',#7078,#7079);
#7078 = CARTESIAN_POINT('',(6.12499975,-8.083277274128E-02,
    -3.428782306618));
#7079 = VECTOR('',#7080,1.);
#7080 = DIRECTION('',(1.224646799147E-16,1.,1.224646799147E-16));
#7081 = ORIENTED_EDGE('',*,*,#7082,.T.);
#7082 = EDGE_CURVE('',#7075,#7083,#7085,.T.);
#7083 = VERTEX_POINT('',#7084);
#7084 = CARTESIAN_POINT('',(6.12499975,0.219167227259,-3.128782306618));
#7085 = LINE('',#7086,#7087);
#7086 = CARTESIAN_POINT('',(6.12499975,6.916722725872E-02,
    -3.428782306618));
#7087 = VECTOR('',#7088,1.);
#7088 = DIRECTION('',(5.476786982643E-17,0.4472135955,0.894427191));
#7089 = ORIENTED_EDGE('',*,*,#7090,.T.);
#7090 = EDGE_CURVE('',#7083,#505,#7091,.T.);
#7091 = LINE('',#7092,#7093);
#7092 = CARTESIAN_POINT('',(6.12499975,0.219167227259,-3.128782306618));
#7093 = VECTOR('',#7094,1.);
#7094 = DIRECTION('',(-1.499759782662E-32,-1.224646799147E-16,1.));
#7095 = ORIENTED_EDGE('',*,*,#504,.F.);
#7096 = ORIENTED_EDGE('',*,*,#7050,.T.);
#7097 = PLANE('',#7098);
#7098 = AXIS2_PLACEMENT_3D('',#7099,#7100,#7101);
#7099 = CARTESIAN_POINT('',(6.12499975,2.514167227259,4.741217693382));
#7100 = DIRECTION('',(1.,-1.224646799147E-16,0.));
#7101 = DIRECTION('',(1.499759782662E-32,1.224646799147E-16,-1.));
#7102 = ADVANCED_FACE('',(#7103),#7164,.T.);
#7103 = FACE_BOUND('',#7104,.T.);
#7104 = EDGE_LOOP('',(#7105,#7106,#7107,#7115,#7123,#7131,#7139,#7148,
    #7156,#7163));
#7105 = ORIENTED_EDGE('',*,*,#3554,.T.);
#7106 = ORIENTED_EDGE('',*,*,#3366,.T.);
#7107 = ORIENTED_EDGE('',*,*,#7108,.T.);
#7108 = EDGE_CURVE('',#3359,#7109,#7111,.T.);
#7109 = VERTEX_POINT('',#7110);
#7110 = CARTESIAN_POINT('',(6.12499975,1.379167227259,2.581217693382));
#7111 = LINE('',#7112,#7113);
#7112 = CARTESIAN_POINT('',(6.12499975,1.379167227259,2.471217693382));
#7113 = VECTOR('',#7114,1.);
#7114 = DIRECTION('',(-1.499759782662E-32,-1.224646799147E-16,1.));
#7115 = ORIENTED_EDGE('',*,*,#7116,.T.);
#7116 = EDGE_CURVE('',#7109,#7117,#7119,.T.);
#7117 = VERTEX_POINT('',#7118);
#7118 = CARTESIAN_POINT('',(6.12499975,0.449167227259,2.581217693382));
#7119 = LINE('',#7120,#7121);
#7120 = CARTESIAN_POINT('',(6.12499975,1.379167227259,2.581217693382));
#7121 = VECTOR('',#7122,1.);
#7122 = DIRECTION('',(-1.224646799147E-16,-1.,-1.224646799147E-16));
#7123 = ORIENTED_EDGE('',*,*,#7124,.T.);
#7124 = EDGE_CURVE('',#7117,#7125,#7127,.T.);
#7125 = VERTEX_POINT('',#7126);
#7126 = CARTESIAN_POINT('',(6.12499975,0.449167227259,3.881217693382));
#7127 = LINE('',#7128,#7129);
#7128 = CARTESIAN_POINT('',(6.12499975,0.449167227259,2.581217693382));
#7129 = VECTOR('',#7130,1.);
#7130 = DIRECTION('',(-1.499759782662E-32,-1.224646799147E-16,1.));
#7131 = ORIENTED_EDGE('',*,*,#7132,.T.);
#7132 = EDGE_CURVE('',#7125,#7133,#7135,.T.);
#7133 = VERTEX_POINT('',#7134);
#7134 = CARTESIAN_POINT('',(6.12499975,0.604111262246,4.199322669419));
#7135 = LINE('',#7136,#7137);
#7136 = CARTESIAN_POINT('',(6.12499975,0.449167227259,3.881217693382));
#7137 = VECTOR('',#7138,1.);
#7138 = DIRECTION('',(5.362734202678E-17,0.437900479257,0.89902345368));
#7139 = ORIENTED_EDGE('',*,*,#7140,.T.);
#7140 = EDGE_CURVE('',#7133,#7141,#7143,.T.);
#7141 = VERTEX_POINT('',#7142);
#7142 = CARTESIAN_POINT('',(6.12499975,0.607292314716,4.234756116545));
#7143 = CIRCLE('',#7144,5.E-02);
#7144 = AXIS2_PLACEMENT_3D('',#7145,#7146,#7147);
#7145 = CARTESIAN_POINT('',(6.12499975,0.559160089562,4.221217693382));
#7146 = DIRECTION('',(1.,-1.224646799147E-16,6.162975822039E-33));
#7147 = DIRECTION('',(1.100986194907E-16,0.89902345368,-0.437900479257)
  );
#7148 = ORIENTED_EDGE('',*,*,#7149,.T.);
#7149 = EDGE_CURVE('',#7141,#7150,#7152,.T.);
#7150 = VERTEX_POINT('',#7151);
#7151 = CARTESIAN_POINT('',(6.12499975,0.399970541884,4.971832962871));
#7152 = LINE('',#7153,#7154);
#7153 = CARTESIAN_POINT('',(6.12499975,0.607292314716,4.234756116545));
#7154 = VECTOR('',#7155,1.);
#7155 = DIRECTION('',(-3.315957318415E-17,-0.27076846326,0.962644503077)
  );
#7156 = ORIENTED_EDGE('',*,*,#7157,.T.);
#7157 = EDGE_CURVE('',#7150,#2413,#7158,.T.);
#7158 = CIRCLE('',#7159,0.15);
#7159 = AXIS2_PLACEMENT_3D('',#7160,#7161,#7162);
#7160 = CARTESIAN_POINT('',(6.12499975,0.255573866423,4.931217693382));
#7161 = DIRECTION('',(1.,-1.224646799147E-16,0.));
#7162 = DIRECTION('',(1.17889950941E-16,0.962644503077,0.27076846326));
#7163 = ORIENTED_EDGE('',*,*,#2412,.F.);
#7164 = PLANE('',#7165);
#7165 = AXIS2_PLACEMENT_3D('',#7166,#7167,#7168);
#7166 = CARTESIAN_POINT('',(6.12499975,2.514167227259,4.741217693382));
#7167 = DIRECTION('',(1.,-1.224646799147E-16,0.));
#7168 = DIRECTION('',(1.499759782662E-32,1.224646799147E-16,-1.));
#7169 = ADVANCED_FACE('',(#7170),#7196,.T.);
#7170 = FACE_BOUND('',#7171,.T.);
#7171 = EDGE_LOOP('',(#7172,#7180,#7189,#7195));
#7172 = ORIENTED_EDGE('',*,*,#7173,.T.);
#7173 = EDGE_CURVE('',#1056,#7174,#7176,.T.);
#7174 = VERTEX_POINT('',#7175);
#7175 = CARTESIAN_POINT('',(6.12499975,1.434208916878,4.503112717345));
#7176 = LINE('',#7177,#7178);
#7177 = CARTESIAN_POINT('',(6.12499975,1.649167227259,4.944428887914));
#7178 = VECTOR('',#7179,1.);
#7179 = DIRECTION('',(-5.362734202678E-17,-0.437900479257,-0.89902345368
    ));
#7180 = ORIENTED_EDGE('',*,*,#7181,.T.);
#7181 = EDGE_CURVE('',#7174,#7182,#7184,.T.);
#7182 = VERTEX_POINT('',#7183);
#7183 = CARTESIAN_POINT('',(6.12499975,1.431027864408,4.467679270219));
#7184 = CIRCLE('',#7185,5.E-02);
#7185 = AXIS2_PLACEMENT_3D('',#7186,#7187,#7188);
#7186 = CARTESIAN_POINT('',(6.12499975,1.479160089562,4.481217693382));
#7187 = DIRECTION('',(1.,-1.224646799147E-16,6.162975822039E-33));
#7188 = DIRECTION('',(-1.100986194907E-16,-0.89902345368,0.437900479257)
  );
#7189 = ORIENTED_EDGE('',*,*,#7190,.T.);
#7190 = EDGE_CURVE('',#7182,#1064,#7191,.T.);
#7191 = LINE('',#7192,#7193);
#7192 = CARTESIAN_POINT('',(6.12499975,1.431027864408,4.467679270219));
#7193 = VECTOR('',#7194,1.);
#7194 = DIRECTION('',(3.315957318415E-17,0.27076846326,-0.962644503077)
  );
#7195 = ORIENTED_EDGE('',*,*,#1063,.T.);
#7196 = PLANE('',#7197);
#7197 = AXIS2_PLACEMENT_3D('',#7198,#7199,#7200);
#7198 = CARTESIAN_POINT('',(6.12499975,2.514167227259,4.741217693382));
#7199 = DIRECTION('',(1.,-1.224646799147E-16,0.));
#7200 = DIRECTION('',(1.499759782662E-32,1.224646799147E-16,-1.));
#7201 = ADVANCED_FACE('',(#7202),#7213,.T.);
#7202 = FACE_BOUND('',#7203,.T.);
#7203 = EDGE_LOOP('',(#7204,#7205,#7211,#7212));
#7204 = ORIENTED_EDGE('',*,*,#7090,.F.);
#7205 = ORIENTED_EDGE('',*,*,#7206,.F.);
#7206 = EDGE_CURVE('',#6898,#7083,#7207,.T.);
#7207 = LINE('',#7208,#7209);
#7208 = CARTESIAN_POINT('',(5.87499975,0.219167227259,-3.128782306618));
#7209 = VECTOR('',#7210,1.);
#7210 = DIRECTION('',(1.,-1.224646799147E-16,0.));
#7211 = ORIENTED_EDGE('',*,*,#6897,.T.);
#7212 = ORIENTED_EDGE('',*,*,#512,.T.);
#7213 = PLANE('',#7214);
#7214 = AXIS2_PLACEMENT_3D('',#7215,#7216,#7217);
#7215 = CARTESIAN_POINT('',(5.87499975,0.219167227259,-3.128782306618));
#7216 = DIRECTION('',(1.224646799147E-16,1.,1.224646799147E-16));
#7217 = DIRECTION('',(-1.,1.224646799147E-16,0.));
#7218 = ADVANCED_FACE('',(#7219),#7230,.T.);
#7219 = FACE_BOUND('',#7220,.T.);
#7220 = EDGE_LOOP('',(#7221,#7222,#7223,#7229));
#7221 = ORIENTED_EDGE('',*,*,#7206,.T.);
#7222 = ORIENTED_EDGE('',*,*,#7082,.F.);
#7223 = ORIENTED_EDGE('',*,*,#7224,.F.);
#7224 = EDGE_CURVE('',#6906,#7075,#7225,.T.);
#7225 = LINE('',#7226,#7227);
#7226 = CARTESIAN_POINT('',(5.87499975,6.916722725872E-02,
    -3.428782306618));
#7227 = VECTOR('',#7228,1.);
#7228 = DIRECTION('',(1.,-1.224646799147E-16,0.));
#7229 = ORIENTED_EDGE('',*,*,#6905,.T.);
#7230 = PLANE('',#7231);
#7231 = AXIS2_PLACEMENT_3D('',#7232,#7233,#7234);
#7232 = CARTESIAN_POINT('',(5.87499975,6.916722725872E-02,
    -3.428782306618));
#7233 = DIRECTION('',(1.095357396528E-16,0.894427191,-0.4472135955));
#7234 = DIRECTION('',(-1.,1.224646799147E-16,0.));
#7235 = ADVANCED_FACE('',(#7236),#7247,.T.);
#7236 = FACE_BOUND('',#7237,.T.);
#7237 = EDGE_LOOP('',(#7238,#7239,#7240,#7246));
#7238 = ORIENTED_EDGE('',*,*,#7224,.T.);
#7239 = ORIENTED_EDGE('',*,*,#7074,.F.);
#7240 = ORIENTED_EDGE('',*,*,#7241,.F.);
#7241 = EDGE_CURVE('',#6914,#7067,#7242,.T.);
#7242 = LINE('',#7243,#7244);
#7243 = CARTESIAN_POINT('',(5.87499975,-8.083277274128E-02,
    -3.428782306618));
#7244 = VECTOR('',#7245,1.);
#7245 = DIRECTION('',(1.,-1.224646799147E-16,0.));
#7246 = ORIENTED_EDGE('',*,*,#6913,.T.);
#7247 = PLANE('',#7248);
#7248 = AXIS2_PLACEMENT_3D('',#7249,#7250,#7251);
#7249 = CARTESIAN_POINT('',(5.87499975,-8.083277274128E-02,
    -3.428782306618));
#7250 = DIRECTION('',(1.499759782662E-32,1.224646799147E-16,-1.));
#7251 = DIRECTION('',(-1.,1.224646799147E-16,0.));
#7252 = ADVANCED_FACE('',(#7253),#7259,.T.);
#7253 = FACE_BOUND('',#7254,.T.);
#7254 = EDGE_LOOP('',(#7255,#7256,#7257,#7258));
#7255 = ORIENTED_EDGE('',*,*,#7241,.T.);
#7256 = ORIENTED_EDGE('',*,*,#7066,.F.);
#7257 = ORIENTED_EDGE('',*,*,#7042,.F.);
#7258 = ORIENTED_EDGE('',*,*,#6921,.T.);
#7259 = PLANE('',#7260);
#7260 = AXIS2_PLACEMENT_3D('',#7261,#7262,#7263);
#7261 = CARTESIAN_POINT('',(5.87499975,-0.230832772741,-3.028782306618)
  );
#7262 = DIRECTION('',(-1.146672530258E-16,-0.936329177569,
    -0.351123441588));
#7263 = DIRECTION('',(1.,-1.224646799147E-16,0.));
#7264 = ADVANCED_FACE('',(#7265),#7276,.T.);
#7265 = FACE_BOUND('',#7266,.T.);
#7266 = EDGE_LOOP('',(#7267,#7268,#7274,#7275));
#7267 = ORIENTED_EDGE('',*,*,#7157,.F.);
#7268 = ORIENTED_EDGE('',*,*,#7269,.F.);
#7269 = EDGE_CURVE('',#6944,#7150,#7270,.T.);
#7270 = LINE('',#7271,#7272);
#7271 = CARTESIAN_POINT('',(5.87499975,0.399970541884,4.971832962871));
#7272 = VECTOR('',#7273,1.);
#7273 = DIRECTION('',(1.,-1.224646799147E-16,0.));
#7274 = ORIENTED_EDGE('',*,*,#6943,.T.);
#7275 = ORIENTED_EDGE('',*,*,#2420,.T.);
#7276 = CYLINDRICAL_SURFACE('',#7277,0.15);
#7277 = AXIS2_PLACEMENT_3D('',#7278,#7279,#7280);
#7278 = CARTESIAN_POINT('',(5.87499975,0.255573866423,4.931217693382));
#7279 = DIRECTION('',(-1.,1.224646799147E-16,0.));
#7280 = DIRECTION('',(1.499759782662E-32,1.224646799147E-16,-1.));
#7281 = ADVANCED_FACE('',(#7282),#7293,.T.);
#7282 = FACE_BOUND('',#7283,.T.);
#7283 = EDGE_LOOP('',(#7284,#7285,#7286,#7292));
#7284 = ORIENTED_EDGE('',*,*,#7269,.T.);
#7285 = ORIENTED_EDGE('',*,*,#7149,.F.);
#7286 = ORIENTED_EDGE('',*,*,#7287,.F.);
#7287 = EDGE_CURVE('',#6953,#7141,#7288,.T.);
#7288 = LINE('',#7289,#7290);
#7289 = CARTESIAN_POINT('',(5.87499975,0.607292314716,4.234756116545));
#7290 = VECTOR('',#7291,1.);
#7291 = DIRECTION('',(1.,-1.224646799147E-16,0.));
#7292 = ORIENTED_EDGE('',*,*,#6952,.T.);
#7293 = PLANE('',#7294);
#7294 = AXIS2_PLACEMENT_3D('',#7295,#7296,#7297);
#7295 = CARTESIAN_POINT('',(5.87499975,0.607292314716,4.234756116545));
#7296 = DIRECTION('',(1.17889950941E-16,0.962644503077,0.27076846326));
#7297 = DIRECTION('',(1.,-1.224646799147E-16,0.));
#7298 = ADVANCED_FACE('',(#7299),#7310,.T.);
#7299 = FACE_BOUND('',#7300,.T.);
#7300 = EDGE_LOOP('',(#7301,#7302,#7303,#7309));
#7301 = ORIENTED_EDGE('',*,*,#7287,.T.);
#7302 = ORIENTED_EDGE('',*,*,#7140,.F.);
#7303 = ORIENTED_EDGE('',*,*,#7304,.F.);
#7304 = EDGE_CURVE('',#6961,#7133,#7305,.T.);
#7305 = LINE('',#7306,#7307);
#7306 = CARTESIAN_POINT('',(5.87499975,0.604111262246,4.199322669419));
#7307 = VECTOR('',#7308,1.);
#7308 = DIRECTION('',(1.,-1.224646799147E-16,0.));
#7309 = ORIENTED_EDGE('',*,*,#6960,.T.);
#7310 = CYLINDRICAL_SURFACE('',#7311,5.E-02);
#7311 = AXIS2_PLACEMENT_3D('',#7312,#7313,#7314);
#7312 = CARTESIAN_POINT('',(5.87499975,0.559160089562,4.221217693382));
#7313 = DIRECTION('',(-1.,1.224646799147E-16,0.));
#7314 = DIRECTION('',(1.499759782662E-32,1.224646799147E-16,-1.));
#7315 = ADVANCED_FACE('',(#7316),#7327,.T.);
#7316 = FACE_BOUND('',#7317,.T.);
#7317 = EDGE_LOOP('',(#7318,#7319,#7320,#7326));
#7318 = ORIENTED_EDGE('',*,*,#7304,.T.);
#7319 = ORIENTED_EDGE('',*,*,#7132,.F.);
#7320 = ORIENTED_EDGE('',*,*,#7321,.F.);
#7321 = EDGE_CURVE('',#6970,#7125,#7322,.T.);
#7322 = LINE('',#7323,#7324);
#7323 = CARTESIAN_POINT('',(5.87499975,0.449167227259,3.881217693382));
#7324 = VECTOR('',#7325,1.);
#7325 = DIRECTION('',(1.,-1.224646799147E-16,0.));
#7326 = ORIENTED_EDGE('',*,*,#6969,.T.);
#7327 = PLANE('',#7328);
#7328 = AXIS2_PLACEMENT_3D('',#7329,#7330,#7331);
#7329 = CARTESIAN_POINT('',(5.87499975,0.449167227259,3.881217693382));
#7330 = DIRECTION('',(1.100986194907E-16,0.89902345368,-0.437900479257)
  );
#7331 = DIRECTION('',(-1.,1.224646799147E-16,0.));
#7332 = ADVANCED_FACE('',(#7333),#7344,.T.);
#7333 = FACE_BOUND('',#7334,.T.);
#7334 = EDGE_LOOP('',(#7335,#7336,#7337,#7343));
#7335 = ORIENTED_EDGE('',*,*,#7321,.T.);
#7336 = ORIENTED_EDGE('',*,*,#7124,.F.);
#7337 = ORIENTED_EDGE('',*,*,#7338,.F.);
#7338 = EDGE_CURVE('',#6978,#7117,#7339,.T.);
#7339 = LINE('',#7340,#7341);
#7340 = CARTESIAN_POINT('',(5.87499975,0.449167227259,2.581217693382));
#7341 = VECTOR('',#7342,1.);
#7342 = DIRECTION('',(1.,-1.224646799147E-16,0.));
#7343 = ORIENTED_EDGE('',*,*,#6977,.T.);
#7344 = PLANE('',#7345);
#7345 = AXIS2_PLACEMENT_3D('',#7346,#7347,#7348);
#7346 = CARTESIAN_POINT('',(5.87499975,0.449167227259,2.581217693382));
#7347 = DIRECTION('',(1.224646799147E-16,1.,1.224646799147E-16));
#7348 = DIRECTION('',(-1.,1.224646799147E-16,0.));
#7349 = ADVANCED_FACE('',(#7350),#7361,.T.);
#7350 = FACE_BOUND('',#7351,.T.);
#7351 = EDGE_LOOP('',(#7352,#7353,#7354,#7360));
#7352 = ORIENTED_EDGE('',*,*,#7338,.T.);
#7353 = ORIENTED_EDGE('',*,*,#7116,.F.);
#7354 = ORIENTED_EDGE('',*,*,#7355,.F.);
#7355 = EDGE_CURVE('',#6986,#7109,#7356,.T.);
#7356 = LINE('',#7357,#7358);
#7357 = CARTESIAN_POINT('',(5.87499975,1.379167227259,2.581217693382));
#7358 = VECTOR('',#7359,1.);
#7359 = DIRECTION('',(1.,-1.224646799147E-16,0.));
#7360 = ORIENTED_EDGE('',*,*,#6985,.T.);
#7361 = PLANE('',#7362);
#7362 = AXIS2_PLACEMENT_3D('',#7363,#7364,#7365);
#7363 = CARTESIAN_POINT('',(5.87499975,1.379167227259,2.581217693382));
#7364 = DIRECTION('',(-1.499759782662E-32,-1.224646799147E-16,1.));
#7365 = DIRECTION('',(-1.224646799147E-16,-1.,-1.224646799147E-16));
#7366 = ADVANCED_FACE('',(#7367),#7373,.T.);
#7367 = FACE_BOUND('',#7368,.T.);
#7368 = EDGE_LOOP('',(#7369,#7370,#7371,#7372));
#7369 = ORIENTED_EDGE('',*,*,#6993,.T.);
#7370 = ORIENTED_EDGE('',*,*,#7355,.T.);
#7371 = ORIENTED_EDGE('',*,*,#7108,.F.);
#7372 = ORIENTED_EDGE('',*,*,#3358,.F.);
#7373 = PLANE('',#7374);
#7374 = AXIS2_PLACEMENT_3D('',#7375,#7376,#7377);
#7375 = CARTESIAN_POINT('',(5.87499975,1.379167227259,2.001217693382));
#7376 = DIRECTION('',(1.224646799147E-16,1.,1.224646799147E-16));
#7377 = DIRECTION('',(-1.,1.224646799147E-16,0.));
#7378 = ADVANCED_FACE('',(#7379),#7390,.T.);
#7379 = FACE_BOUND('',#7380,.T.);
#7380 = EDGE_LOOP('',(#7381,#7382,#7388,#7389));
#7381 = ORIENTED_EDGE('',*,*,#7190,.F.);
#7382 = ORIENTED_EDGE('',*,*,#7383,.F.);
#7383 = EDGE_CURVE('',#7011,#7182,#7384,.T.);
#7384 = LINE('',#7385,#7386);
#7385 = CARTESIAN_POINT('',(5.87499975,1.431027864408,4.467679270219));
#7386 = VECTOR('',#7387,1.);
#7387 = DIRECTION('',(1.,-1.224646799147E-16,0.));
#7388 = ORIENTED_EDGE('',*,*,#7010,.T.);
#7389 = ORIENTED_EDGE('',*,*,#1071,.T.);
#7390 = PLANE('',#7391);
#7391 = AXIS2_PLACEMENT_3D('',#7392,#7393,#7394);
#7392 = CARTESIAN_POINT('',(5.87499975,1.431027864408,4.467679270219));
#7393 = DIRECTION('',(-1.17889950941E-16,-0.962644503077,-0.27076846326)
  );
#7394 = DIRECTION('',(1.,-1.224646799147E-16,0.));
#7395 = ADVANCED_FACE('',(#7396),#7407,.T.);
#7396 = FACE_BOUND('',#7397,.T.);
#7397 = EDGE_LOOP('',(#7398,#7399,#7400,#7406));
#7398 = ORIENTED_EDGE('',*,*,#7383,.T.);
#7399 = ORIENTED_EDGE('',*,*,#7181,.F.);
#7400 = ORIENTED_EDGE('',*,*,#7401,.F.);
#7401 = EDGE_CURVE('',#7019,#7174,#7402,.T.);
#7402 = LINE('',#7403,#7404);
#7403 = CARTESIAN_POINT('',(5.87499975,1.434208916878,4.503112717345));
#7404 = VECTOR('',#7405,1.);
#7405 = DIRECTION('',(1.,-1.224646799147E-16,0.));
#7406 = ORIENTED_EDGE('',*,*,#7018,.T.);
#7407 = CYLINDRICAL_SURFACE('',#7408,5.E-02);
#7408 = AXIS2_PLACEMENT_3D('',#7409,#7410,#7411);
#7409 = CARTESIAN_POINT('',(5.87499975,1.479160089562,4.481217693382));
#7410 = DIRECTION('',(-1.,1.224646799147E-16,0.));
#7411 = DIRECTION('',(1.499759782662E-32,1.224646799147E-16,-1.));
#7412 = ADVANCED_FACE('',(#7413),#7419,.T.);
#7413 = FACE_BOUND('',#7414,.T.);
#7414 = EDGE_LOOP('',(#7415,#7416,#7417,#7418));
#7415 = ORIENTED_EDGE('',*,*,#7027,.T.);
#7416 = ORIENTED_EDGE('',*,*,#7401,.T.);
#7417 = ORIENTED_EDGE('',*,*,#7173,.F.);
#7418 = ORIENTED_EDGE('',*,*,#1053,.F.);
#7419 = PLANE('',#7420);
#7420 = AXIS2_PLACEMENT_3D('',#7421,#7422,#7423);
#7421 = CARTESIAN_POINT('',(5.87499975,1.688415945827,5.025007741308));
#7422 = DIRECTION('',(-1.100986194907E-16,-0.89902345368,0.437900479257)
  );
#7423 = DIRECTION('',(5.362734202678E-17,0.437900479257,0.89902345368));
#7424 = ADVANCED_FACE('',(#7425),#7466,.F.);
#7425 = FACE_BOUND('',#7426,.T.);
#7426 = EDGE_LOOP('',(#7427,#7435,#7443,#7451,#7459,#7465));
#7427 = ORIENTED_EDGE('',*,*,#7428,.F.);
#7428 = EDGE_CURVE('',#7429,#649,#7431,.T.);
#7429 = VERTEX_POINT('',#7430);
#7430 = CARTESIAN_POINT('',(7.37499975,2.249167227259,-3.128782306618));
#7431 = LINE('',#7432,#7433);
#7432 = CARTESIAN_POINT('',(7.37499975,2.249167227259,-3.128782306618));
#7433 = VECTOR('',#7434,1.);
#7434 = DIRECTION('',(-1.499759782662E-32,-1.224646799147E-16,1.));
#7435 = ORIENTED_EDGE('',*,*,#7436,.F.);
#7436 = EDGE_CURVE('',#7437,#7429,#7439,.T.);
#7437 = VERTEX_POINT('',#7438);
#7438 = CARTESIAN_POINT('',(7.37499975,2.089167227259,-3.428782306618));
#7439 = LINE('',#7440,#7441);
#7440 = CARTESIAN_POINT('',(7.37499975,2.089167227259,-3.428782306618));
#7441 = VECTOR('',#7442,1.);
#7442 = DIRECTION('',(5.763043760693E-17,0.470588235294,0.882352941176)
  );
#7443 = ORIENTED_EDGE('',*,*,#7444,.F.);
#7444 = EDGE_CURVE('',#7445,#7437,#7447,.T.);
#7445 = VERTEX_POINT('',#7446);
#7446 = CARTESIAN_POINT('',(7.37499975,1.899167227259,-3.428782306618));
#7447 = LINE('',#7448,#7449);
#7448 = CARTESIAN_POINT('',(7.37499975,1.899167227259,-3.428782306618));
#7449 = VECTOR('',#7450,1.);
#7450 = DIRECTION('',(1.224646799147E-16,1.,1.224646799147E-16));
#7451 = ORIENTED_EDGE('',*,*,#7452,.F.);
#7452 = EDGE_CURVE('',#7453,#7445,#7455,.T.);
#7453 = VERTEX_POINT('',#7454);
#7454 = CARTESIAN_POINT('',(7.37499975,1.749167227259,-3.128782306618));
#7455 = LINE('',#7456,#7457);
#7456 = CARTESIAN_POINT('',(7.37499975,1.749167227259,-3.128782306618));
#7457 = VECTOR('',#7458,1.);
#7458 = DIRECTION('',(5.476786982643E-17,0.4472135955,-0.894427191));
#7459 = ORIENTED_EDGE('',*,*,#7460,.F.);
#7460 = EDGE_CURVE('',#631,#7453,#7461,.T.);
#7461 = LINE('',#7462,#7463);
#7462 = CARTESIAN_POINT('',(7.37499975,1.749167227259,
    -2.878230661791E-02));
#7463 = VECTOR('',#7464,1.);
#7464 = DIRECTION('',(1.499759782662E-32,1.224646799147E-16,-1.));
#7465 = ORIENTED_EDGE('',*,*,#656,.T.);
#7466 = PLANE('',#7467);
#7467 = AXIS2_PLACEMENT_3D('',#7468,#7469,#7470);
#7468 = CARTESIAN_POINT('',(7.37499975,2.514167227259,4.741217693382));
#7469 = DIRECTION('',(1.,-1.224646799147E-16,0.));
#7470 = DIRECTION('',(1.499759782662E-32,1.224646799147E-16,-1.));
#7471 = ADVANCED_FACE('',(#7472),#7533,.F.);
#7472 = FACE_BOUND('',#7473,.T.);
#7473 = EDGE_LOOP('',(#7474,#7483,#7491,#7500,#7508,#7516,#7524,#7530,
    #7531,#7532));
#7474 = ORIENTED_EDGE('',*,*,#7475,.F.);
#7475 = EDGE_CURVE('',#7476,#2389,#7478,.T.);
#7476 = VERTEX_POINT('',#7477);
#7477 = CARTESIAN_POINT('',(7.37499975,0.399970541884,4.971832962871));
#7478 = CIRCLE('',#7479,0.15);
#7479 = AXIS2_PLACEMENT_3D('',#7480,#7481,#7482);
#7480 = CARTESIAN_POINT('',(7.37499975,0.255573866423,4.931217693382));
#7481 = DIRECTION('',(1.,-1.224646799147E-16,0.));
#7482 = DIRECTION('',(1.17889950941E-16,0.962644503077,0.27076846326));
#7483 = ORIENTED_EDGE('',*,*,#7484,.F.);
#7484 = EDGE_CURVE('',#7485,#7476,#7487,.T.);
#7485 = VERTEX_POINT('',#7486);
#7486 = CARTESIAN_POINT('',(7.37499975,0.607292314716,4.234756116545));
#7487 = LINE('',#7488,#7489);
#7488 = CARTESIAN_POINT('',(7.37499975,0.607292314716,4.234756116545));
#7489 = VECTOR('',#7490,1.);
#7490 = DIRECTION('',(-3.315957318415E-17,-0.27076846326,0.962644503077)
  );
#7491 = ORIENTED_EDGE('',*,*,#7492,.F.);
#7492 = EDGE_CURVE('',#7493,#7485,#7495,.T.);
#7493 = VERTEX_POINT('',#7494);
#7494 = CARTESIAN_POINT('',(7.37499975,0.604111262246,4.199322669419));
#7495 = CIRCLE('',#7496,5.E-02);
#7496 = AXIS2_PLACEMENT_3D('',#7497,#7498,#7499);
#7497 = CARTESIAN_POINT('',(7.37499975,0.559160089562,4.221217693382));
#7498 = DIRECTION('',(1.,-1.224646799147E-16,6.162975822039E-33));
#7499 = DIRECTION('',(1.100986194907E-16,0.89902345368,-0.437900479257)
  );
#7500 = ORIENTED_EDGE('',*,*,#7501,.F.);
#7501 = EDGE_CURVE('',#7502,#7493,#7504,.T.);
#7502 = VERTEX_POINT('',#7503);
#7503 = CARTESIAN_POINT('',(7.37499975,0.449167227259,3.881217693382));
#7504 = LINE('',#7505,#7506);
#7505 = CARTESIAN_POINT('',(7.37499975,0.449167227259,3.881217693382));
#7506 = VECTOR('',#7507,1.);
#7507 = DIRECTION('',(5.362734202678E-17,0.437900479257,0.89902345368));
#7508 = ORIENTED_EDGE('',*,*,#7509,.F.);
#7509 = EDGE_CURVE('',#7510,#7502,#7512,.T.);
#7510 = VERTEX_POINT('',#7511);
#7511 = CARTESIAN_POINT('',(7.37499975,0.449167227259,2.581217693382));
#7512 = LINE('',#7513,#7514);
#7513 = CARTESIAN_POINT('',(7.37499975,0.449167227259,2.581217693382));
#7514 = VECTOR('',#7515,1.);
#7515 = DIRECTION('',(-1.499759782662E-32,-1.224646799147E-16,1.));
#7516 = ORIENTED_EDGE('',*,*,#7517,.F.);
#7517 = EDGE_CURVE('',#7518,#7510,#7520,.T.);
#7518 = VERTEX_POINT('',#7519);
#7519 = CARTESIAN_POINT('',(7.37499975,1.379167227259,2.581217693382));
#7520 = LINE('',#7521,#7522);
#7521 = CARTESIAN_POINT('',(7.37499975,1.379167227259,2.581217693382));
#7522 = VECTOR('',#7523,1.);
#7523 = DIRECTION('',(-1.224646799147E-16,-1.,-1.224646799147E-16));
#7524 = ORIENTED_EDGE('',*,*,#7525,.F.);
#7525 = EDGE_CURVE('',#3383,#7518,#7526,.T.);
#7526 = LINE('',#7527,#7528);
#7527 = CARTESIAN_POINT('',(7.37499975,1.379167227259,2.471217693382));
#7528 = VECTOR('',#7529,1.);
#7529 = DIRECTION('',(-1.499759782662E-32,-1.224646799147E-16,1.));
#7530 = ORIENTED_EDGE('',*,*,#3382,.F.);
#7531 = ORIENTED_EDGE('',*,*,#3561,.F.);
#7532 = ORIENTED_EDGE('',*,*,#2396,.T.);
#7533 = PLANE('',#7534);
#7534 = AXIS2_PLACEMENT_3D('',#7535,#7536,#7537);
#7535 = CARTESIAN_POINT('',(7.37499975,2.514167227259,4.741217693382));
#7536 = DIRECTION('',(1.,-1.224646799147E-16,0.));
#7537 = DIRECTION('',(1.499759782662E-32,1.224646799147E-16,-1.));
#7538 = ADVANCED_FACE('',(#7539),#7565,.F.);
#7539 = FACE_BOUND('',#7540,.T.);
#7540 = EDGE_LOOP('',(#7541,#7549,#7558,#7564));
#7541 = ORIENTED_EDGE('',*,*,#7542,.F.);
#7542 = EDGE_CURVE('',#7543,#1208,#7545,.T.);
#7543 = VERTEX_POINT('',#7544);
#7544 = CARTESIAN_POINT('',(7.37499975,1.431027864408,4.467679270219));
#7545 = LINE('',#7546,#7547);
#7546 = CARTESIAN_POINT('',(7.37499975,1.431027864408,4.467679270219));
#7547 = VECTOR('',#7548,1.);
#7548 = DIRECTION('',(3.315957318415E-17,0.27076846326,-0.962644503077)
  );
#7549 = ORIENTED_EDGE('',*,*,#7550,.F.);
#7550 = EDGE_CURVE('',#7551,#7543,#7553,.T.);
#7551 = VERTEX_POINT('',#7552);
#7552 = CARTESIAN_POINT('',(7.37499975,1.434208916878,4.503112717345));
#7553 = CIRCLE('',#7554,5.E-02);
#7554 = AXIS2_PLACEMENT_3D('',#7555,#7556,#7557);
#7555 = CARTESIAN_POINT('',(7.37499975,1.479160089562,4.481217693382));
#7556 = DIRECTION('',(1.,-1.224646799147E-16,6.162975822039E-33));
#7557 = DIRECTION('',(-1.100986194907E-16,-0.89902345368,0.437900479257)
  );
#7558 = ORIENTED_EDGE('',*,*,#7559,.F.);
#7559 = EDGE_CURVE('',#1190,#7551,#7560,.T.);
#7560 = LINE('',#7561,#7562);
#7561 = CARTESIAN_POINT('',(7.37499975,1.649167227259,4.944428887914));
#7562 = VECTOR('',#7563,1.);
#7563 = DIRECTION('',(-5.362734202678E-17,-0.437900479257,-0.89902345368
    ));
#7564 = ORIENTED_EDGE('',*,*,#1215,.F.);
#7565 = PLANE('',#7566);
#7566 = AXIS2_PLACEMENT_3D('',#7567,#7568,#7569);
#7567 = CARTESIAN_POINT('',(7.37499975,2.514167227259,4.741217693382));
#7568 = DIRECTION('',(1.,-1.224646799147E-16,0.));
#7569 = DIRECTION('',(1.499759782662E-32,1.224646799147E-16,-1.));
#7570 = ADVANCED_FACE('',(#7571),#7589,.T.);
#7571 = FACE_BOUND('',#7572,.T.);
#7572 = EDGE_LOOP('',(#7573,#7574,#7582,#7588));
#7573 = ORIENTED_EDGE('',*,*,#7460,.T.);
#7574 = ORIENTED_EDGE('',*,*,#7575,.T.);
#7575 = EDGE_CURVE('',#7453,#7576,#7578,.T.);
#7576 = VERTEX_POINT('',#7577);
#7577 = CARTESIAN_POINT('',(7.62499975,1.749167227259,-3.128782306618));
#7578 = LINE('',#7579,#7580);
#7579 = CARTESIAN_POINT('',(7.37499975,1.749167227259,-3.128782306618));
#7580 = VECTOR('',#7581,1.);
#7581 = DIRECTION('',(1.,-1.224646799147E-16,0.));
#7582 = ORIENTED_EDGE('',*,*,#7583,.F.);
#7583 = EDGE_CURVE('',#633,#7576,#7584,.T.);
#7584 = LINE('',#7585,#7586);
#7585 = CARTESIAN_POINT('',(7.62499975,1.749167227259,
    -2.878230661791E-02));
#7586 = VECTOR('',#7587,1.);
#7587 = DIRECTION('',(1.499759782662E-32,1.224646799147E-16,-1.));
#7588 = ORIENTED_EDGE('',*,*,#630,.F.);
#7589 = PLANE('',#7590);
#7590 = AXIS2_PLACEMENT_3D('',#7591,#7592,#7593);
#7591 = CARTESIAN_POINT('',(7.37499975,1.749167227259,
    -1.878230661791E-02));
#7592 = DIRECTION('',(-1.224646799147E-16,-1.,-1.224646799147E-16));
#7593 = DIRECTION('',(-1.499759782662E-32,-1.224646799147E-16,1.));
#7594 = ADVANCED_FACE('',(#7595),#7629,.T.);
#7595 = FACE_BOUND('',#7596,.T.);
#7596 = EDGE_LOOP('',(#7597,#7598,#7606,#7614,#7622,#7628));
#7597 = ORIENTED_EDGE('',*,*,#7583,.T.);
#7598 = ORIENTED_EDGE('',*,*,#7599,.T.);
#7599 = EDGE_CURVE('',#7576,#7600,#7602,.T.);
#7600 = VERTEX_POINT('',#7601);
#7601 = CARTESIAN_POINT('',(7.62499975,1.899167227259,-3.428782306618));
#7602 = LINE('',#7603,#7604);
#7603 = CARTESIAN_POINT('',(7.62499975,1.749167227259,-3.128782306618));
#7604 = VECTOR('',#7605,1.);
#7605 = DIRECTION('',(5.476786982643E-17,0.4472135955,-0.894427191));
#7606 = ORIENTED_EDGE('',*,*,#7607,.T.);
#7607 = EDGE_CURVE('',#7600,#7608,#7610,.T.);
#7608 = VERTEX_POINT('',#7609);
#7609 = CARTESIAN_POINT('',(7.62499975,2.089167227259,-3.428782306618));
#7610 = LINE('',#7611,#7612);
#7611 = CARTESIAN_POINT('',(7.62499975,1.899167227259,-3.428782306618));
#7612 = VECTOR('',#7613,1.);
#7613 = DIRECTION('',(1.224646799147E-16,1.,1.224646799147E-16));
#7614 = ORIENTED_EDGE('',*,*,#7615,.T.);
#7615 = EDGE_CURVE('',#7608,#7616,#7618,.T.);
#7616 = VERTEX_POINT('',#7617);
#7617 = CARTESIAN_POINT('',(7.62499975,2.249167227259,-3.128782306618));
#7618 = LINE('',#7619,#7620);
#7619 = CARTESIAN_POINT('',(7.62499975,2.089167227259,-3.428782306618));
#7620 = VECTOR('',#7621,1.);
#7621 = DIRECTION('',(5.763043760693E-17,0.470588235294,0.882352941176)
  );
#7622 = ORIENTED_EDGE('',*,*,#7623,.T.);
#7623 = EDGE_CURVE('',#7616,#641,#7624,.T.);
#7624 = LINE('',#7625,#7626);
#7625 = CARTESIAN_POINT('',(7.62499975,2.249167227259,-3.128782306618));
#7626 = VECTOR('',#7627,1.);
#7627 = DIRECTION('',(-1.499759782662E-32,-1.224646799147E-16,1.));
#7628 = ORIENTED_EDGE('',*,*,#640,.F.);
#7629 = PLANE('',#7630);
#7630 = AXIS2_PLACEMENT_3D('',#7631,#7632,#7633);
#7631 = CARTESIAN_POINT('',(7.62499975,2.514167227259,4.741217693382));
#7632 = DIRECTION('',(1.,-1.224646799147E-16,0.));
#7633 = DIRECTION('',(1.499759782662E-32,1.224646799147E-16,-1.));
#7634 = ADVANCED_FACE('',(#7635),#7696,.T.);
#7635 = FACE_BOUND('',#7636,.T.);
#7636 = EDGE_LOOP('',(#7637,#7638,#7639,#7647,#7655,#7663,#7671,#7680,
    #7688,#7695));
#7637 = ORIENTED_EDGE('',*,*,#3583,.T.);
#7638 = ORIENTED_EDGE('',*,*,#3398,.T.);
#7639 = ORIENTED_EDGE('',*,*,#7640,.T.);
#7640 = EDGE_CURVE('',#3391,#7641,#7643,.T.);
#7641 = VERTEX_POINT('',#7642);
#7642 = CARTESIAN_POINT('',(7.62499975,1.379167227259,2.581217693382));
#7643 = LINE('',#7644,#7645);
#7644 = CARTESIAN_POINT('',(7.62499975,1.379167227259,2.471217693382));
#7645 = VECTOR('',#7646,1.);
#7646 = DIRECTION('',(-1.499759782662E-32,-1.224646799147E-16,1.));
#7647 = ORIENTED_EDGE('',*,*,#7648,.T.);
#7648 = EDGE_CURVE('',#7641,#7649,#7651,.T.);
#7649 = VERTEX_POINT('',#7650);
#7650 = CARTESIAN_POINT('',(7.62499975,0.449167227259,2.581217693382));
#7651 = LINE('',#7652,#7653);
#7652 = CARTESIAN_POINT('',(7.62499975,1.379167227259,2.581217693382));
#7653 = VECTOR('',#7654,1.);
#7654 = DIRECTION('',(-1.224646799147E-16,-1.,-1.224646799147E-16));
#7655 = ORIENTED_EDGE('',*,*,#7656,.T.);
#7656 = EDGE_CURVE('',#7649,#7657,#7659,.T.);
#7657 = VERTEX_POINT('',#7658);
#7658 = CARTESIAN_POINT('',(7.62499975,0.449167227259,3.881217693382));
#7659 = LINE('',#7660,#7661);
#7660 = CARTESIAN_POINT('',(7.62499975,0.449167227259,2.581217693382));
#7661 = VECTOR('',#7662,1.);
#7662 = DIRECTION('',(-1.499759782662E-32,-1.224646799147E-16,1.));
#7663 = ORIENTED_EDGE('',*,*,#7664,.T.);
#7664 = EDGE_CURVE('',#7657,#7665,#7667,.T.);
#7665 = VERTEX_POINT('',#7666);
#7666 = CARTESIAN_POINT('',(7.62499975,0.604111262246,4.199322669419));
#7667 = LINE('',#7668,#7669);
#7668 = CARTESIAN_POINT('',(7.62499975,0.449167227259,3.881217693382));
#7669 = VECTOR('',#7670,1.);
#7670 = DIRECTION('',(5.362734202678E-17,0.437900479257,0.89902345368));
#7671 = ORIENTED_EDGE('',*,*,#7672,.T.);
#7672 = EDGE_CURVE('',#7665,#7673,#7675,.T.);
#7673 = VERTEX_POINT('',#7674);
#7674 = CARTESIAN_POINT('',(7.62499975,0.607292314716,4.234756116545));
#7675 = CIRCLE('',#7676,5.E-02);
#7676 = AXIS2_PLACEMENT_3D('',#7677,#7678,#7679);
#7677 = CARTESIAN_POINT('',(7.62499975,0.559160089562,4.221217693382));
#7678 = DIRECTION('',(1.,-1.224646799147E-16,6.162975822039E-33));
#7679 = DIRECTION('',(1.100986194907E-16,0.89902345368,-0.437900479257)
  );
#7680 = ORIENTED_EDGE('',*,*,#7681,.T.);
#7681 = EDGE_CURVE('',#7673,#7682,#7684,.T.);
#7682 = VERTEX_POINT('',#7683);
#7683 = CARTESIAN_POINT('',(7.62499975,0.399970541884,4.971832962871));
#7684 = LINE('',#7685,#7686);
#7685 = CARTESIAN_POINT('',(7.62499975,0.607292314716,4.234756116545));
#7686 = VECTOR('',#7687,1.);
#7687 = DIRECTION('',(-3.315957318415E-17,-0.27076846326,0.962644503077)
  );
#7688 = ORIENTED_EDGE('',*,*,#7689,.T.);
#7689 = EDGE_CURVE('',#7682,#2381,#7690,.T.);
#7690 = CIRCLE('',#7691,0.15);
#7691 = AXIS2_PLACEMENT_3D('',#7692,#7693,#7694);
#7692 = CARTESIAN_POINT('',(7.62499975,0.255573866423,4.931217693382));
#7693 = DIRECTION('',(1.,-1.224646799147E-16,0.));
#7694 = DIRECTION('',(1.17889950941E-16,0.962644503077,0.27076846326));
#7695 = ORIENTED_EDGE('',*,*,#2380,.F.);
#7696 = PLANE('',#7697);
#7697 = AXIS2_PLACEMENT_3D('',#7698,#7699,#7700);
#7698 = CARTESIAN_POINT('',(7.62499975,2.514167227259,4.741217693382));
#7699 = DIRECTION('',(1.,-1.224646799147E-16,0.));
#7700 = DIRECTION('',(1.499759782662E-32,1.224646799147E-16,-1.));
#7701 = ADVANCED_FACE('',(#7702),#7728,.T.);
#7702 = FACE_BOUND('',#7703,.T.);
#7703 = EDGE_LOOP('',(#7704,#7712,#7721,#7727));
#7704 = ORIENTED_EDGE('',*,*,#7705,.T.);
#7705 = EDGE_CURVE('',#1192,#7706,#7708,.T.);
#7706 = VERTEX_POINT('',#7707);
#7707 = CARTESIAN_POINT('',(7.62499975,1.434208916878,4.503112717345));
#7708 = LINE('',#7709,#7710);
#7709 = CARTESIAN_POINT('',(7.62499975,1.649167227259,4.944428887914));
#7710 = VECTOR('',#7711,1.);
#7711 = DIRECTION('',(-5.362734202678E-17,-0.437900479257,-0.89902345368
    ));
#7712 = ORIENTED_EDGE('',*,*,#7713,.T.);
#7713 = EDGE_CURVE('',#7706,#7714,#7716,.T.);
#7714 = VERTEX_POINT('',#7715);
#7715 = CARTESIAN_POINT('',(7.62499975,1.431027864408,4.467679270219));
#7716 = CIRCLE('',#7717,5.E-02);
#7717 = AXIS2_PLACEMENT_3D('',#7718,#7719,#7720);
#7718 = CARTESIAN_POINT('',(7.62499975,1.479160089562,4.481217693382));
#7719 = DIRECTION('',(1.,-1.224646799147E-16,6.162975822039E-33));
#7720 = DIRECTION('',(-1.100986194907E-16,-0.89902345368,0.437900479257)
  );
#7721 = ORIENTED_EDGE('',*,*,#7722,.T.);
#7722 = EDGE_CURVE('',#7714,#1200,#7723,.T.);
#7723 = LINE('',#7724,#7725);
#7724 = CARTESIAN_POINT('',(7.62499975,1.431027864408,4.467679270219));
#7725 = VECTOR('',#7726,1.);
#7726 = DIRECTION('',(3.315957318415E-17,0.27076846326,-0.962644503077)
  );
#7727 = ORIENTED_EDGE('',*,*,#1199,.T.);
#7728 = PLANE('',#7729);
#7729 = AXIS2_PLACEMENT_3D('',#7730,#7731,#7732);
#7730 = CARTESIAN_POINT('',(7.62499975,2.514167227259,4.741217693382));
#7731 = DIRECTION('',(1.,-1.224646799147E-16,0.));
#7732 = DIRECTION('',(1.499759782662E-32,1.224646799147E-16,-1.));
#7733 = ADVANCED_FACE('',(#7734),#7745,.T.);
#7734 = FACE_BOUND('',#7735,.T.);
#7735 = EDGE_LOOP('',(#7736,#7737,#7743,#7744));
#7736 = ORIENTED_EDGE('',*,*,#7623,.F.);
#7737 = ORIENTED_EDGE('',*,*,#7738,.F.);
#7738 = EDGE_CURVE('',#7429,#7616,#7739,.T.);
#7739 = LINE('',#7740,#7741);
#7740 = CARTESIAN_POINT('',(7.37499975,2.249167227259,-3.128782306618));
#7741 = VECTOR('',#7742,1.);
#7742 = DIRECTION('',(1.,-1.224646799147E-16,0.));
#7743 = ORIENTED_EDGE('',*,*,#7428,.T.);
#7744 = ORIENTED_EDGE('',*,*,#648,.T.);
#7745 = PLANE('',#7746);
#7746 = AXIS2_PLACEMENT_3D('',#7747,#7748,#7749);
#7747 = CARTESIAN_POINT('',(7.37499975,2.249167227259,-3.128782306618));
#7748 = DIRECTION('',(1.224646799147E-16,1.,1.224646799147E-16));
#7749 = DIRECTION('',(-1.,1.224646799147E-16,0.));
#7750 = ADVANCED_FACE('',(#7751),#7762,.T.);
#7751 = FACE_BOUND('',#7752,.T.);
#7752 = EDGE_LOOP('',(#7753,#7754,#7755,#7761));
#7753 = ORIENTED_EDGE('',*,*,#7738,.T.);
#7754 = ORIENTED_EDGE('',*,*,#7615,.F.);
#7755 = ORIENTED_EDGE('',*,*,#7756,.F.);
#7756 = EDGE_CURVE('',#7437,#7608,#7757,.T.);
#7757 = LINE('',#7758,#7759);
#7758 = CARTESIAN_POINT('',(7.37499975,2.089167227259,-3.428782306618));
#7759 = VECTOR('',#7760,1.);
#7760 = DIRECTION('',(1.,-1.224646799147E-16,0.));
#7761 = ORIENTED_EDGE('',*,*,#7436,.T.);
#7762 = PLANE('',#7763);
#7763 = AXIS2_PLACEMENT_3D('',#7764,#7765,#7766);
#7764 = CARTESIAN_POINT('',(7.37499975,2.089167227259,-3.428782306618));
#7765 = DIRECTION('',(1.08057070513E-16,0.882352941176,-0.470588235294)
  );
#7766 = DIRECTION('',(-1.,1.224646799147E-16,0.));
#7767 = ADVANCED_FACE('',(#7768),#7779,.T.);
#7768 = FACE_BOUND('',#7769,.T.);
#7769 = EDGE_LOOP('',(#7770,#7771,#7772,#7778));
#7770 = ORIENTED_EDGE('',*,*,#7756,.T.);
#7771 = ORIENTED_EDGE('',*,*,#7607,.F.);
#7772 = ORIENTED_EDGE('',*,*,#7773,.F.);
#7773 = EDGE_CURVE('',#7445,#7600,#7774,.T.);
#7774 = LINE('',#7775,#7776);
#7775 = CARTESIAN_POINT('',(7.37499975,1.899167227259,-3.428782306618));
#7776 = VECTOR('',#7777,1.);
#7777 = DIRECTION('',(1.,-1.224646799147E-16,0.));
#7778 = ORIENTED_EDGE('',*,*,#7444,.T.);
#7779 = PLANE('',#7780);
#7780 = AXIS2_PLACEMENT_3D('',#7781,#7782,#7783);
#7781 = CARTESIAN_POINT('',(7.37499975,1.899167227259,-3.428782306618));
#7782 = DIRECTION('',(1.499759782662E-32,1.224646799147E-16,-1.));
#7783 = DIRECTION('',(-1.,1.224646799147E-16,0.));
#7784 = ADVANCED_FACE('',(#7785),#7791,.T.);
#7785 = FACE_BOUND('',#7786,.T.);
#7786 = EDGE_LOOP('',(#7787,#7788,#7789,#7790));
#7787 = ORIENTED_EDGE('',*,*,#7773,.T.);
#7788 = ORIENTED_EDGE('',*,*,#7599,.F.);
#7789 = ORIENTED_EDGE('',*,*,#7575,.F.);
#7790 = ORIENTED_EDGE('',*,*,#7452,.T.);
#7791 = PLANE('',#7792);
#7792 = AXIS2_PLACEMENT_3D('',#7793,#7794,#7795);
#7793 = CARTESIAN_POINT('',(7.37499975,1.749167227259,-3.128782306618));
#7794 = DIRECTION('',(-1.095357396528E-16,-0.894427191,-0.4472135955));
#7795 = DIRECTION('',(1.,-1.224646799147E-16,0.));
#7796 = ADVANCED_FACE('',(#7797),#7808,.T.);
#7797 = FACE_BOUND('',#7798,.T.);
#7798 = EDGE_LOOP('',(#7799,#7800,#7806,#7807));
#7799 = ORIENTED_EDGE('',*,*,#7689,.F.);
#7800 = ORIENTED_EDGE('',*,*,#7801,.F.);
#7801 = EDGE_CURVE('',#7476,#7682,#7802,.T.);
#7802 = LINE('',#7803,#7804);
#7803 = CARTESIAN_POINT('',(7.37499975,0.399970541884,4.971832962871));
#7804 = VECTOR('',#7805,1.);
#7805 = DIRECTION('',(1.,-1.224646799147E-16,0.));
#7806 = ORIENTED_EDGE('',*,*,#7475,.T.);
#7807 = ORIENTED_EDGE('',*,*,#2388,.T.);
#7808 = CYLINDRICAL_SURFACE('',#7809,0.15);
#7809 = AXIS2_PLACEMENT_3D('',#7810,#7811,#7812);
#7810 = CARTESIAN_POINT('',(7.37499975,0.255573866423,4.931217693382));
#7811 = DIRECTION('',(-1.,1.224646799147E-16,0.));
#7812 = DIRECTION('',(1.499759782662E-32,1.224646799147E-16,-1.));
#7813 = ADVANCED_FACE('',(#7814),#7825,.T.);
#7814 = FACE_BOUND('',#7815,.T.);
#7815 = EDGE_LOOP('',(#7816,#7817,#7818,#7824));
#7816 = ORIENTED_EDGE('',*,*,#7801,.T.);
#7817 = ORIENTED_EDGE('',*,*,#7681,.F.);
#7818 = ORIENTED_EDGE('',*,*,#7819,.F.);
#7819 = EDGE_CURVE('',#7485,#7673,#7820,.T.);
#7820 = LINE('',#7821,#7822);
#7821 = CARTESIAN_POINT('',(7.37499975,0.607292314716,4.234756116545));
#7822 = VECTOR('',#7823,1.);
#7823 = DIRECTION('',(1.,-1.224646799147E-16,0.));
#7824 = ORIENTED_EDGE('',*,*,#7484,.T.);
#7825 = PLANE('',#7826);
#7826 = AXIS2_PLACEMENT_3D('',#7827,#7828,#7829);
#7827 = CARTESIAN_POINT('',(7.37499975,0.607292314716,4.234756116545));
#7828 = DIRECTION('',(1.17889950941E-16,0.962644503077,0.27076846326));
#7829 = DIRECTION('',(1.,-1.224646799147E-16,0.));
#7830 = ADVANCED_FACE('',(#7831),#7842,.T.);
#7831 = FACE_BOUND('',#7832,.T.);
#7832 = EDGE_LOOP('',(#7833,#7834,#7835,#7841));
#7833 = ORIENTED_EDGE('',*,*,#7819,.T.);
#7834 = ORIENTED_EDGE('',*,*,#7672,.F.);
#7835 = ORIENTED_EDGE('',*,*,#7836,.F.);
#7836 = EDGE_CURVE('',#7493,#7665,#7837,.T.);
#7837 = LINE('',#7838,#7839);
#7838 = CARTESIAN_POINT('',(7.37499975,0.604111262246,4.199322669419));
#7839 = VECTOR('',#7840,1.);
#7840 = DIRECTION('',(1.,-1.224646799147E-16,0.));
#7841 = ORIENTED_EDGE('',*,*,#7492,.T.);
#7842 = CYLINDRICAL_SURFACE('',#7843,5.E-02);
#7843 = AXIS2_PLACEMENT_3D('',#7844,#7845,#7846);
#7844 = CARTESIAN_POINT('',(7.37499975,0.559160089562,4.221217693382));
#7845 = DIRECTION('',(-1.,1.224646799147E-16,0.));
#7846 = DIRECTION('',(1.499759782662E-32,1.224646799147E-16,-1.));
#7847 = ADVANCED_FACE('',(#7848),#7859,.T.);
#7848 = FACE_BOUND('',#7849,.T.);
#7849 = EDGE_LOOP('',(#7850,#7851,#7852,#7858));
#7850 = ORIENTED_EDGE('',*,*,#7836,.T.);
#7851 = ORIENTED_EDGE('',*,*,#7664,.F.);
#7852 = ORIENTED_EDGE('',*,*,#7853,.F.);
#7853 = EDGE_CURVE('',#7502,#7657,#7854,.T.);
#7854 = LINE('',#7855,#7856);
#7855 = CARTESIAN_POINT('',(7.37499975,0.449167227259,3.881217693382));
#7856 = VECTOR('',#7857,1.);
#7857 = DIRECTION('',(1.,-1.224646799147E-16,0.));
#7858 = ORIENTED_EDGE('',*,*,#7501,.T.);
#7859 = PLANE('',#7860);
#7860 = AXIS2_PLACEMENT_3D('',#7861,#7862,#7863);
#7861 = CARTESIAN_POINT('',(7.37499975,0.449167227259,3.881217693382));
#7862 = DIRECTION('',(1.100986194907E-16,0.89902345368,-0.437900479257)
  );
#7863 = DIRECTION('',(-1.,1.224646799147E-16,0.));
#7864 = ADVANCED_FACE('',(#7865),#7876,.T.);
#7865 = FACE_BOUND('',#7866,.T.);
#7866 = EDGE_LOOP('',(#7867,#7868,#7869,#7875));
#7867 = ORIENTED_EDGE('',*,*,#7853,.T.);
#7868 = ORIENTED_EDGE('',*,*,#7656,.F.);
#7869 = ORIENTED_EDGE('',*,*,#7870,.F.);
#7870 = EDGE_CURVE('',#7510,#7649,#7871,.T.);
#7871 = LINE('',#7872,#7873);
#7872 = CARTESIAN_POINT('',(7.37499975,0.449167227259,2.581217693382));
#7873 = VECTOR('',#7874,1.);
#7874 = DIRECTION('',(1.,-1.224646799147E-16,0.));
#7875 = ORIENTED_EDGE('',*,*,#7509,.T.);
#7876 = PLANE('',#7877);
#7877 = AXIS2_PLACEMENT_3D('',#7878,#7879,#7880);
#7878 = CARTESIAN_POINT('',(7.37499975,0.449167227259,2.581217693382));
#7879 = DIRECTION('',(1.224646799147E-16,1.,1.224646799147E-16));
#7880 = DIRECTION('',(-1.,1.224646799147E-16,0.));
#7881 = ADVANCED_FACE('',(#7882),#7893,.T.);
#7882 = FACE_BOUND('',#7883,.T.);
#7883 = EDGE_LOOP('',(#7884,#7885,#7886,#7892));
#7884 = ORIENTED_EDGE('',*,*,#7870,.T.);
#7885 = ORIENTED_EDGE('',*,*,#7648,.F.);
#7886 = ORIENTED_EDGE('',*,*,#7887,.F.);
#7887 = EDGE_CURVE('',#7518,#7641,#7888,.T.);
#7888 = LINE('',#7889,#7890);
#7889 = CARTESIAN_POINT('',(7.37499975,1.379167227259,2.581217693382));
#7890 = VECTOR('',#7891,1.);
#7891 = DIRECTION('',(1.,-1.224646799147E-16,0.));
#7892 = ORIENTED_EDGE('',*,*,#7517,.T.);
#7893 = PLANE('',#7894);
#7894 = AXIS2_PLACEMENT_3D('',#7895,#7896,#7897);
#7895 = CARTESIAN_POINT('',(7.37499975,1.379167227259,2.581217693382));
#7896 = DIRECTION('',(-1.499759782662E-32,-1.224646799147E-16,1.));
#7897 = DIRECTION('',(-1.224646799147E-16,-1.,-1.224646799147E-16));
#7898 = ADVANCED_FACE('',(#7899),#7905,.T.);
#7899 = FACE_BOUND('',#7900,.T.);
#7900 = EDGE_LOOP('',(#7901,#7902,#7903,#7904));
#7901 = ORIENTED_EDGE('',*,*,#7525,.T.);
#7902 = ORIENTED_EDGE('',*,*,#7887,.T.);
#7903 = ORIENTED_EDGE('',*,*,#7640,.F.);
#7904 = ORIENTED_EDGE('',*,*,#3390,.F.);
#7905 = PLANE('',#7906);
#7906 = AXIS2_PLACEMENT_3D('',#7907,#7908,#7909);
#7907 = CARTESIAN_POINT('',(7.37499975,1.379167227259,2.001217693382));
#7908 = DIRECTION('',(1.224646799147E-16,1.,1.224646799147E-16));
#7909 = DIRECTION('',(-1.,1.224646799147E-16,0.));
#7910 = ADVANCED_FACE('',(#7911),#7922,.T.);
#7911 = FACE_BOUND('',#7912,.T.);
#7912 = EDGE_LOOP('',(#7913,#7914,#7920,#7921));
#7913 = ORIENTED_EDGE('',*,*,#7722,.F.);
#7914 = ORIENTED_EDGE('',*,*,#7915,.F.);
#7915 = EDGE_CURVE('',#7543,#7714,#7916,.T.);
#7916 = LINE('',#7917,#7918);
#7917 = CARTESIAN_POINT('',(7.37499975,1.431027864408,4.467679270219));
#7918 = VECTOR('',#7919,1.);
#7919 = DIRECTION('',(1.,-1.224646799147E-16,0.));
#7920 = ORIENTED_EDGE('',*,*,#7542,.T.);
#7921 = ORIENTED_EDGE('',*,*,#1207,.T.);
#7922 = PLANE('',#7923);
#7923 = AXIS2_PLACEMENT_3D('',#7924,#7925,#7926);
#7924 = CARTESIAN_POINT('',(7.37499975,1.431027864408,4.467679270219));
#7925 = DIRECTION('',(-1.17889950941E-16,-0.962644503077,-0.27076846326)
  );
#7926 = DIRECTION('',(1.,-1.224646799147E-16,0.));
#7927 = ADVANCED_FACE('',(#7928),#7939,.T.);
#7928 = FACE_BOUND('',#7929,.T.);
#7929 = EDGE_LOOP('',(#7930,#7931,#7932,#7938));
#7930 = ORIENTED_EDGE('',*,*,#7915,.T.);
#7931 = ORIENTED_EDGE('',*,*,#7713,.F.);
#7932 = ORIENTED_EDGE('',*,*,#7933,.F.);
#7933 = EDGE_CURVE('',#7551,#7706,#7934,.T.);
#7934 = LINE('',#7935,#7936);
#7935 = CARTESIAN_POINT('',(7.37499975,1.434208916878,4.503112717345));
#7936 = VECTOR('',#7937,1.);
#7937 = DIRECTION('',(1.,-1.224646799147E-16,0.));
#7938 = ORIENTED_EDGE('',*,*,#7550,.T.);
#7939 = CYLINDRICAL_SURFACE('',#7940,5.E-02);
#7940 = AXIS2_PLACEMENT_3D('',#7941,#7942,#7943);
#7941 = CARTESIAN_POINT('',(7.37499975,1.479160089562,4.481217693382));
#7942 = DIRECTION('',(-1.,1.224646799147E-16,0.));
#7943 = DIRECTION('',(1.499759782662E-32,1.224646799147E-16,-1.));
#7944 = ADVANCED_FACE('',(#7945),#7951,.T.);
#7945 = FACE_BOUND('',#7946,.T.);
#7946 = EDGE_LOOP('',(#7947,#7948,#7949,#7950));
#7947 = ORIENTED_EDGE('',*,*,#7559,.T.);
#7948 = ORIENTED_EDGE('',*,*,#7933,.T.);
#7949 = ORIENTED_EDGE('',*,*,#7705,.F.);
#7950 = ORIENTED_EDGE('',*,*,#1189,.F.);
#7951 = PLANE('',#7952);
#7952 = AXIS2_PLACEMENT_3D('',#7953,#7954,#7955);
#7953 = CARTESIAN_POINT('',(7.37499975,1.688415945827,5.025007741308));
#7954 = DIRECTION('',(-1.100986194907E-16,-0.89902345368,0.437900479257)
  );
#7955 = DIRECTION('',(5.362734202678E-17,0.437900479257,0.89902345368));
#7956 = ADVANCED_FACE('',(#7957),#7968,.T.);
#7957 = FACE_BOUND('',#7958,.T.);
#7958 = EDGE_LOOP('',(#7959,#7960,#7966,#7967));
#7959 = ORIENTED_EDGE('',*,*,#3015,.F.);
#7960 = ORIENTED_EDGE('',*,*,#7961,.F.);
#7961 = EDGE_CURVE('',#2822,#3007,#7962,.T.);
#7962 = LINE('',#7963,#7964);
#7963 = CARTESIAN_POINT('',(10.37499975,1.431027864408,4.467679270219));
#7964 = VECTOR('',#7965,1.);
#7965 = DIRECTION('',(1.,-1.224646799147E-16,0.));
#7966 = ORIENTED_EDGE('',*,*,#2821,.T.);
#7967 = ORIENTED_EDGE('',*,*,#1241,.T.);
#7968 = PLANE('',#7969);
#7969 = AXIS2_PLACEMENT_3D('',#7970,#7971,#7972);
#7970 = CARTESIAN_POINT('',(10.37499975,1.431027864408,4.467679270219));
#7971 = DIRECTION('',(-1.17889950941E-16,-0.962644503077,-0.27076846326)
  );
#7972 = DIRECTION('',(1.,-1.224646799147E-16,0.));
#7973 = ADVANCED_FACE('',(#7974),#7985,.T.);
#7974 = FACE_BOUND('',#7975,.T.);
#7975 = EDGE_LOOP('',(#7976,#7977,#7978,#7984));
#7976 = ORIENTED_EDGE('',*,*,#7961,.T.);
#7977 = ORIENTED_EDGE('',*,*,#3006,.F.);
#7978 = ORIENTED_EDGE('',*,*,#7979,.F.);
#7979 = EDGE_CURVE('',#2830,#2999,#7980,.T.);
#7980 = LINE('',#7981,#7982);
#7981 = CARTESIAN_POINT('',(10.37499975,1.434208916878,4.503112717345));
#7982 = VECTOR('',#7983,1.);
#7983 = DIRECTION('',(1.,-1.224646799147E-16,0.));
#7984 = ORIENTED_EDGE('',*,*,#2829,.T.);
#7985 = CYLINDRICAL_SURFACE('',#7986,5.E-02);
#7986 = AXIS2_PLACEMENT_3D('',#7987,#7988,#7989);
#7987 = CARTESIAN_POINT('',(10.37499975,1.479160089562,4.481217693382));
#7988 = DIRECTION('',(-1.,1.224646799147E-16,0.));
#7989 = DIRECTION('',(1.499759782662E-32,1.224646799147E-16,-1.));
#7990 = ADVANCED_FACE('',(#7991),#7997,.T.);
#7991 = FACE_BOUND('',#7992,.T.);
#7992 = EDGE_LOOP('',(#7993,#7994,#7995,#7996));
#7993 = ORIENTED_EDGE('',*,*,#2838,.T.);
#7994 = ORIENTED_EDGE('',*,*,#7979,.T.);
#7995 = ORIENTED_EDGE('',*,*,#2998,.F.);
#7996 = ORIENTED_EDGE('',*,*,#1223,.F.);
#7997 = PLANE('',#7998);
#7998 = AXIS2_PLACEMENT_3D('',#7999,#8000,#8001);
#7999 = CARTESIAN_POINT('',(10.37499975,1.688415945827,5.025007741308));
#8000 = DIRECTION('',(-1.100986194907E-16,-0.89902345368,0.437900479257)
  );
#8001 = DIRECTION('',(5.362734202678E-17,0.437900479257,0.89902345368));
#8002 = ADVANCED_FACE('',(#8003),#8029,.T.);
#8003 = FACE_BOUND('',#8004,.T.);
#8004 = EDGE_LOOP('',(#8005,#8015,#8021,#8022,#8023));
#8005 = ORIENTED_EDGE('',*,*,#8006,.T.);
#8006 = EDGE_CURVE('',#8007,#8009,#8011,.T.);
#8007 = VERTEX_POINT('',#8008);
#8008 = CARTESIAN_POINT('',(9.94999975,8.916722725872E-02,7.921217693382
    ));
#8009 = VERTEX_POINT('',#8010);
#8010 = CARTESIAN_POINT('',(12.04999975,8.916722725872E-02,
    7.921217693382));
#8011 = LINE('',#8012,#8013);
#8012 = CARTESIAN_POINT('',(9.94999975,8.916722725872E-02,7.921217693382
    ));
#8013 = VECTOR('',#8014,1.);
#8014 = DIRECTION('',(1.,-1.224646799147E-16,0.));
#8015 = ORIENTED_EDGE('',*,*,#8016,.F.);
#8016 = EDGE_CURVE('',#1756,#8009,#8017,.T.);
#8017 = LINE('',#8018,#8019);
#8018 = CARTESIAN_POINT('',(11.94999975,0.189167227259,7.821217693382));
#8019 = VECTOR('',#8020,1.);
#8020 = DIRECTION('',(0.57735026919,-0.57735026919,0.57735026919));
#8021 = ORIENTED_EDGE('',*,*,#1755,.T.);
#8022 = ORIENTED_EDGE('',*,*,#2646,.F.);
#8023 = ORIENTED_EDGE('',*,*,#8024,.T.);
#8024 = EDGE_CURVE('',#2639,#8007,#8025,.T.);
#8025 = LINE('',#8026,#8027);
#8026 = CARTESIAN_POINT('',(9.94999975,0.289167227259,7.721217693382));
#8027 = VECTOR('',#8028,1.);
#8028 = DIRECTION('',(-8.659560562355E-17,-0.707106781187,0.707106781187
    ));
#8029 = PLANE('',#8030);
#8030 = AXIS2_PLACEMENT_3D('',#8031,#8032,#8033);
#8031 = CARTESIAN_POINT('',(5.24999975,0.189167227259,7.821217693382));
#8032 = DIRECTION('',(8.659560562355E-17,0.707106781187,0.707106781187)
  );
#8033 = DIRECTION('',(1.,-1.224646799147E-16,0.));
#8034 = ADVANCED_FACE('',(#8035),#8061,.T.);
#8035 = FACE_BOUND('',#8036,.T.);
#8036 = EDGE_LOOP('',(#8037,#8038,#8039,#8047,#8055));
#8037 = ORIENTED_EDGE('',*,*,#2564,.F.);
#8038 = ORIENTED_EDGE('',*,*,#2302,.F.);
#8039 = ORIENTED_EDGE('',*,*,#8040,.T.);
#8040 = EDGE_CURVE('',#2295,#8041,#8043,.T.);
#8041 = VERTEX_POINT('',#8042);
#8042 = CARTESIAN_POINT('',(-1.55000025,8.916722725872E-02,
    7.921217693382));
#8043 = LINE('',#8044,#8045);
#8044 = CARTESIAN_POINT('',(-1.45000025,0.189167227259,7.821217693382));
#8045 = VECTOR('',#8046,1.);
#8046 = DIRECTION('',(-0.57735026919,-0.57735026919,0.57735026919));
#8047 = ORIENTED_EDGE('',*,*,#8048,.T.);
#8048 = EDGE_CURVE('',#8041,#8049,#8051,.T.);
#8049 = VERTEX_POINT('',#8050);
#8050 = CARTESIAN_POINT('',(0.54999975,8.916722725872E-02,7.921217693382
    ));
#8051 = LINE('',#8052,#8053);
#8052 = CARTESIAN_POINT('',(-1.55000025,8.916722725872E-02,
    7.921217693382));
#8053 = VECTOR('',#8054,1.);
#8054 = DIRECTION('',(1.,-1.224646799147E-16,0.));
#8055 = ORIENTED_EDGE('',*,*,#8056,.F.);
#8056 = EDGE_CURVE('',#2565,#8049,#8057,.T.);
#8057 = LINE('',#8058,#8059);
#8058 = CARTESIAN_POINT('',(0.54999975,0.289167227259,7.721217693382));
#8059 = VECTOR('',#8060,1.);
#8060 = DIRECTION('',(-8.659560562355E-17,-0.707106781187,0.707106781187
    ));
#8061 = PLANE('',#8062);
#8062 = AXIS2_PLACEMENT_3D('',#8063,#8064,#8065);
#8063 = CARTESIAN_POINT('',(5.24999975,0.189167227259,7.821217693382));
#8064 = DIRECTION('',(8.659560562355E-17,0.707106781187,0.707106781187)
  );
#8065 = DIRECTION('',(1.,-1.224646799147E-16,0.));
#8066 = ADVANCED_FACE('',(#8067),#8093,.F.);
#8067 = FACE_BOUND('',#8068,.T.);
#8068 = EDGE_LOOP('',(#8069,#8070,#8071,#8079,#8087));
#8069 = ORIENTED_EDGE('',*,*,#8024,.F.);
#8070 = ORIENTED_EDGE('',*,*,#2638,.T.);
#8071 = ORIENTED_EDGE('',*,*,#8072,.F.);
#8072 = EDGE_CURVE('',#8073,#2631,#8075,.T.);
#8073 = VERTEX_POINT('',#8074);
#8074 = CARTESIAN_POINT('',(9.94999975,-0.460832772741,7.121217693382));
#8075 = LINE('',#8076,#8077);
#8076 = CARTESIAN_POINT('',(9.94999975,-0.460832772741,7.121217693382));
#8077 = VECTOR('',#8078,1.);
#8078 = DIRECTION('',(1.224646799147E-16,1.,1.224646799147E-16));
#8079 = ORIENTED_EDGE('',*,*,#8080,.F.);
#8080 = EDGE_CURVE('',#8081,#8073,#8083,.T.);
#8081 = VERTEX_POINT('',#8082);
#8082 = CARTESIAN_POINT('',(9.94999975,-0.460832772741,7.921217693382));
#8083 = LINE('',#8084,#8085);
#8084 = CARTESIAN_POINT('',(9.94999975,-0.460832772741,7.921217693382));
#8085 = VECTOR('',#8086,1.);
#8086 = DIRECTION('',(1.499759782662E-32,1.224646799147E-16,-1.));
#8087 = ORIENTED_EDGE('',*,*,#8088,.T.);
#8088 = EDGE_CURVE('',#8081,#8007,#8089,.T.);
#8089 = LINE('',#8090,#8091);
#8090 = CARTESIAN_POINT('',(9.94999975,-0.460832772741,7.921217693382));
#8091 = VECTOR('',#8092,1.);
#8092 = DIRECTION('',(1.224646799147E-16,1.,1.224646799147E-16));
#8093 = PLANE('',#8094);
#8094 = AXIS2_PLACEMENT_3D('',#8095,#8096,#8097);
#8095 = CARTESIAN_POINT('',(9.94999975,-0.460832772741,7.921217693382));
#8096 = DIRECTION('',(1.,-1.224646799147E-16,0.));
#8097 = DIRECTION('',(1.499759782662E-32,1.224646799147E-16,-1.));
#8098 = ADVANCED_FACE('',(#8099),#8149,.T.);
#8099 = FACE_BOUND('',#8100,.T.);
#8100 = EDGE_LOOP('',(#8101,#8111,#8119,#8127,#8135,#8141,#8142,#8143));
#8101 = ORIENTED_EDGE('',*,*,#8102,.F.);
#8102 = EDGE_CURVE('',#8103,#8105,#8107,.T.);
#8103 = VERTEX_POINT('',#8104);
#8104 = CARTESIAN_POINT('',(9.84999975,-0.760832772741,7.921217693382));
#8105 = VERTEX_POINT('',#8106);
#8106 = CARTESIAN_POINT('',(9.84999975,-0.460832772741,7.921217693382));
#8107 = LINE('',#8108,#8109);
#8108 = CARTESIAN_POINT('',(9.84999975,-0.760832772741,7.921217693382));
#8109 = VECTOR('',#8110,1.);
#8110 = DIRECTION('',(1.224646799147E-16,1.,1.224646799147E-16));
#8111 = ORIENTED_EDGE('',*,*,#8112,.T.);
#8112 = EDGE_CURVE('',#8103,#8113,#8115,.T.);
#8113 = VERTEX_POINT('',#8114);
#8114 = CARTESIAN_POINT('',(12.69999975,-0.760832772741,7.921217693382)
  );
#8115 = LINE('',#8116,#8117);
#8116 = CARTESIAN_POINT('',(9.84999975,-0.760832772741,7.921217693382));
#8117 = VECTOR('',#8118,1.);
#8118 = DIRECTION('',(1.,-1.224646799147E-16,0.));
#8119 = ORIENTED_EDGE('',*,*,#8120,.T.);
#8120 = EDGE_CURVE('',#8113,#8121,#8123,.T.);
#8121 = VERTEX_POINT('',#8122);
#8122 = CARTESIAN_POINT('',(12.69999975,0.879167227259,7.921217693382));
#8123 = LINE('',#8124,#8125);
#8124 = CARTESIAN_POINT('',(12.69999975,-0.760832772741,7.921217693382)
  );
#8125 = VECTOR('',#8126,1.);
#8126 = DIRECTION('',(1.224646799147E-16,1.,1.224646799147E-16));
#8127 = ORIENTED_EDGE('',*,*,#8128,.F.);
#8128 = EDGE_CURVE('',#8129,#8121,#8131,.T.);
#8129 = VERTEX_POINT('',#8130);
#8130 = CARTESIAN_POINT('',(12.04999975,0.879167227259,7.921217693382));
#8131 = LINE('',#8132,#8133);
#8132 = CARTESIAN_POINT('',(12.04999975,0.879167227259,7.921217693382));
#8133 = VECTOR('',#8134,1.);
#8134 = DIRECTION('',(1.,-1.224646799147E-16,0.));
#8135 = ORIENTED_EDGE('',*,*,#8136,.T.);
#8136 = EDGE_CURVE('',#8129,#8009,#8137,.T.);
#8137 = LINE('',#8138,#8139);
#8138 = CARTESIAN_POINT('',(12.04999975,0.879167227259,7.921217693382));
#8139 = VECTOR('',#8140,1.);
#8140 = DIRECTION('',(-1.224646799147E-16,-1.,-1.224646799147E-16));
#8141 = ORIENTED_EDGE('',*,*,#8006,.F.);
#8142 = ORIENTED_EDGE('',*,*,#8088,.F.);
#8143 = ORIENTED_EDGE('',*,*,#8144,.F.);
#8144 = EDGE_CURVE('',#8105,#8081,#8145,.T.);
#8145 = LINE('',#8146,#8147);
#8146 = CARTESIAN_POINT('',(9.84999975,-0.460832772741,7.921217693382));
#8147 = VECTOR('',#8148,1.);
#8148 = DIRECTION('',(1.,-1.224646799147E-16,0.));
#8149 = PLANE('',#8150);
#8150 = AXIS2_PLACEMENT_3D('',#8151,#8152,#8153);
#8151 = CARTESIAN_POINT('',(5.24999975,3.189167227259,7.921217693382));
#8152 = DIRECTION('',(-1.499759782662E-32,-1.224646799147E-16,1.));
#8153 = DIRECTION('',(-1.224646799147E-16,-1.,-1.224646799147E-16));
#8154 = ADVANCED_FACE('',(#8155),#8212,.T.);
#8155 = FACE_BOUND('',#8156,.T.);
#8156 = EDGE_LOOP('',(#8157,#8158,#8166,#8174,#8182,#8190,#8198,#8206));
#8157 = ORIENTED_EDGE('',*,*,#8048,.F.);
#8158 = ORIENTED_EDGE('',*,*,#8159,.T.);
#8159 = EDGE_CURVE('',#8041,#8160,#8162,.T.);
#8160 = VERTEX_POINT('',#8161);
#8161 = CARTESIAN_POINT('',(-1.55000025,0.879167227259,7.921217693382));
#8162 = LINE('',#8163,#8164);
#8163 = CARTESIAN_POINT('',(-1.55000025,8.916722725872E-02,
    7.921217693382));
#8164 = VECTOR('',#8165,1.);
#8165 = DIRECTION('',(1.224646799147E-16,1.,1.224646799147E-16));
#8166 = ORIENTED_EDGE('',*,*,#8167,.F.);
#8167 = EDGE_CURVE('',#8168,#8160,#8170,.T.);
#8168 = VERTEX_POINT('',#8169);
#8169 = CARTESIAN_POINT('',(-2.20000025,0.879167227259,7.921217693382));
#8170 = LINE('',#8171,#8172);
#8171 = CARTESIAN_POINT('',(-2.20000025,0.879167227259,7.921217693382));
#8172 = VECTOR('',#8173,1.);
#8173 = DIRECTION('',(1.,-1.224646799147E-16,0.));
#8174 = ORIENTED_EDGE('',*,*,#8175,.T.);
#8175 = EDGE_CURVE('',#8168,#8176,#8178,.T.);
#8176 = VERTEX_POINT('',#8177);
#8177 = CARTESIAN_POINT('',(-2.20000025,-0.760832772741,7.921217693382)
  );
#8178 = LINE('',#8179,#8180);
#8179 = CARTESIAN_POINT('',(-2.20000025,0.879167227259,7.921217693382));
#8180 = VECTOR('',#8181,1.);
#8181 = DIRECTION('',(-1.224646799147E-16,-1.,-1.224646799147E-16));
#8182 = ORIENTED_EDGE('',*,*,#8183,.T.);
#8183 = EDGE_CURVE('',#8176,#8184,#8186,.T.);
#8184 = VERTEX_POINT('',#8185);
#8185 = CARTESIAN_POINT('',(0.64999975,-0.760832772741,7.921217693382));
#8186 = LINE('',#8187,#8188);
#8187 = CARTESIAN_POINT('',(-2.20000025,-0.760832772741,7.921217693382)
  );
#8188 = VECTOR('',#8189,1.);
#8189 = DIRECTION('',(1.,-1.224646799147E-16,0.));
#8190 = ORIENTED_EDGE('',*,*,#8191,.T.);
#8191 = EDGE_CURVE('',#8184,#8192,#8194,.T.);
#8192 = VERTEX_POINT('',#8193);
#8193 = CARTESIAN_POINT('',(0.64999975,-0.460832772741,7.921217693382));
#8194 = LINE('',#8195,#8196);
#8195 = CARTESIAN_POINT('',(0.64999975,-0.760832772741,7.921217693382));
#8196 = VECTOR('',#8197,1.);
#8197 = DIRECTION('',(1.224646799147E-16,1.,1.224646799147E-16));
#8198 = ORIENTED_EDGE('',*,*,#8199,.F.);
#8199 = EDGE_CURVE('',#8200,#8192,#8202,.T.);
#8200 = VERTEX_POINT('',#8201);
#8201 = CARTESIAN_POINT('',(0.54999975,-0.460832772741,7.921217693382));
#8202 = LINE('',#8203,#8204);
#8203 = CARTESIAN_POINT('',(0.54999975,-0.460832772741,7.921217693382));
#8204 = VECTOR('',#8205,1.);
#8205 = DIRECTION('',(1.,-1.224646799147E-16,0.));
#8206 = ORIENTED_EDGE('',*,*,#8207,.F.);
#8207 = EDGE_CURVE('',#8049,#8200,#8208,.T.);
#8208 = LINE('',#8209,#8210);
#8209 = CARTESIAN_POINT('',(0.54999975,8.916722725872E-02,7.921217693382
    ));
#8210 = VECTOR('',#8211,1.);
#8211 = DIRECTION('',(-1.224646799147E-16,-1.,-1.224646799147E-16));
#8212 = PLANE('',#8213);
#8213 = AXIS2_PLACEMENT_3D('',#8214,#8215,#8216);
#8214 = CARTESIAN_POINT('',(5.24999975,3.189167227259,7.921217693382));
#8215 = DIRECTION('',(-1.499759782662E-32,-1.224646799147E-16,1.));
#8216 = DIRECTION('',(-1.224646799147E-16,-1.,-1.224646799147E-16));
#8217 = ADVANCED_FACE('',(#8218),#8253,.F.);
#8218 = FACE_BOUND('',#8219,.T.);
#8219 = EDGE_LOOP('',(#8220,#8221,#8229,#8237,#8246,#8252));
#8220 = ORIENTED_EDGE('',*,*,#8080,.T.);
#8221 = ORIENTED_EDGE('',*,*,#8222,.F.);
#8222 = EDGE_CURVE('',#8223,#8073,#8225,.T.);
#8223 = VERTEX_POINT('',#8224);
#8224 = CARTESIAN_POINT('',(9.19999975,-0.460832772741,7.121217693382));
#8225 = LINE('',#8226,#8227);
#8226 = CARTESIAN_POINT('',(9.19999975,-0.460832772741,7.121217693382));
#8227 = VECTOR('',#8228,1.);
#8228 = DIRECTION('',(1.,-1.224646799147E-16,0.));
#8229 = ORIENTED_EDGE('',*,*,#8230,.F.);
#8230 = EDGE_CURVE('',#8231,#8223,#8233,.T.);
#8231 = VERTEX_POINT('',#8232);
#8232 = CARTESIAN_POINT('',(9.19999975,-0.460832772741,7.137648118039));
#8233 = LINE('',#8234,#8235);
#8234 = CARTESIAN_POINT('',(9.19999975,-0.460832772741,7.137648118039));
#8235 = VECTOR('',#8236,1.);
#8236 = DIRECTION('',(1.499759782662E-32,1.224646799147E-16,-1.));
#8237 = ORIENTED_EDGE('',*,*,#8238,.T.);
#8238 = EDGE_CURVE('',#8231,#8239,#8241,.T.);
#8239 = VERTEX_POINT('',#8240);
#8240 = CARTESIAN_POINT('',(9.496875081249,-0.460832772741,7.35621822338
    ));
#8241 = CIRCLE('',#8242,0.5);
#8242 = AXIS2_PLACEMENT_3D('',#8243,#8244,#8245);
#8243 = CARTESIAN_POINT('',(9.072875929246,-0.460832772741,
    7.621217693382));
#8244 = DIRECTION('',(-1.224646799147E-16,-1.,-1.224646799147E-16));
#8245 = DIRECTION('',(0.254247641507,8.730403048543E-17,-0.967139150685)
  );
#8246 = ORIENTED_EDGE('',*,*,#8247,.T.);
#8247 = EDGE_CURVE('',#8239,#8105,#8248,.T.);
#8248 = LINE('',#8249,#8250);
#8249 = CARTESIAN_POINT('',(9.496875081249,-0.460832772741,7.35621822338
    ));
#8250 = VECTOR('',#8251,1.);
#8251 = DIRECTION('',(0.529998940003,-1.687559914109E-16,0.847998304005)
  );
#8252 = ORIENTED_EDGE('',*,*,#8144,.T.);
#8253 = PLANE('',#8254);
#8254 = AXIS2_PLACEMENT_3D('',#8255,#8256,#8257);
#8255 = CARTESIAN_POINT('',(9.19999975,-0.460832772741,7.921217693382));
#8256 = DIRECTION('',(-1.224646799147E-16,-1.,-1.224646799147E-16));
#8257 = DIRECTION('',(-1.499759782662E-32,-1.224646799147E-16,1.));
#8258 = ADVANCED_FACE('',(#8259),#8277,.F.);
#8259 = FACE_BOUND('',#8260,.T.);
#8260 = EDGE_LOOP('',(#8261,#8269,#8275,#8276));
#8261 = ORIENTED_EDGE('',*,*,#8262,.F.);
#8262 = EDGE_CURVE('',#8263,#8239,#8265,.T.);
#8263 = VERTEX_POINT('',#8264);
#8264 = CARTESIAN_POINT('',(9.496875081249,-0.760832772741,7.35621822338
    ));
#8265 = LINE('',#8266,#8267);
#8266 = CARTESIAN_POINT('',(9.496875081249,-0.760832772741,7.35621822338
    ));
#8267 = VECTOR('',#8268,1.);
#8268 = DIRECTION('',(1.224646799147E-16,1.,1.224646799147E-16));
#8269 = ORIENTED_EDGE('',*,*,#8270,.T.);
#8270 = EDGE_CURVE('',#8263,#8103,#8271,.T.);
#8271 = LINE('',#8272,#8273);
#8272 = CARTESIAN_POINT('',(9.496875081249,-0.760832772741,7.35621822338
    ));
#8273 = VECTOR('',#8274,1.);
#8274 = DIRECTION('',(0.529998940003,-1.687559914109E-16,0.847998304005)
  );
#8275 = ORIENTED_EDGE('',*,*,#8102,.T.);
#8276 = ORIENTED_EDGE('',*,*,#8247,.F.);
#8277 = PLANE('',#8278);
#8278 = AXIS2_PLACEMENT_3D('',#8279,#8280,#8281);
#8279 = CARTESIAN_POINT('',(9.496875081249,-0.760832772741,7.35621822338
    ));
#8280 = DIRECTION('',(0.847998304005,-3.894369032558E-17,-0.529998940003
    ));
#8281 = DIRECTION('',(1.224646799147E-16,1.,1.224646799147E-16));
#8282 = ADVANCED_FACE('',(#8283),#8325,.T.);
#8283 = FACE_BOUND('',#8284,.T.);
#8284 = EDGE_LOOP('',(#8285,#8286,#8292,#8293,#8294,#8303,#8311,#8319));
#8285 = ORIENTED_EDGE('',*,*,#436,.T.);
#8286 = ORIENTED_EDGE('',*,*,#8287,.T.);
#8287 = EDGE_CURVE('',#429,#8113,#8288,.T.);
#8288 = LINE('',#8289,#8290);
#8289 = CARTESIAN_POINT('',(12.69999975,-0.760832772741,
    -2.878230661791E-02));
#8290 = VECTOR('',#8291,1.);
#8291 = DIRECTION('',(-1.499759782662E-32,-1.224646799147E-16,1.));
#8292 = ORIENTED_EDGE('',*,*,#8112,.F.);
#8293 = ORIENTED_EDGE('',*,*,#8270,.F.);
#8294 = ORIENTED_EDGE('',*,*,#8295,.F.);
#8295 = EDGE_CURVE('',#8296,#8263,#8298,.T.);
#8296 = VERTEX_POINT('',#8297);
#8297 = CARTESIAN_POINT('',(9.19999975,-0.760832772741,7.137648118039));
#8298 = CIRCLE('',#8299,0.5);
#8299 = AXIS2_PLACEMENT_3D('',#8300,#8301,#8302);
#8300 = CARTESIAN_POINT('',(9.072875929246,-0.760832772741,
    7.621217693382));
#8301 = DIRECTION('',(-1.224646799147E-16,-1.,-1.224646799147E-16));
#8302 = DIRECTION('',(0.254247641507,8.730403048543E-17,-0.967139150685)
  );
#8303 = ORIENTED_EDGE('',*,*,#8304,.F.);
#8304 = EDGE_CURVE('',#8305,#8296,#8307,.T.);
#8305 = VERTEX_POINT('',#8306);
#8306 = CARTESIAN_POINT('',(9.19999975,-0.760832772741,0.221217693382));
#8307 = LINE('',#8308,#8309);
#8308 = CARTESIAN_POINT('',(9.19999975,-0.760832772741,0.221217693382));
#8309 = VECTOR('',#8310,1.);
#8310 = DIRECTION('',(-1.499759782662E-32,-1.224646799147E-16,1.));
#8311 = ORIENTED_EDGE('',*,*,#8312,.F.);
#8312 = EDGE_CURVE('',#8313,#8305,#8315,.T.);
#8313 = VERTEX_POINT('',#8314);
#8314 = CARTESIAN_POINT('',(10.99999975,-0.760832772741,0.221217693382)
  );
#8315 = LINE('',#8316,#8317);
#8316 = CARTESIAN_POINT('',(10.99999975,-0.760832772741,0.221217693382)
  );
#8317 = VECTOR('',#8318,1.);
#8318 = DIRECTION('',(-1.,1.224646799147E-16,0.));
#8319 = ORIENTED_EDGE('',*,*,#8320,.F.);
#8320 = EDGE_CURVE('',#437,#8313,#8321,.T.);
#8321 = LINE('',#8322,#8323);
#8322 = CARTESIAN_POINT('',(10.99999975,-0.760832772741,
    -2.878230661791E-02));
#8323 = VECTOR('',#8324,1.);
#8324 = DIRECTION('',(-1.499759782662E-32,-1.224646799147E-16,1.));
#8325 = PLANE('',#8326);
#8326 = AXIS2_PLACEMENT_3D('',#8327,#8328,#8329);
#8327 = CARTESIAN_POINT('',(-2.20000025,-0.760832772741,
    -2.878230661791E-02));
#8328 = DIRECTION('',(-1.224646799147E-16,-1.,-1.224646799147E-16));
#8329 = DIRECTION('',(-1.499759782662E-32,-1.224646799147E-16,1.));
#8330 = ADVANCED_FACE('',(#8331),#8365,.T.);
#8331 = FACE_BOUND('',#8332,.T.);
#8332 = EDGE_LOOP('',(#8333,#8343,#8351,#8359));
#8333 = ORIENTED_EDGE('',*,*,#8334,.T.);
#8334 = EDGE_CURVE('',#8335,#8337,#8339,.T.);
#8335 = VERTEX_POINT('',#8336);
#8336 = CARTESIAN_POINT('',(6.94999975,-0.760832772741,0.221217693382));
#8337 = VERTEX_POINT('',#8338);
#8338 = CARTESIAN_POINT('',(6.94999975,-0.760832772741,7.121217693382));
#8339 = LINE('',#8340,#8341);
#8340 = CARTESIAN_POINT('',(6.94999975,-0.760832772741,0.221217693382));
#8341 = VECTOR('',#8342,1.);
#8342 = DIRECTION('',(-1.499759782662E-32,-1.224646799147E-16,1.));
#8343 = ORIENTED_EDGE('',*,*,#8344,.F.);
#8344 = EDGE_CURVE('',#8345,#8337,#8347,.T.);
#8345 = VERTEX_POINT('',#8346);
#8346 = CARTESIAN_POINT('',(3.54999975,-0.760832772741,7.121217693382));
#8347 = LINE('',#8348,#8349);
#8348 = CARTESIAN_POINT('',(3.54999975,-0.760832772741,7.121217693382));
#8349 = VECTOR('',#8350,1.);
#8350 = DIRECTION('',(1.,-1.224646799147E-16,0.));
#8351 = ORIENTED_EDGE('',*,*,#8352,.F.);
#8352 = EDGE_CURVE('',#8353,#8345,#8355,.T.);
#8353 = VERTEX_POINT('',#8354);
#8354 = CARTESIAN_POINT('',(3.54999975,-0.760832772741,0.221217693382));
#8355 = LINE('',#8356,#8357);
#8356 = CARTESIAN_POINT('',(3.54999975,-0.760832772741,0.221217693382));
#8357 = VECTOR('',#8358,1.);
#8358 = DIRECTION('',(-1.499759782662E-32,-1.224646799147E-16,1.));
#8359 = ORIENTED_EDGE('',*,*,#8360,.F.);
#8360 = EDGE_CURVE('',#8335,#8353,#8361,.T.);
#8361 = LINE('',#8362,#8363);
#8362 = CARTESIAN_POINT('',(6.94999975,-0.760832772741,0.221217693382));
#8363 = VECTOR('',#8364,1.);
#8364 = DIRECTION('',(-1.,1.224646799147E-16,0.));
#8365 = PLANE('',#8366);
#8366 = AXIS2_PLACEMENT_3D('',#8367,#8368,#8369);
#8367 = CARTESIAN_POINT('',(-2.20000025,-0.760832772741,
    -2.878230661791E-02));
#8368 = DIRECTION('',(-1.224646799147E-16,-1.,-1.224646799147E-16));
#8369 = DIRECTION('',(-1.499759782662E-32,-1.224646799147E-16,1.));
#8370 = ADVANCED_FACE('',(#8371),#8420,.T.);
#8371 = FACE_BOUND('',#8372,.T.);
#8372 = EDGE_LOOP('',(#8373,#8383,#8392,#8398,#8399,#8405,#8406,#8414));
#8373 = ORIENTED_EDGE('',*,*,#8374,.T.);
#8374 = EDGE_CURVE('',#8375,#8377,#8379,.T.);
#8375 = VERTEX_POINT('',#8376);
#8376 = CARTESIAN_POINT('',(1.29999975,-0.760832772741,0.221217693382));
#8377 = VERTEX_POINT('',#8378);
#8378 = CARTESIAN_POINT('',(1.29999975,-0.760832772741,7.137648118039));
#8379 = LINE('',#8380,#8381);
#8380 = CARTESIAN_POINT('',(1.29999975,-0.760832772741,0.221217693382));
#8381 = VECTOR('',#8382,1.);
#8382 = DIRECTION('',(-1.499759782662E-32,-1.224646799147E-16,1.));
#8383 = ORIENTED_EDGE('',*,*,#8384,.F.);
#8384 = EDGE_CURVE('',#8385,#8377,#8387,.T.);
#8385 = VERTEX_POINT('',#8386);
#8386 = CARTESIAN_POINT('',(1.003124418751,-0.760832772741,7.35621822338
    ));
#8387 = CIRCLE('',#8388,0.5);
#8388 = AXIS2_PLACEMENT_3D('',#8389,#8390,#8391);
#8389 = CARTESIAN_POINT('',(1.427123570754,-0.760832772741,
    7.621217693382));
#8390 = DIRECTION('',(-1.224646799147E-16,-1.,-1.224646799147E-16));
#8391 = DIRECTION('',(-0.847998304005,1.687559914109E-16,-0.529998940003
    ));
#8392 = ORIENTED_EDGE('',*,*,#8393,.F.);
#8393 = EDGE_CURVE('',#8184,#8385,#8394,.T.);
#8394 = LINE('',#8395,#8396);
#8395 = CARTESIAN_POINT('',(0.64999975,-0.760832772741,7.921217693382));
#8396 = VECTOR('',#8397,1.);
#8397 = DIRECTION('',(0.529998940003,3.894369032558E-17,-0.847998304005)
  );
#8398 = ORIENTED_EDGE('',*,*,#8183,.F.);
#8399 = ORIENTED_EDGE('',*,*,#8400,.F.);
#8400 = EDGE_CURVE('',#275,#8176,#8401,.T.);
#8401 = LINE('',#8402,#8403);
#8402 = CARTESIAN_POINT('',(-2.20000025,-0.760832772741,
    -2.878230661791E-02));
#8403 = VECTOR('',#8404,1.);
#8404 = DIRECTION('',(-1.499759782662E-32,-1.224646799147E-16,1.));
#8405 = ORIENTED_EDGE('',*,*,#274,.T.);
#8406 = ORIENTED_EDGE('',*,*,#8407,.T.);
#8407 = EDGE_CURVE('',#265,#8408,#8410,.T.);
#8408 = VERTEX_POINT('',#8409);
#8409 = CARTESIAN_POINT('',(-0.50000025,-0.760832772741,0.221217693382)
  );
#8410 = LINE('',#8411,#8412);
#8411 = CARTESIAN_POINT('',(-0.50000025,-0.760832772741,
    -2.878230661791E-02));
#8412 = VECTOR('',#8413,1.);
#8413 = DIRECTION('',(-1.499759782662E-32,-1.224646799147E-16,1.));
#8414 = ORIENTED_EDGE('',*,*,#8415,.F.);
#8415 = EDGE_CURVE('',#8375,#8408,#8416,.T.);
#8416 = LINE('',#8417,#8418);
#8417 = CARTESIAN_POINT('',(1.29999975,-0.760832772741,0.221217693382));
#8418 = VECTOR('',#8419,1.);
#8419 = DIRECTION('',(-1.,1.224646799147E-16,0.));
#8420 = PLANE('',#8421);
#8421 = AXIS2_PLACEMENT_3D('',#8422,#8423,#8424);
#8422 = CARTESIAN_POINT('',(-2.20000025,-0.760832772741,
    -2.878230661791E-02));
#8423 = DIRECTION('',(-1.224646799147E-16,-1.,-1.224646799147E-16));
#8424 = DIRECTION('',(-1.499759782662E-32,-1.224646799147E-16,1.));
#8425 = ADVANCED_FACE('',(#8426),#8444,.F.);
#8426 = FACE_BOUND('',#8427,.T.);
#8427 = EDGE_LOOP('',(#8428,#8429,#8437,#8443));
#8428 = ORIENTED_EDGE('',*,*,#8320,.T.);
#8429 = ORIENTED_EDGE('',*,*,#8430,.T.);
#8430 = EDGE_CURVE('',#8313,#8431,#8433,.T.);
#8431 = VERTEX_POINT('',#8432);
#8432 = CARTESIAN_POINT('',(10.99999975,-0.510832772741,0.221217693382)
  );
#8433 = LINE('',#8434,#8435);
#8434 = CARTESIAN_POINT('',(10.99999975,-0.760832772741,0.221217693382)
  );
#8435 = VECTOR('',#8436,1.);
#8436 = DIRECTION('',(1.224646799147E-16,1.,1.224646799147E-16));
#8437 = ORIENTED_EDGE('',*,*,#8438,.F.);
#8438 = EDGE_CURVE('',#445,#8431,#8439,.T.);
#8439 = LINE('',#8440,#8441);
#8440 = CARTESIAN_POINT('',(10.99999975,-0.510832772741,
    -2.878230661791E-02));
#8441 = VECTOR('',#8442,1.);
#8442 = DIRECTION('',(-1.499759782662E-32,-1.224646799147E-16,1.));
#8443 = ORIENTED_EDGE('',*,*,#444,.F.);
#8444 = PLANE('',#8445);
#8445 = AXIS2_PLACEMENT_3D('',#8446,#8447,#8448);
#8446 = CARTESIAN_POINT('',(10.99999975,-0.760832772741,
    -2.878230661791E-02));
#8447 = DIRECTION('',(1.,-1.224646799147E-16,0.));
#8448 = DIRECTION('',(1.499759782662E-32,1.224646799147E-16,-1.));
#8449 = ADVANCED_FACE('',(#8450),#8532,.F.);
#8450 = FACE_BOUND('',#8451,.T.);
#8451 = EDGE_LOOP('',(#8452,#8462,#8470,#8478,#8486,#8492,#8493,#8494,
    #8502,#8510,#8518,#8526));
#8452 = ORIENTED_EDGE('',*,*,#8453,.F.);
#8453 = EDGE_CURVE('',#8454,#8456,#8458,.T.);
#8454 = VERTEX_POINT('',#8455);
#8455 = CARTESIAN_POINT('',(3.54999975,-0.510832772741,7.121217693382));
#8456 = VERTEX_POINT('',#8457);
#8457 = CARTESIAN_POINT('',(3.54999975,-0.510832772741,0.221217693382));
#8458 = LINE('',#8459,#8460);
#8459 = CARTESIAN_POINT('',(3.54999975,-0.510832772741,7.121217693382));
#8460 = VECTOR('',#8461,1.);
#8461 = DIRECTION('',(1.499759782662E-32,1.224646799147E-16,-1.));
#8462 = ORIENTED_EDGE('',*,*,#8463,.F.);
#8463 = EDGE_CURVE('',#8464,#8454,#8466,.T.);
#8464 = VERTEX_POINT('',#8465);
#8465 = CARTESIAN_POINT('',(1.54999975,-0.510832772741,7.121217693382));
#8466 = LINE('',#8467,#8468);
#8467 = CARTESIAN_POINT('',(1.54999975,-0.510832772741,7.121217693382));
#8468 = VECTOR('',#8469,1.);
#8469 = DIRECTION('',(1.,-1.224646799147E-16,0.));
#8470 = ORIENTED_EDGE('',*,*,#8471,.T.);
#8471 = EDGE_CURVE('',#8464,#8472,#8474,.T.);
#8472 = VERTEX_POINT('',#8473);
#8473 = CARTESIAN_POINT('',(1.54999975,-0.510832772741,0.221217693382));
#8474 = LINE('',#8475,#8476);
#8475 = CARTESIAN_POINT('',(1.54999975,-0.510832772741,7.121217693382));
#8476 = VECTOR('',#8477,1.);
#8477 = DIRECTION('',(1.499759782662E-32,1.224646799147E-16,-1.));
#8478 = ORIENTED_EDGE('',*,*,#8479,.T.);
#8479 = EDGE_CURVE('',#8472,#8480,#8482,.T.);
#8480 = VERTEX_POINT('',#8481);
#8481 = CARTESIAN_POINT('',(-0.50000025,-0.510832772741,0.221217693382)
  );
#8482 = LINE('',#8483,#8484);
#8483 = CARTESIAN_POINT('',(1.54999975,-0.510832772741,0.221217693382));
#8484 = VECTOR('',#8485,1.);
#8485 = DIRECTION('',(-1.,1.224646799147E-16,0.));
#8486 = ORIENTED_EDGE('',*,*,#8487,.T.);
#8487 = EDGE_CURVE('',#8480,#267,#8488,.T.);
#8488 = LINE('',#8489,#8490);
#8489 = CARTESIAN_POINT('',(-0.50000025,-0.510832772741,0.221217693382)
  );
#8490 = VECTOR('',#8491,1.);
#8491 = DIRECTION('',(1.499759782662E-32,1.224646799147E-16,-1.));
#8492 = ORIENTED_EDGE('',*,*,#452,.F.);
#8493 = ORIENTED_EDGE('',*,*,#8438,.T.);
#8494 = ORIENTED_EDGE('',*,*,#8495,.T.);
#8495 = EDGE_CURVE('',#8431,#8496,#8498,.T.);
#8496 = VERTEX_POINT('',#8497);
#8497 = CARTESIAN_POINT('',(8.94999975,-0.510832772741,0.221217693382));
#8498 = LINE('',#8499,#8500);
#8499 = CARTESIAN_POINT('',(10.99999975,-0.510832772741,0.221217693382)
  );
#8500 = VECTOR('',#8501,1.);
#8501 = DIRECTION('',(-1.,1.224646799147E-16,0.));
#8502 = ORIENTED_EDGE('',*,*,#8503,.F.);
#8503 = EDGE_CURVE('',#8504,#8496,#8506,.T.);
#8504 = VERTEX_POINT('',#8505);
#8505 = CARTESIAN_POINT('',(8.94999975,-0.510832772741,7.121217693382));
#8506 = LINE('',#8507,#8508);
#8507 = CARTESIAN_POINT('',(8.94999975,-0.510832772741,7.121217693382));
#8508 = VECTOR('',#8509,1.);
#8509 = DIRECTION('',(1.499759782662E-32,1.224646799147E-16,-1.));
#8510 = ORIENTED_EDGE('',*,*,#8511,.F.);
#8511 = EDGE_CURVE('',#8512,#8504,#8514,.T.);
#8512 = VERTEX_POINT('',#8513);
#8513 = CARTESIAN_POINT('',(6.94999975,-0.510832772741,7.121217693382));
#8514 = LINE('',#8515,#8516);
#8515 = CARTESIAN_POINT('',(6.94999975,-0.510832772741,7.121217693382));
#8516 = VECTOR('',#8517,1.);
#8517 = DIRECTION('',(1.,-1.224646799147E-16,0.));
#8518 = ORIENTED_EDGE('',*,*,#8519,.T.);
#8519 = EDGE_CURVE('',#8512,#8520,#8522,.T.);
#8520 = VERTEX_POINT('',#8521);
#8521 = CARTESIAN_POINT('',(6.94999975,-0.510832772741,0.221217693382));
#8522 = LINE('',#8523,#8524);
#8523 = CARTESIAN_POINT('',(6.94999975,-0.510832772741,7.121217693382));
#8524 = VECTOR('',#8525,1.);
#8525 = DIRECTION('',(1.499759782662E-32,1.224646799147E-16,-1.));
#8526 = ORIENTED_EDGE('',*,*,#8527,.T.);
#8527 = EDGE_CURVE('',#8520,#8456,#8528,.T.);
#8528 = LINE('',#8529,#8530);
#8529 = CARTESIAN_POINT('',(6.94999975,-0.510832772741,0.221217693382));
#8530 = VECTOR('',#8531,1.);
#8531 = DIRECTION('',(-1.,1.224646799147E-16,0.));
#8532 = PLANE('',#8533);
#8533 = AXIS2_PLACEMENT_3D('',#8534,#8535,#8536);
#8534 = CARTESIAN_POINT('',(1.54999975,-0.510832772741,
    -2.878230661791E-02));
#8535 = DIRECTION('',(1.224646799147E-16,1.,1.224646799147E-16));
#8536 = DIRECTION('',(-1.,1.224646799147E-16,0.));
#8537 = ADVANCED_FACE('',(#8538),#8549,.F.);
#8538 = FACE_BOUND('',#8539,.T.);
#8539 = EDGE_LOOP('',(#8540,#8546,#8547,#8548));
#8540 = ORIENTED_EDGE('',*,*,#8541,.F.);
#8541 = EDGE_CURVE('',#8496,#8305,#8542,.T.);
#8542 = LINE('',#8543,#8544);
#8543 = CARTESIAN_POINT('',(8.94999975,-0.510832772741,0.221217693382));
#8544 = VECTOR('',#8545,1.);
#8545 = DIRECTION('',(0.707106781187,-0.707106781187,-8.659560562355E-17
    ));
#8546 = ORIENTED_EDGE('',*,*,#8495,.F.);
#8547 = ORIENTED_EDGE('',*,*,#8430,.F.);
#8548 = ORIENTED_EDGE('',*,*,#8312,.T.);
#8549 = PLANE('',#8550);
#8550 = AXIS2_PLACEMENT_3D('',#8551,#8552,#8553);
#8551 = CARTESIAN_POINT('',(10.99999975,-0.760832772741,0.221217693382)
  );
#8552 = DIRECTION('',(-1.499759782662E-32,-1.224646799147E-16,1.));
#8553 = DIRECTION('',(-1.224646799147E-16,-1.,-1.224646799147E-16));
#8554 = ADVANCED_FACE('',(#8555),#8571,.F.);
#8555 = FACE_BOUND('',#8556,.T.);
#8556 = EDGE_LOOP('',(#8557,#8563,#8564,#8570));
#8557 = ORIENTED_EDGE('',*,*,#8558,.F.);
#8558 = EDGE_CURVE('',#8456,#8353,#8559,.T.);
#8559 = LINE('',#8560,#8561);
#8560 = CARTESIAN_POINT('',(3.54999975,-0.510832772741,0.221217693382));
#8561 = VECTOR('',#8562,1.);
#8562 = DIRECTION('',(-1.224646799147E-16,-1.,-1.224646799147E-16));
#8563 = ORIENTED_EDGE('',*,*,#8527,.F.);
#8564 = ORIENTED_EDGE('',*,*,#8565,.F.);
#8565 = EDGE_CURVE('',#8335,#8520,#8566,.T.);
#8566 = LINE('',#8567,#8568);
#8567 = CARTESIAN_POINT('',(6.94999975,-0.760832772741,0.221217693382));
#8568 = VECTOR('',#8569,1.);
#8569 = DIRECTION('',(1.224646799147E-16,1.,1.224646799147E-16));
#8570 = ORIENTED_EDGE('',*,*,#8360,.T.);
#8571 = PLANE('',#8572);
#8572 = AXIS2_PLACEMENT_3D('',#8573,#8574,#8575);
#8573 = CARTESIAN_POINT('',(10.99999975,-0.760832772741,0.221217693382)
  );
#8574 = DIRECTION('',(-1.499759782662E-32,-1.224646799147E-16,1.));
#8575 = DIRECTION('',(-1.224646799147E-16,-1.,-1.224646799147E-16));
#8576 = ADVANCED_FACE('',(#8577),#8593,.F.);
#8577 = FACE_BOUND('',#8578,.T.);
#8578 = EDGE_LOOP('',(#8579,#8585,#8586,#8592));
#8579 = ORIENTED_EDGE('',*,*,#8580,.T.);
#8580 = EDGE_CURVE('',#8408,#8480,#8581,.T.);
#8581 = LINE('',#8582,#8583);
#8582 = CARTESIAN_POINT('',(-0.50000025,-0.760832772741,0.221217693382)
  );
#8583 = VECTOR('',#8584,1.);
#8584 = DIRECTION('',(1.224646799147E-16,1.,1.224646799147E-16));
#8585 = ORIENTED_EDGE('',*,*,#8479,.F.);
#8586 = ORIENTED_EDGE('',*,*,#8587,.F.);
#8587 = EDGE_CURVE('',#8375,#8472,#8588,.T.);
#8588 = LINE('',#8589,#8590);
#8589 = CARTESIAN_POINT('',(1.29999975,-0.760832772741,0.221217693382));
#8590 = VECTOR('',#8591,1.);
#8591 = DIRECTION('',(0.707106781187,0.707106781187,8.659560562355E-17)
  );
#8592 = ORIENTED_EDGE('',*,*,#8415,.T.);
#8593 = PLANE('',#8594);
#8594 = AXIS2_PLACEMENT_3D('',#8595,#8596,#8597);
#8595 = CARTESIAN_POINT('',(10.99999975,-0.760832772741,0.221217693382)
  );
#8596 = DIRECTION('',(-1.499759782662E-32,-1.224646799147E-16,1.));
#8597 = DIRECTION('',(-1.224646799147E-16,-1.,-1.224646799147E-16));
#8598 = ADVANCED_FACE('',(#8599),#8619,.F.);
#8599 = FACE_BOUND('',#8600,.T.);
#8600 = EDGE_LOOP('',(#8601,#8602,#8611,#8617,#8618));
#8601 = ORIENTED_EDGE('',*,*,#8304,.T.);
#8602 = ORIENTED_EDGE('',*,*,#8603,.F.);
#8603 = EDGE_CURVE('',#8604,#8296,#8606,.T.);
#8604 = VERTEX_POINT('',#8605);
#8605 = CARTESIAN_POINT('',(9.072875929246,-0.633708951987,
    7.121217693382));
#8606 = B_SPLINE_CURVE_WITH_KNOTS('',3,(#8607,#8608,#8609,#8610),
  .UNSPECIFIED.,.F.,.F.,(4,4),(0.,1.),.PIECEWISE_BEZIER_KNOTS.);
#8607 = CARTESIAN_POINT('',(9.072875929246,-0.633708951987,
    7.121217693382));
#8608 = CARTESIAN_POINT('',(9.115607423794,-0.676440446535,
    7.121217693382));
#8609 = CARTESIAN_POINT('',(9.157987941865,-0.718820964606,
    7.126603788869));
#8610 = CARTESIAN_POINT('',(9.19999975,-0.760832772741,7.137648118039));
#8611 = ORIENTED_EDGE('',*,*,#8612,.F.);
#8612 = EDGE_CURVE('',#8504,#8604,#8613,.T.);
#8613 = LINE('',#8614,#8615);
#8614 = CARTESIAN_POINT('',(8.94999975,-0.510832772741,7.121217693382));
#8615 = VECTOR('',#8616,1.);
#8616 = DIRECTION('',(0.707106781187,-0.707106781187,-8.659560562355E-17
    ));
#8617 = ORIENTED_EDGE('',*,*,#8503,.T.);
#8618 = ORIENTED_EDGE('',*,*,#8541,.T.);
#8619 = PLANE('',#8620);
#8620 = AXIS2_PLACEMENT_3D('',#8621,#8622,#8623);
#8621 = CARTESIAN_POINT('',(8.94999975,-0.510832772741,
    -2.878230661791E-02));
#8622 = DIRECTION('',(0.707106781187,0.707106781187,8.659560562355E-17)
  );
#8623 = DIRECTION('',(1.499759782662E-32,1.224646799147E-16,-1.));
#8624 = ADVANCED_FACE('',(#8625),#8664,.F.);
#8625 = FACE_BOUND('',#8626,.T.);
#8626 = EDGE_LOOP('',(#8627,#8633,#8634,#8635,#8641,#8642,#8650,#8656,
    #8657,#8663));
#8627 = ORIENTED_EDGE('',*,*,#8628,.T.);
#8628 = EDGE_CURVE('',#8337,#8512,#8629,.T.);
#8629 = LINE('',#8630,#8631);
#8630 = CARTESIAN_POINT('',(6.94999975,-0.760832772741,7.121217693382));
#8631 = VECTOR('',#8632,1.);
#8632 = DIRECTION('',(1.224646799147E-16,1.,1.224646799147E-16));
#8633 = ORIENTED_EDGE('',*,*,#8511,.T.);
#8634 = ORIENTED_EDGE('',*,*,#8612,.T.);
#8635 = ORIENTED_EDGE('',*,*,#8636,.T.);
#8636 = EDGE_CURVE('',#8604,#2606,#8637,.T.);
#8637 = LINE('',#8638,#8639);
#8638 = CARTESIAN_POINT('',(9.072875929246,-0.633708951987,
    7.121217693382));
#8639 = VECTOR('',#8640,1.);
#8640 = DIRECTION('',(1.224646799147E-16,1.,1.224646799147E-16));
#8641 = ORIENTED_EDGE('',*,*,#2605,.F.);
#8642 = ORIENTED_EDGE('',*,*,#8643,.F.);
#8643 = EDGE_CURVE('',#8644,#2597,#8646,.T.);
#8644 = VERTEX_POINT('',#8645);
#8645 = CARTESIAN_POINT('',(1.427123570754,-0.633708951987,
    7.121217693382));
#8646 = LINE('',#8647,#8648);
#8647 = CARTESIAN_POINT('',(1.427123570754,-0.633708951987,
    7.121217693382));
#8648 = VECTOR('',#8649,1.);
#8649 = DIRECTION('',(1.224646799147E-16,1.,1.224646799147E-16));
#8650 = ORIENTED_EDGE('',*,*,#8651,.F.);
#8651 = EDGE_CURVE('',#8464,#8644,#8652,.T.);
#8652 = LINE('',#8653,#8654);
#8653 = CARTESIAN_POINT('',(1.54999975,-0.510832772741,7.121217693382));
#8654 = VECTOR('',#8655,1.);
#8655 = DIRECTION('',(-0.707106781187,-0.707106781187,
    -8.659560562355E-17));
#8656 = ORIENTED_EDGE('',*,*,#8463,.T.);
#8657 = ORIENTED_EDGE('',*,*,#8658,.T.);
#8658 = EDGE_CURVE('',#8454,#8345,#8659,.T.);
#8659 = LINE('',#8660,#8661);
#8660 = CARTESIAN_POINT('',(3.54999975,-0.510832772741,7.121217693382));
#8661 = VECTOR('',#8662,1.);
#8662 = DIRECTION('',(-1.224646799147E-16,-1.,-1.224646799147E-16));
#8663 = ORIENTED_EDGE('',*,*,#8344,.T.);
#8664 = PLANE('',#8665);
#8665 = AXIS2_PLACEMENT_3D('',#8666,#8667,#8668);
#8666 = CARTESIAN_POINT('',(1.427123570754,-0.760832772741,
    7.121217693382));
#8667 = DIRECTION('',(1.499759782662E-32,1.224646799147E-16,-1.));
#8668 = DIRECTION('',(-1.,1.224646799147E-16,0.));
#8669 = ADVANCED_FACE('',(#8670),#8676,.F.);
#8670 = FACE_BOUND('',#8671,.T.);
#8671 = EDGE_LOOP('',(#8672,#8673,#8674,#8675));
#8672 = ORIENTED_EDGE('',*,*,#8352,.T.);
#8673 = ORIENTED_EDGE('',*,*,#8658,.F.);
#8674 = ORIENTED_EDGE('',*,*,#8453,.T.);
#8675 = ORIENTED_EDGE('',*,*,#8558,.T.);
#8676 = PLANE('',#8677);
#8677 = AXIS2_PLACEMENT_3D('',#8678,#8679,#8680);
#8678 = CARTESIAN_POINT('',(3.54999975,-0.510832772741,
    -2.878230661791E-02));
#8679 = DIRECTION('',(1.,-1.224646799147E-16,0.));
#8680 = DIRECTION('',(1.499759782662E-32,1.224646799147E-16,-1.));
#8681 = ADVANCED_FACE('',(#8682),#8695,.F.);
#8682 = FACE_BOUND('',#8683,.T.);
#8683 = EDGE_LOOP('',(#8684,#8685,#8686,#8693,#8694));
#8684 = ORIENTED_EDGE('',*,*,#8471,.F.);
#8685 = ORIENTED_EDGE('',*,*,#8651,.T.);
#8686 = ORIENTED_EDGE('',*,*,#8687,.F.);
#8687 = EDGE_CURVE('',#8377,#8644,#8688,.T.);
#8688 = B_SPLINE_CURVE_WITH_KNOTS('',3,(#8689,#8690,#8691,#8692),
  .UNSPECIFIED.,.F.,.F.,(4,4),(0.,1.),.PIECEWISE_BEZIER_KNOTS.);
#8689 = CARTESIAN_POINT('',(1.29999975,-0.760832772741,7.137648118039));
#8690 = CARTESIAN_POINT('',(1.342011558135,-0.718820964606,
    7.126603788869));
#8691 = CARTESIAN_POINT('',(1.384392076206,-0.676440446535,
    7.121217693382));
#8692 = CARTESIAN_POINT('',(1.427123570754,-0.633708951987,
    7.121217693382));
#8693 = ORIENTED_EDGE('',*,*,#8374,.F.);
#8694 = ORIENTED_EDGE('',*,*,#8587,.T.);
#8695 = PLANE('',#8696);
#8696 = AXIS2_PLACEMENT_3D('',#8697,#8698,#8699);
#8697 = CARTESIAN_POINT('',(1.29999975,-0.760832772741,
    -2.878230661791E-02));
#8698 = DIRECTION('',(-0.707106781187,0.707106781187,8.659560562355E-17)
  );
#8699 = DIRECTION('',(-1.499759782662E-32,-1.224646799147E-16,1.));
#8700 = ADVANCED_FACE('',(#8701),#8730,.F.);
#8701 = FACE_BOUND('',#8702,.F.);
#8702 = EDGE_LOOP('',(#8703,#8714,#8720,#8721,#8722,#8723,#8724));
#8703 = ORIENTED_EDGE('',*,*,#8704,.T.);
#8704 = EDGE_CURVE('',#8705,#8707,#8709,.T.);
#8705 = VERTEX_POINT('',#8706);
#8706 = CARTESIAN_POINT('',(1.003124418751,-0.460832772741,7.35621822338
    ));
#8707 = VERTEX_POINT('',#8708);
#8708 = CARTESIAN_POINT('',(1.29999975,-0.460832772741,7.137648118039));
#8709 = CIRCLE('',#8710,0.5);
#8710 = AXIS2_PLACEMENT_3D('',#8711,#8712,#8713);
#8711 = CARTESIAN_POINT('',(1.427123570754,-0.460832772741,
    7.621217693382));
#8712 = DIRECTION('',(-1.224646799147E-16,-1.,-1.224646799147E-16));
#8713 = DIRECTION('',(-0.847998304005,1.687559914109E-16,-0.529998940003
    ));
#8714 = ORIENTED_EDGE('',*,*,#8715,.F.);
#8715 = EDGE_CURVE('',#2589,#8707,#8716,.T.);
#8716 = LINE('',#8717,#8718);
#8717 = CARTESIAN_POINT('',(1.29999975,0.289167227259,7.137648118039));
#8718 = VECTOR('',#8719,1.);
#8719 = DIRECTION('',(-1.224646799147E-16,-1.,-1.224646799147E-16));
#8720 = ORIENTED_EDGE('',*,*,#2596,.T.);
#8721 = ORIENTED_EDGE('',*,*,#8643,.F.);
#8722 = ORIENTED_EDGE('',*,*,#8687,.F.);
#8723 = ORIENTED_EDGE('',*,*,#8384,.F.);
#8724 = ORIENTED_EDGE('',*,*,#8725,.T.);
#8725 = EDGE_CURVE('',#8385,#8705,#8726,.T.);
#8726 = LINE('',#8727,#8728);
#8727 = CARTESIAN_POINT('',(1.003124418751,-0.760832772741,7.35621822338
    ));
#8728 = VECTOR('',#8729,1.);
#8729 = DIRECTION('',(1.224646799147E-16,1.,1.224646799147E-16));
#8730 = CYLINDRICAL_SURFACE('',#8731,0.5);
#8731 = AXIS2_PLACEMENT_3D('',#8732,#8733,#8734);
#8732 = CARTESIAN_POINT('',(1.427123570754,-0.760832772741,
    7.621217693382));
#8733 = DIRECTION('',(1.224646799147E-16,1.,1.224646799147E-16));
#8734 = DIRECTION('',(1.,-1.224646799147E-16,0.));
#8735 = ADVANCED_FACE('',(#8736),#8768,.F.);
#8736 = FACE_BOUND('',#8737,.T.);
#8737 = EDGE_LOOP('',(#8738,#8744,#8745,#8753,#8761,#8767));
#8738 = ORIENTED_EDGE('',*,*,#8739,.T.);
#8739 = EDGE_CURVE('',#8192,#8705,#8740,.T.);
#8740 = LINE('',#8741,#8742);
#8741 = CARTESIAN_POINT('',(0.64999975,-0.460832772741,7.921217693382));
#8742 = VECTOR('',#8743,1.);
#8743 = DIRECTION('',(0.529998940003,3.894369032558E-17,-0.847998304005)
  );
#8744 = ORIENTED_EDGE('',*,*,#8704,.T.);
#8745 = ORIENTED_EDGE('',*,*,#8746,.T.);
#8746 = EDGE_CURVE('',#8707,#8747,#8749,.T.);
#8747 = VERTEX_POINT('',#8748);
#8748 = CARTESIAN_POINT('',(1.29999975,-0.460832772741,7.121217693382));
#8749 = LINE('',#8750,#8751);
#8750 = CARTESIAN_POINT('',(1.29999975,-0.460832772741,7.137648118039));
#8751 = VECTOR('',#8752,1.);
#8752 = DIRECTION('',(1.499759782662E-32,1.224646799147E-16,-1.));
#8753 = ORIENTED_EDGE('',*,*,#8754,.F.);
#8754 = EDGE_CURVE('',#8755,#8747,#8757,.T.);
#8755 = VERTEX_POINT('',#8756);
#8756 = CARTESIAN_POINT('',(0.54999975,-0.460832772741,7.121217693382));
#8757 = LINE('',#8758,#8759);
#8758 = CARTESIAN_POINT('',(0.54999975,-0.460832772741,7.121217693382));
#8759 = VECTOR('',#8760,1.);
#8760 = DIRECTION('',(1.,-1.224646799147E-16,0.));
#8761 = ORIENTED_EDGE('',*,*,#8762,.F.);
#8762 = EDGE_CURVE('',#8200,#8755,#8763,.T.);
#8763 = LINE('',#8764,#8765);
#8764 = CARTESIAN_POINT('',(0.54999975,-0.460832772741,7.921217693382));
#8765 = VECTOR('',#8766,1.);
#8766 = DIRECTION('',(1.499759782662E-32,1.224646799147E-16,-1.));
#8767 = ORIENTED_EDGE('',*,*,#8199,.T.);
#8768 = PLANE('',#8769);
#8769 = AXIS2_PLACEMENT_3D('',#8770,#8771,#8772);
#8770 = CARTESIAN_POINT('',(0.54999975,-0.460832772741,7.921217693382));
#8771 = DIRECTION('',(-1.224646799147E-16,-1.,-1.224646799147E-16));
#8772 = DIRECTION('',(-1.499759782662E-32,-1.224646799147E-16,1.));
#8773 = ADVANCED_FACE('',(#8774),#8786,.F.);
#8774 = FACE_BOUND('',#8775,.T.);
#8775 = EDGE_LOOP('',(#8776,#8777,#8783,#8784,#8785));
#8776 = ORIENTED_EDGE('',*,*,#8762,.T.);
#8777 = ORIENTED_EDGE('',*,*,#8778,.F.);
#8778 = EDGE_CURVE('',#2573,#8755,#8779,.T.);
#8779 = LINE('',#8780,#8781);
#8780 = CARTESIAN_POINT('',(0.54999975,0.289167227259,7.121217693382));
#8781 = VECTOR('',#8782,1.);
#8782 = DIRECTION('',(-1.224646799147E-16,-1.,-1.224646799147E-16));
#8783 = ORIENTED_EDGE('',*,*,#2572,.F.);
#8784 = ORIENTED_EDGE('',*,*,#8056,.T.);
#8785 = ORIENTED_EDGE('',*,*,#8207,.T.);
#8786 = PLANE('',#8787);
#8787 = AXIS2_PLACEMENT_3D('',#8788,#8789,#8790);
#8788 = CARTESIAN_POINT('',(0.54999975,0.289167227259,7.921217693382));
#8789 = DIRECTION('',(-1.,1.224646799147E-16,0.));
#8790 = DIRECTION('',(1.224646799147E-16,1.,1.224646799147E-16));
#8791 = ADVANCED_FACE('',(#8792),#8803,.F.);
#8792 = FACE_BOUND('',#8793,.T.);
#8793 = EDGE_LOOP('',(#8794,#8795,#8796,#8802));
#8794 = ORIENTED_EDGE('',*,*,#8778,.T.);
#8795 = ORIENTED_EDGE('',*,*,#8754,.T.);
#8796 = ORIENTED_EDGE('',*,*,#8797,.T.);
#8797 = EDGE_CURVE('',#8747,#2581,#8798,.T.);
#8798 = LINE('',#8799,#8800);
#8799 = CARTESIAN_POINT('',(1.29999975,-0.460832772741,7.121217693382));
#8800 = VECTOR('',#8801,1.);
#8801 = DIRECTION('',(1.224646799147E-16,1.,1.224646799147E-16));
#8802 = ORIENTED_EDGE('',*,*,#2580,.F.);
#8803 = PLANE('',#8804);
#8804 = AXIS2_PLACEMENT_3D('',#8805,#8806,#8807);
#8805 = CARTESIAN_POINT('',(12.69999975,1.279167227259,7.121217693382));
#8806 = DIRECTION('',(1.499759782662E-32,1.224646799147E-16,-1.));
#8807 = DIRECTION('',(-1.,1.224646799147E-16,0.));
#8808 = ADVANCED_FACE('',(#8809),#8820,.F.);
#8809 = FACE_BOUND('',#8810,.T.);
#8810 = EDGE_LOOP('',(#8811,#8817,#8818,#8819));
#8811 = ORIENTED_EDGE('',*,*,#8812,.T.);
#8812 = EDGE_CURVE('',#2623,#8223,#8813,.T.);
#8813 = LINE('',#8814,#8815);
#8814 = CARTESIAN_POINT('',(9.19999975,0.289167227259,7.121217693382));
#8815 = VECTOR('',#8816,1.);
#8816 = DIRECTION('',(-1.224646799147E-16,-1.,-1.224646799147E-16));
#8817 = ORIENTED_EDGE('',*,*,#8222,.T.);
#8818 = ORIENTED_EDGE('',*,*,#8072,.T.);
#8819 = ORIENTED_EDGE('',*,*,#2630,.F.);
#8820 = PLANE('',#8821);
#8821 = AXIS2_PLACEMENT_3D('',#8822,#8823,#8824);
#8822 = CARTESIAN_POINT('',(12.69999975,1.279167227259,7.121217693382));
#8823 = DIRECTION('',(1.499759782662E-32,1.224646799147E-16,-1.));
#8824 = DIRECTION('',(-1.,1.224646799147E-16,0.));
#8825 = ADVANCED_FACE('',(#8826),#8832,.F.);
#8826 = FACE_BOUND('',#8827,.T.);
#8827 = EDGE_LOOP('',(#8828,#8829,#8830,#8831));
#8828 = ORIENTED_EDGE('',*,*,#2588,.T.);
#8829 = ORIENTED_EDGE('',*,*,#8797,.F.);
#8830 = ORIENTED_EDGE('',*,*,#8746,.F.);
#8831 = ORIENTED_EDGE('',*,*,#8715,.F.);
#8832 = PLANE('',#8833);
#8833 = AXIS2_PLACEMENT_3D('',#8834,#8835,#8836);
#8834 = CARTESIAN_POINT('',(1.29999975,-0.460832772741,7.921217693382));
#8835 = DIRECTION('',(1.,-1.224646799147E-16,0.));
#8836 = DIRECTION('',(1.499759782662E-32,1.224646799147E-16,-1.));
#8837 = ADVANCED_FACE('',(#8838),#8849,.F.);
#8838 = FACE_BOUND('',#8839,.T.);
#8839 = EDGE_LOOP('',(#8840,#8841,#8842,#8843));
#8840 = ORIENTED_EDGE('',*,*,#8230,.T.);
#8841 = ORIENTED_EDGE('',*,*,#8812,.F.);
#8842 = ORIENTED_EDGE('',*,*,#2622,.F.);
#8843 = ORIENTED_EDGE('',*,*,#8844,.T.);
#8844 = EDGE_CURVE('',#2614,#8231,#8845,.T.);
#8845 = LINE('',#8846,#8847);
#8846 = CARTESIAN_POINT('',(9.19999975,0.289167227259,7.137648118039));
#8847 = VECTOR('',#8848,1.);
#8848 = DIRECTION('',(-1.224646799147E-16,-1.,-1.224646799147E-16));
#8849 = PLANE('',#8850);
#8850 = AXIS2_PLACEMENT_3D('',#8851,#8852,#8853);
#8851 = CARTESIAN_POINT('',(9.19999975,0.289167227259,7.921217693382));
#8852 = DIRECTION('',(-1.,1.224646799147E-16,0.));
#8853 = DIRECTION('',(1.224646799147E-16,1.,1.224646799147E-16));
#8854 = ADVANCED_FACE('',(#8855),#8864,.F.);
#8855 = FACE_BOUND('',#8856,.F.);
#8856 = EDGE_LOOP('',(#8857,#8858,#8859,#8860,#8861,#8862,#8863));
#8857 = ORIENTED_EDGE('',*,*,#8844,.T.);
#8858 = ORIENTED_EDGE('',*,*,#8238,.T.);
#8859 = ORIENTED_EDGE('',*,*,#8262,.F.);
#8860 = ORIENTED_EDGE('',*,*,#8295,.F.);
#8861 = ORIENTED_EDGE('',*,*,#8603,.F.);
#8862 = ORIENTED_EDGE('',*,*,#8636,.T.);
#8863 = ORIENTED_EDGE('',*,*,#2613,.T.);
#8864 = CYLINDRICAL_SURFACE('',#8865,0.5);
#8865 = AXIS2_PLACEMENT_3D('',#8866,#8867,#8868);
#8866 = CARTESIAN_POINT('',(9.072875929246,-0.760832772741,
    7.621217693382));
#8867 = DIRECTION('',(1.224646799147E-16,1.,1.224646799147E-16));
#8868 = DIRECTION('',(1.,-1.224646799147E-16,0.));
#8869 = ADVANCED_FACE('',(#8870),#8876,.F.);
#8870 = FACE_BOUND('',#8871,.T.);
#8871 = EDGE_LOOP('',(#8872,#8873,#8874,#8875));
#8872 = ORIENTED_EDGE('',*,*,#8191,.F.);
#8873 = ORIENTED_EDGE('',*,*,#8393,.T.);
#8874 = ORIENTED_EDGE('',*,*,#8725,.T.);
#8875 = ORIENTED_EDGE('',*,*,#8739,.F.);
#8876 = PLANE('',#8877);
#8877 = AXIS2_PLACEMENT_3D('',#8878,#8879,#8880);
#8878 = CARTESIAN_POINT('',(0.64999975,-0.760832772741,7.921217693382));
#8879 = DIRECTION('',(-0.847998304005,1.687559914109E-16,-0.529998940003
    ));
#8880 = DIRECTION('',(-1.224646799147E-16,-1.,-1.224646799147E-16));
#8881 = ADVANCED_FACE('',(#8882),#8888,.F.);
#8882 = FACE_BOUND('',#8883,.T.);
#8883 = EDGE_LOOP('',(#8884,#8885,#8886,#8887));
#8884 = ORIENTED_EDGE('',*,*,#8519,.F.);
#8885 = ORIENTED_EDGE('',*,*,#8628,.F.);
#8886 = ORIENTED_EDGE('',*,*,#8334,.F.);
#8887 = ORIENTED_EDGE('',*,*,#8565,.T.);
#8888 = PLANE('',#8889);
#8889 = AXIS2_PLACEMENT_3D('',#8890,#8891,#8892);
#8890 = CARTESIAN_POINT('',(6.94999975,-0.760832772741,
    -2.878230661791E-02));
#8891 = DIRECTION('',(-1.,1.224646799147E-16,0.));
#8892 = DIRECTION('',(1.224646799147E-16,1.,1.224646799147E-16));
#8893 = ADVANCED_FACE('',(#8894),#8900,.F.);
#8894 = FACE_BOUND('',#8895,.T.);
#8895 = EDGE_LOOP('',(#8896,#8897,#8898,#8899));
#8896 = ORIENTED_EDGE('',*,*,#8487,.F.);
#8897 = ORIENTED_EDGE('',*,*,#8580,.F.);
#8898 = ORIENTED_EDGE('',*,*,#8407,.F.);
#8899 = ORIENTED_EDGE('',*,*,#264,.T.);
#8900 = PLANE('',#8901);
#8901 = AXIS2_PLACEMENT_3D('',#8902,#8903,#8904);
#8902 = CARTESIAN_POINT('',(-0.50000025,-0.760832772741,0.221217693382)
  );
#8903 = DIRECTION('',(-1.,1.224646799147E-16,0.));
#8904 = DIRECTION('',(1.224646799147E-16,1.,1.224646799147E-16));
#8905 = ADVANCED_FACE('',(#8906),#8988,.T.);
#8906 = FACE_BOUND('',#8907,.T.);
#8907 = EDGE_LOOP('',(#8908,#8918,#8926,#8934,#8942,#8948,#8949,#8950,
    #8951,#8959,#8967,#8973,#8974,#8982));
#8908 = ORIENTED_EDGE('',*,*,#8909,.T.);
#8909 = EDGE_CURVE('',#8910,#8912,#8914,.T.);
#8910 = VERTEX_POINT('',#8911);
#8911 = CARTESIAN_POINT('',(12.69999975,5.789167227259,0.921217693382));
#8912 = VERTEX_POINT('',#8913);
#8913 = CARTESIAN_POINT('',(12.69999975,5.789167227259,7.121217693382));
#8914 = LINE('',#8915,#8916);
#8915 = CARTESIAN_POINT('',(12.69999975,5.789167227259,0.921217693382));
#8916 = VECTOR('',#8917,1.);
#8917 = DIRECTION('',(-1.499759782662E-32,-1.224646799147E-16,1.));
#8918 = ORIENTED_EDGE('',*,*,#8919,.T.);
#8919 = EDGE_CURVE('',#8912,#8920,#8922,.T.);
#8920 = VERTEX_POINT('',#8921);
#8921 = CARTESIAN_POINT('',(12.69999975,1.279167227259,7.121217693382));
#8922 = LINE('',#8923,#8924);
#8923 = CARTESIAN_POINT('',(12.69999975,5.789167227259,7.121217693382));
#8924 = VECTOR('',#8925,1.);
#8925 = DIRECTION('',(-1.224646799147E-16,-1.,-1.224646799147E-16));
#8926 = ORIENTED_EDGE('',*,*,#8927,.F.);
#8927 = EDGE_CURVE('',#8928,#8920,#8930,.T.);
#8928 = VERTEX_POINT('',#8929);
#8929 = CARTESIAN_POINT('',(12.69999975,1.079167227259,7.321217693382));
#8930 = LINE('',#8931,#8932);
#8931 = CARTESIAN_POINT('',(12.69999975,1.079167227259,7.321217693382));
#8932 = VECTOR('',#8933,1.);
#8933 = DIRECTION('',(8.659560562355E-17,0.707106781187,-0.707106781187)
  );
#8934 = ORIENTED_EDGE('',*,*,#8935,.F.);
#8935 = EDGE_CURVE('',#8936,#8928,#8938,.T.);
#8936 = VERTEX_POINT('',#8937);
#8937 = CARTESIAN_POINT('',(12.69999975,1.079167227259,7.721217693382));
#8938 = LINE('',#8939,#8940);
#8939 = CARTESIAN_POINT('',(12.69999975,1.079167227259,7.721217693382));
#8940 = VECTOR('',#8941,1.);
#8941 = DIRECTION('',(1.499759782662E-32,1.224646799147E-16,-1.));
#8942 = ORIENTED_EDGE('',*,*,#8943,.F.);
#8943 = EDGE_CURVE('',#8121,#8936,#8944,.T.);
#8944 = LINE('',#8945,#8946);
#8945 = CARTESIAN_POINT('',(12.69999975,0.879167227259,7.921217693382));
#8946 = VECTOR('',#8947,1.);
#8947 = DIRECTION('',(8.659560562355E-17,0.707106781187,-0.707106781187)
  );
#8948 = ORIENTED_EDGE('',*,*,#8120,.F.);
#8949 = ORIENTED_EDGE('',*,*,#8287,.F.);
#8950 = ORIENTED_EDGE('',*,*,#428,.T.);
#8951 = ORIENTED_EDGE('',*,*,#8952,.T.);
#8952 = EDGE_CURVE('',#421,#8953,#8955,.T.);
#8953 = VERTEX_POINT('',#8954);
#8954 = CARTESIAN_POINT('',(12.69999975,0.139167227259,0.221217693382));
#8955 = LINE('',#8956,#8957);
#8956 = CARTESIAN_POINT('',(12.69999975,0.139167227259,
    -2.878230661791E-02));
#8957 = VECTOR('',#8958,1.);
#8958 = DIRECTION('',(-1.499759782662E-32,-1.224646799147E-16,1.));
#8959 = ORIENTED_EDGE('',*,*,#8960,.F.);
#8960 = EDGE_CURVE('',#8961,#8953,#8963,.T.);
#8961 = VERTEX_POINT('',#8962);
#8962 = CARTESIAN_POINT('',(12.69999975,3.149167227259,0.221217693382));
#8963 = LINE('',#8964,#8965);
#8964 = CARTESIAN_POINT('',(12.69999975,3.149167227259,0.221217693382));
#8965 = VECTOR('',#8966,1.);
#8966 = DIRECTION('',(-1.224646799147E-16,-1.,-1.224646799147E-16));
#8967 = ORIENTED_EDGE('',*,*,#8968,.F.);
#8968 = EDGE_CURVE('',#397,#8961,#8969,.T.);
#8969 = LINE('',#8970,#8971);
#8970 = CARTESIAN_POINT('',(12.69999975,3.149167227259,
    -2.878230661791E-02));
#8971 = VECTOR('',#8972,1.);
#8972 = DIRECTION('',(-1.499759782662E-32,-1.224646799147E-16,1.));
#8973 = ORIENTED_EDGE('',*,*,#396,.T.);
#8974 = ORIENTED_EDGE('',*,*,#8975,.T.);
#8975 = EDGE_CURVE('',#389,#8976,#8978,.T.);
#8976 = VERTEX_POINT('',#8977);
#8977 = CARTESIAN_POINT('',(12.69999975,4.889167227259,0.921217693382));
#8978 = LINE('',#8979,#8980);
#8979 = CARTESIAN_POINT('',(12.69999975,4.889167227259,
    -2.878230661791E-02));
#8980 = VECTOR('',#8981,1.);
#8981 = DIRECTION('',(-1.499759782662E-32,-1.224646799147E-16,1.));
#8982 = ORIENTED_EDGE('',*,*,#8983,.F.);
#8983 = EDGE_CURVE('',#8910,#8976,#8984,.T.);
#8984 = LINE('',#8985,#8986);
#8985 = CARTESIAN_POINT('',(12.69999975,5.789167227259,0.921217693382));
#8986 = VECTOR('',#8987,1.);
#8987 = DIRECTION('',(-1.224646799147E-16,-1.,-1.224646799147E-16));
#8988 = PLANE('',#8989);
#8989 = AXIS2_PLACEMENT_3D('',#8990,#8991,#8992);
#8990 = CARTESIAN_POINT('',(12.69999975,-0.760832772741,
    -2.878230661791E-02));
#8991 = DIRECTION('',(1.,-1.224646799147E-16,0.));
#8992 = DIRECTION('',(1.499759782662E-32,1.224646799147E-16,-1.));
#8993 = ADVANCED_FACE('',(#8994),#9085,.F.);
#8994 = FACE_BOUND('',#8995,.T.);
#8995 = EDGE_LOOP('',(#8996,#9006,#9012,#9013,#9021,#9030,#9038,#9046,
    #9054,#9062,#9070,#9079));
#8996 = ORIENTED_EDGE('',*,*,#8997,.F.);
#8997 = EDGE_CURVE('',#8998,#9000,#9002,.T.);
#8998 = VERTEX_POINT('',#8999);
#8999 = CARTESIAN_POINT('',(-2.20000025,5.789167227259,0.921217693382));
#9000 = VERTEX_POINT('',#9001);
#9001 = CARTESIAN_POINT('',(-2.20000025,4.889167227259,0.921217693382));
#9002 = LINE('',#9003,#9004);
#9003 = CARTESIAN_POINT('',(-2.20000025,5.789167227259,0.921217693382));
#9004 = VECTOR('',#9005,1.);
#9005 = DIRECTION('',(-1.224646799147E-16,-1.,-1.224646799147E-16));
#9006 = ORIENTED_EDGE('',*,*,#9007,.F.);
#9007 = EDGE_CURVE('',#8910,#8998,#9008,.T.);
#9008 = LINE('',#9009,#9010);
#9009 = CARTESIAN_POINT('',(12.69999975,5.789167227259,0.921217693382));
#9010 = VECTOR('',#9011,1.);
#9011 = DIRECTION('',(-1.,1.224646799147E-16,0.));
#9012 = ORIENTED_EDGE('',*,*,#8983,.T.);
#9013 = ORIENTED_EDGE('',*,*,#9014,.T.);
#9014 = EDGE_CURVE('',#8976,#9015,#9017,.T.);
#9015 = VERTEX_POINT('',#9016);
#9016 = CARTESIAN_POINT('',(11.39999975,4.889167227259,0.921217693382));
#9017 = LINE('',#9018,#9019);
#9018 = CARTESIAN_POINT('',(12.69999975,4.889167227259,0.921217693382));
#9019 = VECTOR('',#9020,1.);
#9020 = DIRECTION('',(-1.,1.224646799147E-16,0.));
#9021 = ORIENTED_EDGE('',*,*,#9022,.T.);
#9022 = EDGE_CURVE('',#9015,#9023,#9025,.T.);
#9023 = VERTEX_POINT('',#9024);
#9024 = CARTESIAN_POINT('',(11.19999975,4.689167227259,0.921217693382));
#9025 = CIRCLE('',#9026,0.2);
#9026 = AXIS2_PLACEMENT_3D('',#9027,#9028,#9029);
#9027 = CARTESIAN_POINT('',(11.19999975,4.889167227259,0.921217693382));
#9028 = DIRECTION('',(1.499759782662E-32,1.224646799147E-16,-1.));
#9029 = DIRECTION('',(1.,-1.224646799147E-16,0.));
#9030 = ORIENTED_EDGE('',*,*,#9031,.T.);
#9031 = EDGE_CURVE('',#9023,#9032,#9034,.T.);
#9032 = VERTEX_POINT('',#9033);
#9033 = CARTESIAN_POINT('',(5.74999975,4.689167227259,0.921217693382));
#9034 = LINE('',#9035,#9036);
#9035 = CARTESIAN_POINT('',(11.19999975,4.689167227259,0.921217693382));
#9036 = VECTOR('',#9037,1.);
#9037 = DIRECTION('',(-1.,1.224646799147E-16,0.));
#9038 = ORIENTED_EDGE('',*,*,#9039,.T.);
#9039 = EDGE_CURVE('',#9032,#9040,#9042,.T.);
#9040 = VERTEX_POINT('',#9041);
#9041 = CARTESIAN_POINT('',(5.74999975,4.889167227259,0.921217693382));
#9042 = LINE('',#9043,#9044);
#9043 = CARTESIAN_POINT('',(5.74999975,4.689167227259,0.921217693382));
#9044 = VECTOR('',#9045,1.);
#9045 = DIRECTION('',(1.224646799147E-16,1.,1.224646799147E-16));
#9046 = ORIENTED_EDGE('',*,*,#9047,.T.);
#9047 = EDGE_CURVE('',#9040,#9048,#9050,.T.);
#9048 = VERTEX_POINT('',#9049);
#9049 = CARTESIAN_POINT('',(4.74999975,4.889167227259,0.921217693382));
#9050 = LINE('',#9051,#9052);
#9051 = CARTESIAN_POINT('',(5.74999975,4.889167227259,0.921217693382));
#9052 = VECTOR('',#9053,1.);
#9053 = DIRECTION('',(-1.,1.224646799147E-16,0.));
#9054 = ORIENTED_EDGE('',*,*,#9055,.T.);
#9055 = EDGE_CURVE('',#9048,#9056,#9058,.T.);
#9056 = VERTEX_POINT('',#9057);
#9057 = CARTESIAN_POINT('',(4.74999975,4.689167227259,0.921217693382));
#9058 = LINE('',#9059,#9060);
#9059 = CARTESIAN_POINT('',(4.74999975,4.889167227259,0.921217693382));
#9060 = VECTOR('',#9061,1.);
#9061 = DIRECTION('',(-1.224646799147E-16,-1.,-1.224646799147E-16));
#9062 = ORIENTED_EDGE('',*,*,#9063,.T.);
#9063 = EDGE_CURVE('',#9056,#9064,#9066,.T.);
#9064 = VERTEX_POINT('',#9065);
#9065 = CARTESIAN_POINT('',(-0.70000025,4.689167227259,0.921217693382));
#9066 = LINE('',#9067,#9068);
#9067 = CARTESIAN_POINT('',(4.74999975,4.689167227259,0.921217693382));
#9068 = VECTOR('',#9069,1.);
#9069 = DIRECTION('',(-1.,1.224646799147E-16,0.));
#9070 = ORIENTED_EDGE('',*,*,#9071,.T.);
#9071 = EDGE_CURVE('',#9064,#9072,#9074,.T.);
#9072 = VERTEX_POINT('',#9073);
#9073 = CARTESIAN_POINT('',(-0.90000025,4.889167227259,0.921217693382));
#9074 = CIRCLE('',#9075,0.2);
#9075 = AXIS2_PLACEMENT_3D('',#9076,#9077,#9078);
#9076 = CARTESIAN_POINT('',(-0.70000025,4.889167227259,0.921217693382));
#9077 = DIRECTION('',(1.499759782662E-32,1.224646799147E-16,-1.));
#9078 = DIRECTION('',(-1.224646799147E-16,-1.,-1.224646799147E-16));
#9079 = ORIENTED_EDGE('',*,*,#9080,.T.);
#9080 = EDGE_CURVE('',#9072,#9000,#9081,.T.);
#9081 = LINE('',#9082,#9083);
#9082 = CARTESIAN_POINT('',(-0.90000025,4.889167227259,0.921217693382));
#9083 = VECTOR('',#9084,1.);
#9084 = DIRECTION('',(-1.,1.224646799147E-16,0.));
#9085 = PLANE('',#9086);
#9086 = AXIS2_PLACEMENT_3D('',#9087,#9088,#9089);
#9087 = CARTESIAN_POINT('',(12.69999975,5.789167227259,0.921217693382));
#9088 = DIRECTION('',(-1.499759782662E-32,-1.224646799147E-16,1.));
#9089 = DIRECTION('',(-1.224646799147E-16,-1.,-1.224646799147E-16));
#9090 = ADVANCED_FACE('',(#9091),#9107,.F.);
#9091 = FACE_BOUND('',#9092,.T.);
#9092 = EDGE_LOOP('',(#9093,#9094,#9100,#9101));
#9093 = ORIENTED_EDGE('',*,*,#355,.F.);
#9094 = ORIENTED_EDGE('',*,*,#9095,.F.);
#9095 = EDGE_CURVE('',#9048,#348,#9096,.T.);
#9096 = LINE('',#9097,#9098);
#9097 = CARTESIAN_POINT('',(4.74999975,4.889167227259,0.921217693382));
#9098 = VECTOR('',#9099,1.);
#9099 = DIRECTION('',(1.499759782662E-32,1.224646799147E-16,-1.));
#9100 = ORIENTED_EDGE('',*,*,#9047,.F.);
#9101 = ORIENTED_EDGE('',*,*,#9102,.T.);
#9102 = EDGE_CURVE('',#9040,#356,#9103,.T.);
#9103 = LINE('',#9104,#9105);
#9104 = CARTESIAN_POINT('',(5.74999975,4.889167227259,0.921217693382));
#9105 = VECTOR('',#9106,1.);
#9106 = DIRECTION('',(1.499759782662E-32,1.224646799147E-16,-1.));
#9107 = PLANE('',#9108);
#9108 = AXIS2_PLACEMENT_3D('',#9109,#9110,#9111);
#9109 = CARTESIAN_POINT('',(12.69999975,4.889167227259,0.921217693382));
#9110 = DIRECTION('',(-1.224646799147E-16,-1.,-1.224646799147E-16));
#9111 = DIRECTION('',(-1.499759782662E-32,-1.224646799147E-16,1.));
#9112 = ADVANCED_FACE('',(#9113),#9124,.F.);
#9113 = FACE_BOUND('',#9114,.T.);
#9114 = EDGE_LOOP('',(#9115,#9116,#9117,#9118));
#9115 = ORIENTED_EDGE('',*,*,#9014,.F.);
#9116 = ORIENTED_EDGE('',*,*,#8975,.F.);
#9117 = ORIENTED_EDGE('',*,*,#388,.F.);
#9118 = ORIENTED_EDGE('',*,*,#9119,.F.);
#9119 = EDGE_CURVE('',#9015,#380,#9120,.T.);
#9120 = LINE('',#9121,#9122);
#9121 = CARTESIAN_POINT('',(11.39999975,4.889167227259,0.921217693382));
#9122 = VECTOR('',#9123,1.);
#9123 = DIRECTION('',(1.499759782662E-32,1.224646799147E-16,-1.));
#9124 = PLANE('',#9125);
#9125 = AXIS2_PLACEMENT_3D('',#9126,#9127,#9128);
#9126 = CARTESIAN_POINT('',(12.69999975,4.889167227259,0.921217693382));
#9127 = DIRECTION('',(-1.224646799147E-16,-1.,-1.224646799147E-16));
#9128 = DIRECTION('',(-1.499759782662E-32,-1.224646799147E-16,1.));
#9129 = ADVANCED_FACE('',(#9130),#9146,.F.);
#9130 = FACE_BOUND('',#9131,.T.);
#9131 = EDGE_LOOP('',(#9132,#9133,#9139,#9140));
#9132 = ORIENTED_EDGE('',*,*,#322,.F.);
#9133 = ORIENTED_EDGE('',*,*,#9134,.T.);
#9134 = EDGE_CURVE('',#315,#9000,#9135,.T.);
#9135 = LINE('',#9136,#9137);
#9136 = CARTESIAN_POINT('',(-2.20000025,4.889167227259,
    -2.878230661791E-02));
#9137 = VECTOR('',#9138,1.);
#9138 = DIRECTION('',(-1.499759782662E-32,-1.224646799147E-16,1.));
#9139 = ORIENTED_EDGE('',*,*,#9080,.F.);
#9140 = ORIENTED_EDGE('',*,*,#9141,.T.);
#9141 = EDGE_CURVE('',#9072,#323,#9142,.T.);
#9142 = LINE('',#9143,#9144);
#9143 = CARTESIAN_POINT('',(-0.90000025,4.889167227259,0.921217693382));
#9144 = VECTOR('',#9145,1.);
#9145 = DIRECTION('',(1.499759782662E-32,1.224646799147E-16,-1.));
#9146 = PLANE('',#9147);
#9147 = AXIS2_PLACEMENT_3D('',#9148,#9149,#9150);
#9148 = CARTESIAN_POINT('',(12.69999975,4.889167227259,0.921217693382));
#9149 = DIRECTION('',(-1.224646799147E-16,-1.,-1.224646799147E-16));
#9150 = DIRECTION('',(-1.499759782662E-32,-1.224646799147E-16,1.));
#9151 = ADVANCED_FACE('',(#9152),#9163,.F.);
#9152 = FACE_BOUND('',#9153,.T.);
#9153 = EDGE_LOOP('',(#9154,#9155,#9156,#9162));
#9154 = ORIENTED_EDGE('',*,*,#9102,.F.);
#9155 = ORIENTED_EDGE('',*,*,#9039,.F.);
#9156 = ORIENTED_EDGE('',*,*,#9157,.F.);
#9157 = EDGE_CURVE('',#364,#9032,#9158,.T.);
#9158 = LINE('',#9159,#9160);
#9159 = CARTESIAN_POINT('',(5.74999975,4.689167227259,
    -2.878230661791E-02));
#9160 = VECTOR('',#9161,1.);
#9161 = DIRECTION('',(-1.499759782662E-32,-1.224646799147E-16,1.));
#9162 = ORIENTED_EDGE('',*,*,#363,.F.);
#9163 = PLANE('',#9164);
#9164 = AXIS2_PLACEMENT_3D('',#9165,#9166,#9167);
#9165 = CARTESIAN_POINT('',(5.74999975,4.689167227259,
    -2.878230661791E-02));
#9166 = DIRECTION('',(-1.,1.224646799147E-16,0.));
#9167 = DIRECTION('',(1.224646799147E-16,1.,1.224646799147E-16));
#9168 = ADVANCED_FACE('',(#9169),#9180,.F.);
#9169 = FACE_BOUND('',#9170,.T.);
#9170 = EDGE_LOOP('',(#9171,#9172,#9173,#9179));
#9171 = ORIENTED_EDGE('',*,*,#9157,.T.);
#9172 = ORIENTED_EDGE('',*,*,#9031,.F.);
#9173 = ORIENTED_EDGE('',*,*,#9174,.F.);
#9174 = EDGE_CURVE('',#372,#9023,#9175,.T.);
#9175 = LINE('',#9176,#9177);
#9176 = CARTESIAN_POINT('',(11.19999975,4.689167227259,
    -2.878230661791E-02));
#9177 = VECTOR('',#9178,1.);
#9178 = DIRECTION('',(-1.499759782662E-32,-1.224646799147E-16,1.));
#9179 = ORIENTED_EDGE('',*,*,#371,.T.);
#9180 = PLANE('',#9181);
#9181 = AXIS2_PLACEMENT_3D('',#9182,#9183,#9184);
#9182 = CARTESIAN_POINT('',(11.19999975,4.689167227259,
    -2.878230661791E-02));
#9183 = DIRECTION('',(-1.224646799147E-16,-1.,-1.224646799147E-16));
#9184 = DIRECTION('',(-1.499759782662E-32,-1.224646799147E-16,1.));
#9185 = ADVANCED_FACE('',(#9186),#9192,.F.);
#9186 = FACE_BOUND('',#9187,.F.);
#9187 = EDGE_LOOP('',(#9188,#9189,#9190,#9191));
#9188 = ORIENTED_EDGE('',*,*,#379,.F.);
#9189 = ORIENTED_EDGE('',*,*,#9119,.F.);
#9190 = ORIENTED_EDGE('',*,*,#9022,.T.);
#9191 = ORIENTED_EDGE('',*,*,#9174,.F.);
#9192 = CYLINDRICAL_SURFACE('',#9193,0.2);
#9193 = AXIS2_PLACEMENT_3D('',#9194,#9195,#9196);
#9194 = CARTESIAN_POINT('',(11.19999975,4.889167227259,
    -2.878230661791E-02));
#9195 = DIRECTION('',(-1.499759782662E-32,-1.224646799147E-16,1.));
#9196 = DIRECTION('',(-1.,1.224646799147E-16,0.));
#9197 = ADVANCED_FACE('',(#9198),#9209,.F.);
#9198 = FACE_BOUND('',#9199,.T.);
#9199 = EDGE_LOOP('',(#9200,#9206,#9207,#9208));
#9200 = ORIENTED_EDGE('',*,*,#9201,.T.);
#9201 = EDGE_CURVE('',#340,#9056,#9202,.T.);
#9202 = LINE('',#9203,#9204);
#9203 = CARTESIAN_POINT('',(4.74999975,4.689167227259,
    -2.878230661791E-02));
#9204 = VECTOR('',#9205,1.);
#9205 = DIRECTION('',(-1.499759782662E-32,-1.224646799147E-16,1.));
#9206 = ORIENTED_EDGE('',*,*,#9055,.F.);
#9207 = ORIENTED_EDGE('',*,*,#9095,.T.);
#9208 = ORIENTED_EDGE('',*,*,#347,.T.);
#9209 = PLANE('',#9210);
#9210 = AXIS2_PLACEMENT_3D('',#9211,#9212,#9213);
#9211 = CARTESIAN_POINT('',(4.74999975,4.889167227259,
    -2.878230661791E-02));
#9212 = DIRECTION('',(1.,-1.224646799147E-16,0.));
#9213 = DIRECTION('',(1.499759782662E-32,1.224646799147E-16,-1.));
#9214 = ADVANCED_FACE('',(#9215),#9226,.F.);
#9215 = FACE_BOUND('',#9216,.T.);
#9216 = EDGE_LOOP('',(#9217,#9223,#9224,#9225));
#9217 = ORIENTED_EDGE('',*,*,#9218,.T.);
#9218 = EDGE_CURVE('',#331,#9064,#9219,.T.);
#9219 = LINE('',#9220,#9221);
#9220 = CARTESIAN_POINT('',(-0.70000025,4.689167227259,
    -2.878230661791E-02));
#9221 = VECTOR('',#9222,1.);
#9222 = DIRECTION('',(-1.499759782662E-32,-1.224646799147E-16,1.));
#9223 = ORIENTED_EDGE('',*,*,#9063,.F.);
#9224 = ORIENTED_EDGE('',*,*,#9201,.F.);
#9225 = ORIENTED_EDGE('',*,*,#339,.T.);
#9226 = PLANE('',#9227);
#9227 = AXIS2_PLACEMENT_3D('',#9228,#9229,#9230);
#9228 = CARTESIAN_POINT('',(4.74999975,4.689167227259,
    -2.878230661791E-02));
#9229 = DIRECTION('',(-1.224646799147E-16,-1.,-1.224646799147E-16));
#9230 = DIRECTION('',(-1.499759782662E-32,-1.224646799147E-16,1.));
#9231 = ADVANCED_FACE('',(#9232),#9238,.F.);
#9232 = FACE_BOUND('',#9233,.F.);
#9233 = EDGE_LOOP('',(#9234,#9235,#9236,#9237));
#9234 = ORIENTED_EDGE('',*,*,#330,.F.);
#9235 = ORIENTED_EDGE('',*,*,#9218,.T.);
#9236 = ORIENTED_EDGE('',*,*,#9071,.T.);
#9237 = ORIENTED_EDGE('',*,*,#9141,.T.);
#9238 = CYLINDRICAL_SURFACE('',#9239,0.2);
#9239 = AXIS2_PLACEMENT_3D('',#9240,#9241,#9242);
#9240 = CARTESIAN_POINT('',(-0.70000025,4.889167227259,
    -2.878230661791E-02));
#9241 = DIRECTION('',(-1.499759782662E-32,-1.224646799147E-16,1.));
#9242 = DIRECTION('',(-1.,1.224646799147E-16,0.));
#9243 = ADVANCED_FACE('',(#9244),#9312,.T.);
#9244 = FACE_BOUND('',#9245,.T.);
#9245 = EDGE_LOOP('',(#9246,#9247,#9248,#9256,#9264,#9270,#9271,#9272,
    #9273,#9281,#9289,#9297,#9305,#9311));
#9246 = ORIENTED_EDGE('',*,*,#9134,.F.);
#9247 = ORIENTED_EDGE('',*,*,#314,.T.);
#9248 = ORIENTED_EDGE('',*,*,#9249,.T.);
#9249 = EDGE_CURVE('',#307,#9250,#9252,.T.);
#9250 = VERTEX_POINT('',#9251);
#9251 = CARTESIAN_POINT('',(-2.20000025,3.149167227259,0.221217693382));
#9252 = LINE('',#9253,#9254);
#9253 = CARTESIAN_POINT('',(-2.20000025,3.149167227259,
    -2.878230661791E-02));
#9254 = VECTOR('',#9255,1.);
#9255 = DIRECTION('',(-1.499759782662E-32,-1.224646799147E-16,1.));
#9256 = ORIENTED_EDGE('',*,*,#9257,.T.);
#9257 = EDGE_CURVE('',#9250,#9258,#9260,.T.);
#9258 = VERTEX_POINT('',#9259);
#9259 = CARTESIAN_POINT('',(-2.20000025,0.139167227259,0.221217693382));
#9260 = LINE('',#9261,#9262);
#9261 = CARTESIAN_POINT('',(-2.20000025,3.149167227259,0.221217693382));
#9262 = VECTOR('',#9263,1.);
#9263 = DIRECTION('',(-1.224646799147E-16,-1.,-1.224646799147E-16));
#9264 = ORIENTED_EDGE('',*,*,#9265,.F.);
#9265 = EDGE_CURVE('',#283,#9258,#9266,.T.);
#9266 = LINE('',#9267,#9268);
#9267 = CARTESIAN_POINT('',(-2.20000025,0.139167227259,
    -2.878230661791E-02));
#9268 = VECTOR('',#9269,1.);
#9269 = DIRECTION('',(-1.499759782662E-32,-1.224646799147E-16,1.));
#9270 = ORIENTED_EDGE('',*,*,#282,.T.);
#9271 = ORIENTED_EDGE('',*,*,#8400,.T.);
#9272 = ORIENTED_EDGE('',*,*,#8175,.F.);
#9273 = ORIENTED_EDGE('',*,*,#9274,.T.);
#9274 = EDGE_CURVE('',#8168,#9275,#9277,.T.);
#9275 = VERTEX_POINT('',#9276);
#9276 = CARTESIAN_POINT('',(-2.20000025,1.079167227259,7.721217693382));
#9277 = LINE('',#9278,#9279);
#9278 = CARTESIAN_POINT('',(-2.20000025,0.879167227259,7.921217693382));
#9279 = VECTOR('',#9280,1.);
#9280 = DIRECTION('',(8.659560562355E-17,0.707106781187,-0.707106781187)
  );
#9281 = ORIENTED_EDGE('',*,*,#9282,.T.);
#9282 = EDGE_CURVE('',#9275,#9283,#9285,.T.);
#9283 = VERTEX_POINT('',#9284);
#9284 = CARTESIAN_POINT('',(-2.20000025,1.079167227259,7.321217693382));
#9285 = LINE('',#9286,#9287);
#9286 = CARTESIAN_POINT('',(-2.20000025,1.079167227259,7.721217693382));
#9287 = VECTOR('',#9288,1.);
#9288 = DIRECTION('',(1.499759782662E-32,1.224646799147E-16,-1.));
#9289 = ORIENTED_EDGE('',*,*,#9290,.T.);
#9290 = EDGE_CURVE('',#9283,#9291,#9293,.T.);
#9291 = VERTEX_POINT('',#9292);
#9292 = CARTESIAN_POINT('',(-2.20000025,1.279167227259,7.121217693382));
#9293 = LINE('',#9294,#9295);
#9294 = CARTESIAN_POINT('',(-2.20000025,1.079167227259,7.321217693382));
#9295 = VECTOR('',#9296,1.);
#9296 = DIRECTION('',(8.659560562355E-17,0.707106781187,-0.707106781187)
  );
#9297 = ORIENTED_EDGE('',*,*,#9298,.F.);
#9298 = EDGE_CURVE('',#9299,#9291,#9301,.T.);
#9299 = VERTEX_POINT('',#9300);
#9300 = CARTESIAN_POINT('',(-2.20000025,5.789167227259,7.121217693382));
#9301 = LINE('',#9302,#9303);
#9302 = CARTESIAN_POINT('',(-2.20000025,5.789167227259,7.121217693382));
#9303 = VECTOR('',#9304,1.);
#9304 = DIRECTION('',(-1.224646799147E-16,-1.,-1.224646799147E-16));
#9305 = ORIENTED_EDGE('',*,*,#9306,.F.);
#9306 = EDGE_CURVE('',#8998,#9299,#9307,.T.);
#9307 = LINE('',#9308,#9309);
#9308 = CARTESIAN_POINT('',(-2.20000025,5.789167227259,0.921217693382));
#9309 = VECTOR('',#9310,1.);
#9310 = DIRECTION('',(-1.499759782662E-32,-1.224646799147E-16,1.));
#9311 = ORIENTED_EDGE('',*,*,#8997,.T.);
#9312 = PLANE('',#9313);
#9313 = AXIS2_PLACEMENT_3D('',#9314,#9315,#9316);
#9314 = CARTESIAN_POINT('',(-2.20000025,5.789167227259,
    -2.878230661791E-02));
#9315 = DIRECTION('',(-1.,1.224646799147E-16,0.));
#9316 = DIRECTION('',(1.224646799147E-16,1.,1.224646799147E-16));
#9317 = ADVANCED_FACE('',(#9318,#9329,#9381),#9433,.T.);
#9318 = FACE_BOUND('',#9319,.T.);
#9319 = EDGE_LOOP('',(#9320,#9321,#9327,#9328));
#9320 = ORIENTED_EDGE('',*,*,#9306,.T.);
#9321 = ORIENTED_EDGE('',*,*,#9322,.F.);
#9322 = EDGE_CURVE('',#8912,#9299,#9323,.T.);
#9323 = LINE('',#9324,#9325);
#9324 = CARTESIAN_POINT('',(12.69999975,5.789167227259,7.121217693382));
#9325 = VECTOR('',#9326,1.);
#9326 = DIRECTION('',(-1.,1.224646799147E-16,0.));
#9327 = ORIENTED_EDGE('',*,*,#8909,.F.);
#9328 = ORIENTED_EDGE('',*,*,#9007,.T.);
#9329 = FACE_BOUND('',#9330,.T.);
#9330 = EDGE_LOOP('',(#9331,#9341,#9350,#9358,#9367,#9375));
#9331 = ORIENTED_EDGE('',*,*,#9332,.F.);
#9332 = EDGE_CURVE('',#9333,#9335,#9337,.T.);
#9333 = VERTEX_POINT('',#9334);
#9334 = CARTESIAN_POINT('',(3.99999975,5.789167227259,5.341217693382));
#9335 = VERTEX_POINT('',#9336);
#9336 = CARTESIAN_POINT('',(3.99999975,5.789167227259,3.971217693382));
#9337 = LINE('',#9338,#9339);
#9338 = CARTESIAN_POINT('',(3.99999975,5.789167227259,5.341217693382));
#9339 = VECTOR('',#9340,1.);
#9340 = DIRECTION('',(1.499759782662E-32,1.224646799147E-16,-1.));
#9341 = ORIENTED_EDGE('',*,*,#9342,.F.);
#9342 = EDGE_CURVE('',#9343,#9333,#9345,.T.);
#9343 = VERTEX_POINT('',#9344);
#9344 = CARTESIAN_POINT('',(3.74999975,5.789167227259,5.591217693382));
#9345 = CIRCLE('',#9346,0.25);
#9346 = AXIS2_PLACEMENT_3D('',#9347,#9348,#9349);
#9347 = CARTESIAN_POINT('',(3.74999975,5.789167227259,5.341217693382));
#9348 = DIRECTION('',(1.224646799147E-16,1.,1.224646799147E-16));
#9349 = DIRECTION('',(-1.499759782662E-32,-1.224646799147E-16,1.));
#9350 = ORIENTED_EDGE('',*,*,#9351,.F.);
#9351 = EDGE_CURVE('',#9352,#9343,#9354,.T.);
#9352 = VERTEX_POINT('',#9353);
#9353 = CARTESIAN_POINT('',(0.99999975,5.789167227259,5.591217693382));
#9354 = LINE('',#9355,#9356);
#9355 = CARTESIAN_POINT('',(0.99999975,5.789167227259,5.591217693382));
#9356 = VECTOR('',#9357,1.);
#9357 = DIRECTION('',(1.,-1.224646799147E-16,0.));
#9358 = ORIENTED_EDGE('',*,*,#9359,.F.);
#9359 = EDGE_CURVE('',#9360,#9352,#9362,.T.);
#9360 = VERTEX_POINT('',#9361);
#9361 = CARTESIAN_POINT('',(0.74999975,5.789167227259,5.341217693382));
#9362 = CIRCLE('',#9363,0.25);
#9363 = AXIS2_PLACEMENT_3D('',#9364,#9365,#9366);
#9364 = CARTESIAN_POINT('',(0.99999975,5.789167227259,5.341217693382));
#9365 = DIRECTION('',(1.224646799147E-16,1.,1.224646799147E-16));
#9366 = DIRECTION('',(-1.,1.224646799147E-16,0.));
#9367 = ORIENTED_EDGE('',*,*,#9368,.F.);
#9368 = EDGE_CURVE('',#9369,#9360,#9371,.T.);
#9369 = VERTEX_POINT('',#9370);
#9370 = CARTESIAN_POINT('',(0.74999975,5.789167227259,3.971217693382));
#9371 = LINE('',#9372,#9373);
#9372 = CARTESIAN_POINT('',(0.74999975,5.789167227259,3.971217693382));
#9373 = VECTOR('',#9374,1.);
#9374 = DIRECTION('',(-1.499759782662E-32,-1.224646799147E-16,1.));
#9375 = ORIENTED_EDGE('',*,*,#9376,.F.);
#9376 = EDGE_CURVE('',#9335,#9369,#9377,.T.);
#9377 = LINE('',#9378,#9379);
#9378 = CARTESIAN_POINT('',(3.99999975,5.789167227259,3.971217693382));
#9379 = VECTOR('',#9380,1.);
#9380 = DIRECTION('',(-1.,1.224646799147E-16,0.));
#9381 = FACE_BOUND('',#9382,.T.);
#9382 = EDGE_LOOP('',(#9383,#9393,#9401,#9410,#9418,#9427));
#9383 = ORIENTED_EDGE('',*,*,#9384,.F.);
#9384 = EDGE_CURVE('',#9385,#9387,#9389,.T.);
#9385 = VERTEX_POINT('',#9386);
#9386 = CARTESIAN_POINT('',(9.74999975,5.789167227259,3.971217693382));
#9387 = VERTEX_POINT('',#9388);
#9388 = CARTESIAN_POINT('',(6.49999975,5.789167227259,3.971217693382));
#9389 = LINE('',#9390,#9391);
#9390 = CARTESIAN_POINT('',(9.74999975,5.789167227259,3.971217693382));
#9391 = VECTOR('',#9392,1.);
#9392 = DIRECTION('',(-1.,1.224646799147E-16,0.));
#9393 = ORIENTED_EDGE('',*,*,#9394,.F.);
#9394 = EDGE_CURVE('',#9395,#9385,#9397,.T.);
#9395 = VERTEX_POINT('',#9396);
#9396 = CARTESIAN_POINT('',(9.74999975,5.789167227259,5.341217693382));
#9397 = LINE('',#9398,#9399);
#9398 = CARTESIAN_POINT('',(9.74999975,5.789167227259,5.341217693382));
#9399 = VECTOR('',#9400,1.);
#9400 = DIRECTION('',(1.499759782662E-32,1.224646799147E-16,-1.));
#9401 = ORIENTED_EDGE('',*,*,#9402,.F.);
#9402 = EDGE_CURVE('',#9403,#9395,#9405,.T.);
#9403 = VERTEX_POINT('',#9404);
#9404 = CARTESIAN_POINT('',(9.49999975,5.789167227259,5.591217693382));
#9405 = CIRCLE('',#9406,0.25);
#9406 = AXIS2_PLACEMENT_3D('',#9407,#9408,#9409);
#9407 = CARTESIAN_POINT('',(9.49999975,5.789167227259,5.341217693382));
#9408 = DIRECTION('',(1.224646799147E-16,1.,1.224646799147E-16));
#9409 = DIRECTION('',(-1.499759782662E-32,-1.224646799147E-16,1.));
#9410 = ORIENTED_EDGE('',*,*,#9411,.F.);
#9411 = EDGE_CURVE('',#9412,#9403,#9414,.T.);
#9412 = VERTEX_POINT('',#9413);
#9413 = CARTESIAN_POINT('',(6.74999975,5.789167227259,5.591217693382));
#9414 = LINE('',#9415,#9416);
#9415 = CARTESIAN_POINT('',(6.74999975,5.789167227259,5.591217693382));
#9416 = VECTOR('',#9417,1.);
#9417 = DIRECTION('',(1.,-1.224646799147E-16,0.));
#9418 = ORIENTED_EDGE('',*,*,#9419,.F.);
#9419 = EDGE_CURVE('',#9420,#9412,#9422,.T.);
#9420 = VERTEX_POINT('',#9421);
#9421 = CARTESIAN_POINT('',(6.49999975,5.789167227259,5.341217693382));
#9422 = CIRCLE('',#9423,0.25);
#9423 = AXIS2_PLACEMENT_3D('',#9424,#9425,#9426);
#9424 = CARTESIAN_POINT('',(6.74999975,5.789167227259,5.341217693382));
#9425 = DIRECTION('',(1.224646799147E-16,1.,1.224646799147E-16));
#9426 = DIRECTION('',(-1.,1.224646799147E-16,0.));
#9427 = ORIENTED_EDGE('',*,*,#9428,.F.);
#9428 = EDGE_CURVE('',#9387,#9420,#9429,.T.);
#9429 = LINE('',#9430,#9431);
#9430 = CARTESIAN_POINT('',(6.49999975,5.789167227259,3.971217693382));
#9431 = VECTOR('',#9432,1.);
#9432 = DIRECTION('',(-1.499759782662E-32,-1.224646799147E-16,1.));
#9433 = PLANE('',#9434);
#9434 = AXIS2_PLACEMENT_3D('',#9435,#9436,#9437);
#9435 = CARTESIAN_POINT('',(12.69999975,5.789167227259,
    -2.878230661791E-02));
#9436 = DIRECTION('',(1.224646799147E-16,1.,1.224646799147E-16));
#9437 = DIRECTION('',(-1.,1.224646799147E-16,0.));
#9438 = ADVANCED_FACE('',(#9439),#9455,.F.);
#9439 = FACE_BOUND('',#9440,.T.);
#9440 = EDGE_LOOP('',(#9441,#9447,#9448,#9454));
#9441 = ORIENTED_EDGE('',*,*,#9442,.T.);
#9442 = EDGE_CURVE('',#9420,#1956,#9443,.T.);
#9443 = LINE('',#9444,#9445);
#9444 = CARTESIAN_POINT('',(6.49999975,5.789167227259,5.341217693382));
#9445 = VECTOR('',#9446,1.);
#9446 = DIRECTION('',(-1.224646799147E-16,-1.,-1.224646799147E-16));
#9447 = ORIENTED_EDGE('',*,*,#1955,.F.);
#9448 = ORIENTED_EDGE('',*,*,#9449,.F.);
#9449 = EDGE_CURVE('',#9387,#1948,#9450,.T.);
#9450 = LINE('',#9451,#9452);
#9451 = CARTESIAN_POINT('',(6.49999975,5.789167227259,3.971217693382));
#9452 = VECTOR('',#9453,1.);
#9453 = DIRECTION('',(-1.224646799147E-16,-1.,-1.224646799147E-16));
#9454 = ORIENTED_EDGE('',*,*,#9428,.T.);
#9455 = PLANE('',#9456);
#9456 = AXIS2_PLACEMENT_3D('',#9457,#9458,#9459);
#9457 = CARTESIAN_POINT('',(6.49999975,5.789167227259,3.971217693382));
#9458 = DIRECTION('',(-1.,1.224646799147E-16,0.));
#9459 = DIRECTION('',(1.224646799147E-16,1.,1.224646799147E-16));
#9460 = ADVANCED_FACE('',(#9461),#9472,.F.);
#9461 = FACE_BOUND('',#9462,.T.);
#9462 = EDGE_LOOP('',(#9463,#9464,#9465,#9471));
#9463 = ORIENTED_EDGE('',*,*,#9449,.T.);
#9464 = ORIENTED_EDGE('',*,*,#1947,.F.);
#9465 = ORIENTED_EDGE('',*,*,#9466,.F.);
#9466 = EDGE_CURVE('',#9385,#1940,#9467,.T.);
#9467 = LINE('',#9468,#9469);
#9468 = CARTESIAN_POINT('',(9.74999975,5.789167227259,3.971217693382));
#9469 = VECTOR('',#9470,1.);
#9470 = DIRECTION('',(-1.224646799147E-16,-1.,-1.224646799147E-16));
#9471 = ORIENTED_EDGE('',*,*,#9384,.T.);
#9472 = PLANE('',#9473);
#9473 = AXIS2_PLACEMENT_3D('',#9474,#9475,#9476);
#9474 = CARTESIAN_POINT('',(9.74999975,5.789167227259,3.971217693382));
#9475 = DIRECTION('',(1.499759782662E-32,1.224646799147E-16,-1.));
#9476 = DIRECTION('',(-1.,1.224646799147E-16,0.));
#9477 = ADVANCED_FACE('',(#9478),#9529,.T.);
#9478 = FACE_BOUND('',#9479,.T.);
#9479 = EDGE_LOOP('',(#9480,#9486,#9487,#9488,#9489,#9490,#9498,#9506,
    #9514,#9522,#9528));
#9480 = ORIENTED_EDGE('',*,*,#9481,.F.);
#9481 = EDGE_CURVE('',#9395,#1981,#9482,.T.);
#9482 = LINE('',#9483,#9484);
#9483 = CARTESIAN_POINT('',(9.74999975,5.789167227259,5.341217693382));
#9484 = VECTOR('',#9485,1.);
#9485 = DIRECTION('',(-1.224646799147E-16,-1.,-1.224646799147E-16));
#9486 = ORIENTED_EDGE('',*,*,#9394,.T.);
#9487 = ORIENTED_EDGE('',*,*,#9466,.T.);
#9488 = ORIENTED_EDGE('',*,*,#1939,.F.);
#9489 = ORIENTED_EDGE('',*,*,#1540,.T.);
#9490 = ORIENTED_EDGE('',*,*,#9491,.T.);
#9491 = EDGE_CURVE('',#1533,#9492,#9494,.T.);
#9492 = VERTEX_POINT('',#9493);
#9493 = CARTESIAN_POINT('',(9.74999975,3.889167227259,7.021217693382));
#9494 = LINE('',#9495,#9496);
#9495 = CARTESIAN_POINT('',(9.74999975,3.889167227259,1.721217693382));
#9496 = VECTOR('',#9497,1.);
#9497 = DIRECTION('',(-1.499759782662E-32,-1.224646799147E-16,1.));
#9498 = ORIENTED_EDGE('',*,*,#9499,.F.);
#9499 = EDGE_CURVE('',#9500,#9492,#9502,.T.);
#9500 = VERTEX_POINT('',#9501);
#9501 = CARTESIAN_POINT('',(9.74999975,4.889167227259,7.021217693382));
#9502 = LINE('',#9503,#9504);
#9503 = CARTESIAN_POINT('',(9.74999975,4.889167227259,7.021217693382));
#9504 = VECTOR('',#9505,1.);
#9505 = DIRECTION('',(-1.224646799147E-16,-1.,-1.224646799147E-16));
#9506 = ORIENTED_EDGE('',*,*,#9507,.F.);
#9507 = EDGE_CURVE('',#9508,#9500,#9510,.T.);
#9508 = VERTEX_POINT('',#9509);
#9509 = CARTESIAN_POINT('',(9.74999975,4.989167227259,7.121217693382));
#9510 = LINE('',#9511,#9512);
#9511 = CARTESIAN_POINT('',(9.74999975,4.989167227259,7.121217693382));
#9512 = VECTOR('',#9513,1.);
#9513 = DIRECTION('',(-8.659560562356E-17,-0.707106781187,
    -0.707106781186));
#9514 = ORIENTED_EDGE('',*,*,#9515,.T.);
#9515 = EDGE_CURVE('',#9508,#9516,#9518,.T.);
#9516 = VERTEX_POINT('',#9517);
#9517 = CARTESIAN_POINT('',(9.74999975,5.439167227259,7.121217693382));
#9518 = LINE('',#9519,#9520);
#9519 = CARTESIAN_POINT('',(9.74999975,4.989167227259,7.121217693382));
#9520 = VECTOR('',#9521,1.);
#9521 = DIRECTION('',(1.224646799147E-16,1.,1.224646799147E-16));
#9522 = ORIENTED_EDGE('',*,*,#9523,.F.);
#9523 = EDGE_CURVE('',#1990,#9516,#9524,.T.);
#9524 = LINE('',#9525,#9526);
#9525 = CARTESIAN_POINT('',(9.74999975,4.889167227259,6.121217693382));
#9526 = VECTOR('',#9527,1.);
#9527 = DIRECTION('',(5.901802543576E-17,0.481918749772,0.876215908677)
  );
#9528 = ORIENTED_EDGE('',*,*,#1989,.F.);
#9529 = PLANE('',#9530);
#9530 = AXIS2_PLACEMENT_3D('',#9531,#9532,#9533);
#9531 = CARTESIAN_POINT('',(9.74999975,4.889167227259,1.721217693382));
#9532 = DIRECTION('',(-1.,1.224646799147E-16,0.));
#9533 = DIRECTION('',(1.224646799147E-16,1.,1.224646799147E-16));
#9534 = ADVANCED_FACE('',(#9535),#9553,.F.);
#9535 = FACE_BOUND('',#9536,.T.);
#9536 = EDGE_LOOP('',(#9537,#9545,#9546,#9547));
#9537 = ORIENTED_EDGE('',*,*,#9538,.F.);
#9538 = EDGE_CURVE('',#1998,#9539,#9541,.T.);
#9539 = VERTEX_POINT('',#9540);
#9540 = CARTESIAN_POINT('',(6.49999975,5.439167227259,7.121217693382));
#9541 = LINE('',#9542,#9543);
#9542 = CARTESIAN_POINT('',(6.49999975,4.889167227259,6.121217693382));
#9543 = VECTOR('',#9544,1.);
#9544 = DIRECTION('',(5.901802543576E-17,0.481918749772,0.876215908677)
  );
#9545 = ORIENTED_EDGE('',*,*,#1997,.F.);
#9546 = ORIENTED_EDGE('',*,*,#9523,.T.);
#9547 = ORIENTED_EDGE('',*,*,#9548,.F.);
#9548 = EDGE_CURVE('',#9539,#9516,#9549,.T.);
#9549 = LINE('',#9550,#9551);
#9550 = CARTESIAN_POINT('',(6.49999975,5.439167227259,7.121217693382));
#9551 = VECTOR('',#9552,1.);
#9552 = DIRECTION('',(1.,-1.224646799147E-16,0.));
#9553 = PLANE('',#9554);
#9554 = AXIS2_PLACEMENT_3D('',#9555,#9556,#9557);
#9555 = CARTESIAN_POINT('',(6.49999975,4.889167227259,6.121217693382));
#9556 = DIRECTION('',(1.073055007923E-16,0.876215908677,-0.481918749772)
  );
#9557 = DIRECTION('',(-1.,1.224646799147E-16,0.));
#9558 = ADVANCED_FACE('',(#9559),#9691,.F.);
#9559 = FACE_BOUND('',#9560,.T.);
#9560 = EDGE_LOOP('',(#9561,#9571,#9577,#9578,#9579,#9587,#9595,#9603,
    #9611,#9619,#9627,#9633,#9634,#9635,#9636,#9642,#9643,#9644,#9645,
    #9653,#9661,#9669,#9677,#9685));
#9561 = ORIENTED_EDGE('',*,*,#9562,.F.);
#9562 = EDGE_CURVE('',#9563,#9565,#9567,.T.);
#9563 = VERTEX_POINT('',#9564);
#9564 = CARTESIAN_POINT('',(6.49999975,4.989167227259,7.121217693382));
#9565 = VERTEX_POINT('',#9566);
#9566 = CARTESIAN_POINT('',(3.99999975,4.989167227259,7.121217693382));
#9567 = LINE('',#9568,#9569);
#9568 = CARTESIAN_POINT('',(6.49999975,4.989167227259,7.121217693382));
#9569 = VECTOR('',#9570,1.);
#9570 = DIRECTION('',(-1.,1.224646799147E-16,0.));
#9571 = ORIENTED_EDGE('',*,*,#9572,.T.);
#9572 = EDGE_CURVE('',#9563,#9539,#9573,.T.);
#9573 = LINE('',#9574,#9575);
#9574 = CARTESIAN_POINT('',(6.49999975,4.989167227259,7.121217693382));
#9575 = VECTOR('',#9576,1.);
#9576 = DIRECTION('',(1.224646799147E-16,1.,1.224646799147E-16));
#9577 = ORIENTED_EDGE('',*,*,#9548,.T.);
#9578 = ORIENTED_EDGE('',*,*,#9515,.F.);
#9579 = ORIENTED_EDGE('',*,*,#9580,.F.);
#9580 = EDGE_CURVE('',#9581,#9508,#9583,.T.);
#9581 = VERTEX_POINT('',#9582);
#9582 = CARTESIAN_POINT('',(9.84999975,4.989167227259,7.121217693382));
#9583 = LINE('',#9584,#9585);
#9584 = CARTESIAN_POINT('',(9.84999975,4.989167227259,7.121217693382));
#9585 = VECTOR('',#9586,1.);
#9586 = DIRECTION('',(-1.,1.224646799147E-16,0.));
#9587 = ORIENTED_EDGE('',*,*,#9588,.T.);
#9588 = EDGE_CURVE('',#9581,#9589,#9591,.T.);
#9589 = VERTEX_POINT('',#9590);
#9590 = CARTESIAN_POINT('',(9.84999975,3.989167227259,7.121217693382));
#9591 = LINE('',#9592,#9593);
#9592 = CARTESIAN_POINT('',(9.84999975,4.989167227259,7.121217693382));
#9593 = VECTOR('',#9594,1.);
#9594 = DIRECTION('',(-1.224646799147E-16,-1.,-1.224646799147E-16));
#9595 = ORIENTED_EDGE('',*,*,#9596,.T.);
#9596 = EDGE_CURVE('',#9589,#9597,#9599,.T.);
#9597 = VERTEX_POINT('',#9598);
#9598 = CARTESIAN_POINT('',(10.39999975,3.989167227259,7.121217693382));
#9599 = LINE('',#9600,#9601);
#9600 = CARTESIAN_POINT('',(9.84999975,3.989167227259,7.121217693382));
#9601 = VECTOR('',#9602,1.);
#9602 = DIRECTION('',(1.,-1.224646799147E-16,0.));
#9603 = ORIENTED_EDGE('',*,*,#9604,.T.);
#9604 = EDGE_CURVE('',#9597,#9605,#9607,.T.);
#9605 = VERTEX_POINT('',#9606);
#9606 = CARTESIAN_POINT('',(10.39999975,4.989167227259,7.121217693382));
#9607 = LINE('',#9608,#9609);
#9608 = CARTESIAN_POINT('',(10.39999975,3.989167227259,7.121217693382));
#9609 = VECTOR('',#9610,1.);
#9610 = DIRECTION('',(1.224646799147E-16,1.,1.224646799147E-16));
#9611 = ORIENTED_EDGE('',*,*,#9612,.F.);
#9612 = EDGE_CURVE('',#9613,#9605,#9615,.T.);
#9613 = VERTEX_POINT('',#9614);
#9614 = CARTESIAN_POINT('',(12.04999975,4.989167227259,7.121217693382));
#9615 = LINE('',#9616,#9617);
#9616 = CARTESIAN_POINT('',(12.04999975,4.989167227259,7.121217693382));
#9617 = VECTOR('',#9618,1.);
#9618 = DIRECTION('',(-1.,1.224646799147E-16,0.));
#9619 = ORIENTED_EDGE('',*,*,#9620,.F.);
#9620 = EDGE_CURVE('',#9621,#9613,#9623,.T.);
#9621 = VERTEX_POINT('',#9622);
#9622 = CARTESIAN_POINT('',(12.04999975,1.279167227259,7.121217693382));
#9623 = LINE('',#9624,#9625);
#9624 = CARTESIAN_POINT('',(12.04999975,1.279167227259,7.121217693382));
#9625 = VECTOR('',#9626,1.);
#9626 = DIRECTION('',(1.224646799147E-16,1.,1.224646799147E-16));
#9627 = ORIENTED_EDGE('',*,*,#9628,.F.);
#9628 = EDGE_CURVE('',#8920,#9621,#9629,.T.);
#9629 = LINE('',#9630,#9631);
#9630 = CARTESIAN_POINT('',(12.69999975,1.279167227259,7.121217693382));
#9631 = VECTOR('',#9632,1.);
#9632 = DIRECTION('',(-1.,1.224646799147E-16,0.));
#9633 = ORIENTED_EDGE('',*,*,#8919,.F.);
#9634 = ORIENTED_EDGE('',*,*,#9322,.T.);
#9635 = ORIENTED_EDGE('',*,*,#9298,.T.);
#9636 = ORIENTED_EDGE('',*,*,#9637,.F.);
#9637 = EDGE_CURVE('',#2124,#9291,#9638,.T.);
#9638 = LINE('',#9639,#9640);
#9639 = CARTESIAN_POINT('',(-1.55000025,1.279167227259,7.121217693382));
#9640 = VECTOR('',#9641,1.);
#9641 = DIRECTION('',(-1.,1.224646799147E-16,0.));
#9642 = ORIENTED_EDGE('',*,*,#2123,.F.);
#9643 = ORIENTED_EDGE('',*,*,#2091,.F.);
#9644 = ORIENTED_EDGE('',*,*,#2067,.T.);
#9645 = ORIENTED_EDGE('',*,*,#9646,.T.);
#9646 = EDGE_CURVE('',#2060,#9647,#9649,.T.);
#9647 = VERTEX_POINT('',#9648);
#9648 = CARTESIAN_POINT('',(0.64999975,3.989167227259,7.121217693382));
#9649 = LINE('',#9650,#9651);
#9650 = CARTESIAN_POINT('',(9.999974999999E-02,3.989167227259,
    7.121217693382));
#9651 = VECTOR('',#9652,1.);
#9652 = DIRECTION('',(1.,-1.224646799147E-16,0.));
#9653 = ORIENTED_EDGE('',*,*,#9654,.T.);
#9654 = EDGE_CURVE('',#9647,#9655,#9657,.T.);
#9655 = VERTEX_POINT('',#9656);
#9656 = CARTESIAN_POINT('',(0.64999975,4.989167227259,7.121217693382));
#9657 = LINE('',#9658,#9659);
#9658 = CARTESIAN_POINT('',(0.64999975,3.989167227259,7.121217693382));
#9659 = VECTOR('',#9660,1.);
#9660 = DIRECTION('',(1.224646799147E-16,1.,1.224646799147E-16));
#9661 = ORIENTED_EDGE('',*,*,#9662,.F.);
#9662 = EDGE_CURVE('',#9663,#9655,#9665,.T.);
#9663 = VERTEX_POINT('',#9664);
#9664 = CARTESIAN_POINT('',(0.74999975,4.989167227259,7.121217693382));
#9665 = LINE('',#9666,#9667);
#9666 = CARTESIAN_POINT('',(0.74999975,4.989167227259,7.121217693382));
#9667 = VECTOR('',#9668,1.);
#9668 = DIRECTION('',(-1.,1.224646799147E-16,0.));
#9669 = ORIENTED_EDGE('',*,*,#9670,.T.);
#9670 = EDGE_CURVE('',#9663,#9671,#9673,.T.);
#9671 = VERTEX_POINT('',#9672);
#9672 = CARTESIAN_POINT('',(0.74999975,5.439167227259,7.121217693382));
#9673 = LINE('',#9674,#9675);
#9674 = CARTESIAN_POINT('',(0.74999975,4.989167227259,7.121217693382));
#9675 = VECTOR('',#9676,1.);
#9676 = DIRECTION('',(1.224646799147E-16,1.,1.224646799147E-16));
#9677 = ORIENTED_EDGE('',*,*,#9678,.F.);
#9678 = EDGE_CURVE('',#9679,#9671,#9681,.T.);
#9679 = VERTEX_POINT('',#9680);
#9680 = CARTESIAN_POINT('',(3.99999975,5.439167227259,7.121217693382));
#9681 = LINE('',#9682,#9683);
#9682 = CARTESIAN_POINT('',(3.99999975,5.439167227259,7.121217693382));
#9683 = VECTOR('',#9684,1.);
#9684 = DIRECTION('',(-1.,1.224646799147E-16,0.));
#9685 = ORIENTED_EDGE('',*,*,#9686,.F.);
#9686 = EDGE_CURVE('',#9565,#9679,#9687,.T.);
#9687 = LINE('',#9688,#9689);
#9688 = CARTESIAN_POINT('',(3.99999975,4.989167227259,7.121217693382));
#9689 = VECTOR('',#9690,1.);
#9690 = DIRECTION('',(1.224646799147E-16,1.,1.224646799147E-16));
#9691 = PLANE('',#9692);
#9692 = AXIS2_PLACEMENT_3D('',#9693,#9694,#9695);
#9693 = CARTESIAN_POINT('',(12.69999975,1.279167227259,7.121217693382));
#9694 = DIRECTION('',(1.499759782662E-32,1.224646799147E-16,-1.));
#9695 = DIRECTION('',(-1.,1.224646799147E-16,0.));
#9696 = ADVANCED_FACE('',(#9697),#9713,.F.);
#9697 = FACE_BOUND('',#9698,.T.);
#9698 = EDGE_LOOP('',(#9699,#9705,#9706,#9712));
#9699 = ORIENTED_EDGE('',*,*,#9700,.F.);
#9700 = EDGE_CURVE('',#1873,#9679,#9701,.T.);
#9701 = LINE('',#9702,#9703);
#9702 = CARTESIAN_POINT('',(3.99999975,4.889167227259,6.121217693382));
#9703 = VECTOR('',#9704,1.);
#9704 = DIRECTION('',(5.901802543576E-17,0.481918749772,0.876215908677)
  );
#9705 = ORIENTED_EDGE('',*,*,#2021,.F.);
#9706 = ORIENTED_EDGE('',*,*,#9707,.F.);
#9707 = EDGE_CURVE('',#9565,#2014,#9708,.T.);
#9708 = LINE('',#9709,#9710);
#9709 = CARTESIAN_POINT('',(3.99999975,4.989167227259,7.121217693382));
#9710 = VECTOR('',#9711,1.);
#9711 = DIRECTION('',(-8.659560562356E-17,-0.707106781187,
    -0.707106781186));
#9712 = ORIENTED_EDGE('',*,*,#9686,.T.);
#9713 = PLANE('',#9714);
#9714 = AXIS2_PLACEMENT_3D('',#9715,#9716,#9717);
#9715 = CARTESIAN_POINT('',(3.99999975,2.514167227259,4.741217693382));
#9716 = DIRECTION('',(1.,-1.224646799147E-16,0.));
#9717 = DIRECTION('',(1.499759782662E-32,1.224646799147E-16,-1.));
#9718 = ADVANCED_FACE('',(#9719),#9729,.T.);
#9719 = FACE_BOUND('',#9720,.T.);
#9720 = EDGE_LOOP('',(#9721,#9727,#9728));
#9721 = ORIENTED_EDGE('',*,*,#9722,.F.);
#9722 = EDGE_CURVE('',#9581,#9500,#9723,.T.);
#9723 = LINE('',#9724,#9725);
#9724 = CARTESIAN_POINT('',(9.84999975,4.989167227259,7.121217693382));
#9725 = VECTOR('',#9726,1.);
#9726 = DIRECTION('',(-0.57735026919,-0.57735026919,-0.57735026919));
#9727 = ORIENTED_EDGE('',*,*,#9580,.T.);
#9728 = ORIENTED_EDGE('',*,*,#9507,.T.);
#9729 = PLANE('',#9730);
#9730 = AXIS2_PLACEMENT_3D('',#9731,#9732,#9733);
#9731 = CARTESIAN_POINT('',(5.24999975,4.939167227259,7.071217693382));
#9732 = DIRECTION('',(-8.659560562355E-17,-0.707106781187,0.707106781187
    ));
#9733 = DIRECTION('',(-8.659560562355E-17,-0.707106781187,
    -0.707106781187));
#9734 = ADVANCED_FACE('',(#9735),#9746,.T.);
#9735 = FACE_BOUND('',#9736,.T.);
#9736 = EDGE_LOOP('',(#9737,#9738,#9744,#9745));
#9737 = ORIENTED_EDGE('',*,*,#2013,.F.);
#9738 = ORIENTED_EDGE('',*,*,#9739,.F.);
#9739 = EDGE_CURVE('',#9563,#2006,#9740,.T.);
#9740 = LINE('',#9741,#9742);
#9741 = CARTESIAN_POINT('',(6.49999975,4.989167227259,7.121217693382));
#9742 = VECTOR('',#9743,1.);
#9743 = DIRECTION('',(-8.659560562356E-17,-0.707106781187,
    -0.707106781186));
#9744 = ORIENTED_EDGE('',*,*,#9562,.T.);
#9745 = ORIENTED_EDGE('',*,*,#9707,.T.);
#9746 = PLANE('',#9747);
#9747 = AXIS2_PLACEMENT_3D('',#9748,#9749,#9750);
#9748 = CARTESIAN_POINT('',(5.24999975,4.939167227259,7.071217693382));
#9749 = DIRECTION('',(-8.659560562355E-17,-0.707106781187,0.707106781187
    ));
#9750 = DIRECTION('',(-8.659560562355E-17,-0.707106781187,
    -0.707106781187));
#9751 = ADVANCED_FACE('',(#9752),#9769,.T.);
#9752 = FACE_BOUND('',#9753,.T.);
#9753 = EDGE_LOOP('',(#9754,#9755,#9763));
#9754 = ORIENTED_EDGE('',*,*,#9662,.T.);
#9755 = ORIENTED_EDGE('',*,*,#9756,.T.);
#9756 = EDGE_CURVE('',#9655,#9757,#9759,.T.);
#9757 = VERTEX_POINT('',#9758);
#9758 = CARTESIAN_POINT('',(0.74999975,4.889167227259,7.021217693382));
#9759 = LINE('',#9760,#9761);
#9760 = CARTESIAN_POINT('',(0.64999975,4.989167227259,7.121217693382));
#9761 = VECTOR('',#9762,1.);
#9762 = DIRECTION('',(0.57735026919,-0.57735026919,-0.57735026919));
#9763 = ORIENTED_EDGE('',*,*,#9764,.F.);
#9764 = EDGE_CURVE('',#9663,#9757,#9765,.T.);
#9765 = LINE('',#9766,#9767);
#9766 = CARTESIAN_POINT('',(0.74999975,4.989167227259,7.121217693382));
#9767 = VECTOR('',#9768,1.);
#9768 = DIRECTION('',(-8.659560562356E-17,-0.707106781187,
    -0.707106781186));
#9769 = PLANE('',#9770);
#9770 = AXIS2_PLACEMENT_3D('',#9771,#9772,#9773);
#9771 = CARTESIAN_POINT('',(5.24999975,4.939167227259,7.071217693382));
#9772 = DIRECTION('',(-8.659560562355E-17,-0.707106781187,0.707106781187
    ));
#9773 = DIRECTION('',(-8.659560562355E-17,-0.707106781187,
    -0.707106781187));
#9774 = ADVANCED_FACE('',(#9775),#9786,.T.);
#9775 = FACE_BOUND('',#9776,.T.);
#9776 = EDGE_LOOP('',(#9777,#9783,#9784,#9785));
#9777 = ORIENTED_EDGE('',*,*,#9778,.F.);
#9778 = EDGE_CURVE('',#9589,#9492,#9779,.T.);
#9779 = LINE('',#9780,#9781);
#9780 = CARTESIAN_POINT('',(9.84999975,3.989167227259,7.121217693382));
#9781 = VECTOR('',#9782,1.);
#9782 = DIRECTION('',(-0.57735026919,-0.57735026919,-0.57735026919));
#9783 = ORIENTED_EDGE('',*,*,#9588,.F.);
#9784 = ORIENTED_EDGE('',*,*,#9722,.T.);
#9785 = ORIENTED_EDGE('',*,*,#9499,.T.);
#9786 = PLANE('',#9787);
#9787 = AXIS2_PLACEMENT_3D('',#9788,#9789,#9790);
#9788 = CARTESIAN_POINT('',(9.79999975,4.389167227259,7.071217693382));
#9789 = DIRECTION('',(-0.707106781186,-1.225199593421E-29,0.707106781187
    ));
#9790 = DIRECTION('',(-1.224646799147E-16,-1.,-1.224646799147E-16));
#9791 = ADVANCED_FACE('',(#9792),#9810,.T.);
#9792 = FACE_BOUND('',#9793,.T.);
#9793 = EDGE_LOOP('',(#9794,#9802,#9803,#9804));
#9794 = ORIENTED_EDGE('',*,*,#9795,.F.);
#9795 = EDGE_CURVE('',#9597,#9796,#9798,.T.);
#9796 = VERTEX_POINT('',#9797);
#9797 = CARTESIAN_POINT('',(10.49999975,3.889167227259,7.021217693382));
#9798 = LINE('',#9799,#9800);
#9799 = CARTESIAN_POINT('',(10.39999975,3.989167227259,7.121217693382));
#9800 = VECTOR('',#9801,1.);
#9801 = DIRECTION('',(0.57735026919,-0.57735026919,-0.57735026919));
#9802 = ORIENTED_EDGE('',*,*,#9596,.F.);
#9803 = ORIENTED_EDGE('',*,*,#9778,.T.);
#9804 = ORIENTED_EDGE('',*,*,#9805,.T.);
#9805 = EDGE_CURVE('',#9492,#9796,#9806,.T.);
#9806 = LINE('',#9807,#9808);
#9807 = CARTESIAN_POINT('',(9.74999975,3.889167227259,7.021217693382));
#9808 = VECTOR('',#9809,1.);
#9809 = DIRECTION('',(1.,-1.224646799147E-16,0.));
#9810 = PLANE('',#9811);
#9811 = AXIS2_PLACEMENT_3D('',#9812,#9813,#9814);
#9812 = CARTESIAN_POINT('',(10.12499975,3.939167227259,7.071217693382));
#9813 = DIRECTION('',(-8.659560562355E-17,-0.707106781187,0.707106781187
    ));
#9814 = DIRECTION('',(-8.659560562355E-17,-0.707106781187,
    -0.707106781187));
#9815 = ADVANCED_FACE('',(#9816),#9827,.T.);
#9816 = FACE_BOUND('',#9817,.T.);
#9817 = EDGE_LOOP('',(#9818,#9819,#9820,#9826));
#9818 = ORIENTED_EDGE('',*,*,#9491,.F.);
#9819 = ORIENTED_EDGE('',*,*,#1532,.T.);
#9820 = ORIENTED_EDGE('',*,*,#9821,.T.);
#9821 = EDGE_CURVE('',#1525,#9796,#9822,.T.);
#9822 = LINE('',#9823,#9824);
#9823 = CARTESIAN_POINT('',(10.49999975,3.889167227259,1.721217693382));
#9824 = VECTOR('',#9825,1.);
#9825 = DIRECTION('',(-1.499759782662E-32,-1.224646799147E-16,1.));
#9826 = ORIENTED_EDGE('',*,*,#9805,.F.);
#9827 = PLANE('',#9828);
#9828 = AXIS2_PLACEMENT_3D('',#9829,#9830,#9831);
#9829 = CARTESIAN_POINT('',(9.74999975,3.889167227259,1.721217693382));
#9830 = DIRECTION('',(-1.224646799147E-16,-1.,-1.224646799147E-16));
#9831 = DIRECTION('',(-1.499759782662E-32,-1.224646799147E-16,1.));
#9832 = ADVANCED_FACE('',(#9833),#9844,.T.);
#9833 = FACE_BOUND('',#9834,.T.);
#9834 = EDGE_LOOP('',(#9835,#9836,#9837,#9838));
#9835 = ORIENTED_EDGE('',*,*,#9821,.F.);
#9836 = ORIENTED_EDGE('',*,*,#1524,.F.);
#9837 = ORIENTED_EDGE('',*,*,#1858,.T.);
#9838 = ORIENTED_EDGE('',*,*,#9839,.F.);
#9839 = EDGE_CURVE('',#9796,#1851,#9840,.T.);
#9840 = LINE('',#9841,#9842);
#9841 = CARTESIAN_POINT('',(10.49999975,3.889167227259,7.021217693382));
#9842 = VECTOR('',#9843,1.);
#9843 = DIRECTION('',(1.224646799147E-16,1.,1.224646799147E-16));
#9844 = PLANE('',#9845);
#9845 = AXIS2_PLACEMENT_3D('',#9846,#9847,#9848);
#9846 = CARTESIAN_POINT('',(10.49999975,3.889167227259,1.721217693382));
#9847 = DIRECTION('',(1.,-1.224646799147E-16,0.));
#9848 = DIRECTION('',(1.499759782662E-32,1.224646799147E-16,-1.));
#9849 = ADVANCED_FACE('',(#9850),#9861,.T.);
#9850 = FACE_BOUND('',#9851,.T.);
#9851 = EDGE_LOOP('',(#9852,#9858,#9859,#9860));
#9852 = ORIENTED_EDGE('',*,*,#9853,.F.);
#9853 = EDGE_CURVE('',#9605,#1851,#9854,.T.);
#9854 = LINE('',#9855,#9856);
#9855 = CARTESIAN_POINT('',(10.39999975,4.989167227259,7.121217693382));
#9856 = VECTOR('',#9857,1.);
#9857 = DIRECTION('',(0.57735026919,-0.57735026919,-0.57735026919));
#9858 = ORIENTED_EDGE('',*,*,#9604,.F.);
#9859 = ORIENTED_EDGE('',*,*,#9795,.T.);
#9860 = ORIENTED_EDGE('',*,*,#9839,.T.);
#9861 = PLANE('',#9862);
#9862 = AXIS2_PLACEMENT_3D('',#9863,#9864,#9865);
#9863 = CARTESIAN_POINT('',(10.44999975,4.389167227259,7.071217693382));
#9864 = DIRECTION('',(0.707106781187,-1.731912112471E-16,0.707106781187)
  );
#9865 = DIRECTION('',(0.707106781187,0.,-0.707106781187));
#9866 = ADVANCED_FACE('',(#9867),#9878,.T.);
#9867 = FACE_BOUND('',#9868,.T.);
#9868 = EDGE_LOOP('',(#9869,#9870,#9871,#9872));
#9869 = ORIENTED_EDGE('',*,*,#9612,.T.);
#9870 = ORIENTED_EDGE('',*,*,#9853,.T.);
#9871 = ORIENTED_EDGE('',*,*,#1850,.F.);
#9872 = ORIENTED_EDGE('',*,*,#9873,.F.);
#9873 = EDGE_CURVE('',#9613,#1723,#9874,.T.);
#9874 = LINE('',#9875,#9876);
#9875 = CARTESIAN_POINT('',(12.04999975,4.989167227259,7.121217693382));
#9876 = VECTOR('',#9877,1.);
#9877 = DIRECTION('',(-0.57735026919,-0.57735026919,-0.57735026919));
#9878 = PLANE('',#9879);
#9879 = AXIS2_PLACEMENT_3D('',#9880,#9881,#9882);
#9880 = CARTESIAN_POINT('',(11.22499975,4.939167227259,7.071217693382));
#9881 = DIRECTION('',(-8.659560562355E-17,-0.707106781187,0.707106781187
    ));
#9882 = DIRECTION('',(-8.659560562355E-17,-0.707106781187,
    -0.707106781187));
#9883 = ADVANCED_FACE('',(#9884),#9902,.T.);
#9884 = FACE_BOUND('',#9885,.T.);
#9885 = EDGE_LOOP('',(#9886,#9887,#9893,#9894,#9895,#9896));
#9886 = ORIENTED_EDGE('',*,*,#1795,.F.);
#9887 = ORIENTED_EDGE('',*,*,#9888,.F.);
#9888 = EDGE_CURVE('',#9621,#1788,#9889,.T.);
#9889 = LINE('',#9890,#9891);
#9890 = CARTESIAN_POINT('',(12.04999975,1.279167227259,7.121217693382));
#9891 = VECTOR('',#9892,1.);
#9892 = DIRECTION('',(-0.678598344546,-0.281084637715,-0.678598344546));
#9893 = ORIENTED_EDGE('',*,*,#9620,.T.);
#9894 = ORIENTED_EDGE('',*,*,#9873,.T.);
#9895 = ORIENTED_EDGE('',*,*,#1722,.F.);
#9896 = ORIENTED_EDGE('',*,*,#9897,.F.);
#9897 = EDGE_CURVE('',#1796,#1700,#9898,.T.);
#9898 = LINE('',#9899,#9900);
#9899 = CARTESIAN_POINT('',(11.94999975,1.649167227259,7.021217693382));
#9900 = VECTOR('',#9901,1.);
#9901 = DIRECTION('',(1.224646799147E-16,1.,1.224646799147E-16));
#9902 = PLANE('',#9903);
#9903 = AXIS2_PLACEMENT_3D('',#9904,#9905,#9906);
#9904 = CARTESIAN_POINT('',(11.99999975,3.084167227259,7.071217693382));
#9905 = DIRECTION('',(-0.707106781187,0.,0.707106781187));
#9906 = DIRECTION('',(-1.224646799147E-16,-1.,-1.224646799147E-16));
#9907 = ADVANCED_FACE('',(#9908),#9926,.T.);
#9908 = FACE_BOUND('',#9909,.T.);
#9909 = EDGE_LOOP('',(#9910,#9918,#9924,#9925));
#9910 = ORIENTED_EDGE('',*,*,#9911,.F.);
#9911 = EDGE_CURVE('',#9912,#1692,#9914,.T.);
#9912 = VERTEX_POINT('',#9913);
#9913 = CARTESIAN_POINT('',(11.94999975,1.649167227259,7.121217693382));
#9914 = LINE('',#9915,#9916);
#9915 = CARTESIAN_POINT('',(11.94999975,1.649167227259,7.121217693382));
#9916 = VECTOR('',#9917,1.);
#9917 = DIRECTION('',(1.224646799147E-16,1.,1.224646799147E-16));
#9918 = ORIENTED_EDGE('',*,*,#9919,.T.);
#9919 = EDGE_CURVE('',#9912,#1796,#9920,.T.);
#9920 = LINE('',#9921,#9922);
#9921 = CARTESIAN_POINT('',(11.94999975,1.649167227259,7.121217693382));
#9922 = VECTOR('',#9923,1.);
#9923 = DIRECTION('',(1.499759782662E-32,1.224646799147E-16,-1.));
#9924 = ORIENTED_EDGE('',*,*,#9897,.T.);
#9925 = ORIENTED_EDGE('',*,*,#1699,.F.);
#9926 = PLANE('',#9927);
#9927 = AXIS2_PLACEMENT_3D('',#9928,#9929,#9930);
#9928 = CARTESIAN_POINT('',(11.94999975,1.649167227259,7.121217693382));
#9929 = DIRECTION('',(1.,-1.224646799147E-16,0.));
#9930 = DIRECTION('',(1.499759782662E-32,1.224646799147E-16,-1.));
#9931 = ADVANCED_FACE('',(#9932),#9951,.T.);
#9932 = FACE_BOUND('',#9933,.T.);
#9933 = EDGE_LOOP('',(#9934,#9935,#9936,#9944,#9950));
#9934 = ORIENTED_EDGE('',*,*,#1803,.T.);
#9935 = ORIENTED_EDGE('',*,*,#9919,.F.);
#9936 = ORIENTED_EDGE('',*,*,#9937,.F.);
#9937 = EDGE_CURVE('',#9938,#9912,#9940,.T.);
#9938 = VERTEX_POINT('',#9939);
#9939 = CARTESIAN_POINT('',(11.88999975,1.649167227259,7.121217693382));
#9940 = LINE('',#9941,#9942);
#9941 = CARTESIAN_POINT('',(11.88999975,1.649167227259,7.121217693382));
#9942 = VECTOR('',#9943,1.);
#9943 = DIRECTION('',(1.,-1.224646799147E-16,0.));
#9944 = ORIENTED_EDGE('',*,*,#9945,.T.);
#9945 = EDGE_CURVE('',#9938,#1654,#9946,.T.);
#9946 = LINE('',#9947,#9948);
#9947 = CARTESIAN_POINT('',(11.88999975,1.649167227259,7.121217693382));
#9948 = VECTOR('',#9949,1.);
#9949 = DIRECTION('',(1.499759782662E-32,1.224646799147E-16,-1.));
#9950 = ORIENTED_EDGE('',*,*,#1653,.F.);
#9951 = PLANE('',#9952);
#9952 = AXIS2_PLACEMENT_3D('',#9953,#9954,#9955);
#9953 = CARTESIAN_POINT('',(11.88999975,1.649167227259,7.121217693382));
#9954 = DIRECTION('',(-1.224646799147E-16,-1.,-1.224646799147E-16));
#9955 = DIRECTION('',(-1.499759782662E-32,-1.224646799147E-16,1.));
#9956 = ADVANCED_FACE('',(#9957),#9968,.T.);
#9957 = FACE_BOUND('',#9958,.T.);
#9958 = EDGE_LOOP('',(#9959,#9960,#9966,#9967));
#9959 = ORIENTED_EDGE('',*,*,#9945,.F.);
#9960 = ORIENTED_EDGE('',*,*,#9961,.F.);
#9961 = EDGE_CURVE('',#1684,#9938,#9962,.T.);
#9962 = LINE('',#9963,#9964);
#9963 = CARTESIAN_POINT('',(11.88999975,1.949167227259,7.121217693382));
#9964 = VECTOR('',#9965,1.);
#9965 = DIRECTION('',(-1.224646799147E-16,-1.,-1.224646799147E-16));
#9966 = ORIENTED_EDGE('',*,*,#1683,.T.);
#9967 = ORIENTED_EDGE('',*,*,#1661,.T.);
#9968 = PLANE('',#9969);
#9969 = AXIS2_PLACEMENT_3D('',#9970,#9971,#9972);
#9970 = CARTESIAN_POINT('',(11.88999975,1.949167227259,7.121217693382));
#9971 = DIRECTION('',(-1.,1.224646799147E-16,0.));
#9972 = DIRECTION('',(1.224646799147E-16,1.,1.224646799147E-16));
#9973 = ADVANCED_FACE('',(#9974),#9980,.T.);
#9974 = FACE_BOUND('',#9975,.T.);
#9975 = EDGE_LOOP('',(#9976,#9977,#9978,#9979));
#9976 = ORIENTED_EDGE('',*,*,#9961,.T.);
#9977 = ORIENTED_EDGE('',*,*,#9937,.T.);
#9978 = ORIENTED_EDGE('',*,*,#9911,.T.);
#9979 = ORIENTED_EDGE('',*,*,#1691,.T.);
#9980 = PLANE('',#9981);
#9981 = AXIS2_PLACEMENT_3D('',#9982,#9983,#9984);
#9982 = CARTESIAN_POINT('',(12.69999975,3.189167227259,7.121217693382));
#9983 = DIRECTION('',(-1.499759782662E-32,-1.224646799147E-16,1.));
#9984 = DIRECTION('',(-1.224646799147E-16,-1.,-1.224646799147E-16));
#9985 = ADVANCED_FACE('',(#9986),#9992,.T.);
#9986 = FACE_BOUND('',#9987,.T.);
#9987 = EDGE_LOOP('',(#9988,#9989,#9990,#9991));
#9988 = ORIENTED_EDGE('',*,*,#2247,.T.);
#9989 = ORIENTED_EDGE('',*,*,#2223,.T.);
#9990 = ORIENTED_EDGE('',*,*,#2199,.T.);
#9991 = ORIENTED_EDGE('',*,*,#2170,.T.);
#9992 = PLANE('',#9993);
#9993 = AXIS2_PLACEMENT_3D('',#9994,#9995,#9996);
#9994 = CARTESIAN_POINT('',(12.69999975,3.189167227259,7.121217693382));
#9995 = DIRECTION('',(-1.499759782662E-32,-1.224646799147E-16,1.));
#9996 = DIRECTION('',(-1.224646799147E-16,-1.,-1.224646799147E-16));
#9997 = ADVANCED_FACE('',(#9998),#10016,.T.);
#9998 = FACE_BOUND('',#9999,.T.);
#9999 = EDGE_LOOP('',(#10000,#10008,#10014,#10015));
#10000 = ORIENTED_EDGE('',*,*,#10001,.F.);
#10001 = EDGE_CURVE('',#10002,#1780,#10004,.T.);
#10002 = VERTEX_POINT('',#10003);
#10003 = CARTESIAN_POINT('',(12.04999975,1.079167227259,7.321217693382)
  );
#10004 = LINE('',#10005,#10006);
#10005 = CARTESIAN_POINT('',(12.04999975,1.079167227259,7.321217693382)
  );
#10006 = VECTOR('',#10007,1.);
#10007 = DIRECTION('',(-0.678598344546,-0.678598344546,-0.281084637715)
  );
#10008 = ORIENTED_EDGE('',*,*,#10009,.F.);
#10009 = EDGE_CURVE('',#9621,#10002,#10010,.T.);
#10010 = LINE('',#10011,#10012);
#10011 = CARTESIAN_POINT('',(12.04999975,1.279167227259,7.121217693382)
  );
#10012 = VECTOR('',#10013,1.);
#10013 = DIRECTION('',(-8.659560562355E-17,-0.707106781187,
    0.707106781187));
#10014 = ORIENTED_EDGE('',*,*,#9888,.T.);
#10015 = ORIENTED_EDGE('',*,*,#1787,.T.);
#10016 = PLANE('',#10017);
#10017 = AXIS2_PLACEMENT_3D('',#10018,#10019,#10020);
#10018 = CARTESIAN_POINT('',(11.99999975,1.1438118882,7.185862354323));
#10019 = DIRECTION('',(-0.707106781187,0.5,0.5));
#10020 = DIRECTION('',(-8.659560562355E-17,-0.707106781187,
    0.707106781187));
#10021 = ADVANCED_FACE('',(#10022),#10040,.F.);
#10022 = FACE_BOUND('',#10023,.T.);
#10023 = EDGE_LOOP('',(#10024,#10025,#10026,#10034));
#10024 = ORIENTED_EDGE('',*,*,#9637,.T.);
#10025 = ORIENTED_EDGE('',*,*,#9290,.F.);
#10026 = ORIENTED_EDGE('',*,*,#10027,.F.);
#10027 = EDGE_CURVE('',#10028,#9283,#10030,.T.);
#10028 = VERTEX_POINT('',#10029);
#10029 = CARTESIAN_POINT('',(-1.55000025,1.079167227259,7.321217693382)
  );
#10030 = LINE('',#10031,#10032);
#10031 = CARTESIAN_POINT('',(-1.55000025,1.079167227259,7.321217693382)
  );
#10032 = VECTOR('',#10033,1.);
#10033 = DIRECTION('',(-1.,1.224646799147E-16,0.));
#10034 = ORIENTED_EDGE('',*,*,#10035,.T.);
#10035 = EDGE_CURVE('',#10028,#2124,#10036,.T.);
#10036 = LINE('',#10037,#10038);
#10037 = CARTESIAN_POINT('',(-1.55000025,1.079167227259,7.321217693382)
  );
#10038 = VECTOR('',#10039,1.);
#10039 = DIRECTION('',(8.659560562355E-17,0.707106781187,-0.707106781187
    ));
#10040 = PLANE('',#10041);
#10041 = AXIS2_PLACEMENT_3D('',#10042,#10043,#10044);
#10042 = CARTESIAN_POINT('',(12.69999975,1.079167227259,7.321217693382)
  );
#10043 = DIRECTION('',(-8.659560562355E-17,-0.707106781187,
    -0.707106781187));
#10044 = DIRECTION('',(1.,-1.224646799147E-16,0.));
#10045 = ADVANCED_FACE('',(#10046),#10057,.F.);
#10046 = FACE_BOUND('',#10047,.T.);
#10047 = EDGE_LOOP('',(#10048,#10054,#10055,#10056));
#10048 = ORIENTED_EDGE('',*,*,#10049,.F.);
#10049 = EDGE_CURVE('',#8928,#10002,#10050,.T.);
#10050 = LINE('',#10051,#10052);
#10051 = CARTESIAN_POINT('',(12.69999975,1.079167227259,7.321217693382)
  );
#10052 = VECTOR('',#10053,1.);
#10053 = DIRECTION('',(-1.,1.224646799147E-16,0.));
#10054 = ORIENTED_EDGE('',*,*,#8927,.T.);
#10055 = ORIENTED_EDGE('',*,*,#9628,.T.);
#10056 = ORIENTED_EDGE('',*,*,#10009,.T.);
#10057 = PLANE('',#10058);
#10058 = AXIS2_PLACEMENT_3D('',#10059,#10060,#10061);
#10059 = CARTESIAN_POINT('',(12.69999975,1.079167227259,7.321217693382)
  );
#10060 = DIRECTION('',(-8.659560562355E-17,-0.707106781187,
    -0.707106781187));
#10061 = DIRECTION('',(1.,-1.224646799147E-16,0.));
#10062 = ADVANCED_FACE('',(#10063),#10074,.T.);
#10063 = FACE_BOUND('',#10064,.T.);
#10064 = EDGE_LOOP('',(#10065,#10066,#10067,#10073));
#10065 = ORIENTED_EDGE('',*,*,#2131,.F.);
#10066 = ORIENTED_EDGE('',*,*,#10035,.F.);
#10067 = ORIENTED_EDGE('',*,*,#10068,.T.);
#10068 = EDGE_CURVE('',#10028,#2271,#10069,.T.);
#10069 = LINE('',#10070,#10071);
#10070 = CARTESIAN_POINT('',(-1.55000025,1.079167227259,7.321217693382)
  );
#10071 = VECTOR('',#10072,1.);
#10072 = DIRECTION('',(0.678598344546,-0.678598344546,-0.281084637715));
#10073 = ORIENTED_EDGE('',*,*,#2270,.T.);
#10074 = PLANE('',#10075);
#10075 = AXIS2_PLACEMENT_3D('',#10076,#10077,#10078);
#10076 = CARTESIAN_POINT('',(-1.50000025,1.1438118882,7.185862354323));
#10077 = DIRECTION('',(0.707106781187,0.5,0.5));
#10078 = DIRECTION('',(0.57735026919,-1.094909015584E-16,-0.816496580928
    ));
#10079 = ADVANCED_FACE('',(#10080),#10098,.T.);
#10080 = FACE_BOUND('',#10081,.T.);
#10081 = EDGE_LOOP('',(#10082,#10083,#10091,#10097));
#10082 = ORIENTED_EDGE('',*,*,#10068,.F.);
#10083 = ORIENTED_EDGE('',*,*,#10084,.F.);
#10084 = EDGE_CURVE('',#10085,#10028,#10087,.T.);
#10085 = VERTEX_POINT('',#10086);
#10086 = CARTESIAN_POINT('',(-1.55000025,1.079167227259,7.721217693382)
  );
#10087 = LINE('',#10088,#10089);
#10088 = CARTESIAN_POINT('',(-1.55000025,1.079167227259,7.721217693382)
  );
#10089 = VECTOR('',#10090,1.);
#10090 = DIRECTION('',(1.499759782662E-32,1.224646799147E-16,-1.));
#10091 = ORIENTED_EDGE('',*,*,#10092,.T.);
#10092 = EDGE_CURVE('',#10085,#2279,#10093,.T.);
#10093 = LINE('',#10094,#10095);
#10094 = CARTESIAN_POINT('',(-1.55000025,1.079167227259,7.721217693382)
  );
#10095 = VECTOR('',#10096,1.);
#10096 = DIRECTION('',(0.678598344546,-0.678598344546,-0.281084637715));
#10097 = ORIENTED_EDGE('',*,*,#2278,.T.);
#10098 = PLANE('',#10099);
#10099 = AXIS2_PLACEMENT_3D('',#10100,#10101,#10102);
#10100 = CARTESIAN_POINT('',(-1.50000025,1.029167227259,7.521217693382)
  );
#10101 = DIRECTION('',(0.707106781187,0.707106781187,8.659560562355E-17)
  );
#10102 = DIRECTION('',(1.499759782662E-32,1.224646799147E-16,-1.));
#10103 = ADVANCED_FACE('',(#10104),#10120,.T.);
#10104 = FACE_BOUND('',#10105,.T.);
#10105 = EDGE_LOOP('',(#10106,#10107,#10113,#10119));
#10106 = ORIENTED_EDGE('',*,*,#10092,.F.);
#10107 = ORIENTED_EDGE('',*,*,#10108,.F.);
#10108 = EDGE_CURVE('',#8160,#10085,#10109,.T.);
#10109 = LINE('',#10110,#10111);
#10110 = CARTESIAN_POINT('',(-1.55000025,0.879167227259,7.921217693382)
  );
#10111 = VECTOR('',#10112,1.);
#10112 = DIRECTION('',(8.659560562355E-17,0.707106781187,-0.707106781187
    ));
#10113 = ORIENTED_EDGE('',*,*,#10114,.T.);
#10114 = EDGE_CURVE('',#8160,#2287,#10115,.T.);
#10115 = LINE('',#10116,#10117);
#10116 = CARTESIAN_POINT('',(-1.55000025,0.879167227259,7.921217693382)
  );
#10117 = VECTOR('',#10118,1.);
#10118 = DIRECTION('',(0.678598344546,-0.281084637715,-0.678598344546));
#10119 = ORIENTED_EDGE('',*,*,#2286,.T.);
#10120 = PLANE('',#10121);
#10121 = AXIS2_PLACEMENT_3D('',#10122,#10123,#10124);
#10122 = CARTESIAN_POINT('',(-1.50000025,0.9438118882,7.785862354323));
#10123 = DIRECTION('',(0.707106781187,0.5,0.5));
#10124 = DIRECTION('',(0.57735026919,-1.094909015584E-16,-0.816496580928
    ));
#10125 = ADVANCED_FACE('',(#10126),#10132,.T.);
#10126 = FACE_BOUND('',#10127,.T.);
#10127 = EDGE_LOOP('',(#10128,#10129,#10130,#10131));
#10128 = ORIENTED_EDGE('',*,*,#10114,.F.);
#10129 = ORIENTED_EDGE('',*,*,#8159,.F.);
#10130 = ORIENTED_EDGE('',*,*,#8040,.F.);
#10131 = ORIENTED_EDGE('',*,*,#2294,.T.);
#10132 = PLANE('',#10133);
#10133 = AXIS2_PLACEMENT_3D('',#10134,#10135,#10136);
#10134 = CARTESIAN_POINT('',(-1.50000025,0.584167227259,7.871217693382)
  );
#10135 = DIRECTION('',(0.707106781187,-1.731912112471E-16,0.707106781187
    ));
#10136 = DIRECTION('',(0.707106781187,0.,-0.707106781187));
#10137 = ADVANCED_FACE('',(#10138),#10149,.F.);
#10138 = FACE_BOUND('',#10139,.T.);
#10139 = EDGE_LOOP('',(#10140,#10146,#10147,#10148));
#10140 = ORIENTED_EDGE('',*,*,#10141,.T.);
#10141 = EDGE_CURVE('',#10085,#9275,#10142,.T.);
#10142 = LINE('',#10143,#10144);
#10143 = CARTESIAN_POINT('',(-1.55000025,1.079167227259,7.721217693382)
  );
#10144 = VECTOR('',#10145,1.);
#10145 = DIRECTION('',(-1.,1.224646799147E-16,0.));
#10146 = ORIENTED_EDGE('',*,*,#9274,.F.);
#10147 = ORIENTED_EDGE('',*,*,#8167,.T.);
#10148 = ORIENTED_EDGE('',*,*,#10108,.T.);
#10149 = PLANE('',#10150);
#10150 = AXIS2_PLACEMENT_3D('',#10151,#10152,#10153);
#10151 = CARTESIAN_POINT('',(12.69999975,0.879167227259,7.921217693382)
  );
#10152 = DIRECTION('',(-8.659560562355E-17,-0.707106781187,
    -0.707106781187));
#10153 = DIRECTION('',(1.,-1.224646799147E-16,0.));
#10154 = ADVANCED_FACE('',(#10155),#10173,.F.);
#10155 = FACE_BOUND('',#10156,.T.);
#10156 = EDGE_LOOP('',(#10157,#10158,#10159,#10167));
#10157 = ORIENTED_EDGE('',*,*,#8128,.T.);
#10158 = ORIENTED_EDGE('',*,*,#8943,.T.);
#10159 = ORIENTED_EDGE('',*,*,#10160,.T.);
#10160 = EDGE_CURVE('',#8936,#10161,#10163,.T.);
#10161 = VERTEX_POINT('',#10162);
#10162 = CARTESIAN_POINT('',(12.04999975,1.079167227259,7.721217693382)
  );
#10163 = LINE('',#10164,#10165);
#10164 = CARTESIAN_POINT('',(12.69999975,1.079167227259,7.721217693382)
  );
#10165 = VECTOR('',#10166,1.);
#10166 = DIRECTION('',(-1.,1.224646799147E-16,0.));
#10167 = ORIENTED_EDGE('',*,*,#10168,.T.);
#10168 = EDGE_CURVE('',#10161,#8129,#10169,.T.);
#10169 = LINE('',#10170,#10171);
#10170 = CARTESIAN_POINT('',(12.04999975,1.079167227259,7.721217693382)
  );
#10171 = VECTOR('',#10172,1.);
#10172 = DIRECTION('',(-8.659560562355E-17,-0.707106781187,
    0.707106781187));
#10173 = PLANE('',#10174);
#10174 = AXIS2_PLACEMENT_3D('',#10175,#10176,#10177);
#10175 = CARTESIAN_POINT('',(12.69999975,0.879167227259,7.921217693382)
  );
#10176 = DIRECTION('',(-8.659560562355E-17,-0.707106781187,
    -0.707106781187));
#10177 = DIRECTION('',(1.,-1.224646799147E-16,0.));
#10178 = ADVANCED_FACE('',(#10179),#10185,.F.);
#10179 = FACE_BOUND('',#10180,.T.);
#10180 = EDGE_LOOP('',(#10181,#10182,#10183,#10184));
#10181 = ORIENTED_EDGE('',*,*,#10027,.T.);
#10182 = ORIENTED_EDGE('',*,*,#9282,.F.);
#10183 = ORIENTED_EDGE('',*,*,#10141,.F.);
#10184 = ORIENTED_EDGE('',*,*,#10084,.T.);
#10185 = PLANE('',#10186);
#10186 = AXIS2_PLACEMENT_3D('',#10187,#10188,#10189);
#10187 = CARTESIAN_POINT('',(12.69999975,1.079167227259,7.721217693382)
  );
#10188 = DIRECTION('',(-1.224646799147E-16,-1.,-1.224646799147E-16));
#10189 = DIRECTION('',(-1.499759782662E-32,-1.224646799147E-16,1.));
#10190 = ADVANCED_FACE('',(#10191),#10202,.F.);
#10191 = FACE_BOUND('',#10192,.T.);
#10192 = EDGE_LOOP('',(#10193,#10194,#10195,#10196));
#10193 = ORIENTED_EDGE('',*,*,#10160,.F.);
#10194 = ORIENTED_EDGE('',*,*,#8935,.T.);
#10195 = ORIENTED_EDGE('',*,*,#10049,.T.);
#10196 = ORIENTED_EDGE('',*,*,#10197,.T.);
#10197 = EDGE_CURVE('',#10002,#10161,#10198,.T.);
#10198 = LINE('',#10199,#10200);
#10199 = CARTESIAN_POINT('',(12.04999975,1.079167227259,7.321217693382)
  );
#10200 = VECTOR('',#10201,1.);
#10201 = DIRECTION('',(-1.499759782662E-32,-1.224646799147E-16,1.));
#10202 = PLANE('',#10203);
#10203 = AXIS2_PLACEMENT_3D('',#10204,#10205,#10206);
#10204 = CARTESIAN_POINT('',(12.69999975,1.079167227259,7.721217693382)
  );
#10205 = DIRECTION('',(-1.224646799147E-16,-1.,-1.224646799147E-16));
#10206 = DIRECTION('',(-1.499759782662E-32,-1.224646799147E-16,1.));
#10207 = ADVANCED_FACE('',(#10208),#10219,.T.);
#10208 = FACE_BOUND('',#10209,.T.);
#10209 = EDGE_LOOP('',(#10210,#10216,#10217,#10218));
#10210 = ORIENTED_EDGE('',*,*,#10211,.F.);
#10211 = EDGE_CURVE('',#10161,#1772,#10212,.T.);
#10212 = LINE('',#10213,#10214);
#10213 = CARTESIAN_POINT('',(12.04999975,1.079167227259,7.721217693382)
  );
#10214 = VECTOR('',#10215,1.);
#10215 = DIRECTION('',(-0.678598344546,-0.678598344546,-0.281084637715)
  );
#10216 = ORIENTED_EDGE('',*,*,#10197,.F.);
#10217 = ORIENTED_EDGE('',*,*,#10001,.T.);
#10218 = ORIENTED_EDGE('',*,*,#1779,.T.);
#10219 = PLANE('',#10220);
#10220 = AXIS2_PLACEMENT_3D('',#10221,#10222,#10223);
#10221 = CARTESIAN_POINT('',(11.99999975,1.029167227259,7.521217693382)
  );
#10222 = DIRECTION('',(-0.707106781187,0.707106781187,8.659560562355E-17
    ));
#10223 = DIRECTION('',(-1.499759782662E-32,-1.224646799147E-16,1.));
#10224 = ADVANCED_FACE('',(#10225),#10236,.T.);
#10225 = FACE_BOUND('',#10226,.T.);
#10226 = EDGE_LOOP('',(#10227,#10233,#10234,#10235));
#10227 = ORIENTED_EDGE('',*,*,#10228,.F.);
#10228 = EDGE_CURVE('',#8129,#1764,#10229,.T.);
#10229 = LINE('',#10230,#10231);
#10230 = CARTESIAN_POINT('',(12.04999975,0.879167227259,7.921217693382)
  );
#10231 = VECTOR('',#10232,1.);
#10232 = DIRECTION('',(-0.678598344546,-0.281084637715,-0.678598344546)
  );
#10233 = ORIENTED_EDGE('',*,*,#10168,.F.);
#10234 = ORIENTED_EDGE('',*,*,#10211,.T.);
#10235 = ORIENTED_EDGE('',*,*,#1771,.T.);
#10236 = PLANE('',#10237);
#10237 = AXIS2_PLACEMENT_3D('',#10238,#10239,#10240);
#10238 = CARTESIAN_POINT('',(11.99999975,0.9438118882,7.785862354323));
#10239 = DIRECTION('',(-0.707106781187,0.5,0.5));
#10240 = DIRECTION('',(-8.659560562355E-17,-0.707106781187,
    0.707106781187));
#10241 = ADVANCED_FACE('',(#10242),#10248,.T.);
#10242 = FACE_BOUND('',#10243,.T.);
#10243 = EDGE_LOOP('',(#10244,#10245,#10246,#10247));
#10244 = ORIENTED_EDGE('',*,*,#8016,.T.);
#10245 = ORIENTED_EDGE('',*,*,#8136,.F.);
#10246 = ORIENTED_EDGE('',*,*,#10228,.T.);
#10247 = ORIENTED_EDGE('',*,*,#1763,.T.);
#10248 = PLANE('',#10249);
#10249 = AXIS2_PLACEMENT_3D('',#10250,#10251,#10252);
#10250 = CARTESIAN_POINT('',(11.99999975,0.584167227259,7.871217693382)
  );
#10251 = DIRECTION('',(-0.707106781187,0.,0.707106781187));
#10252 = DIRECTION('',(-1.224646799147E-16,-1.,-1.224646799147E-16));
#10253 = ADVANCED_FACE('',(#10254),#10260,.T.);
#10254 = FACE_BOUND('',#10255,.T.);
#10255 = EDGE_LOOP('',(#10256,#10257,#10258,#10259));
#10256 = ORIENTED_EDGE('',*,*,#9739,.T.);
#10257 = ORIENTED_EDGE('',*,*,#2005,.T.);
#10258 = ORIENTED_EDGE('',*,*,#9538,.T.);
#10259 = ORIENTED_EDGE('',*,*,#9572,.F.);
#10260 = PLANE('',#10261);
#10261 = AXIS2_PLACEMENT_3D('',#10262,#10263,#10264);
#10262 = CARTESIAN_POINT('',(6.49999975,2.514167227259,4.741217693382));
#10263 = DIRECTION('',(1.,-1.224646799147E-16,0.));
#10264 = DIRECTION('',(1.499759782662E-32,1.224646799147E-16,-1.));
#10265 = ADVANCED_FACE('',(#10266),#10306,.T.);
#10266 = FACE_BOUND('',#10267,.T.);
#10267 = EDGE_LOOP('',(#10268,#10276,#10277,#10278,#10284,#10285,#10291,
    #10292,#10298,#10299,#10300));
#10268 = ORIENTED_EDGE('',*,*,#10269,.F.);
#10269 = EDGE_CURVE('',#1557,#10270,#10272,.T.);
#10270 = VERTEX_POINT('',#10271);
#10271 = CARTESIAN_POINT('',(0.74999975,3.889167227259,7.021217693382));
#10272 = LINE('',#10273,#10274);
#10273 = CARTESIAN_POINT('',(0.74999975,3.889167227259,1.721217693382));
#10274 = VECTOR('',#10275,1.);
#10275 = DIRECTION('',(-1.499759782662E-32,-1.224646799147E-16,1.));
#10276 = ORIENTED_EDGE('',*,*,#1556,.F.);
#10277 = ORIENTED_EDGE('',*,*,#1932,.T.);
#10278 = ORIENTED_EDGE('',*,*,#10279,.F.);
#10279 = EDGE_CURVE('',#9369,#1925,#10280,.T.);
#10280 = LINE('',#10281,#10282);
#10281 = CARTESIAN_POINT('',(0.74999975,5.789167227259,3.971217693382));
#10282 = VECTOR('',#10283,1.);
#10283 = DIRECTION('',(-1.224646799147E-16,-1.,-1.224646799147E-16));
#10284 = ORIENTED_EDGE('',*,*,#9368,.T.);
#10285 = ORIENTED_EDGE('',*,*,#10286,.T.);
#10286 = EDGE_CURVE('',#9360,#1883,#10287,.T.);
#10287 = LINE('',#10288,#10289);
#10288 = CARTESIAN_POINT('',(0.74999975,5.789167227259,5.341217693382));
#10289 = VECTOR('',#10290,1.);
#10290 = DIRECTION('',(-1.224646799147E-16,-1.,-1.224646799147E-16));
#10291 = ORIENTED_EDGE('',*,*,#1882,.T.);
#10292 = ORIENTED_EDGE('',*,*,#10293,.T.);
#10293 = EDGE_CURVE('',#1875,#9671,#10294,.T.);
#10294 = LINE('',#10295,#10296);
#10295 = CARTESIAN_POINT('',(0.74999975,4.889167227259,6.121217693382));
#10296 = VECTOR('',#10297,1.);
#10297 = DIRECTION('',(5.901802543576E-17,0.481918749772,0.876215908677)
  );
#10298 = ORIENTED_EDGE('',*,*,#9670,.F.);
#10299 = ORIENTED_EDGE('',*,*,#9764,.T.);
#10300 = ORIENTED_EDGE('',*,*,#10301,.F.);
#10301 = EDGE_CURVE('',#10270,#9757,#10302,.T.);
#10302 = LINE('',#10303,#10304);
#10303 = CARTESIAN_POINT('',(0.74999975,3.889167227259,7.021217693382));
#10304 = VECTOR('',#10305,1.);
#10305 = DIRECTION('',(1.224646799147E-16,1.,1.224646799147E-16));
#10306 = PLANE('',#10307);
#10307 = AXIS2_PLACEMENT_3D('',#10308,#10309,#10310);
#10308 = CARTESIAN_POINT('',(0.74999975,3.889167227259,1.721217693382));
#10309 = DIRECTION('',(1.,-1.224646799147E-16,0.));
#10310 = DIRECTION('',(1.499759782662E-32,1.224646799147E-16,-1.));
#10311 = ADVANCED_FACE('',(#10312),#10323,.T.);
#10312 = FACE_BOUND('',#10313,.T.);
#10313 = EDGE_LOOP('',(#10314,#10315,#10316,#10322));
#10314 = ORIENTED_EDGE('',*,*,#9756,.F.);
#10315 = ORIENTED_EDGE('',*,*,#9654,.F.);
#10316 = ORIENTED_EDGE('',*,*,#10317,.T.);
#10317 = EDGE_CURVE('',#9647,#10270,#10318,.T.);
#10318 = LINE('',#10319,#10320);
#10319 = CARTESIAN_POINT('',(0.64999975,3.989167227259,7.121217693382));
#10320 = VECTOR('',#10321,1.);
#10321 = DIRECTION('',(0.57735026919,-0.57735026919,-0.57735026919));
#10322 = ORIENTED_EDGE('',*,*,#10301,.T.);
#10323 = PLANE('',#10324);
#10324 = AXIS2_PLACEMENT_3D('',#10325,#10326,#10327);
#10325 = CARTESIAN_POINT('',(0.69999975,4.389167227259,7.071217693382));
#10326 = DIRECTION('',(0.707106781186,-1.731912112471E-16,0.707106781187
    ));
#10327 = DIRECTION('',(0.707106781187,-1.225199593421E-29,
    -0.707106781186));
#10328 = ADVANCED_FACE('',(#10329),#10340,.T.);
#10329 = FACE_BOUND('',#10330,.T.);
#10330 = EDGE_LOOP('',(#10331,#10332,#10333,#10334));
#10331 = ORIENTED_EDGE('',*,*,#10317,.F.);
#10332 = ORIENTED_EDGE('',*,*,#9646,.F.);
#10333 = ORIENTED_EDGE('',*,*,#2059,.T.);
#10334 = ORIENTED_EDGE('',*,*,#10335,.T.);
#10335 = EDGE_CURVE('',#2038,#10270,#10336,.T.);
#10336 = LINE('',#10337,#10338);
#10337 = CARTESIAN_POINT('',(-2.50000010027E-07,3.889167227259,
    7.021217693382));
#10338 = VECTOR('',#10339,1.);
#10339 = DIRECTION('',(1.,-1.224646799147E-16,0.));
#10340 = PLANE('',#10341);
#10341 = AXIS2_PLACEMENT_3D('',#10342,#10343,#10344);
#10342 = CARTESIAN_POINT('',(0.37499975,3.939167227259,7.071217693382));
#10343 = DIRECTION('',(-8.659560562355E-17,-0.707106781187,
    0.707106781187));
#10344 = DIRECTION('',(-8.659560562355E-17,-0.707106781187,
    -0.707106781187));
#10345 = ADVANCED_FACE('',(#10346),#10352,.T.);
#10346 = FACE_BOUND('',#10347,.T.);
#10347 = EDGE_LOOP('',(#10348,#10349,#10350,#10351));
#10348 = ORIENTED_EDGE('',*,*,#2037,.F.);
#10349 = ORIENTED_EDGE('',*,*,#1564,.T.);
#10350 = ORIENTED_EDGE('',*,*,#10269,.T.);
#10351 = ORIENTED_EDGE('',*,*,#10335,.F.);
#10352 = PLANE('',#10353);
#10353 = AXIS2_PLACEMENT_3D('',#10354,#10355,#10356);
#10354 = CARTESIAN_POINT('',(-2.50000010027E-07,3.889167227259,
    1.721217693382));
#10355 = DIRECTION('',(-1.224646799147E-16,-1.,-1.224646799147E-16));
#10356 = DIRECTION('',(-1.499759782662E-32,-1.224646799147E-16,1.));
#10357 = ADVANCED_FACE('',(#10358),#10364,.T.);
#10358 = FACE_BOUND('',#10359,.T.);
#10359 = EDGE_LOOP('',(#10360,#10361,#10362,#10363));
#10360 = ORIENTED_EDGE('',*,*,#10293,.F.);
#10361 = ORIENTED_EDGE('',*,*,#1872,.F.);
#10362 = ORIENTED_EDGE('',*,*,#9700,.T.);
#10363 = ORIENTED_EDGE('',*,*,#9678,.T.);
#10364 = PLANE('',#10365);
#10365 = AXIS2_PLACEMENT_3D('',#10366,#10367,#10368);
#10366 = CARTESIAN_POINT('',(3.99999975,4.889167227259,6.121217693382));
#10367 = DIRECTION('',(-1.073055007923E-16,-0.876215908677,
    0.481918749772));
#10368 = DIRECTION('',(5.901802543576E-17,0.481918749772,0.876215908677)
  );
#10369 = ADVANCED_FACE('',(#10370),#10381,.F.);
#10370 = FACE_BOUND('',#10371,.F.);
#10371 = EDGE_LOOP('',(#10372,#10373,#10374,#10375));
#10372 = ORIENTED_EDGE('',*,*,#9359,.F.);
#10373 = ORIENTED_EDGE('',*,*,#10286,.T.);
#10374 = ORIENTED_EDGE('',*,*,#1890,.T.);
#10375 = ORIENTED_EDGE('',*,*,#10376,.F.);
#10376 = EDGE_CURVE('',#9352,#1891,#10377,.T.);
#10377 = LINE('',#10378,#10379);
#10378 = CARTESIAN_POINT('',(0.99999975,5.789167227259,5.591217693382));
#10379 = VECTOR('',#10380,1.);
#10380 = DIRECTION('',(-1.224646799147E-16,-1.,-1.224646799147E-16));
#10381 = CYLINDRICAL_SURFACE('',#10382,0.25);
#10382 = AXIS2_PLACEMENT_3D('',#10383,#10384,#10385);
#10383 = CARTESIAN_POINT('',(0.99999975,5.789167227259,5.341217693382));
#10384 = DIRECTION('',(-1.224646799147E-16,-1.,-1.224646799147E-16));
#10385 = DIRECTION('',(1.,-1.224646799147E-16,0.));
#10386 = ADVANCED_FACE('',(#10387),#10398,.F.);
#10387 = FACE_BOUND('',#10388,.T.);
#10388 = EDGE_LOOP('',(#10389,#10395,#10396,#10397));
#10389 = ORIENTED_EDGE('',*,*,#10390,.T.);
#10390 = EDGE_CURVE('',#9343,#1900,#10391,.T.);
#10391 = LINE('',#10392,#10393);
#10392 = CARTESIAN_POINT('',(3.74999975,5.789167227259,5.591217693382));
#10393 = VECTOR('',#10394,1.);
#10394 = DIRECTION('',(-1.224646799147E-16,-1.,-1.224646799147E-16));
#10395 = ORIENTED_EDGE('',*,*,#1899,.F.);
#10396 = ORIENTED_EDGE('',*,*,#10376,.F.);
#10397 = ORIENTED_EDGE('',*,*,#9351,.T.);
#10398 = PLANE('',#10399);
#10399 = AXIS2_PLACEMENT_3D('',#10400,#10401,#10402);
#10400 = CARTESIAN_POINT('',(0.99999975,5.789167227259,5.591217693382));
#10401 = DIRECTION('',(-1.499759782662E-32,-1.224646799147E-16,1.));
#10402 = DIRECTION('',(-1.224646799147E-16,-1.,-1.224646799147E-16));
#10403 = ADVANCED_FACE('',(#10404),#10415,.F.);
#10404 = FACE_BOUND('',#10405,.F.);
#10405 = EDGE_LOOP('',(#10406,#10407,#10408,#10409));
#10406 = ORIENTED_EDGE('',*,*,#9342,.F.);
#10407 = ORIENTED_EDGE('',*,*,#10390,.T.);
#10408 = ORIENTED_EDGE('',*,*,#1907,.T.);
#10409 = ORIENTED_EDGE('',*,*,#10410,.F.);
#10410 = EDGE_CURVE('',#9333,#1908,#10411,.T.);
#10411 = LINE('',#10412,#10413);
#10412 = CARTESIAN_POINT('',(3.99999975,5.789167227259,5.341217693382));
#10413 = VECTOR('',#10414,1.);
#10414 = DIRECTION('',(-1.224646799147E-16,-1.,-1.224646799147E-16));
#10415 = CYLINDRICAL_SURFACE('',#10416,0.25);
#10416 = AXIS2_PLACEMENT_3D('',#10417,#10418,#10419);
#10417 = CARTESIAN_POINT('',(3.74999975,5.789167227259,5.341217693382));
#10418 = DIRECTION('',(-1.224646799147E-16,-1.,-1.224646799147E-16));
#10419 = DIRECTION('',(1.,-1.224646799147E-16,0.));
#10420 = ADVANCED_FACE('',(#10421),#10432,.F.);
#10421 = FACE_BOUND('',#10422,.T.);
#10422 = EDGE_LOOP('',(#10423,#10429,#10430,#10431));
#10423 = ORIENTED_EDGE('',*,*,#10424,.T.);
#10424 = EDGE_CURVE('',#9335,#1917,#10425,.T.);
#10425 = LINE('',#10426,#10427);
#10426 = CARTESIAN_POINT('',(3.99999975,5.789167227259,3.971217693382));
#10427 = VECTOR('',#10428,1.);
#10428 = DIRECTION('',(-1.224646799147E-16,-1.,-1.224646799147E-16));
#10429 = ORIENTED_EDGE('',*,*,#1916,.F.);
#10430 = ORIENTED_EDGE('',*,*,#10410,.F.);
#10431 = ORIENTED_EDGE('',*,*,#9332,.T.);
#10432 = PLANE('',#10433);
#10433 = AXIS2_PLACEMENT_3D('',#10434,#10435,#10436);
#10434 = CARTESIAN_POINT('',(3.99999975,5.789167227259,5.341217693382));
#10435 = DIRECTION('',(1.,-1.224646799147E-16,0.));
#10436 = DIRECTION('',(1.499759782662E-32,1.224646799147E-16,-1.));
#10437 = ADVANCED_FACE('',(#10438),#10444,.F.);
#10438 = FACE_BOUND('',#10439,.T.);
#10439 = EDGE_LOOP('',(#10440,#10441,#10442,#10443));
#10440 = ORIENTED_EDGE('',*,*,#10279,.T.);
#10441 = ORIENTED_EDGE('',*,*,#1924,.F.);
#10442 = ORIENTED_EDGE('',*,*,#10424,.F.);
#10443 = ORIENTED_EDGE('',*,*,#9376,.T.);
#10444 = PLANE('',#10445);
#10445 = AXIS2_PLACEMENT_3D('',#10446,#10447,#10448);
#10446 = CARTESIAN_POINT('',(3.99999975,5.789167227259,3.971217693382));
#10447 = DIRECTION('',(1.499759782662E-32,1.224646799147E-16,-1.));
#10448 = DIRECTION('',(-1.,1.224646799147E-16,0.));
#10449 = ADVANCED_FACE('',(#10450),#10461,.F.);
#10450 = FACE_BOUND('',#10451,.F.);
#10451 = EDGE_LOOP('',(#10452,#10453,#10459,#10460));
#10452 = ORIENTED_EDGE('',*,*,#9402,.F.);
#10453 = ORIENTED_EDGE('',*,*,#10454,.T.);
#10454 = EDGE_CURVE('',#9403,#1973,#10455,.T.);
#10455 = LINE('',#10456,#10457);
#10456 = CARTESIAN_POINT('',(9.49999975,5.789167227259,5.591217693382));
#10457 = VECTOR('',#10458,1.);
#10458 = DIRECTION('',(-1.224646799147E-16,-1.,-1.224646799147E-16));
#10459 = ORIENTED_EDGE('',*,*,#1980,.T.);
#10460 = ORIENTED_EDGE('',*,*,#9481,.F.);
#10461 = CYLINDRICAL_SURFACE('',#10462,0.25);
#10462 = AXIS2_PLACEMENT_3D('',#10463,#10464,#10465);
#10463 = CARTESIAN_POINT('',(9.49999975,5.789167227259,5.341217693382));
#10464 = DIRECTION('',(-1.224646799147E-16,-1.,-1.224646799147E-16));
#10465 = DIRECTION('',(1.,-1.224646799147E-16,0.));
#10466 = ADVANCED_FACE('',(#10467),#10478,.F.);
#10467 = FACE_BOUND('',#10468,.T.);
#10468 = EDGE_LOOP('',(#10469,#10470,#10471,#10477));
#10469 = ORIENTED_EDGE('',*,*,#10454,.T.);
#10470 = ORIENTED_EDGE('',*,*,#1972,.F.);
#10471 = ORIENTED_EDGE('',*,*,#10472,.F.);
#10472 = EDGE_CURVE('',#9412,#1964,#10473,.T.);
#10473 = LINE('',#10474,#10475);
#10474 = CARTESIAN_POINT('',(6.74999975,5.789167227259,5.591217693382));
#10475 = VECTOR('',#10476,1.);
#10476 = DIRECTION('',(-1.224646799147E-16,-1.,-1.224646799147E-16));
#10477 = ORIENTED_EDGE('',*,*,#9411,.T.);
#10478 = PLANE('',#10479);
#10479 = AXIS2_PLACEMENT_3D('',#10480,#10481,#10482);
#10480 = CARTESIAN_POINT('',(6.74999975,5.789167227259,5.591217693382));
#10481 = DIRECTION('',(-1.499759782662E-32,-1.224646799147E-16,1.));
#10482 = DIRECTION('',(-1.224646799147E-16,-1.,-1.224646799147E-16));
#10483 = ADVANCED_FACE('',(#10484),#10490,.F.);
#10484 = FACE_BOUND('',#10485,.F.);
#10485 = EDGE_LOOP('',(#10486,#10487,#10488,#10489));
#10486 = ORIENTED_EDGE('',*,*,#9419,.F.);
#10487 = ORIENTED_EDGE('',*,*,#9442,.T.);
#10488 = ORIENTED_EDGE('',*,*,#1963,.T.);
#10489 = ORIENTED_EDGE('',*,*,#10472,.F.);
#10490 = CYLINDRICAL_SURFACE('',#10491,0.25);
#10491 = AXIS2_PLACEMENT_3D('',#10492,#10493,#10494);
#10492 = CARTESIAN_POINT('',(6.74999975,5.789167227259,5.341217693382));
#10493 = DIRECTION('',(-1.224646799147E-16,-1.,-1.224646799147E-16));
#10494 = DIRECTION('',(1.,-1.224646799147E-16,0.));
#10495 = ADVANCED_FACE('',(#10496),#10514,.T.);
#10496 = FACE_BOUND('',#10497,.T.);
#10497 = EDGE_LOOP('',(#10498,#10499,#10507,#10513));
#10498 = ORIENTED_EDGE('',*,*,#9265,.T.);
#10499 = ORIENTED_EDGE('',*,*,#10500,.T.);
#10500 = EDGE_CURVE('',#9258,#10501,#10503,.T.);
#10501 = VERTEX_POINT('',#10502);
#10502 = CARTESIAN_POINT('',(-0.40000025,0.139167227259,0.221217693382)
  );
#10503 = LINE('',#10504,#10505);
#10504 = CARTESIAN_POINT('',(-2.20000025,0.139167227259,0.221217693382)
  );
#10505 = VECTOR('',#10506,1.);
#10506 = DIRECTION('',(1.,-1.224646799147E-16,0.));
#10507 = ORIENTED_EDGE('',*,*,#10508,.T.);
#10508 = EDGE_CURVE('',#10501,#291,#10509,.T.);
#10509 = LINE('',#10510,#10511);
#10510 = CARTESIAN_POINT('',(-0.40000025,0.139167227259,0.221217693382)
  );
#10511 = VECTOR('',#10512,1.);
#10512 = DIRECTION('',(1.499759782662E-32,1.224646799147E-16,-1.));
#10513 = ORIENTED_EDGE('',*,*,#290,.F.);
#10514 = PLANE('',#10515);
#10515 = AXIS2_PLACEMENT_3D('',#10516,#10517,#10518);
#10516 = CARTESIAN_POINT('',(-2.20000025,0.139167227259,0.221217693382)
  );
#10517 = DIRECTION('',(1.224646799147E-16,1.,1.224646799147E-16));
#10518 = DIRECTION('',(-1.,1.224646799147E-16,0.));
#10519 = ADVANCED_FACE('',(#10520),#10538,.F.);
#10520 = FACE_BOUND('',#10521,.T.);
#10521 = EDGE_LOOP('',(#10522,#10523,#10531,#10537));
#10522 = ORIENTED_EDGE('',*,*,#10508,.F.);
#10523 = ORIENTED_EDGE('',*,*,#10524,.F.);
#10524 = EDGE_CURVE('',#10525,#10501,#10527,.T.);
#10525 = VERTEX_POINT('',#10526);
#10526 = CARTESIAN_POINT('',(-0.40000025,3.149167227259,0.221217693382)
  );
#10527 = LINE('',#10528,#10529);
#10528 = CARTESIAN_POINT('',(-0.40000025,3.149167227259,0.221217693382)
  );
#10529 = VECTOR('',#10530,1.);
#10530 = DIRECTION('',(-1.224646799147E-16,-1.,-1.224646799147E-16));
#10531 = ORIENTED_EDGE('',*,*,#10532,.F.);
#10532 = EDGE_CURVE('',#299,#10525,#10533,.T.);
#10533 = LINE('',#10534,#10535);
#10534 = CARTESIAN_POINT('',(-0.40000025,3.149167227259,
    -2.878230661791E-02));
#10535 = VECTOR('',#10536,1.);
#10536 = DIRECTION('',(-1.499759782662E-32,-1.224646799147E-16,1.));
#10537 = ORIENTED_EDGE('',*,*,#298,.F.);
#10538 = PLANE('',#10539);
#10539 = AXIS2_PLACEMENT_3D('',#10540,#10541,#10542);
#10540 = CARTESIAN_POINT('',(-0.40000025,3.189167227259,
    -2.878230661791E-02));
#10541 = DIRECTION('',(1.,-1.224646799147E-16,0.));
#10542 = DIRECTION('',(1.499759782662E-32,1.224646799147E-16,-1.));
#10543 = ADVANCED_FACE('',(#10544),#10555,.T.);
#10544 = FACE_BOUND('',#10545,.T.);
#10545 = EDGE_LOOP('',(#10546,#10547,#10553,#10554));
#10546 = ORIENTED_EDGE('',*,*,#10532,.T.);
#10547 = ORIENTED_EDGE('',*,*,#10548,.F.);
#10548 = EDGE_CURVE('',#9250,#10525,#10549,.T.);
#10549 = LINE('',#10550,#10551);
#10550 = CARTESIAN_POINT('',(-2.20000025,3.149167227259,0.221217693382)
  );
#10551 = VECTOR('',#10552,1.);
#10552 = DIRECTION('',(1.,-1.224646799147E-16,0.));
#10553 = ORIENTED_EDGE('',*,*,#9249,.F.);
#10554 = ORIENTED_EDGE('',*,*,#306,.T.);
#10555 = PLANE('',#10556);
#10556 = AXIS2_PLACEMENT_3D('',#10557,#10558,#10559);
#10557 = CARTESIAN_POINT('',(-2.20000025,3.149167227259,
    -2.878230661791E-02));
#10558 = DIRECTION('',(-1.224646799147E-16,-1.,-1.224646799147E-16));
#10559 = DIRECTION('',(-1.499759782662E-32,-1.224646799147E-16,1.));
#10560 = ADVANCED_FACE('',(#10561),#10567,.T.);
#10561 = FACE_BOUND('',#10562,.T.);
#10562 = EDGE_LOOP('',(#10563,#10564,#10565,#10566));
#10563 = ORIENTED_EDGE('',*,*,#10548,.T.);
#10564 = ORIENTED_EDGE('',*,*,#10524,.T.);
#10565 = ORIENTED_EDGE('',*,*,#10500,.F.);
#10566 = ORIENTED_EDGE('',*,*,#9257,.F.);
#10567 = PLANE('',#10568);
#10568 = AXIS2_PLACEMENT_3D('',#10569,#10570,#10571);
#10569 = CARTESIAN_POINT('',(-2.20000025,3.149167227259,0.221217693382)
  );
#10570 = DIRECTION('',(1.499759782662E-32,1.224646799147E-16,-1.));
#10571 = DIRECTION('',(-1.,1.224646799147E-16,0.));
#10572 = ADVANCED_FACE('',(#10573),#10591,.F.);
#10573 = FACE_BOUND('',#10574,.T.);
#10574 = EDGE_LOOP('',(#10575,#10576,#10584,#10590));
#10575 = ORIENTED_EDGE('',*,*,#8968,.T.);
#10576 = ORIENTED_EDGE('',*,*,#10577,.T.);
#10577 = EDGE_CURVE('',#8961,#10578,#10580,.T.);
#10578 = VERTEX_POINT('',#10579);
#10579 = CARTESIAN_POINT('',(10.89999975,3.149167227259,0.221217693382)
  );
#10580 = LINE('',#10581,#10582);
#10581 = CARTESIAN_POINT('',(12.69999975,3.149167227259,0.221217693382)
  );
#10582 = VECTOR('',#10583,1.);
#10583 = DIRECTION('',(-1.,1.224646799147E-16,0.));
#10584 = ORIENTED_EDGE('',*,*,#10585,.F.);
#10585 = EDGE_CURVE('',#405,#10578,#10586,.T.);
#10586 = LINE('',#10587,#10588);
#10587 = CARTESIAN_POINT('',(10.89999975,3.149167227259,
    -2.878230661791E-02));
#10588 = VECTOR('',#10589,1.);
#10589 = DIRECTION('',(-1.499759782662E-32,-1.224646799147E-16,1.));
#10590 = ORIENTED_EDGE('',*,*,#404,.T.);
#10591 = PLANE('',#10592);
#10592 = AXIS2_PLACEMENT_3D('',#10593,#10594,#10595);
#10593 = CARTESIAN_POINT('',(12.69999975,3.149167227259,
    -2.878230661791E-02));
#10594 = DIRECTION('',(1.224646799147E-16,1.,1.224646799147E-16));
#10595 = DIRECTION('',(-1.,1.224646799147E-16,0.));
#10596 = ADVANCED_FACE('',(#10597),#10615,.T.);
#10597 = FACE_BOUND('',#10598,.T.);
#10598 = EDGE_LOOP('',(#10599,#10600,#10608,#10614));
#10599 = ORIENTED_EDGE('',*,*,#10585,.T.);
#10600 = ORIENTED_EDGE('',*,*,#10601,.T.);
#10601 = EDGE_CURVE('',#10578,#10602,#10604,.T.);
#10602 = VERTEX_POINT('',#10603);
#10603 = CARTESIAN_POINT('',(10.89999975,0.139167227259,0.221217693382)
  );
#10604 = LINE('',#10605,#10606);
#10605 = CARTESIAN_POINT('',(10.89999975,3.149167227259,0.221217693382)
  );
#10606 = VECTOR('',#10607,1.);
#10607 = DIRECTION('',(-1.224646799147E-16,-1.,-1.224646799147E-16));
#10608 = ORIENTED_EDGE('',*,*,#10609,.T.);
#10609 = EDGE_CURVE('',#10602,#413,#10610,.T.);
#10610 = LINE('',#10611,#10612);
#10611 = CARTESIAN_POINT('',(10.89999975,0.139167227259,0.221217693382)
  );
#10612 = VECTOR('',#10613,1.);
#10613 = DIRECTION('',(1.499759782662E-32,1.224646799147E-16,-1.));
#10614 = ORIENTED_EDGE('',*,*,#412,.T.);
#10615 = PLANE('',#10616);
#10616 = AXIS2_PLACEMENT_3D('',#10617,#10618,#10619);
#10617 = CARTESIAN_POINT('',(10.89999975,3.189167227259,
    -2.878230661791E-02));
#10618 = DIRECTION('',(1.,-1.224646799147E-16,0.));
#10619 = DIRECTION('',(1.499759782662E-32,1.224646799147E-16,-1.));
#10620 = ADVANCED_FACE('',(#10621),#10632,.F.);
#10621 = FACE_BOUND('',#10622,.T.);
#10622 = EDGE_LOOP('',(#10623,#10624,#10630,#10631));
#10623 = ORIENTED_EDGE('',*,*,#10609,.F.);
#10624 = ORIENTED_EDGE('',*,*,#10625,.F.);
#10625 = EDGE_CURVE('',#8953,#10602,#10626,.T.);
#10626 = LINE('',#10627,#10628);
#10627 = CARTESIAN_POINT('',(12.69999975,0.139167227259,0.221217693382)
  );
#10628 = VECTOR('',#10629,1.);
#10629 = DIRECTION('',(-1.,1.224646799147E-16,0.));
#10630 = ORIENTED_EDGE('',*,*,#8952,.F.);
#10631 = ORIENTED_EDGE('',*,*,#420,.F.);
#10632 = PLANE('',#10633);
#10633 = AXIS2_PLACEMENT_3D('',#10634,#10635,#10636);
#10634 = CARTESIAN_POINT('',(12.69999975,0.139167227259,0.221217693382)
  );
#10635 = DIRECTION('',(-1.224646799147E-16,-1.,-1.224646799147E-16));
#10636 = DIRECTION('',(-1.499759782662E-32,-1.224646799147E-16,1.));
#10637 = ADVANCED_FACE('',(#10638),#10644,.F.);
#10638 = FACE_BOUND('',#10639,.T.);
#10639 = EDGE_LOOP('',(#10640,#10641,#10642,#10643));
#10640 = ORIENTED_EDGE('',*,*,#10625,.T.);
#10641 = ORIENTED_EDGE('',*,*,#10601,.F.);
#10642 = ORIENTED_EDGE('',*,*,#10577,.F.);
#10643 = ORIENTED_EDGE('',*,*,#8960,.T.);
#10644 = PLANE('',#10645);
#10645 = AXIS2_PLACEMENT_3D('',#10646,#10647,#10648);
#10646 = CARTESIAN_POINT('',(12.69999975,3.149167227259,0.221217693382)
  );
#10647 = DIRECTION('',(-1.499759782662E-32,-1.224646799147E-16,1.));
#10648 = DIRECTION('',(-1.224646799147E-16,-1.,-1.224646799147E-16));
#10649 = ADVANCED_FACE('',(#10650),#10675,.T.);
#10650 = FACE_BOUND('',#10651,.T.);
#10651 = EDGE_LOOP('',(#10652,#10658,#10659,#10667,#10674));
#10652 = ORIENTED_EDGE('',*,*,#10653,.F.);
#10653 = EDGE_CURVE('',#735,#32,#10654,.T.);
#10654 = LINE('',#10655,#10656);
#10655 = CARTESIAN_POINT('',(-1.30000025,3.799167227259,
    -2.878230661791E-02));
#10656 = VECTOR('',#10657,1.);
#10657 = DIRECTION('',(-7.19082191512E-06,6.957574579836E-09,
    -0.999999999974));
#10658 = ORIENTED_EDGE('',*,*,#743,.T.);
#10659 = ORIENTED_EDGE('',*,*,#10660,.T.);
#10660 = EDGE_CURVE('',#733,#10661,#10663,.T.);
#10661 = VERTEX_POINT('',#10662);
#10662 = CARTESIAN_POINT('',(-2.00000025,3.799167227259,-0.578778319488)
  );
#10663 = LINE('',#10664,#10665);
#10664 = CARTESIAN_POINT('',(-2.00000025,3.799167227259,
    -2.878230661791E-02));
#10665 = VECTOR('',#10666,1.);
#10666 = DIRECTION('',(7.190821913505E-06,-6.957574133047E-09,
    -0.999999999974));
#10667 = ORIENTED_EDGE('',*,*,#10668,.F.);
#10668 = EDGE_CURVE('',#66,#10661,#10669,.T.);
#10669 = CIRCLE('',#10670,0.35);
#10670 = AXIS2_PLACEMENT_3D('',#10671,#10672,#10673);
#10671 = CARTESIAN_POINT('',(-1.65000025,3.799167227259,-0.578778319488)
  );
#10672 = DIRECTION('',(1.499759782662E-32,1.224646799147E-16,-1.));
#10673 = DIRECTION('',(1.,-1.224646799147E-16,0.));
#10674 = ORIENTED_EDGE('',*,*,#81,.F.);
#10675 = CYLINDRICAL_SURFACE('',#10676,0.35);
#10676 = AXIS2_PLACEMENT_3D('',#10677,#10678,#10679);
#10677 = CARTESIAN_POINT('',(-1.65000025,3.799167227259,
    -2.878230661791E-02));
#10678 = DIRECTION('',(-1.499759782662E-32,-1.224646799147E-16,1.));
#10679 = DIRECTION('',(1.,-1.224646799147E-16,0.));
#10680 = ADVANCED_FACE('',(#10681),#10700,.T.);
#10681 = FACE_BOUND('',#10682,.T.);
#10682 = EDGE_LOOP('',(#10683,#10684,#10685,#10693));
#10683 = ORIENTED_EDGE('',*,*,#63,.T.);
#10684 = ORIENTED_EDGE('',*,*,#10668,.T.);
#10685 = ORIENTED_EDGE('',*,*,#10686,.F.);
#10686 = EDGE_CURVE('',#10687,#10661,#10689,.T.);
#10687 = VERTEX_POINT('',#10688);
#10688 = CARTESIAN_POINT('',(-1.84999459647,3.799167227259,
    -0.728778922932));
#10689 = LINE('',#10690,#10691);
#10690 = CARTESIAN_POINT('',(-1.849995730549,3.799167227259,
    -0.728777788891));
#10691 = VECTOR('',#10692,1.);
#10692 = DIRECTION('',(-0.707118684005,2.915374232352E-21,0.707094878168
    ));
#10693 = ORIENTED_EDGE('',*,*,#10694,.F.);
#10694 = EDGE_CURVE('',#64,#10687,#10695,.T.);
#10695 = CIRCLE('',#10696,0.19999434647);
#10696 = AXIS2_PLACEMENT_3D('',#10697,#10698,#10699);
#10697 = CARTESIAN_POINT('',(-1.65000025,3.799167227259,-0.728778922932)
  );
#10698 = DIRECTION('',(1.499759782662E-32,1.224646799147E-16,-1.));
#10699 = DIRECTION('',(1.,-1.224646799147E-16,0.));
#10700 = CONICAL_SURFACE('',#10701,0.274995617315,0.785375570231);
#10701 = AXIS2_PLACEMENT_3D('',#10702,#10703,#10704);
#10702 = CARTESIAN_POINT('',(-1.65000025,3.799167227259,-0.653774262979)
  );
#10703 = DIRECTION('',(-1.499759782662E-32,-1.224646799147E-16,1.));
#10704 = DIRECTION('',(-1.224646799147E-16,-1.,-1.224646799147E-16));
#10705 = ADVANCED_FACE('',(#10706),#10718,.T.);
#10706 = FACE_BOUND('',#10707,.T.);
#10707 = EDGE_LOOP('',(#10708,#10715,#10716,#10717));
#10708 = ORIENTED_EDGE('',*,*,#10709,.T.);
#10709 = EDGE_CURVE('',#10687,#24,#10710,.T.);
#10710 = CIRCLE('',#10711,0.19999434647);
#10711 = AXIS2_PLACEMENT_3D('',#10712,#10713,#10714);
#10712 = CARTESIAN_POINT('',(-1.65000025,3.799167227259,-0.728778922932)
  );
#10713 = DIRECTION('',(1.499759782662E-32,1.224646799147E-16,-1.));
#10714 = DIRECTION('',(-1.,1.224646799147E-16,0.));
#10715 = ORIENTED_EDGE('',*,*,#48,.T.);
#10716 = ORIENTED_EDGE('',*,*,#73,.T.);
#10717 = ORIENTED_EDGE('',*,*,#10694,.T.);
#10718 = PLANE('',#10719);
#10719 = AXIS2_PLACEMENT_3D('',#10720,#10721,#10722);
#10720 = CARTESIAN_POINT('',(5.24999975,3.189167227259,-0.728782306618)
  );
#10721 = DIRECTION('',(1.499759782662E-32,1.224646799147E-16,-1.));
#10722 = DIRECTION('',(-1.,1.224646799147E-16,0.));
#10723 = ADVANCED_FACE('',(#10724),#10736,.T.);
#10724 = FACE_BOUND('',#10725,.T.);
#10725 = EDGE_LOOP('',(#10726,#10727,#10728,#10729));
#10726 = ORIENTED_EDGE('',*,*,#21,.T.);
#10727 = ORIENTED_EDGE('',*,*,#10709,.F.);
#10728 = ORIENTED_EDGE('',*,*,#10686,.T.);
#10729 = ORIENTED_EDGE('',*,*,#10730,.T.);
#10730 = EDGE_CURVE('',#10661,#22,#10731,.T.);
#10731 = CIRCLE('',#10732,0.35);
#10732 = AXIS2_PLACEMENT_3D('',#10733,#10734,#10735);
#10733 = CARTESIAN_POINT('',(-1.65000025,3.799167227259,-0.578778319488)
  );
#10734 = DIRECTION('',(1.499759782662E-32,1.224646799147E-16,-1.));
#10735 = DIRECTION('',(-1.,1.224646799147E-16,0.));
#10736 = CONICAL_SURFACE('',#10737,0.274995617315,0.785375570231);
#10737 = AXIS2_PLACEMENT_3D('',#10738,#10739,#10740);
#10738 = CARTESIAN_POINT('',(-1.65000025,3.799167227259,-0.653774262979)
  );
#10739 = DIRECTION('',(-1.499759782662E-32,-1.224646799147E-16,1.));
#10740 = DIRECTION('',(-1.224646799147E-16,-1.,-1.224646799147E-16));
#10741 = ADVANCED_FACE('',(#10742),#10749,.T.);
#10742 = FACE_BOUND('',#10743,.T.);
#10743 = EDGE_LOOP('',(#10744,#10745,#10746,#10747,#10748));
#10744 = ORIENTED_EDGE('',*,*,#10660,.F.);
#10745 = ORIENTED_EDGE('',*,*,#732,.T.);
#10746 = ORIENTED_EDGE('',*,*,#10653,.T.);
#10747 = ORIENTED_EDGE('',*,*,#31,.F.);
#10748 = ORIENTED_EDGE('',*,*,#10730,.F.);
#10749 = CYLINDRICAL_SURFACE('',#10750,0.35);
#10750 = AXIS2_PLACEMENT_3D('',#10751,#10752,#10753);
#10751 = CARTESIAN_POINT('',(-1.65000025,3.799167227259,
    -2.878230661791E-02));
#10752 = DIRECTION('',(-1.499759782662E-32,-1.224646799147E-16,1.));
#10753 = DIRECTION('',(1.,-1.224646799147E-16,0.));
#10754 = GEOMETRIC_CURVE_SET('',(#10755,#10763));
#10755 = TRIMMED_CURVE('',#10756,(#10761,PARAMETER_VALUE(0.)),(#10762,
    PARAMETER_VALUE(3.141592653589)),.T.,.PARAMETER.);
#10756 = CIRCLE('',#10757,0.4);
#10757 = AXIS2_PLACEMENT_3D('',#10758,#10759,#10760);
#10758 = CARTESIAN_POINT('',(-1.65000025,3.799167227259,
    -2.878230661791E-02));
#10759 = DIRECTION('',(1.499759782662E-32,1.224646799147E-16,-1.));
#10760 = DIRECTION('',(-1.,1.224646799147E-16,0.));
#10761 = CARTESIAN_POINT('',(-2.05000025,3.799167227259,
    -2.878230661791E-02));
#10762 = CARTESIAN_POINT('',(-1.25000025,3.799167227259,
    -2.878230661791E-02));
#10763 = TRIMMED_CURVE('',#10764,(#10769,PARAMETER_VALUE(0.)),(#10770,
    PARAMETER_VALUE(3.141592653589)),.T.,.PARAMETER.);
#10764 = CIRCLE('',#10765,0.4);
#10765 = AXIS2_PLACEMENT_3D('',#10766,#10767,#10768);
#10766 = CARTESIAN_POINT('',(-1.65000025,3.799167227259,
    -2.878230661791E-02));
#10767 = DIRECTION('',(1.499759782662E-32,1.224646799147E-16,-1.));
#10768 = DIRECTION('',(1.,-1.224646799147E-16,0.));
#10769 = CARTESIAN_POINT('',(-1.25000025,3.799167227259,
    -2.878230661791E-02));
#10770 = CARTESIAN_POINT('',(-2.05000025,3.799167227259,
    -2.878230661791E-02));
#10771 = GEOMETRIC_CURVE_SET('',(#10772,#10780));
#10772 = TRIMMED_CURVE('',#10773,(#10778,PARAMETER_VALUE(0.)),(#10779,
    PARAMETER_VALUE(3.141592653589)),.T.,.PARAMETER.);
#10773 = CIRCLE('',#10774,0.35);
#10774 = AXIS2_PLACEMENT_3D('',#10775,#10776,#10777);
#10775 = CARTESIAN_POINT('',(-2.50000010027E-07,-8.327727412771E-04,
    -2.878230661791E-02));
#10776 = DIRECTION('',(1.499759782662E-32,1.224646799147E-16,-1.));
#10777 = DIRECTION('',(-1.,1.224646799147E-16,0.));
#10778 = CARTESIAN_POINT('',(-0.35000025,-8.327727413806E-04,
    -2.878230661791E-02));
#10779 = CARTESIAN_POINT('',(0.34999975,-8.327727411732E-04,
    -2.878230661791E-02));
#10780 = TRIMMED_CURVE('',#10781,(#10786,PARAMETER_VALUE(0.)),(#10787,
    PARAMETER_VALUE(3.141592653589)),.T.,.PARAMETER.);
#10781 = CIRCLE('',#10782,0.35);
#10782 = AXIS2_PLACEMENT_3D('',#10783,#10784,#10785);
#10783 = CARTESIAN_POINT('',(-2.50000010027E-07,-8.327727412771E-04,
    -2.878230661791E-02));
#10784 = DIRECTION('',(1.499759782662E-32,1.224646799147E-16,-1.));
#10785 = DIRECTION('',(1.,-1.224646799147E-16,0.));
#10786 = CARTESIAN_POINT('',(0.34999975,-8.327727411732E-04,
    -2.878230661791E-02));
#10787 = CARTESIAN_POINT('',(-0.35000025,-8.327727413806E-04,
    -2.878230661791E-02));
#10788 = GEOMETRIC_CURVE_SET('',(#10789,#10797));
#10789 = TRIMMED_CURVE('',#10790,(#10795,PARAMETER_VALUE(0.)),(#10796,
    PARAMETER_VALUE(3.141592653589)),.T.,.PARAMETER.);
#10790 = CIRCLE('',#10791,0.35);
#10791 = AXIS2_PLACEMENT_3D('',#10792,#10793,#10794);
#10792 = CARTESIAN_POINT('',(2.99999975,-8.327727412771E-04,
    -2.878230661791E-02));
#10793 = DIRECTION('',(1.499759782662E-32,1.224646799147E-16,-1.));
#10794 = DIRECTION('',(-1.,1.224646799147E-16,0.));
#10795 = CARTESIAN_POINT('',(2.64999975,-8.32772741381E-04,
    -2.878230661791E-02));
#10796 = CARTESIAN_POINT('',(3.34999975,-8.327727411732E-04,
    -2.878230661791E-02));
#10797 = TRIMMED_CURVE('',#10798,(#10803,PARAMETER_VALUE(0.)),(#10804,
    PARAMETER_VALUE(3.141592653589)),.T.,.PARAMETER.);
#10798 = CIRCLE('',#10799,0.35);
#10799 = AXIS2_PLACEMENT_3D('',#10800,#10801,#10802);
#10800 = CARTESIAN_POINT('',(2.99999975,-8.327727412771E-04,
    -2.878230661791E-02));
#10801 = DIRECTION('',(1.499759782662E-32,1.224646799147E-16,-1.));
#10802 = DIRECTION('',(1.,-1.224646799147E-16,0.));
#10803 = CARTESIAN_POINT('',(3.34999975,-8.327727411732E-04,
    -2.878230661791E-02));
#10804 = CARTESIAN_POINT('',(2.64999975,-8.32772741381E-04,
    -2.878230661791E-02));
#10805 = GEOMETRIC_CURVE_SET('',(#10806,#10814));
#10806 = TRIMMED_CURVE('',#10807,(#10812,PARAMETER_VALUE(0.)),(#10813,
    PARAMETER_VALUE(3.141592653589)),.T.,.PARAMETER.);
#10807 = CIRCLE('',#10808,0.35);
#10808 = AXIS2_PLACEMENT_3D('',#10809,#10810,#10811);
#10809 = CARTESIAN_POINT('',(5.99999975,-8.327727412776E-04,
    -2.878230661791E-02));
#10810 = DIRECTION('',(1.499759782662E-32,1.224646799147E-16,-1.));
#10811 = DIRECTION('',(-1.,1.224646799147E-16,0.));
#10812 = CARTESIAN_POINT('',(5.64999975,-8.327727413815E-04,
    -2.878230661791E-02));
#10813 = CARTESIAN_POINT('',(6.34999975,-8.327727411737E-04,
    -2.878230661791E-02));
#10814 = TRIMMED_CURVE('',#10815,(#10820,PARAMETER_VALUE(0.)),(#10821,
    PARAMETER_VALUE(3.141592653589)),.T.,.PARAMETER.);
#10815 = CIRCLE('',#10816,0.35);
#10816 = AXIS2_PLACEMENT_3D('',#10817,#10818,#10819);
#10817 = CARTESIAN_POINT('',(5.99999975,-8.327727412776E-04,
    -2.878230661791E-02));
#10818 = DIRECTION('',(1.499759782662E-32,1.224646799147E-16,-1.));
#10819 = DIRECTION('',(1.,-1.224646799147E-16,0.));
#10820 = CARTESIAN_POINT('',(6.34999975,-8.327727411737E-04,
    -2.878230661791E-02));
#10821 = CARTESIAN_POINT('',(5.64999975,-8.327727413815E-04,
    -2.878230661791E-02));
#10822 = GEOMETRIC_CURVE_SET('',(#10823,#10831));
#10823 = TRIMMED_CURVE('',#10824,(#10829,PARAMETER_VALUE(0.)),(#10830,
    PARAMETER_VALUE(3.141592653589)),.T.,.PARAMETER.);
#10824 = CIRCLE('',#10825,0.35);
#10825 = AXIS2_PLACEMENT_3D('',#10826,#10827,#10828);
#10826 = CARTESIAN_POINT('',(8.99999975,-8.32772741278E-04,
    -2.878230661791E-02));
#10827 = DIRECTION('',(1.499759782662E-32,1.224646799147E-16,-1.));
#10828 = DIRECTION('',(-1.,1.224646799147E-16,0.));
#10829 = CARTESIAN_POINT('',(8.64999975,-8.327727413819E-04,
    -2.878230661791E-02));
#10830 = CARTESIAN_POINT('',(9.34999975,-8.327727411741E-04,
    -2.878230661791E-02));
#10831 = TRIMMED_CURVE('',#10832,(#10837,PARAMETER_VALUE(0.)),(#10838,
    PARAMETER_VALUE(3.141592653589)),.T.,.PARAMETER.);
#10832 = CIRCLE('',#10833,0.35);
#10833 = AXIS2_PLACEMENT_3D('',#10834,#10835,#10836);
#10834 = CARTESIAN_POINT('',(8.99999975,-8.32772741278E-04,
    -2.878230661791E-02));
#10835 = DIRECTION('',(1.499759782662E-32,1.224646799147E-16,-1.));
#10836 = DIRECTION('',(1.,-1.224646799147E-16,0.));
#10837 = CARTESIAN_POINT('',(9.34999975,-8.327727411741E-04,
    -2.878230661791E-02));
#10838 = CARTESIAN_POINT('',(8.64999975,-8.327727413819E-04,
    -2.878230661791E-02));
#10839 = GEOMETRIC_CURVE_SET('',(#10840,#10848));
#10840 = TRIMMED_CURVE('',#10841,(#10846,PARAMETER_VALUE(0.)),(#10847,
    PARAMETER_VALUE(3.141592653589)),.T.,.PARAMETER.);
#10841 = CIRCLE('',#10842,0.35);
#10842 = AXIS2_PLACEMENT_3D('',#10843,#10844,#10845);
#10843 = CARTESIAN_POINT('',(1.49999975,1.999167227259,
    -2.878230661791E-02));
#10844 = DIRECTION('',(1.499759782662E-32,1.224646799147E-16,-1.));
#10845 = DIRECTION('',(-1.,1.224646799147E-16,0.));
#10846 = CARTESIAN_POINT('',(1.14999975,1.999167227259,
    -2.878230661791E-02));
#10847 = CARTESIAN_POINT('',(1.84999975,1.999167227259,
    -2.878230661791E-02));
#10848 = TRIMMED_CURVE('',#10849,(#10854,PARAMETER_VALUE(0.)),(#10855,
    PARAMETER_VALUE(3.141592653589)),.T.,.PARAMETER.);
#10849 = CIRCLE('',#10850,0.35);
#10850 = AXIS2_PLACEMENT_3D('',#10851,#10852,#10853);
#10851 = CARTESIAN_POINT('',(1.49999975,1.999167227259,
    -2.878230661791E-02));
#10852 = DIRECTION('',(1.499759782662E-32,1.224646799147E-16,-1.));
#10853 = DIRECTION('',(1.,-1.224646799147E-16,0.));
#10854 = CARTESIAN_POINT('',(1.84999975,1.999167227259,
    -2.878230661791E-02));
#10855 = CARTESIAN_POINT('',(1.14999975,1.999167227259,
    -2.878230661791E-02));
#10856 = GEOMETRIC_CURVE_SET('',(#10857,#10865));
#10857 = TRIMMED_CURVE('',#10858,(#10863,PARAMETER_VALUE(0.)),(#10864,
    PARAMETER_VALUE(3.141592653589)),.T.,.PARAMETER.);
#10858 = CIRCLE('',#10859,0.35);
#10859 = AXIS2_PLACEMENT_3D('',#10860,#10861,#10862);
#10860 = CARTESIAN_POINT('',(4.49999975,1.999167227259,
    -2.878230661791E-02));
#10861 = DIRECTION('',(1.499759782662E-32,1.224646799147E-16,-1.));
#10862 = DIRECTION('',(-1.,1.224646799147E-16,0.));
#10863 = CARTESIAN_POINT('',(4.14999975,1.999167227259,
    -2.878230661791E-02));
#10864 = CARTESIAN_POINT('',(4.84999975,1.999167227259,
    -2.878230661791E-02));
#10865 = TRIMMED_CURVE('',#10866,(#10871,PARAMETER_VALUE(0.)),(#10872,
    PARAMETER_VALUE(3.141592653589)),.T.,.PARAMETER.);
#10866 = CIRCLE('',#10867,0.35);
#10867 = AXIS2_PLACEMENT_3D('',#10868,#10869,#10870);
#10868 = CARTESIAN_POINT('',(4.49999975,1.999167227259,
    -2.878230661791E-02));
#10869 = DIRECTION('',(1.499759782662E-32,1.224646799147E-16,-1.));
#10870 = DIRECTION('',(1.,-1.224646799147E-16,0.));
#10871 = CARTESIAN_POINT('',(4.84999975,1.999167227259,
    -2.878230661791E-02));
#10872 = CARTESIAN_POINT('',(4.14999975,1.999167227259,
    -2.878230661791E-02));
#10873 = GEOMETRIC_CURVE_SET('',(#10874,#10882));
#10874 = TRIMMED_CURVE('',#10875,(#10880,PARAMETER_VALUE(0.)),(#10881,
    PARAMETER_VALUE(3.141592653589)),.T.,.PARAMETER.);
#10875 = CIRCLE('',#10876,0.35);
#10876 = AXIS2_PLACEMENT_3D('',#10877,#10878,#10879);
#10877 = CARTESIAN_POINT('',(7.49999975,1.999167227259,
    -2.878230661791E-02));
#10878 = DIRECTION('',(1.499759782662E-32,1.224646799147E-16,-1.));
#10879 = DIRECTION('',(-1.,1.224646799147E-16,0.));
#10880 = CARTESIAN_POINT('',(7.14999975,1.999167227259,
    -2.878230661791E-02));
#10881 = CARTESIAN_POINT('',(7.84999975,1.999167227259,
    -2.878230661791E-02));
#10882 = TRIMMED_CURVE('',#10883,(#10888,PARAMETER_VALUE(0.)),(#10889,
    PARAMETER_VALUE(3.141592653589)),.T.,.PARAMETER.);
#10883 = CIRCLE('',#10884,0.35);
#10884 = AXIS2_PLACEMENT_3D('',#10885,#10886,#10887);
#10885 = CARTESIAN_POINT('',(7.49999975,1.999167227259,
    -2.878230661791E-02));
#10886 = DIRECTION('',(1.499759782662E-32,1.224646799147E-16,-1.));
#10887 = DIRECTION('',(1.,-1.224646799147E-16,0.));
#10888 = CARTESIAN_POINT('',(7.84999975,1.999167227259,
    -2.878230661791E-02));
#10889 = CARTESIAN_POINT('',(7.14999975,1.999167227259,
    -2.878230661791E-02));
#10890 = GEOMETRIC_CURVE_SET('',(#10891,#10899));
#10891 = TRIMMED_CURVE('',#10892,(#10897,PARAMETER_VALUE(0.)),(#10898,
    PARAMETER_VALUE(3.141592653589)),.T.,.PARAMETER.);
#10892 = CIRCLE('',#10893,0.35);
#10893 = AXIS2_PLACEMENT_3D('',#10894,#10895,#10896);
#10894 = CARTESIAN_POINT('',(10.49999975,1.999167227259,
    -2.878230661791E-02));
#10895 = DIRECTION('',(1.499759782662E-32,1.224646799147E-16,-1.));
#10896 = DIRECTION('',(-1.,1.224646799147E-16,0.));
#10897 = CARTESIAN_POINT('',(10.14999975,1.999167227259,
    -2.878230661791E-02));
#10898 = CARTESIAN_POINT('',(10.84999975,1.999167227259,
    -2.878230661791E-02));
#10899 = TRIMMED_CURVE('',#10900,(#10905,PARAMETER_VALUE(0.)),(#10906,
    PARAMETER_VALUE(3.141592653589)),.T.,.PARAMETER.);
#10900 = CIRCLE('',#10901,0.35);
#10901 = AXIS2_PLACEMENT_3D('',#10902,#10903,#10904);
#10902 = CARTESIAN_POINT('',(10.49999975,1.999167227259,
    -2.878230661791E-02));
#10903 = DIRECTION('',(1.499759782662E-32,1.224646799147E-16,-1.));
#10904 = DIRECTION('',(1.,-1.224646799147E-16,0.));
#10905 = CARTESIAN_POINT('',(10.84999975,1.999167227259,
    -2.878230661791E-02));
#10906 = CARTESIAN_POINT('',(10.14999975,1.999167227259,
    -2.878230661791E-02));
#10907 = GEOMETRIC_CURVE_SET('',(#10908,#10915,#10922));
#10908 = TRIMMED_CURVE('',#10909,(#10913,PARAMETER_VALUE(0.)),(#10914,
    PARAMETER_VALUE(0.5)),.T.,.PARAMETER.);
#10909 = LINE('',#10910,#10911);
#10910 = CARTESIAN_POINT('',(-2.00000025,5.039167227259,7.121217693382)
  );
#10911 = VECTOR('',#10912,1.);
#10912 = DIRECTION('',(-1.224646799147E-16,-1.,-1.224646799147E-16));
#10913 = CARTESIAN_POINT('',(-2.00000025,5.039167227259,7.121217693382)
  );
#10914 = CARTESIAN_POINT('',(-2.00000025,4.539167227259,7.121217693382)
  );
#10915 = TRIMMED_CURVE('',#10916,(#10920,PARAMETER_VALUE(0.)),(#10921,
    PARAMETER_VALUE(0.5)),.T.,.PARAMETER.);
#10916 = LINE('',#10917,#10918);
#10917 = CARTESIAN_POINT('',(-2.00000025,4.539167227259,7.121217693382)
  );
#10918 = VECTOR('',#10919,1.);
#10919 = DIRECTION('',(0.866025403784,0.5,6.123233995737E-17));
#10920 = CARTESIAN_POINT('',(-2.00000025,4.539167227259,7.121217693382)
  );
#10921 = CARTESIAN_POINT('',(-1.566987548108,4.789167227259,
    7.121217693382));
#10922 = TRIMMED_CURVE('',#10923,(#10927,PARAMETER_VALUE(0.)),(#10928,
    PARAMETER_VALUE(0.5)),.T.,.PARAMETER.);
#10923 = LINE('',#10924,#10925);
#10924 = CARTESIAN_POINT('',(-1.566987548108,4.789167227259,
    7.121217693382));
#10925 = VECTOR('',#10926,1.);
#10926 = DIRECTION('',(-0.866025403784,0.5,6.123233995737E-17));
#10927 = CARTESIAN_POINT('',(-1.566987548108,4.789167227259,
    7.121217693382));
#10928 = CARTESIAN_POINT('',(-2.00000025,5.039167227259,7.121217693382)
  );
#10929 = GEOMETRIC_CURVE_SET('',(#10930));
#10930 = TRIMMED_CURVE('',#10931,(#10935,PARAMETER_VALUE(0.)),(#10936,
    PARAMETER_VALUE(0.55000000101)),.T.,.PARAMETER.);
#10931 = LINE('',#10932,#10933);
#10932 = CARTESIAN_POINT('',(-1.65000025,3.799167227259,
    -2.878230661791E-02));
#10933 = VECTOR('',#10934,1.);
#10934 = DIRECTION('',(1.499759782662E-32,1.224646799147E-16,-1.));
#10935 = CARTESIAN_POINT('',(-1.65000025,3.799167227259,
    -2.878230661791E-02));
#10936 = CARTESIAN_POINT('',(-1.65000025,3.799167227259,-0.578782307628)
  );
#10937 = ( GEOMETRIC_REPRESENTATION_CONTEXT(3) 
GLOBAL_UNCERTAINTY_ASSIGNED_CONTEXT((#10941)) 
GLOBAL_UNIT_ASSIGNED_CONTEXT((#10938,#10939,#10940)) 
REPRESENTATION_CONTEXT('Context #1',
  '3D Context with UNIT and UNCERTAINTY') );
#10938 = ( LENGTH_UNIT() NAMED_UNIT(*) SI_UNIT(.MILLI.,.METRE.) );
#10939 = ( NAMED_UNIT(*) PLANE_ANGLE_UNIT() SI_UNIT($,.RADIAN.) );
#10940 = ( NAMED_UNIT(*) SI_UNIT($,.STERADIAN.) SOLID_ANGLE_UNIT() );
#10941 = UNCERTAINTY_MEASURE_WITH_UNIT(LENGTH_MEASURE(2.E-07),#10938,
  'distance_accuracy_value','confusion accuracy');
#10942 = PRODUCT_RELATED_PRODUCT_CATEGORY('part',$,(#7));
ENDSEC;
END-ISO-10303-21;
